 226 
 33 
 1             1             
1
 -9999.0   ,   9990.0
   7
 1869 
-43.28844     -12.30073
-43.28988     -12.29858
-43.2891      -12.29191
-43.2839      -12.28713
-43.28596     -12.28366
-43.28705     -12.27627
-43.28266     -12.26112
-43.26718     -12.2362
-43.26819     -12.22306
-43.26557     -12.21871
-43.26106     -12.21277
-43.25163     -12.20574
-43.2399      -12.20265
-43.23495     -12.19902
-43.2316      -12.19261
-43.23106     -12.18594
-43.23775     -12.17757
-43.24201     -12.17533
-43.24402     -12.17427
-43.25397     -12.16425
-43.26861     -12.15671
-43.2795      -12.1483
-43.28803     -12.1376
-43.29257     -12.12626
-43.29548     -12.09421
-43.29818     -12.08543
-43.30483     -12.07383
-43.30422     -12.0621
-43.30929     -12.05536
-43.3137      -12.05277
-43.31278     -12.05511
-43.31929     -12.04952
-43.31093     -12.0763
-43.31147     -12.08205
-43.31769     -12.09511
-43.32026     -12.09461
-43.31998     -12.09047
-43.31403     -12.0811
-43.3253      -12.04572
-43.33643     -12.03776
-43.34283     -12.03298
-43.34801     -12.0291
-43.35237     -12.02237
-43.35846     -12.00295
-43.36218     -11.98149
-43.36726     -11.97659
-43.36791     -11.97197
-43.36461     -11.9499
-43.36559     -11.934
-43.36072     -11.91724
-43.35883     -11.91519
-43.35293     -11.90996
-43.34956     -11.90148
-43.35135     -11.89501
-43.34804     -11.89113
-43.34219     -11.88779
-43.33581     -11.88413
-43.32751     -11.87341
-43.32417     -11.867
-43.32245     -11.85965
-43.33217     -11.83189
-43.34109     -11.81658
-43.35284     -11.80285
-43.35559     -11.79775
-43.35746     -11.77861
-43.35725     -11.77752
-43.35244     -11.75295
-43.35241     -11.74551
-43.35486     -11.73534
-43.35803     -11.72724
-43.36334     -11.72257
-43.36919     -11.72365
-43.3704      -11.72686
-43.36907     -11.73356
-43.37257     -11.73329
-43.37948     -11.70579
-43.38885     -11.68795
-43.39074     -11.67065
-43.38702     -11.65204
-43.3852      -11.6357
-43.37512     -11.61279
-43.37556     -11.61048
-43.37954     -11.61113
-43.38065     -11.60628
-43.3759      -11.59896
-43.36269     -11.58737
-43.34158     -11.57726
-43.32431     -11.57746
-43.31916     -11.57591
-43.29903     -11.54942
-43.29541     -11.53933
-43.29116     -11.53501
-43.28913     -11.52029
-43.28458     -11.50975
-43.28105     -11.50725
-43.2777      -11.49992
-43.27644     -11.49141
-43.2734      -11.49099
-43.27086     -11.49332
-43.26988     -11.48873
-43.27119     -11.48065
-43.25805     -11.45339
-43.25539     -11.4449
-43.25091     -11.44034
-43.2486      -11.42194
-43.23577     -11.37994
-43.21713     -11.33962
-43.21075     -11.33139
-43.21207     -11.3247
-43.21108     -11.31918
-43.20689     -11.31992
-43.20699     -11.32867
-43.19573     -11.32235
-43.19264     -11.31709
-43.19566     -11.31613
-43.20142     -11.30985
-43.20222     -11.29763
-43.1994      -11.29628
-43.19392     -11.30671
-43.19206     -11.30696
-43.19499     -11.29749
-43.20396     -11.28679
-43.20761     -11.27984
-43.20969     -11.25747
-43.20618     -11.23471
-43.19447     -11.20881
-43.18283     -11.18799
-43.17314     -11.17612
-43.15949     -11.1636
-43.15608     -11.14612
-43.14913     -11.11051
-43.15378     -11.10954
-43.18095     -11.12329
-43.2005      -11.12191
-43.20962     -11.1255
-43.22629     -11.13705
-43.2321      -11.13629
-43.23253     -11.13595
-43.23441     -11.13443
-43.22729     -11.12322
-43.22866     -11.12044
-43.23517     -11.11945
-43.23725     -11.11781
-43.23907     -11.11364
-43.23739     -11.10998
-43.23174     -11.10451
-43.21378     -11.10196
-43.21026     -11.09923
-43.20858     -11.09511
-43.20901     -11.09142
-43.2152      -11.08351
-43.21448     -11.08145
-43.21284     -11.08009
-43.20608     -11.07947
-43.20051     -11.08092
-43.18709     -11.08936
-43.1666      -11.08936
-43.16265     -11.09079
-43.15505     -11.09824
-43.14879     -11.10085
-43.13993     -11.10025
-43.13499     -11.09524
-43.1298      -11.06766
-43.12911     -11.06628
-43.12385     -11.05575
-43.11092     -11.04438
-43.10143     -11.02836
-43.0932      -11.02016
-43.06442     -11.00711
-43.05596     -10.99914
-43.05309     -10.99273
-43.05374     -10.98765
-43.05835     -10.98323
-43.06476     -10.98301
-43.06835     -10.98289
-43.07747     -10.98647
-43.08306     -10.98687
-43.08651     -10.98292
-43.07241     -10.97064
-43.06486     -10.96105
-43.06647     -10.95942
-43.07043     -10.95891
-43.07815     -10.96274
-43.10009     -10.96803
-43.11149     -10.96767
-43.11588     -10.96463
-43.11862     -10.95954
-43.12087     -10.9526
-43.11896     -10.94779
-43.11804     -10.94941
-43.11083     -10.94972
-43.09564     -10.94367
-43.07223     -10.93149
-43.06229     -10.93073
-43.05895     -10.93048
-43.04896     -10.9322
-43.03917     -10.93023
-43.02816     -10.92413
-43.02041     -10.9173
-43.01449     -10.90769
-43.01207     -10.89874
-43.01436     -10.8948
-43.02824     -10.88728
-43.03841     -10.8798
-43.04369     -10.87353
-43.04248     -10.86893
-43.03618     -10.86716
-43.02844     -10.86961
-43.01438     -10.87407
-43.0053      -10.87394
-42.98663     -10.86861
-42.96781     -10.84854
-42.94932     -10.83791
-42.93711     -10.82698
-42.93614     -10.82377
-42.93774     -10.82007
-42.94537     -10.81584
-42.94651     -10.81307
-42.94016     -10.80645
-42.93464     -10.78993
-42.9316      -10.78858
-42.9216      -10.78914
-42.90821     -10.79941
-42.89868     -10.79974
-42.88769     -10.79364
-42.8693      -10.79244
-42.86622     -10.78787
-42.86825     -10.7814
-42.88001     -10.77046
-42.88068     -10.76882
-42.88523     -10.75773
-42.88697     -10.74505
-42.88994     -10.74019
-42.89663     -10.73436
-42.91682     -10.73001
-42.94081     -10.73344
-42.9522      -10.73286
-42.96518     -10.72835
-42.95791     -10.7229
-42.94999     -10.72063
-42.93156     -10.71535
-42.92086     -10.715
-42.90274     -10.71725
-42.89249     -10.71575
-42.88898     -10.71302
-42.89058     -10.71047
-42.89451     -10.7079
-42.90911     -10.70314
-42.92016     -10.69243
-42.92872     -10.68774
-42.93777     -10.68603
-42.94518     -10.68602
-42.96451     -10.68598
-42.97594     -10.68909
-42.9979      -10.69853
-43.00371     -10.69801
-43.01109     -10.69263
-43.01176     -10.68917
-43.00984     -10.68343
-43.00113     -10.67339
-42.9985      -10.66651
-42.99937     -10.6612
-43.00373     -10.65471
-43.01597     -10.6479
-43.01289     -10.64149
-43.00172     -10.64114
-42.9618      -10.64801
-42.95366     -10.64741
-42.94782     -10.64494
-42.94662     -10.64149
-42.94752     -10.63872
-42.95052     -10.63616
-42.97882     -10.62964
-42.98505     -10.6252
-42.98974     -10.61974
-43.00642     -10.60033
-42.99241     -10.59495
-42.9836      -10.59735
-42.97047     -10.60831
-42.94617     -10.61188
-42.94005     -10.61278
-42.93655     -10.6112
-42.93443     -10.60823
-42.93485     -10.60408
-42.93875     -10.59897
-42.94893     -10.59403
-42.95307     -10.59007
-42.9565      -10.58382
-42.95414     -10.58016
-42.94994     -10.57928
-42.94047     -10.58514
-42.92992     -10.59907
-42.92461     -10.60257
-42.91878     -10.60033
-42.91459     -10.60061
-42.91228     -10.60224
-42.91071     -10.60732
-42.91313     -10.62374
-42.91345     -10.62595
-42.91309     -10.63585
-42.91067     -10.65039
-42.90527     -10.66795
-42.89458     -10.69178
-42.8782      -10.70553
-42.8725      -10.71664
-42.8654      -10.73702
-42.85825     -10.75755
-42.85203     -10.76406
-42.83744     -10.7695
-42.82792     -10.77213
-42.80724     -10.77418
-42.78915     -10.77943
-42.78495     -10.77855
-42.77021     -10.76994
-42.75975     -10.76948
-42.75741     -10.76938
-42.75297     -10.76712
-42.74968     -10.76323
-42.73389     -10.71687
-42.72327     -10.69924
-42.7225      -10.69233
-42.72562     -10.67734
-42.73041     -10.66739
-42.73708     -10.65995
-42.73838     -10.659
-42.74955     -10.65085
-42.78038     -10.64042
-42.80732     -10.63762
-42.82773     -10.63304
-42.83863     -10.62971
-42.85806     -10.61938
-42.84661     -10.61327
-42.82982     -10.60838
-42.8244      -10.60152
-42.81837     -10.60227
-42.80224     -10.61763
-42.80104     -10.61805
-42.78185     -10.62474
-42.75958     -10.6298
-42.73572     -10.63878
-42.72691     -10.64117
-42.7183      -10.64102
-42.71338     -10.63646
-42.71183     -10.61967
-42.70404     -10.60396
-42.7033      -10.60248
-42.6978      -10.58572
-42.70031     -10.58132
-42.70564     -10.57896
-42.72072     -10.57652
-42.72581     -10.57324
-42.73223     -10.56351
-42.73731     -10.5607
-42.74937     -10.55782
-42.75675     -10.55176
-42.76739     -10.54636
-42.77459     -10.54537
-42.7919      -10.5464
-42.8011      -10.54695
-42.80805     -10.54458
-42.81682     -10.53827
-42.83515     -10.53532
-42.85274     -10.52732
-42.88736     -10.52673
-42.89429     -10.52321
-42.91044     -10.5113
-42.91574     -10.50687
-42.91198     -10.50253
-42.90981     -10.50162
-42.90288     -10.49871
-42.89289     -10.49858
-42.85951     -10.50721
-42.80831     -10.52339
-42.79947     -10.52278
-42.79503     -10.51983
-42.79477     -10.512
-42.7947      -10.50971
-42.80272     -10.49834
-42.814       -10.48741
-42.83153     -10.47411
-42.84702     -10.46543
-42.86392     -10.45973
-42.86737     -10.45555
-42.86524     -10.45166
-42.85151     -10.44996
-42.8589      -10.44481
-42.86164     -10.44041
-42.85742     -10.43585
-42.84947     -10.43109
-42.83994     -10.4305
-42.83022     -10.43428
-42.78418     -10.48384
-42.75248     -10.51795
-42.72917     -10.53499
-42.70375     -10.55089
-42.68306     -10.5583
-42.67734     -10.56035
-42.66618     -10.56023
-42.6564      -10.55802
-42.64519     -10.55213
-42.63394     -10.54119
-42.61369     -10.51236
-42.59845     -10.49661
-42.59699     -10.48949
-42.59798     -10.48231
-42.5983      -10.48003
-42.60196     -10.47378
-42.60892     -10.47187
-42.63957     -10.47067
-42.65299     -10.46409
-42.65995     -10.46265
-42.67947     -10.46269
-42.71619     -10.47496
-42.73308     -10.4806
-42.74098     -10.48145
-42.74583     -10.47771
-42.7481      -10.47171
-42.74388     -10.46783
-42.72916     -10.45923
-42.72563     -10.45488
-42.72583     -10.45097
-42.73299     -10.44606
-42.76169     -10.43542
-42.77765     -10.4279
-42.77203     -10.42312
-42.7699      -10.41876
-42.76939     -10.41462
-42.77211     -10.40723
-42.7707      -10.40494
-42.76674     -10.40405
-42.74482     -10.4197
-42.7246      -10.42374
-42.70609     -10.42744
-42.6869      -10.43683
-42.6811      -10.43804
-42.67687     -10.43278
-42.67384     -10.43166
-42.66432     -10.43198
-42.63466     -10.44101
-42.62057     -10.44989
-42.61038     -10.4539
-42.60703     -10.45432
-42.60249     -10.45489
-42.59573     -10.45265
-42.59173     -10.44601
-42.5847      -10.43963
-42.5828      -10.43458
-42.58436     -10.42812
-42.60046     -10.40932
-42.61085     -10.40162
-42.63284     -10.39336
-42.65176     -10.37937
-42.65297     -10.37829
-42.66927     -10.36378
-42.68659     -10.35256
-42.70409     -10.3365
-42.71748     -10.32763
-42.72442     -10.32503
-42.74904     -10.32502
-42.75667     -10.32241
-42.76036     -10.31892
-42.76127     -10.31753
-42.75682     -10.31297
-42.75122     -10.31003
-42.72917     -10.31139
-42.71388     -10.31523
-42.71273     -10.31568
-42.69722     -10.32183
-42.68173     -10.33004
-42.64533     -10.36193
-42.63978     -10.36474
-42.62145     -10.3663
-42.6198      -10.36447
-42.61976     -10.3594
-42.62342     -10.35315
-42.62768     -10.34985
-42.63241     -10.34616
-42.66039     -10.33186
-42.67514     -10.3202
-42.70685     -10.30816
-42.72562     -10.30475
-42.73951     -10.30001
-42.74158     -10.297
-42.72948     -10.29481
-42.71956     -10.29509
-42.69118     -10.29587
-42.66735     -10.30646
-42.6461      -10.3184
-42.63983     -10.31915
-42.63564     -10.31758
-42.6349      -10.31275
-42.64554     -10.30759
-42.65522     -10.29967
-42.66305     -10.29587
-42.7003      -10.27783
-42.70188     -10.27367
-42.70043     -10.26746
-42.69763     -10.26519
-42.69205     -10.26455
-42.683       -10.26602
-42.65595     -10.27848
-42.64234     -10.28758
-42.63555     -10.2958
-42.63085     -10.30151
-42.6046      -10.32616
-42.58666     -10.34658
-42.57192     -10.36077
-42.55626     -10.39318
-42.5555      -10.39476
-42.5509      -10.4001
-42.54397     -10.40477
-42.53656     -10.4076
-42.53052     -10.40742
-42.52585     -10.40516
-42.52023     -10.39876
-42.51824     -10.3845
-42.50561     -10.37425
-42.50248     -10.36093
-42.49896     -10.35681
-42.49431     -10.3557
-42.48597     -10.35854
-42.48224     -10.35696
-42.47966     -10.35422
-42.47611     -10.34573
-42.47585     -10.34377
-42.47115     -10.30801
-42.47152     -10.26933
-42.47515     -10.25962
-42.48228     -10.25197
-42.49431     -10.24679
-42.5108      -10.24734
-42.51235     -10.24658
-42.51658     -10.24452
-42.52785     -10.23245
-42.52944     -10.22806
-42.52618     -10.2
-42.52612     -10.19263
-42.52749     -10.18986
-42.53512     -10.18749
-42.55492     -10.19514
-42.55933     -10.1951
-42.56511     -10.19205
-42.56694     -10.18858
-42.56339     -10.18148
-42.56145     -10.17113
-42.53602     -10.15709
-42.53134     -10.1516
-42.5299      -10.14655
-42.53171     -10.14101
-42.53726     -10.13843
-42.54424     -10.1409
-42.55406     -10.1491
-42.56463     -10.1642
-42.57188     -10.16943
-42.5779      -10.16891
-42.5795      -10.16544
-42.57968     -10.16038
-42.57634     -10.14982
-42.57424     -10.14845
-42.57372     -10.14132
-42.55803     -10.12535
-42.5601      -10.12303
-42.56706     -10.12365
-42.58638     -10.13015
-42.5931      -10.12871
-42.60018     -10.11621
-42.61955     -10.10199
-42.62343     -10.09574
-42.62155     -10.0923
-42.61852     -10.09095
-42.6137      -10.0914
-42.61041     -10.09171
-42.58152     -10.10556
-42.5787      -10.10167
-42.58259     -10.09496
-42.60396     -10.07151
-42.61364     -10.06429
-42.62567     -10.06026
-42.63634     -10.05947
-42.64846     -10.06122
-42.65585     -10.06228
-42.67317     -10.05314
-42.68057     -10.051
-42.69892     -10.05335
-42.71188     -10.05001
-42.72556     -10.04941
-42.73295     -10.04612
-42.73639     -10.04079
-42.73885     -10.03179
-42.74391     -10.0269
-42.75131     -10.02384
-42.77725     -10.02013
-42.78759     -10.0099
-42.80494     -10
-42.63278     -10
-42.6328      -10.00195
-42.63076     -10.00749
-42.62662     -10.01098
-42.62153     -10.01218
-42.6178      -10.0106
-42.61126     -10.00537
-42.60813     -10
-42.58809     -10
-42.58951     -10.01179
-42.60657     -10.02544
-42.60662     -10.03097
-42.60392     -10.04112
-42.59587     -10.0488
-42.58641     -10.05487
-42.56278     -10.08478
-42.55121     -10.096
-42.54412     -10.10015
-42.53717     -10.10182
-42.52997     -10.10119
-42.52601     -10.0987
-42.52991     -10.09383
-42.54653     -10.08332
-42.55181     -10.07705
-42.56017     -10.05188
-42.55923     -10.05005
-42.55668     -10.05053
-42.54612     -10.06329
-42.53121     -10.07342
-42.53067     -10.07379
-42.51769     -10.07552
-42.51307     -10.07786
-42.50202     -10.08878
-42.49579     -10.09229
-42.48282     -10.09517
-42.47815     -10.09175
-42.47338     -10.07683
-42.46681     -10.06791
-42.45863     -10.06084
-42.44442     -10.05337
-42.44136     -10.04787
-42.44203     -10.0451
-42.44514     -10.04295
-42.44641     -10.04207
-42.47231     -10.03218
-42.48432     -10.02539
-42.50976     -10.01734
-42.53028     -10
-42.47748     -10
-42.47624     -10.0029
-42.47256     -10.00662
-42.46725     -10.00989
-42.46193     -10.01086
-42.4582      -10.00974
-42.45446     -10.00586
-42.45256     -10
-42.44364     -10
-42.44522     -10.00985
-42.44297     -10.01839
-42.43839     -10.02579
-42.43238     -10.02815
-42.42842     -10.02703
-42.42118     -10.02019
-42.41481     -10.00758
-42.40991     -10.00417
-42.40202     -10.00377
-42.38465     -10.00668
-42.37068     -10
-42.36374     -10.00272
-42.35516     -10.00279
-42.34774     -10.00239
-42.33867     -10
-42.12103     -10
-42.14622     -10.00974
-42.15645     -10.01461
-42.1667      -10.01949
-42.17626     -10.02655
-42.18912     -10.03912
-42.20508     -10.06501
-42.20629     -10.07052
-42.20378     -10.07699
-42.19617     -10.0828
-42.17559     -10.09263
-42.16572     -10.09643
-42.14504     -10.10438
-42.1187      -10.11977
-42.08166     -10.13225
-42.06964     -10.13947
-42.05436     -10.14442
-42.04869     -10.14475
-42.04531     -10.14495
-42.03834     -10.14246
-42.03691     -10.13672
-42.04373     -10.11756
-42.04389     -10.10697
-42.04014     -10.10124
-42.02784     -10.10086
-42.02388     -10.0979
-42.02133     -10.09884
-42.01742     -10.10393
-42.01394     -10.10396
-42.01144     -10.11088
-42.00908     -10.13968
-42.00526     -10.15835
-41.99513     -10.17132
-41.98868     -10.17804
-41.98288     -10.179
-41.97334     -10.17515
-41.96871     -10.1768
-41.94931     -10.19213
-41.92683     -10.19781
-41.92198     -10.20175
-41.91116     -10.21633
-41.89869     -10.22678
-41.89525     -10.23187
-41.89459     -10.23901
-41.89889     -10.25717
-41.89941     -10.26683
-41.89443     -10.28667
-41.88866     -10.29292
-41.87414     -10.29874
-41.85299     -10.3072
-41.85209     -10.31181
-41.86048     -10.3159
-41.86908     -10.31792
-41.88115     -10.31669
-41.89389     -10.312
-41.90914     -10.299
-41.91688     -10.27455
-41.91874     -10.27615
-41.91977     -10.29133
-41.92308     -10.30052
-41.92981     -10.3081
-41.93243     -10.31105
-41.93526     -10.31679
-41.93483     -10.32347
-41.92955     -10.33225
-41.91591     -10.34248
-41.90811     -10.35773
-41.89613     -10.37185
-41.88739     -10.38596
-41.87695     -10.38879
-41.87348     -10.39134
-41.86661     -10.40504
-41.86293     -10.41237
-41.8625      -10.41744
-41.86439     -10.42272
-41.87002     -10.4312
-41.87398     -10.43394
-41.88507     -10.42373
-41.88667     -10.41889
-41.88707     -10.40944
-41.89863     -10.40131
-41.90505     -10.38653
-41.91636     -10.37563
-41.927       -10.36865
-41.92998     -10.3631
-41.93298     -10.36078
-41.93593     -10.34879
-41.94276     -10.33957
-41.95204     -10.32703
-41.95433     -10.32057
-41.95497     -10.31205
-41.95306     -10.30377
-41.94907     -10.29804
-41.9416      -10.29234
-41.93878     -10.28752
-41.93748     -10.26589
-41.9349      -10.26061
-41.92041     -10.24689
-41.91829     -10.24138
-41.92125     -10.2333
-41.92362     -10.23086
-41.93048     -10.2238
-41.94389     -10.21588
-41.97468     -10.20254
-42.00623     -10.19956
-42.01689     -10.19649
-42.04005     -10.18512
-42.04164     -10.18434
-42.06295     -10.17797
-42.07266     -10.17353
-42.08699     -10.16421
-42.10412     -10.15764
-42.12377     -10.1469
-42.14115     -10.14401
-42.15769     -10.13862
-42.18815     -10.12868
-42.19813     -10.12837
-42.20488     -10.13085
-42.21025     -10.13496
-42.21401     -10.14183
-42.21667     -10.15678
-42.21636     -10.17658
-42.20235     -10.19695
-42.20003     -10.1997
-42.17888     -10.22476
-42.1487      -10.257
-42.11904     -10.29733
-42.11329     -10.30516
-42.0979      -10.32945
-42.08253     -10.35696
-42.06291     -10.40753
-42.06173     -10.40983
-42.05236     -10.4281
-42.0497      -10.44585
-42.06059     -10.44209
-42.06733     -10.44204
-42.07083     -10.44385
-42.07849     -10.44334
-42.0801      -10.44148
-42.08147     -10.43756
-42.08109     -10.43435
-42.07925     -10.41869
-42.08073     -10.39773
-42.08988     -10.37855
-42.09954     -10.36443
-42.1113      -10.35191
-42.11708     -10.34865
-42.14518     -10.34889
-42.14537     -10.34314
-42.13899     -10.32822
-42.13731     -10.31994
-42.13843     -10.31395
-42.14255     -10.30516
-42.15015     -10.29682
-42.15939     -10.2903
-42.16722     -10.28103
-42.17546     -10.26485
-42.19506     -10.24512
-42.23652     -10.20336
-42.24457     -10.1934
-42.25234     -10.17837
-42.25505     -10.16753
-42.25407     -10.16017
-42.25166     -10.14959
-42.24847     -10.14129
-42.23841     -10.11517
-42.23623     -10.10367
-42.23664     -10.09607
-42.23936     -10.08799
-42.24165     -10.08383
-42.24835     -10.0794
-42.26757     -10.07418
-42.29146     -10.07422
-42.30598     -10.07678
-42.32887     -10.08082
-42.3496      -10.09078
-42.35755     -10.09946
-42.36093     -10.11463
-42.37362     -10.13479
-42.37413     -10.14123
-42.37047     -10.16415
-42.37015     -10.16613
-42.3665      -10.1726
-42.35246     -10.18814
-42.34629     -10.19971
-42.34198     -10.21356
-42.33893     -10.23868
-42.34062     -10.24673
-42.34745     -10.25887
-42.36247     -10.27409
-42.36594     -10.2776
-42.37228     -10.28653
-42.37679     -10.298
-42.37756     -10.30697
-42.37601     -10.31643
-42.3712      -10.32545
-42.36153     -10.33497
-42.33884     -10.34483
-42.33192     -10.34995
-42.3264      -10.35644
-42.32389     -10.36222
-42.33738     -10.36487
-42.34043     -10.36853
-42.34116     -10.37313
-42.33956     -10.37637
-42.32365     -10.39101
-42.31563     -10.40558
-42.30572     -10.41533
-42.28561     -10.42885
-42.27644     -10.451
-42.27078     -10.46466
-42.25904     -10.47811
-42.24379     -10.48928
-42.23619     -10.49832
-42.21344     -10.53258
-42.2052      -10.55353
-42.20317     -10.55868
-42.18109     -10.5904
-42.17441     -10.59736
-42.16376     -10.60458
-42.15177     -10.61711
-42.14212     -10.63284
-42.1361      -10.63657
-42.12543     -10.64034
-42.12197     -10.64359
-42.12121     -10.64492
-42.11232     -10.6607
-42.10702     -10.66719
-42.11843     -10.67009
-42.12219     -10.67536
-42.12638     -10.67579
-42.146       -10.65515
-42.15104     -10.64567
-42.15497     -10.64218
-42.16239     -10.6396
-42.17012     -10.64714
-42.17579     -10.65907
-42.17822     -10.67379
-42.17622     -10.68706
-42.17423     -10.7003
-42.16942     -10.71116
-42.1616      -10.72227
-42.15793     -10.73036
-42.16028     -10.73357
-42.16703     -10.73329
-42.18255     -10.72511
-42.19348     -10.72502
-42.19488     -10.72616
-42.19771     -10.73098
-42.19727     -10.7349
-42.19382     -10.73999
-42.18849     -10.74302
-42.18573     -10.7465
-42.18903     -10.75269
-42.1932      -10.75579
-42.19395     -10.75634
-42.20163     -10.75835
-42.20562     -10.76247
-42.2078      -10.77396
-42.20599     -10.78135
-42.19427     -10.80101
-42.19477     -10.80493
-42.1983      -10.81066
-42.20132     -10.81063
-42.21893     -10.80105
-42.22404     -10.7994
-42.228       -10.80029
-42.23106     -10.80556
-42.23701     -10.82578
-42.2387      -10.83153
-42.23828     -10.83752
-42.2346      -10.84261
-42.20333     -10.86082
-42.19413     -10.87632
-42.19881     -10.87928
-42.20812     -10.87921
-42.22018     -10.87405
-42.2401      -10.86192
-42.24733     -10.86462
-42.25113     -10.87473
-42.25395     -10.87747
-42.26327     -10.88039
-42.2654      -10.88451
-42.26449     -10.88728
-42.25639     -10.89288
-42.24595     -10.8971
-42.23625     -10.90709
-42.2355      -10.90836
-42.23028     -10.91726
-42.22617     -10.92835
-42.22944     -10.92948
-42.24014     -10.92893
-42.26097     -10.91426
-42.26979     -10.90981
-42.27421     -10.9107
-42.27611     -10.91483
-42.27017     -10.92961
-42.26846     -10.94966
-42.27083     -10.95471
-42.2727      -10.95677
-42.2769      -10.9572
-42.28129     -10.95302
-42.2869      -10.94021
-42.28746     -10.93892
-42.2914      -10.93612
-42.29442     -10.93587
-42.29794     -10.93906
-42.30018     -10.95816
-42.3035      -10.9662
-42.30914     -10.97214
-42.31216     -10.97211
-42.31401     -10.96957
-42.31548     -10.95021
-42.318       -10.9442
-42.32033     -10.94464
-42.32694     -10.95725
-42.33077     -10.97104
-42.33201     -10.98024
-42.33126     -10.98464
-42.32867     -10.99961
-42.3299      -11.0072
-42.33723     -11.02142
-42.33846     -11.02993
-42.33793     -11.05113
-42.34091     -11.07506
-42.34259     -11.08103
-42.34681     -11.08422
-42.34959     -11.08189
-42.3546      -11.06872
-42.35836     -11.04646
-42.36216     -11.02398
-42.36275     -11.01085
-42.36125     -10.99773
-42.35599     -10.97958
-42.34294     -10.9486
-42.33727     -10.92422
-42.33402     -10.91021
-42.32458     -10.89371
-42.31746     -10.87603
-42.31348     -10.87238
-42.30413     -10.86762
-42.26635     -10.82647
-42.26633     -10.82355
-42.26632     -10.82256
-42.27485     -10.81212
-42.27691     -10.8075
-42.26864     -10.79053
-42.24773     -10.76398
-42.24019     -10.75091
-42.22856     -10.71302
-42.21897     -10.68176
-42.21728     -10.67395
-42.21813     -10.66242
-42.21642     -10.65161
-42.21099     -10.64106
-42.20884     -10.63233
-42.20879     -10.62565
-42.21749     -10.60831
-42.21998     -10.59862
-42.2205      -10.59208
-42.22189     -10.57466
-42.23739     -10.56463
-42.26751     -10.52225
-42.27896     -10.50075
-42.2838      -10.49472
-42.29056     -10.49291
-42.29354     -10.49211
-42.29699     -10.48817
-42.30292     -10.47407
-42.3073      -10.46874
-42.31261     -10.46524
-42.31772     -10.46451
-42.32563     -10.46583
-42.33569     -10.47449
-42.34291     -10.47697
-42.35203     -10.48357
-42.35702     -10.49849
-42.35665     -10.50909
-42.35371     -10.52017
-42.34887     -10.52537
-42.34334     -10.53131
-42.34222     -10.53684
-42.34714     -10.57065
-42.34623     -10.60175
-42.34134     -10.63011
-42.33465     -10.63754
-42.33071     -10.63826
-42.32718     -10.63482
-42.3129      -10.62091
-42.30825     -10.62025
-42.30501     -10.62327
-42.30916     -10.64765
-42.30509     -10.66334
-42.31119     -10.66905
-42.31654     -10.66947
-42.32649     -10.66386
-42.32767     -10.66615
-42.32638     -10.6786
-42.32873     -10.68295
-42.3341      -10.68498
-42.34013     -10.68355
-42.34499     -10.67983
-42.35189     -10.67056
-42.35352     -10.67054
-42.35729     -10.67765
-42.36567     -10.67827
-42.37098     -10.67316
-42.37226     -10.65887
-42.37121     -10.64391
-42.36521     -10.62046
-42.36257     -10.61013
-42.36217     -10.56063
-42.36437     -10.54518
-42.3678      -10.53755
-42.37128     -10.53729
-42.3762      -10.54186
-42.37787     -10.54714
-42.3771      -10.56741
-42.37762     -10.5739
-42.38124     -10.61919
-42.38599     -10.63112
-42.39698     -10.64024
-42.40048     -10.64113
-42.40279     -10.63927
-42.40507     -10.63396
-42.40616     -10.6245
-42.40232     -10.59241
-42.40017     -10.57435
-42.39097     -10.52907
-42.38694     -10.51966
-42.38084     -10.51188
-42.37916     -10.50614
-42.37874     -10.48312
-42.37518     -10.4737
-42.37308     -10.47143
-42.36885     -10.46685
-42.34315     -10.44795
-42.33916     -10.44361
-42.33749     -10.4381
-42.34021     -10.42978
-42.35541     -10.41193
-42.3703      -10.38578
-42.37955     -10.37397
-42.39443     -10.35496
-42.3992      -10.34179
-42.4022      -10.33854
-42.41078     -10.36564
-42.41589     -10.39438
-42.4197      -10.40563
-42.42465     -10.41388
-42.42814     -10.4176
-42.4373      -10.42735
-42.44273     -10.4379
-42.45822     -10.45688
-42.46946     -10.46714
-42.47721     -10.47697
-42.49171     -10.48744
-42.50882     -10.50456
-42.51519     -10.50878
-42.52494     -10.51524
-42.53057     -10.52118
-42.54073     -10.53997
-42.54367     -10.55744
-42.54604     -10.56295
-42.55472     -10.57139
-42.565       -10.57844
-42.57182     -10.58712
-42.58387     -10.60912
-42.5843      -10.61044
-42.59199     -10.63392
-42.60265     -10.6557
-42.60735     -10.66164
-42.62904     -10.66858
-42.63092     -10.6704
-42.63121     -10.67777
-42.62275     -10.69351
-42.61939     -10.70713
-42.62182     -10.71239
-42.62247     -10.71378
-42.63327     -10.72542
-42.6394      -10.73458
-42.64667     -10.74119
-42.6498      -10.75313
-42.65404     -10.75931
-42.65462     -10.77151
-42.65351     -10.77751
-42.64593     -10.78725
-42.64504     -10.7921
-42.64764     -10.79622
-42.65676     -10.80235
-42.66189     -10.80346
-42.67424     -10.80294
-42.67631     -10.80286
-42.68751     -10.80621
-42.70316     -10.81366
-42.71945     -10.81419
-42.72603     -10.82058
-42.73006     -10.8286
-42.73038     -10.83804
-42.72883     -10.8468
-42.72681     -10.85419
-42.72268     -10.86091
-42.71205     -10.86861
-42.71397     -10.8755
-42.71148     -10.88267
-42.71382     -10.88403
-42.74989     -10.88437
-42.76277     -10.89299
-42.76704     -10.90101
-42.76898     -10.90883
-42.76671     -10.91576
-42.76001     -10.92066
-42.74652     -10.92171
-42.72003     -10.92778
-42.71819     -10.9282
-42.71007     -10.93174
-42.70109     -10.94126
-42.69857     -10.9459
-42.6986      -10.94912
-42.7026      -10.95392
-42.70938     -10.95685
-42.73099     -10.95272
-42.73867     -10.95311
-42.74451     -10.95535
-42.75179     -10.96219
-42.75586     -10.9739
-42.7553      -10.98865
-42.75152     -10.99608
-42.7362      -11.01232
-42.73609     -11.02499
-42.72853     -11.03773
-42.72772     -11.0511
-42.72931     -11.07227
-42.72822     -11.10453
-42.72589     -11.11429
-42.72262     -11.12807
-42.72666     -11.13725
-42.73018     -11.13951
-42.73925     -11.1385
-42.74973     -11.1384
-42.75748     -11.14478
-42.76097     -11.14405
-42.76322     -11.13597
-42.76764     -11.1357
-42.77258     -11.1649
-42.77614     -11.17154
-42.78225     -11.1777
-42.78552     -11.17905
-42.78968     -11.1744
-42.79239     -11.16632
-42.78256     -11.13762
-42.78415     -11.13231
-42.7867      -11.13159
-42.79424     -11.1405
-42.81388     -11.1486
-42.8207      -11.15452
-42.82379     -11.1614
-42.82196     -11.18564
-42.81966     -11.21603
-42.82498     -11.23601
-42.8234      -11.24155
-42.81695     -11.24853
-42.81422     -11.25523
-42.81449     -11.25869
-42.82323     -11.27081
-42.82167     -11.27911
-42.80746     -11.30129
-42.804       -11.3067
-42.80382     -11.31292
-42.80597     -11.31773
-42.81971     -11.31214
-42.82106     -11.3116
-42.83194     -11.30389
-42.8372      -11.29347
-42.84137     -11.26717
-42.84341     -11.26162
-42.85374     -11.24563
-42.85486     -11.24124
-42.85197     -11.23159
-42.85308     -11.22606
-42.85723     -11.22187
-42.86048     -11.22091
-42.86654     -11.22085
-42.8717      -11.22425
-42.87656     -11.2297
-42.87924     -11.2327
-42.88367     -11.23312
-42.89574     -11.22862
-42.90342     -11.22762
-42.90787     -11.22895
-42.91396     -11.23234
-42.92079     -11.23987
-42.91926     -11.24956
-42.90725     -11.26097
-42.89776     -11.26683
-42.88736     -11.27592
-42.8842      -11.28562
-42.8852      -11.29252
-42.88899     -11.29963
-42.90358     -11.29003
-42.90754     -11.28976
-42.9176      -11.29334
-42.92653     -11.27736
-42.94063     -11.2657
-42.95306     -11.22825
-42.96795     -11.20322
-42.97044     -11.19629
-42.97302     -11.18214
-42.97684     -11.16121
-42.97583     -11.13151
-42.98075     -11.13399
-42.99491     -11.15227
-43.01634     -11.17461
-43.02284     -11.17247
-43.02355     -11.16288
-43.02366     -11.1614
-43.00477     -11.11416
-43.00568     -11.11231
-43.00916     -11.11112
-43.01855     -11.11816
-43.03934     -11.1465
-43.0457      -11.15265
-43.0498      -11.14362
-43.05548     -11.13066
-43.0559      -11.12651
-43.052       -11.10997
-43.04682     -11.10404
-43.02702     -11.10379
-43.02374     -11.10244
-43.01927     -11.09765
-43.02017     -11.09488
-43.02616     -11.08906
-43.03472     -11.08367
-43.03816     -11.07833
-43.0365      -11.07536
-43.01792     -11.0616
-43.01749     -11.06128
-43.00784     -11.05148
-43.00451     -11.04484
-43.00327     -11.03725
-43.00642     -11.02616
-43.01215     -11.01804
-43.01678     -11.01546
-43.0303      -11.01715
-43.05109     -11.02384
-43.07146     -11.03375
-43.07897     -11.04035
-43.0804      -11.04322
-43.0992      -11.0809
-43.10958     -11.09253
-43.11484     -11.10537
-43.12908     -11.1522
-43.13332     -11.15698
-43.13475     -11.15858
-43.14555     -11.16675
-43.14935     -11.17339
-43.15426     -11.19637
-43.15852     -11.20277
-43.17947     -11.22165
-43.18302     -11.22737
-43.18476     -11.2368
-43.18181     -11.24443
-43.1719      -11.25375
-43.16985     -11.25792
-43.17224     -11.28484
-43.16533     -11.31325
-43.16446     -11.31879
-43.16688     -11.32774
-43.17043     -11.33231
-43.18241     -11.3407
-43.1995      -11.36791
-43.22773     -11.39063
-43.23086     -11.39934
-43.23188     -11.41359
-43.23279     -11.42627
-43.24025     -11.44668
-43.2429      -11.45402
-43.2404      -11.46004
-43.23926     -11.46282
-43.2455      -11.47795
-43.24775     -11.49105
-43.25107     -11.49585
-43.2548      -11.49627
-43.25571     -11.49373
-43.25092     -11.48319
-43.25158     -11.47972
-43.25555     -11.48014
-43.25957     -11.4847
-43.26127     -11.49044
-43.26064     -11.49712
-43.26232     -11.50125
-43.26816     -11.5021
-43.27219     -11.50782
-43.27922     -11.51073
-43.28319     -11.53164
-43.28069     -11.5372
-43.28026     -11.53974
-43.28692     -11.55187
-43.28745     -11.55716
-43.28496     -11.5641
-43.29681     -11.57986
-43.31299     -11.58658
-43.33374     -11.58495
-43.34614     -11.58826
-43.35156     -11.59303
-43.35702     -11.60126
-43.36312     -11.60349
-43.36391     -11.612
-43.37256     -11.63263
-43.37311     -11.63953
-43.37527     -11.64504
-43.37743     -11.65031
-43.37851     -11.66273
-43.38294     -11.66222
-43.38416     -11.66658
-43.38059     -11.68091
-43.3769      -11.68417
-43.36807     -11.70754
-43.357       -11.71896
-43.35142     -11.72064
-43.3469      -11.72464
-43.34587     -11.72554
-43.34071     -11.74357
-43.33966     -11.75349
-43.34077     -11.78849
-43.33675     -11.80466
-43.32829     -11.81996
-43.32836     -11.82549
-43.32167     -11.83294
-43.31603     -11.84354
-43.31449     -11.85212
-43.31391     -11.86144
-43.31342     -11.86666
-43.31751     -11.87681
-43.3187      -11.87904
-43.32836     -11.8863
-43.34209     -11.90157
-43.35167     -11.92195
-43.35591     -11.92559
-43.35866     -11.94099
-43.35855     -11.95066
-43.3556      -11.9583
-43.3463      -11.98237
-43.32368     -12.02663
-43.32066     -12.02804
-43.31699     -12.03385
-43.31146     -12.04082
-43.30209     -12.05913
-43.29664     -12.0737
-43.28347     -12.08606
-43.27573     -12.10481
-43.26764     -12.11296
-43.26098     -12.12317
-43.2545      -12.14974
-43.24992     -12.15831
-43.24437     -12.16367
-43.23962     -12.16431
-43.2369      -12.16468
-43.22488     -12.17679
-43.22284     -12.1828
-43.2243      -12.18762
-43.22514     -12.18971
-43.22671     -12.19359
-43.24287     -12.21713
-43.24434     -12.22264
-43.2468      -12.22722
-43.2484      -12.23019
-43.25343     -12.23524
-43.25408     -12.23589
-43.26734     -12.25094
-43.26615     -12.2696
-43.27528     -12.29046
-43.27944     -12.30922
-43.28441     -12.33158
-43.28174     -12.34359
-43.27944     -12.34776
-43.27478     -12.35185
-43.27412     -12.35243
-43.26176     -12.3558
-43.25735     -12.35976
-43.24934     -12.37529
-43.24795     -12.39672
-43.24979     -12.41444
-43.24409     -12.42855
-43.24173     -12.44747
-43.23714     -12.45535
-43.2314      -12.45985
-43.23088     -12.46026
-43.2238      -12.47623
-43.22214     -12.49513
-43.22342     -12.50502
-43.22657     -12.51397
-43.22407     -12.52091
-43.22244     -12.52299
-43.21461     -12.53299
-43.21118     -12.5404
-43.21361     -12.54843
-43.20928     -12.55977
-43.21364     -12.57193
-43.21427     -12.57548
-43.21539     -12.58181
-43.21427     -12.58666
-43.20957     -12.59138
-43.20906     -12.5919
-43.20246     -12.59854
-43.1943      -12.60139
-43.19268     -12.60395
-43.19296     -12.6074
-43.19113     -12.61179
-43.18536     -12.619
-43.18428     -12.62753
-43.18511     -12.66
-43.19547     -12.68567
-43.20043     -12.6893
-43.21266     -12.69331
-43.2234      -12.69066
-43.23096     -12.69036
-43.24026     -12.69
-43.24943     -12.69266
-43.2531      -12.69575
-43.26212     -12.70333
-43.26267     -12.70379
-43.27098     -12.71337
-43.28877     -12.75255
-43.2954      -12.75846
-43.3119      -12.76656
-43.32044     -12.77613
-43.33459     -12.8036
-43.35025     -12.81954
-43.35293     -12.82826
-43.35028     -12.84211
-43.35514     -12.85725
-43.3587      -12.86066
-43.38558     -12.87416
-43.3991      -12.88713
-43.40082     -12.89933
-43.4014      -12.90345
-43.39858     -12.9226
-43.3972      -12.9643
-43.39105     -12.97957
-43.39159     -12.98555
-43.40142     -13.00294
-43.41492     -13.01663
-43.4178      -13.01955
-43.42296     -13.01926
-43.44308     -13.0349
-43.45021     -13.04196
-43.45621     -13.0534
-43.46011     -13.06579
-43.46067     -13.07361
-43.45242     -13.10871
-43.45515     -13.12065
-43.45438     -13.13494
-43.45544     -13.14506
-43.45157     -13.15477
-43.44475     -13.16576
-43.42924     -13.19074
-43.4325      -13.20797
-43.43273     -13.22708
-43.43811     -13.24474
-43.43931     -13.25345
-43.44017     -13.25968
-43.446       -13.27642
-43.45194     -13.28257
-43.45725     -13.29378
-43.46925     -13.33485
-43.46794     -13.3427
-43.46159     -13.35876
-43.45723     -13.36977
-43.45674     -13.37176
-43.4514      -13.39353
-43.44873     -13.40441
-43.4466      -13.42308
-43.44282     -13.4404
-43.43733     -13.4529
-43.43672     -13.4605
-43.43943     -13.47037
-43.44896     -13.48154
-43.44971     -13.48521
-43.44211     -13.49843
-43.44055     -13.50535
-43.44273     -13.51445
-43.44303     -13.51568
-43.46209     -13.55666
-43.47092     -13.56784
-43.47661     -13.57191
-43.51987     -13.5921
-43.52529     -13.59318
-43.52935     -13.59774
-43.53019     -13.59974
-43.53371     -13.60804
-43.54322     -13.61736
-43.55617     -13.63792
-43.56249     -13.65442
-43.56401     -13.66246
-43.56152     -13.68919
-43.55341     -13.73649
-43.55421     -13.74361
-43.57488     -13.76016
-43.58488     -13.76993
-43.59306     -13.7841
-43.59364     -13.79307
-43.58996     -13.81798
-43.59072     -13.8228
-43.59695     -13.83147
-43.60597     -13.8378
-43.61099     -13.84442
-43.61559     -13.85402
-43.61758     -13.86275
-43.61684     -13.87089
-43.61531     -13.88763
-43.61772     -13.91062
-43.62287     -13.92667
-43.62293     -13.93104
-43.63311     -13.95439
-43.63771     -13.98241
-43.64482     -13.99721
-43.64738     -14.00254
-43.65433     -14.01212
-43.65896     -14.02426
-43.66167     -14.0332
-43.66057     -14.0392
-43.65793     -14.0535
-43.66109     -14.07901
-43.6619      -14.08751
-43.67116     -14.11156
-43.67392     -14.12418
-43.67509     -14.14143
-43.67423     -14.14789
-43.67971     -14.17083
-43.68431     -14.18043
-43.69103     -14.19001
-43.69303     -14.19961
-43.69292     -14.20817
-43.69948     -14.22396
-43.70298     -14.23934
-43.71062     -14.24683
-43.72161     -14.25796
-43.72832     -14.26708
-43.73126     -14.27487
-43.75047     -14.30223
-43.7629      -14.31541
-43.77523     -14.33849
-43.78648     -14.35146
-43.79198     -14.35714
-43.79969     -14.36923
-43.80289     -14.37908
-43.80979     -14.38405
-43.81705     -14.39776
-43.82071     -14.40715
-43.82898     -14.44316
-43.83963     -14.46409
-43.8589      -14.50197
-43.86964     -14.51923
-43.87872     -14.56213
-43.88914     -14.58375
-43.88911     -14.58428
-43.89665     -14.5964
-43.90593     -14.61858
-43.90696     -14.62478
-43.90555     -14.64229
-43.90804     -14.65168
-43.91432     -14.66218
-43.91376     -14.68933
-43.91674     -14.7047
-43.92317     -14.73774
-43.92888     -14.75814
-43.92831     -14.76826
-43.93165     -14.77052
-43.93126     -14.7765
-43.92513     -14.79361
-43.92442     -14.81064
-43.91671     -14.83375
-43.92435     -14.85618
-43.92986     -14.86209
-43.93656     -14.88477
-43.94583     -14.90603
-43.94779     -14.91254
-43.95079     -14.92252
-43.95662     -14.93394
-43.97093     -14.94386
-43.97622     -14.95023
-43.98196     -14.97177
-43.99025     -14.98982
-44.00277     -15
-44.01113     -15
-44.00852     -14.99508
-44.00725     -14.98912
-43.99758     -14.97408
-43.98778     -14.96616
-43.97891     -14.93984
-43.97431     -14.93185
-43.9687      -14.9252
-43.95436     -14.90821
-43.94278     -14.87387
-43.93549     -14.85925
-43.92875     -14.85014
-43.92603     -14.84144
-43.92717     -14.82187
-43.92969     -14.80998
-43.93758     -14.77274
-43.93701     -14.76561
-43.92613     -14.73011
-43.92235     -14.71291
-43.91976     -14.69661
-43.92128     -14.6866
-43.92235     -14.67955
-43.9222      -14.66874
-43.91936     -14.6513
-43.90893     -14.61348
-43.90971     -14.60197
-43.90558     -14.59351
-43.89237     -14.57644
-43.8899      -14.56734
-43.88367     -14.54435
-43.88176     -14.52551
-43.87879     -14.51542
-43.87302     -14.50722
-43.85918     -14.47888
-43.84865     -14.45072
-43.84676     -14.45005
-43.84131     -14.44829
-43.83914     -14.44566
-43.83604     -14.44192
-43.82645     -14.41282
-43.82669     -14.40944
-43.82684     -14.4073
-43.83176     -14.40447
-43.82762     -14.39486
-43.80865     -14.3698
-43.81093     -14.36379
-43.80733     -14.359
-43.79727     -14.35074
-43.79391     -14.34337
-43.79295     -14.34125
-43.78726     -14.33879
-43.77904     -14.32348
-43.76346     -14.30459
-43.74747     -14.27873
-43.7348      -14.25825
-43.72763     -14.25052
-43.72171     -14.24761
-43.71422     -14.23367
-43.70221     -14.19861
-43.69641     -14.18741
-43.69502     -14.17109
-43.69243     -14.16792
-43.68999     -14.16494
-43.68558     -14.15165
-43.68743     -14.14887
-43.69078     -14.1532
-43.69266     -14.15294
-43.69381     -14.15062
-43.69137     -14.14398
-43.68632     -14.13645
-43.68116     -14.11995
-43.67601     -14.08549
-43.67044     -14.07429
-43.66846     -14.06695
-43.66884     -14.05958
-43.66759     -14.03566
-43.66508     -14.02395
-43.66034     -14.00997
-43.64844     -13.97491
-43.63754     -13.95088
-43.62819     -13.91924
-43.62554     -13.88899
-43.62516     -13.88452
-43.63003     -13.86052
-43.61688     -13.84457
-43.59833     -13.77344
-43.59563     -13.77086
-43.57333     -13.74959
-43.56319     -13.72854
-43.5636      -13.72393
-43.57204     -13.7031
-43.5763      -13.68671
-43.57781     -13.67587
-43.5736      -13.65842
-43.56947     -13.64788
-43.55649     -13.62526
-43.54579     -13.59707
-43.54028     -13.58839
-43.53314     -13.5818
-43.51988     -13.57345
-43.51097     -13.57211
-43.50716     -13.57154
-43.4962      -13.56761
-43.4904      -13.56553
-43.47455     -13.53809
-43.46979     -13.53285
-43.4652      -13.52278
-43.46264     -13.50554
-43.45746     -13.48512
-43.46159     -13.45767
-43.46058     -13.45303
-43.45537     -13.42919
-43.45601     -13.42412
-43.46538     -13.40213
-43.46693     -13.39094
-43.46797     -13.38345
-43.48379     -13.33306
-43.48385     -13.3314
-43.48397     -13.32846
-43.47753     -13.3016
-43.46269     -13.2776
-43.44777     -13.24808
-43.44751     -13.24325
-43.44717     -13.2368
-43.4435      -13.22464
-43.44461     -13.21364
-43.44538     -13.20597
-43.45314     -13.19206
-43.46192     -13.17629
-43.46202     -13.16501
-43.46547     -13.15944
-43.46786     -13.14352
-43.47297     -13.13909
-43.499       -13.13808
-43.50577     -13.13454
-43.49307     -13.13262
-43.48487     -13.13318
-43.4788      -13.13625
-43.47331     -13.12849
-43.47464     -13.12225
-43.47461     -13.10038
-43.47315     -13.07737
-43.469       -13.06337
-43.4667      -13.04843
-43.45762     -13.03427
-43.44766     -13.02587
-43.44182     -13.02273
-43.42878     -13.01573
-43.42285     -13.01051
-43.41854     -13.00319
-43.41582     -12.99102
-43.41238     -12.93878
-43.41037     -12.92821
-43.41439     -12.91135
-43.41369     -12.90857
-43.40652     -12.88013
-43.40484     -12.87692
-43.40186     -12.87479
-43.39727     -12.87149
-43.38808     -12.86745
-43.37698     -12.86022
-43.37172     -12.85199
-43.34302     -12.78278
-43.33585     -12.77111
-43.32808     -12.76752
-43.3141      -12.75479
-43.30982     -12.74908
-43.30643     -12.73945
-43.29736     -12.7255
-43.28629     -12.72033
-43.28009     -12.71027
-43.2759      -12.69282
-43.26929     -12.68806
-43.25725     -12.68475
-43.24724     -12.68555
-43.23315     -12.68202
-43.21258     -12.66521
-43.19824     -12.61931
-43.19865     -12.61424
-43.2037      -12.60497
-43.21253     -12.59819
-43.21405     -12.59775
-43.22233     -12.59532
-43.22672     -12.58974
-43.22041     -12.57047
-43.22083     -12.56586
-43.22483     -12.54646
-43.23229     -12.52335
-43.23179     -12.49986
-43.23979     -12.48296
-43.23813     -12.48113
-43.24246     -12.47072
-43.24687     -12.46675
-43.24767     -12.455
-43.25291     -12.44273
-43.2596      -12.43413
-43.26303     -12.42718
-43.26322     -12.42303
-43.25933     -12.41018
-43.25982     -12.39152
-43.25675     -12.38925
-43.25551     -12.38305
-43.25681     -12.37359
-43.26212     -12.36731
-43.26564     -12.36865
-43.26912     -12.36562
-43.27588     -12.3637
-43.28121     -12.3588
-43.28465     -12.353
-43.2898      -12.33244
-43.29018     -12.30434
-43.28844     -12.30073
-43.28668     -12.30507
-43.28409     -12.30441
-43.28144     -12.29707
-43.28255     -12.29245
-43.2861      -12.29586
-43.28844     -12.30073
 1             1             2 
1
 -9999.0   ,   9990.0
   7
 44 
-42.95195     -10.9355
-42.98195     -10.95687
-42.99036     -10.96
-43.00645     -10.96236
-43.01768     -10.96754
-43.02753     -10.97458
-43.02921     -10.97986
-43.02721     -10.98909
-43.02398     -10.9912
-43.01909     -10.99102
-43.00368     -10.98299
-42.9814      -10.97138
-42.95803     -10.96195
-42.88322     -10.94127
-42.86326     -10.93575
-42.84663     -10.92464
-42.82371     -10.88917
-42.81455     -10.88051
-42.79563     -10.87287
-42.78604     -10.86641
-42.78485     -10.8656
-42.76279     -10.84532
-42.75831     -10.83915
-42.75709     -10.83317
-42.75983     -10.82739
-42.76283     -10.82552
-42.76981     -10.82499
-42.77564     -10.82677
-42.79061     -10.83514
-42.80069     -10.84265
-42.81399     -10.84689
-42.8295      -10.84949
-42.84126     -10.85145
-42.84711     -10.85462
-42.86239     -10.87035
-42.86667     -10.87998
-42.8679      -10.88619
-42.86755     -10.8984
-42.86923     -10.90391
-42.87535     -10.91053
-42.88775     -10.91685
-42.91608     -10.92381
-42.91925     -10.92459
-42.95195     -10.9355
 1             1             3 
1
 -9999.0   ,   9990.0
   7
 53 
-42.88365     -11.0431
-42.88882     -11.04789
-42.89072     -11.05178
-42.89541     -11.05473
-42.90219     -11.05765
-42.91617     -11.05889
-42.92646     -11.06316
-42.9298      -11.07119
-42.93051     -11.0765
-42.93232     -11.09005
-42.93098     -11.09582
-42.9243      -11.10234
-42.90021     -11.11548
-42.881       -11.12858
-42.87386     -11.13625
-42.86494     -11.15246
-42.8603      -11.15481
-42.85424     -11.15464
-42.84786     -11.15061
-42.82518     -11.13628
-42.81562     -11.13499
-42.81397     -11.1334
-42.81277     -11.13018
-42.81524     -11.12003
-42.81425     -11.11359
-42.79923     -11.10222
-42.79781     -11.0997
-42.79981     -11.09047
-42.79616     -11.07369
-42.7979      -11.05412
-42.79805     -11.05248
-42.79561     -11.04076
-42.78002     -11.01719
-42.78203     -11.00911
-42.78821     -10.99708
-42.79932     -10.96656
-42.80208     -10.96308
-42.80694     -10.96027
-42.82229     -10.95943
-42.8268      -10.96246
-42.83683     -10.96918
-42.85569     -10.97014
-42.86481     -10.97466
-42.87092     -10.98059
-42.86865     -10.98614
-42.86243     -10.99265
-42.859       -10.99959
-42.85951     -11.00396
-42.86257     -11.00739
-42.8731      -11.01258
-42.88062     -11.01941
-42.88278     -11.02561
-42.88365     -11.0431
 1             1             4 
1
 -9999.0   ,   9990.0
   7
 11 
-43.2456      -11.44524
-43.2491      -11.44566
-43.2546      -11.45758
-43.25656     -11.46561
-43.26579     -11.47795
-43.26511     -11.4798
-43.26325     -11.48051
-43.24917     -11.47215
-43.24657     -11.46919
-43.24682     -11.45052
-43.2456      -11.44524
 1             1             5 
1
 -9999.0   ,   9990.0
   7
 14 
-43.31291     -11.57967
-43.30847     -11.57903
-43.30468     -11.57447
-43.29835     -11.57178
-43.28938     -11.56221
-43.29164     -11.55619
-43.28776     -11.54311
-43.28868     -11.54217
-43.2915      -11.54376
-43.30054     -11.55931
-43.30787     -11.56752
-43.31121     -11.5737
-43.31568     -11.57756
-43.31291     -11.57967
 1             1             6 
1
 -9999.0   ,   9990.0
   7
 9 
-43.36767     -11.59422
-43.37337     -11.60291
-43.37342     -11.60636
-43.36897     -11.60526
-43.36796     -11.59906
-43.36091     -11.5943
-43.36064     -11.59131
-43.36323     -11.59083
-43.36767     -11.59422
 1             1             7 
1
 -9999.0   ,   9990.0
   7
 11 
-43.35367     -11.77336
-43.3502      -11.79667
-43.34655     -11.80408
-43.34424     -11.80549
-43.34576     -11.77622
-43.34582     -11.76079
-43.34433     -11.75366
-43.34519     -11.74697
-43.34657     -11.74557
-43.34822     -11.74671
-43.35367     -11.77336
 1             1             8 
1
 -9999.0   ,   9990.0
   7
 7 
-43.31865     -11.87242
-43.31974     -11.87026
-43.32298     -11.87132
-43.32511     -11.87425
-43.3244      -11.87687
-43.32109     -11.87675
-43.31865     -11.87242
 1             1             9 
1
 -9999.0   ,   9990.0
   7
 8 
-43.35493     -11.98065
-43.35328     -11.97998
-43.35278     -11.97722
-43.35762     -11.97117
-43.36035     -11.96469
-43.3618      -11.96905
-43.35957     -11.97806
-43.35493     -11.98065
 1             1             10 
1
 -9999.0   ,   9990.0
   7
 11 
-43.3311      -12.03504
-43.32976     -12.02678
-43.33895     -12.01355
-43.34985     -11.98647
-43.3517      -11.98484
-43.35544     -11.98479
-43.35595     -11.98847
-43.35054     -12.00558
-43.34994     -12.01434
-43.34724     -12.02312
-43.3311      -12.03504
 1             1             11 
1
 -9999.0   ,   9990.0
   7
 7 
-43.32331     -12.03903
-43.32286     -12.04294
-43.32023     -12.04403
-43.31576     -12.04516
-43.31386     -12.04259
-43.31801     -12.0386
-43.32331     -12.03903
 1             1             12 
1
 -9999.0   ,   9990.0
   7
 14 
-43.26064     -12.15519
-43.25989     -12.15106
-43.26755     -12.12563
-43.27144     -12.11799
-43.27813     -12.10985
-43.28702     -12.09017
-43.29189     -12.08688
-43.29286     -12.0901
-43.288       -12.1148
-43.28081     -12.13456
-43.27916     -12.13909
-43.27202     -12.14884
-43.26461     -12.15423
-43.26064     -12.15519
 1             1             13 
1
 -9999.0   ,   9990.0
   7
 7 
-43.26452     -12.22909
-43.26078     -12.22867
-43.24872     -12.21729
-43.24749     -12.21201
-43.25171     -12.21288
-43.26091     -12.22014
-43.26452     -12.22909
 1             1             14 
1
 -9999.0   ,   9990.0
   7
 10 
-43.28126     -12.28187
-43.27798     -12.28098
-43.27534     -12.27503
-43.27298     -12.27344
-43.27101     -12.26494
-43.27189     -12.26009
-43.27423     -12.26007
-43.27898     -12.26646
-43.28238     -12.27725
-43.28126     -12.28187
 1             1             15 
1
 -9999.0   ,   9990.0
   7
 7 
-43.24936     -12.43909
-43.24769     -12.43611
-43.25453     -12.4206
-43.25517     -12.41484
-43.2575      -12.41389
-43.25897     -12.42009
-43.24936     -12.43909
 1             1             16 
1
 -9999.0   ,   9990.0
   7
 10 
-43.22954     -12.48699
-43.22789     -12.48632
-43.2276      -12.48148
-43.22917     -12.47548
-43.23813     -12.45994
-43.24116     -12.45899
-43.24214     -12.46312
-43.23615     -12.47148
-43.23185     -12.48443
-43.22954     -12.48699
 1             1             17 
1
 -9999.0   ,   9990.0
   7
 14 
-43.21704     -12.68773
-43.20433     -12.68235
-43.19746     -12.6746
-43.19289     -12.66405
-43.19155     -12.64979
-43.19234     -12.63619
-43.19086     -12.62953
-43.19243     -12.62329
-43.19573     -12.62487
-43.20005     -12.65545
-43.20324     -12.66831
-43.20497     -12.66995
-43.22005     -12.68424
-43.21704     -12.68773
 1             1             18 
1
 -9999.0   ,   9990.0
   7
 9 
-43.30139     -12.74964
-43.29716     -12.74877
-43.29219     -12.74399
-43.28712     -12.73092
-43.28825     -12.72791
-43.29391     -12.73084
-43.29796     -12.73655
-43.30181     -12.74549
-43.30139     -12.74964
 1             1             19 
1
 -9999.0   ,   9990.0
   7
 7 
-43.33768     -12.78699
-43.3351      -12.78748
-43.33415     -12.78633
-43.33009     -12.77947
-43.33052     -12.77601
-43.33263     -12.77622
-43.33768     -12.78699
 1             1             20 
1
 -9999.0   ,   9990.0
   7
 7 
-43.36239     -12.85555
-43.35933     -12.8549
-43.35565     -12.84089
-43.35866     -12.83763
-43.36178     -12.84381
-43.36328     -12.85186
-43.36239     -12.85555
 1             1             21 
1
 -9999.0   ,   9990.0
   7
 9 
-43.40903     -12.99202
-43.40357     -12.98702
-43.4002      -12.97946
-43.40383     -12.96974
-43.4033      -12.96468
-43.40492     -12.96236
-43.40726     -12.9621
-43.4104      -12.98924
-43.40903     -12.99202
 1             1             22 
1
 -9999.0   ,   9990.0
   7
 8 
-43.46332     -13.13713
-43.46165     -13.13416
-43.46157     -13.10906
-43.46435     -13.08669
-43.4667      -13.08712
-43.46864     -13.09216
-43.46493     -13.13389
-43.46332     -13.13713
 1             1             23 
1
 -9999.0   ,   9990.0
   7
 10 
-43.4399      -13.19913
-43.44134     -13.18253
-43.44388     -13.17905
-43.44926     -13.17691
-43.45246     -13.16996
-43.4555      -13.169
-43.45601     -13.17268
-43.45169     -13.18425
-43.44525     -13.19469
-43.4399      -13.19913
 1             1             24 
1
 -9999.0   ,   9990.0
   7
 6 
-43.47352     -13.31892
-43.4714      -13.31802
-43.46795     -13.30517
-43.46884     -13.30101
-43.47312     -13.3051
-43.47352     -13.31892
 1             1             25 
1
 -9999.0   ,   9990.0
   7
 10 
-43.45396     -13.46812
-43.45184     -13.46769
-43.44872     -13.4622
-43.44797     -13.45783
-43.4495      -13.44861
-43.44709     -13.44334
-43.448       -13.44126
-43.45035     -13.44146
-43.45499     -13.45545
-43.45396     -13.46812
 1             1             26 
1
 -9999.0   ,   9990.0
   7
 8 
-43.45369     -13.52315
-43.4518      -13.52179
-43.44544     -13.50161
-43.44702     -13.49652
-43.44982     -13.49419
-43.45311     -13.49484
-43.45528     -13.49873
-43.45369     -13.52315
 1             1             27 
1
 -9999.0   ,   9990.0
   7
 8 
-43.47532     -13.56226
-43.45592     -13.53233
-43.45824     -13.53
-43.46132     -13.53181
-43.47183     -13.54641
-43.47665     -13.55579
-43.47671     -13.5604
-43.47532     -13.56226
 1             1             28 
1
 -9999.0   ,   9990.0
   7
 6 
-43.52431     -13.58928
-43.52077     -13.58886
-43.51125     -13.57885
-43.515       -13.57789
-43.52331     -13.58469
-43.52431     -13.58928
 1             1             29 
1
 -9999.0   ,   9990.0
   7
 8 
-43.56319     -13.69055
-43.56688     -13.68498
-43.56948     -13.6861
-43.57022     -13.68931
-43.56802     -13.70085
-43.56472     -13.69997
-43.56558     -13.69398
-43.56319     -13.69055
 1             1             30 
1
 -9999.0   ,   9990.0
   7
 7 
-43.60565     -13.83067
-43.60257     -13.82933
-43.59788     -13.81212
-43.59877     -13.80797
-43.60308     -13.81367
-43.60677     -13.82674
-43.60565     -13.83067
 1             1             31 
1
 -9999.0   ,   9990.0
   7
 5 
-43.68042     -14.15333
-43.68002     -14.14091
-43.68264     -14.14317
-43.68254     -14.1533
-43.68042     -14.15333
 1             1             32 
1
 -9999.0   ,   9990.0
   7
 6 
-43.7453      -14.28527
-43.74341     -14.28506
-43.73429     -14.27276
-43.73758     -14.27225
-43.74597     -14.28296
-43.7453      -14.28527
 1             1             33 
1
 -9999.0   ,   9990.0
   7
 7 
-44.00069     -14.99289
-43.98791     -14.97467
-43.98929     -14.97235
-43.99551     -14.97779
-44.00204     -14.9885
-44.00233     -14.99218
-44.00069     -14.99289
 1 
 1             2             
1
 -9999.0   ,   9990.0
   7
 7 
-44.37639     -10.01175
-44.37802     -10.01264
-44.38474     -10.01162
-44.38654     -10.00814
-44.38534     -10.00539
-44.38003     -10.00755
-44.37639     -10.01175
 1 
 1             3             
1
 -9999.0   ,   9990.0
   7
 10 
-44.50175     -10.14976
-44.50393     -10.16998
-44.5031      -10.17598
-44.50408     -10.17942
-44.50665     -10.1803
-44.50893     -10.17773
-44.51082     -10.16504
-44.50932     -10.15861
-44.5041      -10.1511
-44.50175     -10.14976
 3 
 1             4             
1
 -9999.0   ,   9990.0
   7
 23 
-44.65429     -10.20944
-44.6539      -10.21359
-44.66368     -10.27214
-44.66863     -10.29071
-44.66859     -10.302
-44.67114     -10.30219
-44.67458     -10.29937
-44.6813      -10.28475
-44.68799     -10.2821
-44.69003     -10.27861
-44.69012     -10.26986
-44.69166     -10.26523
-44.69806     -10.25891
-44.69984     -10.25404
-44.69693     -10.24649
-44.69686     -10.24212
-44.69977     -10.23585
-44.69809     -10.23243
-44.69109     -10.2307
-44.68542     -10.22458
-44.67981     -10.22237
-44.66726     -10.22166
-44.65429     -10.20944
 1             4             2 
1
 -9999.0   ,   9990.0
   7
 7 
-44.6728      -10.24781
-44.66883     -10.24604
-44.6669      -10.24192
-44.66726     -10.23547
-44.67102     -10.23794
-44.67392     -10.24549
-44.6728      -10.24781
 1             4             3 
1
 -9999.0   ,   9990.0
   7
 9 
-44.68054     -10.28038
-44.67658     -10.27999
-44.67219     -10.26694
-44.67319     -10.25702
-44.67756     -10.25487
-44.68129     -10.2555
-44.68237     -10.2647
-44.68211     -10.27713
-44.68054     -10.28038
 1 
 1             5             
1
 -9999.0   ,   9990.0
   7
 8 
-44.47267     -10.23404
-44.47591     -10.23283
-44.483       -10.22604
-44.48795     -10.21629
-44.4817      -10.21754
-44.47394     -10.22596
-44.47216     -10.23082
-44.47267     -10.23404
 1 
 1             6             
1
 -9999.0   ,   9990.0
   7
 5 
-44.40471     -10.23787
-44.40362     -10.22799
-44.39964     -10.22529
-44.39108     -10.2275
-44.40471     -10.23787
 1 
 1             7             
1
 -9999.0   ,   9990.0
   7
 8 
-44.4287      -10.24279
-44.42494     -10.24032
-44.4237      -10.23527
-44.41904     -10.2342
-44.4182      -10.23927
-44.4201      -10.24247
-44.42314     -10.24403
-44.4287      -10.24279
 1 
 1             8             
1
 -9999.0   ,   9990.0
   7
 6 
-44.46416     -10.23855
-44.44972     -10.23624
-44.43888     -10.24056
-44.44193     -10.24258
-44.45052     -10.24268
-44.46416     -10.23855
 1 
 1             9             
1
 -9999.0   ,   9990.0
   7
 10 
-43.15278     -10.35786
-43.15765     -10.35689
-43.15846     -10.34583
-43.16209     -10.33819
-43.15883     -10.33753
-43.15515     -10.34034
-43.15149     -10.34614
-43.14926     -10.35468
-43.15045     -10.3572
-43.15278     -10.35786
 1 
 1             10            
1
 -9999.0   ,   9990.0
   7
 9 
-41.59736     -10.35665
-41.59532     -10.36725
-41.60341     -10.36029
-41.60546     -10.35154
-41.61124     -10.34713
-41.61376     -10.3409
-41.60054     -10.34304
-41.59965     -10.35157
-41.59736     -10.35665
 1 
 1             11            
1
 -9999.0   ,   9990.0
   7
 9 
-40.09703     -10.36607
-40.10167     -10.36468
-40.11236     -10.35432
-40.11167     -10.35248
-40.10888     -10.35087
-40.10075     -10.35064
-40.10051     -10.35662
-40.09494     -10.36192
-40.09703     -10.36607
 1 
 1             12            
1
 -9999.0   ,   9990.0
   7
 10 
-44.00335     -10.45781
-44.00707     -10.45845
-44.00936     -10.45611
-44.00952     -10.45081
-44.00786     -10.4483
-44.0046      -10.44743
-44.00059     -10.4438
-43.99808     -10.4466
-44.00231     -10.45023
-44.00335     -10.45781
 1 
 1             13            
1
 -9999.0   ,   9990.0
   7
 9 
-40.01442     -10.61913
-40.01652     -10.62074
-40.02279     -10.62074
-40.02768     -10.61798
-40.03372     -10.61222
-40.03605     -10.60324
-40.03396     -10.60324
-40.01652     -10.61522
-40.01442     -10.61913
 1 
 1             14            
1
 -9999.0   ,   9990.0
   7
 8 
-41.83683     -10.81967
-41.8405      -10.81043
-41.83747     -10.81022
-41.83441     -10.80356
-41.83305     -10.81002
-41.82959     -10.81557
-41.83332     -10.81601
-41.83683     -10.81967
 1 
 1             15            
1
 -9999.0   ,   9990.0
   7
 6 
-43.22046     -10.84531
-43.2209      -10.84254
-43.21853     -10.83911
-43.20967     -10.83691
-43.21043     -10.84243
-43.22046     -10.84531
 1 
 1             16            
1
 -9999.0   ,   9990.0
   7
 9 
-44.14808     -11.03102
-44.15366     -11.03025
-44.15618     -11.02745
-44.15475     -11.0254
-44.14892     -11.02456
-44.14453     -11.0267
-44.14316     -11.02902
-44.14459     -11.03084
-44.14808     -11.03102
 1 
 1             17            
1
 -9999.0   ,   9990.0
   7
 7 
-44.15795     -11.05322
-44.16073     -11.05203
-44.15638     -11.04103
-44.1538      -11.03969
-44.15107     -11.04434
-44.15114     -11.04871
-44.15795     -11.05322
 1 
 1             18            
1
 -9999.0   ,   9990.0
   7
 8 
-43.33097     -11.04555
-43.33567     -11.04849
-43.33641     -11.05217
-43.3406      -11.05258
-43.34078     -11.04751
-43.33816     -11.04316
-43.33281     -11.04299
-43.33097     -11.04555
 1 
 1             19            
1
 -9999.0   ,   9990.0
   7
 5 
-43.32643     -11.05482
-43.32578     -11.05943
-43.33557     -11.06001
-43.33529     -11.05632
-43.32643     -11.05482
 1 
 1             20            
1
 -9999.0   ,   9990.0
   7
 6 
-43.33267     -11.09113
-43.33688     -11.07289
-43.33565     -11.06692
-43.33029     -11.06652
-43.32575     -11.07717
-43.33267     -11.09113
 1 
 1             21            
1
 -9999.0   ,   9990.0
   7
 7 
-43.03632     -11.10254
-43.03879     -11.09422
-43.03687     -11.08802
-43.03431     -11.08874
-43.03252     -11.09567
-43.03327     -11.10073
-43.03632     -11.10254
 1 
 1             22            
1
 -9999.0   ,   9990.0
   7
 6 
-44.38102     -11.12723
-44.38376     -11.1235
-44.38411     -11.11612
-44.38032     -11.11204
-44.37953     -11.12103
-44.38102     -11.12723
 1 
 1             23            
1
 -9999.0   ,   9990.0
   7
 15 
-43.32372     -11.12279
-43.31503     -11.11668
-43.30409     -11.11727
-43.2908      -11.11581
-43.28591     -11.11656
-43.28198     -11.11937
-43.27787     -11.12563
-43.28715     -11.12322
-43.29085     -11.12041
-43.31065     -11.12087
-43.3151      -11.12243
-43.32127     -11.1325
-43.32357     -11.13017
-43.32212     -11.12534
-43.32372     -11.12279
 1 
 1             24            
1
 -9999.0   ,   9990.0
   7
 8 
-43.25085     -11.12595
-43.25246     -11.12385
-43.25104     -11.12203
-43.24519     -11.12002
-43.24101     -11.12053
-43.2401      -11.12261
-43.24362     -11.12488
-43.25085     -11.12595
 1 
 1             25            
1
 -9999.0   ,   9990.0
   7
 7 
-44.07406     -11.16293
-44.0789      -11.15895
-44.08045     -11.15386
-44.07993     -11.14949
-44.07492     -11.1415
-44.07241     -11.14522
-44.07406     -11.16293
 1 
 1             26            
1
 -9999.0   ,   9990.0
   7
 10 
-44.36244     -11.16091
-44.36891     -11.15782
-44.37635     -11.15655
-44.37887     -11.15421
-44.37745     -11.15262
-44.37347     -11.15153
-44.37129     -11.14558
-44.36574     -11.14842
-44.36281     -11.15492
-44.36244     -11.16091
 1 
 1             27            
1
 -9999.0   ,   9990.0
   7
 6 
-44.3982      -11.15159
-44.39172     -11.14992
-44.3912      -11.15387
-44.3937      -11.15578
-44.39673     -11.1545
-44.3982      -11.15159
 1 
 1             28            
1
 -9999.0   ,   9990.0
   7
 6 
-44.38494     -11.18244
-44.38784     -11.17641
-44.38661     -11.17229
-44.38034     -11.17376
-44.38027     -11.17833
-44.38494     -11.18244
 1 
 1             29            
1
 -9999.0   ,   9990.0
   7
 12 
-44.09804     -11.17756
-44.09541     -11.17345
-44.09283     -11.17233
-44.09035     -11.17767
-44.08551     -11.18142
-44.08718     -11.18416
-44.09022     -11.18481
-44.09428     -11.19166
-44.09794     -11.18723
-44.1024      -11.18924
-44.10539     -11.18666
-44.09804     -11.17756
 1 
 1             30            
1
 -9999.0   ,   9990.0
   7
 9 
-43.02883     -11.20995
-43.03088     -11.20601
-43.03038     -11.20279
-43.02545     -11.1987
-43.02055     -11.19852
-43.01895     -11.2013
-43.02038     -11.20382
-43.02533     -11.20952
-43.02883     -11.20995
 1 
 1             31            
1
 -9999.0   ,   9990.0
   7
 10 
-43.11587     -11.20071
-43.12714     -11.20888
-43.13133     -11.20837
-43.13248     -11.20697
-43.13737     -11.20738
-43.13875     -11.20529
-43.13662     -11.20255
-43.12778     -11.2038
-43.12098     -11.19973
-43.11587     -11.20071
 1 
 1             32            
1
 -9999.0   ,   9990.0
   7
 8 
-43.76008     -11.21981
-43.76076     -11.21796
-43.75886     -11.21499
-43.75016     -11.20866
-43.7488      -11.21236
-43.75047     -11.21487
-43.75588     -11.21872
-43.76008     -11.21981
 1 
 1             33            
1
 -9999.0   ,   9990.0
   7
 9 
-43.71746     -11.22038
-43.72584     -11.22027
-43.72652     -11.21864
-43.72017     -11.21435
-43.71597     -11.21349
-43.7097      -11.21541
-43.70741     -11.21843
-43.70883     -11.22026
-43.71746     -11.22038
 1 
 1             34            
1
 -9999.0   ,   9990.0
   7
 19 
-40.03573     -11.21744
-40.04388     -11.23033
-40.0483      -11.2483
-40.05481     -11.25452
-40.06204     -11.26534
-40.06483     -11.25981
-40.05692     -11.24254
-40.05925     -11.23724
-40.07137     -11.23586
-40.08721     -11.24277
-40.0963      -11.24438
-40.11354     -11.24391
-40.11769     -11.24168
-40.10096     -11.23517
-40.07417     -11.22734
-40.05809     -11.22711
-40.05296     -11.22573
-40.03969     -11.2179
-40.03573     -11.21744
 1 
 1             35            
1
 -9999.0   ,   9990.0
   7
 11 
-43.03559     -11.23245
-43.03842     -11.23564
-43.0352      -11.24028
-43.03686     -11.24257
-43.0394      -11.24093
-43.04616     -11.24085
-43.04706     -11.23808
-43.04608     -11.23326
-43.0339      -11.22694
-43.03276     -11.22925
-43.03559     -11.23245
 1 
 1             36            
1
 -9999.0   ,   9990.0
   7
 9 
-43.77153     -11.23901
-43.77644     -11.24101
-43.77835     -11.24375
-43.77874     -11.23822
-43.77677     -11.23087
-43.77442     -11.22906
-43.77186     -11.22887
-43.77049     -11.23142
-43.77153     -11.23901
 1 
 1             37            
1
 -9999.0   ,   9990.0
   7
 18 
-43.10587     -11.24643
-43.1106      -11.25282
-43.12156     -11.27504
-43.12382     -11.29022
-43.1327      -11.31407
-43.13424     -11.32649
-43.1429      -11.35104
-43.14592     -11.35055
-43.14635     -11.34686
-43.14085     -11.33448
-43.13907     -11.32022
-43.13591     -11.30851
-43.13091     -11.29912
-43.12849     -11.29086
-43.12814     -11.28004
-43.10766     -11.2388
-43.10394     -11.24023
-43.10587     -11.24643
 1 
 1             38            
1
 -9999.0   ,   9990.0
   7
 7 
-43.04775     -11.25903
-43.05054     -11.25808
-43.04694     -11.24868
-43.04508     -11.24916
-43.04164     -11.25357
-43.04213     -11.2561
-43.04775     -11.25903
 1 
 1             39            
1
 -9999.0   ,   9990.0
   7
 6 
-43.13954     -11.27807
-43.1441      -11.26834
-43.14405     -11.26374
-43.14012     -11.26677
-43.13719     -11.27648
-43.13954     -11.27807
 1 
 1             40            
1
 -9999.0   ,   9990.0
   7
 7 
-43.8288      -11.28753
-43.83013     -11.28221
-43.8288      -11.27048
-43.82577     -11.26983
-43.82464     -11.2733
-43.82622     -11.28641
-43.8288      -11.28753
 1 
 1             41            
1
 -9999.0   ,   9990.0
   7
 9 
-42.03312     -11.28816
-42.03802     -11.28928
-42.04476     -11.28693
-42.04777     -11.28391
-42.04472     -11.28048
-42.03911     -11.27914
-42.03516     -11.28032
-42.03264     -11.2861
-42.03312     -11.28816
 1 
 1             42            
1
 -9999.0   ,   9990.0
   7
 7 
-43.39857     -11.30755
-43.40159     -11.30682
-43.39968     -11.30246
-43.40031     -11.29624
-43.39657     -11.29559
-43.39451     -11.29884
-43.39857     -11.30755
 1 
 1             43            
1
 -9999.0   ,   9990.0
   7
 9 
-43.83213     -11.32756
-43.83418     -11.32362
-43.82586     -11.31152
-43.82242     -11.29844
-43.81914     -11.29687
-43.81755     -11.30058
-43.8208      -11.31643
-43.82342     -11.321
-43.83213     -11.32756
 1 
 1             44            
1
 -9999.0   ,   9990.0
   7
 8 
-43.36862     -11.33739
-43.37343     -11.33042
-43.37945     -11.32666
-43.37895     -11.32344
-43.37684     -11.32278
-43.36431     -11.32707
-43.3641      -11.32938
-43.36862     -11.33739
 1 
 1             45            
1
 -9999.0   ,   9990.0
   7
 8 
-43.17151     -11.3452
-43.17472     -11.34101
-43.17283     -11.33804
-43.16818     -11.33994
-43.15837     -11.33774
-43.15606     -11.33961
-43.15772     -11.34236
-43.17151     -11.3452
 1 
 1             46            
1
 -9999.0   ,   9990.0
   7
 20 
-43.35053     -11.36524
-43.34238     -11.36557
-43.33313     -11.37259
-43.33173     -11.37238
-43.33155     -11.37675
-43.33322     -11.38042
-43.33815     -11.38312
-43.35518     -11.38385
-43.36096     -11.38009
-43.36481     -11.36991
-43.37173     -11.36384
-43.37144     -11.35878
-43.36722     -11.35698
-43.35065     -11.37561
-43.34601     -11.37773
-43.34019     -11.37826
-43.33783     -11.37576
-43.3385      -11.37322
-43.34293     -11.3727
-43.35053     -11.36524
 1 
 1             47            
1
 -9999.0   ,   9990.0
   7
 8 
-43.16242     -11.38814
-43.16401     -11.38421
-43.16159     -11.37571
-43.16224     -11.37133
-43.16082     -11.36996
-43.15786     -11.37621
-43.15983     -11.3861
-43.16242     -11.38814
 1 
 1             48            
1
 -9999.0   ,   9990.0
   7
 10 
-43.20666     -11.404
-43.21015     -11.4028
-43.20943     -11.40143
-43.2026      -11.39529
-43.19807     -11.38567
-43.1955      -11.38593
-43.19483     -11.3887
-43.19676     -11.39466
-43.20385     -11.40311
-43.20666     -11.404
 1 
 1             49            
1
 -9999.0   ,   9990.0
   7
 9 
-43.2245      -11.41462
-43.22541     -11.41253
-43.22419     -11.40771
-43.21945     -11.40109
-43.21466     -11.38962
-43.21208     -11.38827
-43.21192     -11.39449
-43.22263     -11.41441
-43.2245      -11.41462
 1 
 1             50            
1
 -9999.0   ,   9990.0
   7
 6 
-44.36282     -11.39816
-44.3691      -11.39714
-44.36971     -11.39091
-44.36759     -11.38956
-44.36345     -11.39331
-44.36282     -11.39816
 1 
 1             51            
1
 -9999.0   ,   9990.0
   7
 8 
-43.36446     -11.39986
-43.36886     -11.3975
-43.37139     -11.39425
-43.36972     -11.39058
-43.36621     -11.39016
-43.36367     -11.39227
-43.36302     -11.39688
-43.36446     -11.39986
 1 
 1             52            
1
 -9999.0   ,   9990.0
   7
 8 
-43.16915     -11.40603
-43.17174     -11.40923
-43.17408     -11.40989
-43.17569     -11.4078
-43.17167     -11.40209
-43.16979     -11.40119
-43.16864     -11.40281
-43.16915     -11.40603
 1 
 1             53            
1
 -9999.0   ,   9990.0
   7
 7 
-40.02537     -11.4162
-40.0242      -11.41896
-40.02815     -11.42933
-40.03049     -11.42956
-40.03212     -11.42587
-40.03119     -11.42334
-40.02537     -11.4162
 1 
 1             54            
1
 -9999.0   ,   9990.0
   7
 7 
-42.90343     -11.43767
-42.90879     -11.43693
-42.90754     -11.42911
-42.90495     -11.42614
-42.90052     -11.42665
-42.89916     -11.43035
-42.90343     -11.43767
 1 
 1             55            
1
 -9999.0   ,   9990.0
   7
 7 
-43.25539     -11.4449
-43.26498     -11.44778
-43.26636     -11.44592
-43.26515     -11.44202
-43.25854     -11.4345
-43.25532     -11.43891
-43.25539     -11.4449
 1 
 1             56            
1
 -9999.0   ,   9990.0
   7
 15 
-43.20966     -11.46362
-43.21295     -11.46588
-43.21676     -11.47298
-43.21955     -11.47249
-43.21833     -11.4679
-43.2117      -11.45899
-43.20928     -11.45118
-43.2062      -11.44661
-43.20364     -11.44664
-43.20296     -11.44895
-43.2063      -11.45536
-43.20539     -11.45768
-43.20026     -11.45681
-43.20146     -11.46072
-43.20966     -11.46362
 1 
 1             57            
1
 -9999.0   ,   9990.0
   7
 7 
-43.22796     -11.4945
-43.22864     -11.49242
-43.22552     -11.48486
-43.22197     -11.48006
-43.22106     -11.48261
-43.22608     -11.4936
-43.22796     -11.4945
 1 
 1             58            
1
 -9999.0   ,   9990.0
   7
 6 
-43.30153     -11.50287
-43.30663     -11.50027
-43.31238     -11.49399
-43.30838     -11.49035
-43.30422     -11.49431
-43.30153     -11.50287
 1 
 1             59            
1
 -9999.0   ,   9990.0
   7
 6 
-43.06031     -11.49821
-43.06169     -11.49635
-43.05931     -11.49223
-43.05558     -11.49273
-43.05725     -11.4964
-43.06031     -11.49821
 1 
 1             60            
1
 -9999.0   ,   9990.0
   7
 6 
-43.36643     -11.50878
-43.36813     -11.51406
-43.37259     -11.51608
-43.37605     -11.51327
-43.37203     -11.50895
-43.36643     -11.50878
 1 
 1             61            
1
 -9999.0   ,   9990.0
   7
 6 
-43.31706     -11.53516
-43.31865     -11.53123
-43.31063     -11.52326
-43.30595     -11.52263
-43.30739     -11.52629
-43.31706     -11.53516
 1 
 1             62            
1
 -9999.0   ,   9990.0
   7
 10 
-43.16532     -11.54635
-43.16815     -11.54862
-43.17101     -11.55434
-43.17498     -11.55499
-43.17612     -11.55198
-43.17418     -11.54556
-43.17182     -11.54328
-43.16235     -11.54148
-43.16277     -11.54404
-43.16532     -11.54635
 1 
 1             63            
1
 -9999.0   ,   9990.0
   7
 9 
-43.15765     -11.56993
-43.16623     -11.56522
-43.16666     -11.56153
-43.16309     -11.55535
-43.15794     -11.5538
-43.15612     -11.55797
-43.1592      -11.56208
-43.15647     -11.5681
-43.15765     -11.56993
 1 
 1             64            
1
 -9999.0   ,   9990.0
   7
 15 
-43.29622     -11.58663
-43.29431     -11.58587
-43.28907     -11.6072
-43.27358     -11.62919
-43.27431     -11.63194
-43.27825     -11.62936
-43.28173     -11.62794
-43.28641     -11.6295
-43.28731     -11.62626
-43.28469     -11.62169
-43.28582     -11.61868
-43.29068     -11.61517
-43.29127     -11.60634
-43.29536     -11.596
-43.29622     -11.58663
 1 
 1             65            
1
 -9999.0   ,   9990.0
   7
 10 
-43.2269      -11.64999
-43.22946     -11.64858
-43.23238     -11.63864
-43.23301     -11.63219
-43.22925     -11.63062
-43.2274      -11.63156
-43.22631     -11.63825
-43.22289     -11.64589
-43.22317     -11.6498
-43.2269      -11.64999
 1 
 1             66            
1
 -9999.0   ,   9990.0
   7
 15 
-43.28342     -11.65326
-43.27292     -11.65361
-43.2706      -11.65502
-43.26383     -11.65418
-43.25901     -11.66114
-43.25246     -11.66053
-43.25297     -11.66467
-43.25626     -11.66601
-43.26163     -11.66618
-43.2672      -11.66312
-43.26982     -11.66839
-43.27378     -11.66719
-43.27652     -11.66255
-43.28069     -11.65928
-43.28342     -11.65326
 1 
 1             67            
1
 -9999.0   ,   9990.0
   7
 8 
-43.15487     -11.69964
-43.15602     -11.69755
-43.15101     -11.6877
-43.14842     -11.68612
-43.14634     -11.68752
-43.14567     -11.69099
-43.15182     -11.69806
-43.15487     -11.69964
 1 
 1             68            
1
 -9999.0   ,   9990.0
   7
 8 
-42.95203     -11.7214
-42.95411     -11.71977
-42.95361     -11.71655
-42.94846     -11.71499
-42.94403     -11.7155
-42.94265     -11.71712
-42.94642     -11.72054
-42.95203     -11.7214
 1 
 1             69            
1
 -9999.0   ,   9990.0
   7
 7 
-43.48666     -11.72776
-43.49159     -11.72977
-43.49362     -11.72422
-43.49286     -11.71939
-43.49028     -11.71873
-43.4868      -11.72039
-43.48666     -11.72776
 1 
 1             70            
1
 -9999.0   ,   9990.0
   7
 7 
-44.33794     -11.72241
-44.34666     -11.72758
-44.35388     -11.72701
-44.35568     -11.72214
-44.35192     -11.72036
-44.3421      -11.72005
-44.33794     -11.72241
 1 
 1             71            
1
 -9999.0   ,   9990.0
   7
 6 
-43.47034     -11.72934
-43.47623     -11.73388
-43.4783      -11.73132
-43.47732     -11.72718
-43.47264     -11.72678
-43.47034     -11.72934
 1 
 1             72            
1
 -9999.0   ,   9990.0
   7
 7 
-43.45936     -11.72925
-43.45897     -11.73547
-43.46112     -11.7389
-43.46503     -11.7347
-43.46405     -11.73057
-43.46216     -11.72875
-43.45936     -11.72925
 1 
 1             73            
1
 -9999.0   ,   9990.0
   7
 12 
-43.37363     -11.78303
-43.37384     -11.78095
-43.3628      -11.76806
-43.36064     -11.75048
-43.3624      -11.74193
-43.36119     -11.73757
-43.35865     -11.74036
-43.35743     -11.75581
-43.3591      -11.76796
-43.36541     -11.77921
-43.37036     -11.78307
-43.37363     -11.78303
 1 
 1             74            
1
 -9999.0   ,   9990.0
   7
 7 
-42.06262     -11.81263
-42.05984     -11.8168
-42.06014     -11.82555
-42.06179     -11.82715
-42.06528     -11.82643
-42.068       -11.81398
-42.06262     -11.81263
 1 
 1             75            
1
 -9999.0   ,   9990.0
   7
 8 
-43.37956     -11.85068
-43.38067     -11.8456
-43.3873      -11.83423
-43.38656     -11.83078
-43.37735     -11.84149
-43.37507     -11.84635
-43.37582     -11.85049
-43.37956     -11.85068
 1 
 1             76            
1
 -9999.0   ,   9990.0
   7
 16 
-43.30854     -11.92937
-43.31274     -11.92909
-43.31433     -11.92516
-43.30456     -11.88865
-43.30818     -11.87847
-43.30554     -11.87251
-43.30379     -11.8624
-43.30559     -11.85662
-43.30998     -11.85196
-43.31119     -11.84242
-43.30297     -11.85181
-43.30139     -11.8569
-43.30036     -11.88916
-43.30144     -11.90158
-43.30554     -11.91305
-43.30854     -11.92937
 1 
 1             77            
1
 -9999.0   ,   9990.0
   7
 7 
-44.62815     -11.85325
-44.63288     -11.85663
-44.63804     -11.85815
-44.64128     -11.8558
-44.64144     -11.85188
-44.63676     -11.85126
-44.62815     -11.85325
 1 
 1             78            
1
 -9999.0   ,   9990.0
   7
 6 
-42.53259     -11.91272
-42.53674     -11.90669
-42.53484     -11.90325
-42.52904     -11.90722
-42.52907     -11.91114
-42.53259     -11.91272
 1 
 1             79            
1
 -9999.0   ,   9990.0
   7
 8 
-41.20364     -11.95158
-41.20785     -11.95156
-41.21087     -11.94878
-41.21293     -11.93795
-41.21129     -11.93588
-41.20315     -11.94559
-41.202       -11.94905
-41.20364     -11.95158
 1 
 1             80            
1
 -9999.0   ,   9990.0
   7
 7 
-43.29898     -12.05317
-43.28689     -12.05884
-43.28998     -12.06364
-43.2862      -12.06783
-43.29259     -12.06684
-43.29765     -12.05918
-43.29898     -12.05317
 1 
 1             81            
1
 -9999.0   ,   9990.0
   7
 8 
-41.87697     -12.07211
-41.88141     -12.07162
-41.88953     -12.06189
-41.88951     -12.05844
-41.88717     -12.05822
-41.88181     -12.06102
-41.87649     -12.06935
-41.87697     -12.07211
 1 
 1             82            
1
 -9999.0   ,   9990.0
   7
 20 
-43.36954     -12.06353
-43.36684     -12.05975
-43.36195     -12.06142
-43.35921     -12.06721
-43.35478     -12.06795
-43.35201     -12.07075
-43.34616     -12.07013
-43.34479     -12.07314
-43.33592     -12.07393
-43.33175     -12.07744
-43.328       -12.07656
-43.3271      -12.07956
-43.32925     -12.08345
-43.33437     -12.08178
-43.33812     -12.08266
-43.34324     -12.08075
-43.35026     -12.0809
-43.36254     -12.072
-43.36479     -12.06461
-43.36954     -12.06353
 1 
 1             83            
1
 -9999.0   ,   9990.0
   7
 7 
-43.2862      -12.06783
-43.28486     -12.06485
-43.28229     -12.06488
-43.27724     -12.073
-43.2782      -12.07553
-43.28077     -12.07504
-43.2862      -12.06783
 1 
 1             84            
1
 -9999.0   ,   9990.0
   7
 7 
-43.30121     -12.10497
-43.30491     -12.10124
-43.30626     -12.09662
-43.30574     -12.09156
-43.30226     -12.09436
-43.30068     -12.09968
-43.30121     -12.10497
 1 
 1             85            
1
 -9999.0   ,   9990.0
   7
 11 
-43.41727     -12.09461
-43.41825     -12.09852
-43.42276     -12.10422
-43.43143     -12.10596
-43.44146     -12.10445
-43.44787     -12.09286
-43.4439      -12.09337
-43.43532     -12.09946
-43.42647     -12.10141
-43.4203      -12.09389
-43.41727     -12.09461
 1 
 1             86            
1
 -9999.0   ,   9990.0
   7
 8 
-43.248       -12.15396
-43.25074     -12.14794
-43.25069     -12.14333
-43.24462     -12.14409
-43.24137     -12.14597
-43.2449      -12.14869
-43.24519     -12.15353
-43.248       -12.15396
 1 
 1             87            
1
 -9999.0   ,   9990.0
   7
 7 
-43.23565     -12.2117
-43.23323     -12.21194
-43.23277     -12.21333
-43.23611     -12.21882
-43.23856     -12.21789
-43.23868     -12.21637
-43.23565     -12.2117
 1 
 1             88            
1
 -9999.0   ,   9990.0
   7
 7 
-43.21365     -12.21838
-43.22497     -12.22608
-43.22682     -12.22445
-43.22632     -12.22146
-43.21618     -12.21398
-43.2122      -12.21379
-43.21365     -12.21838
 1 
 1             89            
1
 -9999.0   ,   9990.0
   7
 10 
-43.29027     -12.25136
-43.29285     -12.25225
-43.29587     -12.25037
-43.29767     -12.24459
-43.29773     -12.22893
-43.29627     -12.22434
-43.29418     -12.22506
-43.29281     -12.22807
-43.29324     -12.24511
-43.29027     -12.25136
 1 
 1             90            
1
 -9999.0   ,   9990.0
   7
 9 
-43.24221     -12.24155
-43.24431     -12.2406
-43.24428     -12.23853
-43.23649     -12.23217
-43.22899     -12.23041
-43.22807     -12.23204
-43.22927     -12.23456
-43.23423     -12.23865
-43.24221     -12.24155
 1 
 1             91            
1
 -9999.0   ,   9990.0
   7
 8 
-43.25537     -12.26719
-43.25793     -12.26624
-43.25969     -12.25632
-43.25658     -12.25083
-43.25578     -12.24208
-43.2525      -12.24143
-43.25162     -12.24651
-43.25537     -12.26719
 1 
 1             92            
1
 -9999.0   ,   9990.0
   7
 10 
-42.72183     -12.26567
-42.7274      -12.26032
-42.73105     -12.2513
-42.72985     -12.2474
-42.72657     -12.2472
-42.72124     -12.25255
-42.71376     -12.25262
-42.7138      -12.25769
-42.71874     -12.25994
-42.72183     -12.26567
 1 
 1             93            
1
 -9999.0   ,   9990.0
   7
 8 
-43.24407     -12.26087
-43.2457      -12.26017
-43.24636     -12.25716
-43.24068     -12.25124
-43.23646     -12.24991
-43.23601     -12.25198
-43.23768     -12.2545
-43.24407     -12.26087
 1 
 1             94            
1
 -9999.0   ,   9990.0
   7
 10 
-43.23806     -12.26716
-43.23715     -12.26925
-43.23859     -12.27315
-43.2397      -12.27373
-43.24283     -12.2754
-43.24667     -12.28388
-43.25067     -12.28591
-43.25252     -12.28381
-43.24391     -12.26756
-43.23806     -12.26716
 1 
 1             95            
1
 -9999.0   ,   9990.0
   7
 5 
-43.2633      -12.28622
-43.26514     -12.28321
-43.2601      -12.27175
-43.25803     -12.27523
-43.2633      -12.28622
 1 
 1             96            
1
 -9999.0   ,   9990.0
   7
 21 
-43.23881     -12.29203
-43.24047     -12.29478
-43.2389      -12.30009
-43.23475     -12.30543
-43.23481     -12.31119
-43.23206     -12.31583
-43.23492     -12.32087
-43.23583     -12.31901
-43.24192     -12.31917
-43.24305     -12.3157
-43.24063     -12.30813
-43.24223     -12.30489
-43.2448      -12.30532
-43.24769     -12.31266
-43.2514      -12.30916
-43.25085     -12.30757
-43.24341     -12.28576
-43.2425      -12.28547
-43.2406      -12.28487
-43.23921     -12.2865
-43.23881     -12.29203
 1 
 1             97            
1
 -9999.0   ,   9990.0
   7
 6 
-43.27312     -12.30638
-43.27426     -12.3036
-43.27063     -12.29282
-43.26828     -12.29238
-43.26979     -12.30135
-43.27312     -12.30638
 1 
 1             98            
1
 -9999.0   ,   9990.0
   7
 11 
-43.26189     -12.30959
-43.25977     -12.30446
-43.25577     -12.30289
-43.25487     -12.3059
-43.25755     -12.30928
-43.25867     -12.31069
-43.26116     -12.32448
-43.26372     -12.3233
-43.26462     -12.32029
-43.26241     -12.31088
-43.26189     -12.30959
 1 
 1             99            
1
 -9999.0   ,   9990.0
   7
 12 
-43.26613     -12.3493
-43.26986     -12.34879
-43.2805      -12.33738
-43.27835     -12.33396
-43.27603     -12.33559
-43.27368     -12.33493
-43.27735     -12.32867
-43.27663     -12.32614
-43.27085     -12.33266
-43.27        -12.3405
-43.26586     -12.34654
-43.26613     -12.3493
 1 
 1             100           
1
 -9999.0   ,   9990.0
   7
 7 
-43.27089     -12.37711
-43.27229     -12.3771
-43.2776      -12.37036
-43.27756     -12.36736
-43.27522     -12.36716
-43.26924     -12.37644
-43.27089     -12.37711
 1 
 1             101           
1
 -9999.0   ,   9990.0
   7
 23 
-43.23006     -12.38725
-43.22537     -12.38708
-43.22212     -12.38965
-43.22079     -12.39565
-43.21632     -12.39409
-43.21306     -12.39482
-43.21241     -12.40012
-43.21388     -12.4054
-43.21112     -12.41027
-43.21148     -12.42132
-43.21157     -12.42915
-43.21518     -12.43832
-43.21622     -12.44752
-43.21955     -12.45255
-43.22093     -12.44954
-43.21648     -12.4291
-43.21734     -12.42195
-43.21585     -12.4139
-43.21787     -12.40674
-43.21734     -12.40145
-43.22273     -12.40208
-43.2266      -12.39213
-43.23006     -12.38725
 1 
 1             102           
1
 -9999.0   ,   9990.0
   7
 8 
-42.68037     -12.43604
-42.68246     -12.43464
-42.68406     -12.43048
-42.68237     -12.42428
-42.67815     -12.42363
-42.67446     -12.43034
-42.67591     -12.43516
-42.68037     -12.43604
 1 
 1             103           
1
 -9999.0   ,   9990.0
   7
 8 
-42.68553     -12.46294
-42.68761     -12.45947
-42.6836      -12.45605
-42.67867     -12.45448
-42.67495     -12.45797
-42.67615     -12.46096
-42.67992     -12.46276
-42.68553     -12.46294
 1 
 1             104           
1
 -9999.0   ,   9990.0
   7
 8 
-42.66661     -12.49214
-42.67469     -12.48009
-42.67443     -12.47686
-42.67065     -12.47344
-42.66737     -12.47348
-42.66487     -12.48133
-42.6607      -12.48621
-42.66661     -12.49214
 1 
 1             105           
1
 -9999.0   ,   9990.0
   7
 246 
-40           -12.5521
-40.00388     -12.55258
-40.01277     -12.5581
-40.01863     -12.55764
-40.02706     -12.55396
-40.03595     -12.5535
-40.04064     -12.55488
-40.04555     -12.56087
-40.05093     -12.57308
-40.05327     -12.5839
-40.05279     -12.59495
-40.05841     -12.60992
-40.06168     -12.61384
-40.07081     -12.62328
-40.07854     -12.62581
-40.08346     -12.62996
-40.08556     -12.6341
-40.09423     -12.63848
-40.10032     -12.64515
-40.11694     -12.679
-40.12349     -12.68153
-40.13685     -12.68383
-40.15432     -12.69006
-40.16589     -12.69418
-40.17667     -12.69533
-40.17924     -12.69832
-40.17714     -12.70938
-40.17878     -12.72158
-40.17901     -12.72619
-40.18252     -12.7301
-40.19471     -12.73677
-40.20197     -12.74483
-40.20525     -12.75104
-40.21697     -12.76048
-40.22095     -12.75909
-40.22517     -12.75126
-40.23243     -12.74389
-40.23922     -12.73928
-40.24766     -12.7372
-40.29311     -12.73048
-40.31536     -12.73046
-40.33153     -12.73735
-40.33857     -12.74218
-40.34534     -12.7581
-40.34866     -12.76589
-40.36741     -12.78706
-40.37281     -12.79603
-40.37516     -12.80386
-40.37635     -12.82942
-40.38175     -12.8476
-40.38247     -12.85704
-40.3874      -12.86694
-40.39137     -12.87214
-40.39655     -12.8789
-40.40851     -12.88948
-40.43785     -12.92882
-40.44325     -12.93549
-40.45334     -12.94261
-40.46178     -12.94628
-40.46975     -12.94466
-40.48124     -12.94533
-40.49063     -12.94969
-40.50072     -12.95866
-40.52208     -12.97175
-40.53335     -12.98324
-40.54133     -12.98714
-40.54601     -12.98621
-40.55937     -12.98066
-40.59455     -12.98405
-40.60182     -12.98288
-40.60487     -12.98126
-40.63418     -12.98051
-40.64019     -12.98202
-40.65506     -12.98576
-40.66398     -12.98989
-40.67995     -13.00229
-40.69734     -13.01952
-40.71307     -13.03076
-40.72808     -13.02796
-40.73652     -13.02932
-40.74286     -13.03184
-40.74944     -13.03735
-40.76002     -13.04769
-40.7729      -13.03775
-40.79094     -13.03264
-40.8022      -13.03261
-40.80808     -13.03605
-40.81466     -13.04247
-40.82052     -13.04338
-40.83974     -13.0355
-40.8519      -13.02188
-40.85729     -13.01933
-40.86198     -13.02046
-40.89396     -13.04915
-40.90029     -13.04936
-40.90638     -13.04727
-40.91395     -13.04814
-40.9221      -13.04907
-40.92848     -13.04818
-40.93802     -13.03888
-40.94525     -13.02412
-40.94868     -12.99303
-40.95171     -12.98542
-40.95873     -12.97964
-40.96436     -12.97962
-40.96882     -12.9826
-40.97281     -12.98305
-40.97772     -12.9798
-40.98051     -12.97105
-40.98072     -12.96299
-40.98006     -12.95858
-40.97833     -12.94711
-40.97407     -12.93468
-40.97477     -12.931
-40.97781     -12.92983
-40.98392     -12.93396
-40.98978     -12.93371
-41.00524     -12.92813
-41.0268      -12.92644
-41.03101     -12.9239
-41.03006     -12.91998
-41.02538     -12.92
-41.00053     -12.92285
-40.98414     -12.92774
-40.98061     -12.92683
-40.97568     -12.92178
-40.96983     -12.92618
-40.96821     -12.9347
-40.96965     -12.94598
-40.97437     -12.95702
-40.9749      -12.97498
-40.97279     -12.97844
-40.9674      -12.97731
-40.96316     -12.97156
-40.96011     -12.96996
-40.95589     -12.97067
-40.95098     -12.97529
-40.94166     -12.99558
-40.93939     -13.02322
-40.92819     -13.04306
-40.92139     -13.04469
-40.90777     -13.04105
-40.89793     -13.04431
-40.89167     -13.03825
-40.87206     -13.01928
-40.8622      -13.0131
-40.85633     -13.01265
-40.85165     -13.01497
-40.82637     -13.0353
-40.82192     -13.0367
-40.81181     -13.03051
-40.80289     -13.02708
-40.79046     -13.02573
-40.78319     -13.02667
-40.77195     -13.0343
-40.76515     -13.03731
-40.75882     -13.03802
-40.74778     -13.02768
-40.73639     -13.02267
-40.73064     -13.02013
-40.72595     -13.02037
-40.71306     -13.02478
-40.70836     -13.02271
-40.66889     -12.98458
-40.64026     -12.97428
-40.62713     -12.97178
-40.61541     -12.97272
-40.59548     -12.97737
-40.59478     -12.97737
-40.58915     -12.97738
-40.57718     -12.97372
-40.56499     -12.97305
-40.54905     -12.97792
-40.53615     -12.97771
-40.53193     -12.97564
-40.52746     -12.96805
-40.52042     -12.96093
-40.5101      -12.95726
-40.4993      -12.94231
-40.49437     -12.93794
-40.48615     -12.93427
-40.47443     -12.93314
-40.46389     -12.93914
-40.45896     -12.93961
-40.4531      -12.93639
-40.43972     -12.92098
-40.42328     -12.89453
-40.40498     -12.87659
-40.39864     -12.86739
-40.39591     -12.86519
-40.3909      -12.86118
-40.38833     -12.85727
-40.38644     -12.84806
-40.38878     -12.83769
-40.38784     -12.8324
-40.38408     -12.8301
-40.38151     -12.82573
-40.38125     -12.80017
-40.37843     -12.79188
-40.36389     -12.7691
-40.35685     -12.76151
-40.3524      -12.75322
-40.34137     -12.73734
-40.33481     -12.7309
-40.31606     -12.72263
-40.29966     -12.71965
-40.28912     -12.72105
-40.26804     -12.72843
-40.24812     -12.72637
-40.23869     -12.72903
-40.23664     -12.72961
-40.2261      -12.73998
-40.21837     -12.75219
-40.21556     -12.75196
-40.20876     -12.74644
-40.20338     -12.73723
-40.19026     -12.7271
-40.18674     -12.72135
-40.18369     -12.70822
-40.18651     -12.69717
-40.18346     -12.69164
-40.17761     -12.68842
-40.16613     -12.68543
-40.16517     -12.68534
-40.15418     -12.68428
-40.13872     -12.67738
-40.13146     -12.67577
-40.12842     -12.67739
-40.12349     -12.67647
-40.11952     -12.67347
-40.11296     -12.65643
-40.09681     -12.62742
-40.0947      -12.62535
-40.08885     -12.62788
-40.07488     -12.61616
-40.06801     -12.61038
-40.06028     -12.60002
-40.05585     -12.57146
-40.04766     -12.55396
-40.04439     -12.55097
-40.03712     -12.54844
-40.01418     -12.55212
-40.0081      -12.54843
-40.00107     -12.54728
-40           -12.54728
-40           -12.5521
 1 
 1             106           
1
 -9999.0   ,   9990.0
   7
 13 
-43.18067     -12.59786
-43.17786     -12.61839
-43.17928     -12.61976
-43.18251     -12.61604
-43.18563     -12.60149
-43.19072     -12.59591
-43.19749     -12.59376
-43.1977      -12.59122
-43.19042     -12.59038
-43.18936     -12.58929
-43.18711     -12.58697
-43.18339     -12.58746
-43.18067     -12.59786
 1 
 1             107           
1
 -9999.0   ,   9990.0
   7
 8 
-43.23141     -12.61157
-43.23137     -12.60765
-43.22686     -12.60287
-43.22311     -12.60176
-43.22172     -12.60316
-43.22175     -12.60638
-43.22648     -12.61024
-43.23141     -12.61157
 1 
 1             108           
1
 -9999.0   ,   9990.0
   7
 10 
-41.30477     -12.6202
-41.30734     -12.62019
-41.31365     -12.61647
-41.32016     -12.60562
-41.31898     -12.60332
-41.31476     -12.60265
-41.31173     -12.60451
-41.30591     -12.61259
-41.30382     -12.61813
-41.30477     -12.6202
 1 
 1             109           
1
 -9999.0   ,   9990.0
   7
 8 
-43.20553     -12.62153
-43.21182     -12.6187
-43.21526     -12.61198
-43.2159      -12.60645
-43.21378     -12.60532
-43.2073      -12.61276
-43.20502     -12.61786
-43.20553     -12.62153
 1 
 1             110           
1
 -9999.0   ,   9990.0
   7
 7 
-43.2268      -12.63903
-43.23117     -12.63207
-43.22496     -12.62039
-43.22285     -12.62088
-43.22101     -12.62412
-43.22516     -12.63836
-43.2268      -12.63903
 1 
 1             111           
1
 -9999.0   ,   9990.0
   7
 8 
-44.80081     -12.62456
-44.80009     -12.62319
-44.78884     -12.62269
-44.78488     -12.62436
-44.78422     -12.62645
-44.78497     -12.62943
-44.79643     -12.62855
-44.80081     -12.62456
 1 
 1             112           
1
 -9999.0   ,   9990.0
   7
 10 
-44.17862     -12.64986
-44.18276     -12.6445
-44.17987     -12.63879
-44.15974     -12.62411
-44.15621     -12.62347
-44.1525      -12.62537
-44.15161     -12.62907
-44.15332     -12.63388
-44.17462     -12.64877
-44.17862     -12.64986
 1 
 1             113           
1
 -9999.0   ,   9990.0
   7
 8 
-43.18068     -12.64093
-43.18133     -12.63609
-43.17845     -12.62944
-43.17471     -12.63017
-43.17358     -12.63364
-43.1755      -12.63845
-43.17693     -12.64051
-43.18068     -12.64093
 1 
 1             114           
1
 -9999.0   ,   9990.0
   7
 7 
-43.17734     -12.65663
-43.18032     -12.65038
-43.17886     -12.64556
-43.17324     -12.64516
-43.17261     -12.65207
-43.17428     -12.65551
-43.17734     -12.65663
 1 
 1             115           
1
 -9999.0   ,   9990.0
   7
 8 
-44.29442     -12.67007
-44.27995     -12.65871
-44.27455     -12.65833
-44.27317     -12.65996
-44.28059     -12.66999
-44.28414     -12.67247
-44.29069     -12.67214
-44.29442     -12.67007
 1 
 1             116           
1
 -9999.0   ,   9990.0
   7
 8 
-40.00753     -12.7002
-40.01315     -12.69928
-40.01644     -12.69283
-40.01503     -12.68891
-40.01199     -12.68845
-40.0073      -12.6926
-40.00589     -12.69697
-40.00753     -12.7002
 1 
 1             117           
1
 -9999.0   ,   9990.0
   7
 7 
-43.29397     -12.69537
-43.302       -12.70058
-43.31        -12.70348
-43.31561     -12.70295
-43.31181     -12.69816
-43.29745     -12.69234
-43.29397     -12.69537
 1 
 1             118           
1
 -9999.0   ,   9990.0
   7
 11 
-44.66536     -12.70513
-44.6615      -12.71234
-44.66246     -12.71393
-44.67351     -12.71652
-44.67743     -12.71253
-44.67899     -12.70767
-44.67705     -12.70379
-44.67415     -12.69831
-44.67203     -12.69788
-44.66854     -12.69932
-44.66536     -12.70513
 1 
 1             119           
1
 -9999.0   ,   9990.0
   7
 8 
-44.71344     -12.70802
-44.71498     -12.70201
-44.71424     -12.69995
-44.70954     -12.69933
-44.70268     -12.70935
-44.70602     -12.71229
-44.7086      -12.71271
-44.71344     -12.70802
 1 
 1             120           
1
 -9999.0   ,   9990.0
   7
 9 
-43.29354     -12.71933
-43.29537     -12.71516
-43.29319     -12.70874
-43.28492     -12.70262
-43.28355     -12.70586
-43.28476     -12.7093
-43.28925     -12.71293
-43.29048     -12.71821
-43.29354     -12.71933
 1 
 1             121           
1
 -9999.0   ,   9990.0
   7
 7 
-44.71812     -12.70771
-44.71982     -12.7116
-44.7236      -12.71315
-44.73342     -12.7116
-44.73286     -12.70655
-44.72788     -12.70317
-44.71812     -12.70771
 1 
 1             122           
1
 -9999.0   ,   9990.0
   7
 8 
-42.34762     -12.73515
-42.34993     -12.73145
-42.34708     -12.72549
-42.34378     -12.72321
-42.34097     -12.72392
-42.3396      -12.72808
-42.34127     -12.73244
-42.34762     -12.73515
 1 
 1             123           
1
 -9999.0   ,   9990.0
   7
 17 
-43.24486     -12.76549
-43.25655     -12.78507
-43.25729     -12.78631
-43.26151     -12.78649
-43.26285     -12.78118
-43.26064     -12.77222
-43.25825     -12.76764
-43.24924     -12.75899
-43.25016     -12.75691
-43.24892     -12.7514
-43.24368     -12.74386
-43.23525     -12.73486
-43.23486     -12.73445
-43.22925     -12.73135
-43.22765     -12.73506
-43.23366     -12.74812
-43.24486     -12.76549
 1 
 1             124           
1
 -9999.0   ,   9990.0
   7
 8 
-43.25682     -12.74486
-43.26441     -12.75283
-43.27196     -12.75781
-43.27946     -12.75749
-43.26096     -12.73859
-43.25674     -12.73818
-43.25537     -12.74119
-43.25682     -12.74486
 1 
 1             125           
1
 -9999.0   ,   9990.0
   7
 8 
-42.49366     -12.74359
-42.48899     -12.74501
-42.48526     -12.74827
-42.48183     -12.75751
-42.48395     -12.75933
-42.48629     -12.75908
-42.4958      -12.74702
-42.49366     -12.74359
 1 
 1             126           
1
 -9999.0   ,   9990.0
   7
 9 
-43.29698     -12.81786
-43.29199     -12.80871
-43.28471     -12.78691
-43.28071     -12.78488
-43.27888     -12.78882
-43.28622     -12.81568
-43.29662     -12.82362
-43.29822     -12.82015
-43.29698     -12.81786
 1 
 1             127           
1
 -9999.0   ,   9990.0
   7
 10 
-44.60197     -12.79761
-44.60713     -12.79752
-44.61038     -12.79563
-44.61545     -12.79048
-44.614       -12.7882
-44.61048     -12.7878
-44.607       -12.78946
-44.60283     -12.79276
-44.60101     -12.79601
-44.60197     -12.79761
 1 
 1             128           
1
 -9999.0   ,   9990.0
   7
 8 
-44.60257     -12.81994
-44.60725     -12.8194
-44.60974     -12.81406
-44.609       -12.81131
-44.6057      -12.81044
-44.60384     -12.81163
-44.60159     -12.81696
-44.60257     -12.81994
 1 
 1             129           
1
 -9999.0   ,   9990.0
   7
 9 
-40.05338     -12.84436
-40.05666     -12.84367
-40.0576      -12.83998
-40.05643     -12.83538
-40.05456     -12.83353
-40.04917     -12.8333
-40.04846     -12.83607
-40.04987     -12.84044
-40.05338     -12.84436
 1 
 1             130           
1
 -9999.0   ,   9990.0
   7
 9 
-43.35958     -12.87539
-43.35658     -12.87957
-43.3587      -12.8807
-43.36503     -12.88062
-43.3725      -12.878
-43.37412     -12.87614
-43.37292     -12.87385
-43.36614     -12.87577
-43.35958     -12.87539
 1 
 1             131           
1
 -9999.0   ,   9990.0
   7
 10 
-43.42139     -12.90851
-43.42352     -12.90986
-43.42546     -12.91537
-43.42851     -12.91579
-43.43386     -12.91158
-43.43643     -12.91178
-43.43193     -12.907
-43.42748     -12.90774
-43.42464     -12.90524
-43.42139     -12.90851
 1 
 1             132           
1
 -9999.0   ,   9990.0
   7
 6 
-43.46615     -12.9257
-43.47232     -12.93161
-43.47531     -12.92766
-43.4722      -12.92194
-43.46961     -12.92128
-43.46615     -12.9257
 1 
 1             133           
1
 -9999.0   ,   9990.0
   7
 13 
-43.45229     -13.02074
-43.45486     -13.01933
-43.45506     -13.0168
-43.44323     -13.00865
-43.43844     -12.99996
-43.43416     -12.99586
-43.43162     -12.99889
-43.42597     -12.99734
-43.42461     -13.00104
-43.42939     -13.00812
-43.4412      -13.01512
-43.44665     -13.02012
-43.45229     -13.02074
 1 
 1             134           
1
 -9999.0   ,   9990.0
   7
 17 
-42.53206     -13.06381
-42.539       -13.05315
-42.54624     -13.0494
-42.54856     -13.0457
-42.55035     -13.03601
-42.55385     -13.03367
-42.56158     -13.03338
-42.57309     -13.03534
-42.57327     -13.0289
-42.57114     -13.02707
-42.56362     -13.02553
-42.5551      -13.01662
-42.54994     -13.0169
-42.54226     -13.02319
-42.52915     -13.05255
-42.52827     -13.05947
-42.53206     -13.06381
 1 
 1             135           
1
 -9999.0   ,   9990.0
   7
 6 
-43.43929     -13.05084
-43.44136     -13.04736
-43.44085     -13.0446
-43.42731     -13.03049
-43.42522     -13.03213
-43.43929     -13.05084
 1 
 1             136           
1
 -9999.0   ,   9990.0
   7
 7 
-43.58181     -13.06128
-43.58362     -13.05642
-43.58216     -13.05207
-43.57863     -13.05096
-43.57634     -13.05582
-43.57805     -13.06087
-43.58181     -13.06128
 1 
 1             137           
1
 -9999.0   ,   9990.0
   7
 8 
-43.59716     -13.06915
-43.60111     -13.06657
-43.60271     -13.06286
-43.59962     -13.05968
-43.59472     -13.06204
-43.59197     -13.06691
-43.59316     -13.06851
-43.59716     -13.06915
 1 
 1             138           
1
 -9999.0   ,   9990.0
   7
 7 
-43.44779     -13.1353
-43.44383     -13.13553
-43.44248     -13.14038
-43.44442     -13.14542
-43.44747     -13.14538
-43.44883     -13.14168
-43.44779     -13.1353
 1 
 1             139           
1
 -9999.0   ,   9990.0
   7
 6 
-43.41378     -13.15431
-43.41575     -13.14185
-43.41428     -13.13726
-43.411       -13.1373
-43.40803     -13.14402
-43.41378     -13.15431
 1 
 1             140           
1
 -9999.0   ,   9990.0
   7
 8 
-42.32525     -13.16389
-42.32245     -13.16621
-42.32131     -13.17014
-42.32344     -13.17219
-42.32812     -13.17077
-42.33135     -13.16384
-42.33063     -13.16177
-42.32525     -13.16389
 1 
 1             141           
1
 -9999.0   ,   9990.0
   7
 18 
-43.47477     -13.1713
-43.47072     -13.16629
-43.46602     -13.16565
-43.46653     -13.1691
-43.47011     -13.17458
-43.47015     -13.17757
-43.46295     -13.18342
-43.46792     -13.18658
-43.46841     -13.18865
-43.46209     -13.19011
-43.46142     -13.19265
-43.46522     -13.19629
-43.4667      -13.20203
-43.46631     -13.20917
-43.46959     -13.20867
-43.47166     -13.20496
-43.4756      -13.18119
-43.47477     -13.1713
 1 
 1             142           
1
 -9999.0   ,   9990.0
   7
 7 
-41.4153      -13.18386
-41.40847     -13.1786
-41.40284     -13.17839
-41.40262     -13.18162
-41.40804     -13.18551
-41.41273     -13.18571
-41.4153      -13.18386
 1 
 1             143           
1
 -9999.0   ,   9990.0
   7
 13 
-43.42892     -13.24163
-43.43051     -13.23816
-43.42782     -13.22852
-43.42622     -13.21265
-43.4224      -13.2074
-43.41703     -13.19042
-43.41304     -13.19001
-43.41193     -13.19555
-43.41377     -13.21188
-43.41595     -13.21784
-43.42215     -13.22582
-43.42703     -13.24119
-43.42892     -13.24163
 1 
 1             144           
1
 -9999.0   ,   9990.0
   7
 8 
-42.33674     -13.25083
-42.34048     -13.24942
-42.34255     -13.24364
-42.34135     -13.24089
-42.33783     -13.24023
-42.3341      -13.24394
-42.33391     -13.2497
-42.33674     -13.25083
 1 
 1             145           
1
 -9999.0   ,   9990.0
   7
 10 
-43.43453     -13.27909
-43.43676     -13.28874
-43.44074     -13.28823
-43.44165     -13.28522
-43.4378      -13.27744
-43.43914     -13.27167
-43.43741     -13.26524
-43.43287     -13.25839
-43.43127     -13.26163
-43.43453     -13.27909
 1 
 1             146           
1
 -9999.0   ,   9990.0
   7
 10 
-43.43171     -13.29847
-43.43131     -13.28443
-43.42569     -13.26631
-43.42381     -13.26587
-43.42199     -13.27096
-43.42187     -13.28063
-43.42495     -13.30246
-43.42806     -13.30772
-43.42995     -13.30793
-43.43171     -13.29847
 1 
 1             147           
1
 -9999.0   ,   9990.0
   7
 8 
-43.43587     -13.312
-43.43383     -13.31801
-43.4346      -13.32376
-43.43862     -13.32579
-43.44404     -13.32779
-43.44564     -13.32386
-43.43997     -13.32116
-43.43587     -13.312
 1 
 1             148           
1
 -9999.0   ,   9990.0
   7
 8 
-43.31065     -13.36691
-43.31392     -13.36549
-43.31832     -13.3606
-43.31259     -13.35192
-43.30791     -13.35404
-43.29807     -13.35554
-43.30007     -13.36588
-43.31065     -13.36691
 1 
 1             149           
1
 -9999.0   ,   9990.0
   7
 6 
-42.26922     -13.38399
-42.27149     -13.37362
-42.26982     -13.36994
-42.26677     -13.37043
-42.26639     -13.38263
-42.26922     -13.38399
 1 
 1             150           
1
 -9999.0   ,   9990.0
   7
 11 
-43.47501     -13.46027
-43.47331     -13.45591
-43.47603     -13.44736
-43.47528     -13.44346
-43.47385     -13.44209
-43.4682      -13.44147
-43.46684     -13.4454
-43.4683      -13.44907
-43.468       -13.46312
-43.47525     -13.46236
-43.47501     -13.46027
 1 
 1             151           
1
 -9999.0   ,   9990.0
   7
 8 
-42.24184     -13.45719
-42.2437      -13.45511
-42.238       -13.44755
-42.23541     -13.44619
-42.23379     -13.4492
-42.23546     -13.45356
-42.23689     -13.45585
-42.24184     -13.45719
 1 
 1             152           
1
 -9999.0   ,   9990.0
   7
 6 
-42.51589     -13.47287
-42.52013     -13.47399
-42.51959     -13.46639
-42.51468     -13.46805
-42.51427     -13.47059
-42.51589     -13.47287
 1 
 1             153           
1
 -9999.0   ,   9990.0
   7
 6 
-42.45182     -13.48057
-42.46048     -13.47658
-42.45951     -13.47267
-42.45201     -13.47504
-42.44969     -13.47851
-42.45182     -13.48057
 1 
 1             154           
1
 -9999.0   ,   9990.0
   7
 8 
-43.37042     -13.47603
-43.3669      -13.4763
-43.35806     -13.48423
-43.3528      -13.4965
-43.35498     -13.50177
-43.35733     -13.50197
-43.36247     -13.49938
-43.37042     -13.47603
 1 
 1             155           
1
 -9999.0   ,   9990.0
   7
 7 
-43.52674     -13.55817
-43.52823     -13.5646
-43.53158     -13.56939
-43.53607     -13.57118
-43.53769     -13.56909
-43.53145     -13.55903
-43.52674     -13.55817
 1 
 1             156           
1
 -9999.0   ,   9990.0
   7
 5 
-43.4588      -13.57581
-43.45764     -13.57767
-43.46269     -13.58704
-43.46425     -13.58338
-43.4588      -13.57581
 1 
 1             157           
1
 -9999.0   ,   9990.0
   7
 8 
-43.47044     -13.60514
-43.4723      -13.60327
-43.4718      -13.60244
-43.46486     -13.59093
-43.46378     -13.599
-43.46475     -13.60175
-43.46856     -13.60539
-43.47044     -13.60514
 1 
 1             158           
1
 -9999.0   ,   9990.0
   7
 11 
-43.49574     -13.61749
-43.50263     -13.62362
-43.50451     -13.62314
-43.50541     -13.6199
-43.50078     -13.60707
-43.49581     -13.60414
-43.49151     -13.59889
-43.48869     -13.59824
-43.48425     -13.60082
-43.48361     -13.60636
-43.49574     -13.61749
 1 
 1             159           
1
 -9999.0   ,   9990.0
   7
 7 
-43.52056     -13.6287
-43.52023     -13.6211
-43.51568     -13.61425
-43.51238     -13.61314
-43.51197     -13.61798
-43.51844     -13.62849
-43.52056     -13.6287
 1 
 1             160           
1
 -9999.0   ,   9990.0
   7
 6 
-43.53542     -13.63266
-43.52809     -13.62929
-43.52663     -13.63304
-43.53882     -13.6409
-43.5395      -13.63882
-43.53542     -13.63266
 1 
 1             161           
1
 -9999.0   ,   9990.0
   7
 7 
-42.44102     -13.70512
-42.44028     -13.70315
-42.43766     -13.70455
-42.43659     -13.70999
-42.43802     -13.71205
-42.44221     -13.70764
-42.44102     -13.70512
 1 
 1             162           
1
 -9999.0   ,   9990.0
   7
 6 
-43.54978     -13.78418
-43.55398     -13.78206
-43.55183     -13.77909
-43.55087     -13.77749
-43.54783     -13.77937
-43.54978     -13.78418
 1 
 1             163           
1
 -9999.0   ,   9990.0
   7
 8 
-42.96567     -13.80029
-42.96777     -13.79912
-42.96867     -13.7952
-42.96626     -13.78947
-42.96227     -13.7902
-42.96111     -13.79228
-42.96259     -13.79848
-42.96567     -13.80029
 1 
 1             164           
1
 -9999.0   ,   9990.0
   7
 170 
-40.70738     -13.83747
-40.69726     -13.83681
-40.6848      -13.83983
-40.66836     -13.85368
-40.66177     -13.85737
-40.65331     -13.85923
-40.64156     -13.86824
-40.63615     -13.87032
-40.59028     -13.87386
-40.58853     -13.87368
-40.57945     -13.87273
-40.56627     -13.86838
-40.55898     -13.86817
-40.55357     -13.87186
-40.55382     -13.88314
-40.551       -13.88568
-40.54206     -13.88615
-40.51806     -13.8809
-40.49381     -13.87288
-40.48016     -13.87337
-40.45239     -13.86052
-40.43334     -13.86239
-40.38062     -13.85072
-40.37121     -13.84935
-40.3491      -13.84914
-40.34393     -13.85352
-40.33146     -13.85791
-40.30605     -13.86277
-40.29241     -13.86692
-40.26818     -13.87799
-40.26347     -13.87822
-40.25759     -13.88214
-40.2343      -13.88837
-40.22466     -13.88884
-40.19618     -13.88217
-40.17666     -13.87759
-40.14913     -13.87714
-40.13971     -13.87576
-40.13078     -13.87093
-40.11878     -13.87048
-40.08442     -13.8744
-40.06983     -13.87969
-40.04842     -13.89512
-40.04488     -13.90156
-40.03759     -13.90754
-40.02911     -13.91192
-40.02252     -13.92619
-40.01991     -13.94483
-40.02648     -13.98718
-40.0373      -14.0072
-40.03894     -14.01433
-40.03658     -14.02331
-40.03752     -14.02906
-40.0347      -14.03229
-40.02175     -14.03344
-40.01586     -14.03758
-40.00664     -14.04908
-40.00314     -14.05346
-40           -14.05448
-40           -14.05842
-40.01208     -14.05392
-40.02127     -14.03919
-40.02457     -14.03735
-40.03493     -14.03781
-40.03869     -14.03666
-40.04294     -14.0309
-40.04506     -14.01019
-40.03966     -14.00053
-40.03213     -13.98096
-40.02885     -13.96462
-40.02745     -13.93355
-40.03113     -13.92323
-40.0364      -13.91606
-40.05076     -13.90409
-40.09831     -13.87762
-40.12913     -13.87738
-40.14465     -13.88129
-40.15454     -13.88589
-40.16042     -13.88611
-40.1696      -13.88335
-40.21218     -13.8923
-40.23595     -13.89344
-40.25359     -13.88721
-40.26998     -13.88298
-40.27147     -13.88259
-40.27947     -13.88189
-40.29241     -13.8736
-40.34464     -13.86342
-40.35451     -13.8542
-40.36134     -13.85419
-40.38134     -13.86061
-40.39091     -13.86179
-40.45546     -13.86972
-40.46864     -13.87822
-40.515       -13.88827
-40.51616     -13.88838
-40.52654     -13.8894
-40.53431     -13.89514
-40.5409      -13.89674
-40.55407     -13.89649
-40.55901     -13.89418
-40.56301     -13.88934
-40.56371     -13.88427
-40.56111     -13.87852
-40.56158     -13.87599
-40.56534     -13.87552
-40.57829     -13.88194
-40.58841     -13.88399
-40.61523     -13.88049
-40.62675     -13.87678
-40.64486     -13.87444
-40.64872     -13.87318
-40.65333     -13.87166
-40.68035     -13.85411
-40.69035     -13.84534
-40.69633     -13.84256
-40.71233     -13.84575
-40.72127     -13.84527
-40.73444     -13.84086
-40.74125     -13.83854
-40.75231     -13.83828
-40.76714     -13.84469
-40.79278     -13.84186
-40.80384     -13.84321
-40.81915     -13.84801
-40.83068     -13.84958
-40.83313     -13.8504
-40.85257     -13.85689
-40.85964     -13.86078
-40.87356     -13.87363
-40.88064     -13.88327
-40.89242     -13.88922
-40.90419     -13.89103
-40.90702     -13.89378
-40.90468     -13.89632
-40.89079     -13.89659
-40.88633     -13.89937
-40.8854      -13.90559
-40.89037     -13.91547
-40.89249     -13.915
-40.89744     -13.91706
-40.92378     -13.91099
-40.93459     -13.91146
-40.93294     -13.90659
-40.92587     -13.90178
-40.91669     -13.90319
-40.90824     -13.90874
-40.89836     -13.91107
-40.89505     -13.90556
-40.89599     -13.90325
-40.8988      -13.9014
-40.91198     -13.90044
-40.9155      -13.89583
-40.91383     -13.89054
-40.91195     -13.88916
-40.90747     -13.88618
-40.8957      -13.88392
-40.88203     -13.8759
-40.87684     -13.86925
-40.85727     -13.85181
-40.84502     -13.84701
-40.79559     -13.83426
-40.78806     -13.83382
-40.77607     -13.83707
-40.76266     -13.83711
-40.75254     -13.83414
-40.73866     -13.83325
-40.72385     -13.83951
-40.71797     -13.84044
-40.70738     -13.83747
 1 
 1             165           
1
 -9999.0   ,   9990.0
   7
 5 
-42.03808     -13.85443
-42.03991     -13.84728
-42.03683     -13.84408
-42.03006     -13.85196
-42.03808     -13.85443
 1 
 1             166           
1
 -9999.0   ,   9990.0
   7
 7 
-42.94818     -13.8617
-42.94955     -13.85731
-42.94788     -13.85503
-42.94435     -13.8546
-42.9425      -13.85808
-42.94441     -13.86105
-42.94818     -13.8617
 1 
 1             167           
1
 -9999.0   ,   9990.0
   7
 6 
-42.96582     -13.86106
-42.96472     -13.8682
-42.96617     -13.87164
-42.97461     -13.86902
-42.96793     -13.85863
-42.96582     -13.86106
 1 
 1             168           
1
 -9999.0   ,   9990.0
   7
 7 
-42.9369      -13.86228
-42.93498     -13.85884
-42.93008     -13.86281
-42.93202     -13.86877
-42.93673     -13.86872
-42.93834     -13.86571
-42.9369      -13.86228
 1 
 1             169           
1
 -9999.0   ,   9990.0
   7
 7 
-42.94778     -13.86861
-42.94527     -13.876
-42.94673     -13.88013
-42.95187     -13.87708
-42.95417     -13.872
-42.9525      -13.86971
-42.94778     -13.86861
 1 
 1             170           
1
 -9999.0   ,   9990.0
   7
 8 
-42.99032     -13.90891
-42.98582     -13.9055
-42.98348     -13.90783
-42.98447     -13.91196
-42.98756     -13.91423
-42.99156     -13.91488
-42.99294     -13.91187
-42.99032     -13.90891
 1 
 1             171           
1
 -9999.0   ,   9990.0
   7
 8 
-42.96896     -13.91396
-42.97409     -13.90931
-42.97217     -13.90634
-42.96746     -13.90569
-42.96465     -13.9071
-42.96397     -13.90941
-42.96518     -13.91285
-42.96896     -13.91396
 1 
 1             172           
1
 -9999.0   ,   9990.0
   7
 20 
-40.93459     -13.91146
-40.93852     -13.94014
-40.94269     -13.94269
-40.95117     -13.94428
-40.954       -13.94657
-40.95589     -13.95071
-40.9543      -13.97027
-40.95644     -13.97648
-40.97886     -13.99597
-40.98003     -13.99436
-40.97719     -13.98838
-40.97057     -13.98104
-40.9668      -13.9776
-40.96324     -13.97001
-40.96175     -13.94194
-40.95892     -13.9385
-40.95374     -13.93782
-40.94996     -13.93531
-40.94403     -13.91875
-40.93459     -13.91146
 1 
 1             173           
1
 -9999.0   ,   9990.0
   7
 7 
-42.94141     -13.92596
-42.94487     -13.92872
-42.94769     -13.928
-42.94976     -13.92337
-42.94829     -13.91832
-42.94618     -13.91903
-42.94141     -13.92596
 1 
 1             174           
1
 -9999.0   ,   9990.0
   7
 8 
-42.0549      -13.97284
-42.05842     -13.9719
-42.06145     -13.96773
-42.06096     -13.96452
-42.05766     -13.96385
-42.05343     -13.96549
-42.05251     -13.96757
-42.0549      -13.97284
 1 
 1             175           
1
 -9999.0   ,   9990.0
   7
 13 
-43.17713     -14.03187
-43.18089     -14.03137
-43.18226     -14.02813
-43.17961     -14.02195
-43.18122     -14.01871
-43.18851     -14.01817
-43.18823     -14.01426
-43.18114     -14.01134
-43.17336     -14.01074
-43.17199     -14.01421
-43.17464     -14.01993
-43.17476     -14.03075
-43.17713     -14.03187
 1 
 1             176           
1
 -9999.0   ,   9990.0
   7
 8 
-43.04603     -14.03606
-43.05611     -14.03135
-43.05796     -14.02834
-43.05557     -14.02491
-43.05086     -14.02427
-43.04571     -14.02801
-43.04411     -14.03217
-43.04603     -14.03606
 1 
 1             177           
1
 -9999.0   ,   9990.0
   7
 13 
-43.15945     -14.05117
-43.16439     -14.05043
-43.17258     -14.04665
-43.17825     -14.04843
-43.18437     -14.0479
-43.18575     -14.04512
-43.18477     -14.04191
-43.17271     -14.03698
-43.16235     -14.03687
-43.15509     -14.04017
-43.15393     -14.04225
-43.15518     -14.04846
-43.15945     -14.05117
 1 
 1             178           
1
 -9999.0   ,   9990.0
   7
 12 
-43.65753     -14.07721
-43.64866     -14.06467
-43.64695     -14.06032
-43.65095     -14.05958
-43.65187     -14.05795
-43.64659     -14.05043
-43.64342     -14.04241
-43.64089     -14.04659
-43.64249     -14.06107
-43.65188     -14.07706
-43.65591     -14.07908
-43.65753     -14.07721
 1 
 1             179           
1
 -9999.0   ,   9990.0
   7
 10 
-43.85753     -14.0656
-43.86128     -14.0644
-43.86288     -14.06116
-43.86783     -14.06109
-43.86968     -14.05922
-43.86729     -14.0565
-43.86256     -14.05472
-43.85739     -14.05525
-43.85509     -14.05988
-43.85753     -14.0656
 1 
 1             180           
1
 -9999.0   ,   9990.0
   7
 8 
-43.17522     -14.07217
-43.18218     -14.06289
-43.18191     -14.05967
-43.17954     -14.05831
-43.17415     -14.06021
-43.17186     -14.06645
-43.17238     -14.07082
-43.17522     -14.07217
 1 
 1             181           
1
 -9999.0   ,   9990.0
   7
 7 
-43.60295     -14.11773
-43.60457     -14.11586
-43.60516     -14.10688
-43.60197     -14.09656
-43.5992      -14.1012
-43.60079     -14.11476
-43.60295     -14.11773
 1 
 1             182           
1
 -9999.0   ,   9990.0
   7
 28 
-43.65814     -14.23393
-43.66096     -14.23274
-43.66034     -14.22125
-43.6538      -14.1899
-43.6533      -14.18751
-43.64894     -14.17836
-43.64367     -14.17129
-43.63892     -14.1679
-43.6315      -14.15925
-43.62557     -14.15564
-43.62432     -14.15013
-43.6246      -14.13517
-43.61878     -14.12236
-43.61407     -14.10401
-43.61193     -14.10196
-43.61029     -14.1029
-43.60942     -14.10867
-43.61095     -14.11762
-43.6143      -14.12509
-43.61701     -14.13112
-43.62022     -14.16054
-43.62218     -14.1665
-43.62921     -14.16434
-43.63661     -14.17207
-43.64478     -14.18416
-43.64939     -14.19423
-43.65425     -14.22409
-43.65814     -14.23393
 1 
 1             183           
1
 -9999.0   ,   9990.0
   7
 9 
-43.67533     -14.17848
-43.67601     -14.17594
-43.6614      -14.12135
-43.65854     -14.11909
-43.65742     -14.12302
-43.65921     -14.13427
-43.6664      -14.16179
-43.67154     -14.17669
-43.67533     -14.17848
 1 
 1             184           
1
 -9999.0   ,   9990.0
   7
 9 
-43.60967     -14.14641
-43.61225     -14.14522
-43.61257     -14.13417
-43.6064      -14.13011
-43.60144     -14.12925
-43.6003      -14.13226
-43.60718     -14.13631
-43.60725     -14.14091
-43.60967     -14.14641
 1 
 1             185           
1
 -9999.0   ,   9990.0
   7
 7 
-43.22784     -14.1443
-43.2199      -14.15015
-43.21922     -14.15223
-43.22113     -14.15451
-43.22513     -14.15446
-43.22835     -14.14729
-43.22784     -14.1443
 1 
 1             186           
1
 -9999.0   ,   9990.0
   7
 7 
-43.68502     -14.19884
-43.6857      -14.19676
-43.68207     -14.18944
-43.67898     -14.18787
-43.67831     -14.19018
-43.68148     -14.19819
-43.68502     -14.19884
 1 
 1             187           
1
 -9999.0   ,   9990.0
   7
 9 
-43.68619     -14.2529
-43.68806     -14.25104
-43.6866      -14.24783
-43.67966     -14.23941
-43.67451     -14.24178
-43.67386     -14.24662
-43.67998     -14.24631
-43.68311     -14.25133
-43.68619     -14.2529
 1 
 1             188           
1
 -9999.0   ,   9990.0
   7
 13 
-43.71838     -14.31715
-43.7281      -14.33957
-43.73421     -14.34724
-43.73482     -14.348
-43.75799     -14.37116
-43.76104     -14.37043
-43.73802     -14.34082
-43.73192     -14.32548
-43.72908     -14.32391
-43.7213      -14.30606
-43.71755     -14.30749
-43.71665     -14.31096
-43.71838     -14.31715
 1 
 1             189           
1
 -9999.0   ,   9990.0
   7
 8 
-43.97742     -14.31803
-43.98069     -14.31637
-43.98019     -14.31431
-43.96832     -14.30803
-43.96621     -14.30898
-43.96483     -14.3113
-43.96913     -14.31584
-43.97742     -14.31803
 1 
 1             190           
1
 -9999.0   ,   9990.0
   7
 6 
-43.79516     -14.33086
-43.79704     -14.33015
-43.79949     -14.31953
-43.79641     -14.31819
-43.79393     -14.32697
-43.79516     -14.33086
 1 
 1             191           
1
 -9999.0   ,   9990.0
   7
 8 
-43.82119     -14.33811
-43.82661     -14.33781
-43.83216     -14.3306
-43.82932     -14.32926
-43.82584     -14.33322
-43.82067     -14.33467
-43.82        -14.33721
-43.82119     -14.33811
 1 
 1             192           
1
 -9999.0   ,   9990.0
   7
 6 
-43.78487     -14.35424
-43.7806      -14.35177
-43.77921     -14.35386
-43.78503     -14.36574
-43.7878      -14.36157
-43.78487     -14.35424
 1 
 1             193           
1
 -9999.0   ,   9990.0
   7
 8 
-43.79144     -14.38683
-43.78999     -14.38432
-43.77078     -14.3756
-43.76893     -14.37884
-43.77086     -14.38158
-43.78296     -14.38763
-43.78722     -14.38872
-43.79144     -14.38683
 1 
 1             194           
1
 -9999.0   ,   9990.0
   7
 11 
-43.87107     -14.38277
-43.86796     -14.38005
-43.86015     -14.37762
-43.85147     -14.38096
-43.8451      -14.3799
-43.84323     -14.38176
-43.84633     -14.38379
-43.85836     -14.38478
-43.86115     -14.38175
-43.86754     -14.38351
-43.87107     -14.38277
 1 
 1             195           
1
 -9999.0   ,   9990.0
   7
 13 
-43.88069     -14.44799
-43.88037     -14.44201
-43.88246     -14.43968
-43.88821     -14.44604
-43.88958     -14.44303
-43.88176     -14.42335
-43.87864     -14.41925
-43.87701     -14.42019
-43.87566     -14.4255
-43.87905     -14.43144
-43.87636     -14.44206
-43.87808     -14.44733
-43.88069     -14.44799
 1 
 1             196           
1
 -9999.0   ,   9990.0
   7
 9 
-43.87251     -14.47064
-43.87319     -14.46856
-43.86523     -14.45602
-43.85878     -14.44989
-43.85548     -14.44948
-43.85456     -14.45156
-43.85626     -14.45545
-43.8642      -14.46662
-43.87251     -14.47064
 1 
 1             197           
1
 -9999.0   ,   9990.0
   7
 5 
-43.90106     -14.4721
-43.90218     -14.46771
-43.89665     -14.46019
-43.8953      -14.46412
-43.90106     -14.4721
 1 
 1             198           
1
 -9999.0   ,   9990.0
   7
 9 
-43.89514     -14.53821
-43.89472     -14.54167
-43.89759     -14.54462
-43.90946     -14.54998
-43.91251     -14.54879
-43.90961     -14.54399
-43.89792     -14.53426
-43.89485     -14.53384
-43.89514     -14.53821
 1 
 1             199           
1
 -9999.0   ,   9990.0
   7
 9 
-43.90615     -14.56682
-43.90848     -14.56426
-43.90534     -14.55901
-43.90719     -14.55668
-43.90669     -14.55462
-43.90003     -14.55057
-43.89911     -14.55196
-43.90132     -14.55837
-43.90615     -14.56682
 1 
 1             200           
1
 -9999.0   ,   9990.0
   7
 11 
-43.93576     -14.59195
-43.93761     -14.58916
-43.9393      -14.57557
-43.93756     -14.56869
-43.93343     -14.56069
-43.92816     -14.55478
-43.92412     -14.553
-43.92345     -14.55531
-43.93043     -14.5651
-43.93434     -14.57471
-43.93576     -14.59195
 1 
 1             201           
1
 -9999.0   ,   9990.0
   7
 9 
-43.37185     -14.5888
-43.3742      -14.58808
-43.37578     -14.58254
-43.37292     -14.57913
-43.36201     -14.57465
-43.35563     -14.57404
-43.3538      -14.57912
-43.35549     -14.58163
-43.37185     -14.5888
 1 
 1             202           
1
 -9999.0   ,   9990.0
   7
 9 
-43.16282     -14.58866
-43.1668      -14.58539
-43.17338     -14.58302
-43.1743      -14.5814
-43.17286     -14.57888
-43.16268     -14.57577
-43.15985     -14.5765
-43.15917     -14.5788
-43.16282     -14.58866
 1 
 1             203           
1
 -9999.0   ,   9990.0
   7
 8 
-43.17248     -14.60833
-43.17288     -14.60212
-43.16854     -14.59412
-43.16452     -14.59324
-43.16315     -14.59693
-43.16463     -14.60221
-43.16798     -14.607
-43.17248     -14.60833
 1 
 1             204           
1
 -9999.0   ,   9990.0
   7
 11 
-43.88622     -14.62645
-43.8876      -14.6239
-43.89398     -14.6245
-43.89324     -14.62244
-43.88752     -14.61815
-43.8846      -14.61151
-43.88379     -14.60439
-43.88143     -14.6042
-43.88029     -14.60697
-43.88167     -14.62145
-43.88622     -14.62645
 1 
 1             205           
1
 -9999.0   ,   9990.0
   7
 6 
-43.91623     -14.61269
-43.91461     -14.61525
-43.91659     -14.62189
-43.9199      -14.6223
-43.91887     -14.61611
-43.91623     -14.61269
 1 
 1             206           
1
 -9999.0   ,   9990.0
   7
 9 
-43.39736     -14.63106
-43.39898     -14.62828
-43.39438     -14.61798
-43.3908      -14.61434
-43.38677     -14.6137
-43.3847      -14.61741
-43.38689     -14.62336
-43.39264     -14.63066
-43.39736     -14.63106
 1 
 1             207           
1
 -9999.0   ,   9990.0
   7
 7 
-43.92231     -14.62595
-43.92        -14.62943
-43.92126     -14.63494
-43.92582     -14.6404
-43.92695     -14.63693
-43.92496     -14.62937
-43.92231     -14.62595
 1 
 1             208           
1
 -9999.0   ,   9990.0
   7
 9 
-43.0037      -14.64558
-43.00397     -14.6488
-43.00878     -14.6568
-43.01306     -14.65997
-43.0173      -14.65924
-43.01775     -14.6574
-43.00936     -14.64483
-43.00558     -14.64418
-43.0037      -14.64558
 1 
 1             209           
1
 -9999.0   ,   9990.0
   7
 6 
-43.90633     -14.66436
-43.907       -14.66205
-43.90436     -14.65887
-43.89655     -14.6569
-43.89684     -14.66081
-43.90633     -14.66436
 1 
 1             210           
1
 -9999.0   ,   9990.0
   7
 8 
-42.9949      -14.68363
-42.9909      -14.68482
-42.98977     -14.68966
-42.99174     -14.69746
-42.99482     -14.69835
-42.99669     -14.69695
-42.99827     -14.69049
-42.9949      -14.68363
 1 
 1             211           
1
 -9999.0   ,   9990.0
   7
 7 
-43.89889     -14.70633
-43.90121     -14.70331
-43.90117     -14.70055
-43.89797     -14.69162
-43.89419     -14.69098
-43.89236     -14.69492
-43.89889     -14.70633
 1 
 1             212           
1
 -9999.0   ,   9990.0
   7
 9 
-43.13026     -14.71738
-43.13947     -14.71728
-43.13989     -14.71244
-43.13608     -14.70926
-43.12449     -14.70709
-43.11978     -14.70829
-43.11863     -14.71083
-43.12103     -14.71472
-43.13026     -14.71738
 1 
 1             213           
1
 -9999.0   ,   9990.0
   7
 15 
-42.86466     -14.75765
-42.85709     -14.75588
-42.84612     -14.74518
-42.83549     -14.74436
-42.82502     -14.7355
-42.82028     -14.73393
-42.81534     -14.73559
-42.81846     -14.74108
-42.82681     -14.74997
-42.83108     -14.75177
-42.84005     -14.75214
-42.85007     -14.76285
-42.85645     -14.76325
-42.8621      -14.76112
-42.86466     -14.75765
 1 
 1             214           
1
 -9999.0   ,   9990.0
   7
 20 
-43.94878     -14.8639
-43.94947     -14.86228
-43.94054     -14.84906
-43.93613     -14.83739
-43.93641     -14.82771
-43.93645     -14.82635
-43.94024     -14.81089
-43.94283     -14.81039
-43.94538     -14.80713
-43.94739     -14.79882
-43.94682     -14.79147
-43.94467     -14.79012
-43.94256     -14.79107
-43.94006     -14.79801
-43.93633     -14.80128
-43.93574     -14.8098
-43.93013     -14.8308
-43.93439     -14.84777
-43.93947     -14.85713
-43.94878     -14.8639
 1 
 1             215           
1
 -9999.0   ,   9990.0
   7
 5 
-43.62767     -14.79685
-43.62943     -14.80408
-43.63163     -14.80549
-43.63256     -14.7978
-43.62767     -14.79685
 1 
 1             216           
1
 -9999.0   ,   9990.0
   7
 7 
-43.60338     -14.79945
-43.60863     -14.8033
-43.61406     -14.80346
-43.61497     -14.80023
-43.6121      -14.79773
-43.60501     -14.79759
-43.60338     -14.79945
 1 
 1             217           
1
 -9999.0   ,   9990.0
   7
 6 
-43.23094     -14.81126
-43.2483      -14.80186
-43.23906     -14.79897
-43.23366     -14.8018
-43.23111     -14.80574
-43.23094     -14.81126
 1 
 1             218           
1
 -9999.0   ,   9990.0
   7
 7 
-44.9554      -14.81279
-44.95074     -14.81609
-44.95338     -14.81858
-44.95808     -14.81734
-44.96157     -14.81429
-44.96011     -14.81179
-44.9554      -14.81279
 1 
 1             219           
1
 -9999.0   ,   9990.0
   7
 28 
-42.77268     -14.83997
-42.7734      -14.8409
-42.77675     -14.84522
-42.77993     -14.85738
-42.78399     -14.86125
-42.78823     -14.86052
-42.79569     -14.85056
-42.80015     -14.84775
-42.80347     -14.8491
-42.80543     -14.85644
-42.80142     -14.88109
-42.80388     -14.89142
-42.81036     -14.9017
-42.81414     -14.90144
-42.81443     -14.88303
-42.82024     -14.87355
-42.81896     -14.8639
-42.82342     -14.83741
-42.81979     -14.82778
-42.81003     -14.82052
-42.80222     -14.81807
-42.79847     -14.82063
-42.79455     -14.83056
-42.7915      -14.83289
-42.78632     -14.83432
-42.77142     -14.83193
-42.77002     -14.83379
-42.77268     -14.83997
 1 
 1             220           
1
 -9999.0   ,   9990.0
   7
 10 
-43.1739      -14.84156
-43.1855      -14.84351
-43.19067     -14.84207
-43.19862     -14.83485
-43.20808     -14.83544
-43.21041     -14.83357
-43.20493     -14.82857
-43.19996     -14.82793
-43.18256     -14.83434
-43.1739      -14.84156
 1 
 1             221           
1
 -9999.0   ,   9990.0
   7
 6 
-44.9568      -14.83807
-44.95953     -14.84561
-44.96168     -14.84649
-44.96284     -14.84532
-44.96177     -14.83867
-44.9568      -14.83807
 1 
 1             222           
1
 -9999.0   ,   9990.0
   7
 7 
-44.97383     -14.85295
-44.97418     -14.85939
-44.97687     -14.8644
-44.97991     -14.86251
-44.98057     -14.85951
-44.97906     -14.8547
-44.97383     -14.85295
 1 
 1             223           
1
 -9999.0   ,   9990.0
   7
 7 
-44.71887     -14.88695
-44.72128     -14.8899
-44.72649     -14.89074
-44.72853     -14.88564
-44.72657     -14.88154
-44.72118     -14.88392
-44.71887     -14.88695
 1 
 1             224           
1
 -9999.0   ,   9990.0
   7
 11 
-43.97819     -14.9226
-43.98055     -14.92234
-43.98123     -14.92026
-43.97853     -14.91363
-43.96462     -14.89841
-43.95605     -14.89347
-43.953       -14.89489
-43.96279     -14.90258
-43.97076     -14.91465
-43.97478     -14.91529
-43.97819     -14.9226
 1 
 1             225           
1
 -9999.0   ,   9990.0
   7
 8 
-44.64291     -14.93535
-44.63701     -14.93567
-44.63211     -14.9392
-44.63026     -14.94176
-44.63172     -14.94427
-44.63552     -14.94513
-44.63993     -14.94092
-44.64291     -14.93535
 1 
 1             226           
1
 -9999.0   ,   9990.0
   7
 8 
-43.97405     -14.9636
-43.9742      -14.95761
-43.96958     -14.94871
-43.96601     -14.94669
-43.96441     -14.95016
-43.96611     -14.95405
-43.97215     -14.96293
-43.97405     -14.9636
