 119 
 101 
 1             1             
1
 -9999.0   ,   9990.0
   7
 2615 
150.8096      62.38039
150.8087      62.38064
150.794       62.39414
150.7889      62.393
150.7867      62.38931
150.7896      62.38275
150.777       62.35697
150.7772      62.35664
150.7834      62.34547
150.7848      62.34286
150.785       62.34253
150.7886      62.34033
150.8106      62.32686
150.818       62.31889
150.8173      62.3125
150.8023      62.3
150.8061      62.29542
150.8385      62.27506
150.841       62.27125
150.8349      62.26678
150.7729      62.24925
150.7577      62.24311
150.7354      62.22195
150.731       62.19939
150.7255      62.17078
150.7274      62.15484
150.7182      62.1395
150.7138      62.13767
150.6646      62.13298
150.6274      62.11817
150.6096      62.10556
150.6101      62.10506
150.6148      62.10062
150.6278      62.09706
150.6415      62.097
150.6498      62.1007
150.6751      62.10184
150.6834      62.0997
150.6907      62.09347
150.6891      62.08595
150.6919      62.08031
150.7063      62.07311
150.7071      62.06825
150.7002      62.05622
150.7203      62.05034
150.7607      62.05364
150.7711      62.04825
150.7351      62.04492
150.7153      62.04578
150.6939      62.05114
150.6894      62.05897
150.6944      62.07045
150.6863      62.0732
150.681       62.07753
150.6792      62.08642
150.6839      62.09086
150.6738      62.09603
150.6603      62.09728
150.6393      62.09242
150.6181      62.09284
150.6023      62.09909
150.5962      62.1015
150.576       62.08314
150.5128      62.06809
150.5021      62.06428
150.4623      62.0597
150.4353      62.05495
150.4166      62.0465
150.3815      62.04842
150.3293      62.05125
150.3074      62.04342
150.2889      62.0437
150.2638      62.04725
150.2397      62.04642
150.2284      62.04861
150.2131      62.05603
150.1948      62.06178
150.1489      62.07095
150.1369      62.07192
150.0952      62.07525
150.0815      62.07295
150.0751      62.06639
150.0734      62.06325
150.0785      62.04903
150.0741      62.04486
150.0485      62.03742
150.0318      62.03464
150.0201      62.02636
150.0135      62.0172
150.0099      62.01217
150           62.00989
150           62.01856
150.0135      62.02961
150.0208      62.03559
150.0638      62.04675
150.0686      62.05042
150.0662      62.0705
150.076       62.07711
150.0855      62.08008
150.1007      62.08025
150.1129      62.0785
150.1223      62.08056
150.1117      62.09645
150.0859      62.11831
150.0855      62.123
150.0929      62.12208
150.1199      62.10245
150.1342      62.08214
150.1373      62.07772
150.1445      62.07509
150.1746      62.07173
150.2099      62.06375
150.2339      62.05314
150.2484      62.05448
150.2676      62.05325
150.2849      62.04964
150.2942      62.04961
150.3276      62.05661
150.3734      62.05359
150.393       62.05622
150.4169      62.05384
150.4402      62.06134
150.4706      62.0657
150.4976      62.07231
150.5219      62.07564
150.5587      62.08395
150.578       62.09825
150.5966      62.10922
150.6321      62.13014
150.6466      62.13164
150.6685      62.13898
150.7023      62.14245
150.7123      62.14739
150.7214      62.17814
150.7198      62.20325
150.7196      62.2067
150.7247      62.21895
150.7471      62.24445
150.7539      62.25006
150.7645      62.255
150.7866      62.25861
150.8265      62.27022
150.8211      62.27648
150.7923      62.29342
150.7871      62.30036
150.7996      62.30659
150.8064      62.31447
150.8074      62.32017
150.8011      62.32648
150.7792      62.33842
150.7785      62.33914
150.7728      62.3447
150.77        62.35314
150.7741      62.36528
150.7753      62.36867
150.7754      62.39375
150.7747      62.39675
150.7644      62.40511
150.7661      62.41153
150.7837      62.42289
150.7925      62.43414
150.7939      62.44164
150.782       62.4712
150.7833      62.47639
150.7907      62.48467
150.7932      62.48753
150.7957      62.4902
150.8101      62.49836
150.8108      62.49956
150.8169      62.51131
150.8081      62.53175
150.8075      62.53217
150.7898      62.54347
150.7795      62.55006
150.7652      62.55678
150.7405      62.56339
150.7295      62.56861
150.7236      62.57142
150.7165      62.57889
150.7156      62.58903
150.7267      62.59556
150.7336      62.60553
150.7256      62.61314
150.7306      62.61717
150.7298      62.62773
150.7412      62.64025
150.7548      62.64325
150.7794      62.64873
150.7962      62.65795
150.8343      62.66828
150.8381      62.66703
150.8417      62.66589
150.8433      62.66195
150.8435      62.66145
150.8483      62.66209
150.852       62.66439
150.8572      62.66775
150.8693      62.66925
150.8748      62.66995
150.875       62.67086
150.8755      62.67298
150.8612      62.67697
150.8442      62.68175
150.8431      62.68234
150.8256      62.69123
150.8258      62.70361
150.8241      62.70933
150.8213      62.71878
150.8204      62.72181
150.8113      62.72784
150.8048      62.73686
150.7725      62.75753
150.7537      62.76278
150.7388      62.7722
150.7162      62.77761
150.7024      62.78828
150.6829      62.79303
150.6782      62.7942
150.6646      62.80614
150.6511      62.81372
150.6279      62.81645
150.6209      62.8207
150.6024      62.82672
150.6016      62.8295
150.6055      62.83345
150.604       62.83725
150.5741      62.85214
150.5731      62.85259
150.5701      62.86011
150.556       62.86556
150.5527      62.87223
150.5403      62.87628
150.5338      62.8857
150.5315      62.90103
150.5272      62.90811
150.5224      62.91595
150.5111      62.92131
150.5093      62.92272
150.5048      62.9265
150.5011      62.93148
150.4979      62.93206
150.4789      62.93561
150.4673      62.94578
150.4573      62.95458
150.4566      62.95473
150.4341      62.97503
150.4268      62.98145
150.4134      62.98595
150.3864      62.98795
150.3807      62.99042
150.3686      62.9955
150.3542      62.99667
150.3341      62.99492
150.3252      62.99767
150.3183      63.00236
150.3164      63.00408
150.3038      63.01639
150.3013      63.01859
150.2937      63.02995
150.2893      63.03167
150.2575      63.04414
150.2282      63.04992
150.2256      63.05681
150.2178      63.06064
150.1915      63.06306
150.1957      63.06942
150.1769      63.08181
150.1546      63.08856
150.1314      63.10606
150.1315      63.11145
150.1073      63.12934
150.0983      63.14467
150.0832      63.15156
150.0608      63.17761
150.0595      63.18247
150.0653      63.19
150.0625      63.19356
150.0694      63.19483
150.0768      63.20417
150.0763      63.20631
150.0765      63.20984
150.0747      63.21317
150.0744      63.21384
150.0617      63.21812
150.0466      63.22983
150.0416      63.24084
150.0414      63.24909
150.0491      63.26475
150.0483      63.26992
150.0456      63.28645
150.0403      63.29447
150.0169      63.30978
150.0143      63.31342
150.0065      63.32425
150           63.32797
150           63.33497
150.0143      63.32759
150.0221      63.32353
150.0379      63.30583
150.0573      63.29345
150.0605      63.29148
150.071       63.27539
150.0706      63.26945
150.0654      63.25895
150.0591      63.24642
150.0708      63.22456
150.075       63.22161
150.0843      63.2152
150.0878      63.20817
150.0848      63.19531
150.0843      63.1932
150.0793      63.18172
150.0777      63.17817
150.0856      63.16406
150.0892      63.15998
150.1141      63.1517
150.1204      63.14175
150.1185      63.13156
150.1303      63.11722
150.1597      63.09442
150.1762      63.08867
150.1845      63.08298
150.2016      63.07631
150.2076      63.06673
150.2314      63.06292
150.243       63.05258
150.2569      63.05042
150.2625      63.04956
150.3033      63.02995
150.3074      63.02239
150.3256      63.00772
150.3364      63.00239
150.3649      63.0012
150.3898      62.99353
150.4136      62.99186
150.4298      62.98653
150.444       62.97442
150.4765      62.94659
150.5049      62.93678
150.512       62.93092
150.5431      62.90225
150.543       62.9012
150.5416      62.88664
150.5623      62.88092
150.5642      62.87764
150.5678      62.87153
150.5657      62.8692
150.564       62.86737
150.5744      62.86253
150.581       62.85353
150.6127      62.8377
150.6104      62.83172
150.6151      62.82717
150.6326      62.82025
150.6541      62.81839
150.6682      62.81381
150.6862      62.79642
150.6863      62.79642
150.7         62.79406
150.7027      62.79242
150.721       62.78175
150.7292      62.77942
150.7451      62.77495
150.7937      62.75478
150.8289      62.72181
150.8299      62.71908
150.8333      62.70964
150.8371      62.69911
150.8463      62.69173
150.8658      62.68314
150.8754      62.67889
150.9065      62.67147
150.9241      62.66984
150.9531      62.67008
150.9615      62.66595
150.9733      62.65359
151.0039      62.65245
151.0756      62.64978
151.0861      62.6517
151.0912      62.656
151.1078      62.65647
151.1164      62.65453
151.1498      62.65156
151.1641      62.65172
151.189       62.64823
151.1943      62.64173
151.1993      62.63889
151.2038      62.63636
151.2477      62.63067
151.3044      62.61525
151.3166      62.61064
151.3292      62.60348
151.3305      62.59353
151.3639      62.57345
151.3746      62.5687
151.3978      62.56292
151.4142      62.55881
151.4348      62.55578
151.4735      62.55328
151.5424      62.55956
151.562       62.55817
151.6164      62.54781
151.652       62.53625
151.654       62.53464
151.6716      62.52106
151.6935      62.51214
151.7069      62.48053
151.6865      62.43783
151.6879      62.42878
151.6928      62.42345
151.7006      62.41964
151.7142      62.41295
151.7331      62.40789
151.7763      62.40639
151.7848      62.41347
151.8001      62.41506
151.8109      62.41809
151.8216      62.42595
151.816       62.45364
151.8163      62.46995
151.8217      62.48103
151.8222      62.482
151.8381      62.49436
151.8427      62.50536
151.8585      62.52025
151.8586      62.53267
151.8807      62.54556
151.8923      62.5582
151.9333      62.58417
151.9439      62.5865
151.9483      62.58686
151.9726      62.58886
151.9876      62.58725
152.004       62.58186
152.0205      62.57186
152.0342      62.55236
152.0309      62.53945
152.0383      62.53231
152.038       62.52636
152.0273      62.50839
152.0284      62.50189
152.0401      62.49058
152.0412      62.48958
152.0083      62.45345
152.0052      62.4465
152.0064      62.43539
152.0109      62.42684
152.0248      62.41814
152.081       62.39503
152.0981      62.38553
152.1096      62.37917
152.1215      62.37773
152.1386      62.3817
152.1426      62.38697
152.1418      62.42431
152.1483      62.44483
152.1527      62.44961
152.1673      62.45514
152.1804      62.4575
152.2198      62.45528
152.2259      62.45492
152.287       62.44167
152.3131      62.43931
152.3168      62.44158
152.3188      62.45481
152.3048      62.47942
152.2906      62.51625
152.2895      62.52256
152.2947      62.53003
152.3128      62.53692
152.322       62.53653
152.3649      62.5347
152.3785      62.55475
152.3718      62.57361
152.355       62.58575
152.3508      62.59178
152.353       62.59878
152.378       62.61534
152.4097      62.62731
152.4154      62.63131
152.4377      62.64689
152.4503      62.6585
152.4499      62.65884
152.4455      62.66228
152.4457      62.66617
152.4566      62.67448
152.4496      62.68456
152.4481      62.68536
152.4465      62.68739
152.4384      62.69773
152.4401      62.70014
152.4464      62.70272
152.4751      62.70456
152.4898      62.70842
152.4938      62.70814
152.4947      62.70878
152.4994      62.71192
152.4996      62.71267
152.5019      62.72256
152.5031      62.72759
152.5121      62.73331
152.5286      62.7357
152.5332      62.74161
152.5341      62.74281
152.5305      62.75022
152.5298      62.75161
152.5327      62.75581
152.5456      62.76322
152.5543      62.7775
152.5558      62.77984
152.5545      62.78417
152.5538      62.7867
152.5536      62.78725
152.5521      62.7922
152.5468      62.79264
152.5124      62.79558
152.5075      62.79825
152.5077      62.80258
152.5185      62.8145
152.5125      62.81975
152.5061      62.82545
152.505       62.82572
152.4953      62.828
152.4688      62.83825
152.4608      62.85667
152.46        62.85736
152.4516      62.86087
152.4499      62.86159
152.4477      62.86125
152.4399      62.86003
152.4363      62.8567
152.4119      62.85762
152.4095      62.85584
152.4073      62.85422
152.4105      62.84695
152.4104      62.84678
152.408       62.84189
152.3973      62.83667
152.3879      62.83567
152.3856      62.82822
152.3798      62.82539
152.356       62.81953
152.3531      62.81881
152.3616      62.83
152.3665      62.83662
152.3786      62.8395
152.3833      62.84334
152.3818      62.84622
152.3712      62.8482
152.3713      62.8507
152.3919      62.85659
152.399       62.86181
152.4         62.86256
152.4017      62.86378
152.4025      62.8637
152.4203      62.8615
152.4216      62.86133
152.4285      62.8625
152.4314      62.86531
152.4251      62.88092
152.43        62.8852
152.447       62.89123
152.4574      62.90045
152.4648      62.91609
152.4538      62.91795
152.447       62.92209
152.4358      62.9235
152.4253      62.92209
152.4171      62.92333
152.3875      62.94042
152.3738      62.94559
152.3699      62.94586
152.3591      62.94659
152.3532      62.947
152.3458      62.95253
152.3381      62.96223
152.3216      62.97431
152.3071      62.99111
152.2981      63.01286
152.2831      63.02025
152.2753      63.02603
152.2735      63.02809
152.2626      63.04111
152.251       63.04759
152.2323      63.05306
152.2179      63.05728
152.1744      63.09128
152.1717      63.10387
152.176       63.10959
152.1758      63.11614
152.1755      63.12984
152.1711      63.14047
152.1558      63.14373
152.1508      63.14886
152.1558      63.16386
152.1568      63.16689
152.1691      63.171
152.1658      63.17967
152.1688      63.18478
152.1365      63.21548
152.1229      63.22831
152.0826      63.2525
152.0629      63.25842
152.0457      63.2595
152.0391      63.25648
151.9938      63.26337
151.9569      63.28208
151.9073      63.30022
151.8865      63.31053
151.9026      63.31072
151.9118      63.30595
151.915       63.30422
151.9561      63.29467
151.9645      63.28997
151.9775      63.27539
151.9958      63.26853
152.0095      63.26495
152.0216      63.26442
152.0322      63.26217
152.0495      63.26547
152.0585      63.26492
152.0812      63.25884
152.122       63.2385
152.1327      63.229
152.1794      63.18756
152.1794      63.18639
152.1794      63.16992
152.171       63.16509
152.1859      63.15775
152.1876      63.15692
152.1891      63.15447
152.1964      63.14323
152.1998      63.13798
152.1991      63.12884
152.1928      63.11408
152.1918      63.11153
152.1831      63.09114
152.2004      63.08136
152.2137      63.06673
152.225       63.06233
152.2476      63.05817
152.2663      63.04961
152.2808      63.03092
152.2826      63.02853
152.3058      63.01328
152.3106      63.01147
152.3349      63.00247
152.3469      62.99411
152.3494      62.9677
152.3557      62.96361
152.3565      62.95462
152.3627      62.95167
152.3747      62.94953
152.3897      62.94903
152.4118      62.94481
152.4187      62.93356
152.4247      62.92998
152.46        62.92531
152.4625      62.92498
152.4813      62.93181
152.4943      62.95397
152.5048      62.96136
152.5227      62.96709
152.5284      62.971
152.5283      62.9725
152.5288      62.97684
152.5125      62.99723
152.5119      63.01658
152.4926      63.03236
152.4925      63.03431
152.4922      63.04089
152.5073      63.05328
152.506       63.05609
152.5004      63.06889
152.509       63.07381
152.5106      63.07475
152.5166      63.07822
152.5169      63.08073
152.5143      63.08311
152.5106      63.08642
152.5169      63.09025
152.527       63.09642
152.5214      63.10639
152.5196      63.10972
152.5209      63.12
152.5235      63.14014
152.5297      63.14448
152.5305      63.145
152.532       63.14603
152.5321      63.15017
152.5305      63.15031
152.5209      63.15111
152.5201      63.1537
152.5597      63.17736
152.5758      63.19728
152.5808      63.21145
152.5823      63.21942
152.5772      63.23217
152.5611      63.2507
152.5566      63.262
152.571       63.2832
152.5585      63.2985
152.5551      63.30081
152.5542      63.30095
152.5478      63.30195
152.551       63.30567
152.5574      63.31122
152.5595      63.32453
152.5595      63.32511
152.5598      63.3265
152.5699      63.33736
152.5954      63.34192
152.6259      63.3427
152.6792      63.34106
152.7073      63.33922
152.7271      63.34022
152.7355      63.34264
152.7679      63.3617
152.7794      63.36553
152.8161      63.37095
152.8301      63.37784
152.8522      63.39478
152.8639      63.40092
152.8763      63.41167
152.8888      63.43081
152.8968      63.43809
152.8983      63.44259
152.8922      63.45059
152.8947      63.45342
152.8936      63.45925
152.9078      63.47098
152.9239      63.47911
152.934       63.48028
152.9391      63.48453
152.9356      63.49422
152.939       63.50297
152.9728      63.52672
152.9804      63.54839
152.9809      63.5495
152.9971      63.55406
153.0084      63.55895
153.0128      63.56084
153.0147      63.56661
153.0103      63.57211
153.0116      63.57292
153.0156      63.57545
153.0326      63.57856
153.0365      63.58348
153.0546      63.59006
153.0615      63.60111
153.0763      63.61278
153.0986      63.62542
153.1138      63.62856
153.1263      63.63767
153.1537      63.6497
153.1624      63.65073
153.1686      63.65375
153.1731      63.65942
153.1757      63.66225
153.1854      63.66631
153.2169      63.67948
153.2231      63.68986
153.232       63.69317
153.2374      63.69856
153.2435      63.70006
153.258       63.70359
153.2593      63.6997
153.2647      63.69711
153.2795      63.69617
153.2905      63.70275
153.3044      63.70297
153.3213      63.71456
153.3515      63.72009
153.3608      63.74217
153.3611      63.74281
153.3993      63.75447
153.4121      63.76092
153.4151      63.77581
153.4279      63.78392
153.4228      63.78762
153.404       63.79217
153.4054      63.79653
153.4145      63.79709
153.4574      63.79259
153.4607      63.79764
153.4541      63.81125
153.4594      63.81434
153.4744      63.81392
153.4811      63.81372
153.4883      63.81484
153.4984      63.82197
153.499       63.82239
153.5024      63.83261
153.5004      63.83381
153.4973      63.83564
153.4967      63.83983
153.5079      63.84639
153.5148      63.85678
153.548       63.85773
153.5534      63.86133
153.548       63.8652
153.5532      63.8755
153.5597      63.87739
153.5875      63.87747
153.6376      63.88595
153.6505      63.88611
153.6673      63.88384
153.7037      63.88172
153.7197      63.88564
153.742       63.88798
153.7598      63.89448
153.7756      63.89503
153.8109      63.9065
153.8151      63.90708
153.827       63.90878
153.8759      63.90328
153.9191      63.90786
153.937       63.91242
153.9728      63.92806
153.9826      63.93956
153.9918      63.94173
154           63.9367
154.0115      63.94114
154.0539      63.95653
154.118       63.97445
154.1326      63.98175
154.1662      63.98467
154.2008      63.99736
154.2044      63.99811
154.2127      63.99978
154.2181      64.00875
154.2358      64.00723
154.2442      64.00903
154.2508      64.01578
154.2658      64.01998
154.2745      64.02636
154.2877      64.036
154.3141      64.04675
154.3287      64.05711
154.3404      64.06022
154.3607      64.06078
154.3887      64.05761
154.4019      64.05942
154.4257      64.06656
154.4379      64.06786
154.4478      64.07181
154.467       64.0849
154.4849      64.09511
154.5465      64.13006
154.5579      64.13472
154.5599      64.14125
154.5545      64.14786
154.5436      64.15328
154.5316      64.15728
154.5031      64.1577
154.4948      64.1573
154.4915      64.15575
154.4909      64.15023
154.5035      64.13
154.5016      64.12791
154.5006      64.1269
154.484       64.12217
154.477       64.117
154.4506      64.11342
154.4363      64.11383
154.426       64.11745
154.3946      64.13492
154.3871      64.16731
154.3906      64.17392
154.4039      64.1835
154.4037      64.18603
154.3912      64.18975
154.3945      64.19292
154.3962      64.19458
154.4308      64.20936
154.4483      64.21481
154.4764      64.22995
154.4811      64.23614
154.4792      64.24156
154.4642      64.25639
154.4538      64.25406
154.4281      64.2615
154.4162      64.26273
154.4096      64.26583
154.4063      64.276
154.3991      64.27541
154.3941      64.2724
154.3937      64.27292
154.2829      64.323
154.2614      64.32811
154.2314      64.34517
154.1825      64.35586
154.1796      64.3565
154.1699      64.35897
154.159       64.36622
154.14        64.3735
154.1338      64.37456
154.1194      64.37703
154.0808      64.39798
154.0865      64.39828
154.0992      64.40676
154.102       64.4172
154.1019      64.4213
154.1005      64.42606
154.0917      64.43317
154.0578      64.44428
154.0496      64.45072
154.0392      64.46303
154.0392      64.46878
154.0505      64.47234
154.0586      64.47759
154.0592      64.48678
154.0551      64.49184
154.0451      64.49339
154.0433      64.49511
154.0386      64.4997
154.0411      64.50581
154.0237      64.51086
154.0397      64.52203
154.0405      64.52309
154.0446      64.52939
154.0414      64.53516
154.0541      64.55651
154.042       64.56345
154.0398      64.56745
154.043       64.57311
154.018       64.59548
154.0248      64.61325
154.0254      64.62981
154.0162      64.64195
154.0093      64.651
154.0129      64.65715
154.0256      64.66536
154.0301      64.67203
154.0208      64.6897
154.0137      64.69392
153.9893      64.7062
153.9628      64.72408
153.949       64.73095
153.9281      64.73628
153.8942      64.7345
153.8679      64.74
153.8455      64.73766
153.8256      64.73961
153.8104      64.73811
153.7985      64.73495
153.7745      64.73439
153.7595      64.73403
153.7336      64.72161
153.7279      64.72065
153.7259      64.72028
153.7108      64.72039
153.723       64.72473
153.7243      64.72756
153.7216      64.72947
153.6983      64.73189
153.6781      64.72945
153.6626      64.72539
153.7108      64.72039
153.6912      64.71772
153.6574      64.72097
153.6508      64.71464
153.6472      64.71031
153.6366      64.70606
153.613       64.70247
153.5925      64.69033
153.5686      64.66811
153.5567      64.65575
153.5298      64.64533
153.4989      64.63948
153.4913      64.63653
153.4797      64.63564
153.464       64.638
153.4433      64.63753
153.4069      64.64261
153.393       64.64598
153.3595      64.64661
153.3252      64.6518
153.3193      64.65386
153.3036      64.6593
153.2537      64.66106
153.2396      64.66509
153.2258      64.67142
153.2034      64.67245
153.1838      64.68533
153.1792      64.68645
153.1801      64.68855
153.1692      64.69253
153.1488      64.69411
153.1446      64.69373
153.1279      64.69223
153.1251      64.69286
153.1047      64.69753
153.0968      64.7003
153.0893      64.70723
153.0902      64.71278
153.0964      64.71178
153.1029      64.70503
153.1313      64.70023
153.1459      64.70153
153.148       64.70511
153.1427      64.70825
153.1311      64.7092
153.1181      64.71303
153.0988      64.71445
153.0902      64.71278
153.0894      64.71872
153.0747      64.72775
153.0094      64.73658
152.9836      64.73528
152.9829      64.73525
152.9722      64.7367
152.9587      64.74325
152.9555      64.74631
152.9533      64.74845
152.9557      64.761
152.942       64.77147
152.9029      64.77745
152.8904      64.78067
152.8598      64.7887
152.8408      64.79056
152.7784      64.79195
152.7779      64.79181
152.7772      64.79253
152.7424      64.80095
152.7095      64.79898
152.6879      64.80226
152.6514      64.81453
152.645       64.81414
152.6323      64.80853
152.6255      64.80739
152.6216      64.80673
152.6186      64.80264
152.6088      64.80295
152.5553      64.81095
152.5099      64.81411
152.5021      64.8164
152.4588      64.82914
152.4201      64.83134
152.412       64.83289
152.3892      64.84089
152.3766      64.8477
152.3658      64.8507
152.3502      64.85181
152.3387      64.85545
152.331       64.86328
152.3232      64.86553
152.3064      64.867
152.3017      64.86808
152.2976      64.8722
152.2972      64.87795
152.2844      64.88175
152.2503      64.89547
152.2445      64.89948
152.2485      64.90964
152.2458      64.91131
152.2259      64.91372
152.2195      64.91656
152.2211      64.92425
152.2153      64.92848
152.1991      64.93114
152.1872      64.94006
152.1794      64.94209
152.1662      64.94103
152.1661      64.94425
152.1702      64.94678
152.1719      64.94783
152.1716      64.95172
152.1556      64.95531
152.1502      64.96003
152.1318      64.96553
152.1249      64.9637
152.1178      64.95911
152.0965      64.95959
152.0912      64.959
152.0903      64.95711
152.0966      64.95472
152.114       64.95311
152.1262      64.94448
152.1286      64.94275
152.1352      64.94109
152.1495      64.94365
152.1589      64.94009
152.1451      64.93758
152.1276      64.93647
152.1197      64.93733
152.0931      64.95084
152.0841      64.953
152.0705      64.95306
152.0578      64.95523
152.036       64.95895
152.0128      64.9712
151.9814      65
152.0235      65
152.0379      64.98597
152.0495      64.97936
152.0694      64.97881
152.0875      64.97075
152.0985      64.97053
152.1068      64.97314
152.1164      64.97353
152.1317      64.97139
152.1399      64.9702
152.1578      64.96606
152.1864      64.95614
152.2049      64.95464
152.2088      64.95433
152.2248      64.95053
152.2309      64.9507
152.2458      64.95116
152.254       64.94939
152.2705      64.94123
152.2729      64.93731
152.2784      64.92811
152.287       64.92061
152.3096      64.91109
152.3303      64.90239
152.3367      64.89655
152.3371      64.89442
152.3375      64.89253
152.3382      64.88928
152.344       64.88665
152.3593      64.88626
152.4099      64.89034
152.4219      64.88717
152.4296      64.8805
152.4241      64.86856
152.4219      64.86367
152.4269      64.86009
152.4383      64.85711
152.4446      64.85803
152.4522      64.85911
152.458       64.85648
152.4586      64.85259
152.4589      64.85056
152.4922      64.8342
152.5116      64.82803
152.526       64.82386
152.5544      64.82008
152.5913      64.82261
152.6118      64.82592
152.6613      64.82664
152.6838      64.8225
152.7381      64.81865
152.7808      64.81042
152.8129      64.80636
152.8287      64.80608
152.852       64.8057
152.8641      64.80341
152.8924      64.79414
152.8931      64.79417
152.926       64.79561
152.9298      64.79583
152.9367      64.79381
152.9393      64.79303
152.9424      64.79136
152.9497      64.78809
152.9589      64.78259
152.9671      64.78028
152.969       64.77975
152.983       64.77986
153.0014      64.77797
153.0128      64.77425
153.0343      64.76126
153.0373      64.75995
153.0749      64.74386
153.1055      64.72542
153.1184      64.72039
153.1489      64.71386
153.1853      64.70611
153.226       64.69465
153.2425      64.6935
153.2747      64.68823
153.2893      64.68975
153.3118      64.6915
153.3271      64.68914
153.3341      64.68723
153.3472      64.67441
153.3581      64.66883
153.381       64.66392
153.4017      64.663
153.4351      64.65361
153.4509      64.6545
153.4704      64.65764
153.4958      64.65861
153.5122      64.65767
153.5189      64.6585
153.5249      64.66181
153.5298      64.66722
153.5377      64.67609
153.5583      64.68616
153.5632      64.69861
153.5713      64.70731
153.5879      64.7165
153.6119      64.72583
153.6443      64.72923
153.6663      64.73478
153.689       64.73622
153.7235      64.74128
153.7319      64.74386
153.7526      64.7502
153.772       64.7517
153.791       64.74925
153.8056      64.75073
153.8176      64.7539
153.833       64.7547
153.854       64.75281
153.9128      64.75567
153.9269      64.75367
153.9783      64.73545
153.9786      64.73428
153.9797      64.72886
153.9941      64.72003
153.9946      64.71978
154.0073      64.71523
154.012       64.714
154.0262      64.71245
154.0431      64.70758
154.0515      64.7025
154.056       64.69425
154.0556      64.669
154.0634      64.65861
154.0605      64.65547
154.0466      64.65156
154.0437      64.64291
154.0474      64.63531
154.0419      64.62265
154.0467      64.61322
154.0605      64.60203
154.0991      64.58083
154.115       64.56973
154.1173      64.56503
154.112       64.54203
154.1219      64.53131
154.119       64.52634
154.0971      64.519
154.0949      64.51339
154.1005      64.50475
154.0997      64.50333
154.0947      64.49503
154.0965      64.4903
154.1023      64.48695
154.0998      64.4804
154.1038      64.47578
154.1175      64.47028
154.131       64.46755
154.1434      64.4535
154.1517      64.44864
154.152       64.44361
154.1332      64.4213
154.1277      64.40842
154.1396      64.4
154.1422      64.39817
154.1529      64.3845
154.1624      64.38084
154.1724      64.38089
154.1927      64.38997
154.2051      64.39128
154.213       64.38961
154.2297      64.38084
154.2499      64.37636
154.2615      64.37097
154.2837      64.37303
154.2869      64.37111
154.2755      64.36205
154.2758      64.35703
154.2939      64.35083
154.2992      64.34697
154.2967      64.34258
154.2959      64.34131
154.3066      64.33722
154.3272      64.32936
154.3622      64.32073
154.3651      64.32003
154.3962      64.31836
154.4117      64.31548
154.417       64.31159
154.4125      64.30473
154.4165      64.29941
154.4352      64.29667
154.4429      64.29178
154.4466      64.28945
154.4387      64.28723
154.4435      64.28539
154.4678      64.28295
154.4803      64.27964
154.4857      64.27511
154.4879      64.25664
154.494       64.25145
154.5008      64.24973
154.5235      64.24945
154.5358      64.24478
154.5446      64.24728
154.5584      64.24475
154.6138      64.2465
154.6308      64.24206
154.6404      64.24441
154.6412      64.24461
154.6469      64.24511
154.6636      64.24133
154.6748      64.24076
154.682       64.24153
154.6938      64.24525
154.6991      64.24695
154.7138      64.24695
154.723       64.24416
154.6995      64.241
154.6797      64.23409
154.6427      64.23047
154.6213      64.23197
154.6013      64.23583
154.5754      64.23434
154.5413      64.23566
154.527       64.23817
154.5113      64.24381
154.5059      64.24011
154.5028      64.22747
154.5005      64.21836
154.5         64.21623
154.497       64.20966
154.4837      64.20284
154.4812      64.20156
154.452       64.1907
154.4234      64.17325
154.4209      64.15892
154.4152      64.15839
154.4169      64.1539
154.4121      64.14014
154.4146      64.13453
154.4233      64.12742
154.4321      64.12417
154.4462      64.12006
154.459       64.11955
154.469       64.12141
154.4798      64.12608
154.4865      64.13489
154.4876      64.14045
154.4736      64.1517
154.4717      64.1532
154.4746      64.15836
154.5029      64.16665
154.5154      64.16725
154.5342      64.16541
154.5523      64.16058
154.5672      64.14733
154.5721      64.14048
154.572       64.13472
154.5564      64.12023
154.5324      64.10531
154.5015      64.093
154.4964      64.0907
154.4904      64.08353
154.4853      64.06861
154.4774      64.06089
154.4661      64.05597
154.4389      64.05003
154.4191      64.04767
154.4061      64.03717
154.3867      64.03161
154.3706      64.03492
154.3556      64.03439
154.3466      64.0289
154.3414      64.019
154.331       64.01228
154.3271      64.00981
154.3255      64.00798
154.3203      64.0019
154.3141      64
154.3443      64
154.3438      63.99898
154.334       63.99758
154.3108      63.99428
154.2981      63.99509
154.2656      63.98317
154.2447      63.98142
154.232       63.97333
154.2328      63.96778
154.222       63.96359
154.2198      63.95975
154.2228      63.94634
154.2445      63.93475
154.2488      63.93022
154.249       63.92561
154.2436      63.92075
154.2415      63.91886
154.2377      63.91095
154.2417      63.90731
154.2719      63.90237
154.2748      63.89867
154.257       63.88745
154.2717      63.88459
154.2701      63.87639
154.2807      63.85084
154.2613      63.83995
154.2654      63.82478
154.2563      63.81697
154.2535      63.81547
154.2576      63.80672
154.2598      63.79942
154.279       63.79053
154.2996      63.76517
154.3005      63.755
154.3067      63.74287
154.3279      63.72161
154.3382      63.71695
154.3393      63.71192
154.3341      63.70164
154.318       63.6895
154.3175      63.68559
154.3161      63.67436
154.3317      63.66492
154.3438      63.64611
154.3405      63.63647
154.3483      63.62686
154.3481      63.62589
154.346       63.61759
154.3616      63.59753
154.3624      63.58914
154.3743      63.57061
154.3703      63.56253
154.3706      63.55295
154.3629      63.54656
154.3596      63.53753
154.3713      63.52128
154.3623      63.50781
154.3606      63.50528
154.3583      63.49684
154.3669      63.49192
154.3736      63.48806
154.3821      63.47759
154.3744      63.46895
154.3684      63.45061
154.359       63.44673
154.3587      63.43473
154.3485      63.42989
154.3538      63.40708
154.3463      63.40075
154.3347      63.39598
154.3329      63.39236
154.3376      63.38372
154.3339      63.37975
154.331       63.37711
154.3301      63.37622
154.3166      63.37084
154.3016      63.35842
154.3038      63.34125
154.2981      63.33595
154.2973      63.32531
154.2929      63.32197
154.2851      63.31972
154.2726      63.31059
154.2498      63.28917
154.2215      63.28334
154.1975      63.27839
154.2137      63.28506
154.2355      63.28873
154.2467      63.29242
154.2565      63.29967
154.2666      63.31531
154.2802      63.32514
154.2921      63.33948
154.2969      63.36292
154.2998      63.36442
154.3064      63.36778
154.3135      63.37442
154.3221      63.38256
154.3248      63.38623
154.322       63.39389
154.3262      63.39928
154.3339      63.40056
154.3344      63.40103
154.3417      63.40781
154.3428      63.4132
154.3324      63.42328
154.3402      63.42897
154.3471      63.43397
154.3573      63.46075
154.3623      63.46173
154.3691      63.47964
154.3683      63.48506
154.3532      63.495
154.3491      63.50089
154.3576      63.51836
154.3561      63.54059
154.3538      63.54242
154.3593      63.54628
154.3621      63.55411
154.3579      63.55709
154.3578      63.56547
154.3651      63.5702
154.3658      63.5737
154.3573      63.58189
154.3511      63.59161
154.3515      63.59589
154.3434      63.60314
154.3439      63.60464
154.345       63.60828
154.3335      63.63142
154.3263      63.6557
154.309       63.67484
154.3099      63.69639
154.3287      63.7077
154.329       63.71489
154.31        63.72025
154.3028      63.733
154.2936      63.74084
154.2908      63.75017
154.2918      63.76731
154.2855      63.77567
154.2738      63.78195
154.2646      63.79183
154.2552      63.7975
154.2388      63.80714
154.2394      63.81181
154.2499      63.82411
154.2512      63.83045
154.24        63.8437
154.2426      63.84511
154.2504      63.84931
154.2665      63.85234
154.2619      63.86195
154.2624      63.87028
154.2516      63.88242
154.2443      63.88347
154.2411      63.88395
154.2395      63.88939
154.2466      63.8915
154.2552      63.89806
154.2322      63.90039
154.2254      63.90612
154.2262      63.91772
154.214       63.93209
154.1953      63.94525
154.1825      63.9487
154.1746      63.95414
154.1907      63.96847
154.2016      63.9732
154.2251      63.97906
154.1996      63.9825
154.1827      63.9785
154.1419      63.95864
154.129       63.95678
154.1058      63.94861
154.0877      63.93156
154.0677      63.9297
154.0555      63.92917
154.0443      63.92281
154.0295      63.90253
154.0195      63.89853
154.0048      63.89997
154           63.89923
154           63.89453
153.9921      63.89436
153.9736      63.88575
153.9531      63.88403
153.9298      63.89034
153.9232      63.89381
153.9146      63.89467
153.9059      63.89231
153.8874      63.88189
153.876       63.88025
153.8691      63.87928
153.8519      63.87661
153.8037      63.87778
153.7675      63.87322
153.7606      63.87164
153.7575      63.86886
153.7632      63.86242
153.7799      63.86045
153.7693      63.85556
153.7632      63.85278
153.7593      63.85097
153.7492      63.85056
153.7462      63.85325
153.7445      63.85481
153.7532      63.86
153.7425      63.86486
153.7272      63.86898
153.6904      63.87275
153.6825      63.86961
153.6786      63.86481
153.6814      63.85517
153.6596      63.84547
153.6183      63.84698
153.6191      63.84045
153.6169      63.83695
153.6099      63.82581
153.5838      63.81689
153.5721      63.81289
153.5639      63.81183
153.5321      63.81231
153.5172      63.80684
153.5132      63.80434
153.5169      63.80017
153.5504      63.79181
153.5522      63.78823
153.5499      63.78334
153.5409      63.77681
153.5324      63.77373
153.5038      63.77292
153.4916      63.76642
153.4776      63.76231
153.4552      63.76461
153.4436      63.75861
153.4418      63.75772
153.4042      63.73084
153.361       63.69456
153.3371      63.67442
153.3275      63.67073
153.3121      63.66095
153.2974      63.65736
153.2937      63.65414
153.28        63.65348
153.2693      63.651
153.2543      63.64834
153.2436      63.63986
153.2224      63.63095
153.1761      63.62906
153.1617      63.62173
153.1545      63.61139
153.1392      63.60139
153.1191      63.594
153.1176      63.59092
153.1135      63.58217
153.1047      63.57609
153.0906      63.57406
153.0604      63.54617
153.0355      63.53956
153.0266      63.53483
153.0212      63.52648
153.0018      63.50864
152.9927      63.50606
152.989       63.50284
152.9917      63.49711
152.989       63.48761
152.9665      63.46667
152.9484      63.46642
152.946       63.4622
152.9503      63.4532
152.9533      63.44678
152.9402      63.43631
152.9321      63.42975
152.9415      63.41434
152.938       63.40634
152.9364      63.40509
152.9187      63.39103
152.9076      63.38695
152.9045      63.38209
152.9136      63.36789
152.9088      63.36589
152.8984      63.36706
152.8913      63.37031
152.8736      63.37125
152.836       63.3505
152.8299      63.35045
152.8209      63.34989
152.8092      63.34375
152.7945      63.33978
152.7736      63.33673
152.7495      63.33317
152.7457      63.33261
152.7432      63.32795
152.7357      63.32428
152.7344      63.32364
152.7224      63.32292
152.716       63.32667
152.6876      63.33383
152.6614      63.33531
152.6184      63.32967
152.608       63.32831
152.5815      63.31933
152.5794      63.31603
152.5912      63.29523
152.5904      63.28386
152.59        63.27875
152.606       63.26159
152.6181      63.25195
152.621       63.24956
152.6191      63.24186
152.6347      63.22059
152.6355      63.21661
152.6264      63.20856
152.6429      63.20787
152.6459      63.20445
152.6404      63.19858
152.6333      63.19536
152.6093      63.1907
152.6053      63.19058
152.6021      63.1905
152.5768      63.17972
152.5584      63.16825
152.5479      63.15789
152.5496      63.15203
152.5632      63.14234
152.5543      63.12639
152.5555      63.09181
152.5532      63.09081
152.551       63.07748
152.5506      63.07486
152.5527      63.0655
152.5653      63.0587
152.5626      63.04553
152.5677      63.03414
152.5838      63.01789
152.5828      63.01333
152.5818      63.00814
152.5945      62.98656
152.5878      62.96331
152.5805      62.95814
152.5691      62.94998
152.5913      62.92825
152.5918      62.92781
152.5926      62.92409
152.5855      62.92064
152.5848      62.92067
152.5621      62.92195
152.5661      62.92686
152.5754      62.93172
152.5708      62.93334
152.5613      62.93209
152.5434      62.9235
152.5333      62.91397
152.5139      62.90534
152.5013      62.90237
152.4973      62.89064
152.4953      62.88467
152.4887      62.88045
152.4716      62.87789
152.4705      62.87428
152.4773      62.86828
152.4796      62.86634
152.5156      62.84786
152.5467      62.82464
152.5497      62.81339
152.5703      62.80028
152.577       62.78678
152.5779      62.78481
152.5815      62.76892
152.5825      62.75942
152.5792      62.75687
152.6007      62.75175
152.605       62.74778
152.6299      62.74745
152.6404      62.74392
152.65        62.73767
152.6682      62.73161
152.6957      62.72817
152.7101      62.72442
152.7205      62.71936
152.733       62.70814
152.7342      62.70442
152.7362      62.69756
152.7729      62.67114
152.7738      62.66461
152.7813      62.65836
152.7797      62.65639
152.7716      62.65603
152.7628      62.652
152.7651      62.64817
152.7777      62.64064
152.7989      62.63181
152.7887      62.62812
152.7705      62.63075
152.7683      62.62697
152.7709      62.61942
152.7782      62.6157
152.7864      62.6147
152.7908      62.61417
152.8064      62.61634
152.8281      62.61531
152.8785      62.63709
152.8811      62.6382
152.8862      62.63864
152.8941      62.63222
152.9026      62.63153
152.9149      62.63748
152.9438      62.63389
152.9512      62.63467
152.9766      62.64231
152.9901      62.64397
153.0002      62.63753
153.0015      62.63295
153.0051      62.61961
153.008       62.61839
153.0175      62.61748
153.0207      62.61872
153.021       62.63106
153.0243      62.63497
153.0351      62.63845
153.0575      62.63772
153.065       62.63539
153.0746      62.62889
153.0784      62.62
153.0737      62.61039
153.0649      62.60789
153.045       62.60553
153.04        62.604
153.0389      62.60067
153.0531      62.60017
153.0735      62.60545
153.0767      62.607
153.0786      62.60789
153.0845      62.61561
153.0923      62.61922
153.1         62.62003
153.1101      62.61889
153.1218      62.60936
153.1274      62.60797
153.1446      62.60961
153.1549      62.61061
153.1945      62.60758
153.2017      62.60522
153.2087      62.5962
153.2096      62.5897
153.214       62.58662
153.2375      62.57895
153.2467      62.57806
153.2627      62.587
153.2683      62.59011
153.2761      62.59117
153.2902      62.58995
153.2967      62.58817
153.2994      62.58745
153.3023      62.58123
153.3023      62.57945
153.3024      62.56509
153.3149      62.56072
153.3273      62.55892
153.3353      62.56042
153.3456      62.56567
153.3534      62.57847
153.3553      62.57964
153.3635      62.58445
153.3713      62.58689
153.3876      62.58639
153.4001      62.59798
153.4145      62.60392
153.4253      62.60261
153.443       62.593
153.4526      62.5907
153.4601      62.586
153.4622      62.57753
153.49        62.57753
153.5016      62.57445
153.5068      62.56898
153.5046      62.56406
153.5233      62.56306
153.5316      62.56261
153.5433      62.56008
153.5566      62.55459
153.5657      62.55973
153.5732      62.5595
153.5818      62.55923
153.6096      62.55378
153.6198      62.54564
153.6177      62.54373
153.6059      62.54239
153.5974      62.54142
153.5934      62.53445
153.6037      62.53092
153.6096      62.52909
153.6166      62.5235
153.62        62.51309
153.6168      62.505
153.6111      62.50312
153.5919      62.50687
153.5837      62.50192
153.5778      62.5062
153.5713      62.51092
153.5573      62.51378
153.5493      62.51092
153.5428      62.50353
153.5055      62.49664
153.5046      62.49689
153.4968      62.49467
153.4785      62.48472
153.4707      62.47514
153.4505      62.46714
153.4382      62.4572
153.4264      62.45183
153.4246      62.44803
153.4215      62.44778
153.4128      62.44703
153.4049      62.44439
153.3984      62.44278
153.3884      62.43542
153.3883      62.43037
153.3762      62.42445
153.3697      62.42464
153.3603      62.42236
153.359       62.41842
153.3607      62.41661
153.3618      62.41536
153.3534      62.41098
153.3412      62.41186
153.3373      62.41075
153.3199      62.41203
153.3112      62.40848
153.3127      62.401
153.313       62.39311
153.3068      62.38642
153.294       62.37928
153.2744      62.37723
153.2681      62.37186
153.2654      62.36956
153.2563      62.36767
153.2389      62.36914
153.2304      62.36584
153.2139      62.35342
153.2029      62.34889
153.1843      62.34653
153.1464      62.33092
153.1229      62.33206
153.1195      62.33222
153.1005      62.3285
153.0842      62.32111
153.0868      62.31562
153.1094      62.30111
153.115       62.28964
153.1325      62.27017
153.1325      62.2642
153.1252      62.25709
153.0845      62.24014
153.0948      62.23378
153.105       62.22747
153.1365      62.21914
153.1418      62.21253
153.1506      62.20775
153.1629      62.18936
153.1709      62.18531
153.1869      62.18139
153.2024      62.17142
153.2189      62.16928
153.239       62.17164
153.2487      62.17095
153.2526      62.16628
153.2669      62.15809
153.2749      62.15742
153.3094      62.15456
153.3146      62.15556
153.3225      62.16006
153.3352      62.17298
153.3484      62.17547
153.3658      62.17559
153.3772      62.17314
153.381       62.17103
153.3818      62.16312
153.3747      62.15509
153.3562      62.14097
153.3572      62.13514
153.3695      62.12756
153.3713      62.11317
153.3714      62.11264
153.3796      62.11206
153.3963      62.12834
153.413       62.12667
153.4304      62.121
153.445       62.11183
153.4557      62.09811
153.4636      62.06289
153.4633      62.05162
153.4688      62.04036
153.4698      62.03978
153.4778      62.03483
153.5372      62.03156
153.5589      62.02603
153.5654      62.01767
153.5557      62.01217
153.5391      62.00672
153.536       62.00347
153.5407      61.9955
153.534       61.99023
153.5349      61.98278
153.5413      61.97675
153.5531      61.97264
153.5685      61.97011
153.5838      61.96914
153.6064      61.96773
153.6144      61.96525
153.6186      61.96147
153.6187      61.95756
153.6138      61.95192
153.6164      61.94034
153.6268      61.93373
153.6451      61.93033
153.657       61.93217
153.6695      61.941
153.6897      61.94131
153.7046      61.94808
153.7106      61.95081
153.7317      61.95798
153.742       61.95898
153.7607      61.96084
153.7626      61.96081
153.7855      61.96011
153.7917      61.95408
153.7612      61.95667
153.7484      61.95508
153.7344      61.95014
153.7284      61.94945
153.7226      61.94875
153.6948      61.93609
153.6701      61.93392
153.6483      61.92481
153.6452      61.92509
153.6273      61.92664
153.6166      61.92975
153.6094      61.936
153.6066      61.94528
153.6115      61.95787
153.61        61.95936
153.606       61.96359
153.572       61.96592
153.5443      61.96984
153.5284      61.97517
153.5227      61.97978
153.5255      62.0015
153.531       62.01034
153.5459      62.01522
153.5516      62.01917
153.5519      62.02284
153.5378      62.02703
153.5108      62.02914
153.4984      62.02731
153.4948      62.02761
153.4778      62.02906
153.4704      62.02614
153.468       62.01592
153.4532      62.00717
153.4536      62.00125
153.4461      61.99161
153.4367      61.98709
153.4302      61.97764
153.4318      61.96806
153.4287      61.96158
153.4221      61.95514
153.4073      61.95048
153.3957      61.94325
153.3856      61.94123
153.3671      61.93267
153.3657      61.93256
153.3335      61.93042
153.316       61.92928
153.2893      61.92245
153.2731      61.92386
153.2438      61.93153
153.2289      61.931
153.2189      61.92872
153.2055      61.91633
153.1917      61.91295
153.1675      61.90339
153.1448      61.89208
153.1436      61.8915
153.1307      61.88159
153.1143      61.87273
153.107       61.86875
153.0959      61.8647
153.0714      61.866
153.0433      61.87483
153.0216      61.87784
153.0032      61.87692
152.956       61.86106
152.9489      61.8542
152.9471      61.84687
152.9455      61.84037
152.9309      61.82825
152.9139      61.80661
152.8868      61.79192
152.8755      61.78211
152.8561      61.7655
152.8552      61.75473
152.8507      61.7495
152.8374      61.74606
152.8352      61.74345
152.8375      61.73545
152.8339      61.73156
152.83        61.73153
152.828       61.7315
152.8219      61.73378
152.8149      61.73072
152.8152      61.72295
152.8086      61.71581
152.7927      61.71
152.7894      61.69156
152.7843      61.67861
152.7788      61.6647
152.7843      61.65478
152.7738      61.64181
152.7494      61.62656
152.7473      61.623
152.7614      61.61511
152.7631      61.61295
152.7649      61.61072
152.7674      61.5937
152.7748      61.58789
152.7775      61.57939
152.7778      61.56761
152.796       61.55295
152.7899      61.53956
152.7884      61.52836
152.79        61.52314
152.792       61.51656
152.7838      61.5052
152.7894      61.49253
152.7943      61.48503
152.7941      61.47814
152.7871      61.47242
152.7871      61.46939
152.7958      61.46164
152.7974      61.45439
152.7962      61.45233
152.7918      61.44533
152.7917      61.4232
152.783       61.41528
152.7873      61.40875
152.7946      61.38078
152.7919      61.37059
152.7996      61.33936
152.799       61.33411
152.7942      61.32958
152.7892      61.3445
152.7866      61.35158
152.7721      61.36092
152.7725      61.3672
152.7728      61.37078
152.7682      61.38264
152.7614      61.39511
152.7534      61.4035
152.7535      61.40836
152.7694      61.41484
152.7707      61.41753
152.7652      61.42459
152.7677      61.44542
152.7792      61.44989
152.7832      61.45353
152.774       61.46917
152.7721      61.48339
152.7697      61.48978
152.7717      61.4977
152.7815      61.51708
152.7763      61.52528
152.7616      61.5842
152.752       61.60353
152.7349      61.61558
152.734       61.61872
152.7329      61.62309
152.7357      61.62911
152.749       61.63442
152.7681      61.64695
152.7705      61.6682
152.7791      61.67867
152.7821      61.68859
152.7816      61.71031
152.8022      61.722
152.8063      61.73347
152.82        61.74175
152.8257      61.75517
152.828       61.75722
152.8437      61.77098
152.8628      61.78348
152.8628      61.79156
152.8701      61.7975
152.9005      61.80756
152.9073      61.81195
152.918       61.83056
152.9317      61.83834
152.9381      61.84481
152.9393      61.85786
152.945       61.86186
152.9483      61.86323
152.9858      61.87911
153.0233      61.88375
153.0354      61.88334
153.0637      61.87256
153.0782      61.87059
153.0908      61.87175
153.1039      61.87606
153.1143      61.87953
153.1369      61.89498
153.1573      61.90645
153.1764      61.91728
153.1973      61.92431
153.2075      61.93303
153.2239      61.93667
153.2322      61.93653
153.2765      61.92983
153.2913      61.92992
153.3037      61.93345
153.3107      61.93542
153.3321      61.935
153.3492      61.93789
153.3834      61.94736
153.3854      61.94795
153.3926      61.95317
153.3969      61.96325
153.4014      61.96639
153.4198      61.97172
153.4201      61.98139
153.4351      61.99289
153.4376      62.00295
153.4599      62.01978
153.46        62.03453
153.4496      62.04178
153.442       62.05572
153.4435      62.05847
153.4483      62.06703
153.4405      62.10409
153.4341      62.11011
153.4208      62.11753
153.405       62.12334
153.3999      62.12245
153.3814      62.10728
153.375       62.10567
153.3675      62.10692
153.3618      62.11056
153.3605      62.11989
153.3512      62.13164
153.3476      62.13606
153.3476      62.14323
153.3638      62.16075
153.3667      62.16953
153.3609      62.17134
153.3511      62.17159
153.3383      62.16745
153.3254      62.15222
153.3171      62.14961
153.2938      62.15061
153.2578      62.15667
153.2512      62.159
153.2411      62.16736
153.2268      62.165
153.2017      62.16506
153.1854      62.17575
153.1682      62.17998
153.1583      62.18458
153.1468      62.20028
153.143       62.20553
153.1184      62.21911
153.0802      62.22909
153.0719      62.24381
153.0761      62.24767
153.1058      62.25687
153.1194      62.26372
153.1221      62.26884
153.1174      62.27564
153.1016      62.28806
153.0981      62.29722
153.0971      62.29992
153.0759      62.31386
153.0739      62.32
153.0778      62.32434
153.1039      62.33448
153.1166      62.33614
153.121       62.33673
153.1296      62.33614
153.1449      62.33509
153.1474      62.33747
153.1614      62.35092
153.1775      62.353
153.1998      62.37403
153.2094      62.37889
153.2173      62.38039
153.2165      62.37886
153.2139      62.37442
153.2157      62.36642
153.2295      62.37375
153.2367      62.38039
153.249       62.37559
153.256       62.37553
153.2627      62.37784
153.2765      62.40084
153.278       62.4022
153.2827      62.40639
153.2905      62.40906
153.2956      62.414
153.3123      62.42225
153.3189      62.42248
153.3301      62.41867
153.3419      62.41689
153.3462      62.42139
153.35        62.42536
153.3678      62.42995
153.3715      62.43089
153.3729      62.43356
153.3801      62.44758
153.3847      62.44975
153.3892      62.45189
153.4076      62.4607
153.4098      62.46181
153.4168      62.46314
153.4318      62.46481
153.4362      62.4675
153.4364      62.47256
153.4442      62.47964
153.4453      62.48072
153.4537      62.48895
153.4601      62.49528
153.4723      62.50142
153.4871      62.50503
153.5109      62.5082
153.5279      62.50672
153.5329      62.50798
153.5392      62.51328
153.5557      62.51656
153.5654      62.51639
153.5702      62.51631
153.6042      62.51217
153.6091      62.51403
153.6099      62.51433
153.6103      62.51706
153.6096      62.51745
153.6005      62.52306
153.5856      62.52764
153.5718      62.52981
153.562       62.52947
153.5523      62.52917
153.5383      62.5287
153.5172      62.533
153.5029      62.53108
153.4961      62.53328
153.4968      62.54764
153.5053      62.55056
153.5163      62.54981
153.5098      62.54506
153.5099      62.53753
153.5223      62.53728
153.5402      62.53437
153.5755      62.53542
153.5875      62.54011
153.5989      62.55042
153.5877      62.55403
153.5704      62.55323
153.5579      62.547
153.5473      62.54886
153.544       62.55428
153.5238      62.55392
153.5076      62.55789
153.4785      62.54772
153.4742      62.54389
153.4688      62.54428
153.4636      62.5465
153.4622      62.54998
153.4596      62.5565
153.4434      62.56047
153.4323      62.5612
153.4275      62.56558
153.4327      62.57175
153.4334      62.57267
153.4458      62.57642
153.4484      62.58109
153.4417      62.58503
153.4307      62.5865
153.4145      62.55792
153.4101      62.55548
153.3966      62.55692
153.3914      62.56075
153.3859      62.57106
153.3743      62.58114
153.3656      62.57761
153.3504      62.5607
153.3468      62.5575
153.3363      62.55456
153.3267      62.55411
153.3075      62.55803
153.2947      62.56309
153.2907      62.56753
153.2929      62.58167
153.2885      62.58475
153.2776      62.58531
153.2697      62.58403
153.2556      62.57467
153.2424      62.57117
153.2604      62.56831
153.2569      62.56511
153.2574      62.56372
153.2594      62.55778
153.2536      62.55542
153.2445      62.56392
153.2098      62.57698
153.2009      62.58317
153.189       62.59853
153.1772      62.60411
153.1588      62.6055
153.1178      62.60575
153.1123      62.60739
153.1033      62.61634
153.0955      62.6135
153.0902      62.60448
153.0894      62.603
153.0824      62.59864
153.0709      62.59553
153.0527      62.59358
153.0343      62.59711
153.0294      62.60031
153.0285      62.60578
153.0327      62.60875
153.0623      62.61645
153.072       62.62208
153.0716      62.62736
153.0674      62.63086
153.062       62.63328
153.0497      62.63534
153.0329      62.63553
153.0305      62.63386
153.0327      62.61942
153.0303      62.61381
153.0238      62.61059
153.0116      62.61087
153.0024      62.61278
152.9969      62.61853
152.9947      62.62242
152.9962      62.63386
152.9908      62.64
152.9775      62.63956
152.9585      62.63278
152.9446      62.62736
152.9338      62.6197
152.925       62.61742
152.9158      62.62108
152.9059      62.62195
152.8986      62.6197
152.8886      62.61186
152.8804      62.60967
152.8708      62.60961
152.8563      62.6135
152.8436      62.61217
152.8327      62.60922
152.8156      62.61064
152.7944      62.61
152.7778      62.61136
152.7559      62.62092
152.7518      62.62856
152.7571      62.63098
152.7795      62.6352
152.7624      62.64142
152.7564      62.64622
152.7641      62.66606
152.7603      62.67264
152.7591      62.67436
152.7574      62.67589
152.7199      62.69545
152.7195      62.69625
152.7111      62.69992
152.7073      62.70783
152.702       62.71881
152.6937      62.72314
152.6657      62.72695
152.656       62.72967
152.6497      62.7332
152.6364      62.74064
152.6279      62.74172
152.6176      62.74306
152.6109      62.74095
152.6025      62.74128
152.5887      62.74703
152.5819      62.74634
152.5816      62.74198
152.5939      62.7285
152.5939      62.72367
152.5859      62.7175
152.572       62.71314
152.5765      62.71081
152.591       62.70311
152.591       62.6985
152.5662      62.6982
152.5521      62.69097
152.5269      62.68895
152.5233      62.68709
152.5234      62.6795
152.5085      62.67978
152.4896      62.66262
152.4903      62.66003
152.4998      62.65642
152.4686      62.6352
152.4542      62.63384
152.4441      62.62531
152.446       62.62334
152.4397      62.61864
152.4252      62.60789
152.4029      62.61003
152.374       62.59395
152.3803      62.57859
152.3852      62.57375
152.3979      62.56109
152.4021      62.55345
152.3913      62.5362
152.3817      62.52848
152.3807      62.52767
152.3706      62.52397
152.3608      62.52436
152.3353      62.52925
152.317       62.53112
152.315       62.53073
152.3101      62.52973
152.3024      62.52564
152.3003      62.51539
152.302       62.50308
152.3247      62.46756
152.3334      62.44395
152.3252      62.43789
152.3229      62.4362
152.3038      62.43489
152.2865      62.43642
152.2411      62.4492
152.2159      62.45261
152.1952      62.45286
152.1752      62.44758
152.1547      62.44217
152.1519      62.424
152.1546      62.40311
152.1529      62.38678
152.1506      62.38048
152.1432      62.37567
152.1312      62.37181
152.1205      62.37089
152.1062      62.37273
152.062       62.3875
152.0588      62.3897
152.0492      62.39659
152.0098      62.41631
151.9976      62.42559
151.9918      62.43447
151.9915      62.45403
152.0029      62.47425
152.0073      62.4947
152.012       62.50358
152.0221      62.52297
152.0095      62.55989
151.9996      62.57223
151.9907      62.57739
151.9491      62.57698
151.9397      62.57528
151.9181      62.55958
151.9138      62.55409
151.8961      62.53173
151.8665      62.51356
151.8606      62.5015
151.8492      62.493
151.8367      62.47722
151.8308      62.45825
151.8367      62.45467
151.8385      62.44009
151.8414      62.43967
151.8398      62.4377
151.8444      62.42959
151.836       62.41745
151.8243      62.41106
151.8033      62.40361
151.7833      62.40136
151.7519      62.4027
151.7353      62.40339
151.7119      62.40664
151.6881      62.41361
151.6685      62.42331
151.6605      62.43367
151.6618      62.44714
151.6844      62.4835
151.6765      62.50075
151.6758      62.50242
151.6542      62.52095
151.6277      62.53495
151.6115      62.54098
151.5729      62.54742
151.5401      62.54936
151.5135      62.54864
151.4789      62.54423
151.4545      62.54589
151.4371      62.54783
151.4151      62.55314
151.4044      62.5557
151.359       62.5627
151.3368      62.56906
151.3251      62.57753
151.3226      62.58295
151.3063      62.59447
151.2684      62.61111
151.2058      62.62548
151.1353      62.64162
151.1195      62.64203
151.0891      62.63845
151.0357      62.63661
150.9958      62.63859
150.9573      62.64392
150.9469      62.64725
150.9177      62.65664
150.9025      62.65792
150.8891      62.65614
150.8726      62.64809
150.8506      62.64031
150.8375      62.63781
150.787       62.63939
150.7756      62.6377
150.7459      62.6207
150.742       62.60628
150.7397      62.59786
150.7481      62.57767
150.7567      62.57056
150.7665      62.56589
150.7971      62.55692
150.8063      62.55184
150.8114      62.54647
150.8298      62.52714
150.8366      62.51483
150.8358      62.5057
150.8295      62.49639
150.8167      62.48906
150.799       62.46386
150.7987      62.45859
150.8069      62.44023
150.8043      62.43167
150.7844      62.41161
150.7932      62.40036
150.8189      62.38131
150.8123      62.37975
150.8096      62.38039
 1             1             2 
1
 -9999.0   ,   9990.0
   7
 19 
153.5143      63.82364
153.5208      63.82409
153.5492      63.832
153.5685      63.84656
153.5811      63.85097
153.5911      63.85695
153.5845      63.85903
153.5828      63.86284
153.5908      63.87059
153.5688      63.874
153.5615      63.87378
153.5591      63.87134
153.5647      63.85725
153.5483      63.85322
153.5262      63.85128
153.5212      63.8485
153.5177      63.84083
153.5123      63.82928
153.5143      63.82364
 1             1             3 
1
 -9999.0   ,   9990.0
   7
 16 
154.1028      64.43536
154.1168      64.43653
154.128       64.44009
154.1333      64.44403
154.1348      64.45008
154.1292      64.45483
154.0989      64.46083
154.0672      64.47136
154.0569      64.47036
154.0504      64.46684
154.0494      64.4629
154.0559      64.45839
154.0729      64.4547
154.0833      64.44995
154.0926      64.43941
154.1028      64.43536
 1             1             4 
1
 -9999.0   ,   9990.0
   7
 18 
152.5603      62.94556
152.5634      62.95103
152.5843      62.96353
152.5859      62.96847
152.5817      62.97034
152.5761      62.97281
152.5651      62.97309
152.5555      62.96681
152.549       62.95228
152.5374      62.93967
152.5213      62.93037
152.5111      62.91859
152.5112      62.91262
152.5202      62.91275
152.5259      62.91472
152.5286      62.91664
152.554       62.93445
152.5603      62.94556
 1             1             5 
1
 -9999.0   ,   9990.0
   7
 12 
154.0819      64.52925
154.0879      64.5385
154.0931      64.54106
154.0921      64.54628
154.083       64.55041
154.0636      64.55103
154.0588      64.54733
154.0498      64.52414
154.0524      64.52245
154.06        64.52214
154.0797      64.5257
154.0819      64.52925
 1             1             6 
1
 -9999.0   ,   9990.0
   7
 14 
153.2274      63.65434
153.2374      63.65781
153.2493      63.65789
153.2581      63.66214
153.2521      63.666
153.2351      63.66625
153.2005      63.65756
153.1953      63.64847
153.1888      63.64775
153.1866      63.64583
153.1893      63.63553
153.2025      63.63484
153.2207      63.64559
153.2274      63.65434
 1             1             7 
1
 -9999.0   ,   9990.0
   7
 16 
153.2775      64.66908
153.2905      64.6705
153.3211      64.67731
153.3329      64.67728
153.3335      64.68075
153.3238      64.68573
153.3138      64.687
153.2843      64.6835
153.2624      64.68478
153.2606      64.68375
153.2685      64.67709
153.2655      64.67484
153.2474      64.67611
153.2478      64.67315
153.2614      64.66908
153.2775      64.66908
 1             1             8 
1
 -9999.0   ,   9990.0
   7
 12 
153.5001      63.7942
153.4949      63.79411
153.4922      63.79245
153.4767      63.79423
153.4737      63.79167
153.4827      63.78045
153.4954      63.77792
153.5335      63.78242
153.5376      63.78511
153.5348      63.79061
153.5278      63.79411
153.5001      63.7942
 1             1             9 
1
 -9999.0   ,   9990.0
   7
 10 
154.1928      64.36842
154.1831      64.367
154.1854      64.36253
154.2297      64.34942
154.2374      64.35028
154.2258      64.35817
154.2263      64.36186
154.221       64.36411
154.2013      64.36242
154.1928      64.36842
 1             1             10 
1
 -9999.0   ,   9990.0
   7
 8 
153.4917      62.57431
153.45        62.57103
153.4408      62.56917
153.4399      62.5637
153.4764      62.55422
153.4934      62.56509
153.4948      62.56914
153.4917      62.57431
 1             1             11 
1
 -9999.0   ,   9990.0
   7
 10 
153.9381      63.90542
153.9257      63.90136
153.9237      63.89908
153.9266      63.89725
153.9759      63.8932
153.9857      63.89561
153.9858      63.90008
153.9583      63.91181
153.95        63.91086
153.9381      63.90542
 1             1             12 
1
 -9999.0   ,   9990.0
   7
 12 
150.8335      62.64559
150.8529      62.64881
150.8606      62.65367
150.8452      62.65623
150.8353      62.66064
150.8163      62.65842
150.808       62.65523
150.8071      62.65161
150.7954      62.64903
150.7907      62.64606
150.8108      62.64247
150.8335      62.64559
 1             1             13 
1
 -9999.0   ,   9990.0
   7
 16 
152.2574      64.90145
152.2623      64.90292
152.2676      64.90808
152.269       64.91465
152.2605      64.92191
152.2461      64.93022
152.2179      64.93948
152.2023      64.94195
152.1994      64.94083
152.2082      64.93608
152.2229      64.93151
152.2351      64.92145
152.252       64.91678
152.2575      64.91184
152.2551      64.90336
152.2574      64.90145
 1             1             14 
1
 -9999.0   ,   9990.0
   7
 11 
152.3169      64.88795
152.3198      64.89228
152.3119      64.89936
152.2972      64.90559
152.2849      64.90803
152.2757      64.90653
152.2673      64.89655
152.2694      64.8937
152.2793      64.89017
152.3046      64.89061
152.3169      64.88795
 1             1             15 
1
 -9999.0   ,   9990.0
   7
 15 
153.8415      63.88748
153.838       63.88906
153.831       63.88728
153.8236      63.88778
153.8341      63.89267
153.8403      63.8995
153.8382      63.90161
153.8321      63.90233
153.813       63.9027
153.8064      63.90064
153.7933      63.892
153.8053      63.8862
153.819       63.88447
153.8384      63.88447
153.8415      63.88748
 1             1             16 
1
 -9999.0   ,   9990.0
   7
 11 
153.2546      63.69692
153.2367      63.68733
153.2354      63.68489
153.2398      63.68136
153.2524      63.67864
153.26        63.67814
153.2777      63.68281
153.2972      63.69228
153.2861      63.69298
153.2736      63.68931
153.2546      63.69692
 1             1             17 
1
 -9999.0   ,   9990.0
   7
 10 
152.8761      63.37634
152.8872      63.37956
152.8913      63.38895
152.8888      63.39234
152.8837      63.39406
152.8719      63.39395
152.8589      63.38881
152.8497      63.38114
152.8539      63.37533
152.8761      63.37634
 1             1             18 
1
 -9999.0   ,   9990.0
   7
 8 
154.2987      64.01845
154.3139      64.02611
154.322       64.0272
154.3208      64.04342
154.2986      64.03633
154.2821      64.02172
154.2857      64.01825
154.2987      64.01845
 1             1             19 
1
 -9999.0   ,   9990.0
   7
 13 
152.3155      64.87478
152.3124      64.87475
152.3121      64.87241
152.3274      64.87041
152.3489      64.86273
152.3496      64.86236
152.3567      64.86281
152.3636      64.86622
152.3737      64.87608
152.3621      64.88136
152.3539      64.88015
152.3508      64.87511
152.3155      64.87478
 1             1             20 
1
 -9999.0   ,   9990.0
   7
 10 
152.568       63.00503
152.5563      62.99753
152.5392      62.99686
152.531       62.99325
152.5309      62.9882
152.5402      62.97747
152.5522      62.98197
152.5688      62.99678
152.5728      63.00331
152.568       63.00503
 1             1             21 
1
 -9999.0   ,   9990.0
   7
 8 
152.9894      64.74989
153.0006      64.76206
152.9883      64.76683
152.9754      64.76495
152.9633      64.76561
152.9634      64.75228
152.9686      64.74936
152.9894      64.74989
 1             1             22 
1
 -9999.0   ,   9990.0
   7
 12 
154.3417      64.0415
154.3514      64.04633
154.3764      64.04691
154.3809      64.04759
154.3828      64.05045
154.3765      64.05425
154.3683      64.05589
154.3358      64.0538
154.3273      64.04856
154.3271      64.04533
154.3316      64.04211
154.3417      64.0415
 1             1             23 
1
 -9999.0   ,   9990.0
   7
 9 
153.3679      64.65261
153.3713      64.65531
153.3305      64.66934
153.3205      64.67061
153.3148      64.66983
153.3123      64.66578
153.3217      64.65986
153.3375      64.65547
153.3679      64.65261
 1             1             24 
1
 -9999.0   ,   9990.0
   7
 8 
152.9201      63.41373
152.9285      63.42514
152.9117      63.42581
152.904       63.42103
152.8931      63.40678
152.893       63.39873
152.899       63.39811
152.9201      63.41373
 1             1             25 
1
 -9999.0   ,   9990.0
   7
 8 
154.1334      64.38028
154.1364      64.38478
154.1241      64.39861
154.1091      64.41067
154.1046      64.39806
154.1078      64.3902
154.1246      64.38142
154.1334      64.38028
 1             1             26 
1
 -9999.0   ,   9990.0
   7
 11 
152.3764      64.85439
152.3899      64.85592
152.3972      64.85845
152.4054      64.86908
152.4009      64.87411
152.3909      64.87508
152.3834      64.87325
152.3777      64.8632
152.3672      64.85909
152.3686      64.85664
152.3764      64.85439
 1             1             27 
1
 -9999.0   ,   9990.0
   7
 9 
154.4701      64.21709
154.463       64.21472
154.4527      64.20003
154.4605      64.19973
154.4781      64.20395
154.4865      64.20773
154.4913      64.21336
154.4894      64.22073
154.4701      64.21709
 1             1             28 
1
 -9999.0   ,   9990.0
   7
 9 
154.3985      64.28775
154.4006      64.28992
154.383       64.30028
154.3743      64.30328
154.3525      64.30403
154.3505      64.30141
154.3588      64.29403
154.373       64.29017
154.3985      64.28775
 1             1             29 
1
 -9999.0   ,   9990.0
   7
 12 
152.5254      63.00806
152.529       63.00975
152.5265      63.02295
152.5368      63.03112
152.5313      63.03445
152.5165      63.03609
152.515       63.0392
152.5067      63.04295
152.507       63.03303
152.5144      63.0275
152.5121      63.0235
152.5254      63.00806
 1             1             30 
1
 -9999.0   ,   9990.0
   7
 10 
153.3023      63.67992
153.306       63.67411
153.3131      63.674
153.336       63.68553
153.3469      63.69289
153.3495      63.69847
153.346       63.69923
153.3234      63.68781
153.3123      63.68973
153.3023      63.67992
 1             1             31 
1
 -9999.0   ,   9990.0
   7
 10 
152.5558      62.73031
152.5484      62.72736
152.5433      62.71756
152.5499      62.7162
152.5609      62.71756
152.5748      62.72192
152.5788      62.72673
152.5778      62.73325
152.5717      62.73434
152.5558      62.73031
 1             1             32 
1
 -9999.0   ,   9990.0
   7
 10 
154.4492      64.26759
154.4532      64.26822
154.4546      64.27084
154.4469      64.27617
154.4324      64.28325
154.4204      64.28678
154.4174      64.28616
154.4162      64.2765
154.4274      64.27016
154.4492      64.26759
 1             1             33 
1
 -9999.0   ,   9990.0
   7
 11 
153.7756      63.89206
153.7677      63.89175
153.7382      63.87867
153.7261      63.87639
153.7269      63.87345
153.7348      63.87292
153.7687      63.88022
153.7769      63.88359
153.7786      63.8865
153.7783      63.89114
153.7756      63.89206
 1             1             34 
1
 -9999.0   ,   9990.0
   7
 8 
153.4927      62.49889
153.4883      62.50092
153.4721      62.49681
153.4608      62.48489
153.4443      62.47214
153.4504      62.47172
153.4648      62.4777
153.4927      62.49889
 1             1             35 
1
 -9999.0   ,   9990.0
   7
 8 
152.572       62.70364
152.554       62.71317
152.5223      62.70145
152.5204      62.69881
152.5245      62.69578
152.5307      62.69467
152.5561      62.70381
152.572       62.70364
 1             1             36 
1
 -9999.0   ,   9990.0
   7
 12 
153.1262      63.6207
153.1151      63.61573
153.0909      63.61267
153.0895      63.61128
153.0988      63.60036
153.1021      63.60045
153.1147      63.61098
153.1197      63.61239
153.1326      63.6122
153.1382      63.61484
153.1376      63.61914
153.1262      63.6207
 1             1             37 
1
 -9999.0   ,   9990.0
   7
 10 
153.8605      63.89928
153.853       63.89725
153.8502      63.89448
153.8534      63.89056
153.8619      63.8865
153.8702      63.88497
153.8738      63.88772
153.8883      63.88989
153.888       63.897
153.8605      63.89928
 1             1             38 
1
 -9999.0   ,   9990.0
   7
 8 
153.223       64.67495
153.2303      64.67581
153.2324      64.67917
153.2255      64.68611
153.1982      64.69236
153.1995      64.68142
153.2062      64.67741
153.223       64.67495
 1             1             39 
1
 -9999.0   ,   9990.0
   7
 9 
153.6517      63.88425
153.6138      63.87784
153.6074      63.87514
153.6063      63.87097
153.6089      63.86911
153.6303      63.87142
153.65        63.87739
153.6544      63.88153
153.6517      63.88425
 1             1             40 
1
 -9999.0   ,   9990.0
   7
 8 
152.6197      63.2297
152.6053      63.237
152.5968      63.23778
152.595       63.2257
152.6059      63.22156
152.6209      63.21734
152.624       63.22606
152.6197      63.2297
 1             1             41 
1
 -9999.0   ,   9990.0
   7
 10 
154.3296      64.3242
154.3293      64.31936
154.348       64.30678
154.3635      64.30825
154.3795      64.30745
154.3845      64.30861
154.3848      64.31136
154.3807      64.31323
154.3591      64.31284
154.3296      64.3242
 1             1             42 
1
 -9999.0   ,   9990.0
   7
 10 
153.0583      63.57347
153.0598      63.56875
153.068       63.56867
153.0819      63.57828
153.0942      63.57953
153.1009      63.58425
153.0936      63.58547
153.0631      63.58006
153.0591      63.57895
153.0583      63.57347
 1             1             43 
1
 -9999.0   ,   9990.0
   7
 8 
151.1008      62.64836
151.1633      62.64436
151.173       62.64559
151.1718      62.64828
151.1167      62.65148
151.1076      62.65325
151.0967      62.65117
151.1008      62.64836
 1             1             44 
1
 -9999.0   ,   9990.0
   7
 9 
152.5521      63.00503
152.555       63.0085
152.5544      63.02098
152.5513      63.02395
152.5421      63.02706
152.5362      63.01995
152.536       63.01561
152.5447      63.00481
152.5521      63.00503
 1             1             45 
1
 -9999.0   ,   9990.0
   7
 6 
152.7648      63.34923
152.7857      63.34878
152.8097      63.361
152.7954      63.36195
152.7734      63.3565
152.7648      63.34923
 1             1             46 
1
 -9999.0   ,   9990.0
   7
 11 
152.5831      64.81358
152.5815      64.81186
152.5895      64.80891
152.6001      64.80795
152.6102      64.80995
152.6142      64.81228
152.6271      64.81284
152.6304      64.81578
152.627       64.81789
152.6186      64.81875
152.5831      64.81358
 1             1             47 
1
 -9999.0   ,   9990.0
   7
 8 
152.5124      62.7295
152.511       62.71842
152.5252      62.71897
152.5511      62.73725
152.5426      62.73678
152.5369      62.73184
152.5278      62.72948
152.5124      62.7295
 1             1             48 
1
 -9999.0   ,   9990.0
   7
 10 
154.0169      63.93114
154.0092      63.91995
154.0169      63.91753
154.0226      63.91934
154.0276      63.92525
154.0322      63.92697
154.0379      63.93547
154.0333      63.9377
154.0256      63.93595
154.0169      63.93114
 1             1             49 
1
 -9999.0   ,   9990.0
   7
 6 
153.4129      62.59481
153.4077      62.59395
153.4034      62.58045
153.4038      62.56195
153.4213      62.59111
153.4129      62.59481
 1             1             50 
1
 -9999.0   ,   9990.0
   7
 9 
152.9308      63.45378
152.9301      63.45911
152.9267      63.46142
152.914       63.46181
152.911       63.45581
152.9133      63.44736
152.9247      63.44475
152.9312      63.4487
152.9308      63.45378
 1             1             51 
1
 -9999.0   ,   9990.0
   7
 9 
152.5287      63.04164
152.5359      63.04072
152.5469      63.03475
152.5511      63.03959
152.5424      63.04892
152.5306      63.05314
152.5247      63.05053
152.5208      63.04295
152.5287      63.04164
 1             1             52 
1
 -9999.0   ,   9990.0
   7
 6 
150.9401      62.66589
150.9162      62.66245
150.944       62.65428
150.9577      62.65309
150.9509      62.66356
150.9401      62.66589
 1             1             53 
1
 -9999.0   ,   9990.0
   7
 9 
154.0528      63.93614
154.0743      63.94464
154.0818      63.95098
154.077       63.9527
154.0682      63.95089
154.0473      63.94242
154.0444      63.94036
154.0455      63.93745
154.0528      63.93614
 1             1             54 
1
 -9999.0   ,   9990.0
   7
 11 
152.5396      63.07572
152.5336      63.07703
152.5257      63.07559
152.5232      63.07042
152.5182      63.06784
152.5093      63.07028
152.5166      63.06047
152.5253      63.05878
152.5321      63.06295
152.5316      63.06656
152.5396      63.07572
 1             1             55 
1
 -9999.0   ,   9990.0
   7
 10 
154.2641      64.35531
154.2657      64.35928
154.2587      64.36739
154.2479      64.37236
154.2378      64.37414
154.2291      64.37303
154.2301      64.37123
154.2494      64.36464
154.2578      64.3552
154.2641      64.35531
 1             1             56 
1
 -9999.0   ,   9990.0
   7
 8 
152.729       64.80867
152.7371      64.81192
152.7284      64.81509
152.692       64.81748
152.6863      64.81667
152.6853      64.815
152.6947      64.81256
152.729       64.80867
 1             1             57 
1
 -9999.0   ,   9990.0
   7
 6 
152.4681      62.85995
152.489       62.83831
152.5031      62.8367
152.492       62.84803
152.4744      62.86006
152.4681      62.85995
 1             1             58 
1
 -9999.0   ,   9990.0
   7
 9 
153.6199      63.85925
153.6116      63.86092
153.6057      63.8585
153.5993      63.85836
153.598       63.85453
153.6038      63.84911
153.6137      63.84848
153.628       63.85314
153.6199      63.85925
 1             1             59 
1
 -9999.0   ,   9990.0
   7
 8 
153.3233      63.69589
153.337       63.7037
153.3366      63.71017
153.3325      63.71123
153.3222      63.71173
153.3154      63.70748
153.3143      63.70334
153.3233      63.69589
 1             1             60 
1
 -9999.0   ,   9990.0
   7
 8 
152.8645      62.62734
152.8574      62.61931
152.8615      62.61647
152.8742      62.61539
152.8842      62.62
152.8854      62.62384
152.8799      62.62675
152.8645      62.62734
 1             1             61 
1
 -9999.0   ,   9990.0
   7
 9 
153.0532      64.73592
153.0614      64.73708
153.0626      64.74014
153.057       64.74258
153.0364      64.74275
153.0235      64.74453
153.0192      64.74106
153.0284      64.7377
153.0532      64.73592
 1             1             62 
1
 -9999.0   ,   9990.0
   7
 9 
152.0467      64.96467
152.0494      64.96758
152.0427      64.97431
152.0339      64.97903
152.0222      64.98125
152.018       64.98078
152.0193      64.97716
152.0405      64.96516
152.0467      64.96467
 1             1             63 
1
 -9999.0   ,   9990.0
   7
 9 
152.4236      64.84789
152.4382      64.8495
152.4401      64.85031
152.4365      64.85284
152.4194      64.85684
152.4071      64.85631
152.3992      64.8542
152.4014      64.85111
152.4236      64.84789
 1             1             64 
1
 -9999.0   ,   9990.0
   7
 6 
152.9606      64.7758
152.9262      64.79034
152.9167      64.78953
152.9177      64.78661
152.939       64.77728
152.9606      64.7758
 1             1             65 
1
 -9999.0   ,   9990.0
   7
 7 
153.3918      63.7315
153.4148      63.74739
153.3935      63.74814
153.3892      63.74409
153.3915      63.73823
153.3863      63.73409
153.3918      63.7315
 1             1             66 
1
 -9999.0   ,   9990.0
   7
 6 
152.5913      63.26692
152.5708      63.27447
152.5695      63.26903
152.579       63.26036
152.5908      63.25506
152.5913      63.26692
 1             1             67 
1
 -9999.0   ,   9990.0
   7
 6 
152.5381      62.74256
152.5526      62.74228
152.56        62.74525
152.5524      62.75611
152.5447      62.75731
152.5381      62.74256
 1             1             68 
1
 -9999.0   ,   9990.0
   7
 9 
152.0705      64.96206
152.0784      64.96278
152.0807      64.96547
152.0703      64.97011
152.07        64.974
152.0583      64.97622
152.056       64.96755
152.0593      64.96453
152.0705      64.96206
 1             1             69 
1
 -9999.0   ,   9990.0
   7
 6 
152.5388      63.12064
152.5303      63.11728
152.527       63.10589
152.5397      63.10178
152.5434      63.11845
152.5388      63.12064
 1             1             70 
1
 -9999.0   ,   9990.0
   7
 7 
152.8106      64.79725
152.8213      64.80064
152.779       64.80295
152.773       64.80141
152.7745      64.79853
152.7842      64.79681
152.8106      64.79725
 1             1             71 
1
 -9999.0   ,   9990.0
   7
 6 
152.5162      62.95795
152.5028      62.94425
152.5083      62.94153
152.5192      62.94617
152.528       62.9582
152.5162      62.95795
 1             1             72 
1
 -9999.0   ,   9990.0
   7
 8 
153.4873      64.6425
153.4924      64.64325
153.4951      64.64684
153.4898      64.65
153.4809      64.65134
153.4612      64.64725
153.4686      64.644
153.4873      64.6425
 1             1             73 
1
 -9999.0   ,   9990.0
   7
 9 
154.0176      64.701
154.0254      64.70186
154.0293      64.70528
154.0233      64.70773
154.0084      64.709
153.9965      64.71298
153.9934      64.71075
154.0044      64.70423
154.0176      64.701
 1             1             74 
1
 -9999.0   ,   9990.0
   7
 7 
153.5957      63.83623
153.5848      63.83025
153.5803      63.82048
153.5958      63.82506
153.6049      63.83342
153.601       63.837
153.5957      63.83623
 1             1             75 
1
 -9999.0   ,   9990.0
   7
 8 
153.2873      63.67739
153.2737      63.67281
153.2732      63.66995
153.2878      63.66717
153.2967      63.66325
153.2982      63.6682
153.2914      63.67603
153.2873      63.67739
 1             1             76 
1
 -9999.0   ,   9990.0
   7
 7 
152.1656      63.15867
152.1616      63.15164
152.1648      63.14809
152.1759      63.14553
152.1811      63.14912
152.179       63.15695
152.1656      63.15867
 1             1             77 
1
 -9999.0   ,   9990.0
   7
 7 
154.0785      64.49008
154.0813      64.49345
154.074       64.50039
154.0569      64.50066
154.0524      64.49789
154.0737      64.49028
154.0785      64.49008
 1             1             78 
1
 -9999.0   ,   9990.0
   7
 8 
153.4119      64.65072
153.4189      64.65225
153.4119      64.65578
153.3915      64.65967
153.3826      64.65873
153.3822      64.65661
153.3925      64.65283
153.4119      64.65072
 1             1             79 
1
 -9999.0   ,   9990.0
   7
 8 
153.6598      63.86111
153.6507      63.86059
153.6449      63.86209
153.639       63.85967
153.6411      63.8545
153.6501      63.85114
153.6577      63.8512
153.6598      63.86111
 1             1             80 
1
 -9999.0   ,   9990.0
   7
 7 
152.4727      62.896
152.48        62.89667
152.4886      62.90325
152.4867      62.91006
152.4794      62.90939
152.4707      62.90259
152.4727      62.896
 1             1             81 
1
 -9999.0   ,   9990.0
   7
 8 
150.8739      62.66606
150.8578      62.66206
150.8544      62.65961
150.8713      62.65881
150.8858      62.66028
150.8892      62.66273
150.8822      62.66525
150.8739      62.66606
 1             1             82 
1
 -9999.0   ,   9990.0
   7
 6 
153.4641      63.80431
153.492       63.79825
153.4953      63.80084
153.4796      63.80809
153.4712      63.80936
153.4641      63.80431
 1             1             83 
1
 -9999.0   ,   9990.0
   7
 9 
154           63.90723
154.0056      63.9102
154           63.91392
153.998       63.9172
153.9846      63.91495
153.9809      63.91223
153.9823      63.91
153.9977      63.90661
154           63.90723
 1             1             84 
1
 -9999.0   ,   9990.0
   7
 9 
154.4011      64.05045
154.4185      64.05383
154.4295      64.0537
154.4332      64.05548
154.4273      64.05817
154.4096      64.05775
154.3998      64.05542
154.398       64.05233
154.4011      64.05045
 1             1             85 
1
 -9999.0   ,   9990.0
   7
 10 
152.536       62.81295
152.5279      62.81442
152.525       62.8117
152.5294      62.80853
152.5228      62.80747
152.5172      62.79911
152.5212      62.79839
152.5309      62.80264
152.5365      62.80761
152.536       62.81295
 1             1             86 
1
 -9999.0   ,   9990.0
   7
 9 
153.0579      63.55581
153.0647      63.55878
153.0611      63.56178
153.0542      63.56292
153.0489      63.56606
153.041       63.56547
153.0408      63.56131
153.047       63.55698
153.0579      63.55581
 1             1             87 
1
 -9999.0   ,   9990.0
   7
 6 
154.2429      63.98753
154.2649      63.99189
154.2724      63.99706
154.2416      63.99389
154.2398      63.99028
154.2429      63.98753
 1             1             88 
1
 -9999.0   ,   9990.0
   7
 7 
154.0693      64.56301
154.0718      64.56384
154.0696      64.56783
154.0563      64.5752
154.0502      64.5664
154.0635      64.56272
154.0693      64.56301
 1             1             89 
1
 -9999.0   ,   9990.0
   7
 6 
152.6025      63.19645
152.6091      63.19703
152.6268      63.20272
152.6254      63.20523
152.6065      63.20636
152.6025      63.19645
 1             1             90 
1
 -9999.0   ,   9990.0
   7
 8 
154.0859      64.47303
154.0878      64.48528
154.0852      64.4872
154.0804      64.4872
154.0778      64.48109
154.0703      64.47956
154.0805      64.47342
154.0859      64.47303
 1             1             91 
1
 -9999.0   ,   9990.0
   7
 7 
154.4765      64.07642
154.4531      64.06381
154.4551      64.06208
154.4603      64.06211
154.4749      64.06834
154.4786      64.07217
154.4765      64.07642
 1             1             92 
1
 -9999.0   ,   9990.0
   7
 7 
154.4031      64.16314
154.4033      64.15639
154.4072      64.1532
154.4137      64.15825
154.4142      64.16842
154.4107      64.17028
154.4031      64.16314
 1             1             93 
1
 -9999.0   ,   9990.0
   7
 7 
152.4294      62.62678
152.421       62.61953
152.412       62.61836
152.4093      62.61603
152.4132      62.61231
152.4324      62.61886
152.4294      62.62678
 1             1             94 
1
 -9999.0   ,   9990.0
   7
 7 
154.027       64.64686
154.0322      64.657
154.0293      64.65961
154.0246      64.65915
154.0171      64.6537
154.0169      64.65048
154.027       64.64686
 1             1             95 
1
 -9999.0   ,   9990.0
   7
 6 
152.5373      63.13036
152.5498      63.133
152.5552      63.14042
152.5502      63.14167
152.5372      63.13714
152.5373      63.13036
 1             1             96 
1
 -9999.0   ,   9990.0
   7
 6 
152.5813      62.98109
152.5884      62.98356
152.5788      62.99811
152.5747      62.99497
152.5751      62.98917
152.5813      62.98109
 1             1             97 
1
 -9999.0   ,   9990.0
   7
 7 
153.5349      64.65708
153.5409      64.65856
153.5471      64.67178
153.5408      64.67142
153.5328      64.66225
153.5317      64.65875
153.5349      64.65708
 1             1             98 
1
 -9999.0   ,   9990.0
   7
 6 
154.1387      63.96581
154.1588      63.97514
154.1491      63.97558
154.1381      63.9727
154.1316      63.96645
154.1387      63.96581
 1             1             99 
1
 -9999.0   ,   9990.0
   7
 7 
153.763       64.74042
153.7803      64.74181
153.7836      64.74333
153.7727      64.74575
153.754       64.74361
153.7499      64.74108
153.763       64.74042
 1             1             100 
1
 -9999.0   ,   9990.0
   7
 7 
154.2748      64.33131
154.2815      64.33234
154.2835      64.33451
154.276       64.33686
154.2588      64.33783
154.256       64.33653
154.2748      64.33131
 1             1             101 
1
 -9999.0   ,   9990.0
   7
 5 
154.2003      63.95578
154.1987      63.95036
154.2125      63.94211
154.2085      63.955
154.2003      63.95578
 1 
 1             2             
1
 -9999.0   ,   9990.0
   7
 5 
151.6031      65
151.6134      65
151.6119      64.99806
151.6064      64.99836
151.6031      65
 1 
 1             3             
1
 -9999.0   ,   9990.0
   7
 8 
153.7979      60.01931
153.7952      60.02253
153.7976      60.02556
153.8205      60.03042
153.8232      60.02764
153.8186      60.02478
153.8077      60.01964
153.7979      60.01931
 1 
 1             4             
1
 -9999.0   ,   9990.0
   7
 5 
151.0593      60.25253
151.0521      60.2532
151.0487      60.25845
151.0581      60.26272
151.0593      60.25253
 1 
 1             5             
1
 -9999.0   ,   9990.0
   7
 9 
153.0233      60.38139
153.0184      60.38222
152.9905      60.39953
152.9863      60.404
152.9893      60.40795
153.0087      60.39495
153.0254      60.38678
153.0281      60.38359
153.0233      60.38139
 1 
 1             6             
1
 -9999.0   ,   9990.0
   7
 6 
150.6615      60.48373
150.632       60.48853
150.6382      60.49189
150.6457      60.4915
150.6503      60.49058
150.6615      60.48373
 1 
 1             7             
1
 -9999.0   ,   9990.0
   7
 7 
152.0666      60.63686
152.0606      60.63728
152.0587      60.64039
152.0699      60.64886
152.0768      60.64978
152.0754      60.64342
152.0666      60.63686
 1 
 1             8             
1
 -9999.0   ,   9990.0
   7
 7 
151.4812      60.66461
151.4883      60.66325
151.4908      60.65848
151.4874      60.65272
151.4808      60.65612
151.4789      60.6597
151.4812      60.66461
 1 
 1             9             
1
 -9999.0   ,   9990.0
   7
 7 
151.5121      60.68431
151.5111      60.68045
151.4905      60.67509
151.4852      60.67125
151.4633      60.67909
151.4874      60.67987
151.5121      60.68431
 1 
 1             10            
1
 -9999.0   ,   9990.0
   7
 8 
151.6646      60.69309
151.6637      60.68967
151.6561      60.68786
151.6343      60.69039
151.6274      60.689
151.616       60.69042
151.6149      60.69348
151.6646      60.69309
 1 
 1             11            
1
 -9999.0   ,   9990.0
   7
 11 
151.9096      60.71153
151.8989      60.71361
151.8882      60.72283
151.8723      60.72478
151.8624      60.73672
151.8773      60.73459
151.8902      60.73006
151.9072      60.72872
151.9119      60.72703
151.9136      60.72095
151.9096      60.71153
 1 
 1             12            
1
 -9999.0   ,   9990.0
   7
 8 
152.0885      60.73792
152.0877      60.74511
152.0908      60.74928
152.0971      60.75161
152.1019      60.74875
152.1024      60.74367
152.0972      60.7387
152.0885      60.73792
 1 
 1             13            
1
 -9999.0   ,   9990.0
   7
 5 
151.8403      60.77523
151.8412      60.76928
151.8307      60.76734
151.8322      60.77033
151.8403      60.77523
 1 
 1             14            
1
 -9999.0   ,   9990.0
   7
 5 
151.9843      60.77681
151.9826      60.7807
151.9875      60.7847
151.9891      60.77853
151.9843      60.77681
 1 
 1             15            
1
 -9999.0   ,   9990.0
   7
 18 
150.1791      60.83267
150.1805      60.828
150.1743      60.81086
150.1671      60.8055
150.1499      60.79792
150.1372      60.78481
150.1311      60.78697
150.1285      60.79859
150.1186      60.80323
150.1141      60.8085
150.1169      60.81042
150.1243      60.81003
150.1379      60.80336
150.1497      60.80367
150.154       60.80598
150.1585      60.81562
150.1715      60.83008
150.1791      60.83267
 1 
 1             16            
1
 -9999.0   ,   9990.0
   7
 8 
150.5002      60.91786
150.5165      60.91675
150.532       60.91245
150.5379      60.90753
150.5328      60.9037
150.528       60.90348
150.5196      60.90578
150.5002      60.91786
 1 
 1             17            
1
 -9999.0   ,   9990.0
   7
 8 
152.667       61.09136
152.68        61.087
152.6829      61.08381
152.6698      61.07686
152.6626      61.0767
152.6607      61.07958
152.6664      61.0845
152.667       61.09136
 1 
 1             18            
1
 -9999.0   ,   9990.0
   7
 6 
154.5206      61.22283
154.5079      61.21628
154.4961      61.21697
154.499       61.21975
154.5082      61.22256
154.5206      61.22283
 1 
 1             19            
1
 -9999.0   ,   9990.0
   7
 7 
155.9032      61.23537
155.8932      61.24
155.8937      61.24511
155.8985      61.24981
155.904       61.25064
155.9083      61.24725
155.9032      61.23537
 1 
 1             20            
1
 -9999.0   ,   9990.0
   7
 15 
154.4444      61.25667
154.4395      61.25259
154.4252      61.24797
154.4202      61.24434
154.4186      61.23059
154.4368      61.21211
154.4354      61.20945
154.4308      61.21025
154.4116      61.22564
154.4044      61.24264
154.4079      61.25217
154.4143      61.25614
154.424       61.25875
154.4377      61.25936
154.4444      61.25667
 1 
 1             21            
1
 -9999.0   ,   9990.0
   7
 7 
159.833       61.25386
159.8267      61.25728
159.8291      61.26014
159.8508      61.2612
159.8541      61.25856
159.8428      61.25492
159.833       61.25386
 1 
 1             22            
1
 -9999.0   ,   9990.0
   7
 8 
154.5069      61.25506
154.5013      61.25578
154.4842      61.26534
154.484       61.26878
154.4901      61.27064
154.4947      61.26984
154.5121      61.25661
154.5069      61.25506
 1 
 1             23            
1
 -9999.0   ,   9990.0
   7
 7 
154.4822      61.36811
154.4897      61.3687
154.4942      61.36556
154.4933      61.36087
154.4847      61.35928
154.4802      61.36122
154.4822      61.36811
 1 
 1             24            
1
 -9999.0   ,   9990.0
   7
 7 
154.6528      61.44367
154.6604      61.44103
154.6742      61.43006
154.6735      61.4277
154.6664      61.42878
154.6518      61.44062
154.6528      61.44367
 1 
 1             25            
1
 -9999.0   ,   9990.0
   7
 9 
156.7751      61.52022
156.7855      61.52309
156.7887      61.52167
156.7813      61.51708
156.7721      61.51534
156.7476      61.52242
156.7555      61.52542
156.7638      61.52478
156.7751      61.52022
 1 
 1             26            
1
 -9999.0   ,   9990.0
   7
 5 
154.3921      61.65209
154.3963      61.6457
154.3956      61.64195
154.3864      61.6447
154.3921      61.65209
 1 
 1             27            
1
 -9999.0   ,   9990.0
   7
 8 
155.8994      61.64595
155.8949      61.64817
155.8962      61.6552
155.904       61.65825
155.9071      61.65614
155.9055      61.65164
155.9034      61.64714
155.8994      61.64595
 1 
 1             28            
1
 -9999.0   ,   9990.0
   7
 14 
155.1182      61.66014
155.1145      61.65803
155.1091      61.65809
155.0939      61.66323
155.0844      61.66231
155.0714      61.66806
155.052       61.67242
155.0482      61.67675
155.055       61.67678
155.0728      61.67278
155.0953      61.67372
155.1068      61.66992
155.1116      61.66381
155.1182      61.66014
 1 
 1             29            
1
 -9999.0   ,   9990.0
   7
 8 
159.7514      61.734
159.7608      61.7355
159.7729      61.73506
159.7718      61.7302
159.7563      61.72503
159.7488      61.72634
159.7478      61.72928
159.7514      61.734
 1 
 1             30            
1
 -9999.0   ,   9990.0
   7
 7 
150.562       61.7377
150.5552      61.72772
150.5413      61.72595
150.5303      61.72675
150.528       61.72942
150.5553      61.73828
150.562       61.7377
 1 
 1             31            
1
 -9999.0   ,   9990.0
   7
 6 
159.9083      61.73698
159.8957      61.74292
159.8979      61.74736
159.9132      61.73945
159.9116      61.73734
159.9083      61.73698
 1 
 1             32            
1
 -9999.0   ,   9990.0
   7
 10 
159.6508      61.78734
159.656       61.78778
159.6734      61.78228
159.6763      61.77964
159.6731      61.77286
159.6698      61.77228
159.6632      61.77706
159.6525      61.78009
159.6491      61.78292
159.6508      61.78734
 1 
 1             33            
1
 -9999.0   ,   9990.0
   7
 12 
159.7492      61.76667
159.7366      61.77214
159.7163      61.77775
159.7042      61.78348
159.6988      61.78923
159.6995      61.79406
159.7047      61.79678
159.7202      61.79714
159.7286      61.79311
159.739       61.78047
159.7577      61.77042
159.7492      61.76667
 1 
 1             34            
1
 -9999.0   ,   9990.0
   7
 10 
159.8392      61.78317
159.8172      61.79034
159.8033      61.79256
159.7989      61.79536
159.8013      61.79798
159.8124      61.79817
159.8339      61.79417
159.8377      61.79225
159.8418      61.78487
159.8392      61.78317
 1 
 1             35            
1
 -9999.0   ,   9990.0
   7
 11 
159.6788      61.79325
159.661       61.79783
159.6515      61.797
159.6491      61.80239
159.6531      61.80417
159.6651      61.80509
159.6858      61.80314
159.6901      61.80011
159.6901      61.79759
159.6859      61.79397
159.6788      61.79325
 1 
 1             36            
1
 -9999.0   ,   9990.0
   7
 18 
159.9365      61.76825
159.9202      61.78161
159.9129      61.785
159.9055      61.78542
159.9003      61.7795
159.8916      61.77597
159.8859      61.77872
159.89        61.78598
159.878       61.79697
159.8761      61.80264
159.8791      61.80481
159.8959      61.80567
159.9131      61.804
159.9244      61.79964
159.9406      61.781
159.9387      61.7752
159.9421      61.77189
159.9365      61.76825
 1 
 1             37            
1
 -9999.0   ,   9990.0
   7
 6 
159.9147      61.81187
159.9031      61.81189
159.9126      61.82139
159.919       61.8205
159.9215      61.81761
159.9147      61.81187
 1 
 1             38            
1
 -9999.0   ,   9990.0
   7
 9 
159.9605      61.81011
159.9456      61.81233
159.9436      61.81567
159.9285      61.8252
159.9309      61.82803
159.9392      61.82742
159.9607      61.8202
159.964       61.81484
159.9605      61.81011
 1 
 1             39            
1
 -9999.0   ,   9990.0
   7
 7 
159.6953      61.83739
159.6806      61.84417
159.6891      61.84795
159.6954      61.84795
159.7056      61.84192
159.7032      61.83909
159.6953      61.83739
 1 
 1             40            
1
 -9999.0   ,   9990.0
   7
 7 
159.9065      61.87817
159.9001      61.87611
159.8881      61.87545
159.879       61.88036
159.8811      61.88228
159.8897      61.88283
159.9065      61.87817
 1 
 1             41            
1
 -9999.0   ,   9990.0
   7
 10 
159.6551      61.92264
159.6589      61.91798
159.6554      61.91578
159.6505      61.91581
159.6417      61.91914
159.6377      61.92242
159.6417      61.92717
159.6469      61.92806
159.6515      61.92662
159.6551      61.92264
 1 
 1             42            
1
 -9999.0   ,   9990.0
   7
 7 
159.6863      61.92775
159.676       61.93375
159.6756      61.93625
159.6927      61.936
159.6962      61.93247
159.6947      61.93014
159.6863      61.92775
 1 
 1             43            
1
 -9999.0   ,   9990.0
   7
 9 
158.514       61.92642
158.5096      61.92872
158.51        61.93128
158.5165      61.93503
158.525       61.93656
158.5293      61.93447
158.5274      61.93186
158.5227      61.92867
158.514       61.92642
 1 
 1             44            
1
 -9999.0   ,   9990.0
   7
 7 
159.7279      61.92911
159.7107      61.93281
159.7105      61.93945
159.7145      61.94167
159.73        61.93973
159.7315      61.93064
159.7279      61.92911
 1 
 1             45            
1
 -9999.0   ,   9990.0
   7
 13 
159.4984      61.9185
159.4969      61.92189
159.5017      61.92481
159.5026      61.93037
159.5077      61.93217
159.5171      61.94192
159.5288      61.93048
159.5266      61.9265
159.5212      61.92422
159.5172      61.9165
159.5089      61.91184
159.5012      61.91128
159.4984      61.9185
 1 
 1             46            
1
 -9999.0   ,   9990.0
   7
 10 
159.5881      61.94978
159.5832      61.95028
159.5661      61.95853
159.568       61.96158
159.5897      61.96862
159.5969      61.96595
159.6086      61.95748
159.6061      61.95508
159.5923      61.95361
159.5881      61.94978
 1 
 1             47            
1
 -9999.0   ,   9990.0
   7
 11 
150.205       61.96973
150.1969      61.97059
150.1885      61.97608
150.187       61.98028
150.1886      61.98525
150.1935      61.98775
150.2016      61.98873
150.2089      61.98445
150.2124      61.97853
150.2117      61.97122
150.205       61.96973
 1 
 1             48            
1
 -9999.0   ,   9990.0
   7
 6 
159.5566      61.98472
159.5498      61.9872
159.5604      61.99289
159.5671      61.99409
159.5642      61.98572
159.5566      61.98472
 1 
 1             49            
1
 -9999.0   ,   9990.0
   7
 9 
156.8852      62.26008
156.8833      62.25445
156.8765      62.25381
156.8644      62.25864
156.8655      62.26214
156.8698      62.26609
156.8809      62.26511
156.8855      62.26264
156.8852      62.26008
 1 
 1             50            
1
 -9999.0   ,   9990.0
   7
 9 
156.5168      62.28389
156.5123      62.28592
156.5144      62.29042
156.5104      62.29409
156.5121      62.29881
156.5214      62.29706
156.5253      62.29384
156.5255      62.28995
156.5168      62.28389
 1 
 1             51            
1
 -9999.0   ,   9990.0
   7
 34 
152.2132      62.34748
152.1964      62.34947
152.1863      62.357
152.1808      62.36703
152.1799      62.37884
152.1862      62.38695
152.1948      62.39075
152.2121      62.39381
152.2198      62.39814
152.2421      62.4195
152.26        62.43122
152.2665      62.43139
152.2658      62.42739
152.2156      62.37723
152.2179      62.37017
152.2261      62.36436
152.2385      62.36264
152.2541      62.36853
152.2669      62.37967
152.2729      62.3947
152.2828      62.4017
152.2855      62.40356
152.2892      62.41114
152.2889      62.42153
152.2922      62.4257
152.2967      62.42586
152.3009      62.42189
152.3053      62.40364
152.2957      62.38795
152.2881      62.38106
152.2802      62.36775
152.266       62.36017
152.234       62.35095
152.2132      62.34748
 1 
 1             52            
1
 -9999.0   ,   9990.0
   7
 11 
152.1675      62.42245
152.1636      62.42753
152.1664      62.43056
152.1818      62.43878
152.2013      62.44259
152.2183      62.4445
152.2367      62.44286
152.2449      62.43703
152.2121      62.43731
152.1918      62.43561
152.1675      62.42245
 1 
 1             53            
1
 -9999.0   ,   9990.0
   7
 14 
153.5297      62.43617
153.5214      62.43656
153.5093      62.42614
153.503       62.42522
153.4907      62.42681
153.4886      62.43111
153.4914      62.43484
153.4773      62.43586
153.4781      62.43973
153.4836      62.44256
153.497       62.4425
153.5004      62.44686
153.5111      62.44586
153.5297      62.43617
 1 
 1             54            
1
 -9999.0   ,   9990.0
   7
 8 
153.5737      62.45556
153.5831      62.4537
153.5878      62.45011
153.5966      62.43825
153.5781      62.44578
153.5648      62.4392
153.5618      62.44173
153.5737      62.45556
 1 
 1             55            
1
 -9999.0   ,   9990.0
   7
 10 
153.5836      62.47081
153.6119      62.46947
153.6189      62.46436
153.6144      62.45775
153.6048      62.45881
153.6022      62.46261
153.6055      62.46528
153.5974      62.467
153.5787      62.46406
153.5836      62.47081
 1 
 1             56            
1
 -9999.0   ,   9990.0
   7
 11 
153.5323      62.45837
153.5296      62.46342
153.548       62.475
153.5541      62.47664
153.568       62.4765
153.5702      62.47172
153.5577      62.46989
153.548       62.46206
153.5424      62.46156
153.5378      62.45845
153.5323      62.45837
 1 
 1             57            
1
 -9999.0   ,   9990.0
   7
 8 
157.2975      62.53667
157.2897      62.53992
157.2766      62.54242
157.2793      62.54578
157.287       62.54667
157.2982      62.54361
157.302       62.54059
157.2975      62.53667
 1 
 1             58            
1
 -9999.0   ,   9990.0
   7
 15 
157.4632      62.55025
157.4441      62.55289
157.4326      62.55114
157.4265      62.55195
157.4209      62.55625
157.4221      62.55931
157.4609      62.55953
157.4732      62.55792
157.4886      62.56011
157.4976      62.55989
157.5012      62.55756
157.4999      62.55475
157.495       62.55264
157.4764      62.55303
157.4632      62.55025
 1 
 1             59            
1
 -9999.0   ,   9990.0
   7
 18 
152.3939      62.63117
152.3737      62.63392
152.3659      62.63364
152.3589      62.63336
152.3511      62.62803
152.3436      62.61256
152.3436      62.61217
152.3438      62.60653
152.3389      62.60703
152.3387      62.6095
152.3375      62.62061
152.3464      62.63334
152.3479      62.63545
152.3606      62.63953
152.3696      62.63936
152.3846      62.63906
152.3913      62.63675
152.3939      62.63117
 1 
 1             60            
1
 -9999.0   ,   9990.0
   7
 9 
152.8808      62.64892
152.8903      62.65267
152.8975      62.65222
152.9067      62.64778
152.9039      62.64553
152.8949      62.64706
152.8872      62.64561
152.8821      62.64642
152.8808      62.64892
 1 
 1             61            
1
 -9999.0   ,   9990.0
   7
 9 
158.3827      62.87487
158.3731      62.87695
158.3657      62.88325
158.3698      62.88939
158.381       62.889
158.3879      62.8852
158.3919      62.88056
158.3894      62.87609
158.3827      62.87487
 1 
 1             62            
1
 -9999.0   ,   9990.0
   7
 8 
158.194       62.91984
158.1875      62.9195
158.1866      62.92153
158.1951      62.93478
158.1993      62.93384
158.2023      62.92939
158.2002      62.92356
158.194       62.91984
 1 
 1             63            
1
 -9999.0   ,   9990.0
   7
 8 
158.3792      62.95953
158.3691      62.96225
158.3697      62.96595
158.3781      62.96886
158.3865      62.96742
158.3895      62.96525
158.3881      62.96245
158.3792      62.95953
 1 
 1             64            
1
 -9999.0   ,   9990.0
   7
 9 
158.5086      62.97214
158.5195      62.96506
158.5209      62.961
158.5158      62.95914
158.5065      62.96011
158.5013      62.96537
158.5026      62.9707
158.5067      62.9717
158.5086      62.97214
 1 
 1             65            
1
 -9999.0   ,   9990.0
   7
 9 
158.3606      62.98614
158.3668      62.98109
158.3681      62.981
158.3607      62.97675
158.3543      62.97623
158.3502      62.97878
158.3509      62.98225
158.3565      62.9845
158.3606      62.98614
 1 
 1             66            
1
 -9999.0   ,   9990.0
   7
 7 
158.2117      63.00895
158.1948      63.01225
158.1936      63.0152
158.2009      63.0185
158.2088      63.0175
158.2148      63.01322
158.2117      63.00895
 1 
 1             67            
1
 -9999.0   ,   9990.0
   7
 7 
158.1068      63.09234
158.1248      63.08067
158.1251      63.07748
158.1186      63.07714
158.1067      63.08234
158.1022      63.08647
158.1068      63.09234
 1 
 1             68            
1
 -9999.0   ,   9990.0
   7
 7 
158.4508      63.09964
158.446       63.10056
158.4367      63.10861
158.4398      63.11264
158.4573      63.10453
158.4556      63.101
158.4508      63.09964
 1 
 1             69            
1
 -9999.0   ,   9990.0
   7
 9 
158.0983      63.12042
158.0893      63.12
158.0948      63.1267
158.0912      63.13133
158.0937      63.13581
158.1027      63.14036
158.1072      63.13645
158.1062      63.12334
158.0983      63.12042
 1 
 1             70            
1
 -9999.0   ,   9990.0
   7
 53 
154           63.14778
154           63.13928
153.9995      63.1387
153.9931      63.13803
153.9885      63.13536
153.9712      63.11589
153.9667      63.11345
153.9544      63.1142
153.9508      63.11442
153.9475      63.10681
153.9311      63.10031
153.9433      63.08703
153.9283      63.08178
153.9346      63.06992
153.9236      63.06272
153.9338      63.05164
153.9289      63.04309
153.9357      63.03073
153.9672      63.0147
153.9759      63.00895
153.9928      62.99786
153.9973      62.98945
153.996       62.97175
154           62.96659
154           62.95573
153.9975      62.95778
153.9866      62.96136
153.9866      62.96831
153.9797      62.97298
153.9777      62.97867
153.9848      62.98414
153.9864      62.98864
153.9734      62.9977
153.9705      63.0037
153.9347      63.02256
153.9032      63.05145
153.8998      63.05628
153.9091      63.06142
153.9125      63.07159
153.921       63.07389
153.9148      63.09336
153.9158      63.09756
153.9189      63.11081
153.9207      63.11297
153.9343      63.11403
153.9433      63.12053
153.96        63.11881
153.9634      63.1197
153.9809      63.14242
153.9883      63.14484
153.9901      63.15395
154           63.15761
154           63.14778
 1 
 1             71            
1
 -9999.0   ,   9990.0
   7
 7 
158.3897      63.14403
158.3824      63.14506
158.3743      63.15156
158.3741      63.15706
158.3786      63.15956
158.3924      63.14531
158.3897      63.14403
 1 
 1             72            
1
 -9999.0   ,   9990.0
   7
 6 
154           63.16306
153.9924      63.16811
153.9903      63.1722
153.9951      63.17553
154           63.17525
154           63.16306
 1 
 1             73            
1
 -9999.0   ,   9990.0
   7
 8 
158.0799      63.37858
158.0834      63.36822
158.0798      63.36392
158.0827      63.35831
158.0782      63.35786
158.0651      63.36345
158.067       63.37911
158.0799      63.37858
 1 
 1             74            
1
 -9999.0   ,   9990.0
   7
 6 
158.0778      63.3872
158.0725      63.38625
158.0666      63.38917
158.0672      63.39311
158.0804      63.38939
158.0778      63.3872
 1 
 1             75            
1
 -9999.0   ,   9990.0
   7
 8 
157.7655      63.39345
157.7571      63.40059
157.7572      63.40406
157.7605      63.40511
157.7659      63.40403
157.7697      63.39917
157.7694      63.39411
157.7655      63.39345
 1 
 1             76            
1
 -9999.0   ,   9990.0
   7
 5 
158.0582      63.39681
158.0448      63.40142
158.0498      63.40603
158.0586      63.40142
158.0582      63.39681
 1 
 1             77            
1
 -9999.0   ,   9990.0
   7
 9 
158.0889      63.45236
158.0882      63.44684
158.0822      63.43989
158.0724      63.4337
158.0649      63.43289
158.0631      63.436
158.0697      63.44503
158.0768      63.44972
158.0889      63.45236
 1 
 1             78            
1
 -9999.0   ,   9990.0
   7
 7 
152.9983      63.47367
153.002       63.46625
153.0006      63.46359
152.9896      63.45995
152.9812      63.45961
152.9792      63.46273
152.9983      63.47367
 1 
 1             79            
1
 -9999.0   ,   9990.0
   7
 8 
157.7563      63.47142
157.74        63.47497
157.7349      63.47883
157.7355      63.48275
157.7417      63.48467
157.7538      63.48139
157.7612      63.47442
157.7563      63.47142
 1 
 1             80            
1
 -9999.0   ,   9990.0
   7
 6 
157.5041      63.62742
157.4959      63.627
157.4903      63.63292
157.4933      63.6372
157.5014      63.63372
157.5041      63.62742
 1 
 1             81            
1
 -9999.0   ,   9990.0
   7
 6 
158.6456      63.65436
158.6393      63.65478
158.6316      63.66406
158.637       63.66497
158.6475      63.65492
158.6456      63.65436
 1 
 1             82            
1
 -9999.0   ,   9990.0
   7
 7 
159.1822      63.92653
159.1739      63.92917
159.1806      63.93195
159.2015      63.93392
159.205       63.93178
159.2024      63.92961
159.1822      63.92653
 1 
 1             83            
1
 -9999.0   ,   9990.0
   7
 20 
153.8892      63.91142
153.8763      63.91603
153.8728      63.91731
153.8819      63.92209
153.8749      63.93006
153.8792      63.93161
153.8968      63.93242
153.9035      63.93492
153.9138      63.94295
153.9201      63.94295
153.9266      63.94062
153.9337      63.93572
153.9243      63.93497
153.9212      63.93473
153.905       63.92734
153.8967      63.92689
153.8953      63.92539
153.9083      63.92045
153.8934      63.91767
153.8892      63.91142
 1 
 1             84            
1
 -9999.0   ,   9990.0
   7
 11 
154           63.94847
153.995       63.94673
153.9746      63.94406
153.9739      63.94575
153.9723      63.95045
153.9744      63.95214
153.9878      63.95139
153.9922      63.95614
153.9969      63.95742
154           63.957
154           63.94847
 1 
 1             85            
1
 -9999.0   ,   9990.0
   7
 62 
150.8991      63.67872
150.9058      63.68339
150.917       63.68722
150.9332      63.71178
150.9366      63.72237
150.9482      63.73086
150.9617      63.74075
150.9771      63.74825
150.988       63.76734
150.9614      63.81667
150.9534      63.82373
150.9354      63.82939
150.9152      63.842
150.8796      63.85464
150.8768      63.85959
150.8535      63.87753
150.8551      63.88961
150.8406      63.9032
150.8335      63.90975
150.8343      63.91681
150.8323      63.92309
150.8239      63.92467
150.8288      63.92764
150.8406      63.92886
150.8576      63.94953
150.8703      63.95414
150.907       63.95864
150.9364      63.97497
150.9596      63.99303
150.9764      64
151           64
151.0018      64
151.0025      63.99925
150.986       63.98811
150.9807      63.98459
150.9708      63.98075
150.9515      63.97673
150.9058      63.94839
150.8707      63.94586
150.8636      63.94278
150.8466      63.92189
150.8485      63.90575
150.86        63.89806
150.8607      63.89461
150.8634      63.88139
150.8754      63.87023
150.8843      63.86447
150.9046      63.85656
150.911       63.84956
150.9294      63.83842
150.9666      63.82442
150.9885      63.78795
150.9959      63.77564
150.997       63.76411
150.9898      63.75706
150.9909      63.74834
150.9736      63.74161
150.9643      63.73295
150.9508      63.7272
150.9307      63.69081
150.9182      63.68356
150.8991      63.67872
 1 
 1             86            
1
 -9999.0   ,   9990.0
   7
 7 
159.2114      64.13231
159.1921      64.1377
159.1989      64.14416
159.2082      64.145
159.2238      64.14
159.2229      64.13773
159.2114      64.13231
 4 
 1             87            
1
 -9999.0   ,   9990.0
   7
 113 
155.4968      63.99998
155.4946      64.00142
155.4924      64.0043
155.4615      64.01647
155.4432      64.02851
155.4309      64.03195
155.4175      64.03564
155.4078      64.04186
155.3649      64.05631
155.3518      64.06073
155.34        64.06686
155.3192      64.06611
155.3188      64.06641
155.3111      64.072
155.3105      64.08136
155.3047      64.08386
155.2651      64.08989
155.2276      64.10853
155.2287      64.10958
155.2191      64.11317
155.2029      64.1192
155.1904      64.12781
155.1708      64.13748
155.1421      64.13364
155.1398      64.13333
155.1255      64.13865
155.1232      64.14276
155.1218      64.14511
155.1166      64.14592
155.0941      64.14936
155.0809      64.16067
155.0725      64.16303
155.0562      64.16323
155.0348      64.16064
155.0166      64.17264
155.0104      64.17311
155           64.17389
154.992       64.1745
154.9572      64.18595
154.9396      64.18491
154.9268      64.18134
154.9195      64.18148
154.8982      64.18895
154.8819      64.18889
154.8746      64.19061
154.8637      64.20314
154.8552      64.2055
154.8382      64.20403
154.8346      64.20592
154.8316      64.21378
154.8194      64.22881
154.8113      64.23392
154.8146      64.23566
154.8251      64.23595
154.8356      64.23366
154.8375      64.23092
154.84        64.22736
154.8401      64.22728
154.8413      64.22547
154.8567      64.21864
154.8718      64.20881
154.8811      64.20511
154.8952      64.20325
154.906       64.20008
154.9113      64.19551
154.9147      64.19475
154.9241      64.19266
154.9336      64.19241
154.9499      64.19661
154.9656      64.19708
154.9718      64.19534
154.9853      64.187
155           64.18659
155.0097      64.18628
155.0228      64.18208
155.0364      64.17331
155.0462      64.16964
155.0793      64.17181
155.0964      64.16411
155.1045      64.16333
155.1096      64.16608
155.1164      64.1657
155.1223      64.16323
155.1322      64.15245
155.1375      64.14995
155.1493      64.14428
155.1542      64.14359
155.1661      64.14639
155.1735      64.14628
155.1961      64.13492
155.2328      64.13015
155.2538      64.1235
155.2606      64.11901
155.2694      64.10795
155.286       64.10408
155.297       64.09725
155.3165      64.0965
155.3299      64.08381
155.3426      64.07978
155.3635      64.07325
155.3862      64.06611
155.3942      64.05822
155.4043      64.05292
155.4133      64.05141
155.4217      64.05
155.4336      64.04092
155.467       64.03386
155.4794      64.02526
155.4963      64.01956
155.5178      64.00239
155.5244      64
155.5         64
155.4968      63.99998
 1             87            2 
1
 -9999.0   ,   9990.0
   7
 9 
155.2385      64.11686
155.2426      64.11753
155.2442      64.11964
155.2355      64.12317
155.2054      64.1287
155.2043      64.12453
155.2091      64.12153
155.2229      64.121
155.2385      64.11686
 1             87            3 
1
 -9999.0   ,   9990.0
   7
 7 
155.2845      64.09465
155.2873      64.09589
155.2797      64.09948
155.2611      64.103
155.2596      64.1002
155.2782      64.09458
155.2845      64.09465
 1             87            4 
1
 -9999.0   ,   9990.0
   7
 12 
155.3668      64.05998
155.3719      64.06
155.3789      64.05665
155.3841      64.05686
155.3851      64.0592
155.3798      64.0617
155.3689      64.06416
155.3672      64.06458
155.3609      64.06455
155.3599      64.06223
155.3661      64.05998
155.3668      64.05998
 1 
 1             88            
1
 -9999.0   ,   9990.0
   7
 7 
159.1317      64.31081
159.1266      64.30936
159.1176      64.31015
159.1136      64.31395
159.1249      64.31595
159.1331      64.31311
159.1317      64.31081
 1 
 1             89            
1
 -9999.0   ,   9990.0
   7
 10 
152.2833      64.42514
152.3029      64.43008
152.3223      64.4295
152.3358      64.4274
152.3438      64.4242
152.3428      64.42253
152.3349      64.42225
152.3164      64.42498
152.2922      64.4225
152.2833      64.42514
 1 
 1             90            
1
 -9999.0   ,   9990.0
   7
 15 
152.9246      64.57841
152.9065      64.57825
152.8995      64.58011
152.8898      64.58026
152.87        64.57698
152.8623      64.5825
152.8491      64.58356
152.8468      64.59075
152.851       64.5924
152.9071      64.59116
152.9192      64.58545
152.9324      64.58439
152.9356      64.5825
152.9356      64.57931
152.9246      64.57841
 1 
 1             91            
1
 -9999.0   ,   9990.0
   7
 9 
151.2428      64.62489
151.2372      64.6282
151.2459      64.63228
151.241       64.63517
151.2416      64.63775
151.2562      64.63626
151.2601      64.63448
151.253       64.62653
151.2428      64.62489
 1 
 1             92            
1
 -9999.0   ,   9990.0
   7
 13 
153.4575      64.6682
153.4522      64.6679
153.4443      64.67275
153.4296      64.6717
153.4224      64.67428
153.417       64.68156
153.4213      64.68478
153.4264      64.68575
153.4436      64.68211
153.4419      64.6788
153.4555      64.6782
153.4591      64.6754
153.4575      64.6682
 1 
 1             93            
1
 -9999.0   ,   9990.0
   7
 11 
152.3704      64.7939
152.3656      64.79542
152.3697      64.80075
152.3678      64.80614
152.3724      64.80691
152.3792      64.80133
152.3858      64.80109
152.3897      64.79903
152.3874      64.79334
152.3763      64.79265
152.3704      64.7939
 1 
 1             94            
1
 -9999.0   ,   9990.0
   7
 9 
151.5867      64.81103
151.5667      64.80942
151.558       64.81945
151.5603      64.82353
151.5676      64.82564
151.5746      64.8229
151.5713      64.81597
151.5742      64.81247
151.5867      64.81103
 1 
 1             95            
1
 -9999.0   ,   9990.0
   7
 6 
151.4751      64.81951
151.4568      64.82491
151.4549      64.82825
151.4726      64.826
151.4773      64.82356
151.4751      64.81951
 1 
 1             96            
1
 -9999.0   ,   9990.0
   7
 7 
151.497       64.8247
151.4894      64.82878
151.4902      64.83092
151.5096      64.82695
151.5044      64.82498
151.5032      64.82097
151.497       64.8247
 1 
 1             97            
1
 -9999.0   ,   9990.0
   7
 8 
152.1132      64.82836
152.0984      64.8304
152.0915      64.83317
152.092       64.83483
152.0996      64.83622
152.1102      64.8337
152.1156      64.8308
152.1132      64.82836
 1 
 1             98            
1
 -9999.0   ,   9990.0
   7
 5 
151.083       64.8315
151.0702      64.83103
151.0591      64.84386
151.0766      64.84214
151.083       64.8315
 1 
 1             99            
1
 -9999.0   ,   9990.0
   7
 15 
151.6437      64.81514
151.6378      64.81498
151.6203      64.82256
151.6174      64.8272
151.6339      64.83086
151.6378      64.83645
151.6542      64.8447
151.6593      64.8455
151.6631      64.84417
151.6557      64.83928
151.6532      64.83286
151.6461      64.83009
151.6469      64.8239
151.6387      64.82264
151.6437      64.81514
 1 
 1             100           
1
 -9999.0   ,   9990.0
   7
 8 
151.3788      64.84417
151.3728      64.84423
151.3657      64.8472
151.3615      64.85797
151.3819      64.85295
151.3812      64.85059
151.3748      64.84875
151.3788      64.84417
 1 
 1             101           
1
 -9999.0   ,   9990.0
   7
 11 
151.5385      64.82941
151.5289      64.83058
151.5222      64.8352
151.5017      64.84211
151.5027      64.85925
151.506       64.86065
151.5239      64.84942
151.5299      64.8392
151.5402      64.83923
151.5436      64.83322
151.5385      64.82941
 1 
 1             102           
1
 -9999.0   ,   9990.0
   7
 13 
151.4704      64.84573
151.4623      64.84583
151.4464      64.85306
151.4355      64.87031
151.4439      64.87528
151.4548      64.8765
151.4626      64.87334
151.4728      64.87911
151.4806      64.88011
151.484       64.8785
151.4933      64.85261
151.4893      64.84886
151.4704      64.84573
 1 
 1             103           
1
 -9999.0   ,   9990.0
   7
 10 
151.594       64.87061
151.5753      64.87831
151.5767      64.88167
151.593       64.886
151.5977      64.88216
151.6128      64.8825
151.6167      64.88092
151.6141      64.8775
151.5983      64.8762
151.594       64.87061
 1 
 1             104           
1
 -9999.0   ,   9990.0
   7
 7 
151.4196      64.88189
151.4123      64.88809
151.4285      64.8885
151.4374      64.88497
151.4448      64.88433
151.4286      64.87698
151.4196      64.88189
 1 
 1             105           
1
 -9999.0   ,   9990.0
   7
 10 
151.8571      64.88856
151.8412      64.8875
151.8352      64.88775
151.8241      64.8882
151.8254      64.89061
151.8164      64.89578
151.8235      64.89716
151.836       64.8927
151.8503      64.89364
151.8571      64.88856
 1 
 1             106           
1
 -9999.0   ,   9990.0
   7
 7 
151.2888      64.89953
151.2922      64.90322
151.313       64.90286
151.3151      64.89883
151.3127      64.89681
151.3064      64.89615
151.2888      64.89953
 1 
 1             107           
1
 -9999.0   ,   9990.0
   7
 11 
151.4607      64.88797
151.4284      64.89845
151.4302      64.90086
151.4534      64.90434
151.4676      64.9097
151.4741      64.9097
151.487       64.90595
151.4908      64.90023
151.4901      64.89347
151.4747      64.89264
151.4607      64.88797
 1 
 1             108           
1
 -9999.0   ,   9990.0
   7
 10 
151.897       64.9085
151.8915      64.91023
151.8788      64.90915
151.873       64.91175
151.8732      64.91409
151.8769      64.9157
151.8963      64.91492
151.9018      64.91181
151.9001      64.90895
151.897       64.9085
 1 
 1             109           
1
 -9999.0   ,   9990.0
   7
 10 
151.7986      64.9117
151.7846      64.90747
151.7828      64.90517
151.7727      64.9045
151.7643      64.90614
151.7627      64.91045
151.7717      64.91433
151.7814      64.91606
151.7894      64.9155
151.7986      64.9117
 1 
 1             110           
1
 -9999.0   ,   9990.0
   7
 5 
151.6005      64.91628
151.6038      64.92067
151.626       64.91364
151.6096      64.9125
151.6005      64.91628
 1 
 1             111           
1
 -9999.0   ,   9990.0
   7
 8 
151.4575      64.92331
151.4523      64.91973
151.4449      64.91781
151.4399      64.91817
151.4333      64.92395
151.4339      64.92653
151.4445      64.92726
151.4575      64.92331
 1 
 1             112           
1
 -9999.0   ,   9990.0
   7
 19 
151.5969      64.9329
151.6026      64.93373
151.6191      64.92609
151.6163      64.92336
151.6069      64.92247
151.597       64.92411
151.5888      64.91848
151.5936      64.91303
151.5905      64.91123
151.5839      64.91123
151.5703      64.90567
151.5517      64.90461
151.5435      64.90614
151.5377      64.90992
151.5479      64.92167
151.5571      64.92461
151.5799      64.92478
151.5894      64.92706
151.5969      64.9329
 1 
 1             113           
1
 -9999.0   ,   9990.0
   7
 108 
151.0263      64.93373
151.0339      64.93659
151.0396      64.93606
151.0455      64.92795
151.0656      64.919
151.0674      64.9182
151.0702      64.90984
151.0774      64.90411
151.0617      64.88911
151.0522      64.88545
151.0323      64.88353
151.0279      64.88115
151.0221      64.8724
151.0096      64.87103
150.9963      64.87309
150.9895      64.87233
150.9717      64.86528
150.9645      64.86545
150.9531      64.86831
150.9402      64.86645
150.9169      64.85689
150.9048      64.85578
150.8857      64.85736
150.8724      64.85664
150.8673      64.85439
150.842       64.85139
150.8306      64.85378
150.8189      64.85315
150.811       64.84981
150.7888      64.84836
150.7713      64.83923
150.7581      64.83708
150.7433      64.83736
150.7227      64.83189
150.7078      64.83381
150.6948      64.8312
150.6657      64.82925
150.6462      64.83289
150.6336      64.83308
150.6163      64.8304
150.5989      64.83114
150.5753      64.83217
150.5501      64.83003
150.5397      64.83017
150.5051      64.83491
150.4789      64.83386
150.4453      64.82967
150.4167      64.824
150.3926      64.82308
150.3732      64.81765
150.3593      64.81958
150.3399      64.81786
150.3196      64.81286
150.3055      64.80939
150.2739      64.81086
150.2493      64.80873
150.2118      64.79978
150.1747      64.79616
150.1617      64.79353
150.1529      64.79006
150.1422      64.78225
150.1334      64.77995
150.0915      64.77895
150.0858      64.77825
150.0819      64.77614
150.0815      64.77548
150.0719      64.77528
150.0712      64.7755
150.06        64.77897
150.0774      64.77991
150.1047      64.786
150.1282      64.78695
150.138       64.78933
150.1547      64.79853
150.1693      64.80109
150.1659      64.80775
150.1749      64.80197
150.2353      64.81341
150.272       64.8165
150.2924      64.81973
150.3044      64.82051
150.3469      64.82325
150.3644      64.82925
150.3939      64.8315
150.4358      64.84053
150.5403      64.84295
150.5625      64.83928
150.5862      64.84015
150.6435      64.84216
150.6609      64.8407
150.6973      64.84341
150.7547      64.85186
150.7986      64.85628
150.8115      64.85931
150.825       64.85823
150.871       64.86425
150.8735      64.86459
150.8864      64.86367
150.9006      64.86747
150.9357      64.87214
150.9579      64.87791
150.9951      64.8813
151.0206      64.8857
151.0217      64.88831
151.0341      64.88853
151.0451      64.8937
151.0505      64.90611
151.0263      64.93373
 1 
 1             114           
1
 -9999.0   ,   9990.0
   7
 11 
151.8697      64.91936
151.8594      64.92053
151.8504      64.92733
151.8388      64.9277
151.8348      64.93275
151.8405      64.93636
151.8583      64.93823
151.8645      64.93608
151.8619      64.93291
151.8721      64.92878
151.8697      64.91936
 1 
 1             115           
1
 -9999.0   ,   9990.0
   7
 8 
151.5724      64.94876
151.5803      64.9479
151.5944      64.93964
151.5913      64.9362
151.5861      64.93561
151.5748      64.93828
151.5678      64.9422
151.5724      64.94876
 1 
 1             116           
1
 -9999.0   ,   9990.0
   7
 8 
151.9417      64.93336
151.9342      64.93747
151.9176      64.93823
151.9147      64.94033
151.9238      64.95108
151.9426      64.94425
151.949       64.93706
151.9417      64.93336
 1 
 1             117           
1
 -9999.0   ,   9990.0
   7
 8 
150.5839      64.96495
150.5917      64.96461
150.6025      64.9534
150.5988      64.95172
150.5846      64.95464
150.5825      64.95536
150.5873      64.95825
150.5839      64.96495
 1 
 1             118           
1
 -9999.0   ,   9990.0
   7
 6 
150.6417      64.97322
150.6353      64.97275
150.6196      64.98289
150.6203      64.98642
150.6467      64.98078
150.6417      64.97322
 1 
 1             119           
1
 -9999.0   ,   9990.0
   7
 23 
151.0834      64.99675
151.0958      64.98773
151.0919      64.97564
151.0971      64.9707
151.095       64.96778
151.07        64.95928
151.0644      64.95286
151.0897      64.94845
151.0998      64.94225
151.0954      64.93684
151.0884      64.9352
151.089       64.93916
151.0828      64.9438
151.0751      64.94534
151.0552      64.9432
151.0449      64.94431
151.039       64.94828
151.0414      64.95309
151.0615      64.96423
151.0598      64.97936
151.0594      64.98303
151.0687      64.98991
151.0834      64.99675
