 681 
 1 
 1             1             
1
 -9999.0   ,   9990.0
   7
 8 
-149.743       65
-149.6967      65
-149.6987      64.99868
-149.7167      64.99925
-149.7206      64.99454
-149.7259      64.99368
-149.7402      64.99802
-149.743       65
 1 
 1             2             
1
 -9999.0   ,   9990.0
   7
 5 
-148.8814      65
-148.8653      65
-148.8673      64.99813
-148.8721      64.998
-148.8814      65
 1 
 1             3             
1
 -9999.0   ,   9990.0
   7
 285 
-141.3696      65
-141.3612      65
-141.3624      64.999
-141.3589      64.99298
-141.363       64.98496
-141.3618      64.97957
-141.3558      64.98033
-141.3432      64.9935
-141.344       64.99945
-141.3449      65
-141.3154      65
-141.3187      64.99882
-141.3322      64.99893
-141.3348      64.99215
-141.3375      64.98376
-141.3584      64.96944
-141.3646      64.95566
-141.3413      64.94048
-141.3299      64.93791
-141.315       64.93639
-141.2966      64.94072
-141.2733      64.9463
-141.2427      64.95716
-141.2282      64.96045
-141.1751      64.95883
-141.1631      64.95624
-141.1552      64.95078
-141.152       64.94316
-141.1536      64.93612
-141.159       64.93193
-141.1675      64.92165
-141.1675      64.90657
-141.1403      64.89444
-141.1322      64.89423
-141.1265      64.89658
-141.0765      64.88589
-141.068       64.88133
-141.0613      64.86881
-141.0672      64.86143
-141.0798      64.85606
-141.0971      64.85516
-141.1071      64.85268
-141.1269      64.84248
-141.1525      64.82466
-141.1727      64.80327
-141.1714      64.7973
-141.1629      64.79319
-141.1271      64.7927
-141.0913      64.78833
-141.0709      64.78206
-141.0655      64.78138
-141.0525      64.77973
-141.0397      64.77551
-141.032       64.7737
-141.0292      64.76746
-141.0167      64.76095
-141.0115      64.75326
-141.0134      64.74716
-141.0371      64.72109
-141.035       64.71373
-141.0206      64.69895
-141.0113      64.69366
-140.999       64.69156
-140.978       64.68795
-140.9581      64.68899
-140.9351      64.69305
-140.9313      64.69372
-140.911       64.69361
-140.9054      64.69185
-140.8998      64.68644
-140.8875      64.68015
-140.8745      64.66015
-140.8655      64.63271
-140.8346      64.61538
-140.8179      64.61673
-140.7963      64.61542
-140.7824      64.61958
-140.7743      64.62016
-140.771       64.6204
-140.7449      64.62762
-140.7319      64.63568
-140.7229      64.63885
-140.7078      64.63977
-140.6807      64.63645
-140.6737      64.6335
-140.6675      64.62577
-140.6487      64.61996
-140.6451      64.6162
-140.6465      64.61098
-140.6584      64.60609
-140.663       64.59115
-140.6706      64.58338
-140.6961      64.57341
-140.6967      64.5732
-140.702       64.56651
-140.6914      64.5566
-140.6788      64.55553
-140.6627      64.55665
-140.6505      64.56016
-140.6299      64.56274
-140.6245      64.566
-140.6223      64.57325
-140.6108      64.57518
-140.595       64.57767
-140.5846      64.57666
-140.5767      64.573
-140.5702      64.56366
-140.5599      64.559
-140.5625      64.55268
-140.559       64.54801
-140.5706      64.53878
-140.577       64.52915
-140.5714      64.52098
-140.5538      64.51861
-140.5196      64.51686
-140.5071      64.51898
-140.4644      64.5333
-140.461       64.53445
-140.4501      64.53594
-140.4251      64.53035
-140.4119      64.52352
-140.4067      64.51057
-140.4053      64.50663
-140.4028      64.50245
-140.4177      64.4835
-140.4197      64.47718
-140.436       64.47243
-140.4484      64.46803
-140.464       64.45665
-140.4888      64.44463
-140.5083      64.43221
-140.5141      64.426
-140.5032      64.3994
-140.4981      64.39489
-140.4869      64.38974
-140.465       64.38448
-140.4208      64.38125
-140.3718      64.38036
-140.3272      64.37594
-140.3074      64.37186
-140.2412      64.34935
-140.24        64.34903
-140.211       64.34126
-140.1567      64.33851
-140.1474      64.33476
-140.1327      64.32239
-140.1181      64.32188
-140.0732      64.32537
-140.0353      64.32269
-140           64.32799
-140           64.32113
-140.0167      64.31793
-140.0294      64.31723
-140.0767      64.32046
-140.0911      64.31959
-140.1129      64.31554
-140.1334      64.31601
-140.1435      64.31841
-140.1534      64.33063
-140.1621      64.33504
-140.1766      64.33645
-140.2104      64.33575
-140.3324      64.37114
-140.3393      64.37314
-140.385       64.37439
-140.4307      64.3722
-140.462       64.37456
-140.4796      64.37923
-140.5193      64.39761
-140.5247      64.40646
-140.526       64.4177
-140.5232      64.42537
-140.5254      64.43115
-140.5268      64.43531
-140.5236      64.43864
-140.5151      64.44225
-140.5039      64.45196
-140.4835      64.45748
-140.4758      64.46546
-140.4412      64.48241
-140.4327      64.48877
-140.4273      64.49888
-140.432       64.52074
-140.4396      64.52943
-140.4446      64.53119
-140.4531      64.53123
-140.4611      64.52848
-140.4952      64.51679
-140.5223      64.51055
-140.5484      64.50633
-140.5637      64.50658
-140.5747      64.5108
-140.5837      64.52067
-140.5881      64.52926
-140.5841      64.55335
-140.5949      64.56533
-140.6049      64.56586
-140.611       64.56445
-140.6172      64.56073
-140.6281      64.55423
-140.6428      64.54874
-140.6587      64.54511
-140.6783      64.54525
-140.7053      64.54901
-140.711       64.55352
-140.7131      64.56341
-140.7097      64.57131
-140.7022      64.57839
-140.7054      64.58488
-140.7017      64.58842
-140.6892      64.5933
-140.6875      64.59759
-140.6905      64.60865
-140.7096      64.61515
-140.7171      64.62003
-140.7188      64.62113
-140.7278      64.6214
-140.7483      64.6163
-140.7748      64.60702
-140.7926      64.60503
-140.8037      64.60536
-140.8501      64.61126
-140.868       64.61931
-140.8912      64.6387
-140.893       64.66501
-140.9101      64.68194
-140.9197      64.68586
-140.929       64.6875
-140.9397      64.68688
-140.9651      64.68165
-140.9768      64.68152
-140.9981      64.6853
-140.9991      64.68547
-141.0189      64.68907
-141.0415      64.7018
-141.0463      64.70924
-141.0479      64.72047
-141.053       64.72563
-141.0403      64.74287
-141.0345      64.75687
-141.0372      64.76334
-141.0505      64.77146
-141.0627      64.7759
-141.1028      64.78515
-141.1614      64.78904
-141.179       64.78905
-141.19        64.79481
-141.1912      64.79781
-141.1798      64.80985
-141.1809      64.81689
-141.1721      64.82996
-141.1479      64.84509
-141.123       64.85402
-141.113       64.86061
-141.1045      64.86335
-141.081       64.86615
-141.0756      64.86988
-141.0793      64.88118
-141.0891      64.8844
-141.1183      64.88998
-141.13        64.89097
-141.1559      64.89028
-141.1688      64.89281
-141.1747      64.89398
-141.1885      64.8989
-141.1937      64.90429
-141.1931      64.90793
-141.1803      64.91878
-141.1727      64.93822
-141.1776      64.94908
-141.1934      64.95543
-141.2165      64.95558
-141.2524      64.94531
-141.2805      64.93301
-141.2962      64.92861
-141.3019      64.92647
-141.3169      64.93073
-141.3339      64.93207
-141.3592      64.94343
-141.3717      64.9547
-141.3744      64.96276
-141.3689      64.97518
-141.3704      64.98343
-141.3725      64.99628
-141.3696      65
 1 
 1             4             
1
 -9999.0   ,   9990.0
   7
 6 
-148.791       64.96384
-148.8003      64.96474
-148.8044      64.96668
-148.7852      64.97541
-148.7793      64.97237
-148.791       64.96384
 1 
 1             5             
1
 -9999.0   ,   9990.0
   7
 10 
-148.8776      64.95926
-148.8838      64.96091
-148.8888      64.96581
-148.8882      64.97222
-148.8837      64.97486
-148.8771      64.97389
-148.8776      64.96611
-148.8684      64.96225
-148.8717      64.95964
-148.8776      64.95926
 1 
 1             6             
1
 -9999.0   ,   9990.0
   7
 8 
-149.0319      64.95025
-149.0373      64.95032
-149.0397      64.95208
-149.0393      64.95643
-149.0449      64.96061
-149.0408      64.9621
-149.029       64.9526
-149.0319      64.95025
 1 
 1             7             
1
 -9999.0   ,   9990.0
   7
 10 
-149.0885      64.95025
-149.0959      64.95644
-149.0931      64.95818
-149.092       64.95883
-149.0789      64.9544
-149.0762      64.94397
-149.0777      64.94005
-149.0841      64.93941
-149.0877      64.94182
-149.0885      64.95025
 1 
 1             8             
1
 -9999.0   ,   9990.0
   7
 9 
-149.0093      64.948
-149.0076      64.95
-148.9992      64.95092
-148.9913      64.95571
-148.9881      64.95282
-148.9898      64.94935
-149.0067      64.94066
-149.0113      64.94556
-149.0093      64.948
 1 
 1             9             
1
 -9999.0   ,   9990.0
   7
 83 
-148.8463      64.91141
-148.8482      64.91613
-148.8372      64.91797
-148.8332      64.92527
-148.8342      64.93165
-148.8267      64.9355
-148.8271      64.94918
-148.8228      64.95272
-148.815       64.95521
-148.7989      64.95518
-148.7926      64.95306
-148.7809      64.95405
-148.7785      64.95206
-148.7909      64.94877
-148.8166      64.95106
-148.8189      64.94483
-148.8114      64.93818
-148.802       64.93615
-148.8018      64.93455
-148.8182      64.93298
-148.8228      64.93103
-148.8106      64.92883
-148.8053      64.92555
-148.8053      64.92483
-148.8051      64.91711
-148.8161      64.90403
-148.8133      64.90319
-148.8048      64.90433
-148.796       64.91392
-148.7892      64.91524
-148.7776      64.924
-148.7702      64.92488
-148.7639      64.92208
-148.757       64.92271
-148.7457      64.91205
-148.7279      64.90383
-148.7251      64.89978
-148.7273      64.89608
-148.7368      64.89103
-148.7453      64.89446
-148.7547      64.90313
-148.7622      64.90362
-148.7796      64.89734
-148.7847      64.8955
-148.799       64.89375
-148.8098      64.8946
-148.82        64.89822
-148.8259      64.89395
-148.8369      64.89206
-148.8387      64.88996
-148.8339      64.8862
-148.8245      64.88485
-148.8009      64.88502
-148.7949      64.88061
-148.7981      64.8771
-148.8146      64.87621
-148.8142      64.86618
-148.8185      64.86241
-148.8313      64.85796
-148.8378      64.85869
-148.8397      64.86047
-148.8325      64.86249
-148.8256      64.87021
-148.8282      64.87357
-148.8435      64.87521
-148.8486      64.87713
-148.8455      64.88156
-148.8482      64.88471
-148.8501      64.88691
-148.8437      64.89461
-148.8323      64.8972
-148.844       64.90031
-148.8369      64.90325
-148.8427      64.90561
-148.8424      64.90767
-148.8268      64.9074
-148.8286      64.91215
-148.8162      64.91956
-148.8151      64.92323
-148.8194      64.92655
-148.8282      64.92084
-148.833       64.91438
-148.8463      64.91141
 1 
 1             10            
1
 -9999.0   ,   9990.0
   7
 10 
-149.5425      64.93692
-149.5491      64.9374
-149.559       64.94144
-149.5561      64.94678
-149.5495      64.9486
-149.5535      64.9535
-149.5423      64.95407
-149.5372      64.94943
-149.538       64.93844
-149.5425      64.93692
 1 
 1             11            
1
 -9999.0   ,   9990.0
   7
 8 
-149.4551      64.93599
-149.4674      64.93858
-149.473       64.94252
-149.4699      64.94673
-149.4641      64.94736
-149.4584      64.94228
-149.4462      64.93718
-149.4551      64.93599
 26 
 1             12            
1
 -9999.0   ,   9990.0
   7
 974 
-149.2886      64.92595
-149.2833      64.92633
-149.2782      64.92465
-149.2541      64.90252
-149.2453      64.911
-149.2277      64.91243
-149.2123      64.90991
-149.1893      64.89459
-149.1706      64.88508
-149.131       64.87251
-149.1168      64.86127
-149.1187      64.85619
-149.121       64.85491
-149.1261      64.8521
-149.1507      64.84476
-149.1544      64.84146
-149.1543      64.83758
-149.1318      64.82063
-149.1327      64.81604
-149.1375      64.81294
-149.1492      64.81237
-149.1592      64.80797
-149.1722      64.79549
-149.169       64.79215
-149.1618      64.79031
-149.1408      64.78976
-149.134       64.78768
-149.1288      64.7819
-149.1294      64.76178
-149.1269      64.75926
-149.1128      64.74512
-149.1152      64.74002
-149.1356      64.72048
-149.1364      64.71543
-149.1215      64.70535
-149.116       64.69455
-149.0983      64.68021
-149.1018      64.67532
-149.1134      64.6711
-149.1264      64.6593
-149.1364      64.65811
-149.1275      64.64895
-149.1236      64.645
-149.1081      64.63426
-149.1107      64.6271
-149.1195      64.62205
-149.1319      64.62009
-149.1339      64.61592
-149.1162      64.58126
-149.1107      64.57663
-149.0819      64.5754
-149.0639      64.57272
-149.0342      64.55575
-149.0289      64.55567
-149.0424      64.57105
-149.0387      64.5748
-149.0211      64.57758
-148.9894      64.5787
-148.9839      64.58068
-148.9663      64.58003
-148.9611      64.58794
-148.9541      64.59088
-148.9424      64.59075
-148.9297      64.58767
-148.9143      64.57691
-148.9093      64.57544
-148.8965      64.57556
-148.8883      64.57739
-148.8741      64.58553
-148.8577      64.5894
-148.8445      64.58937
-148.8423      64.58936
-148.7926      64.58407
-148.7764      64.57857
-148.7676      64.57971
-148.7498      64.58543
-148.7372      64.58668
-148.7281      64.59308
-148.6913      64.60751
-148.6843      64.607
-148.6723      64.60069
-148.668       64.60057
-148.6681      64.60491
-148.6589      64.61839
-148.6716      64.63313
-148.6662      64.64445
-148.6574      64.64627
-148.6183      64.64795
-148.6068      64.65327
-148.5983      64.65393
-148.5857      64.65128
-148.5714      64.65118
-148.5524      64.65646
-148.5252      64.66033
-148.5051      64.6615
-148.4865      64.66127
-148.4374      64.6684
-148.422       64.669
-148.3758      64.65822
-148.3587      64.65771
-148.3478      64.65934
-148.3461      64.66303
-148.3513      64.67045
-148.3482      64.6753
-148.3386      64.67873
-148.311       64.6796
-148.2824      64.69372
-148.2816      64.6948
-148.276       64.70231
-148.2379      64.70455
-148.2017      64.72659
-148.195       64.72833
-148.1827      64.7286
-148.1803      64.73459
-148.1449      64.73834
-148.1162      64.73897
-148.0979      64.74256
-148.0569      64.7569
-148.0405      64.75839
-148.016       64.76804
-148.0039      64.78381
-147.9933      64.78859
-147.9696      64.79182
-147.9388      64.80386
-147.9272      64.80479
-147.9195      64.80335
-147.8894      64.79733
-147.8756      64.79806
-147.859       64.80776
-147.8409      64.8088
-147.8195      64.8033
-147.8008      64.80434
-147.7695      64.80175
-147.7306      64.8025
-147.6848      64.79493
-147.656       64.79546
-147.6505      64.79321
-147.632       64.78564
-147.6178      64.78248
-147.6028      64.7823
-147.5748      64.78554
-147.5272      64.78023
-147.5091      64.78054
-147.4826      64.77804
-147.4709      64.77825
-147.4496      64.77336
-147.4378      64.76125
-147.4156      64.75295
-147.3993      64.75042
-147.3853      64.74823
-147.3644      64.7415
-147.3426      64.73068
-147.3167      64.72221
-147.297       64.71021
-147.283       64.69653
-147.263       64.68705
-147.2566      64.67551
-147.2406      64.66846
-147.2322      64.65766
-147.1965      64.63837
-147.1894      64.63028
-147.1715      64.62576
-147.1555      64.61871
-147.1347      64.61765
-147.1171      64.6097
-147.1079      64.6014
-147.1131      64.59358
-147.1098      64.5918
-147.1007      64.59103
-147.0946      64.58838
-147.087       64.57891
-147.0705      64.57254
-147.0513      64.5571
-147.0328      64.55143
-147.0234      64.54609
-147.0198      64.53429
-147.0077      64.52169
-146.998       64.51158
-146.9957      64.5034
-146.9852      64.50401
-146.9857      64.4967
-146.9807      64.48606
-146.9864      64.47116
-146.9873      64.46203
-146.9913      64.45991
-146.9963      64.4635
-146.9926      64.46971
-146.9944      64.47196
-147.0001      64.47165
-147.0127      64.45642
-147.0278      64.44709
-147.0121      64.42794
-146.9984      64.4222
-146.9878      64.41415
-146.9702      64.41098
-146.9507      64.40373
-146.93        64.4022
-146.9213      64.39798
-146.9226      64.395
-146.9212      64.38283
-146.9088      64.37594
-146.9048      64.37368
-146.902       64.36537
-146.8961      64.36103
-146.8845      64.35575
-146.872       64.34326
-146.8644      64.34016
-146.853       64.34168
-146.8371      64.34053
-146.8133      64.3381
-146.8026      64.33482
-146.7947      64.33469
-146.7928      64.33085
-146.7685      64.32112
-146.7606      64.32031
-146.7461      64.32368
-146.7213      64.32194
-146.7093      64.3141
-146.6937      64.28906
-146.6881      64.28018
-146.6698      64.27196
-146.6595      64.26662
-146.6463      64.26563
-146.6057      64.2693
-146.6037      64.27092
-146.5994      64.27028
-146.5859      64.27226
-146.5618      64.28028
-146.5118      64.28539
-146.4843      64.29115
-146.4732      64.28968
-146.4093      64.29079
-146.4071      64.28968
-146.4038      64.28696
-146.3807      64.28538
-146.3641      64.2787
-146.3584      64.28058
-146.365       64.28667
-146.3604      64.28876
-146.353       64.28724
-146.3338      64.2815
-146.2883      64.26302
-146.2677      64.26002
-146.2474      64.25223
-146.2412      64.25297
-146.2343      64.25052
-146.2085      64.24916
-146.2012      64.24876
-146.1931      64.25385
-146.1843      64.2562
-146.1388      64.25931
-146.1225      64.25808
-146.1172      64.2547
-146.128       64.2512
-146.099       64.2471
-146.0902      64.24876
-146.0818      64.24883
-146.0658      64.24235
-146.0386      64.22911
-146.0326      64.22278
-145.9878      64.21285
-145.9684      64.21208
-145.9302      64.1989
-145.904       64.19429
-145.8965      64.19047
-145.8954      64.18878
-145.8855      64.17368
-145.8841      64.17285
-145.8615      64.15857
-145.8437      64.15891
-145.825       64.16153
-145.7986      64.16875
-145.7787      64.18185
-145.759       64.18629
-145.7487      64.19068
-145.7315      64.19282
-145.7127      64.19223
-145.6896      64.18893
-145.6503      64.18594
-145.6487      64.18435
-145.6497      64.18402
-145.6596      64.18065
-145.6512      64.17841
-145.6345      64.17963
-145.6266      64.17603
-145.6254      64.1708
-145.631       64.16438
-145.6392      64.16093
-145.6412      64.15683
-145.6385      64.15433
-145.6223      64.15031
-145.618       64.14782
-145.6157      64.14008
-145.6145      64.1328
-145.6108      64.12849
-145.6034      64.12511
-145.5858      64.10947
-145.5373      64.10762
-145.5279      64.10446
-145.5008      64.1032
-145.4747      64.09988
-145.4463      64.08625
-145.4366      64.08541
-145.4083      64.08643
-145.386       64.08605
-145.3116      64.08716
-145.2917      64.08155
-145.2891      64.08083
-145.2875      64.07833
-145.2791      64.07038
-145.2681      64.0663
-145.2489      64.06451
-145.2254      64.05773
-145.2056      64.05731
-145.1854      64.06075
-145.1661      64.05418
-145.1588      64.05396
-145.1516      64.05601
-145.1438      64.05625
-145.1355      64.06333
-145.1297      64.06884
-145.1197      64.0715
-145.0799      64.07454
-145.0607      64.07455
-145.043       64.07228
-145.0196      64.06113
-145           64.06091
-144.9764      64.05545
-144.9624      64.03928
-144.9468      64.03517
-144.9276      64.02561
-144.8783      64.02285
-144.8705      64.01988
-144.831       64.01438
-144.8352      64.01233
-144.843       64.01143
-144.8492      64.00756
-144.862       64
-144.8626      64
-144.8648      64.00439
-144.8615      64.00593
-144.8554      64.00884
-144.8549      64.01121
-144.8803      64.01579
-144.8938      64.02012
-144.9364      64.01855
-144.9421      64.02037
-144.9478      64.02811
-144.9546      64.03131
-144.9826      64.03609
-144.9857      64.03836
-144.9915      64.0411
-145           64.0437
-145.0086      64.04633
-145.0107      64.04958
-145.03        64.05703
-145.0372      64.06061
-145.0456      64.06477
-145.0622      64.0684
-145.0815      64.06849
-145.1054      64.0686
-145.1204      64.06403
-145.1204      64.0622
-145.1318      64.05581
-145.138       64.05171
-145.1452      64.04965
-145.15        64.04827
-145.175       64.05259
-145.1801      64.05348
-145.1879      64.05483
-145.202       64.05253
-145.2144      64.05235
-145.2196      64.05227
-145.2764      64.06378
-145.2884      64.06921
-145.2921      64.07285
-145.3094      64.08261
-145.3193      64.08372
-145.3287      64.08233
-145.3427      64.08161
-145.3619      64.08042
-145.3702      64.07448
-145.3784      64.07104
-145.3992      64.07098
-145.4044      64.07179
-145.4091      64.07254
-145.4258      64.07157
-145.4383      64.07222
-145.4491      64.07738
-145.4519      64.08015
-145.4598      64.08203
-145.4624      64.08348
-145.4677      64.08646
-145.4761      64.09441
-145.4819      64.09621
-145.5032      64.0925
-145.5057      64.09259
-145.5188      64.09311
-145.5324      64.09946
-145.5425      64.10418
-145.5591      64.10115
-145.5743      64.10075
-145.5758      64.10071
-145.5794      64.10061
-145.5877      64.10195
-145.5897      64.1027
-145.5956      64.10487
-145.6042      64.11463
-145.6064      64.11962
-145.6143      64.12233
-145.619       64.1239
-145.6223      64.1298
-145.6275      64.1307
-145.644       64.14223
-145.6501      64.15633
-145.6354      64.17188
-145.637       64.17461
-145.6583      64.17315
-145.6695      64.18129
-145.6827      64.18487
-145.7037      64.1875
-145.7193      64.18764
-145.7313      64.18621
-145.7447      64.18135
-145.7643      64.17418
-145.7815      64.17136
-145.8155      64.15771
-145.8426      64.15505
-145.8519      64.15271
-145.8544      64.15041
-145.836       64.13026
-145.8069      64.11768
-145.7866      64.10117
-145.7797      64.0962
-145.7763      64.08688
-145.7646      64.07988
-145.7607      64.07125
-145.7489      64.06106
-145.7445      64.05175
-145.7453      64.044
-145.7524      64.03621
-145.75        64.02848
-145.7448      64.02692
-145.7136      64.02458
-145.6934      64.00965
-145.6979      64.00097
-145.6974      64
-145.7         64
-145.7043      64
-145.707       64.01368
-145.7134      64.01821
-145.74        64.02375
-145.7504      64.02324
-145.7622      64.0184
-145.7699      64.01425
-145.7831      64
-145.798       63.98606
-145.7974      63.97895
-145.8022      63.96496
-145.8149      63.95585
-145.8297      63.94956
-145.8591      63.94268
-145.8694      63.93553
-145.8768      63.92415
-145.8776      63.90658
-145.8832      63.89948
-145.8944      63.89488
-145.8982      63.89411
-145.9093      63.88515
-145.9298      63.88208
-145.9237      63.88866
-145.9078      63.89434
-145.8884      63.90471
-145.8882      63.90813
-145.8856      63.911
-145.889       63.91479
-145.8933      63.92203
-145.8736      63.94552
-145.8583      63.95248
-145.8477      63.96121
-145.8455      63.95461
-145.8289      63.95692
-145.8248      63.958
-145.8157      63.96363
-145.8105      63.97069
-145.8075      63.97438
-145.8054      63.98033
-145.8072      63.98458
-145.8082      63.99262
-145.8053      63.99685
-145.8         64
-145.7992      64
-145.7893      64.00503
-145.7813      64.02147
-145.7797      64.03105
-145.7681      64.04137
-145.7588      64.0437
-145.7568      64.04621
-145.7576      64.05441
-145.7655      64.0596
-145.7689      64.06687
-145.7937      64.09475
-145.8071      64.10674
-145.8388      64.11999
-145.8565      64.13537
-145.8692      64.14098
-145.872       64.14598
-145.8665      64.15376
-145.8719      64.15782
-145.8901      64.17115
-145.8994      64.18408
-145.9059      64.18927
-145.9148      64.1899
-145.9539      64.20239
-145.9676      64.20526
-145.9832      64.20378
-146.0126      64.20607
-146.0225      64.20668
-146.0321      64.21071
-146.0413      64.21816
-146.0719      64.2366
-146.0831      64.24085
-146.0957      64.24189
-146.1307      64.24184
-146.1623      64.2459
-146.1775      64.24486
-146.1924      64.2395
-146.2403      64.23452
-146.2484      64.23878
-146.2619      64.24868
-146.2709      64.25088
-146.2862      64.25165
-146.2958      64.25543
-146.2964      64.24745
-146.305       64.24099
-146.2976      64.2283
-146.301       64.22371
-146.3147      64.21606
-146.3276      64.20296
-146.3426      64.19848
-146.3516      64.19065
-146.365       64.18847
-146.3852      64.1746
-146.388       64.17866
-146.37        64.1932
-146.3591      64.1949
-146.3449      64.20302
-146.3366      64.20538
-146.3313      64.21363
-146.3212      64.22056
-146.3079      64.22592
-146.3044      64.22983
-146.3134      64.24136
-146.307       64.25008
-146.309       64.25781
-146.3384      64.26939
-146.3531      64.27015
-146.3601      64.27133
-146.3812      64.27489
-146.3901      64.27458
-146.3972      64.27109
-146.4544      64.27255
-146.5124      64.27011
-146.5243      64.26634
-146.5479      64.26813
-146.5623      64.26296
-146.5728      64.26329
-146.5669      64.26997
-146.5686      64.272
-146.5774      64.26963
-146.5961      64.25893
-146.61        64.25421
-146.6173      64.25435
-146.6195      64.25615
-146.6144      64.25871
-146.6334      64.25964
-146.6471      64.26221
-146.6554      64.26097
-146.6527      64.25872
-146.6437      64.25769
-146.6405      64.25591
-146.645       64.25335
-146.656       64.25367
-146.6848      64.26085
-146.6939      64.26484
-146.7026      64.27704
-146.7067      64.28383
-146.7142      64.29376
-146.7223      64.29777
-146.741       64.303
-146.7547      64.30283
-146.7622      64.30456
-146.7746      64.31078
-146.7831      64.31136
-146.7992      64.3098
-146.8371      64.31089
-146.8462      64.31283
-146.8592      64.31904
-146.8688      64.32051
-146.8835      64.3276
-146.8966      64.33449
-146.9061      64.34234
-146.9087      64.34983
-146.9154      64.35406
-146.9229      64.35579
-146.9365      64.36221
-146.94        64.3665
-146.9469      64.37506
-146.951       64.38093
-146.959       64.38903
-146.962       64.40106
-146.9665      64.40419
-146.9718      64.40435
-146.98        64.40104
-146.9862      64.4005
-146.9962      64.40013
-147.0105      64.40061
-147.0284      64.40788
-147.0381      64.41708
-147.0475      64.42219
-147.0546      64.43257
-147.0453      64.46166
-147.0326      64.47506
-147.0224      64.47931
-147.0265      64.49111
-147.0366      64.49917
-147.0545      64.51145
-147.0564      64.52168
-147.0727      64.54037
-147.0759      64.55286
-147.0842      64.55776
-147.0917      64.55901
-147.1049      64.56498
-147.1202      64.57637
-147.121       64.58023
-147.1236      64.58521
-147.1285      64.58719
-147.1343      64.58733
-147.1813      64.60896
-147.1851      64.61073
-147.198       64.6119
-147.2093      64.62038
-147.2346      64.63002
-147.2574      64.64791
-147.2644      64.65509
-147.2733      64.65928
-147.2754      64.66495
-147.2909      64.67223
-147.303       64.68754
-147.3128      64.68989
-147.3178      64.69323
-147.3291      64.69441
-147.369       64.71633
-147.3834      64.72203
-147.3947      64.72389
-147.4378      64.74075
-147.4745      64.75515
-147.4886      64.75753
-147.499       64.75928
-147.5454      64.75892
-147.5911      64.76768
-147.6029      64.77271
-147.6226      64.77258
-147.6237      64.77295
-147.6537      64.78341
-147.6704      64.7847
-147.6854      64.78435
-147.6976      64.78406
-147.7163      64.78361
-147.7494      64.78823
-147.767       64.78789
-147.7759      64.78635
-147.7958      64.78733
-147.8053      64.786
-147.8118      64.78679
-147.8157      64.78851
-147.8292      64.79443
-147.8431      64.79461
-147.8539      64.7903
-147.8671      64.78912
-147.878       64.78593
-147.8903      64.78636
-147.9097      64.79236
-147.92        64.79352
-147.9575      64.78887
-147.9646      64.78606
-147.9703      64.78382
-147.9921      64.7788
-147.9975      64.77481
-148.0034      64.75598
-148.0081      64.75376
-148.0089      64.75335
-148.0184      64.75201
-148.0397      64.74655
-148.0441      64.73891
-148.0532      64.73484
-148.0682      64.73427
-148.0931      64.73331
-148.1009      64.73587
-148.113       64.73493
-148.1282      64.72341
-148.1449      64.72031
-148.1523      64.71125
-148.1621      64.70875
-148.1816      64.71105
-148.1879      64.71
-148.2057      64.69455
-148.2139      64.69185
-148.2224      64.69143
-148.2236      64.68925
-148.2307      64.67664
-148.2416      64.67001
-148.2629      64.67043
-148.2718      64.66863
-148.2743      64.67177
-148.272       64.67456
-148.2813      64.67709
-148.3004      64.67208
-148.3122      64.66451
-148.3186      64.66413
-148.3207      64.65975
-148.3348      64.65805
-148.3372      64.6516
-148.3384      64.64838
-148.3502      64.64491
-148.3639      64.64436
-148.3801      64.6458
-148.3917      64.6494
-148.4047      64.65069
-148.4128      64.65575
-148.418       64.66316
-148.4283      64.66405
-148.4652      64.65768
-148.484       64.65139
-148.4902      64.64931
-148.4966      64.64961
-148.514       64.65649
-148.522       64.65652
-148.5675      64.6465
-148.5861      64.6458
-148.6018      64.64015
-148.638       64.64038
-148.6449      64.63633
-148.6496      64.62479
-148.65        64.60468
-148.646       64.5952
-148.635       64.59617
-148.6369      64.59041
-148.6531      64.58132
-148.6681      64.58208
-148.6797      64.58521
-148.6928      64.59171
-148.7024      64.59169
-148.7211      64.58116
-148.7284      64.57343
-148.7461      64.56727
-148.7693      64.5735
-148.7725      64.57
-148.786       64.57466
-148.827       64.57561
-148.8418      64.57545
-148.8646      64.57141
-148.8775      64.57243
-148.9076      64.57138
-148.9204      64.57536
-148.9302      64.584
-148.9423      64.58663
-148.9533      64.58542
-148.9555      64.57896
-148.9496      64.57181
-148.9516      64.5672
-148.9598      64.56218
-148.9704      64.56188
-148.9818      64.56385
-148.9945      64.57353
-149.0037      64.57488
-149.0184      64.57401
-149.0292      64.57142
-149.0298      64.56866
-149.0211      64.56046
-149.0165      64.55465
-149.0201      64.55044
-149.0268      64.54888
-149.0498      64.55736
-149.0629      64.56635
-149.0777      64.56935
-149.0895      64.5697
-149.0999      64.56826
-149.1089      64.56161
-149.1112      64.55583
-149.1037      64.55039
-149.1114      64.55057
-149.1177      64.55313
-149.1203      64.55648
-149.1136      64.56467
-149.1154      64.56896
-149.1352      64.57706
-149.148       64.59063
-149.1467      64.59911
-149.1543      64.60985
-149.1514      64.61839
-149.139       64.62445
-149.1359      64.62797
-149.1378      64.63043
-149.1373      64.63341
-149.1563      64.64588
-149.1627      64.65277
-149.1308      64.67311
-149.13        64.67838
-149.1386      64.68865
-149.1657      64.69836
-149.1712      64.70278
-149.1704      64.7076
-149.16        64.7127
-149.1587      64.71798
-149.1616      64.7227
-149.1601      64.72685
-149.1455      64.73502
-149.142       64.73697
-149.1271      64.74105
-149.1253      64.74294
-149.1301      64.74965
-149.1517      64.7641
-149.1514      64.7721
-149.1569      64.78336
-149.1643      64.78612
-149.1909      64.78831
-149.2031      64.7939
-149.199       64.79858
-149.175       64.80591
-149.1594      64.81527
-149.1543      64.82365
-149.161       64.83163
-149.1715      64.84393
-149.1697      64.8497
-149.1536      64.8561
-149.1618      64.86044
-149.2408      64.8707
-149.2495      64.87478
-149.2534      64.87901
-149.2501      64.88504
-149.236       64.89071
-149.2439      64.89277
-149.2798      64.89194
-149.2867      64.89493
-149.2889      64.90194
-149.288       64.9032
-149.282       64.91175
-149.2841      64.91488
-149.2904      64.91698
-149.2989      64.9165
-149.3097      64.91344
-149.3158      64.90823
-149.3132      64.89893
-149.3263      64.89077
-149.3555      64.8915
-149.3691      64.89543
-149.3815      64.90236
-149.3891      64.90259
-149.4195      64.898
-149.4471      64.89601
-149.4692      64.88985
-149.4727      64.8827
-149.4752      64.87778
-149.4893      64.86911
-149.5078      64.8674
-149.5243      64.87282
-149.5451      64.87468
-149.5535      64.87693
-149.5595      64.8804
-149.5622      64.89585
-149.5693      64.89608
-149.5748      64.90003
-149.5833      64.90227
-149.6017      64.90306
-149.6128      64.90201
-149.6213      64.89809
-149.6313      64.88816
-149.6354      64.87181
-149.6389      64.86962
-149.647       64.86457
-149.6697      64.8563
-149.6797      64.8466
-149.689       64.84173
-149.7065      64.83728
-149.7225      64.83698
-149.7272      64.83888
-149.7401      64.85377
-149.7641      64.85595
-149.7905      64.85325
-149.8008      64.85656
-149.8066      64.8502
-149.8174      64.84755
-149.8235      64.843
-149.8266      64.83249
-149.8281      64.8273
-149.8398      64.82096
-149.8308      64.81303
-149.8362      64.79319
-149.8487      64.78523
-149.8707      64.77694
-149.8769      64.76988
-149.891       64.76528
-149.9244      64.76048
-149.951       64.7655
-149.9587      64.76387
-149.9575      64.74905
-149.9667      64.74416
-149.9821      64.74043
-150           64.74457
-150           64.74924
-149.9986      64.74875
-149.9866      64.74461
-149.9777      64.74561
-149.9706      64.75043
-149.9757      64.76854
-149.9876      64.77453
-150           64.77915
-150           64.79391
-149.9838      64.78289
-149.9683      64.77749
-149.9669      64.77731
-149.9601      64.7764
-149.9461      64.77071
-149.9353      64.77016
-149.9001      64.77388
-149.8855      64.77324
-149.876       64.78225
-149.8545      64.79327
-149.8428      64.8172
-149.8476      64.82847
-149.8606      64.83193
-149.865       64.83498
-149.8648      64.83978
-149.8603      64.84473
-149.849       64.85015
-149.8345      64.85315
-149.7873      64.86478
-149.7675      64.87413
-149.7573      64.87424
-149.7341      64.86791
-149.7195      64.85285
-149.7056      64.84736
-149.6987      64.84781
-149.6928      64.85075
-149.6726      64.87243
-149.6546      64.87736
-149.6493      64.8837
-149.6494      64.88679
-149.6498      64.89809
-149.6437      64.90331
-149.6268      64.90797
-149.5636      64.90953
-149.5532      64.90596
-149.5497      64.90105
-149.5504      64.88388
-149.5382      64.87855
-149.5189      64.87551
-149.5066      64.87635
-149.5034      64.87656
-149.4875      64.87763
-149.4898      64.88486
-149.4851      64.89141
-149.4742      64.89701
-149.455       64.9008
-149.4118      64.90304
-149.3792      64.91066
-149.3684      64.91076
-149.3474      64.90431
-149.34        64.90476
-149.3334      64.90725
-149.329       64.91971
-149.3251      64.92166
-149.2886      64.92595
 1             12            2 
1
 -9999.0   ,   9990.0
   7
 20 
-149.1394      64.85468
-149.132       64.85558
-149.1254      64.86148
-149.1327      64.86653
-149.1896      64.88293
-149.2071      64.90161
-149.2153      64.90571
-149.2307      64.90778
-149.2369      64.90576
-149.2401      64.89928
-149.238       64.8966
-149.2253      64.89423
-149.2227      64.89134
-149.2428      64.87955
-149.2351      64.87543
-149.2209      64.87318
-149.1827      64.86713
-149.1692      64.86639
-149.1513      64.86188
-149.1394      64.85468
 1             12            3 
1
 -9999.0   ,   9990.0
   7
 9 
-149.3312      64.89428
-149.3246      64.89654
-149.322       64.90027
-149.3247      64.90339
-149.344       64.90007
-149.3591      64.90304
-149.3648      64.90218
-149.3459      64.89498
-149.3312      64.89428
 1             12            4 
1
 -9999.0   ,   9990.0
   7
 7 
-149.8419      64.83232
-149.8394      64.83607
-149.843       64.84692
-149.8513      64.84527
-149.8546      64.83967
-149.8517      64.83566
-149.8419      64.83232
 1             12            5 
1
 -9999.0   ,   9990.0
   7
 7 
-147.7148      64.79003
-147.7113      64.79238
-147.7153      64.79458
-147.7235      64.79647
-147.7401      64.79708
-147.7292      64.78998
-147.7148      64.79003
 1             12            6 
1
 -9999.0   ,   9990.0
   7
 6 
-147.5647      64.76998
-147.536       64.77232
-147.5395      64.77476
-147.5694      64.77445
-147.5702      64.77194
-147.5647      64.76998
 1             12            7 
1
 -9999.0   ,   9990.0
   7
 5 
-147.5423      64.7649
-147.5194      64.766
-147.5153      64.76812
-147.5183      64.77103
-147.5423      64.7649
 1             12            8 
1
 -9999.0   ,   9990.0
   7
 5 
-147.4719      64.76151
-147.4822      64.76801
-147.4938      64.77169
-147.499       64.77068
-147.4719      64.76151
 1             12            9 
1
 -9999.0   ,   9990.0
   7
 7 
-147.3584      64.72882
-147.357       64.73091
-147.3694      64.73868
-147.3967      64.74461
-147.398       64.74163
-147.3772      64.7365
-147.3584      64.72882
 1             12            10 
1
 -9999.0   ,   9990.0
   7
 8 
-149.1533      64.72049
-149.1525      64.71908
-149.1466      64.71925
-149.1358      64.72847
-149.1334      64.73311
-149.1357      64.73441
-149.1404      64.73336
-149.1533      64.72049
 1             12            11 
1
 -9999.0   ,   9990.0
   7
 9 
-148.1709      64.71471
-148.1608      64.71928
-148.1642      64.72125
-148.1748      64.72034
-148.1876      64.72507
-148.1935      64.7254
-148.1973      64.72143
-148.1909      64.71724
-148.1709      64.71471
 1             12            12 
1
 -9999.0   ,   9990.0
   7
 8 
-147.3204      64.69798
-147.318       64.7012
-147.3249      64.71181
-147.336       64.71688
-147.3456      64.71718
-147.3496      64.71392
-147.3242      64.69838
-147.3204      64.69798
 1             12            13 
1
 -9999.0   ,   9990.0
   7
 8 
-148.2329      64.69485
-148.2186      64.6954
-148.2106      64.69923
-148.2053      64.70825
-148.209       64.71273
-148.2244      64.70371
-148.2402      64.69765
-148.2329      64.69485
 1             12            14 
1
 -9999.0   ,   9990.0
   7
 9 
-149.1337      64.6913
-149.1279      64.69193
-149.1241      64.69477
-149.1418      64.71208
-149.1468      64.71376
-149.1536      64.71265
-149.1596      64.70654
-149.1567      64.70205
-149.1337      64.6913
 1             12            15 
1
 -9999.0   ,   9990.0
   7
 11 
-148.249       64.67395
-148.2405      64.6746
-148.2379      64.67899
-148.2449      64.69252
-148.2494      64.69448
-148.2516      64.69898
-148.267       64.69453
-148.2707      64.68965
-148.268       64.68081
-148.2593      64.67553
-148.249       64.67395
 1             12            16 
1
 -9999.0   ,   9990.0
   7
 9 
-148.8706      64.57581
-148.8467      64.57943
-148.8235      64.58051
-148.8046      64.57896
-148.8033      64.58082
-148.8449      64.58518
-148.8691      64.58065
-148.8724      64.57781
-148.8706      64.57581
 1             12            17 
1
 -9999.0   ,   9990.0
   7
 7 
-148.9675      64.56721
-148.966       64.57136
-148.9721      64.57645
-148.9831      64.57591
-148.9818      64.57024
-148.9761      64.56789
-148.9675      64.56721
 1             12            18 
1
 -9999.0   ,   9990.0
   7
 8 
-147.0299      64.53437
-147.0273      64.5351
-147.0307      64.54508
-147.038       64.5493
-147.0432      64.54809
-147.0445      64.54556
-147.0331      64.53433
-147.0299      64.53437
 1             12            19 
1
 -9999.0   ,   9990.0
   7
 7 
-147.0109      64.4943
-147.0337      64.5154
-147.039       64.51555
-147.0392      64.51166
-147.0263      64.50137
-147.0173      64.49489
-147.0109      64.4943
 1             12            20 
1
 -9999.0   ,   9990.0
   7
 15 
-146.9535      64.39298
-146.9486      64.39008
-146.9433      64.38946
-146.9394      64.3795
-146.9132      64.36329
-146.9107      64.3589
-146.9028      64.35801
-146.9017      64.35998
-146.9087      64.36383
-146.9137      64.37212
-146.9207      64.37498
-146.9293      64.38647
-146.9342      64.39484
-146.9491      64.39646
-146.9535      64.39298
 1             12            21 
1
 -9999.0   ,   9990.0
   7
 8 
-146.7179      64.30192
-146.7125      64.30723
-146.7166      64.31447
-146.7259      64.31915
-146.739       64.31966
-146.7367      64.31559
-146.727       64.31184
-146.7179      64.30192
 1             12            22 
1
 -9999.0   ,   9990.0
   7
 7 
-146.4834      64.28536
-146.4719      64.28153
-146.4606      64.28063
-146.455       64.28067
-146.4506      64.28316
-146.4619      64.28503
-146.4834      64.28536
 1             12            23 
1
 -9999.0   ,   9990.0
   7
 6 
-146.4449      64.28063
-146.4384      64.27682
-146.4064      64.27578
-146.4054      64.27807
-146.4207      64.27996
-146.4449      64.28063
 1             12            24 
1
 -9999.0   ,   9990.0
   7
 6 
-145.4036      64.08121
-145.3968      64.07736
-145.3801      64.07581
-145.3775      64.0781
-145.3823      64.08218
-145.4036      64.08121
 1             12            25 
1
 -9999.0   ,   9990.0
   7
 7 
-145.4482      64.08076
-145.4347      64.07565
-145.4258      64.07613
-145.428       64.07909
-145.4443      64.08372
-145.4536      64.08424
-145.4482      64.08076
 1             12            26 
1
 -9999.0   ,   9990.0
   7
 7 
-145.7755      64.02233
-145.7726      64.01896
-145.7619      64.02455
-145.76        64.03298
-145.7632      64.03501
-145.7674      64.03408
-145.7755      64.02233
 1 
 1             13            
1
 -9999.0   ,   9990.0
   7
 11 
-149.0705      64.89744
-149.0727      64.89838
-149.0707      64.90066
-149.0672      64.90448
-149.0574      64.90681
-149.0528      64.91516
-149.0466      64.91693
-149.0418      64.91387
-149.0472      64.90321
-149.0635      64.89453
-149.0705      64.89744
 1 
 1             14            
1
 -9999.0   ,   9990.0
   7
 5 
-148.8698      64.90351
-148.8835      64.91251
-148.8725      64.91486
-148.8607      64.9113
-148.8698      64.90351
 1 
 1             15            
1
 -9999.0   ,   9990.0
   7
 11 
-141.2064      64.89001
-141.2186      64.89557
-141.2245      64.9028
-141.223       64.90596
-141.2187      64.90608
-141.2113      64.9011
-141.2123      64.89815
-141.2074      64.89482
-141.1989      64.89415
-141.1975      64.89228
-141.2064      64.89001
 1 
 1             16            
1
 -9999.0   ,   9990.0
   7
 8 
-149.0453      64.87106
-149.0518      64.87454
-149.0425      64.88393
-149.019       64.8983
-149.0143      64.89934
-149.0124      64.89779
-149.0201      64.88478
-149.0453      64.87106
 1 
 1             17            
1
 -9999.0   ,   9990.0
   7
 11 
-148.9196      64.87065
-148.9188      64.87935
-148.9149      64.8822
-148.8902      64.88926
-148.8744      64.89151
-148.8651      64.89017
-148.8679      64.88758
-148.8938      64.8814
-148.907       64.87579
-148.9117      64.87155
-148.9196      64.87065
 1 
 1             18            
1
 -9999.0   ,   9990.0
   7
 12 
-149.3142      64.86304
-149.3235      64.8639
-149.3553      64.8618
-149.3646      64.86586
-149.3626      64.86683
-149.3411      64.8668
-149.3255      64.86955
-149.3141      64.86875
-149.2981      64.86991
-149.2964      64.86905
-149.3033      64.86519
-149.3142      64.86304
 1 
 1             19            
1
 -9999.0   ,   9990.0
   7
 5 
-148.9713      64.85759
-148.9845      64.86636
-148.9832      64.86868
-148.9651      64.86986
-148.9713      64.85759
 1 
 1             20            
1
 -9999.0   ,   9990.0
   7
 10 
-149.191       64.8516
-149.1976      64.853
-149.2027      64.85125
-149.2103      64.85149
-149.2015      64.85723
-149.2078      64.85955
-149.2088      64.86204
-149.1957      64.86128
-149.189       64.85622
-149.191       64.8516
 1 
 1             21            
1
 -9999.0   ,   9990.0
   7
 8 
-149.9697      64.85472
-149.9535      64.8546
-149.9454      64.85121
-149.9432      64.8481
-149.9494      64.84147
-149.9578      64.84027
-149.9753      64.85019
-149.9697      64.85472
 1 
 1             22            
1
 -9999.0   ,   9990.0
   7
 8 
-149.0562      64.83444
-149.0586      64.83574
-149.0478      64.84564
-149.0437      64.84666
-149.0412      64.84491
-149.0442      64.84003
-149.0499      64.83484
-149.0562      64.83444
 1 
 1             23            
1
 -9999.0   ,   9990.0
   7
 10 
-149.0116      64.8133
-149.0156      64.81821
-149.0305      64.82785
-149.0371      64.82881
-149.0354      64.8316
-149.0241      64.831
-149.0116      64.82335
-149.006       64.81803
-149.008       64.81363
-149.0116      64.8133
 1 
 1             24            
1
 -9999.0   ,   9990.0
   7
 9 
-149.0278      64.81056
-149.036       64.81125
-149.0401      64.81685
-149.0499      64.81817
-149.0512      64.8227
-149.0444      64.82381
-149.0284      64.81786
-149.0241      64.81433
-149.0278      64.81056
 1 
 1             25            
1
 -9999.0   ,   9990.0
   7
 15 
-147.285       64.79943
-147.2788      64.79265
-147.2742      64.79221
-147.2772      64.80199
-147.275       64.80348
-147.2703      64.80257
-147.2627      64.79236
-147.2693      64.78835
-147.2831      64.78866
-147.2857      64.79304
-147.294       64.79636
-147.3014      64.80216
-147.2994      64.8071
-147.2937      64.80815
-147.285       64.79943
 1 
 1             26            
1
 -9999.0   ,   9990.0
   7
 10 
-149.3409      64.78204
-149.3467      64.78483
-149.3458      64.79217
-149.3359      64.79726
-149.3303      64.79881
-149.3122      64.79638
-149.3064      64.79381
-149.3087      64.79146
-149.3297      64.7826
-149.3409      64.78204
 1 
 1             27            
1
 -9999.0   ,   9990.0
   7
 9 
-150           64.73286
-150           64.74086
-149.9941      64.7359
-149.9932      64.73368
-149.992       64.73093
-149.9983      64.72752
-150           64.72755
-150           64.73203
-150           64.73286
 1 
 1             28            
1
 -9999.0   ,   9990.0
   7
 21 
-150           64.6977
-150           64.70116
-149.9947      64.70317
-149.9807      64.70455
-149.9658      64.70258
-149.96        64.70026
-149.975       64.69243
-149.9752      64.69004
-149.9753      64.68767
-149.9761      64.67547
-149.9891      64.67113
-149.9972      64.67153
-149.9987      64.67302
-150           64.67435
-150           64.68673
-149.9918      64.6795
-149.9869      64.67898
-149.9854      64.69092
-149.9817      64.69631
-149.9869      64.69865
-150           64.6977
 1 
 1             29            
1
 -9999.0   ,   9990.0
   7
 12 
-149.8679      64.65611
-149.8835      64.65991
-149.8885      64.66386
-149.8984      64.66535
-149.9043      64.67132
-149.9014      64.67553
-149.8896      64.678
-149.8775      64.67635
-149.8654      64.67128
-149.8594      64.66485
-149.8616      64.657
-149.8679      64.65611
 1 
 1             30            
1
 -9999.0   ,   9990.0
   7
 10 
-149.8368      64.65808
-149.8464      64.66095
-149.8455      64.66761
-149.8217      64.67161
-149.8167      64.67064
-149.8102      64.66743
-149.8115      64.66555
-149.8154      64.66359
-149.8263      64.66231
-149.8368      64.65808
 1 
 1             31            
1
 -9999.0   ,   9990.0
   7
 83 
-149.1037      64.55039
-149.0992      64.54705
-149.1019      64.544
-149.1181      64.53896
-149.1215      64.53384
-149.1276      64.53184
-149.123       64.53014
-149.1133      64.53202
-149.1102      64.5296
-149.1189      64.5209
-149.1105      64.51131
-149.1198      64.50626
-149.1257      64.50015
-149.1289      64.49001
-149.1339      64.48461
-149.1399      64.48261
-149.1484      64.47939
-149.1584      64.46905
-149.1605      64.46191
-149.1717      64.45587
-149.1767      64.43791
-149.1738      64.43297
-149.1598      64.4279
-149.1589      64.42541
-149.1714      64.41797
-149.1698      64.41414
-149.1674      64.40941
-149.1697      64.40322
-149.1675      64.39851
-149.1738      64.3954
-149.1908      64.38383
-149.1941      64.37163
-149.2048      64.36218
-149.2253      64.35563
-149.2347      64.33525
-149.2475      64.32962
-149.2511      64.31603
-149.2607      64.30707
-149.262       64.29607
-149.2595      64.28998
-149.2632      64.28191
-149.2649      64.27817
-149.2612      64.26161
-149.2736      64.25028
-149.2851      64.24673
-149.2869      64.26449
-149.275       64.27216
-149.2806      64.28066
-149.2729      64.28843
-149.2719      64.30148
-149.2752      64.31257
-149.2687      64.31459
-149.262       64.32485
-149.2582      64.33066
-149.2444      64.33999
-149.2412      64.34945
-149.2242      64.36503
-149.2125      64.37108
-149.2095      64.38168
-149.1928      64.38993
-149.186       64.39653
-149.1794      64.40815
-149.1847      64.42146
-149.1784      64.42873
-149.1872      64.43737
-149.1825      64.45076
-149.1838      64.45917
-149.1794      64.46455
-149.1644      64.47345
-149.1514      64.48478
-149.1505      64.48915
-149.1542      64.49225
-149.1453      64.49638
-149.1375      64.49775
-149.12        64.51425
-149.1262      64.51977
-149.1233      64.52534
-149.1257      64.5271
-149.1322      64.52759
-149.1367      64.53249
-149.1226      64.54408
-149.1095      64.54515
-149.1037      64.55039
 1 
 1             32            
1
 -9999.0   ,   9990.0
   7
 16 
-146.8274      64.41085
-146.84        64.41091
-146.8561      64.4148
-146.874       64.41457
-146.8837      64.41808
-146.8862      64.42261
-146.8846      64.43038
-146.8774      64.43937
-146.8686      64.44245
-146.8486      64.44226
-146.8367      64.43877
-146.8262      64.43936
-146.8229      64.43712
-146.8183      64.41713
-146.8222      64.41251
-146.8274      64.41085
 1 
 1             33            
1
 -9999.0   ,   9990.0
   7
 8 
-149.8936      64.4207
-149.9037      64.42401
-149.9078      64.4289
-149.9065      64.43351
-149.9024      64.43388
-149.8964      64.43021
-149.89        64.42151
-149.8936      64.4207
 1 
 1             34            
1
 -9999.0   ,   9990.0
   7
 7 
-147.4369      64.36948
-147.4429      64.37121
-147.4462      64.3789
-147.4445      64.38326
-147.4409      64.38355
-147.4337      64.37479
-147.4369      64.36948
 1 
 1             35            
1
 -9999.0   ,   9990.0
   7
 10 
-147.3856      64.34985
-147.3918      64.35361
-147.3885      64.358
-147.3809      64.3611
-147.3689      64.36221
-147.364       64.3607
-147.3616      64.35755
-147.365       64.3543
-147.3736      64.35028
-147.3856      64.34985
 1 
 1             36            
1
 -9999.0   ,   9990.0
   7
 10 
-150           64.35341
-150           64.35779
-149.9942      64.358
-149.9849      64.3613
-149.9794      64.36035
-149.9742      64.3523
-149.9697      64.35108
-149.9784      64.34941
-149.9871      64.35345
-150           64.35341
 1 
 1             37            
1
 -9999.0   ,   9990.0
   7
 12 
-146.6664      64.30961
-146.6767      64.31405
-146.6769      64.31769
-146.6635      64.32902
-146.6557      64.33048
-146.6462      64.32899
-146.6429      64.32675
-146.6443      64.32468
-146.6511      64.32415
-146.6546      64.32091
-146.651       64.31458
-146.6664      64.30961
 1 
 1             38            
1
 -9999.0   ,   9990.0
   7
 9 
-145.6595      64.2941
-145.6527      64.29573
-145.6411      64.29396
-145.6347      64.28966
-145.6357      64.28693
-145.6388      64.28554
-145.6556      64.28637
-145.6615      64.29068
-145.6595      64.2941
 1 
 1             39            
1
 -9999.0   ,   9990.0
   7
 13 
-145.8205      64.19778
-145.8252      64.19866
-145.8445      64.21176
-145.8457      64.21676
-145.8365      64.22388
-145.8267      64.22713
-145.8172      64.22696
-145.8045      64.22134
-145.7919      64.21936
-145.7881      64.2146
-145.7916      64.20956
-145.8041      64.2079
-145.8205      64.19778
 1 
 1             40            
1
 -9999.0   ,   9990.0
   7
 8 
-146.5817      64.19483
-146.5887      64.19795
-146.5982      64.19943
-146.5989      64.20147
-146.5889      64.20181
-146.5756      64.20538
-146.5728      64.20313
-146.5817      64.19483
 1 
 1             41            
1
 -9999.0   ,   9990.0
   7
 10 
-145.3752      64.15828
-145.3867      64.1603
-145.3904      64.16257
-145.3894      64.16621
-145.38        64.16806
-145.3773      64.16283
-145.3612      64.16447
-145.3591      64.16243
-145.3653      64.15899
-145.3752      64.15828
 1 
 1             42            
1
 -9999.0   ,   9990.0
   7
 10 
-145.1828      64.11383
-145.2084      64.12176
-145.211       64.12403
-145.2069      64.12814
-145.1964      64.12884
-145.1871      64.13386
-145.18        64.13475
-145.1635      64.11795
-145.1708      64.11339
-145.1828      64.11383
 1 
 1             43            
1
 -9999.0   ,   9990.0
   7
 17 
-145.5707      64.07811
-145.5775      64.07768
-145.5898      64.08075
-145.6092      64.08613
-145.6103      64.08818
-145.6015      64.0914
-145.59        64.09077
-145.5854      64.09261
-145.5781      64.08968
-145.5614      64.08975
-145.5572      64.08658
-145.5602      64.08338
-145.5649      64.08405
-145.5701      64.08289
-145.5842      64.08625
-145.5899      64.08439
-145.5707      64.07811
 1 
 1             44            
1
 -9999.0   ,   9990.0
   7
 45 
-144.787       64.01023
-144.7709      64.01203
-144.7626      64.00974
-144.7527      64.01086
-144.7485      64.0145
-144.7584      64.0218
-144.7412      64.02565
-144.735       64.02564
-144.7314      64.0213
-144.7413      64.00879
-144.7351      64
-144.7342      63.99863
-144.7199      63.99065
-144.7186      63.98509
-144.7257      63.97695
-144.7368      63.97196
-144.7293      63.96918
-144.7248      63.96752
-144.7276      63.96396
-144.733       63.95714
-144.726       63.95819
-144.7191      63.95681
-144.7232      63.95462
-144.7377      63.9482
-144.7446      63.94759
-144.7455      63.95473
-144.7513      63.95476
-144.7767      63.94401
-144.7815      63.94583
-144.7846      63.95032
-144.7925      63.95205
-144.7907      63.95563
-144.7737      63.9615
-144.7661      63.96688
-144.7717      63.97652
-144.7691      63.98075
-144.7527      63.98435
-144.7548      63.98628
-144.7655      63.98723
-144.7698      63.98902
-144.7774      64
-144.7777      64.00315
-144.787       64.00703
-144.787       64.0083
-144.787       64.01023
 1 
 1             45            
1
 -9999.0   ,   9990.0
   7
 5 
-144.8771      63.99888
-144.8755      64
-144.8626      64
-144.8714      63.99505
-144.8771      63.99888
 1 
 1             46            
1
 -9999.0   ,   9990.0
   7
 13 
-144.6784      63.94364
-144.6853      63.9474
-144.6978      63.94728
-144.7         63.94922
-144.6957      63.95612
-144.6897      63.95722
-144.6833      63.95143
-144.6731      63.95485
-144.6637      63.95488
-144.6579      63.95072
-144.6608      63.94742
-144.6673      63.94406
-144.6784      63.94364
 1 
 1             47            
1
 -9999.0   ,   9990.0
   7
 7 
-144.8054      63.91692
-144.8317      63.92452
-144.8328      63.92663
-144.8173      63.92822
-144.8021      63.92456
-144.7989      63.92029
-144.8054      63.91692
 1 
 1             48            
1
 -9999.0   ,   9990.0
   7
 7 
-145.8557      63.88038
-145.8589      63.88278
-145.8515      63.8969
-145.8398      63.90354
-145.8383      63.898
-145.851       63.88088
-145.8557      63.88038
 2 
 1             49            
1
 -9999.0   ,   9990.0
   7
 95 
-145.9298      63.88208
-145.9267      63.8807
-145.9263      63.87173
-145.9387      63.86181
-145.9614      63.85717
-145.9686      63.8547
-145.9777      63.84476
-145.9836      63.83858
-145.9991      63.82065
-146.0035      63.81258
-146.0048      63.80874
-146.0065      63.8024
-145.9979      63.79591
-145.9847      63.78902
-145.9786      63.77782
-145.9709      63.77227
-145.9678      63.76667
-145.9631      63.76443
-145.9659      63.76294
-145.9639      63.76012
-145.9529      63.75285
-145.9457      63.74458
-145.9323      63.73653
-145.924       63.72844
-145.9159      63.7007
-145.904       63.68219
-145.9047      63.67353
-145.9201      63.6469
-145.9192      63.62744
-145.8925      63.58983
-145.881       63.58018
-145.8779      63.57761
-145.8768      63.5515
-145.856       63.53149
-145.8553      63.52186
-145.8675      63.50128
-145.864       63.47942
-145.8579      63.47415
-145.8532      63.46391
-145.8385      63.45785
-145.8415      63.45545
-145.8352      63.45109
-145.8162      63.44349
-145.7998      63.43347
-145.8064      63.42847
-145.8229      63.44055
-145.8345      63.4442
-145.853       63.45682
-145.8663      63.47014
-145.8746      63.48599
-145.8764      63.48951
-145.8758      63.49099
-145.8714      63.50212
-145.8735      63.50724
-145.8643      63.52334
-145.8657      63.53209
-145.8857      63.55298
-145.8872      63.57202
-145.8928      63.58001
-145.8969      63.58291
-145.9055      63.59696
-145.9109      63.6038
-145.9148      63.61012
-145.9274      63.61974
-145.931       63.62765
-145.9275      63.64033
-145.9324      63.6444
-145.9354      63.64771
-145.9377      63.65169
-145.9327      63.65904
-145.9359      63.66374
-145.9269      63.67574
-145.9164      63.68198
-145.9197      63.68941
-145.924       63.69895
-145.9259      63.70268
-145.9258      63.70727
-145.9314      63.71981
-145.9339      63.72791
-145.9441      63.734
-145.9595      63.74281
-145.9683      63.75068
-145.9734      63.76185
-145.9891      63.77981
-146.005       63.79137
-146.0176      63.80121
-146.0135      63.80655
-146.0171      63.81446
-146.0089      63.82809
-145.9966      63.83837
-145.9874      63.85129
-145.9714      63.85869
-145.9446      63.86592
-145.9393      63.87463
-145.9298      63.88208
 1             49            2 
1
 -9999.0   ,   9990.0
   7
 5 
-145.9137      63.66905
-145.9146      63.67668
-145.9216      63.67258
-145.9219      63.66051
-145.9137      63.66905
 1 
 1             50            
1
 -9999.0   ,   9990.0
   7
 13 
-144.696       63.8689
-144.6698      63.86563
-144.6636      63.86328
-144.6633      63.85778
-144.6677      63.85683
-144.6751      63.85855
-144.679       63.85736
-144.6777      63.85409
-144.6808      63.85194
-144.6993      63.85715
-144.7041      63.86103
-144.7013      63.86617
-144.696       63.8689
 1 
 1             51            
1
 -9999.0   ,   9990.0
   7
 10 
-149.6612      63.84885
-149.6667      63.85234
-149.6611      63.85797
-149.6495      63.86215
-149.636       63.86243
-149.6336      63.86058
-149.6391      63.85586
-149.6479      63.85506
-149.6507      63.85191
-149.6612      63.84885
 1 
 1             52            
1
 -9999.0   ,   9990.0
   7
 8 
-149.047       63.83728
-149.0504      63.83916
-149.046       63.84228
-149.0454      63.84933
-149.0407      63.84971
-149.0364      63.84052
-149.0407      63.83785
-149.047       63.83728
 1 
 1             53            
1
 -9999.0   ,   9990.0
   7
 12 
-144.7188      63.80057
-144.7206      63.80408
-144.7177      63.80761
-144.7004      63.81071
-144.6905      63.81758
-144.6845      63.81891
-144.6671      63.81765
-144.6589      63.81521
-144.6771      63.81055
-144.686       63.81027
-144.7002      63.80726
-144.7188      63.80057
 1 
 1             54            
1
 -9999.0   ,   9990.0
   7
 35 
-144.6083      63.77942
-144.6334      63.79365
-144.6319      63.79563
-144.6236      63.79548
-144.6066      63.78667
-144.5838      63.79522
-144.5521      63.79579
-144.5391      63.79151
-144.5314      63.79115
-144.5078      63.80103
-144.4982      63.80195
-144.4779      63.8129
-144.471       63.81394
-144.4684      63.80969
-144.4703      63.8059
-144.4666      63.80411
-144.459       63.79895
-144.4597      63.79623
-144.4783      63.78589
-144.4748      63.78114
-144.4809      63.7773
-144.49        63.77591
-144.4966      63.77851
-144.5018      63.77853
-144.5151      63.77503
-144.5271      63.77881
-144.5314      63.77833
-144.5397      63.76978
-144.5475      63.77175
-144.5543      63.77139
-144.5589      63.76725
-144.5706      63.76368
-144.5836      63.76589
-144.5941      63.77395
-144.6083      63.77942
 1 
 1             55            
1
 -9999.0   ,   9990.0
   7
 8 
-143.8792      63.8011
-143.8694      63.7928
-143.8755      63.79151
-143.8999      63.79345
-143.9099      63.79672
-143.8897      63.8044
-143.8807      63.80324
-143.8792      63.8011
 1 
 1             56            
1
 -9999.0   ,   9990.0
   7
 10 
-144.2667      63.75138
-144.2707      63.7518
-144.2854      63.74679
-144.2898      63.74999
-144.2641      63.77188
-144.2549      63.77555
-144.2512      63.77376
-144.2541      63.76634
-144.257       63.7548
-144.2667      63.75138
 1 
 1             57            
1
 -9999.0   ,   9990.0
   7
 11 
-144.5278      63.74151
-144.5401      63.7485
-144.5543      63.74756
-144.5752      63.75084
-144.5695      63.75767
-144.5625      63.761
-144.5415      63.76002
-144.5241      63.75278
-144.5198      63.74686
-144.5228      63.7431
-144.5278      63.74151
 1 
 1             58            
1
 -9999.0   ,   9990.0
   7
 984 
-143.9159      63.65118
-143.9144      63.65478
-143.9035      63.651
-143.9008      63.64949
-143.8943      63.64479
-143.8748      63.64263
-143.8696      63.64053
-143.865       63.63845
-143.8603      63.63261
-143.8588      63.63079
-143.8547      63.6074
-143.8534      63.60413
-143.8586      63.60216
-143.8614      63.60111
-143.8718      63.60073
-143.8743      63.59934
-143.8766      63.59801
-143.8487      63.58278
-143.8484      63.58211
-143.8423      63.56967
-143.841       63.56702
-143.8308      63.56258
-143.8131      63.55959
-143.8078      63.55633
-143.7962      63.54179
-143.7972      63.53855
-143.8006      63.52682
-143.791       63.51851
-143.7902      63.51158
-143.7929      63.50396
-143.7967      63.49297
-143.8039      63.485
-143.8239      63.4755
-143.839       63.4646
-143.8389      63.46115
-143.8327      63.45761
-143.806       63.45162
-143.7934      63.44292
-143.7924      63.43323
-143.7985      63.41795
-143.7896      63.40899
-143.7904      63.39986
-143.784       63.39731
-143.7681      63.3911
-143.7426      63.38883
-143.7191      63.3905
-143.7106      63.39249
-143.6934      63.40478
-143.6783      63.40925
-143.6458      63.41232
-143.6286      63.41139
-143.6062      63.40903
-143.596       63.40481
-143.5887      63.41313
-143.5772      63.41205
-143.5687      63.40745
-143.5555      63.40325
-143.5531      63.40247
-143.5469      63.39503
-143.5406      63.39376
-143.5283      63.39767
-143.5198      63.39698
-143.5146      63.39348
-143.5077      63.37967
-143.5054      63.37955
-143.503       63.3839
-143.5064      63.38981
-143.5045      63.39292
-143.4995      63.39426
-143.4766      63.39392
-143.4606      63.39234
-143.454       63.39015
-143.4436      63.38543
-143.4369      63.37723
-143.4329      63.37805
-143.429       63.38256
-143.4029      63.38008
-143.3906      63.38261
-143.3933      63.38966
-143.3906      63.39374
-143.3807      63.39434
-143.3628      63.39219
-143.3534      63.39465
-143.3447      63.39463
-143.3413      63.40316
-143.3355      63.40743
-143.3239      63.41045
-143.3074      63.40723
-143.2844      63.40869
-143.2788      63.3978
-143.2716      63.39602
-143.2662      63.40628
-143.2616      63.40786
-143.2524      63.4078
-143.2355      63.40408
-143.2147      63.4052
-143.1979      63.39758
-143.1904      63.39876
-143.2006      63.40784
-143.1984      63.41208
-143.1924      63.41495
-143.1774      63.41731
-143.1695      63.41617
-143.1612      63.41172
-143.1584      63.41025
-143.1518      63.4101
-143.131       63.41626
-143.1042      63.41518
-143.0877      63.4225
-143.076       63.43836
-143.0622      63.44354
-143.0499      63.43616
-143.0427      63.4362
-143.0346      63.44125
-143.0256      63.44372
-143.0164      63.44364
-143.0092      63.44023
-143.0045      63.42635
-143           63.42629
-142.9904      63.43756
-142.9866      63.43775
-142.9712      63.43848
-142.9634      63.43342
-142.9735      63.42873
-142.9712      63.42629
-142.9508      63.42395
-142.9432      63.42006
-142.9417      63.41652
-142.9448      63.4128
-142.9564      63.41003
-142.9603      63.40727
-142.9618      63.40046
-142.9576      63.39884
-142.9407      63.40038
-142.9313      63.39936
-142.9185      63.39585
-142.9163      63.39273
-142.918       63.38708
-142.915       63.38484
-142.8822      63.38497
-142.8684      63.3814
-142.8538      63.37363
-142.846       63.36879
-142.8218      63.36552
-142.8038      63.36743
-142.7906      63.36526
-142.7731      63.35892
-142.7626      63.35806
-142.7568      63.36024
-142.7604      63.37035
-142.7545      63.37643
-142.7382      63.37614
-142.7069      63.38299
-142.6958      63.38254
-142.7022      63.36798
-142.6945      63.35257
-142.6961      63.33887
-142.6871      63.33304
-142.667       63.32492
-142.6532      63.32132
-142.6435      63.3129
-142.6526      63.30978
-142.6608      63.30963
-142.6992      63.3089
-142.7052      63.30654
-142.7046      63.30352
-142.6557      63.30123
-142.6493      63.29854
-142.6484      63.29504
-142.6549      63.29014
-142.648       63.27937
-142.6499      63.27443
-142.6632      63.26443
-142.6593      63.26189
-142.6503      63.26135
-142.606       63.26944
-142.5922      63.26951
-142.5861      63.26771
-142.5814      63.26631
-142.5782      63.26152
-142.5799      63.25933
-142.5936      63.25464
-142.6052      63.25329
-142.6255      63.25384
-142.6277      63.24984
-142.6082      63.23852
-142.5923      63.23686
-142.5861      63.23371
-142.5828      63.22615
-142.5703      63.22193
-142.484       63.21726
-142.4694      63.21089
-142.4638      63.2084
-142.4572      63.19971
-142.4339      63.19756
-142.4263      63.19409
-142.4166      63.18105
-142.3868      63.17665
-142.362       63.16633
-142.3524      63.16457
-142.3485      63.16548
-142.3454      63.17293
-142.3294      63.17755
-142.3265      63.18572
-142.3202      63.18946
-142.3132      63.18901
-142.3081      63.1857
-142.2986      63.18348
-142.2944      63.17782
-142.2932      63.17623
-142.2894      63.17691
-142.2781      63.18563
-142.2725      63.18711
-142.2664      63.18534
-142.261       63.17486
-142.2564      63.17341
-142.2275      63.17272
-142.214       63.16724
-142.2012      63.16573
-142.1899      63.16776
-142.1754      63.16682
-142.1556      63.16831
-142.1492      63.16744
-142.1339      63.15953
-142.1147      63.15898
-142.1103      63.15501
-142.116       63.14986
-142.1206      63.14047
-142.1235      63.1393
-142.1305      63.13652
-142.1285      63.13455
-142.1121      63.13187
-142.0949      63.12015
-142.0606      63.11307
-142.0331      63.09699
-142.0295      63.09076
-142.0244      63.09088
-142.0197      63.0961
-142.0134      63.09661
-142.0063      63.09499
-141.9939      63.08772
-141.9906      63.08359
-141.9957      63.07563
-141.9903      63.06882
-141.971       63.06494
-141.9698      63.0647
-141.962       63.05566
-141.9349      63.05155
-141.9333      63.0579
-141.9273      63.06095
-141.9175      63.06146
-141.8919      63.0556
-141.8822      63.05126
-141.8503      63.04313
-141.8313      63.02664
-141.8234      63.01321
-141.812       63.00483
-141.7941      63.00114
-141.792       63.00072
-141.7711      63.00275
-141.7621      63.00076
-141.738       62.98921
-141.7354      62.98326
-141.7311      62.9809
-141.7268      62.98153
-141.6905      62.96084
-141.6843      62.9505
-141.6724      62.9513
-141.646       62.93934
-141.6376      62.92631
-141.6249      62.92359
-141.6198      62.9212
-141.6139      62.91845
-141.6145      62.91365
-141.6269      62.90689
-141.6293      62.90267
-141.6283      62.892
-141.6367      62.88635
-141.6372      62.88339
-141.6476      62.87949
-141.6598      62.87157
-141.6748      62.86592
-141.674       62.86056
-141.6829      62.85817
-141.6868      62.85245
-141.6858      62.84454
-141.6702      62.84139
-141.6442      62.84374
-141.6344      62.83984
-141.6214      62.8394
-141.6176      62.83753
-141.6092      62.83349
-141.6122      62.82908
-141.6022      62.82884
-141.5978      62.82531
-141.5843      62.82368
-141.5782      62.82833
-141.5683      62.82925
-141.5564      62.82821
-141.5428      62.82701
-141.5357      62.82537
-141.5343      62.82347
-141.5326      62.82123
-141.5244      62.82038
-141.523       62.82023
-141.5223      62.81851
-141.5204      62.81392
-141.5117      62.80896
-141.5152      62.79996
-141.5068      62.7954
-141.5029      62.78818
-141.4912      62.78604
-141.4838      62.77397
-141.4771      62.76866
-141.4672      62.76475
-141.4664      62.76444
-141.4816      62.75674
-141.4752      62.75307
-141.479       62.74779
-141.4728      62.73767
-141.4777      62.73202
-141.4671      62.72481
-141.4582      62.72418
-141.4412      62.71952
-141.4372      62.71944
-141.4237      62.7192
-141.3932      62.71426
-141.3879      62.71203
-141.3847      62.70511
-141.3787      62.70354
-141.3643      62.70597
-141.3406      62.70174
-141.3281      62.69553
-141.3234      62.69517
-141.284       62.69213
-141.2701      62.6886
-141.2643      62.68517
-141.2638      62.67914
-141.2663      62.67705
-141.2688      62.67488
-141.2795      62.6715
-141.2842      62.66399
-141.2871      62.65935
-141.2955      62.65834
-141.3175      62.64676
-141.3226      62.64066
-141.3237      62.63451
-141.3025      62.61567
-141.3017      62.61192
-141.3104      62.60401
-141.3142      62.60119
-141.3285      62.59054
-141.3492      62.58256
-141.3573      62.57783
-141.3582      62.57574
-141.3586      62.57476
-141.3607      62.5693
-141.3766      62.55914
-141.3916      62.55629
-141.4149      62.54444
-141.4175      62.54314
-141.4233      62.54148
-141.4336      62.53851
-141.4474      62.53142
-141.4578      62.53031
-141.4873      62.53311
-141.4962      62.53189
-141.5148      62.52559
-141.5223      62.51966
-141.5212      62.51242
-141.5258      62.50744
-141.5448      62.50173
-141.5418      62.50603
-141.5281      62.51407
-141.5308      62.52118
-141.5319      62.52379
-141.5253      62.52864
-141.5018      62.53459
-141.4896      62.53672
-141.4626      62.53827
-141.441       62.54319
-141.423       62.55207
-141.4145      62.5548
-141.3894      62.56282
-141.3764      62.57684
-141.3698      62.58403
-141.3507      62.59444
-141.3376      62.59749
-141.3241      62.6006
-141.3169      62.60724
-141.3159      62.61294
-141.3259      62.61898
-141.3272      62.62253
-141.3359      62.62661
-141.3287      62.64641
-141.314       62.65482
-141.3044      62.66036
-141.296       62.66299
-141.2878      62.67371
-141.281       62.67599
-141.2782      62.68007
-141.2785      62.68481
-141.2847      62.68711
-141.2945      62.68714
-141.3083      62.68719
-141.3151      62.68916
-141.3188      62.69025
-141.3313      62.69046
-141.3528      62.69845
-141.3668      62.70014
-141.38        62.69809
-141.3821      62.69871
-141.3965      62.70296
-141.3984      62.70592
-141.4008      62.70949
-141.4212      62.71163
-141.4308      62.71601
-141.4438      62.71624
-141.4527      62.71664
-141.4601      62.72016
-141.4652      62.72005
-141.4721      62.71731
-141.4788      62.72148
-141.4793      62.7259
-141.4941      62.73432
-141.4845      62.73734
-141.4895      62.74507
-141.4867      62.7518
-141.4893      62.75775
-141.4848      62.76505
-141.495       62.77523
-141.4975      62.78139
-141.5049      62.77891
-141.5096      62.77994
-141.5122      62.78404
-141.5198      62.78794
-141.5178      62.7962
-141.5265      62.79866
-141.5295      62.80186
-141.5226      62.80641
-141.5189      62.80886
-141.532       62.81387
-141.5354      62.81517
-141.5385      62.81864
-141.5465      62.82035
-141.5475      62.82123
-141.552       62.82512
-141.5658      62.8255
-141.5685      62.82558
-141.5759      62.81826
-141.5813      62.81725
-141.5881      62.81818
-141.5928      62.82081
-141.613       62.82382
-141.6215      62.82696
-141.6253      62.82907
-141.6247      62.83549
-141.6538      62.83911
-141.6754      62.83644
-141.6777      62.83868
-141.6927      62.84063
-141.6972      62.84693
-141.6941      62.85779
-141.6832      62.86788
-141.6655      62.87404
-141.6402      62.8912
-141.6408      62.89839
-141.6339      62.9067
-141.6265      62.91563
-141.6283      62.91921
-141.6435      62.92072
-141.6564      62.92622
-141.6535      62.9304
-141.6561      62.93634
-141.6625      62.9414
-141.6684      62.94342
-141.6825      62.94369
-141.6898      62.94765
-141.6983      62.95883
-141.7093      62.96397
-141.7129      62.96836
-141.7295      62.97503
-141.7346      62.97953
-141.7457      62.98259
-141.7481      62.98759
-141.7564      62.99023
-141.7638      62.99535
-141.7733      62.99824
-141.7745      62.9986
-141.7904      62.99623
-141.8064      63.00007
-141.8159      62.99749
-141.831       63.00888
-141.8336      63.01781
-141.8402      63.02342
-141.8479      63.03007
-141.8522      63.03704
-141.8616      63.04112
-141.8773      63.04287
-141.8848      63.0353
-141.8908      63.03321
-141.9048      63.02835
-141.918       63.02048
-141.9328      63.00429
-141.9423      62.99398
-141.9598      62.98685
-141.9643      62.9807
-141.9674      62.95994
-141.9789      62.95541
-141.9765      62.95041
-141.9809      62.9477
-141.9927      62.94733
-142.0025      62.94361
-142.0108      62.94278
-142.0172      62.9356
-142.0424      62.9262
-142.0566      62.91793
-142.0708      62.91311
-142.0759      62.90924
-142.0781      62.9076
-142.1038      62.90468
-142.1117      62.9022
-142.1193      62.89717
-142.1218      62.88444
-142.1331      62.88057
-142.1438      62.87045
-142.1404      62.8571
-142.1578      62.83866
-142.1496      62.81669
-142.155       62.81221
-142.1684      62.80907
-142.1735      62.80789
-142.174       62.79986
-142.1718      62.79289
-142.168       62.78035
-142.1777      62.77177
-142.1733      62.76319
-142.1553      62.74681
-142.1544      62.74007
-142.1748      62.71975
-142.1738      62.7114
-142.1655      62.70601
-142.1461      62.70381
-142.1276      62.69729
-142.1257      62.68542
-142.1376      62.68114
-142.1634      62.68191
-142.1879      62.67892
-142.1962      62.67485
-142.205       62.65285
-142.2009      62.62886
-142.2045      62.6238
-142.2216      62.61547
-142.2257      62.60698
-142.2342      62.60546
-142.2525      62.59526
-142.2571      62.59268
-142.2627      62.58567
-142.2746      62.58116
-142.284       62.57969
-142.3064      62.57516
-142.3254      62.57363
-142.3461      62.57429
-142.3693      62.57693
-142.3964      62.57661
-142.4139      62.57313
-142.4329      62.56813
-142.4425      62.56276
-142.4497      62.55539
-142.4489      62.55142
-142.4591      62.54586
-142.4735      62.53434
-142.4883      62.53299
-142.4987      62.52997
-142.5217      62.53327
-142.5433      62.52589
-142.5709      62.52189
-142.5782      62.51729
-142.5899      62.5049
-142.6068      62.49307
-142.6064      62.48936
-142.6054      62.48263
-142.6284      62.4652
-142.6353      62.46218
-142.6465      62.46104
-142.6602      62.45684
-142.6723      62.44954
-142.6907      62.44263
-142.6963      62.43539
-142.7049      62.42787
-142.7144      62.42593
-142.7711      62.42049
-142.7764      62.42288
-142.7901      62.4235
-142.7996      62.42179
-142.8158      62.41358
-142.8186      62.4195
-142.8254      62.41993
-142.8355      62.41595
-142.8588      62.39851
-142.8644      62.39794
-142.8642      62.40391
-142.8591      62.4098
-142.8517      62.41142
-142.8365      62.41923
-142.8263      62.42367
-142.8166      62.42468
-142.8086      62.42832
-142.7978      62.4295
-142.782       62.42737
-142.773       62.42589
-142.7553      62.43055
-142.7404      62.43561
-142.7108      62.43837
-142.6954      62.44684
-142.6947      62.44933
-142.6899      62.45203
-142.6522      62.46554
-142.6453      62.46534
-142.6381      62.46788
-142.6319      62.482
-142.6198      62.49113
-142.6202      62.49668
-142.5969      62.51639
-142.5977      62.52059
-142.5922      62.52392
-142.5841      62.52433
-142.5754      62.52678
-142.5584      62.52708
-142.5426      62.52999
-142.5129      62.54077
-142.4973      62.54139
-142.4804      62.54791
-142.4682      62.54874
-142.4623      62.55182
-142.4517      62.56887
-142.4461      62.57243
-142.4342      62.57696
-142.4228      62.57669
-142.3996      62.57934
-142.3831      62.57921
-142.3647      62.58239
-142.3512      62.58405
-142.3426      62.58119
-142.3232      62.57925
-142.3095      62.58319
-142.2906      62.58427
-142.285       62.58644
-142.2749      62.58993
-142.2705      62.59471
-142.2718      62.6017
-142.239       62.61407
-142.2326      62.61849
-142.2289      62.62101
-142.2301      62.62524
-142.2273      62.62782
-142.2138      62.63431
-142.2174      62.64192
-142.2125      62.64966
-142.2195      62.6545
-142.2208      62.6585
-142.1997      62.6813
-142.1904      62.68442
-142.1818      62.68727
-142.1388      62.68697
-142.1369      62.69307
-142.141       62.69749
-142.1702      62.70194
-142.1829      62.70969
-142.1845      62.71601
-142.1796      62.72513
-142.1688      62.73249
-142.1632      62.74549
-142.1747      62.75061
-142.1839      62.76297
-142.1851      62.77064
-142.1857      62.77344
-142.1778      62.77961
-142.1835      62.78712
-142.1832      62.79932
-142.1798      62.80693
-142.1656      62.81383
-142.1604      62.82385
-142.1661      62.8362
-142.164       62.84136
-142.1551      62.84746
-142.1519      62.85278
-142.1503      62.87571
-142.1308      62.89102
-142.13        62.89227
-142.1218      62.90518
-142.112       62.90913
-142.0864      62.91183
-142.063       62.9202
-142.0412      62.93165
-142.0252      62.93751
-142.0143      62.94623
-142.0042      62.94763
-141.9916      62.95233
-141.9885      62.95558
-141.9924      62.96713
-141.9884      62.97171
-141.9768      62.97807
-141.9731      62.98298
-141.9679      62.98992
-141.9478      62.99734
-141.9182      63.03086
-141.9014      63.03573
-141.9004      63.03642
-141.8904      63.04306
-141.8887      63.04686
-141.8918      63.0496
-141.909       63.05467
-141.9212      63.05617
-141.9273      63.0469
-141.9341      63.04597
-141.941       63.04689
-141.9502      63.0512
-141.9679      63.05167
-141.973       63.05455
-141.9755      63.06093
-142.0038      63.06787
-142.0045      63.08473
-142.0088      63.09032
-142.0169      63.09039
-142.0229      63.08595
-142.0286      63.08563
-142.0349      63.08812
-142.0434      63.09674
-142.0623      63.10927
-142.0714      63.1124
-142.0993      63.11606
-142.1107      63.12026
-142.1139      63.12599
-142.1201      63.12893
-142.1337      63.13097
-142.139       63.13523
-142.1375      63.13674
-142.1254      63.14286
-142.1207      63.15592
-142.1329      63.15303
-142.1412      63.15425
-142.1511      63.16295
-142.1605      63.16402
-142.181       63.16351
-142.1896      63.16038
-142.2055      63.16003
-142.2252      63.16727
-142.2642      63.16954
-142.2686      63.1719
-142.2718      63.17837
-142.2723      63.1795
-142.2786      63.17899
-142.2863      63.17073
-142.2926      63.17032
-142.3056      63.17909
-142.3168      63.18132
-142.3216      63.18423
-142.3239      63.18342
-142.3245      63.1741
-142.3294      63.17171
-142.3366      63.17176
-142.3424      63.17
-142.337       63.16636
-142.3377      63.16272
-142.345       63.16042
-142.3581      63.16079
-142.3763      63.16448
-142.3963      63.17241
-142.4087      63.17342
-142.433       63.17058
-142.4478      63.15908
-142.4508      63.16572
-142.4471      63.16962
-142.4372      63.1736
-142.4206      63.17624
-142.4325      63.19057
-142.4407      63.19362
-142.4603      63.19645
-142.4809      63.21063
-142.4908      63.21331
-142.5658      63.21698
-142.5788      63.21761
-142.5949      63.22505
-142.5991      63.23291
-142.629       63.23704
-142.6328      63.23957
-142.6402      63.25083
-142.6343      63.2553
-142.6244      63.25746
-142.6092      63.25721
-142.6025      63.2591
-142.5942      63.25928
-142.5873      63.26185
-142.5892      63.26404
-142.6146      63.26444
-142.6472      63.25632
-142.6659      63.25884
-142.6707      63.26144
-142.671       63.26241
-142.6724      63.26614
-142.6596      63.27617
-142.6672      63.28836
-142.6666      63.29201
-142.6606      63.2967
-142.6615      63.29883
-142.6823      63.2994
-142.7032      63.2963
-142.7081      63.29682
-142.7149      63.30571
-142.7087      63.30967
-142.6721      63.31264
-142.6623      63.31639
-142.6664      63.31869
-142.6779      63.32098
-142.6894      63.32881
-142.701       63.33112
-142.7073      63.33403
-142.7091      63.33483
-142.7137      63.34339
-142.7118      63.37707
-142.7534      63.36993
-142.7493      63.35956
-142.7587      63.35392
-142.7737      63.35505
-142.8043      63.36079
-142.8183      63.36025
-142.8311      63.36354
-142.8436      63.36291
-142.8513      63.36451
-142.8601      63.36619
-142.8762      63.37749
-142.8821      63.38014
-142.8948      63.38204
-142.9265      63.38069
-142.9318      63.38376
-142.9289      63.38841
-142.9306      63.39311
-142.9602      63.39508
-142.9697      63.39771
-142.9751      63.404
-142.9724      63.40959
-142.9565      63.4167
-142.9599      63.42103
-142.9813      63.42321
-142.9856      63.42782
-142.9803      63.43188
-142.9814      63.43516
-142.9867      63.43455
-142.993       63.43007
-142.9956      63.42166
-143.0017      63.42013
-143.0062      63.419
-143.0115      63.42175
-143.0146      63.43228
-143.0257      63.4382
-143.035       63.43277
-143.0469      63.43254
-143.0608      63.43749
-143.0662      63.43665
-143.0741      63.43228
-143.0789      63.42268
-143.0843      63.41817
-143.0962      63.41265
-143.1059      63.41091
-143.1325      63.41107
-143.1515      63.40572
-143.1615      63.40652
-143.1723      63.41196
-143.1842      63.41311
-143.1907      63.41026
-143.1905      63.40823
-143.1903      63.40633
-143.1847      63.40417
-143.1813      63.39985
-143.184       63.39587
-143.1962      63.39266
-143.2107      63.39394
-143.2207      63.40026
-143.2387      63.3999
-143.2581      63.40215
-143.2619      63.39409
-143.2674      63.39279
-143.2765      63.39308
-143.2874      63.39623
-143.2884      63.40018
-143.2928      63.40273
-143.3124      63.40407
-143.3223      63.40715
-143.3294      63.4057
-143.3314      63.40375
-143.3329      63.39855
-143.3273      63.39457
-143.3502      63.38965
-143.3531      63.38565
-143.3577      63.37927
-143.3674      63.37936
-143.3744      63.38939
-143.38        63.38925
-143.3846      63.38744
-143.3796      63.38164
-143.3823      63.37927
-143.3895      63.37738
-143.4244      63.37842
-143.4278      63.37646
-143.4263      63.37339
-143.4302      63.37221
-143.4398      63.3745
-143.4506      63.38031
-143.4547      63.38789
-143.4794      63.39109
-143.4971      63.38922
-143.4932      63.37807
-143.5005      63.37572
-143.5082      63.37545
-143.5142      63.37791
-143.5147      63.3781
-143.5231      63.39234
-143.529       63.39335
-143.5405      63.39054
-143.5539      63.39196
-143.5599      63.39641
-143.5631      63.39958
-143.5742      63.40224
-143.5811      63.40904
-143.5866      63.40545
-143.5884      63.39911
-143.5941      63.39874
-143.6112      63.40563
-143.627       63.40786
-143.6518      63.40875
-143.6731      63.40599
-143.6866      63.40143
-143.7113      63.38841
-143.7348      63.38565
-143.747       63.38607
-143.7666      63.38735
-143.7812      63.38996
-143.7979      63.39658
-143.8066      63.42205
-143.801       63.43346
-143.805       63.44399
-143.8117      63.44756
-143.84        63.45317
-143.8454      63.45598
-143.8489      63.46419
-143.8398      63.47358
-143.809       63.48734
-143.8073      63.48967
-143.8065      63.49065
-143.8017      63.4926
-143.8006      63.49561
-143.8017      63.50091
-143.7999      63.50458
-143.7952      63.5144
-143.8031      63.52135
-143.806       63.52389
-143.8071      63.52945
-143.8026      63.54394
-143.8108      63.55276
-143.8184      63.55711
-143.845       63.56149
-143.8507      63.56523
-143.8521      63.57139
-143.8538      63.57892
-143.8792      63.59246
-143.8809      63.59341
-143.8845      63.59749
-143.8835      63.60134
-143.8765      63.60442
-143.8697      63.60498
-143.8639      63.60537
-143.8613      63.6069
-143.8598      63.6078
-143.8615      63.61228
-143.8633      63.61727
-143.8642      63.62396
-143.8662      63.63003
-143.8675      63.6329
-143.8728      63.63619
-143.8916      63.64121
-143.9053      63.64238
-143.9157      63.6459
-143.9159      63.65118
 1 
 1             59            
1
 -9999.0   ,   9990.0
   7
 7 
-142.6849      63.6456
-142.6967      63.64263
-142.704       63.6426
-142.7064      63.64482
-142.7053      63.65026
-142.6967      63.65297
-142.6849      63.6456
 1 
 1             60            
1
 -9999.0   ,   9990.0
   7
 8 
-143.4388      63.63219
-143.4463      63.63306
-143.4521      63.63614
-143.4504      63.63857
-143.4406      63.64055
-143.4324      63.64033
-143.4354      63.63315
-143.4388      63.63219
 1 
 1             61            
1
 -9999.0   ,   9990.0
   7
 6 
-144.3003      63.55318
-144.3062      63.55644
-144.306       63.56354
-144.2922      63.56332
-144.2923      63.55667
-144.3003      63.55318
 1 
 1             62            
1
 -9999.0   ,   9990.0
   7
 8 
-146.8886      63.5298
-146.8913      63.53172
-146.8894      63.53417
-146.8804      63.5364
-146.8598      63.53711
-146.8619      63.5333
-146.8767      63.53012
-146.8886      63.5298
 1 
 1             63            
1
 -9999.0   ,   9990.0
   7
 28 
-143.4437      63.47452
-143.4454      63.4776
-143.4524      63.47822
-143.461       63.47502
-143.4644      63.47566
-143.4645      63.48118
-143.4596      63.48389
-143.4454      63.4815
-143.4391      63.48368
-143.4326      63.4886
-143.4376      63.49852
-143.426       63.50706
-143.42        63.50627
-143.4112      63.50119
-143.4022      63.50001
-143.3925      63.49625
-143.389       63.49216
-143.3957      63.48633
-143.3917      63.48221
-143.3947      63.47893
-143.3919      63.47441
-143.3959      63.47073
-143.4112      63.46561
-143.4222      63.46691
-143.4314      63.47063
-143.4335      63.47091
-143.4428      63.47218
-143.4437      63.47452
 1 
 1             64            
1
 -9999.0   ,   9990.0
   7
 17 
-143.3186      63.45355
-143.3241      63.45387
-143.331       63.45862
-143.3229      63.46184
-143.3097      63.46316
-143.3007      63.4661
-143.2937      63.4726
-143.2979      63.48133
-143.2952      63.48371
-143.2865      63.48551
-143.2754      63.48098
-143.2577      63.47838
-143.2524      63.47509
-143.2698      63.46459
-143.2798      63.46355
-143.2958      63.46146
-143.3186      63.45355
 1 
 1             65            
1
 -9999.0   ,   9990.0
   7
 17 
-143.135       63.46175
-143.1433      63.45785
-143.1484      63.44551
-143.156       63.44227
-143.1614      63.44282
-143.1702      63.44975
-143.1941      63.45088
-143.2004      63.454
-143.1881      63.45927
-143.1768      63.45931
-143.169       63.46139
-143.1791      63.47116
-143.1775      63.47681
-143.1722      63.4772
-143.163       63.47162
-143.1411      63.46554
-143.135       63.46175
 1 
 1             66            
1
 -9999.0   ,   9990.0
   7
 9 
-147.1649      63.45443
-147.1626      63.45646
-147.1542      63.45803
-147.1469      63.46261
-147.1366      63.46276
-147.1345      63.45996
-147.1379      63.45755
-147.1605      63.45365
-147.1649      63.45443
 1 
 1             67            
1
 -9999.0   ,   9990.0
   7
 10 
-143.4651      63.44333
-143.462       63.43972
-143.4672      63.43748
-143.4817      63.43713
-143.4994      63.43052
-143.508       63.43077
-143.511       63.43484
-143.5086      63.43792
-143.496       63.4409
-143.4651      63.44333
 1 
 1             68            
1
 -9999.0   ,   9990.0
   7
 9 
-143.5505      63.37455
-143.5616      63.37699
-143.5599      63.37943
-143.5492      63.37908
-143.542       63.38098
-143.5383      63.37985
-143.5358      63.37765
-143.5382      63.37618
-143.5505      63.37455
 1 
 1             69            
1
 -9999.0   ,   9990.0
   7
 9 
-142.5829      63.35405
-142.5895      63.35583
-142.5891      63.36064
-142.5821      63.36365
-142.5761      63.36122
-142.5674      63.36115
-142.5665      63.35902
-142.5721      63.35591
-142.5829      63.35405
 1 
 1             70            
1
 -9999.0   ,   9990.0
   7
 8 
-146.984       63.33658
-146.9905      63.33404
-146.9975      63.33449
-147.0107      63.3381
-147.0215      63.34414
-147.0181      63.34632
-147.0084      63.34671
-146.984       63.33658
 1 
 1             71            
1
 -9999.0   ,   9990.0
   7
 8 
-149.0688      63.32992
-149.0702      63.33177
-149.0607      63.33571
-149.0425      63.34088
-149.0396      63.33923
-149.0439      63.33657
-149.0627      63.33005
-149.0688      63.32992
 1 
 1             72            
1
 -9999.0   ,   9990.0
   7
 9 
-146.936       63.32159
-146.9442      63.32117
-146.951       63.32321
-146.9554      63.32746
-146.9679      63.33197
-146.9676      63.33401
-146.9609      63.33449
-146.9551      63.33293
-146.936       63.32159
 1 
 1             73            
1
 -9999.0   ,   9990.0
   7
 8 
-149.1168      63.32024
-149.1208      63.32145
-149.1196      63.32348
-149.0952      63.3306
-149.0886      63.33026
-149.0929      63.32714
-149.1102      63.32104
-149.1168      63.32024
 1 
 1             74            
1
 -9999.0   ,   9990.0
   7
 19 
-147.2689      63.32897
-147.2593      63.32846
-147.2718      63.32586
-147.2872      63.32493
-147.3075      63.31822
-147.3487      63.29977
-147.3558      63.28924
-147.3807      63.27807
-147.3864      63.28052
-147.3844      63.28389
-147.3726      63.2888
-147.3708      63.29447
-147.3602      63.30101
-147.3389      63.31158
-147.3247      63.31506
-147.3086      63.32442
-147.2882      63.32884
-147.2824      63.32982
-147.2689      63.32897
 1 
 1             75            
1
 -9999.0   ,   9990.0
   7
 6 
-147.0798      63.31829
-147.0867      63.31965
-147.0769      63.3278
-147.0694      63.32688
-147.0663      63.32382
-147.0798      63.31829
 1 
 1             76            
1
 -9999.0   ,   9990.0
   7
 8 
-147.3476      63.32554
-147.3557      63.31892
-147.3641      63.31322
-147.3863      63.30655
-147.3941      63.30563
-147.3978      63.30802
-147.3955      63.31047
-147.3476      63.32554
 1 
 1             77            
1
 -9999.0   ,   9990.0
   7
 5 
-146.9309      63.32144
-146.8957      63.32238
-146.8921      63.31929
-146.9198      63.31789
-146.9309      63.32144
 1 
 1             78            
1
 -9999.0   ,   9990.0
   7
 8 
-149.1956      63.29302
-149.2011      63.29449
-149.1839      63.30036
-149.1711      63.30768
-149.139       63.3165
-149.1361      63.3144
-149.153       63.30648
-149.1956      63.29302
 1 
 1             79            
1
 -9999.0   ,   9990.0
   7
 6 
-147.6831      63.30533
-147.6869      63.30681
-147.6801      63.31279
-147.6645      63.31169
-147.6642      63.30598
-147.6831      63.30533
 1 
 1             80            
1
 -9999.0   ,   9990.0
   7
 6 
-147.0493      63.3016
-147.0374      63.30283
-147.0234      63.30171
-147.0201      63.29978
-147.043       63.29957
-147.0493      63.3016
 1 
 1             81            
1
 -9999.0   ,   9990.0
   7
 6 
-147.4336      63.30207
-147.4345      63.29732
-147.4363      63.29453
-147.4423      63.29564
-147.4423      63.2974
-147.4336      63.30207
 1 
 1             82            
1
 -9999.0   ,   9990.0
   7
 9 
-142.6446      63.28215
-142.6335      63.28493
-142.6205      63.2839
-142.6126      63.27973
-142.6115      63.27667
-142.6166      63.27653
-142.6293      63.2803
-142.6383      63.27924
-142.6446      63.28215
 1 
 1             83            
1
 -9999.0   ,   9990.0
   7
 8 
-142.5286      63.25339
-142.5397      63.25546
-142.5446      63.25945
-142.5442      63.26242
-142.537       63.26427
-142.5267      63.26133
-142.5238      63.25747
-142.5286      63.25339
 1 
 1             84            
1
 -9999.0   ,   9990.0
   7
 6 
-148.823       63.24799
-148.8346      63.25414
-148.8337      63.25868
-148.8228      63.25574
-148.8192      63.25089
-148.823       63.24799
 1 
 1             85            
1
 -9999.0   ,   9990.0
   7
 9 
-148.8128      63.24324
-148.8082      63.24406
-148.7894      63.23915
-148.7851      63.23655
-148.796       63.22855
-148.8006      63.23343
-148.8066      63.23399
-148.815       63.24168
-148.8128      63.24324
 1 
 1             86            
1
 -9999.0   ,   9990.0
   7
 12 
-146.0109      63.21493
-146.0162      63.21605
-146.0176      63.23074
-146.0306      63.23695
-146.0112      63.24034
-146.0015      63.23494
-145.9898      63.2354
-145.9759      63.23121
-145.9962      63.22832
-146.0082      63.22124
-146.0064      63.21728
-146.0109      63.21493
 1 
 1             87            
1
 -9999.0   ,   9990.0
   7
 7 
-147.4574      63.23274
-147.4589      63.22959
-147.4687      63.22438
-147.4798      63.22127
-147.48        63.22698
-147.4729      63.2309
-147.4574      63.23274
 1 
 1             88            
1
 -9999.0   ,   9990.0
   7
 19 
-142.2599      63.2061
-142.2654      63.20801
-142.2705      63.20977
-142.2668      63.21345
-142.2865      63.21724
-142.3004      63.21858
-142.306       63.21043
-142.3142      63.21209
-142.3164      63.22305
-142.3272      63.22259
-142.3459      63.22653
-142.3334      63.23242
-142.3237      63.23226
-142.3148      63.22963
-142.2865      63.22553
-142.2701      63.22563
-142.2495      63.21972
-142.2469      63.21678
-142.2599      63.2061
 1 
 1             89            
1
 -9999.0   ,   9990.0
   7
 7 
-142.4075      63.22052
-142.4263      63.22584
-142.4232      63.22911
-142.416       63.22934
-142.4048      63.22588
-142.3992      63.22092
-142.4075      63.22052
 1 
 1             90            
1
 -9999.0   ,   9990.0
   7
 9 
-148.527       63.21592
-148.5313      63.21874
-148.5266      63.22002
-148.5032      63.22158
-148.4826      63.22047
-148.4722      63.21797
-148.4739      63.21618
-148.5016      63.21744
-148.527       63.21592
 1 
 1             91            
1
 -9999.0   ,   9990.0
   7
 10 
-145.7321      63.21895
-145.7317      63.21619
-145.7442      63.20387
-145.7582      63.19711
-145.7615      63.20113
-145.7496      63.205
-145.7498      63.2089
-145.7432      63.21184
-145.7382      63.21897
-145.7321      63.21895
 1 
 1             92            
1
 -9999.0   ,   9990.0
   7
 9 
-142.2844      63.19316
-142.2911      63.19429
-142.292       63.19986
-142.3029      63.20562
-142.2931      63.20915
-142.2869      63.20805
-142.2744      63.19574
-142.2777      63.1932
-142.2844      63.19316
 1 
 1             93            
1
 -9999.0   ,   9990.0
   7
 9 
-142.3666      63.19286
-142.362       63.19602
-142.3646      63.19918
-142.3614      63.20128
-142.3511      63.20155
-142.3469      63.19875
-142.3519      63.19584
-142.3646      63.1919
-142.3666      63.19286
 1 
 1             94            
1
 -9999.0   ,   9990.0
   7
 10 
-147.8874      63.17134
-147.8872      63.18138
-147.8682      63.19186
-147.8645      63.19702
-147.8587      63.1987
-147.8457      63.19769
-147.8399      63.19526
-147.8394      63.19136
-147.8439      63.18805
-147.8874      63.17134
 1 
 1             95            
1
 -9999.0   ,   9990.0
   7
 10 
-140.2109      63.19549
-140.2038      63.19253
-140.2076      63.19158
-140.2124      63.1864
-140.2114      63.18243
-140.2419      63.18159
-140.2606      63.18529
-140.2332      63.18589
-140.2283      63.18646
-140.2109      63.19549
 1 
 1             96            
1
 -9999.0   ,   9990.0
   7
 12 
-140.0383      63.19352
-140.0419      63.19261
-140.0489      63.19096
-140.0598      63.1896
-140.0713      63.1899
-140.0801      63.18983
-140.0835      63.19414
-140.0767      63.19436
-140.068       63.19499
-140.0549      63.19537
-140.0453      63.19494
-140.0383      63.19352
 1 
 1             97            
1
 -9999.0   ,   9990.0
   7
 17 
-146.3563      63.18764
-146.3359      63.19125
-146.3183      63.19084
-146.2935      63.18744
-146.2246      63.18516
-146.2073      63.18247
-146.1883      63.18383
-146.1868      63.18126
-146.1942      63.17947
-146.2099      63.17936
-146.2481      63.18122
-146.2693      63.17536
-146.2803      63.17763
-146.2908      63.17979
-146.3167      63.1821
-146.3458      63.18108
-146.3563      63.18764
 1 
 1             98            
1
 -9999.0   ,   9990.0
   7
 20 
-145.6666      63.16781
-145.6822      63.16867
-145.6908      63.16581
-145.6982      63.15947
-145.7009      63.1534
-145.7053      63.15403
-145.71        63.15857
-145.7363      63.15092
-145.7397      63.15427
-145.7365      63.16261
-145.7291      63.1646
-145.7209      63.16472
-145.6934      63.17621
-145.6745      63.17682
-145.6619      63.18157
-145.6541      63.19041
-145.6408      63.18598
-145.6394      63.18272
-145.6495      63.17512
-145.6666      63.16781
 1 
 1             99            
1
 -9999.0   ,   9990.0
   7
 7 
-142.472       63.16313
-142.4774      63.16369
-142.4775      63.16692
-142.4707      63.17386
-142.4644      63.17462
-142.4617      63.16847
-142.472       63.16313
 1 
 1             100           
1
 -9999.0   ,   9990.0
   7
 37 
-145.5519      63.16404
-145.5399      63.15577
-145.5421      63.14968
-145.5381      63.1447
-145.4962      63.12648
-145.4912      63.11849
-145.5001      63.10742
-145.4981      63.09725
-145.5036      63.09497
-145.5089      63.10641
-145.5122      63.10746
-145.5205      63.10391
-145.5211      63.11104
-145.5127      63.11985
-145.5153      63.12476
-145.521       63.12719
-145.5363      63.13364
-145.5424      63.13343
-145.5466      63.12766
-145.5317      63.1085
-145.5349      63.09261
-145.5289      63.0871
-145.5368      63.07826
-145.543       63.07486
-145.5489      63.07579
-145.5591      63.07026
-145.5636      63.07297
-145.5484      63.08584
-145.5458      63.09145
-145.5512      63.09443
-145.5629      63.09674
-145.5643      63.09955
-145.5602      63.10354
-145.5593      63.10438
-145.5707      63.15383
-145.563       63.1645
-145.5519      63.16404
 1 
 1             101           
1
 -9999.0   ,   9990.0
   7
 6 
-145.1601      63.16225
-145.1588      63.15669
-145.1662      63.15267
-145.1746      63.15876
-145.1693      63.16196
-145.1601      63.16225
 1 
 1             102           
1
 -9999.0   ,   9990.0
   7
 13 
-140.3303      63.15814
-140.3439      63.15326
-140.3598      63.14915
-140.3657      63.14551
-140.3839      63.13971
-140.3968      63.13801
-140.3905      63.14929
-140.3752      63.14945
-140.3714      63.15456
-140.3592      63.15611
-140.3546      63.16219
-140.3402      63.16182
-140.3303      63.15814
 1 
 1             103           
1
 -9999.0   ,   9990.0
   7
 8 
-142.2376      63.15057
-142.2496      63.15272
-142.2508      63.1604
-142.2425      63.15918
-142.2337      63.16115
-142.2231      63.15931
-142.2189      63.15651
-142.2376      63.15057
 1 
 1             104           
1
 -9999.0   ,   9990.0
   7
 8 
-142.3428      63.14624
-142.3591      63.14773
-142.366       63.15346
-142.3634      63.15514
-142.3529      63.15126
-142.3436      63.1502
-142.3402      63.14792
-142.3428      63.14624
 1 
 1             105           
1
 -9999.0   ,   9990.0
   7
 9 
-142.2951      63.1439
-142.2994      63.14831
-142.3079      63.15046
-142.3053      63.15214
-142.2897      63.15483
-142.2786      63.15458
-142.2773      63.15219
-142.2817      63.14926
-142.2951      63.1439
 1 
 1             106           
1
 -9999.0   ,   9990.0
   7
 12 
-146.0968      63.09992
-146.0999      63.10507
-146.0977      63.10865
-146.1057      63.12588
-146.0968      63.13881
-146.0981      63.14274
-146.107       63.14926
-146.0971      63.15094
-146.0924      63.14916
-146.0855      63.13701
-146.089       63.10924
-146.0968      63.09992
 1 
 1             107           
1
 -9999.0   ,   9990.0
   7
 57 
-147.5081      63.15035
-147.5047      63.14957
-147.5025      63.13581
-147.5205      63.11506
-147.5203      63.10866
-147.5154      63.08135
-147.5281      63.0696
-147.5269      63.0634
-147.5332      63.05763
-147.5254      63.04463
-147.5227      63.04295
-147.517       63.03937
-147.473       63.02992
-147.447       63.0285
-147.4165      63.02032
-147.4031      63.02223
-147.3673      63.0228
-147.3611      63.02033
-147.3466      63.00209
-147.3332      62.99713
-147.3126      62.99699
-147.3077      62.99227
-147.3111      62.99009
-147.3284      62.99539
-147.353       62.99588
-147.3651      62.99874
-147.39        62.98621
-147.4034      62.98408
-147.4454      62.98185
-147.4533      62.98596
-147.4643      63.0018
-147.4593      63.00144
-147.4556      62.99927
-147.4471      62.98716
-147.4417      62.98632
-147.4286      62.98851
-147.4243      62.98925
-147.4028      62.98818
-147.3818      62.99466
-147.363       63.00668
-147.3798      63.01607
-147.4228      63.01433
-147.4573      63.02354
-147.4809      63.02352
-147.521       63.0356
-147.531       63.03679
-147.5412      63.04301
-147.5442      63.0504
-147.5433      63.05768
-147.5426      63.06612
-147.5267      63.08737
-147.5248      63.0976
-147.5314      63.11651
-147.5288      63.12078
-147.5217      63.12446
-147.5169      63.14123
-147.5081      63.15035
 1 
 1             108           
1
 -9999.0   ,   9990.0
   7
 34 
-142.7096      63.1449
-142.6793      63.12533
-142.6698      63.12315
-142.6667      63.1179
-142.6781      63.10364
-142.6928      63.07625
-142.7133      63.06048
-142.7159      63.05834
-142.7413      63.05321
-142.7674      63.04537
-142.7947      63.04726
-142.8198      63.05499
-142.8407      63.05831
-142.8454      63.06113
-142.8402      63.06518
-142.8454      63.06826
-142.8632      63.08036
-142.8657      63.08925
-142.8663      63.09734
-142.8583      63.10237
-142.8281      63.10815
-142.8222      63.11101
-142.8138      63.11211
-142.8107      63.11055
-142.8039      63.1129
-142.807       63.11791
-142.8003      63.12004
-142.7704      63.12307
-142.7268      63.1349
-142.7261      63.13877
-142.7395      63.14694
-142.732       63.14971
-142.7152      63.148
-142.7096      63.1449
 1 
 1             109           
1
 -9999.0   ,   9990.0
   7
 9 
-145.6651      63.14738
-145.6566      63.14681
-145.6455      63.13903
-145.6415      63.1336
-145.6409      63.12122
-145.6448      63.11978
-145.65        63.12411
-145.6561      63.13923
-145.6651      63.14738
 1 
 1             110           
1
 -9999.0   ,   9990.0
   7
 12 
-145.9625      63.14538
-145.9585      63.13722
-145.968       63.12422
-145.9687      63.1232
-145.9638      63.11683
-145.9597      63.10111
-145.9524      63.09695
-145.9492      63.08699
-145.9581      63.07451
-145.9781      63.12447
-145.9675      63.14306
-145.9625      63.14538
 1 
 1             111           
1
 -9999.0   ,   9990.0
   7
 8 
-142.2525      63.13518
-142.2698      63.13698
-142.2594      63.14415
-142.2492      63.14441
-142.2479      63.14202
-142.2538      63.13941
-142.2491      63.13657
-142.2525      63.13518
 1 
 1             112           
1
 -9999.0   ,   9990.0
   7
 7 
-149.5629      63.12929
-149.5678      63.13027
-149.5613      63.13748
-149.5489      63.14164
-149.5471      63.13911
-149.552       63.13415
-149.5629      63.12929
 1 
 1             113           
1
 -9999.0   ,   9990.0
   7
 8 
-145.9041      63.13077
-145.9062      63.13314
-145.903       63.13667
-145.8815      63.14041
-145.879       63.1378
-145.8834      63.13568
-145.8943      63.1345
-145.9041      63.13077
 1 
 1             114           
1
 -9999.0   ,   9990.0
   7
 9 
-140.3546      63.13845
-140.3442      63.13342
-140.3541      63.12811
-140.3746      63.12552
-140.381       63.12622
-140.3831      63.12952
-140.3744      63.13383
-140.3595      63.13626
-140.3546      63.13845
 1 
 1             115           
1
 -9999.0   ,   9990.0
   7
 8 
-142.6139      63.12615
-142.6037      63.13496
-142.5762      63.13671
-142.5729      63.13075
-142.5877      63.13213
-142.5944      63.13047
-142.5917      63.1257
-142.6139      63.12615
 1 
 1             116           
1
 -9999.0   ,   9990.0
   7
 5 
-142.2746      63.11819
-142.2922      63.13036
-142.2811      63.13011
-142.2722      63.12125
-142.2746      63.11819
 1 
 1             117           
1
 -9999.0   ,   9990.0
   7
 6 
-142.206       63.11631
-142.2365      63.1231
-142.2405      63.12636
-142.2398      63.13022
-142.2033      63.11844
-142.206       63.11631
 1 
 1             118           
1
 -9999.0   ,   9990.0
   7
 8 
-146.2723      63.10984
-146.2793      63.11054
-146.2804      63.12156
-146.2749      63.12685
-146.2685      63.12868
-146.2638      63.12645
-146.2612      63.11286
-146.2723      63.10984
 1 
 1             119           
1
 -9999.0   ,   9990.0
   7
 6 
-145.3379      63.1285
-145.3074      63.12697
-145.3045      63.12364
-145.3104      63.11977
-145.3272      63.12393
-145.3379      63.1285
 1 
 1             120           
1
 -9999.0   ,   9990.0
   7
 9 
-142.1377      63.11188
-142.1425      63.1145
-142.147       63.12446
-142.1441      63.12726
-142.1366      63.12356
-142.1344      63.11766
-142.1242      63.11446
-142.1259      63.11227
-142.1377      63.11188
 1 
 1             121           
1
 -9999.0   ,   9990.0
   7
 7 
-142.4818      63.10759
-142.4838      63.11278
-142.4761      63.12127
-142.4734      63.12018
-142.4712      63.11222
-142.4737      63.10754
-142.4818      63.10759
 1 
 1             122           
1
 -9999.0   ,   9990.0
   7
 13 
-142.5882      63.10018
-142.5862      63.1019
-142.572       63.10493
-142.5606      63.11412
-142.555       63.11423
-142.5405      63.10343
-142.5414      63.09866
-142.5457      63.09616
-142.557       63.09433
-142.5717      63.09432
-142.5779      63.09241
-142.5836      63.09368
-142.5882      63.10018
 1 
 1             123           
1
 -9999.0   ,   9990.0
   7
 9 
-142.6625      63.09809
-142.6686      63.09961
-142.6634      63.10366
-142.6654      63.11045
-142.6582      63.11415
-142.6528      63.11359
-142.6474      63.10107
-142.6511      63.09877
-142.6625      63.09809
 1 
 1             124           
1
 -9999.0   ,   9990.0
   7
 10 
-142.2237      63.10064
-142.2302      63.10267
-142.2363      63.10744
-142.2334      63.10863
-142.205       63.10818
-142.185       63.11379
-142.1775      63.11331
-142.1812      63.10964
-142.2037      63.10096
-142.2237      63.10064
 1 
 1             125           
1
 -9999.0   ,   9990.0
   7
 5 
-146.342       63.10412
-146.3512      63.1033
-146.3568      63.10625
-146.35        63.11035
-146.342       63.10412
 1 
 1             126           
1
 -9999.0   ,   9990.0
   7
 7 
-145.3071      63.09696
-145.3165      63.1024
-145.3005      63.10881
-145.2912      63.10979
-145.2893      63.10718
-145.302       63.0972
-145.3071      63.09696
 1 
 1             127           
1
 -9999.0   ,   9990.0
   7
 14 
-142.5948      63.10013
-142.5947      63.09391
-142.5819      63.07379
-142.5883      63.06958
-142.5983      63.06814
-142.6251      63.0806
-142.6376      63.09288
-142.6332      63.09582
-142.6244      63.09643
-142.6015      63.10146
-142.6072      63.10641
-142.6054      63.10884
-142.6004      63.10875
-142.5948      63.10013
 1 
 1             128           
1
 -9999.0   ,   9990.0
   7
 7 
-145.6161      63.09572
-145.6377      63.09889
-145.6399      63.10058
-145.6335      63.10239
-145.6201      63.10138
-145.6132      63.09767
-145.6161      63.09572
 1 
 1             129           
1
 -9999.0   ,   9990.0
   7
 7 
-140.359       63.08904
-140.3525      63.09526
-140.3471      63.09564
-140.3386      63.09024
-140.3411      63.0873
-140.3506      63.08365
-140.359       63.08904
 1 
 1             130           
1
 -9999.0   ,   9990.0
   7
 7 
-142.1685      63.08694
-142.1812      63.08868
-142.1902      63.09226
-142.1863      63.095
-142.178       63.09539
-142.1681      63.09152
-142.1685      63.08694
 1 
 1             131           
1
 -9999.0   ,   9990.0
   7
 7 
-142.4514      63.07899
-142.4712      63.08392
-142.459       63.08729
-142.4464      63.08719
-142.4351      63.08234
-142.4443      63.079
-142.4514      63.07899
 1 
 1             132           
1
 -9999.0   ,   9990.0
   7
 8 
-147.5643      63.07402
-147.5661      63.07887
-147.5647      63.08226
-147.5604      63.08419
-147.553       63.08285
-147.5493      63.08046
-147.5524      63.07621
-147.5643      63.07402
 1 
 1             133           
1
 -9999.0   ,   9990.0
   7
 12 
-142.1971      63.06047
-142.1992      63.06521
-142.1936      63.07014
-142.1953      63.07279
-142.2032      63.07514
-142.2068      63.07814
-142.2039      63.08094
-142.178       63.07443
-142.1699      63.06792
-142.1736      63.06586
-142.1829      63.0653
-142.1971      63.06047
 1 
 1             134           
1
 -9999.0   ,   9990.0
   7
 15 
-145.9848      63.06937
-145.975       63.07642
-145.9702      63.07704
-145.9694      63.07273
-145.977       63.0657
-145.9797      63.06139
-145.9887      63.05396
-146.0001      63.05211
-146.0162      63.05524
-146.0115      63.05849
-146.0022      63.05997
-145.9972      63.06252
-145.988       63.06285
-145.9817      63.06715
-145.9848      63.06937
 1 
 1             135           
1
 -9999.0   ,   9990.0
   7
 6 
-146.7069      63.07697
-146.7096      63.07249
-146.7198      63.06893
-146.7267      63.06963
-146.7168      63.07501
-146.7069      63.07697
 1 
 1             136           
1
 -9999.0   ,   9990.0
   7
 14 
-142.6458      63.05196
-142.6619      63.05572
-142.6679      63.06138
-142.6654      63.06629
-142.6692      63.07227
-142.6647      63.07522
-142.6459      63.07199
-142.6342      63.06529
-142.6358      63.06332
-142.6449      63.06525
-142.6551      63.06496
-142.6442      63.059
-142.6427      63.05569
-142.6458      63.05196
 1 
 1             137           
1
 -9999.0   ,   9990.0
   7
 5 
-145.7029      63.07338
-145.7066      63.06964
-145.7128      63.06898
-145.7083      63.07428
-145.7029      63.07338
 1 
 1             138           
1
 -9999.0   ,   9990.0
   7
 6 
-145.4053      63.07413
-145.3968      63.06896
-145.3803      63.06299
-145.3994      63.06083
-145.4063      63.06936
-145.4053      63.07413
 1 
 1             139           
1
 -9999.0   ,   9990.0
   7
 10 
-142.5648      63.05984
-142.5739      63.06156
-142.5791      63.06626
-142.5739      63.07007
-142.5527      63.07151
-142.5344      63.0683
-142.5295      63.06593
-142.5434      63.06196
-142.5528      63.06255
-142.5648      63.05984
 1 
 1             140           
1
 -9999.0   ,   9990.0
   7
 6 
-140.3535      63.06885
-140.3478      63.0699
-140.3412      63.06826
-140.3372      63.06305
-140.3458      63.06348
-140.3535      63.06885
 1 
 1             141           
1
 -9999.0   ,   9990.0
   7
 6 
-142.4796      63.05314
-142.4946      63.06214
-142.4913      63.06469
-142.4748      63.05538
-142.476       63.05337
-142.4796      63.05314
 1 
 1             142           
1
 -9999.0   ,   9990.0
   7
 8 
-142.146       63.05047
-142.156       63.0525
-142.1698      63.05202
-142.1727      63.05428
-142.161       63.05767
-142.1508      63.05608
-142.1448      63.05269
-142.146       63.05047
 1 
 1             143           
1
 -9999.0   ,   9990.0
   7
 8 
-147.489       63.0459
-147.5087      63.04919
-147.5118      63.05202
-147.5097      63.0563
-147.5016      63.05265
-147.484       63.04896
-147.4843      63.04668
-147.489       63.0459
 1 
 1             144           
1
 -9999.0   ,   9990.0
   7
 23 
-142.5766      63.04079
-142.5775      63.03279
-142.5746      63.02732
-142.5762      63.02535
-142.5838      63.02536
-142.5904      63.03704
-142.5948      63.03755
-142.6022      63.03318
-142.6164      63.03152
-142.6585      63.04171
-142.6607      63.0446
-142.654       63.04811
-142.6496      63.04783
-142.648       63.04474
-142.6323      63.04469
-142.6122      63.03724
-142.6027      63.03827
-142.6223      63.04753
-142.615       63.048
-142.6045      63.04463
-142.6025      63.04401
-142.5894      63.04388
-142.5766      63.04079
 1 
 1             145           
1
 -9999.0   ,   9990.0
   7
 7 
-142.7143      63.03823
-142.7162      63.04041
-142.7136      63.04738
-142.7016      63.04688
-142.6964      63.04196
-142.6997      63.0394
-142.7143      63.03823
 1 
 1             146           
1
 -9999.0   ,   9990.0
   7
 12 
-146.0645      63.03923
-146.0611      63.04116
-146.0445      63.04396
-146.04        63.04333
-146.0542      63.03472
-146.0627      63.03253
-146.0655      63.02806
-146.0645      63.02253
-146.0683      63.0213
-146.0748      63.0188
-146.0821      63.02846
-146.0645      63.03923
 1 
 1             147           
1
 -9999.0   ,   9990.0
   7
 6 
-143.782       63.03058
-143.7761      63.0399
-143.7719      63.04221
-143.7649      63.03425
-143.7725      63.0303
-143.782       63.03058
 1 
 1             148           
1
 -9999.0   ,   9990.0
   7
 6 
-145.5244      63.03174
-145.5307      63.03314
-145.5333      63.0376
-145.5303      63.04022
-145.5226      63.03578
-145.5244      63.03174
 1 
 1             149           
1
 -9999.0   ,   9990.0
   7
 8 
-142.5425      63.02946
-142.5526      63.03124
-142.5531      63.03311
-142.5413      63.03537
-142.529       63.03552
-142.5266      63.0317
-142.5303      63.02962
-142.5425      63.02946
 1 
 1             150           
1
 -9999.0   ,   9990.0
   7
 8 
-145.211       63.02546
-145.2131      63.0299
-145.2062      63.03395
-145.1993      63.03548
-145.1934      63.03454
-145.1935      63.03179
-145.2009      63.03029
-145.211       63.02546
 1 
 1             151           
1
 -9999.0   ,   9990.0
   7
 8 
-140.3156      63.02894
-140.296       63.02501
-140.2859      63.02088
-140.2906      63.01824
-140.3135      63.02156
-140.32        63.02563
-140.3212      63.02942
-140.3156      63.02894
 1 
 1             152           
1
 -9999.0   ,   9990.0
   7
 7 
-149.2646      63.01427
-149.2866      63.01575
-149.291       63.01765
-149.2887      63.0208
-149.2837      63.02095
-149.277       63.02382
-149.2646      63.01427
 1 
 1             153           
1
 -9999.0   ,   9990.0
   7
 14 
-144.4909      62.98868
-144.5023      62.98304
-144.5156      62.98416
-144.5364      62.99021
-144.5453      62.99729
-144.5754      63.007
-144.584       63.01315
-144.5817      63.01647
-144.5601      63.00764
-144.5422      63.00631
-144.5327      63.00172
-144.5127      62.99892
-144.5016      62.99012
-144.4909      62.98868
 1 
 1             154           
1
 -9999.0   ,   9990.0
   7
 8 
-140.3045      63.01427
-140.295       63.01609
-140.2826      63.01419
-140.2786      63.00986
-140.2827      63.00671
-140.288       63.00252
-140.2912      63.00667
-140.3045      63.01427
 1 
 1             155           
1
 -9999.0   ,   9990.0
   7
 7 
-147.523       63.01373
-147.5117      63.01547
-147.4854      63.00902
-147.486       63.00493
-147.513       63.00911
-147.518       63.00971
-147.523       63.01373
 1 
 1             156           
1
 -9999.0   ,   9990.0
   7
 7 
-148.2472      63.00625
-148.2833      63.00205
-148.2824      63.00569
-148.2661      63.01239
-148.2489      63.01337
-148.2354      63.0085
-148.2472      63.00625
 1 
 1             157           
1
 -9999.0   ,   9990.0
   7
 11 
-146.0617      63.01304
-146.0543      63.00933
-146.0567      63.00485
-146.051       63.00028
-146.0512      62.99343
-146.0528      62.99029
-146.0645      62.9841
-146.0663      62.99354
-146.0746      63.0005
-146.068       63.0119
-146.0617      63.01304
 1 
 1             158           
1
 -9999.0   ,   9990.0
   7
 6 
-145.7604      63.00543
-145.7634      63.01104
-145.75        63.01234
-145.7472      63.00902
-145.7523      63.00579
-145.7604      63.00543
 1 
 1             159           
1
 -9999.0   ,   9990.0
   7
 7 
-147.4428      62.99731
-147.4475      63.00293
-147.4455      63.00699
-147.4398      63.01162
-147.4343      63.01124
-147.4236      63.00522
-147.4428      62.99731
 1 
 1             160           
1
 -9999.0   ,   9990.0
   7
 10 
-146.3332      63.00611
-146.3272      63.00441
-146.3268      63.00209
-146.3299      63.00197
-146.3551      63.00411
-146.374       63.00339
-146.3763      63.00451
-146.3756      63.00609
-146.3554      63.00712
-146.3332      63.00611
 1 
 1             161           
1
 -9999.0   ,   9990.0
   7
 8 
-142.3383      62.99287
-142.344       62.99439
-142.347       62.9978
-142.3448      63.0048
-142.3366      63.0068
-142.3288      63.00262
-142.3265      62.99856
-142.3383      62.99287
 1 
 1             162           
1
 -9999.0   ,   9990.0
   7
 9 
-145.9076      62.97532
-145.9093      62.97973
-145.8922      63.00126
-145.8827      63.00363
-145.8767      63.00317
-145.8737      63.00031
-145.8808      62.98937
-145.9012      62.9801
-145.9076      62.97532
 1 
 1             163           
1
 -9999.0   ,   9990.0
   7
 13 
-148.2042      62.98176
-148.2085      62.97911
-148.2257      62.97769
-148.2356      62.98316
-148.2249      62.98543
-148.2217      62.9954
-148.2153      63.00347
-148.2098      63.00357
-148.2071      63.00077
-148.1977      62.99987
-148.1934      62.99726
-148.193       62.99245
-148.2042      62.98176
 1 
 1             164           
1
 -9999.0   ,   9990.0
   7
 7 
-141.7663      62.98168
-141.79        62.98514
-141.7941      62.98795
-141.785       62.99264
-141.7757      62.99316
-141.7615      62.98228
-141.7663      62.98168
 1 
 1             165           
1
 -9999.0   ,   9990.0
   7
 13 
-146.0986      62.99294
-146.0906      62.98737
-146.0788      62.9883
-146.0765      62.98181
-146.0871      62.97603
-146.0908      62.97755
-146.1         62.97697
-146.1032      62.97892
-146.1008      62.98364
-146.1115      62.98564
-146.1125      62.98842
-146.1062      62.99254
-146.0986      62.99294
 1 
 1             166           
1
 -9999.0   ,   9990.0
   7
 17 
-141.8751      62.97129
-141.8795      62.97342
-141.8972      62.97668
-141.9062      62.97684
-141.8984      62.9823
-141.879       62.97938
-141.8737      62.98018
-141.8775      62.98413
-141.8716      62.98511
-141.8685      62.98858
-141.8601      62.98779
-141.854       62.97862
-141.8579      62.97641
-141.8595      62.97554
-141.8663      62.97507
-141.8677      62.97452
-141.8751      62.97129
 1 
 1             167           
1
 -9999.0   ,   9990.0
   7
 7 
-141.6768      62.97027
-141.7046      62.97356
-141.7099      62.97738
-141.7014      62.98326
-141.6911      62.9821
-141.6737      62.97191
-141.6768      62.97027
 1 
 1             168           
1
 -9999.0   ,   9990.0
   7
 30 
-145.513       62.98319
-145.5081      62.98253
-145.5071      62.98019
-145.5157      62.96727
-145.514       62.95805
-145.5219      62.94418
-145.5177      62.92729
-145.5295      62.91107
-145.5187      62.89207
-145.5308      62.8793
-145.532       62.87362
-145.5417      62.87013
-145.5465      62.86599
-145.5663      62.85994
-145.5776      62.85331
-145.585       62.85133
-145.6242      62.85593
-145.5891      62.86363
-145.5767      62.86908
-145.5534      62.87932
-145.5471      62.88845
-145.546       62.90122
-145.5359      62.92164
-145.5356      62.92827
-145.5448      62.94513
-145.5322      62.95766
-145.5323      62.96476
-145.5236      62.98065
-145.5176      62.98063
-145.513       62.98319
 1 
 1             169           
1
 -9999.0   ,   9990.0
   7
 7 
-146.3005      62.9764
-146.2961      62.96934
-146.311       62.96226
-146.311       62.96548
-146.3042      62.97111
-146.305       62.97668
-146.3005      62.9764
 1 
 1             170           
1
 -9999.0   ,   9990.0
   7
 7 
-146.0966      62.96221
-146.1135      62.95781
-146.1179      62.95866
-146.1245      62.96943
-146.1215      62.97206
-146.1142      62.96493
-146.0966      62.96221
 1 
 1             171           
1
 -9999.0   ,   9990.0
   7
 20 
-141.8339      62.95929
-141.8278      62.95634
-141.8061      62.95281
-141.8065      62.94868
-141.8004      62.94712
-141.8007      62.9446
-141.8166      62.94383
-141.8269      62.9496
-141.831       62.94803
-141.8293      62.93916
-141.8341      62.93833
-141.8395      62.94815
-141.8475      62.95329
-141.8626      62.95662
-141.8606      62.9597
-141.85        62.95946
-141.8542      62.96527
-141.8517      62.96833
-141.8476      62.96851
-141.8339      62.95929
 1 
 1             172           
1
 -9999.0   ,   9990.0
   7
 11 
-141.651       62.95029
-141.6563      62.95089
-141.6651      62.95817
-141.6729      62.95894
-141.6814      62.96252
-141.6774      62.96385
-141.669       62.96306
-141.6619      62.96625
-141.6576      62.9655
-141.645       62.95449
-141.651       62.95029
 1 
 1             173           
1
 -9999.0   ,   9990.0
   7
 9 
-146.0578      62.95479
-146.0668      62.95787
-146.0702      62.96121
-146.0557      62.96615
-146.0507      62.96298
-146.0402      62.96304
-146.0386      62.96047
-146.0456      62.95524
-146.0578      62.95479
 1 
 1             174           
1
 -9999.0   ,   9990.0
   7
 10 
-144.9067      62.94399
-144.905       62.95583
-144.8993      62.95877
-144.8994      62.96313
-144.8904      62.96501
-144.8849      62.96247
-144.8753      62.96294
-144.8739      62.9599
-144.8912      62.95473
-144.9067      62.94399
 1 
 1             175           
1
 -9999.0   ,   9990.0
   7
 151 
-147.1406      62.9008
-147.1594      62.88916
-147.1642      62.88037
-147.1703      62.87633
-147.1515      62.86787
-147.1385      62.8645
-147.1297      62.85601
-147.1287      62.84958
-147.1354      62.84275
-147.1302      62.83934
-147.1039      62.84425
-147.0869      62.8444
-147.0736      62.84285
-147.0604      62.84747
-147.0555      62.85395
-147.0429      62.85766
-147.0379      62.85801
-147.0247      62.85892
-147.02        62.85671
-147.0452      62.85271
-147.0594      62.84126
-147.0776      62.83954
-147.0944      62.84098
-147.1163      62.83526
-147.1338      62.83534
-147.137       62.83361
-147.1253      62.81771
-147.1309      62.81377
-147.1477      62.80834
-147.1569      62.80337
-147.1711      62.80197
-147.1786      62.80332
-147.1847      62.80444
-147.1997      62.81152
-147.2092      62.81135
-147.2121      62.80549
-147.2118      62.78995
-147.2214      62.77493
-147.219       62.76708
-147.2081      62.75281
-147.2203      62.73422
-147.2171      62.72817
-147.2183      62.72364
-147.2096      62.7147
-147.2181      62.71061
-147.2165      62.7085
-147.2327      62.69939
-147.2508      62.68416
-147.2566      62.68328
-147.2645      62.68206
-147.2712      62.67723
-147.288       62.67065
-147.2873      62.66514
-147.2773      62.66165
-147.2738      62.65811
-147.2793      62.65485
-147.2882      62.65466
-147.3139      62.65954
-147.3275      62.65148
-147.3402      62.65255
-147.345       62.65063
-147.3367      62.64604
-147.3315      62.64018
-147.3365      62.63644
-147.345       62.63578
-147.3657      62.64781
-147.3824      62.64236
-147.3933      62.64221
-147.4085      62.64723
-147.4408      62.64381
-147.4425      62.64958
-147.4291      62.66097
-147.4417      62.674
-147.4397      62.6776
-147.4248      62.66987
-147.4217      62.66383
-147.4352      62.64803
-147.4155      62.65085
-147.3908      62.64625
-147.3699      62.65341
-147.364       62.65301
-147.3403      62.63851
-147.3501      62.64877
-147.3475      62.65564
-147.3272      62.65771
-147.3136      62.66404
-147.3123      62.6638
-147.2876      62.65924
-147.2974      62.66705
-147.298       62.67004
-147.2935      62.67424
-147.2552      62.68773
-147.2469      62.69731
-147.2318      62.70576
-147.2258      62.7161
-147.234       62.72503
-147.2339      62.73279
-147.2207      62.75205
-147.2232      62.75661
-147.2306      62.7704
-147.2183      62.79997
-147.2215      62.8092
-147.2178      62.8139
-147.2074      62.81679
-147.1985      62.81651
-147.1776      62.80902
-147.1672      62.80825
-147.1509      62.81369
-147.1412      62.81888
-147.1417      62.82233
-147.1479      62.82731
-147.1485      62.83716
-147.1437      62.84163
-147.1358      62.84888
-147.1388      62.85926
-147.1443      62.86285
-147.1648      62.86645
-147.1744      62.87268
-147.1744      62.87931
-147.1615      62.89443
-147.1462      62.9013
-147.1424      62.90622
-147.1506      62.91538
-147.1711      62.92628
-147.1798      62.9286
-147.1984      62.92825
-147.2076      62.93056
-147.2114      62.93695
-147.1998      62.94278
-147.1996      62.94631
-147.2095      62.94892
-147.215       62.95251
-147.2153      62.96041
-147.2335      62.96076
-147.2364      62.96163
-147.2375      62.96196
-147.2227      62.96485
-147.2133      62.96434
-147.21        62.96242
-147.2082      62.95404
-147.2013      62.95005
-147.1903      62.94741
-147.1898      62.94432
-147.2056      62.93656
-147.2065      62.93384
-147.1994      62.93194
-147.1779      62.93449
-147.1607      62.92848
-147.1381      62.91522
-147.1308      62.90701
-147.1406      62.9008
 1 
 1             176           
1
 -9999.0   ,   9990.0
   7
 16 
-142.3308      62.95164
-142.3432      62.95405
-142.346       62.94823
-142.3546      62.94671
-142.37        62.94931
-142.3794      62.94807
-142.3829      62.9499
-142.3856      62.95444
-142.3821      62.95745
-142.3751      62.95885
-142.354       62.95842
-142.3249      62.96438
-142.3134      62.96204
-142.3117      62.9594
-142.3145      62.95682
-142.3308      62.95164
 1 
 1             177           
1
 -9999.0   ,   9990.0
   7
 7 
-141.7827      62.94245
-141.7884      62.94514
-141.7958      62.9581
-141.7902      62.95979
-141.7803      62.95428
-141.7775      62.94602
-141.7827      62.94245
 1 
 1             178           
1
 -9999.0   ,   9990.0
   7
 6 
-143.3961      62.94133
-143.3691      62.94785
-143.3687      62.94024
-143.386       62.9341
-143.391       62.93415
-143.3961      62.94133
 1 
 1             179           
1
 -9999.0   ,   9990.0
   7
 7 
-148.5175      62.9259
-148.5244      62.92764
-148.5346      62.93493
-148.5309      62.93737
-148.5306      62.94512
-148.5245      62.94567
-148.5175      62.9259
 1 
 1             180           
1
 -9999.0   ,   9990.0
   7
 11 
-146.1194      62.92234
-146.1327      62.92376
-146.1394      62.92584
-146.1409      62.92864
-146.1376      62.93286
-146.1198      62.94272
-146.111       62.94399
-146.1055      62.94126
-146.0863      62.94145
-146.0992      62.93691
-146.1194      62.92234
 1 
 1             181           
1
 -9999.0   ,   9990.0
   7
 10 
-146.3053      62.92877
-146.3193      62.92822
-146.3413      62.93014
-146.3411      62.93128
-146.3158      62.93409
-146.3074      62.93149
-146.2853      62.93785
-146.2741      62.93665
-146.2738      62.93422
-146.3053      62.92877
 1 
 1             182           
1
 -9999.0   ,   9990.0
   7
 7 
-141.8395      62.92786
-141.8672      62.93318
-141.8696      62.93519
-141.8672      62.9378
-141.8499      62.93502
-141.8375      62.92957
-141.8395      62.92786
 1 
 1             183           
1
 -9999.0   ,   9990.0
   7
 7 
-146.2383      62.93135
-146.2415      62.93329
-146.2385      62.93615
-146.2175      62.93583
-146.2112      62.934
-146.2121      62.9322
-146.2383      62.93135
 1 
 1             184           
1
 -9999.0   ,   9990.0
   7
 14 
-143.7699      62.90986
-143.7955      62.90848
-143.8256      62.91492
-143.818       62.91704
-143.7965      62.91635
-143.7897      62.91919
-143.7906      62.92337
-143.7834      62.92597
-143.7751      62.92483
-143.7548      62.93154
-143.7456      62.93173
-143.7455      62.92829
-143.7578      62.92161
-143.7699      62.90986
 1 
 1             185           
1
 -9999.0   ,   9990.0
   7
 6 
-143.5915      62.91619
-143.611       62.91268
-143.6142      62.914
-143.6073      62.91936
-143.6013      62.92087
-143.5915      62.91619
 1 
 1             186           
1
 -9999.0   ,   9990.0
   7
 12 
-141.773       62.88371
-141.7816      62.88683
-141.7869      62.89387
-141.7992      62.89955
-141.8058      62.90576
-141.8028      62.91316
-141.797       62.91231
-141.7894      62.90488
-141.7791      62.90072
-141.771       62.8944
-141.7678      62.88727
-141.773       62.88371
 1 
 1             187           
1
 -9999.0   ,   9990.0
   7
 8 
-147.2202      62.9024
-147.2331      62.90324
-147.2361      62.90653
-147.232       62.91052
-147.2274      62.91152
-147.2249      62.9078
-147.2174      62.90437
-147.2202      62.9024
 1 
 1             188           
1
 -9999.0   ,   9990.0
   7
 11 
-141.6209      62.87926
-141.6268      62.88106
-141.6177      62.88573
-141.6203      62.89006
-141.6086      62.90562
-141.6028      62.90637
-141.6013      62.90327
-141.6066      62.89188
-141.6016      62.88232
-141.6037      62.88084
-141.6209      62.87926
 1 
 1             189           
1
 -9999.0   ,   9990.0
   7
 9 
-149.9053      62.88751
-149.9112      62.8894
-149.8988      62.89633
-149.8903      62.90513
-149.8852      62.90598
-149.8834      62.90391
-149.8858      62.89595
-149.8965      62.89311
-149.9053      62.88751
 1 
 1             190           
1
 -9999.0   ,   9990.0
   7
 8 
-148.9089      62.89549
-148.9293      62.89654
-148.926       62.89968
-148.9287      62.90383
-148.9041      62.9043
-148.9053      62.90181
-148.8998      62.89646
-148.9089      62.89549
 1 
 1             191           
1
 -9999.0   ,   9990.0
   7
 7 
-140.8455      62.89484
-140.8559      62.89129
-140.8653      62.89498
-140.8565      62.9014
-140.8482      62.90225
-140.8442      62.90094
-140.8455      62.89484
 1 
 1             192           
1
 -9999.0   ,   9990.0
   7
 7 
-141.0933      62.89216
-141.0911      62.89077
-141.093       62.88814
-141.1059      62.88863
-141.113       62.89284
-141.1095      62.89398
-141.0933      62.89216
 1 
 1             193           
1
 -9999.0   ,   9990.0
   7
 9 
-141.5543      62.87257
-141.5629      62.87432
-141.5621      62.88118
-141.5671      62.88591
-141.5657      62.88859
-141.5607      62.88985
-141.5487      62.88348
-141.5488      62.87864
-141.5543      62.87257
 1 
 1             194           
1
 -9999.0   ,   9990.0
   7
 6 
-141.0418      62.8835
-141.0514      62.88235
-141.0666      62.88647
-141.0597      62.88896
-141.0482      62.88858
-141.0418      62.8835
 1 
 1             195           
1
 -9999.0   ,   9990.0
   7
 9 
-148.3836      62.8697
-148.3995      62.86662
-148.3964      62.87131
-148.4191      62.87208
-148.4177      62.87398
-148.407       62.87673
-148.3903      62.87728
-148.3777      62.87271
-148.3836      62.8697
 1 
 1             196           
1
 -9999.0   ,   9990.0
   7
 9 
-141.7998      62.86179
-141.8056      62.86264
-141.809       62.86794
-141.815       62.87112
-141.8121      62.8723
-141.8064      62.87283
-141.7965      62.87055
-141.7947      62.86674
-141.7998      62.86179
 1 
 1             197           
1
 -9999.0   ,   9990.0
   7
 11 
-149.2627      62.85408
-149.2716      62.85651
-149.2821      62.85576
-149.2894      62.85839
-149.2863      62.86016
-149.2773      62.86025
-149.2711      62.86289
-149.2625      62.86389
-149.2624      62.85864
-149.2586      62.8563
-149.2627      62.85408
 1 
 1             198           
1
 -9999.0   ,   9990.0
   7
 9 
-149.1248      62.84794
-149.1372      62.85021
-149.1419      62.8528
-149.1417      62.85576
-149.1365      62.85795
-149.1304      62.85351
-149.1224      62.85293
-149.1201      62.85083
-149.1248      62.84794
 1 
 1             199           
1
 -9999.0   ,   9990.0
   7
 6 
-146.304       62.85414
-146.3164      62.84613
-146.3199      62.84603
-146.322       62.84862
-146.3104      62.85461
-146.304       62.85414
 1 
 1             200           
1
 -9999.0   ,   9990.0
   7
 13 
-141.7466      62.83142
-141.7529      62.83231
-141.7574      62.83861
-141.7499      62.84294
-141.754       62.84738
-141.7523      62.84978
-141.7467      62.84986
-141.7435      62.84711
-141.7346      62.84512
-141.7264      62.83164
-141.7292      62.83091
-141.7371      62.83284
-141.7466      62.83142
 1 
 1             201           
1
 -9999.0   ,   9990.0
   7
 7 
-149.286       62.84305
-149.2848      62.84599
-149.2776      62.84907
-149.2696      62.84986
-149.2619      62.84472
-149.2666      62.8432
-149.286       62.84305
 1 
 1             202           
1
 -9999.0   ,   9990.0
   7
 7 
-144.6873      62.84225
-144.7016      62.84339
-144.7044      62.84628
-144.7022      62.84961
-144.6905      62.84791
-144.6819      62.8436
-144.6873      62.84225
 1 
 1             203           
1
 -9999.0   ,   9990.0
   7
 9 
-149.1925      62.83903
-149.1978      62.84072
-149.199       62.84507
-149.1944      62.84637
-149.1876      62.84352
-149.1825      62.8448
-149.1766      62.84402
-149.1834      62.8398
-149.1925      62.83903
 1 
 1             204           
1
 -9999.0   ,   9990.0
   7
 5 
-145.9439      62.83782
-145.9504      62.83762
-145.9542      62.84143
-145.9484      62.84304
-145.9439      62.83782
 1 
 1             205           
1
 -9999.0   ,   9990.0
   7
 86 
-148.2681      62.83712
-148.2598      62.83533
-148.2316      62.83354
-148.1979      62.82203
-148.1581      62.82018
-148.1444      62.81757
-148.1315      62.81247
-148.0988      62.81078
-148.0751      62.80358
-148.0634      62.79257
-148.0535      62.78799
-148.0451      62.78733
-148.0341      62.78917
-148.0273      62.79032
-148.0188      62.78988
-148.0121      62.78743
-148.0031      62.78744
-147.9917      62.79149
-147.98        62.79326
-147.9551      62.79287
-147.9398      62.78701
-147.9084      62.78713
-147.895       62.78222
-147.8878      62.78044
-147.8596      62.78245
-147.8452      62.7814
-147.8031      62.76752
-147.7116      62.75688
-147.7035      62.75437
-147.6946      62.74591
-147.6832      62.74172
-147.6794      62.73591
-147.6734      62.73278
-147.672       62.7288
-147.6657      62.71064
-147.6576      62.70768
-147.622       62.70625
-147.6074      62.69991
-147.5876      62.69868
-147.5556      62.69985
-147.5646      62.69621
-147.5886      62.69528
-147.6044      62.69617
-147.6267      62.69655
-147.6404      62.70219
-147.6635      62.70441
-147.6776      62.71119
-147.681       62.73116
-147.7075      62.75037
-147.7137      62.75282
-147.7996      62.7592
-147.8165      62.76353
-147.8465      62.77504
-147.8577      62.77693
-147.8888      62.77612
-147.9031      62.78105
-147.912       62.78174
-147.9287      62.78033
-147.9386      62.78104
-147.9443      62.78301
-147.9558      62.78718
-147.9686      62.78841
-147.9816      62.78782
-148.0042      62.78267
-148.0158      62.78158
-148.0339      62.785
-148.0504      62.78403
-148.0636      62.78709
-148.0765      62.79586
-148.0875      62.8
-148.1107      62.80056
-148.1119      62.80059
-148.1258      62.80549
-148.1483      62.80968
-148.1696      62.81109
-148.1984      62.81702
-148.2327      62.82786
-148.2654      62.82975
-148.3048      62.83567
-148.333       62.83333
-148.3434      62.83425
-148.3552      62.83154
-148.3646      62.83175
-148.3531      62.83674
-148.3434      62.83881
-148.2681      62.83712
 1 
 1             206           
1
 -9999.0   ,   9990.0
   7
 65 
-149.4064      62.83584
-149.421       62.83393
-149.4495      62.83321
-149.4591      62.83175
-149.4735      62.82603
-149.5043      62.82199
-149.5158      62.82048
-149.5551      62.82148
-149.5721      62.82035
-149.5787      62.81862
-149.607       62.79893
-149.6346      62.78721
-149.6521      62.78676
-149.6819      62.77939
-149.6894      62.77128
-149.7051      62.76646
-149.7097      62.758
-149.7147      62.74879
-149.7245      62.7423
-149.7619      62.72429
-149.7851      62.71865
-149.803       62.71611
-149.8281      62.70663
-149.8426      62.70452
-149.8515      62.69687
-149.8601      62.69401
-149.8671      62.68428
-149.8969      62.67459
-149.9029      62.67398
-149.9121      62.66952
-149.9586      62.65362
-149.9757      62.63573
-149.9858      62.62518
-150           62.62204
-150           62.63043
-149.9913      62.63368
-149.9675      62.65417
-149.9367      62.67277
-149.9062      62.67766
-149.8924      62.68412
-149.8524      62.70837
-149.8441      62.71343
-149.8263      62.71961
-149.8149      62.72016
-149.797       62.72724
-149.7658      62.73347
-149.7474      62.74305
-149.7388      62.74567
-149.7186      62.76618
-149.7063      62.77286
-149.6979      62.78005
-149.6866      62.78538
-149.674       62.78681
-149.6623      62.791
-149.6456      62.79487
-149.6178      62.80135
-149.6045      62.81304
-149.5937      62.81859
-149.5799      62.82342
-149.5597      62.82793
-149.5438      62.82726
-149.5186      62.83055
-149.4795      62.83205
-149.4466      62.83864
-149.4064      62.83584
 1 
 1             207           
1
 -9999.0   ,   9990.0
   7
 5 
-146.3398      62.82982
-146.3245      62.83407
-146.3196      62.83069
-146.3265      62.8282
-146.3398      62.82982
 1 
 1             208           
1
 -9999.0   ,   9990.0
   7
 18 
-140.8548      62.82743
-140.8462      62.82161
-140.8297      62.81776
-140.826       62.82034
-140.8329      62.82676
-140.8305      62.83132
-140.8174      62.8316
-140.8083      62.8302
-140.8206      62.8249
-140.8023      62.82603
-140.7956      62.82422
-140.8063      62.81603
-140.8064      62.80195
-140.8165      62.80351
-140.8295      62.81177
-140.8445      62.81411
-140.8604      62.82331
-140.8548      62.82743
 1 
 1             209           
1
 -9999.0   ,   9990.0
   7
 5 
-146.6423      62.82788
-146.6283      62.83083
-146.5973      62.83046
-146.5963      62.8279
-146.6423      62.82788
 1 
 1             210           
1
 -9999.0   ,   9990.0
   7
 10 
-148.7011      62.79042
-148.7037      62.79458
-148.7019      62.79797
-148.6924      62.80394
-148.6895      62.81324
-148.6821      62.81721
-148.6551      62.82237
-148.6753      62.80999
-148.6839      62.79852
-148.7011      62.79042
 1 
 1             211           
1
 -9999.0   ,   9990.0
   7
 6 
-144.8037      62.81748
-144.8367      62.81254
-144.836       62.81502
-144.8218      62.81819
-144.8094      62.81927
-144.8037      62.81748
 1 
 1             212           
1
 -9999.0   ,   9990.0
   7
 7 
-144.207       62.81095
-144.1933      62.81553
-144.1701      62.81824
-144.1647      62.81751
-144.1629      62.81489
-144.2038      62.80942
-144.207       62.81095
 1 
 1             213           
1
 -9999.0   ,   9990.0
   7
 7 
-141.496       62.8099
-141.489       62.80451
-141.4877      62.78742
-141.4914      62.78827
-141.5065      62.80579
-141.5033      62.80949
-141.496       62.8099
 1 
 1             214           
1
 -9999.0   ,   9990.0
   7
 7 
-145.0161      62.79958
-145.0327      62.80607
-145.0226      62.80882
-145.0201      62.80619
-145.0134      62.80474
-145.0112      62.80119
-145.0161      62.79958
 1 
 1             215           
1
 -9999.0   ,   9990.0
   7
 10 
-148.409       62.78913
-148.4133      62.79127
-148.4064      62.795
-148.3932      62.79722
-148.3817      62.80268
-148.3766      62.80302
-148.3744      62.80069
-148.3767      62.798
-148.3989      62.79027
-148.409       62.78913
 1 
 1             216           
1
 -9999.0   ,   9990.0
   7
 7 
-148.5321      62.79473
-148.5323      62.79816
-148.5164      62.80239
-148.5054      62.80261
-148.5022      62.80026
-148.5221      62.79543
-148.5321      62.79473
 1 
 1             217           
1
 -9999.0   ,   9990.0
   7
 7 
-141.9783      62.78346
-141.9899      62.78977
-141.9864      62.79276
-141.9634      62.79076
-141.9606      62.78828
-141.9721      62.78397
-141.9783      62.78346
 1 
 1             218           
1
 -9999.0   ,   9990.0
   7
 11 
-148.5162      62.77453
-148.5195      62.77643
-148.5122      62.78929
-148.5055      62.79143
-148.4982      62.79036
-148.4795      62.79225
-148.4691      62.79179
-148.4668      62.79014
-148.4699      62.78839
-148.4939      62.78297
-148.5162      62.77453
 1 
 1             219           
1
 -9999.0   ,   9990.0
   7
 8 
-148.5936      62.78345
-148.5902      62.78726
-148.573       62.78965
-148.5391      62.79031
-148.5358      62.7875
-148.5488      62.78275
-148.5651      62.78446
-148.5936      62.78345
 1 
 1             220           
1
 -9999.0   ,   9990.0
   7
 8 
-147.1963      62.76914
-147.2036      62.77051
-147.2076      62.78068
-147.2037      62.78353
-147.1971      62.7847
-147.1956      62.77758
-147.1878      62.77277
-147.1963      62.76914
 1 
 1             221           
1
 -9999.0   ,   9990.0
   7
 10 
-148.4346      62.78199
-148.4221      62.78351
-148.4197      62.78153
-148.4251      62.77897
-148.448       62.77394
-148.4536      62.77643
-148.4616      62.77452
-148.4621      62.78256
-148.446       62.78104
-148.4346      62.78199
 1 
 1             222           
1
 -9999.0   ,   9990.0
   7
 8 
-149.9162      62.76834
-149.9215      62.77068
-149.917       62.77268
-149.8949      62.77585
-149.8855      62.77483
-149.8826      62.77297
-149.9032      62.76865
-149.9162      62.76834
 1 
 1             223           
1
 -9999.0   ,   9990.0
   7
 7 
-147.1792      62.75605
-147.1778      62.76218
-147.1696      62.76741
-147.1607      62.76691
-147.1514      62.75886
-147.1538      62.75596
-147.1792      62.75605
 1 
 1             224           
1
 -9999.0   ,   9990.0
   7
 7 
-141.8775      62.74765
-141.8975      62.75452
-141.8961      62.76664
-141.8874      62.76399
-141.8832      62.75978
-141.8554      62.74776
-141.8775      62.74765
 1 
 1             225           
1
 -9999.0   ,   9990.0
   7
 6 
-145.5101      62.75753
-145.5181      62.7597
-145.5065      62.76539
-145.4973      62.7666
-145.4959      62.76334
-145.5101      62.75753
 1 
 1             226           
1
 -9999.0   ,   9990.0
   7
 7 
-143.8813      62.75766
-143.8886      62.75851
-143.8886      62.76057
-143.8753      62.7656
-143.8676      62.76634
-143.8627      62.76378
-143.8813      62.75766
 1 
 1             227           
1
 -9999.0   ,   9990.0
   7
 5 
-141.8037      62.75831
-141.8121      62.75865
-141.8118      62.76417
-141.8071      62.76315
-141.8037      62.75831
 1 
 1             228           
1
 -9999.0   ,   9990.0
   7
 10 
-145.076       62.74662
-145.0846      62.74838
-145.0922      62.74803
-145.0976      62.75538
-145.0924      62.75652
-145.0862      62.75487
-145.079       62.75569
-145.0719      62.75422
-145.0725      62.74669
-145.076       62.74662
 1 
 1             229           
1
 -9999.0   ,   9990.0
   7
 5 
-140.7033      62.75003
-140.6854      62.75344
-140.6768      62.75176
-140.681       62.74798
-140.7033      62.75003
 1 
 1             230           
1
 -9999.0   ,   9990.0
   7
 6 
-144.1717      62.75201
-144.189       62.74671
-144.2006      62.74661
-144.2001      62.75049
-144.1927      62.7524
-144.1717      62.75201
 1 
 1             231           
1
 -9999.0   ,   9990.0
   7
 9 
-145.2777      62.74504
-145.2864      62.74657
-145.2985      62.74595
-145.3033      62.74959
-145.3014      62.75134
-145.2883      62.75191
-145.2774      62.74914
-145.274       62.74625
-145.2777      62.74504
 1 
 1             232           
1
 -9999.0   ,   9990.0
   7
 10 
-141.7259      62.73915
-141.7316      62.74462
-141.7264      62.74841
-141.7187      62.74719
-141.7185      62.74486
-141.7052      62.74538
-141.704       62.74317
-141.7099      62.73874
-141.7111      62.73877
-141.7259      62.73915
 1 
 1             233           
1
 -9999.0   ,   9990.0
   7
 7 
-148.8528      62.73355
-148.8606      62.73507
-148.8625      62.7415
-148.8587      62.74508
-148.8464      62.74348
-148.8421      62.74157
-148.8528      62.73355
 1 
 1             234           
1
 -9999.0   ,   9990.0
   7
 7 
-148.0573      62.74172
-148.05        62.74018
-148.0469      62.72389
-148.0528      62.72426
-148.0576      62.72643
-148.0613      62.73337
-148.0573      62.74172
 1 
 1             235           
1
 -9999.0   ,   9990.0
   7
 9 
-148.8209      62.72838
-148.8232      62.73003
-148.8148      62.7358
-148.8083      62.7359
-148.7989      62.74074
-148.7947      62.73701
-148.7985      62.73458
-148.8119      62.72958
-148.8209      62.72838
 1 
 1             236           
1
 -9999.0   ,   9990.0
   7
 10 
-146.8514      62.73084
-146.835       62.73738
-146.8234      62.73815
-146.8189      62.7316
-146.8069      62.73189
-146.811       62.72813
-146.8233      62.72557
-146.8551      62.72661
-146.8567      62.72872
-146.8514      62.73084
 1 
 1             237           
1
 -9999.0   ,   9990.0
   7
 7 
-141.8065      62.73083
-141.8159      62.73125
-141.8155      62.73421
-141.8072      62.73642
-141.8004      62.73272
-141.8026      62.73057
-141.8065      62.73083
 1 
 1             238           
1
 -9999.0   ,   9990.0
   7
 26 
-148.9704      62.66725
-148.9715      62.67138
-148.9529      62.68656
-148.9302      62.6898
-148.9128      62.70203
-148.8991      62.70452
-148.8929      62.70737
-148.8956      62.71062
-148.8857      62.71591
-148.872       62.71908
-148.8574      62.72656
-148.8475      62.72615
-148.8528      62.72214
-148.8582      62.71699
-148.8802      62.70462
-148.8867      62.70406
-148.8936      62.6994
-148.9027      62.69728
-148.9061      62.69301
-148.9183      62.68981
-148.9226      62.68555
-148.9314      62.68229
-148.9417      62.68294
-148.9509      62.68059
-148.958       62.67273
-148.9704      62.66725
 1 
 1             239           
1
 -9999.0   ,   9990.0
   7
 9 
-146.6613      62.72288
-146.6545      62.71258
-146.6431      62.70579
-146.6426      62.7028
-146.6581      62.69899
-146.6596      62.70819
-146.6668      62.71644
-146.6662      62.71985
-146.6613      62.72288
 1 
 1             240           
1
 -9999.0   ,   9990.0
   7
 6 
-149.9301      62.71375
-149.9128      62.72017
-149.9045      62.71825
-149.9111      62.7149
-149.9271      62.71281
-149.9301      62.71375
 1 
 1             241           
1
 -9999.0   ,   9990.0
   7
 10 
-143.6177      62.69874
-143.619       62.70134
-143.6133      62.70562
-143.595       62.71058
-143.5803      62.71918
-143.573       62.72015
-143.5744      62.71494
-143.5854      62.71096
-143.5918      62.70558
-143.6177      62.69874
 1 
 1             242           
1
 -9999.0   ,   9990.0
   7
 6 
-146.2925      62.71303
-146.3137      62.71175
-146.3207      62.7175
-146.3167      62.7201
-146.3002      62.71767
-146.2925      62.71303
 1 
 1             243           
1
 -9999.0   ,   9990.0
   7
 8 
-144.0772      62.70075
-144.0963      62.70244
-144.0979      62.70436
-144.0799      62.70824
-144.0685      62.70764
-144.0664      62.70615
-144.0719      62.70208
-144.0772      62.70075
 1 
 1             244           
1
 -9999.0   ,   9990.0
   7
 6 
-144.1327      62.69882
-144.1346      62.70557
-144.1144      62.70636
-144.1114      62.70414
-144.1159      62.70231
-144.1327      62.69882
 1 
 1             245           
1
 -9999.0   ,   9990.0
   7
 7 
-141.1162      62.69634
-141.1283      62.69747
-141.1386      62.7026
-141.1325      62.70446
-141.115       62.70111
-141.1126      62.69793
-141.1162      62.69634
 1 
 1             246           
1
 -9999.0   ,   9990.0
   7
 6 
-145.4927      62.68947
-145.5059      62.6985
-145.5032      62.70204
-145.4963      62.70404
-145.4881      62.695
-145.4927      62.68947
 1 
 1             247           
1
 -9999.0   ,   9990.0
   7
 7 
-146.4243      62.68235
-146.4261      62.68379
-146.4201      62.6957
-146.4136      62.6957
-146.4118      62.69174
-146.4198      62.68288
-146.4243      62.68235
 1 
 1             248           
1
 -9999.0   ,   9990.0
   7
 10 
-140.7745      62.68683
-140.7782      62.68077
-140.7845      62.68053
-140.7891      62.68365
-140.7997      62.68656
-140.8081      62.69054
-140.8072      62.69361
-140.8005      62.69457
-140.7809      62.69165
-140.7745      62.68683
 1 
 1             249           
1
 -9999.0   ,   9990.0
   7
 6 
-144.9943      62.67598
-144.9913      62.68753
-144.9872      62.69033
-144.9805      62.6891
-144.9816      62.68181
-144.9943      62.67598
 1 
 1             250           
1
 -9999.0   ,   9990.0
   7
 8 
-148.38        62.68506
-148.3706      62.68006
-148.3909      62.68028
-148.399       62.67909
-148.4017      62.68189
-148.3995      62.68412
-148.3898      62.68642
-148.38        62.68506
 1 
 1             251           
1
 -9999.0   ,   9990.0
   7
 10 
-147.8043      62.68075
-147.825       62.67444
-147.8444      62.6738
-147.8561      62.67159
-147.8639      62.67293
-147.8534      62.67769
-147.8395      62.67755
-147.8209      62.68301
-147.8109      62.68366
-147.8043      62.68075
 1 
 1             252           
1
 -9999.0   ,   9990.0
   7
 8 
-145.922       62.67584
-145.9364      62.68145
-145.9316      62.68286
-145.9217      62.67995
-145.9138      62.68216
-145.9042      62.67789
-145.9089      62.67625
-145.922       62.67584
 1 
 1             253           
1
 -9999.0   ,   9990.0
   7
 12 
-141.2154      62.67679
-141.2081      62.67164
-141.2157      62.66711
-141.2116      62.66151
-141.2174      62.65916
-141.2278      62.66268
-141.2266      62.67206
-141.2312      62.6777
-141.231       62.68254
-141.2252      62.68189
-141.2198      62.67572
-141.2154      62.67679
 1 
 1             254           
1
 -9999.0   ,   9990.0
   7
 6 
-144.5335      62.66627
-144.5566      62.67658
-144.5505      62.68133
-144.5291      62.68096
-144.525       62.6771
-144.5335      62.66627
 1 
 1             255           
1
 -9999.0   ,   9990.0
   7
 7 
-148.3222      62.66322
-148.3293      62.66178
-148.3444      62.66464
-148.3504      62.66865
-148.346       62.67243
-148.3382      62.67134
-148.3222      62.66322
 1 
 1             256           
1
 -9999.0   ,   9990.0
   7
 15 
-141.2113      62.64624
-141.2239      62.64762
-141.2255      62.65305
-141.2152      62.6553
-141.2037      62.65516
-141.1889      62.66909
-141.1809      62.66597
-141.1794      62.66147
-141.1848      62.6561
-141.1939      62.65306
-141.1944      62.65009
-141.1823      62.64575
-141.1877      62.64476
-141.2008      62.64756
-141.2113      62.64624
 1 
 1             257           
1
 -9999.0   ,   9990.0
   7
 6 
-145.5221      62.66231
-145.5313      62.65835
-145.5463      62.65577
-145.5498      62.65798
-145.5471      62.66153
-145.5221      62.66231
 1 
 1             258           
1
 -9999.0   ,   9990.0
   7
 8 
-146.5109      62.65844
-146.5232      62.65361
-146.5364      62.65499
-146.546       62.65441
-146.5517      62.65575
-146.5474      62.65743
-146.5231      62.66001
-146.5109      62.65844
 1 
 1             259           
1
 -9999.0   ,   9990.0
   7
 8 
-145.3402      62.64055
-145.3614      62.64628
-145.3659      62.65129
-145.3636      62.65486
-145.359       62.65579
-145.3386      62.64827
-145.3361      62.64313
-145.3402      62.64055
 1 
 1             260           
1
 -9999.0   ,   9990.0
   7
 7 
-145.1935      62.64418
-145.2064      62.65369
-145.2042      62.65497
-145.1887      62.6552
-145.1794      62.6541
-145.1769      62.65192
-145.1935      62.64418
 1 
 1             261           
1
 -9999.0   ,   9990.0
   7
 9 
-145.9553      62.64625
-145.9657      62.65215
-145.9613      62.65427
-145.953       62.65074
-145.9469      62.65119
-145.9369      62.64897
-145.9387      62.6472
-145.9481      62.64757
-145.9553      62.64625
 1 
 1             262           
1
 -9999.0   ,   9990.0
   7
 7 
-145.4957      62.63692
-145.5039      62.63818
-145.5093      62.6462
-145.5065      62.6502
-145.5006      62.65018
-145.4894      62.63894
-145.4957      62.63692
 1 
 1             263           
1
 -9999.0   ,   9990.0
   7
 26 
-142.0615      62.59452
-142.064       62.59768
-142.0559      62.60129
-142.0493      62.60776
-142.052       62.61509
-142.0636      62.62139
-142.0666      62.62759
-142.071       62.6314
-142.0768      62.63656
-142.0688      62.64294
-142.0608      62.6431
-142.0512      62.63854
-142.0372      62.63691
-142.0275      62.6328
-142.0115      62.63588
-142.0014      62.6343
-141.9897      62.62544
-141.9862      62.61598
-141.988       62.61195
-141.9948      62.61241
-142.005       62.62139
-142.0106      62.61946
-142.013       62.61524
-142.0217      62.60961
-142.0524      62.59483
-142.0615      62.59452
 1 
 1             264           
1
 -9999.0   ,   9990.0
   7
 8 
-147.9271      62.62681
-147.9456      62.62956
-147.9392      62.63374
-147.9391      62.6383
-147.9344      62.64001
-147.9258      62.63705
-147.9247      62.62995
-147.9271      62.62681
 1 
 1             265           
1
 -9999.0   ,   9990.0
   7
 7 
-142.1016      62.62622
-142.1115      62.62826
-142.1154      62.63336
-142.1119      62.63658
-142.1042      62.63722
-142.1005      62.63306
-142.1016      62.62622
 1 
 1             266           
1
 -9999.0   ,   9990.0
   7
 6 
-145.0344      62.62648
-145.0454      62.63317
-145.0358      62.63617
-145.0224      62.63579
-145.016       62.6332
-145.0344      62.62648
 1 
 1             267           
1
 -9999.0   ,   9990.0
   7
 11 
-146.5717      62.63403
-146.5537      62.63134
-146.534       62.63363
-146.5285      62.63047
-146.5428      62.62502
-146.5505      62.61774
-146.5577      62.61593
-146.5829      62.61978
-146.5909      62.62898
-146.5867      62.63341
-146.5717      62.63403
 1 
 1             268           
1
 -9999.0   ,   9990.0
   7
 6 
-146.737       62.62574
-146.757       62.62802
-146.753       62.63131
-146.7439      62.63238
-146.732       62.62878
-146.737       62.62574
 1 
 1             269           
1
 -9999.0   ,   9990.0
   7
 11 
-141.9257      62.62504
-141.9586      62.61297
-141.9641      62.60827
-141.97        62.60705
-141.9739      62.60893
-141.966       62.62131
-141.9734      62.62641
-141.9682      62.63021
-141.9618      62.62979
-141.9519      62.62635
-141.9257      62.62504
 1 
 1             270           
1
 -9999.0   ,   9990.0
   7
 7 
-147.2242      62.62257
-147.2375      62.62343
-147.2432      62.6252
-147.2266      62.62996
-147.2199      62.62884
-147.2182      62.62628
-147.2242      62.62257
 1 
 1             271           
1
 -9999.0   ,   9990.0
   7
 12 
-146.9707      62.61444
-146.9812      62.60701
-146.9911      62.60755
-147.0088      62.6152
-147.0176      62.6228
-147.0162      62.62527
-147.0071      62.62681
-146.9882      62.62667
-146.9805      62.6287
-146.966       62.6255
-146.9629      62.62311
-146.9707      62.61444
 1 
 1             272           
1
 -9999.0   ,   9990.0
   7
 8 
-145.3073      62.59696
-145.3129      62.60111
-145.3059      62.60607
-145.2982      62.62658
-145.2901      62.62714
-145.2842      62.61497
-145.2977      62.59998
-145.3073      62.59696
 1 
 1             273           
1
 -9999.0   ,   9990.0
   7
 7 
-144.447       62.62002
-144.4511      62.62183
-144.4496      62.62382
-144.4395      62.62676
-144.4295      62.62672
-144.4272      62.62386
-144.447       62.62002
 1 
 1             274           
1
 -9999.0   ,   9990.0
   7
 8 
-145.7481      62.61831
-145.7624      62.61934
-145.7688      62.62189
-145.7684      62.6244
-145.7631      62.62601
-145.7553      62.62524
-145.7463      62.62006
-145.7481      62.61831
 1 
 1             275           
1
 -9999.0   ,   9990.0
   7
 8 
-146.7089      62.61176
-146.7264      62.60778
-146.7333      62.60847
-146.7372      62.6118
-146.725       62.62282
-146.7199      62.62357
-146.7158      62.62182
-146.7089      62.61176
 1 
 1             276           
1
 -9999.0   ,   9990.0
   7
 9 
-146.8371      62.61444
-146.8492      62.61644
-146.8529      62.6184
-146.8497      62.61989
-146.8318      62.62296
-146.8039      62.62341
-146.8008      62.61507
-146.8169      62.61698
-146.8371      62.61444
 1 
 1             277           
1
 -9999.0   ,   9990.0
   7
 8 
-146.9204      62.61214
-146.925       62.61434
-146.923       62.62114
-146.9137      62.62313
-146.9109      62.62212
-146.9124      62.61874
-146.9095      62.61201
-146.9204      62.61214
 1 
 1             278           
1
 -9999.0   ,   9990.0
   7
 8 
-145.8394      62.60092
-145.8623      62.60321
-145.8716      62.60701
-145.8624      62.61099
-145.8608      62.61666
-145.8308      62.615
-145.828       62.61145
-145.8394      62.60092
 1 
 1             279           
1
 -9999.0   ,   9990.0
   7
 7 
-145.1262      62.60428
-145.1336      62.60484
-145.1415      62.61207
-145.139       62.61448
-145.1301      62.61637
-145.1216      62.60728
-145.1262      62.60428
 1 
 1             280           
1
 -9999.0   ,   9990.0
   7
 9 
-142.1145      62.61532
-142.1081      62.61558
-142.0997      62.60909
-142.1049      62.60705
-142.1158      62.60802
-142.1242      62.60606
-142.126       62.60776
-142.1233      62.61261
-142.1145      62.61532
 1 
 1             281           
1
 -9999.0   ,   9990.0
   7
 7 
-148.5309      62.60202
-148.5364      62.60648
-148.5321      62.61004
-148.5255      62.61104
-148.5242      62.60919
-148.5241      62.60576
-148.5309      62.60202
 1 
 1             282           
1
 -9999.0   ,   9990.0
   7
 7 
-146.4723      62.60422
-146.4847      62.60719
-146.4881      62.61074
-146.4674      62.60955
-146.4628      62.6071
-146.4662      62.6047
-146.4723      62.60422
 1 
 1             283           
1
 -9999.0   ,   9990.0
   7
 8 
-145.3722      62.59544
-145.3813      62.59995
-145.392       62.60087
-145.395       62.60329
-145.3848      62.60972
-145.376       62.60889
-145.3698      62.5974
-145.3722      62.59544
 1 
 1             284           
1
 -9999.0   ,   9990.0
   7
 14 
-145.114       62.57715
-145.1207      62.58341
-145.1186      62.58858
-145.1252      62.59026
-145.1259      62.59396
-145.1063      62.60201
-145.0902      62.60037
-145.0858      62.59558
-145.1034      62.58996
-145.0981      62.58674
-145.0871      62.58716
-145.0845      62.58498
-145.0887      62.58196
-145.114       62.57715
 1 
 1             285           
1
 -9999.0   ,   9990.0
   7
 7 
-146.6283      62.60054
-146.626       62.59932
-146.6387      62.59107
-146.6462      62.59087
-146.6516      62.59448
-146.649       62.59851
-146.6283      62.60054
 1 
 1             286           
1
 -9999.0   ,   9990.0
   7
 6 
-146.1982      62.59514
-146.1856      62.58757
-146.1949      62.5854
-146.2026      62.58134
-146.2076      62.58657
-146.1982      62.59514
 1 
 1             287           
1
 -9999.0   ,   9990.0
   7
 8 
-146.2315      62.58334
-146.2362      62.58511
-146.2366      62.59108
-146.2329      62.59231
-146.2197      62.59114
-146.2153      62.588
-146.2202      62.58544
-146.2315      62.58334
 1 
 1             288           
1
 -9999.0   ,   9990.0
   7
 8 
-147.3325      62.57918
-147.3453      62.58711
-147.3357      62.59231
-147.3244      62.58786
-147.3263      62.58494
-147.3234      62.58074
-147.3266      62.57924
-147.3325      62.57918
 1 
 1             289           
1
 -9999.0   ,   9990.0
   7
 7 
-141.9352      62.58281
-141.9437      62.58753
-141.932       62.58951
-141.9238      62.58872
-141.917       62.58481
-141.9217      62.58282
-141.9352      62.58281
 1 
 1             290           
1
 -9999.0   ,   9990.0
   7
 14 
-146.1599      62.55868
-146.1658      62.55913
-146.1785      62.57128
-146.2023      62.57172
-146.2039      62.57361
-146.1779      62.58636
-146.1704      62.58677
-146.1567      62.58236
-146.1529      62.57856
-146.1646      62.56893
-146.1632      62.56544
-146.1543      62.56831
-146.1513      62.56522
-146.1599      62.55868
 1 
 1             291           
1
 -9999.0   ,   9990.0
   7
 9 
-141.2208      62.58043
-141.2289      62.58288
-141.2226      62.58541
-141.201       62.58407
-141.1992      62.58048
-141.2107      62.57911
-141.2149      62.57862
-141.2201      62.58022
-141.2208      62.58043
 1 
 1             292           
1
 -9999.0   ,   9990.0
   7
 8 
-146.2873      62.56824
-146.2995      62.5719
-146.3069      62.58064
-146.3006      62.58292
-146.2899      62.57887
-146.2766      62.58089
-146.2751      62.57809
-146.2873      62.56824
 1 
 1             293           
1
 -9999.0   ,   9990.0
   7
 7 
-146.523       62.5708
-146.531       62.57291
-146.5376      62.5784
-146.5361      62.58155
-146.5239      62.57746
-146.5196      62.57297
-146.523       62.5708
 1 
 1             294           
1
 -9999.0   ,   9990.0
   7
 6 
-149.3291      62.57561
-149.3115      62.57966
-149.2967      62.57966
-149.2919      62.57639
-149.3173      62.57497
-149.3291      62.57561
 1 
 1             295           
1
 -9999.0   ,   9990.0
   7
 7 
-146.4454      62.56895
-146.4486      62.57342
-146.4427      62.57915
-146.4298      62.57915
-146.4282      62.57703
-146.4323      62.57329
-146.4454      62.56895
 1 
 1             296           
1
 -9999.0   ,   9990.0
   7
 19 
-145.8955      62.57179
-145.8885      62.57494
-145.8864      62.57508
-145.8819      62.57537
-145.8771      62.5745
-145.8604      62.56559
-145.8532      62.55912
-145.8453      62.54575
-145.8287      62.53387
-145.8287      62.52838
-145.8431      62.51751
-145.8512      62.51691
-145.8562      62.5194
-145.8646      62.53256
-145.8675      62.54618
-145.876       62.55408
-145.8936      62.56325
-145.8919      62.56455
-145.8955      62.57179
 1 
 1             297           
1
 -9999.0   ,   9990.0
   7
 7 
-148.2249      62.56211
-148.2313      62.56295
-148.2222      62.56867
-148.2019      62.57299
-148.1935      62.57325
-148.1922      62.57139
-148.2249      62.56211
 1 
 1             298           
1
 -9999.0   ,   9990.0
   7
 7 
-145.7728      62.55886
-145.7868      62.56103
-145.7929      62.56586
-145.7919      62.56856
-145.7862      62.5697
-145.7784      62.56619
-145.7728      62.55886
 1 
 1             299           
1
 -9999.0   ,   9990.0
   7
 8 
-147.2919      62.56129
-147.2962      62.56576
-147.2914      62.56814
-147.2886      62.56668
-147.286       62.55723
-147.2911      62.55647
-147.2942      62.55908
-147.2919      62.56129
 1 
 1             300           
1
 -9999.0   ,   9990.0
   7
 8 
-143.2974      62.55902
-143.3         62.5571
-143.3108      62.55749
-143.3214      62.56064
-143.314       62.56412
-143.3079      62.561
-143.3028      62.56117
-143.2974      62.55902
 1 
 1             301           
1
 -9999.0   ,   9990.0
   7
 8 
-145.1415      62.55295
-145.1504      62.55771
-145.1485      62.55991
-145.1351      62.56206
-145.1227      62.56219
-145.1178      62.55922
-145.1224      62.55622
-145.1415      62.55295
 1 
 1             302           
1
 -9999.0   ,   9990.0
   7
 9 
-148.9076      62.54376
-148.912       62.54452
-148.9189      62.55606
-148.9161      62.56012
-148.9107      62.56025
-148.9055      62.55696
-148.9027      62.54914
-148.9035      62.54551
-148.9076      62.54376
 1 
 1             303           
1
 -9999.0   ,   9990.0
   7
 9 
-146.5644      62.54503
-146.5679      62.54789
-146.5625      62.55046
-146.5593      62.55766
-146.5546      62.5591
-146.5455      62.55741
-146.5408      62.55289
-146.5454      62.54894
-146.5644      62.54503
 1 
 1             304           
1
 -9999.0   ,   9990.0
   7
 8 
-145.7366      62.54594
-145.7464      62.5468
-145.7561      62.55315
-145.7562      62.55521
-145.7461      62.55595
-145.7353      62.55253
-145.7326      62.54875
-145.7366      62.54594
 1 
 1             305           
1
 -9999.0   ,   9990.0
   7
 10 
-145.1308      62.53299
-145.1224      62.53972
-145.116       62.54218
-145.0924      62.54775
-145.0518      62.55416
-145.0514      62.55162
-145.0644      62.54626
-145.0733      62.54437
-145.0883      62.54367
-145.1308      62.53299
 1 
 1             306           
1
 -9999.0   ,   9990.0
   7
 6 
-146.3471      62.54046
-146.3521      62.54591
-146.3499      62.55292
-146.3448      62.55091
-146.3414      62.54483
-146.3471      62.54046
 1 
 1             307           
1
 -9999.0   ,   9990.0
   7
 6 
-147.4269      62.54081
-147.4364      62.54405
-147.4284      62.55228
-147.4166      62.55102
-147.4147      62.5432
-147.4269      62.54081
 1 
 1             308           
1
 -9999.0   ,   9990.0
   7
 8 
-146.4509      62.53873
-146.4712      62.5422
-146.4607      62.54549
-146.4609      62.5503
-146.4538      62.55096
-146.4488      62.54849
-146.4461      62.54405
-146.4509      62.53873
 1 
 1             309           
1
 -9999.0   ,   9990.0
   7
 5 
-147.218       62.54032
-147.2241      62.54645
-147.2302      62.54915
-147.2136      62.55071
-147.218       62.54032
 1 
 1             310           
1
 -9999.0   ,   9990.0
   7
 6 
-145.7081      62.53424
-145.719       62.54179
-145.7177      62.54379
-145.7063      62.5463
-145.7013      62.5358
-145.7081      62.53424
 1 
 1             311           
1
 -9999.0   ,   9990.0
   7
 7 
-146.5463      62.52815
-146.56        62.5323
-146.5612      62.53395
-146.5526      62.54141
-146.5413      62.53759
-146.5397      62.53227
-146.5463      62.52815
 1 
 1             312           
1
 -9999.0   ,   9990.0
   7
 16 
-142.4076      62.52275
-142.4146      62.52435
-142.4123      62.52697
-142.3973      62.52738
-142.3986      62.53276
-142.411       62.5331
-142.4126      62.53781
-142.41        62.53971
-142.4029      62.53995
-142.3909      62.53849
-142.3799      62.53363
-142.3781      62.52637
-142.3804      62.52376
-142.3874      62.52191
-142.4004      62.52344
-142.4076      62.52275
 1 
 1             313           
1
 -9999.0   ,   9990.0
   7
 6 
-143.4864      62.52848
-143.4928      62.52885
-143.5048      62.53619
-143.5015      62.53922
-143.4939      62.53787
-143.4864      62.52848
 2 
 1             314           
1
 -9999.0   ,   9990.0
   7
 157 
-146.6555      62.47454
-146.6628      62.47845
-146.6693      62.47753
-146.6846      62.47188
-146.6875      62.469
-146.6758      62.45579
-146.6768      62.44919
-146.6719      62.43987
-146.678       62.43552
-146.679       62.42296
-146.6612      62.42327
-146.6589      62.42547
-146.6648      62.42865
-146.6666      62.43923
-146.6676      62.45414
-146.6629      62.46839
-146.6583      62.47257
-146.6499      62.46931
-146.6416      62.4688
-146.64        62.4573
-146.6492      62.4487
-146.6488      62.43931
-146.6392      62.43738
-146.6231      62.44551
-146.6198      62.44403
-146.6167      62.43591
-146.6271      62.42964
-146.6228      62.4256
-146.6331      62.41978
-146.632       62.41769
-146.6135      62.41292
-146.6131      62.40925
-146.6197      62.40491
-146.6216      62.39948
-146.6199      62.39187
-146.6231      62.38718
-146.624       62.38659
-146.6406      62.37612
-146.6422      62.37274
-146.6368      62.36639
-146.6433      62.36249
-146.6347      62.36059
-146.6257      62.36188
-146.5986      62.37054
-146.5928      62.37903
-146.5842      62.38079
-146.5769      62.38008
-146.5736      62.37881
-146.5723      62.36871
-146.5683      62.3665
-146.547       62.36072
-146.535       62.35915
-146.5229      62.35186
-146.5156      62.35115
-146.5058      62.35354
-146.4991      62.35284
-146.4948      62.35041
-146.4919      62.3487
-146.4865      62.34255
-146.4809      62.3284
-146.472       62.32305
-146.4687      62.31584
-146.4747      62.30667
-146.4697      62.30123
-146.4776      62.29785
-146.4854      62.28623
-146.4948      62.28611
-146.4873      62.29843
-146.4946      62.29937
-146.5049      62.29631
-146.5143      62.29618
-146.5187      62.29337
-146.5169      62.28598
-146.5221      62.28136
-146.5326      62.27716
-146.5371      62.27697
-146.5445      62.27667
-146.5411      62.2825
-146.5427      62.28461
-146.5514      62.28835
-146.5672      62.28799
-146.5771      62.29086
-146.5883      62.2972
-146.5937      62.29739
-146.6002      62.29052
-146.606       62.29759
-146.597       62.30758
-146.6048      62.3138
-146.6182      62.31335
-146.6146      62.32374
-146.6173      62.32818
-146.6325      62.33443
-146.6372      62.33872
-146.6397      62.3539
-146.6407      62.35444
-146.6451      62.35706
-146.6528      62.35229
-146.6487      62.34712
-146.6598      62.34545
-146.6655      62.34084
-146.6711      62.33966
-146.6757      62.35057
-146.6688      62.35674
-146.6704      62.35953
-146.6811      62.36311
-146.6904      62.37898
-146.6874      62.38552
-146.6906      62.3902
-146.7083      62.4004
-146.7131      62.40698
-146.7072      62.41638
-146.7062      62.42841
-146.7062      62.42916
-146.6996      62.43945
-146.696       62.44345
-146.6839      62.44829
-146.6951      62.45851
-146.6959      62.46631
-146.7049      62.4744
-146.6984      62.48127
-146.6933      62.48224
-146.686       62.47833
-146.6794      62.47925
-146.6835      62.48465
-146.6774      62.48901
-146.6811      62.49349
-146.6924      62.49753
-146.6949      62.50013
-146.6917      62.50505
-146.695       62.50928
-146.7023      62.51296
-146.7267      62.51837
-146.7333      62.51812
-146.778       62.51644
-146.7933      62.52313
-146.8048      62.53151
-146.803       62.53351
-146.7952      62.53325
-146.7914      62.53839
-146.7876      62.53757
-146.7807      62.53094
-146.7742      62.52797
-146.7201      62.52226
-146.6962      62.5171
-146.6847      62.51122
-146.6832      62.50202
-146.6769      62.49837
-146.6701      62.49745
-146.6644      62.49932
-146.6557      62.4981
-146.6505      62.49312
-146.6566      62.48899
-146.6663      62.48726
-146.6628      62.48463
-146.6556      62.48323
-146.652       62.47784
-146.6555      62.47454
 1             314           2 
1
 -9999.0   ,   9990.0
   7
 16 
-146.6391      62.38248
-146.635       62.38668
-146.637       62.38972
-146.6276      62.3926
-146.638       62.40463
-146.647       62.40723
-146.661       62.41526
-146.6777      62.41903
-146.6842      62.41857
-146.685       62.41608
-146.6747      62.41298
-146.6658      62.40696
-146.6703      62.40048
-146.6672      62.39831
-146.6589      62.3978
-146.6391      62.38248
 1 
 1             315           
1
 -9999.0   ,   9990.0
   7
 6 
-146.2955      62.52324
-146.3009      62.52642
-146.3052      62.53298
-146.3027      62.53609
-146.2943      62.53327
-146.2955      62.52324
 1 
 1             316           
1
 -9999.0   ,   9990.0
   7
 9 
-140.8491      62.52145
-140.8605      62.52267
-140.8661      62.52848
-140.8671      62.53418
-140.8575      62.53398
-140.8476      62.53149
-140.8422      62.52751
-140.8441      62.52298
-140.8491      62.52145
 1 
 1             317           
1
 -9999.0   ,   9990.0
   7
 8 
-147.0157      62.51871
-147.0166      62.52286
-147.027       62.52982
-147.0241      62.53224
-147.0173      62.53134
-147.0033      62.52266
-147.0087      62.51918
-147.0157      62.51871
 1 
 1             318           
1
 -9999.0   ,   9990.0
   7
 6 
-145.7677      62.51813
-145.7733      62.51996
-145.7772      62.53065
-145.7735      62.5321
-145.767       62.52955
-145.7677      62.51813
 1 
 1             319           
1
 -9999.0   ,   9990.0
   7
 7 
-146.9762      62.51791
-146.9784      62.52004
-146.9682      62.52863
-146.9611      62.52634
-146.9589      62.52124
-146.9634      62.51773
-146.9762      62.51791
 1 
 1             320           
1
 -9999.0   ,   9990.0
   7
 18 
-141.2991      62.51616
-141.292       62.51795
-141.2821      62.52647
-141.2783      62.52735
-141.2757      62.52463
-141.2773      62.51712
-141.2745      62.51507
-141.2644      62.51826
-141.2561      62.51766
-141.2399      62.51255
-141.2227      62.51015
-141.2168      62.50534
-141.2219      62.50363
-141.2439      62.505
-141.2633      62.50247
-141.2706      62.50878
-141.2905      62.51046
-141.2991      62.51616
 1 
 1             321           
1
 -9999.0   ,   9990.0
   7
 6 
-145.9316      62.52698
-145.9252      62.5242
-145.9257      62.52102
-145.9343      62.51472
-145.9401      62.51816
-145.9316      62.52698
 1 
 1             322           
1
 -9999.0   ,   9990.0
   7
 7 
-148.0362      62.51122
-148.0434      62.51299
-148.0526      62.52327
-148.0507      62.52688
-148.045       62.52491
-148.0334      62.51412
-148.0362      62.51122
 1 
 1             323           
1
 -9999.0   ,   9990.0
   7
 7 
-144.9908      62.51698
-144.9942      62.51943
-144.9823      62.52645
-144.9673      62.52254
-144.9644      62.51989
-144.9684      62.5171
-144.9908      62.51698
 1 
 1             324           
1
 -9999.0   ,   9990.0
   7
 7 
-146.6001      62.52241
-146.5964      62.52465
-146.5871      62.52432
-146.578       62.516
-146.5829      62.51343
-146.5933      62.5163
-146.6001      62.52241
 1 
 1             325           
1
 -9999.0   ,   9990.0
   7
 8 
-147.0256      62.51583
-147.0322      62.51741
-147.0442      62.51687
-147.0512      62.52006
-147.0491      62.52389
-147.0409      62.52226
-147.0287      62.52439
-147.0256      62.51583
 1 
 1             326           
1
 -9999.0   ,   9990.0
   7
 9 
-146.5402      62.50849
-146.543       62.50928
-146.5436      62.51479
-146.5488      62.51612
-146.5527      62.51946
-146.5462      62.52266
-146.5332      62.51763
-146.529       62.51313
-146.5402      62.50849
 1 
 1             327           
1
 -9999.0   ,   9990.0
   7
 10 
-143.2605      62.51549
-143.2662      62.51283
-143.2764      62.51205
-143.3155      62.51432
-143.3212      62.51741
-143.3172      62.52108
-143.2954      62.5189
-143.2822      62.51997
-143.2646      62.51871
-143.2605      62.51549
 1 
 1             328           
1
 -9999.0   ,   9990.0
   7
 15 
-146.4937      62.49885
-146.5129      62.50844
-146.5155      62.5138
-146.5128      62.51828
-146.5078      62.51856
-146.503       62.51451
-146.4959      62.51265
-146.4935      62.51531
-146.4954      62.51881
-146.4921      62.52052
-146.4812      62.51762
-146.4764      62.51379
-146.4859      62.50749
-146.4882      62.49911
-146.4937      62.49885
 1 
 1             329           
1
 -9999.0   ,   9990.0
   7
 7 
-146.0238      62.50495
-146.0303      62.51001
-146.0251      62.51713
-146.0151      62.5204
-146.0071      62.51803
-146.0003      62.51181
-146.0238      62.50495
 1 
 1             330           
1
 -9999.0   ,   9990.0
   7
 7 
-147.4384      62.51052
-147.4437      62.51158
-147.4379      62.51782
-147.4232      62.51693
-147.4161      62.51467
-147.429       62.51116
-147.4384      62.51052
 1 
 1             331           
1
 -9999.0   ,   9990.0
   7
 8 
-146.2956      62.5054
-146.3097      62.50706
-146.3043      62.50984
-146.3076      62.51339
-146.3057      62.51607
-146.2962      62.5132
-146.2912      62.5082
-146.2956      62.5054
 1 
 1             332           
1
 -9999.0   ,   9990.0
   7
 6 
-145.9255      62.50339
-145.9343      62.50419
-145.918       62.51454
-145.9115      62.51245
-145.9204      62.50433
-145.9255      62.50339
 1 
 1             333           
1
 -9999.0   ,   9990.0
   7
 7 
-145.2384      62.49976
-145.2456      62.50375
-145.2318      62.51253
-145.2156      62.5141
-145.2135      62.50507
-145.227       62.49972
-145.2384      62.49976
 1 
 1             334           
1
 -9999.0   ,   9990.0
   7
 18 
-145.7354      62.46621
-145.7426      62.47038
-145.7591      62.47999
-145.7824      62.49789
-145.791       62.5074
-145.7899      62.51078
-145.7839      62.51123
-145.7779      62.5087
-145.7699      62.49853
-145.7661      62.49768
-145.7605      62.50364
-145.7569      62.50441
-145.7417      62.50379
-145.7343      62.50074
-145.7197      62.47358
-145.7223      62.47002
-145.7299      62.46667
-145.7354      62.46621
 1 
 1             335           
1
 -9999.0   ,   9990.0
   7
 9 
-147.0315      62.5023
-147.0374      62.50271
-147.0448      62.50638
-147.0429      62.50906
-147.0312      62.50755
-147.0208      62.51087
-147.0146      62.50954
-147.0102      62.50619
-147.0315      62.5023
 1 
 1             336           
1
 -9999.0   ,   9990.0
   7
 7 
-140.6524      62.50336
-140.6436      62.49963
-140.6427      62.48839
-140.6528      62.48857
-140.6585      62.49207
-140.6566      62.50098
-140.6524      62.50336
 1 
 1             337           
1
 -9999.0   ,   9990.0
   7
 6 
-140.4628      62.4965
-140.4548      62.50078
-140.4495      62.50001
-140.4504      62.49671
-140.4558      62.49055
-140.4628      62.4965
 1 
 1             338           
1
 -9999.0   ,   9990.0
   7
 8 
-145.6508      62.48402
-145.663       62.48773
-145.6761      62.49926
-145.672       62.50024
-145.6564      62.49639
-145.6487      62.49263
-145.6462      62.48749
-145.6508      62.48402
 1 
 1             339           
1
 -9999.0   ,   9990.0
   7
 7 
-146.2175      62.4819
-146.2261      62.4836
-146.2396      62.49714
-146.2202      62.49756
-146.2215      62.48709
-146.2147      62.48385
-146.2175      62.4819
 1 
 1             340           
1
 -9999.0   ,   9990.0
   7
 11 
-146.4977      62.47748
-146.5009      62.47943
-146.5009      62.48812
-146.5124      62.49356
-146.5108      62.49716
-146.4961      62.49642
-146.4855      62.49192
-146.4767      62.48199
-146.4808      62.48146
-146.4883      62.48378
-146.4977      62.47748
 1 
 1             341           
1
 -9999.0   ,   9990.0
   7
 11 
-145.9984      62.47558
-146.0069      62.4727
-146.0284      62.47674
-146.0341      62.47559
-146.0391      62.46983
-146.0485      62.47248
-146.0551      62.47709
-146.0458      62.48199
-146.045       62.48631
-146.0237      62.48915
-145.9984      62.47558
 1 
 1             342           
1
 -9999.0   ,   9990.0
   7
 7 
-146.6001      62.48085
-146.6221      62.48231
-146.6201      62.48521
-146.6134      62.48704
-146.6038      62.48556
-146.5975      62.48168
-146.6001      62.48085
 1 
 1             343           
1
 -9999.0   ,   9990.0
   7
 17 
-145.9484      62.44065
-145.9506      62.44486
-145.9454      62.44923
-145.9489      62.45692
-145.944       62.47001
-145.9482      62.47429
-145.9584      62.47813
-145.9626      62.4847
-145.9509      62.4863
-145.9452      62.48539
-145.9429      62.47866
-145.9308      62.47475
-145.9267      62.46452
-145.9373      62.45555
-145.9355      62.44655
-145.9408      62.44195
-145.9484      62.44065
 1 
 1             344           
1
 -9999.0   ,   9990.0
   7
 9 
-140.4789      62.46603
-140.4851      62.46812
-140.4711      62.48114
-140.464       62.48234
-140.4596      62.48128
-140.4499      62.47299
-140.4505      62.47041
-140.4548      62.46848
-140.4789      62.46603
 1 
 1             345           
1
 -9999.0   ,   9990.0
   7
 7 
-141.3446      62.47904
-141.3174      62.47523
-141.3139      62.47082
-141.3248      62.46676
-141.3369      62.46625
-141.3423      62.46941
-141.3446      62.47904
 1 
 1             346           
1
 -9999.0   ,   9990.0
   7
 7 
-147.0779      62.46261
-147.0953      62.47573
-147.0934      62.47842
-147.0769      62.47584
-147.0744      62.47324
-147.0725      62.46541
-147.0779      62.46261
 1 
 1             347           
1
 -9999.0   ,   9990.0
   7
 8 
-141.2836      62.4587
-141.2839      62.4638
-141.2908      62.47261
-141.29        62.47671
-141.285       62.47658
-141.2649      62.46219
-141.2681      62.46034
-141.2836      62.4587
 1 
 1             348           
1
 -9999.0   ,   9990.0
   7
 8 
-146.2751      62.46666
-146.281       62.46962
-146.281       62.47259
-146.2737      62.47461
-146.2602      62.47228
-146.2611      62.47025
-146.266       62.47043
-146.2751      62.46666
 1 
 1             349           
1
 -9999.0   ,   9990.0
   7
 6 
-143.4944      62.47011
-143.4929      62.46635
-143.5031      62.4637
-143.5084      62.46791
-143.5055      62.46958
-143.4944      62.47011
 1 
 1             350           
1
 -9999.0   ,   9990.0
   7
 10 
-146.5116      62.45327
-146.4999      62.46178
-146.4897      62.46622
-146.4846      62.45551
-146.4895      62.44654
-146.4948      62.44421
-146.492       62.44068
-146.4953      62.43851
-146.501       62.44008
-146.5116      62.45327
 1 
 1             351           
1
 -9999.0   ,   9990.0
   7
 7 
-146.5914      62.44898
-146.5957      62.4496
-146.6038      62.46086
-146.5998      62.46415
-146.5891      62.46011
-146.5845      62.45515
-146.5914      62.44898
 1 
 1             352           
1
 -9999.0   ,   9990.0
   7
 7 
-146.5184      62.45397
-146.521       62.45017
-146.5292      62.45755
-146.5282      62.46049
-146.524       62.4624
-146.5178      62.46058
-146.5184      62.45397
 1 
 1             353           
1
 -9999.0   ,   9990.0
   7
 7 
-147.1491      62.45157
-147.1706      62.45338
-147.1733      62.45552
-147.171       62.45774
-147.1565      62.45843
-147.144       62.45301
-147.1491      62.45157
 1 
 1             354           
1
 -9999.0   ,   9990.0
   7
 30 
-145.808       62.40115
-145.823       62.40565
-145.8303      62.40617
-145.846       62.40428
-145.8578      62.40705
-145.8725      62.42069
-145.8709      62.42429
-145.8548      62.42868
-145.8492      62.43486
-145.8259      62.43737
-145.8139      62.44078
-145.8122      62.4434
-145.8112      62.44501
-145.8052      62.44775
-145.7957      62.44851
-145.7757      62.44678
-145.7586      62.45135
-145.7451      62.45172
-145.7314      62.45642
-145.7291      62.45289
-145.7371      62.44429
-145.7317      62.42369
-145.7357      62.42042
-145.7471      62.4179
-145.7705      62.41932
-145.7739      62.41739
-145.7765      62.40857
-145.7825      62.40813
-145.7995      62.40195
-145.808       62.40115
 1 
 1             355           
1
 -9999.0   ,   9990.0
   7
 24 
-143.4211      62.41329
-143.3981      62.41588
-143.3945      62.41843
-143.4123      62.44105
-143.4251      62.44684
-143.432       62.45253
-143.4258      62.45539
-143.4184      62.45542
-143.404       62.44955
-143.3963      62.44887
-143.3895      62.44641
-143.3693      62.42364
-143.3823      62.40853
-143.3814      62.40066
-143.3762      62.39577
-143.3621      62.3892
-143.3676      62.38745
-143.3922      62.38818
-143.3953      62.39848
-143.4076      62.4047
-143.4153      62.40721
-143.4259      62.40828
-143.4289      62.41029
-143.4211      62.41329
 1 
 1             356           
1
 -9999.0   ,   9990.0
   7
 7 
-145.975       62.44948
-145.9675      62.44735
-145.9606      62.43907
-145.9671      62.4304
-145.9775      62.43309
-145.9816      62.44058
-145.975       62.44948
 1 
 1             357           
1
 -9999.0   ,   9990.0
   7
 8 
-147.7161      62.44149
-147.7247      62.43624
-147.7393      62.43366
-147.7611      62.4331
-147.7446      62.43838
-147.7332      62.43921
-147.7214      62.44278
-147.7161      62.44149
 1 
 1             358           
1
 -9999.0   ,   9990.0
   7
 7 
-145.8906      62.42737
-145.8965      62.43539
-145.8939      62.43872
-145.8889      62.43897
-145.8857      62.4377
-145.8833      62.43188
-145.8906      62.42737
 1 
 1             359           
1
 -9999.0   ,   9990.0
   7
 7 
-140.2621      62.42862
-140.28        62.43449
-140.2802      62.43655
-140.2595      62.43595
-140.253       62.43412
-140.2549      62.42959
-140.2621      62.42862
 1 
 1             360           
1
 -9999.0   ,   9990.0
   7
 8 
-140.3797      62.43055
-140.3741      62.43465
-140.3684      62.43529
-140.3448      62.43491
-140.341       62.43242
-140.3511      62.42985
-140.3643      62.42913
-140.3797      62.43055
 1 
 1             361           
1
 -9999.0   ,   9990.0
   7
 9 
-145.1912      62.42455
-145.1974      62.42529
-145.1989      62.42765
-145.1939      62.43292
-145.1885      62.43498
-145.1808      62.43371
-145.1783      62.43154
-145.1827      62.42738
-145.1912      62.42455
 1 
 1             362           
1
 -9999.0   ,   9990.0
   7
 11 
-146.9502      62.42103
-146.9658      62.42291
-146.9748      62.42183
-146.9817      62.42548
-146.9992      62.43061
-146.9958      62.43302
-146.9899      62.43283
-146.9719      62.42814
-146.9554      62.42646
-146.9494      62.42352
-146.9502      62.42103
 1 
 1             363           
1
 -9999.0   ,   9990.0
   7
 17 
-143.4856      62.42066
-143.4931      62.41855
-143.5129      62.42082
-143.5542      62.42201
-143.5723      62.42097
-143.6008      62.41637
-143.6209      62.41542
-143.6403      62.40938
-143.6516      62.41346
-143.6416      62.41773
-143.6114      62.42339
-143.551       62.43056
-143.5375      62.43072
-143.5156      62.42741
-143.484       62.42861
-143.4769      62.42361
-143.4856      62.42066
 1 
 1             364           
1
 -9999.0   ,   9990.0
   7
 9 
-149.7987      62.42175
-149.8123      62.42465
-149.8166      62.42768
-149.815       62.42971
-149.8081      62.43054
-149.7999      62.42724
-149.7925      62.42715
-149.7888      62.42345
-149.7987      62.42175
 1 
 1             365           
1
 -9999.0   ,   9990.0
   7
 8 
-145.9776      62.42142
-145.9743      62.41786
-145.9862      62.41237
-145.9984      62.41033
-146.0012      62.41433
-145.9981      62.41742
-145.9912      62.42012
-145.9776      62.42142
 1 
 1             366           
1
 -9999.0   ,   9990.0
   7
 8 
-145.6223      62.40908
-145.6232      62.41736
-145.6132      62.42061
-145.6023      62.42061
-145.5993      62.4182
-145.6039      62.41472
-145.6133      62.4094
-145.6223      62.40908
 1 
 1             367           
1
 -9999.0   ,   9990.0
   7
 12 
-146.5917      62.39204
-146.5958      62.39424
-146.5919      62.40005
-146.5943      62.40356
-146.6047      62.40667
-146.6001      62.41657
-146.5904      62.4183
-146.5824      62.41596
-146.5661      62.4012
-146.5707      62.39702
-146.5833      62.39242
-146.5917      62.39204
 1 
 1             368           
1
 -9999.0   ,   9990.0
   7
 7 
-143.7242      62.40463
-143.7324      62.40554
-143.7392      62.41005
-143.7356      62.41238
-143.7277      62.41263
-143.7173      62.40677
-143.7242      62.40463
 1 
 1             369           
1
 -9999.0   ,   9990.0
   7
 11 
-146.8841      62.39212
-146.8913      62.3903
-146.9014      62.392
-146.9178      62.39094
-146.9296      62.39773
-146.9432      62.40914
-146.9378      62.41194
-146.925       62.40535
-146.9162      62.40461
-146.8996      62.40018
-146.8841      62.39212
 1 
 1             370           
1
 -9999.0   ,   9990.0
   7
 9 
-147.908       62.39994
-147.9091      62.40316
-147.9053      62.40604
-147.8916      62.40546
-147.8827      62.40134
-147.8867      62.40121
-147.894       62.39775
-147.9024      62.39773
-147.908       62.39994
 1 
 1             371           
1
 -9999.0   ,   9990.0
   7
 39 
-146.0107      62.40532
-145.993       62.39661
-145.9913      62.38144
-145.9988      62.3783
-146.0176      62.38064
-146.0196      62.37796
-146.0108      62.3664
-145.9894      62.35939
-145.9834      62.35457
-145.9797      62.34756
-145.9844      62.34359
-145.989       62.33968
-145.981       62.327
-145.9837      62.32024
-146.006       62.29456
-146.0195      62.29371
-146.038       62.29764
-146.0586      62.29753
-146.0685      62.29998
-146.0713      62.30352
-146.0661      62.30789
-146.0615      62.30886
-146.0467      62.30645
-146.034       62.30848
-146.0215      62.30684
-146.0134      62.30836
-146.0144      62.31114
-146.0223      62.31446
-146.024       62.31518
-146.0249      62.31842
-146.0181      62.32846
-146.0247      62.33329
-146.0404      62.3362
-146.0605      62.33377
-146.0664      62.33652
-146.0797      62.37252
-146.0483      62.39351
-146.0226      62.3996
-146.0107      62.40532
 1 
 1             372           
1
 -9999.0   ,   9990.0
   7
 7 
-140.217       62.38133
-140.2053      62.39392
-140.1967      62.395
-140.1913      62.39376
-140.1869      62.38946
-140.1889      62.38633
-140.217       62.38133
 1 
 1             373           
1
 -9999.0   ,   9990.0
   7
 18 
-146.5244      62.3693
-146.5409      62.374
-146.5452      62.37782
-146.5443      62.38053
-146.5568      62.3915
-146.5519      62.3943
-146.5467      62.3932
-146.5391      62.38538
-146.5306      62.38279
-146.521       62.39023
-146.5087      62.39025
-146.499       62.39242
-146.4968      62.39074
-146.4996      62.38833
-146.5179      62.38234
-146.5208      62.37947
-146.5172      62.37111
-146.5244      62.3693
 1 
 1             374           
1
 -9999.0   ,   9990.0
   7
 11 
-145.9276      62.37641
-145.9295      62.3822
-145.9267      62.3869
-145.9176      62.39066
-145.9073      62.38751
-145.9045      62.37892
-145.909       62.37841
-145.9139      62.38387
-145.9187      62.38452
-145.923       62.37737
-145.9276      62.37641
 1 
 1             375           
1
 -9999.0   ,   9990.0
   7
 8 
-149.6911      62.37747
-149.6964      62.37914
-149.6982      62.38236
-149.6939      62.38801
-149.6901      62.38659
-149.6798      62.38622
-149.6784      62.38438
-149.6911      62.37747
 1 
 1             376           
1
 -9999.0   ,   9990.0
   7
 62 
-142.8826      62.35142
-142.8873      62.36114
-142.8859      62.36589
-142.8794      62.37147
-142.8801      62.37611
-142.8747      62.38453
-142.8702      62.38655
-142.867       62.37669
-142.8796      62.36021
-142.8772      62.35454
-142.8682      62.34961
-142.8644      62.3457
-142.8625      62.33661
-142.8697      62.32186
-142.8848      62.31382
-142.8927      62.30533
-142.8927      62.28438
-142.8965      62.2814
-142.9089      62.27227
-142.9121      62.26464
-142.9115      62.25608
-142.9183      62.24615
-142.9155      62.22964
-142.909       62.22464
-142.9014      62.22348
-142.8944      62.2189
-142.8796      62.21869
-142.8615      62.20952
-142.8593      62.20339
-142.87        62.19669
-142.8676      62.18802
-142.8604      62.18206
-142.8648      62.17703
-142.8696      62.17917
-142.8742      62.18544
-142.8761      62.19095
-142.879       62.19978
-142.8719      62.20417
-142.8736      62.20681
-142.877       62.21208
-142.8937      62.21426
-142.9115      62.21927
-142.9167      62.20601
-142.9162      62.20091
-142.9119      62.19697
-142.9095      62.19542
-142.9073      62.19392
-142.9112      62.19232
-142.9148      62.19284
-142.9197      62.19354
-142.927       62.20112
-142.9229      62.22273
-142.925       62.23162
-142.9279      62.24351
-142.9187      62.25676
-142.9202      62.26375
-142.9173      62.2707
-142.9045      62.28442
-142.8995      62.31103
-142.8798      62.32456
-142.8754      62.33142
-142.8826      62.35142
 1 
 1             377           
1
 -9999.0   ,   9990.0
   7
 7 
-146.486       62.36336
-146.5081      62.37559
-146.5062      62.37827
-146.4887      62.3797
-146.481       62.37554
-146.4789      62.37042
-146.486       62.36336
 1 
 1             378           
1
 -9999.0   ,   9990.0
   7
 11 
-146.158       62.36201
-146.1613      62.37107
-146.1589      62.37395
-146.1515      62.37641
-146.1321      62.37453
-146.1215      62.37641
-146.1153      62.3748
-146.1142      62.36972
-146.117       62.36525
-146.138       62.36628
-146.158       62.36201
 1 
 1             379           
1
 -9999.0   ,   9990.0
   7
 6 
-146.3922      62.36112
-146.3978      62.36613
-146.4061      62.36964
-146.3855      62.37507
-146.3792      62.36865
-146.3922      62.36112
 1 
 1             380           
1
 -9999.0   ,   9990.0
   7
 8 
-146.339       62.35528
-146.3442      62.35708
-146.346       62.36103
-146.3549      62.36616
-146.3529      62.36952
-146.3467      62.36838
-146.3333      62.35736
-146.339       62.35528
 1 
 1             381           
1
 -9999.0   ,   9990.0
   7
 12 
-147.827       62.35305
-147.8318      62.35454
-147.83        62.35724
-147.803       62.36841
-147.7921      62.36904
-147.784       62.36699
-147.7806      62.36233
-147.7845      62.35901
-147.7922      62.36058
-147.805       62.36046
-147.8169      62.35507
-147.827       62.35305
 1 
 1             382           
1
 -9999.0   ,   9990.0
   7
 13 
-146.2068      62.34234
-146.2139      62.34376
-146.2288      62.35187
-146.2423      62.35604
-146.2439      62.36091
-146.2319      62.36481
-146.2227      62.364
-146.2127      62.35905
-146.2177      62.35603
-146.2036      62.35229
-146.1935      62.34527
-146.1983      62.34271
-146.2068      62.34234
 1 
 1             383           
1
 -9999.0   ,   9990.0
   7
 7 
-146.463       62.34721
-146.4677      62.34852
-146.4781      62.36056
-146.4702      62.36371
-146.4593      62.3608
-146.4546      62.35354
-146.463       62.34721
 1 
 1             384           
1
 -9999.0   ,   9990.0
   7
 11 
-149.8713      62.3544
-149.869       62.35186
-149.8767      62.34579
-149.8919      62.33821
-149.8975      62.32458
-149.9066      62.32036
-149.9119      62.32042
-149.9078      62.33406
-149.8989      62.344
-149.8873      62.35048
-149.8713      62.3544
 1 
 1             385           
1
 -9999.0   ,   9990.0
   7
 8 
-149.3165      62.33507
-149.3204      62.33605
-149.3315      62.34513
-149.3294      62.34646
-149.3211      62.34701
-149.313       62.34278
-149.3119      62.33706
-149.3165      62.33507
 1 
 1             386           
1
 -9999.0   ,   9990.0
   7
 7 
-145.9021      62.31677
-145.9118      62.31762
-145.9184      62.322
-145.9168      62.32492
-145.906       62.32517
-145.8997      62.32172
-145.9021      62.31677
 1 
 1             387           
1
 -9999.0   ,   9990.0
   7
 14 
-146.6844      62.30214
-146.6805      62.30521
-146.685       62.31063
-146.6725      62.32461
-146.6545      62.32307
-146.6455      62.3207
-146.6356      62.31212
-146.6545      62.30432
-146.6563      62.30278
-146.6504      62.2996
-146.6603      62.29582
-146.6695      62.29705
-146.6755      62.29635
-146.6844      62.30214
 1 
 1             388           
1
 -9999.0   ,   9990.0
   7
 7 
-146.7318      62.32298
-146.7209      62.31712
-146.7214      62.3137
-146.7298      62.31033
-146.7377      62.30992
-146.7432      62.3188
-146.7318      62.32298
 1 
 1             389           
1
 -9999.0   ,   9990.0
   7
 8 
-144.8877      62.31409
-144.897       62.31476
-144.8975      62.31685
-144.8823      62.32117
-144.8758      62.32155
-144.8736      62.3203
-144.8789      62.3162
-144.8877      62.31409
 1 
 1             390           
1
 -9999.0   ,   9990.0
   7
 9 
-140.1117      62.30694
-140.1189      62.30759
-140.1242      62.31182
-140.1227      62.31608
-140.113       62.317
-140.1041      62.31993
-140.1012      62.31875
-140.1039      62.31164
-140.1117      62.30694
 1 
 1             391           
1
 -9999.0   ,   9990.0
   7
 7 
-145.9137      62.30167
-145.9193      62.30899
-145.9148      62.31179
-145.9079      62.31197
-145.9056      62.3057
-145.9073      62.30187
-145.9137      62.30167
 1 
 1             392           
1
 -9999.0   ,   9990.0
   7
 6 
-146.8681      62.30651
-146.8887      62.2969
-146.8924      62.3048
-146.884       62.31184
-146.8744      62.31015
-146.8681      62.30651
 1 
 1             393           
1
 -9999.0   ,   9990.0
   7
 7 
-145.9347      62.29976
-145.9419      62.30096
-145.9453      62.30407
-145.937       62.31175
-145.9322      62.31111
-145.929       62.30709
-145.9347      62.29976
 1 
 1             394           
1
 -9999.0   ,   9990.0
   7
 9 
-146.9859      62.29756
-146.9949      62.29968
-147.0034      62.29881
-147.0068      62.30257
-147.0052      62.30687
-146.9999      62.30899
-146.9891      62.3091
-146.9826      62.3002
-146.9859      62.29756
 1 
 1             395           
1
 -9999.0   ,   9990.0
   7
 6 
-146.73        62.29044
-146.7397      62.28825
-146.7452      62.2937
-146.7372      62.29755
-146.7356      62.29223
-146.73        62.29044
 1 
 1             396           
1
 -9999.0   ,   9990.0
   7
 6 
-142.9686      62.29731
-142.9642      62.29359
-142.9709      62.29101
-142.9761      62.29362
-142.9749      62.29608
-142.9686      62.29731
 1 
 1             397           
1
 -9999.0   ,   9990.0
   7
 5 
-146.7613      62.28807
-146.7734      62.2958
-146.7625      62.29634
-146.7573      62.29159
-146.7613      62.28807
 1 
 1             398           
1
 -9999.0   ,   9990.0
   7
 6 
-149.6631      62.28923
-149.6705      62.28796
-149.6756      62.29237
-149.6759      62.29602
-149.6676      62.295
-149.6631      62.28923
 1 
 1             399           
1
 -9999.0   ,   9990.0
   7
 7 
-145.8882      62.28256
-145.9003      62.28625
-145.8984      62.28892
-145.8829      62.29265
-145.8776      62.28649
-145.8812      62.28297
-145.8882      62.28256
 1 
 1             400           
1
 -9999.0   ,   9990.0
   7
 6 
-146.2853      62.28075
-146.2897      62.28366
-146.2833      62.28937
-146.2767      62.29095
-146.2698      62.2852
-146.2853      62.28075
 1 
 1             401           
1
 -9999.0   ,   9990.0
   7
 7 
-140.6863      62.27899
-140.7015      62.2857
-140.6988      62.28959
-140.6934      62.29093
-140.676       62.28368
-140.678       62.28099
-140.6863      62.27899
 1 
 1             402           
1
 -9999.0   ,   9990.0
   7
 14 
-141.1912      62.27458
-141.2178      62.27515
-141.2219      62.27615
-141.2275      62.28303
-141.2239      62.28485
-141.2163      62.28521
-141.2111      62.28298
-141.2001      62.2891
-141.1932      62.28905
-141.1894      62.28715
-141.1823      62.28894
-141.1695      62.28569
-141.1727      62.28084
-141.1912      62.27458
 1 
 1             403           
1
 -9999.0   ,   9990.0
   7
 8 
-142.9742      62.27027
-142.9802      62.27017
-142.9818      62.27672
-142.9763      62.28582
-142.9683      62.28786
-142.9637      62.28298
-142.9692      62.27066
-142.9742      62.27027
 1 
 1             404           
1
 -9999.0   ,   9990.0
   7
 9 
-146.6303      62.2774
-146.6343      62.28028
-146.6239      62.28701
-146.6101      62.28721
-146.6041      62.28449
-146.6059      62.28272
-146.6151      62.28327
-146.6187      62.27928
-146.6303      62.2774
 1 
 1             405           
1
 -9999.0   ,   9990.0
   7
 7 
-146.661       62.2732
-146.6641      62.27491
-146.6604      62.27981
-146.6651      62.28432
-146.6523      62.28456
-146.654       62.27707
-146.661       62.2732
 1 
 1             406           
1
 -9999.0   ,   9990.0
   7
 10 
-146.1498      62.26876
-146.1776      62.27257
-146.177       62.27896
-146.1712      62.28126
-146.1525      62.28398
-146.1392      62.28416
-146.1283      62.27916
-146.1397      62.2757
-146.1453      62.26905
-146.1498      62.26876
 1 
 1             407           
1
 -9999.0   ,   9990.0
   7
 8 
-140.6086      62.28386
-140.601       62.27611
-140.605       62.2735
-140.6122      62.27273
-140.618       62.27508
-140.617       62.27954
-140.6132      62.28282
-140.6086      62.28386
 1 
 1             408           
1
 -9999.0   ,   9990.0
   7
 8 
-146.3881      62.26555
-146.4036      62.26703
-146.412       62.26962
-146.4124      62.27329
-146.4044      62.2769
-146.3977      62.27597
-146.3868      62.26733
-146.3881      62.26555
 1 
 1             409           
1
 -9999.0   ,   9990.0
   7
 7 
-145.9191      62.26136
-145.9225      62.26195
-145.9307      62.27075
-145.9273      62.27313
-145.9201      62.27239
-145.9167      62.2695
-145.9191      62.26136
 1 
 1             410           
1
 -9999.0   ,   9990.0
   7
 16 
-146.0981      62.24434
-146.1097      62.24525
-146.1141      62.24839
-146.117       62.25926
-146.1278      62.26518
-146.1254      62.2676
-146.1138      62.2667
-146.097       62.26994
-146.0889      62.26299
-146.0743      62.25899
-146.0711      62.25498
-146.0731      62.25208
-146.0809      62.25261
-146.0837      62.25065
-146.0815      62.24668
-146.0981      62.24434
 1 
 1             411           
1
 -9999.0   ,   9990.0
   7
 9 
-140.4667      62.25278
-140.4746      62.25267
-140.4799      62.25505
-140.4691      62.26853
-140.4595      62.26947
-140.4558      62.2672
-140.4631      62.26251
-140.4624      62.2561
-140.4667      62.25278
 1 
 1             412           
1
 -9999.0   ,   9990.0
   7
 7 
-143.3814      62.25399
-143.3885      62.25532
-143.3906      62.26418
-143.3882      62.26771
-143.3813      62.26387
-143.3791      62.25892
-143.3814      62.25399
 1 
 1             413           
1
 -9999.0   ,   9990.0
   7
 12 
-146.5068      62.24856
-146.5178      62.25032
-146.5224      62.25529
-146.5215      62.25778
-146.517       62.2583
-146.5083      62.26348
-146.497       62.26377
-146.4885      62.2614
-146.4903      62.25941
-146.5021      62.25937
-146.5104      62.25394
-146.5068      62.24856
 1 
 1             414           
1
 -9999.0   ,   9990.0
   7
 5 
-140.7153      62.25972
-140.6945      62.2599
-140.6826      62.25548
-140.6896      62.25426
-140.7153      62.25972
 1 
 1             415           
1
 -9999.0   ,   9990.0
   7
 8 
-140.6365      62.24369
-140.6554      62.24828
-140.6612      62.25246
-140.6592      62.25931
-140.6519      62.25986
-140.6401      62.25427
-140.6325      62.24653
-140.6365      62.24369
 1 
 1             416           
1
 -9999.0   ,   9990.0
   7
 44 
-141.8701      62.25741
-141.8772      62.25352
-141.9044      62.24893
-141.9269      62.23871
-141.9572      62.24148
-141.9732      62.23611
-141.9893      62.23514
-142.0033      62.23148
-142.0255      62.22053
-142.0365      62.21712
-142.0666      62.21548
-142.0814      62.2061
-142.095       62.20194
-142.1016      62.19662
-142.1002      62.18662
-142.0917      62.18235
-142.0936      62.17603
-142.0845      62.16228
-142.0896      62.15708
-142.0923      62.14505
-142.1012      62.13812
-142.1068      62.14096
-142.1066      62.1467
-142.0952      62.16277
-142.098       62.16664
-142.1039      62.17442
-142.106       62.1854
-142.1144      62.19656
-142.0869      62.209
-142.073       62.21729
-142.067       62.21899
-142.0486      62.2189
-142.0389      62.22029
-142.025       62.23179
-142.0061      62.23858
-141.9793      62.23883
-141.9632      62.24442
-141.9418      62.24481
-141.9386      62.24251
-141.9286      62.24275
-141.9208      62.25029
-141.8955      62.25663
-141.889       62.25548
-141.8701      62.25741
 1 
 1             417           
1
 -9999.0   ,   9990.0
   7
 6 
-146.0345      62.24279
-146.0472      62.2545
-146.0418      62.25681
-146.0337      62.25558
-146.0313      62.24976
-146.0345      62.24279
 1 
 1             418           
1
 -9999.0   ,   9990.0
   7
 8 
-149.7264      62.23894
-149.7185      62.24843
-149.7135      62.24905
-149.7054      62.2462
-149.7026      62.24251
-149.7062      62.23959
-149.714       62.24152
-149.7264      62.23894
 1 
 1             419           
1
 -9999.0   ,   9990.0
   7
 10 
-145.9491      62.22615
-145.9577      62.22786
-145.9633      62.23449
-145.9786      62.24266
-145.9706      62.246
-145.9628      62.24546
-145.9561      62.24176
-145.9558      62.23511
-145.9462      62.229
-145.9491      62.22615
 1 
 1             420           
1
 -9999.0   ,   9990.0
   7
 7 
-140.1545      62.23174
-140.1615      62.23193
-140.1658      62.23462
-140.1618      62.24044
-140.1543      62.24166
-140.1474      62.2387
-140.1545      62.23174
 1 
 1             421           
1
 -9999.0   ,   9990.0
   7
 8 
-140.4555      62.23399
-140.4704      62.23567
-140.4768      62.23865
-140.4749      62.24041
-140.4694      62.24151
-140.4549      62.23957
-140.45        62.23693
-140.4555      62.23399
 1 
 1             422           
1
 -9999.0   ,   9990.0
   7
 8 
-140.2587      62.22405
-140.2628      62.22721
-140.26        62.23526
-140.2507      62.24008
-140.2452      62.23978
-140.2392      62.23675
-140.2514      62.22711
-140.2587      62.22405
 1 
 1             423           
1
 -9999.0   ,   9990.0
   7
 7 
-143.7692      62.23389
-143.7619      62.23946
-143.7573      62.2399
-143.7502      62.23123
-143.7551      62.22921
-143.7651      62.23068
-143.7692      62.23389
 1 
 1             424           
1
 -9999.0   ,   9990.0
   7
 18 
-140.2509      62.20339
-140.2591      62.2058
-140.2595      62.2097
-140.2502      62.21474
-140.2451      62.22318
-140.2411      62.22462
-140.2336      62.21824
-140.2232      62.22867
-140.1953      62.23413
-140.1885      62.233
-140.1828      62.22764
-140.1841      62.22109
-140.19        62.2149
-140.2083      62.20759
-140.2195      62.21002
-140.2274      62.20992
-140.2401      62.20508
-140.2509      62.20339
 1 
 1             425           
1
 -9999.0   ,   9990.0
   7
 7 
-140.4225      62.21979
-140.4338      62.22842
-140.434       62.2321
-140.4302      62.23377
-140.4186      62.22746
-140.4182      62.22333
-140.4225      62.21979
 1 
 1             426           
1
 -9999.0   ,   9990.0
   7
 8 
-140.4602      62.21564
-140.482       62.23066
-140.4757      62.23228
-140.465       62.22706
-140.4558      62.22473
-140.4508      62.22003
-140.4545      62.21652
-140.4602      62.21564
 1 
 1             427           
1
 -9999.0   ,   9990.0
   7
 9 
-143.3757      62.22929
-143.3682      62.22425
-143.3614      62.2126
-143.3777      62.21446
-143.3811      62.2165
-143.3817      62.22137
-143.3871      62.22535
-143.3822      62.22898
-143.3757      62.22929
 1 
 1             428           
1
 -9999.0   ,   9990.0
   7
 10 
-145.9504      62.21658
-145.9358      62.21829
-145.9317      62.20851
-145.9238      62.20109
-145.9232      62.19603
-145.9273      62.19506
-145.9443      62.20168
-145.9466      62.20521
-145.9442      62.21038
-145.9504      62.21658
 1 
 1             429           
1
 -9999.0   ,   9990.0
   7
 12 
-146.04        62.18485
-146.0408      62.18854
-146.0558      62.19234
-146.0463      62.20708
-146.0386      62.20883
-146.0304      62.20806
-146.0155      62.20358
-146.0225      62.20019
-146.0215      62.19763
-146.0279      62.19491
-146.0288      62.18968
-146.04        62.18485
 1 
 1             430           
1
 -9999.0   ,   9990.0
   7
 9 
-146.1802      62.19278
-146.188       62.19331
-146.1997      62.19925
-146.2052      62.20449
-146.2028      62.20692
-146.1954      62.20435
-146.1896      62.19818
-146.1751      62.19419
-146.1802      62.19278
 1 
 1             431           
1
 -9999.0   ,   9990.0
   7
 8 
-144.8845      62.18162
-144.8897      62.18233
-144.8926      62.18935
-144.8908      62.19338
-144.8838      62.19811
-144.8808      62.19612
-144.8794      62.18711
-144.8845      62.18162
 1 
 1             432           
1
 -9999.0   ,   9990.0
   7
 7 
-146.1347      62.17295
-146.1378      62.1749
-146.135       62.1796
-146.1441      62.18362
-146.1391      62.18686
-146.1183      62.17438
-146.1347      62.17295
 1 
 1             433           
1
 -9999.0   ,   9990.0
   7
 8 
-146.9647      62.17612
-146.9537      62.17118
-146.9492      62.16509
-146.9567      62.16374
-146.9672      62.16568
-146.9736      62.16863
-146.9732      62.17159
-146.9647      62.17612
 1 
 1             434           
1
 -9999.0   ,   9990.0
   7
 7 
-147.0104      62.1545
-147.013       62.1603
-147.0087      62.16633
-147.0041      62.16756
-147.0001      62.16514
-147.0017      62.15719
-147.0104      62.1545
 1 
 1             435           
1
 -9999.0   ,   9990.0
   7
 8 
-140.7992      62.15639
-140.8024      62.15846
-140.8024      62.16284
-140.7958      62.16519
-140.7879      62.1651
-140.7779      62.16055
-140.7805      62.15804
-140.7992      62.15639
 1 
 1             436           
1
 -9999.0   ,   9990.0
   7
 8 
-146.352       62.14773
-146.3588      62.14821
-146.3737      62.15837
-146.371       62.15987
-146.3633      62.1589
-146.3537      62.15512
-146.3502      62.14972
-146.352       62.14773
 1 
 1             437           
1
 -9999.0   ,   9990.0
   7
 20 
-146.6405      62.13018
-146.6477      62.1254
-146.6484      62.11787
-146.653       62.11345
-146.6595      62.11208
-146.6657      62.11343
-146.6713      62.12141
-146.6621      62.12704
-146.6624      62.13414
-146.6688      62.13711
-146.6845      62.13972
-146.6881      62.14213
-146.6863      62.14733
-146.6893      62.1527
-146.6747      62.15837
-146.6652      62.15964
-146.6543      62.15743
-146.6481      62.15332
-146.6471      62.14116
-146.6405      62.13018
 1 
 1             438           
1
 -9999.0   ,   9990.0
   7
 6 
-149.3042      62.14746
-149.3105      62.14756
-149.3199      62.15273
-149.3147      62.15721
-149.3011      62.14924
-149.3042      62.14746
 26 
 1             439           
1
 -9999.0   ,   9990.0
   7
 1201 
-144.822       60.55743
-144.8191      60.55108
-144.8235      60.54557
-144.815       60.53939
-144.8145      60.52399
-144.8077      60.51837
-144.8024      60.51695
-144.8001      60.51454
-144.8023      60.51074
-144.7866      60.49916
-144.7879      60.49028
-144.7923      60.48476
-144.7972      60.48156
-144.8096      60.48012
-144.8184      60.47606
-144.817       60.47464
-144.8051      60.47485
-144.808       60.4732
-144.8156      60.46895
-144.8228      60.47013
-144.8377      60.47258
-144.8415      60.47416
-144.8393      60.47841
-144.8269      60.47985
-144.8157      60.48411
-144.8063      60.48937
-144.8019      60.49947
-144.8051      60.50423
-144.8186      60.51317
-144.8227      60.5217
-144.8235      60.52329
-144.8229      60.52862
-144.8222      60.53631
-144.8302      60.54039
-144.8404      60.54274
-144.8413      60.54193
-144.8427      60.54056
-144.8351      60.53444
-144.8409      60.5267
-144.8462      60.52589
-144.8516      60.52494
-144.8553      60.51016
-144.8732      60.5033
-144.8743      60.50703
-144.8677      60.51449
-144.8682      60.51888
-144.8732      60.51936
-144.8837      60.51576
-144.8902      60.52067
-144.8916      60.52011
-144.8942      60.51904
-144.8971      60.5139
-144.8969      60.51264
-144.8947      60.50322
-144.9044      60.49223
-144.9029      60.48802
-144.9058      60.48059
-144.9159      60.47926
-144.9194      60.48242
-144.9321      60.48167
-144.9344      60.48431
-144.9298      60.48822
-144.9319      60.49176
-144.9271      60.49703
-144.928       60.50167
-144.9346      60.5059
-144.9405      60.50665
-144.9493      60.50479
-144.9534      60.50063
-144.9686      60.48762
-144.9772      60.48413
-144.993       60.48422
-145           60.48029
-145.0111      60.47402
-145.0281      60.47172
-145.0414      60.46571
-145.0506      60.46845
-145.0434      60.47637
-145.0442      60.47756
-145.0463      60.48086
-145.0537      60.4787
-145.058       60.47447
-145.0617      60.47084
-145.0654      60.47141
-145.0744      60.47283
-145.0515      60.48502
-145.0482      60.48968
-145.0534      60.50324
-145.0494      60.50695
-145.0393      60.51127
-145.0327      60.52082
-145.0182      60.52562
-145.0102      60.52592
-145.0045      60.52656
-145           60.52534
-144.9983      60.52488
-144.9886      60.52463
-144.9746      60.52692
-144.964       60.53329
-144.9548      60.53513
-144.9448      60.5429
-144.9265      60.54566
-144.9125      60.54382
-144.9002      60.54458
-144.8939      60.54772
-144.8952      60.55053
-144.8968      60.55223
-144.9015      60.55758
-144.9021      60.55822
-144.9011      60.55995
-144.8975      60.56694
-144.8853      60.57391
-144.8765      60.58977
-144.8681      60.59876
-144.8642      60.60821
-144.8527      60.61199
-144.8399      60.61296
-144.8346      60.61613
-144.832       60.62197
-144.8191      60.62361
-144.8195      60.62016
-144.8199      60.61723
-144.8116      60.61636
-144.8034      60.61985
-144.7974      60.61864
-144.7958      60.61832
-144.7812      60.62332
-144.7899      60.62881
-144.7855      60.6318
-144.7879      60.63835
-144.7856      60.64948
-144.7857      60.65051
-144.7863      60.6548
-144.7847      60.65497
-144.782       60.65527
-144.779       60.66063
-144.7794      60.6634
-144.776       60.66609
-144.771       60.67009
-144.7687      60.67141
-144.7677      60.672
-144.7501      60.67362
-144.743       60.67625
-144.7169      60.69329
-144.7057      60.69731
-144.7187      60.70233
-144.7067      60.71274
-144.6689      60.72505
-144.6386      60.73084
-144.6269      60.73047
-144.6133      60.73963
-144.6131      60.74041
-144.6126      60.74259
-144.6161      60.74805
-144.6303      60.75406
-144.6307      60.75661
-144.619       60.7544
-144.5998      60.7456
-144.575       60.74937
-144.5676      60.74692
-144.5554      60.75087
-144.5495      60.75469
-144.5372      60.77449
-144.5359      60.77552
-144.5252      60.7842
-144.513       60.79505
-144.5299      60.82406
-144.5469      60.82942
-144.5526      60.83133
-144.5672      60.83324
-144.5808      60.83761
-144.5942      60.83877
-144.6044      60.83975
-144.6229      60.84502
-144.635       60.84844
-144.6446      60.85399
-144.6557      60.8704
-144.6677      60.88019
-144.6934      60.89252
-144.718       60.92545
-144.7361      60.9422
-144.7471      60.94839
-144.7509      60.95052
-144.7761      60.95547
-144.7776      60.95577
-144.7845      60.95887
-144.7909      60.96676
-144.79        60.9775
-144.7921      60.98025
-144.7941      60.98299
-144.7971      60.98409
-144.8169      60.99124
-144.8445      60.9972
-144.873       60.99906
-144.8763      61.0013
-144.8853      61.00793
-144.8833      61.01059
-144.8852      61.01527
-144.8902      61.01891
-144.893       61.02093
-144.9118      61.02477
-144.9316      61.02879
-144.9453      61.03129
-144.9559      61.03021
-144.9628      61.03123
-144.9683      61.02966
-144.9829      61.02785
-145           61.02883
-145.0334      61.03075
-145.0402      61.02785
-145.0484      61.03169
-145.0597      61.03155
-145.0764      61.02867
-145.0868      61.02502
-145.0879      61.02375
-145.0847      61.0229
-145.0723      61.02404
-145.0769      61.02025
-145.0982      61.01622
-145.1034      61.01665
-145.1096      61.02365
-145.1292      61.02728
-145.1572      61.03847
-145.1584      61.03877
-145.1726      61.0424
-145.1963      61.04421
-145.213       61.04361
-145.234       61.03676
-145.2219      61.04677
-145.2026      61.04959
-145.1864      61.0465
-145.1604      61.04619
-145.1518      61.04463
-145.136       61.04527
-145.1216      61.0416
-145.0837      61.03957
-145.0597      61.03636
-145.0158      61.03334
-145           61.0327
-144.9931      61.03242
-144.9872      61.03219
-144.9698      61.03409
-144.9384      61.03463
-144.9113      61.0333
-144.897       61.03605
-144.8794      61.03404
-144.8761      61.03158
-144.8731      61.01651
-144.8673      61.00797
-144.8526      61.0015
-144.8379      60.9994
-144.8263      61.0142
-144.8271      61.01686
-144.8282      61.02072
-144.834       61.02755
-144.8396      61.03414
-144.8366      61.03743
-144.8234      61.04367
-144.8211      61.05021
-144.8326      61.06838
-144.8474      61.09183
-144.8485      61.09356
-144.8534      61.09931
-144.8642      61.10467
-144.8727      61.10594
-144.8757      61.10638
-144.876       61.10782
-144.877       61.11149
-144.884       61.11239
-144.8846      61.11246
-144.8857      61.1126
-144.8882      61.11628
-144.8948      61.12636
-144.8982      61.1276
-144.9027      61.12927
-144.9147      61.13077
-144.9321      61.13414
-144.9365      61.13646
-144.9398      61.13819
-144.9425      61.14337
-144.9429      61.15739
-144.9357      61.16943
-144.9252      61.17448
-144.9227      61.17831
-144.9239      61.18492
-144.9186      61.18994
-144.9116      61.19143
-144.91        61.19663
-144.9018      61.19945
-144.8951      61.2044
-144.8784      61.20886
-144.8665      61.21607
-144.8599      61.227
-144.8695      61.25386
-144.8652      61.26742
-144.8702      61.27776
-144.8483      61.30675
-144.836       61.31762
-144.8133      61.33211
-144.811       61.3326
-144.8063      61.3336
-144.7954      61.34017
-144.7554      61.35059
-144.7266      61.35559
-144.7136      61.35586
-144.6999      61.35621
-144.665       61.3571
-144.6302      61.36108
-144.6124      61.36775
-144.6053      61.37406
-144.5828      61.38278
-144.5601      61.39678
-144.5481      61.40121
-144.536       61.40174
-144.5088      61.40977
-144.4975      61.41102
-144.4918      61.41325
-144.4884      61.41744
-144.4766      61.42119
-144.4675      61.42968
-144.4614      61.4397
-144.4607      61.44678
-144.4688      61.47061
-144.4605      61.4819
-144.4495      61.49901
-144.4348      61.50858
-144.4332      61.51126
-144.4362      61.51531
-144.424       61.52226
-144.4271      61.53
-144.4243      61.53605
-144.4369      61.56976
-144.4336      61.57993
-144.4387      61.58501
-144.4549      61.59434
-144.4616      61.60295
-144.476       61.61425
-144.4972      61.6229
-144.5157      61.6266
-144.5362      61.63407
-144.5528      61.63537
-144.5588      61.63637
-144.5826      61.63389
-144.5981      61.6356
-144.6242      61.63989
-144.6324      61.64649
-144.6434      61.65554
-144.6464      61.66188
-144.6554      61.6667
-144.7068      61.67705
-144.7157      61.68047
-144.7249      61.68712
-144.7277      61.69621
-144.7336      61.70063
-144.7593      61.70442
-144.7697      61.70768
-144.7782      61.71314
-144.7933      61.73086
-144.7976      61.73324
-144.8002      61.73464
-144.8131      61.73778
-144.8329      61.74012
-144.8771      61.75304
-144.8934      61.763
-144.9076      61.76689
-144.9645      61.77006
-144.9794      61.77994
-144.9824      61.78628
-145           61.79022
-145.0084      61.79209
-145.0121      61.79418
-145.027       61.8026
-145.0367      61.80488
-145.0704      61.80852
-145.0833      61.81372
-145.0925      61.82354
-145.1062      61.83243
-145.1274      61.83777
-145.1422      61.83891
-145.15        61.84111
-145.17        61.85464
-145.1931      61.86051
-145.2029      61.86508
-145.2061      61.86996
-145.2178      61.8873
-145.2321      61.89323
-145.2692      61.90247
-145.2816      61.92045
-145.2776      61.93291
-145.2902      61.93826
-145.2977      61.94937
-145.3266      61.96762
-145.3255      61.98041
-145.3361      61.98363
-145.339       61.98857
-145.3322      61.99584
-145.3379      62.01603
-145.3507      62.02256
-145.3681      62.02355
-145.3869      62.02232
-145.3932      62.02489
-145.3998      62.03343
-145.4082      62.03815
-145.4138      62.03932
-145.3984      62.04048
-145.3917      62.04499
-145.3924      62.04869
-145.4         62.05246
-145.405       62.07147
-145.4093      62.07418
-145.4313      62.07652
-145.4381      62.07957
-145.4432      62.08592
-145.4406      62.09136
-145.4318      62.09396
-145.4148      62.09424
-145.4083      62.09637
-145.4156      62.11158
-145.4224      62.11899
-145.4215      62.12628
-145.4269      62.13362
-145.4308      62.13883
-145.4258      62.14591
-145.4141      62.1436
-145.4099      62.14431
-145.4144      62.1372
-145.415       62.12461
-145.41        62.11753
-145.409       62.11038
-145.4072      62.10457
-145.4008      62.0997
-145.4003      62.09487
-145.4032      62.09342
-145.4347      62.0895
-145.4385      62.08592
-145.431       62.08086
-145.4113      62.07988
-145.3975      62.07458
-145.3983      62.06568
-145.3926      62.05741
-145.3829      62.04988
-145.3819      62.04502
-145.3861      62.03855
-145.3856      62.02662
-145.3662      62.02828
-145.3522      62.02766
-145.3413      62.02329
-145.3377      62.02081
-145.3323      62.01716
-145.3231      61.9952
-145.3294      61.99044
-145.33        61.98726
-145.3176      61.98327
-145.3183      61.97046
-145.3037      61.96271
-145.2833      61.94803
-145.2851      61.94399
-145.2741      61.93822
-145.2717      61.93307
-145.2749      61.92102
-145.2636      61.90566
-145.2542      61.9018
-145.2453      61.90277
-145.2363      61.90122
-145.2168      61.89437
-145.1964      61.87052
-145.1813      61.86285
-145.1702      61.86083
-145.1613      61.85721
-145.148       61.84835
-145.1417      61.84393
-145.1006      61.83836
-145.0932      61.8316
-145.0827      61.8263
-145.0788      61.81694
-145.0748      61.81515
-145.0685      61.81279
-145.0269      61.80786
-145.016       61.80437
-145           61.79564
-144.999       61.79509
-144.9713      61.78828
-144.9606      61.77928
-144.9519      61.77726
-144.9047      61.77593
-144.8978      61.77421
-144.88        61.76213
-144.8658      61.75616
-144.8552      61.75336
-144.8457      61.74831
-144.8262      61.74668
-144.7969      61.73883
-144.7657      61.72423
-144.7644      61.71453
-144.755       61.70857
-144.746       61.70789
-144.7303      61.70666
-144.7216      61.7044
-144.7034      61.69478
-144.6947      61.69045
-144.6786      61.68667
-144.6588      61.67788
-144.6402      61.67236
-144.6272      61.66551
-144.6142      61.64788
-144.6031      61.64136
-144.5973      61.64152
-144.59        61.64391
-144.5753      61.64477
-144.5483      61.64226
-144.5393      61.6441
-144.5274      61.64304
-144.5042      61.63464
-144.489       61.62915
-144.47        61.62565
-144.4645      61.62261
-144.4614      61.61258
-144.4413      61.60557
-144.423       61.5927
-144.4133      61.57796
-144.4131      61.55752
-144.4176      61.55063
-144.4177      61.53939
-144.4104      61.5188
-144.3894      61.52023
-144.3311      61.5165
-144.2969      61.51654
-144.2613      61.50823
-144.2534      61.50276
-144.2437      61.48892
-144.2342      61.48635
-144.2246      61.48733
-144.2224      61.48756
-144.2144      61.48667
-144.2031      61.48147
-144.1862      61.46954
-144.1726      61.46583
-144.1632      61.46118
-144.157       61.44845
-144.1519      61.44381
-144.1385      61.43735
-144.0959      61.42883
-144.0705      61.42033
-144.0712      61.4174
-144.0658      61.41083
-144.061       61.40713
-144.0527      61.40297
-144.0398      61.40417
-143.9766      61.39381
-143.9712      61.38845
-143.9782      61.3831
-143.9764      61.37495
-143.9725      61.37106
-143.9656      61.36976
-143.9479      61.37567
-143.9068      61.37729
-143.8782      61.38259
-143.8691      61.38276
-143.8362      61.38041
-143.8243      61.37956
-143.8068      61.37466
-143.7893      61.37183
-143.7636      61.36118
-143.7531      61.3592
-143.7342      61.35237
-143.6942      61.33399
-143.6213      61.32863
-143.6122      61.3212
-143.596       61.31932
-143.587       61.32294
-143.5855      61.3231
-143.5702      61.32474
-143.5352      61.32292
-143.5232      61.32107
-143.5026      61.32492
-143.4901      61.32303
-143.485       61.32434
-143.4823      61.3274
-143.4521      61.32952
-143.4412      61.33301
-143.4262      61.34477
-143.4174      61.34724
-143.4071      61.34617
-143.3963      61.34737
-143.3844      61.3508
-143.3702      61.35179
-143.3667      61.35292
-143.343       61.36051
-143.3295      61.3627
-143.288       61.36549
-143.2801      61.35903
-143.2693      61.35446
-143.2618      61.35378
-143.2451      61.35898
-143.2417      61.35687
-143.246       61.35333
-143.2154      61.34981
-143.1997      61.33977
-143.1847      61.33366
-143.1534      61.33243
-143.1388      61.32947
-143.1305      61.32113
-143.1251      61.31458
-143.1125      61.3115
-143.0932      61.3156
-143.0795      61.3166
-143.0695      61.31114
-143.0626      61.3045
-143.0385      61.2961
-143.0344      61.28824
-143.021       61.28671
-143.0104      61.28351
-143.0066      61.27798
-143.0105      61.27224
-143.0069      61.26971
-143.0059      61.26975
-142.9716      61.27095
-142.9616      61.26894
-142.9592      61.26579
-142.9584      61.25262
-142.9483      61.246
-142.9061      61.24103
-142.8972      61.23862
-142.8933      61.23538
-142.8946      61.23085
-142.9047      61.22343
-142.9053      61.21956
-142.9007      61.21696
-142.8767      61.21567
-142.8529      61.21714
-142.8436      61.21409
-142.8398      61.21285
-142.8316      61.20772
-142.8291      61.1995
-142.8253      61.19764
-142.7959      61.19506
-142.7808      61.18948
-142.7596      61.18835
-142.7461      61.18194
-142.741       61.17608
-142.6787      61.16673
-142.6624      61.16197
-142.641       61.14997
-142.6313      61.14888
-142.6174      61.1397
-142.6132      61.13686
-142.6116      61.13523
-142.6017      61.12504
-142.5885      61.12413
-142.5828      61.12373
-142.5803      61.12638
-142.5704      61.12297
-142.5295      61.11933
-142.5161      61.11669
-142.5153      61.11418
-142.4997      61.10284
-142.4932      61.10051
-142.4888      61.09866
-142.4814      61.09562
-142.4765      61.09374
-142.4505      61.08386
-142.4447      61.08484
-142.4359      61.08634
-142.42        61.08551
-142.3971      61.09206
-142.3759      61.09486
-142.3438      61.09372
-142.3114      61.08874
-142.3016      61.08505
-142.3006      61.08467
-142.2934      61.08198
-142.285       61.08252
-142.2812      61.08277
-142.2689      61.08768
-142.2677      61.09152
-142.2562      61.10018
-142.2462      61.10481
-142.2398      61.10725
-142.2344      61.1093
-142.2264      61.11082
-142.2162      61.10966
-142.2046      61.11347
-142.1952      61.11283
-142.1996      61.10823
-142.2028      61.10482
-142.2052      61.10457
-142.2176      61.1033
-142.2227      61.10549
-142.2303      61.10556
-142.234       61.10411
-142.2491      61.09831
-142.2636      61.08921
-142.2653      61.0855
-142.2698      61.08267
-142.2743      61.08104
-142.281       61.0786
-142.2924      61.07891
-142.3264      61.08631
-142.3694      61.09099
-142.3776      61.09189
-142.3986      61.08897
-142.41        61.08428
-142.4142      61.08257
-142.4177      61.08267
-142.4319      61.08304
-142.4369      61.08318
-142.4517      61.08118
-142.462       61.08187
-142.4793      61.08949
-142.498       61.09096
-142.5014      61.09605
-142.5024      61.09755
-142.5101      61.09846
-142.5204      61.10421
-142.5187      61.10871
-142.5294      61.11265
-142.5783      61.11359
-142.5973      61.11207
-142.6059      61.11357
-142.5999      61.11617
-142.6007      61.11852
-142.6177      61.12264
-142.6303      61.12853
-142.6317      61.1337
-142.6379      61.13549
-142.679       61.13657
-142.6831      61.13769
-142.7007      61.14259
-142.7076      61.14696
-142.7102      61.15312
-142.7174      61.15797
-142.729       61.1594
-142.7325      61.16198
-142.7405      61.16775
-142.7529      61.17293
-142.7682      61.17461
-142.7855      61.18426
-142.8293      61.19352
-142.8367      61.19791
-142.8442      61.20666
-142.8491      61.19087
-142.8411      61.18691
-142.8221      61.18661
-142.819       61.18226
-142.8181      61.17161
-142.8248      61.16813
-142.8562      61.16853
-142.8701      61.16665
-142.8789      61.16767
-142.887       61.16566
-142.8961      61.16048
-142.8997      61.15587
-142.899       61.15145
-142.8844      61.1473
-142.8607      61.15016
-142.85        61.14924
-142.8458      61.14736
-142.8492      61.13198
-142.8577      61.14559
-142.865       61.14675
-142.8758      61.14398
-142.8849      61.14387
-142.9007      61.14696
-142.908       61.15709
-142.9064      61.16091
-142.8989      61.16573
-142.8744      61.17176
-142.8329      61.17187
-142.8281      61.17341
-142.8258      61.17833
-142.8282      61.18193
-142.8472      61.18384
-142.8556      61.18991
-142.8564      61.19551
-142.8566      61.19665
-142.8523      61.21065
-142.8554      61.21338
-142.8609      61.21397
-142.8936      61.20983
-142.899       61.2111
-142.9115      61.21765
-142.9115      61.2264
-142.9029      61.23345
-142.9056      61.23754
-142.9132      61.23963
-142.9398      61.24016
-142.9609      61.24335
-142.9692      61.25169
-142.9665      61.25474
-142.9708      61.26699
-142.9757      61.26719
-142.9817      61.26744
-142.9997      61.26443
-143.0076      61.26538
-143.0164      61.26985
-143.0188      61.27345
-143.0147      61.27803
-143.0165      61.28021
-143.0417      61.28801
-143.0483      61.29716
-143.0673      61.30157
-143.0816      61.31235
-143.0898      61.31217
-143.1127      61.30714
-143.1238      61.30875
-143.1305      61.31216
-143.1432      61.32582
-143.151       61.32699
-143.1667      61.32934
-143.1849      61.32908
-143.1899      61.3303
-143.2167      61.34483
-143.226       61.34792
-143.2539      61.34754
-143.2647      61.35027
-143.2835      61.35141
-143.315       61.34825
-143.3341      61.34871
-143.3433      61.3465
-143.3559      61.33851
-143.3657      61.33588
-143.3713      61.3346
-143.3813      61.33474
-143.3852      61.33658
-143.3888      61.33542
-143.3996      61.32508
-143.4037      61.32578
-143.4012      61.32998
-143.3992      61.33332
-143.4009      61.33411
-143.4188      61.33125
-143.4381      61.32123
-143.437       61.32002
-143.4238      61.32086
-143.4239      61.3188
-143.4396      61.31497
-143.4791      61.31203
-143.5216      61.31246
-143.5337      61.30788
-143.5406      61.30323
-143.585       61.30559
-143.5947      61.30892
-143.6414      61.31531
-143.6532      61.31806
-143.6643      61.32514
-143.669       61.32564
-143.6851      61.32818
-143.7011      61.32381
-143.7115      61.32418
-143.7345      61.3317
-143.7466      61.33331
-143.7528      61.33895
-143.7687      61.3463
-143.7769      61.34814
-143.7854      61.35437
-143.8253      61.36766
-143.8593      61.37348
-143.8598      61.37535
-143.8664      61.37801
-143.8764      61.37834
-143.9103      61.36898
-143.917       61.37096
-143.9339      61.3703
-143.9497      61.36612
-143.9781      61.36769
-143.9855      61.37499
-143.9895      61.38831
-143.999       61.39045
-144.009       61.39077
-144.0214      61.38915
-144.0413      61.39185
-144.0595      61.39607
-144.09        61.40715
-144.0998      61.41618
-144.1079      61.42053
-144.1195      61.42253
-144.1298      61.42768
-144.1414      61.429
-144.1777      61.45025
-144.1811      61.45457
-144.1937      61.46225
-144.2139      61.47447
-144.2289      61.48009
-144.248       61.48249
-144.2582      61.48647
-144.2656      61.49192
-144.2708      61.50024
-144.2839      61.50621
-144.3161      61.51043
-144.3542      61.51013
-144.3666      61.51261
-144.386       61.50743
-144.4071      61.50727
-144.4169      61.50719
-144.4242      61.50459
-144.4226      61.5029
-144.4092      61.50267
-144.4066      61.50138
-144.4356      61.49025
-144.4423      61.47545
-144.456       61.47018
-144.4554      61.46648
-144.4593      61.4637
-144.4533      61.44571
-144.4541      61.43358
-144.4767      61.41179
-144.4816      61.40938
-144.4827      61.40888
-144.4943      61.40397
-144.531       61.39851
-144.5399      61.39483
-144.5487      61.38747
-144.5517      61.3851
-144.5696      61.37959
-144.5917      61.36395
-144.6288      61.35435
-144.6433      61.35371
-144.6557      61.35135
-144.687       61.35039
-144.701       61.34765
-144.7362      61.3462
-144.7498      61.3432
-144.7625      61.33304
-144.7657      61.33228
-144.7745      61.3302
-144.7851      61.31901
-144.8209      61.3017
-144.8213      61.29464
-144.8319      61.28713
-144.8325      61.28211
-144.8378      61.27732
-144.8429      61.24866
-144.8358      61.24188
-144.8307      61.2297
-144.8368      61.22153
-144.8407      61.21619
-144.8412      61.20956
-144.8514      61.1995
-144.8586      61.19622
-144.8667      61.1926
-144.8729      61.18977
-144.884       61.17563
-144.903       61.16416
-144.9105      61.15122
-144.9058      61.13952
-144.8997      61.1367
-144.8861      61.1358
-144.875       61.13686
-144.8663      61.13506
-144.8523      61.12532
-144.8456      61.12073
-144.8321      61.11708
-144.8224      61.11132
-144.8116      61.10184
-144.8102      61.08823
-144.7926      61.07748
-144.7832      61.06806
-144.7853      61.05807
-144.7901      61.05326
-144.7786      61.03822
-144.7768      61.02
-144.7725      61.01604
-144.7745      61.01506
-144.7858      61.0177
-144.7877      61.02444
-144.7933      61.02473
-144.798       61.01519
-144.7991      61.01285
-144.8066      61.0044
-144.8097      61.00098
-144.8078      60.99629
-144.7918      60.99137
-144.7856      60.98509
-144.7682      60.9849
-144.7554      60.97577
-144.7518      60.97054
-144.7542      60.96584
-144.7487      60.96074
-144.7215      60.94881
-144.7151      60.94092
-144.7057      60.93194
-144.6998      60.92889
-144.6893      60.92721
-144.6866      60.92661
-144.6888      60.92259
-144.6996      60.92291
-144.7023      60.92144
-144.6963      60.91218
-144.6883      60.90948
-144.6835      60.90786
-144.6795      60.90237
-144.6732      60.90113
-144.6675      60.89028
-144.6567      60.8833
-144.6327      60.87679
-144.6122      60.87573
-144.598       60.8686
-144.5984      60.85976
-144.5985      60.85815
-144.5962      60.8568
-144.5923      60.85711
-144.5825      60.86014
-144.5846      60.85274
-144.58        60.84791
-144.5699      60.84485
-144.5646      60.8517
-144.5527      60.85246
-144.5473      60.84667
-144.5377      60.84319
-144.5305      60.84396
-144.5292      60.84802
-144.541       60.86724
-144.5474      60.87365
-144.5495      60.87571
-144.5476      60.88664
-144.5523      60.89515
-144.5582      60.89867
-144.5717      60.90313
-144.5788      60.90548
-144.5879      60.91146
-144.5888      60.91315
-144.5933      60.92138
-144.6051      60.92819
-144.6185      60.93163
-144.6178      60.93458
-144.6268      60.93894
-144.6246      60.9471
-144.6267      60.95019
-144.6521      60.96389
-144.6524      60.96576
-144.6544      60.97962
-144.6505      60.98929
-144.6439      60.99102
-144.6193      60.98907
-144.613       60.99259
-144.6091      60.99475
-144.6156      60.99945
-144.613       61.00069
-144.605       61.00257
-144.5949      61.00757
-144.5632      61.02838
-144.5608      61.03
-144.5477      61.0296
-144.53        61.03025
-144.5113      61.03299
-144.5031      61.03152
-144.4812      61.0297
-144.4615      61.03016
-144.4388      61.0307
-144.4032      61.02492
-144.3958      61.02199
-144.3718      61.01912
-144.3568      61.01419
-144.348       61.01327
-144.3394      61.0158
-144.3313      61.02225
-144.3201      61.02602
-144.3108      61.02506
-144.3         61.02243
-144.2903      61.01317
-144.2731      61.00352
-144.26        61.00075
-144.2514      60.99707
-144.2483      60.99184
-144.2544      60.98781
-144.2596      60.99406
-144.2879      61.00293
-144.3122      61.01894
-144.3182      61.01972
-144.3276      61.01562
-144.3395      61.0073
-144.3481      61.00661
-144.3695      61.00843
-144.3857      61.01228
-144.4144      61.01517
-144.4245      61.01846
-144.4557      61.02198
-144.4813      61.02488
-144.4864      61.02423
-144.494       61.02325
-144.5102      61.02357
-144.5234      61.02384
-144.5303      61.02398
-144.5369      61.01996
-144.5321      61.01798
-144.5312      61.0176
-144.5209      61.01936
-144.506       61.01836
-144.4925      61.01213
-144.5185      61.0151
-144.5367      61.01296
-144.5371      61.01255
-144.5539      61.00276
-144.5555      61.00187
-144.5672      60.99788
-144.5892      60.99465
-144.611       60.98589
-144.6162      60.98574
-144.6362      60.98512
-144.6421      60.98197
-144.6422      60.9814
-144.6422      60.98079
-144.6436      60.9685
-144.6406      60.9649
-144.6197      60.95672
-144.6109      60.94938
-144.615       60.94132
-144.6021      60.93309
-144.5808      60.92464
-144.5765      60.91638
-144.5442      60.90001
-144.5373      60.88817
-144.5244      60.87836
-144.5192      60.87437
-144.5122      60.86069
-144.5179      60.84973
-144.5169      60.8375
-144.512       60.83403
-144.5042      60.83294
-144.4906      60.83475
-144.4813      60.8384
-144.4677      60.8471
-144.4554      60.85151
-144.4409      60.85327
-144.3966      60.84909
-144.3857      60.84529
-144.3807      60.84205
-144.3793      60.83806
-144.3841      60.8374
-144.3935      60.83974
-144.3933      60.83628
-144.3854      60.82966
-144.3932      60.83031
-144.4003      60.83436
-144.4093      60.84471
-144.4406      60.84797
-144.4518      60.84627
-144.4808      60.8324
-144.5007      60.82954
-144.5111      60.82503
-144.5056      60.80936
-144.4985      60.79979
-144.4969      60.79765
-144.5018      60.78573
-144.5231      60.77445
-144.5374      60.75177
-144.5556      60.74353
-144.5587      60.73566
-144.5704      60.72294
-144.5848      60.71704
-144.594       60.70511
-144.6199      60.69543
-144.6296      60.6918
-144.6238      60.68828
-144.6306      60.68725
-144.6301      60.68494
-144.6255      60.68263
-144.6275      60.66896
-144.6339      60.66308
-144.6543      60.65518
-144.6665      60.65512
-144.6876      60.65712
-144.6935      60.65536
-144.6761      60.65171
-144.6723      60.64968
-144.675       60.64798
-144.6902      60.64486
-144.7023      60.64961
-144.7085      60.64442
-144.7145      60.64725
-144.7206      60.65376
-144.7269      60.65477
-144.743       60.66477
-144.7601      60.6661
-144.7685      60.664
-144.7732      60.65941
-144.776       60.65496
-144.7724      60.6518
-144.7737      60.64589
-144.7799      60.63611
-144.7718      60.62353
-144.7771      60.61599
-144.7924      60.60322
-144.7936      60.59088
-144.8056      60.58024
-144.8057      60.57061
-144.8087      60.56754
-144.8191      60.5644
-144.8241      60.56097
-144.822       60.55743
-144.8377      60.55615
-144.8476      60.56009
-144.8536      60.55786
-144.8566      60.55456
-144.8608      60.54996
-144.8587      60.54664
-144.8511      60.54748
-144.8444      60.54822
-144.8377      60.55615
-144.8305      60.55027
-144.822       60.55743
 1             439           2 
1
 -9999.0   ,   9990.0
   7
 7 
-144.6911      61.67811
-144.69        61.68103
-144.6969      61.68459
-144.7094      61.68727
-144.711       61.68437
-144.7072      61.68189
-144.6911      61.67811
 1             439           3 
1
 -9999.0   ,   9990.0
   7
 8 
-143.7891      61.36322
-143.7915      61.36585
-143.7999      61.36864
-143.8071      61.3686
-143.8108      61.36692
-143.8053      61.36287
-143.7891      61.35927
-143.7891      61.36322
 1             439           4 
1
 -9999.0   ,   9990.0
   7
 8 
-143.7218      61.33097
-143.7068      61.32942
-143.704       61.33133
-143.7064      61.33492
-143.7262      61.33835
-143.7297      61.33557
-143.7267      61.33217
-143.7218      61.33097
 1             439           5 
1
 -9999.0   ,   9990.0
   7
 8 
-143.5568      61.31776
-143.5582      61.31957
-143.5776      61.32022
-143.5845      61.3197
-143.5905      61.31659
-143.5778      61.3138
-143.5633      61.31538
-143.5568      61.31776
 1             439           6 
1
 -9999.0   ,   9990.0
   7
 7 
-144.8304      61.31023
-144.8164      61.31299
-144.8126      61.31532
-144.8144      61.31816
-144.8199      61.31912
-144.8297      61.31571
-144.8304      61.31023
 1             439           7 
1
 -9999.0   ,   9990.0
   7
 7 
-143.5424      61.31097
-143.5402      61.31325
-143.5447      61.31443
-143.5598      61.31323
-143.5643      61.3105
-143.5561      61.30888
-143.5424      61.31097
 1             439           8 
1
 -9999.0   ,   9990.0
   7
 14 
-142.7187      61.16703
-142.7186      61.16242
-142.7071      61.15752
-142.7016      61.15136
-142.6994      61.14895
-142.6925      61.14482
-142.6735      61.14105
-142.6341      61.1387
-142.6373      61.14421
-142.6469      61.15037
-142.6574      61.15244
-142.6715      61.16027
-142.6996      61.16429
-142.7187      61.16703
 1             439           9 
1
 -9999.0   ,   9990.0
   7
 8 
-144.8729      61.12183
-144.8691      61.11959
-144.8637      61.1207
-144.8617      61.12313
-144.8646      61.12763
-144.877       61.12962
-144.8852      61.1291
-144.8729      61.12183
 1             439           10 
1
 -9999.0   ,   9990.0
   7
 9 
-144.819       61.08261
-144.8203      61.08115
-144.817       61.0741
-144.8115      61.07107
-144.8084      61.07575
-144.808       61.07641
-144.809       61.08082
-144.8165      61.08533
-144.819       61.08261
 1             439           11 
1
 -9999.0   ,   9990.0
   7
 10 
-145.1072      61.03105
-145.0954      61.03324
-145.0986      61.03615
-145.1091      61.03803
-145.1233      61.03778
-145.1384      61.04056
-145.142       61.03913
-145.1343      61.03487
-145.1156      61.03375
-145.1072      61.03105
 1             439           12 
1
 -9999.0   ,   9990.0
   7
 10 
-144.832       61.03034
-144.8306      61.02814
-144.8221      61.02479
-144.8171      61.02532
-144.8157      61.02546
-144.8069      61.0303
-144.8165      61.03763
-144.8229      61.03843
-144.8299      61.03644
-144.832       61.03034
 1             439           13 
1
 -9999.0   ,   9990.0
   7
 8 
-144.5697      61.0092
-144.5733      61.00691
-144.5696      61.00584
-144.5668      61.00456
-144.5467      61.01588
-144.555       61.01722
-144.5631      61.01345
-144.5697      61.0092
 1             439           14 
1
 -9999.0   ,   9990.0
   7
 11 
-144.7841      60.97568
-144.7856      60.97384
-144.7803      60.96325
-144.7778      60.96138
-144.7709      60.95612
-144.7655      60.95745
-144.7604      60.9634
-144.7653      60.97145
-144.7767      60.97821
-144.7824      60.97781
-144.7841      60.97568
 1             439           15 
1
 -9999.0   ,   9990.0
   7
 9 
-144.5246      60.86048
-144.5237      60.86014
-144.5215      60.86347
-144.536       60.87915
-144.5423      60.87604
-144.5328      60.87003
-144.5312      60.86662
-144.5289      60.86202
-144.5246      60.86048
 1             439           16 
1
 -9999.0   ,   9990.0
   7
 10 
-144.6264      60.86889
-144.6316      60.86562
-144.6232      60.85795
-144.6196      60.85465
-144.6091      60.85028
-144.599       60.84853
-144.5962      60.85171
-144.6052      60.86346
-144.6094      60.86896
-144.6264      60.86889
 1             439           17 
1
 -9999.0   ,   9990.0
   7
 10 
-144.6364      60.8557
-144.6347      60.85375
-144.6269      60.84838
-144.6172      60.84789
-144.6188      60.85084
-144.6196      60.85224
-144.624       60.85394
-144.6313      60.85657
-144.6323      60.85695
-144.6364      60.8557
 1             439           18 
1
 -9999.0   ,   9990.0
   7
 9 
-144.5252      60.83214
-144.5306      60.83685
-144.541       60.8367
-144.5458      60.83419
-144.5416      60.83213
-144.5302      60.83039
-144.5249      60.83066
-144.5235      60.83074
-144.5252      60.83214
 1             439           19 
1
 -9999.0   ,   9990.0
   7
 11 
-144.6882      60.69409
-144.7056      60.69134
-144.7111      60.68725
-144.7159      60.68681
-144.7179      60.68393
-144.7128      60.68183
-144.7009      60.68053
-144.6974      60.6815
-144.6967      60.68468
-144.6827      60.69131
-144.6882      60.69409
 1             439           20 
1
 -9999.0   ,   9990.0
   7
 7 
-144.8779      60.56665
-144.8731      60.56734
-144.8628      60.57646
-144.866       60.57915
-144.8717      60.57897
-144.8789      60.56877
-144.8779      60.56665
 1             439           21 
1
 -9999.0   ,   9990.0
   7
 18 
-144.794       60.60876
-144.7893      60.6134
-144.7943      60.61422
-144.7952      60.61438
-144.8156      60.60646
-144.8184      60.60201
-144.8155      60.59314
-144.8245      60.58831
-144.8288      60.57636
-144.8423      60.56698
-144.843       60.56651
-144.8421      60.56634
-144.838       60.56558
-144.817       60.57457
-144.8145      60.58023
-144.8001      60.59305
-144.8023      60.60051
-144.794       60.60876
 1             439           22 
1
 -9999.0   ,   9990.0
   7
 13 
-144.9158      60.5231
-144.9289      60.52489
-144.9367      60.52321
-144.9466      60.52278
-144.9491      60.51717
-144.9481      60.51529
-144.9352      60.51442
-144.9212      60.51235
-144.9159      60.51346
-144.9085      60.51516
-144.9027      60.51877
-144.9084      60.52273
-144.9158      60.5231
 1             439           23 
1
 -9999.0   ,   9990.0
   7
 10 
-144.9518      60.5291
-144.9525      60.53042
-144.9709      60.52008
-144.9791      60.51843
-144.977       60.51657
-144.9764      60.51599
-144.9714      60.51529
-144.9525      60.52124
-144.9504      60.52665
-144.9518      60.5291
 1             439           24 
1
 -9999.0   ,   9990.0
   7
 16 
-145.0089      60.51187
-145.0236      60.50592
-145.0301      60.50816
-145.0314      60.5086
-145.0318      60.50802
-145.0394      60.4966
-145.0373      60.49305
-145.0269      60.49621
-145.0229      60.49612
-145.0172      60.49596
-145.012       60.50458
-145           60.50788
-144.9934      60.50995
-144.9962      60.51238
-145           60.51215
-145.0089      60.51187
 1             439           25 
1
 -9999.0   ,   9990.0
   7
 13 
-145           60.49237
-145.0078      60.48931
-145.0074      60.48677
-145.0045      60.4864
-145.0015      60.48602
-145           60.48641
-144.9867      60.48989
-144.979       60.48904
-144.97        60.49663
-144.9709      60.4992
-144.9906      60.49604
-144.9986      60.49293
-145           60.49237
 1             439           26 
1
 -9999.0   ,   9990.0
   7
 11 
-145.0352      60.47956
-145.0354      60.47689
-145.031       60.47576
-145.0261      60.47713
-145.014       60.47676
-145.0109      60.48075
-145.0131      60.48383
-145.0164      60.48375
-145.0285      60.48344
-145.0351      60.481
-145.0352      60.47956
 1 
 1             440           
1
 -9999.0   ,   9990.0
   7
 7 
-146.0594      62.12768
-146.0687      62.12507
-146.0756      62.12488
-146.0867      62.12852
-146.0949      62.13456
-146.0938      62.13817
-146.0594      62.12768
 1 
 1             441           
1
 -9999.0   ,   9990.0
   7
 8 
-145.9342      62.11953
-145.9403      62.12114
-145.9537      62.13359
-145.9517      62.13625
-145.9403      62.13443
-145.9302      62.13059
-145.929       62.12115
-145.9342      62.11953
 1 
 1             442           
1
 -9999.0   ,   9990.0
   7
 8 
-140.2402      62.11235
-140.2474      62.11183
-140.2544      62.11363
-140.2564      62.11649
-140.2311      62.125
-140.2283      62.12244
-140.2291      62.11753
-140.2402      62.11235
 1 
 1             443           
1
 -9999.0   ,   9990.0
   7
 5 
-146.0503      62.10786
-146.0587      62.11002
-146.0672      62.11997
-146.0519      62.12327
-146.0503      62.10786
 1 
 1             444           
1
 -9999.0   ,   9990.0
   7
 7 
-146.9345      62.09302
-146.9402      62.09755
-146.93        62.11025
-146.9237      62.11005
-146.9206      62.10789
-146.9219      62.10244
-146.9345      62.09302
 1 
 1             445           
1
 -9999.0   ,   9990.0
   7
 26 
-142.1163      62.07475
-142.1073      62.08497
-142.0962      62.08884
-142.0908      62.08893
-142.1034      62.07503
-142.1017      62.06938
-142.1074      62.06216
-142.114       62.02918
-142.1172      62.02363
-142.1283      62.02115
-142.1563      62.02258
-142.1645      62.0199
-142.2034      62.0209
-142.203       62.02387
-142.1545      62.02684
-142.1434      62.02609
-142.137       62.02473
-142.1287      62.02602
-142.1243      62.02918
-142.1244      62.03218
-142.1194      62.03577
-142.1232      62.03787
-142.1191      62.04312
-142.1162      62.06229
-142.1137      62.06881
-142.1163      62.07475
 1 
 1             446           
1
 -9999.0   ,   9990.0
   7
 9 
-146.5971      62.06275
-146.6153      62.06477
-146.6259      62.07773
-146.6206      62.08051
-146.6133      62.08026
-146.6061      62.0768
-146.603       62.07143
-146.5919      62.06463
-146.5971      62.06275
 1 
 1             447           
1
 -9999.0   ,   9990.0
   7
 7 
-146.1977      62.06685
-146.2049      62.06713
-146.2055      62.06944
-146.1874      62.07516
-146.1813      62.07401
-146.1865      62.0694
-146.1977      62.06685
 1 
 1             448           
1
 -9999.0   ,   9990.0
   7
 6 
-141.3195      62.0482
-141.3172      62.05358
-141.3039      62.05791
-141.2969      62.05693
-141.3021      62.05293
-141.3195      62.0482
 1 
 1             449           
1
 -9999.0   ,   9990.0
   7
 8 
-141.092       62.05559
-141.0898      62.05035
-141.1007      62.04446
-141.1101      62.04285
-141.1137      62.04659
-141.1091      62.05156
-141.0975      62.05531
-141.092       62.05559
 1 
 1             450           
1
 -9999.0   ,   9990.0
   7
 6 
-147.1399      62.03535
-147.14        62.04862
-147.1359      62.04964
-147.1274      62.04434
-147.1316      62.03555
-147.1399      62.03535
 1 
 1             451           
1
 -9999.0   ,   9990.0
   7
 7 
-146.6989      62.02947
-146.7044      62.03172
-146.7044      62.03493
-146.6969      62.04497
-146.6923      62.0432
-146.6917      62.03495
-146.6989      62.02947
 1 
 1             452           
1
 -9999.0   ,   9990.0
   7
 9 
-141.7999      62.03781
-141.806       62.03569
-141.8178      62.03559
-141.842       62.03059
-141.8455      62.03176
-141.8223      62.04468
-141.8163      62.04195
-141.8054      62.04211
-141.7999      62.03781
 1 
 1             453           
1
 -9999.0   ,   9990.0
   7
 8 
-146.3875      62.0353
-146.3916      62.03582
-146.3898      62.03838
-146.3725      62.04207
-146.3682      62.04172
-146.3684      62.03955
-146.3758      62.03704
-146.3875      62.0353
 1 
 1             454           
1
 -9999.0   ,   9990.0
   7
 6 
-146.1442      62.03733
-146.1655      62.03815
-146.1676      62.04051
-146.1644      62.042
-146.1437      62.04051
-146.1442      62.03733
 1 
 1             455           
1
 -9999.0   ,   9990.0
   7
 12 
-146.3976      62.01803
-146.4011      62.02045
-146.3924      62.02585
-146.3793      62.02537
-146.3618      62.02815
-146.3543      62.0265
-146.3224      62.03058
-146.3144      62.02593
-146.3185      62.02449
-146.3515      62.02297
-146.3726      62.01872
-146.3976      62.01803
 1 
 1             456           
1
 -9999.0   ,   9990.0
   7
 6 
-146.2933      62.0208
-146.2977      62.02371
-146.2935      62.02561
-146.2835      62.0273
-146.2727      62.02437
-146.2933      62.0208
 1 
 1             457           
1
 -9999.0   ,   9990.0
   7
 7 
-149.9825      62.01448
-149.9842      62.01884
-149.978       62.02539
-149.9702      62.02667
-149.9695      62.02118
-149.9742      62.0137
-149.9825      62.01448
 1 
 1             458           
1
 -9999.0   ,   9990.0
   7
 8 
-146.0305      62.0077
-146.044       61.99747
-146.0484      62.00291
-146.0669      61.99448
-146.072       61.99858
-146.0547      62.00568
-146.0411      62.00835
-146.0305      62.0077
 1 
 1             459           
1
 -9999.0   ,   9990.0
   7
 56 
-146.3235      61.98049
-146.3297      61.97821
-146.3378      61.96797
-146.3415      61.95758
-146.3477      61.95232
-146.3642      61.94378
-146.3709      61.93259
-146.413       61.91628
-146.4257      61.91561
-146.4372      61.91396
-146.4419      61.90887
-146.442       61.89904
-146.4554      61.87961
-146.4541      61.86377
-146.4406      61.84238
-146.4256      61.81877
-146.4211      61.79
-146.41        61.76966
-146.4123      61.76426
-146.4201      61.75814
-146.4303      61.75508
-146.462       61.75326
-146.4832      61.75525
-146.4981      61.75665
-146.4994      61.75672
-146.5173      61.7578
-146.5152      61.76779
-146.5233      61.78068
-146.525       61.79081
-146.542       61.81774
-146.5657      61.8662
-146.56        61.87992
-146.5586      61.88335
-146.5563      61.88898
-146.5658      61.91106
-146.5521      61.92683
-146.5322      61.93023
-146.4912      61.93127
-146.4648      61.93511
-146.4469      61.94064
-146.4406      61.94316
-146.4355      61.95075
-146.4353      61.95762
-146.4251      61.96342
-146.4184      61.96615
-146.4072      61.97512
-146.3915      61.98141
-146.3711      61.98684
-146.3456      61.99116
-146.3294      61.99742
-146.3217      61.99736
-146.3133      62.00071
-146.2974      62.00241
-146.2768      62.00369
-146.2569      62.00294
-146.3235      61.98049
 1 
 1             460           
1
 -9999.0   ,   9990.0
   7
 6 
-145.8728      61.9691
-145.883       61.97181
-145.8866      61.97882
-145.88        61.98291
-145.872       61.97869
-145.8728      61.9691
 1 
 1             461           
1
 -9999.0   ,   9990.0
   7
 20 
-140.8815      61.96412
-140.8716      61.95957
-140.8614      61.94857
-140.8499      61.94091
-140.8439      61.93906
-140.8343      61.93957
-140.8169      61.93328
-140.8197      61.93145
-140.8296      61.93323
-140.8406      61.92522
-140.8314      61.91992
-140.8316      61.91643
-140.8474      61.91245
-140.854       61.92003
-140.8701      61.92688
-140.8757      61.93176
-140.8774      61.94226
-140.8872      61.94797
-140.8854      61.96105
-140.8815      61.96412
 1 
 1             462           
1
 -9999.0   ,   9990.0
   7
 13 
-140.0667      61.94856
-140.0548      61.95125
-140.0447      61.95796
-140.0355      61.95977
-140.0322      61.95401
-140.0221      61.95449
-140.0116      61.95847
-140.0082      61.95248
-140.0295      61.94728
-140.0416      61.94665
-140.0488      61.94476
-140.0621      61.94496
-140.0667      61.94856
 1 
 1             463           
1
 -9999.0   ,   9990.0
   7
 4 
-140.0007      61.95209
-140           61.95249
-140           61.95178
-140.0007      61.95209
 1 
 1             464           
1
 -9999.0   ,   9990.0
   7
 11 
-146.8067      61.93936
-146.802       61.93829
-146.8013      61.93643
-146.8044      61.93539
-146.811       61.93676
-146.838       61.93127
-146.8514      61.93286
-146.8291      61.93898
-146.8215      61.93803
-146.8115      61.93998
-146.8067      61.93936
 1 
 1             465           
1
 -9999.0   ,   9990.0
   7
 14 
-140.4156      61.9307
-140.4266      61.93309
-140.4342      61.93668
-140.4304      61.93996
-140.4155      61.93418
-140.4043      61.93242
-140.3982      61.93449
-140.3913      61.93453
-140.3868      61.9314
-140.3877      61.92949
-140.3977      61.92875
-140.4031      61.92581
-140.4078      61.92524
-140.4156      61.9307
 1 
 1             466           
1
 -9999.0   ,   9990.0
   7
 7 
-147.2671      61.92588
-147.2857      61.92827
-147.2873      61.93038
-147.2783      61.93262
-147.2671      61.93273
-147.2621      61.93029
-147.2671      61.92588
 1 
 1             467           
1
 -9999.0   ,   9990.0
   7
 8 
-140.3029      61.91008
-140.3334      61.92678
-140.3312      61.9304
-140.3196      61.92502
-140.2946      61.91761
-140.2902      61.91447
-140.2971      61.91328
-140.3029      61.91008
 1 
 1             468           
1
 -9999.0   ,   9990.0
   7
 11 
-146.8702      61.92755
-146.8686      61.92475
-146.8726      61.92077
-146.8841      61.91543
-146.9057      61.91089
-146.9163      61.91124
-146.9093      61.91581
-146.8951      61.92014
-146.8906      61.92434
-146.8814      61.92746
-146.8702      61.92755
 1 
 1             469           
1
 -9999.0   ,   9990.0
   7
 5 
-140.3566      61.92
-140.3659      61.92151
-140.3651      61.92724
-140.3581      61.92538
-140.3566      61.92
 1 
 1             470           
1
 -9999.0   ,   9990.0
   7
 5 
-140.8262      61.91639
-140.8201      61.91848
-140.8061      61.91331
-140.81        61.91047
-140.8262      61.91639
 1 
 1             471           
1
 -9999.0   ,   9990.0
   7
 14 
-146.0618      61.83604
-146.0655      61.8481
-146.0653      61.86824
-146.0643      61.87306
-146.0603      61.8914
-146.0552      61.89303
-146.0452      61.90844
-146.0312      61.91041
-146.02        61.9079
-146.0191      61.90489
-146.0307      61.88863
-146.0342      61.87137
-146.0479      61.85725
-146.0618      61.83604
 1 
 1             472           
1
 -9999.0   ,   9990.0
   7
 6 
-140.3433      61.90482
-140.3371      61.90089
-140.3423      61.89728
-140.3479      61.90102
-140.3464      61.90829
-140.3433      61.90482
 1 
 1             473           
1
 -9999.0   ,   9990.0
   7
 9 
-145.6588      61.89334
-145.6697      61.88671
-145.6908      61.89126
-145.6997      61.89782
-145.6946      61.9015
-145.688       61.90329
-145.685       61.90132
-145.6688      61.90202
-145.6588      61.89334
 1 
 1             474           
1
 -9999.0   ,   9990.0
   7
 35 
-140.5826      61.89723
-140.5953      61.89501
-140.6126      61.89198
-140.6274      61.87054
-140.6344      61.86516
-140.6431      61.86197
-140.6648      61.85824
-140.6707      61.85549
-140.6798      61.84186
-140.6796      61.83564
-140.668       61.82728
-140.652       61.82064
-140.6451      61.81447
-140.6438      61.80348
-140.6399      61.79777
-140.6434      61.79497
-140.6487      61.79641
-140.6528      61.80996
-140.6589      61.8162
-140.6777      61.82285
-140.6858      61.82062
-140.6899      61.82262
-140.6895      61.83027
-140.6938      61.84149
-140.6896      61.84782
-140.6796      61.86012
-140.6661      61.86484
-140.6414      61.86995
-140.6336      61.87723
-140.6303      61.88626
-140.6341      61.89313
-140.6216      61.89684
-140.5806      61.90154
-140.5758      61.90029
-140.5826      61.89723
 1 
 1             475           
1
 -9999.0   ,   9990.0
   7
 8 
-140.8518      61.87977
-140.8442      61.88058
-140.8344      61.88896
-140.8302      61.88536
-140.8328      61.87868
-140.8414      61.87525
-140.8512      61.8768
-140.8518      61.87977
 1 
 1             476           
1
 -9999.0   ,   9990.0
   7
 7 
-147.3306      61.88299
-147.3194      61.87327
-147.3243      61.86907
-147.3315      61.86929
-147.3374      61.8761
-147.3377      61.88114
-147.3306      61.88299
 1 
 1             477           
1
 -9999.0   ,   9990.0
   7
 7 
-147.2787      61.8622
-147.2737      61.86624
-147.2598      61.87191
-147.2481      61.87366
-147.248       61.86974
-147.2534      61.86611
-147.2787      61.8622
 1 
 1             478           
1
 -9999.0   ,   9990.0
   7
 12 
-141.1742      61.83923
-141.1808      61.84596
-141.1871      61.84759
-141.206       61.8423
-141.2116      61.84318
-141.1852      61.85461
-141.185       61.85807
-141.1931      61.86029
-141.1878      61.86289
-141.1664      61.86268
-141.1663      61.84834
-141.1742      61.83923
 1 
 1             479           
1
 -9999.0   ,   9990.0
   7
 5 
-147.2457      61.85533
-147.2257      61.86211
-147.2177      61.86173
-147.2232      61.85594
-147.2457      61.85533
 1 
 1             480           
1
 -9999.0   ,   9990.0
   7
 6 
-147.3546      61.8453
-147.3361      61.84999
-147.3355      61.84677
-147.3414      61.84283
-147.3487      61.84283
-147.3546      61.8453
 1 
 1             481           
1
 -9999.0   ,   9990.0
   7
 8 
-146.2073      61.8243
-146.2191      61.83162
-146.2177      61.83683
-146.2016      61.84858
-146.1975      61.84156
-146.1974      61.83102
-146.2021      61.82616
-146.2073      61.8243
 1 
 1             482           
1
 -9999.0   ,   9990.0
   7
 9 
-144.805       61.83352
-144.8174      61.84123
-144.8142      61.84269
-144.8032      61.8417
-144.7841      61.8426
-144.7797      61.83849
-144.7823      61.83517
-144.7932      61.83662
-144.805       61.83352
 1 
 1             483           
1
 -9999.0   ,   9990.0
   7
 7 
-148.2548      61.82908
-148.26        61.82603
-148.2734      61.8226
-148.2952      61.82081
-148.27        61.83024
-148.2556      61.8304
-148.2548      61.82908
 1 
 1             484           
1
 -9999.0   ,   9990.0
   7
 23 
-141.2028      61.81087
-141.2006      61.80701
-141.2029      61.80302
-141.2172      61.79231
-141.2482      61.79323
-141.2503      61.79272
-141.263       61.78971
-141.2746      61.78873
-141.292       61.7951
-141.3056      61.79679
-141.3166      61.79438
-141.3269      61.78683
-141.3359      61.79211
-141.3264      61.80041
-141.3273      61.80348
-141.3217      61.80584
-141.3084      61.80741
-141.2969      61.80678
-141.2906      61.80816
-141.2758      61.80707
-141.2613      61.80807
-141.2211      61.80577
-141.2028      61.81087
 1 
 1             485           
1
 -9999.0   ,   9990.0
   7
 7 
-148.3014      61.809
-148.3071      61.80693
-148.3157      61.80631
-148.323       61.80614
-148.3279      61.80837
-148.3088      61.81022
-148.3014      61.809
 1 
 1             486           
1
 -9999.0   ,   9990.0
   7
 9 
-141.6563      61.79737
-141.6441      61.79441
-141.6427      61.79109
-141.6476      61.78659
-141.6606      61.78083
-141.6672      61.78475
-141.6748      61.78369
-141.6769      61.78776
-141.6563      61.79737
 1 
 1             487           
1
 -9999.0   ,   9990.0
   7
 10 
-145.1739      61.77158
-145.1791      61.7725
-145.1954      61.78517
-145.1934      61.79013
-145.1809      61.78497
-145.1597      61.77941
-145.1545      61.77413
-145.1569      61.77194
-145.1668      61.77331
-145.1739      61.77158
 1 
 1             488           
1
 -9999.0   ,   9990.0
   7
 6 
-141.3641      61.78079
-141.3715      61.78041
-141.3831      61.7838
-141.3787      61.7851
-141.3612      61.78509
-141.3641      61.78079
 1 
 1             489           
1
 -9999.0   ,   9990.0
   7
 5 
-141.3743      61.77045
-141.3722      61.76476
-141.375       61.76219
-141.3855      61.76758
-141.3743      61.77045
 1 
 1             490           
1
 -9999.0   ,   9990.0
   7
 9 
-141.2978      61.75672
-141.3251      61.76128
-141.3207      61.76442
-141.3093      61.76774
-141.2986      61.76764
-141.2911      61.76546
-141.2884      61.76157
-141.2943      61.75715
-141.2978      61.75672
 1 
 1             491           
1
 -9999.0   ,   9990.0
   7
 6 
-140.6396      61.76361
-140.644       61.75233
-140.657       61.76022
-140.656       61.76306
-140.6463      61.76472
-140.6396      61.76361
 1 
 1             492           
1
 -9999.0   ,   9990.0
   7
 12 
-141.1977      61.75134
-141.2023      61.75954
-141.1932      61.76186
-141.1816      61.76168
-141.1746      61.75931
-141.1638      61.75942
-141.1542      61.75593
-141.157       61.75337
-141.1677      61.75209
-141.175       61.75495
-141.1818      61.75522
-141.1977      61.75134
 1 
 1             493           
1
 -9999.0   ,   9990.0
   7
 22 
-140.644       61.75233
-140.6155      61.74331
-140.613       61.74115
-140.6151      61.73591
-140.6103      61.73165
-140.6156      61.7227
-140.6162      61.70857
-140.6201      61.70354
-140.6271      61.6932
-140.6232      61.68172
-140.6291      61.66902
-140.6476      61.64909
-140.6487      61.65506
-140.6374      61.69496
-140.6402      61.70906
-140.6276      61.70655
-140.6256      61.71202
-140.63        61.72069
-140.6274      61.73474
-140.634       61.73841
-140.6427      61.74837
-140.644       61.75233
 1 
 1             494           
1
 -9999.0   ,   9990.0
   7
 52 
-145.7277      61.74319
-145.7354      61.74053
-145.7421      61.7328
-145.7478      61.72822
-145.7645      61.72457
-145.785       61.72313
-145.8419      61.7264
-145.8617      61.7263
-145.8809      61.72433
-145.8986      61.72024
-145.9139      61.71418
-145.9505      61.69967
-145.9575      61.69309
-145.959       61.67367
-145.9666      61.66344
-145.9767      61.62857
-145.9683      61.60555
-145.9704      61.59899
-145.9853      61.60166
-145.9964      61.59867
-146.0028      61.60328
-146.0074      61.60713
-146.0193      61.60784
-146.0238      61.61008
-146.029       61.62036
-146.0349      61.63182
-146.0331      61.63656
-146.0218      61.64298
-146.017       61.64875
-146.0199      61.66215
-146.0091      61.67134
-146.0063      61.68428
-145.9984      61.69358
-145.9977      61.69791
-146.0054      61.70303
-146.0053      61.70646
-145.9992      61.7108
-145.9863      61.72906
-145.9727      61.73493
-145.9608      61.73674
-145.9478      61.74194
-145.9169      61.7471
-145.9053      61.74732
-145.8918      61.74448
-145.8689      61.7424
-145.8555      61.74483
-145.843       61.74409
-145.8201      61.73742
-145.8066      61.73686
-145.7766      61.73699
-145.7369      61.74518
-145.7277      61.74319
 1 
 1             495           
1
 -9999.0   ,   9990.0
   7
 6 
-150           61.73116
-150           61.73826
-149.9906      61.73561
-149.9888      61.73354
-149.9947      61.73041
-150           61.73116
 1 
 1             496           
1
 -9999.0   ,   9990.0
   7
 7 
-146.4967      61.72981
-146.4918      61.72689
-146.4982      61.72323
-146.5133      61.71943
-146.521       61.71948
-146.5246      61.72098
-146.4967      61.72981
 5 
 1             497           
1
 -9999.0   ,   9990.0
   7
 167 
-148.7927      61.72288
-148.8087      61.71588
-148.8505      61.70597
-148.8646      61.70472
-148.8951      61.70203
-148.906       61.69836
-148.9292      61.69743
-148.9416      61.69287
-148.9477      61.68362
-148.9653      61.67983
-148.9802      61.67372
-148.9919      61.67234
-149.011       61.6672
-149.0237      61.66584
-149.0524      61.6675
-149.0588      61.66556
-149.0706      61.66189
-149.0746      61.65351
-149.0838      61.64659
-149.1094      61.63814
-149.1132      61.63296
-149.1096      61.62398
-149.1015      61.61676
-149.0781      61.60903
-149.0536      61.59694
-149.0532      61.59077
-149.0588      61.58036
-149.0588      61.56758
-149.0639      61.56401
-149.0817      61.55154
-149.0969      61.5461
-149.1142      61.54572
-149.1225      61.54358
-149.1368      61.54452
-149.1427      61.54256
-149.153       61.53315
-149.1668      61.527
-149.1729      61.51636
-149.1937      61.50667
-149.2035      61.50455
-149.2282      61.5068
-149.2406      61.5061
-149.2472      61.50141
-149.2421      61.49927
-149.2387      61.49877
-149.2118      61.49488
-149.1984      61.4951
-149.1595      61.50334
-149.1135      61.50505
-149.0912      61.50853
-149.0378      61.50688
-149.0027      61.51469
-148.9931      61.5152
-148.9868      61.51682
-148.9692      61.52137
-148.9472      61.52096
-148.9056      61.51423
-148.9016      61.51027
-148.9021      61.50551
-148.8877      61.49949
-148.8742      61.4958
-148.852       61.49449
-148.8394      61.49375
-148.8315      61.48822
-148.825       61.48364
-148.8073      61.4846
-148.8034      61.48481
-148.787       61.48591
-148.7488      61.48051
-148.7381      61.47514
-148.7364      61.47432
-148.7386      61.47444
-148.7431      61.47468
-148.7624      61.47378
-148.7638      61.47853
-148.7675      61.47952
-148.7854      61.47759
-148.7864      61.4827
-148.8017      61.48118
-148.8061      61.48075
-148.8111      61.47902
-148.8048      61.47433
-148.8142      61.47566
-148.8236      61.47836
-148.8446      61.48403
-148.8548      61.48149
-148.8847      61.48451
-148.8855      61.4842
-148.8915      61.48837
-148.9026      61.4879
-148.9158      61.49501
-148.9445      61.50058
-148.9603      61.50151
-148.9617      61.50159
-148.9758      61.50459
-148.9868      61.51028
-148.9944      61.51065
-149.0092      61.50567
-149.0506      61.50164
-149.0967      61.4931
-149.1211      61.49295
-149.1254      61.49292
-149.1554      61.49482
-149.1682      61.49024
-149.1869      61.48873
-149.1991      61.489
-149.2003      61.48471
-149.195       61.48376
-149.1806      61.4831
-149.1773      61.47831
-149.2073      61.47904
-149.2676      61.47685
-149.2833      61.47848
-149.2762      61.48339
-149.2813      61.4853
-149.3058      61.48434
-149.3098      61.48144
-149.2991      61.47714
-149.3179      61.47567
-149.3221      61.49308
-149.2842      61.49837
-149.2026      61.52304
-149.2014      61.51914
-149.2149      61.51137
-149.2102      61.50969
-149.1971      61.51267
-149.1857      61.51841
-149.1809      61.52427
-149.1831      61.52728
-149.1972      61.52432
-149.1952      61.53227
-149.1804      61.53971
-149.1728      61.54354
-149.1482      61.54608
-149.1367      61.55137
-149.1304      61.55239
-149.097       61.55774
-149.0877      61.56055
-149.082       61.56524
-149.0753      61.57723
-149.0754      61.58203
-149.0852      61.59225
-149.0854      61.60209
-149.0898      61.60673
-149.1113      61.61465
-149.1265      61.62931
-149.1237      61.63405
-149.0989      61.65074
-149.0917      61.65062
-149.087       61.65442
-149.0882      61.65741
-149.086       61.66194
-149.0715      61.66899
-149.051       61.67296
-148.994       61.67557
-148.9679      61.68354
-148.96        61.6859
-148.9511      61.69464
-148.9337      61.70094
-148.913       61.70169
-148.8966      61.70754
-148.8746      61.711
-148.8524      61.7124
-148.8221      61.71683
-148.8065      61.72521
-148.7966      61.72752
-148.7927      61.72288
 1             497           2 
1
 -9999.0   ,   9990.0
   7
 8 
-148.9435      61.51382
-148.9599      61.51293
-148.9613      61.51148
-148.9337      61.50907
-148.9312      61.50962
-148.9341      61.51228
-148.9372      61.51292
-148.9435      61.51382
 1             497           3 
1
 -9999.0   ,   9990.0
   7
 9 
-149.1214      61.49582
-149.0954      61.49742
-149.0707      61.50245
-149.0738      61.50456
-149.0978      61.50408
-149.109       61.50154
-149.1325      61.50104
-149.1375      61.49747
-149.1214      61.49582
 1             497           4 
1
 -9999.0   ,   9990.0
   7
 11 
-148.9016      61.49452
-148.878       61.48772
-148.8768      61.48766
-148.8614      61.48683
-148.848       61.48865
-148.8503      61.49105
-148.8776      61.49303
-148.8828      61.49389
-148.9016      61.497
-148.9063      61.49591
-148.9016      61.49452
 1             497           5 
1
 -9999.0   ,   9990.0
   7
 6 
-149.2648      61.48983
-149.2613      61.48497
-149.2153      61.48671
-149.2165      61.48947
-149.2293      61.49106
-149.2648      61.48983
 1 
 1             498           
1
 -9999.0   ,   9990.0
   7
 6 
-148.9947      61.70916
-148.9795      61.71779
-148.9762      61.7175
-148.9742      61.71198
-148.985       61.70921
-148.9947      61.70916
 1 
 1             499           
1
 -9999.0   ,   9990.0
   7
 7 
-145.1849      61.70077
-145.1876      61.70915
-145.1815      61.713
-145.1749      61.7143
-145.1726      61.70938
-145.181       61.70128
-145.1849      61.70077
 1 
 1             500           
1
 -9999.0   ,   9990.0
   7
 9 
-144.6068      61.69662
-144.6177      61.6974
-144.6275      61.70133
-144.628       61.70343
-144.6208      61.70307
-144.6151      61.70691
-144.6088      61.70499
-144.6025      61.70077
-144.6068      61.69662
 1 
 1             501           
1
 -9999.0   ,   9990.0
   7
 9 
-148.8512      61.69625
-148.8469      61.69722
-148.833       61.69717
-148.8307      61.69553
-148.8427      61.69005
-148.8533      61.68981
-148.8584      61.69242
-148.8553      61.69533
-148.8512      61.69625
 1 
 1             502           
1
 -9999.0   ,   9990.0
   7
 10 
-149.9965      61.69299
-149.9972      61.6898
-149.9919      61.68883
-149.9855      61.69173
-149.9798      61.69189
-149.9713      61.67923
-149.9902      61.67511
-150           61.67932
-150           61.69319
-149.9965      61.69299
 1 
 1             503           
1
 -9999.0   ,   9990.0
   7
 10 
-149.6919      61.6141
-149.6947      61.61665
-149.6883      61.61885
-149.6797      61.62604
-149.6733      61.62801
-149.6705      61.62705
-149.6708      61.62295
-149.6743      61.62003
-149.6847      61.61446
-149.6919      61.6141
 1 
 1             504           
1
 -9999.0   ,   9990.0
   7
 6 
-149.9889      61.61528
-149.9963      61.62038
-149.9912      61.62558
-149.9829      61.62777
-149.9799      61.62225
-149.9889      61.61528
 1 
 1             505           
1
 -9999.0   ,   9990.0
   7
 8 
-149.6816      61.60651
-149.6797      61.61005
-149.6599      61.62097
-149.6597      61.61549
-149.6708      61.6072
-149.6706      61.60239
-149.6745      61.60131
-149.6816      61.60651
 1 
 1             506           
1
 -9999.0   ,   9990.0
   7
 13 
-149.2936      61.60108
-149.2957      61.60234
-149.3019      61.60193
-149.3063      61.59835
-149.3075      61.60268
-149.2919      61.61202
-149.2882      61.60967
-149.281       61.60978
-149.2731      61.61353
-149.2673      61.61412
-149.266       61.61204
-149.2731      61.60599
-149.2936      61.60108
 1 
 1             507           
1
 -9999.0   ,   9990.0
   7
 15 
-146.6111      61.60712
-146.6063      61.601
-146.6523      61.58341
-146.6551      61.57756
-146.6688      61.57004
-146.6809      61.56635
-146.6856      61.56697
-146.6912      61.56808
-146.6954      61.57166
-146.685       61.57702
-146.6708      61.57857
-146.6698      61.58541
-146.6381      61.60076
-146.6189      61.60671
-146.6111      61.60712
 1 
 1             508           
1
 -9999.0   ,   9990.0
   7
 10 
-149.3458      61.59621
-149.3402      61.60069
-149.3283      61.60005
-149.3171      61.60192
-149.3154      61.59823
-149.32        61.59511
-149.3319      61.59553
-149.3431      61.59411
-149.346       61.59439
-149.3458      61.59621
 1 
 1             509           
1
 -9999.0   ,   9990.0
   7
 13 
-146.4972      61.60072
-146.4932      61.60149
-146.4844      61.59979
-146.4704      61.59401
-146.4558      61.5921
-146.4484      61.58748
-146.4582      61.58601
-146.476       61.59193
-146.4928      61.59232
-146.4988      61.5907
-146.5048      61.59527
-146.5032      61.59911
-146.4972      61.60072
 1 
 1             510           
1
 -9999.0   ,   9990.0
   7
 12 
-140.2166      61.5788
-140.1912      61.58111
-140.1911      61.59289
-140.1883      61.59448
-140.1767      61.58724
-140.1652      61.58763
-140.1616      61.58235
-140.1716      61.57424
-140.1835      61.56922
-140.191       61.56844
-140.2152      61.5759
-140.2166      61.5788
 1 
 1             511           
1
 -9999.0   ,   9990.0
   7
 9 
-149.3816      61.59084
-149.4046      61.58458
-149.4131      61.58014
-149.4169      61.58066
-149.4282      61.58357
-149.4256      61.58559
-149.4175      61.58569
-149.3873      61.5923
-149.3816      61.59084
 1 
 1             512           
1
 -9999.0   ,   9990.0
   7
 8 
-149.9432      61.57289
-149.9263      61.58122
-149.9217      61.57865
-149.914       61.57856
-149.9162      61.57356
-149.933       61.56379
-149.9373      61.56423
-149.9432      61.57289
 1 
 1             513           
1
 -9999.0   ,   9990.0
   7
 7 
-149.5071      61.57061
-149.5104      61.57294
-149.4996      61.57575
-149.4703      61.57759
-149.4628      61.57497
-149.487       61.57077
-149.5071      61.57061
 1 
 1             514           
1
 -9999.0   ,   9990.0
   7
 5 
-149.9702      61.55638
-149.9511      61.56484
-149.9498      61.56231
-149.9597      61.55558
-149.9702      61.55638
 1 
 1             515           
1
 -9999.0   ,   9990.0
   7
 11 
-143.1002      61.5584
-143.1129      61.55411
-143.1298      61.55422
-143.1398      61.55277
-143.1465      61.55295
-143.1499      61.55477
-143.1465      61.55663
-143.131       61.55868
-143.1148      61.56343
-143.1052      61.56146
-143.1002      61.5584
 1 
 1             516           
1
 -9999.0   ,   9990.0
   7
 40 
-149.8336      61.54059
-149.8408      61.53999
-149.8477      61.53688
-149.8415      61.53566
-149.8412      61.5336
-149.848       61.53141
-149.8604      61.5311
-149.8641      61.53411
-149.8752      61.53242
-149.8808      61.53478
-149.8857      61.53255
-149.8934      61.53264
-149.9082      61.52413
-149.923       61.51565
-149.9297      61.51481
-149.9401      61.51813
-149.9473      61.51593
-149.9615      61.52021
-149.9526      61.52626
-149.9531      61.53495
-149.9677      61.52987
-149.9724      61.53221
-149.9684      61.53467
-149.9529      61.53906
-149.9151      61.53839
-149.9116      61.53127
-149.9078      61.53259
-149.9051      61.53758
-149.8982      61.54183
-149.894       61.54864
-149.8789      61.55247
-149.8678      61.55516
-149.8611      61.55486
-149.8565      61.5516
-149.8585      61.55002
-149.8652      61.54989
-149.8673      61.54648
-149.8646      61.54234
-149.8392      61.54363
-149.8336      61.54059
 1 
 1             517           
1
 -9999.0   ,   9990.0
   7
 39 
-142.543       61.54325
-142.5605      61.52943
-142.5664      61.52024
-142.5754      61.50655
-142.5886      61.49468
-142.5907      61.48906
-142.5849      61.47555
-142.591       61.46259
-142.5972      61.45769
-142.6096      61.4532
-142.6169      61.44769
-142.6186      61.44342
-142.6195      61.43519
-142.613       61.42417
-142.5987      61.40826
-142.5948      61.40017
-142.5976      61.3969
-142.6038      61.39039
-142.6128      61.38752
-142.636       61.38719
-142.6373      61.38912
-142.6231      61.39027
-142.6126      61.39327
-142.61        61.39709
-142.6085      61.39922
-142.6183      61.42243
-142.6254      61.42797
-142.6252      61.43188
-142.6305      61.43889
-142.6241      61.45115
-142.6048      61.46303
-142.5958      61.47119
-142.5943      61.47478
-142.5994      61.4924
-142.5758      61.51288
-142.5735      61.51572
-142.5629      61.53347
-142.5535      61.54144
-142.543       61.54325
 1 
 1             518           
1
 -9999.0   ,   9990.0
   7
 8 
-144.2078      61.52743
-144.219       61.52895
-144.2379      61.53432
-144.2433      61.53805
-144.2399      61.5404
-144.2199      61.53726
-144.2041      61.52861
-144.2078      61.52743
 1 
 1             519           
1
 -9999.0   ,   9990.0
   7
 5 
-150           61.53176
-150           61.53459
-149.9971      61.53531
-149.9985      61.53238
-150           61.53176
 1 
 1             520           
1
 -9999.0   ,   9990.0
   7
 11 
-148.9049      61.51741
-148.9137      61.52078
-148.9213      61.52161
-148.9246      61.52738
-148.9314      61.53186
-148.9256      61.53311
-148.9168      61.52952
-148.906       61.53228
-148.9016      61.52764
-148.8952      61.52476
-148.9049      61.51741
 1 
 1             521           
1
 -9999.0   ,   9990.0
   7
 7 
-144.1559      61.51684
-144.17        61.52242
-144.1535      61.52292
-144.1424      61.52117
-144.1424      61.5191
-144.1501      61.51906
-144.1559      61.51684
 1 
 1             522           
1
 -9999.0   ,   9990.0
   7
 21 
-145.5187      61.51514
-145.5042      61.52069
-145.5033      61.51515
-145.5256      61.49183
-145.5313      61.48176
-145.5286      61.4711
-145.5334      61.46351
-145.5351      61.4519
-145.5321      61.44237
-145.5352      61.43632
-145.5393      61.43512
-145.5456      61.437
-145.5608      61.45784
-145.5641      61.46577
-145.5611      61.47137
-145.5641      61.48067
-145.5594      61.49032
-145.5452      61.50483
-145.5366      61.50973
-145.5271      61.51138
-145.5187      61.51514
 1 
 1             523           
1
 -9999.0   ,   9990.0
   7
 11 
-144.1307      61.4932
-144.147       61.49523
-144.1683      61.50304
-144.186       61.5157
-144.1864      61.51802
-144.181       61.51842
-144.1724      61.51635
-144.1677      61.51173
-144.1341      61.50097
-144.1279      61.49489
-144.1307      61.4932
 1 
 1             524           
1
 -9999.0   ,   9990.0
   7
 12 
-149.3766      61.51791
-149.3763      61.51516
-149.3964      61.50748
-149.4003      61.50001
-149.4276      61.49975
-149.4466      61.49555
-149.463       61.50515
-149.4538      61.50723
-149.4187      61.50941
-149.4154      61.50961
-149.3935      61.51566
-149.3766      61.51791
 1 
 1             525           
1
 -9999.0   ,   9990.0
   7
 8 
-140.8357      61.50873
-140.839       61.50987
-140.8391      61.51309
-140.833       61.51634
-140.8204      61.51778
-140.8179      61.51613
-140.8192      61.51418
-140.8357      61.50873
 1 
 1             526           
1
 -9999.0   ,   9990.0
   7
 8 
-140.7584      61.5018
-140.766       61.50283
-140.7722      61.50558
-140.7739      61.50892
-140.7708      61.51124
-140.7564      61.50865
-140.7513      61.50512
-140.7584      61.5018
 1 
 1             527           
1
 -9999.0   ,   9990.0
   7
 8 
-149.7733      61.49826
-149.7806      61.50384
-149.779       61.50656
-149.7729      61.50579
-149.7557      61.49621
-149.7606      61.4949
-149.7691      61.4957
-149.7733      61.49826
 1 
 1             528           
1
 -9999.0   ,   9990.0
   7
 7 
-146.2413      61.48738
-146.2491      61.48929
-146.2599      61.49932
-146.2584      61.50224
-146.2463      61.49994
-146.239       61.48936
-146.2413      61.48738
 1 
 1             529           
1
 -9999.0   ,   9990.0
   7
 11 
-149.9197      61.48661
-149.9489      61.47599
-149.9566      61.47539
-149.9589      61.47702
-149.9585      61.4841
-149.9518      61.4847
-149.9423      61.48276
-149.9286      61.49014
-149.9204      61.49095
-149.9181      61.4891
-149.9197      61.48661
 1 
 1             530           
1
 -9999.0   ,   9990.0
   7
 6 
-149.9366      61.45552
-149.9473      61.45953
-149.9336      61.46577
-149.926       61.46567
-149.9288      61.45749
-149.9366      61.45552
 1 
 1             531           
1
 -9999.0   ,   9990.0
   7
 6 
-143.9076      61.44927
-143.9125      61.45299
-143.9092      61.45671
-143.9029      61.45705
-143.8849      61.44984
-143.9076      61.44927
 1 
 1             532           
1
 -9999.0   ,   9990.0
   7
 7 
-144.1248      61.44074
-144.1381      61.4472
-144.1375      61.44992
-144.1319      61.45123
-144.1236      61.44757
-144.1198      61.44323
-144.1248      61.44074
 1 
 1             533           
1
 -9999.0   ,   9990.0
   7
 29 
-148.726       61.44166
-148.7244      61.44677
-148.7233      61.45029
-148.717       61.44604
-148.7029      61.44369
-148.6933      61.4387
-148.6894      61.42925
-148.6821      61.42544
-148.6534      61.42552
-148.6479      61.42883
-148.6729      61.43859
-148.6672      61.44181
-148.6613      61.43894
-148.6533      61.43763
-148.6341      61.42831
-148.6187      61.42414
-148.6083      61.41904
-148.6315      61.41677
-148.6192      61.40903
-148.6146      61.39923
-148.6132      61.39617
-148.6244      61.40367
-148.6361      61.41139
-148.6429      61.41593
-148.653       61.42025
-148.6796      61.42127
-148.6941      61.42455
-148.7002      61.42781
-148.726       61.44166
 1 
 1             534           
1
 -9999.0   ,   9990.0
   7
 8 
-144.0218      61.42984
-144.0317      61.43061
-144.0443      61.43774
-144.0428      61.44019
-144.0361      61.44027
-144.0231      61.43612
-144.0174      61.4319
-144.0218      61.42984
 1 
 1             535           
1
 -9999.0   ,   9990.0
   7
 15 
-148.5491      61.43927
-148.5465      61.431
-148.548       61.42554
-148.558       61.42073
-148.5605      61.427
-148.5705      61.42443
-148.5728      61.42037
-148.5811      61.41851
-148.5969      61.41746
-148.6034      61.41928
-148.5766      61.42571
-148.5615      61.43579
-148.5602      61.43662
-148.5557      61.43965
-148.5491      61.43927
 1 
 1             536           
1
 -9999.0   ,   9990.0
   7
 12 
-143.0208      61.38868
-143.0212      61.39585
-143.013       61.40339
-143.0045      61.40793
-142.984       61.41447
-142.9731      61.42461
-142.9616      61.42987
-142.9585      61.42692
-142.9771      61.41358
-143.0014      61.40336
-143.015       61.39062
-143.0208      61.38868
 1 
 1             537           
1
 -9999.0   ,   9990.0
   7
 10 
-148.5629      61.41822
-148.5541      61.41631
-148.5617      61.41213
-148.5683      61.41205
-148.5747      61.4099
-148.5809      61.41116
-148.5822      61.41143
-148.5776      61.41503
-148.5758      61.41544
-148.5629      61.41822
 1 
 1             538           
1
 -9999.0   ,   9990.0
   7
 28 
-149.0167      61.33972
-149.0392      61.35614
-149.0418      61.36509
-149.0514      61.37646
-149.0624      61.38169
-149.0706      61.38161
-149.075       61.38511
-149.0873      61.38716
-149.094       61.38682
-149.1096      61.39442
-149.1264      61.39883
-149.1406      61.39999
-149.152       61.40658
-149.1501      61.4078
-149.147       61.4097
-149.1374      61.41089
-149.127       61.41025
-149.1158      61.40618
-149.1002      61.40475
-149.0763      61.39313
-149.0652      61.39499
-149.0295      61.38291
-149.0281      61.37672
-149.0177      61.36922
-148.9971      61.34736
-148.9969      61.34324
-149.0068      61.34548
-149.0167      61.33972
 1 
 1             539           
1
 -9999.0   ,   9990.0
   7
 8 
-145.7561      61.39631
-145.7485      61.39599
-145.7439      61.39236
-145.7401      61.37936
-145.7418      61.3776
-145.7482      61.37948
-145.7503      61.3885
-145.7561      61.39631
 1 
 1             540           
1
 -9999.0   ,   9990.0
   7
 9 
-143.2656      61.39034
-143.262       61.38864
-143.2697      61.38679
-143.2976      61.38351
-143.3149      61.37936
-143.3186      61.37981
-143.3162      61.38357
-143.2829      61.3893
-143.2656      61.39034
 1 
 1             541           
1
 -9999.0   ,   9990.0
   7
 5 
-149.6219      61.34686
-149.625       61.3501
-149.6162      61.36162
-149.6114      61.35448
-149.6219      61.34686
 1 
 1             542           
1
 -9999.0   ,   9990.0
   7
 5 
-143.126       61.33996
-143.1061      61.3408
-143.0998      61.33926
-143.1001      61.33652
-143.126       61.33996
 1 
 1             543           
1
 -9999.0   ,   9990.0
   7
 9 
-142.9969      61.3225
-142.9835      61.32258
-142.9763      61.32443
-142.9579      61.32166
-142.9482      61.31829
-142.9445      61.31438
-142.958       61.31776
-142.9876      61.31985
-142.9969      61.3225
 1 
 1             544           
1
 -9999.0   ,   9990.0
   7
 85 
-148.5903      61.31951
-148.5909      61.3129
-148.5887      61.31126
-148.571       61.31292
-148.5626      61.31114
-148.5521      61.31182
-148.5304      61.31953
-148.5284      61.32022
-148.5177      61.3206
-148.5171      61.32062
-148.5167      61.32092
-148.5047      61.31924
-148.4868      61.32227
-148.4773      61.32228
-148.4723      61.31988
-148.4704      61.31572
-148.4752      61.30989
-148.4871      61.30445
-148.5218      61.31002
-148.5379      61.3106
-148.5545      61.30639
-148.561       61.30636
-148.5806      61.30628
-148.5866      61.30389
-148.5908      61.29919
-148.5896      61.29687
-148.5757      61.29749
-148.5496      61.3024
-148.5309      61.30405
-148.5162      61.30395
-148.4988      61.30173
-148.4916      61.29746
-148.4804      61.2803
-148.4796      61.27411
-148.4838      61.26986
-148.4892      61.26838
-148.5172      61.26855
-148.5256      61.26507
-148.5385      61.26902
-148.5599      61.26749
-148.5728      61.26246
-148.587       61.26345
-148.5921      61.27222
-148.5948      61.27687
-148.5932      61.28392
-148.597       61.28835
-148.6015      61.28571
-148.606       61.27392
-148.5949      61.25974
-148.5877      61.2557
-148.583       61.24988
-148.5834      61.24623
-148.5983      61.23902
-148.6023      61.24116
-148.6137      61.24118
-148.6255      61.23686
-148.6406      61.22278
-148.6538      61.20227
-148.6628      61.19652
-148.6773      61.18837
-148.6865      61.18673
-148.7025      61.1713
-148.7089      61.17349
-148.7134      61.17084
-148.7229      61.17058
-148.7275      61.17228
-148.7192      61.17531
-148.7182      61.18077
-148.7039      61.19281
-148.701       61.19847
-148.6894      61.20668
-148.6859      61.21346
-148.6868      61.22033
-148.6774      61.22448
-148.668       61.24194
-148.6666      61.24459
-148.6487      61.25815
-148.6297      61.26917
-148.6274      61.27369
-148.6165      61.2778
-148.613       61.28984
-148.6032      61.29831
-148.5974      61.31533
-148.5952      61.31871
-148.5903      61.31951
 1 
 1             545           
1
 -9999.0   ,   9990.0
   7
 12 
-144.1669      61.31
-144.1715      61.30864
-144.1768      61.31053
-144.2042      61.31201
-144.226       61.31869
-144.2256      61.32051
-144.2202      61.32114
-144.2077      61.31725
-144.1977      61.3174
-144.1882      61.31482
-144.1744      61.31454
-144.1669      61.31
 1 
 1             546           
1
 -9999.0   ,   9990.0
   7
 7 
-149.7768      61.28305
-149.7818      61.28209
-149.8104      61.28724
-149.8063      61.28909
-149.795       61.28877
-149.7804      61.28546
-149.7768      61.28305
 1 
 1             547           
1
 -9999.0   ,   9990.0
   7
 8 
-148.5541      61.25016
-148.5621      61.25012
-148.565       61.2552
-148.5641      61.25907
-148.5581      61.26293
-148.5543      61.25771
-148.5463      61.25639
-148.5541      61.25016
 1 
 1             548           
1
 -9999.0   ,   9990.0
   7
 6 
-143.8137      61.23896
-143.7934      61.23
-143.799       61.22848
-143.806       61.22933
-143.815       61.23536
-143.8137      61.23896
 1 
 1             549           
1
 -9999.0   ,   9990.0
   7
 15 
-144.2088      61.22817
-144.2131      61.22443
-144.2171      61.22104
-144.2278      61.22001
-144.2377      61.20998
-144.2675      61.19457
-144.2944      61.19002
-144.3079      61.19045
-144.3066      61.19218
-144.284       61.19729
-144.2728      61.2045
-144.2601      61.20612
-144.2526      61.21376
-144.2185      61.22755
-144.2088      61.22817
 1 
 1             550           
1
 -9999.0   ,   9990.0
   7
 7 
-142.2924      61.20481
-142.2803      61.20376
-142.2725      61.19931
-142.2716      61.19601
-142.2787      61.19304
-142.2901      61.19797
-142.2924      61.20481
 1 
 1             551           
1
 -9999.0   ,   9990.0
   7
 7 
-145.7038      61.1924
-145.7081      61.1951
-145.7057      61.19798
-145.6952      61.19821
-145.6836      61.19382
-145.6873      61.19214
-145.7038      61.1924
 1 
 1             552           
1
 -9999.0   ,   9990.0
   7
 7 
-142.2327      61.1899
-142.2302      61.17911
-142.2423      61.18179
-142.2458      61.18457
-142.2464      61.18899
-142.242       61.19099
-142.2327      61.1899
 1 
 1             553           
1
 -9999.0   ,   9990.0
   7
 13 
-144.3886      61.17872
-144.3951      61.17951
-144.3955      61.1823
-144.4013      61.18604
-144.3969      61.18834
-144.3873      61.18691
-144.3692      61.18917
-144.3551      61.18614
-144.3384      61.18617
-144.3372      61.18335
-144.3411      61.18264
-144.3657      61.17912
-144.3886      61.17872
 1 
 1             554           
1
 -9999.0   ,   9990.0
   7
 9 
-149.9601      61.1756
-149.9733      61.17712
-149.9816      61.1811
-149.9744      61.18284
-149.9618      61.17973
-149.9504      61.18051
-149.9415      61.17926
-149.9469      61.17612
-149.9601      61.1756
 1 
 1             555           
1
 -9999.0   ,   9990.0
   7
 9 
-146.8037      61.14261
-146.8101      61.13825
-146.8204      61.12625
-146.8254      61.1278
-146.828       61.13865
-146.8318      61.14496
-146.8297      61.1497
-146.8089      61.14645
-146.8037      61.14261
 1 
 1             556           
1
 -9999.0   ,   9990.0
   7
 10 
-149.9618      61.13071
-149.9583      61.13584
-149.9422      61.13724
-149.9361      61.13535
-149.929       61.13572
-149.9254      61.13225
-149.927       61.12976
-149.9449      61.1302
-149.9578      61.12647
-149.9618      61.13071
 1 
 1             557           
1
 -9999.0   ,   9990.0
   7
 7 
-149.0982      61.13422
-149.0907      61.1334
-149.0782      61.12686
-149.0824      61.12525
-149.0959      61.12755
-149.099       61.13081
-149.0982      61.13422
 1 
 1             558           
1
 -9999.0   ,   9990.0
   7
 10 
-146.9205      61.11848
-146.9142      61.12215
-146.8983      61.12435
-146.8743      61.11713
-146.8719      61.11362
-146.8763      61.11285
-146.8968      61.11859
-146.9049      61.11497
-146.9128      61.1157
-146.9205      61.11848
 1 
 1             559           
1
 -9999.0   ,   9990.0
   7
 68 
-148.4075      61.04184
-148.4184      61.04643
-148.4184      61.05055
-148.4158      61.05346
-148.4105      61.05493
-148.3391      61.05166
-148.3318      61.05355
-148.3246      61.05955
-148.3039      61.05863
-148.2971      61.06141
-148.2885      61.06235
-148.2819      61.06653
-148.2839      61.06978
-148.2937      61.06704
-148.3016      61.06746
-148.3038      61.06911
-148.3025      61.07274
-148.2931      61.07686
-148.2769      61.07395
-148.2702      61.07471
-148.2568      61.08078
-148.2443      61.08345
-148.216       61.07887
-148.199       61.07868
-148.1921      61.08103
-148.1789      61.09419
-148.184       61.10415
-148.1785      61.11201
-148.174       61.11419
-148.1675      61.11334
-148.1536      61.12329
-148.1469      61.11991
-148.1403      61.1106
-148.1543      61.09952
-148.1557      61.09522
-148.1534      61.0899
-148.1461      61.08546
-148.16        61.07191
-148.1715      61.06616
-148.1776      61.06603
-148.1861      61.06213
-148.2062      61.05897
-148.228       61.05334
-148.2565      61.05174
-148.2664      61.04764
-148.2714      61.0465
-148.2871      61.04288
-148.3075      61.03308
-148.3191      61.02947
-148.3368      61.01321
-148.3654      60.99582
-148.3698      60.98929
-148.3936      60.97751
-148.4055      60.9755
-148.4131      60.97042
-148.4387      60.96781
-148.4487      60.96232
-148.4572      60.9664
-148.4647      60.97663
-148.4411      60.98249
-148.4198      60.99343
-148.4092      60.99616
-148.3935      60.99739
-148.3766      61.0114
-148.3781      61.01943
-148.3646      61.03192
-148.3698      61.03684
-148.4075      61.04184
 1 
 1             560           
1
 -9999.0   ,   9990.0
   7
 26 
-147.8889      61.0732
-147.8829      61.07578
-147.8697      61.07542
-147.8756      61.08198
-147.8578      61.09293
-147.8437      61.10467
-147.8317      61.11006
-147.8274      61.10651
-147.8192      61.10789
-147.8094      61.11516
-147.8022      61.11565
-147.7974      61.11255
-147.796       61.10816
-147.8058      61.09288
-147.8184      61.09003
-147.8241      61.08629
-147.8206      61.07957
-147.8227      61.07757
-147.8339      61.07263
-147.8421      61.06895
-147.8599      61.05846
-147.8675      61.05752
-147.8714      61.06106
-147.8697      61.0713
-147.8821      61.07004
-147.8889      61.0732
 1 
 1             561           
1
 -9999.0   ,   9990.0
   7
 10 
-146.7766      61.09313
-146.7885      61.10179
-146.7901      61.10688
-146.7821      61.11324
-146.7742      61.11227
-146.762       61.11139
-146.7614      61.10885
-146.7694      61.10272
-146.7678      61.10107
-146.7766      61.09313
 1 
 1             562           
1
 -9999.0   ,   9990.0
   7
 12 
-145.799       61.09698
-145.8288      61.09732
-145.8327      61.09382
-145.8443      61.09499
-145.8527      61.09305
-145.8617      61.09595
-145.8307      61.09992
-145.8003      61.10803
-145.7876      61.10749
-145.8066      61.10211
-145.8003      61.10001
-145.799       61.09698
 1 
 1             563           
1
 -9999.0   ,   9990.0
   7
 112 
-142.141       61.098
-142.1337      61.0998
-142.1381      61.1061
-142.1304      61.10465
-142.1273      61.10312
-142.1217      61.10035
-142.1219      61.09483
-142.1182      61.09273
-142.103       61.0912
-142.0841      61.09381
-142.0611      61.0927
-142.0608      61.09123
-142.0666      61.08843
-142.0644      61.0862
-142.0501      61.08168
-142.0409      61.07878
-142.0301      61.07965
-142.018       61.07689
-142.0061      61.0742
-141.9976      61.07228
-141.9677      61.07016
-141.9521      61.07112
-141.9294      61.07252
-141.922       61.07154
-141.9137      61.06748
-141.9037      61.06607
-141.8936      61.06005
-141.89        61.05932
-141.8728      61.05587
-141.855       61.05229
-141.8404      61.05324
-141.829       61.05268
-141.825       61.05248
-141.8232      61.05239
-141.7691      61.04972
-141.7625      61.04903
-141.7548      61.04822
-141.737       61.04254
-141.7113      61.0423
-141.6879      61.03804
-141.6798      61.03353
-141.6827      61.03189
-141.689       61.03443
-141.7046      61.03488
-141.7102      61.0369
-141.7361      61.03763
-141.7482      61.04174
-141.7709      61.04523
-141.8005      61.04806
-141.8151      61.04726
-141.8368      61.04914
-141.8511      61.05038
-141.8629      61.04894
-141.8727      61.05012
-141.8671      61.04697
-141.8365      61.03934
-141.8326      61.03514
-141.8265      61.03309
-141.8193      61.03284
-141.8082      61.03245
-141.7816      61.02754
-141.7666      61.02691
-141.7572      61.02162
-141.7519      61.02039
-141.7353      61.01661
-141.7217      61.01349
-141.7186      61.0118
-141.7119      61.00817
-141.7043      61.00596
-141.6949      61.00323
-141.6908      61.00054
-141.688       60.99806
-141.7262      61.00505
-141.7413      61.00984
-141.7516      61.0152
-141.7837      61.02304
-141.7853      61.02342
-141.7901      61.02458
-141.7932      61.02534
-141.8034      61.02773
-141.8212      61.02878
-141.8326      61.03191
-141.8406      61.03687
-141.8516      61.03835
-141.861       61.04343
-141.8796      61.04658
-141.8958      61.05605
-141.9029      61.05889
-141.9204      61.06588
-141.9256      61.06637
-141.9408      61.0678
-141.9729      61.06546
-141.9799      61.06647
-142.0013      61.06953
-142.0109      61.07239
-142.0188      61.07469
-142.0278      61.07486
-142.0359      61.07313
-142.0444      61.07488
-142.0558      61.07499
-142.0599      61.07634
-142.0662      61.07849
-142.0838      61.07857
-142.0953      61.08267
-142.1019      61.08505
-142.1045      61.08599
-142.1088      61.08562
-142.1103      61.08058
-142.1224      61.08866
-142.1251      61.08945
-142.1346      61.09225
-142.141       61.098
 1 
 1             564           
1
 -9999.0   ,   9990.0
   7
 12 
-147.1991      61.09449
-147.2348      61.09632
-147.2452      61.09276
-147.2517      61.09388
-147.2619      61.09191
-147.2657      61.09547
-147.26        61.09917
-147.2216      61.09955
-147.2049      61.10475
-147.185       61.10433
-147.1789      61.10048
-147.1991      61.09449
 1 
 1             565           
1
 -9999.0   ,   9990.0
   7
 37 
-145.9599      61.04869
-145.9798      61.04561
-145.9944      61.04369
-146.0065      61.04465
-146.0342      61.05082
-146.0639      61.05179
-146.0823      61.05712
-146.1331      61.05915
-146.1752      61.07022
-146.2025      61.07107
-146.2219      61.07664
-146.2228      61.07708
-146.2319      61.08184
-146.2457      61.08124
-146.2771      61.08337
-146.2792      61.0846
-146.2668      61.09388
-146.2663      61.09424
-146.2608      61.09518
-146.2539      61.09186
-146.2511      61.089
-146.2426      61.08933
-146.2335      61.08969
-146.2212      61.08646
-146.2036      61.07844
-146.1991      61.07823
-146.1736      61.07703
-146.1636      61.07136
-146.1368      61.0648
-146.1191      61.06318
-146.0914      61.06527
-146.0584      61.05592
-146.0276      61.05398
-146.0203      61.05209
-145.9864      61.05116
-145.9566      61.05406
-145.9599      61.04869
 1 
 1             566           
1
 -9999.0   ,   9990.0
   7
 13 
-146.1677      61.08114
-146.1783      61.08248
-146.1941      61.087
-146.1972      61.08872
-146.194       61.09066
-146.1824      61.08929
-146.1747      61.09013
-146.1628      61.0876
-146.1342      61.09173
-146.1226      61.08737
-146.1173      61.08258
-146.1224      61.08003
-146.1677      61.08114
 1 
 1             567           
1
 -9999.0   ,   9990.0
   7
 8 
-146.909       61.06452
-146.9172      61.06893
-146.9239      61.07808
-146.9191      61.08204
-146.9092      61.08216
-146.9033      61.0799
-146.9031      61.07188
-146.909       61.06452
 1 
 1             568           
1
 -9999.0   ,   9990.0
   7
 13 
-146.7944      61.06858
-146.7867      61.06304
-146.7837      61.04508
-146.7919      61.04079
-146.7975      61.04122
-146.8052      61.03713
-146.8098      61.03798
-146.8113      61.04376
-146.8188      61.05065
-146.8048      61.05223
-146.8045      61.06389
-146.8012      61.06698
-146.7944      61.06858
 1 
 1             569           
1
 -9999.0   ,   9990.0
   7
 6 
-146.2936      61.05172
-146.3035      61.0521
-146.3073      61.05797
-146.3048      61.06177
-146.2949      61.05818
-146.2936      61.05172
 1 
 1             570           
1
 -9999.0   ,   9990.0
   7
 48 
-142.7503      60.93917
-142.7356      60.94812
-142.7467      60.96105
-142.7449      60.96923
-142.7351      60.9755
-142.7337      60.98255
-142.7298      60.98622
-142.7359      60.9933
-142.7299      60.99774
-142.7315      61.00061
-142.7216      61.00734
-142.7219      61.01842
-142.7313      61.02364
-142.7332      61.03067
-142.7423      61.03564
-142.7432      61.03916
-142.74        61.04378
-142.7431      61.05159
-142.7435      61.05191
-142.7532      61.05985
-142.7367      61.05739
-142.7315      61.05384
-142.7319      61.03887
-142.7216      61.03314
-142.7195      61.02773
-142.7188      61.02605
-142.7036      61.01906
-142.7092      61.0162
-142.7148      61.00966
-142.712       61.00072
-142.7202      60.9985
-142.7273      60.99365
-142.7221      60.98847
-142.7264      60.97977
-142.7239      60.97316
-142.7388      60.96745
-142.7397      60.96406
-142.7302      60.95744
-142.7261      60.94819
-142.7145      60.9419
-142.7085      60.93621
-142.7084      60.93137
-142.7119      60.92929
-142.7269      60.93488
-142.7282      60.94234
-142.7331      60.94335
-142.7454      60.93816
-142.7503      60.93917
 1 
 1             571           
1
 -9999.0   ,   9990.0
   7
 7 
-146.9856      61.04332
-146.9714      61.05383
-146.9635      61.05242
-146.9682      61.04639
-146.9633      61.04097
-146.9697      61.03867
-146.9856      61.04332
 1 
 1             572           
1
 -9999.0   ,   9990.0
   7
 8 
-146.3601      61.05313
-146.3536      61.04647
-146.3533      61.04233
-146.3588      61.03476
-146.3642      61.03611
-146.3691      61.04088
-146.3646      61.05101
-146.3601      61.05313
 1 
 1             573           
1
 -9999.0   ,   9990.0
   7
 7 
-144.7356      61.03148
-144.7457      61.03267
-144.7628      61.04569
-144.7571      61.04839
-144.7336      61.0362
-144.7304      61.03328
-144.7356      61.03148
 1 
 1             574           
1
 -9999.0   ,   9990.0
   7
 17 
-147.148       61.03976
-147.136       61.02815
-147.1331      61.02463
-147.1482      61.01093
-147.1574      61.0094
-147.1675      61.01156
-147.169       61.01412
-147.1627      61.02216
-147.1682      61.03012
-147.1839      61.0368
-147.1894      61.04132
-147.189       61.04406
-147.1858      61.0467
-147.1777      61.04759
-147.1693      61.04296
-147.152       61.04172
-147.148       61.03976
 1 
 1             575           
1
 -9999.0   ,   9990.0
   7
 8 
-144.8642      61.03443
-144.8712      61.03478
-144.8748      61.03794
-144.873       61.03992
-144.8588      61.0422
-144.8474      61.04233
-144.8465      61.03953
-144.8642      61.03443
 1 
 1             576           
1
 -9999.0   ,   9990.0
   7
 8 
-149.6022      61.03959
-149.5865      61.04165
-149.5804      61.04133
-149.5781      61.03924
-149.5803      61.03516
-149.5846      61.03386
-149.5995      61.03613
-149.6022      61.03959
 1 
 1             577           
1
 -9999.0   ,   9990.0
   7
 24 
-146.9277      61.02236
-146.9383      61.02455
-146.9417      61.0233
-146.9443      61.01903
-146.95        61.01831
-146.9558      61.02103
-146.9609      61.0212
-146.9685      61.01414
-146.9745      61.01182
-146.978       61.0172
-146.9939      61.01893
-146.976       61.02446
-146.9809      61.03079
-146.9724      61.03367
-146.971       61.03199
-146.9668      61.03262
-146.9617      61.03542
-146.9586      61.03051
-146.953       61.03009
-146.9388      61.04082
-146.935       61.03749
-146.9412      61.03038
-146.9248      61.02616
-146.9277      61.02236
 1 
 1             578           
1
 -9999.0   ,   9990.0
   7
 11 
-144.6803      61.00022
-144.6841      60.99995
-144.6946      60.99933
-144.7083      61.00622
-144.7057      61.0139
-144.707       61.02132
-144.6997      61.02002
-144.6925      61.01369
-144.6803      61.01078
-144.6777      61.00789
-144.6803      61.00022
 1 
 1             579           
1
 -9999.0   ,   9990.0
   7
 11 
-147.6359      61.00717
-147.6397      60.99773
-147.648       60.99535
-147.662       60.99689
-147.6712      60.99899
-147.6821      61.00639
-147.6789      61.00928
-147.6706      61.0079
-147.6696      61.01198
-147.6657      61.01324
-147.6359      61.00717
 1 
 1             580           
1
 -9999.0   ,   9990.0
   7
 8 
-146.9712      60.98218
-146.9751      60.9846
-146.9667      60.98775
-146.9585      60.98839
-146.9507      60.98721
-146.9506      60.98469
-146.9565      60.9826
-146.9712      60.98218
 1 
 1             581           
1
 -9999.0   ,   9990.0
   7
 24 
-143.675       60.98221
-143.6693      60.98625
-143.6602      60.98641
-143.6376      60.9821
-143.6243      60.97672
-143.6027      60.97407
-143.5834      60.96603
-143.5517      60.96209
-143.5378      60.95896
-143.5203      60.94735
-143.5038      60.94361
-143.4842      60.93507
-143.466       60.93008
-143.4813      60.92961
-143.4894      60.93125
-143.503       60.93712
-143.525       60.94188
-143.5358      60.95172
-143.5462      60.95165
-143.5745      60.96183
-143.5862      60.96206
-143.5987      60.96717
-143.6558      60.98132
-143.675       60.98221
 1 
 1             582           
1
 -9999.0   ,   9990.0
   7
 11 
-143.8934      60.97774
-143.8728      60.9768
-143.8663      60.97414
-143.8685      60.97288
-143.8882      60.97377
-143.9082      60.97122
-143.9253      60.97103
-143.9356      60.97323
-143.9376      60.97495
-143.9057      60.97568
-143.8934      60.97774
 1 
 1             583           
1
 -9999.0   ,   9990.0
   7
 8 
-144.1812      60.95857
-144.1849      60.96084
-144.1942      60.96157
-144.1969      60.96425
-144.1897      60.96662
-144.1766      60.96613
-144.1671      60.96033
-144.1812      60.95857
 1 
 1             584           
1
 -9999.0   ,   9990.0
   7
 12 
-146.4542      60.93074
-146.4613      60.92459
-146.4687      60.92532
-146.4858      60.93329
-146.496       60.93459
-146.508       60.93871
-146.5284      60.94084
-146.5381      60.9483
-146.5256      60.95012
-146.5172      60.94958
-146.4819      60.943
-146.4542      60.93074
 1 
 1             585           
1
 -9999.0   ,   9990.0
   7
 8 
-144.7719      60.94263
-144.7703      60.94576
-144.7662      60.94739
-144.7533      60.94353
-144.7511      60.93378
-144.7623      60.93434
-144.7683      60.93717
-144.7719      60.94263
 2 
 1             586           
1
 -9999.0   ,   9990.0
   7
 61 
-142.7691      60.90722
-142.767       60.91146
-142.7528      60.91837
-142.7549      60.93118
-142.7503      60.93917
-142.7419      60.93194
-142.7407      60.92772
-142.7479      60.92058
-142.746       60.91193
-142.743       60.91059
-142.7358      60.91472
-142.7282      60.92344
-142.7238      60.92201
-142.7228      60.91549
-142.7333      60.9065
-142.7467      60.90092
-142.7515      60.89525
-142.7571      60.89377
-142.7581      60.88854
-142.755       60.88787
-142.7534      60.88317
-142.7596      60.87619
-142.7546      60.87218
-142.7543      60.8611
-142.7422      60.84995
-142.7397      60.84195
-142.7409      60.83581
-142.7525      60.82965
-142.7555      60.82225
-142.7541      60.81363
-142.7447      60.80633
-142.7394      60.79815
-142.7389      60.78798
-142.7438      60.78208
-142.7483      60.78145
-142.7476      60.79839
-142.7475      60.80145
-142.762       60.81208
-142.7635      60.82047
-142.762       60.8259
-142.7584      60.83025
-142.7543      60.83507
-142.749       60.8391
-142.7491      60.84394
-142.7645      60.86177
-142.7775      60.87114
-142.7823      60.87791
-142.7818      60.88155
-142.7812      60.88521
-142.8098      60.88453
-142.8201      60.88497
-142.8219      60.88693
-142.79        60.88946
-142.7805      60.89322
-142.7691      60.90722
-142.7664      60.90129
-142.7705      60.89349
-142.7628      60.89553
-142.7555      60.90841
-142.7545      60.91203
-142.7691      60.90722
 1             586           2 
1
 -9999.0   ,   9990.0
   7
 7 
-142.7626      60.87385
-142.7633      60.88173
-142.7723      60.88508
-142.7752      60.8832
-142.7739      60.87575
-142.7649      60.87217
-142.7626      60.87385
 1 
 1             587           
1
 -9999.0   ,   9990.0
   7
 12 
-148.8222      60.92477
-148.8258      60.93045
-148.8215      60.93585
-148.8167      60.93712
-148.8131      60.93613
-148.8097      60.93172
-148.8027      60.93044
-148.7997      60.9274
-148.811       60.92063
-148.8135      60.9266
-148.8172      60.92683
-148.8222      60.92477
 1 
 1             588           
1
 -9999.0   ,   9990.0
   7
 10 
-148.7666      60.89199
-148.7795      60.8886
-148.7889      60.89473
-148.7937      60.90923
-148.8029      60.91193
-148.7918      60.91513
-148.7824      60.91608
-148.7783      60.91394
-148.7719      60.89575
-148.7666      60.89199
 1 
 1             589           
1
 -9999.0   ,   9990.0
   7
 8 
-142.8465      60.88507
-142.853       60.87673
-142.8842      60.8769
-142.8891      60.88343
-142.8835      60.88652
-142.8728      60.88768
-142.853       60.88733
-142.8465      60.88507
 1 
 1             590           
1
 -9999.0   ,   9990.0
   7
 6 
-146.5518      60.88446
-146.551       60.88076
-146.5615      60.87314
-146.5663      60.87583
-146.5619      60.88025
-146.5518      60.88446
 1 
 1             591           
1
 -9999.0   ,   9990.0
   7
 10 
-143.6088      60.86909
-143.5789      60.87561
-143.5797      60.86852
-143.568       60.8699
-143.5602      60.86944
-143.5587      60.86935
-143.5628      60.8643
-143.5819      60.8652
-143.5903      60.86754
-143.6088      60.86909
 1 
 1             592           
1
 -9999.0   ,   9990.0
   7
 21 
-148.0934      60.8012
-148.1012      60.80231
-148.1022      60.80586
-148.1043      60.81314
-148.1126      60.82273
-148.1056      60.82712
-148.1034      60.83415
-148.0904      60.84228
-148.0816      60.84548
-148.0731      60.84618
-148.0691      60.84379
-148.0756      60.83618
-148.0699      60.83261
-148.0546      60.83038
-148.0485      60.82679
-148.0529      60.82508
-148.0627      60.8251
-148.085       60.82751
-148.0918      60.82516
-148.0946      60.82089
-148.0934      60.8012
 1 
 1             593           
1
 -9999.0   ,   9990.0
   7
 8 
-146.058       60.82128
-146.0793      60.82306
-146.0916      60.82837
-146.0852      60.83292
-146.0656      60.83167
-146.0626      60.82765
-146.051       60.82374
-146.058       60.82128
 1 
 1             594           
1
 -9999.0   ,   9990.0
   7
 8 
-145.5254      60.82694
-145.5166      60.82379
-145.5231      60.82134
-145.5339      60.82159
-145.5413      60.8194
-145.5454      60.82279
-145.5354      60.82601
-145.5254      60.82694
 1 
 1             595           
1
 -9999.0   ,   9990.0
   7
 39 
-144.5885      60.80991
-144.5863      60.81034
-144.5736      60.81015
-144.565       60.80648
-144.5642      60.80577
-144.5607      60.80258
-144.5705      60.7985
-144.5643      60.7945
-144.5561      60.79546
-144.5493      60.78362
-144.5519      60.78031
-144.5586      60.78411
-144.5665      60.78222
-144.5604      60.77363
-144.558       60.77346
-144.5497      60.77286
-144.5499      60.76758
-144.5513      60.76352
-144.5577      60.76249
-144.5594      60.76087
-144.5653      60.75529
-144.5715      60.75469
-144.5772      60.75867
-144.5722      60.76335
-144.5672      60.76802
-144.5731      60.77338
-144.5763      60.78046
-144.5776      60.78325
-144.5739      60.79133
-144.5875      60.79387
-144.5879      60.79471
-144.5884      60.79598
-144.5822      60.79921
-144.58        60.80037
-144.5817      60.80344
-144.5982      60.80292
-144.6005      60.80533
-144.5985      60.80799
-144.5885      60.80991
 1 
 1             596           
1
 -9999.0   ,   9990.0
   7
 15 
-142.9353      60.7535
-142.9556      60.75873
-142.9711      60.76064
-142.9673      60.77122
-142.9689      60.77593
-142.9791      60.7835
-142.9728      60.79138
-142.9801      60.80019
-142.9762      60.80072
-142.9674      60.79748
-142.9609      60.79177
-142.9574      60.78349
-142.9477      60.77573
-142.9433      60.7607
-142.9353      60.7535
 1 
 1             597           
1
 -9999.0   ,   9990.0
   7
 13 
-148.8141      60.76886
-148.8152      60.7666
-148.8209      60.76534
-148.838       60.76866
-148.84        60.77258
-148.8494      60.7778
-148.8482      60.78029
-148.842       60.78199
-148.8317      60.78201
-148.8234      60.77545
-148.8141      60.77412
-148.8119      60.77247
-148.8141      60.76886
 1 
 1             598           
1
 -9999.0   ,   9990.0
   7
 7 
-143.7321      60.76592
-143.7503      60.76836
-143.7542      60.7718
-143.7479      60.77465
-143.7307      60.77572
-143.7282      60.76845
-143.7321      60.76592
 1 
 1             599           
1
 -9999.0   ,   9990.0
   7
 7 
-145.9326      60.75996
-145.9112      60.76181
-145.9094      60.75853
-145.9137      60.75504
-145.9339      60.75497
-145.9386      60.75746
-145.9326      60.75996
 1 
 1             600           
1
 -9999.0   ,   9990.0
   7
 15 
-142.5329      60.73638
-142.5424      60.73368
-142.5638      60.73097
-142.5863      60.72994
-142.6025      60.73079
-142.6118      60.7328
-142.6228      60.73238
-142.6493      60.73852
-142.6662      60.74401
-142.661       60.74575
-142.6363      60.7395
-142.6045      60.73715
-142.5957      60.73495
-142.5597      60.73738
-142.5329      60.73638
 1 
 1             601           
1
 -9999.0   ,   9990.0
   7
 13 
-142.2161      60.74132
-142.2098      60.73696
-142.2402      60.72778
-142.2634      60.72754
-142.284       60.7232
-142.3156      60.71962
-142.3181      60.72579
-142.3008      60.72529
-142.2852      60.73044
-142.2457      60.73185
-142.2347      60.73385
-142.223       60.74019
-142.2161      60.74132
 1 
 1             602           
1
 -9999.0   ,   9990.0
   7
 6 
-142.5471      60.72543
-142.5143      60.72549
-142.5124      60.72253
-142.5249      60.72128
-142.5358      60.7223
-142.5471      60.72543
 1 
 1             603           
1
 -9999.0   ,   9990.0
   7
 7 
-146.1047      60.71158
-146.0982      60.71682
-146.0856      60.71379
-146.0826      60.70977
-146.0875      60.70836
-146.0972      60.70922
-146.1047      60.71158
 1 
 1             604           
1
 -9999.0   ,   9990.0
   7
 20 
-144.4265      60.69931
-144.4245      60.7038
-144.4053      60.71035
-144.3904      60.71163
-144.3814      60.71436
-144.3732      60.7153
-144.3407      60.71172
-144.3279      60.71218
-144.3226      60.70868
-144.328       60.70575
-144.3322      60.69748
-144.337       60.69682
-144.3455      60.69223
-144.3615      60.69607
-144.3745      60.69286
-144.3815      60.69507
-144.3968      60.68854
-144.4011      60.6867
-144.4089      60.6878
-144.4265      60.69931
 1 
 1             605           
1
 -9999.0   ,   9990.0
   7
 7 
-148.3377      60.64629
-148.3489      60.65068
-148.3462      60.65473
-148.3338      60.6574
-148.3303      60.65457
-148.3335      60.64665
-148.3377      60.64629
 1 
 1             606           
1
 -9999.0   ,   9990.0
   7
 9 
-148.3123      60.64715
-148.3077      60.64344
-148.3102      60.63721
-148.3155      60.63323
-148.3226      60.63163
-148.317       60.64105
-148.3204      60.64976
-148.3139      60.65213
-148.3123      60.64715
 1 
 1             607           
1
 -9999.0   ,   9990.0
   7
 9 
-149.8853      60.63108
-149.8793      60.63008
-149.8721      60.62543
-149.8524      60.61947
-149.8466      60.61437
-149.8541      60.614
-149.8797      60.62255
-149.8868      60.62835
-149.8853      60.63108
 1 
 1             608           
1
 -9999.0   ,   9990.0
   7
 7 
-149.2474      60.62457
-149.2443      60.6211
-149.2474      60.61749
-149.2527      60.61529
-149.2577      60.61607
-149.2526      60.62215
-149.2474      60.62457
 1 
 1             609           
1
 -9999.0   ,   9990.0
   7
 58 
-148.7245      60.45683
-148.7217      60.46157
-148.7044      60.46942
-148.6961      60.47885
-148.679       60.48466
-148.6693      60.49428
-148.6603      60.49637
-148.6568      60.50407
-148.6475      60.50432
-148.6435      60.50766
-148.6446      60.51111
-148.6351      60.51411
-148.6266      60.52078
-148.606       60.5281
-148.5964      60.53703
-148.5839      60.54087
-148.5718      60.54151
-148.5665      60.54416
-148.5699      60.54764
-148.5687      60.54967
-148.5579      60.55104
-148.5433      60.55871
-148.5179      60.56727
-148.4825      60.57264
-148.4618      60.57102
-148.4133      60.59227
-148.4114      60.58967
-148.4286      60.5778
-148.4446      60.57084
-148.4451      60.57064
-148.448       60.56407
-148.4447      60.56079
-148.4573      60.54603
-148.4764      60.53867
-148.4873      60.5364
-148.4969      60.52816
-148.522       60.51754
-148.5454      60.51051
-148.5718      60.50654
-148.5864      60.49818
-148.5905      60.49282
-148.6024      60.48596
-148.6248      60.47822
-148.6317      60.469
-148.6544      60.45806
-148.6595      60.4584
-148.6671      60.46177
-148.6728      60.45983
-148.6804      60.44742
-148.6877      60.44301
-148.6961      60.44228
-148.7117      60.43804
-148.7225      60.44193
-148.7152      60.44612
-148.7186      60.44961
-148.7408      60.44483
-148.7405      60.44848
-148.7245      60.45683
 1 
 1             610           
1
 -9999.0   ,   9990.0
   7
 10 
-144.6551      60.57899
-144.6461      60.58151
-144.6402      60.58718
-144.6323      60.5893
-144.6207      60.58915
-144.6243      60.58084
-144.6318      60.57848
-144.6385      60.57147
-144.6528      60.57657
-144.6551      60.57899
 1 
 1             611           
1
 -9999.0   ,   9990.0
   7
 32 
-145.6499      60.58552
-145.6475      60.5806
-145.6572      60.57621
-145.6719      60.55944
-145.6622      60.55768
-145.6639      60.55408
-145.6609      60.55272
-145.6495      60.55871
-145.6428      60.55876
-145.6426      60.55561
-145.6514      60.54913
-145.6237      60.53721
-145.6269      60.53403
-145.6318      60.53371
-145.6353      60.53764
-145.6378      60.53783
-145.6427      60.5382
-145.6539      60.53526
-145.6679      60.54298
-145.6835      60.54435
-145.702       60.54219
-145.7268      60.53662
-145.7375      60.54167
-145.7085      60.54499
-145.692       60.55115
-145.6863      60.55961
-145.6762      60.56375
-145.6723      60.56748
-145.6736      60.57556
-145.6686      60.58038
-145.661       60.58349
-145.6499      60.58552
 1 
 1             612           
1
 -9999.0   ,   9990.0
   7
 7 
-145.4309      60.56972
-145.4404      60.57382
-145.4359      60.58026
-145.4325      60.58126
-145.4297      60.57838
-145.4203      60.57656
-145.4309      60.56972
 1 
 1             613           
1
 -9999.0   ,   9990.0
   7
 8 
-149.9379      60.5641
-149.9227      60.56232
-149.903       60.55614
-149.8995      60.55312
-149.902       60.54996
-149.9093      60.55119
-149.9303      60.55899
-149.9379      60.5641
 1 
 1             614           
1
 -9999.0   ,   9990.0
   7
 22 
-148.1781      60.5555
-148.1792      60.55299
-148.1723      60.54778
-148.1769      60.54333
-148.1772      60.53704
-148.1777      60.52688
-148.1769      60.51657
-148.1715      60.51049
-148.172       60.50547
-148.1744      60.50027
-148.1918      60.49919
-148.1951      60.48659
-148.1976      60.48609
-148.2004      60.4876
-148.2021      60.49299
-148.1893      60.50888
-148.1901      60.51462
-148.186       60.51863
-148.1929      60.52795
-148.1903      60.5352
-148.1972      60.54803
-148.1781      60.5555
 1 
 1             615           
1
 -9999.0   ,   9990.0
   7
 13 
-148.1341      60.4869
-148.1382      60.48723
-148.1407      60.49004
-148.137       60.49452
-148.1352      60.5114
-148.1284      60.52379
-148.1197      60.53067
-148.1166      60.52487
-148.1192      60.52219
-148.1183      60.51393
-148.1232      60.51131
-148.1258      60.49926
-148.1341      60.4869
 1 
 1             616           
1
 -9999.0   ,   9990.0
   7
 21 
-149.3701      60.459
-149.3773      60.462
-149.3755      60.47523
-149.3815      60.48926
-149.3807      60.50181
-149.387       60.50466
-149.42        60.50336
-149.4287      60.50464
-149.4216      60.50773
-149.4001      60.50944
-149.3719      60.52224
-149.3669      60.52718
-149.3617      60.52916
-149.358       60.52886
-149.3558      60.52014
-149.3683      60.51349
-149.3729      60.5074
-149.3689      60.49842
-149.3741      60.48891
-149.3629      60.47708
-149.3701      60.459
 1 
 1             617           
1
 -9999.0   ,   9990.0
   7
 15 
-145.2993      60.50972
-145.3318      60.5055
-145.3581      60.50879
-145.37        60.51966
-145.3686      60.52235
-145.3576      60.52115
-145.3531      60.51544
-145.3327      60.51013
-145.3248      60.51045
-145.3092      60.51638
-145.3023      60.51605
-145.2926      60.52041
-145.2875      60.5204
-145.2875      60.51329
-145.2993      60.50972
 1 
 1             618           
1
 -9999.0   ,   9990.0
   7
 7 
-144.5669      60.51378
-144.5604      60.52194
-144.5534      60.52226
-144.5504      60.52096
-144.548       60.51692
-144.5565      60.51416
-144.5669      60.51378
 1 
 1             619           
1
 -9999.0   ,   9990.0
   7
 9 
-148.0696      60.49575
-148.076       60.49706
-148.073       60.49927
-148.0634      60.50199
-148.0375      60.5052
-148.0359      60.50264
-148.0423      60.49984
-148.0544      60.49901
-148.0696      60.49575
 2 
 1             620           
1
 -9999.0   ,   9990.0
   7
 63 
-149.73        60.47964
-149.6989      60.4639
-149.6883      60.44753
-149.6533      60.42076
-149.6299      60.409
-149.6247      60.40412
-149.6019      60.39877
-149.5736      60.39995
-149.5623      60.40211
-149.5559      60.40334
-149.5151      60.40455
-149.4904      60.40874
-149.4603      60.40918
-149.4383      60.41317
-149.4121      60.41207
-149.3969      60.41708
-149.3892      60.41604
-149.3859      60.4089
-149.3793      60.40354
-149.3651      60.38891
-149.3608      60.36987
-149.3699      60.35837
-149.3615      60.34566
-149.3597      60.33763
-149.3698      60.33826
-149.3843      60.34901
-149.3825      60.35583
-149.3895      60.36212
-149.3884      60.38495
-149.3947      60.39511
-149.4033      60.39799
-149.4171      60.39844
-149.4464      60.39525
-149.4891      60.39317
-149.5045      60.39045
-149.5165      60.3904
-149.5222      60.39145
-149.5274      60.3924
-149.5353      60.3916
-149.5438      60.38853
-149.5674      60.38843
-149.5819      60.3859
-149.6104      60.38701
-149.6241      60.3904
-149.6486      60.38985
-149.66        60.39207
-149.6779      60.40169
-149.6962      60.42137
-149.705       60.43748
-149.7094      60.43955
-149.7204      60.44478
-149.7287      60.45289
-149.7312      60.46617
-149.7378      60.4722
-149.7508      60.47992
-149.766       60.48218
-149.7818      60.48902
-149.7924      60.49007
-149.7946      60.4917
-149.7899      60.49392
-149.775       60.49441
-149.7534      60.49184
-149.73        60.47964
 1             620           2 
1
 -9999.0   ,   9990.0
   7
 8 
-149.6518      60.39835
-149.642       60.40073
-149.6355      60.4004
-149.6312      60.40239
-149.6361      60.40658
-149.642       60.40735
-149.6529      60.4027
-149.6518      60.39835
 1 
 1             621           
1
 -9999.0   ,   9990.0
   7
 22 
-149.3496      60.46086
-149.3507      60.46476
-149.3366      60.48944
-149.3266      60.49338
-149.2993      60.49201
-149.2801      60.48826
-149.241       60.4853
-149.2279      60.47959
-149.2152      60.47662
-149.2135      60.47385
-149.2192      60.47258
-149.2317      60.47143
-149.2635      60.48043
-149.2958      60.48327
-149.3043      60.48776
-149.3205      60.48735
-149.3248      60.48581
-149.3267      60.47831
-149.3386      60.46685
-149.3374      60.46294
-149.3399      60.46139
-149.3496      60.46086
 1 
 1             622           
1
 -9999.0   ,   9990.0
   7
 21 
-149.5802      60.47499
-149.5702      60.46501
-149.5541      60.45495
-149.5201      60.45192
-149.5077      60.45421
-149.4985      60.45593
-149.4917      60.46176
-149.4869      60.47174
-149.482       60.47601
-149.4741      60.47589
-149.4706      60.4724
-149.4805      60.46296
-149.4838      60.45365
-149.493       60.44853
-149.5154      60.44545
-149.5526      60.44853
-149.5652      60.45534
-149.5798      60.45944
-149.5799      60.46561
-149.5843      60.46934
-149.5802      60.47499
 1 
 1             623           
1
 -9999.0   ,   9990.0
   7
 10 
-145.2037      60.45565
-145.2097      60.45823
-145.2079      60.46066
-145.2021      60.46176
-145.1961      60.46882
-145.1917      60.46976
-145.1851      60.46531
-145.1863      60.45917
-145.1907      60.45594
-145.2037      60.45565
 1 
 1             624           
1
 -9999.0   ,   9990.0
   7
 10 
-144.283       60.45128
-144.2925      60.45226
-144.3101      60.45919
-144.3059      60.46126
-144.2979      60.46174
-144.2912      60.45816
-144.2704      60.45771
-144.2677      60.45504
-144.2719      60.45274
-144.283       60.45128
 1 
 1             625           
1
 -9999.0   ,   9990.0
   7
 6 
-149.3701      60.459
-149.3678      60.43808
-149.3748      60.43683
-149.3841      60.44406
-149.3791      60.45632
-149.3701      60.459
 1 
 1             626           
1
 -9999.0   ,   9990.0
   7
 20 
-148.1303      60.41248
-148.1324      60.42328
-148.13        60.42696
-148.123       60.43767
-148.1377      60.44789
-148.1455      60.44877
-148.1554      60.44651
-148.1674      60.44681
-148.1714      60.4492
-148.1688      60.45142
-148.1531      60.4556
-148.1324      60.45438
-148.1217      60.45868
-148.1172      60.45765
-148.1143      60.45415
-148.1231      60.44614
-148.1091      60.43389
-148.1183      60.42932
-148.1251      60.41326
-148.1303      60.41248
 1 
 1             627           
1
 -9999.0   ,   9990.0
   7
 6 
-149.9903      60.44937
-149.9845      60.4445
-149.9893      60.44022
-149.9949      60.43914
-149.9956      60.44532
-149.9903      60.44937
 1 
 1             628           
1
 -9999.0   ,   9990.0
   7
 9 
-143.3316      60.44433
-143.325       60.44194
-143.3308      60.43953
-143.3427      60.43998
-143.3598      60.44063
-143.3608      60.44253
-143.3542      60.44466
-143.335       60.44439
-143.3316      60.44433
 1 
 1             629           
1
 -9999.0   ,   9990.0
   7
 43 
-143.8576      60.39987
-143.8585      60.40372
-143.8777      60.40507
-143.8917      60.41668
-143.8879      60.41921
-143.8784      60.41614
-143.8717      60.41667
-143.864       60.42197
-143.864       60.42979
-143.8595      60.43482
-143.8484      60.43464
-143.8435      60.43125
-143.8368      60.42661
-143.8302      60.42692
-143.8106      60.43313
-143.8014      60.44065
-143.7815      60.44202
-143.7738      60.4411
-143.7641      60.43502
-143.7669      60.43104
-143.7649      60.42771
-143.7746      60.42
-143.767       60.41288
-143.7625      60.41423
-143.7524      60.41386
-143.7406      60.41846
-143.7322      60.41865
-143.7311      60.41744
-143.7372      60.40538
-143.7413      60.40378
-143.7529      60.404
-143.7663      60.39858
-143.7717      60.40223
-143.7758      60.40503
-143.7771      60.40588
-143.7883      60.40975
-143.8165      60.41232
-143.8291      60.41007
-143.8366      60.40613
-143.8437      60.39758
-143.8475      60.39667
-143.8491      60.39628
-143.8576      60.39987
 1 
 1             630           
1
 -9999.0   ,   9990.0
   7
 6 
-148.2224      60.42991
-148.2041      60.44134
-148.2015      60.44013
-148.2089      60.43071
-148.2177      60.42636
-148.2224      60.42991
 1 
 1             631           
1
 -9999.0   ,   9990.0
   7
 5 
-149.995       60.43709
-149.9943      60.43365
-150           60.4285
-150           60.43474
-149.995       60.43709
 1 
 1             632           
1
 -9999.0   ,   9990.0
   7
 7 
-144.204       60.41362
-144.1965      60.43228
-144.185       60.43601
-144.1779      60.4363
-144.1739      60.43356
-144.1993      60.41359
-144.204       60.41362
 1 
 1             633           
1
 -9999.0   ,   9990.0
   7
 23 
-149.8261      60.43088
-149.8187      60.43011
-149.7966      60.41976
-149.782       60.4086
-149.7661      60.40268
-149.7542      60.40069
-149.7439      60.39598
-149.7319      60.3949
-149.7253      60.38841
-149.7243      60.38291
-149.7348      60.37689
-149.7373      60.37213
-149.7362      60.36777
-149.7429      60.36307
-149.7475      60.36336
-149.7474      60.37318
-149.7522      60.37827
-149.7536      60.38652
-149.7575      60.38833
-149.7987      60.40745
-149.8064      60.41806
-149.8262      60.42837
-149.8261      60.43088
 2 
 1             634           
1
 -9999.0   ,   9990.0
   7
 31 
-144.6674      60.41981
-144.6556      60.41828
-144.622       60.40574
-144.6079      60.40248
-144.5917      60.40186
-144.5791      60.40444
-144.5535      60.40238
-144.5868      60.39678
-144.6114      60.39692
-144.6576      60.4131
-144.683       60.41395
-144.6993      60.40722
-144.7172      60.40791
-144.7584      60.39303
-144.7628      60.39211
-144.7987      60.39348
-144.8116      60.39827
-144.8093      60.40068
-144.8017      60.41062
-144.7801      60.41847
-144.7701      60.42416
-144.7615      60.42533
-144.7535      60.42309
-144.7425      60.41357
-144.7427      60.4083
-144.7379      60.40898
-144.7273      60.41532
-144.7174      60.41848
-144.6977      60.41678
-144.6771      60.41985
-144.6674      60.41981
 1             634           2 
1
 -9999.0   ,   9990.0
   7
 16 
-144.7862      60.40892
-144.797       60.40395
-144.7959      60.40045
-144.7925      60.39868
-144.7816      60.39743
-144.765       60.39704
-144.7576      60.40149
-144.7611      60.40488
-144.762       60.40453
-144.763       60.40624
-144.764       60.4083
-144.7585      60.41049
-144.7641      60.41261
-144.7775      60.41306
-144.7834      60.41152
-144.7862      60.40892
 1 
 1             635           
1
 -9999.0   ,   9990.0
   7
 10 
-149.3203      60.41536
-149.3111      60.41497
-149.2649      60.40162
-149.2516      60.39956
-149.2422      60.39551
-149.258       60.39373
-149.2663      60.39433
-149.2913      60.40116
-149.3119      60.40927
-149.3203      60.41536
 1 
 1             636           
1
 -9999.0   ,   9990.0
   7
 11 
-144.3278      60.40661
-144.3202      60.40919
-144.317       60.41315
-144.3087      60.41523
-144.3018      60.41463
-144.2822      60.40459
-144.2801      60.40149
-144.2823      60.39816
-144.2902      60.39791
-144.2965      60.40101
-144.3278      60.40661
 1 
 1             637           
1
 -9999.0   ,   9990.0
   7
 6 
-148.1942      60.40267
-148.1985      60.40621
-148.1978      60.40848
-148.1894      60.41376
-148.183       60.41245
-148.1942      60.40267
 1 
 1             638           
1
 -9999.0   ,   9990.0
   7
 7 
-148.2573      60.40516
-148.2633      60.40943
-148.2622      60.41169
-148.256       60.41359
-148.2525      60.41168
-148.2519      60.40846
-148.2573      60.40516
 1 
 1             639           
1
 -9999.0   ,   9990.0
   7
 16 
-143.4774      60.40825
-143.4685      60.40287
-143.4771      60.39497
-143.4902      60.38989
-143.506       60.38696
-143.5151      60.38361
-143.5269      60.38663
-143.5408      60.38701
-143.5366      60.39067
-143.5283      60.39224
-143.5232      60.39584
-143.5127      60.39704
-143.5056      60.40145
-143.492       60.40361
-143.4865      60.40696
-143.4774      60.40825
 1 
 1             640           
1
 -9999.0   ,   9990.0
   7
 11 
-144.5253      60.39998
-144.5028      60.39878
-144.4928      60.40216
-144.4727      60.40269
-144.4641      60.39718
-144.4602      60.3894
-144.469       60.38527
-144.5027      60.38615
-144.5101      60.38838
-144.5307      60.40049
-144.5253      60.39998
 1 
 1             641           
1
 -9999.0   ,   9990.0
   7
 20 
-144.0738      60.39555
-144.073       60.39275
-144.0766      60.38928
-144.0833      60.38644
-144.0875      60.38208
-144.0924      60.38097
-144.0997      60.37357
-144.1111      60.36846
-144.1284      60.36575
-144.1395      60.35993
-144.1498      60.35959
-144.1534      60.36393
-144.1606      60.36502
-144.1632      60.37413
-144.1484      60.38595
-144.1412      60.38715
-144.1306      60.39713
-144.1195      60.39904
-144.0857      60.39852
-144.0738      60.39555
 1 
 1             642           
1
 -9999.0   ,   9990.0
   7
 25 
-144.5104      60.35486
-144.5186      60.34473
-144.5289      60.34413
-144.533       60.34664
-144.5403      60.34725
-144.5434      60.35017
-144.5501      60.35122
-144.557       60.35802
-144.5604      60.35776
-144.566       60.35733
-144.5668      60.36427
-144.5955      60.38414
-144.5966      60.38994
-144.5854      60.39234
-144.579       60.39178
-144.5771      60.39007
-144.5834      60.38673
-144.5777      60.38505
-144.5713      60.37783
-144.5644      60.37976
-144.563       60.38635
-144.5523      60.3844
-144.5493      60.38746
-144.5447      60.38745
-144.5104      60.35486
 1 
 1             643           
1
 -9999.0   ,   9990.0
   7
 8 
-148.2428      60.37005
-148.2477      60.37245
-148.2423      60.37941
-148.2449      60.38633
-148.2417      60.39014
-148.2376      60.38912
-148.2324      60.38145
-148.2428      60.37005
 1 
 1             644           
1
 -9999.0   ,   9990.0
   7
 7 
-144.8362      60.37793
-144.8409      60.38253
-144.834       60.38448
-144.8251      60.38494
-144.819       60.3828
-144.8283      60.37822
-144.8362      60.37793
 2 
 1             645           
1
 -9999.0   ,   9990.0
   7
 126 
-144.0144      60.36507
-143.9892      60.37743
-143.9672      60.37802
-143.9621      60.37634
-143.9577      60.37104
-143.9484      60.36912
-143.9437      60.37138
-143.9368      60.37234
-143.9331      60.37285
-143.9258      60.37242
-143.9211      60.36687
-143.9146      60.36879
-143.9096      60.3685
-143.9064      60.36396
-143.9137      60.36069
-143.9321      60.35761
-143.9462      60.34485
-143.9522      60.33279
-143.9455      60.32183
-143.9457      60.31702
-143.9515      60.31206
-143.947       60.30765
-143.9636      60.29879
-143.9649      60.29811
-143.9677      60.29343
-143.971       60.28788
-143.9739      60.2905
-143.9779      60.29402
-143.9904      60.30026
-144.0037      60.3047
-144.0195      60.30467
-144.0232      60.3065
-144.0108      60.31016
-144.0045      60.31554
-143.9978      60.32435
-144.0009      60.33097
-143.9946      60.33613
-143.9951      60.34006
-143.9911      60.34513
-143.9786      60.35108
-143.9769      60.3565
-143.9627      60.36351
-143.9638      60.36908
-143.9751      60.37019
-143.9867      60.36832
-144.0093      60.3611
-144.0139      60.35493
-144.028       60.34608
-144.0384      60.34305
-144.0773      60.33162
-144.1052      60.31917
-144.1211      60.31639
-144.1319      60.30757
-144.1487      60.3007
-144.1702      60.29592
-144.1923      60.28198
-144.1922      60.27439
-144.1889      60.2726
-144.1684      60.27513
-144.1586      60.27367
-144.16        60.27122
-144.1723      60.26823
-144.1767      60.26525
-144.1776      60.2591
-144.174       60.25431
-144.1705      60.24721
-144.1825      60.23501
-144.1813      60.22599
-144.1968      60.21467
-144.2116      60.2148
-144.2155      60.22214
-144.2138      60.22985
-144.203       60.24488
-144.1972      60.25628
-144.1984      60.25911
-144.2101      60.26274
-144.2275      60.26325
-144.2592      60.25833
-144.2757      60.25879
-144.3002      60.26932
-144.3089      60.27003
-144.3335      60.26724
-144.3425      60.27179
-144.3502      60.27573
-144.3506      60.28034
-144.3469      60.28451
-144.353       60.30942
-144.3442      60.31561
-144.346       60.32421
-144.342       60.32744
-144.3323      60.32966
-144.3128      60.32561
-144.2938      60.30251
-144.2982      60.29747
-144.2926      60.28292
-144.287       60.28307
-144.2717      60.2997
-144.2523      60.30369
-144.2426      60.31624
-144.2373      60.3171
-144.2259      60.32636
-144.2193      60.32093
-144.2324      60.30971
-144.233       60.30492
-144.2653      60.28717
-144.2664      60.28401
-144.2609      60.27957
-144.244       60.2768
-144.2373      60.27137
-144.2324      60.27064
-144.2208      60.27253
-144.2046      60.26842
-144.1975      60.27124
-144.2048      60.28221
-144.1973      60.28721
-144.1841      60.296
-144.1845      60.30016
-144.1797      60.30725
-144.1724      60.31075
-144.1688      60.31032
-144.141       60.31636
-144.1045      60.32625
-144.0476      60.34558
-144.0267      60.35404
-144.0196      60.36261
-144.0144      60.36507
 1             645           2 
1
 -9999.0   ,   9990.0
   7
 5 
-144.1654      60.30071
-144.149       60.30761
-144.1525      60.31079
-144.1663      60.3049
-144.1654      60.30071
 1 
 1             646           
1
 -9999.0   ,   9990.0
   7
 9 
-149.0323      60.36679
-149.0213      60.37229
-149.0062      60.37612
-148.9986      60.373
-149.003       60.37057
-149.0171      60.36672
-149.0329      60.35948
-149.04        60.36373
-149.0323      60.36679
 1 
 1             647           
1
 -9999.0   ,   9990.0
   7
 8 
-144.883       60.35366
-144.8846      60.35673
-144.8783      60.35824
-144.8735      60.35663
-144.8631      60.35794
-144.8617      60.3558
-144.8654      60.35324
-144.883       60.35366
 1 
 1             648           
1
 -9999.0   ,   9990.0
   7
 16 
-149.8825      60.32263
-149.8795      60.32716
-149.8838      60.33201
-149.8921      60.33349
-149.8945      60.34015
-149.9108      60.35451
-149.9052      60.35673
-149.8978      60.35663
-149.8794      60.34681
-149.8769      60.34175
-149.8709      60.34099
-149.8669      60.33866
-149.869       60.33434
-149.8647      60.3272
-149.8663      60.32311
-149.8825      60.32263
 1 
 1             649           
1
 -9999.0   ,   9990.0
   7
 7 
-149.0844      60.34461
-149.0921      60.33382
-149.1081      60.33507
-149.0969      60.34075
-149.085       60.34985
-149.0804      60.35026
-149.0844      60.34461
 1 
 1             650           
1
 -9999.0   ,   9990.0
   7
 11 
-143.2561      60.30092
-143.2556      60.30318
-143.2496      60.30488
-143.2392      60.30561
-143.2239      60.3035
-143.2225      60.3018
-143.2264      60.29906
-143.2347      60.29935
-143.2412      60.29768
-143.2471      60.30012
-143.2561      60.30092
 1 
 1             651           
1
 -9999.0   ,   9990.0
   7
 11 
-148.3206      60.27455
-148.3212      60.2876
-148.3265      60.28932
-148.3264      60.29527
-148.3178      60.29803
-148.3064      60.29707
-148.3035      60.2938
-148.3084      60.29026
-148.3088      60.27792
-148.3127      60.27527
-148.3206      60.27455
 1 
 1             652           
1
 -9999.0   ,   9990.0
   7
 7 
-143.3421      60.27636
-143.3516      60.2735
-143.3606      60.27658
-143.3636      60.28115
-143.3554      60.288
-143.3519      60.27973
-143.3421      60.27636
 1 
 1             653           
1
 -9999.0   ,   9990.0
   7
 18 
-143.9928      60.27557
-143.9876      60.28124
-143.9774      60.28227
-143.9688      60.27925
-143.9708      60.27477
-143.9685      60.27073
-143.9515      60.27412
-143.9475      60.2732
-143.934       60.27564
-143.9387      60.27132
-143.9585      60.26808
-143.9754      60.26285
-143.9797      60.26423
-143.984       60.26564
-143.9842      60.26717
-143.9849      60.2719
-143.9879      60.27328
-143.9928      60.27557
 1 
 1             654           
1
 -9999.0   ,   9990.0
   7
 13 
-149.4359      60.2573
-149.4438      60.26999
-149.4479      60.27211
-149.457       60.27271
-149.4624      60.27486
-149.4544      60.27701
-149.4403      60.27542
-149.4305      60.26932
-149.425       60.26969
-149.4198      60.26435
-149.4232      60.26166
-149.4301      60.26132
-149.4359      60.2573
 1 
 1             655           
1
 -9999.0   ,   9990.0
   7
 9 
-143.3186      60.25556
-143.3261      60.26086
-143.324       60.2635
-143.3061      60.26284
-143.2973      60.26114
-143.2943      60.25819
-143.2965      60.25672
-143.3057      60.25729
-143.3186      60.25556
 1 
 1             656           
1
 -9999.0   ,   9990.0
   7
 12 
-143.1439      60.23558
-143.1469      60.24015
-143.154       60.24129
-143.1559      60.24303
-143.1494      60.25205
-143.1309      60.261
-143.1258      60.26114
-143.1246      60.25853
-143.1315      60.24976
-143.1317      60.24356
-143.1402      60.2358
-143.1439      60.23558
 1 
 1             657           
1
 -9999.0   ,   9990.0
   7
 22 
-149.047       60.25257
-149.0485      60.24527
-149.0584      60.24203
-149.059       60.23999
-149.0524      60.23666
-149.0646      60.22729
-149.0644      60.22432
-149.0777      60.212
-149.0693      60.20773
-149.0728      60.20391
-149.0822      60.20111
-149.0861      60.2037
-149.0848      60.20893
-149.0878      60.21767
-149.0785      60.22527
-149.08        60.23056
-149.0758      60.23665
-149.0769      60.24147
-149.0713      60.24821
-149.0556      60.25547
-149.0482      60.25578
-149.047       60.25257
 1 
 1             658           
1
 -9999.0   ,   9990.0
   7
 13 
-143.9356      60.24493
-143.9318      60.24723
-143.9262      60.24737
-143.9229      60.25178
-143.9173      60.25376
-143.9135      60.25239
-143.8991      60.25477
-143.8955      60.25226
-143.905       60.24914
-143.9108      60.24396
-143.9248      60.24155
-143.9288      60.24246
-143.9356      60.24493
 1 
 1             659           
1
 -9999.0   ,   9990.0
   7
 46 
-143.0441      60.25061
-143.0521      60.24491
-143.0533      60.24015
-143.0479      60.23611
-143.0332      60.23562
-143.0233      60.23085
-143.0062      60.22882
-142.9984      60.22325
-142.9841      60.22323
-142.9658      60.2186
-142.9608      60.21481
-142.9512      60.21258
-142.9359      60.20397
-142.9122      60.20243
-142.9002      60.19887
-142.8934      60.20166
-142.8911      60.19828
-142.9031      60.18616
-142.9034      60.18135
-142.8791      60.17883
-142.8411      60.16503
-142.8402      60.16336
-142.848       60.16342
-142.8695      60.17152
-142.8957      60.17739
-142.9025      60.17438
-142.9126      60.17988
-142.9124      60.18424
-142.9118      60.18474
-142.9034      60.19195
-142.9084      60.19573
-142.9441      60.20105
-142.9531      60.20901
-142.966       60.21078
-142.9779      60.21685
-142.9879      60.21934
-143.0069      60.2208
-143.0114      60.22501
-143.032       60.22772
-143.0352      60.23161
-143.0544      60.23239
-143.0602      60.23529
-143.0624      60.24073
-143.0601      60.24634
-143.0452      60.25345
-143.0441      60.25061
 1 
 1             660           
1
 -9999.0   ,   9990.0
   7
 10 
-142.4803      60.23843
-142.4706      60.24345
-142.4662      60.24576
-142.4508      60.2477
-142.4453      60.24409
-142.4484      60.24454
-142.4642      60.23778
-142.4696      60.23736
-142.4751      60.23692
-142.4803      60.23843
 1 
 1             661           
1
 -9999.0   ,   9990.0
   7
 174 
-143.6186      60.07652
-143.6167      60.07134
-143.6248      60.06993
-143.6249      60.07344
-143.6352      60.07866
-143.6377      60.08917
-143.6512      60.09436
-143.6737      60.10628
-143.7196      60.11293
-143.7308      60.11819
-143.7343      60.12278
-143.741       60.1257
-143.7482      60.12452
-143.7548      60.1256
-143.7584      60.13409
-143.7458      60.13656
-143.7422      60.13014
-143.7382      60.12968
-143.729       60.13741
-143.7318      60.14309
-143.7252      60.14546
-143.7209      60.14222
-143.7252      60.13949
-143.7239      60.13365
-143.7193      60.13154
-143.6977      60.14268
-143.6894      60.15069
-143.6869      60.15307
-143.6794      60.15539
-143.6736      60.15458
-143.6719      60.15217
-143.6771      60.14767
-143.6825      60.14293
-143.7016      60.12635
-143.6983      60.12271
-143.6825      60.12359
-143.6805      60.11938
-143.68        60.11839
-143.6725      60.11702
-143.6648      60.12024
-143.6605      60.11308
-143.6489      60.11169
-143.6368      60.11787
-143.6225      60.1177
-143.6176      60.12108
-143.5862      60.12126
-143.5822      60.12097
-143.568       60.11993
-143.545       60.11209
-143.5387      60.10779
-143.5272      60.1041
-143.5138      60.10236
-143.5044      60.10271
-143.4955      60.10539
-143.4906      60.10981
-143.4824      60.11724
-143.4806      60.11699
-143.4773      60.11655
-143.4731      60.11598
-143.4677      60.11336
-143.4661      60.11256
-143.4562      60.09999
-143.4512      60.09806
-143.4331      60.09834
-143.4252      60.09508
-143.4174      60.09483
-143.4003      60.10067
-143.385       60.1011
-143.3625      60.10984
-143.2963      60.12365
-143.2855      60.12965
-143.2744      60.13196
-143.2657      60.1314
-143.2534      60.13637
-143.2359      60.13758
-143.231       60.14257
-143.2237      60.14418
-143.2184      60.15213
-143.2029      60.16077
-143.1957      60.1674
-143.1881      60.17604
-143.1793      60.18603
-143.1793      60.19269
-143.1793      60.19339
-143.1888      60.1944
-143.1896      60.19418
-143.1974      60.19477
-143.2054      60.19791
-143.2065      60.19836
-143.2098      60.20085
-143.2074      60.20462
-143.203       60.20554
-143.1935      60.19936
-143.1849      60.19858
-143.1781      60.19877
-143.1723      60.19894
-143.1648      60.20122
-143.151       60.21097
-143.1489      60.21242
-143.1493      60.21635
-143.1717      60.22468
-143.1669      60.22737
-143.1568      60.22734
-143.1401      60.22728
-143.1381      60.22332
-143.137       60.22099
-143.1337      60.21421
-143.1394      60.21093
-143.1435      60.20861
-143.1448      60.20503
-143.1462      60.20142
-143.153       60.19656
-143.1644      60.19198
-143.1661      60.18994
-143.1733      60.18134
-143.177       60.1769
-143.2237      60.13888
-143.2532      60.13153
-143.2619      60.1263
-143.2772      60.11716
-143.302       60.10836
-143.3163      60.10833
-143.346       60.10029
-143.3615      60.10102
-143.3722      60.09847
-143.3772      60.09532
-143.3926      60.09076
-143.3998      60.082
-143.405       60.08163
-143.4153      60.08642
-143.424       60.08673
-143.4391      60.08535
-143.4512      60.08104
-143.4525      60.07767
-143.4424      60.07382
-143.4584      60.07044
-143.478       60.05645
-143.4984      60.04827
-143.5267      60.04378
-143.5388      60.04499
-143.5476      60.04299
-143.5494      60.04103
-143.5601      60.04076
-143.5806      60.04154
-143.5853      60.04298
-143.5797      60.04517
-143.5647      60.04427
-143.5479      60.04738
-143.5088      60.05097
-143.4823      60.06132
-143.4737      60.06654
-143.469       60.07454
-143.4706      60.07901
-143.4813      60.0822
-143.5236      60.08478
-143.5342      60.09157
-143.5407      60.09572
-143.5512      60.10741
-143.5617      60.10781
-143.5687      60.10571
-143.5724      60.10018
-143.5777      60.09912
-143.5827      60.09942
-143.5871      60.10406
-143.5962      60.10645
-143.6059      60.10634
-143.6191      60.10346
-143.6269      60.09956
-143.624       60.09432
-143.6154      60.09196
-143.6158      60.08624
-143.6123      60.08188
-143.6186      60.07836
-143.6186      60.07652
 1 
 1             662           
1
 -9999.0   ,   9990.0
   7
 9 
-149.3707      60.19271
-149.3738      60.2019
-149.3652      60.20633
-149.3635      60.21087
-149.3589      60.21216
-149.3514      60.20701
-149.3564      60.20161
-149.3512      60.1965
-149.3707      60.19271
 1 
 1             663           
1
 -9999.0   ,   9990.0
   7
 12 
-143.2212      60.17621
-143.2154      60.18233
-143.2163      60.18584
-143.2112      60.18804
-143.1903      60.18627
-143.1884      60.18315
-143.2013      60.17945
-143.2108      60.17675
-143.2174      60.17071
-143.222       60.171
-143.2236      60.17364
-143.2212      60.17621
 1 
 1             664           
1
 -9999.0   ,   9990.0
   7
 8 
-143.2267      60.1846
-143.2289      60.17702
-143.234       60.17346
-143.2348      60.1729
-143.2373      60.17305
-143.2377      60.18313
-143.2304      60.18618
-143.2267      60.1846
 1 
 1             665           
1
 -9999.0   ,   9990.0
   7
 10 
-143.8044      60.16371
-143.8142      60.16543
-143.8177      60.16794
-143.8148      60.17053
-143.7895      60.17594
-143.7833      60.17282
-143.7824      60.16886
-143.7866      60.16496
-143.7892      60.16351
-143.8044      60.16371
 1 
 1             666           
1
 -9999.0   ,   9990.0
   7
 9 
-144.2343      60.15838
-144.241       60.15944
-144.2425      60.16113
-144.2393      60.16302
-144.229       60.16394
-144.2219      60.16458
-144.2105      60.15981
-144.2324      60.15666
-144.2343      60.15838
 1 
 1             667           
1
 -9999.0   ,   9990.0
   7
 35 
-142.8364      60.16357
-142.8308      60.16389
-142.8256      60.1624
-142.8184      60.155
-142.814       60.15298
-142.8097      60.15097
-142.7884      60.14794
-142.7787      60.1443
-142.7463      60.14444
-142.7301      60.14267
-142.7025      60.13551
-142.6873      60.12907
-142.6853      60.1203
-142.6922      60.11524
-142.7135      60.10998
-142.7323      60.10871
-142.7491      60.10292
-142.7671      60.10113
-142.7811      60.10598
-142.7644      60.11447
-142.7575      60.11639
-142.7555      60.11634
-142.7465      60.11611
-142.7378      60.1176
-142.7047      60.11677
-142.6901      60.12224
-142.6886      60.12608
-142.6913      60.1281
-142.7123      60.13502
-142.7315      60.1391
-142.7565      60.14097
-142.7805      60.14097
-142.7985      60.14469
-142.8173      60.15033
-142.8364      60.16357
 1 
 1             668           
1
 -9999.0   ,   9990.0
   7
 36 
-140.6005      60.11838
-140.6238      60.126
-140.6337      60.12498
-140.6448      60.12063
-140.6621      60.11735
-140.6679      60.11624
-140.684       60.10571
-140.6947      60.10161
-140.7053      60.10006
-140.7142      60.10166
-140.7212      60.1048
-140.7311      60.11371
-140.7363      60.11561
-140.753       60.11264
-140.7575      60.11667
-140.755       60.11895
-140.7207      60.1231
-140.7165      60.12159
-140.7181      60.11661
-140.7144      60.11506
-140.7054      60.11462
-140.6972      60.11205
-140.6906      60.11327
-140.6793      60.12111
-140.668       60.12502
-140.6586      60.12461
-140.6498      60.13202
-140.6389      60.13266
-140.6387      60.13915
-140.6336      60.14071
-140.6268      60.13824
-140.6154      60.14031
-140.6094      60.13871
-140.605       60.12857
-140.6012      60.11981
-140.6005      60.11838
 1 
 1             669           
1
 -9999.0   ,   9990.0
   7
 15 
-142.5333      60.12702
-142.5381      60.1262
-142.5514      60.11005
-142.5427      60.10945
-142.5352      60.10502
-142.5229      60.10095
-142.5167      60.0966
-142.5226      60.09701
-142.548       60.10544
-142.5611      60.10656
-142.5634      60.10811
-142.5553      60.11401
-142.5557      60.11772
-142.5422      60.13317
-142.5333      60.12702
 1 
 1             670           
1
 -9999.0   ,   9990.0
   7
 9 
-141.064       60.12047
-141.0619      60.12404
-141.0494      60.13019
-141.0461      60.12971
-141.0437      60.12442
-141.0404      60.123
-141.0391      60.11827
-141.051       60.11737
-141.064       60.12047
 1 
 1             671           
1
 -9999.0   ,   9990.0
   7
 9 
-140.5399      60.11418
-140.5575      60.11717
-140.5537      60.12139
-140.5527      60.1224
-140.5465      60.12336
-140.5386      60.12021
-140.5344      60.11854
-140.5361      60.11379
-140.5399      60.11418
 1 
 1             672           
1
 -9999.0   ,   9990.0
   7
 9 
-149.0328      60.12018
-149.0287      60.11942
-149.0257      60.11636
-149.0269      60.10598
-149.0294      60.10406
-149.0349      60.10583
-149.0381      60.11647
-149.0369      60.1198
-149.0328      60.12018
 1 
 1             673           
1
 -9999.0   ,   9990.0
   7
 14 
-141.3049      60.09065
-141.2896      60.09278
-141.2734      60.09845
-141.2631      60.1048
-141.2329      60.11637
-141.2325      60.11108
-141.242       60.10269
-141.2378      60.09542
-141.2531      60.08806
-141.2579      60.08891
-141.2697      60.08521
-141.279       60.0799
-141.3005      60.08739
-141.3049      60.09065
 1 
 1             674           
1
 -9999.0   ,   9990.0
   7
 10 
-142.8367      60.11198
-142.8452      60.10955
-142.8623      60.10953
-142.8905      60.10586
-142.8935      60.10859
-142.8912      60.11051
-142.8623      60.11482
-142.8543      60.11383
-142.8415      60.11506
-142.8367      60.11198
 1 
 1             675           
1
 -9999.0   ,   9990.0
   7
 6 
-140.7867      60.10807
-140.7839      60.11361
-140.7792      60.11492
-140.7721      60.11178
-140.7724      60.10969
-140.7867      60.10807
 1 
 1             676           
1
 -9999.0   ,   9990.0
   7
 7 
-141.1509      60.10754
-141.1433      60.10544
-141.1419      60.10253
-141.1522      60.10202
-141.1614      60.09964
-141.1598      60.10561
-141.1509      60.10754
 1 
 1             677           
1
 -9999.0   ,   9990.0
   7
 14 
-143.0375      60.09818
-143.0324      60.09712
-143.0401      60.09223
-143.0561      60.08767
-143.0663      60.07932
-143.1187      60.06882
-143.1228      60.06591
-143.1416      60.0678
-143.1356      60.07042
-143.1162      60.07154
-143.1055      60.07769
-143.0804      60.08
-143.0567      60.09077
-143.0375      60.09818
 1 
 1             678           
1
 -9999.0   ,   9990.0
   7
 10 
-143.5802      60.0811
-143.5863      60.08446
-143.6006      60.08256
-143.6031      60.08731
-143.608       60.08991
-143.6015      60.09205
-143.586       60.08973
-143.573       60.08986
-143.5726      60.08225
-143.5802      60.0811
 1 
 1             679           
1
 -9999.0   ,   9990.0
   7
 15 
-143.3675      60.08621
-143.3559      60.08457
-143.35        60.08029
-143.3376      60.07836
-143.3344      60.07448
-143.3365      60.06978
-143.3282      60.06258
-143.3337      60.06085
-143.3467      60.06029
-143.3501      60.06142
-143.3539      60.06649
-143.346       60.07244
-143.3487      60.07652
-143.3619      60.07896
-143.3675      60.08621
 1 
 1             680           
1
 -9999.0   ,   9990.0
   7
 7 
-143.1997      60.07151
-143.2135      60.07354
-143.2133      60.07583
-143.196       60.07888
-143.1889      60.07751
-143.1895      60.07524
-143.1997      60.07151
 1 
 1             681           
1
 -9999.0   ,   9990.0
   7
 5 
-149.5915      60
-149.5904      60.01366
-149.5868      60.01689
-149.5768      60
-149.5915      60
