 277 
 1 
 1             1             
1
 -9999.0   ,   9990.0
   7
 25 
100.5938      19.8192
100.5896      19.82136
100.5864      19.8265
100.5847      19.83483
100.5845      19.84425
100.5908      19.86869
100.5858      19.88836
100.585       19.8995
100.5825      19.93395
100.5857      19.958
100.5838      19.96956
100.5882      19.99264
100.5878      20
100.5934      20
100.5889      19.96758
100.5896      19.94128
100.5898      19.93422
100.5863      19.91983
100.5883      19.89014
100.595       19.87914
100.5965      19.87244
100.5961      19.86578
100.5885      19.84736
100.5898      19.83353
100.5938      19.8192
 1 
 1             2             
1
 -9999.0   ,   9990.0
   7
 70 
101.6282      19.84136
101.6218      19.83422
101.6143      19.83317
101.609       19.83647
101.6223      19.8402
101.6244      19.84425
101.6235      19.85256
101.6201      19.85428
101.6056      19.85497
101.604       19.85708
101.6067      19.86422
101.6116      19.86933
101.6206      19.87381
101.6445      19.87647
101.6485      19.87981
101.6673      19.89528
101.6772      19.9005
101.6905      19.91203
101.6952      19.91325
101.7004      19.91675
101.7051      19.92511
101.7121      19.93131
101.723       19.93761
101.7318      19.93756
101.7412      19.93542
101.7584      19.936
101.7774      19.93583
101.804       19.93933
101.8124      19.945
101.8148      19.94656
101.8219      19.94817
101.8415      19.94775
101.8656      19.95589
101.8692      19.96039
101.8795      19.96717
101.8893      19.96958
101.9001      19.97453
101.9098      19.98189
101.9166      19.98414
101.9186      19.9862
101.9224      20
101.9326      20
101.9278      19.99303
101.9206      19.98256
101.8963      19.96845
101.8761      19.96083
101.8659      19.95061
101.8484      19.94453
101.8353      19.94358
101.8279      19.94131
101.8175      19.9412
101.8124      19.9397
101.7836      19.93128
101.7431      19.92961
101.7373      19.92981
101.7292      19.93283
101.7228      19.93233
101.7117      19.9265
101.702       19.91439
101.6914      19.90681
101.6671      19.88931
101.6513      19.87558
101.6461      19.87297
101.6183      19.86747
101.6135      19.86483
101.6103      19.85883
101.6256      19.85778
101.6286      19.85447
101.6308      19.8475
101.6282      19.84136
 1 
 1             3             
1
 -9999.0   ,   9990.0
   7
 75 
102.2472      19.97142
102.2481      19.96878
102.2469      19.96086
102.2443      19.95395
102.2401      19.94969
102.2177      19.93386
102.1998      19.93411
102.1822      19.9232
102.1787      19.91853
102.1722      19.91481
102.1657      19.90861
102.1475      19.89808
102.1383      19.89261
102.1197      19.87464
102.1156      19.87242
102.1015      19.87053
102.0971      19.87161
102.0879      19.87795
102.0829      19.87778
102.0777      19.87553
102.0654      19.86561
102.0532      19.86481
102.0419      19.85511
102.0391      19.85439
102.0288      19.85178
102.0183      19.83922
102.0096      19.83147
102.0046      19.81414
102.0014      19.81011
102           19.80945
101.9876      19.79083
101.9856      19.78261
101.9814      19.77494
101.9603      19.75542
101.9495      19.74658
101.9454      19.74536
101.9511      19.75597
101.9802      19.77981
101.984       19.79142
101.9884      19.797
102           19.8195
102.0042      19.82344
102.008       19.83433
102.0179      19.84439
102.0209      19.85131
102.0243      19.85411
102.0402      19.86045
102.048       19.86897
102.0677      19.87375
102.0786      19.88072
102.0827      19.88189
102.0919      19.88139
102.0952      19.88019
102.1061      19.87625
102.1124      19.87708
102.1205      19.88231
102.1349      19.89644
102.1676      19.91528
102.1802      19.92561
102.1898      19.93131
102.1996      19.93908
102.2067      19.936
102.2097      19.93631
102.2231      19.94708
102.2411      19.95675
102.2419      19.96589
102.2409      19.97392
102.2384      19.97922
102.2397      19.98381
102.2387      19.98856
102.2278      20
102.2328      20
102.2443      19.98561
102.2425      19.98017
102.2472      19.97142
 1 
 1             4             
1
 -9999.0   ,   9990.0
   7
 54 
100.8518      19.88922
100.8564      19.88747
100.8918      19.88942
100.8953      19.88961
100.9297      19.88589
100.9522      19.87606
100.9689      19.86661
100.9749      19.86553
100.9814      19.86189
100.9945      19.86131
101.0001      19.85583
101.0026      19.84981
101.0018      19.84086
100.9994      19.84231
100.9947      19.85417
100.9919      19.85608
100.981       19.85708
100.9721      19.85986
100.9666      19.8637
100.9534      19.86867
100.946       19.87347
100.9336      19.87867
100.9256      19.88142
100.8917      19.88464
100.8844      19.88408
100.8625      19.8825
100.8516      19.88417
100.8416      19.88906
100.8258      19.90258
100.8198      19.90481
100.8124      19.90342
100.8016      19.8982
100.7793      19.8772
100.771       19.8712
100.7689      19.86967
100.7486      19.8585
100.74        19.85389
100.7195      19.83444
100.7081      19.8297
100.6925      19.81886
100.6817      19.81525
100.6771      19.81694
100.6816      19.82031
100.6922      19.82392
100.7004      19.83014
100.7206      19.84156
100.735       19.85633
100.7696      19.877
100.7793      19.88478
100.8007      19.90236
100.8096      19.90717
100.8221      19.90867
100.8278      19.90597
100.8518      19.88922
 1 
 1             5             
1
 -9999.0   ,   9990.0
   7
 50 
101.0139      19.83844
101.0178      19.83947
101.0206      19.84217
101.0229      19.84806
101.0292      19.85364
101.0331      19.85445
101.0408      19.85239
101.0489      19.84042
101.0579      19.84153
101.0712      19.84597
101.0895      19.86156
101.0961      19.87078
101.1066      19.88058
101.114       19.88531
101.1153      19.88608
101.1308      19.89275
101.141       19.892
101.1476      19.88836
101.1524      19.88383
101.1581      19.87333
101.1711      19.86145
101.1957      19.85106
101.2069      19.84339
101.2151      19.84061
101.2394      19.82769
101.2431      19.82389
101.2418      19.82119
101.2132      19.83744
101.1668      19.85767
101.1585      19.86458
101.1518      19.87283
101.1449      19.88497
101.1377      19.88772
101.1331      19.88683
101.1296      19.88611
101.1175      19.88072
101.0871      19.85517
101.0815      19.84797
101.073       19.84042
101.0666      19.83808
101.0454      19.83708
101.0433      19.83853
101.04        19.84828
101.0322      19.84894
101.0282      19.84631
101.0279      19.84578
101.0239      19.83908
101.0201      19.83597
101.0155      19.83586
101.0139      19.83844
 13 
 1             6             
1
 -9999.0   ,   9990.0
   7
 1610 
103.0028      17.98258
102.9833      17.99794
102.972       18.00122
102.9674      18.00128
102.9652      18.00208
102.9544      18.002
102.9495      18.00197
102.948       18.00172
102.9358      17.99972
102.9262      17.99719
102.9174      17.99239
102.9056      17.98314
102.8973      17.97981
102.8823      17.97733
102.8823      17.97733
102.8715      17.97556
102.861       17.97081
102.858       17.96917
102.8579      17.96906
102.8398      17.9552
102.8361      17.95322
102.8287      17.94931
102.8176      17.93925
102.8104      17.93636
102.7912      17.93406
102.791       17.93397
102.7899      17.93347
102.7869      17.93233
102.7815      17.92683
102.7683      17.89997
102.765       17.896
102.7623      17.89278
102.75        17.88683
102.744       17.88508
102.7364      17.88286
102.735       17.88247
102.7349      17.88245
102.7067      17.87522
102.7057      17.87511
102.6961      17.87372
102.6956      17.87353
102.6886      17.86786
102.6879      17.8672
102.6879      17.86711
102.6794      17.85231
102.6785      17.8507
102.6791      17.84358
102.6814      17.84164
102.6828      17.8405
102.6833      17.83986
102.6886      17.83411
102.6896      17.83333
102.6987      17.82575
102.6995      17.82
102.6945      17.81195
102.6931      17.80967
102.6868      17.80556
102.6774      17.803
102.6688      17.80253
102.6501      17.81439
102.6433      17.81645
102.6354      17.82353
102.6353      17.82358
102.6419      17.82489
102.6322      17.831
102.6286      17.83069
102.6278      17.82903
102.6298      17.82689
102.6298      17.82683
102.6323      17.82419
102.6238      17.82475
102.6122      17.83061
102.592       17.83331
102.5874      17.83731
102.5867      17.85269
102.5866      17.85508
102.5883      17.86133
102.5997      17.87575
102.6095      17.90603
102.6101      17.93272
102.6031      17.95422
102.5984      17.95906
102.5931      17.96028
102.5708      17.96553
102.5581      17.96928
102.5569      17.96931
102.5535      17.96903
102.5513      17.96883
102.5466      17.96756
102.5428      17.9665
102.5341      17.96642
102.5154      17.97195
102.5013      17.97189
102.4842      17.96653
102.4749      17.96625
102.4683      17.9677
102.4424      17.97953
102.4192      17.99017
102.4079      17.99725
102.3526      18.04061
102.337       18.04756
102.3331      18.0485
102.3272      18.04994
102.308       18.04994
102.2979      18.05336
102.2851      18.06019
102.2823      18.06156
102.275       18.068
102.275       18.06803
102.2681      18.07383
102.2619      18.07897
102.2493      18.09689
102.2463      18.0997
102.2423      18.1035
102.2316      18.10811
102.2281      18.11317
102.2213      18.11917
102.2153      18.12972
102.2023      18.1355
102.1891      18.14792
102.1849      18.15583
102.1663      18.19764
102.1622      18.20411
102.1593      18.20589
102.1528      18.20608
102.1399      18.21042
102.136       18.20969
102.1253      18.20767
102.1151      18.20756
102.0982      18.21464
102.0889      18.21475
102.0686      18.20683
102.0564      18.19919
102.0484      18.19189
102.0434      18.17581
102.0427      18.16006
102.0416      18.15881
102.0379      18.15431
102.0237      18.14597
102.0038      18.124
102           18.122
101.9901      18.11011
101.9656      18.09625
101.9618      18.09222
101.9589      18.08533
101.9581      18.08339
101.9508      18.07478
101.948       18.07156
101.9452      18.0697
101.9345      18.06261
101.9251      18.05419
101.9226      18.04553
101.9196      18.04358
101.9194      18.03831
101.9174      18.034
101.909       18.02853
101.8929      18.02172
101.8808      18.02075
101.8742      18.02328
101.8601      18.03825
101.8392      18.04492
101.8327      18.05042
101.8275      18.05245
101.8148      18.05356
101.8115      18.05572
101.798       18.05964
101.7903      18.06586
101.7853      18.0665
101.7773      18.06275
101.777       18.06231
101.7738      18.05736
101.7725      18.04669
101.7699      18.03919
101.7641      18.03158
101.7564      17.99828
101.7443      17.9787
101.7413      17.95964
101.7362      17.94656
101.7368      17.94428
101.7412      17.92617
101.7415      17.92086
101.7387      17.91567
101.7299      17.90539
101.7192      17.89956
101.7119      17.89956
101.7043      17.90761
101.6959      17.90625
101.6859      17.90111
101.6681      17.89456
101.6261      17.88719
101.6224      17.88456
101.6198      17.87936
101.6207      17.87128
101.617       17.85969
101.6137      17.85519
101.6026      17.84775
101.5937      17.84572
101.5895      17.84908
101.5821      17.86333
101.5792      17.86297
101.5778      17.85083
101.5744      17.84175
101.5596      17.81694
101.5535      17.8127
101.5471      17.81022
101.542       17.81181
101.5404      17.81228
101.5344      17.81683
101.5333      17.82056
101.5325      17.83208
101.5353      17.84256
101.5437      17.857
101.5477      17.86745
101.5471      17.87206
101.5441      17.87489
101.5398      17.87597
101.5225      17.86089
101.5093      17.85395
101.5019      17.85442
101.4981      17.85731
101.4976      17.85922
101.4945      17.87075
101.4954      17.88083
101.4928      17.88367
101.4887      17.88333
101.4751      17.87089
101.47        17.86875
101.4594      17.86817
101.4537      17.8695
101.4474      17.87314
101.4397      17.8812
101.4309      17.90261
101.4181      17.91358
101.4144      17.91786
101.413       17.93489
101.417       17.96006
101.4223      17.97414
101.4258      17.99256
101.4264      17.99583
101.4255      18.01172
101.4195      18.03167
101.4179      18.04183
101.423       18.06419
101.4226      18.07272
101.4188      18.08225
101.4099      18.09011
101.3994      18.11108
101.3898      18.13417
101.3893      18.13972
101.3943      18.16439
101.4106      18.20569
101.4236      18.2292
101.4286      18.24214
101.4331      18.24431
101.4406      18.25508
101.4571      18.27114
101.4673      18.28942
101.4734      18.29728
101.4897      18.31033
101.493       18.30931
101.498       18.31236
101.5038      18.31356
101.5226      18.3095
101.5266      18.31214
101.5319      18.32092
101.5371      18.33089
101.5375      18.33478
101.5613      18.36136
101.5647      18.37045
101.5641      18.37483
101.5658      18.37961
101.5681      18.38575
101.5846      18.40083
101.5926      18.4045
101.6004      18.40561
101.6086      18.41317
101.6243      18.4345
101.6274      18.44244
101.6336      18.4542
101.6389      18.45953
101.6405      18.46456
101.6448      18.46831
101.645       18.47497
101.6477      18.47719
101.6523      18.47772
101.6682      18.47147
101.6816      18.47125
101.6935      18.47108
101.7006      18.47408
101.7232      18.5
101.7308      18.51125
101.7323      18.51808
101.7471      18.54656
101.7558      18.555
101.7614      18.56333
101.7639      18.56692
101.7678      18.58519
101.7758      18.60072
101.7784      18.60575
101.7842      18.61269
101.803       18.64586
101.8039      18.65158
101.8019      18.65625
101.8012      18.66822
101.8031      18.68033
101.808       18.68983
101.8102      18.70286
101.8158      18.71717
101.8201      18.72897
101.8396      18.7575
101.8446      18.77803
101.8501      18.79028
101.8503      18.7982
101.8467      18.82186
101.8435      18.82864
101.8322      18.83989
101.8203      18.85172
101.7982      18.86878
101.7967      18.87275
101.7963      18.88103
101.794       18.88456
101.7933      18.89239
101.794       18.90433
101.8006      18.92803
101.8002      18.93608
101.8043      18.94928
101.8055      18.95544
101.803       18.97967
101.7986      18.99761
101.7983      19.00828
101.8033      19.03994
101.804       19.04403
101.8041      19.04478
101.8063      19.06625
101.8056      19.08306
101.8084      19.09306
101.8098      19.10853
101.8129      19.14514
101.8193      19.16464
101.8231      19.17558
101.8259      19.21089
101.8247      19.2252
101.8218      19.23242
101.8224      19.23997
101.8177      19.24606
101.8143      19.25658
101.8189      19.27758
101.8226      19.28667
101.8269      19.29753
101.8337      19.30589
101.8467      19.33986
101.8585      19.36431
101.8754      19.37753
101.8899      19.39253
101.8989      19.40181
101.9002      19.40475
101.8993      19.40753
101.8963      19.40958
101.8854      19.40986
101.8828      19.41225
101.8575      19.41653
101.8498      19.4237
101.8438      19.42494
101.8433      19.42506
101.8303      19.43928
101.8208      19.45661
101.8108      19.47056
101.8085      19.47381
101.8059      19.48081
101.804       19.49533
101.8055      19.50267
101.8174      19.51767
101.8195      19.52733
101.8218      19.52995
101.82        19.53989
101.8169      19.54758
101.812       19.55439
101.8088      19.57153
101.8046      19.57558
101.8011      19.58625
101.7999      19.5932
101.8054      19.60286
101.8105      19.62053
101.8081      19.63989
101.8148      19.64956
101.8261      19.65906
101.85        19.6697
101.854       19.67
101.8418      19.66197
101.8344      19.65875
101.8199      19.64839
101.8121      19.63381
101.8168      19.62181
101.8133      19.61106
101.8043      19.59328
101.8038      19.58756
101.8051      19.58292
101.807       19.581
101.8128      19.57531
101.816       19.55633
101.8225      19.54325
101.8248      19.53011
101.8208      19.51158
101.8183      19.50844
101.8134      19.50653
101.8111      19.50339
101.8098      19.48664
101.8122      19.47461
101.8189      19.46606
101.8238      19.45975
101.8324      19.44428
101.8449      19.42936
101.8459      19.42819
101.8519      19.42775
101.864       19.42069
101.8773      19.41933
101.8827      19.41639
101.8965      19.41303
101.9002      19.41164
101.9033      19.40833
101.9036      19.40442
101.9017      19.39942
101.8929      19.3912
101.8807      19.37667
101.8684      19.36972
101.859       19.35856
101.8373      19.30322
101.8297      19.29445
101.8262      19.28556
101.821       19.27231
101.819       19.25367
101.8217      19.24828
101.8266      19.24375
101.837       19.24364
101.8342      19.23936
101.8291      19.23814
101.8265      19.23386
101.8304      19.22108
101.8311      19.20703
101.8291      19.19331
101.8292      19.17836
101.8257      19.16631
101.8166      19.14661
101.815       19.13664
101.8149      19.13561
101.8156      19.11583
101.8149      19.11122
101.813       19.09844
101.8134      19.09061
101.8095      19.06881
101.8095      19.05003
101.808       19.04278
101.8036      19.0215
101.8027      19.01144
101.8018      19.00114
101.807       18.97678
101.8094      18.95003
101.7965      18.89322
101.7977      18.88719
101.8023      18.86981
101.8152      18.85995
101.8233      18.8567
101.8345      18.84572
101.8376      18.84186
101.8504      18.82542
101.8545      18.81264
101.8557      18.79875
101.8538      18.78578
101.8501      18.7767
101.8474      18.763
101.8429      18.75281
101.8278      18.73514
101.8249      18.72775
101.8176      18.70906
101.8133      18.69081
101.8087      18.68267
101.807       18.67008
101.8101      18.65436
101.8065      18.63561
101.7962      18.61964
101.7918      18.61681
101.7884      18.6107
101.7701      18.57683
101.765       18.55608
101.7586      18.54058
101.7451      18.53306
101.7439      18.52781
101.7374      18.51883
101.735       18.50767
101.7194      18.4822
101.7028      18.46917
101.6984      18.46703
101.6861      18.46558
101.6714      18.46583
101.6502      18.4725
101.6417      18.4572
101.626       18.42892
101.6091      18.40672
101.6009      18.40147
101.5848      18.39531
101.5749      18.38667
101.5715      18.37919
101.5693      18.36456
101.5666      18.36006
101.5634      18.35486
101.558       18.35089
101.5509      18.34078
101.5445      18.33686
101.5305      18.30811
101.5239      18.30486
101.5183      18.30411
101.5074      18.30792
101.4953      18.30647
101.4856      18.30242
101.4774      18.296
101.4733      18.28992
101.4626      18.27164
101.4525      18.25839
101.4353      18.24158
101.4306      18.23703
101.4011      18.17542
101.3943      18.13886
101.3961      18.13467
101.4009      18.13383
101.4034      18.1317
101.4015      18.12992
101.3983      18.12908
101.397       18.12661
101.3992      18.1217
101.4037      18.1172
101.4051      18.10958
101.4057      18.12272
101.4091      18.11381
101.4083      18.10603
101.4101      18.10161
101.4185      18.09492
101.4332      18.08228
101.4349      18.07692
101.4255      18.04045
101.4267      18.03353
101.432       18.01128
101.436       18.0022
101.4388      17.99958
101.4372      17.99664
101.4353      17.98131
101.4246      17.95428
101.4208      17.94453
101.4206      17.93811
101.424       17.91983
101.4286      17.91189
101.4397      17.90119
101.4449      17.88633
101.4563      17.87586
101.463       17.87381
101.4748      17.87689
101.4891      17.8877
101.4908      17.88878
101.4963      17.8877
101.5005      17.88389
101.5024      17.87669
101.5026      17.86222
101.5068      17.85908
101.5117      17.86008
101.5222      17.86664
101.5306      17.8742
101.5428      17.88047
101.5469      17.88011
101.5527      17.87464
101.5531      17.86428
101.5425      17.84331
101.5386      17.83556
101.5373      17.82433
101.5388      17.81947
101.5437      17.81631
101.5514      17.81631
101.5581      17.82344
101.569       17.84078
101.5719      17.86183
101.5771      17.86672
101.5833      17.8702
101.5879      17.86683
101.5954      17.85303
101.5976      17.85228
101.6003      17.85133
101.6028      17.85347
101.6049      17.85939
101.6124      17.86764
101.619       17.88972
101.6227      17.89306
101.6314      17.89597
101.6504      17.89742
101.6807      17.90333
101.6909      17.90839
101.6995      17.91261
101.7114      17.91153
101.7143      17.90522
101.7196      17.90642
101.7363      17.92264
101.7367      17.92758
101.7307      17.94628
101.7375      17.95978
101.7377      17.96145
101.7392      17.97586
101.7437      17.98631
101.7539      17.99914
101.7589      18.03014
101.7658      18.04064
101.771       18.05864
101.783       18.07094
101.7883      18.07167
101.8036      18.06153
101.8265      18.05731
101.8308      18.05692
101.8366      18.05122
101.8454      18.04703
101.8598      18.04331
101.8678      18.03661
101.875       18.03728
101.8883      18.03361
101.8971      18.03283
101.9039      18.03378
101.9085      18.03614
101.9139      18.03872
101.9173      18.05078
101.9228      18.05817
101.9308      18.06664
101.9488      18.07958
101.9522      18.08567
101.9544      18.09456
101.9567      18.09692
101.9572      18.09745
101.9645      18.09995
101.9809      18.11433
101.9925      18.12106
102           18.13078
102.0001      18.13092
102.011       18.14431
102.0166      18.14711
102.0175      18.14753
102.0216      18.14964
102.0299      18.15781
102.0309      18.15914
102.0338      18.16472
102.0399      18.18208
102.0475      18.20406
102.0521      18.20939
102.0605      18.21133
102.0649      18.215
102.0909      18.22536
102.1078      18.22344
102.1173      18.21797
102.1299      18.21756
102.1348      18.21875
102.1399      18.22222
102.1459      18.22242
102.1571      18.21781
102.1621      18.21839
102.173       18.21006
102.1784      18.20403
102.1805      18.19892
102.1802      18.19022
102.1809      18.18756
102.1865      18.16561
102.1902      18.15725
102.2114      18.14717
102.2159      18.14278
102.2289      18.12208
102.2572      18.09839
102.2625      18.09567
102.2615      18.09356
102.2651      18.08914
102.2774      18.07772
102.2836      18.06861
102.2891      18.06528
102.2931      18.06292
102.3079      18.05947
102.3246      18.0575
102.3495      18.05003
102.3528      18.04728
102.3755      18.02831
102.3909      18.01928
102.4086      18.00225
102.4159      17.99731
102.4359      17.98633
102.4613      17.97845
102.4617      17.97356
102.4664      17.97195
102.4673      17.97167
102.4737      17.96953
102.4782      17.96967
102.4775      17.97192
102.4694      17.97497
102.4684      17.97742
102.4765      17.97683
102.4933      17.97178
102.5084      17.97575
102.5388      17.97897
102.5472      17.9782
102.5684      17.97075
102.5978      17.96628
102.6076      17.96264
102.6127      17.95906
102.6154      17.95481
102.6155      17.922
102.6156      17.90289
102.6137      17.89478
102.6113      17.89014
102.6098      17.88503
102.6025      17.87372
102.5928      17.85867
102.59        17.84592
102.5925      17.8437
102.595       17.8415
102.5992      17.83822
102.6069      17.83636
102.6125      17.83514
102.6149      17.83464
102.628       17.83419
102.6335      17.83208
102.6486      17.82467
102.6705      17.80636
102.6728      17.80597
102.6861      17.80822
102.6901      17.81186
102.6931      17.81856
102.6925      17.82308
102.6904      17.82656
102.6821      17.83189
102.6784      17.83675
102.6759      17.84347
102.6749      17.85131
102.6766      17.85944
102.6802      17.86525
102.6807      17.86617
102.6906      17.87536
102.7083      17.88147
102.7328      17.88633
102.7371      17.88719
102.7479      17.89195
102.7545      17.89586
102.7644      17.9065
102.7744      17.92706
102.7823      17.93386
102.7849      17.93603
102.8065      17.94164
102.815       17.94519
102.8273      17.95339
102.8443      17.9692
102.8513      17.97353
102.8656      17.97892
102.8993      17.98617
102.9001      17.98595
102.9001      17.98595
102.9002      17.986
102.9185      17.99922
102.9433      18.00903
102.9484      18.00931
102.9588      18.00989
102.976       18.00519
102.9997      17.99428
103.0114      17.98295
103.0161      17.97928
103.0199      17.97636
103.021       17.97636
103.0298      17.97647
103.0405      17.98228
103.0407      17.98242
103.0534      17.99514
103.0656      18.01244
103.0783      18.0372
103.081       18.04594
103.0806      18.05214
103.0716      18.07258
103.0697      18.08064
103.0684      18.08614
103.0703      18.10728
103.0738      18.12022
103.0789      18.13028
103.0842      18.13558
103.0999      18.14553
103.0932      18.15156
103.0828      18.16658
103.0732      18.17708
103.0675      18.17897
103.0643      18.17856
103.0636      18.17847
103.0623      18.17772
103.0622      18.17767
103.0598      18.17628
103.0582      18.17169
103.06        18.16119
103.0596      18.15414
103.0574      18.14892
103.0373      18.12686
103.0309      18.12336
103.0253      18.123
103.0175      18.12528
103.0117      18.12906
103.0054      18.13736
103.0019      18.14678
103.0047      18.16336
103.005       18.16525
103.0101      18.1745
103.0208      18.18533
103.0234      18.19203
103.0253      18.20139
103.0243      18.20508
103.0153      18.21064
103.0103      18.21153
103.0045      18.21053
103.0005      18.20692
102.9976      18.20106
102.9981      18.19878
103.0068      18.1895
103.009       18.18317
103.0064      18.17667
103.0023      18.1745
102.9961      18.17411
102.9891      18.17681
102.9785      18.18417
102.9611      18.18431
102.9513      18.18775
102.9369      18.19975
102.9203      18.20467
102.9132      18.20467
102.9051      18.19864
102.9016      18.19317
102.8991      18.18939
102.8912      18.18067
102.8847      18.18028
102.866       18.18306
102.8646      18.17908
102.8664      18.17272
102.8656      18.16897
102.8593      18.1622
102.8548      18.16144
102.8468      18.16864
102.8421      18.16892
102.8321      18.16347
102.8264      18.15792
102.8176      18.14339
102.8125      18.13783
102.8063      18.13108
102.7985      18.13064
102.7935      18.13256
102.7877      18.13839
102.7811      18.15392
102.7736      18.16714
102.7687      18.17156
102.7639      18.17203
102.738       18.16383
102.7344      18.16103
102.73        18.14375
102.7262      18.13964
102.7219      18.13833
102.7067      18.13664
102.7029      18.1382
102.6859      18.15547
102.6769      18.15914
102.6478      18.15889
102.6342      18.15042
102.6281      18.14444
102.6237      18.13781
102.6213      18.13431
102.6181      18.13464
102.6154      18.13703
102.6114      18.14083
102.6116      18.14683
102.6066      18.16033
102.6075      18.16575
102.6168      18.18672
102.6199      18.18928
102.6352      18.19058
102.649       18.18106
102.6513      18.18133
102.6519      18.18486
102.6506      18.18939
102.6436      18.19475
102.6336      18.20936
102.63        18.21172
102.6278      18.21153
102.6184      18.21075
102.6142      18.21125
102.6131      18.21267
102.6172      18.21445
102.6293      18.21522
102.6349      18.21333
102.6422      18.20339
102.6554      18.19014
102.656       18.18436
102.6543      18.17606
102.6524      18.17475
102.6487      18.17567
102.6323      18.188
102.6243      18.18736
102.6219      18.18533
102.621       18.18456
102.6123      18.16692
102.6114      18.16131
102.6154      18.14283
102.6171      18.13895
102.6206      18.13822
102.6216      18.14022
102.6248      18.14661
102.6309      18.15322
102.6436      18.16125
102.6502      18.16311
102.679       18.16314
102.6859      18.16147
102.6937      18.15508
102.7052      18.14114
102.7145      18.14039
102.7231      18.14167
102.7261      18.14486
102.7319      18.16345
102.7357      18.16708
102.7382      18.16781
102.7661      18.17603
102.7747      18.17278
102.7811      18.16281
102.7817      18.16128
102.7893      18.14342
102.7962      18.13553
102.7984      18.13417
102.8043      18.13433
102.8097      18.13822
102.8279      18.16417
102.8364      18.16917
102.8424      18.17142
102.8502      18.17061
102.8553      18.16578
102.8579      18.16545
102.8613      18.16822
102.8629      18.172
102.8614      18.179
102.8622      18.18169
102.8636      18.18506
102.8707      18.18711
102.8831      18.18395
102.8931      18.18736
102.9031      18.20086
102.9084      18.20597
102.9135      18.2082
102.9371      18.20597
102.9542      18.19114
102.963       18.18767
102.9737      18.18811
102.9786      18.18831
102.9833      18.1872
102.9939      18.17942
102.9992      18.17814
103.003       18.18031
103.0051      18.18367
103.0043      18.18758
102.9954      18.19539
102.9933      18.20008
102.9947      18.20508
103.0058      18.21492
103.0117      18.21531
103.0231      18.21086
103.0288      18.20708
103.0304      18.20319
103.0264      18.18778
103.023       18.18214
103.0224      18.18125
103.0111      18.1702
103.0064      18.15475
103.0069      18.14464
103.0113      18.13689
103.0188      18.12967
103.0265      18.12717
103.0331      18.13006
103.0497      18.14561
103.0554      18.15653
103.0528      18.17031
103.0531      18.17175
103.054       18.17653
103.0604      18.18194
103.0605      18.18203
103.0624      18.18361
103.0695      18.18461
103.0743      18.1835
103.0801      18.17831
103.0948      18.15719
103.1058      18.14817
103.1308      18.15961
103.1441      18.1695
103.1502      18.17586
103.1506      18.17689
103.1546      18.18695
103.1574      18.19842
103.1534      18.21256
103.15        18.22736
103.1513      18.23381
103.1556      18.24039
103.1569      18.24247
103.1664      18.25695
103.172       18.26311
103.1949      18.27242
103.2027      18.27283
103.2228      18.27836
103.2267      18.2802
103.2401      18.28644
103.2527      18.28758
103.2702      18.29158
103.2873      18.29875
103.2938      18.30803
103.2947      18.31517
103.2939      18.32053
103.2905      18.32581
103.2839      18.32978
103.2778      18.33106
103.2511      18.33347
103.2443      18.33806
103.2391      18.34536
103.2384      18.35506
103.2412      18.369
103.2471      18.38319
103.2525      18.38872
103.264       18.39483
103.2723      18.40725
103.2789      18.41361
103.2895      18.42031
103.3016      18.43428
103.3089      18.43881
103.3188      18.43989
103.3364      18.43808
103.3546      18.44
103.3805      18.44894
103.4091      18.45464
103.4209      18.45286
103.4404      18.44322
103.464       18.43036
103.4694      18.43011
103.4785      18.43397
103.491       18.43933
103.5036      18.44025
103.5126      18.43747
103.5137      18.43747
103.5158      18.43653
103.5335      18.43108
103.5422      18.43047
103.5726      18.41094
103.6018      18.41206
103.6378      18.39536
103.6551      18.38108
103.6626      18.37581
103.6656      18.37367
103.6676      18.37222
103.6683      18.37167
103.6789      18.36408
103.6908      18.35136
103.6917      18.35072
103.7069      18.34469
103.7257      18.34514
103.7601      18.35256
103.773       18.35331
103.7778      18.35361
103.8039      18.3507
103.8152      18.34642
103.8247      18.34042
103.8331      18.33256
103.8428      18.31789
103.85        18.30231
103.8548      18.29422
103.8582      18.29197
103.8731      18.29567
103.8756      18.29631
103.8861      18.30128
103.9061      18.32325
103.9319      18.33956
103.94        18.34306
103.9445      18.34336
103.9461      18.33947
103.9717      18.33942
103.9794      18.33586
103.9911      18.32308
103.9939      18.32295
103.9969      18.32444
104.0004      18.3262
104.0042      18.33042
103.9979      18.34703
103.9989      18.3512
104.0031      18.35458
104.0079      18.35386
104.013       18.34922
104.0208      18.33097
104.0271      18.32017
104.0373      18.30942
104.0422      18.30642
104.0441      18.30833
104.0416      18.3147
104.0419      18.31861
104.0511      18.33061
104.0542      18.33592
104.0546      18.3367
104.0608      18.34281
104.0676      18.34711
104.0723      18.34803
104.0763      18.34667
104.0792      18.34239
104.0784      18.32272
104.0833      18.31744
104.0867      18.30967
104.0918      18.30606
104.1085      18.30972
104.1115      18.31186
104.116       18.32208
104.1285      18.33478
104.1341      18.33695
104.1339      18.33489
104.1231      18.32431
104.1167      18.31114
104.1135      18.30839
104.0999      18.30478
104.0931      18.30297
104.0883      18.30372
104.0745      18.32058
104.0733      18.32531
104.0765      18.33861
104.0751      18.34314
104.0707      18.34428
104.0645      18.34125
104.0483      18.32083
104.0452      18.31539
104.0482      18.30883
104.0466      18.30486
104.044       18.30336
104.0383      18.30386
104.0329      18.30978
104.0192      18.32453
104.0105      18.34606
104.0065      18.3497
104.0041      18.34903
104.0029      18.34547
104.0081      18.32883
104.0001      18.32128
103.9967      18.31806
104.0217      18.28664
104.0268      18.28025
104.0288      18.27656
104.027       18.27331
104.0274      18.27283
104.0512      18.23983
104.0618      18.22931
104.067       18.22114
104.0745      18.20395
104.0875      18.17989
104.0956      18.16511
104.1082      18.13414
104.1099      18.11825
104.1128      18.11233
104.1516      18.07325
104.1627      18.06008
104.1951      18.02183
104.2169      18.00203
104.2294      17.98719
104.2345      17.97592
104.2556      17.92922
104.2532      17.92775
104.2654      17.89325
104.2674      17.89289
104.2697      17.89542
104.273       17.88267
104.2821      17.86653
104.2912      17.8605
104.3198      17.84867
104.3245      17.84761
104.3419      17.84375
104.3577      17.83042
104.3668      17.82067
104.3728      17.81314
104.3903      17.78228
104.3989      17.77253
104.4023      17.76183
104.4061      17.75539
104.4205      17.73097
104.4392      17.71336
104.4728      17.66225
104.4772      17.65853
104.49        17.65033
104.5023      17.64239
104.5232      17.63303
104.5296      17.62925
104.5431      17.62133
104.5583      17.61711
104.5642      17.61317
104.5667      17.61183
104.5979      17.59506
104.6142      17.5902
104.6147      17.58567
104.6167      17.58383
104.6295      17.57828
104.6403      17.56794
104.6499      17.56358
104.6577      17.55636
104.6649      17.55497
104.6729      17.5512
104.6783      17.55086
104.6794      17.55275
104.6855      17.54789
104.6957      17.54314
104.7042      17.53522
104.7104      17.5285
104.7148      17.52183
104.7162      17.52053
104.7224      17.513
104.7258      17.51142
104.7304      17.50736
104.7322      17.50389
104.7336      17.49364
104.7336      17.49317
104.7376      17.48522
104.7382      17.48408
104.7431      17.47536
104.7477      17.47111
104.7551      17.46814
104.7606      17.46533
104.7678      17.45781
104.7685      17.45411
104.7572      17.46278
104.7555      17.45842
104.7597      17.45083
104.7608      17.44975
104.7722      17.44075
104.7739      17.44139
104.7734      17.4482
104.786       17.42519
104.7879      17.42272
104.7961      17.41195
104.7976      17.41
104.7994      17.40769
104.8046      17.40081
104.8109      17.38172
104.8119      17.37861
104.8114      17.36122
104.8109      17.34572
104.8142      17.33936
104.8111      17.33814
104.8133      17.323
104.8138      17.30411
104.8193      17.2975
104.8171      17.28078
104.8183      17.27442
104.8198      17.25403
104.8185      17.24886
104.8188      17.24583
104.8181      17.24106
104.8161      17.23917
104.8131      17.22678
104.8098      17.20647
104.8097      17.18717
104.8091      17.17995
104.8082      17.17556
104.801       17.14322
104.789       17.1207
104.7813      17.097
104.7634      17.05756
104.7494      17.02658
104.7454      17.01308
104.7459      16.97692
104.739       16.96347
104.7388      16.95095
104.7393      16.94375
104.7433      16.9465
104.745       16.94467
104.7426      16.93658
104.7439      16.924
104.7524      16.90928
104.7611      16.88339
104.7637      16.86981
104.7692      16.86183
104.7699      16.86061
104.7656      16.85745
104.7714      16.84639
104.7719      16.84289
104.7676      16.83475
104.7496      16.81117
104.7495      16.80969
104.7496      16.8055
104.7552      16.78222
104.7619      16.76708
104.7637      16.75975
104.7676      16.74375
104.7733      16.72681
104.7766      16.70539
104.774       16.69067
104.7686      16.67739
104.7577      16.65072
104.7568      16.64325
104.7548      16.63683
104.7544      16.6112
104.7459      16.57025
104.7459      16.57011
104.7448      16.56517
104.7459      16.55611
104.7483      16.55022
104.7497      16.54675
104.7517      16.54175
104.7557      16.52322
104.757       16.51997
104.7604      16.51486
104.7664      16.50964
104.7665      16.50958
104.7817      16.49664
104.7865      16.49239
104.812       16.479
104.8352      16.4722
104.8512      16.46503
104.8581      16.45997
104.861       16.45383
104.8618      16.44558
104.8836      16.39228
104.8865      16.38758
104.9076      16.35325
104.9131      16.34756
104.9673      16.31275
104.9795      16.30264
104.9891      16.29225
104.9957      16.27875
105           16.27258
105           16.25431
104.9956      16.25933
104.9843      16.27525
104.9679      16.28406
104.9631      16.28933
104.9601      16.30106
104.9515      16.31186
104.934       16.32394
104.932       16.32675
104.932       16.32681
104.9279      16.33253
104.9201      16.33775
104.9139      16.33847
104.9102      16.33806
104.8991      16.34897
104.8954      16.35247
104.8826      16.36439
104.8781      16.37422
104.8744      16.39
104.8744      16.39003
104.8716      16.40197
104.8695      16.40636
104.8558      16.43475
104.853       16.43856
104.8429      16.4525
104.7873      16.48186
104.7654      16.49925
104.7503      16.51383
104.744       16.51992
104.7376      16.53014
104.7346      16.54019
104.7325      16.56206
104.7354      16.57697
104.7395      16.62828
104.7409      16.63575
104.7593      16.67758
104.7616      16.69211
104.761       16.70261
104.7552      16.73495
104.7518      16.74583
104.7422      16.76322
104.7384      16.78075
104.7351      16.79594
104.7384      16.81481
104.7561      16.83931
104.7584      16.84533
104.7569      16.85439
104.7431      16.87792
104.7364      16.89267
104.7372      16.89556
104.7409      16.89233
104.7397      16.89914
104.7348      16.90028
104.7314      16.91758
104.7288      16.93322
104.7304      16.94447
104.731       16.94856
104.7301      16.96095
104.7331      16.97339
104.7271      17.00697
104.7286      17.01608
104.7331      17.02711
104.7406      17.03972
104.7558      17.06533
104.7658      17.08742
104.7887      17.13742
104.7951      17.155
104.8013      17.17217
104.8009      17.18642
104.804       17.20445
104.8044      17.22678
104.8074      17.24708
104.8057      17.27969
104.8091      17.30558
104.8025      17.3427
104.8033      17.35717
104.7984      17.38728
104.797       17.39633
104.7878      17.41372
104.7814      17.42233
104.7788      17.42597
104.756       17.44583
104.7408      17.4625
104.7265      17.49014
104.7195      17.50572
104.7072      17.51689
104.7038      17.52406
104.6999      17.52811
104.6585      17.55031
104.6193      17.57128
104.6074      17.57561
104.5917      17.58647
104.5747      17.59586
104.5696      17.59928
104.5682      17.60628
104.5596      17.60531
104.5523      17.60825
104.5479      17.61003
104.5401      17.61319
104.5054      17.63361
104.4869      17.63944
104.4687      17.65317
104.4658      17.64511
104.4651      17.64317
104.452       17.62886
104.4473      17.62628
104.4437      17.62672
104.4283      17.62858
104.4164      17.63394
104.4108      17.63322
104.4081      17.62983
104.4143      17.62067
104.4184      17.61145
104.4178      17.60028
104.4144      17.59753
104.4051      17.59714
104.4003      17.5995
104.3981      17.60153
104.3962      17.61058
104.394       17.61283
104.3963      17.6135
104.3998      17.61192
104.4022      17.60264
104.405       17.60083
104.4098      17.60053
104.4134      17.60225
104.4153      17.60642
104.4136      17.613
104.4042      17.62914
104.4062      17.63456
104.4098      17.63795
104.4136      17.63814
104.4158      17.63828
104.436       17.63145
104.4444      17.63097
104.4496      17.63294
104.4555      17.63761
104.4599      17.64411
104.4626      17.65108
104.4631      17.65245
104.4629      17.65614
104.4408      17.69147
104.4272      17.70825
104.4188      17.71856
104.4045      17.73086
104.3949      17.75797
104.374       17.78483
104.3593      17.81431
104.3551      17.81983
104.3443      17.82972
104.3363      17.83453
104.328       17.83747
104.3131      17.83922
104.3016      17.8425
104.2915      17.84686
104.2812      17.85636
104.275       17.86431
104.2659      17.88128
104.2628      17.88917
104.2543      17.91058
104.2468      17.92367
104.241       17.94236
104.2314      17.96594
104.2129      17.99742
104.2085      18.00228
104.2075      18.00286
104.1963      18.00925
104.1909      18.01431
104.1546      18.05739
104.1434      18.07058
104.1184      18.09508
104.1055      18.10989
104.0999      18.11908
104.0862      18.16656
104.0756      18.18681
104.0693      18.19453
104.0641      18.20703
104.0634      18.20808
104.0537      18.2252
104.0294      18.26147
104.0042      18.29525
103.9897      18.3127
103.9749      18.33058
103.971       18.33339
103.9627      18.3355
103.9514      18.33544
103.9372      18.33347
103.931       18.33125
103.9104      18.31489
103.9095      18.31442
103.8901      18.29478
103.8842      18.29197
103.8786      18.28933
103.8605      18.28167
103.8556      18.28156
103.8519      18.28356
103.8466      18.28922
103.8425      18.29697
103.8354      18.32039
103.8296      18.32792
103.8208      18.3335
103.7994      18.34067
103.7894      18.34042
103.7783      18.34225
103.7634      18.34189
103.7626      18.34083
103.7494      18.34178
103.7148      18.3397
103.7005      18.34103
103.6923      18.34539
103.6552      18.37283
103.6451      18.38164
103.636       18.38953
103.6336      18.38678
103.6173      18.39858
103.6053      18.40367
103.5821      18.40394
103.5738      18.40539
103.5404      18.42278
103.5279      18.42617
103.5271      18.42636
103.5197      18.42722
103.4869      18.42392
103.4766      18.42758
103.4614      18.42328
103.4286      18.44086
103.4146      18.44753
103.4093      18.44803
103.4038      18.44658
103.3915      18.44342
103.3664      18.4337
103.3533      18.43128
103.3284      18.43189
103.3247      18.43281
103.3139      18.43128
103.297       18.41597
103.2846      18.40819
103.2658      18.38578
103.2647      18.37872
103.252       18.36886
103.2503      18.36117
103.2528      18.35028
103.2555      18.3455
103.2567      18.34333
103.2789      18.33917
103.2859      18.33583
103.2979      18.32414
103.303       18.31167
103.3018      18.31122
103.301       18.30686
103.3017      18.2982
103.2957      18.29492
103.2721      18.28789
103.2523      18.28447
103.2322      18.27733
103.2222      18.27231
103.1934      18.26633
103.1891      18.26542
103.178       18.261
103.1646      18.24595
103.16        18.23775
103.1576      18.2255
103.1623      18.21072
103.1619      18.19728
103.1557      18.17761
103.1554      18.17725
103.1502      18.168
103.1444      18.16142
103.1116      18.14317
103.0967      18.13697
103.0905      18.13286
103.089       18.13117
103.0837      18.12497
103.0836      18.12433
103.0759      18.10847
103.0746      18.09333
103.0761      18.08636
103.0799      18.06908
103.0862      18.05539
103.0871      18.04756
103.0859      18.03472
103.0811      18.02278
103.0743      18.01308
103.054       17.98917
103.0359      17.97378
103.0269      17.97145
103.0181      17.97122
103.0111      17.97514
103.0028      17.98258
 1             6             2 
1
 -9999.0   ,   9990.0
   7
 12 
104.7363      16.99086
104.7363      16.99094
104.7375      17.0022
104.7436      17.03
104.742       17.03286
104.7333      17.01708
104.7333      17.01703
104.7327      17.01594
104.7315      17.00931
104.7343      16.98767
104.736       16.98895
104.7363      16.99086
 1             6             3 
1
 -9999.0   ,   9990.0
   7
 9 
104.9855      16.27919
104.9863      16.28147
104.9758      16.29492
104.9665      16.30261
104.9652      16.30033
104.9675      16.295
104.9727      16.28847
104.9809      16.28095
104.9855      16.27919
 1             6             4 
1
 -9999.0   ,   9990.0
   7
 8 
102.5385      17.96861
102.5469      17.96969
102.55        17.97206
102.5474      17.97406
102.5288      17.97411
102.5235      17.97147
102.5307      17.96836
102.5385      17.96861
 1             6             5 
1
 -9999.0   ,   9990.0
   7
 9 
104.8573      16.44656
104.8586      16.44822
104.8565      16.45336
104.848       16.46167
104.8439      16.46386
104.8384      16.46439
104.838       16.46231
104.8531      16.45145
104.8573      16.44656
 1             6             6 
1
 -9999.0   ,   9990.0
   7
 5 
103.7949      18.34717
103.7714      18.34911
103.7681      18.34614
103.7936      18.34528
103.7949      18.34717
 1             6             7 
1
 -9999.0   ,   9990.0
   7
 7 
101.4291      17.98436
101.4255      17.97753
101.4213      17.95975
101.4233      17.96156
101.4271      17.97344
101.4306      17.97975
101.4291      17.98436
 1             6             8 
1
 -9999.0   ,   9990.0
   7
 8 
104.6096      17.58325
104.6109      17.58456
104.6058      17.58922
104.5993      17.59136
104.5976      17.59347
104.5953      17.58981
104.6092      17.58286
104.6096      17.58325
 1             6             9 
1
 -9999.0   ,   9990.0
   7
 10 
104.7022      17.53325
104.6932      17.54122
104.6904      17.54186
104.6904      17.54186
104.6873      17.54256
104.6878      17.53989
104.6941      17.53503
104.7         17.53225
104.7022      17.53319
104.7022      17.53325
 1             6             10 
1
 -9999.0   ,   9990.0
   7
 7 
103.2492      18.33922
103.2509      18.34172
103.2471      18.35053
103.2443      18.35211
103.2431      18.34856
103.2454      18.342
103.2492      18.33922
 1             6             11 
1
 -9999.0   ,   9990.0
   7
 8 
101.8745      18.03172
101.8789      18.0277
101.8855      18.02589
101.8897      18.02695
101.89        18.02756
101.8905      18.02847
101.8799      18.032
101.8745      18.03172
 1             6             12 
1
 -9999.0   ,   9990.0
   7
 5 
103.5168      18.43128
103.5013      18.43442
103.4975      18.4335
103.5037      18.42889
103.5168      18.43128
 1             6             13 
1
 -9999.0   ,   9990.0
   7
 4 
104.8126      17.2575
104.8093      17.27253
104.8102      17.2585
104.8126      17.2575
 1 
 1             7             
1
 -9999.0   ,   9990.0
   7
 16 
104.9793      19.03131
104.9864      19.02792
104.9983      19.02561
105           19.02411
105           19.0177
104.9935      19.00817
104.994       19.00364
105           18.99417
105           18.98414
104.9982      18.98528
104.9929      18.99367
104.9885      19.00686
104.995       19.01833
104.9936      19.0212
104.9834      19.02497
104.9793      19.03131
 1 
 1             8             
1
 -9999.0   ,   9990.0
   7
 178 
102.5174      18.77206
102.5215      18.761
102.5265      18.75972
102.5302      18.753
102.5368      18.75031
102.5412      18.74961
102.5422      18.75089
102.5413      18.76036
102.5433      18.76353
102.5467      18.76508
102.5492      18.76331
102.5509      18.75797
102.5481      18.75106
102.5382      18.74061
102.5379      18.73606
102.5402      18.73261
102.5457      18.73031
102.5518      18.73089
102.5526      18.72719
102.5513      18.72508
102.5538      18.72308
102.5618      18.72394
102.5669      18.72647
102.5765      18.73122
102.5775      18.72733
102.5715      18.71183
102.5703      18.71083
102.5673      18.70839
102.5615      18.70697
102.5537      18.71294
102.55        18.71203
102.549       18.70972
102.5522      18.69203
102.5562      18.68447
102.5609      18.68047
102.5652      18.68745
102.5689      18.68695
102.5746      18.67986
102.5795      18.68083
102.5835      18.67703
102.5809      18.67281
102.5641      18.663
102.5618      18.65836
102.565       18.65433
102.5694      18.65383
102.5765      18.65303
102.5844      18.64603
102.5895      18.64742
102.5956      18.65897
102.5994      18.66281
102.6088      18.66725
102.6103      18.66997
102.6119      18.67872
102.6092      18.68856
102.6147      18.70611
102.6195      18.711
102.623       18.71172
102.6265      18.71017
102.6286      18.70342
102.6277      18.69739
102.6234      18.68992
102.621       18.68581
102.6221      18.68356
102.6248      18.68303
102.6314      18.68695
102.6349      18.68003
102.6396      18.68036
102.6443      18.67058
102.6439      18.66147
102.6417      18.65603
102.636       18.65089
102.6302      18.65069
102.6264      18.65308
102.6226      18.65028
102.6225      18.64717
102.6272      18.64214
102.627       18.63592
102.6284      18.63347
102.6338      18.63386
102.6378      18.62486
102.6415      18.62414
102.6425      18.62003
102.6443      18.61886
102.6472      18.62058
102.6483      18.62264
102.6507      18.62711
102.6534      18.64417
102.6742      18.64394
102.6794      18.64575
102.6909      18.65645
102.6944      18.65736
102.7027      18.65597
102.7163      18.67042
102.7183      18.68083
102.7209      18.68381
102.7353      18.68547
102.7393      18.68311
102.7364      18.67183
102.7388      18.66633
102.7371      18.66297
102.7258      18.65911
102.7207      18.65586
102.7012      18.62861
102.7001      18.62339
102.7013      18.61972
102.7117      18.61092
102.7201      18.60786
102.7226      18.604
102.7253      18.59372
102.7282      18.59217
102.7339      18.59253
102.7464      18.59331
102.7604      18.58647
102.7627      18.58428
102.7624      18.58014
102.7572      18.57439
102.7588      18.57092
102.7781      18.55783
102.7842      18.55636
102.7924      18.55081
102.8177      18.55172
102.8206      18.54892
102.8203      18.54664
102.8056      18.5365
102.7777      18.52844
102.7674      18.52731
102.7389      18.52875
102.7277      18.52678
102.7099      18.52025
102.6961      18.51286
102.6948      18.51217
102.6773      18.50997
102.6755      18.5062
102.6774      18.50006
102.6752      18.49667
102.6721      18.49617
102.6658      18.49889
102.6593      18.49931
102.6563      18.49611
102.6635      18.48828
102.6748      18.48281
102.681       18.47678
102.6816      18.47164
102.6795      18.47033
102.6549      18.44167
102.6502      18.43883
102.6452      18.43889
102.641       18.44106
102.6388      18.44386
102.6318      18.45256
102.6019      18.47733
102.5907      18.48319
102.5835      18.49103
102.5716      18.50889
102.5631      18.5165
102.555       18.53258
102.5512      18.53578
102.5513      18.54281
102.5521      18.58133
102.5502      18.59886
102.5442      18.61461
102.5331      18.62895
102.5305      18.6355
102.5331      18.64945
102.5304      18.66364
102.5296      18.66794
102.5239      18.6775
102.5151      18.68531
102.5229      18.69939
102.5158      18.71678
102.5184      18.72431
102.5127      18.73778
102.5151      18.74322
102.5096      18.75381
102.508       18.76225
102.5084      18.76828
102.5113      18.77167
102.5174      18.77206
 1 
 1             9             
1
 -9999.0   ,   9990.0
   7
 10 
100.7576      18.59695
100.7527      18.60353
100.7526      18.60628
100.7553      18.61011
100.7578      18.6105
100.7613      18.60972
100.7564      18.60481
100.757       18.60181
100.762       18.59936
100.7576      18.59695
 1 
 1             10            
1
 -9999.0   ,   9990.0
   7
 35 
102.513       18.52967
102.5118      18.51678
102.5146      18.51194
102.5147      18.51181
102.5262      18.49261
102.5311      18.47914
102.5341      18.47114
102.5425      18.43353
102.5434      18.42417
102.5443      18.41433
102.5497      18.40003
102.5459      18.38936
102.5369      18.37606
102.5393      18.37428
102.5491      18.37933
102.5534      18.38008
102.5424      18.37167
102.536       18.37064
102.5331      18.37386
102.541       18.38817
102.5421      18.39422
102.5384      18.42017
102.5397      18.426
102.5395      18.42736
102.5374      18.43875
102.5319      18.45328
102.5312      18.46608
102.5274      18.47506
102.5256      18.48411
102.5123      18.50853
102.5121      18.50894
102.512       18.5092
102.5084      18.51958
102.5132      18.53256
102.513       18.52967
 1 
 1             11            
1
 -9999.0   ,   9990.0
   7
 5 
102.6016      18.42125
102.6009      18.42372
102.6023      18.42603
102.6057      18.42242
102.6016      18.42125
 1 
 1             12            
1
 -9999.0   ,   9990.0
   7
 8 
102.4583      18.38895
102.4511      18.39431
102.4513      18.40392
102.4529      18.40495
102.4542      18.39917
102.4623      18.39094
102.4617      18.38928
102.4583      18.38895
 1 
 1             13            
1
 -9999.0   ,   9990.0
   7
 8 
103.6746      18.30606
103.6734      18.30728
103.6758      18.3092
103.6858      18.31481
103.6888      18.31489
103.6893      18.31325
103.6806      18.30786
103.6746      18.30606
 1 
 1             14            
1
 -9999.0   ,   9990.0
   7
 8 
103.359       18.23122
103.3609      18.21967
103.3634      18.21395
103.3624      18.21145
103.3602      18.21181
103.3551      18.21706
103.3567      18.23011
103.359       18.23122
 1 
 1             15            
1
 -9999.0   ,   9990.0
   7
 9 
103.7548      18.19817
103.7518      18.19869
103.748       18.20275
103.7484      18.20544
103.752       18.20575
103.7534      18.2095
103.7565      18.20997
103.759       18.20528
103.7548      18.19817
 1 
 1             16            
1
 -9999.0   ,   9990.0
   7
 10 
103.018       18.13686
103.0124      18.14292
103.0155      18.16119
103.0184      18.16606
103.0216      18.16656
103.0226      18.15478
103.0206      18.14872
103.0216      18.14628
103.0195      18.13711
103.018       18.13686
 1 
 1             17            
1
 -9999.0   ,   9990.0
   7
 242 
100.6891      18.04911
100.7446      18.07975
100.7571      18.08975
100.7789      18.11328
100.7904      18.12758
100.8002      18.13981
100.8053      18.14036
100.7964      18.12658
100.7959      18.12553
100.7887      18.1105
100.7578      18.08125
100.7443      18.06528
100.7244      18.04953
100.7064      18.04242
100.7024      18.04036
100.6745      18.02606
100.6612      18.02275
100.6446      18.02181
100.6037      18.02567
100.5858      18.02269
100.5751      18.02231
100.5678      18.02203
100.5595      18.01856
100.5482      18.00831
100.5413      17.99422
100.5442      17.97739
100.5403      17.96828
100.5304      17.95914
100.5254      17.96661
100.5213      17.96717
100.5166      17.96339
100.5144      17.95931
100.516       17.95628
100.5263      17.94889
100.5269      17.94792
100.5279      17.94633
100.5278      17.94219
100.5239      17.93886
100.5131      17.93983
100.5085      17.93881
100.5031      17.93433
100.5013      17.92842
100.5047      17.92189
100.5048      17.91775
100.5008      17.91464
100.5019      17.90289
100.5014      17.89922
100.4972      17.89497
100.4952      17.87528
100.4957      17.86767
100.5011      17.85489
100.5074      17.85036
100.5083      17.85022
100.5129      17.84953
100.5261      17.85147
100.5351      17.84711
100.5418      17.84647
100.5496      17.84947
100.5621      17.86064
100.602       17.90417
100.6081      17.90836
100.6117      17.90803
100.6076      17.89895
100.5735      17.85414
100.5686      17.84483
100.5695      17.84047
100.5737      17.83783
100.58        17.83972
100.5896      17.84681
100.5956      17.84942
100.5987      17.84681
100.5993      17.84311
100.5942      17.83453
100.5958      17.83172
100.6027      17.8297
100.6039      17.82806
100.6031      17.82556
100.5961      17.82275
100.5911      17.81875
100.5864      17.81222
100.58        17.79767
100.5752      17.79136
100.5646      17.7882
100.5578      17.78403
100.5553      17.77972
100.5563      17.77511
100.569       17.75867
100.5638      17.75261
100.5612      17.75292
100.5469      17.76375
100.5424      17.7672
100.5372      17.76917
100.531       17.76911
100.5235      17.76722
100.494       17.75214
100.4849      17.75031
100.4804      17.75272
100.4796      17.75478
100.4786      17.75714
100.4785      17.76842
100.4682      17.77947
100.4653      17.78736
100.4673      17.79053
100.4726      17.79017
100.4791      17.78483
100.4799      17.78422
100.4856      17.77489
100.4894      17.77317
100.4962      17.776
100.499       17.78075
100.4996      17.786
100.4959      17.79117
100.4897      17.79383
100.4799      17.801
100.476       17.80822
100.4799      17.81042
100.4828      17.80989
100.4961      17.79828
100.4998      17.80186
100.5026      17.80914
100.5068      17.8127
100.5039      17.82058
100.4979      17.82672
100.4973      17.82639
100.4947      17.82472
100.4885      17.82581
100.4848      17.82292
100.48        17.82236
100.4786      17.82539
100.4697      17.82308
100.4679      17.82681
100.4717      17.83475
100.4714      17.84006
100.468       17.84081
100.4563      17.83239
100.4522      17.83089
100.4429      17.83228
100.4373      17.83058
100.4094      17.81131
100.4046      17.81211
100.4012      17.81439
100.3752      17.83172
100.3724      17.835
100.3917      17.8545
100.3967      17.86125
100.4031      17.87489
100.4072      17.87708
100.4113      17.8765
100.416       17.87364
100.4255      17.86306
100.4286      17.8625
100.4345      17.86764
100.4327      17.87039
100.4265      17.87981
100.424       17.88653
100.4256      17.89086
100.4292      17.891
100.4316      17.89275
100.4277      17.89906
100.429       17.90203
100.4319      17.904
100.4447      17.89611
100.4508      17.90031
100.4518      17.90397
100.4501      17.9102
100.4452      17.91539
100.4361      17.91447
100.4293      17.9197
100.4238      17.92053
100.4102      17.91536
100.4052      17.91595
100.404       17.9185
100.4036      17.92128
100.413       17.92956
100.4161      17.93706
100.4198      17.94064
100.4241      17.94189
100.4289      17.94086
100.4352      17.93333
100.4394      17.93208
100.4451      17.93561
100.4523      17.93519
100.4541      17.93217
100.4542      17.92711
100.4726      17.93353
100.477       17.93778
100.4736      17.94269
100.4646      17.94706
100.4601      17.95108
100.462       17.95608
100.4638      17.95636
100.4658      17.95667
100.4759      17.94883
100.4823      17.94636
100.4848      17.94997
100.4833      17.95347
100.4712      17.96044
100.4675      17.96536
100.4684      17.96969
100.4724      17.96936
100.4859      17.96328
100.4755      17.97642
100.478       17.97956
100.4818      17.97786
100.4883      17.97056
100.493       17.96747
100.494       17.9695
100.4916      17.97761
100.4879      17.98069
100.4841      17.98378
100.4832      17.98633
100.4843      17.98997
100.4872      17.99242
100.4921      17.99275
100.4992      17.99211
100.5063      17.98825
100.5149      17.98711
100.5214      17.98831
100.5279      17.99411
100.5325      18.00525
100.5377      18.01178
100.5473      18.01911
100.5474      18.02256
100.5451      18.02653
100.5416      18.02844
100.5258      18.02933
100.5226      18.03495
100.5236      18.03836
100.5261      18.04036
100.5314      18.04114
100.5436      18.03989
100.5529      18.03689
100.5636      18.03736
100.5759      18.03789
100.5856      18.03969
100.6002      18.04644
100.6238      18.04881
100.63        18.04703
100.647       18.03831
100.6556      18.03806
100.6704      18.04156
100.6891      18.04911
 1 
 1             18            
1
 -9999.0   ,   9990.0
   7
 10 
102.9802      18.12114
102.9826      18.11914
102.9884      18.11578
102.9902      18.11294
102.9865      18.11181
102.9806      18.10914
102.9779      18.11031
102.9761      18.11461
102.9768      18.11795
102.9802      18.12114
 1 
 1             19            
1
 -9999.0   ,   9990.0
   7
 12 
104.0222      18.02703
104.0273      18.02236
104.0437      17.99442
104.0458      17.98183
104.0426      17.96853
104.0454      17.96095
104.0428      17.95986
104.0398      17.96103
104.035       17.9692
104.0297      17.98561
104.0163      18.01056
104.0222      18.02703
 1 
 1             20            
1
 -9999.0   ,   9990.0
   7
 6 
102.686       18.00242
102.6789      18.01317
102.6821      18.01389
102.6853      18.01108
102.6873      18.007
102.686       18.00242
 1 
 1             21            
1
 -9999.0   ,   9990.0
   7
 6 
102.8731      17.95989
102.8754      17.96697
102.878       17.96831
102.8856      17.96811
102.8848      17.96558
102.8731      17.95989
 1 
 1             22            
1
 -9999.0   ,   9990.0
   7
 8 
102.5512      17.951
102.5572      17.95242
102.5579      17.95017
102.5507      17.93878
102.5479      17.93786
102.5454      17.9442
102.5478      17.94903
102.5512      17.951
 1 
 1             23            
1
 -9999.0   ,   9990.0
   7
 11 
102.5918      17.90383
102.5956      17.90664
102.5998      17.90986
102.6031      17.91039
102.6038      17.90731
102.5996      17.90303
102.5956      17.90003
102.5938      17.89728
102.5912      17.89658
102.5904      17.90047
102.5918      17.90383
 1 
 1             24            
1
 -9999.0   ,   9990.0
   7
 9 
102.6996      17.83633
102.6968      17.83708
102.7031      17.84947
102.7171      17.86372
102.7199      17.86194
102.7164      17.85586
102.7079      17.84692
102.7055      17.84022
102.6996      17.83633
 1 
 1             25            
1
 -9999.0   ,   9990.0
   7
 8 
102.8028      17.85383
102.7979      17.85825
102.791       17.85886
102.7875      17.86103
102.7972      17.86278
102.8015      17.86125
102.8097      17.85547
102.8028      17.85383
 1 
 1             26            
1
 -9999.0   ,   9990.0
   7
 7 
102.6942      17.85128
102.6911      17.85117
102.6917      17.85347
102.6988      17.86133
102.7018      17.86225
102.7031      17.86042
102.6942      17.85128
 1 
 1             27            
1
 -9999.0   ,   9990.0
   7
 15 
102.7273      17.81295
102.7193      17.82222
102.7149      17.8252
102.7165      17.82731
102.7136      17.83033
102.7128      17.83589
102.7153      17.84486
102.7232      17.85461
102.7273      17.85575
102.7247      17.84142
102.7253      17.83481
102.7319      17.82672
102.7338      17.821
102.7318      17.81536
102.7273      17.81295
 1 
 1             28            
1
 -9999.0   ,   9990.0
   7
 8 
102.6677      17.81678
102.6658      17.82003
102.6668      17.82317
102.6729      17.82767
102.6755      17.82733
102.6764      17.82508
102.6747      17.82028
102.6677      17.81678
 1 
 1             29            
1
 -9999.0   ,   9990.0
   7
 7 
102.4126      17.80628
102.4113      17.80997
102.4137      17.81728
102.4164      17.8182
102.4183      17.81475
102.4151      17.80781
102.4126      17.80628
 1 
 1             30            
1
 -9999.0   ,   9990.0
   7
 7 
104.0498      17.78736
104.0468      17.7875
104.0472      17.78875
104.0522      17.79422
104.0558      17.79617
104.0583      17.79497
104.0498      17.78736
 1 
 1             31            
1
 -9999.0   ,   9990.0
   7
 6 
104.1596      17.78745
104.1564      17.7847
104.1507      17.7885
104.1518      17.79039
104.1563      17.79047
104.1596      17.78745
 1 
 1             32            
1
 -9999.0   ,   9990.0
   7
 6 
104.1359      17.75903
104.1262      17.76586
104.1255      17.76936
104.1287      17.77067
104.1363      17.76192
104.1359      17.75903
 1 
 1             33            
1
 -9999.0   ,   9990.0
   7
 8 
102.8542      17.71781
102.8491      17.72178
102.8505      17.72472
102.8626      17.73128
102.8669      17.73222
102.8664      17.72725
102.8595      17.72064
102.8542      17.71781
 1 
 1             34            
1
 -9999.0   ,   9990.0
   7
 8 
104.2153      17.708
104.2093      17.71075
104.2092      17.7122
104.2133      17.7125
104.2197      17.71553
104.221       17.71308
104.2196      17.70972
104.2153      17.708
 1 
 1             35            
1
 -9999.0   ,   9990.0
   7
 7 
104.3722      17.69383
104.37        17.69503
104.3663      17.70386
104.3667      17.70592
104.3691      17.70578
104.3747      17.69575
104.3722      17.69383
 1 
 1             36            
1
 -9999.0   ,   9990.0
   7
 11 
104.3914      17.61619
104.3894      17.61589
104.3881      17.61767
104.3861      17.62733
104.3783      17.64247
104.3771      17.64803
104.3785      17.65139
104.3811      17.65247
104.3814      17.64358
104.3891      17.63031
104.3914      17.61619
 1 
 1             37            
1
 -9999.0   ,   9990.0
   7
 6 
103.084       17.64775
103.0848      17.64425
103.0804      17.64475
103.0769      17.64797
103.0796      17.6497
103.084       17.64775
 1 
 1             38            
1
 -9999.0   ,   9990.0
   7
 9 
104.1479      17.64206
104.1508      17.64606
104.1509      17.64653
104.151       17.64956
104.154       17.64881
104.156       17.64703
104.163       17.64094
104.1521      17.63989
104.1479      17.64206
 1 
 1             39            
1
 -9999.0   ,   9990.0
   7
 8 
103.4453      17.61303
103.4403      17.62428
103.4366      17.62378
103.4361      17.63594
103.442       17.63239
103.4458      17.62731
103.4487      17.61519
103.4453      17.61303
 1 
 1             40            
1
 -9999.0   ,   9990.0
   7
 6 
104.1867      17.61622
104.1849      17.61578
104.1825      17.61758
104.1776      17.62594
104.1802      17.62619
104.1867      17.61622
 1 
 1             41            
1
 -9999.0   ,   9990.0
   7
 9 
103.5381      17.58372
103.5357      17.58636
103.539       17.59181
103.5432      17.59625
103.5465      17.59511
103.5477      17.59058
103.5467      17.58747
103.5429      17.58428
103.5381      17.58372
 1 
 1             42            
1
 -9999.0   ,   9990.0
   7
 12 
102.7555      17.58175
102.7592      17.58125
102.7637      17.57517
102.7676      17.5757
102.7764      17.56789
102.7765      17.56583
102.7719      17.56653
102.7649      17.56342
102.7578      17.56322
102.7567      17.56567
102.7591      17.57214
102.7555      17.58175
 1 
 1             43            
1
 -9999.0   ,   9990.0
   7
 10 
104.0515      17.52131
104.0459      17.52161
104.0408      17.52645
104.0388      17.53158
104.04        17.53306
104.0426      17.53247
104.0447      17.52778
104.0551      17.52553
104.0559      17.52347
104.0515      17.52131
 1 
 1             44            
1
 -9999.0   ,   9990.0
   7
 13 
103.1988      17.51378
103.1998      17.5125
103.2034      17.50789
103.2021      17.50228
103.1941      17.48864
103.1911      17.48792
103.1887      17.48992
103.1863      17.4967
103.1872      17.5025
103.1898      17.5092
103.1906      17.50989
103.1932      17.51217
103.1988      17.51378
 1 
 1             45            
1
 -9999.0   ,   9990.0
   7
 8 
103.2713      17.46256
103.2692      17.46831
103.2651      17.46944
103.2639      17.47125
103.2645      17.47375
103.2667      17.47381
103.2763      17.46767
103.2713      17.46256
 1 
 1             46            
1
 -9999.0   ,   9990.0
   7
 7 
102.809       17.46608
102.807       17.46767
102.8097      17.47086
102.8156      17.4735
102.8208      17.47367
102.8156      17.46856
102.809       17.46608
 1 
 1             47            
1
 -9999.0   ,   9990.0
   7
 11 
100.2079      17.46361
100.2099      17.4607
100.2075      17.45892
100.2036      17.45903
100.2008      17.45908
100.1996      17.46186
100.2004      17.4715
100.203       17.47258
100.2038      17.46611
100.2074      17.46442
100.2079      17.46361
 1 
 1             48            
1
 -9999.0   ,   9990.0
   7
 7 
102.7116      17.462
102.7096      17.46317
102.718       17.46839
102.7232      17.46978
102.7241      17.46814
102.7212      17.46475
102.7116      17.462
 1 
 1             49            
1
 -9999.0   ,   9990.0
   7
 9 
102.7753      17.45456
102.7588      17.45447
102.7546      17.45747
102.756       17.45978
102.7621      17.46306
102.7696      17.46514
102.7731      17.46897
102.7765      17.46369
102.7753      17.45456
 1 
 1             50            
1
 -9999.0   ,   9990.0
   7
 6 
104.1359      17.45925
104.1334      17.4617
104.1342      17.46356
104.1462      17.4665
104.1471      17.46489
104.1359      17.45925
 1 
 1             51            
1
 -9999.0   ,   9990.0
   7
 15 
100.1113      17.42197
100.109       17.42431
100.1072      17.43239
100.109       17.43625
100.1121      17.43686
100.1211      17.43
100.125       17.42461
100.1235      17.42258
100.1214      17.42311
100.1139      17.43222
100.1113      17.43322
100.1106      17.43095
100.1142      17.42442
100.1134      17.42214
100.1113      17.42197
 1 
 1             52            
1
 -9999.0   ,   9990.0
   7
 6 
103.7104      17.42295
103.7091      17.42458
103.7147      17.43111
103.7198      17.42525
103.7186      17.42356
103.7104      17.42295
 1 
 1             53            
1
 -9999.0   ,   9990.0
   7
 8 
103.7869      17.40989
103.7828      17.4135
103.7797      17.42211
103.7794      17.42686
103.7813      17.42897
103.7835      17.42819
103.7879      17.413
103.7869      17.40989
 1 
 1             54            
1
 -9999.0   ,   9990.0
   7
 8 
103.7768      17.40964
103.7723      17.41967
103.7685      17.42414
103.7699      17.42645
103.7739      17.42383
103.7759      17.41956
103.7779      17.41092
103.7768      17.40964
 1 
 1             55            
1
 -9999.0   ,   9990.0
   7
 15 
104.2175      17.41758
104.2198      17.41122
104.2226      17.41006
104.2302      17.41103
104.2311      17.40836
104.23        17.4067
104.2228      17.40467
104.2205      17.39986
104.2216      17.39267
104.2196      17.39158
104.2172      17.40289
104.2146      17.40469
104.2127      17.41169
104.2139      17.41503
104.2175      17.41758
 1 
 1             56            
1
 -9999.0   ,   9990.0
   7
 19 
100.0704      17.37653
100.0688      17.37283
100.0679      17.37086
100.0652      17.36956
100.0619      17.36961
100.0598      17.36967
100.0537      17.36981
100.0499      17.3715
100.0496      17.37567
100.0528      17.37903
100.0557      17.38861
100.0624      17.39992
100.065       17.39964
100.0671      17.39522
100.0704      17.394
100.0761      17.38192
100.0747      17.37928
100.0743      17.37853
100.0704      17.37653
 1 
 1             57            
1
 -9999.0   ,   9990.0
   7
 12 
104.7544      17.36292
104.7486      17.36281
104.7421      17.36642
104.7392      17.37092
104.7398      17.37464
104.7434      17.37717
104.7487      17.37728
104.755       17.37614
104.7594      17.37292
104.7603      17.36942
104.7591      17.36672
104.7544      17.36292
 1 
 1             58            
1
 -9999.0   ,   9990.0
   7
 6 
102.898       17.36714
102.8959      17.37058
102.8956      17.37533
102.8998      17.37195
102.8996      17.36842
102.898       17.36714
 1 
 1             59            
1
 -9999.0   ,   9990.0
   7
 7 
100.4712      17.36222
100.466       17.36511
100.4621      17.36958
100.4634      17.373
100.4713      17.36681
100.4729      17.36447
100.4712      17.36222
 1 
 1             60            
1
 -9999.0   ,   9990.0
   7
 6 
103.5583      17.36572
103.5558      17.36378
103.5498      17.36345
103.5514      17.36678
103.5554      17.3675
103.5583      17.36572
 1 
 1             61            
1
 -9999.0   ,   9990.0
   7
 9 
100.0974      17.35753
100.0946      17.36036
100.0949      17.36264
100.098       17.36095
100.0997      17.36528
100.1017      17.36614
100.103       17.36244
100.1015      17.35833
100.0974      17.35753
 1 
 1             62            
1
 -9999.0   ,   9990.0
   7
 8 
103.7768      17.35322
103.7647      17.355
103.7639      17.35786
103.7686      17.36108
103.7888      17.36383
103.7896      17.36219
103.7886      17.36092
103.7768      17.35322
 1 
 1             63            
1
 -9999.0   ,   9990.0
   7
 17 
102.5915      17.3182
102.5888      17.31522
102.5843      17.31428
102.5799      17.31764
102.5753      17.32681
102.5722      17.33075
102.5676      17.3365
102.5674      17.34911
102.5662      17.35278
102.5646      17.3577
102.5684      17.35869
102.5733      17.36003
102.5829      17.36345
102.5879      17.35303
102.5917      17.33764
102.5915      17.32142
102.5915      17.3182
 1 
 1             64            
1
 -9999.0   ,   9990.0
   7
 8 
104.7018      17.35017
104.6966      17.3507
104.6944      17.35336
104.6947      17.35645
104.7055      17.35519
104.7077      17.35358
104.7066      17.35172
104.7018      17.35017
 1 
 1             65            
1
 -9999.0   ,   9990.0
   7
 8 
104.5892      17.34045
104.5856      17.34058
104.5779      17.34561
104.5836      17.35522
104.5857      17.35547
104.5878      17.34828
104.593       17.34383
104.5892      17.34045
 1 
 1             66            
1
 -9999.0   ,   9990.0
   7
 6 
103.818       17.32317
103.8142      17.32844
103.816       17.332
103.8207      17.33378
103.8223      17.33072
103.818       17.32317
 1 
 1             67            
1
 -9999.0   ,   9990.0
   7
 35 
103.7598      17.20936
103.7584      17.20767
103.7545      17.20717
103.7448      17.20983
103.7358      17.20961
103.7194      17.22017
103.715       17.22422
103.7019      17.24664
103.6994      17.25175
103.6986      17.25894
103.6998      17.26375
103.7042      17.26633
103.7139      17.26614
103.7173      17.26683
103.7194      17.26897
103.7218      17.27708
103.7208      17.28153
103.7203      17.28367
103.7279      17.29831
103.7282      17.30886
103.7326      17.31247
103.7552      17.31425
103.756       17.31592
103.7601      17.3125
103.7615      17.31131
103.7644      17.30619
103.7643      17.30311
103.7398      17.27978
103.7373      17.27475
103.7365      17.26461
103.7326      17.24839
103.7344      17.24411
103.7555      17.22744
103.7605      17.21578
103.7598      17.20936
 3 
 1             68            
1
 -9999.0   ,   9990.0
   7
 91 
104.1459      17.24039
104.1479      17.24061
104.1493      17.24356
104.1553      17.24408
104.1585      17.24645
104.1606      17.25825
104.1621      17.25828
104.1641      17.254
104.1625      17.24817
104.1645      17.24553
104.1711      17.24939
104.1838      17.24986
104.1892      17.24811
104.1931      17.24469
104.193       17.24097
104.1891      17.23467
104.1906      17.23264
104.1962      17.23256
104.2064      17.23669
104.2133      17.23789
104.2127      17.23414
104.2135      17.23425
104.2164      17.23464
104.2169      17.23197
104.2117      17.22256
104.2106      17.21592
104.212       17.2085
104.2242      17.18561
104.2329      17.17814
104.2451      17.18067
104.2456      17.17925
104.2404      17.17045
104.2411      17.16778
104.2506      17.15889
104.2529      17.1515
104.2562      17.14764
104.2635      17.1482
104.2707      17.14153
104.2674      17.13878
104.2616      17.13822
104.2599      17.13675
104.2619      17.13245
104.2587      17.13197
104.2523      17.13764
104.248       17.13858
104.2434      17.14531
104.2425      17.14775
104.2475      17.15242
104.2446      17.15545
104.2416      17.15436
104.2306      17.16528
104.2183      17.16958
104.2177      17.16686
104.2242      17.15792
104.2263      17.1497
104.2283      17.14808
104.2263      17.14125
104.2259      17.13978
104.2218      17.14072
104.2147      17.13125
104.2098      17.13756
104.2041      17.14117
104.1996      17.1417
104.1948      17.14489
104.1925      17.14339
104.1915      17.13944
104.1976      17.11831
104.2033      17.11345
104.2018      17.11156
104.1984      17.11253
104.1946      17.11575
104.1907      17.1287
104.1871      17.13545
104.1855      17.148
104.1858      17.16167
104.1809      17.15886
104.1768      17.16083
104.1659      17.16889
104.166       17.17364
104.1643      17.17483
104.1577      17.17222
104.1506      17.17828
104.1443      17.18144
104.1427      17.18594
104.1403      17.18797
104.1413      17.18986
104.1488      17.19289
104.1592      17.20758
104.152       17.22314
104.1426      17.23597
104.1459      17.24039
 1             68            2 
1
 -9999.0   ,   9990.0
   7
 9 
104.1934      17.17981
104.1944      17.18064
104.1908      17.1907
104.1892      17.19108
104.1833      17.18558
104.1854      17.18003
104.189       17.18239
104.1914      17.17975
104.1934      17.17981
 1             68            3 
1
 -9999.0   ,   9990.0
   7
 7 
104.1638      17.19653
104.1725      17.20083
104.1709      17.20289
104.1656      17.20111
104.1601      17.19789
104.1601      17.19644
104.1638      17.19653
 1 
 1             69            
1
 -9999.0   ,   9990.0
   7
 29 
103.0606      17.19764
103.0569      17.19217
103.0551      17.18633
103.0554      17.17722
103.0488      17.17045
103.0369      17.15089
103.0329      17.1485
103.0281      17.14981
103.0241      17.15281
103.0298      17.15895
103.0321      17.16728
103.0278      17.18142
103.0281      17.18433
103.0351      17.19589
103.0397      17.19994
103.0403      17.2045
103.0416      17.21508
103.0465      17.21925
103.0481      17.22064
103.0491      17.22397
103.0518      17.22447
103.0562      17.21633
103.0665      17.21661
103.0707      17.21342
103.0705      17.21239
103.0674      17.21236
103.0595      17.21228
103.0573      17.20911
103.0606      17.19764
 1 
 1             70            
1
 -9999.0   ,   9990.0
   7
 8 
103.949       17.20795
103.9466      17.21036
103.9469      17.2145
103.9483      17.22033
103.9517      17.22103
103.9528      17.21856
103.9515      17.2107
103.949       17.20795
 1 
 1             71            
1
 -9999.0   ,   9990.0
   7
 7 
104.0293      17.21056
104.0284      17.21364
104.0295      17.22028
104.0314      17.22072
104.0345      17.21914
104.0351      17.21172
104.0293      17.21056
 1 
 1             72            
1
 -9999.0   ,   9990.0
   7
 8 
100.1386      17.21322
100.1352      17.21286
100.1308      17.20928
100.1237      17.21153
100.1226      17.21475
100.1263      17.21994
100.1366      17.22017
100.1386      17.21322
 1 
 1             73            
1
 -9999.0   ,   9990.0
   7
 8 
104.8189      17.21836
104.8194      17.21361
104.8152      17.19844
104.8137      17.19781
104.813       17.20317
104.8143      17.21103
104.8174      17.21792
104.8189      17.21836
 1 
 1             74            
1
 -9999.0   ,   9990.0
   7
 8 
100.1831      17.18919
100.1804      17.20603
100.1784      17.21067
100.1809      17.21703
100.1836      17.21789
100.19        17.20717
100.1925      17.19425
100.1831      17.18919
 1 
 1             75            
1
 -9999.0   ,   9990.0
   7
 13 
100.1356      17.166
100.1318      17.17228
100.1216      17.1762
100.1188      17.18017
100.1194      17.18406
100.1178      17.18664
100.1188      17.18958
100.131       17.19067
100.1324      17.18811
100.136       17.18733
100.139       17.18475
100.1406      17.17322
100.1356      17.166
 1 
 1             76            
1
 -9999.0   ,   9990.0
   7
 12 
104.3232      17.17628
104.3254      17.17406
104.3255      17.17178
104.3218      17.16158
104.3179      17.15489
104.3134      17.15481
104.3107      17.15825
104.3126      17.16283
104.3105      17.16778
104.3122      17.16925
104.3176      17.16872
104.3232      17.17628
 1 
 1             77            
1
 -9999.0   ,   9990.0
   7
 9 
104.2797      17.15495
104.2785      17.15761
104.2828      17.167
104.2843      17.16889
104.286       17.16725
104.2868      17.16272
104.2854      17.15794
104.2806      17.1535
104.2797      17.15495
 1 
 1             78            
1
 -9999.0   ,   9990.0
   7
 7 
100.1169      17.14347
100.1118      17.15853
100.1126      17.1622
100.1143      17.16306
100.1201      17.14892
100.1186      17.14389
100.1169      17.14347
 1 
 1             79            
1
 -9999.0   ,   9990.0
   7
 6 
104.7835      17.13939
104.782       17.14061
104.7828      17.14353
104.7886      17.15458
104.791       17.15297
104.7835      17.13939
 1 
 1             80            
1
 -9999.0   ,   9990.0
   7
 7 
104.3202      17.11961
104.318       17.12267
104.3183      17.12845
104.3225      17.13267
104.3257      17.13253
104.3266      17.12944
104.3202      17.11961
 1 
 1             81            
1
 -9999.0   ,   9990.0
   7
 12 
103.0288      17.07853
103.0326      17.09289
103.0316      17.0972
103.0232      17.11225
103.019       17.11608
103.0189      17.11939
103.0229      17.1182
103.0259      17.11731
103.0361      17.09194
103.0341      17.08611
103.0356      17.08139
103.0288      17.07853
 1 
 1             82            
1
 -9999.0   ,   9990.0
   7
 8 
102.9366      17.0997
102.9338      17.10025
102.9324      17.10247
102.9309      17.11111
102.9331      17.1147
102.936       17.11228
102.9381      17.10222
102.9366      17.0997
 1 
 1             83            
1
 -9999.0   ,   9990.0
   7
 8 
100.2333      17.05775
100.231       17.05917
100.2298      17.05992
100.2294      17.06703
100.2313      17.06911
100.2351      17.07356
100.2362      17.07053
100.2333      17.05775
 1 
 1             84            
1
 -9999.0   ,   9990.0
   7
 6 
103.0326      17.05072
103.0283      17.0535
103.027       17.058
103.0301      17.05747
103.033       17.05342
103.0326      17.05072
 1 
 1             85            
1
 -9999.0   ,   9990.0
   7
 9 
103.0528      17.03786
103.0506      17.03842
103.0494      17.04147
103.041       17.04392
103.0376      17.04858
103.0408      17.05136
103.0521      17.04714
103.0541      17.04283
103.0528      17.03786
 1 
 1             86            
1
 -9999.0   ,   9990.0
   7
 10 
100.3335      17.01531
100.3287      17.02208
100.3292      17.03103
100.3328      17.0337
100.3361      17.04233
100.3424      17.04422
100.3428      17.03894
100.3396      17.0372
100.3404      17.03258
100.3335      17.01531
 1 
 1             87            
1
 -9999.0   ,   9990.0
   7
 8 
100.0613      17.01531
100.0602      17.0197
100.0628      17.02558
100.0656      17.02256
100.0706      17.02586
100.0728      17.02514
100.0671      17.01722
100.0613      17.01531
 1 
 1             88            
1
 -9999.0   ,   9990.0
   7
 6 
103.0518      17.01881
103.0492      17.01997
103.0511      17.0225
103.0534      17.02278
103.0558      17.02097
103.0518      17.01881
 1 
 1             89            
1
 -9999.0   ,   9990.0
   7
 7 
104.8652      16.98708
104.8679      17.00492
104.8698      17.00536
104.8713      16.99814
104.8699      16.99172
104.8676      16.98775
104.8652      16.98708
 1 
 1             90            
1
 -9999.0   ,   9990.0
   7
 35 
103.9763      16.96986
103.9818      16.96461
103.9703      16.96125
103.9657      16.95825
103.9598      16.95131
103.9566      16.95039
103.9525      16.94411
103.9495      16.94653
103.9474      16.94111
103.9433      16.93606
103.943       16.93006
103.946       16.92042
103.9399      16.91447
103.9386      16.91695
103.941       16.92381
103.9378      16.93447
103.933       16.92775
103.9306      16.92769
103.9301      16.92894
103.9359      16.93878
103.9405      16.94261
103.94        16.94611
103.9331      16.94803
103.9324      16.9482
103.9274      16.95181
103.9284      16.95431
103.9359      16.95339
103.9396      16.95292
103.9411      16.95522
103.9475      16.95517
103.9563      16.95845
103.9607      16.96722
103.9599      16.9765
103.9703      16.96992
103.9763      16.96986
 1 
 1             91            
1
 -9999.0   ,   9990.0
   7
 305 
103.2501      16.95456
103.2701      16.95383
103.2793      16.94911
103.289       16.93925
103.3069      16.92917
103.3185      16.92742
103.3318      16.92797
103.345       16.93119
103.3517      16.93097
103.3565      16.92842
103.3677      16.91878
103.3741      16.91336
103.3771      16.91242
103.3809      16.91458
103.3836      16.9165
103.3881      16.91642
103.3956      16.91144
103.4031      16.91122
103.4006      16.90061
103.4026      16.89756
103.4034      16.89725
103.4095      16.89486
103.4131      16.88358
103.4277      16.87464
103.4321      16.86133
103.429       16.8505
103.4284      16.84245
103.4345      16.82358
103.4399      16.82867
103.4417      16.83492
103.4405      16.84667
103.4421      16.85167
103.4455      16.85239
103.4494      16.85061
103.4507      16.84836
103.4552      16.8485
103.4643      16.86278
103.4664      16.86158
103.4659      16.85642
103.4604      16.84781
103.4578      16.83925
103.4584      16.83411
103.4618      16.82903
103.4646      16.82931
103.4719      16.83547
103.4753      16.83453
103.4772      16.82961
103.4618      16.81333
103.4498      16.80311
103.4487      16.79853
103.4505      16.79456
103.4514      16.79261
103.4569      16.78903
103.4589      16.78433
103.4638      16.78817
103.4723      16.78011
103.4804      16.78156
103.4834      16.78308
103.4844      16.78683
103.483       16.79836
103.4839      16.80561
103.4858      16.80692
103.4877      16.80614
103.4931      16.79697
103.5023      16.78975
103.503       16.78647
103.4964      16.77867
103.494       16.77095
103.4961      16.76606
103.4993      16.76531
103.5029      16.76767
103.5033      16.76822
103.5139      16.78322
103.5254      16.79344
103.5295      16.79064
103.5301      16.78406
103.5238      16.77397
103.5236      16.76942
103.5258      16.76803
103.5305      16.76897
103.5366      16.7745
103.5449      16.77594
103.5491      16.77936
103.5603      16.79369
103.5668      16.80542
103.5722      16.80678
103.5743      16.80064
103.5791      16.79478
103.5788      16.78133
103.576       16.77692
103.5635      16.77022
103.5619      16.76728
103.5626      16.764
103.5709      16.75842
103.5745      16.75933
103.5787      16.76336
103.5834      16.77186
103.5838      16.77258
103.5889      16.78922
103.5978      16.79564
103.5989      16.80994
103.6028      16.81683
103.6069      16.81322
103.6094      16.80006
103.6183      16.79056
103.621       16.78547
103.6195      16.78317
103.6026      16.77633
103.6011      16.773
103.6066      16.76881
103.6109      16.76292
103.6039      16.75983
103.6028      16.75794
103.6034      16.75467
103.6101      16.74967
103.6124      16.74539
103.6096      16.73933
103.6011      16.74139
103.5974      16.74378
103.5936      16.74389
103.5811      16.73572
103.5771      16.73542
103.5669      16.74075
103.5615      16.74042
103.5543      16.74683
103.5517      16.74719
103.5467      16.74333
103.5443      16.74453
103.5414      16.749
103.5369      16.74931
103.532       16.74753
103.5258      16.75336
103.5203      16.75261
103.5143      16.74956
103.5111      16.74989
103.5072      16.75331
103.504       16.75239
103.4987      16.74625
103.4969      16.74417
103.4957      16.74083
103.4993      16.73514
103.4995      16.72895
103.4973      16.72331
103.4938      16.71908
103.484       16.71575
103.4803      16.70283
103.4862      16.69658
103.4827      16.67667
103.4837      16.67047
103.4939      16.65689
103.5053      16.658
103.5073      16.65536
103.5053      16.65078
103.5041      16.65017
103.4966      16.64642
103.4925      16.64694
103.4813      16.65742
103.4772      16.65792
103.4676      16.65128
103.4682      16.64964
103.476       16.64756
103.4796      16.6425
103.4801      16.639
103.4781      16.63275
103.4793      16.62947
103.4821      16.62994
103.4864      16.63358
103.4924      16.63517
103.4959      16.63464
103.4964      16.63053
103.4884      16.61522
103.4912      16.60808
103.4903      16.60475
103.4861      16.60686
103.4826      16.60869
103.4762      16.61039
103.4736      16.60969
103.4721      16.59603
103.454       16.59989
103.4432      16.60292
103.4383      16.60817
103.4349      16.60831
103.4303      16.60342
103.4298      16.60072
103.4314      16.59581
103.4298      16.59247
103.4255      16.59111
103.4195      16.592
103.4116      16.58436
103.4074      16.58197
103.4024      16.58164
103.4007      16.58345
103.4009      16.59978
103.3866      16.59756
103.3808      16.60567
103.3783      16.60375
103.3749      16.59395
103.3711      16.59425
103.3659      16.60403
103.3583      16.60075
103.3456      16.60228
103.344       16.60492
103.3479      16.61017
103.3741      16.615
103.3762      16.61753
103.3761      16.62228
103.3731      16.62922
103.377       16.63511
103.381       16.63708
103.3862      16.63617
103.3911      16.63361
103.401       16.62064
103.4051      16.61786
103.4155      16.61978
103.4214      16.61828
103.4324      16.61958
103.4422      16.62356
103.4444      16.62733
103.4422      16.63081
103.4353      16.63331
103.4146      16.62989
103.4087      16.63531
103.4064      16.63939
103.415       16.64703
103.4109      16.65292
103.4213      16.65775
103.4219      16.66022
103.419       16.66408
103.414       16.66706
103.4061      16.66725
103.4003      16.67133
103.3993      16.67206
103.3883      16.67528
103.3813      16.67903
103.3878      16.68497
103.3933      16.68572
103.4148      16.6772
103.4229      16.677
103.4305      16.68278
103.4345      16.68286
103.4383      16.67925
103.4389      16.68608
103.4414      16.69089
103.4442      16.69117
103.4459      16.68439
103.4491      16.68219
103.4514      16.68558
103.4519      16.69158
103.4499      16.69922
103.448       16.70636
103.4499      16.71508
103.449       16.7192
103.4366      16.72383
103.4359      16.72628
103.4388      16.73175
103.4449      16.73458
103.4513      16.73453
103.4615      16.73025
103.4673      16.73061
103.4733      16.738
103.4742      16.74275
103.4723      16.75056
103.473       16.75678
103.4703      16.75942
103.4671      16.76014
103.4631      16.75158
103.4607      16.75233
103.4559      16.75892
103.4529      16.76308
103.4481      16.76689
103.4355      16.77194
103.4375      16.78378
103.4341      16.78969
103.426       16.79031
103.4188      16.78783
103.4146      16.78897
103.4094      16.80786
103.4122      16.82156
103.4116      16.8292
103.4088      16.83614
103.3982      16.84745
103.3996      16.85306
103.4044      16.85692
103.4049      16.85961
103.4038      16.86267
103.3931      16.87086
103.3921      16.87333
103.3951      16.88022
103.3903      16.8927
103.3844      16.89483
103.3726      16.89495
103.3678      16.901
103.3573      16.90906
103.3537      16.91181
103.3448      16.91489
103.3354      16.91608
103.3161      16.91494
103.2964      16.91981
103.2884      16.92353
103.273       16.93531
103.2621      16.93522
103.2564      16.94439
103.2482      16.94683
103.2477      16.95097
103.2501      16.95456
 1 
 1             92            
1
 -9999.0   ,   9990.0
   7
 221 
102.3836      16.86589
102.388       16.86767
102.3909      16.8655
102.397       16.85536
102.4002      16.84511
102.4033      16.84122
102.4183      16.82214
102.4179      16.81531
102.4226      16.8047
102.4263      16.80089
102.4345      16.80031
102.441       16.80425
102.4447      16.81056
102.4456      16.81556
102.4436      16.82333
102.4448      16.82522
102.4503      16.82583
102.4604      16.82697
102.4645      16.83206
102.471       16.83286
102.474       16.83111
102.4771      16.82645
102.4777      16.82253
102.4744      16.81108
102.4789      16.81161
102.4864      16.81889
102.4899      16.81836
102.4993      16.81183
102.5025      16.81278
102.5048      16.8147
102.5058      16.81803
102.5009      16.82883
102.5042      16.83267
102.512       16.82381
102.5142      16.82883
102.5126      16.83494
102.5122      16.83642
102.5144      16.84042
102.519       16.83931
102.5239      16.83389
102.5314      16.83289
102.5337      16.828
102.5351      16.8175
102.5445      16.81322
102.5484      16.80714
102.5509      16.79628
102.5535      16.79428
102.5622      16.79661
102.5695      16.79581
102.5774      16.79233
102.5795      16.79261
102.5807      16.79575
102.5779      16.80661
102.5784      16.81178
102.5841      16.81547
102.5844      16.81661
102.5851      16.81861
102.5834      16.82206
102.5758      16.82825
102.5739      16.83169
102.5769      16.84542
102.5719      16.8525
102.5748      16.8577
102.5754      16.85881
102.5779      16.868
102.582       16.87183
102.5835      16.87167
102.5916      16.86861
102.594       16.86497
102.5958      16.85589
102.5972      16.84853
102.601       16.84844
102.6084      16.85361
102.6128      16.85439
102.6168      16.85161
102.6175      16.84894
102.6134      16.83703
102.6126      16.82397
102.6164      16.77967
102.616       16.77731
102.6149      16.77095
102.6168      16.7677
102.6221      16.75958
102.6296      16.74803
102.6288      16.744
102.6276      16.73814
102.6221      16.73067
102.6204      16.72317
102.6208      16.71864
102.6263      16.71197
102.6264      16.69131
102.6247      16.68961
102.6149      16.68892
102.6114      16.68281
102.6088      16.67197
102.5971      16.66192
102.5825      16.64392
102.5798      16.63661
102.5748      16.623
102.5723      16.60269
102.5664      16.58536
102.5664      16.57936
102.5705      16.57183
102.5709      16.56711
102.5499      16.54167
102.5484      16.53108
102.5459      16.5277
102.5394      16.52936
102.5311      16.5347
102.5143      16.52508
102.5081      16.52447
102.4978      16.53158
102.4908      16.53136
102.4687      16.52531
102.4551      16.51745
102.4493      16.51645
102.4495      16.52328
102.4466      16.52567
102.4408      16.52672
102.4396      16.52978
102.4406      16.53395
102.4434      16.53775
102.4498      16.5387
102.4556      16.53958
102.4817      16.55114
102.4911      16.55267
102.501       16.55669
102.5058      16.55581
102.5114      16.54833
102.5135      16.54881
102.5164      16.55178
102.5183      16.55908
102.541       16.57197
102.5436      16.57803
102.5424      16.58089
102.5326      16.58578
102.5327      16.60231
102.5366      16.61192
102.5459      16.6182
102.5492      16.63461
102.5479      16.63956
102.5456      16.64072
102.5371      16.63736
102.533       16.63806
102.5307      16.64233
102.533       16.65025
102.5283      16.65589
102.5271      16.65978
102.5278      16.66414
102.5309      16.66897
102.5309      16.68117
102.5356      16.68045
102.5365      16.68031
102.5435      16.67597
102.5521      16.67667
102.5611      16.67508
102.5638      16.67847
102.5586      16.68617
102.5591      16.6905
102.5629      16.69372
102.5707      16.69603
102.5764      16.6995
102.5797      16.70314
102.5806      16.7075
102.5794      16.71097
102.577       16.71339
102.5673      16.71433
102.564       16.71669
102.5616      16.72531
102.5598      16.72711
102.5379      16.72069
102.5314      16.71881
102.5217      16.71892
102.5164      16.72392
102.5176      16.72808
102.5336      16.7352
102.5354      16.73897
102.5344      16.74245
102.5233      16.75347
102.5228      16.75739
102.5288      16.765
102.5293      16.76894
102.5277      16.772
102.5232      16.77208
102.5196      16.77011
102.517       16.77086
102.5094      16.7855
102.5053      16.78825
102.4995      16.78964
102.4938      16.791
102.4874      16.791
102.4813      16.78483
102.4738      16.766
102.4701      16.763
102.4637      16.76236
102.4613      16.7685
102.4583      16.76819
102.4528      16.761
102.4488      16.7642
102.4476      16.77489
102.4456      16.77772
102.4355      16.77761
102.4345      16.76972
102.4316      16.76717
102.4268      16.76886
102.4228      16.77225
102.4095      16.79706
102.4045      16.80042
102.3983      16.79939
102.3959      16.80139
102.3929      16.81369
102.3888      16.82119
102.3892      16.82658
102.3953      16.83711
102.3952      16.83728
102.3926      16.84117
102.384       16.84811
102.3793      16.85375
102.3785      16.85706
102.3795      16.86161
102.3836      16.86589
 1 
 1             93            
1
 -9999.0   ,   9990.0
   7
 7 
100.1056      16.83744
100.1079      16.83739
100.109       16.83278
100.1067      16.82572
100.1048      16.82622
100.1035      16.83061
100.1056      16.83744
 1 
 1             94            
1
 -9999.0   ,   9990.0
   7
 9 
102.7552      16.73669
102.7528      16.73767
102.7514      16.74589
102.752       16.74942
102.7543      16.75156
102.7599      16.75069
102.762       16.746
102.7606      16.74181
102.7552      16.73669
 1 
 1             95            
1
 -9999.0   ,   9990.0
   7
 7 
102.8573      16.73411
102.8553      16.73672
102.8573      16.7405
102.8596      16.74097
102.861       16.73833
102.86        16.73481
102.8573      16.73411
 1 
 1             96            
1
 -9999.0   ,   9990.0
   7
 8 
102.8438      16.70045
102.8432      16.70539
102.8454      16.71
102.8478      16.70758
102.8534      16.70711
102.8552      16.70531
102.8535      16.70361
102.8438      16.70045
 1 
 1             97            
1
 -9999.0   ,   9990.0
   7
 7 
102.348       16.68639
102.3468      16.68389
102.3436      16.68358
102.3412      16.68494
102.343       16.68811
102.3458      16.68819
102.348       16.68639
 1 
 1             98            
1
 -9999.0   ,   9990.0
   7
 7 
101.2111      16.62722
101.2095      16.62956
101.2055      16.63131
101.2019      16.63644
101.2071      16.64433
101.2151      16.63422
101.2111      16.62722
 1 
 1             99            
1
 -9999.0   ,   9990.0
   7
 8 
103.8317      16.62542
103.8299      16.6295
103.8298      16.64086
103.8321      16.64156
103.8339      16.63953
103.833       16.63247
103.8346      16.62672
103.8317      16.62542
 1 
 1             100           
1
 -9999.0   ,   9990.0
   7
 11 
101.9886      16.61386
101.9872      16.61089
101.9774      16.61558
101.9773      16.62064
101.9784      16.62428
101.9826      16.62872
101.9843      16.62958
101.986       16.62861
101.986       16.62836
101.989       16.61472
101.9886      16.61386
 1 
 1             101           
1
 -9999.0   ,   9990.0
   7
 9 
102.9015      16.60025
102.8967      16.603
102.8931      16.60103
102.8913      16.60511
102.8922      16.61008
102.8946      16.61078
102.9         16.60742
102.9031      16.60297
102.9015      16.60025
 1 
 1             102           
1
 -9999.0   ,   9990.0
   7
 9 
103.8416      16.57875
103.8379      16.58136
103.84        16.5845
103.8352      16.58895
103.8362      16.5902
103.8436      16.58728
103.8447      16.58442
103.8438      16.57983
103.8416      16.57875
 1 
 1             103           
1
 -9999.0   ,   9990.0
   7
 7 
104.8629      16.58192
104.862       16.58439
104.8634      16.58689
104.8675      16.58758
104.869       16.58514
104.8671      16.58303
104.8629      16.58192
 1 
 1             104           
1
 -9999.0   ,   9990.0
   7
 27 
103.6888      16.53053
103.6859      16.53253
103.6834      16.53761
103.6854      16.54344
103.69        16.54728
103.6908      16.55061
103.689       16.55325
103.6902      16.55533
103.6969      16.55508
103.6992      16.55681
103.701       16.56842
103.705       16.57161
103.7103      16.56658
103.7127      16.566
103.7247      16.57331
103.7283      16.5732
103.7304      16.56683
103.7286      16.56328
103.7216      16.56106
103.717       16.55681
103.7155      16.54853
103.7138      16.54703
103.707       16.54708
103.7037      16.53894
103.7         16.53492
103.6935      16.53083
103.6888      16.53053
 1 
 1             105           
1
 -9999.0   ,   9990.0
   7
 12 
102.9154      16.53864
102.9055      16.54086
102.905       16.5425
102.9104      16.54325
102.9183      16.55008
102.9198      16.55656
102.9245      16.55667
102.9324      16.5505
102.9303      16.54775
102.9242      16.54697
102.9207      16.54231
102.9154      16.53864
 1 
 1             106           
1
 -9999.0   ,   9990.0
   7
 8 
103.9859      16.52008
103.9843      16.52192
103.9869      16.52878
103.9856      16.53886
103.9887      16.53544
103.9901      16.52947
103.9941      16.52481
103.9859      16.52008
 1 
 1             107           
1
 -9999.0   ,   9990.0
   7
 9 
103.0277      16.52117
103.0261      16.52278
103.0282      16.52656
103.0351      16.53192
103.0379      16.53158
103.039       16.52975
103.0378      16.52745
103.0311      16.52208
103.0277      16.52117
 1 
 1             108           
1
 -9999.0   ,   9990.0
   7
 15 
103.5443      16.50839
103.5468      16.50308
103.5451      16.49394
103.5394      16.48986
103.5358      16.48731
103.5292      16.48775
103.5276      16.50075
103.5288      16.50428
103.5306      16.50536
103.5317      16.4967
103.5339      16.49367
103.5372      16.49333
103.5396      16.49481
103.5403      16.49528
103.5443      16.50839
 1 
 1             109           
1
 -9999.0   ,   9990.0
   7
 14 
102.9281      16.46133
102.9207      16.46567
102.9195      16.46872
102.9207      16.47167
102.9185      16.4747
102.9182      16.48628
102.9244      16.47817
102.9321      16.47736
102.9337      16.4757
102.9303      16.47381
102.9309      16.46864
102.9323      16.46395
102.9313      16.46142
102.9281      16.46133
 1 
 1             110           
1
 -9999.0   ,   9990.0
   7
 13 
103.5085      16.43972
103.5116      16.44478
103.5066      16.4467
103.5059      16.44833
103.5086      16.45108
103.5089      16.45544
103.5099      16.45631
103.5129      16.45039
103.5151      16.45436
103.5167      16.4515
103.5153      16.44672
103.5108      16.43917
103.5085      16.43972
 1 
 1             111           
1
 -9999.0   ,   9990.0
   7
 7 
102.8616      16.44125
102.8594      16.44139
102.853       16.44864
102.8539      16.45114
102.8561      16.45081
102.861       16.44619
102.8616      16.44125
 1 
 1             112           
1
 -9999.0   ,   9990.0
   7
 9 
102.7542      16.42675
102.7524      16.42794
102.7532      16.43125
102.7581      16.43761
102.7607      16.4385
102.7625      16.43506
102.7613      16.43192
102.7574      16.42767
102.7542      16.42675
 1 
 1             113           
1
 -9999.0   ,   9990.0
   7
 7 
100.4024      16.40864
100.402       16.41094
100.407       16.42733
100.4087      16.428
100.4099      16.42131
100.4046      16.40972
100.4024      16.40864
 1 
 1             114           
1
 -9999.0   ,   9990.0
   7
 9 
100.3442      16.40761
100.3419      16.41064
100.3414      16.41892
100.3446      16.42297
100.3501      16.42514
100.3513      16.42372
100.3476      16.41808
100.3467      16.41214
100.3442      16.40761
 1 
 1             115           
1
 -9999.0   ,   9990.0
   7
 10 
103.3741      16.41069
103.3763      16.40722
103.3734      16.40344
103.3706      16.40419
103.366       16.40945
103.3669      16.41061
103.3679      16.41197
103.3706      16.41267
103.3737      16.41128
103.3741      16.41069
 1 
 1             116           
1
 -9999.0   ,   9990.0
   7
 16 
102.0254      16.40122
102.029       16.40195
102.0328      16.40497
102.0335      16.40769
102.0384      16.40889
102.0413      16.39286
102.0408      16.39036
102.0379      16.388
102.034       16.38786
102.0307      16.39208
102.0259      16.394
102.0243      16.39706
102.0184      16.39953
102.0177      16.40094
102.0225      16.40381
102.0254      16.40122
 1 
 1             117           
1
 -9999.0   ,   9990.0
   7
 13 
103.5606      16.37164
103.5586      16.37986
103.5643      16.38597
103.5591      16.40133
103.559       16.40608
103.5607      16.408
103.5636      16.39464
103.5672      16.38667
103.5671      16.38378
103.5637      16.38142
103.5629      16.37914
103.5633      16.37192
103.5606      16.37164
 1 
 1             118           
1
 -9999.0   ,   9990.0
   7
 13 
102.0853      16.39661
102.0788      16.39703
102.0752      16.39772
102.0712      16.40069
102.0692      16.40228
102.0708      16.40481
102.0771      16.40439
102.0823      16.40622
102.0907      16.40631
102.0943      16.40558
102.0957      16.40253
102.0943      16.39981
102.0853      16.39661
 1 
 1             119           
1
 -9999.0   ,   9990.0
   7
 35 
102.7588      16.38289
102.7563      16.39417
102.7587      16.399
102.7614      16.40236
102.7654      16.39567
102.7725      16.39631
102.7767      16.3927
102.7788      16.38656
102.7829      16.38442
102.7839      16.38114
102.7804      16.37711
102.7811      16.37528
102.7865      16.37317
102.7851      16.37022
102.7873      16.36739
102.7867      16.36594
102.7828      16.36747
102.7801      16.36678
102.7816      16.36475
102.7809      16.36061
102.7811      16.35997
102.7864      16.3432
102.7839      16.33467
102.7761      16.32906
102.7698      16.32144
102.768       16.32283
102.7672      16.32756
102.769       16.3305
102.7798      16.3362
102.7749      16.3402
102.7755      16.34186
102.7807      16.34469
102.7804      16.34758
102.773       16.36739
102.7588      16.38289
 1 
 1             120           
1
 -9999.0   ,   9990.0
   7
 7 
103.262       16.38294
103.2591      16.38556
103.2608      16.38767
103.2731      16.38861
103.2753      16.38661
103.2716      16.38383
103.262       16.38294
 1 
 1             121           
1
 -9999.0   ,   9990.0
   7
 12 
103.5933      16.35508
103.5895      16.35519
103.5921      16.36003
103.5908      16.36225
103.5852      16.3615
103.5816      16.37111
103.5838      16.37344
103.5881      16.37272
103.5945      16.36731
103.5985      16.35978
103.5979      16.35789
103.5933      16.35508
 1 
 1             122           
1
 -9999.0   ,   9990.0
   7
 6 
102.8498      16.36531
102.8504      16.3682
102.8565      16.37003
102.8612      16.37017
102.8621      16.36897
102.8498      16.36531
 1 
 1             123           
1
 -9999.0   ,   9990.0
   7
 9 
104.1563      16.34144
104.1514      16.34236
104.1505      16.344
104.1558      16.34453
104.1616      16.35045
104.1653      16.35114
104.1664      16.34972
104.1595      16.34275
104.1563      16.34144
 1 
 1             124           
1
 -9999.0   ,   9990.0
   7
 8 
103.0141      16.34208
103.0119      16.34389
103.0144      16.34664
103.0195      16.34803
103.0263      16.34761
103.0288      16.34497
103.0181      16.34447
103.0141      16.34208
 1 
 1             125           
1
 -9999.0   ,   9990.0
   7
 12 
103.4885      16.33431
103.4827      16.33581
103.4785      16.339
103.4785      16.34147
103.4909      16.34036
103.4984      16.34653
103.5012      16.34597
103.5015      16.34228
103.498       16.34053
103.4951      16.33633
103.4928      16.33461
103.4885      16.33431
 1 
 1             126           
1
 -9999.0   ,   9990.0
   7
 20 
102.9755      16.3375
102.9763      16.33917
102.9797      16.34031
102.9823      16.33853
102.9829      16.33544
102.9803      16.32772
102.9813      16.32486
102.9839      16.32431
102.9911      16.32658
102.9929      16.33056
102.9952      16.33144
102.998       16.32945
102.9996      16.32125
102.9901      16.31539
102.9907      16.3117
102.9861      16.3122
102.9693      16.31853
102.9651      16.32131
102.9734      16.33103
102.9755      16.3375
 1 
 1             127           
1
 -9999.0   ,   9990.0
   7
 6 
103.2945      16.31503
103.2827      16.32297
103.2923      16.32386
103.2971      16.32192
103.298       16.31947
103.2945      16.31503
 1 
 1             128           
1
 -9999.0   ,   9990.0
   7
 6 
103.4926      16.31603
103.4851      16.31811
103.4857      16.32019
103.4955      16.32064
103.5005      16.31828
103.4926      16.31603
 1 
 1             129           
1
 -9999.0   ,   9990.0
   7
 7 
102.7589      16.29406
102.7577      16.30394
102.7602      16.30545
102.7633      16.30286
102.7653      16.29486
102.7618      16.29683
102.7589      16.29406
 1 
 1             130           
1
 -9999.0   ,   9990.0
   7
 9 
102.9953      16.29428
102.9934      16.29814
102.9886      16.30069
102.9866      16.30436
102.9881      16.30522
102.9916      16.30306
102.998       16.30383
102.9967      16.29514
102.9953      16.29428
 1 
 1             131           
1
 -9999.0   ,   9990.0
   7
 7 
103.6093      16.30075
103.6096      16.29786
103.6075      16.29556
103.5997      16.29225
103.5967      16.29281
103.5973      16.29467
103.6093      16.30075
 1 
 1             132           
1
 -9999.0   ,   9990.0
   7
 7 
103.6219      16.28456
103.6137      16.28619
103.6111      16.28883
103.6152      16.2947
103.6195      16.29439
103.6232      16.28539
103.6219      16.28456
 1 
 1             133           
1
 -9999.0   ,   9990.0
   7
 16 
102.7319      16.26144
102.7291      16.26345
102.7489      16.28425
102.7548      16.28856
102.7559      16.28675
102.7551      16.28464
102.7583      16.28392
102.7592      16.28208
102.7562      16.27622
102.7583      16.27092
102.7517      16.26514
102.7484      16.26731
102.7474      16.26314
102.7438      16.26242
102.742       16.2667
102.7319      16.26144
 1 
 1             134           
1
 -9999.0   ,   9990.0
   7
 11 
103.6373      16.27481
103.6239      16.2747
103.6196      16.27622
103.6145      16.28106
103.6154      16.28231
103.6203      16.28058
103.6306      16.28103
103.6328      16.2782
103.6379      16.27811
103.6386      16.27586
103.6373      16.27481
 1 
 1             135           
1
 -9999.0   ,   9990.0
   7
 9 
103.5408      16.23278
103.5341      16.2355
103.5333      16.23692
103.5345      16.23839
103.5416      16.23589
103.5472      16.24119
103.5494      16.24061
103.5432      16.23303
103.5408      16.23278
 1 
 1             136           
1
 -9999.0   ,   9990.0
   7
 11 
103.9895      16.22153
103.9877      16.22417
103.9876      16.22828
103.9903      16.23186
103.9976      16.23325
104.0055      16.23942
104.0106      16.24078
104.0115      16.23872
104.0009      16.22694
103.9948      16.22206
103.9895      16.22153
 1 
 1             137           
1
 -9999.0   ,   9990.0
   7
 10 
103.4874      16.21717
103.4838      16.2177
103.4775      16.22292
103.4775      16.22725
103.48        16.23
103.483       16.22986
103.4863      16.22622
103.4892      16.22383
103.4897      16.21992
103.4874      16.21717
 1 
 1             138           
1
 -9999.0   ,   9990.0
   7
 6 
103.2456      16.21895
103.2449      16.22014
103.2549      16.22744
103.256       16.22603
103.255       16.22394
103.2456      16.21895
 1 
 1             139           
1
 -9999.0   ,   9990.0
   7
 8 
103.0771      16.22261
103.0685      16.21039
103.0637      16.215
103.071       16.21997
103.064       16.22472
103.0646      16.227
103.0725      16.22703
103.0771      16.22261
 1 
 1             140           
1
 -9999.0   ,   9990.0
   7
 8 
103.583       16.20656
103.5768      16.21508
103.5765      16.21817
103.5786      16.21883
103.5832      16.21522
103.5857      16.20972
103.5849      16.20722
103.583       16.20656
 1 
 1             141           
1
 -9999.0   ,   9990.0
   7
 6 
103.3582      16.1872
103.3547      16.18836
103.3527      16.20008
103.3548      16.202
103.3597      16.19386
103.3582      16.1872
 1 
 1             142           
1
 -9999.0   ,   9990.0
   7
 6 
103.9797      16.18494
103.9788      16.18058
103.9711      16.18683
103.9721      16.19097
103.9738      16.19183
103.9797      16.18494
 1 
 1             143           
1
 -9999.0   ,   9990.0
   7
 8 
103.2492      16.18825
103.2521      16.18628
103.253       16.18403
103.2471      16.18242
103.2421      16.17567
103.2401      16.17933
103.2411      16.18267
103.2492      16.18825
 1 
 1             144           
1
 -9999.0   ,   9990.0
   7
 7 
103.6629      16.17114
103.6612      16.17317
103.6621      16.17772
103.6605      16.18306
103.6615      16.18514
103.6649      16.17842
103.6629      16.17114
 1 
 1             145           
1
 -9999.0   ,   9990.0
   7
 8 
103.7215      16.1775
103.7146      16.18003
103.7139      16.18208
103.7158      16.18439
103.7185      16.18508
103.7231      16.18292
103.7255      16.17925
103.7215      16.1775
 1 
 1             146           
1
 -9999.0   ,   9990.0
   7
 8 
103.4855      16.1622
103.4846      16.16464
103.4879      16.17608
103.4879      16.18372
103.4905      16.18172
103.4926      16.17703
103.4911      16.16978
103.4855      16.1622
 1 
 1             147           
1
 -9999.0   ,   9990.0
   7
 5 
102.6865      16.17872
102.6866      16.18222
102.69        16.18295
102.6895      16.17922
102.6865      16.17872
 1 
 1             148           
1
 -9999.0   ,   9990.0
   7
 10 
103.271       16.15931
103.2655      16.1635
103.2644      16.16656
103.2664      16.17858
103.268       16.18111
103.2718      16.18206
103.276       16.17906
103.277       16.17517
103.272       16.16945
103.271       16.15931
 1 
 1             149           
1
 -9999.0   ,   9990.0
   7
 7 
102.6901      16.17283
102.6918      16.17433
102.6965      16.17322
102.6994      16.17003
102.6917      16.16917
102.6898      16.17075
102.6901      16.17283
 1 
 1             150           
1
 -9999.0   ,   9990.0
   7
 40 
102.6896      16.16333
102.6981      16.15097
102.7059      16.14728
102.7049      16.14561
102.6965      16.14742
102.6938      16.1465
102.6966      16.13708
102.6928      16.12872
102.6887      16.13128
102.6854      16.12644
102.6833      16.13339
102.6809      16.13311
102.6795      16.11778
102.675       16.11167
102.6759      16.10983
102.6798      16.10872
102.6799      16.10645
102.6704      16.10306
102.6678      16.09636
102.6658      16.09983
102.67        16.10903
102.6688      16.11272
102.6712      16.1165
102.6754      16.1315
102.6743      16.13394
102.6755      16.13708
102.6843      16.14808
102.6825      16.1497
102.6794      16.14856
102.6744      16.14386
102.6699      16.14475
102.6752      16.15256
102.6741      16.15458
102.6676      16.15689
102.6671      16.15831
102.6717      16.16092
102.6732      16.16903
102.6768      16.16872
102.6853      16.1632
102.6896      16.16333
 1 
 1             151           
1
 -9999.0   ,   9990.0
   7
 8 
103.9581      16.13636
103.9553      16.13669
103.9495      16.14669
103.9507      16.149
103.9561      16.14539
103.9588      16.14153
103.9591      16.137
103.9581      16.13636
 1 
 1             152           
1
 -9999.0   ,   9990.0
   7
 11 
102.5983      16.13331
102.595       16.13631
102.592       16.13683
102.5899      16.14131
102.5849      16.14303
102.5832      16.14545
102.5848      16.14756
102.5902      16.14708
102.5954      16.14375
102.5992      16.13786
102.5983      16.13331
 1 
 1             153           
1
 -9999.0   ,   9990.0
   7
 10 
102.6544      16.13439
102.6506      16.13364
102.6473      16.13025
102.6454      16.12214
102.6427      16.12183
102.6413      16.12325
102.6407      16.13025
102.6431      16.13364
102.6534      16.13931
102.6544      16.13439
 1 
 1             154           
1
 -9999.0   ,   9990.0
   7
 14 
102.5494      16.10703
102.5475      16.10903
102.5467      16.11314
102.5479      16.11564
102.5542      16.12286
102.5597      16.12489
102.562       16.1322
102.5652      16.13478
102.5666      16.12922
102.5659      16.11186
102.5619      16.11008
102.5582      16.11286
102.5532      16.10839
102.5494      16.10703
 1 
 1             155           
1
 -9999.0   ,   9990.0
   7
 12 
103.8364      16.11767
103.8291      16.1272
103.8299      16.12928
103.8355      16.12919
103.8441      16.13292
103.8488      16.13425
103.8495      16.13261
103.8474      16.12886
103.8403      16.12558
103.8415      16.11736
103.8395      16.11586
103.8364      16.11767
 1 
 1             156           
1
 -9999.0   ,   9990.0
   7
 15 
103.4542      16.0825
103.4515      16.0872
103.4566      16.10528
103.4554      16.10772
103.4518      16.10681
103.4492      16.10881
103.4496      16.1115
103.4562      16.11953
103.4659      16.11564
103.4655      16.10489
103.4704      16.09861
103.469       16.09611
103.4592      16.09378
103.4563      16.08422
103.4542      16.0825
 1 
 1             157           
1
 -9999.0   ,   9990.0
   7
 6 
102.6379      16.11056
102.6348      16.10839
102.6235      16.11464
102.6262      16.11597
102.6316      16.1147
102.6379      16.11056
 1 
 1             158           
1
 -9999.0   ,   9990.0
   7
 8 
102.6155      16.10325
102.6234      16.10225
102.6243      16.10083
102.6215      16.09683
102.6075      16.08856
102.6059      16.09036
102.6086      16.09975
102.6155      16.10325
 1 
 1             159           
1
 -9999.0   ,   9990.0
   7
 7 
103.8701      16.07486
103.8684      16.07525
103.8651      16.08714
103.8713      16.09658
103.8733      16.09622
103.8744      16.09128
103.8701      16.07486
 1 
 1             160           
1
 -9999.0   ,   9990.0
   7
 11 
103.7495      16.04542
103.7469      16.04495
103.7228      16.07017
103.7191      16.07708
103.7188      16.07772
103.722       16.07717
103.7295      16.07589
103.7248      16.07456
103.7251      16.07331
103.7463      16.05069
103.7495      16.04542
 1 
 1             161           
1
 -9999.0   ,   9990.0
   7
 7 
102.5512      16.07197
102.5508      16.07692
102.5543      16.076
102.5561      16.07314
102.5551      16.07003
102.5518      16.06889
102.5512      16.07197
 1 
 1             162           
1
 -9999.0   ,   9990.0
   7
 6 
103.2753      16.03017
103.267       16.04522
103.2676      16.04853
103.2741      16.04417
103.2773      16.03536
103.2753      16.03017
 1 
 1             163           
1
 -9999.0   ,   9990.0
   7
 9 
104.0241      16.01725
104.0211      16.02008
104.017       16.02783
104.0174      16.03011
104.0195      16.03139
104.0266      16.0295
104.0338      16.02347
104.029       16.01839
104.0241      16.01725
 1 
 1             164           
1
 -9999.0   ,   9990.0
   7
 6 
103.1214      16.01775
103.1205      16.02061
103.1253      16.02611
103.1297      16.02869
103.1298      16.02478
103.1214      16.01775
 1 
 1             165           
1
 -9999.0   ,   9990.0
   7
 8 
103.9318      16.01581
103.9174      16.02125
103.9154      16.02367
103.916       16.02597
103.9255      16.027
103.9301      16.02483
103.9332      16.01872
103.9318      16.01581
 1 
 1             166           
1
 -9999.0   ,   9990.0
   7
 8 
103.6873      16.02244
103.6803      16.01361
103.6778      16.01417
103.6816      16.02045
103.6773      16.02508
103.6781      16.02697
103.6821      16.02603
103.6873      16.02244
 1 
 1             167           
1
 -9999.0   ,   9990.0
   7
 8 
102.4359      16.02275
102.4293      16.02192
102.4252      16.01847
102.4243      16.02072
102.4255      16.02283
102.4322      16.02531
102.4375      16.02528
102.4359      16.02275
 1 
 1             168           
1
 -9999.0   ,   9990.0
   7
 6 
103.8959      16.0092
103.8929      16.01017
103.886       16.02136
103.8868      16.02345
103.8938      16.01556
103.8959      16.0092
 1 
 1             169           
1
 -9999.0   ,   9990.0
   7
 6 
102.7651      16.01172
102.7667      16.00908
102.7625      16.00606
102.7581      16.01211
102.7642      16.01333
102.7651      16.01172
 1 
 1             170           
1
 -9999.0   ,   9990.0
   7
 5 
102.7929      16.00819
102.7984      16.01083
102.8025      16.00992
102.7975      16.00689
102.7929      16.00819
 1 
 1             171           
1
 -9999.0   ,   9990.0
   7
 15 
101.6346      16
101.7         16
101.7422      16
101.7383      15.99544
101.7243      15.99086
101.7171      15.98572
101.7059      15.98361
101.6994      15.98006
101.696       15.97436
101.6971      15.96861
101.6908      15.9632
101.6836      15.97297
101.6629      15.99214
101.6497      15.99764
101.6346      16
 1 
 1             172           
1
 -9999.0   ,   9990.0
   7
 9 
102.3794      15.98467
102.379       15.979
102.3757      15.97906
102.3741      15.98128
102.3689      15.98261
102.3686      15.98578
102.3697      15.98797
102.3726      15.98792
102.3794      15.98467
 1 
 1             173           
1
 -9999.0   ,   9990.0
   7
 6 
103.8396      15.97506
103.8276      15.98131
103.8293      15.98247
103.8393      15.97964
103.842       15.97603
103.8396      15.97506
 1 
 1             174           
1
 -9999.0   ,   9990.0
   7
 22 
102.3558      15.95828
102.354       15.95878
102.3523      15.95928
102.3497      15.96414
102.3501      15.96803
102.352       15.97
102.3535      15.97142
102.3589      15.97247
102.358       15.97522
102.3526      15.97533
102.3524      15.97608
102.3519      15.97789
102.3538      15.97828
102.3586      15.97936
102.3685      15.97872
102.3701      15.97639
102.3694      15.97503
102.3682      15.97297
102.3688      15.96836
102.3673      15.9652
102.3611      15.96322
102.3558      15.95828
 1 
 1             175           
1
 -9999.0   ,   9990.0
   7
 6 
102.4044      15.97825
102.4009      15.97231
102.3961      15.9715
102.3955      15.97336
102.3969      15.97564
102.4044      15.97825
 1 
 1             176           
1
 -9999.0   ,   9990.0
   7
 11 
102.3953      15.95922
102.3925      15.95995
102.3914      15.96495
102.3924      15.96745
102.3956      15.96784
102.3994      15.96553
102.4032      15.97
102.4062      15.96883
102.4067      15.96656
102.405       15.96444
102.3953      15.95922
 1 
 1             177           
1
 -9999.0   ,   9990.0
   7
 12 
103.9482      15.95295
103.9444      15.95381
103.9455      15.95728
103.9433      15.96067
103.9388      15.96153
103.938       15.96428
103.9411      15.96592
103.9444      15.96575
103.9494      15.96331
103.9507      15.96033
103.95        15.9555
103.9482      15.95295
 1 
 1             178           
1
 -9999.0   ,   9990.0
   7
 20 
102.3275      15.89683
102.3245      15.89736
102.3222      15.89164
102.3198      15.89056
102.3177      15.89128
102.3194      15.90503
102.3251      15.90697
102.3286      15.903
102.3307      15.90342
102.3308      15.90803
102.3356      15.91044
102.345       15.92772
102.3471      15.92861
102.3494      15.92603
102.3498      15.92167
102.3456      15.91278
102.3391      15.90647
102.3361      15.89872
102.3332      15.89603
102.3275      15.89683
 1 
 1             179           
1
 -9999.0   ,   9990.0
   7
 10 
104.6527      15.92136
104.6392      15.90508
104.6386      15.88886
104.6337      15.89078
104.6312      15.8997
104.6328      15.90433
104.6416      15.91914
104.6517      15.92708
104.656       15.92531
104.6527      15.92136
 1 
 1             180           
1
 -9999.0   ,   9990.0
   7
 17 
104.6386      15.88886
104.6392      15.90508
104.6527      15.92136
104.653       15.91608
104.6498      15.91053
104.6432      15.904
104.6431      15.90011
104.6445      15.89783
104.6537      15.90369
104.661       15.90403
104.6651      15.90292
104.6665      15.90086
104.6654      15.89925
104.654       15.89611
104.6527      15.89058
104.6449      15.88772
104.6386      15.88886
 1 
 1             181           
1
 -9999.0   ,   9990.0
   7
 8 
104.2445      15.91989
104.2462      15.92083
104.2564      15.91639
104.2586      15.91414
104.2556      15.91111
104.2461      15.9135
104.2429      15.91733
104.2445      15.91989
 1 
 1             182           
1
 -9999.0   ,   9990.0
   7
 8 
104.5924      15.89
104.5879      15.89039
104.5843      15.89653
104.5911      15.89778
104.5984      15.90592
104.6003      15.90389
104.5967      15.89167
104.5924      15.89
 1 
 1             183           
1
 -9999.0   ,   9990.0
   7
 12 
100.3212      15.89736
100.3127      15.89708
100.3118      15.90053
100.3128      15.90189
100.3141      15.90392
100.3239      15.90431
100.3279      15.90447
100.3334      15.90256
100.3345      15.89981
100.3331      15.89775
100.3241      15.89745
100.3212      15.89736
 1 
 1             184           
1
 -9999.0   ,   9990.0
   7
 5 
103.375       15.89245
103.3698      15.89628
103.3692      15.89878
103.3761      15.9005
103.375       15.89245
 1 
 1             185           
1
 -9999.0   ,   9990.0
   7
 16 
102.5369      15.88608
102.5454      15.88269
102.5449      15.87261
102.5386      15.864
102.5291      15.86167
102.5235      15.85558
102.5192      15.8545
102.5186      15.85958
102.5232      15.86453
102.5197      15.86689
102.52        15.86989
102.5224      15.87145
102.5273      15.86972
102.5319      15.8825
102.5347      15.88292
102.5369      15.88608
 1 
 1             186           
1
 -9999.0   ,   9990.0
   7
 6 
103.0339      15.88428
103.0358      15.86194
103.0285      15.86097
103.0273      15.87403
103.0278      15.88139
103.0339      15.88428
 1 
 1             187           
1
 -9999.0   ,   9990.0
   7
 8 
103.0358      15.86194
103.0339      15.88428
103.0382      15.88367
103.0404      15.88186
103.044       15.86817
103.0431      15.864
103.0399      15.86311
103.0358      15.86194
 1 
 1             188           
1
 -9999.0   ,   9990.0
   7
 6 
103.4554      15.8815
103.4529      15.87272
103.4473      15.8747
103.4441      15.87808
103.4497      15.88322
103.4554      15.8815
 1 
 1             189           
1
 -9999.0   ,   9990.0
   7
 6 
103.4529      15.87272
103.4554      15.8815
103.459       15.87833
103.4596      15.87606
103.4573      15.8712
103.4529      15.87272
 1 
 1             190           
1
 -9999.0   ,   9990.0
   7
 7 
104.3256      15.85572
104.3236      15.85242
104.3103      15.85361
104.3075      15.85517
104.3105      15.85911
104.3181      15.85922
104.3256      15.85572
 1 
 1             191           
1
 -9999.0   ,   9990.0
   7
 12 
104.0101      15.84489
104.0069      15.84553
104.0053      15.84847
104.005       15.85303
104.0049      15.85445
104.0099      15.85614
104.0123      15.85386
104.0099      15.85061
104.0154      15.84986
104.0159      15.84981
104.0173      15.84797
104.0101      15.84489
 1 
 1             192           
1
 -9999.0   ,   9990.0
   7
 17 
102.3121      15.84844
102.3149      15.84631
102.3165      15.84217
102.3159      15.83528
102.3126      15.82892
102.3098      15.8285
102.3056      15.83203
102.3023      15.83186
102.2984      15.8262
102.2943      15.82536
102.2925      15.82861
102.2964      15.83497
102.305       15.83617
102.3078      15.83936
102.307       15.84325
102.3087      15.84689
102.3121      15.84844
 1 
 1             193           
1
 -9999.0   ,   9990.0
   7
 11 
100.2454      15.82303
100.2404      15.824
100.2369      15.82725
100.2386      15.83367
100.245       15.8345
100.2457      15.83244
100.2426      15.83042
100.2421      15.82789
100.2459      15.82714
100.2466      15.82508
100.2454      15.82303
 1 
 1             194           
1
 -9999.0   ,   9990.0
   7
 12 
104.0659      15.82578
104.0637      15.82483
104.0578      15.82772
104.0526      15.82672
104.0501      15.82967
104.053       15.83178
104.0574      15.83231
104.0613      15.82917
104.0662      15.83406
104.0686      15.83339
104.0694      15.8295
104.0659      15.82578
 1 
 1             195           
1
 -9999.0   ,   9990.0
   7
 12 
103.4301      15.81745
103.4311      15.81242
103.4296      15.80803
103.4234      15.80814
103.4214      15.81178
103.4154      15.81558
103.412       15.82056
103.4146      15.82336
103.4169      15.82317
103.4207      15.82394
103.429       15.82247
103.4301      15.81745
 1 
 1             196           
1
 -9999.0   ,   9990.0
   7
 8 
104.3295      15.81142
104.3263      15.80792
104.3215      15.80739
104.3205      15.80922
104.3231      15.81222
104.3228      15.81775
104.3261      15.81686
104.3295      15.81142
 1 
 1             197           
1
 -9999.0   ,   9990.0
   7
 15 
102.3309      15.80489
102.3337      15.80392
102.3395      15.79486
102.3389      15.79006
102.3456      15.78417
102.3436      15.77778
102.3344      15.77764
102.3311      15.77756
102.3303      15.78425
102.3253      15.78433
102.3263      15.7887
102.3281      15.79083
102.3312      15.79433
102.3294      15.80172
102.3309      15.80489
 1 
 1             198           
1
 -9999.0   ,   9990.0
   7
 15 
104.1207      15.76842
104.1189      15.77106
104.1176      15.77975
104.1186      15.7885
104.1216      15.79314
104.1262      15.79275
104.1283      15.79003
104.1244      15.7865
104.1233      15.77983
104.1244      15.77158
104.1273      15.76886
104.1259      15.76703
104.1217      15.76739
104.1214      15.76742
104.1207      15.76842
 1 
 1             199           
1
 -9999.0   ,   9990.0
   7
 7 
100.1738      15.78114
100.1783      15.77925
100.1805      15.76981
100.1798      15.76617
100.1774      15.76411
100.1746      15.77058
100.1738      15.78114
 1 
 1             200           
1
 -9999.0   ,   9990.0
   7
 8 
104.1311      15.73656
104.1285      15.73653
104.1203      15.74581
104.1226      15.75136
104.1256      15.75278
104.1269      15.7475
104.1318      15.73933
104.1311      15.73656
 1 
 1             201           
1
 -9999.0   ,   9990.0
   7
 8 
100.2263      15.7392
100.2228      15.7427
100.2238      15.74542
100.2267      15.74678
100.2289      15.75225
100.2328      15.74578
100.2309      15.74122
100.2263      15.7392
 1 
 1             202           
1
 -9999.0   ,   9990.0
   7
 7 
104.15        15.72858
104.148       15.73383
104.1451      15.73586
104.147       15.73908
104.1505      15.73961
104.1525      15.73481
104.15        15.72858
 1 
 1             203           
1
 -9999.0   ,   9990.0
   7
 9 
100.1371      15.72853
100.1356      15.73128
100.1346      15.7327
100.1363      15.73725
100.1405      15.73622
100.1431      15.73558
100.1455      15.73347
100.1426      15.73006
100.1371      15.72853
 1 
 1             204           
1
 -9999.0   ,   9990.0
   7
 13 
102.7927      15.72236
102.788       15.71906
102.7871      15.7192
102.783       15.71983
102.7826      15.72045
102.7814      15.72264
102.7822      15.72689
102.7836      15.72839
102.7846      15.72945
102.792       15.73045
102.7948      15.72947
102.7957      15.72442
102.7927      15.72236
 1 
 1             205           
1
 -9999.0   ,   9990.0
   7
 7 
100.1669      15.71853
100.1619      15.71858
100.1598      15.72136
100.1598      15.72458
100.1663      15.73025
100.1719      15.72558
100.1669      15.71853
 1 
 1             206           
1
 -9999.0   ,   9990.0
   7
 9 
102.221       15.71558
102.217       15.71611
102.2121      15.71942
102.2107      15.72336
102.2117      15.72517
102.2162      15.72233
102.225       15.72447
102.2266      15.72144
102.221       15.71558
 1 
 1             207           
1
 -9999.0   ,   9990.0
   7
 46 
100.337       15.70228
100.3305      15.69569
100.3134      15.68764
100.3008      15.68433
100.2788      15.68483
100.2735      15.68075
100.268       15.67967
100.265       15.66617
100.2621      15.66414
100.2591      15.66417
100.2512      15.66267
100.2484      15.66453
100.2433      15.67539
100.2401      15.67864
100.2221      15.68228
100.2149      15.68781
100.2087      15.69256
100.1997      15.69106
100.1811      15.69839
100.1783      15.70806
100.1874      15.70889
100.1966      15.71383
100.2097      15.71803
100.2378      15.72206
100.2462      15.72036
100.2526      15.71775
100.2538      15.71567
100.2516      15.71367
100.2488      15.71114
100.2463      15.70703
100.247       15.70472
100.2494      15.7047
100.2606      15.71283
100.2658      15.7137
100.2669      15.71989
100.269       15.71986
100.2834      15.71233
100.2864      15.70864
100.2868      15.7015
100.2884      15.69942
100.2998      15.69767
100.3105      15.70053
100.3249      15.70128
100.3259      15.70814
100.3316      15.70281
100.337       15.70228
 1 
 1             208           
1
 -9999.0   ,   9990.0
   7
 8 
102.1573      15.71517
102.1666      15.70464
102.1648      15.70033
102.1619      15.6997
102.1564      15.70414
102.1538      15.70881
102.1546      15.71244
102.1573      15.71517
 1 
 1             209           
1
 -9999.0   ,   9990.0
   7
 10 
102.1951      15.68781
102.1916      15.68856
102.1893      15.69158
102.1898      15.6955
102.1946      15.69495
102.2006      15.69781
102.2043      15.69728
102.2042      15.69292
102.1999      15.68933
102.1951      15.68781
 1 
 1             210           
1
 -9999.0   ,   9990.0
   7
 20 
100.3324      15.67822
100.3365      15.67839
100.34        15.67606
100.3421      15.67625
100.3507      15.67661
100.3509      15.67594
100.3523      15.67269
100.3459      15.67117
100.3436      15.67036
100.3409      15.66939
100.3333      15.67086
100.3276      15.66611
100.3216      15.66617
100.3147      15.658
100.3109      15.65781
100.309       15.66011
100.3136      15.66581
100.3196      15.67195
100.3283      15.67206
100.3324      15.67822
 1 
 1             211           
1
 -9999.0   ,   9990.0
   7
 6 
103.7323      15.66631
103.7346      15.66978
103.7389      15.67078
103.7399      15.65311
103.7318      15.65367
103.7323      15.66631
 1 
 1             212           
1
 -9999.0   ,   9990.0
   7
 12 
103.3766      15.63989
103.3695      15.64275
103.3673      15.64364
103.3642      15.64656
103.3643      15.65367
103.357       15.66206
103.3589      15.66414
103.3631      15.66492
103.3679      15.66386
103.3748      15.65856
103.3811      15.65375
103.3766      15.63989
 1 
 1             213           
1
 -9999.0   ,   9990.0
   7
 12 
102.0396      15.64406
102.0427      15.64561
102.0471      15.64139
102.0535      15.64081
102.0563      15.63731
102.0548      15.63506
102.0493      15.63308
102.0448      15.63178
102.0427      15.63367
102.0429      15.63578
102.0433      15.63892
102.0396      15.64406
 1 
 1             214           
1
 -9999.0   ,   9990.0
   7
 8 
102.0311      15.61986
102.0276      15.62175
102.0244      15.62847
102.0354      15.63539
102.0368      15.63283
102.0331      15.62647
102.0341      15.62103
102.0311      15.61986
 1 
 1             215           
1
 -9999.0   ,   9990.0
   7
 9 
100.0253      15.61356
100.0226      15.61825
100.0248      15.61631
100.0298      15.61203
100.0332      15.61231
100.0307      15.60819
100.0328      15.60406
100.0313      15.60289
100.0253      15.61356
 1 
 1             216           
1
 -9999.0   ,   9990.0
   7
 9 
103.4833      15.56486
103.4818      15.56597
103.4834      15.5697
103.4897      15.57531
103.4947      15.57653
103.4968      15.57428
103.4955      15.57128
103.4875      15.56586
103.4833      15.56486
 1 
 1             217           
1
 -9999.0   ,   9990.0
   7
 5 
100.1173      15.5555
100.1132      15.56894
100.1172      15.56936
100.1195      15.55525
100.1173      15.5555
 1 
 1             218           
1
 -9999.0   ,   9990.0
   7
 23 
102.7205      15.53914
102.7182      15.539
102.7153      15.54414
102.711       15.54606
102.7101      15.54739
102.7094      15.54839
102.7114      15.55156
102.7203      15.55253
102.7204      15.55253
102.7343      15.55775
102.7397      15.55833
102.7411      15.55753
102.7429      15.5565
102.743       15.55642
102.7431      15.55619
102.7431      15.55617
102.7448      15.55133
102.7431      15.54792
102.7412      15.54733
102.7328      15.54464
102.7323      15.54447
102.7241      15.53936
102.7205      15.53914
 1 
 1             219           
1
 -9999.0   ,   9990.0
   7
 8 
104.2998      15.5347
104.2993      15.53769
104.3028      15.54142
104.3039      15.54511
104.3058      15.54536
104.3073      15.54011
104.3043      15.53522
104.2998      15.5347
 1 
 1             220           
1
 -9999.0   ,   9990.0
   7
 9 
103.0642      15.52292
103.0594      15.52397
103.0543      15.52822
103.0533      15.53211
103.0554      15.53445
103.0625      15.53458
103.0675      15.53217
103.0679      15.52483
103.0642      15.52292
 1 
 1             221           
1
 -9999.0   ,   9990.0
   7
 16 
104.4191      15.50592
104.4188      15.50575
104.4195      15.50547
104.4253      15.50322
104.4261      15.50072
104.4247      15.49953
104.4242      15.49909
104.419       15.49992
104.4133      15.50444
104.4111      15.50922
104.4122      15.51269
104.413       15.51278
104.4169      15.51322
104.4224      15.51147
104.4243      15.50828
104.4191      15.50592
 1 
 1             222           
1
 -9999.0   ,   9990.0
   7
 8 
102.5564      15.48992
102.5557      15.492
102.5577      15.49564
102.564       15.50286
102.5678      15.50347
102.5694      15.50114
102.5616      15.49028
102.5564      15.48992
 1 
 1             223           
1
 -9999.0   ,   9990.0
   7
 8 
102.5816      15.49539
102.5736      15.49553
102.5724      15.49717
102.5777      15.50236
102.5867      15.50172
102.589       15.49845
102.5876      15.49664
102.5816      15.49539
 1 
 1             224           
1
 -9999.0   ,   9990.0
   7
 7 
103.983       15.47172
103.9795      15.4735
103.9784      15.48017
103.9797      15.48592
103.9831      15.48297
103.9844      15.47703
103.983       15.47172
 1 
 1             225           
1
 -9999.0   ,   9990.0
   7
 16 
100.0991      15.44945
100.0915      15.45631
100.0878      15.46531
100.0875      15.46967
100.0895      15.47167
100.0931      15.47217
100.0973      15.46969
100.1032      15.46294
100.1027      15.45911
100.1003      15.45922
100.097       15.46272
100.0962      15.4617
100.098       15.458
100.1082      15.45194
100.1062      15.44933
100.0991      15.44945
 1 
 1             226           
1
 -9999.0   ,   9990.0
   7
 9 
101.6246      15.43328
101.6218      15.43217
101.6215      15.43081
101.6213      15.42989
101.6206      15.4305
101.6171      15.43386
101.6193      15.43703
101.6231      15.43811
101.6246      15.43328
 1 
 1             227           
1
 -9999.0   ,   9990.0
   7
 11 
103.8541      15.41544
103.8528      15.41747
103.8563      15.42328
103.8555      15.42833
103.857       15.43339
103.8613      15.43531
103.8627      15.43281
103.8593      15.42817
103.8598      15.42289
103.8571      15.41617
103.8541      15.41544
 1 
 1             228           
1
 -9999.0   ,   9990.0
   7
 8 
103.6496      15.42395
103.6445      15.42847
103.647       15.43333
103.6508      15.43431
103.6532      15.43344
103.6544      15.43
103.6529      15.42425
103.6496      15.42395
 1 
 1             229           
1
 -9999.0   ,   9990.0
   7
 19 
104.8365      15.3825
104.8316      15.38011
104.8279      15.39089
104.8221      15.39267
104.8178      15.40247
104.8082      15.40694
104.8077      15.41039
104.8111      15.41869
104.8104      15.42283
104.8118      15.42492
104.8184      15.42683
104.8228      15.43033
104.8252      15.42969
104.8274      15.42006
104.8311      15.41322
104.8351      15.39858
104.8354      15.39261
104.8333      15.38822
104.8365      15.3825
 1 
 1             230           
1
 -9999.0   ,   9990.0
   7
 14 
104.4028      15.41356
104.3968      15.4075
104.3958      15.41025
104.398       15.41808
104.4001      15.42042
104.4032      15.42069
104.4066      15.4182
104.4093      15.41136
104.4075      15.40672
104.4037      15.40347
104.3994      15.40272
104.3985      15.40431
104.4036      15.40989
104.4028      15.41356
 1 
 1             231           
1
 -9999.0   ,   9990.0
   7
 6 
103.9189      15.41306
103.921       15.40642
103.9194      15.3995
103.9168      15.40061
103.9146      15.40517
103.9189      15.41306
 1 
 1             232           
1
 -9999.0   ,   9990.0
   7
 8 
103.0854      15.38917
103.0805      15.39642
103.0813      15.39711
103.0861      15.40111
103.0887      15.39933
103.0912      15.39342
103.0894      15.38992
103.0854      15.38917
 1 
 1             233           
1
 -9999.0   ,   9990.0
   7
 9 
103.9513      15.39106
103.9444      15.39231
103.9415      15.39503
103.9408      15.39822
103.9455      15.39945
103.9503      15.39539
103.9548      15.39547
103.9543      15.39225
103.9513      15.39106
 1 
 1             234           
1
 -9999.0   ,   9990.0
   7
 9 
104.4734      15.39733
104.4852      15.39797
104.4905      15.3962
104.4915      15.3937
104.4894      15.39022
104.4846      15.38922
104.4812      15.38528
104.4734      15.39319
104.4734      15.39733
 1 
 1             235           
1
 -9999.0   ,   9990.0
   7
 6 
103.7733      15.38906
103.7714      15.39064
103.7793      15.39606
103.7841      15.39475
103.7861      15.39042
103.7733      15.38906
 1 
 1             236           
1
 -9999.0   ,   9990.0
   7
 9 
103.1641      15.37136
103.1616      15.38003
103.1579      15.38364
103.1562      15.38936
103.1596      15.394
103.1618      15.39106
103.1646      15.38056
103.1662      15.37161
103.1641      15.37136
 1 
 1             237           
1
 -9999.0   ,   9990.0
   7
 7 
100.0734      15.38147
100.0723      15.38769
100.0747      15.39064
100.0794      15.39106
100.0827      15.38917
100.085       15.38525
100.0734      15.38147
 1 
 1             238           
1
 -9999.0   ,   9990.0
   7
 10 
104.4233      15.37389
104.4202      15.37889
104.416       15.37792
104.4142      15.38133
104.4149      15.38594
104.4194      15.38647
104.4261      15.3822
104.429       15.37764
104.4276      15.37508
104.4233      15.37389
 1 
 1             239           
1
 -9999.0   ,   9990.0
   7
 11 
103.1308      15.37717
103.1216      15.37831
103.118       15.37875
103.1175      15.37961
103.1163      15.38147
103.1181      15.38495
103.1205      15.38614
103.1241      15.383
103.1298      15.38242
103.1318      15.37903
103.1308      15.37717
 1 
 1             240           
1
 -9999.0   ,   9990.0
   7
 7 
103.1406      15.36242
103.1381      15.36719
103.1397      15.37067
103.1458      15.37308
103.1476      15.36758
103.1463      15.36367
103.1406      15.36242
 1 
 1             241           
1
 -9999.0   ,   9990.0
   7
 6 
103.7381      15.36181
103.7269      15.36508
103.7273      15.3667
103.7332      15.36978
103.7373      15.36617
103.7381      15.36181
 1 
 1             242           
1
 -9999.0   ,   9990.0
   7
 10 
103.1269      15.34883
103.1247      15.35222
103.1249      15.35545
103.1279      15.3592
103.1289      15.35911
103.1326      15.35881
103.135       15.35678
103.1326      15.35306
103.1302      15.34958
103.1269      15.34883
 1 
 1             243           
1
 -9999.0   ,   9990.0
   7
 7 
104.4955      15.34297
104.4837      15.34533
104.4813      15.34806
104.485       15.35019
104.4948      15.34686
104.4972      15.34414
104.4955      15.34297
 1 
 1             244           
1
 -9999.0   ,   9990.0
   7
 11 
103.6183      15.33314
103.6155      15.3347
103.6164      15.33769
103.6151      15.33958
103.613       15.34269
103.6134      15.34342
103.6153      15.34642
103.6193      15.3435
103.6211      15.33744
103.6209      15.33364
103.6183      15.33314
 1 
 1             245           
1
 -9999.0   ,   9990.0
   7
 8 
101.8239      15.34322
101.823       15.34128
101.8203      15.33903
101.8186      15.33733
101.8154      15.34136
101.8157      15.34294
101.8186      15.34372
101.8239      15.34322
 1 
 1             246           
1
 -9999.0   ,   9990.0
   7
 7 
104.4725      15.33461
104.4653      15.3375
104.4646      15.33908
104.4669      15.34097
104.4788      15.33975
104.4791      15.337
104.4725      15.33461
 1 
 1             247           
1
 -9999.0   ,   9990.0
   7
 10 
104.5031      15.31022
104.5008      15.31111
104.4978      15.31889
104.4926      15.31789
104.4916      15.32178
104.4946      15.32367
104.5013      15.32308
104.5041      15.32106
104.5054      15.31669
104.5031      15.31022
 1 
 1             248           
1
 -9999.0   ,   9990.0
   7
 8 
103.7961      15.32075
103.7932      15.31
103.7905      15.3002
103.7889      15.30042
103.7866      15.30864
103.7878      15.31125
103.7905      15.31697
103.7961      15.32075
 1 
 1             249           
1
 -9999.0   ,   9990.0
   7
 9 
104.0689      15.31067
104.0637      15.3115
104.0615      15.31492
104.0612      15.31814
104.063       15.32044
104.0702      15.31828
104.0723      15.31578
104.0717      15.313
104.0689      15.31067
 1 
 1             250           
1
 -9999.0   ,   9990.0
   7
 8 
104.5405      15.31167
104.5349      15.30447
104.5309      15.3042
104.5299      15.30556
104.5341      15.31114
104.5345      15.31664
104.5361      15.31758
104.5405      15.31167
 1 
 1             251           
1
 -9999.0   ,   9990.0
   7
 14 
104.5729      15.29811
104.5677      15.29919
104.565       15.30122
104.5659      15.30492
104.5699      15.30886
104.5737      15.30983
104.5754      15.30597
104.573       15.30456
104.5731      15.30247
104.5768      15.30208
104.5851      15.30564
104.5865      15.30336
104.5819      15.29917
104.5729      15.29811
 1 
 1             252           
1
 -9999.0   ,   9990.0
   7
 10 
104.1607      15.29739
104.1545      15.29867
104.1514      15.30253
104.1513      15.30689
104.1562      15.30903
104.1603      15.30817
104.1608      15.30589
104.1592      15.30333
104.1614      15.29969
104.1607      15.29739
 1 
 1             253           
1
 -9999.0   ,   9990.0
   7
 15 
104.5181      15.29022
104.5159      15.29433
104.5177      15.29964
104.521       15.30222
104.5238      15.30272
104.5248      15.30136
104.5216      15.29672
104.5228      15.29442
104.5256      15.294
104.5277      15.29703
104.5317      15.29892
104.5332      15.29619
104.5323      15.29342
104.5283      15.29061
104.5181      15.29022
 1 
 1             254           
1
 -9999.0   ,   9990.0
   7
 10 
103.2079      15.26236
103.2025      15.28592
103.2034      15.2887
103.2049      15.28836
103.2081      15.28764
103.2115      15.28495
103.2137      15.27303
103.2138      15.26844
103.2139      15.26269
103.2079      15.26236
 1 
 1             255           
1
 -9999.0   ,   9990.0
   7
 105 
104.8503      15.22233
104.8535      15.22297
104.8535      15.22297
104.877       15.22772
104.88        15.23053
104.8828      15.23169
104.893       15.23597
104.9176      15.22964
104.9255      15.23019
104.9379      15.23722
104.9476      15.23989
104.9526      15.24361
104.9682      15.25508
104.969       15.25547
104.9773      15.25933
104.982       15.26375
104.9898      15.26753
104.997       15.27725
105           15.27917
105           15.27095
104.9622      15.24258
104.9563      15.24044
104.9478      15.23736
104.9262      15.22561
104.9175      15.22433
104.8961      15.23072
104.8911      15.22975
104.8884      15.22786
104.8834      15.22436
104.87        15.21845
104.8535      15.21731
104.8502      15.21153
104.8453      15.20711
104.8392      15.2045
104.8234      15.20336
104.8052      15.20358
104.7992      15.20489
104.7956      15.20975
104.7951      15.21036
104.7975      15.21475
104.8125      15.2207
104.8141      15.2237
104.814       15.22422
104.8137      15.2255
104.8134      15.22714
104.8098      15.231
104.8014      15.23408
104.7995      15.23478
104.7957      15.23458
104.7856      15.23414
104.7766      15.23011
104.7664      15.22033
104.7574      15.20997
104.7436      15.19406
104.7229      15.18297
104.7098      15.17969
104.7035      15.16617
104.7031      15.16089
104.706       15.15931
104.7147      15.16311
104.7222      15.16872
104.7283      15.17089
104.7335      15.17072
104.7371      15.16664
104.7398      15.15953
104.7384      15.15583
104.7277      15.14628
104.706       15.12992
104.7057      15.1322
104.7197      15.14595
104.733       15.15622
104.7346      15.16086
104.7314      15.16678
104.7293      15.16722
104.7232      15.16553
104.7098      15.15592
104.7025      15.15514
104.698       15.15828
104.6979      15.16381
104.7025      15.17353
104.7074      15.17908
104.7099      15.18167
104.7113      15.18328
104.7155      15.18725
104.7285      15.18858
104.7407      15.19839
104.7773      15.23586
104.7883      15.24175
104.7985      15.24256
104.8132      15.23678
104.8187      15.23203
104.8192      15.23106
104.8207      15.2277
104.8208      15.22242
104.8175      15.2187
104.8029      15.21392
104.7989      15.21064
104.8018      15.20747
104.8219      15.20686
104.8231      15.20681
104.8344      15.20833
104.8356      15.209
104.8401      15.21164
104.8464      15.21586
104.8503      15.22233
 1 
 1             256           
1
 -9999.0   ,   9990.0
   7
 9 
104.5991      15.27022
104.595       15.27383
104.596       15.27522
104.6002      15.27483
104.6016      15.27806
104.6035      15.27833
104.6052      15.27445
104.6036      15.27097
104.5991      15.27022
 1 
 1             257           
1
 -9999.0   ,   9990.0
   7
 10 
104.6414      15.25425
104.6393      15.25422
104.6343      15.25783
104.6286      15.25892
104.6271      15.26164
104.6283      15.26556
104.6301      15.26628
104.6385      15.26042
104.6426      15.25633
104.6414      15.25425
 1 
 1             258           
1
 -9999.0   ,   9990.0
   7
 9 
104.9846      15.24311
104.9823      15.24514
104.9827      15.24722
104.9905      15.25214
104.9949      15.25333
104.9959      15.25175
104.9945      15.24828
104.9896      15.24431
104.9846      15.24311
 1 
 1             259           
1
 -9999.0   ,   9990.0
   7
 10 
104.9145      15.23578
104.9123      15.23714
104.9125      15.23967
104.9168      15.24111
104.9275      15.25042
104.9304      15.25022
104.9302      15.24495
104.9272      15.23939
104.9232      15.23706
104.9145      15.23578
 1 
 1             260           
1
 -9999.0   ,   9990.0
   7
 14 
104.2997      15.214
104.2875      15.22372
104.2843      15.23078
104.2835      15.23675
104.286       15.24206
104.2884      15.24325
104.2898      15.24167
104.2885      15.23614
104.2891      15.23086
104.2929      15.22564
104.3037      15.21959
104.3058      15.21639
104.3045      15.21456
104.2997      15.214
 1 
 1             261           
1
 -9999.0   ,   9990.0
   7
 9 
101.9642      15.23367
101.9623      15.23625
101.9626      15.24036
101.966       15.24239
101.9676      15.24178
101.973       15.23972
101.9732      15.23672
101.9718      15.23539
101.9642      15.23367
 1 
 1             262           
1
 -9999.0   ,   9990.0
   7
 8 
103.9834      15.23236
103.977       15.23247
103.9741      15.23519
103.9747      15.2382
103.9783      15.23917
103.984       15.23694
103.9864      15.234
103.9834      15.23236
 1 
 1             263           
1
 -9999.0   ,   9990.0
   7
 9 
100.1137      15.21158
100.1107      15.20897
100.1071      15.2097
100.1019      15.21928
100.1022      15.22406
100.1039      15.22547
100.1074      15.22403
100.1128      15.21683
100.1137      15.21158
 1 
 1             264           
1
 -9999.0   ,   9990.0
   7
 7 
104.6738      15.20761
104.6705      15.21031
104.6683      15.21464
104.6696      15.21972
104.6722      15.21953
104.6769      15.20856
104.6738      15.20761
 1 
 1             265           
1
 -9999.0   ,   9990.0
   7
 13 
100.0916      15.19467
100.087       15.19214
100.0814      15.19408
100.0794      15.19697
100.0797      15.20031
100.0866      15.20742
100.0873      15.20383
100.0858      15.19908
100.0868      15.19786
100.0911      15.19814
100.0939      15.19831
100.0944      15.19617
100.0916      15.19467
 1 
 1             266           
1
 -9999.0   ,   9990.0
   7
 8 
104.692       15.17497
104.6916      15.17658
104.6955      15.18239
104.6938      15.18628
104.6956      15.18836
104.7007      15.18039
104.6982      15.176
104.692       15.17497
 1 
 1             267           
1
 -9999.0   ,   9990.0
   7
 7 
104.4026      15.1567
104.3945      15.1582
104.3889      15.16639
104.3906      15.16894
104.403       15.16222
104.4047      15.15972
104.4026      15.1567
 1 
 1             268           
1
 -9999.0   ,   9990.0
   7
 12 
102.5188      15.1415
102.5152      15.14786
102.5148      15.15225
102.5165      15.15242
102.5188      15.15261
102.5237      15.14631
102.5237      15.14622
102.5259      15.13939
102.5251      15.13319
102.5236      15.13275
102.5202      15.13897
102.5188      15.1415
 1 
 1             269           
1
 -9999.0   ,   9990.0
   7
 8 
104.7074      15.14486
104.7019      15.14478
104.6988      15.14772
104.7         15.14958
104.7094      15.15108
104.7104      15.14972
104.7095      15.14628
104.7074      15.14486
 1 
 1             270           
1
 -9999.0   ,   9990.0
   7
 12 
104.3978      15.13181
104.3935      15.13222
104.3897      15.13492
104.3908      15.13814
104.3953      15.13936
104.3971      15.14144
104.3959      15.14467
104.3992      15.14839
104.4023      15.1475
104.4038      15.14131
104.401       15.13483
104.3978      15.13181
 1 
 1             271           
1
 -9999.0   ,   9990.0
   7
 8 
103.4257      15.12594
103.4279      15.12231
103.427       15.11953
103.4217      15.1215
103.4183      15.12764
103.4187      15.13111
103.422       15.13139
103.4257      15.12594
 1 
 1             272           
1
 -9999.0   ,   9990.0
   7
 8 
103.6314      15.0882
103.6249      15.09197
103.6233      15.09472
103.6249      15.09728
103.6291      15.09664
103.633       15.09328
103.634       15.08914
103.6314      15.0882
 1 
 1             273           
1
 -9999.0   ,   9990.0
   7
 14 
102.5055      15.06853
102.5072      15.05883
102.5048      15.05475
102.4971      15.06181
102.4937      15.06831
102.4835      15.07725
102.4857      15.08111
102.4905      15.08492
102.4943      15.08575
102.4972      15.07881
102.5051      15.07958
102.5069      15.077
102.5027      15.07203
102.5055      15.06853
 1 
 1             274           
1
 -9999.0   ,   9990.0
   7
 7 
103.5147      15.04478
103.5137      15.04683
103.5178      15.05611
103.5207      15.05225
103.5201      15.04833
103.518       15.04553
103.5147      15.04478
 1 
 1             275           
1
 -9999.0   ,   9990.0
   7
 13 
100.0812      15.03186
100.0814      15.03247
100.0848      15.04033
100.0826      15.05367
100.0854      15.05547
100.0899      15.04786
100.0934      15.0455
100.1047      15.04261
100.102       15.03919
100.0945      15.03836
100.089       15.03292
100.0842      15.03092
100.0812      15.03186
 1 
 1             276           
1
 -9999.0   ,   9990.0
   7
 10 
102.8562      15.02253
102.8574      15.02108
102.8562      15.01858
102.8519      15.01525
102.8488      15.01278
102.8465      15.0187
102.8457      15.02078
102.8455      15.02125
102.8558      15.02297
102.8562      15.02253
 1 
 1             277           
1
 -9999.0   ,   9990.0
   7
 7 
104.2462      15
104.2399      15
104.2437      15.00889
104.2485      15.01608
104.2523      15.01731
104.2545      15.01503
104.2462      15
