Index,Name,FromYear,ToYear,Area,Type,References,MemberOf,ColorR,ColorG,ColorB,Generated,SourceRun,geometry
1,Roman Republic,-509.4,-507.5,933.6,POLITY,,,240,240,160,2026-08-16,Roman Republic,"MULTIPOLYGON (((13.34022 41.29117, 13.31817 41.29325, 13.303…"
2,Roman Republic,-507.5,-504.5,778.0,POLITY,,,240,240,160,2026-08-16,Roman Republic,"POLYGON ((12.37033 41.68764, 12.3821 41.6962, 12.3934 41.707…"
3,Roman Republic,-504.5,-504.4,924.3,POLITY,,,240,240,160,2026-08-16,Roman Republic,"POLYGON ((12.22911 41.74614, 12.22028 41.746, 12.21695 41.74…"
4,Roman Republic,-504.4,-500.5,995.9,POLITY,,,240,240,160,2026-08-16,Roman Republic,"POLYGON ((12.22028 41.746, 12.21695 41.74811, 12.22381 41.75…"
5,Roman Republic,-500.5,-499.5,1046.5,POLITY,,,240,240,160,2026-08-16,Roman Republic,"POLYGON ((12.22028 41.746, 12.21695 41.74811, 12.22381 41.75…"
6,Roman Republic,-499.5,-494.5,1457.7,POLITY,,,240,240,160,2026-08-16,Roman Republic,"MULTIPOLYGON (((12.9225 41.9042, 12.93 41.9, 12.9408 41.8925…"
7,Roman Republic,-494.5,-492.5,1568.1,POLITY,,,240,240,160,2026-08-16,Roman Republic,"MULTIPOLYGON (((12.7308 41.7058, 12.7283 41.7133, 12.7283 41…"
8,Roman Republic,-492.5,-482.5,1157.0,POLITY,,,240,240,160,2026-08-16,Roman Republic,"MULTIPOLYGON (((12.7292 41.6925, 12.7308 41.7058, 12.7283 41…"
9,Roman Republic,-482.5,-477.5,1075.3,POLITY,,,240,240,160,2026-08-16,Roman Republic,"MULTIPOLYGON (((12.7292 41.6925, 12.7308 41.7058, 12.7283 41…"
10,Roman Republic,-477.5,-476.5,984.6,POLITY,,,240,240,160,2026-08-16,Roman Republic,"MULTIPOLYGON (((12.7292 41.6925, 12.7308 41.7058, 12.7283 41…"
11,Roman Republic,-476.5,-474.5,1075.3,POLITY,,,240,240,160,2026-08-16,Roman Republic,"MULTIPOLYGON (((12.7292 41.6925, 12.7308 41.7058, 12.7283 41…"
12,Roman Republic,-474.5,-467.6,1106.5,POLITY,,,240,240,160,2026-08-16,Roman Republic,"MULTIPOLYGON (((12.7292 41.6925, 12.7308 41.7058, 12.7283 41…"
13,Roman Republic,-467.6,-459.8,1219.3,POLITY,,,240,240,160,2026-08-16,Roman Republic,"MULTIPOLYGON (((12.70103 41.44897, 12.68358 41.45567, 12.672…"
14,Roman Republic,-459.8,-459.6,1106.5,POLITY,,,240,240,160,2026-08-16,Roman Republic,"MULTIPOLYGON (((12.7292 41.6925, 12.7308 41.7058, 12.7283 41…"
15,Roman Republic,-459.6,-438.5,1219.3,POLITY,,,240,240,160,2026-08-16,Roman Republic,"MULTIPOLYGON (((12.70103 41.44897, 12.68358 41.45567, 12.672…"
16,Roman Republic,-438.5,-435.4,1188.2,POLITY,,,240,240,160,2026-08-16,Roman Republic,"MULTIPOLYGON (((12.70103 41.44897, 12.68358 41.45567, 12.672…"
17,Roman Republic,-435.4,-426.6,1219.3,POLITY,,,240,240,160,2026-08-16,Roman Republic,"MULTIPOLYGON (((12.70103 41.44897, 12.68358 41.45567, 12.672…"
18,Roman Republic,-426.6,-426.4,1188.2,POLITY,,,240,240,160,2026-08-16,Roman Republic,"MULTIPOLYGON (((12.70103 41.44897, 12.68358 41.45567, 12.672…"
19,Roman Republic,-426.4,-418.2,1219.3,POLITY,,,240,240,160,2026-08-16,Roman Republic,"MULTIPOLYGON (((12.70103 41.44897, 12.68358 41.45567, 12.672…"
20,Roman Republic,-418.2,-410.7,1266.2,POLITY,,,240,240,160,2026-08-16,Roman Republic,"MULTIPOLYGON (((12.68358 41.45567, 12.67208 41.45675, 12.667…"
21,Roman Republic,-410.7,-410.3,1155.6,POLITY,,,240,240,160,2026-08-16,Roman Republic,"MULTIPOLYGON (((12.70103 41.44897, 12.68358 41.45567, 12.672…"
22,Roman Republic,-410.3,-406.5,1266.2,POLITY,,,240,240,160,2026-08-16,Roman Republic,"MULTIPOLYGON (((12.68358 41.45567, 12.67208 41.45675, 12.667…"
23,Roman Republic,-406.5,-405.7,1421.7,POLITY,,,240,240,160,2026-08-16,Roman Republic,"MULTIPOLYGON (((13.30314 41.29631, 13.27828 41.29592, 13.270…"
24,Roman Republic,-405.7,-402.5,1472.2,POLITY,,,240,240,160,2026-08-16,Roman Republic,"MULTIPOLYGON (((13.30314 41.29631, 13.27828 41.29592, 13.270…"
25,Roman Republic,-402.5,-400.5,1316.7,POLITY,,,240,240,160,2026-08-16,Roman Republic,"MULTIPOLYGON (((12.68358 41.45567, 12.67208 41.45675, 12.667…"
26,Roman Republic,-400.5,-396.5,1472.2,POLITY,,,240,240,160,2026-08-16,Roman Republic,"MULTIPOLYGON (((13.30314 41.29631, 13.27828 41.29592, 13.270…"
27,Roman Republic,-396.5,-395.5,1853.5,POLITY,,,240,240,160,2026-08-16,Roman Republic,"MULTIPOLYGON (((12.21695 41.74811, 12.22381 41.75536, 12.219…"
28,Roman Republic,-395.5,-394.6,2028.3,POLITY,,,240,240,160,2026-08-16,Roman Republic,"MULTIPOLYGON (((12.21695 41.74811, 12.22381 41.75536, 12.219…"
29,Roman Republic,-394.6,-389.9,2189.2,POLITY,,,240,240,160,2026-08-16,Roman Republic,"MULTIPOLYGON (((12.21695 41.74811, 12.22381 41.75536, 12.219…"
30,Roman Republic,-389.9,-389.3,1965.8,POLITY,,,240,240,160,2026-08-16,Roman Republic,"MULTIPOLYGON (((12.21695 41.74811, 12.22381 41.75536, 12.219…"
31,Roman Republic,-389.3,-387.5,2068.9,POLITY,,,240,240,160,2026-08-16,Roman Republic,"MULTIPOLYGON (((12.21695 41.74811, 12.22381 41.75536, 12.219…"
32,Roman Republic,-387.5,-385.5,2289.9,POLITY,,,240,240,160,2026-08-16,Roman Republic,"MULTIPOLYGON (((12.21695 41.74811, 12.22381 41.75536, 12.219…"
33,Roman Republic,-385.5,-383.5,2322.2,POLITY,,,240,240,160,2026-08-16,Roman Republic,"MULTIPOLYGON (((12.21695 41.74811, 12.22381 41.75536, 12.219…"
34,Roman Republic,-383.5,-381.6,2219.1,POLITY,,,240,240,160,2026-08-16,Roman Republic,"MULTIPOLYGON (((12.21695 41.74811, 12.22381 41.75536, 12.219…"
35,Roman Republic,-381.6,-381.3,2186.8,POLITY,,,240,240,160,2026-08-16,Roman Republic,"MULTIPOLYGON (((12.21695 41.74811, 12.22381 41.75536, 12.219…"
36,Roman Republic,-381.3,-380.1,2229.9,POLITY,,,240,240,160,2026-08-16,Roman Republic,"MULTIPOLYGON (((12.21695 41.74811, 12.22381 41.75536, 12.219…"
37,Roman Republic,-380.1,-377.4,2340.5,POLITY,,,240,240,160,2026-08-16,Roman Republic,"MULTIPOLYGON (((12.21695 41.74811, 12.22381 41.75536, 12.219…"
38,Roman Republic,-377.4,-371.5,2453.3,POLITY,,,240,240,160,2026-08-16,Roman Republic,"MULTIPOLYGON (((12.21695 41.74811, 12.22381 41.75536, 12.219…"
39,Roman Republic,-371.5,-367.5,2342.8,POLITY,,,240,240,160,2026-08-16,Roman Republic,"MULTIPOLYGON (((12.21695 41.74811, 12.22381 41.75536, 12.219…"
40,Roman Republic,-367.5,-361.7,2453.3,POLITY,,,240,240,160,2026-08-16,Roman Republic,"MULTIPOLYGON (((12.21695 41.74811, 12.22381 41.75536, 12.219…"
41,Roman Republic,-361.7,-358.6,2471.4,POLITY,,,240,240,160,2026-08-16,Roman Republic,"MULTIPOLYGON (((12.22381 41.75536, 12.21964 41.76019, 12.218…"
42,Roman Republic,-358.6,-357.7,2453.3,POLITY,,,240,240,160,2026-08-16,Roman Republic,"MULTIPOLYGON (((12.21695 41.74811, 12.22381 41.75536, 12.219…"
43,Roman Republic,-357.7,-355.5,2292.4,POLITY,,,240,240,160,2026-08-16,Roman Republic,"MULTIPOLYGON (((12.21695 41.74811, 12.22381 41.75536, 12.219…"
44,Roman Republic,-355.5,-353.5,2313.2,POLITY,,,240,240,160,2026-08-16,Roman Republic,"MULTIPOLYGON (((12.21695 41.74811, 12.22381 41.75536, 12.219…"
45,Roman Republic,-353.5,-348.5,2654.9,POLITY,,,240,240,160,2026-08-16,Roman Republic,"MULTIPOLYGON (((12.22381 41.75536, 12.21964 41.76019, 12.218…"
46,Roman Republic,-348.5,-347.7,2687.2,POLITY,,,240,240,160,2026-08-16,Roman Republic,"MULTIPOLYGON (((12.22381 41.75536, 12.21964 41.76019, 12.218…"
47,Roman Republic,-347.7,-341.2,2542.1,POLITY,,,240,240,160,2026-08-16,Roman Republic,"MULTIPOLYGON (((12.21695 41.74811, 12.22381 41.75536, 12.219…"
48,Roman Republic,-341.2,-340.2,2600.5,POLITY,,,240,240,160,2026-08-16,Roman Republic,"MULTIPOLYGON (((12.5267 41.6767, 12.5267 41.6708, 12.5233 41…"
49,Roman Republic,-340.2,-338.5,4245.8,POLITY,,,240,240,160,2026-08-16,Roman Republic,"MULTIPOLYGON (((12.5267 41.6767, 12.5267 41.6708, 12.5233 41…"
50,Roman Republic,-338.5,-334.5,7634.8,POLITY,,,240,240,160,2026-08-16,Roman Republic,"MULTIPOLYGON (((12.67208 41.45675, 12.66728 41.45889, 12.656…"
51,Roman Republic,-334.5,-320.4,8025.5,POLITY,,,240,240,160,2026-08-16,Roman Republic,"POLYGON ((12.72139 41.43881, 12.70103 41.44897, 12.68358 41.…"
52,Roman Republic,-320.4,-315.6,8451.0,POLITY,,,240,240,160,2026-08-16,Roman Republic,"MULTIPOLYGON (((12.72139 41.43881, 12.70103 41.44897, 12.683…"
53,Roman Republic,-315.6,-313.3,8111.1,POLITY,,,240,240,160,2026-08-16,Roman Republic,"MULTIPOLYGON (((12.72139 41.43881, 12.70103 41.44897, 12.683…"
54,Roman Republic,-313.3,-312.3,8025.5,POLITY,,,240,240,160,2026-08-16,Roman Republic,"POLYGON ((12.72139 41.43881, 12.70103 41.44897, 12.68358 41.…"
55,Roman Republic,-312.3,-303.5,8097.5,POLITY,,,240,240,160,2026-08-16,Roman Republic,"MULTIPOLYGON (((12.72139 41.43881, 12.70103 41.44897, 12.683…"
56,Roman Republic,-303.5,-303.4,8737.6,POLITY,,,240,240,160,2026-08-16,Roman Republic,"MULTIPOLYGON (((12.72139 41.43881, 12.70103 41.44897, 12.683…"
57,Roman Republic,-303.4,-293.5,10674.4,POLITY,,,240,240,160,2026-08-16,Roman Republic,"MULTIPOLYGON (((12.72139 41.43881, 12.70103 41.44897, 12.683…"
58,Roman Republic,-293.5,-293.2,10513.5,POLITY,,,240,240,160,2026-08-16,Roman Republic,"MULTIPOLYGON (((12.72139 41.43881, 12.70103 41.44897, 12.683…"
59,Roman Republic,-293.2,-290.2,10674.4,POLITY,,,240,240,160,2026-08-16,Roman Republic,"MULTIPOLYGON (((12.72139 41.43881, 12.70103 41.44897, 12.683…"
60,Roman Republic,-290.2,-283.4,17479.9,POLITY,,,240,240,160,2026-08-16,Roman Republic,"MULTIPOLYGON (((12.72139 41.43881, 12.70103 41.44897, 12.683…"
61,Roman Republic,-283.4,-282.6,20071.4,POLITY,,,240,240,160,2026-08-16,Roman Republic,"MULTIPOLYGON (((12.72139 41.43881, 12.70103 41.44897, 12.683…"
62,Roman Republic,-282.6,-282.4,20270.4,POLITY,,,240,240,160,2026-08-16,Roman Republic,"MULTIPOLYGON (((12.72139 41.43881, 12.70103 41.44897, 12.683…"
63,Roman Republic,-282.4,-282.3,20604.8,POLITY,,,240,240,160,2026-08-16,Roman Republic,"MULTIPOLYGON (((12.72139 41.43881, 12.70103 41.44897, 12.683…"
64,Roman Republic,-282.3,-281.2,20405.9,POLITY,,,240,240,160,2026-08-16,Roman Republic,"MULTIPOLYGON (((12.72139 41.43881, 12.70103 41.44897, 12.683…"
65,Roman Republic,-281.2,-280.4,20604.8,POLITY,,,240,240,160,2026-08-16,Roman Republic,"MULTIPOLYGON (((12.72139 41.43881, 12.70103 41.44897, 12.683…"
66,Roman Republic,-280.4,-280.3,20071.4,POLITY,,,240,240,160,2026-08-16,Roman Republic,"MULTIPOLYGON (((12.72139 41.43881, 12.70103 41.44897, 12.683…"
67,Roman Republic,-280.3,-278.9,20225.8,POLITY,,,240,240,160,2026-08-16,Roman Republic,"MULTIPOLYGON (((12.72139 41.43881, 12.70103 41.44897, 12.683…"
68,Roman Republic,-278.9,-273.5,20071.4,POLITY,,,240,240,160,2026-08-16,Roman Republic,"MULTIPOLYGON (((12.72139 41.43881, 12.70103 41.44897, 12.683…"
69,Roman Republic,-273.5,-272.5,20944.7,POLITY,,,240,240,160,2026-08-16,Roman Republic,"MULTIPOLYGON (((12.72139 41.43881, 12.70103 41.44897, 12.683…"
70,Roman Republic,-272.5,-268.6,21145.4,POLITY,,,240,240,160,2026-08-16,Roman Republic,"MULTIPOLYGON (((12.72139 41.43881, 12.70103 41.44897, 12.683…"
71,Roman Republic,-268.6,-268.5,25178.6,POLITY,,,240,240,160,2026-08-16,Roman Republic,"MULTIPOLYGON (((12.66728 41.45889, 12.65603 41.45883, 12.65 …"
72,Roman Republic,-268.5,-267.5,25002.1,POLITY,,,240,240,160,2026-08-16,Roman Republic,"MULTIPOLYGON (((12.66728 41.45889, 12.65603 41.45883, 12.65 …"
73,Roman Republic,-267.5,-264.6,26737.2,POLITY,,,240,240,160,2026-08-16,Roman Republic,"MULTIPOLYGON (((12.70103 41.44897, 12.68358 41.45567, 12.672…"
74,Roman Republic,-264.6,-263.5,28974.7,POLITY,,,240,240,160,2026-08-16,Roman Republic,"MULTIPOLYGON (((12.66728 41.45889, 12.65603 41.45883, 12.65 …"
75,Roman Republic,-263.5,-261.5,28537.3,POLITY,,,240,240,160,2026-08-16,Roman Republic,"MULTIPOLYGON (((12.66728 41.45889, 12.65603 41.45883, 12.65 …"
76,Roman Republic,-261.5,-260.3,40243.6,POLITY,,,240,240,160,2026-08-16,Roman Republic,"MULTIPOLYGON (((12.70103 41.44897, 12.68358 41.45567, 12.672…"
77,Roman Republic,-260.3,-259.6,43726.1,POLITY,,,240,240,160,2026-08-16,Roman Republic,"MULTIPOLYGON (((12.70103 41.44897, 12.68358 41.45567, 12.672…"
78,Roman Republic,-259.6,-258.5,43889.5,POLITY,,,240,240,160,2026-08-16,Roman Republic,"MULTIPOLYGON (((12.70103 41.44897, 12.68358 41.45567, 12.672…"
79,Roman Republic,-258.5,-258.3,46021.2,POLITY,,,240,240,160,2026-08-16,Roman Republic,"MULTIPOLYGON (((12.70103 41.44897, 12.68358 41.45567, 12.672…"
80,Roman Republic,-258.3,-254.1,46964.0,POLITY,,,240,240,160,2026-08-16,Roman Republic,"MULTIPOLYGON (((12.70103 41.44897, 12.68358 41.45567, 12.672…"
81,Roman Republic,-254.1,-1.0,49551.8,POLITY,,,240,240,160,2026-08-16,Roman Republic,"MULTIPOLYGON (((12.70103 41.44897, 12.68358 41.45567, 12.672…"
82,Antium,-467.6,-459.8,112.8,POLITY,,(Roman Republic),240,240,172,2026-08-16,Roman Republic,"POLYGON ((12.72661 41.43525, 12.7282 41.4355, 12.729 41.448,…"
83,Antium,-459.6,-389.9,112.8,POLITY,,(Roman Republic),240,240,172,2026-08-16,Roman Republic,"POLYGON ((12.72661 41.43525, 12.7282 41.4355, 12.729 41.448,…"
84,Antium,-377.4,-347.7,112.8,POLITY,,(Roman Republic),240,240,172,2026-08-16,Roman Republic,"POLYGON ((12.72661 41.43525, 12.7282 41.4355, 12.729 41.448,…"
85,Anxur,-509.4,-507.5,155.5,POLITY,,(Roman Republic),240,241,167,2026-08-16,Roman Republic,"POLYGON ((13.3479 41.2897, 13.3481 41.3037, 13.3458 41.3161,…"
86,Anxur,-406.5,-402.5,155.5,POLITY,,(Roman Republic),240,241,167,2026-08-16,Roman Republic,"POLYGON ((13.3479 41.2897, 13.3481 41.3037, 13.3458 41.3161,…"
87,Anxur,-400.5,-338.5,155.5,POLITY,,(Roman Republic),240,241,167,2026-08-16,Roman Republic,"POLYGON ((13.3479 41.2897, 13.3481 41.3037, 13.3458 41.3161,…"
88,Army,-505.6,-505.4,213.8,TRANSIENT,,(Roman Republic),240,240,161,2026-08-16,Roman Republic,"POLYGON ((12.5608 41.9928, 12.5792 42.0203, 12.5933 42.0428,…"
89,Army,-504.6,-504.4,150.8,TRANSIENT,,(Roman Republic),240,240,161,2026-08-16,Roman Republic,"POLYGON ((12.4525 41.908, 12.4558 41.9339, 12.4617 41.958, 1…"
90,Army,-503.6,-503.5,213.8,TRANSIENT,,(Roman Republic),240,240,161,2026-08-16,Roman Republic,"POLYGON ((12.5608 41.9928, 12.5792 42.0203, 12.5933 42.0428,…"
91,Army,-503.5,-503.4,376.6,TRANSIENT,,(Roman Republic),240,240,161,2026-08-16,Roman Republic,"MULTIPOLYGON (((12.5417 41.8525, 12.5625 41.8183, 12.5775 41…"
92,Army,-502.6,-502.5,213.8,TRANSIENT,,(Roman Republic),240,240,161,2026-08-16,Roman Republic,"POLYGON ((12.5608 41.9928, 12.5792 42.0203, 12.5933 42.0428,…"
93,Army,-502.5,-502.4,406.8,TRANSIENT,,(Roman Republic),240,240,161,2026-08-16,Roman Republic,"MULTIPOLYGON (((12.8225 41.6225, 12.8433 41.6175, 12.8542 41…"
94,Army,-502.4,-502.3,193.0,TRANSIENT,,(Roman Republic),240,240,161,2026-08-16,Roman Republic,"POLYGON ((12.7983 41.6233, 12.8225 41.6225, 12.8433 41.6175,…"
95,Army,-495.6,-495.4,97.4,TRANSIENT,,(Roman Republic),240,240,161,2026-08-16,Roman Republic,"POLYGON ((12.4966 41.8469, 12.5121 41.8345, 12.5348 41.8179,…"
96,Army,-494.6,-494.4,298.6,TRANSIENT,,(Roman Republic),240,240,161,2026-08-16,Roman Republic,"MULTIPOLYGON (((12.735 41.7667, 12.7667 41.76, 12.7967 41.74…"
97,Army,-493.5,-493.3,74.4,TRANSIENT,,(Roman Republic),240,240,161,2026-08-16,Roman Republic,"POLYGON ((12.6408 41.7342, 12.6483 41.7233, 12.6625 41.7125,…"
98,Army,-490.6,-490.5,21.2,TRANSIENT,,(Roman Republic),240,240,161,2026-08-16,Roman Republic,"POLYGON ((12.6833 41.9683, 12.7033 41.9733, 12.72 41.9767, 1…"
99,Army,-487.6,-487.4,58.8,TRANSIENT,,(Roman Republic),240,240,161,2026-08-16,Roman Republic,"POLYGON ((12.4831 41.8655, 12.4976 41.8469, 12.5224 41.8304,…"
100,Army,-486.6,-486.4,213.2,TRANSIENT,,(Roman Republic),240,240,161,2026-08-16,Roman Republic,"POLYGON ((12.6367 41.7567, 12.6667 41.745, 12.695 41.745, 12…"
101,Army,-485.6,-485.4,214.3,TRANSIENT,,(Roman Republic),240,240,161,2026-08-16,Roman Republic,"MULTIPOLYGON (((12.7983 41.6233, 12.8225 41.6225, 12.8433 41…"
102,Army,-484.5,-484.3,26.2,TRANSIENT,,(Roman Republic),240,240,161,2026-08-16,Roman Republic,"POLYGON ((12.59 41.7217, 12.6025 41.7042, 12.6125 41.6892, 1…"
103,Army,-481.5,-481.3,32.6,TRANSIENT,,(Roman Republic),240,240,161,2026-08-16,Roman Republic,"POLYGON ((12.6342 41.865, 12.6517 41.8675, 12.6742 41.8708, …"
104,Army,-480.6,-480.4,80.4,TRANSIENT,,(Roman Republic),240,240,161,2026-08-16,Roman Republic,"POLYGON ((12.4625 41.8808, 12.4425 41.8817, 12.4292 41.8925,…"
105,Army,-479.6,-479.4,32.6,TRANSIENT,,(Roman Republic),240,240,161,2026-08-16,Roman Republic,"POLYGON ((12.6342 41.865, 12.6517 41.8675, 12.6742 41.8708, …"
106,Army,-477.6,-477.5,193.0,TRANSIENT,,(Roman Republic),240,240,161,2026-08-16,Roman Republic,"POLYGON ((12.7983 41.6233, 12.8225 41.6225, 12.8433 41.6175,…"
107,Army,-476.6,-476.4,39.9,TRANSIENT,,(Roman Republic),240,240,161,2026-08-16,Roman Republic,"POLYGON ((12.4683 41.9058, 12.4617 41.9142, 12.4508 41.93, 1…"
108,Army,-475.6,-475.4,45.5,TRANSIENT,,(Roman Republic),240,240,161,2026-08-16,Roman Republic,"POLYGON ((12.4842 41.9934, 12.4867 42.0109, 12.4942 42.0309,…"
109,Army,-475.4,-475.2,115.4,TRANSIENT,,(Roman Republic),240,240,161,2026-08-16,Roman Republic,"POLYGON ((12.7117 41.7817, 12.7333 41.7858, 12.765 41.7833, …"
110,Army,-471.6,-471.5,105.1,TRANSIENT,,(Roman Republic),240,240,161,2026-08-16,Roman Republic,"MULTIPOLYGON (((12.5133 41.845, 12.53 41.8533, 12.5508 41.85…"
111,Army,-471.5,-471.4,89.2,TRANSIENT,,(Roman Republic),240,240,161,2026-08-16,Roman Republic,"POLYGON ((12.545 41.9458, 12.5825 41.9533, 12.6275 41.9658, …"
112,Army,-470.6,-470.4,195.3,TRANSIENT,,(Roman Republic),240,240,161,2026-08-16,Roman Republic,"POLYGON ((12.6833 41.955, 12.7283 41.96, 12.765 41.955, 12.7…"
113,Army,-469.6,-469.5,186.0,TRANSIENT,,(Roman Republic),240,240,161,2026-08-16,Roman Republic,"MULTIPOLYGON (((12.6392 41.4725, 12.62 41.4725, 12.6125 41.4…"
114,Army,-469.5,-469.3,213.8,TRANSIENT,,(Roman Republic),240,240,161,2026-08-16,Roman Republic,"POLYGON ((12.5608 41.9928, 12.5792 42.0203, 12.5933 42.0428,…"
115,Army,-468.6,-468.5,213.8,TRANSIENT,,(Roman Republic),240,240,161,2026-08-16,Roman Republic,"POLYGON ((12.5608 41.9928, 12.5792 42.0203, 12.5933 42.0428,…"
116,Army,-468.5,-468.4,379.5,TRANSIENT,,(Roman Republic),240,240,161,2026-08-16,Roman Republic,"MULTIPOLYGON (((12.6392 41.4725, 12.62 41.4725, 12.6125 41.4…"
117,Army,-468.4,-467.7,175.9,TRANSIENT,,(Roman Republic),240,240,161,2026-08-16,Roman Republic,"POLYGON ((12.651 41.4811, 12.6543 41.4715, 12.656 41.459, 12…"
118,Army,-467.7,-467.6,371.3,TRANSIENT,,(Roman Republic),240,240,161,2026-08-16,Roman Republic,"MULTIPOLYGON (((12.651 41.4811, 12.6543 41.4715, 12.656 41.4…"
119,Army,-467.6,-467.5,175.9,TRANSIENT,,(Roman Republic),240,240,161,2026-08-16,Roman Republic,"POLYGON ((12.651 41.4811, 12.6543 41.4715, 12.656 41.459, 12…"
120,Army,-466.6,-466.4,89.2,TRANSIENT,,(Roman Republic),240,240,161,2026-08-16,Roman Republic,"POLYGON ((12.545 41.9458, 12.5825 41.9533, 12.6275 41.9658, …"
121,Army,-465.6,-465.4,45.2,TRANSIENT,,(Roman Republic),240,240,161,2026-08-16,Roman Republic,"POLYGON ((12.6917 41.7858, 12.7167 41.79, 12.7408 41.7917, 1…"
122,Army,-464.6,-464.5,89.4,TRANSIENT,,(Roman Republic),240,240,161,2026-08-16,Roman Republic,"POLYGON ((12.6667 41.7433, 12.6908 41.7358, 12.7317 41.725, …"
123,Army,-464.5,-464.3,213.2,TRANSIENT,,(Roman Republic),240,240,161,2026-08-16,Roman Republic,"POLYGON ((12.6667 41.745, 12.695 41.745, 12.7417 41.7367, 12…"
124,Army,-462.6,-462.5,328.6,TRANSIENT,,(Roman Republic),240,240,161,2026-08-16,Roman Republic,"MULTIPOLYGON (((12.7983 41.6233, 12.8225 41.6225, 12.8433 41…"
125,Army,-462.5,-462.4,348.2,TRANSIENT,,(Roman Republic),240,240,161,2026-08-16,Roman Republic,"MULTIPOLYGON (((12.8225 41.6225, 12.8433 41.6175, 12.8542 41…"
126,Army,-462.4,-462.3,155.2,TRANSIENT,,(Roman Republic),240,240,161,2026-08-16,Roman Republic,"POLYGON ((12.8408 41.7808, 12.8792 41.7808, 12.9075 41.7742,…"
127,Army,-462.3,-462.1,156.5,TRANSIENT,,(Roman Republic),240,240,161,2026-08-16,Roman Republic,"POLYGON ((13.0508 41.7592, 13.0142 41.7475, 12.9867 41.7358,…"
128,Army,-459.7,-459.6,175.9,TRANSIENT,,(Roman Republic),240,240,161,2026-08-16,Roman Republic,"POLYGON ((12.651 41.4811, 12.6543 41.4715, 12.656 41.459, 12…"
129,Army,-459.6,-459.4,232.0,TRANSIENT,,(Roman Republic),240,240,161,2026-08-16,Roman Republic,"POLYGON ((12.651 41.4811, 12.6543 41.4715, 12.656 41.459, 12…"
130,Army,-459.4,-459.2,383.4,TRANSIENT,,(Roman Republic),240,240,161,2026-08-16,Roman Republic,"POLYGON ((12.651 41.4811, 12.6543 41.4715, 12.656 41.459, 12…"
131,Army,-458.6,-458.5,326.7,TRANSIENT,,(Roman Republic),240,240,161,2026-08-16,Roman Republic,"MULTIPOLYGON (((12.6625 41.8533, 12.6933 41.855, 12.72 41.85…"
132,Army,-458.5,-458.4,269.3,TRANSIENT,,(Roman Republic),240,240,161,2026-08-16,Roman Republic,"MULTIPOLYGON (((12.7783 41.8, 12.7925 41.7992, 12.8 41.7958,…"
133,Army,-458.4,-458.3,5.5,TRANSIENT,,(Roman Republic),240,240,161,2026-08-16,Roman Republic,"POLYGON ((12.7733 41.7908, 12.7708 41.7808, 12.7783 41.7758,…"
134,Army,-457.5,-457.3,78.9,TRANSIENT,,(Roman Republic),240,240,161,2026-08-16,Roman Republic,"POLYGON ((12.6217 41.8425, 12.6217 41.8425, 12.6517 41.8392,…"
135,Army,-455.6,-455.4,78.9,TRANSIENT,,(Roman Republic),240,240,161,2026-08-16,Roman Republic,"POLYGON ((12.6217 41.8425, 12.6217 41.8425, 12.6517 41.8392,…"
136,Army,-325.7,-325.3,1601.1,TRANSIENT,,(Roman Republic),240,240,161,2026-08-16,Roman Republic,"POLYGON ((14.0483 41.2986, 14.1372 41.311, 14.2407 41.3297, …"
137,Army,-314.6,-314.4,689.6,TRANSIENT,,(Roman Republic),240,240,161,2026-08-16,Roman Republic,"POLYGON ((14.3255 41.1383, 14.3814 41.1714, 14.4393 41.2024,…"
138,Army,-295.7,-295.4,242.7,TRANSIENT,,(Roman Republic),240,240,161,2026-08-16,Roman Republic,"POLYGON ((12.0125 42.7794, 12.0207 42.767, 12.0518 42.7297, …"
139,Army,-295.2,-295.0,135.5,TRANSIENT,,(Roman Republic),240,240,161,2026-08-16,Roman Republic,"POLYGON ((12.1953 42.6111, 12.245 42.6214, 12.2926 42.6338, …"
140,Army,-278.8,-278.7,8.6,TRANSIENT,,(Roman Republic),240,240,161,2026-08-16,Roman Republic,"POLYGON ((15.6524 38.1233, 15.6573 38.1274, 15.6621 38.133, …"
141,Army of A. Postumus Albus,-499.6,-499.4,51.1,TRANSIENT,,(Roman Republic),240,240,163,2026-08-16,Roman Republic,"POLYGON ((12.5333 41.9, 12.5525 41.8892, 12.5692 41.8742, 12…"
142,Army of Appius Claudius,-362.5,-362.3,213.2,TRANSIENT,,(Roman Republic),240,242,163,2026-08-16,Roman Republic,"POLYGON ((12.6367 41.7567, 12.6667 41.745, 12.695 41.745, 12…"
143,Army of Cincinnatus,-458.4,-458.2,78.9,TRANSIENT,,(Roman Republic),240,240,173,2026-08-16,Roman Republic,"POLYGON ((12.6217 41.8425, 12.6217 41.8425, 12.6517 41.8392,…"
144,Army of Cornelius Cossus,-407.8,-407.6,198.3,TRANSIENT,,(Roman Republic),240,241,166,2026-08-16,Roman Republic,"POLYGON ((12.6567 41.5383, 12.685 41.5142, 12.72 41.5075, 12…"
145,Army of Cornelius Cossus,-385.7,-385.5,87.7,TRANSIENT,,(Roman Republic),240,241,166,2026-08-16,Roman Republic,"POLYGON ((12.5933 41.6242, 12.6167 41.6075, 12.6417 41.595, …"
146,Army of Furius Camillus,-396.6,-396.4,61.6,TRANSIENT,,(Roman Republic),240,241,168,2026-08-16,Roman Republic,"POLYGON ((12.4511 41.9864, 12.4328 42.0197, 12.4211 42.0406,…"
147,Army of Furius Camillus,-390.4,-390.1,21.5,TRANSIENT,,(Roman Republic),240,241,168,2026-08-16,Roman Republic,"POLYGON ((12.5258 41.6308, 12.5275 41.6483, 12.5375 41.665, …"
148,Army of Furius Camillus,-390.1,-389.9,121.0,TRANSIENT,,(Roman Republic),240,241,168,2026-08-16,Roman Republic,"POLYGON ((12.5275 41.6483, 12.530945692883897 41.65405430711…"
149,Army of Furius Camillus,-389.8,-389.7,55.6,TRANSIENT,,(Roman Republic),240,241,168,2026-08-16,Roman Republic,"POLYGON ((12.6167 41.7742, 12.6325 41.7558, 12.6475 41.7317,…"
150,Army of Furius Camillus,-389.7,-389.6,82.6,TRANSIENT,,(Roman Republic),240,241,168,2026-08-16,Roman Republic,"POLYGON ((12.6325 41.7558, 12.6475 41.7317, 12.6592 41.7058,…"
151,Army of Furius Camillus,-389.6,-389.5,29.3,TRANSIENT,,(Roman Republic),240,241,168,2026-08-16,Roman Republic,"POLYGON ((12.633 41.7557, 12.6372 41.765, 12.6483 41.768, 12…"
152,Army of Furius Camillus,-389.5,-389.3,152.6,TRANSIENT,,(Roman Republic),240,241,168,2026-08-16,Roman Republic,"POLYGON ((12.4217 42.0747, 12.4001 42.1114, 12.3842 42.1547,…"
153,Army of Furius Camillus,-386.7,-386.5,87.7,TRANSIENT,,(Roman Republic),240,241,168,2026-08-16,Roman Republic,"POLYGON ((12.5933 41.6242, 12.6167 41.6075, 12.6417 41.595, …"
154,Army of Furius Camillus,-386.5,-386.4,152.6,TRANSIENT,,(Roman Republic),240,241,168,2026-08-16,Roman Republic,"POLYGON ((12.4217 42.0747, 12.4001 42.1114, 12.3842 42.1547,…"
155,Army of Furius Camillus,-386.4,-386.2,201.8,TRANSIENT,,(Roman Republic),240,241,168,2026-08-16,Roman Republic,"POLYGON ((12.3517 42.1956, 12.3842 42.1547, 12.4001 42.1114,…"
156,Army of Furius Camillus,-345.7,-345.6,499.3,TRANSIENT,,(Roman Republic),240,241,168,2026-08-16,Roman Republic,"POLYGON ((12.5445 41.8345, 12.5714 41.7848, 12.6148 41.731, …"
157,Army of Furius Camillus,-345.6,-345.4,916.1,TRANSIENT,,(Roman Republic),240,241,168,2026-08-16,Roman Republic,"POLYGON ((13.0721 41.4786, 13.1445 41.4807, 13.2086 41.4828,…"
158,Army of Junius Bubuleus Brutus,-302.6,-302.4,972.3,TRANSIENT,,(Roman Republic),240,243,164,2026-08-16,Roman Republic,"POLYGON ((12.5958 41.9917, 12.7042 42.0125, 12.8083 42.05, 1…"
159,Army of M' Valerius Maximus,-494.6,-494.4,213.8,TRANSIENT,,(Roman Republic),240,240,169,2026-08-16,Roman Republic,"POLYGON ((12.5608 41.9928, 12.5792 42.0203, 12.5933 42.0428,…"
160,Army of Mamercus Aemilius,-437.3,-437.1,24.5,TRANSIENT,,(Roman Republic),240,241,160,2026-08-16,Roman Republic,"POLYGON ((12.5304 41.9322, 12.5316 41.9456, 12.5316 41.9456,…"
161,Army of Mamercus Aemilius,-426.5,-426.3,38.0,TRANSIENT,,(Roman Republic),240,241,161,2026-08-16,Roman Republic,"POLYGON ((12.4844 41.9261, 12.4927 41.9457, 12.4937 41.9623,…"
162,Army of Marcius Rutilus,-356.4,-356.2,128.2,TRANSIENT,,(Roman Republic),240,242,167,2026-08-16,Roman Republic,"POLYGON ((12.4945 41.855, 12.4654 41.835, 12.4395 41.8084, 1…"
163,Army of Papirius Cursor,-324.6,-324.4,1601.1,TRANSIENT,,(Roman Republic),240,242,175,2026-08-16,Roman Republic,"POLYGON ((14.0483 41.2986, 14.1372 41.311, 14.2407 41.3297, …"
164,Army of Papirius Cursor,-310.3,-310.1,101.1,TRANSIENT,,(Roman Republic),240,242,175,2026-08-16,Roman Republic,"POLYGON ((13.6717 41.6458, 13.7 41.6692, 13.7317 41.6825, 13…"
165,Army of Postumius Tubertus,-431.5,-431.3,30.1,TRANSIENT,,(Roman Republic),240,241,163,2026-08-16,Roman Republic,"POLYGON ((12.6483 41.7508, 12.6667 41.7433, 12.68 41.7417, 1…"
166,Army of Quinctius Capitolinus,-361.3,-361.1,61.6,TRANSIENT,,(Roman Republic),240,242,165,2026-08-16,Roman Republic,"POLYGON ((12.4756 41.9261, 12.4931 41.9378, 12.5097 41.9494,…"
167,Army of Quinctius Cincinnatus,-380.5,-380.3,74.9,TRANSIENT,,(Roman Republic),240,242,162,2026-08-16,Roman Republic,"POLYGON ((12.47 41.92, 12.4775 41.9417, 12.4892 41.9692, 12.…"
168,Army of Quinctius Cincinnatus,-380.3,-380.2,82.0,TRANSIENT,,(Roman Republic),240,242,162,2026-08-16,Roman Republic,"POLYGON ((12.5892 42.025, 12.6392 41.995, 12.6808 41.9792, 1…"
169,Army of Quinctius Cincinnatus,-380.2,-380.1,75.7,TRANSIENT,,(Roman Republic),240,242,162,2026-08-16,Roman Republic,"POLYGON ((12.8208 41.8683, 12.8133 41.8458, 12.81 41.8208, 1…"
170,Army of Quinctius Cincinnatus,-380.1,-380.0,92.5,TRANSIENT,,(Roman Republic),240,242,162,2026-08-16,Roman Republic,"POLYGON ((12.7542 41.7058, 12.7775 41.73, 12.8 41.7583, 12.8…"
171,Army of Servilius Ahala,-360.4,-360.2,96.8,TRANSIENT,,(Roman Republic),240,242,166,2026-08-16,Roman Republic,"POLYGON ((12.4892 41.92, 12.4942 41.9333, 12.5125 41.945, 12…"
172,Army of Servilius Priscus/Structus,-435.5,-435.3,38.0,TRANSIENT,,(Roman Republic),240,241,162,2026-08-16,Roman Republic,"POLYGON ((12.4844 41.9261, 12.4927 41.9457, 12.4937 41.9623,…"
173,Army of Servilius Priscus/Structus,-418.3,-418.1,77.7,TRANSIENT,,(Roman Republic),240,241,162,2026-08-16,Roman Republic,"POLYGON ((12.6663 41.7691, 12.6821 41.7574, 12.6971 41.7474,…"
174,Army of Valerius Maximus Corvus,-301.7,-301.5,608.2,TRANSIENT,,(Roman Republic),240,243,165,2026-08-16,Roman Republic,"POLYGON ((12.6414 41.9131, 12.7717 41.9235, 12.871 41.9069, …"
175,Army of Valerius Maximus Corvus,-301.5,-301.3,879.8,TRANSIENT,,(Roman Republic),240,243,165,2026-08-16,Roman Republic,"POLYGON ((12.0233 42.2067, 12.0433 42.1817, 12.0833 42.1433,…"
176,Campania,-340.2,-1.0,1645.3,POLITY,,(Roman Republic),240,242,170,2026-08-16,Roman Republic,"POLYGON ((13.91642 41.02183, 13.9327 41.03164, 13.9335 41.03…"
177,Capena,-395.5,-338.5,174.8,POLITY,,(Roman Republic),240,241,170,2026-08-16,Roman Republic,"POLYGON ((12.4083 42.1197, 12.4186 42.1321, 12.42447 42.1409…"
178,Consular army,-449.3,-449.1,455.2,TRANSIENT,,(Roman Republic),240,240,175,2026-08-16,Roman Republic,"POLYGON ((12.7483 41.7867, 12.7775 41.7925, 12.8067 41.7992,…"
179,Consular army,-446.3,-446.1,26.9,TRANSIENT,,(Roman Republic),240,240,175,2026-08-16,Roman Republic,"POLYGON ((12.6966 41.7849, 12.7086 41.7831, 12.7188 41.7846,…"
180,Consular army,-443.5,-443.3,50.3,TRANSIENT,,(Roman Republic),240,240,175,2026-08-16,Roman Republic,"POLYGON ((12.565 41.7308, 12.5692 41.6975, 12.575 41.6642, 1…"
181,Consular army,-437.7,-437.1,25.8,TRANSIENT,,(Roman Republic),240,240,175,2026-08-16,Roman Republic,"POLYGON ((12.4627 41.9028, 12.4588 41.913, 12.4588 41.9214, …"
182,Consular army,-436.7,-436.5,134.9,TRANSIENT,,(Roman Republic),240,240,175,2026-08-16,Roman Republic,"POLYGON ((12.445 41.9242, 12.4433 41.9592, 12.4417 42.0092, …"
183,Consular army,-426.7,-426.6,11.4,TRANSIENT,,(Roman Republic),240,240,175,2026-08-16,Roman Republic,"POLYGON ((12.5351 41.9706, 12.5477 41.9823, 12.5627 41.9829,…"
184,Consular army,-423.6,-423.5,111.6,TRANSIENT,,(Roman Republic),240,240,175,2026-08-16,Roman Republic,"POLYGON ((12.6858 41.7842, 12.7133 41.7792, 12.7425 41.7758,…"
185,Consular army,-413.5,-413.3,330.4,TRANSIENT,,(Roman Republic),240,240,175,2026-08-16,Roman Republic,"POLYGON ((12.6375 41.795, 12.6942 41.7717, 12.7658 41.755, 1…"
186,Consular army,-410.4,-410.2,103.3,TRANSIENT,,(Roman Republic),240,240,175,2026-08-16,Roman Republic,"POLYGON ((12.7067 41.7717, 12.735 41.7667, 12.7667 41.76, 12…"
187,Consular army,-409.5,-409.3,159.9,TRANSIENT,,(Roman Republic),240,240,175,2026-08-16,Roman Republic,"POLYGON ((12.59 41.715, 12.6158 41.6925, 12.6525 41.6692, 12…"
188,Consular army,-394.7,-394.6,83.1,TRANSIENT,,(Roman Republic),240,240,175,2026-08-16,Roman Republic,"POLYGON ((12.4634 42.18, 12.4603 42.2079, 12.4531 42.2441, 1…"
189,Consular army,-394.5,-394.3,37.2,TRANSIENT,,(Roman Republic),240,240,175,2026-08-16,Roman Republic,"POLYGON ((12.716 41.7797, 12.7216 41.7749, 12.7361 41.7671, …"
190,Consular army,-393.6,-393.4,37.2,TRANSIENT,,(Roman Republic),240,240,175,2026-08-16,Roman Republic,"POLYGON ((12.716 41.7797, 12.7216 41.7749, 12.7361 41.7671, …"
191,Consular army,-392.6,-392.4,77.7,TRANSIENT,,(Roman Republic),240,241,162,2026-08-16,Roman Republic,"POLYGON ((12.6663 41.7691, 12.6821 41.7574, 12.6971 41.7474,…"
192,Consular army,-362.7,-362.5,89.4,TRANSIENT,,(Roman Republic),240,240,175,2026-08-16,Roman Republic,"POLYGON ((12.6667 41.7433, 12.6908 41.7358, 12.7317 41.725, …"
193,Consular army,-361.8,-361.6,362.5,TRANSIENT,,(Roman Republic),240,240,175,2026-08-16,Roman Republic,"POLYGON ((12.5217 41.9289, 12.5806 41.9356, 12.6461 41.9467,…"
194,Consular army,-360.7,-360.4,253.3,TRANSIENT,,(Roman Republic),240,240,175,2026-08-16,Roman Republic,"MULTIPOLYGON (((12.6217 41.7567, 12.6508 41.7433, 12.6817 41…"
195,Consular army,-360.4,-360.2,89.2,TRANSIENT,,(Roman Republic),240,240,175,2026-08-16,Roman Republic,"POLYGON ((12.545 41.9458, 12.5825 41.9533, 12.6275 41.9658, …"
196,Consular army,-358.7,-358.5,402.6,TRANSIENT,,(Roman Republic),240,240,175,2026-08-16,Roman Republic,"MULTIPOLYGON (((12.6217 41.7567, 12.6508 41.7433, 12.6817 41…"
197,Consular army,-357.6,-357.4,375.0,TRANSIENT,,(Roman Republic),240,240,175,2026-08-16,Roman Republic,"POLYGON ((12.5888 41.756, 12.6338 41.7143, 12.6622 41.6777, …"
198,Consular army,-356.8,-356.6,141.6,TRANSIENT,,(Roman Republic),240,240,175,2026-08-16,Roman Republic,"MULTIPOLYGON (((12.4695 41.8917, 12.4637 41.8684, 12.4237 41…"
199,Consular army,-356.6,-356.5,57.1,TRANSIENT,,(Roman Republic),240,240,175,2026-08-16,Roman Republic,"POLYGON ((12.6833 41.9683, 12.7033 41.9733, 12.72 41.9767, 1…"
200,Consular army,-355.6,-355.4,331.1,TRANSIENT,,(Roman Republic),240,240,175,2026-08-16,Roman Republic,"MULTIPOLYGON (((12.7033 41.9733, 12.72 41.9767, 12.7317 41.9…"
201,Consular army,-354.6,-354.4,352.3,TRANSIENT,,(Roman Republic),240,240,175,2026-08-16,Roman Republic,"MULTIPOLYGON (((12.7334 41.9931, 12.7521 42.0097, 12.7707 42…"
202,Consular army,-353.6,-353.5,174.4,TRANSIENT,,(Roman Republic),240,240,175,2026-08-16,Roman Republic,"POLYGON ((12.4324 41.8676, 12.3724 41.8821, 12.3041 41.9007,…"
203,Consular army,-353.5,-353.3,420.6,TRANSIENT,,(Roman Republic),240,240,175,2026-08-16,Roman Republic,"POLYGON ((12.3724 41.8821, 12.3041 41.9007, 12.2379 41.9235,…"
204,Consular army,-351.7,-351.5,418.9,TRANSIENT,,(Roman Republic),240,240,175,2026-08-16,Roman Republic,"MULTIPOLYGON (((12.0233 42.2067, 12.0433 42.1817, 12.0833 42…"
205,Consular army,-350.7,-350.5,125.3,TRANSIENT,,(Roman Republic),240,240,175,2026-08-16,Roman Republic,"POLYGON ((12.5493 41.8986, 12.5793 41.881, 12.6207 41.8583, …"
206,Consular army,-349.7,-349.6,238.6,TRANSIENT,,(Roman Republic),240,240,175,2026-08-16,Roman Republic,"POLYGON ((12.5522 41.8637, 12.5677 41.8327, 12.5884 41.7965,…"
207,Consular army,-349.6,-349.4,292.1,TRANSIENT,,(Roman Republic),240,240,175,2026-08-16,Roman Republic,"POLYGON ((12.7632 41.5855, 12.7736 41.601, 12.8025 41.6082, …"
208,Consular army,-346.6,-346.4,156.1,TRANSIENT,,(Roman Republic),240,240,175,2026-08-16,Roman Republic,"POLYGON ((12.551 41.7486, 12.5716 41.701, 12.6254 41.6472, 1…"
209,Consular army,-343.5,-343.4,1209.2,TRANSIENT,,(Roman Republic),240,240,175,2026-08-16,Roman Republic,"POLYGON ((12.5929 41.7956, 12.6239 41.7604, 12.6756 41.7129,…"
210,Consular army,-343.4,-343.3,1670.8,TRANSIENT,,(Roman Republic),240,240,175,2026-08-16,Roman Republic,"POLYGON ((13.9867 41.2322, 14.0156 41.197, 14.0405 41.1473, …"
211,Consular army,-343.3,-343.1,1902.2,TRANSIENT,,(Roman Republic),240,240,175,2026-08-16,Roman Republic,"POLYGON ((14.2239 40.9853, 14.2943 40.9894, 14.3377 41.0122,…"
212,Consular army,-341.7,-341.6,1681.9,TRANSIENT,,(Roman Republic),240,240,175,2026-08-16,Roman Republic,"MULTIPOLYGON (((12.6421 41.829, 12.6752 41.8393, 12.7331 41.…"
213,Consular army,-341.6,-341.5,1862.4,TRANSIENT,,(Roman Republic),240,240,175,2026-08-16,Roman Republic,"MULTIPOLYGON (((12.6421 41.829, 12.6752 41.8393, 12.7331 41.…"
214,Consular army,-341.5,-341.4,555.6,TRANSIENT,,(Roman Republic),240,240,175,2026-08-16,Roman Republic,"POLYGON ((13.2024 41.4769, 13.1807 41.4479, 13.1424 41.4272,…"
215,Consular army,-340.7,-340.6,1598.1,TRANSIENT,,(Roman Republic),240,240,175,2026-08-16,Roman Republic,"POLYGON ((12.6456 41.995, 12.7008 42.0281, 12.8056 42.0557, …"
216,Consular army,-340.6,-340.4,1745.1,TRANSIENT,,(Roman Republic),240,240,175,2026-08-16,Roman Republic,"POLYGON ((14.3049 41.1102, 14.2956 41.0771, 14.2956 41.043, …"
217,Consular army,-340.4,-340.2,1797.1,TRANSIENT,,(Roman Republic),240,240,175,2026-08-16,Roman Republic,"POLYGON ((14.408 40.8999, 14.4297 40.9164, 14.4473 40.9433, …"
218,Consular army,-339.7,-339.5,112.6,TRANSIENT,,(Roman Republic),240,240,175,2026-08-16,Roman Republic,"MULTIPOLYGON (((12.5962 41.7959, 12.6138 41.7741, 12.621 41.…"
219,Consular army,-338.7,-338.6,231.0,TRANSIENT,,(Roman Republic),240,240,175,2026-08-16,Roman Republic,"MULTIPOLYGON (((12.651 41.4811, 12.6543 41.4715, 12.656 41.4…"
220,Consular army,-338.6,-338.4,242.1,TRANSIENT,,(Roman Republic),240,240,175,2026-08-16,Roman Republic,"MULTIPOLYGON (((12.6543 41.4715, 12.656 41.459, 12.6418 41.4…"
221,Consular army,-337.5,-337.3,130.7,TRANSIENT,,(Roman Republic),240,240,175,2026-08-16,Roman Republic,"POLYGON ((13.7431 41.4245, 13.8052 41.4121, 13.861 41.3914, …"
222,Consular army,-336.6,-335.7,202.0,TRANSIENT,,(Roman Republic),240,240,175,2026-08-16,Roman Republic,"POLYGON ((13.7431 41.2812, 13.7814 41.2657, 13.8321 41.246, …"
223,Consular army,-335.7,-334.5,247.2,TRANSIENT,,(Roman Republic),240,240,175,2026-08-16,Roman Republic,"POLYGON ((14.0934 41.2704, 14.1172 41.2548, 14.1359 41.2331,…"
224,Consular army,-330.4,-329.5,826.0,TRANSIENT,,(Roman Republic),240,240,175,2026-08-16,Roman Republic,"POLYGON ((12.7814 41.5676, 12.8848 41.5386, 12.9428 41.491, …"
225,Consular army,-329.5,-329.3,1124.5,TRANSIENT,,(Roman Republic),240,240,175,2026-08-16,Roman Republic,"POLYGON ((13.2616 41.4033, 13.2616 41.4385, 13.2761 41.4612,…"
226,Consular army,-327.4,-326.6,1459.1,TRANSIENT,,(Roman Republic),240,240,175,2026-08-16,Roman Republic,"POLYGON ((14.2572 40.9272, 14.2738 40.9107, 14.2831 40.8807,…"
227,Consular army,-325.7,-325.3,1099.8,TRANSIENT,,(Roman Republic),240,240,175,2026-08-16,Roman Republic,"POLYGON ((12.4834 41.9269, 12.5393 41.9414, 12.62 41.9579, 1…"
228,Consular army,-323.6,-323.4,1547.9,TRANSIENT,,(Roman Republic),240,240,175,2026-08-16,Roman Republic,"MULTIPOLYGON (((14.0301 41.3004, 14.1149 41.2777, 14.1894 41…"
229,Consular army,-322.6,-322.3,431.2,TRANSIENT,,(Roman Republic),240,240,175,2026-08-16,Roman Republic,"POLYGON ((13.9655 41.3048, 14.0483 41.2986, 14.1372 41.311, …"
230,Consular army,-321.7,-321.5,828.0,TRANSIENT,,(Roman Republic),240,240,175,2026-08-16,Roman Republic,"POLYGON ((13.5524 41.3786, 13.6145 41.3641, 13.6931 41.3393,…"
231,Consular army,-320.7,-320.6,645.8,TRANSIENT,,(Roman Republic),240,240,175,2026-08-16,Roman Republic,"POLYGON ((14.28 41.1135, 14.3255 41.1383, 14.3814 41.1714, 1…"
232,Consular army,-320.6,-320.5,960.4,TRANSIENT,,(Roman Republic),240,240,175,2026-08-16,Roman Republic,"POLYGON ((14.3255 41.1383, 14.3814 41.1714, 14.4393 41.2024,…"
233,Consular army,-320.5,-320.3,995.8,TRANSIENT,,(Roman Republic),240,240,175,2026-08-16,Roman Republic,"POLYGON ((14.3255 41.1383, 14.3814 41.1714, 14.4393 41.2024,…"
234,Consular army,-319.6,-319.4,539.9,TRANSIENT,,(Roman Republic),240,240,175,2026-08-16,Roman Republic,"MULTIPOLYGON (((12.5716 41.701, 12.6254 41.6472, 12.6627 41.…"
235,Consular army,-318.7,-318.6,1277.9,TRANSIENT,,(Roman Republic),240,240,175,2026-08-16,Roman Republic,"POLYGON ((13.5843 41.5884, 13.6754 41.5925, 13.7892 41.6049,…"
236,Consular army,-318.6,-317.7,1886.6,TRANSIENT,,(Roman Republic),240,240,175,2026-08-16,Roman Republic,"POLYGON ((15.2541 41.7631, 15.2955 41.7631, 15.3328 41.7279,…"
237,Consular army,-317.7,-317.5,2821.9,TRANSIENT,,(Roman Republic),240,240,175,2026-08-16,Roman Republic,"POLYGON ((16.0479 39.9207, 16.0076 39.9269, 15.989 39.9548, …"
238,Consular army,-317.5,-317.4,1886.6,TRANSIENT,,(Roman Republic),240,240,175,2026-08-16,Roman Republic,"POLYGON ((15.2541 41.7631, 15.2955 41.7631, 15.3328 41.7279,…"
239,Consular army,-316.7,-315.7,1057.7,TRANSIENT,,(Roman Republic),240,240,175,2026-08-16,Roman Republic,"POLYGON ((14.2703 41.1224, 14.3169 41.1131, 14.3562 41.109, …"
240,Consular army,-315.7,-315.6,1073.3,TRANSIENT,,(Roman Republic),240,240,175,2026-08-16,Roman Republic,"POLYGON ((14.4914 41.1224, 14.5131 41.1224, 14.5317 41.1131,…"
241,Consular army,-315.6,-315.4,151.1,TRANSIENT,,(Roman Republic),240,240,175,2026-08-16,Roman Republic,"POLYGON ((13.2825 41.4317, 13.2833 41.3925, 13.2808 41.3558,…"
242,Consular army,-314.6,-314.5,369.7,TRANSIENT,,(Roman Republic),240,240,175,2026-08-16,Roman Republic,"POLYGON ((13.3021 41.3297, 13.2938 41.3204, 13.2866 41.3172,…"
243,Consular army,-314.5,-314.4,787.9,TRANSIENT,,(Roman Republic),240,240,175,2026-08-16,Roman Republic,"POLYGON ((13.2938 41.3204, 13.2866 41.3172, 13.2617 41.3266,…"
244,Consular army,-314.4,-314.3,1001.2,TRANSIENT,,(Roman Republic),240,240,175,2026-08-16,Roman Republic,"MULTIPOLYGON (((13.7345 41.2586, 13.7438 41.2824, 13.7707 41…"
245,Consular army,-314.3,-314.1,824.8,TRANSIENT,,(Roman Republic),240,240,175,2026-08-16,Roman Republic,"MULTIPOLYGON (((14.17 41.2028, 14.2 41.1728, 14.2269 41.1428…"
246,Consular army,-314.1,-314.0,278.4,TRANSIENT,,(Roman Republic),240,240,175,2026-08-16,Roman Republic,"POLYGON ((14.5214 41.0248, 14.4966 41.0704, 14.4717 41.1283,…"
247,Consular army,-314.0,-313.6,53.6,TRANSIENT,,(Roman Republic),240,240,175,2026-08-16,Roman Republic,"POLYGON ((14.5221 41.4776, 14.5159 41.5097, 14.5055 41.5252,…"
248,Consular army,-313.6,-313.5,579.9,TRANSIENT,,(Roman Republic),240,240,175,2026-08-16,Roman Republic,"POLYGON ((14.4207 41.5324, 14.3669 41.551, 14.2883 41.58, 14…"
249,Consular army,-313.5,-313.4,1356.9,TRANSIENT,,(Roman Republic),240,240,175,2026-08-16,Roman Republic,"POLYGON ((13.6572 41.489, 13.7379 41.4455, 13.8248 41.3959, …"
250,Consular army,-313.4,-313.2,817.7,TRANSIENT,,(Roman Republic),240,240,175,2026-08-16,Roman Republic,"POLYGON ((13.5641 41.5552, 13.6055 41.5304, 13.6572 41.489, …"
251,Consular army,-312.6,-312.5,437.6,TRANSIENT,,(Roman Republic),240,240,175,2026-08-16,Roman Republic,"POLYGON ((13.0141 41.4972, 13.0721 41.4786, 13.1445 41.4807,…"
252,Consular army,-312.5,-312.3,947.9,TRANSIENT,,(Roman Republic),240,240,175,2026-08-16,Roman Republic,"POLYGON ((13.0721 41.4786, 13.1445 41.4807, 13.2086 41.4828,…"
253,Consular army,-312.3,-312.2,437.6,TRANSIENT,,(Roman Republic),240,240,175,2026-08-16,Roman Republic,"POLYGON ((13.0141 41.4972, 13.0721 41.4786, 13.1445 41.4807,…"
254,Consular army,-311.7,-311.6,616.8,TRANSIENT,,(Roman Republic),240,240,175,2026-08-16,Roman Republic,"MULTIPOLYGON (((13.7742 41.7533, 13.8325 41.81, 13.8892 41.8…"
255,Consular army,-311.6,-311.5,1242.0,TRANSIENT,,(Roman Republic),240,240,175,2026-08-16,Roman Republic,"MULTIPOLYGON (((14.2358 42.1517, 14.2692 42.1683, 14.3125 42…"
256,Consular army,-311.5,-311.4,1243.0,TRANSIENT,,(Roman Republic),240,240,175,2026-08-16,Roman Republic,"POLYGON ((14.4124 41.4641, 14.3855 41.4641, 14.3379 41.491, …"
257,Consular army,-311.4,-311.3,579.9,TRANSIENT,,(Roman Republic),240,240,175,2026-08-16,Roman Republic,"POLYGON ((14.4207 41.5324, 14.3669 41.551, 14.2883 41.58, 14…"
258,Consular army,-310.7,-310.6,400.1,TRANSIENT,,(Roman Republic),240,240,175,2026-08-16,Roman Republic,"MULTIPOLYGON (((13.9538 41.35, 14.0138 41.3479, 14.0634 41.3…"
259,Consular army,-310.6,-310.5,541.7,TRANSIENT,,(Roman Republic),240,240,175,2026-08-16,Roman Republic,"MULTIPOLYGON (((13.9538 41.35, 14.0138 41.3479, 14.0634 41.3…"
260,Consular army,-310.5,-310.3,643.8,TRANSIENT,,(Roman Republic),240,240,175,2026-08-16,Roman Republic,"POLYGON ((12.2759 42.2381, 12.3184 42.2197, 12.3517 42.1956,…"
261,Consular army,-308.7,-308.6,97.6,TRANSIENT,,(Roman Republic),240,240,175,2026-08-16,Roman Republic,"POLYGON ((14.5556 40.9072, 14.5806 40.8839, 14.6097 40.8572,…"
262,Consular army,-308.6,-308.3,108.6,TRANSIENT,,(Roman Republic),240,240,175,2026-08-16,Roman Republic,"POLYGON ((14.6939 40.7197, 14.6739 40.7172, 14.6616395209580…"
263,Consular army,-308.3,-308.1,984.6,TRANSIENT,,(Roman Republic),240,240,175,2026-08-16,Roman Republic,"POLYGON ((12.4667 42.0958, 12.4667 42.1603, 12.48 42.2314, 1…"
264,Consular army,-307.7,-307.3,3954.3,TRANSIENT,,(Roman Republic),240,240,175,2026-08-16,Roman Republic,"POLYGON ((18.0583 40.3467, 18.125 40.3217, 18.165 40.275, 18…"
265,Consular army,-306.7,-306.5,225.1,TRANSIENT,,(Roman Republic),240,240,175,2026-08-16,Roman Republic,"MULTIPOLYGON (((13.5192 41.5908, 13.5375 41.62, 13.5558 41.6…"
266,Consular army,-306.5,-306.4,287.1,TRANSIENT,,(Roman Republic),240,240,175,2026-08-16,Roman Republic,"MULTIPOLYGON (((13.5192 41.5908, 13.5375 41.62, 13.5558 41.6…"
267,Consular army,-306.4,-306.3,335.3,TRANSIENT,,(Roman Republic),240,240,175,2026-08-16,Roman Republic,"MULTIPOLYGON (((13.5375 41.62, 13.5558 41.6467, 13.5758 41.6…"
268,Consular army,-306.3,-306.2,508.0,TRANSIENT,,(Roman Republic),240,240,175,2026-08-16,Roman Republic,"POLYGON ((13.5375 41.62, 13.5558 41.6467, 13.5758 41.6667, 1…"
269,Consular army,-306.2,-305.7,187.9,TRANSIENT,,(Roman Republic),240,240,175,2026-08-16,Roman Republic,"POLYGON ((13.675 41.7133, 13.7283 41.7167, 13.7833 41.7167, …"
270,Consular army,-305.7,-305.5,807.9,TRANSIENT,,(Roman Republic),240,240,175,2026-08-16,Roman Republic,"MULTIPOLYGON (((14.0483 41.2986, 14.1372 41.311, 14.2407 41.…"
271,Consular army,-305.5,-305.4,1003.7,TRANSIENT,,(Roman Republic),240,240,175,2026-08-16,Roman Republic,"POLYGON ((14.1372 41.311, 14.2407 41.3297, 14.3503 41.3317, …"
272,Consular army,-305.4,-305.3,1110.4,TRANSIENT,,(Roman Republic),240,240,175,2026-08-16,Roman Republic,"POLYGON ((14.1372 41.311, 14.2407 41.3297, 14.3503 41.3317, …"
273,Consular army,-305.3,-305.1,1131.7,TRANSIENT,,(Roman Republic),240,240,175,2026-08-16,Roman Republic,"POLYGON ((14.1372 41.311, 14.2407 41.3297, 14.3503 41.3317, …"
274,Consular army,-304.7,-304.4,972.3,TRANSIENT,,(Roman Republic),240,240,175,2026-08-16,Roman Republic,"POLYGON ((12.5958 41.9917, 12.7042 42.0125, 12.8083 42.05, 1…"
275,Consular army,-303.6,-303.4,1142.0,TRANSIENT,,(Roman Republic),240,240,175,2026-08-16,Roman Republic,"POLYGON ((12.5683 42.0521, 12.5683 42.0521, 12.6179 42.1048,…"
276,Consular army,-302.7,-302.6,1616.4,TRANSIENT,,(Roman Republic),240,240,175,2026-08-16,Roman Republic,"POLYGON ((12.4807 42.2655, 12.4869 42.3586, 12.4931 42.4083,…"
277,Consular army,-302.6,-302.5,5751.2,TRANSIENT,,(Roman Republic),240,240,175,2026-08-16,Roman Republic,"MULTIPOLYGON (((18.1334 40.3014, 18.2224 40.2559, 18.3093 40…"
278,Consular army,-302.5,-302.4,4134.8,TRANSIENT,,(Roman Republic),240,240,175,2026-08-16,Roman Republic,"POLYGON ((18.061 40.3366, 18.1334 40.3014, 18.2224 40.2559, …"
279,Consular army,-300.7,-299.6,355.5,TRANSIENT,,(Roman Republic),240,240,175,2026-08-16,Roman Republic,"POLYGON ((12.5828 42.1172, 12.5931 42.2, 12.5931 42.2993, 12…"
280,Consular army,-299.6,-299.4,386.8,TRANSIENT,,(Roman Republic),240,240,175,2026-08-16,Roman Republic,"POLYGON ((12.5931 42.2, 12.5931 42.2993, 12.5683 42.3552, 12…"
281,Consular army,-299.4,-299.2,707.4,TRANSIENT,,(Roman Republic),240,240,175,2026-08-16,Roman Republic,"POLYGON ((12.0233 42.2067, 12.0433 42.1817, 12.0833 42.1433,…"
282,Consular army,-298.6,-298.4,1683.6,TRANSIENT,,(Roman Republic),240,240,175,2026-08-16,Roman Republic,"MULTIPOLYGON (((13.8917 41.5972, 13.9662 41.6055, 14.0428 41…"
283,Consular army,-298.4,-298.3,901.9,TRANSIENT,,(Roman Republic),240,240,175,2026-08-16,Roman Republic,"MULTIPOLYGON (((13.8276 41.5931, 13.8917 41.5972, 13.9662 41…"
284,Consular army,-297.7,-297.5,1055.5,TRANSIENT,,(Roman Republic),240,240,175,2026-08-16,Roman Republic,"MULTIPOLYGON (((14.2214 41.3383, 14.3083 41.3362, 14.4097 41…"
285,Consular army,-297.5,-297.2,2493.8,TRANSIENT,,(Roman Republic),240,240,175,2026-08-16,Roman Republic,"MULTIPOLYGON (((15.0503 41.2072, 15.1062 41.1928, 15.2055 41…"
286,Consular army,-297.2,-296.8,1055.5,TRANSIENT,,(Roman Republic),240,240,175,2026-08-16,Roman Republic,"MULTIPOLYGON (((14.2214 41.3383, 14.3083 41.3362, 14.4097 41…"
287,Consular army,-296.6,-296.5,571.4,TRANSIENT,,(Roman Republic),240,240,175,2026-08-16,Roman Republic,"MULTIPOLYGON (((14.1298 41.1836, 14.1898 41.1918, 14.2394 41…"
288,Consular army,-296.5,-296.4,933.6,TRANSIENT,,(Roman Republic),240,240,175,2026-08-16,Roman Republic,"MULTIPOLYGON (((14.1298 41.1836, 14.1898 41.1918, 14.2394 41…"
289,Consular army,-296.4,-296.2,1720.4,TRANSIENT,,(Roman Republic),240,240,175,2026-08-16,Roman Republic,"POLYGON ((12.2419 42.5302, 12.2304 42.6104, 12.2447 42.6133,…"
290,Consular army,-296.2,-295.8,906.3,TRANSIENT,,(Roman Republic),240,240,175,2026-08-16,Roman Republic,"MULTIPOLYGON (((14.2214 41.3383, 14.3083 41.3362, 14.4097 41…"
291,Consular army,-295.8,-295.6,415.0,TRANSIENT,,(Roman Republic),240,240,175,2026-08-16,Roman Republic,"POLYGON ((12.5142 41.9955, 12.5109 42.0705, 12.5109 42.1422,…"
292,Consular army,-295.6,-295.5,2659.8,TRANSIENT,,(Roman Republic),240,240,175,2026-08-16,Roman Republic,"MULTIPOLYGON (((12.2356 42.5609, 12.2418 42.5278, 12.2469 42…"
293,Consular army,-295.5,-295.3,2715.9,TRANSIENT,,(Roman Republic),240,240,175,2026-08-16,Roman Republic,"POLYGON ((12.4559 42.0005, 12.4442 42.0372, 12.4409 42.0789,…"
294,Consular army,-295.3,-295.2,415.0,TRANSIENT,,(Roman Republic),240,240,175,2026-08-16,Roman Republic,"POLYGON ((12.5142 41.9955, 12.5109 42.0705, 12.5109 42.1422,…"
295,Consular army,-295.2,-295.0,488.1,TRANSIENT,,(Roman Republic),240,240,175,2026-08-16,Roman Republic,"MULTIPOLYGON (((14.2083 41.2776, 14.2403 41.2703, 14.2766 41…"
296,Consular army,-294.7,-294.5,373.8,TRANSIENT,,(Roman Republic),240,240,175,2026-08-16,Roman Republic,"POLYGON ((13.751 41.591, 13.8276 41.5931, 13.8917 41.5972, 1…"
297,Consular army,-294.5,-294.4,641.8,TRANSIENT,,(Roman Republic),240,240,175,2026-08-16,Roman Republic,"POLYGON ((13.8276 41.5931, 13.8917 41.5972, 13.9662 41.6055,…"
298,Consular army,-294.4,-294.2,1362.1,TRANSIENT,,(Roman Republic),240,240,175,2026-08-16,Roman Republic,"POLYGON ((14.3548 41.54, 14.361 41.4904, 14.361 41.4572, 14.…"
299,Consular army,-294.2,-294.0,1284.5,TRANSIENT,,(Roman Republic),240,240,175,2026-08-16,Roman Republic,"MULTIPOLYGON (((15.2672 41.4779, 15.2569 41.451, 15.2341 41.…"
300,Consular army,-293.7,-293.6,269.3,TRANSIENT,,(Roman Republic),240,240,175,2026-08-16,Roman Republic,"POLYGON ((13.8193 41.5648, 13.8565 41.5772, 13.9083 41.5938,…"
301,Consular army,-293.6,-293.5,574.5,TRANSIENT,,(Roman Republic),240,240,175,2026-08-16,Roman Republic,"MULTIPOLYGON (((14.111 41.4076, 14.1503 41.4366, 14.2 41.467…"
302,Consular army,-293.5,-293.4,672.3,TRANSIENT,,(Roman Republic),240,240,175,2026-08-16,Roman Republic,"MULTIPOLYGON (((14.1503 41.4366, 14.2 41.4676, 14.2497 41.49…"
303,Consular army,-293.4,-293.3,868.1,TRANSIENT,,(Roman Republic),240,240,175,2026-08-16,Roman Republic,"MULTIPOLYGON (((14.4041 41.5104, 14.4248 41.4835, 14.4538 41…"
304,Consular army,-293.3,-293.2,941.3,TRANSIENT,,(Roman Republic),240,240,175,2026-08-16,Roman Republic,"MULTIPOLYGON (((14.6124 41.4124, 14.5938 41.4104, 14.5834 41…"
305,Consular army,-293.2,-293.1,518.0,TRANSIENT,,(Roman Republic),240,240,175,2026-08-16,Roman Republic,"MULTIPOLYGON (((13.9848 41.42, 14.02 41.4593, 14.0469 41.488…"
306,Consular army,-293.1,-292.7,128.7,TRANSIENT,,(Roman Republic),240,240,175,2026-08-16,Roman Republic,"POLYGON ((13.9476 41.3952, 13.9848 41.42, 14.02 41.4593, 14.…"
307,Consular army,-292.7,-292.5,269.5,TRANSIENT,,(Roman Republic),240,240,175,2026-08-16,Roman Republic,"MULTIPOLYGON (((14.5521 41.059, 14.5935 41.0817, 14.6473 41.…"
308,Consular army,-292.5,-292.3,473.3,TRANSIENT,,(Roman Republic),240,240,175,2026-08-16,Roman Republic,"MULTIPOLYGON (((14.5521 41.059, 14.5935 41.0817, 14.6473 41.…"
309,Consular army,-292.3,-291.7,128.7,TRANSIENT,,(Roman Republic),240,240,175,2026-08-16,Roman Republic,"POLYGON ((13.9476 41.3952, 13.9848 41.42, 14.02 41.4593, 14.…"
310,Consular army,-291.7,-291.2,641.6,TRANSIENT,,(Roman Republic),240,240,175,2026-08-16,Roman Republic,"POLYGON ((15.2917 41.5035, 15.3207 41.4972, 15.3517 41.5159,…"
311,Consular army,-290.7,-290.4,1564.7,TRANSIENT,,(Roman Republic),240,240,175,2026-08-16,Roman Republic,"MULTIPOLYGON (((14.6305 40.9388, 14.6223 40.9843, 14.6719 41…"
312,Consular army,-290.4,-290.3,446.6,TRANSIENT,,(Roman Republic),240,240,175,2026-08-16,Roman Republic,"POLYGON ((12.605 42.0677, 12.6257 42.1029, 12.6526 42.165, 1…"
313,Consular army,-290.3,-290.1,1233.8,TRANSIENT,,(Roman Republic),240,240,175,2026-08-16,Roman Republic,"POLYGON ((12.6257 42.1029, 12.6526 42.165, 12.6754 42.2291, …"
314,Consular army,-284.6,-284.5,1616.4,TRANSIENT,,(Roman Republic),240,240,175,2026-08-16,Roman Republic,"POLYGON ((12.4807 42.2655, 12.4869 42.3586, 12.4931 42.4083,…"
315,Consular army,-283.6,-283.5,357.9,TRANSIENT,,(Roman Republic),240,240,175,2026-08-16,Roman Republic,"POLYGON ((12.4638 42.1069, 12.4555 42.1959, 12.4514 42.2683,…"
316,Consular army,-283.5,-283.3,2160.7,TRANSIENT,,(Roman Republic),240,240,175,2026-08-16,Roman Republic,"POLYGON ((12.4555 42.1959, 12.4514 42.2683, 12.441 42.3097, …"
317,Consular army,-282.7,-282.5,2645.2,TRANSIENT,,(Roman Republic),240,240,175,2026-08-16,Roman Republic,"MULTIPOLYGON (((16.401 39.9169, 16.4238 39.8693, 16.4507 39.…"
318,Consular army,-281.7,-281.4,226.0,TRANSIENT,,(Roman Republic),240,240,175,2026-08-16,Roman Republic,"POLYGON ((14.7383 41.09, 14.7818 41.0921, 14.8294 41.0859, 1…"
319,Consular army,-281.4,-281.3,1487.4,TRANSIENT,,(Roman Republic),240,240,175,2026-08-16,Roman Republic,"POLYGON ((16.1597 40.9593, 16.259 40.9386, 16.3541 40.9117, …"
320,Consular army,-281.3,-281.0,1582.3,TRANSIENT,,(Roman Republic),240,240,175,2026-08-16,Roman Republic,"POLYGON ((17.2996 40.6055, 17.3255 40.5838, 17.34 40.5476, 1…"
321,Consular army,-281.0,-280.7,683.3,TRANSIENT,,(Roman Republic),240,240,175,2026-08-16,Roman Republic,"POLYGON ((15.1955 41.0835, 15.2803 41.0876, 15.3693 41.0917,…"
322,Consular army,-280.7,-280.5,1628.7,TRANSIENT,,(Roman Republic),240,240,175,2026-08-16,Roman Republic,"MULTIPOLYGON (((15.2803 41.0876, 15.3693 41.0917, 15.4479 41…"
323,Consular army,-280.5,-280.4,1394.3,TRANSIENT,,(Roman Republic),240,240,175,2026-08-16,Roman Republic,"POLYGON ((16.0959 40.9572, 16.131 40.9345, 16.1559 40.8993, …"
324,Consular army,-280.3,-280.1,164.1,TRANSIENT,,(Roman Republic),240,240,175,2026-08-16,Roman Republic,"POLYGON ((12.595 41.77, 12.6217 41.7567, 12.6508 41.7433, 12…"
325,Consular army,-279.7,-279.6,1277.9,TRANSIENT,,(Roman Republic),240,240,175,2026-08-16,Roman Republic,"POLYGON ((13.5843 41.5884, 13.6754 41.5925, 13.7892 41.6049,…"
326,Consular army,-279.6,-279.5,1909.4,TRANSIENT,,(Roman Republic),240,240,175,2026-08-16,Roman Republic,"POLYGON ((15.2507 41.7428, 15.3003 41.7324, 15.3645 41.7159,…"
327,Consular army,-279.5,-279.3,1277.9,TRANSIENT,,(Roman Republic),240,240,175,2026-08-16,Roman Republic,"POLYGON ((13.5843 41.5884, 13.6754 41.5925, 13.7892 41.6049,…"
328,Consular army,-278.7,-278.6,1018.7,TRANSIENT,,(Roman Republic),240,240,175,2026-08-16,Roman Republic,"POLYGON ((13.8245 41.7425, 13.8782 41.7445, 13.9403 41.7197,…"
329,Consular army,-278.6,-278.5,2068.8,TRANSIENT,,(Roman Republic),240,240,175,2026-08-16,Roman Republic,"POLYGON ((15.2589 41.0376, 15.292 41.0004, 15.3438 40.9445, …"
330,Consular army,-278.5,-278.2,3229.6,TRANSIENT,,(Roman Republic),240,240,175,2026-08-16,Roman Republic,"POLYGON ((16.2625 39.9038, 16.2377 39.8169, 16.2253 39.7176,…"
331,Consular army,-277.7,-277.6,2891.2,TRANSIENT,,(Roman Republic),240,240,175,2026-08-16,Roman Republic,"MULTIPOLYGON (((16.0934 39.8907, 16.1555 39.7955, 16.2838 39…"
332,Consular army,-277.6,-277.3,3993.7,TRANSIENT,,(Roman Republic),240,240,175,2026-08-16,Roman Republic,"MULTIPOLYGON (((17.1176 39.0486, 17.0762 39.0342, 17.0121 39…"
333,Consular army,-277.3,-277.2,2891.2,TRANSIENT,,(Roman Republic),240,240,175,2026-08-16,Roman Republic,"MULTIPOLYGON (((16.0934 39.8907, 16.1555 39.7955, 16.2838 39…"
334,Consular army,-276.7,-276.6,1677.0,TRANSIENT,,(Roman Republic),240,240,175,2026-08-16,Roman Republic,"POLYGON ((15.2581 40.8317, 15.3098 40.7717, 15.3636 40.6972,…"
335,Consular army,-276.6,-276.4,3107.0,TRANSIENT,,(Roman Republic),240,240,175,2026-08-16,Roman Republic,"POLYGON ((16.0691 39.8584, 16.1156 39.7498, 16.1436 39.6505,…"
336,Consular army,-276.4,-276.3,1677.0,TRANSIENT,,(Roman Republic),240,240,175,2026-08-16,Roman Republic,"POLYGON ((15.2581 40.8317, 15.3098 40.7717, 15.3636 40.6972,…"
337,Consular army,-275.7,-275.0,1457.0,TRANSIENT,,(Roman Republic),240,240,175,2026-08-16,Roman Republic,"MULTIPOLYGON (((14.2034 41.0007, 14.2221 41.0441, 14.2593 41…"
338,Consular army,-272.7,-272.2,1774.3,TRANSIENT,,(Roman Republic),240,240,175,2026-08-16,Roman Republic,"POLYGON ((15.8592 40.6564, 15.9296 40.6419, 16.0517 40.6357,…"
339,Consular army,-270.7,-270.4,4617.8,TRANSIENT,,(Roman Republic),240,240,175,2026-08-16,Roman Republic,"POLYGON ((16.5522 39.1258, 16.5481 39.0617, 16.5481 39.012, …"
340,Consular army,-269.5,-268.7,472.8,TRANSIENT,,(Roman Republic),240,240,175,2026-08-16,Roman Republic,"POLYGON ((13.3948 42.6914, 13.4279 42.7431, 13.4672 42.7969,…"
341,Consular army,-268.7,-268.4,1637.0,TRANSIENT,,(Roman Republic),240,240,175,2026-08-16,Roman Republic,"POLYGON ((13.4279 42.7431, 13.4672 42.7969, 13.4879 42.859, …"
342,Consular army,-267.7,-267.3,4122.0,TRANSIENT,,(Roman Republic),240,240,175,2026-08-16,Roman Republic,"POLYGON ((18.3679 39.9586, 18.3534 39.8924, 18.3245 39.8614,…"
343,Consular army,-266.7,-266.4,1183.0,TRANSIENT,,(Roman Republic),240,240,175,2026-08-16,Roman Republic,"POLYGON ((13.5953 43.2037, 13.5808 43.241, 13.5477 43.3051, …"
344,Consular army,-264.7,-264.5,1193.3,TRANSIENT,,(Roman Republic),240,240,175,2026-08-16,Roman Republic,"POLYGON ((12.0433 42.1817, 12.0833 42.1433, 12.1417 42.1083,…"
345,Consular army,-264.5,-264.4,4993.3,TRANSIENT,,(Roman Republic),240,240,175,2026-08-16,Roman Republic,"MULTIPOLYGON (((14.931 37.2135, 14.9641 37.1773, 15 37.1525,…"
346,Consular army,-264.4,-264.3,280.8,TRANSIENT,,(Roman Republic),240,240,175,2026-08-16,Roman Republic,"MULTIPOLYGON (((14.871 37.3169, 14.901 37.2693, 14.931 37.21…"
347,Consular army,-264.3,-264.2,288.0,TRANSIENT,,(Roman Republic),240,240,175,2026-08-16,Roman Republic,"MULTIPOLYGON (((14.871 37.3169, 14.901 37.2693, 14.931 37.21…"
348,Consular army,-264.2,-263.7,256.4,TRANSIENT,,(Roman Republic),240,240,175,2026-08-16,Roman Republic,"MULTIPOLYGON (((14.871 37.3169, 14.901 37.2693, 14.931 37.21…"
349,Consular army,-263.7,-263.6,4993.3,TRANSIENT,,(Roman Republic),240,240,175,2026-08-16,Roman Republic,"MULTIPOLYGON (((14.931 37.2135, 14.9641 37.1773, 15 37.1525,…"
350,Consular army,-263.6,-263.5,5762.0,TRANSIENT,,(Roman Republic),240,240,175,2026-08-16,Roman Republic,"MULTIPOLYGON (((14.931 37.2135, 14.9641 37.1773, 15 37.1525,…"
351,Consular army,-263.5,-263.4,5962.7,TRANSIENT,,(Roman Republic),240,240,175,2026-08-16,Roman Republic,"POLYGON ((14.931 37.2135, 14.9641 37.1773, 15 37.1525, 15 37…"
352,Consular army,-263.4,-263.2,6103.8,TRANSIENT,,(Roman Republic),240,240,175,2026-08-16,Roman Republic,"POLYGON ((15.2583 37.0792, 15.25 37.0525, 15.225 37.0358, 15…"
353,Consular army,-263.2,-263.1,5789.4,TRANSIENT,,(Roman Republic),240,240,175,2026-08-16,Roman Republic,"POLYGON ((14.8738 37.6042, 14.8572 37.5566, 14.8262 37.5214,…"
354,Consular army,-263.1,-262.6,5552.9,TRANSIENT,,(Roman Republic),240,240,175,2026-08-16,Roman Republic,"POLYGON ((14.875 37.8392, 14.8333 37.8025, 14.8183 37.7675, …"
355,Consular army,-262.6,-262.5,6398.6,TRANSIENT,,(Roman Republic),240,240,175,2026-08-16,Roman Republic,"POLYGON ((14.6607 37.5497, 14.5903 37.5372, 14.4972 37.5269,…"
356,Consular army,-262.5,-262.3,6472.5,TRANSIENT,,(Roman Republic),240,240,175,2026-08-16,Roman Republic,"POLYGON ((13.6464 37.2556, 13.6247 37.2515, 13.6102 37.2598,…"
357,Consular army,-262.3,-261.8,5649.6,TRANSIENT,,(Roman Republic),240,240,175,2026-08-16,Roman Republic,"MULTIPOLYGON (((13.663 37.3104, 13.6557 37.296, 13.6557 37.2…"
358,Consular army,-261.8,-261.6,5684.8,TRANSIENT,,(Roman Republic),240,240,175,2026-08-16,Roman Republic,"MULTIPOLYGON (((13.6733 37.3363, 13.663 37.3104, 13.6557 37.…"
359,Consular army,-261.6,-261.5,5783.7,TRANSIENT,,(Roman Republic),240,240,173,2026-08-16,Roman Republic,"MULTIPOLYGON (((13.6785 37.3274, 13.6823 37.3155, 13.6847 37…"
360,Consular army,-261.5,-261.4,6103.2,TRANSIENT,,(Roman Republic),240,240,173,2026-08-16,Roman Republic,"MULTIPOLYGON (((13.6584 37.3591, 13.6664 37.3494, 13.6731 37…"
361,Consular army,-261.4,-261.1,5965.3,TRANSIENT,,(Roman Republic),240,240,175,2026-08-16,Roman Republic,"MULTIPOLYGON (((13.5912 37.6027, 13.6222 37.6772, 13.6594 37…"
362,Consular army,-261.1,-260.4,5552.9,TRANSIENT,,(Roman Republic),240,240,175,2026-08-16,Roman Republic,"POLYGON ((14.875 37.8392, 14.8333 37.8025, 14.8183 37.7675, …"
363,Consular army,-260.4,-260.2,6376.5,TRANSIENT,,(Roman Republic),240,240,175,2026-08-16,Roman Republic,"MULTIPOLYGON (((13.4803 37.3662, 13.4183 37.4076, 13.3397 37…"
364,Consular army,-260.2,-259.7,5552.9,TRANSIENT,,(Roman Republic),240,240,175,2026-08-16,Roman Republic,"POLYGON ((14.875 37.8392, 14.8333 37.8025, 14.8183 37.7675, …"
365,Consular army,-259.7,-259.5,6012.9,TRANSIENT,,(Roman Republic),240,240,175,2026-08-16,Roman Republic,"POLYGON ((14.863 37.8146, 14.8218 37.7952, 14.7854 37.7807, …"
366,Consular army,-259.5,-258.7,4784.1,TRANSIENT,,(Roman Republic),240,240,175,2026-08-16,Roman Republic,"POLYGON ((15.5717 38.0958, 15.5458 38.1217, 15.5133 38.1433,…"
367,Consular army,-258.7,-258.4,6572.8,TRANSIENT,,(Roman Republic),240,240,175,2026-08-16,Roman Republic,"POLYGON ((14.839 37.8007, 14.7727 37.7523, 14.7227 37.7119, …"
368,Consular army,-258.4,-256.2,4784.1,TRANSIENT,,(Roman Republic),240,240,175,2026-08-16,Roman Republic,"POLYGON ((15.5717 38.0958, 15.5458 38.1217, 15.5133 38.1433,…"
369,Consular army,-256.2,-256.0,5195.1,TRANSIENT,,(Roman Republic),240,240,175,2026-08-16,Roman Republic,"MULTIPOLYGON (((10.6256 36.6884, 10.7056 36.6967, 10.7723 36…"
370,Consular army,-256.0,-255.9,5336.1,TRANSIENT,,(Roman Republic),240,240,175,2026-08-16,Roman Republic,"MULTIPOLYGON (((10.2767 36.6925, 10.2217 36.7275, 10.1833 36…"
371,Consular army,-255.9,-255.7,4796.9,TRANSIENT,,(Roman Republic),240,240,175,2026-08-16,Roman Republic,"MULTIPOLYGON (((10.1531 36.8106, 10.1547 36.8136, 10.1579 36…"
372,Consular army,-255.7,-255.6,4826.1,TRANSIENT,,(Roman Republic),240,240,175,2026-08-16,Roman Republic,"MULTIPOLYGON (((10.1531 36.8106, 10.1547 36.8136, 10.1554006…"
373,Consular army,-255.6,-255.5,5002.9,TRANSIENT,,(Roman Republic),240,240,175,2026-08-16,Roman Republic,"MULTIPOLYGON (((10.289 36.7321, 10.3213 36.7192, 10.3585 36.…"
374,Consular army,-255.5,-255.2,4794.8,TRANSIENT,,(Roman Republic),240,240,175,2026-08-16,Roman Republic,"MULTIPOLYGON (((11.1049 36.8402, 11.0976 36.8426, 11.0888 36…"
375,Consular army,-255.2,-254.6,4784.1,TRANSIENT,,(Roman Republic),240,240,175,2026-08-16,Roman Republic,"POLYGON ((15.5717 38.0958, 15.5458 38.1217, 15.5133 38.1433,…"
376,Consular army,-254.6,-254.5,5904.1,TRANSIENT,,(Roman Republic),240,240,175,2026-08-16,Roman Republic,"POLYGON ((14.7271 37.8956, 14.6237 37.894, 14.551 37.8956, 1…"
377,Consular army,-254.5,-254.4,6778.5,TRANSIENT,,(Roman Republic),240,240,175,2026-08-16,Roman Republic,"POLYGON ((13.9275 37.8244, 13.85 37.7792, 13.7611 37.7662, 1…"
378,Consular army,-254.4,-254.3,4784.1,TRANSIENT,,(Roman Republic),240,240,175,2026-08-16,Roman Republic,"POLYGON ((15.5717 38.0958, 15.5458 38.1217, 15.5133 38.1433,…"
379,Consular army,-254.3,-254.2,6572.8,TRANSIENT,,(Roman Republic),240,240,175,2026-08-16,Roman Republic,"POLYGON ((14.839 37.8007, 14.7727 37.7523, 14.7227 37.7119, …"
380,Consular army,-254.2,-254.1,6624.0,TRANSIENT,,(Roman Republic),240,240,175,2026-08-16,Roman Republic,"POLYGON ((14.839 37.8007, 14.7727 37.7523, 14.7227 37.7119, …"
381,Consular army,-254.1,-1.0,4784.1,TRANSIENT,,(Roman Republic),240,240,175,2026-08-16,Roman Republic,"POLYGON ((15.5717 38.0958, 15.5458 38.1217, 15.5133 38.1433,…"
382,Consular naval expedition,-260.7,-260.5,516.5,TRANSIENT,,(Roman Republic),240,243,168,2026-08-16,Roman Republic,"POLYGON ((15.0267 38.4872, 15.0575 38.4764, 15.0892 38.4514,…"
383,Consular naval expedition,-260.2,-260.0,326.0,TRANSIENT,,(Roman Republic),240,243,168,2026-08-16,Roman Republic,"POLYGON ((15.575 38.1678, 15.5891 38.1812, 15.598 38.1972, 1…"
384,Consular naval expedition,-259.7,-259.6,5480.1,TRANSIENT,,(Roman Republic),240,243,168,2026-08-16,Roman Republic,"POLYGON ((15.2586 39.8897, 15.2793 39.7707, 15.3155 39.6724,…"
385,Consular naval expedition,-259.6,-259.5,6374.6,TRANSIENT,,(Roman Republic),240,243,168,2026-08-16,Roman Republic,"POLYGON ((15.2793 39.7707, 15.3155 39.6724, 15.3724 39.5638,…"
386,Consular naval expedition,-259.5,-259.4,1001.9,TRANSIENT,,(Roman Republic),240,243,168,2026-08-16,Roman Republic,"POLYGON ((9.4903 42.0762, 9.509 42.0545, 9.5369 41.9924, 9.5…"
387,Consular naval expedition,-259.4,-259.3,6811.2,TRANSIENT,,(Roman Republic),240,243,168,2026-08-16,Roman Republic,"POLYGON ((15.5716 38.236, 15.5948 38.2464, 15.6259 38.2567, …"
388,Consular naval expedition,-258.7,-258.4,7896.2,TRANSIENT,,(Roman Republic),240,243,168,2026-08-16,Roman Republic,"POLYGON ((15.5716 38.236, 15.5948 38.2464, 15.6259 38.2567, …"
389,Consular naval expedition,-257.7,-257.5,2674.9,TRANSIENT,,(Roman Republic),240,243,168,2026-08-16,Roman Republic,"POLYGON ((14.9713 36.5627, 14.9496 36.5472, 14.9279 36.4882,…"
390,Consular naval expedition,-257.5,-257.3,458.2,TRANSIENT,,(Roman Republic),240,243,168,2026-08-16,Roman Republic,"POLYGON ((15.575 38.1678, 15.5891 38.1812, 15.598 38.1972, 1…"
391,Consular naval expedition,-256.7,-256.6,5538.5,TRANSIENT,,(Roman Republic),240,243,168,2026-08-16,Roman Republic,"POLYGON ((14.0975 37.03, 14.1392 36.995, 14.1858 36.9517, 14…"
392,Consular naval expedition,-256.6,-256.5,5596.1,TRANSIENT,,(Roman Republic),240,243,168,2026-08-16,Roman Republic,"POLYGON ((14.0975 37.03, 14.1392 36.995, 14.1858 36.9517, 14…"
393,Consular naval expedition,-256.5,-256.3,5924.0,TRANSIENT,,(Roman Republic),240,243,168,2026-08-16,Roman Republic,"POLYGON ((14.0975 37.03, 14.1392 36.995, 14.1858 36.9517, 14…"
394,Consular naval expedition,-256.3,-256.2,8369.8,TRANSIENT,,(Roman Republic),240,243,168,2026-08-16,Roman Republic,"POLYGON ((14.0975 37.03, 14.1392 36.995, 14.1858 36.9517, 14…"
395,Consular naval expedition,-256.2,-255.4,5596.1,TRANSIENT,,(Roman Republic),240,243,168,2026-08-16,Roman Republic,"POLYGON ((14.0975 37.03, 14.1392 36.995, 14.1858 36.9517, 14…"
396,Consular naval expedition,-255.4,-255.2,8261.6,TRANSIENT,,(Roman Republic),240,243,168,2026-08-16,Roman Republic,"POLYGON ((14.0975 37.03, 14.1392 36.995, 14.1858 36.9517, 14…"
397,Consular naval expedition,-255.2,-255.1,3263.6,TRANSIENT,,(Roman Republic),240,243,168,2026-08-16,Roman Republic,"POLYGON ((11.0109 37.2058, 11.0044 37.1654, 11.0125 37.1364,…"
398,Consular naval expedition,-254.7,-254.3,3468.1,TRANSIENT,,(Roman Republic),240,243,168,2026-08-16,Roman Republic,"POLYGON ((15.2586 39.8897, 15.2793 39.7707, 15.3155 39.6724,…"
399,Consular naval expedition,-254.3,-254.1,5135.2,TRANSIENT,,(Roman Republic),240,243,168,2026-08-16,Roman Republic,"POLYGON ((14.7931 38.2309, 14.6897 38.2102, 14.5862 38.1817,…"
400,Consular naval expedition,-254.1,-253.7,3468.1,TRANSIENT,,(Roman Republic),240,243,168,2026-08-16,Roman Republic,"POLYGON ((15.2586 39.8897, 15.2793 39.7707, 15.3155 39.6724,…"
401,Consular naval expedition,-253.7,-253.6,5135.2,TRANSIENT,,(Roman Republic),240,243,168,2026-08-16,Roman Republic,"POLYGON ((14.7931 38.2309, 14.6897 38.2102, 14.5862 38.1817,…"
402,Consular naval expedition,-253.6,-253.4,6086.4,TRANSIENT,,(Roman Republic),240,243,168,2026-08-16,Roman Republic,"POLYGON ((13.381790887589514 38.15900248998095, 13.3778 38.1…"
403,Consular naval expedition,-253.4,-1.0,3468.1,TRANSIENT,,(Roman Republic),240,243,168,2026-08-16,Roman Republic,"POLYGON ((15.2586 39.8897, 15.2793 39.7707, 15.3155 39.6724,…"
404,Crustumerium,-500.5,-482.5,50.5,POLITY,,(Roman Republic),240,240,168,2026-08-16,Roman Republic,"POLYGON ((12.5767 41.9917, 12.5792 41.9992, 12.5833 42.0042,…"
405,Crustumerium,-405.7,-338.5,50.5,POLITY,,(Roman Republic),240,240,168,2026-08-16,Roman Republic,"POLYGON ((12.5767 41.9917, 12.5792 41.9992, 12.5833 42.0042,…"
406,Decemvir army,-449.6,-449.5,259.8,TRANSIENT,,(Roman Republic),240,240,174,2026-08-16,Roman Republic,"POLYGON ((12.52 41.8767, 12.5358 41.875, 12.5592 41.8733, 12…"
407,Falerii,-394.6,-357.7,161.0,POLITY,,(Roman Republic),240,241,171,2026-08-16,Roman Republic,"POLYGON ((12.443 42.19795, 12.44375 42.20458, 12.44267 42.21…"
408,Ferentinum,-361.7,-358.6,18.1,POLITY,,(Roman Republic),240,242,164,2026-08-16,Roman Republic,"POLYGON ((13.2782 41.6958, 13.2776 41.6989, 13.2766 41.7019,…"
409,Ficulea,-504.4,-338.5,40.4,POLITY,,(Roman Republic),240,240,167,2026-08-16,Roman Republic,"POLYGON ((12.5767 41.9917, 12.5883 41.9867, 12.605 41.9808, …"
410,Fidenae,-504.4,-482.5,31.2,POLITY,,(Roman Republic),240,240,166,2026-08-16,Roman Republic,"POLYGON ((12.49722 41.94673, 12.49925 41.94584, 12.50206 41.…"
411,Fidenae,-474.5,-438.5,31.2,POLITY,,(Roman Republic),240,240,166,2026-08-16,Roman Republic,"POLYGON ((12.49722 41.94673, 12.49925 41.94584, 12.50206 41.…"
412,Gabii,-341.2,-338.5,57.6,POLITY,,(Roman Republic),240,242,169,2026-08-16,Roman Republic,"POLYGON ((12.6508 41.85, 12.6575 41.8492, 12.6667 41.8492, 1…"
413,Garrison,-282.6,-282.4,199.0,POLITY,,(Roman Republic),240,243,166,2026-08-16,Roman Republic,"POLYGON ((16.55208 39.64786, 16.53614 39.66025, 16.52836 39.…"
414,Garrison,-282.4,-282.3,533.4,POLITY,,(Roman Republic),240,243,166,2026-08-16,Roman Republic,"MULTIPOLYGON (((15.638 38.01672, 15.64078 38.02397, 15.65106…"
415,Garrison,-282.3,-281.2,334.5,POLITY,,(Roman Republic),240,243,166,2026-08-16,Roman Republic,"MULTIPOLYGON (((15.638 38.01672, 15.64078 38.02397, 15.65106…"
416,Garrison,-281.2,-280.4,533.4,POLITY,,(Roman Republic),240,243,166,2026-08-16,Roman Republic,"MULTIPOLYGON (((15.638 38.01672, 15.64078 38.02397, 15.65106…"
417,Garrison,-280.3,-278.9,154.4,POLITY,,(Roman Republic),240,243,166,2026-08-16,Roman Republic,"POLYGON ((15.6533 38.0109, 15.6657 38.0125, 15.6779 38.0156,…"
418,Garrison,-272.5,-1.0,200.7,POLITY,,(Roman Republic),240,243,166,2026-08-16,Roman Republic,"POLYGON ((17.27575 40.38136, 17.2907 40.3865, 17.3008 40.393…"
419,Garrison,-264.7,-264.5,27.7,TRANSIENT,,(Roman Republic),240,243,166,2026-08-16,Roman Republic,"POLYGON ((15.5734 38.2269, 15.5548 38.2269, 15.5331 38.2238,…"
420,Labicum,-418.2,-338.5,46.8,POLITY,,(Roman Republic),240,241,165,2026-08-16,Roman Republic,"POLYGON ((12.7633 41.7625, 12.7642 41.77, 12.7617 41.78, 12.…"
421,Lavinium,-341.2,-338.5,111.5,POLITY,,(Roman Republic),240,242,171,2026-08-16,Roman Republic,"POLYGON ((12.4625 41.7333, 12.4775 41.7275, 12.4908 41.715, …"
422,Naval expedition,-310.6,-310.5,1158.3,TRANSIENT,,(Roman Republic),240,243,162,2026-08-16,Roman Republic,"POLYGON ((13.8137 40.6741, 13.86 40.6708, 13.9233 40.6742, 1…"
423,Naval expedition,-310.5,-310.3,1280.7,TRANSIENT,,(Roman Republic),240,243,162,2026-08-16,Roman Republic,"POLYGON ((14.485 40.7742, 14.5317 40.7908, 14.57 40.7925, 14…"
424,Naval expedition,-282.6,-282.4,7223.4,TRANSIENT,,(Roman Republic),240,243,167,2026-08-16,Roman Republic,"POLYGON ((16.2553 38.0617, 16.2348 37.9872, 16.1886 37.9153,…"
425,Naval expedition,-264.7,-264.6,3468.1,TRANSIENT,,(Roman Republic),240,243,162,2026-08-16,Roman Republic,"POLYGON ((15.2586 39.8897, 15.2793 39.7707, 15.3155 39.6724,…"
426,Pontine district,-387.5,-338.5,221.0,POLITY,,(Roman Republic),240,241,173,2026-08-16,Roman Republic,"POLYGON ((12.777 41.573, 12.8203 41.563, 12.8753 41.548, 12.…"
427,Praeneste,-499.5,-492.5,411.2,POLITY,,(Roman Republic),240,240,164,2026-08-16,Roman Republic,"POLYGON ((12.9075 41.9108, 12.9142 41.9092, 12.9225 41.9042,…"
428,Proconsular army,-326.6,-325.7,1434.0,TRANSIENT,,(Roman Republic),240,242,174,2026-08-16,Roman Republic,"POLYGON ((13.9538 41.35, 14.0138 41.3479, 14.0634 41.3541, 1…"
429,Proconsular army,-307.7,-307.4,247.5,TRANSIENT,,(Roman Republic),240,242,174,2026-08-16,Roman Republic,"POLYGON ((13.9041 41.3459, 13.9538 41.35, 14.0138 41.3479, 1…"
430,Proconsular army,-296.8,-296.5,1699.1,TRANSIENT,,(Roman Republic),240,242,174,2026-08-16,Roman Republic,"MULTIPOLYGON (((14.2214 41.3383, 14.3083 41.3362, 14.4097 41…"
431,Proconsular army,-296.5,-296.3,2378.0,TRANSIENT,,(Roman Republic),240,242,174,2026-08-16,Roman Republic,"MULTIPOLYGON (((15.027 41.1684, 15.0829 41.1353, 15.1367 41.…"
432,Proconsular army,-296.3,-296.2,1699.1,TRANSIENT,,(Roman Republic),240,242,174,2026-08-16,Roman Republic,"MULTIPOLYGON (((14.2214 41.3383, 14.3083 41.3362, 14.4097 41…"
433,Proconsular army,-296.2,-295.8,1207.8,TRANSIENT,,(Roman Republic),240,242,174,2026-08-16,Roman Republic,"POLYGON ((13.7897 41.7259, 13.8828 41.7238, 13.9738 41.7155,…"
434,Proconsular army,-295.8,-295.6,1699.1,TRANSIENT,,(Roman Republic),240,242,174,2026-08-16,Roman Republic,"MULTIPOLYGON (((14.2214 41.3383, 14.3083 41.3362, 14.4097 41…"
435,Proconsular army,-295.6,-295.2,491.3,TRANSIENT,,(Roman Republic),240,242,174,2026-08-16,Roman Republic,"POLYGON ((14.1428 41.3383, 14.2214 41.3383, 14.3083 41.3362,…"
436,Proconsular army,-295.2,-295.0,84.5,TRANSIENT,,(Roman Republic),240,242,174,2026-08-16,Roman Republic,"POLYGON ((14.2517 41.3159, 14.2921 41.2983, 14.3324 41.2755,…"
437,Proconsular army,-293.8,-293.7,83.2,TRANSIENT,,(Roman Republic),240,242,174,2026-08-16,Roman Republic,"POLYGON ((13.7393 41.4841, 13.7559 41.5131, 13.789 41.54, 13…"
438,Proconsular army,-291.7,-291.2,391.2,TRANSIENT,,(Roman Republic),240,242,174,2026-08-16,Roman Republic,"POLYGON ((14.070777947451136 41.49850988097911, 14.0759 41.5…"
439,Satricum,-385.5,-381.6,35.6,POLITY,,(Roman Republic),240,242,160,2026-08-16,Roman Republic,"POLYGON ((12.7811 41.524, 12.7803 41.5283, 12.7789 41.5325, …"
440,Satricum,-348.5,-347.7,35.6,POLITY,,(Roman Republic),240,242,160,2026-08-16,Roman Republic,"POLYGON ((12.7811 41.524, 12.7803 41.5283, 12.7789 41.5325, …"
441,Tribunican army,-418.5,-418.4,9.5,TRANSIENT,,(Roman Republic),240,241,164,2026-08-16,Roman Republic,"POLYGON ((12.6645 41.7871, 12.6862 41.7854, 12.6978 41.7704,…"
442,Tribunican army,-414.4,-414.2,26.9,TRANSIENT,,(Roman Republic),240,241,164,2026-08-16,Roman Republic,"POLYGON ((12.6966 41.7849, 12.7086 41.7831, 12.7188 41.7846,…"
443,Tribunican army,-406.6,-406.4,463.8,TRANSIENT,,(Roman Republic),240,241,164,2026-08-16,Roman Republic,"POLYGON ((12.5871 41.5082, 12.6104 41.4657, 12.6138 41.4523,…"
444,Tribunican army,-405.7,-404.6,176.8,TRANSIENT,,(Roman Republic),240,241,164,2026-08-16,Roman Republic,"POLYGON ((12.5675 42.0633, 12.5417 42.0675, 12.4775 42.0708,…"
445,Tribunican army,-404.6,-404.4,330.9,TRANSIENT,,(Roman Republic),240,241,164,2026-08-16,Roman Republic,"MULTIPOLYGON (((12.6467 41.72, 12.6692 41.685, 12.6908 41.65…"
446,Tribunican army,-404.4,-400.6,176.8,TRANSIENT,,(Roman Republic),240,241,164,2026-08-16,Roman Republic,"POLYGON ((12.5675 42.0633, 12.5417 42.0675, 12.4775 42.0708,…"
447,Tribunican army,-400.6,-400.4,640.5,TRANSIENT,,(Roman Republic),240,241,164,2026-08-16,Roman Republic,"MULTIPOLYGON (((12.5721 41.5573, 12.6204 41.5848, 12.6363 41…"
448,Tribunican army,-400.4,-397.5,176.8,TRANSIENT,,(Roman Republic),240,241,164,2026-08-16,Roman Republic,"POLYGON ((12.5675 42.0633, 12.5417 42.0675, 12.4775 42.0708,…"
449,Tribunican army,-397.5,-397.3,415.2,TRANSIENT,,(Roman Republic),240,241,164,2026-08-16,Roman Republic,"MULTIPOLYGON (((12.5658 42.0192, 12.5183 41.9825, 12.4675 41…"
450,Tribunican army,-397.3,-396.4,176.8,TRANSIENT,,(Roman Republic),240,241,164,2026-08-16,Roman Republic,"POLYGON ((12.5675 42.0633, 12.5417 42.0675, 12.4775 42.0708,…"
451,Tribunican army,-395.7,-395.4,232.2,TRANSIENT,,(Roman Republic),240,241,164,2026-08-16,Roman Republic,"POLYGON ((12.4283 42.1, 12.4308 42.1283, 12.445 42.1625, 12.…"
452,Tribunican army,-391.4,-391.2,528.1,TRANSIENT,,(Roman Republic),240,241,164,2026-08-16,Roman Republic,"POLYGON ((12.5142 41.9955, 12.5109 42.0705, 12.5109 42.1422,…"
453,Tribunican army,-388.6,-388.4,458.0,TRANSIENT,,(Roman Republic),240,241,164,2026-08-16,Roman Republic,"MULTIPOLYGON (((12.7083 41.7833, 12.7308 41.8, 12.7458 41.82…"
454,Tribunican army,-388.4,-388.3,309.9,TRANSIENT,,(Roman Republic),240,241,164,2026-08-16,Roman Republic,"POLYGON ((12.0233 42.2067, 12.0433 42.1817, 12.0833 42.1433,…"
455,Tribunican army,-386.5,-386.1,109.1,TRANSIENT,,(Roman Republic),240,241,164,2026-08-16,Roman Republic,"POLYGON ((12.6292 41.5992, 12.655 41.5858, 12.6825 41.5817, …"
456,Tribunican army,-382.5,-382.4,66.9,TRANSIENT,,(Roman Republic),240,241,164,2026-08-16,Roman Republic,"POLYGON ((12.6475 41.795, 12.6675 41.7917, 12.6975 41.7833, …"
457,Tribunican army,-381.5,-381.4,109.4,TRANSIENT,,(Roman Republic),240,241,164,2026-08-16,Roman Republic,"POLYGON ((12.5683 41.72, 12.58 41.6883, 12.6308 41.6158, 12.…"
458,Tribunican army,-379.7,-379.5,128.7,TRANSIENT,,(Roman Republic),240,241,164,2026-08-16,Roman Republic,"POLYGON ((12.7317 41.605, 12.71 41.6225, 12.6917 41.6467, 12…"
459,Tribunican army,-378.6,-378.4,186.8,TRANSIENT,,(Roman Republic),240,241,164,2026-08-16,Roman Republic,"MULTIPOLYGON (((12.6483 41.5658, 12.6542 41.5492, 12.6475 41…"
460,Tribunican army,-377.7,-377.5,105.2,TRANSIENT,,(Roman Republic),240,241,164,2026-08-16,Roman Republic,"POLYGON ((12.5983 41.775, 12.62 41.7492, 12.6383 41.7142, 12…"
461,Tribunican army,-377.5,-377.3,44.3,TRANSIENT,,(Roman Republic),240,241,164,2026-08-16,Roman Republic,"POLYGON ((12.7058 41.575, 12.6967 41.555, 12.6725 41.5383, 1…"
462,Tribunican army,-377.3,-377.1,38.6,TRANSIENT,,(Roman Republic),240,241,164,2026-08-16,Roman Republic,"POLYGON ((12.644 41.7637, 12.6607 41.7727, 12.6802 41.7745, …"
463,Tribunican army,-370.5,-367.4,178.9,TRANSIENT,,(Roman Republic),240,241,164,2026-08-16,Roman Republic,"POLYGON ((12.5367 41.8925, 12.5617 41.8792, 12.595 41.8608, …"
464,Veii,-396.5,-338.5,646.4,POLITY,,(Roman Republic),240,241,169,2026-08-16,Roman Republic,"POLYGON ((12.18172 41.87075, 12.20197 41.87533, 12.20381 41.…"
465,Velitrae,-494.5,-410.7,110.6,POLITY,,(Roman Republic),240,240,170,2026-08-16,Roman Republic,"POLYGON ((12.7217 41.6625, 12.725 41.6767, 12.7292 41.6925, …"
466,Velitrae,-410.3,-389.9,110.6,POLITY,,(Roman Republic),240,240,170,2026-08-16,Roman Republic,"POLYGON ((12.7217 41.6625, 12.725 41.6767, 12.7292 41.6925, …"
467,Velitrae,-380.1,-371.5,110.6,POLITY,,(Roman Republic),240,240,170,2026-08-16,Roman Republic,"POLYGON ((12.7217 41.6625, 12.725 41.6767, 12.7292 41.6925, …"
468,Velitrae,-367.5,-341.2,110.6,POLITY,,(Roman Republic),240,240,170,2026-08-16,Roman Republic,"POLYGON ((12.7217 41.6625, 12.725 41.6767, 12.7292 41.6925, …"
469,Roman Ally,-486.5,-390.6,1015.4,POLITY,,,248,208,112,2026-08-16,Roman Ally,"POLYGON ((13.1307 41.8955, 13.1486 41.8893, 13.1817 41.8645,…"
470,Roman Ally,-390.6,-389.9,2333.5,POLITY,,,248,208,112,2026-08-16,Roman Ally,"MULTIPOLYGON (((13.1486 41.8893, 13.1817 41.8645, 13.23 41.8…"
471,Roman Ally,-389.9,-389.5,1318.1,POLITY,,,248,208,112,2026-08-16,Roman Ally,"POLYGON ((12.0241 42.2093, 12.0614 42.23, 12.1152 42.2672, 1…"
472,Roman Ally,-389.5,-358.6,1509.1,POLITY,,,248,208,112,2026-08-16,Roman Ally,"MULTIPOLYGON (((12.0241 42.2093, 12.0614 42.23, 12.1152 42.2…"
473,Roman Ally,-358.6,-353.9,2524.5,POLITY,,,248,208,112,2026-08-16,Roman Ally,"MULTIPOLYGON (((13.1817 41.8645, 13.23 41.8452, 13.281 41.83…"
474,Roman Ally,-353.9,-353.5,1206.4,POLITY,,,248,208,112,2026-08-16,Roman Ally,"MULTIPOLYGON (((13.1486 41.8893, 13.1817 41.8645, 13.23 41.8…"
475,Roman Ally,-353.5,-343.2,2079.7,POLITY,,,248,208,112,2026-08-16,Roman Ally,"MULTIPOLYGON (((13.1817 41.8645, 13.23 41.8452, 13.281 41.83…"
476,Roman Ally,-343.2,-342.8,3725.0,POLITY,,,248,208,112,2026-08-16,Roman Ally,"MULTIPOLYGON (((13.9335 41.03214, 13.93703 41.03639, 13.9372…"
477,Roman Ally,-342.8,-341.2,3886.0,POLITY,,,248,208,112,2026-08-16,Roman Ally,"MULTIPOLYGON (((13.9335 41.03214, 13.93703 41.03639, 13.9372…"
478,Roman Ally,-341.2,-339.5,2240.6,POLITY,,,248,208,112,2026-08-16,Roman Ally,"MULTIPOLYGON (((13.1817 41.8645, 13.23 41.8452, 13.281 41.83…"
479,Roman Ally,-339.5,-338.5,2304.1,POLITY,,,248,208,112,2026-08-16,Roman Ally,"MULTIPOLYGON (((14.47286 40.70439, 14.47347 40.70595, 14.475…"
480,Roman Ally,-338.5,-334.5,4666.6,POLITY,,,248,208,112,2026-08-16,Roman Ally,"MULTIPOLYGON (((13.0311 41.616, 13.0239 41.6046, 13.0198 41.…"
481,Roman Ally,-334.5,-326.7,5484.9,POLITY,,,248,208,112,2026-08-16,Roman Ally,"MULTIPOLYGON (((13.0772 41.5371, 13.092 41.523, 13.0958 41.5…"
482,Roman Ally,-326.7,-318.5,5670.1,POLITY,,,248,208,112,2026-08-16,Roman Ally,"MULTIPOLYGON (((13.092 41.523, 13.0958 41.5063, 13.0935 41.4…"
483,Roman Ally,-318.5,-313.3,12014.5,POLITY,,,248,208,112,2026-08-16,Roman Ally,"MULTIPOLYGON (((13.092 41.523, 13.0958 41.5063, 13.0935 41.4…"
484,Roman Ally,-313.3,-310.6,11674.9,POLITY,,,248,208,112,2026-08-16,Roman Ally,"MULTIPOLYGON (((13.092 41.523, 13.0958 41.5063, 13.0935 41.4…"
485,Roman Ally,-310.6,-310.4,12699.1,POLITY,,,248,208,112,2026-08-16,Roman Ally,"MULTIPOLYGON (((13.092 41.523, 13.0958 41.5063, 13.0935 41.4…"
486,Roman Ally,-310.4,-308.1,15791.9,POLITY,,,248,208,112,2026-08-16,Roman Ally,"MULTIPOLYGON (((12.9015 41.5955, 12.8953 41.613, 12.8859 41.…"
487,Roman Ally,-308.1,-307.5,15809.8,POLITY,,,248,208,112,2026-08-16,Roman Ally,"MULTIPOLYGON (((12.9015 41.5955, 12.8953 41.613, 12.8859 41.…"
488,Roman Ally,-307.5,-306.6,14929.4,POLITY,,,248,208,112,2026-08-16,Roman Ally,"MULTIPOLYGON (((12.9015 41.5955, 12.8953 41.613, 12.8859 41.…"
489,Roman Ally,-306.6,-305.5,15809.8,POLITY,,,248,208,112,2026-08-16,Roman Ally,"MULTIPOLYGON (((12.9015 41.5955, 12.8953 41.613, 12.8859 41.…"
490,Roman Ally,-305.5,-304.5,15881.8,POLITY,,,248,208,112,2026-08-16,Roman Ally,"MULTIPOLYGON (((12.9015 41.5955, 12.8953 41.613, 12.8859 41.…"
491,Roman Ally,-304.5,-303.5,24300.4,POLITY,,,248,208,112,2026-08-16,Roman Ally,"MULTIPOLYGON (((13.0958 41.5063, 13.0935 41.4873, 13.0868 41…"
492,Roman Ally,-303.5,-303.4,23192.0,POLITY,,,248,208,112,2026-08-16,Roman Ally,"MULTIPOLYGON (((13.092 41.523, 13.0958 41.5063, 13.0935 41.4…"
493,Roman Ally,-303.4,-302.8,22393.1,POLITY,,,248,208,112,2026-08-16,Roman Ally,"MULTIPOLYGON (((13.092 41.523, 13.0958 41.5063, 13.0935 41.4…"
494,Roman Ally,-302.8,-302.7,21004.8,POLITY,,,248,208,112,2026-08-16,Roman Ally,"MULTIPOLYGON (((13.092 41.523, 13.0958 41.5063, 13.0935 41.4…"
495,Roman Ally,-302.7,-302.6,20291.1,POLITY,,,248,208,112,2026-08-16,Roman Ally,"MULTIPOLYGON (((13.092 41.523, 13.0958 41.5063, 13.0935 41.4…"
496,Roman Ally,-302.6,-302.5,21679.4,POLITY,,,248,208,112,2026-08-16,Roman Ally,"MULTIPOLYGON (((13.0311 41.616, 13.0239 41.6046, 13.0198 41.…"
497,Roman Ally,-302.5,-299.3,24560.3,POLITY,,,248,208,112,2026-08-16,Roman Ally,"MULTIPOLYGON (((13.0958 41.5063, 13.0935 41.4873, 13.0868 41…"
498,Roman Ally,-299.3,-298.6,31739.5,POLITY,,,248,208,112,2026-08-16,Roman Ally,"MULTIPOLYGON (((13.0958 41.5063, 13.0935 41.4873, 13.0868 41…"
499,Roman Ally,-298.6,-295.8,58742.9,POLITY,,,248,208,112,2026-08-16,Roman Ally,"MULTIPOLYGON (((13.0958 41.5063, 13.0935 41.4873, 13.0868 41…"
500,Roman Ally,-295.8,-290.5,54625.9,POLITY,,,248,208,112,2026-08-16,Roman Ally,"MULTIPOLYGON (((13.0958 41.5063, 13.0935 41.4873, 13.0868 41…"
501,Roman Ally,-290.5,-290.2,65595.7,POLITY,,,248,208,112,2026-08-16,Roman Ally,"MULTIPOLYGON (((13.0958 41.5063, 13.0935 41.4873, 13.0868 41…"
502,Roman Ally,-290.2,-286.5,70653.4,POLITY,,,248,208,112,2026-08-16,Roman Ally,"MULTIPOLYGON (((13.0958 41.5063, 13.0935 41.4873, 13.0868 41…"
503,Roman Ally,-286.5,-283.5,68061.9,POLITY,,,248,208,112,2026-08-16,Roman Ally,"MULTIPOLYGON (((13.0958 41.5063, 13.0935 41.4873, 13.0868 41…"
504,Roman Ally,-283.5,-280.6,41058.7,POLITY,,,248,208,112,2026-08-16,Roman Ally,"MULTIPOLYGON (((13.092 41.523, 13.0958 41.5063, 13.0935 41.4…"
505,Roman Ally,-280.6,-280.4,46195.2,POLITY,,,248,208,112,2026-08-16,Roman Ally,"MULTIPOLYGON (((13.0958 41.5063, 13.0935 41.4873, 13.0868 41…"
506,Roman Ally,-280.4,-278.3,35225.2,POLITY,,,248,208,112,2026-08-16,Roman Ally,"MULTIPOLYGON (((13.092 41.523, 13.0958 41.5063, 13.0935 41.4…"
507,Roman Ally,-278.3,-277.5,35595.6,POLITY,,,248,208,112,2026-08-16,Roman Ally,"MULTIPOLYGON (((13.0958 41.5063, 13.0935 41.4873, 13.0868 41…"
508,Roman Ally,-277.5,-277.4,36730.2,POLITY,,,248,208,112,2026-08-16,Roman Ally,"MULTIPOLYGON (((13.0958 41.5063, 13.0935 41.4873, 13.0868 41…"
509,Roman Ally,-277.4,-276.5,37609.2,POLITY,,,248,208,112,2026-08-16,Roman Ally,"MULTIPOLYGON (((13.0958 41.5063, 13.0935 41.4873, 13.0868 41…"
510,Roman Ally,-276.5,-276.1,36474.6,POLITY,,,248,208,112,2026-08-16,Roman Ally,"MULTIPOLYGON (((13.0958 41.5063, 13.0935 41.4873, 13.0868 41…"
511,Roman Ally,-276.1,-274.5,35595.6,POLITY,,,248,208,112,2026-08-16,Roman Ally,"MULTIPOLYGON (((13.0958 41.5063, 13.0935 41.4873, 13.0868 41…"
512,Roman Ally,-274.5,-273.5,36730.2,POLITY,,,248,208,112,2026-08-16,Roman Ally,"MULTIPOLYGON (((13.0958 41.5063, 13.0935 41.4873, 13.0868 41…"
513,Roman Ally,-273.5,-272.5,36735.9,POLITY,,,248,208,112,2026-08-16,Roman Ally,"MULTIPOLYGON (((13.0958 41.5063, 13.0935 41.4873, 13.0868 41…"
514,Roman Ally,-272.5,-269.8,37961.5,POLITY,,,248,208,112,2026-08-16,Roman Ally,"MULTIPOLYGON (((13.0958 41.5063, 13.0935 41.4873, 13.0868 41…"
515,Roman Ally,-269.8,-267.5,33928.3,POLITY,,,248,208,112,2026-08-16,Roman Ally,"MULTIPOLYGON (((13.092 41.523, 13.0958 41.5063, 13.0935 41.4…"
516,Roman Ally,-267.5,-266.9,77854.2,POLITY,,,248,208,112,2026-08-16,Roman Ally,"MULTIPOLYGON (((13.0958 41.5063, 13.0935 41.4873, 13.0868 41…"
517,Roman Ally,-266.9,-266.5,71771.3,POLITY,,,248,208,112,2026-08-16,Roman Ally,"MULTIPOLYGON (((13.0958 41.5063, 13.0935 41.4873, 13.0868 41…"
518,Roman Ally,-266.5,-263.5,91295.2,POLITY,,,248,208,112,2026-08-16,Roman Ally,"MULTIPOLYGON (((12.9647 41.934, 12.9399 41.9402, 12.9027 41.…"
519,Roman Ally,-263.5,-263.3,92154.3,POLITY,,,248,208,112,2026-08-16,Roman Ally,"MULTIPOLYGON (((12.8953 41.613, 12.8859 41.6265, 12.887 41.6…"
520,Roman Ally,-263.3,-258.3,97106.7,POLITY,,,248,208,112,2026-08-16,Roman Ally,"MULTIPOLYGON (((13.0935 41.4873, 13.0868 41.4731, 13.0768 41…"
521,Roman Ally,-258.3,-1.0,96163.9,POLITY,,,248,208,112,2026-08-16,Roman Ally,"MULTIPOLYGON (((13.0935 41.4873, 13.0868 41.4731, 13.0768 41…"
522,Aequi,-304.5,-303.4,1584.6,POLITY,,(Roman Ally),248,210,114,2026-08-16,Roman Ally,"MULTIPOLYGON (((12.967 42.1436, 13.018 42.1601, 13.0829 42.1…"
523,Aequi,-303.4,-302.7,785.7,POLITY,,(Roman Ally),248,210,114,2026-08-16,Roman Ally,"MULTIPOLYGON (((13.52656 42.29392, 13.53372 42.2807, 13.5420…"
524,Aequi,-302.5,-290.2,785.7,POLITY,,(Roman Ally),248,210,114,2026-08-16,Roman Ally,"MULTIPOLYGON (((13.52656 42.29392, 13.53372 42.2807, 13.5420…"
525,Aequi,-290.2,-1.0,345.3,POLITY,,(Roman Ally),248,210,114,2026-08-16,Roman Ally,"POLYGON ((13.68031 42.18903, 13.6787 42.1618, 13.6815 42.120…"
526,Apulia,-318.5,-1.0,6344.4,POLITY,,(Roman Ally),248,209,114,2026-08-16,Roman Ally,"POLYGON ((16.271 41.3141, 16.2607 41.2955, 16.2214 41.2686, …"
527,Apulia,-304.2,-303.7,817.7,TRANSIENT,,(Roman Ally),248,209,125,2026-08-16,Roman Ally,"POLYGON ((16.0831 40.9593, 16.1597 40.9593, 16.259 40.9386, …"
528,Army,-304.2,-303.7,817.7,TRANSIENT,,(Apulia),248,209,125,2026-08-16,Roman Ally,"POLYGON ((16.0831 40.9593, 16.1597 40.9593, 16.259 40.9386, …"
529,Aritim,-310.4,-302.8,1388.3,POLITY,,(Roman Ally),248,209,119,2026-08-16,Roman Ally,"POLYGON ((12.0167 43.7633, 12.0367 43.755, 12.0217 43.7383, …"
530,Aritim,-302.6,-295.8,1388.3,POLITY,,(Roman Ally),248,209,119,2026-08-16,Roman Ally,"POLYGON ((12.0167 43.7633, 12.0367 43.755, 12.0217 43.7383, …"
531,Arretium,-266.5,-1.0,1388.3,POLITY,,(Roman Ally),248,211,115,2026-08-16,Roman Ally,"POLYGON ((12.0167 43.7633, 12.0367 43.755, 12.0217 43.7383, …"
532,Aurunci,-334.5,-313.3,267.8,POLITY,,(Roman Ally),248,208,127,2026-08-16,Roman Ally,"POLYGON ((13.84761 41.27486, 13.863 41.2729, 13.8982 41.2647…"
533,Aurunci,-313.3,-1.0,185.7,POLITY,,(Roman Ally),248,208,127,2026-08-16,Roman Ally,"POLYGON ((13.9748 41.2458, 13.9841 41.2429, 14.0317 41.2378,…"
534,Bruttian League,-267.5,-1.0,8943.7,POLITY,,(Roman Ally),248,210,127,2026-08-16,Roman Ally,"POLYGON ((16.4708 38.6175, 16.4708 38.5442, 16.4408 38.4942,…"
535,Caere,-353.5,-273.5,873.3,POLITY,,(Roman Ally),248,210,123,2026-08-16,Roman Ally,"POLYGON ((12.0241 42.2093, 12.0614 42.23, 12.1152 42.2672, 1…"
536,Caisra,-390.6,-353.9,1318.1,POLITY,,(Roman Ally),248,208,114,2026-08-16,Roman Ally,"POLYGON ((12.0241 42.2093, 12.0614 42.23, 12.1152 42.2672, 1…"
537,Campania,-343.2,-341.2,1645.3,POLITY,,(Roman Ally),248,208,116,2026-08-16,Roman Ally,"POLYGON ((13.91642 41.02183, 13.9327 41.03164, 13.9335 41.03…"
538,Catane,-263.3,-1.0,756.9,POLITY,,(Roman Ally),248,211,122,2026-08-16,Roman Ally,"POLYGON ((14.98 37.3975, 14.9617 37.4008, 14.9417 37.4042, 1…"
539,Clevsin,-310.6,-295.8,1024.1,POLITY,,(Roman Ally),248,209,116,2026-08-16,Roman Ally,"POLYGON ((11.7114 43.1669, 11.759 43.1731, 11.7983 43.1752, …"
540,Clusium,-266.5,-1.0,1024.1,POLITY,,(Roman Ally),248,211,117,2026-08-16,Roman Ally,"POLYGON ((11.7114 43.1669, 11.759 43.1731, 11.7983 43.1752, …"
541,Cora,-338.5,-1.0,39.4,POLITY,,(Roman Ally),248,208,124,2026-08-16,Roman Ally,"POLYGON ((12.9831 41.6569, 12.9742 41.6501, 12.9556 41.6346,…"
542,Corito,-266.5,-1.0,1036.4,POLITY,,(Roman Ally),248,211,116,2026-08-16,Roman Ally,"POLYGON ((11.6555 43.32, 11.701 43.3304, 11.7507 43.3386, 11…"
543,Croton,-277.5,-276.5,1134.6,POLITY,,(Roman Ally),248,210,121,2026-08-16,Roman Ally,"POLYGON ((16.58731 38.45781, 16.58481 38.47534, 16.58472 38.…"
544,Croton,-274.5,-1.0,1134.6,POLITY,,(Roman Ally),248,210,121,2026-08-16,Roman Ally,"POLYGON ((16.58731 38.45781, 16.58481 38.47534, 16.58472 38.…"
545,Curtun,-310.4,-295.8,1036.4,POLITY,,(Roman Ally),248,209,118,2026-08-16,Roman Ally,"POLYGON ((11.6555 43.32, 11.701 43.3304, 11.7507 43.3386, 11…"
546,Falerii,-342.8,-338.5,161.0,POLITY,,(Roman Ally),248,208,117,2026-08-16,Roman Ally,"POLYGON ((12.443 42.19795, 12.44375 42.20458, 12.44267 42.21…"
547,Frentani,-304.5,-1.0,3566.1,POLITY,,(Roman Ally),248,209,121,2026-08-16,Roman Ally,"POLYGON ((15.29244 41.92278, 15.28786 41.914, 15.28042 41.91…"
548,Heraclea (Lucania),-278.3,-1.0,370.4,POLITY,,(Roman Ally),248,210,120,2026-08-16,Roman Ally,"POLYGON ((16.7781 40.2957, 16.77211 40.28684, 16.758 40.2679…"
549,Hernici,-486.5,-389.9,1015.4,POLITY,,(Roman Ally),248,208,113,2026-08-16,Roman Ally,"POLYGON ((13.1307 41.8955, 13.1486 41.8893, 13.1817 41.8645,…"
550,Hernici,-358.6,-307.5,1015.4,POLITY,,(Roman Ally),248,208,113,2026-08-16,Roman Ally,"POLYGON ((13.1307 41.8955, 13.1486 41.8893, 13.1817 41.8645,…"
551,Hernici,-306.6,-1.0,1015.4,POLITY,,(Roman Ally),248,208,113,2026-08-16,Roman Ally,"POLYGON ((13.1307 41.8955, 13.1486 41.8893, 13.1817 41.8645,…"
552,Hirpini,-267.5,-1.0,1720.4,POLITY,,(Roman Ally),248,211,113,2026-08-16,Roman Ally,"POLYGON ((15.2631 41.0372, 15.2631 41.0404, 15.2724 41.059, …"
553,Kamarina,-263.3,-258.3,942.8,POLITY,,(Roman Ally),248,211,126,2026-08-16,Roman Ally,"POLYGON ((14.4027 36.9355, 14.4057 36.9373, 14.4158 36.9447,…"
554,Kingdom of Syracuse,-263.3,-1.0,3256.5,POLITY,,(Roman Ally),248,211,123,2026-08-16,Roman Ally,"MULTIPOLYGON (((15.11275 36.81486, 15.10739 36.8052, 15.1009…"
555,Kingdom of Syracuse,-262.1,-261.6,1988.1,TRANSIENT,,(Roman Ally),248,211,127,2026-08-16,Roman Ally,"POLYGON ((15.0773 36.632, 15.1547 36.6406, 15.2206 36.6921, …"
556,Naval expedition,-262.1,-261.6,1988.1,TRANSIENT,,(Kingdom of Syracuse),248,211,127,2026-08-16,Roman Ally,"POLYGON ((15.0773 36.632, 15.1547 36.6406, 15.2206 36.6921, …"
557,Tauromenion,-263.3,-1.0,696.3,POLITY,,(Kingdom of Syracuse),248,211,124,2026-08-16,Roman Ally,"POLYGON ((15.21139 37.73817, 15.1898 37.7378, 15.1539 37.746…"
558,Locri,-277.4,-276.1,879.0,POLITY,,(Roman Ally),248,210,122,2026-08-16,Roman Ally,"POLYGON ((16.58731 38.45781, 16.5734 38.4545, 16.5492 38.460…"
559,Locri,-273.5,-1.0,879.0,POLITY,,(Roman Ally),248,210,122,2026-08-16,Roman Ally,"POLYGON ((16.58731 38.45781, 16.5734 38.4545, 16.5492 38.460…"
560,Lucanians,-298.6,-283.5,27003.4,POLITY,,(Roman Ally),248,210,112,2026-08-16,Roman Ally,"POLYGON ((16.61806 39.99536, 16.62508 39.97811, 16.63464 39.…"
561,Lucanians,-267.5,-1.0,16046.1,POLITY,,(Roman Ally),248,210,112,2026-08-16,Roman Ally,"POLYGON ((16.61806 39.99536, 16.62508 39.97811, 16.63464 39.…"
562,Mamertines,-263.3,-1.0,800.7,POLITY,,(Roman Ally),248,211,125,2026-08-16,Roman Ally,"POLYGON ((15.1664 38.1527, 15.17167 38.15534, 15.21078 38.18…"
563,Marrucini,-304.5,-1.0,524.2,POLITY,,(Roman Ally),248,209,123,2026-08-16,Roman Ally,"POLYGON ((14.22514 42.47153, 14.22022 42.47045, 14.21883 42.…"
564,Marsi,-304.5,-1.0,894.7,POLITY,,(Roman Ally),248,209,124,2026-08-16,Roman Ally,"POLYGON ((13.3456 41.9738, 13.3836 41.9794, 13.4263 41.9863,…"
565,Massalia,-389.5,-1.0,191.0,POLITY,,(Roman Ally),248,208,115,2026-08-16,Roman Ally,"POLYGON ((5.4462 43.2198, 5.4554 43.2284, 5.4634 43.2381, 5.…"
566,Messapians,-267.5,-1.0,5394.2,POLITY,,(Roman Ally),248,210,125,2026-08-16,Roman Ally,"POLYGON ((18.4145 39.98389, 18.40728 39.97117, 18.40408 39.9…"
567,Neapolis,-326.7,-1.0,185.2,POLITY,,(Roman Ally),248,209,112,2026-08-16,Roman Ally,"POLYGON ((14.344 40.7988, 14.3459 40.8032, 14.3498 40.8151, …"
568,Norba,-338.5,-1.0,93.1,POLITY,,(Roman Ally),248,208,122,2026-08-16,Roman Ally,"POLYGON ((12.9831 41.6569, 12.9742 41.6501, 12.9556 41.6346,…"
569,Oriculum,-308.1,-290.2,17.9,POLITY,,(Roman Ally),248,209,120,2026-08-16,Roman Ally,"POLYGON ((12.4914 42.4158, 12.4908 42.4189, 12.4898 42.4219,…"
570,Paeligni,-304.5,-1.0,1921.0,POLITY,,(Roman Ally),248,209,122,2026-08-16,Roman Ally,"POLYGON ((13.68031 42.18903, 13.69283 42.18711, 13.70158 42.…"
571,Pentri,-267.5,-1.0,1811.5,POLITY,,(Roman Ally),248,211,112,2026-08-16,Roman Ally,"MULTIPOLYGON (((14.3125 41.8947, 14.3292 41.8814, 14.3608 41…"
572,Peucetians,-267.5,-1.0,5591.3,POLITY,,(Roman Ally),248,210,126,2026-08-16,Roman Ally,"POLYGON ((17.3703 40.8138, 17.329 40.7766, 17.2979 40.7538, …"
573,Piceni,-299.3,-290.2,7202.5,POLITY,,(Roman Ally),248,209,127,2026-08-16,Roman Ally,"POLYGON ((13.5502 42.6162, 13.5481 42.6431, 13.545 42.6607, …"
574,Piceni,-290.2,-286.5,6624.7,POLITY,,(Roman Ally),248,209,127,2026-08-16,Roman Ally,"POLYGON ((13.91522 42.89442, 13.92206 42.85506, 13.8917 42.8…"
575,Piceni,-286.5,-269.8,4033.2,POLITY,,(Roman Ally),248,209,127,2026-08-16,Roman Ally,"POLYGON ((13.91522 42.89442, 13.92206 42.85506, 13.8917 42.8…"
576,Pompeii,-339.5,-1.0,63.5,POLITY,,(Roman Ally),248,209,115,2026-08-16,Roman Ally,"POLYGON ((14.476 40.7003, 14.4823 40.6995, 14.4885 40.6995, …"
577,Populonia,-266.5,-1.0,723.0,POLITY,,(Roman Ally),248,211,119,2026-08-16,Roman Ally,"POLYGON ((10.53331 43.17433, 10.5486 43.171, 10.5755 43.1721…"
578,Praeneste,-338.5,-1.0,371.8,POLITY,,(Roman Ally),248,208,119,2026-08-16,Roman Ally,"POLYGON ((12.79 41.8383, 12.8099 41.8464, 12.8358 41.8547, 1…"
579,Purusia,-310.4,-295.8,668.2,POLITY,,(Roman Ally),248,209,117,2026-08-16,Roman Ally,"POLYGON ((12.29195 43.32358, 12.28908 43.32281, 12.26392 43.…"
580,Purusia,-266.5,-1.0,668.2,POLITY,,(Roman Ally),248,209,117,2026-08-16,Roman Ally,"POLYGON ((12.29195 43.32358, 12.28908 43.32281, 12.26392 43.…"
581,Sabini,-290.2,-1.0,1113.6,POLITY,,(Roman Ally),248,210,117,2026-08-16,Roman Ally,"POLYGON ((12.45681 42.42128, 12.45197 42.42395, 12.45133 42.…"
582,Saina,-266.5,-1.0,2551.5,POLITY,,(Roman Ally),248,211,121,2026-08-16,Roman Ally,"POLYGON ((10.9831 43.1059, 10.9997 43.1193, 11.0141 43.1441,…"
583,Samnium,-290.5,-280.4,10970.0,POLITY,,(Roman Ally),248,210,115,2026-08-16,Roman Ally,"MULTIPOLYGON (((15.3908 40.8175, 15.3592 40.8225, 15.3358 40…"
584,Samnium,-267.5,-1.0,4419.2,POLITY,,(Roman Ally),248,210,115,2026-08-16,Roman Ally,"POLYGON ((15.2662 41.0279, 15.291 41.0248, 15.3159 41.0155, …"
585,Setia,-338.5,-1.0,60.1,POLITY,,(Roman Ally),248,208,123,2026-08-16,Roman Ally,"POLYGON ((12.9887 41.5332, 13.0001 41.5394, 13.0167 41.5529,…"
586,Sidicini,-334.5,-313.3,550.5,POLITY,,(Roman Ally),248,208,126,2026-08-16,Roman Ally,"POLYGON ((13.8615 41.4137, 13.8786 41.4219, 13.9034 41.4271,…"
587,Sidicini,-313.3,-1.0,293.0,POLITY,,(Roman Ally),248,208,126,2026-08-16,Roman Ally,"POLYGON ((14.10836 41.38906, 14.11561 41.38536, 14.11694 41.…"
588,Signia,-338.5,-1.0,92.6,POLITY,,(Roman Ally),248,208,121,2026-08-16,Roman Ally,"POLYGON ((12.9976 41.6803, 12.9945 41.6755, 12.9883 41.6672,…"
589,Tarentum,-272.5,-1.0,1595.9,POLITY,,(Roman Ally),248,210,124,2026-08-16,Roman Ally,"POLYGON ((17.33133 40.3625, 17.3185 40.36281, 17.30897 40.36…"
590,Tarquinii,-266.5,-1.0,1273.3,POLITY,,(Roman Ally),248,211,114,2026-08-16,Roman Ally,"POLYGON ((11.6566 42.2948, 11.6814 42.3103, 11.7217 42.3372,…"
591,Tibur,-338.5,-1.0,479.0,POLITY,,(Roman Ally),248,208,118,2026-08-16,Roman Ally,"POLYGON ((13.1008 41.9187, 13.0856 41.927, 13.0718 41.9518, …"
592,Umbria,-290.2,-266.9,6083.0,POLITY,,(Roman Ally),248,210,116,2026-08-16,Roman Ally,"POLYGON ((12.3867 43.91, 12.35 43.875, 12.3117 43.8483, 12.2…"
593,Umbria,-266.5,-1.0,6083.0,POLITY,,(Roman Ally),248,210,116,2026-08-16,Roman Ally,"POLYGON ((12.3867 43.91, 12.35 43.875, 12.3117 43.8483, 12.2…"
594,Vestini,-302.5,-290.2,2167.2,POLITY,,(Roman Ally),248,209,126,2026-08-16,Roman Ally,"POLYGON ((14.03053 42.66011, 14.02481 42.6575, 14.01628 42.6…"
595,Vestini,-290.2,-1.0,969.1,POLITY,,(Roman Ally),248,209,126,2026-08-16,Roman Ally,"POLYGON ((14.03053 42.66011, 14.02481 42.6575, 14.01628 42.6…"
596,Vetulonium,-266.5,-1.0,1915.0,POLITY,,(Roman Ally),248,211,118,2026-08-16,Roman Ally,"POLYGON ((10.74683 42.92878, 10.749 42.94, 10.7676 42.9586, …"
597,Volaterrae,-266.5,-1.0,5098.7,POLITY,,(Roman Ally),248,211,120,2026-08-16,Roman Ally,"POLYGON ((10.27458 43.68737, 10.30611 43.68412, 10.3165 43.6…"
598,Volsci,-338.5,-303.5,1468.1,POLITY,,(Roman Ally),248,210,113,2026-08-16,Roman Ally,"MULTIPOLYGON (((13.8391 41.2952, 13.8247 41.3014, 13.7988 41…"
599,Volsci,-303.5,-1.0,357.5,POLITY,,(Roman Ally),248,210,113,2026-08-16,Roman Ally,"POLYGON ((13.6126 41.4017, 13.599 41.4183, 13.5825 41.4328, …"
600,Volsinii,-280.6,-1.0,2899.0,POLITY,,(Roman Ally),248,210,119,2026-08-16,Roman Ally,"POLYGON ((12.0279 42.9331, 12.0559 42.9372, 12.0797 42.9404,…"
601,Roman Latin Colony,-495.7,-492.5,92.6,POLITY,,,248,192,16,2026-08-16,Roman Latin Colony,"POLYGON ((12.9976 41.6803, 12.9945 41.6755, 12.9883 41.6672,…"
602,Roman Latin Colony,-492.5,-442.5,185.8,POLITY,,,248,192,16,2026-08-16,Roman Latin Colony,"POLYGON ((13.0311 41.616, 13.0239 41.6046, 13.0198 41.5901, …"
603,Roman Latin Colony,-442.5,-393.5,377.7,POLITY,,,248,192,16,2026-08-16,Roman Latin Colony,"MULTIPOLYGON (((13.0311 41.616, 13.0239 41.6046, 13.0198 41.…"
604,Roman Latin Colony,-393.5,-389.9,460.1,POLITY,,,248,192,16,2026-08-16,Roman Latin Colony,"MULTIPOLYGON (((13.10636 41.23784, 13.09203 41.22508, 13.080…"
605,Roman Latin Colony,-389.9,-385.5,377.7,POLITY,,,248,192,16,2026-08-16,Roman Latin Colony,"MULTIPOLYGON (((13.0311 41.616, 13.0239 41.6046, 13.0198 41.…"
606,Roman Latin Colony,-385.5,-383.5,437.8,POLITY,,,248,192,16,2026-08-16,Roman Latin Colony,"MULTIPOLYGON (((13.0615 41.5479, 13.0772 41.5371, 13.092 41.…"
607,Roman Latin Colony,-383.5,-341.2,540.9,POLITY,,,248,192,16,2026-08-16,Roman Latin Colony,"MULTIPOLYGON (((13.0615 41.5479, 13.0772 41.5371, 13.092 41.…"
608,Roman Latin Colony,-341.2,-338.5,103.1,POLITY,,,248,192,16,2026-08-16,Roman Latin Colony,"POLYGON ((12.3891 42.2703, 12.385 42.2569, 12.3839 42.2486, …"
609,Roman Latin Colony,-338.5,-334.5,377.4,POLITY,,,248,192,16,2026-08-16,Roman Latin Colony,"MULTIPOLYGON (((13.10636 41.23784, 13.09203 41.22508, 13.080…"
610,Roman Latin Colony,-334.5,-328.5,406.2,POLITY,,,248,192,16,2026-08-16,Roman Latin Colony,"MULTIPOLYGON (((14.1624 41.2046, 14.1728 41.1902, 14.1717 41…"
611,Roman Latin Colony,-328.5,-321.5,561.7,POLITY,,,248,192,16,2026-08-16,Roman Latin Colony,"MULTIPOLYGON (((14.1624 41.2046, 14.1728 41.1902, 14.1717 41…"
612,Roman Latin Colony,-321.5,-314.5,377.4,POLITY,,,248,192,16,2026-08-16,Roman Latin Colony,"MULTIPOLYGON (((13.10636 41.23784, 13.09203 41.22508, 13.080…"
613,Roman Latin Colony,-314.5,-313.5,987.2,POLITY,,,248,192,16,2026-08-16,Roman Latin Colony,"MULTIPOLYGON (((14.1624 41.2046, 14.1728 41.1902, 14.1717 41…"
614,Roman Latin Colony,-313.5,-313.3,997.4,POLITY,,,248,192,16,2026-08-16,Roman Latin Colony,"MULTIPOLYGON (((12.94906 40.89797, 12.94189 40.89925, 12.938…"
615,Roman Latin Colony,-313.3,-312.5,1422.4,POLITY,,,248,192,16,2026-08-16,Roman Latin Colony,"MULTIPOLYGON (((12.94906 40.89797, 12.94189 40.89925, 12.938…"
616,Roman Latin Colony,-312.5,-303.5,1645.0,POLITY,,,248,192,16,2026-08-16,Roman Latin Colony,"MULTIPOLYGON (((12.94906 40.89797, 12.94189 40.89925, 12.938…"
617,Roman Latin Colony,-303.5,-299.5,2158.7,POLITY,,,248,192,16,2026-08-16,Roman Latin Colony,"MULTIPOLYGON (((12.94906 40.89797, 12.94189 40.89925, 12.938…"
618,Roman Latin Colony,-299.5,-298.5,2266.3,POLITY,,,248,192,16,2026-08-16,Roman Latin Colony,"MULTIPOLYGON (((12.94906 40.89797, 12.94189 40.89925, 12.938…"
619,Roman Latin Colony,-298.5,-291.5,2487.2,POLITY,,,248,192,16,2026-08-16,Roman Latin Colony,"MULTIPOLYGON (((12.94906 40.89797, 12.94189 40.89925, 12.938…"
620,Roman Latin Colony,-291.5,-288.5,3576.1,POLITY,,,248,192,16,2026-08-16,Roman Latin Colony,"MULTIPOLYGON (((12.94189 40.89925, 12.93897 40.90294, 12.942…"
621,Roman Latin Colony,-288.5,-273.5,3961.3,POLITY,,,248,192,16,2026-08-16,Roman Latin Colony,"MULTIPOLYGON (((12.94189 40.89925, 12.93897 40.90294, 12.942…"
622,Roman Latin Colony,-273.5,-268.5,4573.4,POLITY,,,248,192,16,2026-08-16,Roman Latin Colony,"MULTIPOLYGON (((12.94189 40.89925, 12.93897 40.90294, 12.942…"
623,Roman Latin Colony,-268.5,-264.5,5483.3,POLITY,,,248,192,16,2026-08-16,Roman Latin Colony,"MULTIPOLYGON (((12.94189 40.89925, 12.93897 40.90294, 12.942…"
624,Roman Latin Colony,-264.5,-263.5,6180.8,POLITY,,,248,192,16,2026-08-16,Roman Latin Colony,"MULTIPOLYGON (((12.94189 40.89925, 12.93897 40.90294, 12.942…"
625,Roman Latin Colony,-263.5,-1.0,6618.2,POLITY,,,248,192,16,2026-08-16,Roman Latin Colony,"MULTIPOLYGON (((12.94189 40.89925, 12.93897 40.90294, 12.942…"
626,Aesernia,-263.5,-1.0,437.4,POLITY,,(Roman Latin Colony),248,193,25,2026-08-16,Roman Latin Colony,"POLYGON ((14.3059 41.4866, 14.3245 41.499, 14.3307 41.5279, …"
627,Alba Fucens,-303.5,-1.0,410.0,POLITY,,(Roman Latin Colony),248,193,16,2026-08-16,Roman Latin Colony,"POLYGON ((13.4428 41.9966, 13.4449 42.0193, 13.4594 42.0524,…"
628,Ardea,-442.5,-341.2,192.0,POLITY,,(Roman Latin Colony),248,192,21,2026-08-16,Roman Latin Colony,"POLYGON ((12.57411 41.51045, 12.5817 41.5133, 12.5958 41.521…"
629,Ardea,-338.5,-1.0,192.0,POLITY,,(Roman Latin Colony),248,192,21,2026-08-16,Roman Latin Colony,"POLYGON ((12.57411 41.51045, 12.5817 41.5133, 12.5958 41.521…"
630,Ariminum,-268.5,-1.0,315.6,POLITY,,(Roman Latin Colony),248,193,21,2026-08-16,Roman Latin Colony,"POLYGON ((12.48525 44.14267, 12.47153 44.14489, 12.45903 44.…"
631,Beneventum,-268.5,-1.0,594.3,POLITY,,(Roman Latin Colony),248,193,22,2026-08-16,Roman Latin Colony,"POLYGON ((14.6618 41.2096, 14.6701 41.1951, 14.6742 41.1641,…"
632,Cales,-334.5,-321.5,28.8,POLITY,,(Roman Latin Colony),248,192,25,2026-08-16,Roman Latin Colony,"POLYGON ((14.1324 41.2264, 14.12 41.2202, 14.1076 41.2077, 1…"
633,Cales,-314.5,-1.0,28.8,POLITY,,(Roman Latin Colony),248,192,25,2026-08-16,Roman Latin Colony,"POLYGON ((14.1324 41.2264, 14.12 41.2202, 14.1076 41.2077, 1…"
634,Carseoli,-298.5,-1.0,220.9,POLITY,,(Roman Latin Colony),248,193,17,2026-08-16,Roman Latin Colony,"POLYGON ((13.2173 42.0607, 13.1966 42.0462, 13.1801 42.0338,…"
635,Circeii,-393.5,-389.9,82.4,POLITY,,(Roman Latin Colony),248,192,22,2026-08-16,Roman Latin Colony,"POLYGON ((13.14817 41.26542, 13.1422 41.27295, 13.14061 41.2…"
636,Circeii,-338.5,-1.0,82.4,POLITY,,(Roman Latin Colony),248,192,22,2026-08-16,Roman Latin Colony,"POLYGON ((13.14817 41.26542, 13.1422 41.27295, 13.14061 41.2…"
637,Cusa,-273.5,-1.0,190.7,POLITY,,(Roman Latin Colony),248,193,23,2026-08-16,Roman Latin Colony,"POLYGON ((11.2093 42.5262, 11.2362 42.5262, 11.2548 42.5179,…"
638,Firmum,-264.5,-1.0,697.5,POLITY,,(Roman Latin Colony),248,193,26,2026-08-16,Roman Latin Colony,"POLYGON ((13.74217 43.2945, 13.75186 43.28006, 13.75614 43.2…"
639,Fregellae,-328.5,-321.5,155.5,POLITY,,(Roman Latin Colony),248,192,26,2026-08-16,Roman Latin Colony,"POLYGON ((13.6348 41.5731, 13.6152 41.5835, 13.5934 41.5938,…"
640,Fregellae,-314.5,-1.0,155.5,POLITY,,(Roman Latin Colony),248,192,26,2026-08-16,Roman Latin Colony,"POLYGON ((13.6348 41.5731, 13.6152 41.5835, 13.5934 41.5938,…"
641,Hadria,-288.5,-1.0,385.2,POLITY,,(Roman Latin Colony),248,193,20,2026-08-16,Roman Latin Colony,"POLYGON ((14.03053 42.66011, 14.02481 42.6575, 14.01628 42.6…"
642,Interamna,-312.5,-1.0,222.5,POLITY,,(Roman Latin Colony),248,192,31,2026-08-16,Roman Latin Colony,"POLYGON ((13.83075 41.43214, 13.8236 41.4338, 13.8029 41.441…"
643,Luceria,-314.5,-1.0,425.5,POLITY,,(Roman Latin Colony),248,192,27,2026-08-16,Roman Latin Colony,"POLYGON ((15.36789 41.45931, 15.3755 41.4683, 15.3817 41.485…"
644,Narnia,-299.5,-1.0,107.5,POLITY,,(Roman Latin Colony),248,193,19,2026-08-16,Roman Latin Colony,"POLYGON ((12.5925 42.5009, 12.5822 42.5113, 12.578 42.5216, …"
645,Nepete,-383.5,-1.0,46.5,POLITY,,(Roman Latin Colony),248,192,23,2026-08-16,Roman Latin Colony,"POLYGON ((12.3901 42.2762, 12.3891 42.2703, 12.385 42.2569, …"
646,Norba,-492.5,-341.2,93.1,POLITY,,(Roman Latin Colony),248,192,19,2026-08-16,Roman Latin Colony,"POLYGON ((12.9831 41.6569, 12.9742 41.6501, 12.9556 41.6346,…"
647,Paestum,-273.5,-1.0,421.4,POLITY,,(Roman Latin Colony),248,193,24,2026-08-16,Roman Latin Colony,"POLYGON ((14.93256 40.49078, 14.9451 40.5053, 14.9668 40.520…"
648,Pontiae,-313.5,-1.0,10.1,POLITY,,(Roman Latin Colony),248,192,30,2026-08-16,Roman Latin Colony,"POLYGON ((12.95025 40.87803, 12.96125 40.88264, 12.97064 40.…"
649,Saticula,-313.3,-1.0,85.5,POLITY,,(Roman Latin Colony),248,192,28,2026-08-16,Roman Latin Colony,"POLYGON ((14.46364 41.17189, 14.4752 41.1674, 14.4897 41.159…"
650,Setia,-385.5,-341.2,60.1,POLITY,,(Roman Latin Colony),248,192,20,2026-08-16,Roman Latin Colony,"POLYGON ((12.9887 41.5332, 13.0001 41.5394, 13.0167 41.5529,…"
651,Signia,-495.7,-341.2,92.6,POLITY,,(Roman Latin Colony),248,192,18,2026-08-16,Roman Latin Colony,"POLYGON ((12.9976 41.6803, 12.9945 41.6755, 12.9883 41.6672,…"
652,Sora,-303.5,-1.0,103.7,POLITY,,(Roman Latin Colony),248,193,18,2026-08-16,Roman Latin Colony,"POLYGON ((13.5908 41.7814, 13.599 41.7907, 13.6094 41.8042, …"
653,Suessa Aurunca,-313.3,-1.0,339.6,POLITY,,(Roman Latin Colony),248,192,29,2026-08-16,Roman Latin Colony,"POLYGON ((13.8615 41.4137, 13.8786 41.4219, 13.9034 41.4271,…"
654,Sutrium,-383.5,-1.0,56.6,POLITY,,(Roman Latin Colony),248,192,24,2026-08-16,Roman Latin Colony,"POLYGON ((12.2836 42.2238, 12.2748 42.2259, 12.2595 42.2259,…"
655,Venusia,-291.5,-1.0,1088.9,POLITY,,(Roman Latin Colony),248,192,17,2026-08-16,Roman Latin Colony,"POLYGON ((15.9542 40.8783, 15.9643 40.8853, 15.9767 40.8956,…"
