Index,Name,FromYear,ToYear,Area,Type,References,MemberOf,ColorR,ColorG,ColorB,Generated,SourceRun,geometry
1,Roman Republic,-509.4,-507.5,933.6,POLITY,,,240,240,160,2026-08-16,Roman Republic,"MULTIPOLYGON (((13.34022 41.29117, 13.31817 41.29325, 13.303…"
2,Roman Republic,-507.5,-504.5,778.0,POLITY,,,240,240,160,2026-08-16,Roman Republic,"POLYGON ((12.37033 41.68764, 12.3821 41.6962, 12.3934 41.707…"
3,Roman Republic,-504.5,-504.4,924.3,POLITY,,,240,240,160,2026-08-16,Roman Republic,"POLYGON ((12.22911 41.74614, 12.22028 41.746, 12.21695 41.74…"
4,Roman Republic,-504.4,-500.5,995.9,POLITY,,,240,240,160,2026-08-16,Roman Republic,"POLYGON ((12.22028 41.746, 12.21695 41.74811, 12.22381 41.75…"
5,Roman Republic,-500.5,-499.5,1046.5,POLITY,,,240,240,160,2026-08-16,Roman Republic,"POLYGON ((12.22028 41.746, 12.21695 41.74811, 12.22381 41.75…"
6,Roman Republic,-499.5,-494.5,1457.7,POLITY,,,240,240,160,2026-08-16,Roman Republic,"MULTIPOLYGON (((12.9225 41.9042, 12.93 41.9, 12.9408 41.8925…"
7,Roman Republic,-494.5,-492.5,1568.1,POLITY,,,240,240,160,2026-08-16,Roman Republic,"MULTIPOLYGON (((12.7308 41.7058, 12.7283 41.7133, 12.7283 41…"
8,Roman Republic,-492.5,-482.5,1157.0,POLITY,,,240,240,160,2026-08-16,Roman Republic,"MULTIPOLYGON (((12.7292 41.6925, 12.7308 41.7058, 12.7283 41…"
9,Roman Republic,-482.5,-477.5,1075.3,POLITY,,,240,240,160,2026-08-16,Roman Republic,"MULTIPOLYGON (((12.7292 41.6925, 12.7308 41.7058, 12.7283 41…"
10,Roman Republic,-477.5,-476.5,984.6,POLITY,,,240,240,160,2026-08-16,Roman Republic,"MULTIPOLYGON (((12.7292 41.6925, 12.7308 41.7058, 12.7283 41…"
11,Roman Republic,-476.5,-474.5,1075.3,POLITY,,,240,240,160,2026-08-16,Roman Republic,"MULTIPOLYGON (((12.7292 41.6925, 12.7308 41.7058, 12.7283 41…"
12,Roman Republic,-474.5,-467.6,1106.5,POLITY,,,240,240,160,2026-08-16,Roman Republic,"MULTIPOLYGON (((12.7292 41.6925, 12.7308 41.7058, 12.7283 41…"
13,Roman Republic,-467.6,-459.8,1219.3,POLITY,,,240,240,160,2026-08-16,Roman Republic,"MULTIPOLYGON (((12.70103 41.44897, 12.68358 41.45567, 12.672…"
14,Roman Republic,-459.8,-459.6,1106.5,POLITY,,,240,240,160,2026-08-16,Roman Republic,"MULTIPOLYGON (((12.7292 41.6925, 12.7308 41.7058, 12.7283 41…"
15,Roman Republic,-459.6,-438.5,1219.3,POLITY,,,240,240,160,2026-08-16,Roman Republic,"MULTIPOLYGON (((12.70103 41.44897, 12.68358 41.45567, 12.672…"
16,Roman Republic,-438.5,-435.4,1188.2,POLITY,,,240,240,160,2026-08-16,Roman Republic,"MULTIPOLYGON (((12.70103 41.44897, 12.68358 41.45567, 12.672…"
17,Roman Republic,-435.4,-426.6,1219.3,POLITY,,,240,240,160,2026-08-16,Roman Republic,"MULTIPOLYGON (((12.70103 41.44897, 12.68358 41.45567, 12.672…"
18,Roman Republic,-426.6,-426.4,1188.2,POLITY,,,240,240,160,2026-08-16,Roman Republic,"MULTIPOLYGON (((12.70103 41.44897, 12.68358 41.45567, 12.672…"
19,Roman Republic,-426.4,-418.2,1219.3,POLITY,,,240,240,160,2026-08-16,Roman Republic,"MULTIPOLYGON (((12.70103 41.44897, 12.68358 41.45567, 12.672…"
20,Roman Republic,-418.2,-410.7,1266.2,POLITY,,,240,240,160,2026-08-16,Roman Republic,"MULTIPOLYGON (((12.68358 41.45567, 12.67208 41.45675, 12.667…"
21,Roman Republic,-410.7,-410.3,1155.6,POLITY,,,240,240,160,2026-08-16,Roman Republic,"MULTIPOLYGON (((12.70103 41.44897, 12.68358 41.45567, 12.672…"
22,Roman Republic,-410.3,-406.5,1266.2,POLITY,,,240,240,160,2026-08-16,Roman Republic,"MULTIPOLYGON (((12.68358 41.45567, 12.67208 41.45675, 12.667…"
23,Roman Republic,-406.5,-405.7,1421.7,POLITY,,,240,240,160,2026-08-16,Roman Republic,"MULTIPOLYGON (((13.30314 41.29631, 13.27828 41.29592, 13.270…"
24,Roman Republic,-405.7,-402.5,1472.2,POLITY,,,240,240,160,2026-08-16,Roman Republic,"MULTIPOLYGON (((13.30314 41.29631, 13.27828 41.29592, 13.270…"
25,Roman Republic,-402.5,-400.5,1316.7,POLITY,,,240,240,160,2026-08-16,Roman Republic,"MULTIPOLYGON (((12.68358 41.45567, 12.67208 41.45675, 12.667…"
26,Roman Republic,-400.5,-396.5,1472.2,POLITY,,,240,240,160,2026-08-16,Roman Republic,"MULTIPOLYGON (((13.30314 41.29631, 13.27828 41.29592, 13.270…"
27,Roman Republic,-396.5,-395.5,1853.5,POLITY,,,240,240,160,2026-08-16,Roman Republic,"MULTIPOLYGON (((12.21695 41.74811, 12.22381 41.75536, 12.219…"
28,Roman Republic,-395.5,-394.6,2028.3,POLITY,,,240,240,160,2026-08-16,Roman Republic,"MULTIPOLYGON (((12.21695 41.74811, 12.22381 41.75536, 12.219…"
29,Roman Republic,-394.6,-389.9,2189.2,POLITY,,,240,240,160,2026-08-16,Roman Republic,"MULTIPOLYGON (((12.21695 41.74811, 12.22381 41.75536, 12.219…"
30,Roman Republic,-389.9,-389.3,1965.8,POLITY,,,240,240,160,2026-08-16,Roman Republic,"MULTIPOLYGON (((12.21695 41.74811, 12.22381 41.75536, 12.219…"
31,Roman Republic,-389.3,-387.5,2068.9,POLITY,,,240,240,160,2026-08-16,Roman Republic,"MULTIPOLYGON (((12.21695 41.74811, 12.22381 41.75536, 12.219…"
32,Roman Republic,-387.5,-385.5,2289.9,POLITY,,,240,240,160,2026-08-16,Roman Republic,"MULTIPOLYGON (((12.21695 41.74811, 12.22381 41.75536, 12.219…"
33,Roman Republic,-385.5,-383.5,2322.2,POLITY,,,240,240,160,2026-08-16,Roman Republic,"MULTIPOLYGON (((12.21695 41.74811, 12.22381 41.75536, 12.219…"
34,Roman Republic,-383.5,-381.6,2219.1,POLITY,,,240,240,160,2026-08-16,Roman Republic,"MULTIPOLYGON (((12.21695 41.74811, 12.22381 41.75536, 12.219…"
35,Roman Republic,-381.6,-381.3,2186.8,POLITY,,,240,240,160,2026-08-16,Roman Republic,"MULTIPOLYGON (((12.21695 41.74811, 12.22381 41.75536, 12.219…"
36,Roman Republic,-381.3,-380.1,2229.9,POLITY,,,240,240,160,2026-08-16,Roman Republic,"MULTIPOLYGON (((12.21695 41.74811, 12.22381 41.75536, 12.219…"
37,Roman Republic,-380.1,-377.4,2340.5,POLITY,,,240,240,160,2026-08-16,Roman Republic,"MULTIPOLYGON (((12.21695 41.74811, 12.22381 41.75536, 12.219…"
38,Roman Republic,-377.4,-371.5,2453.3,POLITY,,,240,240,160,2026-08-16,Roman Republic,"MULTIPOLYGON (((12.21695 41.74811, 12.22381 41.75536, 12.219…"
39,Roman Republic,-371.5,-367.5,2342.8,POLITY,,,240,240,160,2026-08-16,Roman Republic,"MULTIPOLYGON (((12.21695 41.74811, 12.22381 41.75536, 12.219…"
40,Roman Republic,-367.5,-361.7,2453.3,POLITY,,,240,240,160,2026-08-16,Roman Republic,"MULTIPOLYGON (((12.21695 41.74811, 12.22381 41.75536, 12.219…"
41,Roman Republic,-361.7,-358.6,2471.4,POLITY,,,240,240,160,2026-08-16,Roman Republic,"MULTIPOLYGON (((12.22381 41.75536, 12.21964 41.76019, 12.218…"
42,Roman Republic,-358.6,-357.7,2453.3,POLITY,,,240,240,160,2026-08-16,Roman Republic,"MULTIPOLYGON (((12.21695 41.74811, 12.22381 41.75536, 12.219…"
43,Roman Republic,-357.7,-355.5,2292.4,POLITY,,,240,240,160,2026-08-16,Roman Republic,"MULTIPOLYGON (((12.21695 41.74811, 12.22381 41.75536, 12.219…"
44,Roman Republic,-355.5,-353.5,2313.2,POLITY,,,240,240,160,2026-08-16,Roman Republic,"MULTIPOLYGON (((12.21695 41.74811, 12.22381 41.75536, 12.219…"
45,Roman Republic,-353.5,-348.5,2654.9,POLITY,,,240,240,160,2026-08-16,Roman Republic,"MULTIPOLYGON (((12.22381 41.75536, 12.21964 41.76019, 12.218…"
46,Roman Republic,-348.5,-347.7,2687.2,POLITY,,,240,240,160,2026-08-16,Roman Republic,"MULTIPOLYGON (((12.22381 41.75536, 12.21964 41.76019, 12.218…"
47,Roman Republic,-347.7,-341.2,2542.1,POLITY,,,240,240,160,2026-08-16,Roman Republic,"MULTIPOLYGON (((12.21695 41.74811, 12.22381 41.75536, 12.219…"
48,Roman Republic,-341.2,-340.2,2600.5,POLITY,,,240,240,160,2026-08-16,Roman Republic,"MULTIPOLYGON (((12.5267 41.6767, 12.5267 41.6708, 12.5233 41…"
49,Roman Republic,-340.2,-338.5,4245.8,POLITY,,,240,240,160,2026-08-16,Roman Republic,"MULTIPOLYGON (((12.5267 41.6767, 12.5267 41.6708, 12.5233 41…"
50,Roman Republic,-338.5,-334.5,7634.8,POLITY,,,240,240,160,2026-08-16,Roman Republic,"MULTIPOLYGON (((12.67208 41.45675, 12.66728 41.45889, 12.656…"
51,Roman Republic,-334.5,-320.4,8025.5,POLITY,,,240,240,160,2026-08-16,Roman Republic,"POLYGON ((12.72139 41.43881, 12.70103 41.44897, 12.68358 41.…"
52,Roman Republic,-320.4,-315.6,8451.0,POLITY,,,240,240,160,2026-08-16,Roman Republic,"MULTIPOLYGON (((12.72139 41.43881, 12.70103 41.44897, 12.683…"
53,Roman Republic,-315.6,-313.3,8111.1,POLITY,,,240,240,160,2026-08-16,Roman Republic,"MULTIPOLYGON (((12.72139 41.43881, 12.70103 41.44897, 12.683…"
54,Roman Republic,-313.3,-312.3,8025.5,POLITY,,,240,240,160,2026-08-16,Roman Republic,"POLYGON ((12.72139 41.43881, 12.70103 41.44897, 12.68358 41.…"
55,Roman Republic,-312.3,-303.5,8097.5,POLITY,,,240,240,160,2026-08-16,Roman Republic,"MULTIPOLYGON (((12.72139 41.43881, 12.70103 41.44897, 12.683…"
56,Roman Republic,-303.5,-303.4,8737.6,POLITY,,,240,240,160,2026-08-16,Roman Republic,"MULTIPOLYGON (((12.72139 41.43881, 12.70103 41.44897, 12.683…"
57,Roman Republic,-303.4,-293.5,10674.4,POLITY,,,240,240,160,2026-08-16,Roman Republic,"MULTIPOLYGON (((12.72139 41.43881, 12.70103 41.44897, 12.683…"
58,Roman Republic,-293.5,-293.2,10513.5,POLITY,,,240,240,160,2026-08-16,Roman Republic,"MULTIPOLYGON (((12.72139 41.43881, 12.70103 41.44897, 12.683…"
59,Roman Republic,-293.2,-290.2,10674.4,POLITY,,,240,240,160,2026-08-16,Roman Republic,"MULTIPOLYGON (((12.72139 41.43881, 12.70103 41.44897, 12.683…"
60,Roman Republic,-290.2,-283.4,17479.9,POLITY,,,240,240,160,2026-08-16,Roman Republic,"MULTIPOLYGON (((12.72139 41.43881, 12.70103 41.44897, 12.683…"
61,Roman Republic,-283.4,-282.6,20071.4,POLITY,,,240,240,160,2026-08-16,Roman Republic,"MULTIPOLYGON (((12.72139 41.43881, 12.70103 41.44897, 12.683…"
62,Roman Republic,-282.6,-282.4,20270.4,POLITY,,,240,240,160,2026-08-16,Roman Republic,"MULTIPOLYGON (((12.72139 41.43881, 12.70103 41.44897, 12.683…"
63,Roman Republic,-282.4,-282.3,20604.8,POLITY,,,240,240,160,2026-08-16,Roman Republic,"MULTIPOLYGON (((12.72139 41.43881, 12.70103 41.44897, 12.683…"
64,Roman Republic,-282.3,-281.2,20405.9,POLITY,,,240,240,160,2026-08-16,Roman Republic,"MULTIPOLYGON (((12.72139 41.43881, 12.70103 41.44897, 12.683…"
65,Roman Republic,-281.2,-280.4,20604.8,POLITY,,,240,240,160,2026-08-16,Roman Republic,"MULTIPOLYGON (((12.72139 41.43881, 12.70103 41.44897, 12.683…"
66,Roman Republic,-280.4,-280.3,20071.4,POLITY,,,240,240,160,2026-08-16,Roman Republic,"MULTIPOLYGON (((12.72139 41.43881, 12.70103 41.44897, 12.683…"
67,Roman Republic,-280.3,-278.9,20225.8,POLITY,,,240,240,160,2026-08-16,Roman Republic,"MULTIPOLYGON (((12.72139 41.43881, 12.70103 41.44897, 12.683…"
68,Roman Republic,-278.9,-273.5,20071.4,POLITY,,,240,240,160,2026-08-16,Roman Republic,"MULTIPOLYGON (((12.72139 41.43881, 12.70103 41.44897, 12.683…"
69,Roman Republic,-273.5,-272.5,20944.7,POLITY,,,240,240,160,2026-08-16,Roman Republic,"MULTIPOLYGON (((12.72139 41.43881, 12.70103 41.44897, 12.683…"
70,Roman Republic,-272.5,-268.6,21145.4,POLITY,,,240,240,160,2026-08-16,Roman Republic,"MULTIPOLYGON (((12.72139 41.43881, 12.70103 41.44897, 12.683…"
71,Roman Republic,-268.6,-268.5,25178.6,POLITY,,,240,240,160,2026-08-16,Roman Republic,"MULTIPOLYGON (((12.66728 41.45889, 12.65603 41.45883, 12.65 …"
72,Roman Republic,-268.5,-267.5,25002.1,POLITY,,,240,240,160,2026-08-16,Roman Republic,"MULTIPOLYGON (((12.66728 41.45889, 12.65603 41.45883, 12.65 …"
73,Roman Republic,-267.5,-264.6,26737.2,POLITY,,,240,240,160,2026-08-16,Roman Republic,"MULTIPOLYGON (((12.70103 41.44897, 12.68358 41.45567, 12.672…"
74,Roman Republic,-264.6,-263.5,28974.7,POLITY,,,240,240,160,2026-08-16,Roman Republic,"MULTIPOLYGON (((12.66728 41.45889, 12.65603 41.45883, 12.65 …"
75,Roman Republic,-263.5,-261.5,28537.3,POLITY,,,240,240,160,2026-08-16,Roman Republic,"MULTIPOLYGON (((12.66728 41.45889, 12.65603 41.45883, 12.65 …"
76,Roman Republic,-261.5,-260.3,40243.6,POLITY,,,240,240,160,2026-08-16,Roman Republic,"MULTIPOLYGON (((12.70103 41.44897, 12.68358 41.45567, 12.672…"
77,Roman Republic,-260.3,-259.6,43726.1,POLITY,,,240,240,160,2026-08-16,Roman Republic,"MULTIPOLYGON (((12.70103 41.44897, 12.68358 41.45567, 12.672…"
78,Roman Republic,-259.6,-258.5,43889.5,POLITY,,,240,240,160,2026-08-16,Roman Republic,"MULTIPOLYGON (((12.70103 41.44897, 12.68358 41.45567, 12.672…"
79,Roman Republic,-258.5,-258.3,46021.2,POLITY,,,240,240,160,2026-08-16,Roman Republic,"MULTIPOLYGON (((12.70103 41.44897, 12.68358 41.45567, 12.672…"
80,Roman Republic,-258.3,-254.1,46964.0,POLITY,,,240,240,160,2026-08-16,Roman Republic,"MULTIPOLYGON (((12.70103 41.44897, 12.68358 41.45567, 12.672…"
81,Roman Republic,-254.1,-1.0,49551.8,POLITY,,,240,240,160,2026-08-16,Roman Republic,"MULTIPOLYGON (((12.70103 41.44897, 12.68358 41.45567, 12.672…"
82,Antium,-467.6,-459.8,112.8,POLITY,,(Roman Republic),240,240,172,2026-08-16,Roman Republic,"POLYGON ((12.72661 41.43525, 12.7282 41.4355, 12.729 41.448,…"
83,Antium,-459.6,-389.9,112.8,POLITY,,(Roman Republic),240,240,172,2026-08-16,Roman Republic,"POLYGON ((12.72661 41.43525, 12.7282 41.4355, 12.729 41.448,…"
84,Antium,-377.4,-347.7,112.8,POLITY,,(Roman Republic),240,240,172,2026-08-16,Roman Republic,"POLYGON ((12.72661 41.43525, 12.7282 41.4355, 12.729 41.448,…"
85,Anxur,-509.4,-507.5,155.5,POLITY,,(Roman Republic),240,241,167,2026-08-16,Roman Republic,"POLYGON ((13.3479 41.2897, 13.3481 41.3037, 13.3458 41.3161,…"
86,Anxur,-406.5,-402.5,155.5,POLITY,,(Roman Republic),240,241,167,2026-08-16,Roman Republic,"POLYGON ((13.3479 41.2897, 13.3481 41.3037, 13.3458 41.3161,…"
87,Anxur,-400.5,-338.5,155.5,POLITY,,(Roman Republic),240,241,167,2026-08-16,Roman Republic,"POLYGON ((13.3479 41.2897, 13.3481 41.3037, 13.3458 41.3161,…"
88,Army,-505.6,-505.4,213.8,TRANSIENT,,(Roman Republic),240,240,161,2026-08-16,Roman Republic,"POLYGON ((12.5608 41.9928, 12.5792 42.0203, 12.5933 42.0428,…"
89,Army,-504.6,-504.4,150.8,TRANSIENT,,(Roman Republic),240,240,161,2026-08-16,Roman Republic,"POLYGON ((12.4525 41.908, 12.4558 41.9339, 12.4617 41.958, 1…"
90,Army,-503.6,-503.5,213.8,TRANSIENT,,(Roman Republic),240,240,161,2026-08-16,Roman Republic,"POLYGON ((12.5608 41.9928, 12.5792 42.0203, 12.5933 42.0428,…"
91,Army,-503.5,-503.4,376.6,TRANSIENT,,(Roman Republic),240,240,161,2026-08-16,Roman Republic,"MULTIPOLYGON (((12.5417 41.8525, 12.5625 41.8183, 12.5775 41…"
92,Army,-502.6,-502.5,213.8,TRANSIENT,,(Roman Republic),240,240,161,2026-08-16,Roman Republic,"POLYGON ((12.5608 41.9928, 12.5792 42.0203, 12.5933 42.0428,…"
93,Army,-502.5,-502.4,406.8,TRANSIENT,,(Roman Republic),240,240,161,2026-08-16,Roman Republic,"MULTIPOLYGON (((12.8225 41.6225, 12.8433 41.6175, 12.8542 41…"
94,Army,-502.4,-502.3,193.0,TRANSIENT,,(Roman Republic),240,240,161,2026-08-16,Roman Republic,"POLYGON ((12.7983 41.6233, 12.8225 41.6225, 12.8433 41.6175,…"
95,Army,-495.6,-495.4,97.4,TRANSIENT,,(Roman Republic),240,240,161,2026-08-16,Roman Republic,"POLYGON ((12.4966 41.8469, 12.5121 41.8345, 12.5348 41.8179,…"
96,Army,-494.6,-494.4,298.6,TRANSIENT,,(Roman Republic),240,240,161,2026-08-16,Roman Republic,"MULTIPOLYGON (((12.735 41.7667, 12.7667 41.76, 12.7967 41.74…"
97,Army,-493.5,-493.3,74.4,TRANSIENT,,(Roman Republic),240,240,161,2026-08-16,Roman Republic,"POLYGON ((12.6408 41.7342, 12.6483 41.7233, 12.6625 41.7125,…"
98,Army,-490.6,-490.5,21.2,TRANSIENT,,(Roman Republic),240,240,161,2026-08-16,Roman Republic,"POLYGON ((12.6833 41.9683, 12.7033 41.9733, 12.72 41.9767, 1…"
99,Army,-487.6,-487.4,58.8,TRANSIENT,,(Roman Republic),240,240,161,2026-08-16,Roman Republic,"POLYGON ((12.4831 41.8655, 12.4976 41.8469, 12.5224 41.8304,…"
100,Army,-486.6,-486.4,213.2,TRANSIENT,,(Roman Republic),240,240,161,2026-08-16,Roman Republic,"POLYGON ((12.6367 41.7567, 12.6667 41.745, 12.695 41.745, 12…"
101,Army,-485.6,-485.4,214.3,TRANSIENT,,(Roman Republic),240,240,161,2026-08-16,Roman Republic,"MULTIPOLYGON (((12.7983 41.6233, 12.8225 41.6225, 12.8433 41…"
102,Army,-484.5,-484.3,26.2,TRANSIENT,,(Roman Republic),240,240,161,2026-08-16,Roman Republic,"POLYGON ((12.59 41.7217, 12.6025 41.7042, 12.6125 41.6892, 1…"
103,Army,-481.5,-481.3,32.6,TRANSIENT,,(Roman Republic),240,240,161,2026-08-16,Roman Republic,"POLYGON ((12.6342 41.865, 12.6517 41.8675, 12.6742 41.8708, …"
104,Army,-480.6,-480.4,80.4,TRANSIENT,,(Roman Republic),240,240,161,2026-08-16,Roman Republic,"POLYGON ((12.4625 41.8808, 12.4425 41.8817, 12.4292 41.8925,…"
105,Army,-479.6,-479.4,32.6,TRANSIENT,,(Roman Republic),240,240,161,2026-08-16,Roman Republic,"POLYGON ((12.6342 41.865, 12.6517 41.8675, 12.6742 41.8708, …"
106,Army,-477.6,-477.5,193.0,TRANSIENT,,(Roman Republic),240,240,161,2026-08-16,Roman Republic,"POLYGON ((12.7983 41.6233, 12.8225 41.6225, 12.8433 41.6175,…"
107,Army,-476.6,-476.4,39.9,TRANSIENT,,(Roman Republic),240,240,161,2026-08-16,Roman Republic,"POLYGON ((12.4683 41.9058, 12.4617 41.9142, 12.4508 41.93, 1…"
108,Army,-475.6,-475.4,45.5,TRANSIENT,,(Roman Republic),240,240,161,2026-08-16,Roman Republic,"POLYGON ((12.4842 41.9934, 12.4867 42.0109, 12.4942 42.0309,…"
109,Army,-475.4,-475.2,115.4,TRANSIENT,,(Roman Republic),240,240,161,2026-08-16,Roman Republic,"POLYGON ((12.7117 41.7817, 12.7333 41.7858, 12.765 41.7833, …"
110,Army,-471.6,-471.5,105.1,TRANSIENT,,(Roman Republic),240,240,161,2026-08-16,Roman Republic,"MULTIPOLYGON (((12.5133 41.845, 12.53 41.8533, 12.5508 41.85…"
111,Army,-471.5,-471.4,89.2,TRANSIENT,,(Roman Republic),240,240,161,2026-08-16,Roman Republic,"POLYGON ((12.545 41.9458, 12.5825 41.9533, 12.6275 41.9658, …"
112,Army,-470.6,-470.4,195.3,TRANSIENT,,(Roman Republic),240,240,161,2026-08-16,Roman Republic,"POLYGON ((12.6833 41.955, 12.7283 41.96, 12.765 41.955, 12.7…"
113,Army,-469.6,-469.5,186.0,TRANSIENT,,(Roman Republic),240,240,161,2026-08-16,Roman Republic,"MULTIPOLYGON (((12.6392 41.4725, 12.62 41.4725, 12.6125 41.4…"
114,Army,-469.5,-469.3,213.8,TRANSIENT,,(Roman Republic),240,240,161,2026-08-16,Roman Republic,"POLYGON ((12.5608 41.9928, 12.5792 42.0203, 12.5933 42.0428,…"
115,Army,-468.6,-468.5,213.8,TRANSIENT,,(Roman Republic),240,240,161,2026-08-16,Roman Republic,"POLYGON ((12.5608 41.9928, 12.5792 42.0203, 12.5933 42.0428,…"
116,Army,-468.5,-468.4,379.5,TRANSIENT,,(Roman Republic),240,240,161,2026-08-16,Roman Republic,"MULTIPOLYGON (((12.6392 41.4725, 12.62 41.4725, 12.6125 41.4…"
117,Army,-468.4,-467.7,175.9,TRANSIENT,,(Roman Republic),240,240,161,2026-08-16,Roman Republic,"POLYGON ((12.651 41.4811, 12.6543 41.4715, 12.656 41.459, 12…"
118,Army,-467.7,-467.6,371.3,TRANSIENT,,(Roman Republic),240,240,161,2026-08-16,Roman Republic,"MULTIPOLYGON (((12.651 41.4811, 12.6543 41.4715, 12.656 41.4…"
119,Army,-467.6,-467.5,175.9,TRANSIENT,,(Roman Republic),240,240,161,2026-08-16,Roman Republic,"POLYGON ((12.651 41.4811, 12.6543 41.4715, 12.656 41.459, 12…"
120,Army,-466.6,-466.4,89.2,TRANSIENT,,(Roman Republic),240,240,161,2026-08-16,Roman Republic,"POLYGON ((12.545 41.9458, 12.5825 41.9533, 12.6275 41.9658, …"
121,Army,-465.6,-465.4,45.2,TRANSIENT,,(Roman Republic),240,240,161,2026-08-16,Roman Republic,"POLYGON ((12.6917 41.7858, 12.7167 41.79, 12.7408 41.7917, 1…"
122,Army,-464.6,-464.5,89.4,TRANSIENT,,(Roman Republic),240,240,161,2026-08-16,Roman Republic,"POLYGON ((12.6667 41.7433, 12.6908 41.7358, 12.7317 41.725, …"
123,Army,-464.5,-464.3,213.2,TRANSIENT,,(Roman Republic),240,240,161,2026-08-16,Roman Republic,"POLYGON ((12.6667 41.745, 12.695 41.745, 12.7417 41.7367, 12…"
124,Army,-462.6,-462.5,328.6,TRANSIENT,,(Roman Republic),240,240,161,2026-08-16,Roman Republic,"MULTIPOLYGON (((12.7983 41.6233, 12.8225 41.6225, 12.8433 41…"
125,Army,-462.5,-462.4,348.2,TRANSIENT,,(Roman Republic),240,240,161,2026-08-16,Roman Republic,"MULTIPOLYGON (((12.8225 41.6225, 12.8433 41.6175, 12.8542 41…"
126,Army,-462.4,-462.3,155.2,TRANSIENT,,(Roman Republic),240,240,161,2026-08-16,Roman Republic,"POLYGON ((12.8408 41.7808, 12.8792 41.7808, 12.9075 41.7742,…"
127,Army,-462.3,-462.1,156.5,TRANSIENT,,(Roman Republic),240,240,161,2026-08-16,Roman Republic,"POLYGON ((13.0508 41.7592, 13.0142 41.7475, 12.9867 41.7358,…"
128,Army,-459.7,-459.6,175.9,TRANSIENT,,(Roman Republic),240,240,161,2026-08-16,Roman Republic,"POLYGON ((12.651 41.4811, 12.6543 41.4715, 12.656 41.459, 12…"
129,Army,-459.6,-459.4,232.0,TRANSIENT,,(Roman Republic),240,240,161,2026-08-16,Roman Republic,"POLYGON ((12.651 41.4811, 12.6543 41.4715, 12.656 41.459, 12…"
130,Army,-459.4,-459.2,383.4,TRANSIENT,,(Roman Republic),240,240,161,2026-08-16,Roman Republic,"POLYGON ((12.651 41.4811, 12.6543 41.4715, 12.656 41.459, 12…"
131,Army,-458.6,-458.5,326.7,TRANSIENT,,(Roman Republic),240,240,161,2026-08-16,Roman Republic,"MULTIPOLYGON (((12.6625 41.8533, 12.6933 41.855, 12.72 41.85…"
132,Army,-458.5,-458.4,269.3,TRANSIENT,,(Roman Republic),240,240,161,2026-08-16,Roman Republic,"MULTIPOLYGON (((12.7783 41.8, 12.7925 41.7992, 12.8 41.7958,…"
133,Army,-458.4,-458.3,5.5,TRANSIENT,,(Roman Republic),240,240,161,2026-08-16,Roman Republic,"POLYGON ((12.7733 41.7908, 12.7708 41.7808, 12.7783 41.7758,…"
134,Army,-457.5,-457.3,78.9,TRANSIENT,,(Roman Republic),240,240,161,2026-08-16,Roman Republic,"POLYGON ((12.6217 41.8425, 12.6217 41.8425, 12.6517 41.8392,…"
135,Army,-455.6,-455.4,78.9,TRANSIENT,,(Roman Republic),240,240,161,2026-08-16,Roman Republic,"POLYGON ((12.6217 41.8425, 12.6217 41.8425, 12.6517 41.8392,…"
136,Army,-325.7,-325.3,1601.1,TRANSIENT,,(Roman Republic),240,240,161,2026-08-16,Roman Republic,"POLYGON ((14.0483 41.2986, 14.1372 41.311, 14.2407 41.3297, …"
137,Army,-314.6,-314.4,689.6,TRANSIENT,,(Roman Republic),240,240,161,2026-08-16,Roman Republic,"POLYGON ((14.3255 41.1383, 14.3814 41.1714, 14.4393 41.2024,…"
138,Army,-295.7,-295.4,242.7,TRANSIENT,,(Roman Republic),240,240,161,2026-08-16,Roman Republic,"POLYGON ((12.0125 42.7794, 12.0207 42.767, 12.0518 42.7297, …"
139,Army,-295.2,-295.0,135.5,TRANSIENT,,(Roman Republic),240,240,161,2026-08-16,Roman Republic,"POLYGON ((12.1953 42.6111, 12.245 42.6214, 12.2926 42.6338, …"
140,Army,-278.8,-278.7,8.6,TRANSIENT,,(Roman Republic),240,240,161,2026-08-16,Roman Republic,"POLYGON ((15.6524 38.1233, 15.6573 38.1274, 15.6621 38.133, …"
141,Army of A. Postumus Albus,-499.6,-499.4,51.1,TRANSIENT,,(Roman Republic),240,240,163,2026-08-16,Roman Republic,"POLYGON ((12.5333 41.9, 12.5525 41.8892, 12.5692 41.8742, 12…"
142,Army of Appius Claudius,-362.5,-362.3,213.2,TRANSIENT,,(Roman Republic),240,242,163,2026-08-16,Roman Republic,"POLYGON ((12.6367 41.7567, 12.6667 41.745, 12.695 41.745, 12…"
143,Army of Cincinnatus,-458.4,-458.2,78.9,TRANSIENT,,(Roman Republic),240,240,173,2026-08-16,Roman Republic,"POLYGON ((12.6217 41.8425, 12.6217 41.8425, 12.6517 41.8392,…"
144,Army of Cornelius Cossus,-407.8,-407.6,198.3,TRANSIENT,,(Roman Republic),240,241,166,2026-08-16,Roman Republic,"POLYGON ((12.6567 41.5383, 12.685 41.5142, 12.72 41.5075, 12…"
145,Army of Cornelius Cossus,-385.7,-385.5,87.7,TRANSIENT,,(Roman Republic),240,241,166,2026-08-16,Roman Republic,"POLYGON ((12.5933 41.6242, 12.6167 41.6075, 12.6417 41.595, …"
146,Army of Furius Camillus,-396.6,-396.4,61.6,TRANSIENT,,(Roman Republic),240,241,168,2026-08-16,Roman Republic,"POLYGON ((12.4511 41.9864, 12.4328 42.0197, 12.4211 42.0406,…"
147,Army of Furius Camillus,-390.4,-390.1,21.5,TRANSIENT,,(Roman Republic),240,241,168,2026-08-16,Roman Republic,"POLYGON ((12.5258 41.6308, 12.5275 41.6483, 12.5375 41.665, …"
148,Army of Furius Camillus,-390.1,-389.9,121.0,TRANSIENT,,(Roman Republic),240,241,168,2026-08-16,Roman Republic,"POLYGON ((12.5275 41.6483, 12.530945692883897 41.65405430711…"
149,Army of Furius Camillus,-389.8,-389.7,55.6,TRANSIENT,,(Roman Republic),240,241,168,2026-08-16,Roman Republic,"POLYGON ((12.6167 41.7742, 12.6325 41.7558, 12.6475 41.7317,…"
150,Army of Furius Camillus,-389.7,-389.6,82.6,TRANSIENT,,(Roman Republic),240,241,168,2026-08-16,Roman Republic,"POLYGON ((12.6325 41.7558, 12.6475 41.7317, 12.6592 41.7058,…"
151,Army of Furius Camillus,-389.6,-389.5,29.3,TRANSIENT,,(Roman Republic),240,241,168,2026-08-16,Roman Republic,"POLYGON ((12.633 41.7557, 12.6372 41.765, 12.6483 41.768, 12…"
152,Army of Furius Camillus,-389.5,-389.3,152.6,TRANSIENT,,(Roman Republic),240,241,168,2026-08-16,Roman Republic,"POLYGON ((12.4217 42.0747, 12.4001 42.1114, 12.3842 42.1547,…"
153,Army of Furius Camillus,-386.7,-386.5,87.7,TRANSIENT,,(Roman Republic),240,241,168,2026-08-16,Roman Republic,"POLYGON ((12.5933 41.6242, 12.6167 41.6075, 12.6417 41.595, …"
154,Army of Furius Camillus,-386.5,-386.4,152.6,TRANSIENT,,(Roman Republic),240,241,168,2026-08-16,Roman Republic,"POLYGON ((12.4217 42.0747, 12.4001 42.1114, 12.3842 42.1547,…"
155,Army of Furius Camillus,-386.4,-386.2,201.8,TRANSIENT,,(Roman Republic),240,241,168,2026-08-16,Roman Republic,"POLYGON ((12.3517 42.1956, 12.3842 42.1547, 12.4001 42.1114,…"
156,Army of Furius Camillus,-345.7,-345.6,499.3,TRANSIENT,,(Roman Republic),240,241,168,2026-08-16,Roman Republic,"POLYGON ((12.5445 41.8345, 12.5714 41.7848, 12.6148 41.731, …"
157,Army of Furius Camillus,-345.6,-345.4,916.1,TRANSIENT,,(Roman Republic),240,241,168,2026-08-16,Roman Republic,"POLYGON ((13.0721 41.4786, 13.1445 41.4807, 13.2086 41.4828,…"
158,Army of Junius Bubuleus Brutus,-302.6,-302.4,972.3,TRANSIENT,,(Roman Republic),240,243,164,2026-08-16,Roman Republic,"POLYGON ((12.5958 41.9917, 12.7042 42.0125, 12.8083 42.05, 1…"
159,Army of M' Valerius Maximus,-494.6,-494.4,213.8,TRANSIENT,,(Roman Republic),240,240,169,2026-08-16,Roman Republic,"POLYGON ((12.5608 41.9928, 12.5792 42.0203, 12.5933 42.0428,…"
160,Army of Mamercus Aemilius,-437.3,-437.1,24.5,TRANSIENT,,(Roman Republic),240,241,160,2026-08-16,Roman Republic,"POLYGON ((12.5304 41.9322, 12.5316 41.9456, 12.5316 41.9456,…"
161,Army of Mamercus Aemilius,-426.5,-426.3,38.0,TRANSIENT,,(Roman Republic),240,241,161,2026-08-16,Roman Republic,"POLYGON ((12.4844 41.9261, 12.4927 41.9457, 12.4937 41.9623,…"
162,Army of Marcius Rutilus,-356.4,-356.2,128.2,TRANSIENT,,(Roman Republic),240,242,167,2026-08-16,Roman Republic,"POLYGON ((12.4945 41.855, 12.4654 41.835, 12.4395 41.8084, 1…"
163,Army of Papirius Cursor,-324.6,-324.4,1601.1,TRANSIENT,,(Roman Republic),240,242,175,2026-08-16,Roman Republic,"POLYGON ((14.0483 41.2986, 14.1372 41.311, 14.2407 41.3297, …"
164,Army of Papirius Cursor,-310.3,-310.1,101.1,TRANSIENT,,(Roman Republic),240,242,175,2026-08-16,Roman Republic,"POLYGON ((13.6717 41.6458, 13.7 41.6692, 13.7317 41.6825, 13…"
165,Army of Postumius Tubertus,-431.5,-431.3,30.1,TRANSIENT,,(Roman Republic),240,241,163,2026-08-16,Roman Republic,"POLYGON ((12.6483 41.7508, 12.6667 41.7433, 12.68 41.7417, 1…"
166,Army of Quinctius Capitolinus,-361.3,-361.1,61.6,TRANSIENT,,(Roman Republic),240,242,165,2026-08-16,Roman Republic,"POLYGON ((12.4756 41.9261, 12.4931 41.9378, 12.5097 41.9494,…"
167,Army of Quinctius Cincinnatus,-380.5,-380.3,74.9,TRANSIENT,,(Roman Republic),240,242,162,2026-08-16,Roman Republic,"POLYGON ((12.47 41.92, 12.4775 41.9417, 12.4892 41.9692, 12.…"
168,Army of Quinctius Cincinnatus,-380.3,-380.2,82.0,TRANSIENT,,(Roman Republic),240,242,162,2026-08-16,Roman Republic,"POLYGON ((12.5892 42.025, 12.6392 41.995, 12.6808 41.9792, 1…"
169,Army of Quinctius Cincinnatus,-380.2,-380.1,75.7,TRANSIENT,,(Roman Republic),240,242,162,2026-08-16,Roman Republic,"POLYGON ((12.8208 41.8683, 12.8133 41.8458, 12.81 41.8208, 1…"
170,Army of Quinctius Cincinnatus,-380.1,-380.0,92.5,TRANSIENT,,(Roman Republic),240,242,162,2026-08-16,Roman Republic,"POLYGON ((12.7542 41.7058, 12.7775 41.73, 12.8 41.7583, 12.8…"
171,Army of Servilius Ahala,-360.4,-360.2,96.8,TRANSIENT,,(Roman Republic),240,242,166,2026-08-16,Roman Republic,"POLYGON ((12.4892 41.92, 12.4942 41.9333, 12.5125 41.945, 12…"
172,Army of Servilius Priscus/Structus,-435.5,-435.3,38.0,TRANSIENT,,(Roman Republic),240,241,162,2026-08-16,Roman Republic,"POLYGON ((12.4844 41.9261, 12.4927 41.9457, 12.4937 41.9623,…"
173,Army of Servilius Priscus/Structus,-418.3,-418.1,77.7,TRANSIENT,,(Roman Republic),240,241,162,2026-08-16,Roman Republic,"POLYGON ((12.6663 41.7691, 12.6821 41.7574, 12.6971 41.7474,…"
174,Army of Valerius Maximus Corvus,-301.7,-301.5,608.2,TRANSIENT,,(Roman Republic),240,243,165,2026-08-16,Roman Republic,"POLYGON ((12.6414 41.9131, 12.7717 41.9235, 12.871 41.9069, …"
175,Army of Valerius Maximus Corvus,-301.5,-301.3,879.8,TRANSIENT,,(Roman Republic),240,243,165,2026-08-16,Roman Republic,"POLYGON ((12.0233 42.2067, 12.0433 42.1817, 12.0833 42.1433,…"
176,Campania,-340.2,-1.0,1645.3,POLITY,,(Roman Republic),240,242,170,2026-08-16,Roman Republic,"POLYGON ((13.91642 41.02183, 13.9327 41.03164, 13.9335 41.03…"
177,Capena,-395.5,-338.5,174.8,POLITY,,(Roman Republic),240,241,170,2026-08-16,Roman Republic,"POLYGON ((12.4083 42.1197, 12.4186 42.1321, 12.42447 42.1409…"
178,Consular army,-449.3,-449.1,455.2,TRANSIENT,,(Roman Republic),240,240,175,2026-08-16,Roman Republic,"POLYGON ((12.7483 41.7867, 12.7775 41.7925, 12.8067 41.7992,…"
179,Consular army,-446.3,-446.1,26.9,TRANSIENT,,(Roman Republic),240,240,175,2026-08-16,Roman Republic,"POLYGON ((12.6966 41.7849, 12.7086 41.7831, 12.7188 41.7846,…"
180,Consular army,-443.5,-443.3,50.3,TRANSIENT,,(Roman Republic),240,240,175,2026-08-16,Roman Republic,"POLYGON ((12.565 41.7308, 12.5692 41.6975, 12.575 41.6642, 1…"
181,Consular army,-437.7,-437.1,25.8,TRANSIENT,,(Roman Republic),240,240,175,2026-08-16,Roman Republic,"POLYGON ((12.4627 41.9028, 12.4588 41.913, 12.4588 41.9214, …"
182,Consular army,-436.7,-436.5,134.9,TRANSIENT,,(Roman Republic),240,240,175,2026-08-16,Roman Republic,"POLYGON ((12.445 41.9242, 12.4433 41.9592, 12.4417 42.0092, …"
183,Consular army,-426.7,-426.6,11.4,TRANSIENT,,(Roman Republic),240,240,175,2026-08-16,Roman Republic,"POLYGON ((12.5351 41.9706, 12.5477 41.9823, 12.5627 41.9829,…"
184,Consular army,-423.6,-423.5,111.6,TRANSIENT,,(Roman Republic),240,240,175,2026-08-16,Roman Republic,"POLYGON ((12.6858 41.7842, 12.7133 41.7792, 12.7425 41.7758,…"
185,Consular army,-413.5,-413.3,330.4,TRANSIENT,,(Roman Republic),240,240,175,2026-08-16,Roman Republic,"POLYGON ((12.6375 41.795, 12.6942 41.7717, 12.7658 41.755, 1…"
186,Consular army,-410.4,-410.2,103.3,TRANSIENT,,(Roman Republic),240,240,175,2026-08-16,Roman Republic,"POLYGON ((12.7067 41.7717, 12.735 41.7667, 12.7667 41.76, 12…"
187,Consular army,-409.5,-409.3,159.9,TRANSIENT,,(Roman Republic),240,240,175,2026-08-16,Roman Republic,"POLYGON ((12.59 41.715, 12.6158 41.6925, 12.6525 41.6692, 12…"
188,Consular army,-394.7,-394.6,83.1,TRANSIENT,,(Roman Republic),240,240,175,2026-08-16,Roman Republic,"POLYGON ((12.4634 42.18, 12.4603 42.2079, 12.4531 42.2441, 1…"
189,Consular army,-394.5,-394.3,37.2,TRANSIENT,,(Roman Republic),240,240,175,2026-08-16,Roman Republic,"POLYGON ((12.716 41.7797, 12.7216 41.7749, 12.7361 41.7671, …"
190,Consular army,-393.6,-393.4,37.2,TRANSIENT,,(Roman Republic),240,240,175,2026-08-16,Roman Republic,"POLYGON ((12.716 41.7797, 12.7216 41.7749, 12.7361 41.7671, …"
191,Consular army,-392.6,-392.4,77.7,TRANSIENT,,(Roman Republic),240,241,162,2026-08-16,Roman Republic,"POLYGON ((12.6663 41.7691, 12.6821 41.7574, 12.6971 41.7474,…"
192,Consular army,-362.7,-362.5,89.4,TRANSIENT,,(Roman Republic),240,240,175,2026-08-16,Roman Republic,"POLYGON ((12.6667 41.7433, 12.6908 41.7358, 12.7317 41.725, …"
193,Consular army,-361.8,-361.6,362.5,TRANSIENT,,(Roman Republic),240,240,175,2026-08-16,Roman Republic,"POLYGON ((12.5217 41.9289, 12.5806 41.9356, 12.6461 41.9467,…"
194,Consular army,-360.7,-360.4,253.3,TRANSIENT,,(Roman Republic),240,240,175,2026-08-16,Roman Republic,"MULTIPOLYGON (((12.6217 41.7567, 12.6508 41.7433, 12.6817 41…"
195,Consular army,-360.4,-360.2,89.2,TRANSIENT,,(Roman Republic),240,240,175,2026-08-16,Roman Republic,"POLYGON ((12.545 41.9458, 12.5825 41.9533, 12.6275 41.9658, …"
196,Consular army,-358.7,-358.5,402.6,TRANSIENT,,(Roman Republic),240,240,175,2026-08-16,Roman Republic,"MULTIPOLYGON (((12.6217 41.7567, 12.6508 41.7433, 12.6817 41…"
197,Consular army,-357.6,-357.4,375.0,TRANSIENT,,(Roman Republic),240,240,175,2026-08-16,Roman Republic,"POLYGON ((12.5888 41.756, 12.6338 41.7143, 12.6622 41.6777, …"
198,Consular army,-356.8,-356.6,141.6,TRANSIENT,,(Roman Republic),240,240,175,2026-08-16,Roman Republic,"MULTIPOLYGON (((12.4695 41.8917, 12.4637 41.8684, 12.4237 41…"
199,Consular army,-356.6,-356.5,57.1,TRANSIENT,,(Roman Republic),240,240,175,2026-08-16,Roman Republic,"POLYGON ((12.6833 41.9683, 12.7033 41.9733, 12.72 41.9767, 1…"
200,Consular army,-355.6,-355.4,331.1,TRANSIENT,,(Roman Republic),240,240,175,2026-08-16,Roman Republic,"MULTIPOLYGON (((12.7033 41.9733, 12.72 41.9767, 12.7317 41.9…"
201,Consular army,-354.6,-354.4,352.3,TRANSIENT,,(Roman Republic),240,240,175,2026-08-16,Roman Republic,"MULTIPOLYGON (((12.7334 41.9931, 12.7521 42.0097, 12.7707 42…"
202,Consular army,-353.6,-353.5,174.4,TRANSIENT,,(Roman Republic),240,240,175,2026-08-16,Roman Republic,"POLYGON ((12.4324 41.8676, 12.3724 41.8821, 12.3041 41.9007,…"
203,Consular army,-353.5,-353.3,420.6,TRANSIENT,,(Roman Republic),240,240,175,2026-08-16,Roman Republic,"POLYGON ((12.3724 41.8821, 12.3041 41.9007, 12.2379 41.9235,…"
204,Consular army,-351.7,-351.5,418.9,TRANSIENT,,(Roman Republic),240,240,175,2026-08-16,Roman Republic,"MULTIPOLYGON (((12.0233 42.2067, 12.0433 42.1817, 12.0833 42…"
205,Consular army,-350.7,-350.5,125.3,TRANSIENT,,(Roman Republic),240,240,175,2026-08-16,Roman Republic,"POLYGON ((12.5493 41.8986, 12.5793 41.881, 12.6207 41.8583, …"
206,Consular army,-349.7,-349.6,238.6,TRANSIENT,,(Roman Republic),240,240,175,2026-08-16,Roman Republic,"POLYGON ((12.5522 41.8637, 12.5677 41.8327, 12.5884 41.7965,…"
207,Consular army,-349.6,-349.4,292.1,TRANSIENT,,(Roman Republic),240,240,175,2026-08-16,Roman Republic,"POLYGON ((12.7632 41.5855, 12.7736 41.601, 12.8025 41.6082, …"
208,Consular army,-346.6,-346.4,156.1,TRANSIENT,,(Roman Republic),240,240,175,2026-08-16,Roman Republic,"POLYGON ((12.551 41.7486, 12.5716 41.701, 12.6254 41.6472, 1…"
209,Consular army,-343.5,-343.4,1209.2,TRANSIENT,,(Roman Republic),240,240,175,2026-08-16,Roman Republic,"POLYGON ((12.5929 41.7956, 12.6239 41.7604, 12.6756 41.7129,…"
210,Consular army,-343.4,-343.3,1670.8,TRANSIENT,,(Roman Republic),240,240,175,2026-08-16,Roman Republic,"POLYGON ((13.9867 41.2322, 14.0156 41.197, 14.0405 41.1473, …"
211,Consular army,-343.3,-343.1,1902.2,TRANSIENT,,(Roman Republic),240,240,175,2026-08-16,Roman Republic,"POLYGON ((14.2239 40.9853, 14.2943 40.9894, 14.3377 41.0122,…"
212,Consular army,-341.7,-341.6,1681.9,TRANSIENT,,(Roman Republic),240,240,175,2026-08-16,Roman Republic,"MULTIPOLYGON (((12.6421 41.829, 12.6752 41.8393, 12.7331 41.…"
213,Consular army,-341.6,-341.5,1862.4,TRANSIENT,,(Roman Republic),240,240,175,2026-08-16,Roman Republic,"MULTIPOLYGON (((12.6421 41.829, 12.6752 41.8393, 12.7331 41.…"
214,Consular army,-341.5,-341.4,555.6,TRANSIENT,,(Roman Republic),240,240,175,2026-08-16,Roman Republic,"POLYGON ((13.2024 41.4769, 13.1807 41.4479, 13.1424 41.4272,…"
215,Consular army,-340.7,-340.6,1598.1,TRANSIENT,,(Roman Republic),240,240,175,2026-08-16,Roman Republic,"POLYGON ((12.6456 41.995, 12.7008 42.0281, 12.8056 42.0557, …"
216,Consular army,-340.6,-340.4,1745.1,TRANSIENT,,(Roman Republic),240,240,175,2026-08-16,Roman Republic,"POLYGON ((14.3049 41.1102, 14.2956 41.0771, 14.2956 41.043, …"
217,Consular army,-340.4,-340.2,1797.1,TRANSIENT,,(Roman Republic),240,240,175,2026-08-16,Roman Republic,"POLYGON ((14.408 40.8999, 14.4297 40.9164, 14.4473 40.9433, …"
218,Consular army,-339.7,-339.5,112.6,TRANSIENT,,(Roman Republic),240,240,175,2026-08-16,Roman Republic,"MULTIPOLYGON (((12.5962 41.7959, 12.6138 41.7741, 12.621 41.…"
219,Consular army,-338.7,-338.6,231.0,TRANSIENT,,(Roman Republic),240,240,175,2026-08-16,Roman Republic,"MULTIPOLYGON (((12.651 41.4811, 12.6543 41.4715, 12.656 41.4…"
220,Consular army,-338.6,-338.4,242.1,TRANSIENT,,(Roman Republic),240,240,175,2026-08-16,Roman Republic,"MULTIPOLYGON (((12.6543 41.4715, 12.656 41.459, 12.6418 41.4…"
221,Consular army,-337.5,-337.3,130.7,TRANSIENT,,(Roman Republic),240,240,175,2026-08-16,Roman Republic,"POLYGON ((13.7431 41.4245, 13.8052 41.4121, 13.861 41.3914, …"
222,Consular army,-336.6,-335.7,202.0,TRANSIENT,,(Roman Republic),240,240,175,2026-08-16,Roman Republic,"POLYGON ((13.7431 41.2812, 13.7814 41.2657, 13.8321 41.246, …"
223,Consular army,-335.7,-334.5,247.2,TRANSIENT,,(Roman Republic),240,240,175,2026-08-16,Roman Republic,"POLYGON ((14.0934 41.2704, 14.1172 41.2548, 14.1359 41.2331,…"
224,Consular army,-330.4,-329.5,826.0,TRANSIENT,,(Roman Republic),240,240,175,2026-08-16,Roman Republic,"POLYGON ((12.7814 41.5676, 12.8848 41.5386, 12.9428 41.491, …"
225,Consular army,-329.5,-329.3,1124.5,TRANSIENT,,(Roman Republic),240,240,175,2026-08-16,Roman Republic,"POLYGON ((13.2616 41.4033, 13.2616 41.4385, 13.2761 41.4612,…"
226,Consular army,-327.4,-326.6,1459.1,TRANSIENT,,(Roman Republic),240,240,175,2026-08-16,Roman Republic,"POLYGON ((14.2572 40.9272, 14.2738 40.9107, 14.2831 40.8807,…"
227,Consular army,-325.7,-325.3,1099.8,TRANSIENT,,(Roman Republic),240,240,175,2026-08-16,Roman Republic,"POLYGON ((12.4834 41.9269, 12.5393 41.9414, 12.62 41.9579, 1…"
228,Consular army,-323.6,-323.4,1547.9,TRANSIENT,,(Roman Republic),240,240,175,2026-08-16,Roman Republic,"MULTIPOLYGON (((14.0301 41.3004, 14.1149 41.2777, 14.1894 41…"
229,Consular army,-322.6,-322.3,431.2,TRANSIENT,,(Roman Republic),240,240,175,2026-08-16,Roman Republic,"POLYGON ((13.9655 41.3048, 14.0483 41.2986, 14.1372 41.311, …"
230,Consular army,-321.7,-321.5,828.0,TRANSIENT,,(Roman Republic),240,240,175,2026-08-16,Roman Republic,"POLYGON ((13.5524 41.3786, 13.6145 41.3641, 13.6931 41.3393,…"
231,Consular army,-320.7,-320.6,645.8,TRANSIENT,,(Roman Republic),240,240,175,2026-08-16,Roman Republic,"POLYGON ((14.28 41.1135, 14.3255 41.1383, 14.3814 41.1714, 1…"
232,Consular army,-320.6,-320.5,960.4,TRANSIENT,,(Roman Republic),240,240,175,2026-08-16,Roman Republic,"POLYGON ((14.3255 41.1383, 14.3814 41.1714, 14.4393 41.2024,…"
233,Consular army,-320.5,-320.3,995.8,TRANSIENT,,(Roman Republic),240,240,175,2026-08-16,Roman Republic,"POLYGON ((14.3255 41.1383, 14.3814 41.1714, 14.4393 41.2024,…"
234,Consular army,-319.6,-319.4,539.9,TRANSIENT,,(Roman Republic),240,240,175,2026-08-16,Roman Republic,"MULTIPOLYGON (((12.5716 41.701, 12.6254 41.6472, 12.6627 41.…"
235,Consular army,-318.7,-318.6,1277.9,TRANSIENT,,(Roman Republic),240,240,175,2026-08-16,Roman Republic,"POLYGON ((13.5843 41.5884, 13.6754 41.5925, 13.7892 41.6049,…"
236,Consular army,-318.6,-317.7,1886.6,TRANSIENT,,(Roman Republic),240,240,175,2026-08-16,Roman Republic,"POLYGON ((15.2541 41.7631, 15.2955 41.7631, 15.3328 41.7279,…"
237,Consular army,-317.7,-317.5,2821.9,TRANSIENT,,(Roman Republic),240,240,175,2026-08-16,Roman Republic,"POLYGON ((16.0479 39.9207, 16.0076 39.9269, 15.989 39.9548, …"
238,Consular army,-317.5,-317.4,1886.6,TRANSIENT,,(Roman Republic),240,240,175,2026-08-16,Roman Republic,"POLYGON ((15.2541 41.7631, 15.2955 41.7631, 15.3328 41.7279,…"
239,Consular army,-316.7,-315.7,1057.7,TRANSIENT,,(Roman Republic),240,240,175,2026-08-16,Roman Republic,"POLYGON ((14.2703 41.1224, 14.3169 41.1131, 14.3562 41.109, …"
240,Consular army,-315.7,-315.6,1073.3,TRANSIENT,,(Roman Republic),240,240,175,2026-08-16,Roman Republic,"POLYGON ((14.4914 41.1224, 14.5131 41.1224, 14.5317 41.1131,…"
241,Consular army,-315.6,-315.4,151.1,TRANSIENT,,(Roman Republic),240,240,175,2026-08-16,Roman Republic,"POLYGON ((13.2825 41.4317, 13.2833 41.3925, 13.2808 41.3558,…"
242,Consular army,-314.6,-314.5,369.7,TRANSIENT,,(Roman Republic),240,240,175,2026-08-16,Roman Republic,"POLYGON ((13.3021 41.3297, 13.2938 41.3204, 13.2866 41.3172,…"
243,Consular army,-314.5,-314.4,787.9,TRANSIENT,,(Roman Republic),240,240,175,2026-08-16,Roman Republic,"POLYGON ((13.2938 41.3204, 13.2866 41.3172, 13.2617 41.3266,…"
244,Consular army,-314.4,-314.3,1001.2,TRANSIENT,,(Roman Republic),240,240,175,2026-08-16,Roman Republic,"MULTIPOLYGON (((13.7345 41.2586, 13.7438 41.2824, 13.7707 41…"
245,Consular army,-314.3,-314.1,824.8,TRANSIENT,,(Roman Republic),240,240,175,2026-08-16,Roman Republic,"MULTIPOLYGON (((14.17 41.2028, 14.2 41.1728, 14.2269 41.1428…"
246,Consular army,-314.1,-314.0,278.4,TRANSIENT,,(Roman Republic),240,240,175,2026-08-16,Roman Republic,"POLYGON ((14.5214 41.0248, 14.4966 41.0704, 14.4717 41.1283,…"
247,Consular army,-314.0,-313.6,53.6,TRANSIENT,,(Roman Republic),240,240,175,2026-08-16,Roman Republic,"POLYGON ((14.5221 41.4776, 14.5159 41.5097, 14.5055 41.5252,…"
248,Consular army,-313.6,-313.5,579.9,TRANSIENT,,(Roman Republic),240,240,175,2026-08-16,Roman Republic,"POLYGON ((14.4207 41.5324, 14.3669 41.551, 14.2883 41.58, 14…"
249,Consular army,-313.5,-313.4,1356.9,TRANSIENT,,(Roman Republic),240,240,175,2026-08-16,Roman Republic,"POLYGON ((13.6572 41.489, 13.7379 41.4455, 13.8248 41.3959, …"
250,Consular army,-313.4,-313.2,817.7,TRANSIENT,,(Roman Republic),240,240,175,2026-08-16,Roman Republic,"POLYGON ((13.5641 41.5552, 13.6055 41.5304, 13.6572 41.489, …"
251,Consular army,-312.6,-312.5,437.6,TRANSIENT,,(Roman Republic),240,240,175,2026-08-16,Roman Republic,"POLYGON ((13.0141 41.4972, 13.0721 41.4786, 13.1445 41.4807,…"
252,Consular army,-312.5,-312.3,947.9,TRANSIENT,,(Roman Republic),240,240,175,2026-08-16,Roman Republic,"POLYGON ((13.0721 41.4786, 13.1445 41.4807, 13.2086 41.4828,…"
253,Consular army,-312.3,-312.2,437.6,TRANSIENT,,(Roman Republic),240,240,175,2026-08-16,Roman Republic,"POLYGON ((13.0141 41.4972, 13.0721 41.4786, 13.1445 41.4807,…"
254,Consular army,-311.7,-311.6,616.8,TRANSIENT,,(Roman Republic),240,240,175,2026-08-16,Roman Republic,"MULTIPOLYGON (((13.7742 41.7533, 13.8325 41.81, 13.8892 41.8…"
255,Consular army,-311.6,-311.5,1242.0,TRANSIENT,,(Roman Republic),240,240,175,2026-08-16,Roman Republic,"MULTIPOLYGON (((14.2358 42.1517, 14.2692 42.1683, 14.3125 42…"
256,Consular army,-311.5,-311.4,1243.0,TRANSIENT,,(Roman Republic),240,240,175,2026-08-16,Roman Republic,"POLYGON ((14.4124 41.4641, 14.3855 41.4641, 14.3379 41.491, …"
257,Consular army,-311.4,-311.3,579.9,TRANSIENT,,(Roman Republic),240,240,175,2026-08-16,Roman Republic,"POLYGON ((14.4207 41.5324, 14.3669 41.551, 14.2883 41.58, 14…"
258,Consular army,-310.7,-310.6,400.1,TRANSIENT,,(Roman Republic),240,240,175,2026-08-16,Roman Republic,"MULTIPOLYGON (((13.9538 41.35, 14.0138 41.3479, 14.0634 41.3…"
259,Consular army,-310.6,-310.5,541.7,TRANSIENT,,(Roman Republic),240,240,175,2026-08-16,Roman Republic,"MULTIPOLYGON (((13.9538 41.35, 14.0138 41.3479, 14.0634 41.3…"
260,Consular army,-310.5,-310.3,643.8,TRANSIENT,,(Roman Republic),240,240,175,2026-08-16,Roman Republic,"POLYGON ((12.2759 42.2381, 12.3184 42.2197, 12.3517 42.1956,…"
261,Consular army,-308.7,-308.6,97.6,TRANSIENT,,(Roman Republic),240,240,175,2026-08-16,Roman Republic,"POLYGON ((14.5556 40.9072, 14.5806 40.8839, 14.6097 40.8572,…"
262,Consular army,-308.6,-308.3,108.6,TRANSIENT,,(Roman Republic),240,240,175,2026-08-16,Roman Republic,"POLYGON ((14.6939 40.7197, 14.6739 40.7172, 14.6616395209580…"
263,Consular army,-308.3,-308.1,984.6,TRANSIENT,,(Roman Republic),240,240,175,2026-08-16,Roman Republic,"POLYGON ((12.4667 42.0958, 12.4667 42.1603, 12.48 42.2314, 1…"
264,Consular army,-307.7,-307.3,3954.3,TRANSIENT,,(Roman Republic),240,240,175,2026-08-16,Roman Republic,"POLYGON ((18.0583 40.3467, 18.125 40.3217, 18.165 40.275, 18…"
265,Consular army,-306.7,-306.5,225.1,TRANSIENT,,(Roman Republic),240,240,175,2026-08-16,Roman Republic,"MULTIPOLYGON (((13.5192 41.5908, 13.5375 41.62, 13.5558 41.6…"
266,Consular army,-306.5,-306.4,287.1,TRANSIENT,,(Roman Republic),240,240,175,2026-08-16,Roman Republic,"MULTIPOLYGON (((13.5192 41.5908, 13.5375 41.62, 13.5558 41.6…"
267,Consular army,-306.4,-306.3,335.3,TRANSIENT,,(Roman Republic),240,240,175,2026-08-16,Roman Republic,"MULTIPOLYGON (((13.5375 41.62, 13.5558 41.6467, 13.5758 41.6…"
268,Consular army,-306.3,-306.2,508.0,TRANSIENT,,(Roman Republic),240,240,175,2026-08-16,Roman Republic,"POLYGON ((13.5375 41.62, 13.5558 41.6467, 13.5758 41.6667, 1…"
269,Consular army,-306.2,-305.7,187.9,TRANSIENT,,(Roman Republic),240,240,175,2026-08-16,Roman Republic,"POLYGON ((13.675 41.7133, 13.7283 41.7167, 13.7833 41.7167, …"
270,Consular army,-305.7,-305.5,807.9,TRANSIENT,,(Roman Republic),240,240,175,2026-08-16,Roman Republic,"MULTIPOLYGON (((14.0483 41.2986, 14.1372 41.311, 14.2407 41.…"
271,Consular army,-305.5,-305.4,1003.7,TRANSIENT,,(Roman Republic),240,240,175,2026-08-16,Roman Republic,"POLYGON ((14.1372 41.311, 14.2407 41.3297, 14.3503 41.3317, …"
272,Consular army,-305.4,-305.3,1110.4,TRANSIENT,,(Roman Republic),240,240,175,2026-08-16,Roman Republic,"POLYGON ((14.1372 41.311, 14.2407 41.3297, 14.3503 41.3317, …"
273,Consular army,-305.3,-305.1,1131.7,TRANSIENT,,(Roman Republic),240,240,175,2026-08-16,Roman Republic,"POLYGON ((14.1372 41.311, 14.2407 41.3297, 14.3503 41.3317, …"
274,Consular army,-304.7,-304.4,972.3,TRANSIENT,,(Roman Republic),240,240,175,2026-08-16,Roman Republic,"POLYGON ((12.5958 41.9917, 12.7042 42.0125, 12.8083 42.05, 1…"
275,Consular army,-303.6,-303.4,1142.0,TRANSIENT,,(Roman Republic),240,240,175,2026-08-16,Roman Republic,"POLYGON ((12.5683 42.0521, 12.5683 42.0521, 12.6179 42.1048,…"
276,Consular army,-302.7,-302.6,1616.4,TRANSIENT,,(Roman Republic),240,240,175,2026-08-16,Roman Republic,"POLYGON ((12.4807 42.2655, 12.4869 42.3586, 12.4931 42.4083,…"
277,Consular army,-302.6,-302.5,5751.2,TRANSIENT,,(Roman Republic),240,240,175,2026-08-16,Roman Republic,"MULTIPOLYGON (((18.1334 40.3014, 18.2224 40.2559, 18.3093 40…"
278,Consular army,-302.5,-302.4,4134.8,TRANSIENT,,(Roman Republic),240,240,175,2026-08-16,Roman Republic,"POLYGON ((18.061 40.3366, 18.1334 40.3014, 18.2224 40.2559, …"
279,Consular army,-300.7,-299.6,355.5,TRANSIENT,,(Roman Republic),240,240,175,2026-08-16,Roman Republic,"POLYGON ((12.5828 42.1172, 12.5931 42.2, 12.5931 42.2993, 12…"
280,Consular army,-299.6,-299.4,386.8,TRANSIENT,,(Roman Republic),240,240,175,2026-08-16,Roman Republic,"POLYGON ((12.5931 42.2, 12.5931 42.2993, 12.5683 42.3552, 12…"
281,Consular army,-299.4,-299.2,707.4,TRANSIENT,,(Roman Republic),240,240,175,2026-08-16,Roman Republic,"POLYGON ((12.0233 42.2067, 12.0433 42.1817, 12.0833 42.1433,…"
282,Consular army,-298.6,-298.4,1683.6,TRANSIENT,,(Roman Republic),240,240,175,2026-08-16,Roman Republic,"MULTIPOLYGON (((13.8917 41.5972, 13.9662 41.6055, 14.0428 41…"
283,Consular army,-298.4,-298.3,901.9,TRANSIENT,,(Roman Republic),240,240,175,2026-08-16,Roman Republic,"MULTIPOLYGON (((13.8276 41.5931, 13.8917 41.5972, 13.9662 41…"
284,Consular army,-297.7,-297.5,1055.5,TRANSIENT,,(Roman Republic),240,240,175,2026-08-16,Roman Republic,"MULTIPOLYGON (((14.2214 41.3383, 14.3083 41.3362, 14.4097 41…"
285,Consular army,-297.5,-297.2,2493.8,TRANSIENT,,(Roman Republic),240,240,175,2026-08-16,Roman Republic,"MULTIPOLYGON (((15.0503 41.2072, 15.1062 41.1928, 15.2055 41…"
286,Consular army,-297.2,-296.8,1055.5,TRANSIENT,,(Roman Republic),240,240,175,2026-08-16,Roman Republic,"MULTIPOLYGON (((14.2214 41.3383, 14.3083 41.3362, 14.4097 41…"
287,Consular army,-296.6,-296.5,571.4,TRANSIENT,,(Roman Republic),240,240,175,2026-08-16,Roman Republic,"MULTIPOLYGON (((14.1298 41.1836, 14.1898 41.1918, 14.2394 41…"
288,Consular army,-296.5,-296.4,933.6,TRANSIENT,,(Roman Republic),240,240,175,2026-08-16,Roman Republic,"MULTIPOLYGON (((14.1298 41.1836, 14.1898 41.1918, 14.2394 41…"
289,Consular army,-296.4,-296.2,1720.4,TRANSIENT,,(Roman Republic),240,240,175,2026-08-16,Roman Republic,"POLYGON ((12.2419 42.5302, 12.2304 42.6104, 12.2447 42.6133,…"
290,Consular army,-296.2,-295.8,906.3,TRANSIENT,,(Roman Republic),240,240,175,2026-08-16,Roman Republic,"MULTIPOLYGON (((14.2214 41.3383, 14.3083 41.3362, 14.4097 41…"
291,Consular army,-295.8,-295.6,415.0,TRANSIENT,,(Roman Republic),240,240,175,2026-08-16,Roman Republic,"POLYGON ((12.5142 41.9955, 12.5109 42.0705, 12.5109 42.1422,…"
292,Consular army,-295.6,-295.5,2659.8,TRANSIENT,,(Roman Republic),240,240,175,2026-08-16,Roman Republic,"MULTIPOLYGON (((12.2356 42.5609, 12.2418 42.5278, 12.2469 42…"
293,Consular army,-295.5,-295.3,2715.9,TRANSIENT,,(Roman Republic),240,240,175,2026-08-16,Roman Republic,"POLYGON ((12.4559 42.0005, 12.4442 42.0372, 12.4409 42.0789,…"
294,Consular army,-295.3,-295.2,415.0,TRANSIENT,,(Roman Republic),240,240,175,2026-08-16,Roman Republic,"POLYGON ((12.5142 41.9955, 12.5109 42.0705, 12.5109 42.1422,…"
295,Consular army,-295.2,-295.0,488.1,TRANSIENT,,(Roman Republic),240,240,175,2026-08-16,Roman Republic,"MULTIPOLYGON (((14.2083 41.2776, 14.2403 41.2703, 14.2766 41…"
296,Consular army,-294.7,-294.5,373.8,TRANSIENT,,(Roman Republic),240,240,175,2026-08-16,Roman Republic,"POLYGON ((13.751 41.591, 13.8276 41.5931, 13.8917 41.5972, 1…"
297,Consular army,-294.5,-294.4,641.8,TRANSIENT,,(Roman Republic),240,240,175,2026-08-16,Roman Republic,"POLYGON ((13.8276 41.5931, 13.8917 41.5972, 13.9662 41.6055,…"
298,Consular army,-294.4,-294.2,1362.1,TRANSIENT,,(Roman Republic),240,240,175,2026-08-16,Roman Republic,"POLYGON ((14.3548 41.54, 14.361 41.4904, 14.361 41.4572, 14.…"
299,Consular army,-294.2,-294.0,1284.5,TRANSIENT,,(Roman Republic),240,240,175,2026-08-16,Roman Republic,"MULTIPOLYGON (((15.2672 41.4779, 15.2569 41.451, 15.2341 41.…"
300,Consular army,-293.7,-293.6,269.3,TRANSIENT,,(Roman Republic),240,240,175,2026-08-16,Roman Republic,"POLYGON ((13.8193 41.5648, 13.8565 41.5772, 13.9083 41.5938,…"
301,Consular army,-293.6,-293.5,574.5,TRANSIENT,,(Roman Republic),240,240,175,2026-08-16,Roman Republic,"MULTIPOLYGON (((14.111 41.4076, 14.1503 41.4366, 14.2 41.467…"
302,Consular army,-293.5,-293.4,672.3,TRANSIENT,,(Roman Republic),240,240,175,2026-08-16,Roman Republic,"MULTIPOLYGON (((14.1503 41.4366, 14.2 41.4676, 14.2497 41.49…"
303,Consular army,-293.4,-293.3,868.1,TRANSIENT,,(Roman Republic),240,240,175,2026-08-16,Roman Republic,"MULTIPOLYGON (((14.4041 41.5104, 14.4248 41.4835, 14.4538 41…"
304,Consular army,-293.3,-293.2,941.3,TRANSIENT,,(Roman Republic),240,240,175,2026-08-16,Roman Republic,"MULTIPOLYGON (((14.6124 41.4124, 14.5938 41.4104, 14.5834 41…"
305,Consular army,-293.2,-293.1,518.0,TRANSIENT,,(Roman Republic),240,240,175,2026-08-16,Roman Republic,"MULTIPOLYGON (((13.9848 41.42, 14.02 41.4593, 14.0469 41.488…"
306,Consular army,-293.1,-292.7,128.7,TRANSIENT,,(Roman Republic),240,240,175,2026-08-16,Roman Republic,"POLYGON ((13.9476 41.3952, 13.9848 41.42, 14.02 41.4593, 14.…"
307,Consular army,-292.7,-292.5,269.5,TRANSIENT,,(Roman Republic),240,240,175,2026-08-16,Roman Republic,"MULTIPOLYGON (((14.5521 41.059, 14.5935 41.0817, 14.6473 41.…"
308,Consular army,-292.5,-292.3,473.3,TRANSIENT,,(Roman Republic),240,240,175,2026-08-16,Roman Republic,"MULTIPOLYGON (((14.5521 41.059, 14.5935 41.0817, 14.6473 41.…"
309,Consular army,-292.3,-291.7,128.7,TRANSIENT,,(Roman Republic),240,240,175,2026-08-16,Roman Republic,"POLYGON ((13.9476 41.3952, 13.9848 41.42, 14.02 41.4593, 14.…"
310,Consular army,-291.7,-291.2,641.6,TRANSIENT,,(Roman Republic),240,240,175,2026-08-16,Roman Republic,"POLYGON ((15.2917 41.5035, 15.3207 41.4972, 15.3517 41.5159,…"
311,Consular army,-290.7,-290.4,1564.7,TRANSIENT,,(Roman Republic),240,240,175,2026-08-16,Roman Republic,"MULTIPOLYGON (((14.6305 40.9388, 14.6223 40.9843, 14.6719 41…"
312,Consular army,-290.4,-290.3,446.6,TRANSIENT,,(Roman Republic),240,240,175,2026-08-16,Roman Republic,"POLYGON ((12.605 42.0677, 12.6257 42.1029, 12.6526 42.165, 1…"
313,Consular army,-290.3,-290.1,1233.8,TRANSIENT,,(Roman Republic),240,240,175,2026-08-16,Roman Republic,"POLYGON ((12.6257 42.1029, 12.6526 42.165, 12.6754 42.2291, …"
314,Consular army,-284.6,-284.5,1616.4,TRANSIENT,,(Roman Republic),240,240,175,2026-08-16,Roman Republic,"POLYGON ((12.4807 42.2655, 12.4869 42.3586, 12.4931 42.4083,…"
315,Consular army,-283.6,-283.5,357.9,TRANSIENT,,(Roman Republic),240,240,175,2026-08-16,Roman Republic,"POLYGON ((12.4638 42.1069, 12.4555 42.1959, 12.4514 42.2683,…"
316,Consular army,-283.5,-283.3,2160.7,TRANSIENT,,(Roman Republic),240,240,175,2026-08-16,Roman Republic,"POLYGON ((12.4555 42.1959, 12.4514 42.2683, 12.441 42.3097, …"
317,Consular army,-282.7,-282.5,2645.2,TRANSIENT,,(Roman Republic),240,240,175,2026-08-16,Roman Republic,"MULTIPOLYGON (((16.401 39.9169, 16.4238 39.8693, 16.4507 39.…"
318,Consular army,-281.7,-281.4,226.0,TRANSIENT,,(Roman Republic),240,240,175,2026-08-16,Roman Republic,"POLYGON ((14.7383 41.09, 14.7818 41.0921, 14.8294 41.0859, 1…"
319,Consular army,-281.4,-281.3,1487.4,TRANSIENT,,(Roman Republic),240,240,175,2026-08-16,Roman Republic,"POLYGON ((16.1597 40.9593, 16.259 40.9386, 16.3541 40.9117, …"
320,Consular army,-281.3,-281.0,1582.3,TRANSIENT,,(Roman Republic),240,240,175,2026-08-16,Roman Republic,"POLYGON ((17.2996 40.6055, 17.3255 40.5838, 17.34 40.5476, 1…"
321,Consular army,-281.0,-280.7,683.3,TRANSIENT,,(Roman Republic),240,240,175,2026-08-16,Roman Republic,"POLYGON ((15.1955 41.0835, 15.2803 41.0876, 15.3693 41.0917,…"
322,Consular army,-280.7,-280.5,1628.7,TRANSIENT,,(Roman Republic),240,240,175,2026-08-16,Roman Republic,"MULTIPOLYGON (((15.2803 41.0876, 15.3693 41.0917, 15.4479 41…"
323,Consular army,-280.5,-280.4,1394.3,TRANSIENT,,(Roman Republic),240,240,175,2026-08-16,Roman Republic,"POLYGON ((16.0959 40.9572, 16.131 40.9345, 16.1559 40.8993, …"
324,Consular army,-280.3,-280.1,164.1,TRANSIENT,,(Roman Republic),240,240,175,2026-08-16,Roman Republic,"POLYGON ((12.595 41.77, 12.6217 41.7567, 12.6508 41.7433, 12…"
325,Consular army,-279.7,-279.6,1277.9,TRANSIENT,,(Roman Republic),240,240,175,2026-08-16,Roman Republic,"POLYGON ((13.5843 41.5884, 13.6754 41.5925, 13.7892 41.6049,…"
326,Consular army,-279.6,-279.5,1909.4,TRANSIENT,,(Roman Republic),240,240,175,2026-08-16,Roman Republic,"POLYGON ((15.2507 41.7428, 15.3003 41.7324, 15.3645 41.7159,…"
327,Consular army,-279.5,-279.3,1277.9,TRANSIENT,,(Roman Republic),240,240,175,2026-08-16,Roman Republic,"POLYGON ((13.5843 41.5884, 13.6754 41.5925, 13.7892 41.6049,…"
328,Consular army,-278.7,-278.6,1018.7,TRANSIENT,,(Roman Republic),240,240,175,2026-08-16,Roman Republic,"POLYGON ((13.8245 41.7425, 13.8782 41.7445, 13.9403 41.7197,…"
329,Consular army,-278.6,-278.5,2068.8,TRANSIENT,,(Roman Republic),240,240,175,2026-08-16,Roman Republic,"POLYGON ((15.2589 41.0376, 15.292 41.0004, 15.3438 40.9445, …"
330,Consular army,-278.5,-278.2,3229.6,TRANSIENT,,(Roman Republic),240,240,175,2026-08-16,Roman Republic,"POLYGON ((16.2625 39.9038, 16.2377 39.8169, 16.2253 39.7176,…"
331,Consular army,-277.7,-277.6,2891.2,TRANSIENT,,(Roman Republic),240,240,175,2026-08-16,Roman Republic,"MULTIPOLYGON (((16.0934 39.8907, 16.1555 39.7955, 16.2838 39…"
332,Consular army,-277.6,-277.3,3993.7,TRANSIENT,,(Roman Republic),240,240,175,2026-08-16,Roman Republic,"MULTIPOLYGON (((17.1176 39.0486, 17.0762 39.0342, 17.0121 39…"
333,Consular army,-277.3,-277.2,2891.2,TRANSIENT,,(Roman Republic),240,240,175,2026-08-16,Roman Republic,"MULTIPOLYGON (((16.0934 39.8907, 16.1555 39.7955, 16.2838 39…"
334,Consular army,-276.7,-276.6,1677.0,TRANSIENT,,(Roman Republic),240,240,175,2026-08-16,Roman Republic,"POLYGON ((15.2581 40.8317, 15.3098 40.7717, 15.3636 40.6972,…"
335,Consular army,-276.6,-276.4,3107.0,TRANSIENT,,(Roman Republic),240,240,175,2026-08-16,Roman Republic,"POLYGON ((16.0691 39.8584, 16.1156 39.7498, 16.1436 39.6505,…"
336,Consular army,-276.4,-276.3,1677.0,TRANSIENT,,(Roman Republic),240,240,175,2026-08-16,Roman Republic,"POLYGON ((15.2581 40.8317, 15.3098 40.7717, 15.3636 40.6972,…"
337,Consular army,-275.7,-275.0,1457.0,TRANSIENT,,(Roman Republic),240,240,175,2026-08-16,Roman Republic,"MULTIPOLYGON (((14.2034 41.0007, 14.2221 41.0441, 14.2593 41…"
338,Consular army,-272.7,-272.2,1774.3,TRANSIENT,,(Roman Republic),240,240,175,2026-08-16,Roman Republic,"POLYGON ((15.8592 40.6564, 15.9296 40.6419, 16.0517 40.6357,…"
339,Consular army,-270.7,-270.4,4617.8,TRANSIENT,,(Roman Republic),240,240,175,2026-08-16,Roman Republic,"POLYGON ((16.5522 39.1258, 16.5481 39.0617, 16.5481 39.012, …"
340,Consular army,-269.5,-268.7,472.8,TRANSIENT,,(Roman Republic),240,240,175,2026-08-16,Roman Republic,"POLYGON ((13.3948 42.6914, 13.4279 42.7431, 13.4672 42.7969,…"
341,Consular army,-268.7,-268.4,1637.0,TRANSIENT,,(Roman Republic),240,240,175,2026-08-16,Roman Republic,"POLYGON ((13.4279 42.7431, 13.4672 42.7969, 13.4879 42.859, …"
342,Consular army,-267.7,-267.3,4122.0,TRANSIENT,,(Roman Republic),240,240,175,2026-08-16,Roman Republic,"POLYGON ((18.3679 39.9586, 18.3534 39.8924, 18.3245 39.8614,…"
343,Consular army,-266.7,-266.4,1183.0,TRANSIENT,,(Roman Republic),240,240,175,2026-08-16,Roman Republic,"POLYGON ((13.5953 43.2037, 13.5808 43.241, 13.5477 43.3051, …"
344,Consular army,-264.7,-264.5,1193.3,TRANSIENT,,(Roman Republic),240,240,175,2026-08-16,Roman Republic,"POLYGON ((12.0433 42.1817, 12.0833 42.1433, 12.1417 42.1083,…"
345,Consular army,-264.5,-264.4,4993.3,TRANSIENT,,(Roman Republic),240,240,175,2026-08-16,Roman Republic,"MULTIPOLYGON (((14.931 37.2135, 14.9641 37.1773, 15 37.1525,…"
346,Consular army,-264.4,-264.3,280.8,TRANSIENT,,(Roman Republic),240,240,175,2026-08-16,Roman Republic,"MULTIPOLYGON (((14.871 37.3169, 14.901 37.2693, 14.931 37.21…"
347,Consular army,-264.3,-264.2,288.0,TRANSIENT,,(Roman Republic),240,240,175,2026-08-16,Roman Republic,"MULTIPOLYGON (((14.871 37.3169, 14.901 37.2693, 14.931 37.21…"
348,Consular army,-264.2,-263.7,256.4,TRANSIENT,,(Roman Republic),240,240,175,2026-08-16,Roman Republic,"MULTIPOLYGON (((14.871 37.3169, 14.901 37.2693, 14.931 37.21…"
349,Consular army,-263.7,-263.6,4993.3,TRANSIENT,,(Roman Republic),240,240,175,2026-08-16,Roman Republic,"MULTIPOLYGON (((14.931 37.2135, 14.9641 37.1773, 15 37.1525,…"
350,Consular army,-263.6,-263.5,5762.0,TRANSIENT,,(Roman Republic),240,240,175,2026-08-16,Roman Republic,"MULTIPOLYGON (((14.931 37.2135, 14.9641 37.1773, 15 37.1525,…"
351,Consular army,-263.5,-263.4,5962.7,TRANSIENT,,(Roman Republic),240,240,175,2026-08-16,Roman Republic,"POLYGON ((14.931 37.2135, 14.9641 37.1773, 15 37.1525, 15 37…"
352,Consular army,-263.4,-263.2,6103.8,TRANSIENT,,(Roman Republic),240,240,175,2026-08-16,Roman Republic,"POLYGON ((15.2583 37.0792, 15.25 37.0525, 15.225 37.0358, 15…"
353,Consular army,-263.2,-263.1,5789.4,TRANSIENT,,(Roman Republic),240,240,175,2026-08-16,Roman Republic,"POLYGON ((14.8738 37.6042, 14.8572 37.5566, 14.8262 37.5214,…"
354,Consular army,-263.1,-262.6,5552.9,TRANSIENT,,(Roman Republic),240,240,175,2026-08-16,Roman Republic,"POLYGON ((14.875 37.8392, 14.8333 37.8025, 14.8183 37.7675, …"
355,Consular army,-262.6,-262.5,6398.6,TRANSIENT,,(Roman Republic),240,240,175,2026-08-16,Roman Republic,"POLYGON ((14.6607 37.5497, 14.5903 37.5372, 14.4972 37.5269,…"
356,Consular army,-262.5,-262.3,6472.5,TRANSIENT,,(Roman Republic),240,240,175,2026-08-16,Roman Republic,"POLYGON ((13.6464 37.2556, 13.6247 37.2515, 13.6102 37.2598,…"
357,Consular army,-262.3,-261.8,5649.6,TRANSIENT,,(Roman Republic),240,240,175,2026-08-16,Roman Republic,"MULTIPOLYGON (((13.663 37.3104, 13.6557 37.296, 13.6557 37.2…"
358,Consular army,-261.8,-261.6,5684.8,TRANSIENT,,(Roman Republic),240,240,175,2026-08-16,Roman Republic,"MULTIPOLYGON (((13.6733 37.3363, 13.663 37.3104, 13.6557 37.…"
359,Consular army,-261.6,-261.5,5783.7,TRANSIENT,,(Roman Republic),240,240,173,2026-08-16,Roman Republic,"MULTIPOLYGON (((13.6785 37.3274, 13.6823 37.3155, 13.6847 37…"
360,Consular army,-261.5,-261.4,6103.2,TRANSIENT,,(Roman Republic),240,240,173,2026-08-16,Roman Republic,"MULTIPOLYGON (((13.6584 37.3591, 13.6664 37.3494, 13.6731 37…"
361,Consular army,-261.4,-261.1,5965.3,TRANSIENT,,(Roman Republic),240,240,175,2026-08-16,Roman Republic,"MULTIPOLYGON (((13.5912 37.6027, 13.6222 37.6772, 13.6594 37…"
362,Consular army,-261.1,-260.4,5552.9,TRANSIENT,,(Roman Republic),240,240,175,2026-08-16,Roman Republic,"POLYGON ((14.875 37.8392, 14.8333 37.8025, 14.8183 37.7675, …"
363,Consular army,-260.4,-260.2,6376.5,TRANSIENT,,(Roman Republic),240,240,175,2026-08-16,Roman Republic,"MULTIPOLYGON (((13.4803 37.3662, 13.4183 37.4076, 13.3397 37…"
364,Consular army,-260.2,-259.7,5552.9,TRANSIENT,,(Roman Republic),240,240,175,2026-08-16,Roman Republic,"POLYGON ((14.875 37.8392, 14.8333 37.8025, 14.8183 37.7675, …"
365,Consular army,-259.7,-259.5,6012.9,TRANSIENT,,(Roman Republic),240,240,175,2026-08-16,Roman Republic,"POLYGON ((14.863 37.8146, 14.8218 37.7952, 14.7854 37.7807, …"
366,Consular army,-259.5,-258.7,4784.1,TRANSIENT,,(Roman Republic),240,240,175,2026-08-16,Roman Republic,"POLYGON ((15.5717 38.0958, 15.5458 38.1217, 15.5133 38.1433,…"
367,Consular army,-258.7,-258.4,6572.8,TRANSIENT,,(Roman Republic),240,240,175,2026-08-16,Roman Republic,"POLYGON ((14.839 37.8007, 14.7727 37.7523, 14.7227 37.7119, …"
368,Consular army,-258.4,-256.2,4784.1,TRANSIENT,,(Roman Republic),240,240,175,2026-08-16,Roman Republic,"POLYGON ((15.5717 38.0958, 15.5458 38.1217, 15.5133 38.1433,…"
369,Consular army,-256.2,-256.0,5195.1,TRANSIENT,,(Roman Republic),240,240,175,2026-08-16,Roman Republic,"MULTIPOLYGON (((10.6256 36.6884, 10.7056 36.6967, 10.7723 36…"
370,Consular army,-256.0,-255.9,5336.1,TRANSIENT,,(Roman Republic),240,240,175,2026-08-16,Roman Republic,"MULTIPOLYGON (((10.2767 36.6925, 10.2217 36.7275, 10.1833 36…"
371,Consular army,-255.9,-255.7,4796.9,TRANSIENT,,(Roman Republic),240,240,175,2026-08-16,Roman Republic,"MULTIPOLYGON (((10.1531 36.8106, 10.1547 36.8136, 10.1579 36…"
372,Consular army,-255.7,-255.6,4826.1,TRANSIENT,,(Roman Republic),240,240,175,2026-08-16,Roman Republic,"MULTIPOLYGON (((10.1531 36.8106, 10.1547 36.8136, 10.1554006…"
373,Consular army,-255.6,-255.5,5002.9,TRANSIENT,,(Roman Republic),240,240,175,2026-08-16,Roman Republic,"MULTIPOLYGON (((10.289 36.7321, 10.3213 36.7192, 10.3585 36.…"
374,Consular army,-255.5,-255.2,4794.8,TRANSIENT,,(Roman Republic),240,240,175,2026-08-16,Roman Republic,"MULTIPOLYGON (((11.1049 36.8402, 11.0976 36.8426, 11.0888 36…"
375,Consular army,-255.2,-254.6,4784.1,TRANSIENT,,(Roman Republic),240,240,175,2026-08-16,Roman Republic,"POLYGON ((15.5717 38.0958, 15.5458 38.1217, 15.5133 38.1433,…"
376,Consular army,-254.6,-254.5,5904.1,TRANSIENT,,(Roman Republic),240,240,175,2026-08-16,Roman Republic,"POLYGON ((14.7271 37.8956, 14.6237 37.894, 14.551 37.8956, 1…"
377,Consular army,-254.5,-254.4,6778.5,TRANSIENT,,(Roman Republic),240,240,175,2026-08-16,Roman Republic,"POLYGON ((13.9275 37.8244, 13.85 37.7792, 13.7611 37.7662, 1…"
378,Consular army,-254.4,-254.3,4784.1,TRANSIENT,,(Roman Republic),240,240,175,2026-08-16,Roman Republic,"POLYGON ((15.5717 38.0958, 15.5458 38.1217, 15.5133 38.1433,…"
379,Consular army,-254.3,-254.2,6572.8,TRANSIENT,,(Roman Republic),240,240,175,2026-08-16,Roman Republic,"POLYGON ((14.839 37.8007, 14.7727 37.7523, 14.7227 37.7119, …"
380,Consular army,-254.2,-254.1,6624.0,TRANSIENT,,(Roman Republic),240,240,175,2026-08-16,Roman Republic,"POLYGON ((14.839 37.8007, 14.7727 37.7523, 14.7227 37.7119, …"
381,Consular army,-254.1,-1.0,4784.1,TRANSIENT,,(Roman Republic),240,240,175,2026-08-16,Roman Republic,"POLYGON ((15.5717 38.0958, 15.5458 38.1217, 15.5133 38.1433,…"
382,Consular naval expedition,-260.7,-260.5,516.5,TRANSIENT,,(Roman Republic),240,243,168,2026-08-16,Roman Republic,"POLYGON ((15.0267 38.4872, 15.0575 38.4764, 15.0892 38.4514,…"
383,Consular naval expedition,-260.2,-260.0,326.0,TRANSIENT,,(Roman Republic),240,243,168,2026-08-16,Roman Republic,"POLYGON ((15.575 38.1678, 15.5891 38.1812, 15.598 38.1972, 1…"
384,Consular naval expedition,-259.7,-259.6,5480.1,TRANSIENT,,(Roman Republic),240,243,168,2026-08-16,Roman Republic,"POLYGON ((15.2586 39.8897, 15.2793 39.7707, 15.3155 39.6724,…"
385,Consular naval expedition,-259.6,-259.5,6374.6,TRANSIENT,,(Roman Republic),240,243,168,2026-08-16,Roman Republic,"POLYGON ((15.2793 39.7707, 15.3155 39.6724, 15.3724 39.5638,…"
386,Consular naval expedition,-259.5,-259.4,1001.9,TRANSIENT,,(Roman Republic),240,243,168,2026-08-16,Roman Republic,"POLYGON ((9.4903 42.0762, 9.509 42.0545, 9.5369 41.9924, 9.5…"
387,Consular naval expedition,-259.4,-259.3,6811.2,TRANSIENT,,(Roman Republic),240,243,168,2026-08-16,Roman Republic,"POLYGON ((15.5716 38.236, 15.5948 38.2464, 15.6259 38.2567, …"
388,Consular naval expedition,-258.7,-258.4,7896.2,TRANSIENT,,(Roman Republic),240,243,168,2026-08-16,Roman Republic,"POLYGON ((15.5716 38.236, 15.5948 38.2464, 15.6259 38.2567, …"
389,Consular naval expedition,-257.7,-257.5,2674.9,TRANSIENT,,(Roman Republic),240,243,168,2026-08-16,Roman Republic,"POLYGON ((14.9713 36.5627, 14.9496 36.5472, 14.9279 36.4882,…"
390,Consular naval expedition,-257.5,-257.3,458.2,TRANSIENT,,(Roman Republic),240,243,168,2026-08-16,Roman Republic,"POLYGON ((15.575 38.1678, 15.5891 38.1812, 15.598 38.1972, 1…"
391,Consular naval expedition,-256.7,-256.6,5538.5,TRANSIENT,,(Roman Republic),240,243,168,2026-08-16,Roman Republic,"POLYGON ((14.0975 37.03, 14.1392 36.995, 14.1858 36.9517, 14…"
392,Consular naval expedition,-256.6,-256.5,5596.1,TRANSIENT,,(Roman Republic),240,243,168,2026-08-16,Roman Republic,"POLYGON ((14.0975 37.03, 14.1392 36.995, 14.1858 36.9517, 14…"
393,Consular naval expedition,-256.5,-256.3,5924.0,TRANSIENT,,(Roman Republic),240,243,168,2026-08-16,Roman Republic,"POLYGON ((14.0975 37.03, 14.1392 36.995, 14.1858 36.9517, 14…"
394,Consular naval expedition,-256.3,-256.2,8369.8,TRANSIENT,,(Roman Republic),240,243,168,2026-08-16,Roman Republic,"POLYGON ((14.0975 37.03, 14.1392 36.995, 14.1858 36.9517, 14…"
395,Consular naval expedition,-256.2,-255.4,5596.1,TRANSIENT,,(Roman Republic),240,243,168,2026-08-16,Roman Republic,"POLYGON ((14.0975 37.03, 14.1392 36.995, 14.1858 36.9517, 14…"
396,Consular naval expedition,-255.4,-255.2,8261.6,TRANSIENT,,(Roman Republic),240,243,168,2026-08-16,Roman Republic,"POLYGON ((14.0975 37.03, 14.1392 36.995, 14.1858 36.9517, 14…"
397,Consular naval expedition,-255.2,-255.1,3263.6,TRANSIENT,,(Roman Republic),240,243,168,2026-08-16,Roman Republic,"POLYGON ((11.0109 37.2058, 11.0044 37.1654, 11.0125 37.1364,…"
398,Consular naval expedition,-254.7,-254.3,3468.1,TRANSIENT,,(Roman Republic),240,243,168,2026-08-16,Roman Republic,"POLYGON ((15.2586 39.8897, 15.2793 39.7707, 15.3155 39.6724,…"
399,Consular naval expedition,-254.3,-254.1,5135.2,TRANSIENT,,(Roman Republic),240,243,168,2026-08-16,Roman Republic,"POLYGON ((14.7931 38.2309, 14.6897 38.2102, 14.5862 38.1817,…"
400,Consular naval expedition,-254.1,-253.7,3468.1,TRANSIENT,,(Roman Republic),240,243,168,2026-08-16,Roman Republic,"POLYGON ((15.2586 39.8897, 15.2793 39.7707, 15.3155 39.6724,…"
401,Consular naval expedition,-253.7,-253.6,5135.2,TRANSIENT,,(Roman Republic),240,243,168,2026-08-16,Roman Republic,"POLYGON ((14.7931 38.2309, 14.6897 38.2102, 14.5862 38.1817,…"
402,Consular naval expedition,-253.6,-253.4,6086.4,TRANSIENT,,(Roman Republic),240,243,168,2026-08-16,Roman Republic,"POLYGON ((13.381790887589514 38.15900248998095, 13.3778 38.1…"
403,Consular naval expedition,-253.4,-1.0,3468.1,TRANSIENT,,(Roman Republic),240,243,168,2026-08-16,Roman Republic,"POLYGON ((15.2586 39.8897, 15.2793 39.7707, 15.3155 39.6724,…"
404,Crustumerium,-500.5,-482.5,50.5,POLITY,,(Roman Republic),240,240,168,2026-08-16,Roman Republic,"POLYGON ((12.5767 41.9917, 12.5792 41.9992, 12.5833 42.0042,…"
405,Crustumerium,-405.7,-338.5,50.5,POLITY,,(Roman Republic),240,240,168,2026-08-16,Roman Republic,"POLYGON ((12.5767 41.9917, 12.5792 41.9992, 12.5833 42.0042,…"
406,Decemvir army,-449.6,-449.5,259.8,TRANSIENT,,(Roman Republic),240,240,174,2026-08-16,Roman Republic,"POLYGON ((12.52 41.8767, 12.5358 41.875, 12.5592 41.8733, 12…"
407,Falerii,-394.6,-357.7,161.0,POLITY,,(Roman Republic),240,241,171,2026-08-16,Roman Republic,"POLYGON ((12.443 42.19795, 12.44375 42.20458, 12.44267 42.21…"
408,Ferentinum,-361.7,-358.6,18.1,POLITY,,(Roman Republic),240,242,164,2026-08-16,Roman Republic,"POLYGON ((13.2782 41.6958, 13.2776 41.6989, 13.2766 41.7019,…"
409,Ficulea,-504.4,-338.5,40.4,POLITY,,(Roman Republic),240,240,167,2026-08-16,Roman Republic,"POLYGON ((12.5767 41.9917, 12.5883 41.9867, 12.605 41.9808, …"
410,Fidenae,-504.4,-482.5,31.2,POLITY,,(Roman Republic),240,240,166,2026-08-16,Roman Republic,"POLYGON ((12.49722 41.94673, 12.49925 41.94584, 12.50206 41.…"
411,Fidenae,-474.5,-438.5,31.2,POLITY,,(Roman Republic),240,240,166,2026-08-16,Roman Republic,"POLYGON ((12.49722 41.94673, 12.49925 41.94584, 12.50206 41.…"
412,Gabii,-341.2,-338.5,57.6,POLITY,,(Roman Republic),240,242,169,2026-08-16,Roman Republic,"POLYGON ((12.6508 41.85, 12.6575 41.8492, 12.6667 41.8492, 1…"
413,Garrison,-282.6,-282.4,199.0,POLITY,,(Roman Republic),240,243,166,2026-08-16,Roman Republic,"POLYGON ((16.55208 39.64786, 16.53614 39.66025, 16.52836 39.…"
414,Garrison,-282.4,-282.3,533.4,POLITY,,(Roman Republic),240,243,166,2026-08-16,Roman Republic,"MULTIPOLYGON (((15.638 38.01672, 15.64078 38.02397, 15.65106…"
415,Garrison,-282.3,-281.2,334.5,POLITY,,(Roman Republic),240,243,166,2026-08-16,Roman Republic,"MULTIPOLYGON (((15.638 38.01672, 15.64078 38.02397, 15.65106…"
416,Garrison,-281.2,-280.4,533.4,POLITY,,(Roman Republic),240,243,166,2026-08-16,Roman Republic,"MULTIPOLYGON (((15.638 38.01672, 15.64078 38.02397, 15.65106…"
417,Garrison,-280.3,-278.9,154.4,POLITY,,(Roman Republic),240,243,166,2026-08-16,Roman Republic,"POLYGON ((15.6533 38.0109, 15.6657 38.0125, 15.6779 38.0156,…"
418,Garrison,-272.5,-1.0,200.7,POLITY,,(Roman Republic),240,243,166,2026-08-16,Roman Republic,"POLYGON ((17.27575 40.38136, 17.2907 40.3865, 17.3008 40.393…"
419,Garrison,-264.7,-264.5,27.7,TRANSIENT,,(Roman Republic),240,243,166,2026-08-16,Roman Republic,"POLYGON ((15.5734 38.2269, 15.5548 38.2269, 15.5331 38.2238,…"
420,Labicum,-418.2,-338.5,46.8,POLITY,,(Roman Republic),240,241,165,2026-08-16,Roman Republic,"POLYGON ((12.7633 41.7625, 12.7642 41.77, 12.7617 41.78, 12.…"
421,Lavinium,-341.2,-338.5,111.5,POLITY,,(Roman Republic),240,242,171,2026-08-16,Roman Republic,"POLYGON ((12.4625 41.7333, 12.4775 41.7275, 12.4908 41.715, …"
422,Naval expedition,-310.6,-310.5,1158.3,TRANSIENT,,(Roman Republic),240,243,162,2026-08-16,Roman Republic,"POLYGON ((13.8137 40.6741, 13.86 40.6708, 13.9233 40.6742, 1…"
423,Naval expedition,-310.5,-310.3,1280.7,TRANSIENT,,(Roman Republic),240,243,162,2026-08-16,Roman Republic,"POLYGON ((14.485 40.7742, 14.5317 40.7908, 14.57 40.7925, 14…"
424,Naval expedition,-282.6,-282.4,7223.4,TRANSIENT,,(Roman Republic),240,243,167,2026-08-16,Roman Republic,"POLYGON ((16.2553 38.0617, 16.2348 37.9872, 16.1886 37.9153,…"
425,Naval expedition,-264.7,-264.6,3468.1,TRANSIENT,,(Roman Republic),240,243,162,2026-08-16,Roman Republic,"POLYGON ((15.2586 39.8897, 15.2793 39.7707, 15.3155 39.6724,…"
426,Pontine district,-387.5,-338.5,221.0,POLITY,,(Roman Republic),240,241,173,2026-08-16,Roman Republic,"POLYGON ((12.777 41.573, 12.8203 41.563, 12.8753 41.548, 12.…"
427,Praeneste,-499.5,-492.5,411.2,POLITY,,(Roman Republic),240,240,164,2026-08-16,Roman Republic,"POLYGON ((12.9075 41.9108, 12.9142 41.9092, 12.9225 41.9042,…"
428,Proconsular army,-326.6,-325.7,1434.0,TRANSIENT,,(Roman Republic),240,242,174,2026-08-16,Roman Republic,"POLYGON ((13.9538 41.35, 14.0138 41.3479, 14.0634 41.3541, 1…"
429,Proconsular army,-307.7,-307.4,247.5,TRANSIENT,,(Roman Republic),240,242,174,2026-08-16,Roman Republic,"POLYGON ((13.9041 41.3459, 13.9538 41.35, 14.0138 41.3479, 1…"
430,Proconsular army,-296.8,-296.5,1699.1,TRANSIENT,,(Roman Republic),240,242,174,2026-08-16,Roman Republic,"MULTIPOLYGON (((14.2214 41.3383, 14.3083 41.3362, 14.4097 41…"
431,Proconsular army,-296.5,-296.3,2378.0,TRANSIENT,,(Roman Republic),240,242,174,2026-08-16,Roman Republic,"MULTIPOLYGON (((15.027 41.1684, 15.0829 41.1353, 15.1367 41.…"
432,Proconsular army,-296.3,-296.2,1699.1,TRANSIENT,,(Roman Republic),240,242,174,2026-08-16,Roman Republic,"MULTIPOLYGON (((14.2214 41.3383, 14.3083 41.3362, 14.4097 41…"
433,Proconsular army,-296.2,-295.8,1207.8,TRANSIENT,,(Roman Republic),240,242,174,2026-08-16,Roman Republic,"POLYGON ((13.7897 41.7259, 13.8828 41.7238, 13.9738 41.7155,…"
434,Proconsular army,-295.8,-295.6,1699.1,TRANSIENT,,(Roman Republic),240,242,174,2026-08-16,Roman Republic,"MULTIPOLYGON (((14.2214 41.3383, 14.3083 41.3362, 14.4097 41…"
435,Proconsular army,-295.6,-295.2,491.3,TRANSIENT,,(Roman Republic),240,242,174,2026-08-16,Roman Republic,"POLYGON ((14.1428 41.3383, 14.2214 41.3383, 14.3083 41.3362,…"
436,Proconsular army,-295.2,-295.0,84.5,TRANSIENT,,(Roman Republic),240,242,174,2026-08-16,Roman Republic,"POLYGON ((14.2517 41.3159, 14.2921 41.2983, 14.3324 41.2755,…"
437,Proconsular army,-293.8,-293.7,83.2,TRANSIENT,,(Roman Republic),240,242,174,2026-08-16,Roman Republic,"POLYGON ((13.7393 41.4841, 13.7559 41.5131, 13.789 41.54, 13…"
438,Proconsular army,-291.7,-291.2,391.2,TRANSIENT,,(Roman Republic),240,242,174,2026-08-16,Roman Republic,"POLYGON ((14.070777947451136 41.49850988097911, 14.0759 41.5…"
439,Satricum,-385.5,-381.6,35.6,POLITY,,(Roman Republic),240,242,160,2026-08-16,Roman Republic,"POLYGON ((12.7811 41.524, 12.7803 41.5283, 12.7789 41.5325, …"
440,Satricum,-348.5,-347.7,35.6,POLITY,,(Roman Republic),240,242,160,2026-08-16,Roman Republic,"POLYGON ((12.7811 41.524, 12.7803 41.5283, 12.7789 41.5325, …"
441,Tribunican army,-418.5,-418.4,9.5,TRANSIENT,,(Roman Republic),240,241,164,2026-08-16,Roman Republic,"POLYGON ((12.6645 41.7871, 12.6862 41.7854, 12.6978 41.7704,…"
442,Tribunican army,-414.4,-414.2,26.9,TRANSIENT,,(Roman Republic),240,241,164,2026-08-16,Roman Republic,"POLYGON ((12.6966 41.7849, 12.7086 41.7831, 12.7188 41.7846,…"
443,Tribunican army,-406.6,-406.4,463.8,TRANSIENT,,(Roman Republic),240,241,164,2026-08-16,Roman Republic,"POLYGON ((12.5871 41.5082, 12.6104 41.4657, 12.6138 41.4523,…"
444,Tribunican army,-405.7,-404.6,176.8,TRANSIENT,,(Roman Republic),240,241,164,2026-08-16,Roman Republic,"POLYGON ((12.5675 42.0633, 12.5417 42.0675, 12.4775 42.0708,…"
445,Tribunican army,-404.6,-404.4,330.9,TRANSIENT,,(Roman Republic),240,241,164,2026-08-16,Roman Republic,"MULTIPOLYGON (((12.6467 41.72, 12.6692 41.685, 12.6908 41.65…"
446,Tribunican army,-404.4,-400.6,176.8,TRANSIENT,,(Roman Republic),240,241,164,2026-08-16,Roman Republic,"POLYGON ((12.5675 42.0633, 12.5417 42.0675, 12.4775 42.0708,…"
447,Tribunican army,-400.6,-400.4,640.5,TRANSIENT,,(Roman Republic),240,241,164,2026-08-16,Roman Republic,"MULTIPOLYGON (((12.5721 41.5573, 12.6204 41.5848, 12.6363 41…"
448,Tribunican army,-400.4,-397.5,176.8,TRANSIENT,,(Roman Republic),240,241,164,2026-08-16,Roman Republic,"POLYGON ((12.5675 42.0633, 12.5417 42.0675, 12.4775 42.0708,…"
449,Tribunican army,-397.5,-397.3,415.2,TRANSIENT,,(Roman Republic),240,241,164,2026-08-16,Roman Republic,"MULTIPOLYGON (((12.5658 42.0192, 12.5183 41.9825, 12.4675 41…"
450,Tribunican army,-397.3,-396.4,176.8,TRANSIENT,,(Roman Republic),240,241,164,2026-08-16,Roman Republic,"POLYGON ((12.5675 42.0633, 12.5417 42.0675, 12.4775 42.0708,…"
451,Tribunican army,-395.7,-395.4,232.2,TRANSIENT,,(Roman Republic),240,241,164,2026-08-16,Roman Republic,"POLYGON ((12.4283 42.1, 12.4308 42.1283, 12.445 42.1625, 12.…"
452,Tribunican army,-391.4,-391.2,528.1,TRANSIENT,,(Roman Republic),240,241,164,2026-08-16,Roman Republic,"POLYGON ((12.5142 41.9955, 12.5109 42.0705, 12.5109 42.1422,…"
453,Tribunican army,-388.6,-388.4,458.0,TRANSIENT,,(Roman Republic),240,241,164,2026-08-16,Roman Republic,"MULTIPOLYGON (((12.7083 41.7833, 12.7308 41.8, 12.7458 41.82…"
454,Tribunican army,-388.4,-388.3,309.9,TRANSIENT,,(Roman Republic),240,241,164,2026-08-16,Roman Republic,"POLYGON ((12.0233 42.2067, 12.0433 42.1817, 12.0833 42.1433,…"
455,Tribunican army,-386.5,-386.1,109.1,TRANSIENT,,(Roman Republic),240,241,164,2026-08-16,Roman Republic,"POLYGON ((12.6292 41.5992, 12.655 41.5858, 12.6825 41.5817, …"
456,Tribunican army,-382.5,-382.4,66.9,TRANSIENT,,(Roman Republic),240,241,164,2026-08-16,Roman Republic,"POLYGON ((12.6475 41.795, 12.6675 41.7917, 12.6975 41.7833, …"
457,Tribunican army,-381.5,-381.4,109.4,TRANSIENT,,(Roman Republic),240,241,164,2026-08-16,Roman Republic,"POLYGON ((12.5683 41.72, 12.58 41.6883, 12.6308 41.6158, 12.…"
458,Tribunican army,-379.7,-379.5,128.7,TRANSIENT,,(Roman Republic),240,241,164,2026-08-16,Roman Republic,"POLYGON ((12.7317 41.605, 12.71 41.6225, 12.6917 41.6467, 12…"
459,Tribunican army,-378.6,-378.4,186.8,TRANSIENT,,(Roman Republic),240,241,164,2026-08-16,Roman Republic,"MULTIPOLYGON (((12.6483 41.5658, 12.6542 41.5492, 12.6475 41…"
460,Tribunican army,-377.7,-377.5,105.2,TRANSIENT,,(Roman Republic),240,241,164,2026-08-16,Roman Republic,"POLYGON ((12.5983 41.775, 12.62 41.7492, 12.6383 41.7142, 12…"
461,Tribunican army,-377.5,-377.3,44.3,TRANSIENT,,(Roman Republic),240,241,164,2026-08-16,Roman Republic,"POLYGON ((12.7058 41.575, 12.6967 41.555, 12.6725 41.5383, 1…"
462,Tribunican army,-377.3,-377.1,38.6,TRANSIENT,,(Roman Republic),240,241,164,2026-08-16,Roman Republic,"POLYGON ((12.644 41.7637, 12.6607 41.7727, 12.6802 41.7745, …"
463,Tribunican army,-370.5,-367.4,178.9,TRANSIENT,,(Roman Republic),240,241,164,2026-08-16,Roman Republic,"POLYGON ((12.5367 41.8925, 12.5617 41.8792, 12.595 41.8608, …"
464,Veii,-396.5,-338.5,646.4,POLITY,,(Roman Republic),240,241,169,2026-08-16,Roman Republic,"POLYGON ((12.18172 41.87075, 12.20197 41.87533, 12.20381 41.…"
465,Velitrae,-494.5,-410.7,110.6,POLITY,,(Roman Republic),240,240,170,2026-08-16,Roman Republic,"POLYGON ((12.7217 41.6625, 12.725 41.6767, 12.7292 41.6925, …"
466,Velitrae,-410.3,-389.9,110.6,POLITY,,(Roman Republic),240,240,170,2026-08-16,Roman Republic,"POLYGON ((12.7217 41.6625, 12.725 41.6767, 12.7292 41.6925, …"
467,Velitrae,-380.1,-371.5,110.6,POLITY,,(Roman Republic),240,240,170,2026-08-16,Roman Republic,"POLYGON ((12.7217 41.6625, 12.725 41.6767, 12.7292 41.6925, …"
468,Velitrae,-367.5,-341.2,110.6,POLITY,,(Roman Republic),240,240,170,2026-08-16,Roman Republic,"POLYGON ((12.7217 41.6625, 12.725 41.6767, 12.7292 41.6925, …"
469,Roman Ally,-486.5,-390.6,1015.4,POLITY,,,248,208,112,2026-08-16,Roman Ally,"POLYGON ((13.1307 41.8955, 13.1486 41.8893, 13.1817 41.8645,…"
470,Roman Ally,-390.6,-389.9,2333.5,POLITY,,,248,208,112,2026-08-16,Roman Ally,"MULTIPOLYGON (((13.1486 41.8893, 13.1817 41.8645, 13.23 41.8…"
471,Roman Ally,-389.9,-389.5,1318.1,POLITY,,,248,208,112,2026-08-16,Roman Ally,"POLYGON ((12.0241 42.2093, 12.0614 42.23, 12.1152 42.2672, 1…"
472,Roman Ally,-389.5,-358.6,1509.1,POLITY,,,248,208,112,2026-08-16,Roman Ally,"MULTIPOLYGON (((12.0241 42.2093, 12.0614 42.23, 12.1152 42.2…"
473,Roman Ally,-358.6,-353.9,2524.5,POLITY,,,248,208,112,2026-08-16,Roman Ally,"MULTIPOLYGON (((13.1817 41.8645, 13.23 41.8452, 13.281 41.83…"
474,Roman Ally,-353.9,-353.5,1206.4,POLITY,,,248,208,112,2026-08-16,Roman Ally,"MULTIPOLYGON (((13.1486 41.8893, 13.1817 41.8645, 13.23 41.8…"
475,Roman Ally,-353.5,-343.2,2079.7,POLITY,,,248,208,112,2026-08-16,Roman Ally,"MULTIPOLYGON (((13.1817 41.8645, 13.23 41.8452, 13.281 41.83…"
476,Roman Ally,-343.2,-342.8,3725.0,POLITY,,,248,208,112,2026-08-16,Roman Ally,"MULTIPOLYGON (((13.9335 41.03214, 13.93703 41.03639, 13.9372…"
477,Roman Ally,-342.8,-341.2,3886.0,POLITY,,,248,208,112,2026-08-16,Roman Ally,"MULTIPOLYGON (((13.9335 41.03214, 13.93703 41.03639, 13.9372…"
478,Roman Ally,-341.2,-339.5,2240.6,POLITY,,,248,208,112,2026-08-16,Roman Ally,"MULTIPOLYGON (((13.1817 41.8645, 13.23 41.8452, 13.281 41.83…"
479,Roman Ally,-339.5,-338.5,2304.1,POLITY,,,248,208,112,2026-08-16,Roman Ally,"MULTIPOLYGON (((14.47286 40.70439, 14.47347 40.70595, 14.475…"
480,Roman Ally,-338.5,-334.5,4666.6,POLITY,,,248,208,112,2026-08-16,Roman Ally,"MULTIPOLYGON (((13.0311 41.616, 13.0239 41.6046, 13.0198 41.…"
481,Roman Ally,-334.5,-326.7,5484.9,POLITY,,,248,208,112,2026-08-16,Roman Ally,"MULTIPOLYGON (((13.0772 41.5371, 13.092 41.523, 13.0958 41.5…"
482,Roman Ally,-326.7,-318.5,5670.1,POLITY,,,248,208,112,2026-08-16,Roman Ally,"MULTIPOLYGON (((13.092 41.523, 13.0958 41.5063, 13.0935 41.4…"
483,Roman Ally,-318.5,-313.3,12014.5,POLITY,,,248,208,112,2026-08-16,Roman Ally,"MULTIPOLYGON (((13.092 41.523, 13.0958 41.5063, 13.0935 41.4…"
484,Roman Ally,-313.3,-310.6,11674.9,POLITY,,,248,208,112,2026-08-16,Roman Ally,"MULTIPOLYGON (((13.092 41.523, 13.0958 41.5063, 13.0935 41.4…"
485,Roman Ally,-310.6,-310.4,12699.1,POLITY,,,248,208,112,2026-08-16,Roman Ally,"MULTIPOLYGON (((13.092 41.523, 13.0958 41.5063, 13.0935 41.4…"
486,Roman Ally,-310.4,-308.1,15791.9,POLITY,,,248,208,112,2026-08-16,Roman Ally,"MULTIPOLYGON (((12.9015 41.5955, 12.8953 41.613, 12.8859 41.…"
487,Roman Ally,-308.1,-307.5,15809.8,POLITY,,,248,208,112,2026-08-16,Roman Ally,"MULTIPOLYGON (((12.9015 41.5955, 12.8953 41.613, 12.8859 41.…"
488,Roman Ally,-307.5,-306.6,14929.4,POLITY,,,248,208,112,2026-08-16,Roman Ally,"MULTIPOLYGON (((12.9015 41.5955, 12.8953 41.613, 12.8859 41.…"
489,Roman Ally,-306.6,-305.5,15809.8,POLITY,,,248,208,112,2026-08-16,Roman Ally,"MULTIPOLYGON (((12.9015 41.5955, 12.8953 41.613, 12.8859 41.…"
490,Roman Ally,-305.5,-304.5,15881.8,POLITY,,,248,208,112,2026-08-16,Roman Ally,"MULTIPOLYGON (((12.9015 41.5955, 12.8953 41.613, 12.8859 41.…"
491,Roman Ally,-304.5,-303.5,24300.4,POLITY,,,248,208,112,2026-08-16,Roman Ally,"MULTIPOLYGON (((13.0958 41.5063, 13.0935 41.4873, 13.0868 41…"
492,Roman Ally,-303.5,-303.4,23192.0,POLITY,,,248,208,112,2026-08-16,Roman Ally,"MULTIPOLYGON (((13.092 41.523, 13.0958 41.5063, 13.0935 41.4…"
493,Roman Ally,-303.4,-302.8,22393.1,POLITY,,,248,208,112,2026-08-16,Roman Ally,"MULTIPOLYGON (((13.092 41.523, 13.0958 41.5063, 13.0935 41.4…"
494,Roman Ally,-302.8,-302.7,21004.8,POLITY,,,248,208,112,2026-08-16,Roman Ally,"MULTIPOLYGON (((13.092 41.523, 13.0958 41.5063, 13.0935 41.4…"
495,Roman Ally,-302.7,-302.6,20291.1,POLITY,,,248,208,112,2026-08-16,Roman Ally,"MULTIPOLYGON (((13.092 41.523, 13.0958 41.5063, 13.0935 41.4…"
496,Roman Ally,-302.6,-302.5,21679.4,POLITY,,,248,208,112,2026-08-16,Roman Ally,"MULTIPOLYGON (((13.0311 41.616, 13.0239 41.6046, 13.0198 41.…"
497,Roman Ally,-302.5,-299.3,24560.3,POLITY,,,248,208,112,2026-08-16,Roman Ally,"MULTIPOLYGON (((13.0958 41.5063, 13.0935 41.4873, 13.0868 41…"
498,Roman Ally,-299.3,-298.6,31739.5,POLITY,,,248,208,112,2026-08-16,Roman Ally,"MULTIPOLYGON (((13.0958 41.5063, 13.0935 41.4873, 13.0868 41…"
499,Roman Ally,-298.6,-295.8,58742.9,POLITY,,,248,208,112,2026-08-16,Roman Ally,"MULTIPOLYGON (((13.0958 41.5063, 13.0935 41.4873, 13.0868 41…"
500,Roman Ally,-295.8,-290.5,54625.9,POLITY,,,248,208,112,2026-08-16,Roman Ally,"MULTIPOLYGON (((13.0958 41.5063, 13.0935 41.4873, 13.0868 41…"
501,Roman Ally,-290.5,-290.2,65595.7,POLITY,,,248,208,112,2026-08-16,Roman Ally,"MULTIPOLYGON (((13.0958 41.5063, 13.0935 41.4873, 13.0868 41…"
502,Roman Ally,-290.2,-286.5,70653.4,POLITY,,,248,208,112,2026-08-16,Roman Ally,"MULTIPOLYGON (((13.0958 41.5063, 13.0935 41.4873, 13.0868 41…"
503,Roman Ally,-286.5,-283.5,68061.9,POLITY,,,248,208,112,2026-08-16,Roman Ally,"MULTIPOLYGON (((13.0958 41.5063, 13.0935 41.4873, 13.0868 41…"
504,Roman Ally,-283.5,-280.6,41058.7,POLITY,,,248,208,112,2026-08-16,Roman Ally,"MULTIPOLYGON (((13.092 41.523, 13.0958 41.5063, 13.0935 41.4…"
505,Roman Ally,-280.6,-280.4,46195.2,POLITY,,,248,208,112,2026-08-16,Roman Ally,"MULTIPOLYGON (((13.0958 41.5063, 13.0935 41.4873, 13.0868 41…"
506,Roman Ally,-280.4,-278.3,35225.2,POLITY,,,248,208,112,2026-08-16,Roman Ally,"MULTIPOLYGON (((13.092 41.523, 13.0958 41.5063, 13.0935 41.4…"
507,Roman Ally,-278.3,-277.5,35595.6,POLITY,,,248,208,112,2026-08-16,Roman Ally,"MULTIPOLYGON (((13.0958 41.5063, 13.0935 41.4873, 13.0868 41…"
508,Roman Ally,-277.5,-277.4,36730.2,POLITY,,,248,208,112,2026-08-16,Roman Ally,"MULTIPOLYGON (((13.0958 41.5063, 13.0935 41.4873, 13.0868 41…"
509,Roman Ally,-277.4,-276.5,37609.2,POLITY,,,248,208,112,2026-08-16,Roman Ally,"MULTIPOLYGON (((13.0958 41.5063, 13.0935 41.4873, 13.0868 41…"
510,Roman Ally,-276.5,-276.1,36474.6,POLITY,,,248,208,112,2026-08-16,Roman Ally,"MULTIPOLYGON (((13.0958 41.5063, 13.0935 41.4873, 13.0868 41…"
511,Roman Ally,-276.1,-274.5,35595.6,POLITY,,,248,208,112,2026-08-16,Roman Ally,"MULTIPOLYGON (((13.0958 41.5063, 13.0935 41.4873, 13.0868 41…"
512,Roman Ally,-274.5,-273.5,36730.2,POLITY,,,248,208,112,2026-08-16,Roman Ally,"MULTIPOLYGON (((13.0958 41.5063, 13.0935 41.4873, 13.0868 41…"
513,Roman Ally,-273.5,-272.5,36735.9,POLITY,,,248,208,112,2026-08-16,Roman Ally,"MULTIPOLYGON (((13.0958 41.5063, 13.0935 41.4873, 13.0868 41…"
514,Roman Ally,-272.5,-269.8,37961.5,POLITY,,,248,208,112,2026-08-16,Roman Ally,"MULTIPOLYGON (((13.0958 41.5063, 13.0935 41.4873, 13.0868 41…"
515,Roman Ally,-269.8,-267.5,33928.3,POLITY,,,248,208,112,2026-08-16,Roman Ally,"MULTIPOLYGON (((13.092 41.523, 13.0958 41.5063, 13.0935 41.4…"
516,Roman Ally,-267.5,-266.9,77854.2,POLITY,,,248,208,112,2026-08-16,Roman Ally,"MULTIPOLYGON (((13.0958 41.5063, 13.0935 41.4873, 13.0868 41…"
517,Roman Ally,-266.9,-266.5,71771.3,POLITY,,,248,208,112,2026-08-16,Roman Ally,"MULTIPOLYGON (((13.0958 41.5063, 13.0935 41.4873, 13.0868 41…"
518,Roman Ally,-266.5,-263.5,91295.2,POLITY,,,248,208,112,2026-08-16,Roman Ally,"MULTIPOLYGON (((12.9647 41.934, 12.9399 41.9402, 12.9027 41.…"
519,Roman Ally,-263.5,-263.3,92154.3,POLITY,,,248,208,112,2026-08-16,Roman Ally,"MULTIPOLYGON (((12.8953 41.613, 12.8859 41.6265, 12.887 41.6…"
520,Roman Ally,-263.3,-258.3,97106.7,POLITY,,,248,208,112,2026-08-16,Roman Ally,"MULTIPOLYGON (((13.0935 41.4873, 13.0868 41.4731, 13.0768 41…"
521,Roman Ally,-258.3,-1.0,96163.9,POLITY,,,248,208,112,2026-08-16,Roman Ally,"MULTIPOLYGON (((13.0935 41.4873, 13.0868 41.4731, 13.0768 41…"
522,Aequi,-304.5,-303.4,1584.6,POLITY,,(Roman Ally),248,210,114,2026-08-16,Roman Ally,"MULTIPOLYGON (((12.967 42.1436, 13.018 42.1601, 13.0829 42.1…"
523,Aequi,-303.4,-302.7,785.7,POLITY,,(Roman Ally),248,210,114,2026-08-16,Roman Ally,"MULTIPOLYGON (((13.52656 42.29392, 13.53372 42.2807, 13.5420…"
524,Aequi,-302.5,-290.2,785.7,POLITY,,(Roman Ally),248,210,114,2026-08-16,Roman Ally,"MULTIPOLYGON (((13.52656 42.29392, 13.53372 42.2807, 13.5420…"
525,Aequi,-290.2,-1.0,345.3,POLITY,,(Roman Ally),248,210,114,2026-08-16,Roman Ally,"POLYGON ((13.68031 42.18903, 13.6787 42.1618, 13.6815 42.120…"
526,Apulia,-318.5,-1.0,6344.4,POLITY,,(Roman Ally),248,209,114,2026-08-16,Roman Ally,"POLYGON ((16.271 41.3141, 16.2607 41.2955, 16.2214 41.2686, …"
527,Apulia,-304.2,-303.7,817.7,TRANSIENT,,(Roman Ally),248,209,125,2026-08-16,Roman Ally,"POLYGON ((16.0831 40.9593, 16.1597 40.9593, 16.259 40.9386, …"
528,Army,-304.2,-303.7,817.7,TRANSIENT,,(Apulia),248,209,125,2026-08-16,Roman Ally,"POLYGON ((16.0831 40.9593, 16.1597 40.9593, 16.259 40.9386, …"
529,Aritim,-310.4,-302.8,1388.3,POLITY,,(Roman Ally),248,209,119,2026-08-16,Roman Ally,"POLYGON ((12.0167 43.7633, 12.0367 43.755, 12.0217 43.7383, …"
530,Aritim,-302.6,-295.8,1388.3,POLITY,,(Roman Ally),248,209,119,2026-08-16,Roman Ally,"POLYGON ((12.0167 43.7633, 12.0367 43.755, 12.0217 43.7383, …"
531,Arretium,-266.5,-1.0,1388.3,POLITY,,(Roman Ally),248,211,115,2026-08-16,Roman Ally,"POLYGON ((12.0167 43.7633, 12.0367 43.755, 12.0217 43.7383, …"
532,Aurunci,-334.5,-313.3,267.8,POLITY,,(Roman Ally),248,208,127,2026-08-16,Roman Ally,"POLYGON ((13.84761 41.27486, 13.863 41.2729, 13.8982 41.2647…"
533,Aurunci,-313.3,-1.0,185.7,POLITY,,(Roman Ally),248,208,127,2026-08-16,Roman Ally,"POLYGON ((13.9748 41.2458, 13.9841 41.2429, 14.0317 41.2378,…"
534,Bruttian League,-267.5,-1.0,8943.7,POLITY,,(Roman Ally),248,210,127,2026-08-16,Roman Ally,"POLYGON ((16.4708 38.6175, 16.4708 38.5442, 16.4408 38.4942,…"
535,Caere,-353.5,-273.5,873.3,POLITY,,(Roman Ally),248,210,123,2026-08-16,Roman Ally,"POLYGON ((12.0241 42.2093, 12.0614 42.23, 12.1152 42.2672, 1…"
536,Caisra,-390.6,-353.9,1318.1,POLITY,,(Roman Ally),248,208,114,2026-08-16,Roman Ally,"POLYGON ((12.0241 42.2093, 12.0614 42.23, 12.1152 42.2672, 1…"
537,Campania,-343.2,-341.2,1645.3,POLITY,,(Roman Ally),248,208,116,2026-08-16,Roman Ally,"POLYGON ((13.91642 41.02183, 13.9327 41.03164, 13.9335 41.03…"
538,Catane,-263.3,-1.0,756.9,POLITY,,(Roman Ally),248,211,122,2026-08-16,Roman Ally,"POLYGON ((14.98 37.3975, 14.9617 37.4008, 14.9417 37.4042, 1…"
539,Clevsin,-310.6,-295.8,1024.1,POLITY,,(Roman Ally),248,209,116,2026-08-16,Roman Ally,"POLYGON ((11.7114 43.1669, 11.759 43.1731, 11.7983 43.1752, …"
540,Clusium,-266.5,-1.0,1024.1,POLITY,,(Roman Ally),248,211,117,2026-08-16,Roman Ally,"POLYGON ((11.7114 43.1669, 11.759 43.1731, 11.7983 43.1752, …"
541,Cora,-338.5,-1.0,39.4,POLITY,,(Roman Ally),248,208,124,2026-08-16,Roman Ally,"POLYGON ((12.9831 41.6569, 12.9742 41.6501, 12.9556 41.6346,…"
542,Corito,-266.5,-1.0,1036.4,POLITY,,(Roman Ally),248,211,116,2026-08-16,Roman Ally,"POLYGON ((11.6555 43.32, 11.701 43.3304, 11.7507 43.3386, 11…"
543,Croton,-277.5,-276.5,1134.6,POLITY,,(Roman Ally),248,210,121,2026-08-16,Roman Ally,"POLYGON ((16.58731 38.45781, 16.58481 38.47534, 16.58472 38.…"
544,Croton,-274.5,-1.0,1134.6,POLITY,,(Roman Ally),248,210,121,2026-08-16,Roman Ally,"POLYGON ((16.58731 38.45781, 16.58481 38.47534, 16.58472 38.…"
545,Curtun,-310.4,-295.8,1036.4,POLITY,,(Roman Ally),248,209,118,2026-08-16,Roman Ally,"POLYGON ((11.6555 43.32, 11.701 43.3304, 11.7507 43.3386, 11…"
546,Falerii,-342.8,-338.5,161.0,POLITY,,(Roman Ally),248,208,117,2026-08-16,Roman Ally,"POLYGON ((12.443 42.19795, 12.44375 42.20458, 12.44267 42.21…"
547,Frentani,-304.5,-1.0,3566.1,POLITY,,(Roman Ally),248,209,121,2026-08-16,Roman Ally,"POLYGON ((15.29244 41.92278, 15.28786 41.914, 15.28042 41.91…"
548,Heraclea (Lucania),-278.3,-1.0,370.4,POLITY,,(Roman Ally),248,210,120,2026-08-16,Roman Ally,"POLYGON ((16.7781 40.2957, 16.77211 40.28684, 16.758 40.2679…"
549,Hernici,-486.5,-389.9,1015.4,POLITY,,(Roman Ally),248,208,113,2026-08-16,Roman Ally,"POLYGON ((13.1307 41.8955, 13.1486 41.8893, 13.1817 41.8645,…"
550,Hernici,-358.6,-307.5,1015.4,POLITY,,(Roman Ally),248,208,113,2026-08-16,Roman Ally,"POLYGON ((13.1307 41.8955, 13.1486 41.8893, 13.1817 41.8645,…"
551,Hernici,-306.6,-1.0,1015.4,POLITY,,(Roman Ally),248,208,113,2026-08-16,Roman Ally,"POLYGON ((13.1307 41.8955, 13.1486 41.8893, 13.1817 41.8645,…"
552,Hirpini,-267.5,-1.0,1720.4,POLITY,,(Roman Ally),248,211,113,2026-08-16,Roman Ally,"POLYGON ((15.2631 41.0372, 15.2631 41.0404, 15.2724 41.059, …"
553,Kamarina,-263.3,-258.3,942.8,POLITY,,(Roman Ally),248,211,126,2026-08-16,Roman Ally,"POLYGON ((14.4027 36.9355, 14.4057 36.9373, 14.4158 36.9447,…"
554,Kingdom of Syracuse,-263.3,-1.0,3256.5,POLITY,,(Roman Ally),248,211,123,2026-08-16,Roman Ally,"MULTIPOLYGON (((15.11275 36.81486, 15.10739 36.8052, 15.1009…"
555,Kingdom of Syracuse,-262.1,-261.6,1988.1,TRANSIENT,,(Roman Ally),248,211,127,2026-08-16,Roman Ally,"POLYGON ((15.0773 36.632, 15.1547 36.6406, 15.2206 36.6921, …"
556,Naval expedition,-262.1,-261.6,1988.1,TRANSIENT,,(Kingdom of Syracuse),248,211,127,2026-08-16,Roman Ally,"POLYGON ((15.0773 36.632, 15.1547 36.6406, 15.2206 36.6921, …"
557,Tauromenion,-263.3,-1.0,696.3,POLITY,,(Kingdom of Syracuse),248,211,124,2026-08-16,Roman Ally,"POLYGON ((15.21139 37.73817, 15.1898 37.7378, 15.1539 37.746…"
558,Locri,-277.4,-276.1,879.0,POLITY,,(Roman Ally),248,210,122,2026-08-16,Roman Ally,"POLYGON ((16.58731 38.45781, 16.5734 38.4545, 16.5492 38.460…"
559,Locri,-273.5,-1.0,879.0,POLITY,,(Roman Ally),248,210,122,2026-08-16,Roman Ally,"POLYGON ((16.58731 38.45781, 16.5734 38.4545, 16.5492 38.460…"
560,Lucanians,-298.6,-283.5,27003.4,POLITY,,(Roman Ally),248,210,112,2026-08-16,Roman Ally,"POLYGON ((16.61806 39.99536, 16.62508 39.97811, 16.63464 39.…"
561,Lucanians,-267.5,-1.0,16046.1,POLITY,,(Roman Ally),248,210,112,2026-08-16,Roman Ally,"POLYGON ((16.61806 39.99536, 16.62508 39.97811, 16.63464 39.…"
562,Mamertines,-263.3,-1.0,800.7,POLITY,,(Roman Ally),248,211,125,2026-08-16,Roman Ally,"POLYGON ((15.1664 38.1527, 15.17167 38.15534, 15.21078 38.18…"
563,Marrucini,-304.5,-1.0,524.2,POLITY,,(Roman Ally),248,209,123,2026-08-16,Roman Ally,"POLYGON ((14.22514 42.47153, 14.22022 42.47045, 14.21883 42.…"
564,Marsi,-304.5,-1.0,894.7,POLITY,,(Roman Ally),248,209,124,2026-08-16,Roman Ally,"POLYGON ((13.3456 41.9738, 13.3836 41.9794, 13.4263 41.9863,…"
565,Massalia,-389.5,-1.0,191.0,POLITY,,(Roman Ally),248,208,115,2026-08-16,Roman Ally,"POLYGON ((5.4462 43.2198, 5.4554 43.2284, 5.4634 43.2381, 5.…"
566,Messapians,-267.5,-1.0,5394.2,POLITY,,(Roman Ally),248,210,125,2026-08-16,Roman Ally,"POLYGON ((18.4145 39.98389, 18.40728 39.97117, 18.40408 39.9…"
567,Neapolis,-326.7,-1.0,185.2,POLITY,,(Roman Ally),248,209,112,2026-08-16,Roman Ally,"POLYGON ((14.344 40.7988, 14.3459 40.8032, 14.3498 40.8151, …"
568,Norba,-338.5,-1.0,93.1,POLITY,,(Roman Ally),248,208,122,2026-08-16,Roman Ally,"POLYGON ((12.9831 41.6569, 12.9742 41.6501, 12.9556 41.6346,…"
569,Oriculum,-308.1,-290.2,17.9,POLITY,,(Roman Ally),248,209,120,2026-08-16,Roman Ally,"POLYGON ((12.4914 42.4158, 12.4908 42.4189, 12.4898 42.4219,…"
570,Paeligni,-304.5,-1.0,1921.0,POLITY,,(Roman Ally),248,209,122,2026-08-16,Roman Ally,"POLYGON ((13.68031 42.18903, 13.69283 42.18711, 13.70158 42.…"
571,Pentri,-267.5,-1.0,1811.5,POLITY,,(Roman Ally),248,211,112,2026-08-16,Roman Ally,"MULTIPOLYGON (((14.3125 41.8947, 14.3292 41.8814, 14.3608 41…"
572,Peucetians,-267.5,-1.0,5591.3,POLITY,,(Roman Ally),248,210,126,2026-08-16,Roman Ally,"POLYGON ((17.3703 40.8138, 17.329 40.7766, 17.2979 40.7538, …"
573,Piceni,-299.3,-290.2,7202.5,POLITY,,(Roman Ally),248,209,127,2026-08-16,Roman Ally,"POLYGON ((13.5502 42.6162, 13.5481 42.6431, 13.545 42.6607, …"
574,Piceni,-290.2,-286.5,6624.7,POLITY,,(Roman Ally),248,209,127,2026-08-16,Roman Ally,"POLYGON ((13.91522 42.89442, 13.92206 42.85506, 13.8917 42.8…"
575,Piceni,-286.5,-269.8,4033.2,POLITY,,(Roman Ally),248,209,127,2026-08-16,Roman Ally,"POLYGON ((13.91522 42.89442, 13.92206 42.85506, 13.8917 42.8…"
576,Pompeii,-339.5,-1.0,63.5,POLITY,,(Roman Ally),248,209,115,2026-08-16,Roman Ally,"POLYGON ((14.476 40.7003, 14.4823 40.6995, 14.4885 40.6995, …"
577,Populonia,-266.5,-1.0,723.0,POLITY,,(Roman Ally),248,211,119,2026-08-16,Roman Ally,"POLYGON ((10.53331 43.17433, 10.5486 43.171, 10.5755 43.1721…"
578,Praeneste,-338.5,-1.0,371.8,POLITY,,(Roman Ally),248,208,119,2026-08-16,Roman Ally,"POLYGON ((12.79 41.8383, 12.8099 41.8464, 12.8358 41.8547, 1…"
579,Purusia,-310.4,-295.8,668.2,POLITY,,(Roman Ally),248,209,117,2026-08-16,Roman Ally,"POLYGON ((12.29195 43.32358, 12.28908 43.32281, 12.26392 43.…"
580,Purusia,-266.5,-1.0,668.2,POLITY,,(Roman Ally),248,209,117,2026-08-16,Roman Ally,"POLYGON ((12.29195 43.32358, 12.28908 43.32281, 12.26392 43.…"
581,Sabini,-290.2,-1.0,1113.6,POLITY,,(Roman Ally),248,210,117,2026-08-16,Roman Ally,"POLYGON ((12.45681 42.42128, 12.45197 42.42395, 12.45133 42.…"
582,Saina,-266.5,-1.0,2551.5,POLITY,,(Roman Ally),248,211,121,2026-08-16,Roman Ally,"POLYGON ((10.9831 43.1059, 10.9997 43.1193, 11.0141 43.1441,…"
583,Samnium,-290.5,-280.4,10970.0,POLITY,,(Roman Ally),248,210,115,2026-08-16,Roman Ally,"MULTIPOLYGON (((15.3908 40.8175, 15.3592 40.8225, 15.3358 40…"
584,Samnium,-267.5,-1.0,4419.2,POLITY,,(Roman Ally),248,210,115,2026-08-16,Roman Ally,"POLYGON ((15.2662 41.0279, 15.291 41.0248, 15.3159 41.0155, …"
585,Setia,-338.5,-1.0,60.1,POLITY,,(Roman Ally),248,208,123,2026-08-16,Roman Ally,"POLYGON ((12.9887 41.5332, 13.0001 41.5394, 13.0167 41.5529,…"
586,Sidicini,-334.5,-313.3,550.5,POLITY,,(Roman Ally),248,208,126,2026-08-16,Roman Ally,"POLYGON ((13.8615 41.4137, 13.8786 41.4219, 13.9034 41.4271,…"
587,Sidicini,-313.3,-1.0,293.0,POLITY,,(Roman Ally),248,208,126,2026-08-16,Roman Ally,"POLYGON ((14.10836 41.38906, 14.11561 41.38536, 14.11694 41.…"
588,Signia,-338.5,-1.0,92.6,POLITY,,(Roman Ally),248,208,121,2026-08-16,Roman Ally,"POLYGON ((12.9976 41.6803, 12.9945 41.6755, 12.9883 41.6672,…"
589,Tarentum,-272.5,-1.0,1595.9,POLITY,,(Roman Ally),248,210,124,2026-08-16,Roman Ally,"POLYGON ((17.33133 40.3625, 17.3185 40.36281, 17.30897 40.36…"
590,Tarquinii,-266.5,-1.0,1273.3,POLITY,,(Roman Ally),248,211,114,2026-08-16,Roman Ally,"POLYGON ((11.6566 42.2948, 11.6814 42.3103, 11.7217 42.3372,…"
591,Tibur,-338.5,-1.0,479.0,POLITY,,(Roman Ally),248,208,118,2026-08-16,Roman Ally,"POLYGON ((13.1008 41.9187, 13.0856 41.927, 13.0718 41.9518, …"
592,Umbria,-290.2,-266.9,6083.0,POLITY,,(Roman Ally),248,210,116,2026-08-16,Roman Ally,"POLYGON ((12.3867 43.91, 12.35 43.875, 12.3117 43.8483, 12.2…"
593,Umbria,-266.5,-1.0,6083.0,POLITY,,(Roman Ally),248,210,116,2026-08-16,Roman Ally,"POLYGON ((12.3867 43.91, 12.35 43.875, 12.3117 43.8483, 12.2…"
594,Vestini,-302.5,-290.2,2167.2,POLITY,,(Roman Ally),248,209,126,2026-08-16,Roman Ally,"POLYGON ((14.03053 42.66011, 14.02481 42.6575, 14.01628 42.6…"
595,Vestini,-290.2,-1.0,969.1,POLITY,,(Roman Ally),248,209,126,2026-08-16,Roman Ally,"POLYGON ((14.03053 42.66011, 14.02481 42.6575, 14.01628 42.6…"
596,Vetulonium,-266.5,-1.0,1915.0,POLITY,,(Roman Ally),248,211,118,2026-08-16,Roman Ally,"POLYGON ((10.74683 42.92878, 10.749 42.94, 10.7676 42.9586, …"
597,Volaterrae,-266.5,-1.0,5098.7,POLITY,,(Roman Ally),248,211,120,2026-08-16,Roman Ally,"POLYGON ((10.27458 43.68737, 10.30611 43.68412, 10.3165 43.6…"
598,Volsci,-338.5,-303.5,1468.1,POLITY,,(Roman Ally),248,210,113,2026-08-16,Roman Ally,"MULTIPOLYGON (((13.8391 41.2952, 13.8247 41.3014, 13.7988 41…"
599,Volsci,-303.5,-1.0,357.5,POLITY,,(Roman Ally),248,210,113,2026-08-16,Roman Ally,"POLYGON ((13.6126 41.4017, 13.599 41.4183, 13.5825 41.4328, …"
600,Volsinii,-280.6,-1.0,2899.0,POLITY,,(Roman Ally),248,210,119,2026-08-16,Roman Ally,"POLYGON ((12.0279 42.9331, 12.0559 42.9372, 12.0797 42.9404,…"
601,Roman Latin Colony,-495.7,-492.5,92.6,POLITY,,,248,192,16,2026-08-16,Roman Latin Colony,"POLYGON ((12.9976 41.6803, 12.9945 41.6755, 12.9883 41.6672,…"
602,Roman Latin Colony,-492.5,-442.5,185.8,POLITY,,,248,192,16,2026-08-16,Roman Latin Colony,"POLYGON ((13.0311 41.616, 13.0239 41.6046, 13.0198 41.5901, …"
603,Roman Latin Colony,-442.5,-393.5,377.7,POLITY,,,248,192,16,2026-08-16,Roman Latin Colony,"MULTIPOLYGON (((13.0311 41.616, 13.0239 41.6046, 13.0198 41.…"
604,Roman Latin Colony,-393.5,-389.9,460.1,POLITY,,,248,192,16,2026-08-16,Roman Latin Colony,"MULTIPOLYGON (((13.10636 41.23784, 13.09203 41.22508, 13.080…"
605,Roman Latin Colony,-389.9,-385.5,377.7,POLITY,,,248,192,16,2026-08-16,Roman Latin Colony,"MULTIPOLYGON (((13.0311 41.616, 13.0239 41.6046, 13.0198 41.…"
606,Roman Latin Colony,-385.5,-383.5,437.8,POLITY,,,248,192,16,2026-08-16,Roman Latin Colony,"MULTIPOLYGON (((13.0615 41.5479, 13.0772 41.5371, 13.092 41.…"
607,Roman Latin Colony,-383.5,-341.2,540.9,POLITY,,,248,192,16,2026-08-16,Roman Latin Colony,"MULTIPOLYGON (((13.0615 41.5479, 13.0772 41.5371, 13.092 41.…"
608,Roman Latin Colony,-341.2,-338.5,103.1,POLITY,,,248,192,16,2026-08-16,Roman Latin Colony,"POLYGON ((12.3891 42.2703, 12.385 42.2569, 12.3839 42.2486, …"
609,Roman Latin Colony,-338.5,-334.5,377.4,POLITY,,,248,192,16,2026-08-16,Roman Latin Colony,"MULTIPOLYGON (((13.10636 41.23784, 13.09203 41.22508, 13.080…"
610,Roman Latin Colony,-334.5,-328.5,406.2,POLITY,,,248,192,16,2026-08-16,Roman Latin Colony,"MULTIPOLYGON (((14.1624 41.2046, 14.1728 41.1902, 14.1717 41…"
611,Roman Latin Colony,-328.5,-321.5,561.7,POLITY,,,248,192,16,2026-08-16,Roman Latin Colony,"MULTIPOLYGON (((14.1624 41.2046, 14.1728 41.1902, 14.1717 41…"
612,Roman Latin Colony,-321.5,-314.5,377.4,POLITY,,,248,192,16,2026-08-16,Roman Latin Colony,"MULTIPOLYGON (((13.10636 41.23784, 13.09203 41.22508, 13.080…"
613,Roman Latin Colony,-314.5,-313.5,987.2,POLITY,,,248,192,16,2026-08-16,Roman Latin Colony,"MULTIPOLYGON (((14.1624 41.2046, 14.1728 41.1902, 14.1717 41…"
614,Roman Latin Colony,-313.5,-313.3,997.4,POLITY,,,248,192,16,2026-08-16,Roman Latin Colony,"MULTIPOLYGON (((12.94906 40.89797, 12.94189 40.89925, 12.938…"
615,Roman Latin Colony,-313.3,-312.5,1422.4,POLITY,,,248,192,16,2026-08-16,Roman Latin Colony,"MULTIPOLYGON (((12.94906 40.89797, 12.94189 40.89925, 12.938…"
616,Roman Latin Colony,-312.5,-303.5,1645.0,POLITY,,,248,192,16,2026-08-16,Roman Latin Colony,"MULTIPOLYGON (((12.94906 40.89797, 12.94189 40.89925, 12.938…"
617,Roman Latin Colony,-303.5,-299.5,2158.7,POLITY,,,248,192,16,2026-08-16,Roman Latin Colony,"MULTIPOLYGON (((12.94906 40.89797, 12.94189 40.89925, 12.938…"
618,Roman Latin Colony,-299.5,-298.5,2266.3,POLITY,,,248,192,16,2026-08-16,Roman Latin Colony,"MULTIPOLYGON (((12.94906 40.89797, 12.94189 40.89925, 12.938…"
619,Roman Latin Colony,-298.5,-291.5,2487.2,POLITY,,,248,192,16,2026-08-16,Roman Latin Colony,"MULTIPOLYGON (((12.94906 40.89797, 12.94189 40.89925, 12.938…"
620,Roman Latin Colony,-291.5,-288.5,3576.1,POLITY,,,248,192,16,2026-08-16,Roman Latin Colony,"MULTIPOLYGON (((12.94189 40.89925, 12.93897 40.90294, 12.942…"
621,Roman Latin Colony,-288.5,-273.5,3961.3,POLITY,,,248,192,16,2026-08-16,Roman Latin Colony,"MULTIPOLYGON (((12.94189 40.89925, 12.93897 40.90294, 12.942…"
622,Roman Latin Colony,-273.5,-268.5,4573.4,POLITY,,,248,192,16,2026-08-16,Roman Latin Colony,"MULTIPOLYGON (((12.94189 40.89925, 12.93897 40.90294, 12.942…"
623,Roman Latin Colony,-268.5,-264.5,5483.3,POLITY,,,248,192,16,2026-08-16,Roman Latin Colony,"MULTIPOLYGON (((12.94189 40.89925, 12.93897 40.90294, 12.942…"
624,Roman Latin Colony,-264.5,-263.5,6180.8,POLITY,,,248,192,16,2026-08-16,Roman Latin Colony,"MULTIPOLYGON (((12.94189 40.89925, 12.93897 40.90294, 12.942…"
625,Roman Latin Colony,-263.5,-1.0,6618.2,POLITY,,,248,192,16,2026-08-16,Roman Latin Colony,"MULTIPOLYGON (((12.94189 40.89925, 12.93897 40.90294, 12.942…"
626,Aesernia,-263.5,-1.0,437.4,POLITY,,(Roman Latin Colony),248,193,25,2026-08-16,Roman Latin Colony,"POLYGON ((14.3059 41.4866, 14.3245 41.499, 14.3307 41.5279, …"
627,Alba Fucens,-303.5,-1.0,410.0,POLITY,,(Roman Latin Colony),248,193,16,2026-08-16,Roman Latin Colony,"POLYGON ((13.4428 41.9966, 13.4449 42.0193, 13.4594 42.0524,…"
628,Ardea,-442.5,-341.2,192.0,POLITY,,(Roman Latin Colony),248,192,21,2026-08-16,Roman Latin Colony,"POLYGON ((12.57411 41.51045, 12.5817 41.5133, 12.5958 41.521…"
629,Ardea,-338.5,-1.0,192.0,POLITY,,(Roman Latin Colony),248,192,21,2026-08-16,Roman Latin Colony,"POLYGON ((12.57411 41.51045, 12.5817 41.5133, 12.5958 41.521…"
630,Ariminum,-268.5,-1.0,315.6,POLITY,,(Roman Latin Colony),248,193,21,2026-08-16,Roman Latin Colony,"POLYGON ((12.48525 44.14267, 12.47153 44.14489, 12.45903 44.…"
631,Beneventum,-268.5,-1.0,594.3,POLITY,,(Roman Latin Colony),248,193,22,2026-08-16,Roman Latin Colony,"POLYGON ((14.6618 41.2096, 14.6701 41.1951, 14.6742 41.1641,…"
632,Cales,-334.5,-321.5,28.8,POLITY,,(Roman Latin Colony),248,192,25,2026-08-16,Roman Latin Colony,"POLYGON ((14.1324 41.2264, 14.12 41.2202, 14.1076 41.2077, 1…"
633,Cales,-314.5,-1.0,28.8,POLITY,,(Roman Latin Colony),248,192,25,2026-08-16,Roman Latin Colony,"POLYGON ((14.1324 41.2264, 14.12 41.2202, 14.1076 41.2077, 1…"
634,Carseoli,-298.5,-1.0,220.9,POLITY,,(Roman Latin Colony),248,193,17,2026-08-16,Roman Latin Colony,"POLYGON ((13.2173 42.0607, 13.1966 42.0462, 13.1801 42.0338,…"
635,Circeii,-393.5,-389.9,82.4,POLITY,,(Roman Latin Colony),248,192,22,2026-08-16,Roman Latin Colony,"POLYGON ((13.14817 41.26542, 13.1422 41.27295, 13.14061 41.2…"
636,Circeii,-338.5,-1.0,82.4,POLITY,,(Roman Latin Colony),248,192,22,2026-08-16,Roman Latin Colony,"POLYGON ((13.14817 41.26542, 13.1422 41.27295, 13.14061 41.2…"
637,Cusa,-273.5,-1.0,190.7,POLITY,,(Roman Latin Colony),248,193,23,2026-08-16,Roman Latin Colony,"POLYGON ((11.2093 42.5262, 11.2362 42.5262, 11.2548 42.5179,…"
638,Firmum,-264.5,-1.0,697.5,POLITY,,(Roman Latin Colony),248,193,26,2026-08-16,Roman Latin Colony,"POLYGON ((13.74217 43.2945, 13.75186 43.28006, 13.75614 43.2…"
639,Fregellae,-328.5,-321.5,155.5,POLITY,,(Roman Latin Colony),248,192,26,2026-08-16,Roman Latin Colony,"POLYGON ((13.6348 41.5731, 13.6152 41.5835, 13.5934 41.5938,…"
640,Fregellae,-314.5,-1.0,155.5,POLITY,,(Roman Latin Colony),248,192,26,2026-08-16,Roman Latin Colony,"POLYGON ((13.6348 41.5731, 13.6152 41.5835, 13.5934 41.5938,…"
641,Hadria,-288.5,-1.0,385.2,POLITY,,(Roman Latin Colony),248,193,20,2026-08-16,Roman Latin Colony,"POLYGON ((14.03053 42.66011, 14.02481 42.6575, 14.01628 42.6…"
642,Interamna,-312.5,-1.0,222.5,POLITY,,(Roman Latin Colony),248,192,31,2026-08-16,Roman Latin Colony,"POLYGON ((13.83075 41.43214, 13.8236 41.4338, 13.8029 41.441…"
643,Luceria,-314.5,-1.0,425.5,POLITY,,(Roman Latin Colony),248,192,27,2026-08-16,Roman Latin Colony,"POLYGON ((15.36789 41.45931, 15.3755 41.4683, 15.3817 41.485…"
644,Narnia,-299.5,-1.0,107.5,POLITY,,(Roman Latin Colony),248,193,19,2026-08-16,Roman Latin Colony,"POLYGON ((12.5925 42.5009, 12.5822 42.5113, 12.578 42.5216, …"
645,Nepete,-383.5,-1.0,46.5,POLITY,,(Roman Latin Colony),248,192,23,2026-08-16,Roman Latin Colony,"POLYGON ((12.3901 42.2762, 12.3891 42.2703, 12.385 42.2569, …"
646,Norba,-492.5,-341.2,93.1,POLITY,,(Roman Latin Colony),248,192,19,2026-08-16,Roman Latin Colony,"POLYGON ((12.9831 41.6569, 12.9742 41.6501, 12.9556 41.6346,…"
647,Paestum,-273.5,-1.0,421.4,POLITY,,(Roman Latin Colony),248,193,24,2026-08-16,Roman Latin Colony,"POLYGON ((14.93256 40.49078, 14.9451 40.5053, 14.9668 40.520…"
648,Pontiae,-313.5,-1.0,10.1,POLITY,,(Roman Latin Colony),248,192,30,2026-08-16,Roman Latin Colony,"POLYGON ((12.95025 40.87803, 12.96125 40.88264, 12.97064 40.…"
649,Saticula,-313.3,-1.0,85.5,POLITY,,(Roman Latin Colony),248,192,28,2026-08-16,Roman Latin Colony,"POLYGON ((14.46364 41.17189, 14.4752 41.1674, 14.4897 41.159…"
650,Setia,-385.5,-341.2,60.1,POLITY,,(Roman Latin Colony),248,192,20,2026-08-16,Roman Latin Colony,"POLYGON ((12.9887 41.5332, 13.0001 41.5394, 13.0167 41.5529,…"
651,Signia,-495.7,-341.2,92.6,POLITY,,(Roman Latin Colony),248,192,18,2026-08-16,Roman Latin Colony,"POLYGON ((12.9976 41.6803, 12.9945 41.6755, 12.9883 41.6672,…"
652,Sora,-303.5,-1.0,103.7,POLITY,,(Roman Latin Colony),248,193,18,2026-08-16,Roman Latin Colony,"POLYGON ((13.5908 41.7814, 13.599 41.7907, 13.6094 41.8042, …"
653,Suessa Aurunca,-313.3,-1.0,339.6,POLITY,,(Roman Latin Colony),248,192,29,2026-08-16,Roman Latin Colony,"POLYGON ((13.8615 41.4137, 13.8786 41.4219, 13.9034 41.4271,…"
654,Sutrium,-383.5,-1.0,56.6,POLITY,,(Roman Latin Colony),248,192,24,2026-08-16,Roman Latin Colony,"POLYGON ((12.2836 42.2238, 12.2748 42.2259, 12.2595 42.2259,…"
655,Venusia,-291.5,-1.0,1088.9,POLITY,,(Roman Latin Colony),248,192,17,2026-08-16,Roman Latin Colony,"POLYGON ((15.9542 40.8783, 15.9643 40.8853, 15.9767 40.8956,…"
656,Persian Empire,-550.5,-547.1,1689055.3,POLITY,,,196,240,0,2026-08-16,Persian Empire,"MULTIPOLYGON (((44.9138 35.3128, 44.8703 35.3914, 44.8393 35…"
657,Persian Empire,-547.1,-546.5,2003328.7,POLITY,,,196,240,0,2026-08-16,Persian Empire,"MULTIPOLYGON (((39.7275 36.905, 39.7075 36.945, 39.6942 36.9…"
658,Persian Empire,-546.5,-545.5,2137811.1,POLITY,,,196,240,0,2026-08-16,Persian Empire,"MULTIPOLYGON (((43.2397 35.8721, 43.1724 35.8983, 43.1052 35…"
659,Persian Empire,-545.5,-544.5,2437962.3,POLITY,,,196,240,0,2026-08-16,Persian Empire,"MULTIPOLYGON (((30.25181 36.30631, 30.23667 36.30467, 30.212…"
660,Persian Empire,-544.5,-543.5,2604490.0,POLITY,,,196,240,0,2026-08-16,Persian Empire,"MULTIPOLYGON (((28.4737 37.032, 28.465 37.0483, 28.4767 37.0…"
661,Persian Empire,-543.5,-542.5,2864039.2,POLITY,,,196,240,0,2026-08-16,Persian Empire,"MULTIPOLYGON (((29.98753 36.21106, 29.98472 36.20706, 29.980…"
662,Persian Empire,-542.5,-541.5,2887791.5,POLITY,,,196,240,0,2026-08-16,Persian Empire,"MULTIPOLYGON (((28.44528 36.87958, 28.44147 36.87075, 28.436…"
663,Persian Empire,-541.5,-539.2,2925114.3,POLITY,,,196,240,0,2026-08-16,Persian Empire,"MULTIPOLYGON (((29.98753 36.21106, 29.98472 36.20706, 29.980…"
664,Persian Empire,-539.2,-536.5,3463818.9,POLITY,,,196,240,0,2026-08-16,Persian Empire,"MULTIPOLYGON (((30.2987 36.29984, 30.27114 36.30703, 30.2518…"
665,Persian Empire,-536.5,-535.5,3824241.2,POLITY,,,196,240,0,2026-08-16,Persian Empire,"MULTIPOLYGON (((28.44528 36.87958, 28.44147 36.87075, 28.436…"
666,Persian Empire,-535.5,-534.5,4024924.4,POLITY,,,196,240,0,2026-08-16,Persian Empire,"MULTIPOLYGON (((30.2987 36.29984, 30.27114 36.30703, 30.2518…"
667,Persian Empire,-534.5,-533.5,4225349.0,POLITY,,,196,240,0,2026-08-16,Persian Empire,"MULTIPOLYGON (((29.98042 36.20609, 29.97767 36.20872, 29.976…"
668,Persian Empire,-533.5,-532.5,4246874.8,POLITY,,,196,240,0,2026-08-16,Persian Empire,"MULTIPOLYGON (((29.98042 36.20609, 29.97767 36.20872, 29.976…"
669,Persian Empire,-532.5,-531.5,4434715.2,POLITY,,,196,240,0,2026-08-16,Persian Empire,"MULTIPOLYGON (((29.98042 36.20609, 29.97767 36.20872, 29.976…"
670,Persian Empire,-531.5,-527.5,4499418.0,POLITY,,,196,240,0,2026-08-16,Persian Empire,"MULTIPOLYGON (((29.98042 36.20609, 29.97767 36.20872, 29.976…"
671,Persian Empire,-527.5,-526.5,4508690.7,POLITY,,,196,240,0,2026-08-16,Persian Empire,"MULTIPOLYGON (((30.23667 36.30467, 30.21289 36.30483, 30.187…"
672,Persian Empire,-526.5,-525.5,4757195.8,POLITY,,,196,240,0,2026-08-16,Persian Empire,"MULTIPOLYGON (((32.37161 34.85228, 32.36578 34.8522, 32.3619…"
673,Persian Empire,-525.5,-524.5,5172357.4,POLITY,,,196,240,0,2026-08-16,Persian Empire,"MULTIPOLYGON (((29.0897 25.8794, 28.9345 26.0233, 28.7948 26…"
674,Persian Empire,-524.5,-523.5,5246433.8,POLITY,,,196,240,0,2026-08-16,Persian Empire,"MULTIPOLYGON (((29.0897 25.8794, 28.9345 26.0233, 28.7948 26…"
675,Persian Empire,-523.5,-522.8,5412109.3,POLITY,,,196,240,0,2026-08-16,Persian Empire,"MULTIPOLYGON (((29.0897 25.8794, 28.9345 26.0233, 28.7948 26…"
676,Persian Empire,-522.8,-522.5,5205985.4,POLITY,,,196,240,0,2026-08-16,Persian Empire,"MULTIPOLYGON (((29.0897 25.8794, 28.9345 26.0233, 28.7948 26…"
677,Persian Empire,-522.5,-522.4,5207553.9,POLITY,,,196,240,0,2026-08-16,Persian Empire,"MULTIPOLYGON (((27.7317 28.3108, 27.525 28.3608, 27.335 28.3…"
678,Persian Empire,-522.4,-522.3,5413677.8,POLITY,,,196,240,0,2026-08-16,Persian Empire,"MULTIPOLYGON (((27.7317 28.3108, 27.525 28.3608, 27.335 28.3…"
679,Persian Empire,-522.3,-522.2,5268986.6,POLITY,,,196,240,0,2026-08-16,Persian Empire,"MULTIPOLYGON (((27.7317 28.3108, 27.525 28.3608, 27.335 28.3…"
680,Persian Empire,-522.2,-522.1,5327418.0,POLITY,,,196,240,0,2026-08-16,Persian Empire,"MULTIPOLYGON (((27.7317 28.3108, 27.525 28.3608, 27.335 28.3…"
681,Persian Empire,-522.1,-521.9,3636584.9,POLITY,,,196,240,0,2026-08-16,Persian Empire,"MULTIPOLYGON (((27.7317 28.3108, 27.525 28.3608, 27.335 28.3…"
682,Persian Empire,-521.9,-521.5,3809485.4,POLITY,,,196,240,0,2026-08-16,Persian Empire,"MULTIPOLYGON (((27.7317 28.3108, 27.525 28.3608, 27.335 28.3…"
683,Persian Empire,-521.5,-521.4,4313459.3,POLITY,,,196,240,0,2026-08-16,Persian Empire,"MULTIPOLYGON (((27.7317 28.3108, 27.525 28.3608, 27.335 28.3…"
684,Persian Empire,-521.4,-521.3,4907149.0,POLITY,,,196,240,0,2026-08-16,Persian Empire,"MULTIPOLYGON (((27.7317 28.3108, 27.525 28.3608, 27.335 28.3…"
685,Persian Empire,-521.3,-521.1,5327418.0,POLITY,,,196,240,0,2026-08-16,Persian Empire,"MULTIPOLYGON (((27.7317 28.3108, 27.525 28.3608, 27.335 28.3…"
686,Persian Empire,-521.1,-520.7,5413677.8,POLITY,,,196,240,0,2026-08-16,Persian Empire,"MULTIPOLYGON (((27.7317 28.3108, 27.525 28.3608, 27.335 28.3…"
687,Persian Empire,-520.7,-520.5,5355246.4,POLITY,,,196,240,0,2026-08-16,Persian Empire,"MULTIPOLYGON (((27.7317 28.3108, 27.525 28.3608, 27.335 28.3…"
688,Persian Empire,-520.5,-519.5,5753996.6,POLITY,,,196,240,0,2026-08-16,Persian Empire,"MULTIPOLYGON (((27.7317 28.3108, 27.525 28.3608, 27.335 28.3…"
689,Persian Empire,-519.5,-518.5,6074650.3,POLITY,,,196,240,0,2026-08-16,Persian Empire,"MULTIPOLYGON (((27.7317 28.3108, 27.525 28.3608, 27.335 28.3…"
690,Persian Empire,-518.5,-517.5,6104187.6,POLITY,,,196,240,0,2026-08-16,Persian Empire,"MULTIPOLYGON (((27.7317 28.3108, 27.525 28.3608, 27.335 28.3…"
691,Persian Empire,-517.5,-516.5,6119200.5,POLITY,,,196,240,0,2026-08-16,Persian Empire,"MULTIPOLYGON (((27.7317 28.3108, 27.525 28.3608, 27.335 28.3…"
692,Persian Empire,-516.5,-515.5,6226660.8,POLITY,,,196,240,0,2026-08-16,Persian Empire,"MULTIPOLYGON (((27.7317 28.3108, 27.525 28.3608, 27.335 28.3…"
693,Persian Empire,-515.5,-514.5,6537429.8,POLITY,,,196,240,0,2026-08-16,Persian Empire,"MULTIPOLYGON (((29.0897 25.8794, 28.9345 26.0233, 28.7948 26…"
694,Persian Empire,-514.5,-513.8,6759447.4,POLITY,,,196,240,0,2026-08-16,Persian Empire,"MULTIPOLYGON (((27.7317 28.3108, 27.525 28.3608, 27.335 28.3…"
695,Persian Empire,-513.8,-512.5,6759490.7,POLITY,,,196,240,0,2026-08-16,Persian Empire,"MULTIPOLYGON (((27.7317 28.3108, 27.525 28.3608, 27.335 28.3…"
696,Persian Empire,-512.5,-511.5,6884244.1,POLITY,,,196,240,0,2026-08-16,Persian Empire,"MULTIPOLYGON (((25.1343 29.3681, 25.136 29.4697, 25.1293 29.…"
697,Persian Empire,-511.5,-510.5,6884838.7,POLITY,,,196,240,0,2026-08-16,Persian Empire,"MULTIPOLYGON (((25.1343 29.3681, 25.136 29.4697, 25.1293 29.…"
698,Persian Empire,-510.5,-508.5,6892684.6,POLITY,,,196,240,0,2026-08-16,Persian Empire,"MULTIPOLYGON (((25.1343 29.3681, 25.136 29.4697, 25.1293 29.…"
699,Persian Empire,-508.5,-499.3,6892867.5,POLITY,,,196,240,0,2026-08-16,Persian Empire,"MULTIPOLYGON (((25.1343 29.3681, 25.136 29.4697, 25.1293 29.…"
700,Persian Empire,-499.3,-499.2,6892864.6,POLITY,,,196,240,0,2026-08-16,Persian Empire,"MULTIPOLYGON (((25.1343 29.3681, 25.136 29.4697, 25.1293 29.…"
701,Persian Empire,-499.2,-498.5,6873605.1,POLITY,,,196,240,0,2026-08-16,Persian Empire,"MULTIPOLYGON (((29.2293 25.7224, 29.0897 25.8794, 28.9345 26…"
702,Persian Empire,-498.5,-498.4,6857159.4,POLITY,,,196,240,0,2026-08-16,Persian Empire,"MULTIPOLYGON (((29.0897 25.8794, 28.9345 26.0233, 28.7948 26…"
703,Persian Empire,-498.4,-497.6,6856002.7,POLITY,,,196,240,0,2026-08-16,Persian Empire,"MULTIPOLYGON (((29.2293 25.7224, 29.0897 25.8794, 28.9345 26…"
704,Persian Empire,-497.6,-497.5,6827469.6,POLITY,,,196,240,0,2026-08-16,Persian Empire,"MULTIPOLYGON (((29.0897 25.8794, 28.9345 26.0233, 28.7948 26…"
705,Persian Empire,-497.5,-497.3,6704102.8,POLITY,,,196,240,0,2026-08-16,Persian Empire,"MULTIPOLYGON (((30.5 24.2645, 30.4845 24.3387, 30.4534 24.42…"
706,Persian Empire,-497.3,-497.2,6711497.7,POLITY,,,196,240,0,2026-08-16,Persian Empire,"MULTIPOLYGON (((29.5552 25.4346, 29.3845 25.5523, 29.2293 25…"
707,Persian Empire,-497.2,-495.5,6712702.6,POLITY,,,196,240,0,2026-08-16,Persian Empire,"MULTIPOLYGON (((29.5552 25.4346, 29.3845 25.5523, 29.2293 25…"
708,Persian Empire,-495.5,-494.0,6711654.6,POLITY,,,196,240,0,2026-08-16,Persian Empire,"MULTIPOLYGON (((30.5 24.2645, 30.4845 24.3387, 30.4534 24.42…"
709,Persian Empire,-494.0,-493.8,6711931.7,POLITY,,,196,240,0,2026-08-16,Persian Empire,"MULTIPOLYGON (((29.5552 25.4346, 29.3845 25.5523, 29.2293 25…"
710,Persian Empire,-493.8,-493.5,6747551.6,POLITY,,,196,240,0,2026-08-16,Persian Empire,"MULTIPOLYGON (((27.7317 28.3108, 27.525 28.3608, 27.335 28.3…"
711,Persian Empire,-493.5,-492.3,6765790.5,POLITY,,,196,240,0,2026-08-16,Persian Empire,"MULTIPOLYGON (((25.1343 29.3681, 25.136 29.4697, 25.1293 29.…"
712,Persian Empire,-492.3,-492.1,6774018.1,POLITY,,,196,240,0,2026-08-16,Persian Empire,"MULTIPOLYGON (((25.1343 29.3681, 25.136 29.4697, 25.1293 29.…"
713,Persian Empire,-492.1,-486.5,6892960.9,POLITY,,,196,240,0,2026-08-16,Persian Empire,"MULTIPOLYGON (((25.1343 29.3681, 25.136 29.4697, 25.1293 29.…"
714,Persian Empire,-486.5,-485.5,6832811.5,POLITY,,,196,240,0,2026-08-16,Persian Empire,"MULTIPOLYGON (((25.1343 29.3681, 25.136 29.4697, 25.1293 29.…"
715,Persian Empire,-485.5,-484.9,6772907.2,POLITY,,,196,240,0,2026-08-16,Persian Empire,"MULTIPOLYGON (((25.1343 29.3681, 25.136 29.4697, 25.1293 29.…"
716,Persian Empire,-484.9,-484.3,6833056.6,POLITY,,,196,240,0,2026-08-16,Persian Empire,"MULTIPOLYGON (((25.1343 29.3681, 25.136 29.4697, 25.1293 29.…"
717,Persian Empire,-484.3,-484.1,6746796.8,POLITY,,,196,240,0,2026-08-16,Persian Empire,"MULTIPOLYGON (((25.1343 29.3681, 25.136 29.4697, 25.1293 29.…"
718,Persian Empire,-484.1,-482.3,6833056.6,POLITY,,,196,240,0,2026-08-16,Persian Empire,"MULTIPOLYGON (((25.1343 29.3681, 25.136 29.4697, 25.1293 29.…"
719,Persian Empire,-482.3,-482.1,6746796.8,POLITY,,,196,240,0,2026-08-16,Persian Empire,"MULTIPOLYGON (((25.1343 29.3681, 25.136 29.4697, 25.1293 29.…"
720,Persian Empire,-482.1,-480.4,6833056.6,POLITY,,,196,240,0,2026-08-16,Persian Empire,"MULTIPOLYGON (((25.1343 29.3681, 25.136 29.4697, 25.1293 29.…"
721,Persian Empire,-480.4,-480.1,6892956.7,POLITY,,,196,240,0,2026-08-16,Persian Empire,"MULTIPOLYGON (((25.1343 29.3681, 25.136 29.4697, 25.1293 29.…"
722,Persian Empire,-480.1,-479.4,6892791.2,POLITY,,,196,240,0,2026-08-16,Persian Empire,"MULTIPOLYGON (((25.1343 29.3681, 25.136 29.4697, 25.1293 29.…"
723,Persian Empire,-479.4,-479.3,6881650.9,POLITY,,,196,240,0,2026-08-16,Persian Empire,"MULTIPOLYGON (((25.1343 29.3681, 25.136 29.4697, 25.1293 29.…"
724,Persian Empire,-479.3,-479.0,6881429.5,POLITY,,,196,240,0,2026-08-16,Persian Empire,"MULTIPOLYGON (((27.7317 28.3108, 27.525 28.3608, 27.335 28.3…"
725,Persian Empire,-479.0,-478.6,6880461.3,POLITY,,,196,240,0,2026-08-16,Persian Empire,"MULTIPOLYGON (((27.7317 28.3108, 27.525 28.3608, 27.335 28.3…"
726,Persian Empire,-478.6,-478.3,6871861.4,POLITY,,,196,240,0,2026-08-16,Persian Empire,"MULTIPOLYGON (((27.7317 28.3108, 27.525 28.3608, 27.335 28.3…"
727,Persian Empire,-478.3,-477.5,6871629.7,POLITY,,,196,240,0,2026-08-16,Persian Empire,"MULTIPOLYGON (((27.7317 28.3108, 27.525 28.3608, 27.335 28.3…"
728,Persian Empire,-477.5,-476.5,6880229.5,POLITY,,,196,240,0,2026-08-16,Persian Empire,"MULTIPOLYGON (((27.7317 28.3108, 27.525 28.3608, 27.335 28.3…"
729,Persian Empire,-476.5,-475.8,6879847.8,POLITY,,,196,240,0,2026-08-16,Persian Empire,"MULTIPOLYGON (((27.7317 28.3108, 27.525 28.3608, 27.335 28.3…"
730,Persian Empire,-475.8,-475.5,6878415.6,POLITY,,,196,240,0,2026-08-16,Persian Empire,"MULTIPOLYGON (((27.7317 28.3108, 27.525 28.3608, 27.335 28.3…"
731,Persian Empire,-475.5,-469.5,6755936.6,POLITY,,,196,240,0,2026-08-16,Persian Empire,"MULTIPOLYGON (((29.0897 25.8794, 28.9345 26.0233, 28.7948 26…"
732,Persian Empire,-469.5,-465.5,6753360.1,POLITY,,,196,240,0,2026-08-16,Persian Empire,"MULTIPOLYGON (((29.5552 25.4346, 29.3845 25.5523, 29.2293 25…"
733,Persian Empire,-465.5,-464.6,6753066.8,POLITY,,,196,240,0,2026-08-16,Persian Empire,"MULTIPOLYGON (((29.5552 25.4346, 29.3845 25.5523, 29.2293 25…"
734,Persian Empire,-464.6,-463.5,6642451.4,POLITY,,,196,240,0,2026-08-16,Persian Empire,"MULTIPOLYGON (((29.5552 25.4346, 29.3845 25.5523, 29.2293 25…"
735,Persian Empire,-463.5,-440.5,6753066.8,POLITY,,,196,240,0,2026-08-16,Persian Empire,"MULTIPOLYGON (((29.5552 25.4346, 29.3845 25.5523, 29.2293 25…"
736,Persian Empire,-440.5,-435.7,6628010.1,POLITY,,,196,240,0,2026-08-16,Persian Empire,"MULTIPOLYGON (((30.5 24.2645, 30.4845 24.3387, 30.4534 24.42…"
737,Persian Empire,-435.7,-435.3,6626398.4,POLITY,,,196,240,0,2026-08-16,Persian Empire,"MULTIPOLYGON (((30.5 24.2645, 30.4845 24.3387, 30.4534 24.42…"
738,Persian Empire,-435.3,-420.5,6628010.1,POLITY,,,196,240,0,2026-08-16,Persian Empire,"MULTIPOLYGON (((30.5 24.2645, 30.4845 24.3387, 30.4534 24.42…"
739,Persian Empire,-420.5,-415.5,6562421.1,POLITY,,,196,240,0,2026-08-16,Persian Empire,"MULTIPOLYGON (((30.5 24.2645, 30.4845 24.3387, 30.4534 24.42…"
740,Persian Empire,-415.5,-413.5,6628010.1,POLITY,,,196,240,0,2026-08-16,Persian Empire,"MULTIPOLYGON (((30.5 24.2645, 30.4845 24.3387, 30.4534 24.42…"
741,Persian Empire,-413.5,-412.2,6611675.9,POLITY,,,196,240,0,2026-08-16,Persian Empire,"MULTIPOLYGON (((30.5 24.2645, 30.4845 24.3387, 30.4534 24.42…"
742,Persian Empire,-412.2,-411.2,6628010.1,POLITY,,,196,240,0,2026-08-16,Persian Empire,"MULTIPOLYGON (((30.5 24.2645, 30.4845 24.3387, 30.4534 24.42…"
743,Persian Empire,-411.2,-404.7,6626398.4,POLITY,,,196,240,0,2026-08-16,Persian Empire,"MULTIPOLYGON (((30.5 24.2645, 30.4845 24.3387, 30.4534 24.42…"
744,Persian Empire,-404.7,-404.2,6626401.0,POLITY,,,196,240,0,2026-08-16,Persian Empire,"MULTIPOLYGON (((30.5 24.2645, 30.4845 24.3387, 30.4534 24.42…"
745,Persian Empire,-404.2,-402.5,6616075.4,POLITY,,,196,240,0,2026-08-16,Persian Empire,"MULTIPOLYGON (((30.5 24.2645, 30.4845 24.3387, 30.4534 24.42…"
746,Persian Empire,-402.5,-401.6,6506775.3,POLITY,,,196,240,0,2026-08-16,Persian Empire,"MULTIPOLYGON (((34.8875 20.9208, 34.8958 20.95, 34.8667 20.9…"
747,Persian Empire,-401.6,-401.2,6294817.7,POLITY,,,196,240,0,2026-08-16,Persian Empire,"MULTIPOLYGON (((34.8875 20.9208, 34.8958 20.95, 34.8667 20.9…"
748,Persian Empire,-401.2,-400.5,6506775.3,POLITY,,,196,240,0,2026-08-16,Persian Empire,"MULTIPOLYGON (((34.8875 20.9208, 34.8958 20.95, 34.8667 20.9…"
749,Persian Empire,-400.5,-400.1,6024890.6,POLITY,,,196,240,0,2026-08-16,Persian Empire,"MULTIPOLYGON (((32.6045 30.0721, 32.62 30.1375, 32.6252 30.2…"
750,Persian Empire,-400.1,-394.2,6008263.6,POLITY,,,196,240,0,2026-08-16,Persian Empire,"MULTIPOLYGON (((32.6045 30.0721, 32.62 30.1375, 32.6252 30.2…"
751,Persian Empire,-394.2,-394.1,6008422.0,POLITY,,,196,240,0,2026-08-16,Persian Empire,"MULTIPOLYGON (((32.27739 35.08961, 32.27875 35.09481, 32.281…"
752,Persian Empire,-394.1,-393.5,6008610.5,POLITY,,,196,240,0,2026-08-16,Persian Empire,"MULTIPOLYGON (((29.04867 36.65164, 29.04614 36.65217, 29.043…"
753,Persian Empire,-393.5,-392.5,6006729.4,POLITY,,,196,240,0,2026-08-16,Persian Empire,"MULTIPOLYGON (((29.04867 36.65164, 29.04614 36.65217, 29.043…"
754,Persian Empire,-392.5,-387.6,6004280.5,POLITY,,,196,240,0,2026-08-16,Persian Empire,"MULTIPOLYGON (((29.04867 36.65164, 29.04614 36.65217, 29.043…"
755,Persian Empire,-387.6,-387.4,6003607.6,POLITY,,,196,240,0,2026-08-16,Persian Empire,"MULTIPOLYGON (((29.04867 36.65164, 29.04614 36.65217, 29.043…"
756,Persian Empire,-387.4,-386.5,6002402.7,POLITY,,,196,240,0,2026-08-16,Persian Empire,"MULTIPOLYGON (((29.04867 36.65164, 29.04614 36.65217, 29.043…"
757,Persian Empire,-386.5,-381.5,6002411.6,POLITY,,,196,240,0,2026-08-16,Persian Empire,"MULTIPOLYGON (((27.51114 36.65239, 27.50903 36.65703, 27.510…"
758,Persian Empire,-381.5,-381.4,6004289.4,POLITY,,,196,240,0,2026-08-16,Persian Empire,"MULTIPOLYGON (((27.51114 36.65239, 27.50903 36.65703, 27.510…"
759,Persian Empire,-381.4,-381.3,6006738.4,POLITY,,,196,240,0,2026-08-16,Persian Empire,"MULTIPOLYGON (((27.51114 36.65239, 27.50903 36.65703, 27.510…"
760,Persian Empire,-381.3,-380.5,6000414.7,POLITY,,,196,240,0,2026-08-16,Persian Empire,"MULTIPOLYGON (((27.51114 36.65239, 27.50903 36.65703, 27.510…"
761,Persian Empire,-380.5,-378.5,6002026.3,POLITY,,,196,240,0,2026-08-16,Persian Empire,"MULTIPOLYGON (((27.51114 36.65239, 27.50903 36.65703, 27.510…"
762,Persian Empire,-378.5,-375.8,6010231.1,POLITY,,,196,240,0,2026-08-16,Persian Empire,"MULTIPOLYGON (((27.51114 36.65239, 27.50903 36.65703, 27.510…"
763,Persian Empire,-375.8,-375.4,5956732.8,POLITY,,,196,240,0,2026-08-16,Persian Empire,"MULTIPOLYGON (((27.51114 36.65239, 27.50903 36.65703, 27.510…"
764,Persian Empire,-375.4,-371.5,6010231.1,POLITY,,,196,240,0,2026-08-16,Persian Empire,"MULTIPOLYGON (((27.51114 36.65239, 27.50903 36.65703, 27.510…"
765,Persian Empire,-371.5,-367.5,5856466.6,POLITY,,,196,240,0,2026-08-16,Persian Empire,"MULTIPOLYGON (((27.51114 36.65239, 27.50903 36.65703, 27.510…"
766,Persian Empire,-367.5,-366.8,5856952.8,POLITY,,,196,240,0,2026-08-16,Persian Empire,"MULTIPOLYGON (((27.51114 36.65239, 27.50903 36.65703, 27.510…"
767,Persian Empire,-366.8,-365.7,5784811.7,POLITY,,,196,240,0,2026-08-16,Persian Empire,"MULTIPOLYGON (((32.87553 31.10186, 32.87703 31.10531, 32.880…"
768,Persian Empire,-365.7,-363.5,5784325.6,POLITY,,,196,240,0,2026-08-16,Persian Empire,"MULTIPOLYGON (((32.87553 31.10186, 32.87703 31.10531, 32.880…"
769,Persian Empire,-363.5,-362.3,5410718.8,POLITY,,,196,240,0,2026-08-16,Persian Empire,"MULTIPOLYGON (((34.95334 28.0917, 34.945 28.08833, 34.93973 …"
770,Persian Empire,-362.3,-360.5,5485515.4,POLITY,,,196,240,0,2026-08-16,Persian Empire,"MULTIPOLYGON (((32.87553 31.10186, 32.87703 31.10531, 32.880…"
771,Persian Empire,-360.5,-356.9,6026858.1,POLITY,,,196,240,0,2026-08-16,Persian Empire,"MULTIPOLYGON (((27.51114 36.65239, 27.50903 36.65703, 27.510…"
772,Persian Empire,-356.9,-356.3,6028274.3,POLITY,,,196,240,0,2026-08-16,Persian Empire,"MULTIPOLYGON (((27.73839 35.9222, 27.73992 35.92561, 27.7318…"
773,Persian Empire,-356.3,-353.2,5956133.3,POLITY,,,196,240,0,2026-08-16,Persian Empire,"MULTIPOLYGON (((32.87553 31.10186, 32.87703 31.10531, 32.880…"
774,Persian Empire,-353.2,-346.5,6028274.3,POLITY,,,196,240,0,2026-08-16,Persian Empire,"MULTIPOLYGON (((27.73839 35.9222, 27.73992 35.92561, 27.7318…"
775,Persian Empire,-346.5,-344.5,6019001.6,POLITY,,,196,240,0,2026-08-16,Persian Empire,"MULTIPOLYGON (((27.73839 35.9222, 27.73992 35.92561, 27.7318…"
776,Persian Empire,-344.5,-342.6,6029123.4,POLITY,,,196,240,0,2026-08-16,Persian Empire,"MULTIPOLYGON (((27.73839 35.9222, 27.73992 35.92561, 27.7318…"
777,Persian Empire,-342.6,-342.5,6089332.9,POLITY,,,196,240,0,2026-08-16,Persian Empire,"MULTIPOLYGON (((27.73839 35.9222, 27.73992 35.92561, 27.7318…"
778,Persian Empire,-342.5,-340.5,6390881.9,POLITY,,,196,240,0,2026-08-16,Persian Empire,"MULTIPOLYGON (((29.0897 25.8794, 28.9345 26.0233, 28.7948 26…"
779,Persian Empire,-340.5,-338.5,6390032.8,POLITY,,,196,240,0,2026-08-16,Persian Empire,"MULTIPOLYGON (((29.3845 25.5523, 29.2293 25.7224, 29.0897 25…"
780,Persian Empire,-338.5,-337.5,6270446.0,POLITY,,,196,240,0,2026-08-16,Persian Empire,"MULTIPOLYGON (((29.0897 25.8794, 28.9345 26.0233, 28.7948 26…"
781,Persian Empire,-337.5,-336.5,6218394.9,POLITY,,,196,240,0,2026-08-16,Persian Empire,"MULTIPOLYGON (((29.0897 25.8794, 28.9345 26.0233, 28.7948 26…"
782,Persian Empire,-336.5,-336.4,6214442.0,POLITY,,,196,240,0,2026-08-16,Persian Empire,"MULTIPOLYGON (((29.3397 30.4331, 29.381 30.516, 29.3862 30.5…"
783,Persian Empire,-336.4,-335.5,6214411.2,POLITY,,,196,240,0,2026-08-16,Persian Empire,"MULTIPOLYGON (((29.3397 30.4331, 29.381 30.516, 29.3862 30.5…"
784,Persian Empire,-335.5,-334.5,6218158.7,POLITY,,,196,240,0,2026-08-16,Persian Empire,"MULTIPOLYGON (((29.3397 30.4331, 29.381 30.516, 29.3862 30.5…"
785,Persian Empire,-334.5,-334.4,6146253.9,POLITY,,,196,240,0,2026-08-16,Persian Empire,"MULTIPOLYGON (((29.0897 25.8794, 28.9345 26.0233, 28.7948 26…"
786,Persian Empire,-334.4,-334.3,6119454.2,POLITY,,,196,240,0,2026-08-16,Persian Empire,"MULTIPOLYGON (((29.0897 25.8794, 28.9345 26.0233, 28.7948 26…"
787,Persian Empire,-334.3,-334.0,6111502.6,POLITY,,,196,240,0,2026-08-16,Persian Empire,"MULTIPOLYGON (((29.5552 25.4346, 29.3845 25.5523, 29.2293 25…"
788,Persian Empire,-334.0,-333.7,6076794.4,POLITY,,,196,240,0,2026-08-16,Persian Empire,"MULTIPOLYGON (((32.5793 24.0465, 32.4965 24.064, 32.4396 24.…"
789,Persian Empire,-333.7,-333.6,6077643.5,POLITY,,,196,240,0,2026-08-16,Persian Empire,"MULTIPOLYGON (((32.5793 24.0465, 32.4965 24.064, 32.4396 24.…"
790,Persian Empire,-333.6,-333.5,6079294.6,POLITY,,,196,240,0,2026-08-16,Persian Empire,"MULTIPOLYGON (((32.5793 24.0465, 32.4965 24.064, 32.4396 24.…"
791,Persian Empire,-333.5,-333.4,5968391.6,POLITY,,,196,240,0,2026-08-16,Persian Empire,"MULTIPOLYGON (((32.5793 24.0465, 32.4965 24.064, 32.4396 24.…"
792,Persian Empire,-333.4,-333.3,5899714.8,POLITY,,,196,240,0,2026-08-16,Persian Empire,"MULTIPOLYGON (((32.5793 24.0465, 32.4965 24.064, 32.4396 24.…"
793,Persian Empire,-333.3,-332.6,5863978.1,POLITY,,,196,240,0,2026-08-16,Persian Empire,"MULTIPOLYGON (((32.5793 24.0465, 32.4965 24.064, 32.4396 24.…"
794,Persian Empire,-332.6,-332.5,5863938.6,POLITY,,,196,240,0,2026-08-16,Persian Empire,"MULTIPOLYGON (((32.5793 24.0465, 32.4965 24.064, 32.4396 24.…"
795,Persian Empire,-332.5,-332.4,5854665.9,POLITY,,,196,240,0,2026-08-16,Persian Empire,"MULTIPOLYGON (((32.5793 24.0465, 32.4965 24.064, 32.4396 24.…"
796,Persian Empire,-332.4,-332.3,5852165.7,POLITY,,,196,240,0,2026-08-16,Persian Empire,"MULTIPOLYGON (((32.5793 24.0465, 32.4965 24.064, 32.4396 24.…"
797,Persian Empire,-332.3,-331.6,5851596.0,POLITY,,,196,240,0,2026-08-16,Persian Empire,"MULTIPOLYGON (((32.4965 24.064, 32.4396 24.0945, 32.3724 24.…"
798,Persian Empire,-331.6,-331.3,5489837.6,POLITY,,,196,240,0,2026-08-16,Persian Empire,"MULTIPOLYGON (((40.231 29.5241, 40.1897 29.4414, 40.1793 29.…"
799,Persian Empire,-331.3,-331.1,5063964.0,POLITY,,,196,240,0,2026-08-16,Persian Empire,"MULTIPOLYGON (((47.6802 29.6155, 47.5636 29.6363, 47.5011 29…"
800,Persian Empire,-331.1,-331.0,4854385.9,POLITY,,,196,240,0,2026-08-16,Persian Empire,"MULTIPOLYGON (((47.6802 29.6155, 47.5636 29.6363, 47.5011 29…"
801,Persian Empire,-331.0,-330.8,4663599.9,POLITY,,,196,240,0,2026-08-16,Persian Empire,"MULTIPOLYGON (((50.64347 29.15767, 50.64261 29.16017, 50.640…"
802,Persian Empire,-330.8,-330.6,4540009.2,POLITY,,,196,240,0,2026-08-16,Persian Empire,"MULTIPOLYGON (((50.77508 29.07253, 50.77217 29.06931, 50.761…"
803,Persian Empire,-330.6,-330.5,4337363.9,POLITY,,,196,240,0,2026-08-16,Persian Empire,"MULTIPOLYGON (((54.87917 26.55664, 54.87678 26.55311, 54.873…"
804,Persian Empire,-330.5,-330.4,3473285.0,POLITY,,,196,240,0,2026-08-16,Persian Empire,"MULTIPOLYGON (((54.87917 26.55664, 54.87678 26.55311, 54.873…"
805,Persian Empire,-330.4,-330.3,2877308.2,POLITY,,,196,240,0,2026-08-16,Persian Empire,"MULTIPOLYGON (((64.89523 25.32453, 64.85681 25.31808, 64.827…"
806,Persian Empire,-330.3,-330.2,3011790.6,POLITY,,,196,240,0,2026-08-16,Persian Empire,"MULTIPOLYGON (((54.88584 26.56259, 54.87917 26.55664, 54.876…"
807,Persian Empire,-330.2,-330.1,2877308.2,POLITY,,,196,240,0,2026-08-16,Persian Empire,"MULTIPOLYGON (((64.89523 25.32453, 64.85681 25.31808, 64.827…"
808,Persian Empire,-330.1,-329.8,2730323.0,POLITY,,,196,240,0,2026-08-16,Persian Empire,"MULTIPOLYGON (((64.89523 25.32453, 64.85681 25.31808, 64.827…"
809,Persian Empire,-329.8,-329.7,2693000.1,POLITY,,,196,240,0,2026-08-16,Persian Empire,"MULTIPOLYGON (((64.89523 25.32453, 64.85681 25.31808, 64.827…"
810,Persian Empire,-329.7,-329.5,2405041.5,POLITY,,,196,240,0,2026-08-16,Persian Empire,"MULTIPOLYGON (((54.88584 26.56259, 54.87917 26.55664, 54.876…"
811,Arabia,-526.5,-525.5,248505.1,POLITY,,(Persian Empire),196,243,6,2026-08-16,Persian Empire,"POLYGON ((40.3914 29.9483, 40.3655 29.8552, 40.3034 29.7517,…"
812,Arakhosia,-544.5,-543.5,146985.2,POLITY,,(Persian Empire),196,241,13,2026-08-16,Persian Empire,"POLYGON ((61.70539 29.9962, 61.70339 29.97947, 61.70475 29.9…"
813,Arakhosia,-543.5,-541.5,401137.2,POLITY,,(Persian Empire),196,241,13,2026-08-16,Persian Empire,"POLYGON ((67.8377 29.9575, 67.8543 29.9492, 67.8957 29.9451,…"
814,Arakhosia,-541.5,-536.5,438460.1,POLITY,,(Persian Empire),196,241,13,2026-08-16,Persian Empire,"POLYGON ((64.9312 29.0918, 64.9229 29.1335, 64.9187 29.2335,…"
815,Arakhosia,-536.5,-531.5,798882.3,POLITY,,(Persian Empire),196,242,11,2026-08-16,Persian Empire,"POLYGON ((64.95103 25.32331, 64.90345 25.32589, 64.89523 25.…"
816,Arakhosia,-531.5,-516.5,863585.1,POLITY,,(Persian Empire),196,243,1,2026-08-16,Persian Empire,"MULTIPOLYGON (((66.17889 25.54239, 66.17675 25.54356, 66.169…"
817,Arakhosia,-516.5,-338.5,891751.4,POLITY,,(Persian Empire),196,243,1,2026-08-16,Persian Empire,"MULTIPOLYGON (((66.17889 25.54239, 66.17675 25.54356, 66.169…"
818,Arakhosia,-338.5,-337.5,919109.1,POLITY,,(Persian Empire),196,243,1,2026-08-16,Persian Empire,"MULTIPOLYGON (((66.17889 25.54239, 66.17675 25.54356, 66.169…"
819,Arakhosia,-337.5,-330.1,897391.8,POLITY,,(Persian Empire),196,243,1,2026-08-16,Persian Empire,"MULTIPOLYGON (((66.17889 25.54239, 66.17675 25.54356, 66.169…"
820,Arakhosia,-330.1,-329.8,750406.6,POLITY,,(Persian Empire),196,243,1,2026-08-16,Persian Empire,"MULTIPOLYGON (((66.17889 25.54239, 66.17675 25.54356, 66.169…"
821,Arakhosia,-329.8,-329.7,713083.7,POLITY,,(Persian Empire),196,243,1,2026-08-16,Persian Empire,"MULTIPOLYGON (((66.17889 25.54239, 66.17675 25.54356, 66.169…"
822,Arakhosia,-329.7,-329.5,425125.1,POLITY,,(Persian Empire),196,243,1,2026-08-16,Persian Empire,"MULTIPOLYGON (((66.1795 25.5415, 66.17889 25.54239, 66.17675…"
823,Arakhosia,-543.5,-516.5,254152.0,POLITY,,(Arakhosia),196,241,14,2026-08-16,Persian Empire,"POLYGON ((67.8626 29.9782, 67.8377 29.9575, 67.8543 29.9492,…"
824,Arakhosia,-516.5,-338.5,282318.2,POLITY,,(Arakhosia),196,241,14,2026-08-16,Persian Empire,"POLYGON ((67.8377 29.9575, 67.8543 29.9492, 67.8957 29.9451,…"
825,Arakhosia,-338.5,-337.5,309676.0,POLITY,,(Arakhosia),196,241,14,2026-08-16,Persian Empire,"POLYGON ((67.8377 29.9575, 67.8543 29.9492, 67.8957 29.9451,…"
826,Arakhosia,-337.5,-329.7,287958.7,POLITY,,(Arakhosia),196,241,14,2026-08-16,Persian Empire,"POLYGON ((71.03858 29.54125, 71.03059 29.53342, 71.02331 29.…"
827,Drangiana,-544.5,-541.5,146985.2,POLITY,,(Arakhosia),196,241,13,2026-08-16,Persian Empire,"POLYGON ((61.70539 29.9962, 61.70339 29.97947, 61.70475 29.9…"
828,Drangiana,-541.5,-330.1,184308.1,POLITY,,(Arakhosia),196,241,13,2026-08-16,Persian Empire,"POLYGON ((63.8692 29.9908, 63.8158 29.9792, 63.7542 29.9692,…"
829,Drangiana,-330.1,-329.8,37322.9,POLITY,,(Arakhosia),196,242,0,2026-08-16,Persian Empire,"POLYGON ((63.8692 29.9908, 63.8158 29.9792, 63.7542 29.9692,…"
830,Ariaspai,-541.5,-329.8,37322.9,POLITY,,(Drangiana),196,242,0,2026-08-16,Persian Empire,"POLYGON ((63.8692 29.9908, 63.8158 29.9792, 63.7542 29.9692,…"
831,Drangiana,-544.5,-330.1,146985.2,POLITY,,(Drangiana),196,241,13,2026-08-16,Persian Empire,"POLYGON ((61.70539 29.9962, 61.70339 29.97947, 61.70475 29.9…"
832,Gedrosia,-536.5,-531.5,360422.3,POLITY,,(Arakhosia),196,242,11,2026-08-16,Persian Empire,"POLYGON ((64.97961 25.32386, 64.96603 25.32056, 64.95103 25.…"
833,Gedrosia,-531.5,-329.5,425125.1,POLITY,,(Arakhosia),196,243,1,2026-08-16,Persian Empire,"MULTIPOLYGON (((66.1795 25.5415, 66.17889 25.54239, 66.17675…"
834,Gedrosia,-536.5,-329.5,360422.3,POLITY,,(Gedrosia),196,242,11,2026-08-16,Persian Empire,"POLYGON ((64.97961 25.32386, 64.96603 25.32056, 64.95103 25.…"
835,Oreitai,-531.5,-329.5,64702.8,POLITY,,(Gedrosia),196,243,1,2026-08-16,Persian Empire,"MULTIPOLYGON (((66.84834 24.99522, 66.83806 24.97397, 66.818…"
836,Areia,-546.5,-545.5,134482.4,POLITY,,(Persian Empire),196,241,6,2026-08-16,Persian Empire,"POLYGON ((61.5973 34.9542, 61.6556 34.9125, 61.7348 34.8542,…"
837,Army,-546.6,-546.4,2893.3,TRANSIENT,,(Persian Empire),196,241,4,2026-08-16,Persian Empire,"POLYGON ((29.6586 39.1138, 29.5655 39.0879, 29.4103 39.0259,…"
838,Army,-545.8,-544.5,827.7,TRANSIENT,,(Persian Empire),196,241,4,2026-08-16,Persian Empire,"POLYGON ((27.5317 38.5817, 27.47 38.61, 27.4183 38.6517, 27.…"
839,Army,-540.5,-540.4,3953.2,TRANSIENT,,(Persian Empire),196,241,4,2026-08-16,Persian Empire,"POLYGON ((43.4583 36.0017, 43.425 36.1183, 43.3708 36.235, 4…"
840,Army,-521.9,-521.7,1686.6,TRANSIENT,,(Persian Empire),196,241,4,2026-08-16,Persian Empire,"POLYGON ((46.7742 33.5825, 46.8325 33.6492, 46.92 33.7158, 4…"
841,Army,-521.7,-521.6,2596.5,TRANSIENT,,(Persian Empire),196,241,4,2026-08-16,Persian Empire,"MULTIPOLYGON (((46.8325 33.6492, 46.92 33.7158, 46.9908 33.7…"
842,Army,-521.6,-521.5,8625.3,TRANSIENT,,(Persian Empire),196,241,4,2026-08-16,Persian Empire,"MULTIPOLYGON (((46.92 33.7158, 46.9908 33.7783, 47.0575 33.8…"
843,Army,-521.5,-521.4,4641.6,TRANSIENT,,(Persian Empire),196,241,4,2026-08-16,Persian Empire,"MULTIPOLYGON (((46.8325 33.6492, 46.92 33.7158, 46.9908 33.7…"
844,Army,-521.4,-521.2,290.9,TRANSIENT,,(Persian Empire),196,241,4,2026-08-16,Persian Empire,"POLYGON ((43.4017 36.0044, 43.4483 36.0174, 43.5052 36.0392,…"
845,Army,-521.2,-521.0,777.5,TRANSIENT,,(Persian Empire),196,241,4,2026-08-16,Persian Empire,"POLYGON ((44.4889 33.093, 44.5103 33.0451, 44.5052 32.9666, …"
846,Army,-515.7,-515.6,6555.5,TRANSIENT,,(Persian Empire),196,241,4,2026-08-16,Persian Empire,"POLYGON ((25.0577 31.5831, 25.1743 31.4956, 25.2993 31.4081,…"
847,Army,-515.6,-515.4,10906.4,TRANSIENT,,(Persian Empire),196,241,4,2026-08-16,Persian Empire,"POLYGON ((25.0577 31.5831, 25.1743 31.4956, 25.2993 31.4081,…"
848,Army,-515.4,-515.3,6555.5,TRANSIENT,,(Persian Empire),196,241,4,2026-08-16,Persian Empire,"POLYGON ((25.0577 31.5831, 25.1743 31.4956, 25.2993 31.4081,…"
849,Army,-498.4,-498.2,506.7,TRANSIENT,,(Persian Empire),196,241,4,2026-08-16,Persian Empire,"POLYGON ((27.6408 38.2058, 27.5858 38.1742, 27.5158 38.1375,…"
850,Army,-497.4,-497.1,925.0,TRANSIENT,,(Persian Empire),196,241,4,2026-08-16,Persian Empire,"POLYGON ((33.0006 34.6974, 32.9356 34.6974, 32.8839 34.7057,…"
851,Army,-494.6,-494.2,801.6,TRANSIENT,,(Persian Empire),196,241,4,2026-08-16,Persian Empire,"POLYGON ((27.96 37.7896, 27.9283 37.7796, 27.87 37.7646, 27.…"
852,Army,-494.2,-494.0,883.2,TRANSIENT,,(Persian Empire),196,241,4,2026-08-16,Persian Empire,"POLYGON ((27.4497 37.4054, 27.4343 37.415, 27.4222 37.4237, …"
853,Army,-484.2,-484.0,1843.8,TRANSIENT,,(Persian Empire),196,241,4,2026-08-16,Persian Empire,"POLYGON ((44.9052 32.5189, 44.7914 32.5145, 44.6879 32.5058,…"
854,Army,-480.5,-480.4,5335.2,TRANSIENT,,(Persian Empire),196,241,4,2026-08-16,Persian Empire,"POLYGON ((23.8717 42.2642, 23.7092 42.2475, 23.6675 42.1975,…"
855,Army,-480.4,-480.3,6079.2,TRANSIENT,,(Persian Empire),196,241,4,2026-08-16,Persian Empire,"MULTIPOLYGON (((22.4133 39.8683, 22.3842 39.7517, 22.405 39.…"
856,Army,-480.3,-480.1,2112.6,TRANSIENT,,(Persian Empire),196,241,4,2026-08-16,Persian Empire,"POLYGON ((22.4383 39.6758, 22.4867 39.6308, 22.5283 39.6008,…"
857,Army,-385.5,-382.5,4598.5,TRANSIENT,,(Persian Empire),196,241,4,2026-08-16,Persian Empire,"POLYGON ((34.27 31.3633, 34.2242 31.3175, 34.145 31.2342, 33…"
858,Army,-381.6,-380.6,213.2,TRANSIENT,,(Persian Empire),196,241,4,2026-08-16,Persian Empire,"POLYGON ((33.7633 35.1083, 33.715 35.0867, 33.6717 35.07, 33…"
859,Army,-370.6,-370.4,2761.0,TRANSIENT,,(Persian Empire),196,241,4,2026-08-16,Persian Empire,"POLYGON ((31.5767 40.1708, 31.7308 40.2167, 31.885 40.2292, …"
860,Army,-369.6,-369.4,2605.5,TRANSIENT,,(Persian Empire),196,241,4,2026-08-16,Persian Empire,"POLYGON ((46.1875 33.8458, 46.2958 33.9208, 46.4375 34.0125,…"
861,Army,-368.6,-368.4,1034.2,TRANSIENT,,(Persian Empire),196,241,4,2026-08-16,Persian Empire,"POLYGON ((43.5121 35.2951, 43.569 35.3081, 43.6 35.3517, 43.…"
862,Army,-332.7,-332.5,234.6,TRANSIENT,,(Persian Empire),196,241,4,2026-08-16,Persian Empire,"POLYGON ((31.1562 29.981, 31.1997 29.9655, 31.2369 29.9469, …"
863,Army of Artabazus,-479.8,-479.7,232.8,TRANSIENT,,(Persian Empire),196,252,4,2026-08-16,Persian Empire,"POLYGON ((23.2517 40.41, 23.2667 40.3667, 23.2767 40.3133, 2…"
864,Army of Artaphernes,-493.7,-493.6,3887.1,TRANSIENT,,(Persian Empire),196,251,2,2026-08-16,Persian Empire,"POLYGON ((27.3983 37.8258, 27.3192 37.8675, 27.3025 37.9383,…"
865,Army of Artaphernes,-493.6,-493.4,7812.8,TRANSIENT,,(Persian Empire),196,251,2,2026-08-16,Persian Empire,"POLYGON ((27.3192 37.8675, 27.3025 37.9383, 27.2858 37.9925,…"
866,Army of Artaxerxes,-463.6,-463.4,2594.1,TRANSIENT,,(Persian Empire),196,252,5,2026-08-16,Persian Empire,"POLYGON ((65.2817 36.5233, 65.4067 36.5317, 65.5233 36.5733,…"
867,Army of Artaxerxes II,-401.3,-401.1,1063.7,TRANSIENT,,(Persian Empire),196,252,10,2026-08-16,Persian Empire,"POLYGON ((44.3567 32.6639, 44.3217 32.7289, 44.2934 32.8322,…"
868,Army of Artaxerxes III,-344.4,-344.2,462.0,TRANSIENT,,(Persian Empire),196,253,10,2026-08-16,Persian Empire,"POLYGON ((35.7903 33.7152, 35.7397 33.711, 35.6921 33.7069, …"
869,Army of Artaxerxes III,-343.0,-342.8,2073.9,TRANSIENT,,(Persian Empire),196,253,10,2026-08-16,Persian Empire,"POLYGON ((34.466 31.4122, 34.4226 31.3626, 34.3512 31.3254, …"
870,Army of Artaxerxes III,-342.8,-342.7,3169.8,TRANSIENT,,(Persian Empire),196,253,10,2026-08-16,Persian Empire,"POLYGON ((32.5808 30.9533, 32.5008 30.9333, 32.4158 30.9133,…"
871,Army of Artaxerxes III,-342.7,-342.5,3926.6,TRANSIENT,,(Persian Empire),196,253,10,2026-08-16,Persian Empire,"POLYGON ((31.3133 29.9058, 31.3083 29.8583, 31.2683 29.8358,…"
872,Army of Atizyes,-334.7,-334.5,629.9,TRANSIENT,,(Persian Empire),196,253,15,2026-08-16,Persian Empire,"POLYGON ((27.7966 40.2517, 27.7055 40.2621, 27.5979 40.2621,…"
873,Army of Autophradates,-369.6,-369.4,1764.4,TRANSIENT,,(Persian Empire),196,253,2,2026-08-16,Persian Empire,"POLYGON ((33.4634 39.6825, 33.5875 39.6563, 33.7479 39.6127,…"
874,Army of Autophradates,-366.7,-366.5,3887.1,TRANSIENT,,(Persian Empire),196,253,5,2026-08-16,Persian Empire,"POLYGON ((27.3983 37.8258, 27.3192 37.8675, 27.3025 37.9383,…"
875,Army of Cambyses II,-525.7,-525.6,2073.9,TRANSIENT,,(Persian Empire),196,243,7,2026-08-16,Persian Empire,"POLYGON ((34.466 31.4122, 34.4226 31.3626, 34.3512 31.3254, …"
876,Army of Cambyses II,-525.6,-525.5,3926.6,TRANSIENT,,(Persian Empire),196,243,7,2026-08-16,Persian Empire,"POLYGON ((31.3108 29.9558, 31.3133 29.9058, 31.3083 29.8583,…"
877,Army of Cambyses II,-524.6,-524.4,6215.2,TRANSIENT,,(Persian Empire),196,243,7,2026-08-16,Persian Empire,"POLYGON ((27.8917 29.9, 27.8292 29.7917, 27.7083 29.6875, 27…"
878,Army of Cambyses II,-523.8,-523.7,1140.6,TRANSIENT,,(Persian Empire),196,243,7,2026-08-16,Persian Empire,"POLYGON ((32.8379 24.0683, 32.8379 24.0291, 32.8379 23.9898,…"
879,Army of Cambyses II,-523.7,-523.6,2263.4,TRANSIENT,,(Persian Empire),196,243,7,2026-08-16,Persian Empire,"POLYGON ((32.6517 23.0262, 32.6103 22.9695, 32.5741 22.9128,…"
880,Army of Cambyses II,-523.6,-523.4,3304.2,TRANSIENT,,(Persian Empire),196,243,7,2026-08-16,Persian Empire,"POLYGON ((31.8759 22.5465, 31.8552 22.5029, 31.8034 22.468, …"
881,Army of Cambyses II,-523.4,-523.3,2263.4,TRANSIENT,,(Persian Empire),196,243,7,2026-08-16,Persian Empire,"POLYGON ((32.6517 23.0262, 32.6103 22.9695, 32.5741 22.9128,…"
882,Army of Cambyses II,-523.3,-523.2,1140.6,TRANSIENT,,(Persian Empire),196,243,7,2026-08-16,Persian Empire,"POLYGON ((32.8379 24.0683, 32.8379 24.0291, 32.8379 23.9898,…"
883,Army of Cyrus II,-547.6,-547.4,6207.6,TRANSIENT,,(Persian Empire),196,240,13,2026-08-16,Persian Empire,"POLYGON ((35.0792 39.1992, 35.1458 39.0908, 35.2292 38.9783,…"
884,Army of Cyrus II,-547.4,-547.3,10525.7,TRANSIENT,,(Persian Empire),196,240,13,2026-08-16,Persian Empire,"MULTIPOLYGON (((35.0792 39.1992, 35.1458 39.0908, 35.2292 38…"
885,Army of Cyrus II,-547.3,-547.2,14441.6,TRANSIENT,,(Persian Empire),196,240,13,2026-08-16,Persian Empire,"MULTIPOLYGON (((29.7558 38.485, 29.5558 38.5558, 29.4017 38.…"
886,Army of Cyrus II,-547.2,-547.1,14616.3,TRANSIENT,,(Persian Empire),196,240,13,2026-08-16,Persian Empire,"MULTIPOLYGON (((27.9558 38.4558, 27.935 38.51, 27.9475 38.54…"
887,Army of Cyrus II,-546.7,-546.6,5569.6,TRANSIENT,,(Persian Empire),196,240,13,2026-08-16,Persian Empire,"POLYGON ((60.1056 36.2875, 60.2306 36.2417, 60.3556 36.2083,…"
888,Army of Cyrus II,-546.6,-546.5,11404.1,TRANSIENT,,(Persian Empire),196,240,13,2026-08-16,Persian Empire,"POLYGON ((61.214 34.8333, 61.2515 34.7417, 61.3348 34.675, 6…"
889,Army of Cyrus II,-545.6,-545.5,3103.2,TRANSIENT,,(Persian Empire),196,240,13,2026-08-16,Persian Empire,"POLYGON ((66.0405 34.8999, 66.0572 34.9541, 66.0947 35, 66.1…"
890,Army of Cyrus II,-544.7,-544.6,6786.0,TRANSIENT,,(Persian Empire),196,240,13,2026-08-16,Persian Empire,"POLYGON ((64.6366 34.0506, 64.5199 33.9422, 64.3533 33.8506,…"
891,Army of Cyrus II,-544.6,-544.5,9641.7,TRANSIENT,,(Persian Empire),196,240,13,2026-08-16,Persian Empire,"POLYGON ((61.5991 32.3339, 61.5866 32.2089, 61.5824 32.0922,…"
892,Army of Cyrus II,-543.7,-543.6,5236.8,TRANSIENT,,(Persian Empire),196,240,13,2026-08-16,Persian Empire,"POLYGON ((64.5025 31.7633, 64.6108 31.7383, 64.7108 31.7217,…"
893,Army of Cyrus II,-543.6,-543.5,10790.1,TRANSIENT,,(Persian Empire),196,240,13,2026-08-16,Persian Empire,"POLYGON ((64.5025 31.7633, 64.6108 31.7383, 64.7108 31.7217,…"
894,Army of Cyrus II,-541.6,-541.5,5414.6,TRANSIENT,,(Persian Empire),196,240,13,2026-08-16,Persian Empire,"POLYGON ((61.8042 30.3417, 61.9583 30.2958, 62.0958 30.2625,…"
895,Army of Cyrus II,-539.4,-539.3,2668.1,TRANSIENT,,(Persian Empire),196,240,13,2026-08-16,Persian Empire,"POLYGON ((44.6755 33.4938, 44.6393 33.4007, 44.5876 33.2455,…"
896,Army of Cyrus II,-539.3,-539.2,2950.0,TRANSIENT,,(Persian Empire),196,240,13,2026-08-16,Persian Empire,"POLYGON ((44.4233 33.0783, 44.365 33.055, 44.32 33.0317, 44.…"
897,Army of Cyrus II,-536.7,-536.6,3549.6,TRANSIENT,,(Persian Empire),196,240,13,2026-08-16,Persian Empire,"POLYGON ((58.75 27.175, 58.8583 27.2083, 59.0042 27.2833, 59…"
898,Army of Cyrus II,-536.6,-536.5,12571.5,TRANSIENT,,(Persian Empire),196,240,13,2026-08-16,Persian Empire,"POLYGON ((60.5708 27.275, 60.7125 27.1917, 60.8333 27.0833, …"
899,Army of Cyrus II,-535.6,-535.5,8681.0,TRANSIENT,,(Persian Empire),196,240,13,2026-08-16,Persian Empire,"MULTIPOLYGON (((69.0051 34.1899, 69.0351 34.2649, 69.0618 34…"
900,Army of Cyrus II,-534.7,-534.6,4363.9,TRANSIENT,,(Persian Empire),196,240,13,2026-08-16,Persian Empire,"POLYGON ((62.425 39.9792, 62.5 39.8417, 62.6125 39.7167, 62.…"
901,Army of Cyrus II,-534.6,-534.5,8092.5,TRANSIENT,,(Persian Empire),196,240,13,2026-08-16,Persian Empire,"POLYGON ((62.5 39.8417, 62.6125 39.7167, 62.8 39.6208, 62.87…"
902,Army of Cyrus II,-533.7,-533.5,4660.6,TRANSIENT,,(Persian Empire),196,240,13,2026-08-16,Persian Empire,"POLYGON ((70.263 37.7412, 70.3505 37.7328, 70.4755 37.6995, …"
903,Army of Cyrus II,-532.7,-532.6,4563.8,TRANSIENT,,(Persian Empire),196,240,13,2026-08-16,Persian Empire,"POLYGON ((69.9736 40.2138, 70.1069 40.2555, 70.2361 40.2888,…"
904,Army of Cyrus II,-532.6,-532.5,7672.3,TRANSIENT,,(Persian Empire),196,240,13,2026-08-16,Persian Empire,"POLYGON ((70.1069 40.2555, 70.2361 40.2888, 70.3569 40.3305,…"
905,Army of Cyrus II,-531.7,-531.6,2844.4,TRANSIENT,,(Persian Empire),196,240,13,2026-08-16,Persian Empire,"POLYGON ((65.4889 25.7428, 65.5639 25.797, 65.6472 25.8928, …"
906,Army of Cyrus II,-531.6,-531.5,6735.4,TRANSIENT,,(Persian Empire),196,240,13,2026-08-16,Persian Empire,"POLYGON ((65.5639 25.797, 65.6472 25.8928, 65.7347 25.997, 6…"
907,Army of Cyrus II,-530.7,-530.5,1944.9,TRANSIENT,,(Persian Empire),196,240,13,2026-08-16,Persian Empire,"POLYGON ((64.2583 39.1333, 64.1333 39.2625, 64.0292 39.3667,…"
908,Army of Darius I,-522.5,-522.3,1686.6,TRANSIENT,,(Persian Empire),196,245,2,2026-08-16,Persian Empire,"POLYGON ((46.7742 33.5825, 46.8325 33.6492, 46.92 33.7158, 4…"
909,Army of Darius I,-522.2,-522.1,777.5,TRANSIENT,,(Persian Empire),196,245,2,2026-08-16,Persian Empire,"POLYGON ((44.4889 33.093, 44.5103 33.0451, 44.5052 32.9666, …"
910,Army of Darius I,-521.7,-521.6,1901.6,TRANSIENT,,(Persian Empire),196,245,2,2026-08-16,Persian Empire,"POLYGON ((47.2792 34.3208, 47.3417 34.3875, 47.4333 34.4583,…"
911,Army of Darius I,-521.6,-521.5,6854.4,TRANSIENT,,(Persian Empire),196,245,2,2026-08-16,Persian Empire,"POLYGON ((48.1658 34.4083, 48.1708 34.2533, 48.1908 34.1583,…"
912,Army of Darius I,-521.5,-521.3,5828.7,TRANSIENT,,(Persian Empire),196,245,2,2026-08-16,Persian Empire,"POLYGON ((50.1658 31.1433, 50.3808 31.0483, 50.5558 30.9833,…"
913,Army of Darius I,-520.7,-520.6,4195.1,TRANSIENT,,(Persian Empire),196,245,2,2026-08-16,Persian Empire,"POLYGON ((54.1838 39.7388, 54.2004 39.8679, 54.1921 40, 54.1…"
914,Army of Darius I,-520.6,-520.4,9037.6,TRANSIENT,,(Persian Empire),196,245,2,2026-08-16,Persian Empire,"POLYGON ((54.1838 39.7388, 54.2004 39.8679, 54.1921 40, 54.1…"
915,Army of Darius I,-520.4,-520.3,4195.1,TRANSIENT,,(Persian Empire),196,245,2,2026-08-16,Persian Empire,"POLYGON ((54.1838 39.7388, 54.2004 39.8679, 54.1921 40, 54.1…"
916,Army of Darius I,-519.7,-519.6,2758.2,TRANSIENT,,(Persian Empire),196,245,2,2026-08-16,Persian Empire,"POLYGON ((60.4828 41.8096, 60.5578 41.8846, 60.6161 41.9763,…"
917,Army of Darius I,-519.6,-519.4,5831.4,TRANSIENT,,(Persian Empire),196,245,2,2026-08-16,Persian Empire,"POLYGON ((60.5578 41.8846, 60.6161 41.9763, 60.6786 42.0721,…"
918,Army of Darius I,-519.4,-519.3,2758.2,TRANSIENT,,(Persian Empire),196,245,2,2026-08-16,Persian Empire,"POLYGON ((60.4828 41.8096, 60.5578 41.8846, 60.6161 41.9763,…"
919,Army of Darius I,-518.6,-518.5,2840.8,TRANSIENT,,(Persian Empire),196,245,2,2026-08-16,Persian Empire,"POLYGON ((70.075 34.6625, 70.1833 34.6625, 70.3542 34.6208, …"
920,Army of Darius I,-516.6,-516.4,9004.5,TRANSIENT,,(Persian Empire),196,245,2,2026-08-16,Persian Empire,"POLYGON ((70.1917 33.1292, 70.275 33.05, 70.4708 33.0083, 70…"
921,Army of Darius I,-515.7,-515.6,6294.1,TRANSIENT,,(Persian Empire),196,245,2,2026-08-16,Persian Empire,"POLYGON ((69.8583 28.6917, 69.7875 28.6042, 69.6917 28.4958,…"
922,Army of Darius I,-515.6,-515.4,9861.1,TRANSIENT,,(Persian Empire),196,245,2,2026-08-16,Persian Empire,"POLYGON ((68.1333 27.325, 68.0542 27.2083, 67.975 27.1042, 6…"
923,Army of Darius I,-515.4,-515.3,6294.1,TRANSIENT,,(Persian Empire),196,245,2,2026-08-16,Persian Empire,"POLYGON ((69.8583 28.6917, 69.7875 28.6042, 69.6917 28.4958,…"
924,Army of Darius I,-514.8,-514.7,7475.2,TRANSIENT,,(Persian Empire),196,245,2,2026-08-16,Persian Empire,"POLYGON ((49.1105 39.8513, 49.148 39.6888, 49.148 39.5263, 4…"
925,Army of Darius I,-514.7,-514.6,15532.7,TRANSIENT,,(Persian Empire),196,245,2,2026-08-16,Persian Empire,"POLYGON ((49.148 39.6888, 49.148 39.5263, 49.0855 39.4179, 4…"
926,Army of Darius I,-514.6,-514.5,23754.6,TRANSIENT,,(Persian Empire),196,245,2,2026-08-16,Persian Empire,"POLYGON ((49.148 39.6888, 49.148 39.5263, 49.0855 39.4179, 4…"
927,Army of Darius I,-514.5,-514.4,16407.4,TRANSIENT,,(Persian Empire),196,245,2,2026-08-16,Persian Empire,"POLYGON ((41.9772 42.0638, 41.9605 42.0346, 41.9355 41.9971,…"
928,Army of Darius I,-514.4,-514.3,8302.7,TRANSIENT,,(Persian Empire),196,245,2,2026-08-16,Persian Empire,"POLYGON ((41.9772 42.0638, 41.9605 42.0346, 41.9355 41.9971,…"
929,Army of Darius I,-513.5,-513.4,875.6,TRANSIENT,,(Persian Empire),196,245,2,2026-08-16,Persian Empire,"POLYGON ((29.0592 41.1025, 29.0308 41.13, 28.9683 41.1658, 2…"
930,Army of Darius I,-513.4,-513.3,12288.0,TRANSIENT,,(Persian Empire),196,245,2,2026-08-16,Persian Empire,"POLYGON ((28.7225 41.3075, 28.7792 41.2975, 28.825 41.275, 2…"
931,Army of Darius I,-513.3,-513.2,23840.5,TRANSIENT,,(Persian Empire),196,245,2,2026-08-16,Persian Empire,"POLYGON ((28.825 41.275, 28.8867 41.24, 28.93 41.2042, 28.96…"
932,Army of Darius I,-513.2,-513.1,19516.2,TRANSIENT,,(Persian Empire),196,245,2,2026-08-16,Persian Empire,"MULTIPOLYGON (((28.7792 41.2975, 28.825 41.275, 28.8867 41.2…"
933,Army of Darius I,-513.1,-513.0,22821.4,TRANSIENT,,(Persian Empire),196,245,2,2026-08-16,Persian Empire,"POLYGON ((28.825 41.275, 28.8867 41.24, 28.93 41.2042, 28.96…"
934,Army of Darius I,-513.0,-512.9,13891.1,TRANSIENT,,(Persian Empire),196,245,2,2026-08-16,Persian Empire,"POLYGON ((29.015 41.0525, 28.9925 41.0367, 28.9617 41.0142, …"
935,Army of Darius III,-333.2,-333.0,1469.4,TRANSIENT,,(Persian Empire),196,254,0,2026-08-16,Persian Empire,"POLYGON ((37.1097 36.5448, 37.0062 36.5945, 36.9214 36.6359,…"
936,Army of Darius III,-331.5,-331.1,694.4,TRANSIENT,,(Persian Empire),196,254,0,2026-08-16,Persian Empire,"POLYGON ((43.5083 36.7228, 43.4152 36.6917, 43.379 36.5883, …"
937,Army of Datames,-375.6,-375.3,3905.0,TRANSIENT,,(Persian Empire),196,252,15,2026-08-16,Persian Empire,"POLYGON ((33.725 40.25, 33.6708 40.3917, 33.6208 40.5458, 33…"
938,Army of Daurises,-497.7,-497.5,695.1,TRANSIENT,,(Persian Empire),196,246,4,2026-08-16,Persian Empire,"POLYGON ((26.3767 39.9725, 26.3417 39.9325, 26.2617 39.8992,…"
939,Army of Daurises,-497.5,-497.4,240.5,TRANSIENT,,(Persian Empire),196,246,4,2026-08-16,Persian Empire,"POLYGON ((28.0233 38.0712, 28.025 38.0412, 28.025 37.9962, 2…"
940,Army of Daurises,-497.4,-496.8,801.6,TRANSIENT,,(Persian Empire),196,246,4,2026-08-16,Persian Empire,"POLYGON ((27.96 37.7896, 27.9283 37.7796, 27.87 37.7646, 27.…"
941,Army of Daurises,-496.8,-496.7,1074.7,TRANSIENT,,(Persian Empire),196,246,4,2026-08-16,Persian Empire,"POLYGON ((27.6192 37.3933, 27.6675 37.3533, 27.7242 37.3083,…"
942,Army of Gobryas,-520.6,-520.4,5225.8,TRANSIENT,,(Persian Empire),196,245,5,2026-08-16,Persian Empire,"POLYGON ((45.9335 32.5889, 46.0731 32.5889, 46.1869 32.5371,…"
943,Army of Gorbryus,-539.3,-539.2,777.5,TRANSIENT,,(Persian Empire),196,242,1,2026-08-16,Persian Empire,"POLYGON ((44.4889 33.093, 44.5103 33.0451, 44.5052 32.9666, …"
944,Army of Harpagus,-546.4,-545.7,1927.4,TRANSIENT,,(Persian Empire),196,241,5,2026-08-16,Persian Empire,"POLYGON ((27.975 38.575, 27.8625 38.5708, 27.7625 38.5167, 2…"
945,Army of Harpagus,-545.7,-545.5,3994.8,TRANSIENT,,(Persian Empire),196,241,5,2026-08-16,Persian Empire,"MULTIPOLYGON (((29.2367 37.4558, 29.2908 37.3808, 29.3408 37…"
946,Army of Harpagus,-545.5,-544.6,1927.4,TRANSIENT,,(Persian Empire),196,241,5,2026-08-16,Persian Empire,"POLYGON ((27.975 38.575, 27.8625 38.5708, 27.7625 38.5167, 2…"
947,Army of Harpagus,-544.6,-544.5,2960.2,TRANSIENT,,(Persian Empire),196,241,5,2026-08-16,Persian Empire,"POLYGON ((27.3108 38.0525, 27.3525 38.0325, 27.3858 38.0092,…"
948,Army of Harpagus,-543.6,-543.5,1147.1,TRANSIENT,,(Persian Empire),196,241,5,2026-08-16,Persian Empire,"POLYGON ((28.394 37.1818, 28.3475 37.2385, 28.2595 37.3039, …"
949,Army of Harpagus,-542.7,-542.5,3220.4,TRANSIENT,,(Persian Empire),196,241,5,2026-08-16,Persian Empire,"POLYGON ((26.9793 39.6166, 26.8876 39.6458, 26.7459 39.6458,…"
950,Army of Harpagus,-541.7,-541.5,2376.0,TRANSIENT,,(Persian Empire),196,241,5,2026-08-16,Persian Empire,"POLYGON ((30.025 37.5708, 30.0958 37.6208, 30.1875 37.6792, …"
951,Army of Hymaees,-497.7,-497.5,103.3,TRANSIENT,,(Persian Empire),196,250,13,2026-08-16,Persian Empire,"POLYGON ((27.7933 40.2875, 27.8167 40.3225, 27.8433 40.3458,…"
952,Army of Hystaspes,-521.5,-521.4,3389.5,TRANSIENT,,(Persian Empire),196,245,4,2026-08-16,Persian Empire,"POLYGON ((51.8458 35.5083, 51.9833 35.4917, 52.1042 35.4542,…"
953,Army of Hystaspes,-521.4,-521.3,8039.8,TRANSIENT,,(Persian Empire),196,245,4,2026-08-16,Persian Empire,"POLYGON ((51.9833 35.4917, 52.1042 35.4542, 52.2125 35.4167,…"
954,Army of Hystaspes,-521.3,-521.2,3389.5,TRANSIENT,,(Persian Empire),196,245,4,2026-08-16,Persian Empire,"POLYGON ((51.8458 35.5083, 51.9833 35.4917, 52.1042 35.4542,…"
955,Army of Mardonius,-492.4,-492.3,1632.2,TRANSIENT,,(Persian Empire),196,251,4,2026-08-16,Persian Empire,"POLYGON ((26.8726 40.6414, 26.8459 40.6747, 26.8009 40.7114,…"
956,Army of Mardonius,-492.3,-492.2,3122.0,TRANSIENT,,(Persian Empire),196,251,4,2026-08-16,Persian Empire,"POLYGON ((23.9511 40.7683, 23.9044 40.7772, 23.8889 40.8039,…"
957,Army of Mardonius,-492.2,-492.1,4291.2,TRANSIENT,,(Persian Empire),196,251,4,2026-08-16,Persian Empire,"POLYGON ((23.9044 40.7772, 23.892372156456894 40.79791893049…"
958,Army of Mardonius,-480.1,-479.7,1505.4,TRANSIENT,,(Persian Empire),196,251,4,2026-08-16,Persian Empire,"POLYGON ((22.4304 39.6569, 22.4954 39.6086, 22.5587 39.5619,…"
959,Army of Mardonius,-479.7,-479.6,3581.8,TRANSIENT,,(Persian Empire),196,251,4,2026-08-16,Persian Empire,"POLYGON ((22.5642 38.8233, 22.6108 38.81, 22.6675 38.795, 22…"
960,Army of Mardonius,-479.6,-479.4,3170.9,TRANSIENT,,(Persian Empire),196,251,4,2026-08-16,Persian Empire,"POLYGON ((22.5642 38.8233, 22.6108 38.81, 22.6675 38.795, 22…"
961,Army of Megabazus,-512.9,-512.8,13891.1,TRANSIENT,,(Persian Empire),196,245,15,2026-08-16,Persian Empire,"POLYGON ((29.015 41.0525, 28.9925 41.0367, 28.9617 41.0142, …"
962,Army of Megabazus,-512.8,-512.7,14845.7,TRANSIENT,,(Persian Empire),196,245,15,2026-08-16,Persian Empire,"POLYGON ((28.4417 41.0417, 28.3583 41.0708, 28.2542 41.0833,…"
963,Army of Megabazus,-512.7,-512.6,17119.3,TRANSIENT,,(Persian Empire),196,245,15,2026-08-16,Persian Empire,"POLYGON ((23.9044 40.7772, 23.8889 40.8039, 23.9067 40.8528,…"
964,Army of Megabazus,-512.6,-512.5,21981.1,TRANSIENT,,(Persian Empire),196,245,15,2026-08-16,Persian Empire,"POLYGON ((23.8889 40.8039, 23.9067 40.8528, 23.9422 40.8706,…"
965,Army of Megabazus,-511.6,-511.5,1819.9,TRANSIENT,,(Persian Empire),196,245,15,2026-08-16,Persian Empire,"POLYGON ((23.3808 41.1376, 23.2766 41.0835, 23.1641 41.0001,…"
966,Army of Megabyxus,-456.5,-456.4,2073.7,TRANSIENT,,(Persian Empire),196,252,6,2026-08-16,Persian Empire,"POLYGON ((31.4458 29.9583, 31.4283 29.9108, 31.3633 29.8783,…"
967,Army of Megabyxus,-456.4,-454.5,2707.4,TRANSIENT,,(Persian Empire),196,252,6,2026-08-16,Persian Empire,"POLYGON ((31.3533 30, 31.3733 30.0533, 31.3808 30.1158, 31.3…"
968,Army of Megabyxus,-454.5,-454.2,3113.4,TRANSIENT,,(Persian Empire),196,252,6,2026-08-16,Persian Empire,"POLYGON ((31.3533 30, 31.3733 30.0533, 31.3808 30.1158, 31.3…"
969,Army of Megabyzus,-482.2,-482.0,1843.8,TRANSIENT,,(Persian Empire),196,251,8,2026-08-16,Persian Empire,"POLYGON ((44.9052 32.5189, 44.7914 32.5145, 44.6879 32.5058,…"
970,Army of Memnon,-336.2,-336.0,107.4,TRANSIENT,,(Persian Empire),196,253,13,2026-08-16,Persian Empire,"POLYGON ((27.6239 37.858, 27.5773 37.8673, 27.5432 37.8776, …"
971,Army of Memnon,-335.6,-335.4,1538.7,TRANSIENT,,(Persian Empire),196,253,13,2026-08-16,Persian Empire,"POLYGON ((28.4552 38.8532, 28.3724 38.8619, 28.2845 38.875, …"
972,Army of Memnon,-335.4,-334.7,1330.9,TRANSIENT,,(Persian Empire),196,253,13,2026-08-16,Persian Empire,"POLYGON ((27.8645 39.97, 27.802 39.9125, 27.7345 39.84, 27.6…"
973,Army of Otanes and Artaphernes,-497.7,-497.5,1214.6,TRANSIENT,,(Persian Empire),196,250,14,2026-08-16,Persian Empire,"POLYGON ((27.4225 38.8592, 27.3875 38.8458, 27.3042 38.8175,…"
974,Army of Pharnabazus,-372.6,-372.5,3188.8,TRANSIENT,,(Persian Empire),196,253,1,2026-08-16,Persian Empire,"POLYGON ((30.1 39.6917, 30.1042 39.6208, 30.1042 39.5208, 30…"
975,Army of Struthas,-391.6,-391.4,282.4,TRANSIENT,,(Persian Empire),196,252,13,2026-08-16,Persian Empire,"POLYGON ((28.1867 37.9025, 28.1333 37.8908, 28.055 37.8775, …"
976,Army of Tissaphernes,-409.5,-409.3,506.7,TRANSIENT,,(Persian Empire),196,252,8,2026-08-16,Persian Empire,"POLYGON ((27.6408 38.2058, 27.5858 38.1742, 27.5158 38.1375,…"
977,Army of Xerxes,-485.6,-485.5,3806.2,TRANSIENT,,(Persian Empire),196,251,7,2026-08-16,Persian Empire,"POLYGON ((31.3103 29.9448, 31.3103 29.8362, 31.3103 29.681, …"
978,Army of Xerxes,-485.5,-485.4,5224.2,TRANSIENT,,(Persian Empire),196,251,7,2026-08-16,Persian Empire,"POLYGON ((31.0607 29.0297, 30.9883 28.9206, 30.9159 28.8422,…"
979,Army of Xerxes,-485.4,-484.8,13141.8,TRANSIENT,,(Persian Empire),196,251,7,2026-08-16,Persian Empire,"POLYGON ((30.8399 28.3096, 30.8772 28.1681, 30.9293 28.034, …"
980,Army of Xerxes,-484.8,-484.7,5224.2,TRANSIENT,,(Persian Empire),196,251,7,2026-08-16,Persian Empire,"POLYGON ((31.0607 29.0297, 30.9883 28.9206, 30.9159 28.8422,…"
981,Army of Xerxes,-484.7,-484.6,3806.2,TRANSIENT,,(Persian Empire),196,251,7,2026-08-16,Persian Empire,"POLYGON ((31.3103 29.9448, 31.3103 29.8362, 31.3103 29.681, …"
982,Army of Xerxes,-480.2,-480.1,1947.5,TRANSIENT,,(Persian Empire),196,251,7,2026-08-16,Persian Empire,"POLYGON ((23.5717 38.0667, 23.5 38.0617, 23.4433 38.04, 23.3…"
983,Assyria,-527.5,-498.5,9272.7,POLITY,,(Persian Empire),196,249,0,2026-08-16,Persian Empire,"POLYGON ((33.01564 34.60536, 33.01936 34.59636, 33.02425 34.…"
984,Assyria,-498.5,-497.3,672.8,POLITY,,(Persian Empire),196,249,3,2026-08-16,Persian Empire,"POLYGON ((33.01836 34.63842, 33.02133 34.64864, 33.028 34.65…"
985,Assyria,-497.3,-497.2,8067.7,POLITY,,(Persian Empire),196,249,0,2026-08-16,Persian Empire,"POLYGON ((33.01564 34.60536, 33.01936 34.59636, 33.02425 34.…"
986,Assyria,-497.2,-478.6,9272.7,POLITY,,(Persian Empire),196,249,0,2026-08-16,Persian Empire,"POLYGON ((33.01564 34.60536, 33.01936 34.59636, 33.02425 34.…"
987,Assyria,-478.6,-477.5,672.8,POLITY,,(Persian Empire),196,249,3,2026-08-16,Persian Empire,"POLYGON ((33.01836 34.63842, 33.02133 34.64864, 33.028 34.65…"
988,Assyria,-477.5,-435.7,9272.7,POLITY,,(Persian Empire),196,249,0,2026-08-16,Persian Empire,"POLYGON ((33.01564 34.60536, 33.01936 34.59636, 33.02425 34.…"
989,Assyria,-435.7,-435.3,7661.0,POLITY,,(Persian Empire),196,249,0,2026-08-16,Persian Empire,"POLYGON ((33.01514 34.63478, 33.01367 34.62459, 33.01447 34.…"
990,Assyria,-435.3,-411.2,9272.7,POLITY,,(Persian Empire),196,249,0,2026-08-16,Persian Empire,"POLYGON ((33.01564 34.60536, 33.01936 34.59636, 33.02425 34.…"
991,Assyria,-411.2,-393.5,7661.0,POLITY,,(Persian Empire),196,249,0,2026-08-16,Persian Empire,"POLYGON ((33.01514 34.63478, 33.01367 34.62459, 33.01447 34.…"
992,Assyria,-393.5,-392.5,5780.0,POLITY,,(Persian Empire),196,249,0,2026-08-16,Persian Empire,"POLYGON ((33.01514 34.63478, 33.01367 34.62459, 33.01447 34.…"
993,Assyria,-392.5,-387.6,3331.0,POLITY,,(Persian Empire),196,249,3,2026-08-16,Persian Empire,"MULTIPOLYGON (((33.41364 34.7485, 33.39492 34.74383, 33.3754…"
994,Assyria,-387.6,-387.4,2658.2,POLITY,,(Persian Empire),196,249,4,2026-08-16,Persian Empire,"MULTIPOLYGON (((33.8642 34.995, 33.8792 34.98, 33.8917 34.96…"
995,Assyria,-387.4,-381.5,1453.2,POLITY,,(Persian Empire),196,249,4,2026-08-16,Persian Empire,"POLYGON ((33.8642 34.995, 33.8792 34.98, 33.8917 34.9608, 33…"
996,Assyria,-381.5,-381.4,3331.0,POLITY,,(Persian Empire),196,249,3,2026-08-16,Persian Empire,"MULTIPOLYGON (((33.41364 34.7485, 33.39492 34.74383, 33.3754…"
997,Assyria,-381.4,-381.3,5780.0,POLITY,,(Persian Empire),196,249,0,2026-08-16,Persian Empire,"POLYGON ((33.01514 34.63478, 33.01367 34.62459, 33.01447 34.…"
998,Assyria,-381.3,-380.5,7661.0,POLITY,,(Persian Empire),196,249,0,2026-08-16,Persian Empire,"POLYGON ((33.01514 34.63478, 33.01367 34.62459, 33.01447 34.…"
999,Assyria,-380.5,-346.5,9272.7,POLITY,,(Persian Empire),196,249,0,2026-08-16,Persian Empire,"POLYGON ((33.01564 34.60536, 33.01936 34.59636, 33.02425 34.…"
1000,Assyria,-344.5,-332.5,9272.7,POLITY,,(Persian Empire),196,249,0,2026-08-16,Persian Empire,"POLYGON ((33.01564 34.60536, 33.01936 34.59636, 33.02425 34.…"
1001,Cypriot Kingdoms,-527.5,-498.5,9272.7,POLITY,,(Assyria),196,249,0,2026-08-16,Persian Empire,"POLYGON ((33.01564 34.60536, 33.01936 34.59636, 33.02425 34.…"
1002,Cypriot Kingdoms,-498.5,-497.3,672.8,POLITY,,(Assyria),196,249,3,2026-08-16,Persian Empire,"POLYGON ((33.01836 34.63842, 33.02133 34.64864, 33.028 34.65…"
1003,Cypriot Kingdoms,-497.3,-497.2,8067.7,POLITY,,(Assyria),196,249,0,2026-08-16,Persian Empire,"POLYGON ((33.01564 34.60536, 33.01936 34.59636, 33.02425 34.…"
1004,Cypriot Kingdoms,-497.2,-478.6,9272.7,POLITY,,(Assyria),196,249,0,2026-08-16,Persian Empire,"POLYGON ((33.01564 34.60536, 33.01936 34.59636, 33.02425 34.…"
1005,Cypriot Kingdoms,-478.6,-477.5,672.8,POLITY,,(Assyria),196,249,3,2026-08-16,Persian Empire,"POLYGON ((33.01836 34.63842, 33.02133 34.64864, 33.028 34.65…"
1006,Cypriot Kingdoms,-477.5,-435.7,9272.7,POLITY,,(Assyria),196,249,0,2026-08-16,Persian Empire,"POLYGON ((33.01564 34.60536, 33.01936 34.59636, 33.02425 34.…"
1007,Cypriot Kingdoms,-435.7,-435.3,7661.0,POLITY,,(Assyria),196,249,0,2026-08-16,Persian Empire,"POLYGON ((33.01514 34.63478, 33.01367 34.62459, 33.01447 34.…"
1008,Cypriot Kingdoms,-435.3,-411.2,9272.7,POLITY,,(Assyria),196,249,0,2026-08-16,Persian Empire,"POLYGON ((33.01564 34.60536, 33.01936 34.59636, 33.02425 34.…"
1009,Cypriot Kingdoms,-411.2,-393.5,7661.0,POLITY,,(Assyria),196,249,0,2026-08-16,Persian Empire,"POLYGON ((33.01514 34.63478, 33.01367 34.62459, 33.01447 34.…"
1010,Cypriot Kingdoms,-393.5,-392.5,5780.0,POLITY,,(Assyria),196,249,0,2026-08-16,Persian Empire,"POLYGON ((33.01514 34.63478, 33.01367 34.62459, 33.01447 34.…"
1011,Cypriot Kingdoms,-392.5,-387.6,3331.0,POLITY,,(Assyria),196,249,3,2026-08-16,Persian Empire,"MULTIPOLYGON (((33.41364 34.7485, 33.39492 34.74383, 33.3754…"
1012,Cypriot Kingdoms,-387.6,-387.4,2658.2,POLITY,,(Assyria),196,249,4,2026-08-16,Persian Empire,"MULTIPOLYGON (((33.8642 34.995, 33.8792 34.98, 33.8917 34.96…"
1013,Cypriot Kingdoms,-387.4,-381.5,1453.2,POLITY,,(Assyria),196,249,4,2026-08-16,Persian Empire,"POLYGON ((33.8642 34.995, 33.8792 34.98, 33.8917 34.9608, 33…"
1014,Cypriot Kingdoms,-381.5,-381.4,3331.0,POLITY,,(Assyria),196,249,3,2026-08-16,Persian Empire,"MULTIPOLYGON (((33.41364 34.7485, 33.39492 34.74383, 33.3754…"
1015,Cypriot Kingdoms,-381.4,-381.3,5780.0,POLITY,,(Assyria),196,249,0,2026-08-16,Persian Empire,"POLYGON ((33.01514 34.63478, 33.01367 34.62459, 33.01447 34.…"
1016,Cypriot Kingdoms,-381.3,-380.5,7661.0,POLITY,,(Assyria),196,249,0,2026-08-16,Persian Empire,"POLYGON ((33.01514 34.63478, 33.01367 34.62459, 33.01447 34.…"
1017,Cypriot Kingdoms,-380.5,-346.5,9272.7,POLITY,,(Assyria),196,249,0,2026-08-16,Persian Empire,"POLYGON ((33.01564 34.60536, 33.01936 34.59636, 33.02425 34.…"
1018,Cypriot Kingdoms,-344.5,-332.5,9272.7,POLITY,,(Assyria),196,249,0,2026-08-16,Persian Empire,"POLYGON ((33.01564 34.60536, 33.01936 34.59636, 33.02425 34.…"
1019,Amathous,-527.5,-387.6,672.8,POLITY,,(Cypriot Kingdoms),196,249,3,2026-08-16,Persian Empire,"POLYGON ((33.01836 34.63842, 33.02133 34.64864, 33.028 34.65…"
1020,Amathous,-381.5,-346.5,672.8,POLITY,,(Cypriot Kingdoms),196,249,3,2026-08-16,Persian Empire,"POLYGON ((33.01836 34.63842, 33.02133 34.64864, 33.028 34.65…"
1021,Amathous,-344.5,-332.5,672.8,POLITY,,(Cypriot Kingdoms),196,249,3,2026-08-16,Persian Empire,"POLYGON ((33.01836 34.63842, 33.02133 34.64864, 33.028 34.65…"
1022,Chyt(h)roi,-527.5,-498.5,564.0,POLITY,,(Cypriot Kingdoms),196,249,11,2026-08-16,Persian Empire,"POLYGON ((33.71403 35.38417, 33.70178 35.37444, 33.68273 35.…"
1023,Chyt(h)roi,-497.3,-478.6,564.0,POLITY,,(Cypriot Kingdoms),196,249,11,2026-08-16,Persian Empire,"POLYGON ((33.71403 35.38417, 33.70178 35.37444, 33.68273 35.…"
1024,Chyt(h)roi,-477.5,-393.5,564.0,POLITY,,(Cypriot Kingdoms),196,249,11,2026-08-16,Persian Empire,"POLYGON ((33.71403 35.38417, 33.70178 35.37444, 33.68273 35.…"
1025,Chyt(h)roi,-381.3,-346.5,564.0,POLITY,,(Cypriot Kingdoms),196,249,11,2026-08-16,Persian Empire,"POLYGON ((33.71403 35.38417, 33.70178 35.37444, 33.68273 35.…"
1026,Chyt(h)roi,-344.5,-332.5,564.0,POLITY,,(Cypriot Kingdoms),196,249,11,2026-08-16,Persian Empire,"POLYGON ((33.71403 35.38417, 33.70178 35.37444, 33.68273 35.…"
1027,Idalion,-527.5,-498.5,674.5,POLITY,,(Cypriot Kingdoms),196,249,8,2026-08-16,Persian Empire,"POLYGON ((33.5475 34.9767, 33.5283 34.955, 33.51 34.9317, 33…"
1028,Idalion,-497.3,-478.6,674.5,POLITY,,(Cypriot Kingdoms),196,249,8,2026-08-16,Persian Empire,"POLYGON ((33.5475 34.9767, 33.5283 34.955, 33.51 34.9317, 33…"
1029,Idalion,-477.5,-470.5,674.5,POLITY,,(Cypriot Kingdoms),196,249,8,2026-08-16,Persian Empire,"POLYGON ((33.5475 34.9767, 33.5283 34.955, 33.51 34.9317, 33…"
1030,Kition,-527.5,-498.5,778.7,POLITY,,(Cypriot Kingdoms),196,249,4,2026-08-16,Persian Empire,"POLYGON ((33.8642 34.995, 33.8792 34.98, 33.8917 34.9608, 33…"
1031,Kition,-497.3,-478.6,778.7,POLITY,,(Cypriot Kingdoms),196,249,4,2026-08-16,Persian Empire,"POLYGON ((33.8642 34.995, 33.8792 34.98, 33.8917 34.9608, 33…"
1032,Kition,-477.5,-470.5,778.7,POLITY,,(Cypriot Kingdoms),196,249,4,2026-08-16,Persian Empire,"POLYGON ((33.8642 34.995, 33.8792 34.98, 33.8917 34.9608, 33…"
1033,Kition,-470.5,-350.5,1453.2,POLITY,,(Cypriot Kingdoms),196,249,4,2026-08-16,Persian Empire,"POLYGON ((33.8642 34.995, 33.8792 34.98, 33.8917 34.9608, 33…"
1034,Kition,-350.5,-346.5,2012.9,POLITY,,(Cypriot Kingdoms),196,249,4,2026-08-16,Persian Empire,"POLYGON ((33.8642 34.995, 33.8792 34.98, 33.8917 34.9608, 33…"
1035,Kition,-344.5,-332.5,2012.9,POLITY,,(Cypriot Kingdoms),196,249,4,2026-08-16,Persian Empire,"POLYGON ((33.8642 34.995, 33.8792 34.98, 33.8917 34.9608, 33…"
1036,Kourion,-527.5,-498.5,634.6,POLITY,,(Cypriot Kingdoms),196,249,2,2026-08-16,Persian Empire,"POLYGON ((32.76483 34.65417, 32.76711 34.65708, 32.77545 34.…"
1037,Kourion,-497.3,-478.6,634.6,POLITY,,(Cypriot Kingdoms),196,249,2,2026-08-16,Persian Empire,"POLYGON ((32.76483 34.65417, 32.76711 34.65708, 32.77545 34.…"
1038,Kourion,-477.5,-392.5,634.6,POLITY,,(Cypriot Kingdoms),196,249,2,2026-08-16,Persian Empire,"POLYGON ((32.76483 34.65417, 32.76711 34.65708, 32.77545 34.…"
1039,Kourion,-381.4,-346.5,634.6,POLITY,,(Cypriot Kingdoms),196,249,2,2026-08-16,Persian Empire,"POLYGON ((32.76483 34.65417, 32.76711 34.65708, 32.77545 34.…"
1040,Kourion,-344.5,-332.5,634.6,POLITY,,(Cypriot Kingdoms),196,249,2,2026-08-16,Persian Empire,"POLYGON ((32.76483 34.65417, 32.76711 34.65708, 32.77545 34.…"
1041,Lapethos,-527.5,-498.5,481.6,POLITY,,(Cypriot Kingdoms),196,249,9,2026-08-16,Persian Empire,"POLYGON ((32.94603 35.31564, 32.94353 35.33736, 32.94014 35.…"
1042,Lapethos,-497.3,-478.6,481.6,POLITY,,(Cypriot Kingdoms),196,249,9,2026-08-16,Persian Empire,"POLYGON ((32.94603 35.31564, 32.94353 35.33736, 32.94014 35.…"
1043,Lapethos,-477.5,-393.5,481.6,POLITY,,(Cypriot Kingdoms),196,249,9,2026-08-16,Persian Empire,"POLYGON ((32.94603 35.31564, 32.94353 35.33736, 32.94014 35.…"
1044,Lapethos,-381.3,-346.5,481.6,POLITY,,(Cypriot Kingdoms),196,249,9,2026-08-16,Persian Empire,"POLYGON ((32.94603 35.31564, 32.94353 35.33736, 32.94014 35.…"
1045,Lapethos,-344.5,-332.5,481.6,POLITY,,(Cypriot Kingdoms),196,249,9,2026-08-16,Persian Empire,"POLYGON ((32.94603 35.31564, 32.94353 35.33736, 32.94014 35.…"
1046,Ledrai,-527.5,-498.5,275.8,POLITY,,(Cypriot Kingdoms),196,249,10,2026-08-16,Persian Empire,"POLYGON ((33.36753 35.3307, 33.3658 35.3242, 33.3592 35.315,…"
1047,Ledrai,-497.3,-478.6,275.8,POLITY,,(Cypriot Kingdoms),196,249,10,2026-08-16,Persian Empire,"POLYGON ((33.36753 35.3307, 33.3658 35.3242, 33.3592 35.315,…"
1048,Ledrai,-477.5,-393.5,275.8,POLITY,,(Cypriot Kingdoms),196,249,10,2026-08-16,Persian Empire,"POLYGON ((33.36753 35.3307, 33.3658 35.3242, 33.3592 35.315,…"
1049,Ledrai,-381.3,-346.5,275.8,POLITY,,(Cypriot Kingdoms),196,249,10,2026-08-16,Persian Empire,"POLYGON ((33.36753 35.3307, 33.3658 35.3242, 33.3592 35.315,…"
1050,Ledrai,-344.5,-332.5,275.8,POLITY,,(Cypriot Kingdoms),196,249,10,2026-08-16,Persian Empire,"POLYGON ((33.36753 35.3307, 33.3658 35.3242, 33.3592 35.315,…"
1051,Marion,-527.5,-498.5,734.7,POLITY,,(Cypriot Kingdoms),196,249,0,2026-08-16,Persian Empire,"POLYGON ((32.6725 34.9917, 32.6583 34.9808, 32.6367 34.9717,…"
1052,Marion,-497.3,-478.6,734.7,POLITY,,(Cypriot Kingdoms),196,249,0,2026-08-16,Persian Empire,"POLYGON ((32.6725 34.9917, 32.6583 34.9808, 32.6367 34.9717,…"
1053,Marion,-477.5,-392.5,734.7,POLITY,,(Cypriot Kingdoms),196,249,0,2026-08-16,Persian Empire,"POLYGON ((32.6725 34.9917, 32.6583 34.9808, 32.6367 34.9717,…"
1054,Marion,-381.4,-346.5,734.7,POLITY,,(Cypriot Kingdoms),196,249,0,2026-08-16,Persian Empire,"POLYGON ((32.6725 34.9917, 32.6583 34.9808, 32.6367 34.9717,…"
1055,Marion,-344.5,-332.5,734.7,POLITY,,(Cypriot Kingdoms),196,249,0,2026-08-16,Persian Empire,"POLYGON ((32.6725 34.9917, 32.6583 34.9808, 32.6367 34.9717,…"
1056,Paphos,-527.5,-498.5,1079.7,POLITY,,(Cypriot Kingdoms),196,249,1,2026-08-16,Persian Empire,"POLYGON ((32.38098 34.84575, 32.38683 34.84322, 32.39145 34.…"
1057,Paphos,-497.3,-478.6,1079.7,POLITY,,(Cypriot Kingdoms),196,249,1,2026-08-16,Persian Empire,"POLYGON ((32.38098 34.84575, 32.38683 34.84322, 32.39145 34.…"
1058,Paphos,-477.5,-392.5,1079.7,POLITY,,(Cypriot Kingdoms),196,249,1,2026-08-16,Persian Empire,"POLYGON ((32.38098 34.84575, 32.38683 34.84322, 32.39145 34.…"
1059,Paphos,-381.4,-346.5,1079.7,POLITY,,(Cypriot Kingdoms),196,249,1,2026-08-16,Persian Empire,"POLYGON ((32.38098 34.84575, 32.38683 34.84322, 32.39145 34.…"
1060,Paphos,-344.5,-332.5,1079.7,POLITY,,(Cypriot Kingdoms),196,249,1,2026-08-16,Persian Empire,"POLYGON ((32.38098 34.84575, 32.38683 34.84322, 32.39145 34.…"
1061,Salamis,-527.5,-498.5,1611.6,POLITY,,(Cypriot Kingdoms),196,249,5,2026-08-16,Persian Empire,"POLYGON ((34.08872 34.98633, 34.08056 34.97867, 34.08914 34.…"
1062,Salamis,-497.3,-478.6,1611.6,POLITY,,(Cypriot Kingdoms),196,249,5,2026-08-16,Persian Empire,"POLYGON ((34.08872 34.98633, 34.08056 34.97867, 34.08914 34.…"
1063,Salamis,-477.5,-435.7,1611.6,POLITY,,(Cypriot Kingdoms),196,249,5,2026-08-16,Persian Empire,"POLYGON ((34.08872 34.98633, 34.08056 34.97867, 34.08914 34.…"
1064,Salamis,-435.3,-411.2,1611.6,POLITY,,(Cypriot Kingdoms),196,249,5,2026-08-16,Persian Empire,"POLYGON ((34.08872 34.98633, 34.08056 34.97867, 34.08914 34.…"
1065,Salamis,-380.5,-346.5,1611.6,POLITY,,(Cypriot Kingdoms),196,249,5,2026-08-16,Persian Empire,"POLYGON ((34.08872 34.98633, 34.08056 34.97867, 34.08914 34.…"
1066,Salamis,-344.5,-332.5,1611.6,POLITY,,(Cypriot Kingdoms),196,249,5,2026-08-16,Persian Empire,"POLYGON ((34.08872 34.98633, 34.08056 34.97867, 34.08914 34.…"
1067,Soloi,-527.5,-498.5,1204.9,POLITY,,(Cypriot Kingdoms),196,249,6,2026-08-16,Persian Empire,"POLYGON ((33.0875 34.9833, 33.0767 34.9692, 33.065 34.9533, …"
1068,Soloi,-497.2,-478.6,1204.9,POLITY,,(Cypriot Kingdoms),196,249,6,2026-08-16,Persian Empire,"POLYGON ((33.0875 34.9833, 33.0767 34.9692, 33.065 34.9533, …"
1069,Soloi,-477.5,-387.4,1204.9,POLITY,,(Cypriot Kingdoms),196,249,6,2026-08-16,Persian Empire,"POLYGON ((33.0875 34.9833, 33.0767 34.9692, 33.065 34.9533, …"
1070,Soloi,-381.5,-346.5,1204.9,POLITY,,(Cypriot Kingdoms),196,249,6,2026-08-16,Persian Empire,"POLYGON ((33.0875 34.9833, 33.0767 34.9692, 33.065 34.9533, …"
1071,Soloi,-344.5,-332.5,1204.9,POLITY,,(Cypriot Kingdoms),196,249,6,2026-08-16,Persian Empire,"POLYGON ((33.0875 34.9833, 33.0767 34.9692, 33.065 34.9533, …"
1072,Tamassos,-527.5,-498.5,559.7,POLITY,,(Cypriot Kingdoms),196,249,7,2026-08-16,Persian Empire,"POLYGON ((33.3167 34.9917, 33.3083 34.9833, 33.2908 34.975, …"
1073,Tamassos,-497.3,-478.6,559.7,POLITY,,(Cypriot Kingdoms),196,249,7,2026-08-16,Persian Empire,"POLYGON ((33.3167 34.9917, 33.3083 34.9833, 33.2908 34.975, …"
1074,Tamassos,-477.5,-393.5,559.7,POLITY,,(Cypriot Kingdoms),196,249,7,2026-08-16,Persian Empire,"POLYGON ((33.3167 34.9917, 33.3083 34.9833, 33.2908 34.975, …"
1075,Tamassos,-381.3,-350.5,559.7,POLITY,,(Cypriot Kingdoms),196,249,7,2026-08-16,Persian Empire,"POLYGON ((33.3167 34.9917, 33.3083 34.9833, 33.2908 34.975, …"
1076,Babylonia,-539.2,-525.5,560340.5,POLITY,,(Persian Empire),196,242,8,2026-08-16,Persian Empire,"MULTIPOLYGON (((34.7721 31.0047, 34.7162 31.0326, 34.6541 31…"
1077,Babylonia,-525.5,-522.3,569112.5,POLITY,,(Persian Empire),196,242,8,2026-08-16,Persian Empire,"MULTIPOLYGON (((34.519 31.032, 34.4466 30.9884, 34.3638 30.9…"
1078,Babylonia,-522.3,-522.1,482852.7,POLITY,,(Persian Empire),196,242,4,2026-08-16,Persian Empire,"MULTIPOLYGON (((34.519 31.032, 34.4466 30.9884, 34.3638 30.9…"
1079,Babylonia,-522.1,-521.3,524078.0,POLITY,,(Persian Empire),196,242,8,2026-08-16,Persian Empire,"MULTIPOLYGON (((34.519 31.032, 34.4466 30.9884, 34.3638 30.9…"
1080,Babylonia,-521.3,-521.1,482852.7,POLITY,,(Persian Empire),196,242,4,2026-08-16,Persian Empire,"MULTIPOLYGON (((34.519 31.032, 34.4466 30.9884, 34.3638 30.9…"
1081,Babylonia,-521.1,-484.3,569112.5,POLITY,,(Persian Empire),196,242,8,2026-08-16,Persian Empire,"MULTIPOLYGON (((34.519 31.032, 34.4466 30.9884, 34.3638 30.9…"
1082,Babylonia,-484.3,-484.1,482852.7,POLITY,,(Persian Empire),196,242,4,2026-08-16,Persian Empire,"MULTIPOLYGON (((34.519 31.032, 34.4466 30.9884, 34.3638 30.9…"
1083,Babylonia,-484.1,-482.3,569112.5,POLITY,,(Persian Empire),196,242,8,2026-08-16,Persian Empire,"MULTIPOLYGON (((34.519 31.032, 34.4466 30.9884, 34.3638 30.9…"
1084,Babylonia,-482.3,-482.1,482852.7,POLITY,,(Persian Empire),196,242,4,2026-08-16,Persian Empire,"MULTIPOLYGON (((34.519 31.032, 34.4466 30.9884, 34.3638 30.9…"
1085,Babylonia,-482.1,-333.3,569112.5,POLITY,,(Persian Empire),196,242,8,2026-08-16,Persian Empire,"MULTIPOLYGON (((34.519 31.032, 34.4466 30.9884, 34.3638 30.9…"
1086,Babylonia,-333.3,-331.3,533101.4,POLITY,,(Persian Empire),196,242,8,2026-08-16,Persian Empire,"MULTIPOLYGON (((34.519 31.032, 34.4466 30.9884, 34.3638 30.9…"
1087,Babylonia,-331.3,-331.1,400364.1,POLITY,,(Persian Empire),196,242,8,2026-08-16,Persian Empire,"POLYGON ((44.9293 31.2808, 44.8517 31.2852, 44.769 31.2852, …"
1088,Babylonia,-331.1,-331.0,190786.0,POLITY,,(Persian Empire),196,242,8,2026-08-16,Persian Empire,"POLYGON ((48.0344 29.653, 47.9552 29.6655, 47.8386 29.6363, …"
1089,Assyria,-539.2,-525.5,369554.5,POLITY,,(Babylonia),196,242,4,2026-08-16,Persian Empire,"MULTIPOLYGON (((34.8259 30.9959, 34.7721 31.0047, 34.7162 31…"
1090,Assyria,-525.5,-333.3,378326.5,POLITY,,(Babylonia),196,242,4,2026-08-16,Persian Empire,"MULTIPOLYGON (((34.519 31.032, 34.4466 30.9884, 34.3638 30.9…"
1091,Assyria,-333.3,-331.3,342315.4,POLITY,,(Babylonia),196,242,4,2026-08-16,Persian Empire,"MULTIPOLYGON (((34.5703 31.0552, 34.519 31.032, 34.4466 30.9…"
1092,Assyria,-331.3,-331.1,209578.1,POLITY,,(Babylonia),196,242,5,2026-08-16,Persian Empire,"POLYGON ((43.56422 34.9832, 43.55395 34.97506, 43.52586 34.9…"
1093,Assyria,-539.2,-331.1,209578.1,POLITY,,(Assyria),196,242,5,2026-08-16,Persian Empire,"POLYGON ((43.56422 34.9832, 43.55395 34.97506, 43.52586 34.9…"
1094,Kilikia,-539.2,-333.3,36011.1,POLITY,,(Assyria),196,242,3,2026-08-16,Persian Empire,"MULTIPOLYGON (((33.76206 36.18334, 33.77017 36.18919, 33.772…"
1095,Pityussa,-539.2,-333.3,3.3,POLITY,,(Kilikia),196,242,3,2026-08-16,Persian Empire,"POLYGON ((33.76339 36.17581, 33.78197 36.18164, 33.78506 36.…"
1096,Syria,-539.2,-525.5,123965.3,POLITY,,(Assyria),196,242,4,2026-08-16,Persian Empire,"POLYGON ((34.9397 30.9785, 34.8817 30.9837, 34.8259 30.9959,…"
1097,Syria,-525.5,-331.3,132737.3,POLITY,,(Assyria),196,242,4,2026-08-16,Persian Empire,"MULTIPOLYGON (((32.8802 31.10697, 32.8845 31.10545, 32.88892…"
1098,Babylonia,-539.2,-522.3,190786.0,POLITY,,(Babylonia),196,242,8,2026-08-16,Persian Empire,"POLYGON ((48.0344 29.653, 47.9552 29.6655, 47.8386 29.6363, …"
1099,Babylonia,-522.3,-522.1,104526.2,POLITY,,(Babylonia),196,242,6,2026-08-16,Persian Empire,"POLYGON ((46.0067 34.96, 45.9842 34.955, 45.9892 34.9375, 46…"
1100,Babylonia,-522.1,-521.3,145751.5,POLITY,,(Babylonia),196,242,8,2026-08-16,Persian Empire,"POLYGON ((48.1094 29.6196, 48.0344 29.653, 47.9552 29.6655, …"
1101,Babylonia,-521.3,-521.1,104526.2,POLITY,,(Babylonia),196,242,6,2026-08-16,Persian Empire,"POLYGON ((46.0067 34.96, 45.9842 34.955, 45.9892 34.9375, 46…"
1102,Babylonia,-521.1,-484.3,190786.0,POLITY,,(Babylonia),196,242,8,2026-08-16,Persian Empire,"POLYGON ((48.0344 29.653, 47.9552 29.6655, 47.8386 29.6363, …"
1103,Babylonia,-484.3,-484.1,104526.2,POLITY,,(Babylonia),196,242,6,2026-08-16,Persian Empire,"POLYGON ((46.0067 34.96, 45.9842 34.955, 45.9892 34.9375, 46…"
1104,Babylonia,-484.1,-482.3,190786.0,POLITY,,(Babylonia),196,242,8,2026-08-16,Persian Empire,"POLYGON ((48.0344 29.653, 47.9552 29.6655, 47.8386 29.6363, …"
1105,Babylonia,-482.3,-482.1,104526.2,POLITY,,(Babylonia),196,242,6,2026-08-16,Persian Empire,"POLYGON ((46.0067 34.96, 45.9842 34.955, 45.9892 34.9375, 46…"
1106,Babylonia,-482.1,-331.0,190786.0,POLITY,,(Babylonia),196,242,8,2026-08-16,Persian Empire,"POLYGON ((48.0344 29.653, 47.9552 29.6655, 47.8386 29.6363, …"
1107,Arbelitis,-539.2,-522.1,45034.5,POLITY,,(Babylonia),196,242,6,2026-08-16,Persian Empire,"POLYGON ((44.38236 34.991, 44.37981 34.98389, 44.36859 34.97…"
1108,Arbelitis,-521.3,-331.0,45034.5,POLITY,,(Babylonia),196,242,6,2026-08-16,Persian Empire,"POLYGON ((44.38236 34.991, 44.37981 34.98389, 44.36859 34.97…"
1109,Babylonia,-539.2,-522.3,86259.8,POLITY,,(Babylonia),196,242,8,2026-08-16,Persian Empire,"POLYGON ((48.1552 29.5821, 48.1094 29.6196, 48.0344 29.653, …"
1110,Babylonia,-522.1,-521.3,86259.8,POLITY,,(Babylonia),196,242,8,2026-08-16,Persian Empire,"POLYGON ((48.1552 29.5821, 48.1094 29.6196, 48.0344 29.653, …"
1111,Babylonia,-521.1,-484.3,86259.8,POLITY,,(Babylonia),196,242,8,2026-08-16,Persian Empire,"POLYGON ((48.1552 29.5821, 48.1094 29.6196, 48.0344 29.653, …"
1112,Babylonia,-484.1,-482.3,86259.8,POLITY,,(Babylonia),196,242,8,2026-08-16,Persian Empire,"POLYGON ((48.1552 29.5821, 48.1094 29.6196, 48.0344 29.653, …"
1113,Babylonia,-482.1,-331.0,86259.8,POLITY,,(Babylonia),196,242,8,2026-08-16,Persian Empire,"POLYGON ((48.1552 29.5821, 48.1094 29.6196, 48.0344 29.653, …"
1114,Sittakene,-539.2,-331.0,59491.7,POLITY,,(Babylonia),196,242,7,2026-08-16,Persian Empire,"POLYGON ((46.0067 34.96, 45.9842 34.955, 45.9892 34.9375, 46…"
1115,Bactrian Army,-522.0,-521.8,4085.3,TRANSIENT,,(Persian Empire),196,245,3,2026-08-16,Persian Empire,"POLYGON ((65.0508 38.015, 65.1008 37.9567, 65.1883 37.8567, …"
1116,Baktriane,-545.5,-542.5,417998.3,POLITY,,(Persian Empire),196,241,10,2026-08-16,Persian Empire,"POLYGON ((64.8931 34.075, 64.7556 34.0375, 64.714 34.0125, 6…"
1117,Baktriane,-542.5,-535.5,429708.5,POLITY,,(Persian Empire),196,241,10,2026-08-16,Persian Empire,"MULTIPOLYGON (((64.8931 34.075, 64.7556 34.0375, 64.714 34.0…"
1118,Baktriane,-535.5,-533.5,631452.5,POLITY,,(Persian Empire),196,241,10,2026-08-16,Persian Empire,"POLYGON ((64.7556 34.0375, 64.714 34.0125, 64.6056 34, 64.50…"
1119,Baktriane,-533.5,-532.5,652978.2,POLITY,,(Persian Empire),196,241,10,2026-08-16,Persian Empire,"POLYGON ((64.7556 34.0375, 64.714 34.0125, 64.6056 34, 64.50…"
1120,Baktriane,-532.5,-522.1,840818.7,POLITY,,(Persian Empire),196,241,10,2026-08-16,Persian Empire,"POLYGON ((66.564 34.375, 66.5306 34.4083, 66.4681 34.4167, 6…"
1121,Baktriane,-522.1,-521.9,667918.1,POLITY,,(Persian Empire),196,241,10,2026-08-16,Persian Empire,"POLYGON ((61.7348 34.8542, 61.8015 34.8292, 61.8973 34.8083,…"
1122,Baktriane,-521.9,-520.5,840818.7,POLITY,,(Persian Empire),196,241,10,2026-08-16,Persian Empire,"POLYGON ((66.564 34.375, 66.5306 34.4083, 66.4681 34.4167, 6…"
1123,Baktriane,-520.5,-519.5,1181137.4,POLITY,,(Persian Empire),196,241,10,2026-08-16,Persian Empire,"MULTIPOLYGON (((64.7556 34.0375, 64.714 34.0125, 64.6056 34,…"
1124,Baktriane,-519.5,-518.5,1501791.1,POLITY,,(Persian Empire),196,241,10,2026-08-16,Persian Empire,"MULTIPOLYGON (((59.7175 32.8983, 59.6675 32.9583, 59.5725 33…"
1125,Baktriane,-518.5,-517.5,1531814.6,POLITY,,(Persian Empire),196,241,10,2026-08-16,Persian Empire,"MULTIPOLYGON (((59.7175 32.8983, 59.6675 32.9583, 59.5725 33…"
1126,Baktriane,-517.5,-516.5,1546827.5,POLITY,,(Persian Empire),196,241,10,2026-08-16,Persian Empire,"MULTIPOLYGON (((59.7175 32.8983, 59.6675 32.9583, 59.5725 33…"
1127,Baktriane,-516.5,-464.6,1555292.8,POLITY,,(Persian Empire),196,241,10,2026-08-16,Persian Empire,"MULTIPOLYGON (((59.7175 32.8983, 59.6675 32.9583, 59.5725 33…"
1128,Baktriane,-464.6,-463.5,1444677.4,POLITY,,(Persian Empire),196,241,10,2026-08-16,Persian Empire,"MULTIPOLYGON (((59.7175 32.8983, 59.6675 32.9583, 59.5725 33…"
1129,Baktriane,-463.5,-337.5,1555292.8,POLITY,,(Persian Empire),196,241,10,2026-08-16,Persian Empire,"MULTIPOLYGON (((59.7175 32.8983, 59.6675 32.9583, 59.5725 33…"
1130,Baktriane,-337.5,-330.4,1524959.0,POLITY,,(Persian Empire),196,241,10,2026-08-16,Persian Empire,"MULTIPOLYGON (((59.7175 32.8983, 59.6675 32.9583, 59.5725 33…"
1131,Baktriane,-330.4,-330.3,1390476.6,POLITY,,(Persian Empire),196,241,9,2026-08-16,Persian Empire,"MULTIPOLYGON (((64.7056 34.5625, 64.664 34.5125, 64.5473 34.…"
1132,Baktriane,-330.3,-330.2,1524959.0,POLITY,,(Persian Empire),196,241,10,2026-08-16,Persian Empire,"MULTIPOLYGON (((59.7175 32.8983, 59.6675 32.9583, 59.5725 33…"
1133,Baktriane,-330.2,-329.5,1390476.6,POLITY,,(Persian Empire),196,241,9,2026-08-16,Persian Empire,"MULTIPOLYGON (((64.7056 34.5625, 64.664 34.5125, 64.5473 34.…"
1134,Amyrgioi,-532.5,-329.5,187840.4,POLITY,,(Baktriane),196,243,0,2026-08-16,Persian Empire,"POLYGON ((73.6561 39.9671, 73.6111 39.9346, 73.5661 39.8996,…"
1135,Areia,-545.5,-330.4,134482.4,POLITY,,(Baktriane),196,241,10,2026-08-16,Persian Empire,"POLYGON ((61.5973 34.9542, 61.6556 34.9125, 61.7348 34.8542,…"
1136,Areia,-330.3,-330.2,134482.4,POLITY,,(Baktriane),196,241,10,2026-08-16,Persian Empire,"POLYGON ((61.5973 34.9542, 61.6556 34.9125, 61.7348 34.8542,…"
1137,Baktriane,-545.5,-522.1,283515.9,POLITY,,(Baktriane),196,241,9,2026-08-16,Persian Empire,"POLYGON ((68.2233 34.9575, 68.2217 34.9058, 68.21 34.8175, 6…"
1138,Baktriane,-522.1,-521.9,110615.4,POLITY,,(Baktriane),196,241,8,2026-08-16,Persian Empire,"POLYGON ((68.2233 34.9575, 68.2217 34.9058, 68.21 34.8175, 6…"
1139,Baktriane,-521.9,-464.6,283515.9,POLITY,,(Baktriane),196,241,9,2026-08-16,Persian Empire,"POLYGON ((68.2233 34.9575, 68.2217 34.9058, 68.21 34.8175, 6…"
1140,Baktriane,-464.6,-463.5,172900.5,POLITY,,(Baktriane),196,241,9,2026-08-16,Persian Empire,"POLYGON ((64.7723 34.7167, 64.7306 34.6542, 64.7056 34.5625,…"
1141,Baktriane,-463.5,-329.5,283515.9,POLITY,,(Baktriane),196,241,9,2026-08-16,Persian Empire,"POLYGON ((68.2233 34.9575, 68.2217 34.9058, 68.21 34.8175, 6…"
1142,Baktriane,-545.5,-464.6,110615.4,POLITY,,(Baktriane),196,241,8,2026-08-16,Persian Empire,"POLYGON ((68.2233 34.9575, 68.2217 34.9058, 68.21 34.8175, 6…"
1143,Baktriane,-463.5,-329.5,110615.4,POLITY,,(Baktriane),196,241,8,2026-08-16,Persian Empire,"POLYGON ((68.2233 34.9575, 68.2217 34.9058, 68.21 34.8175, 6…"
1144,Margiana,-545.5,-522.1,172900.5,POLITY,,(Baktriane),196,241,9,2026-08-16,Persian Empire,"POLYGON ((64.7723 34.7167, 64.7306 34.6542, 64.7056 34.5625,…"
1145,Margiana,-521.9,-329.5,172900.5,POLITY,,(Baktriane),196,241,9,2026-08-16,Persian Empire,"POLYGON ((64.7723 34.7167, 64.7306 34.6542, 64.7056 34.5625,…"
1146,Daoi,-520.5,-329.5,340318.7,POLITY,,(Baktriane),196,245,7,2026-08-16,Persian Empire,"MULTIPOLYGON (((54.97956 39.53475, 54.9695 39.51734, 54.9677…"
1147,Gandara,-542.5,-535.5,11710.2,POLITY,,(Baktriane),196,241,15,2026-08-16,Persian Empire,"POLYGON ((68.791 35, 68.7599 34.958, 68.7289 34.8908, 68.682…"
1148,Gandara,-535.5,-533.5,23997.5,POLITY,,(Baktriane),196,241,15,2026-08-16,Persian Empire,"POLYGON ((69.8981 33.7509, 69.8099 33.8214, 69.7128 33.8567,…"
1149,Gandara,-533.5,-518.5,23997.4,POLITY,,(Baktriane),196,241,15,2026-08-16,Persian Empire,"POLYGON ((69.8981 33.7509, 69.8099 33.8214, 69.7128 33.8567,…"
1150,Gandara,-518.5,-517.5,54020.9,POLITY,,(Baktriane),196,241,15,2026-08-16,Persian Empire,"POLYGON ((71.43151 32.81358, 71.40459 32.76717, 71.3935 32.7…"
1151,Gandara,-517.5,-516.5,69033.7,POLITY,,(Baktriane),196,241,15,2026-08-16,Persian Empire,"POLYGON ((72.9344 34.2909, 72.9521 34.2777, 73.005 34.2335, …"
1152,Gandara,-516.5,-337.5,77499.0,POLITY,,(Baktriane),196,241,15,2026-08-16,Persian Empire,"POLYGON ((72.90591 34.99011, 72.90591 34.98253, 72.89836 34.…"
1153,Gandara,-337.5,-329.5,47165.3,POLITY,,(Baktriane),196,241,15,2026-08-16,Persian Empire,"POLYGON ((71.4682 34.9518, 71.4082 34.9301, 71.3606 34.9177,…"
1154,Gandara,-518.5,-517.5,30023.5,POLITY,,(Gandara),196,242,15,2026-08-16,Persian Empire,"POLYGON ((71.43211 32.82459, 71.43151 32.81358, 71.40459 32.…"
1155,Gandara,-517.5,-516.5,45036.4,POLITY,,(Gandara),196,242,15,2026-08-16,Persian Empire,"POLYGON ((72.8594 34.3041, 72.9344 34.2909, 72.9521 34.2777,…"
1156,Gandara,-516.5,-337.5,30333.8,POLITY,,(Gandara),196,242,15,2026-08-16,Persian Empire,"POLYGON ((72.90311 34.99758, 72.90591 34.99011, 72.90591 34.…"
1157,Paropamisos,-542.5,-535.5,11710.2,POLITY,,(Gandara),196,241,15,2026-08-16,Persian Empire,"POLYGON ((68.791 35, 68.7599 34.958, 68.7289 34.8908, 68.682…"
1158,Paropamisos,-535.5,-533.5,23997.5,POLITY,,(Gandara),196,241,15,2026-08-16,Persian Empire,"POLYGON ((69.8981 33.7509, 69.8099 33.8214, 69.7128 33.8567,…"
1159,Paropamisos,-533.5,-516.5,23997.4,POLITY,,(Gandara),196,241,15,2026-08-16,Persian Empire,"POLYGON ((69.8981 33.7509, 69.8099 33.8214, 69.7128 33.8567,…"
1160,Paropamisos,-516.5,-329.5,47165.3,POLITY,,(Gandara),196,241,15,2026-08-16,Persian Empire,"POLYGON ((71.4682 34.9518, 71.4082 34.9301, 71.3606 34.9177,…"
1161,Massagetai,-519.5,-329.5,320653.7,POLITY,,(Baktriane),196,245,6,2026-08-16,Persian Empire,"POLYGON ((64.5818 39.8737, 64.5793 39.7912, 64.5593 39.7012,…"
1162,Sogdia,-535.5,-533.5,189456.6,POLITY,,(Baktriane),196,242,12,2026-08-16,Persian Empire,"POLYGON ((69.99741 37.5645, 69.99061 37.5665, 69.97791 37.56…"
1163,Sogdia,-533.5,-329.5,210982.5,POLITY,,(Baktriane),196,242,12,2026-08-16,Persian Empire,"POLYGON ((70.79342 38.4405, 70.7937 38.44047, 70.80131 38.43…"
1164,Dyrbaioi,-533.5,-329.5,21623.6,POLITY,,(Sogdia),196,242,14,2026-08-16,Persian Empire,"POLYGON ((70.78753 38.44378, 70.78953 38.44267, 70.79342 38.…"
1165,Sogdia,-535.5,-329.5,189456.6,POLITY,,(Sogdia),196,242,12,2026-08-16,Persian Empire,"POLYGON ((69.99741 37.5645, 69.99061 37.5665, 69.97791 37.56…"
1166,Doriskos,-475.5,-465.5,293.3,POLITY,,(Persian Empire),196,253,7,2026-08-16,Persian Empire,"POLYGON ((26.2632 40.8861, 26.2609 40.8985, 26.257 40.9104, …"
1167,Egypt,-525.5,-524.5,654894.7,POLITY,,(Persian Empire),196,246,5,2026-08-16,Persian Empire,"MULTIPOLYGON (((29.6793 25.2645, 29.5552 25.4346, 29.3845 25…"
1168,Egypt,-524.5,-523.5,728971.1,POLITY,,(Persian Empire),196,246,5,2026-08-16,Persian Empire,"MULTIPOLYGON (((29.6793 25.2645, 29.5552 25.4346, 29.3845 25…"
1169,Egypt,-523.5,-515.5,894646.7,POLITY,,(Persian Empire),196,246,5,2026-08-16,Persian Empire,"MULTIPOLYGON (((29.6793 25.2645, 29.5552 25.4346, 29.3845 25…"
1170,Egypt,-515.5,-486.5,1019703.4,POLITY,,(Persian Empire),196,246,5,2026-08-16,Persian Empire,"MULTIPOLYGON (((29.6793 25.2645, 29.5552 25.4346, 29.3845 25…"
1171,Egypt,-486.5,-484.9,959554.0,POLITY,,(Persian Empire),196,243,10,2026-08-16,Persian Empire,"POLYGON ((34.9583 20.8792, 34.9042 20.8792, 34.8875 20.9208,…"
1172,Egypt,-484.9,-440.5,1019703.4,POLITY,,(Persian Empire),196,246,5,2026-08-16,Persian Empire,"MULTIPOLYGON (((29.6793 25.2645, 29.5552 25.4346, 29.3845 25…"
1173,Egypt,-440.5,-404.2,894646.7,POLITY,,(Persian Empire),196,246,5,2026-08-16,Persian Empire,"MULTIPOLYGON (((29.6793 25.2645, 29.5552 25.4346, 29.3845 25…"
1174,Egypt,-404.2,-402.5,884321.1,POLITY,,(Persian Empire),196,246,5,2026-08-16,Persian Empire,"MULTIPOLYGON (((30.5259 24.1773, 30.5 24.2645, 30.4845 24.33…"
1175,Egypt,-402.5,-400.5,775021.0,POLITY,,(Persian Empire),196,246,5,2026-08-16,Persian Empire,"MULTIPOLYGON (((34.9583 20.8792, 34.9042 20.8792, 34.8875 20…"
1176,Egypt,-400.5,-342.6,293136.3,POLITY,,(Persian Empire),196,243,8,2026-08-16,Persian Empire,"POLYGON ((34.995 28.10986, 34.98622 28.10181, 34.96475 28.09…"
1177,Egypt,-342.6,-342.5,353345.7,POLITY,,(Persian Empire),196,243,9,2026-08-16,Persian Empire,"MULTIPOLYGON (((31.2831 29.689, 31.2914 29.6785, 31.2986 29.…"
1178,Egypt,-342.5,-336.5,654894.7,POLITY,,(Persian Empire),196,246,5,2026-08-16,Persian Empire,"MULTIPOLYGON (((29.6793 25.2645, 29.5552 25.4346, 29.3845 25…"
1179,Egypt,-336.5,-335.5,651147.2,POLITY,,(Persian Empire),196,246,5,2026-08-16,Persian Empire,"MULTIPOLYGON (((29.6793 25.2645, 29.5552 25.4346, 29.3845 25…"
1180,Egypt,-335.5,-331.6,654894.7,POLITY,,(Persian Empire),196,246,5,2026-08-16,Persian Empire,"MULTIPOLYGON (((29.6793 25.2645, 29.5552 25.4346, 29.3845 25…"
1181,Egypt,-331.6,-331.3,293136.3,POLITY,,(Persian Empire),196,243,8,2026-08-16,Persian Empire,"POLYGON ((34.995 28.10986, 34.98622 28.10181, 34.96475 28.09…"
1182,Aithiopia,-523.5,-400.5,165675.5,POLITY,,(Egypt),196,245,1,2026-08-16,Persian Empire,"POLYGON ((34.9583 20.8792, 34.9042 20.8792, 34.8875 20.9208,…"
1183,Arabia,-525.5,-331.3,293136.3,POLITY,,(Egypt),196,243,8,2026-08-16,Persian Empire,"POLYGON ((34.995 28.10986, 34.98622 28.10181, 34.96475 28.09…"
1184,Egypt,-525.5,-486.5,361758.5,POLITY,,(Egypt),196,246,5,2026-08-16,Persian Empire,"MULTIPOLYGON (((29.6793 25.2645, 29.5552 25.4346, 29.3845 25…"
1185,Egypt,-486.5,-484.9,301609.1,POLITY,,(Egypt),196,243,10,2026-08-16,Persian Empire,"MULTIPOLYGON (((29.5552 25.4346, 29.3845 25.5523, 29.2293 25…"
1186,Egypt,-484.9,-404.2,361758.5,POLITY,,(Egypt),196,246,5,2026-08-16,Persian Empire,"MULTIPOLYGON (((29.6793 25.2645, 29.5552 25.4346, 29.3845 25…"
1187,Egypt,-404.2,-402.5,351432.9,POLITY,,(Egypt),196,246,5,2026-08-16,Persian Empire,"MULTIPOLYGON (((32.6517 24.0552, 32.5793 24.0465, 32.4965 24…"
1188,Egypt,-402.5,-400.5,316209.2,POLITY,,(Egypt),196,246,5,2026-08-16,Persian Empire,"POLYGON ((29.7879 25.2122, 29.6793 25.2645, 29.5552 25.4346,…"
1189,Egypt,-342.6,-342.5,60209.5,POLITY,,(Egypt),196,243,9,2026-08-16,Persian Empire,"MULTIPOLYGON (((31.2831 29.689, 31.2914 29.6785, 31.2986 29.…"
1190,Egypt,-342.5,-336.5,361758.5,POLITY,,(Egypt),196,246,5,2026-08-16,Persian Empire,"MULTIPOLYGON (((29.6793 25.2645, 29.5552 25.4346, 29.3845 25…"
1191,Egypt,-336.5,-335.5,358011.0,POLITY,,(Egypt),196,246,5,2026-08-16,Persian Empire,"MULTIPOLYGON (((29.6793 25.2645, 29.5552 25.4346, 29.3845 25…"
1192,Egypt,-335.5,-331.6,361758.5,POLITY,,(Egypt),196,246,5,2026-08-16,Persian Empire,"MULTIPOLYGON (((29.6793 25.2645, 29.5552 25.4346, 29.3845 25…"
1193,Egypt,-525.5,-486.5,60209.5,POLITY,,(Egypt),196,243,9,2026-08-16,Persian Empire,"MULTIPOLYGON (((31.2831 29.689, 31.2914 29.6785, 31.2986 29.…"
1194,Egypt,-486.5,-484.9,35286.3,POLITY,,(Egypt),196,243,9,2026-08-16,Persian Empire,"MULTIPOLYGON (((31.0779 29.9704, 31.0772 29.9674, 31.0676 29…"
1195,Egypt,-484.9,-404.2,60209.5,POLITY,,(Egypt),196,243,9,2026-08-16,Persian Empire,"MULTIPOLYGON (((31.2831 29.689, 31.2914 29.6785, 31.2986 29.…"
1196,Egypt,-404.2,-402.5,49883.9,POLITY,,(Egypt),196,243,9,2026-08-16,Persian Empire,"MULTIPOLYGON (((31.2831 29.689, 31.2914 29.6785, 31.2986 29.…"
1197,Egypt,-402.5,-400.5,951.8,POLITY,,(Egypt),196,247,12,2026-08-16,Persian Empire,"POLYGON ((31.2369 29.9613, 31.2452 29.9544, 31.2534 29.9483,…"
1198,Egypt,-342.6,-342.5,60209.5,POLITY,,(Egypt),196,243,9,2026-08-16,Persian Empire,"MULTIPOLYGON (((31.2831 29.689, 31.2914 29.6785, 31.2986 29.…"
1199,Egypt,-342.5,-336.5,127480.7,POLITY,,(Egypt),196,243,9,2026-08-16,Persian Empire,"MULTIPOLYGON (((29.3845 25.5523, 29.2293 25.7224, 29.0897 25…"
1200,Egypt,-336.5,-335.5,123733.2,POLITY,,(Egypt),196,243,9,2026-08-16,Persian Empire,"MULTIPOLYGON (((29.3845 25.5523, 29.2293 25.7224, 29.0897 25…"
1201,Egypt,-335.5,-331.6,127480.7,POLITY,,(Egypt),196,243,9,2026-08-16,Persian Empire,"MULTIPOLYGON (((29.3845 25.5523, 29.2293 25.7224, 29.0897 25…"
1202,Lower Egypt Nome 1 Aneb-Hetch,-525.5,-486.5,951.8,POLITY,,(Egypt),196,247,12,2026-08-16,Persian Empire,"POLYGON ((31.2369 29.9613, 31.2452 29.9544, 31.2534 29.9483,…"
1203,Lower Egypt Nome 1 Aneb-Hetch,-484.9,-400.5,951.8,POLITY,,(Egypt),196,247,12,2026-08-16,Persian Empire,"POLYGON ((31.2369 29.9613, 31.2452 29.9544, 31.2534 29.9483,…"
1204,Lower Egypt Nome 1 Aneb-Hetch,-342.6,-331.6,951.8,POLITY,,(Egypt),196,247,12,2026-08-16,Persian Empire,"POLYGON ((31.2369 29.9613, 31.2452 29.9544, 31.2534 29.9483,…"
1205,Lower Egypt Nome 10 Ka-khem/Ka-qem/Ken-wer,-525.5,-486.5,1079.3,POLITY,,(Egypt),196,248,5,2026-08-16,Persian Empire,"POLYGON ((31.5272 30.6159, 31.522 30.609, 31.5106 30.6002, 3…"
1206,Lower Egypt Nome 10 Ka-khem/Ka-qem/Ken-wer,-484.9,-402.5,1079.3,POLITY,,(Egypt),196,248,5,2026-08-16,Persian Empire,"POLYGON ((31.5272 30.6159, 31.522 30.609, 31.5106 30.6002, 3…"
1207,Lower Egypt Nome 10 Ka-khem/Ka-qem/Ken-wer,-342.6,-331.6,1079.3,POLITY,,(Egypt),196,248,5,2026-08-16,Persian Empire,"POLYGON ((31.5272 30.6159, 31.522 30.609, 31.5106 30.6002, 3…"
1208,Lower Egypt Nome 11 Ka-henseb,-525.5,-486.5,1154.2,POLITY,,(Egypt),196,248,6,2026-08-16,Persian Empire,"POLYGON ((31.5041 30.9375, 31.6772 30.9375, 31.7434 30.8968,…"
1209,Lower Egypt Nome 11 Ka-henseb,-484.9,-402.5,1154.2,POLITY,,(Egypt),196,248,6,2026-08-16,Persian Empire,"POLYGON ((31.5041 30.9375, 31.6772 30.9375, 31.7434 30.8968,…"
1210,Lower Egypt Nome 11 Ka-henseb,-342.6,-331.6,1154.2,POLITY,,(Egypt),196,248,6,2026-08-16,Persian Empire,"POLYGON ((31.5041 30.9375, 31.6772 30.9375, 31.7434 30.8968,…"
1211,Lower Egypt Nome 12 Theb-ka,-525.5,-486.5,1680.1,POLITY,,(Egypt),196,248,7,2026-08-16,Persian Empire,"POLYGON ((31.55467 31.43919, 31.55 31.4349, 31.549 31.4279, …"
1212,Lower Egypt Nome 12 Theb-ka,-484.9,-402.5,1680.1,POLITY,,(Egypt),196,248,7,2026-08-16,Persian Empire,"POLYGON ((31.55467 31.43919, 31.55 31.4349, 31.549 31.4279, …"
1213,Lower Egypt Nome 12 Theb-ka,-342.6,-331.6,1680.1,POLITY,,(Egypt),196,248,7,2026-08-16,Persian Empire,"POLYGON ((31.55467 31.43919, 31.55 31.4349, 31.549 31.4279, …"
1214,Lower Egypt Nome 13 Heq-At,-525.5,-486.5,951.4,POLITY,,(Egypt),196,248,8,2026-08-16,Persian Empire,"POLYGON ((31.349 29.9878, 31.3531 29.9616, 31.3821 29.9442, …"
1215,Lower Egypt Nome 13 Heq-At,-484.9,-402.5,951.4,POLITY,,(Egypt),196,248,8,2026-08-16,Persian Empire,"POLYGON ((31.349 29.9878, 31.3531 29.9616, 31.3821 29.9442, …"
1216,Lower Egypt Nome 13 Heq-At,-342.6,-331.6,951.4,POLITY,,(Egypt),196,248,8,2026-08-16,Persian Empire,"POLYGON ((31.349 29.9878, 31.3531 29.9616, 31.3821 29.9442, …"
1217,Lower Egypt Nome 14 Khenty-abt,-525.5,-486.5,1147.2,POLITY,,(Egypt),196,248,9,2026-08-16,Persian Empire,"POLYGON ((32.49311 31.11581, 32.52639 31.08836, 32.55333 31.…"
1218,Lower Egypt Nome 14 Khenty-abt,-484.9,-402.5,1147.2,POLITY,,(Egypt),196,248,9,2026-08-16,Persian Empire,"POLYGON ((32.49311 31.11581, 32.52639 31.08836, 32.55333 31.…"
1219,Lower Egypt Nome 14 Khenty-abt,-342.6,-331.6,1147.2,POLITY,,(Egypt),196,248,9,2026-08-16,Persian Empire,"POLYGON ((32.49311 31.11581, 32.52639 31.08836, 32.55333 31.…"
1220,Lower Egypt Nome 15 Tehut,-525.5,-486.5,1484.8,POLITY,,(Egypt),196,248,10,2026-08-16,Persian Empire,"MULTIPOLYGON (((32.03492 31.36842, 32.02525 31.3785, 32.0193…"
1221,Lower Egypt Nome 15 Tehut,-484.9,-402.5,1484.8,POLITY,,(Egypt),196,248,10,2026-08-16,Persian Empire,"MULTIPOLYGON (((32.03492 31.36842, 32.02525 31.3785, 32.0193…"
1222,Lower Egypt Nome 15 Tehut,-342.6,-331.6,1484.8,POLITY,,(Egypt),196,248,10,2026-08-16,Persian Empire,"MULTIPOLYGON (((32.03492 31.36842, 32.02525 31.3785, 32.0193…"
1223,Lower Egypt Nome 16 Khaset/Kha,-525.5,-486.5,1062.2,POLITY,,(Egypt),196,248,11,2026-08-16,Persian Empire,"MULTIPOLYGON (((31.93475 31.23364, 31.95411 31.23497, 31.963…"
1224,Lower Egypt Nome 16 Khaset/Kha,-484.9,-402.5,1062.2,POLITY,,(Egypt),196,248,11,2026-08-16,Persian Empire,"MULTIPOLYGON (((31.93475 31.23364, 31.95411 31.23497, 31.963…"
1225,Lower Egypt Nome 16 Khaset/Kha,-342.6,-331.6,1062.2,POLITY,,(Egypt),196,248,11,2026-08-16,Persian Empire,"MULTIPOLYGON (((31.93475 31.23364, 31.95411 31.23497, 31.963…"
1226,Lower Egypt Nome 17 Semabehdet,-525.5,-486.5,720.1,POLITY,,(Egypt),196,248,12,2026-08-16,Persian Empire,"POLYGON ((31.84014 31.51842, 31.8383 31.5115, 31.8311 31.498…"
1227,Lower Egypt Nome 17 Semabehdet,-484.9,-402.5,720.1,POLITY,,(Egypt),196,248,12,2026-08-16,Persian Empire,"POLYGON ((31.84014 31.51842, 31.8383 31.5115, 31.8311 31.498…"
1228,Lower Egypt Nome 17 Semabehdet,-342.6,-331.6,720.1,POLITY,,(Egypt),196,248,12,2026-08-16,Persian Empire,"POLYGON ((31.84014 31.51842, 31.8383 31.5115, 31.8311 31.498…"
1229,Lower Egypt Nome 18 Am-Khent,-525.5,-486.5,352.8,POLITY,,(Egypt),196,248,13,2026-08-16,Persian Empire,"POLYGON ((31.7348 30.6671, 31.7254 30.6619, 31.7141 30.6531,…"
1230,Lower Egypt Nome 18 Am-Khent,-484.9,-402.5,352.8,POLITY,,(Egypt),196,248,13,2026-08-16,Persian Empire,"POLYGON ((31.7348 30.6671, 31.7254 30.6619, 31.7141 30.6531,…"
1231,Lower Egypt Nome 18 Am-Khent,-342.6,-331.6,352.8,POLITY,,(Egypt),196,248,13,2026-08-16,Persian Empire,"POLYGON ((31.7348 30.6671, 31.7254 30.6619, 31.7141 30.6531,…"
1232,Lower Egypt Nome 19 Am-Pehu,-525.5,-486.5,1088.0,POLITY,,(Egypt),196,248,14,2026-08-16,Persian Empire,"MULTIPOLYGON (((32.08008 31.13283, 32.0887 31.13028, 32.0912…"
1233,Lower Egypt Nome 19 Am-Pehu,-484.9,-402.5,1088.0,POLITY,,(Egypt),196,248,14,2026-08-16,Persian Empire,"MULTIPOLYGON (((32.08008 31.13283, 32.0887 31.13028, 32.0912…"
1234,Lower Egypt Nome 19 Am-Pehu,-342.6,-331.6,1088.0,POLITY,,(Egypt),196,248,14,2026-08-16,Persian Empire,"MULTIPOLYGON (((32.08008 31.13283, 32.0887 31.13028, 32.0912…"
1235,Lower Egypt Nome 2 Khensu,-525.5,-486.5,576.2,POLITY,,(Egypt),196,247,13,2026-08-16,Persian Empire,"POLYGON ((31.2141 29.9936, 31.2162 29.984, 31.2183 29.9762, …"
1236,Lower Egypt Nome 2 Khensu,-484.9,-402.5,576.2,POLITY,,(Egypt),196,247,13,2026-08-16,Persian Empire,"POLYGON ((31.2141 29.9936, 31.2162 29.984, 31.2183 29.9762, …"
1237,Lower Egypt Nome 2 Khensu,-342.6,-331.6,576.2,POLITY,,(Egypt),196,247,13,2026-08-16,Persian Empire,"POLYGON ((31.2141 29.9936, 31.2162 29.984, 31.2183 29.9762, …"
1238,Lower Egypt Nome 20 Sopdu,-525.5,-486.5,1351.2,POLITY,,(Egypt),196,248,15,2026-08-16,Persian Empire,"POLYGON ((31.8769 30.9657, 31.8821 30.9579, 31.8883 30.9465,…"
1239,Lower Egypt Nome 20 Sopdu,-484.9,-402.5,1351.2,POLITY,,(Egypt),196,248,15,2026-08-16,Persian Empire,"POLYGON ((31.8769 30.9657, 31.8821 30.9579, 31.8883 30.9465,…"
1240,Lower Egypt Nome 20 Sopdu,-342.6,-331.6,1351.2,POLITY,,(Egypt),196,248,15,2026-08-16,Persian Empire,"POLYGON ((31.8769 30.9657, 31.8821 30.9579, 31.8883 30.9465,…"
1241,Lower Egypt Nome 3 Ahment/Ament,-525.5,-486.5,3513.4,POLITY,,(Egypt),196,247,14,2026-08-16,Persian Empire,"POLYGON ((30.1272 31.2637, 30.1314 31.2358, 30.1355 31.2148,…"
1242,Lower Egypt Nome 3 Ahment/Ament,-484.9,-404.2,3513.4,POLITY,,(Egypt),196,247,14,2026-08-16,Persian Empire,"POLYGON ((30.1272 31.2637, 30.1314 31.2358, 30.1355 31.2148,…"
1243,Lower Egypt Nome 3 Ahment/Ament,-342.6,-331.6,3513.4,POLITY,,(Egypt),196,247,14,2026-08-16,Persian Empire,"POLYGON ((30.1272 31.2637, 30.1314 31.2358, 30.1355 31.2148,…"
1244,Lower Egypt Nome 4 Sap-Res,-525.5,-486.5,1131.0,POLITY,,(Egypt),196,247,15,2026-08-16,Persian Empire,"POLYGON ((30.7852 30.9235, 30.7976 30.9166, 30.8038 30.9044,…"
1245,Lower Egypt Nome 4 Sap-Res,-484.9,-404.2,1131.0,POLITY,,(Egypt),196,247,15,2026-08-16,Persian Empire,"POLYGON ((30.7852 30.9235, 30.7976 30.9166, 30.8038 30.9044,…"
1246,Lower Egypt Nome 4 Sap-Res,-342.6,-331.6,1131.0,POLITY,,(Egypt),196,247,15,2026-08-16,Persian Empire,"POLYGON ((30.7852 30.9235, 30.7976 30.9166, 30.8038 30.9044,…"
1247,Lower Egypt Nome 5 Sap-Meh,-525.5,-486.5,2246.2,POLITY,,(Egypt),196,248,0,2026-08-16,Persian Empire,"MULTIPOLYGON (((30.8723 31.425, 30.8764 31.4154, 30.8785 31.…"
1248,Lower Egypt Nome 5 Sap-Meh,-484.9,-404.2,2246.2,POLITY,,(Egypt),196,248,0,2026-08-16,Persian Empire,"MULTIPOLYGON (((30.8723 31.425, 30.8764 31.4154, 30.8785 31.…"
1249,Lower Egypt Nome 5 Sap-Meh,-342.6,-336.5,2246.2,POLITY,,(Egypt),196,248,0,2026-08-16,Persian Empire,"MULTIPOLYGON (((30.8723 31.425, 30.8764 31.4154, 30.8785 31.…"
1250,Lower Egypt Nome 5 Sap-Meh,-335.5,-331.6,2246.2,POLITY,,(Egypt),196,248,0,2026-08-16,Persian Empire,"MULTIPOLYGON (((30.8723 31.425, 30.8764 31.4154, 30.8785 31.…"
1251,Lower Egypt Nome 6 Khaset/Kaset,-525.5,-486.5,1933.7,POLITY,,(Egypt),196,248,1,2026-08-16,Persian Empire,"MULTIPOLYGON (((31.1163 31.4801, 31.1259 31.47, 31.1307 31.4…"
1252,Lower Egypt Nome 6 Khaset/Kaset,-484.9,-404.2,1933.7,POLITY,,(Egypt),196,248,1,2026-08-16,Persian Empire,"MULTIPOLYGON (((31.1163 31.4801, 31.1259 31.47, 31.1307 31.4…"
1253,Lower Egypt Nome 6 Khaset/Kaset,-342.6,-331.6,1933.7,POLITY,,(Egypt),196,248,1,2026-08-16,Persian Empire,"MULTIPOLYGON (((31.1163 31.4801, 31.1259 31.47, 31.1307 31.4…"
1254,Lower Egypt Nome 7 A-ment,-525.5,-486.5,1501.3,POLITY,,(Egypt),196,248,2,2026-08-16,Persian Empire,"POLYGON ((30.39611 31.44228, 30.4133 31.4445, 30.4233 31.437…"
1255,Lower Egypt Nome 7 A-ment,-484.9,-404.2,1501.3,POLITY,,(Egypt),196,248,2,2026-08-16,Persian Empire,"POLYGON ((30.39611 31.44228, 30.4133 31.4445, 30.4233 31.437…"
1256,Lower Egypt Nome 7 A-ment,-342.6,-336.5,1501.3,POLITY,,(Egypt),196,248,2,2026-08-16,Persian Empire,"POLYGON ((30.39611 31.44228, 30.4133 31.4445, 30.4233 31.437…"
1257,Lower Egypt Nome 7 A-ment,-335.5,-331.6,1501.3,POLITY,,(Egypt),196,248,2,2026-08-16,Persian Empire,"POLYGON ((30.39611 31.44228, 30.4133 31.4445, 30.4233 31.437…"
1258,Lower Egypt Nome 8 A-bt,-525.5,-486.5,206.8,POLITY,,(Egypt),196,248,3,2026-08-16,Persian Empire,"POLYGON ((31.9351 30.5595, 31.9138 30.5433, 31.8745 30.5259,…"
1259,Lower Egypt Nome 8 A-bt,-484.9,-402.5,206.8,POLITY,,(Egypt),196,248,3,2026-08-16,Persian Empire,"POLYGON ((31.9351 30.5595, 31.9138 30.5433, 31.8745 30.5259,…"
1260,Lower Egypt Nome 8 A-bt,-342.6,-331.6,206.8,POLITY,,(Egypt),196,248,3,2026-08-16,Persian Empire,"POLYGON ((31.9351 30.5595, 31.9138 30.5433, 31.8745 30.5259,…"
1261,Lower Egypt Nome 9 Ati/Andjet,-525.5,-486.5,791.4,POLITY,,(Egypt),196,248,4,2026-08-16,Persian Empire,"POLYGON ((31.2224 30.9721, 31.2286 30.9669, 31.2379 30.9642,…"
1262,Lower Egypt Nome 9 Ati/Andjet,-484.9,-402.5,791.4,POLITY,,(Egypt),196,248,4,2026-08-16,Persian Empire,"POLYGON ((31.2224 30.9721, 31.2286 30.9669, 31.2379 30.9642,…"
1263,Lower Egypt Nome 9 Ati/Andjet,-342.6,-331.6,791.4,POLITY,,(Egypt),196,248,4,2026-08-16,Persian Empire,"POLYGON ((31.2224 30.9721, 31.2286 30.9669, 31.2379 30.9642,…"
1264,Upper Egypt,-525.5,-486.5,315257.4,POLITY,,(Egypt),196,246,5,2026-08-16,Persian Empire,"POLYGON ((29.7879 25.2122, 29.6793 25.2645, 29.5552 25.4346,…"
1265,Upper Egypt,-486.5,-484.9,280031.1,POLITY,,(Egypt),196,243,10,2026-08-16,Persian Empire,"MULTIPOLYGON (((33.081 24.1108, 33.0875 24.1455, 33.094 24.1…"
1266,Upper Egypt,-484.9,-400.5,315257.4,POLITY,,(Egypt),196,246,5,2026-08-16,Persian Empire,"POLYGON ((29.7879 25.2122, 29.6793 25.2645, 29.5552 25.4346,…"
1267,Upper Egypt,-342.5,-331.6,243841.5,POLITY,,(Egypt),196,246,5,2026-08-16,Persian Empire,"POLYGON ((30 30, 31.0814 30, 31.0841 29.993, 31.0779 29.9704…"
1268,Upper Egypt Nome 1 Ta Khentit/Ta-Seti,-525.5,-486.5,3199.4,POLITY,,(Upper Egypt),196,246,5,2026-08-16,Persian Empire,"POLYGON ((33.1199 24.7077, 33.1221 24.6675, 33.1243 24.6237,…"
1269,Upper Egypt Nome 1 Ta Khentit/Ta-Seti,-484.9,-400.5,3199.4,POLITY,,(Upper Egypt),196,246,5,2026-08-16,Persian Empire,"POLYGON ((33.1199 24.7077, 33.1221 24.6675, 33.1243 24.6237,…"
1270,Upper Egypt Nome 1 Ta Khentit/Ta-Seti,-342.5,-331.6,3199.4,POLITY,,(Upper Egypt),196,246,5,2026-08-16,Persian Empire,"POLYGON ((33.1199 24.7077, 33.1221 24.6675, 33.1243 24.6237,…"
1271,Upper Egypt Nome 10 Wadkhet/Uatchet,-525.5,-486.5,1390.1,POLITY,,(Upper Egypt),196,246,14,2026-08-16,Persian Empire,"POLYGON ((31.5848 27.1186, 31.6179 27.0924, 31.6407 27.0645,…"
1272,Upper Egypt Nome 10 Wadkhet/Uatchet,-484.9,-400.5,1390.1,POLITY,,(Upper Egypt),196,246,14,2026-08-16,Persian Empire,"POLYGON ((31.5848 27.1186, 31.6179 27.0924, 31.6407 27.0645,…"
1273,Upper Egypt Nome 10 Wadkhet/Uatchet,-342.5,-331.6,1390.1,POLITY,,(Upper Egypt),196,246,14,2026-08-16,Persian Empire,"POLYGON ((31.5848 27.1186, 31.6179 27.0924, 31.6407 27.0645,…"
1274,Upper Egypt Nome 11 Set,-525.5,-486.5,437.0,POLITY,,(Upper Egypt),196,246,15,2026-08-16,Persian Empire,"POLYGON ((31.2034 27.1843, 31.2159 27.1765, 31.2303 27.1738,…"
1275,Upper Egypt Nome 11 Set,-484.9,-400.5,437.0,POLITY,,(Upper Egypt),196,246,15,2026-08-16,Persian Empire,"POLYGON ((31.2034 27.1843, 31.2159 27.1765, 31.2303 27.1738,…"
1276,Upper Egypt Nome 11 Set,-342.5,-331.6,437.0,POLITY,,(Upper Egypt),196,246,15,2026-08-16,Persian Empire,"POLYGON ((31.2034 27.1843, 31.2159 27.1765, 31.2303 27.1738,…"
1277,Upper Egypt Nome 12 Tu-ph/Dw-f,-525.5,-486.5,1128.6,POLITY,,(Upper Egypt),196,247,0,2026-08-16,Persian Empire,"POLYGON ((31.0959 27.4529, 31.131 27.4267, 31.1683 27.4041, …"
1278,Upper Egypt Nome 12 Tu-ph/Dw-f,-484.9,-400.5,1128.6,POLITY,,(Upper Egypt),196,247,0,2026-08-16,Persian Empire,"POLYGON ((31.0959 27.4529, 31.131 27.4267, 31.1683 27.4041, …"
1279,Upper Egypt Nome 12 Tu-ph/Dw-f,-342.5,-331.6,1128.6,POLITY,,(Upper Egypt),196,247,0,2026-08-16,Persian Empire,"POLYGON ((31.0959 27.4529, 31.131 27.4267, 31.1683 27.4041, …"
1280,Upper Egypt Nome 13 Atef-Khent,-525.5,-486.5,584.5,POLITY,,(Upper Egypt),196,247,1,2026-08-16,Persian Empire,"POLYGON ((30.9588 27.3762, 30.9614 27.3744, 30.9717 27.3718,…"
1281,Upper Egypt Nome 13 Atef-Khent,-484.9,-400.5,584.5,POLITY,,(Upper Egypt),196,247,1,2026-08-16,Persian Empire,"POLYGON ((30.9588 27.3762, 30.9614 27.3744, 30.9717 27.3718,…"
1282,Upper Egypt Nome 13 Atef-Khent,-342.5,-331.6,584.5,POLITY,,(Upper Egypt),196,247,1,2026-08-16,Persian Empire,"POLYGON ((30.9588 27.3762, 30.9614 27.3744, 30.9717 27.3718,…"
1283,Upper Egypt Nome 14 Atef-Pehu,-525.5,-486.5,1131.3,POLITY,,(Upper Egypt),196,247,2,2026-08-16,Persian Empire,"POLYGON ((31.0462 27.6238, 31.0379 27.5959, 31.0379 27.561, …"
1284,Upper Egypt Nome 14 Atef-Pehu,-484.9,-400.5,1131.3,POLITY,,(Upper Egypt),196,247,2,2026-08-16,Persian Empire,"POLYGON ((31.0462 27.6238, 31.0379 27.5959, 31.0379 27.561, …"
1285,Upper Egypt Nome 14 Atef-Pehu,-342.5,-331.6,1131.3,POLITY,,(Upper Egypt),196,247,2,2026-08-16,Persian Empire,"POLYGON ((31.0462 27.6238, 31.0379 27.5959, 31.0379 27.561, …"
1286,Upper Egypt Nome 15 Un/Wn,-525.5,-486.5,1261.2,POLITY,,(Upper Egypt),196,247,3,2026-08-16,Persian Empire,"POLYGON ((31.0152 27.8733, 31.0234 27.8471, 31.0462 27.8105,…"
1287,Upper Egypt Nome 15 Un/Wn,-484.9,-400.5,1261.2,POLITY,,(Upper Egypt),196,247,3,2026-08-16,Persian Empire,"POLYGON ((31.0152 27.8733, 31.0234 27.8471, 31.0462 27.8105,…"
1288,Upper Egypt Nome 15 Un/Wn,-342.5,-331.6,1261.2,POLITY,,(Upper Egypt),196,247,3,2026-08-16,Persian Empire,"POLYGON ((31.0152 27.8733, 31.0234 27.8471, 31.0462 27.8105,…"
1289,Upper Egypt Nome 16 Meh-Mahetch,-525.5,-486.5,1571.3,POLITY,,(Upper Egypt),196,247,4,2026-08-16,Persian Empire,"POLYGON ((30.9441 28.2512, 30.9566 28.2163, 30.9669 28.1901,…"
1290,Upper Egypt Nome 16 Meh-Mahetch,-484.9,-400.5,1571.3,POLITY,,(Upper Egypt),196,247,4,2026-08-16,Persian Empire,"POLYGON ((30.9441 28.2512, 30.9566 28.2163, 30.9669 28.1901,…"
1291,Upper Egypt Nome 16 Meh-Mahetch,-342.5,-331.6,1571.3,POLITY,,(Upper Egypt),196,247,4,2026-08-16,Persian Empire,"POLYGON ((30.9441 28.2512, 30.9566 28.2163, 30.9669 28.1901,…"
1292,Upper Egypt Nome 17 Anubis/Anput,-525.5,-486.5,1352.6,POLITY,,(Upper Egypt),196,247,5,2026-08-16,Persian Empire,"POLYGON ((31.0248 28.5215, 31.0331 28.4919, 31.0414 28.4657,…"
1293,Upper Egypt Nome 17 Anubis/Anput,-484.9,-400.5,1352.6,POLITY,,(Upper Egypt),196,247,5,2026-08-16,Persian Empire,"POLYGON ((31.0248 28.5215, 31.0331 28.4919, 31.0414 28.4657,…"
1294,Upper Egypt Nome 17 Anubis/Anput,-342.5,-331.6,1352.6,POLITY,,(Upper Egypt),196,247,5,2026-08-16,Persian Empire,"POLYGON ((31.0248 28.5215, 31.0331 28.4919, 31.0414 28.4657,…"
1295,Upper Egypt Nome 18 Nemty/Sep,-525.5,-486.5,1222.7,POLITY,,(Upper Egypt),196,247,6,2026-08-16,Persian Empire,"POLYGON ((31.3655 29.2064, 31.3448 29.1802, 31.3283 29.1593,…"
1296,Upper Egypt Nome 18 Nemty/Sep,-484.9,-400.5,1222.7,POLITY,,(Upper Egypt),196,247,6,2026-08-16,Persian Empire,"POLYGON ((31.3655 29.2064, 31.3448 29.1802, 31.3283 29.1593,…"
1297,Upper Egypt Nome 18 Nemty/Sep,-342.5,-331.6,1222.7,POLITY,,(Upper Egypt),196,247,6,2026-08-16,Persian Empire,"POLYGON ((31.3655 29.2064, 31.3448 29.1802, 31.3283 29.1593,…"
1298,Upper Egypt Nome 19 Uab/Wab,-525.5,-486.5,1739.6,POLITY,,(Upper Egypt),196,247,7,2026-08-16,Persian Empire,"POLYGON ((31.0456 28.9984, 31.0415 28.987, 31.0415 28.987, 3…"
1299,Upper Egypt Nome 19 Uab/Wab,-484.9,-400.5,1739.6,POLITY,,(Upper Egypt),196,247,7,2026-08-16,Persian Empire,"POLYGON ((31.0456 28.9984, 31.0415 28.987, 31.0415 28.987, 3…"
1300,Upper Egypt Nome 19 Uab/Wab,-342.5,-331.6,1739.6,POLITY,,(Upper Egypt),196,247,7,2026-08-16,Persian Empire,"POLYGON ((31.0456 28.9984, 31.0415 28.987, 31.0415 28.987, 3…"
1301,Upper Egypt Nome 2 Behde/Watjes-Hor,-525.5,-486.5,1701.8,POLITY,,(Upper Egypt),196,246,6,2026-08-16,Persian Empire,"POLYGON ((33.0788 24.987, 33.0745 24.9651, 33.0593 24.9322, …"
1302,Upper Egypt Nome 2 Behde/Watjes-Hor,-484.9,-400.5,1701.8,POLITY,,(Upper Egypt),196,246,6,2026-08-16,Persian Empire,"POLYGON ((33.0788 24.987, 33.0745 24.9651, 33.0593 24.9322, …"
1303,Upper Egypt Nome 2 Behde/Watjes-Hor,-342.5,-331.6,1701.8,POLITY,,(Upper Egypt),196,246,6,2026-08-16,Persian Empire,"POLYGON ((33.0788 24.987, 33.0745 24.9651, 33.0593 24.9322, …"
1304,Upper Egypt Nome 20 Atef-Khent,-525.5,-486.5,1391.5,POLITY,,(Upper Egypt),196,247,8,2026-08-16,Persian Empire,"POLYGON ((31.1957 29.204, 31.1864 29.1952, 31.1864 29.1865, …"
1305,Upper Egypt Nome 20 Atef-Khent,-484.9,-400.5,1391.5,POLITY,,(Upper Egypt),196,247,8,2026-08-16,Persian Empire,"POLYGON ((31.1957 29.204, 31.1864 29.1952, 31.1864 29.1865, …"
1306,Upper Egypt Nome 20 Atef-Khent,-342.5,-331.6,1391.5,POLITY,,(Upper Egypt),196,247,8,2026-08-16,Persian Empire,"POLYGON ((31.1957 29.204, 31.1864 29.1952, 31.1864 29.1865, …"
1307,Upper Egypt Nome 21 Atef-Pehu,-525.5,-486.5,253.6,POLITY,,(Upper Egypt),196,247,9,2026-08-16,Persian Empire,"POLYGON ((31.2291 29.4661, 31.2198 29.4574, 31.2094 29.446, …"
1308,Upper Egypt Nome 21 Atef-Pehu,-484.9,-400.5,253.6,POLITY,,(Upper Egypt),196,247,9,2026-08-16,Persian Empire,"POLYGON ((31.2291 29.4661, 31.2198 29.4574, 31.2094 29.446, …"
1309,Upper Egypt Nome 21 Atef-Pehu,-342.5,-331.6,253.6,POLITY,,(Upper Egypt),196,247,9,2026-08-16,Persian Empire,"POLYGON ((31.2291 29.4661, 31.2198 29.4574, 31.2094 29.446, …"
1310,Upper Egypt Nome 22 Maten,-525.5,-486.5,916.0,POLITY,,(Upper Egypt),196,247,10,2026-08-16,Persian Empire,"POLYGON ((31.409 29.7506, 31.4131 29.7279, 31.4172 29.7087, …"
1311,Upper Egypt Nome 22 Maten,-484.9,-400.5,916.0,POLITY,,(Upper Egypt),196,247,10,2026-08-16,Persian Empire,"POLYGON ((31.409 29.7506, 31.4131 29.7279, 31.4172 29.7087, …"
1312,Upper Egypt Nome 22 Maten,-342.5,-331.6,916.0,POLITY,,(Upper Egypt),196,247,10,2026-08-16,Persian Empire,"POLYGON ((31.409 29.7506, 31.4131 29.7279, 31.4172 29.7087, …"
1313,Upper Egypt Nome 3 Ten,-525.5,-486.5,1869.6,POLITY,,(Upper Egypt),196,246,7,2026-08-16,Persian Empire,"POLYGON ((32.7028 25.4448, 32.7214 25.4116, 32.7379 25.3785,…"
1314,Upper Egypt Nome 3 Ten,-484.9,-400.5,1869.6,POLITY,,(Upper Egypt),196,246,7,2026-08-16,Persian Empire,"POLYGON ((32.7028 25.4448, 32.7214 25.4116, 32.7379 25.3785,…"
1315,Upper Egypt Nome 3 Ten,-342.5,-331.6,1869.6,POLITY,,(Upper Egypt),196,246,7,2026-08-16,Persian Empire,"POLYGON ((32.7028 25.4448, 32.7214 25.4116, 32.7379 25.3785,…"
1316,Upper Egypt Nome 4 Waset/Wast,-525.5,-486.5,2810.4,POLITY,,(Upper Egypt),196,246,8,2026-08-16,Persian Empire,"POLYGON ((32.68 25.4692, 32.2669 25.3145, 32.2669 25.3145, 3…"
1317,Upper Egypt Nome 4 Waset/Wast,-484.9,-400.5,2810.4,POLITY,,(Upper Egypt),196,246,8,2026-08-16,Persian Empire,"POLYGON ((32.68 25.4692, 32.2669 25.3145, 32.2669 25.3145, 3…"
1318,Upper Egypt Nome 4 Waset/Wast,-342.5,-331.6,2810.4,POLITY,,(Upper Egypt),196,246,8,2026-08-16,Persian Empire,"POLYGON ((32.68 25.4692, 32.2669 25.3145, 32.2669 25.3145, 3…"
1319,Upper Egypt Nome 5 Herui,-525.5,-486.5,1613.7,POLITY,,(Upper Egypt),196,246,9,2026-08-16,Persian Empire,"POLYGON ((32.7745 26.2831, 32.8138 26.2622, 32.8572 26.2308,…"
1320,Upper Egypt Nome 5 Herui,-484.9,-400.5,1613.7,POLITY,,(Upper Egypt),196,246,9,2026-08-16,Persian Empire,"POLYGON ((32.7745 26.2831, 32.8138 26.2622, 32.8572 26.2308,…"
1321,Upper Egypt Nome 5 Herui,-342.5,-331.6,1613.7,POLITY,,(Upper Egypt),196,246,9,2026-08-16,Persian Empire,"POLYGON ((32.7745 26.2831, 32.8138 26.2622, 32.8572 26.2308,…"
1322,Upper Egypt Nome 6 Aa-ta,-525.5,-486.5,1503.7,POLITY,,(Upper Egypt),196,246,10,2026-08-16,Persian Empire,"POLYGON ((32.3421 26.2256, 32.3959 26.2343, 32.4641 26.2674,…"
1323,Upper Egypt Nome 6 Aa-ta,-484.9,-400.5,1503.7,POLITY,,(Upper Egypt),196,246,10,2026-08-16,Persian Empire,"POLYGON ((32.3421 26.2256, 32.3959 26.2343, 32.4641 26.2674,…"
1324,Upper Egypt Nome 6 Aa-ta,-342.5,-331.6,1503.7,POLITY,,(Upper Egypt),196,246,10,2026-08-16,Persian Empire,"POLYGON ((32.3421 26.2256, 32.3959 26.2343, 32.4641 26.2674,…"
1325,Upper Egypt Nome 7 Seshesh,-525.5,-486.5,1028.8,POLITY,,(Upper Egypt),196,246,11,2026-08-16,Persian Empire,"POLYGON ((32.28 26.2256, 32.3421 26.2256, 32.3421 25.8727, 3…"
1326,Upper Egypt Nome 7 Seshesh,-484.9,-400.5,1028.8,POLITY,,(Upper Egypt),196,246,11,2026-08-16,Persian Empire,"POLYGON ((32.28 26.2256, 32.3421 26.2256, 32.3421 25.8727, 3…"
1327,Upper Egypt Nome 7 Seshesh,-342.5,-331.6,1028.8,POLITY,,(Upper Egypt),196,246,11,2026-08-16,Persian Empire,"POLYGON ((32.28 26.2256, 32.3421 26.2256, 32.3421 25.8727, 3…"
1328,Upper Egypt Nome 8 Abdju/Abt,-525.5,-486.5,1781.6,POLITY,,(Upper Egypt),196,246,12,2026-08-16,Persian Empire,"POLYGON ((32.0131 26.489, 32.0359 26.4663, 32.0524 26.4471, …"
1329,Upper Egypt Nome 8 Abdju/Abt,-484.9,-400.5,1781.6,POLITY,,(Upper Egypt),196,246,12,2026-08-16,Persian Empire,"POLYGON ((32.0131 26.489, 32.0359 26.4663, 32.0524 26.4471, …"
1330,Upper Egypt Nome 8 Abdju/Abt,-342.5,-331.6,1781.6,POLITY,,(Upper Egypt),196,246,12,2026-08-16,Persian Empire,"POLYGON ((32.0131 26.489, 32.0359 26.4663, 32.0524 26.4471, …"
1331,Upper Egypt Nome 9 Minu,-525.5,-486.5,2016.9,POLITY,,(Upper Egypt),196,246,13,2026-08-16,Persian Empire,"POLYGON ((31.8103 26.8727, 31.831 26.843, 31.8538 26.8151, 3…"
1332,Upper Egypt Nome 9 Minu,-484.9,-400.5,2016.9,POLITY,,(Upper Egypt),196,246,13,2026-08-16,Persian Empire,"POLYGON ((31.8103 26.8727, 31.831 26.843, 31.8538 26.8151, 3…"
1333,Upper Egypt Nome 9 Minu,-342.5,-331.6,2016.9,POLITY,,(Upper Egypt),196,246,13,2026-08-16,Persian Empire,"POLYGON ((31.8103 26.8727, 31.831 26.843, 31.8538 26.8151, 3…"
1334,Upper Egypt: Fayum,-525.5,-486.5,3320.3,POLITY,,(Upper Egypt),196,247,11,2026-08-16,Persian Empire,"POLYGON ((31.0676 29.6564, 31.1294 29.4661, 31.1294 29.4661,…"
1335,Upper Egypt: Fayum,-484.9,-400.5,3320.3,POLITY,,(Upper Egypt),196,247,11,2026-08-16,Persian Empire,"POLYGON ((31.0676 29.6564, 31.1294 29.4661, 31.1294 29.4661,…"
1336,Upper Egypt: Fayum,-342.5,-331.6,3320.3,POLITY,,(Upper Egypt),196,247,11,2026-08-16,Persian Empire,"POLYGON ((31.0676 29.6564, 31.1294 29.4661, 31.1294 29.4661,…"
1337,Libya,-524.5,-515.5,74076.4,POLITY,,(Egypt),196,243,14,2026-08-16,Persian Empire,"POLYGON ((28.9655 29.9608, 28.8724 29.843, 28.7793 29.673, 2…"
1338,Libya,-515.5,-440.5,199133.1,POLITY,,(Egypt),196,243,14,2026-08-16,Persian Empire,"POLYGON ((28.8724 29.843, 28.7793 29.673, 28.6707 29.4898, 2…"
1339,Libya,-440.5,-402.5,74076.4,POLITY,,(Egypt),196,243,14,2026-08-16,Persian Empire,"POLYGON ((28.9655 29.9608, 28.8724 29.843, 28.7793 29.673, 2…"
1340,India,-515.5,-338.5,185712.2,POLITY,,(Persian Empire),196,245,11,2026-08-16,Persian Empire,"MULTIPOLYGON (((67.32361 24.49692, 67.32903 24.49231, 67.323…"
1341,India,-338.5,-329.5,108049.5,POLITY,,(Persian Empire),196,245,11,2026-08-16,Persian Empire,"MULTIPOLYGON (((67.33036 24.38422, 67.3332 24.38203, 67.3347…"
1342,Lesbos,-333.6,-332.4,1651.1,POLITY,,(Persian Empire),196,253,15,2026-08-16,Persian Empire,"MULTIPOLYGON (((26.37733 38.97486, 26.36725 38.97756, 26.359…"
1343,Lydia,-547.1,-545.5,422908.8,POLITY,,(Persian Empire),196,240,15,2026-08-16,Persian Empire,"POLYGON ((29.8558 37.4375, 29.7942 37.46, 29.7275 37.47, 29.…"
1344,Lydia,-545.5,-544.5,439544.1,POLITY,,(Persian Empire),196,241,7,2026-08-16,Persian Empire,"POLYGON ((30.27114 36.30703, 30.25181 36.30631, 30.23667 36.…"
1345,Lydia,-544.5,-543.5,459086.6,POLITY,,(Persian Empire),196,240,15,2026-08-16,Persian Empire,"MULTIPOLYGON (((25.96314 38.40511, 25.96114 38.40745, 25.963…"
1346,Lydia,-543.5,-542.5,464483.8,POLITY,,(Persian Empire),196,241,12,2026-08-16,Persian Empire,"MULTIPOLYGON (((25.96314 38.40511, 25.96114 38.40745, 25.963…"
1347,Lydia,-542.5,-539.2,476525.9,POLITY,,(Persian Empire),196,241,12,2026-08-16,Persian Empire,"MULTIPOLYGON (((25.96314 38.40511, 25.96114 38.40745, 25.963…"
1348,Lydia,-539.2,-522.5,476152.0,POLITY,,(Persian Empire),196,241,12,2026-08-16,Persian Empire,"MULTIPOLYGON (((25.96314 38.40511, 25.96114 38.40745, 25.963…"
1349,Lydia,-522.5,-518.5,477720.5,POLITY,,(Persian Empire),196,244,13,2026-08-16,Persian Empire,"MULTIPOLYGON (((26.55392 37.28872, 26.54908 37.29109, 26.544…"
1350,Lydia,-518.5,-516.5,477234.4,POLITY,,(Persian Empire),196,244,13,2026-08-16,Persian Empire,"MULTIPOLYGON (((26.55392 37.28872, 26.54908 37.29109, 26.544…"
1351,Lydia,-516.5,-514.5,477720.5,POLITY,,(Persian Empire),196,244,13,2026-08-16,Persian Empire,"MULTIPOLYGON (((26.55392 37.28872, 26.54908 37.29109, 26.544…"
1352,Lydia,-514.5,-513.8,479894.4,POLITY,,(Persian Empire),196,244,13,2026-08-16,Persian Empire,"MULTIPOLYGON (((26.55392 37.28872, 26.54908 37.29109, 26.544…"
1353,Lydia,-513.8,-512.5,479937.7,POLITY,,(Persian Empire),196,244,13,2026-08-16,Persian Empire,"MULTIPOLYGON (((26.54908 37.29109, 26.54422 37.29092, 26.539…"
1354,Lydia,-512.5,-511.5,604691.1,POLITY,,(Persian Empire),196,250,11,2026-08-16,Persian Empire,"MULTIPOLYGON (((25.28031 37.41295, 25.28172 37.41045, 25.277…"
1355,Lydia,-511.5,-510.5,605285.7,POLITY,,(Persian Empire),196,246,0,2026-08-16,Persian Empire,"MULTIPOLYGON (((25.28031 37.41295, 25.28172 37.41045, 25.277…"
1356,Lydia,-510.5,-508.5,613131.6,POLITY,,(Persian Empire),196,246,0,2026-08-16,Persian Empire,"MULTIPOLYGON (((25.28031 37.41295, 25.28172 37.41045, 25.277…"
1357,Lydia,-508.5,-499.3,613314.5,POLITY,,(Persian Empire),196,246,0,2026-08-16,Persian Empire,"MULTIPOLYGON (((25.28031 37.41295, 25.28172 37.41045, 25.277…"
1358,Lydia,-499.3,-499.2,613311.6,POLITY,,(Persian Empire),196,246,0,2026-08-16,Persian Empire,"MULTIPOLYGON (((25.28031 37.41295, 25.28172 37.41045, 25.277…"
1359,Lydia,-499.2,-498.5,594052.2,POLITY,,(Persian Empire),196,246,0,2026-08-16,Persian Empire,"MULTIPOLYGON (((26.5995 39.30739, 26.60147 39.30347, 26.5987…"
1360,Lydia,-498.5,-498.4,586206.2,POLITY,,(Persian Empire),196,246,0,2026-08-16,Persian Empire,"MULTIPOLYGON (((26.5995 39.30739, 26.60147 39.30347, 26.5987…"
1361,Lydia,-498.4,-497.6,585049.6,POLITY,,(Persian Empire),196,246,0,2026-08-16,Persian Empire,"MULTIPOLYGON (((26.589 39.39314, 26.5915 39.3995, 26.60064 3…"
1362,Lydia,-497.6,-497.5,556516.4,POLITY,,(Persian Empire),196,246,0,2026-08-16,Persian Empire,"MULTIPOLYGON (((24.97586 39.49133, 24.97286 39.49758, 24.975…"
1363,Lydia,-497.5,-495.5,433149.6,POLITY,,(Persian Empire),196,250,11,2026-08-16,Persian Empire,"MULTIPOLYGON (((26.59539 39.30792, 26.5995 39.30739, 26.6014…"
1364,Lydia,-495.5,-494.0,432101.6,POLITY,,(Persian Empire),196,240,15,2026-08-16,Persian Empire,"MULTIPOLYGON (((29.1308 37.6225, 29.0775 37.6458, 29.0392 37…"
1365,Lydia,-494.0,-493.8,432378.8,POLITY,,(Persian Empire),196,241,12,2026-08-16,Persian Empire,"MULTIPOLYGON (((27.2272 37.5013, 27.2219 37.5029, 27.225 37.…"
1366,Lydia,-493.8,-493.5,467998.6,POLITY,,(Persian Empire),196,241,12,2026-08-16,Persian Empire,"MULTIPOLYGON (((26.89506 35.40403, 26.90553 35.41989, 26.911…"
1367,Lydia,-493.5,-492.3,486237.5,POLITY,,(Persian Empire),196,250,11,2026-08-16,Persian Empire,"MULTIPOLYGON (((26.54908 37.29109, 26.54422 37.29092, 26.539…"
1368,Lydia,-492.3,-492.1,494465.1,POLITY,,(Persian Empire),196,250,11,2026-08-16,Persian Empire,"MULTIPOLYGON (((26.54908 37.29109, 26.54422 37.29092, 26.539…"
1369,Lydia,-492.1,-485.5,613407.9,POLITY,,(Persian Empire),196,246,0,2026-08-16,Persian Empire,"MULTIPOLYGON (((26.34122 37.66631, 26.33822 37.6597, 26.3392…"
1370,Lydia,-485.5,-480.4,553503.6,POLITY,,(Persian Empire),196,246,0,2026-08-16,Persian Empire,"MULTIPOLYGON (((26.34122 37.66631, 26.33822 37.6597, 26.3392…"
1371,Lydia,-480.4,-480.1,613403.7,POLITY,,(Persian Empire),196,246,0,2026-08-16,Persian Empire,"MULTIPOLYGON (((26.34122 37.66631, 26.33822 37.6597, 26.3392…"
1372,Lydia,-480.1,-479.4,613238.2,POLITY,,(Persian Empire),196,246,0,2026-08-16,Persian Empire,"MULTIPOLYGON (((26.34122 37.66631, 26.33822 37.6597, 26.3392…"
1373,Lydia,-479.4,-479.3,602098.0,POLITY,,(Persian Empire),196,246,0,2026-08-16,Persian Empire,"MULTIPOLYGON (((26.54908 37.29109, 26.54422 37.29092, 26.539…"
1374,Lydia,-479.3,-479.0,601876.5,POLITY,,(Persian Empire),196,246,0,2026-08-16,Persian Empire,"MULTIPOLYGON (((26.87686 35.44928, 26.87906 35.44742, 26.881…"
1375,Lydia,-479.0,-478.3,600908.3,POLITY,,(Persian Empire),196,246,0,2026-08-16,Persian Empire,"MULTIPOLYGON (((26.87686 35.44928, 26.87906 35.44742, 26.881…"
1376,Lydia,-478.3,-476.5,600676.6,POLITY,,(Persian Empire),196,246,0,2026-08-16,Persian Empire,"MULTIPOLYGON (((26.87686 35.44928, 26.87906 35.44742, 26.881…"
1377,Lydia,-476.5,-475.8,600294.8,POLITY,,(Persian Empire),196,246,0,2026-08-16,Persian Empire,"MULTIPOLYGON (((26.87686 35.44928, 26.87906 35.44742, 26.881…"
1378,Lydia,-475.8,-475.5,598862.6,POLITY,,(Persian Empire),196,250,7,2026-08-16,Persian Empire,"MULTIPOLYGON (((26.89506 35.40403, 26.90553 35.41989, 26.911…"
1379,Lydia,-475.5,-469.5,476090.3,POLITY,,(Persian Empire),196,250,7,2026-08-16,Persian Empire,"MULTIPOLYGON (((26.89506 35.40403, 26.90553 35.41989, 26.911…"
1380,Lydia,-469.5,-420.5,473513.8,POLITY,,(Persian Empire),196,241,11,2026-08-16,Persian Empire,"MULTIPOLYGON (((29.98753 36.21106, 29.98472 36.20706, 29.980…"
1381,Lydia,-420.5,-415.5,407924.9,POLITY,,(Persian Empire),196,240,15,2026-08-16,Persian Empire,"POLYGON ((29.1308 37.6225, 29.0775 37.6458, 29.0392 37.6725,…"
1382,Lydia,-415.5,-413.5,473513.8,POLITY,,(Persian Empire),196,241,11,2026-08-16,Persian Empire,"MULTIPOLYGON (((29.98753 36.21106, 29.98472 36.20706, 29.980…"
1383,Lydia,-413.5,-412.2,457179.6,POLITY,,(Persian Empire),196,241,11,2026-08-16,Persian Empire,"MULTIPOLYGON (((30.33711 36.28131, 30.2987 36.29984, 30.2711…"
1384,Lydia,-412.2,-404.7,473513.8,POLITY,,(Persian Empire),196,241,11,2026-08-16,Persian Empire,"MULTIPOLYGON (((29.98753 36.21106, 29.98472 36.20706, 29.980…"
1385,Lydia,-404.7,-401.6,473516.4,POLITY,,(Persian Empire),196,241,11,2026-08-16,Persian Empire,"MULTIPOLYGON (((29.98753 36.21106, 29.98472 36.20706, 29.980…"
1386,Lydia,-401.6,-401.2,261558.7,POLITY,,(Persian Empire),196,241,11,2026-08-16,Persian Empire,"MULTIPOLYGON (((28.44997 36.8822, 28.44528 36.87958, 28.4414…"
1387,Lydia,-401.2,-400.1,473516.4,POLITY,,(Persian Empire),196,241,11,2026-08-16,Persian Empire,"MULTIPOLYGON (((29.98753 36.21106, 29.98472 36.20706, 29.980…"
1388,Lydia,-400.1,-394.2,456889.4,POLITY,,(Persian Empire),196,241,11,2026-08-16,Persian Empire,"MULTIPOLYGON (((29.9825 37.33, 29.9683 37.3517, 29.95 37.374…"
1389,Lydia,-394.2,-394.1,457047.8,POLITY,,(Persian Empire),196,241,12,2026-08-16,Persian Empire,"MULTIPOLYGON (((27.38822 37.00367, 27.38589 36.99386, 27.384…"
1390,Lydia,-394.1,-386.5,457236.3,POLITY,,(Persian Empire),196,241,12,2026-08-16,Persian Empire,"MULTIPOLYGON (((27.43795 36.98728, 27.42867 36.99206, 27.423…"
1391,Lydia,-386.5,-381.3,457245.2,POLITY,,(Persian Empire),196,241,12,2026-08-16,Persian Empire,"MULTIPOLYGON (((27.43795 36.98728, 27.42867 36.99206, 27.423…"
1392,Lydia,-381.3,-378.5,449040.5,POLITY,,(Persian Empire),196,241,12,2026-08-16,Persian Empire,"MULTIPOLYGON (((27.43795 36.98728, 27.42867 36.99206, 27.423…"
1393,Lydia,-378.5,-375.8,457245.2,POLITY,,(Persian Empire),196,241,12,2026-08-16,Persian Empire,"MULTIPOLYGON (((27.43795 36.98728, 27.42867 36.99206, 27.423…"
1394,Lydia,-375.8,-375.4,403747.0,POLITY,,(Persian Empire),196,241,12,2026-08-16,Persian Empire,"MULTIPOLYGON (((27.38822 37.00367, 27.38589 36.99386, 27.384…"
1395,Lydia,-375.4,-371.5,457245.2,POLITY,,(Persian Empire),196,241,12,2026-08-16,Persian Empire,"MULTIPOLYGON (((27.43795 36.98728, 27.42867 36.99206, 27.423…"
1396,Lydia,-371.5,-367.5,303480.8,POLITY,,(Persian Empire),196,241,12,2026-08-16,Persian Empire,"MULTIPOLYGON (((27.38822 37.00367, 27.38589 36.99386, 27.384…"
1397,Lydia,-367.5,-366.8,303966.9,POLITY,,(Persian Empire),196,241,12,2026-08-16,Persian Empire,"MULTIPOLYGON (((27.38822 37.00367, 27.38589 36.99386, 27.384…"
1398,Lydia,-366.8,-365.7,231825.9,POLITY,,(Persian Empire),196,241,12,2026-08-16,Persian Empire,"MULTIPOLYGON (((27.38711 37.00531, 27.38822 37.00367, 27.385…"
1399,Lydia,-365.7,-363.5,231339.7,POLITY,,(Persian Empire),196,241,12,2026-08-16,Persian Empire,"MULTIPOLYGON (((27.4437 36.97958, 27.43795 36.98728, 27.4286…"
1400,Lydia,-363.5,-362.3,179628.1,POLITY,,(Persian Empire),196,241,0,2026-08-16,Persian Empire,"POLYGON ((35.681 37.6341, 35.6521 37.601, 35.6148 37.5824, 3…"
1401,Lydia,-362.3,-360.5,254424.8,POLITY,,(Persian Empire),196,240,15,2026-08-16,Persian Empire,"MULTIPOLYGON (((26.81489 38.92878, 26.81975 38.92411, 26.824…"
1402,Lydia,-360.5,-356.9,473872.2,POLITY,,(Persian Empire),196,241,12,2026-08-16,Persian Empire,"MULTIPOLYGON (((27.43795 36.98728, 27.42867 36.99206, 27.423…"
1403,Lydia,-356.9,-356.3,475288.5,POLITY,,(Persian Empire),196,241,12,2026-08-16,Persian Empire,"MULTIPOLYGON (((27.43795 36.98728, 27.42867 36.99206, 27.423…"
1404,Lydia,-356.3,-353.2,403147.4,POLITY,,(Persian Empire),196,241,12,2026-08-16,Persian Empire,"MULTIPOLYGON (((27.5172 36.66375, 27.51822 36.66028, 27.5153…"
1405,Lydia,-353.2,-344.5,475288.5,POLITY,,(Persian Empire),196,241,12,2026-08-16,Persian Empire,"MULTIPOLYGON (((27.43795 36.98728, 27.42867 36.99206, 27.423…"
1406,Lydia,-344.5,-340.5,476137.6,POLITY,,(Persian Empire),196,241,12,2026-08-16,Persian Empire,"MULTIPOLYGON (((27.43795 36.98728, 27.42867 36.99206, 27.423…"
1407,Lydia,-340.5,-336.5,475288.5,POLITY,,(Persian Empire),196,241,12,2026-08-16,Persian Empire,"MULTIPOLYGON (((27.43795 36.98728, 27.42867 36.99206, 27.423…"
1408,Lydia,-336.5,-336.4,475083.0,POLITY,,(Persian Empire),196,241,12,2026-08-16,Persian Empire,"MULTIPOLYGON (((27.43795 36.98728, 27.42867 36.99206, 27.423…"
1409,Lydia,-336.4,-334.5,475052.3,POLITY,,(Persian Empire),196,241,12,2026-08-16,Persian Empire,"MULTIPOLYGON (((27.51822 36.66028, 27.51536 36.65095, 27.511…"
1410,Lydia,-334.5,-334.4,403147.4,POLITY,,(Persian Empire),196,241,12,2026-08-16,Persian Empire,"MULTIPOLYGON (((27.5172 36.66375, 27.51822 36.66028, 27.5153…"
1411,Lydia,-334.4,-334.3,376347.7,POLITY,,(Persian Empire),196,241,12,2026-08-16,Persian Empire,"MULTIPOLYGON (((27.5172 36.66375, 27.51822 36.66028, 27.5153…"
1412,Lydia,-334.3,-334.0,368396.1,POLITY,,(Persian Empire),196,241,12,2026-08-16,Persian Empire,"MULTIPOLYGON (((27.76908 35.89784, 27.75522 35.91192, 27.740…"
1413,Lydia,-334.0,-333.7,333687.9,POLITY,,(Persian Empire),196,250,0,2026-08-16,Persian Empire,"MULTIPOLYGON (((27.3312 36.84934, 27.33 36.84911, 27.2982 36…"
1414,Lydia,-333.7,-333.5,334537.0,POLITY,,(Persian Empire),196,253,11,2026-08-16,Persian Empire,"MULTIPOLYGON (((27.3312 36.84934, 27.33 36.84911, 27.2982 36…"
1415,Lydia,-333.5,-333.4,223634.0,POLITY,,(Persian Empire),196,250,8,2026-08-16,Persian Empire,"MULTIPOLYGON (((27.34417 36.85367, 27.3312 36.84934, 27.33 3…"
1416,Lydia,-333.4,-333.3,154957.2,POLITY,,(Persian Empire),196,250,8,2026-08-16,Persian Empire,"MULTIPOLYGON (((27.34417 36.85367, 27.3312 36.84934, 27.33 3…"
1417,Lydia,-333.3,-332.6,155231.5,POLITY,,(Persian Empire),196,250,8,2026-08-16,Persian Empire,"MULTIPOLYGON (((27.34417 36.85367, 27.3312 36.84934, 27.33 3…"
1418,Lydia,-332.6,-332.4,155192.1,POLITY,,(Persian Empire),196,253,11,2026-08-16,Persian Empire,"MULTIPOLYGON (((27.34417 36.85367, 27.3312 36.84934, 27.33 3…"
1419,Lydia,-332.4,-332.3,154342.9,POLITY,,(Persian Empire),196,250,0,2026-08-16,Persian Empire,"MULTIPOLYGON (((27.34417 36.85367, 27.3312 36.84934, 27.33 3…"
1420,Lydia,-332.3,-330.5,153773.3,POLITY,,(Persian Empire),196,241,2,2026-08-16,Persian Empire,"POLYGON ((38.22 39.9033, 38.2183 39.8533, 38.2233 39.7883, 3…"
1421,Lydia,-366.4,-366.3,2334.3,TRANSIENT,,(Persian Empire),196,253,5,2026-08-16,Persian Empire,"POLYGON ((30.0933 37.6967, 30.1433 37.6967, 30.21 37.6717, 3…"
1422,Lydia,-357.4,-356.9,1204.6,TRANSIENT,,(Persian Empire),196,253,6,2026-08-16,Persian Empire,"POLYGON ((27.435 37.0225, 27.4192 36.9967, 27.4117 36.9675, …"
1423,Lydia,-356.9,-356.5,548.2,TRANSIENT,,(Persian Empire),196,253,6,2026-08-16,Persian Empire,"POLYGON ((27.435 37.0225, 27.4192 36.9967, 27.4117 36.9675, …"
1424,Lydia,-356.5,-356.4,1802.1,TRANSIENT,,(Persian Empire),196,253,6,2026-08-16,Persian Empire,"POLYGON ((25.8352 39.9711, 25.8042 39.9297, 25.7732 39.8521,…"
1425,Lydia,-356.4,-356.1,1481.0,TRANSIENT,,(Persian Empire),196,253,6,2026-08-16,Persian Empire,"POLYGON ((25.8352 39.9711, 25.8042 39.9297, 25.7732 39.8521,…"
1426,Lydia,-346.2,-345.7,4549.1,TRANSIENT,,(Persian Empire),196,253,8,2026-08-16,Persian Empire,"POLYGON ((30.2514 36.1424, 30.3264 36.1257, 30.4014 36.1091,…"
1427,Lydia,-345.7,-344.5,8562.7,TRANSIENT,,(Persian Empire),196,253,8,2026-08-16,Persian Empire,"POLYGON ((32.3028 34.8662, 32.3359 34.7862, 32.3855 34.7338,…"
1428,Lydia,-344.5,-344.4,4549.1,TRANSIENT,,(Persian Empire),196,253,8,2026-08-16,Persian Empire,"POLYGON ((30.2514 36.1424, 30.3264 36.1257, 30.4014 36.1091,…"
1429,Kappadocia,-547.1,-375.8,53498.2,POLITY,,(Lydia),196,240,14,2026-08-16,Persian Empire,"POLYGON ((33.4454 39.9947, 33.4298 39.9893, 33.4145 39.9875,…"
1430,Kappadocia,-375.4,-371.5,53498.2,POLITY,,(Lydia),196,240,14,2026-08-16,Persian Empire,"POLYGON ((33.4454 39.9947, 33.4298 39.9893, 33.4145 39.9875,…"
1431,Kappadocia,-360.5,-330.5,53498.2,POLITY,,(Lydia),196,240,14,2026-08-16,Persian Empire,"POLYGON ((33.4454 39.9947, 33.4298 39.9893, 33.4145 39.9875,…"
1432,Paphlagonia,-547.1,-375.8,53498.2,POLITY,,(Kappadocia),196,240,14,2026-08-16,Persian Empire,"POLYGON ((33.4454 39.9947, 33.4298 39.9893, 33.4145 39.9875,…"
1433,Paphlagonia,-375.4,-371.5,53498.2,POLITY,,(Kappadocia),196,240,14,2026-08-16,Persian Empire,"POLYGON ((33.4454 39.9947, 33.4298 39.9893, 33.4145 39.9875,…"
1434,Paphlagonia,-360.5,-330.5,53498.2,POLITY,,(Kappadocia),196,240,14,2026-08-16,Persian Empire,"POLYGON ((33.4454 39.9947, 33.4298 39.9893, 33.4145 39.9875,…"
1435,Kappadokia,-547.1,-539.2,169325.8,POLITY,,(Lydia),196,241,2,2026-08-16,Persian Empire,"POLYGON ((35.6521 37.601, 35.6148 37.5824, 35.5941 37.5514, …"
1436,Kappadokia,-539.2,-401.6,168951.9,POLITY,,(Lydia),196,241,2,2026-08-16,Persian Empire,"POLYGON ((38.3855 38.6547, 38.3659 38.639, 38.3576 38.6145, …"
1437,Kappadokia,-401.6,-401.2,100275.0,POLITY,,(Lydia),196,241,2,2026-08-16,Persian Empire,"POLYGON ((38.22 39.9033, 38.2183 39.8533, 38.2233 39.7883, 3…"
1438,Kappadokia,-401.2,-371.5,168951.9,POLITY,,(Lydia),196,241,2,2026-08-16,Persian Empire,"POLYGON ((38.3855 38.6547, 38.3659 38.639, 38.3576 38.6145, …"
1439,Kappadokia,-371.5,-360.5,68685.7,POLITY,,(Lydia),196,241,1,2026-08-16,Persian Empire,"POLYGON ((35.681 37.6341, 35.6521 37.601, 35.6148 37.5824, 3…"
1440,Kappadokia,-360.5,-333.4,168951.9,POLITY,,(Lydia),196,241,2,2026-08-16,Persian Empire,"POLYGON ((38.3855 38.6547, 38.3659 38.639, 38.3576 38.6145, …"
1441,Kappadokia,-333.4,-330.5,100275.0,POLITY,,(Lydia),196,241,2,2026-08-16,Persian Empire,"POLYGON ((38.22 39.9033, 38.2183 39.8533, 38.2233 39.7883, 3…"
1442,Pontic Kappadokia,-547.1,-371.5,100275.0,POLITY,,(Kappadokia),196,241,2,2026-08-16,Persian Empire,"POLYGON ((38.22 39.9033, 38.2183 39.8533, 38.2233 39.7883, 3…"
1443,Pontic Kappadokia,-360.5,-330.5,100275.0,POLITY,,(Kappadokia),196,241,2,2026-08-16,Persian Empire,"POLYGON ((38.22 39.9033, 38.2183 39.8533, 38.2233 39.7883, 3…"
1444,Tauric Kappadokia,-547.1,-539.2,69050.8,POLITY,,(Kappadokia),196,241,1,2026-08-16,Persian Empire,"POLYGON ((35.681 37.6341, 35.6521 37.601, 35.6148 37.5824, 3…"
1445,Tauric Kappadokia,-539.2,-401.6,68685.7,POLITY,,(Kappadokia),196,241,1,2026-08-16,Persian Empire,"POLYGON ((35.681 37.6341, 35.6521 37.601, 35.6148 37.5824, 3…"
1446,Tauric Kappadokia,-401.2,-333.4,68685.7,POLITY,,(Kappadokia),196,241,1,2026-08-16,Persian Empire,"POLYGON ((35.681 37.6341, 35.6521 37.601, 35.6148 37.5824, 3…"
1447,Lydia,-547.1,-544.5,200084.8,POLITY,,(Lydia),196,240,15,2026-08-16,Persian Empire,"POLYGON ((29.8992 37.4058, 29.8558 37.4375, 29.7942 37.46, 2…"
1448,Lydia,-544.5,-543.5,219627.3,POLITY,,(Lydia),196,240,15,2026-08-16,Persian Empire,"MULTIPOLYGON (((25.96314 38.40511, 25.96114 38.40745, 25.963…"
1449,Lydia,-543.5,-542.5,241659.8,POLITY,,(Lydia),196,241,12,2026-08-16,Persian Empire,"MULTIPOLYGON (((25.96314 38.40511, 25.96114 38.40745, 25.963…"
1450,Lydia,-542.5,-522.5,253701.8,POLITY,,(Lydia),196,241,12,2026-08-16,Persian Empire,"MULTIPOLYGON (((25.96314 38.40511, 25.96114 38.40745, 25.963…"
1451,Lydia,-522.5,-518.5,255270.4,POLITY,,(Lydia),196,244,13,2026-08-16,Persian Empire,"MULTIPOLYGON (((25.27428 37.41022, 25.28031 37.41295, 25.281…"
1452,Lydia,-518.5,-516.5,254784.2,POLITY,,(Lydia),196,244,13,2026-08-16,Persian Empire,"MULTIPOLYGON (((25.27428 37.41022, 25.28031 37.41295, 25.281…"
1453,Lydia,-516.5,-514.5,255270.4,POLITY,,(Lydia),196,244,13,2026-08-16,Persian Empire,"MULTIPOLYGON (((25.27428 37.41022, 25.28031 37.41295, 25.281…"
1454,Lydia,-514.5,-513.8,257444.3,POLITY,,(Lydia),196,244,13,2026-08-16,Persian Empire,"MULTIPOLYGON (((26.55392 37.28872, 26.54908 37.29109, 26.544…"
1455,Lydia,-513.8,-512.5,257487.6,POLITY,,(Lydia),196,244,13,2026-08-16,Persian Empire,"MULTIPOLYGON (((26.55392 37.28872, 26.54908 37.29109, 26.544…"
1456,Lydia,-512.5,-511.5,382241.0,POLITY,,(Lydia),196,250,11,2026-08-16,Persian Empire,"MULTIPOLYGON (((25.28031 37.41295, 25.28172 37.41045, 25.277…"
1457,Lydia,-511.5,-510.5,382835.6,POLITY,,(Lydia),196,246,0,2026-08-16,Persian Empire,"MULTIPOLYGON (((25.28031 37.41295, 25.28172 37.41045, 25.277…"
1458,Lydia,-510.5,-508.5,390681.5,POLITY,,(Lydia),196,246,0,2026-08-16,Persian Empire,"MULTIPOLYGON (((25.28031 37.41295, 25.28172 37.41045, 25.277…"
1459,Lydia,-508.5,-499.3,390864.3,POLITY,,(Lydia),196,246,0,2026-08-16,Persian Empire,"MULTIPOLYGON (((25.28031 37.41295, 25.28172 37.41045, 25.277…"
1460,Lydia,-499.3,-499.2,390861.5,POLITY,,(Lydia),196,246,0,2026-08-16,Persian Empire,"MULTIPOLYGON (((25.28031 37.41295, 25.28172 37.41045, 25.277…"
1461,Lydia,-499.2,-498.5,371602.0,POLITY,,(Lydia),196,246,0,2026-08-16,Persian Empire,"MULTIPOLYGON (((24.97286 39.49758, 24.97586 39.51133, 24.980…"
1462,Lydia,-498.5,-498.4,363756.1,POLITY,,(Lydia),196,246,0,2026-08-16,Persian Empire,"MULTIPOLYGON (((26.589 39.39314, 26.5915 39.3995, 26.60064 3…"
1463,Lydia,-498.4,-497.6,362599.4,POLITY,,(Lydia),196,246,0,2026-08-16,Persian Empire,"MULTIPOLYGON (((24.97586 39.49133, 24.97286 39.49758, 24.975…"
1464,Lydia,-497.6,-497.5,334066.3,POLITY,,(Lydia),196,246,0,2026-08-16,Persian Empire,"MULTIPOLYGON (((24.97586 39.49133, 24.97286 39.49758, 24.975…"
1465,Lydia,-497.5,-495.5,210699.5,POLITY,,(Lydia),196,250,11,2026-08-16,Persian Empire,"MULTIPOLYGON (((26.59181 39.30589, 26.59539 39.30792, 26.599…"
1466,Lydia,-495.5,-494.0,209651.4,POLITY,,(Lydia),196,240,15,2026-08-16,Persian Empire,"MULTIPOLYGON (((26.80817 38.92978, 26.81489 38.92878, 26.819…"
1467,Lydia,-494.0,-493.8,209928.6,POLITY,,(Lydia),196,241,12,2026-08-16,Persian Empire,"MULTIPOLYGON (((27.2272 37.4979, 27.2272 37.5013, 27.2219 37…"
1468,Lydia,-493.8,-493.5,245548.4,POLITY,,(Lydia),196,241,12,2026-08-16,Persian Empire,"MULTIPOLYGON (((26.89506 35.40403, 26.90553 35.41989, 26.911…"
1469,Lydia,-493.5,-492.3,263787.4,POLITY,,(Lydia),196,250,11,2026-08-16,Persian Empire,"MULTIPOLYGON (((26.54908 37.29109, 26.54422 37.29092, 26.539…"
1470,Lydia,-492.3,-492.1,272015.0,POLITY,,(Lydia),196,250,11,2026-08-16,Persian Empire,"MULTIPOLYGON (((26.54908 37.29109, 26.54422 37.29092, 26.539…"
1471,Lydia,-492.1,-485.5,390957.8,POLITY,,(Lydia),196,246,0,2026-08-16,Persian Empire,"MULTIPOLYGON (((26.49331 37.51034, 26.49778 37.51783, 26.500…"
1472,Lydia,-485.5,-480.4,331053.5,POLITY,,(Lydia),196,246,0,2026-08-16,Persian Empire,"MULTIPOLYGON (((26.46611 37.55997, 26.46447 37.56389, 26.465…"
1473,Lydia,-480.4,-480.1,390953.6,POLITY,,(Lydia),196,246,0,2026-08-16,Persian Empire,"MULTIPOLYGON (((26.46611 37.55997, 26.46447 37.56389, 26.465…"
1474,Lydia,-480.1,-479.4,390788.1,POLITY,,(Lydia),196,246,0,2026-08-16,Persian Empire,"MULTIPOLYGON (((26.49331 37.51034, 26.49778 37.51783, 26.500…"
1475,Lydia,-479.4,-479.3,379647.8,POLITY,,(Lydia),196,246,0,2026-08-16,Persian Empire,"MULTIPOLYGON (((26.49331 37.51034, 26.49778 37.51783, 26.500…"
1476,Lydia,-479.3,-479.0,379426.4,POLITY,,(Lydia),196,246,0,2026-08-16,Persian Empire,"MULTIPOLYGON (((26.87653 37.09992, 26.87109 37.09956, 26.855…"
1477,Lydia,-479.0,-478.3,378458.2,POLITY,,(Lydia),196,246,0,2026-08-16,Persian Empire,"MULTIPOLYGON (((26.87686 35.44928, 26.87906 35.44742, 26.881…"
1478,Lydia,-478.3,-476.5,378226.4,POLITY,,(Lydia),196,246,0,2026-08-16,Persian Empire,"MULTIPOLYGON (((26.87653 37.09992, 26.87109 37.09956, 26.855…"
1479,Lydia,-476.5,-475.8,377844.7,POLITY,,(Lydia),196,246,0,2026-08-16,Persian Empire,"MULTIPOLYGON (((26.87686 35.44928, 26.87906 35.44742, 26.881…"
1480,Lydia,-475.8,-475.5,376412.5,POLITY,,(Lydia),196,250,7,2026-08-16,Persian Empire,"MULTIPOLYGON (((26.89506 35.40403, 26.90553 35.41989, 26.911…"
1481,Lydia,-475.5,-469.5,253640.2,POLITY,,(Lydia),196,250,7,2026-08-16,Persian Empire,"MULTIPOLYGON (((26.89506 35.40403, 26.90553 35.41989, 26.911…"
1482,Lydia,-469.5,-420.5,251063.7,POLITY,,(Lydia),196,241,11,2026-08-16,Persian Empire,"MULTIPOLYGON (((28.44997 36.8822, 28.44528 36.87958, 28.4414…"
1483,Lydia,-420.5,-415.5,185474.7,POLITY,,(Lydia),196,240,15,2026-08-16,Persian Empire,"POLYGON ((29.2125 37.6125, 29.1308 37.6225, 29.0775 37.6458,…"
1484,Lydia,-415.5,-413.5,251063.7,POLITY,,(Lydia),196,241,11,2026-08-16,Persian Empire,"MULTIPOLYGON (((28.44997 36.8822, 28.44528 36.87958, 28.4414…"
1485,Lydia,-413.5,-412.2,234729.5,POLITY,,(Lydia),196,241,11,2026-08-16,Persian Empire,"MULTIPOLYGON (((27.2272 37.4979, 27.2272 37.5013, 27.2219 37…"
1486,Lydia,-412.2,-404.7,251063.7,POLITY,,(Lydia),196,241,11,2026-08-16,Persian Empire,"MULTIPOLYGON (((28.44997 36.8822, 28.44528 36.87958, 28.4414…"
1487,Lydia,-404.7,-401.6,251066.3,POLITY,,(Lydia),196,241,11,2026-08-16,Persian Empire,"MULTIPOLYGON (((28.44997 36.8822, 28.44528 36.87958, 28.4414…"
1488,Lydia,-401.6,-401.2,107785.4,POLITY,,(Lydia),196,241,11,2026-08-16,Persian Empire,"MULTIPOLYGON (((28.44997 36.8822, 28.44528 36.87958, 28.4414…"
1489,Lydia,-401.2,-400.1,251066.3,POLITY,,(Lydia),196,241,11,2026-08-16,Persian Empire,"MULTIPOLYGON (((28.44997 36.8822, 28.44528 36.87958, 28.4414…"
1490,Lydia,-400.1,-394.2,234439.3,POLITY,,(Lydia),196,241,11,2026-08-16,Persian Empire,"MULTIPOLYGON (((28.4925 37.1383, 28.4867 37.1142, 28.4767 37…"
1491,Lydia,-394.2,-394.1,234597.7,POLITY,,(Lydia),196,241,12,2026-08-16,Persian Empire,"MULTIPOLYGON (((27.22339 37.01294, 27.22475 37.01086, 27.222…"
1492,Lydia,-394.1,-386.5,234786.2,POLITY,,(Lydia),196,241,12,2026-08-16,Persian Empire,"MULTIPOLYGON (((27.38822 37.00367, 27.38589 36.99386, 27.384…"
1493,Lydia,-386.5,-381.3,234795.1,POLITY,,(Lydia),196,241,12,2026-08-16,Persian Empire,"MULTIPOLYGON (((27.22475 37.01086, 27.22297 37.00814, 27.212…"
1494,Lydia,-381.3,-378.5,226590.4,POLITY,,(Lydia),196,241,12,2026-08-16,Persian Empire,"MULTIPOLYGON (((27.38822 37.00367, 27.38589 36.99386, 27.384…"
1495,Lydia,-378.5,-367.5,234795.1,POLITY,,(Lydia),196,241,12,2026-08-16,Persian Empire,"MULTIPOLYGON (((27.22475 37.01086, 27.22297 37.00814, 27.212…"
1496,Lydia,-367.5,-366.8,235281.2,POLITY,,(Lydia),196,241,12,2026-08-16,Persian Empire,"MULTIPOLYGON (((27.22475 37.01086, 27.22297 37.00814, 27.212…"
1497,Lydia,-366.8,-365.7,163140.2,POLITY,,(Lydia),196,241,12,2026-08-16,Persian Empire,"MULTIPOLYGON (((27.22339 37.01294, 27.22475 37.01086, 27.222…"
1498,Lydia,-365.7,-363.5,162654.0,POLITY,,(Lydia),196,241,12,2026-08-16,Persian Empire,"MULTIPOLYGON (((27.5172 36.66375, 27.51822 36.66028, 27.5153…"
1499,Lydia,-363.5,-362.3,110942.5,POLITY,,(Lydia),196,241,0,2026-08-16,Persian Empire,"POLYGON ((29.3308 37.6075, 29.2842 37.6075, 29.2125 37.6125,…"
1500,Lydia,-362.3,-360.5,185739.1,POLITY,,(Lydia),196,240,15,2026-08-16,Persian Empire,"MULTIPOLYGON (((26.81489 38.92878, 26.81975 38.92411, 26.824…"
1501,Lydia,-360.5,-356.9,251422.1,POLITY,,(Lydia),196,241,12,2026-08-16,Persian Empire,"MULTIPOLYGON (((27.38822 37.00367, 27.38589 36.99386, 27.384…"
1502,Lydia,-356.9,-356.3,252838.3,POLITY,,(Lydia),196,241,12,2026-08-16,Persian Empire,"MULTIPOLYGON (((27.38822 37.00367, 27.38589 36.99386, 27.384…"
1503,Lydia,-356.3,-353.2,180697.3,POLITY,,(Lydia),196,241,12,2026-08-16,Persian Empire,"MULTIPOLYGON (((27.38711 37.00531, 27.38822 37.00367, 27.385…"
1504,Lydia,-353.2,-344.5,252838.3,POLITY,,(Lydia),196,241,12,2026-08-16,Persian Empire,"MULTIPOLYGON (((27.38822 37.00367, 27.38589 36.99386, 27.384…"
1505,Lydia,-344.5,-340.5,253687.5,POLITY,,(Lydia),196,241,12,2026-08-16,Persian Empire,"MULTIPOLYGON (((27.22475 37.01086, 27.22297 37.00814, 27.212…"
1506,Lydia,-340.5,-336.5,252838.3,POLITY,,(Lydia),196,241,12,2026-08-16,Persian Empire,"MULTIPOLYGON (((27.38822 37.00367, 27.38589 36.99386, 27.384…"
1507,Lydia,-336.5,-336.4,252632.9,POLITY,,(Lydia),196,241,12,2026-08-16,Persian Empire,"MULTIPOLYGON (((27.22475 37.01086, 27.22297 37.00814, 27.212…"
1508,Lydia,-336.4,-334.5,252602.1,POLITY,,(Lydia),196,241,12,2026-08-16,Persian Empire,"MULTIPOLYGON (((27.38711 37.00531, 27.38822 37.00367, 27.385…"
1509,Lydia,-334.5,-334.4,180697.3,POLITY,,(Lydia),196,241,12,2026-08-16,Persian Empire,"MULTIPOLYGON (((27.38711 37.00531, 27.38822 37.00367, 27.385…"
1510,Lydia,-334.4,-334.3,153897.6,POLITY,,(Lydia),196,241,12,2026-08-16,Persian Empire,"MULTIPOLYGON (((27.38711 37.00531, 27.38822 37.00367, 27.385…"
1511,Lydia,-334.3,-334.0,145946.0,POLITY,,(Lydia),196,241,12,2026-08-16,Persian Empire,"MULTIPOLYGON (((27.76908 35.89784, 27.75522 35.91192, 27.740…"
1512,Lydia,-334.0,-333.7,111237.8,POLITY,,(Lydia),196,250,0,2026-08-16,Persian Empire,"MULTIPOLYGON (((27.35492 36.86009, 27.34417 36.85367, 27.331…"
1513,Lydia,-333.7,-333.5,112086.9,POLITY,,(Lydia),196,253,11,2026-08-16,Persian Empire,"MULTIPOLYGON (((27.35492 36.86009, 27.34417 36.85367, 27.331…"
1514,Lydia,-333.5,-333.3,1183.9,POLITY,,(Lydia),196,250,8,2026-08-16,Persian Empire,"MULTIPOLYGON (((27.3572 36.86945, 27.35492 36.86009, 27.3441…"
1515,Lydia,-333.3,-332.6,1458.2,POLITY,,(Lydia),196,250,8,2026-08-16,Persian Empire,"MULTIPOLYGON (((27.35492 36.86009, 27.34417 36.85367, 27.331…"
1516,Lydia,-332.6,-332.4,1418.8,POLITY,,(Lydia),196,253,11,2026-08-16,Persian Empire,"MULTIPOLYGON (((27.3572 36.86945, 27.35492 36.86009, 27.3441…"
1517,Lydia,-332.4,-332.3,569.6,POLITY,,(Lydia),196,250,0,2026-08-16,Persian Empire,"MULTIPOLYGON (((27.3572 36.86945, 27.35492 36.86009, 27.3441…"
1518,Lydia,-366.4,-366.3,2334.3,TRANSIENT,,(Lydia),196,253,5,2026-08-16,Persian Empire,"POLYGON ((30.0933 37.6967, 30.1433 37.6967, 30.21 37.6717, 3…"
1519,Lydia,-357.4,-356.9,1204.6,TRANSIENT,,(Lydia),196,253,6,2026-08-16,Persian Empire,"POLYGON ((27.435 37.0225, 27.4192 36.9967, 27.4117 36.9675, …"
1520,Lydia,-356.9,-356.5,548.2,TRANSIENT,,(Lydia),196,253,6,2026-08-16,Persian Empire,"POLYGON ((27.435 37.0225, 27.4192 36.9967, 27.4117 36.9675, …"
1521,Lydia,-356.5,-356.4,1802.1,TRANSIENT,,(Lydia),196,253,6,2026-08-16,Persian Empire,"POLYGON ((25.8352 39.9711, 25.8042 39.9297, 25.7732 39.8521,…"
1522,Lydia,-356.4,-356.1,1481.0,TRANSIENT,,(Lydia),196,253,6,2026-08-16,Persian Empire,"POLYGON ((25.8352 39.9711, 25.8042 39.9297, 25.7732 39.8521,…"
1523,Lydia,-346.2,-345.7,4549.1,TRANSIENT,,(Lydia),196,253,8,2026-08-16,Persian Empire,"POLYGON ((30.2514 36.1424, 30.3264 36.1257, 30.4014 36.1091,…"
1524,Lydia,-345.7,-344.5,8562.7,TRANSIENT,,(Lydia),196,253,8,2026-08-16,Persian Empire,"POLYGON ((32.3028 34.8662, 32.3359 34.7862, 32.3855 34.7338,…"
1525,Lydia,-344.5,-344.4,4549.1,TRANSIENT,,(Lydia),196,253,8,2026-08-16,Persian Empire,"POLYGON ((30.2514 36.1424, 30.3264 36.1257, 30.4014 36.1091,…"
1526,Greater Phrygia,-547.1,-543.5,117428.1,POLITY,,(Lydia),196,241,0,2026-08-16,Persian Empire,"POLYGON ((29.9683 37.3517, 29.95 37.3742, 29.8992 37.4058, 2…"
1527,Greater Phrygia,-543.5,-401.6,110942.5,POLITY,,(Lydia),196,241,0,2026-08-16,Persian Empire,"POLYGON ((29.3308 37.6075, 29.2842 37.6075, 29.2125 37.6125,…"
1528,Greater Phrygia,-401.2,-333.5,110942.5,POLITY,,(Lydia),196,241,0,2026-08-16,Persian Empire,"POLYGON ((29.3308 37.6075, 29.2842 37.6075, 29.2125 37.6125,…"
1529,Hellespontine Phrygia,-547.1,-544.5,55857.0,POLITY,,(Lydia),196,240,15,2026-08-16,Persian Empire,"POLYGON ((29.935 39.3086, 29.9 39.2952, 29.8634 39.3036, 29.…"
1530,Hellespontine Phrygia,-544.5,-542.5,64172.7,POLITY,,(Lydia),196,240,15,2026-08-16,Persian Empire,"MULTIPOLYGON (((26.80839 38.92658, 26.80817 38.92978, 26.814…"
1531,Hellespontine Phrygia,-542.5,-513.8,76214.8,POLITY,,(Lydia),196,240,15,2026-08-16,Persian Empire,"MULTIPOLYGON (((26.80839 38.92658, 26.80817 38.92978, 26.814…"
1532,Hellespontine Phrygia,-513.8,-499.2,76258.1,POLITY,,(Lydia),196,240,15,2026-08-16,Persian Empire,"MULTIPOLYGON (((26.35731 38.97856, 26.34942 38.97936, 26.332…"
1533,Hellespontine Phrygia,-499.2,-495.5,74605.6,POLITY,,(Lydia),196,240,15,2026-08-16,Persian Empire,"MULTIPOLYGON (((26.80817 38.92978, 26.81489 38.92878, 26.819…"
1534,Hellespontine Phrygia,-495.5,-493.5,74564.9,POLITY,,(Lydia),196,240,15,2026-08-16,Persian Empire,"MULTIPOLYGON (((26.80839 38.92658, 26.80817 38.92978, 26.814…"
1535,Hellespontine Phrygia,-493.5,-479.4,76258.1,POLITY,,(Lydia),196,240,15,2026-08-16,Persian Empire,"MULTIPOLYGON (((26.35731 38.97856, 26.34942 38.97936, 26.332…"
1536,Hellespontine Phrygia,-479.4,-479.3,74608.2,POLITY,,(Lydia),196,240,15,2026-08-16,Persian Empire,"MULTIPOLYGON (((26.80817 38.92978, 26.81489 38.92878, 26.819…"
1537,Hellespontine Phrygia,-479.3,-478.3,74575.5,POLITY,,(Lydia),196,240,15,2026-08-16,Persian Empire,"MULTIPOLYGON (((28.0158 39.2667, 27.9925 39.2367, 27.9708 39…"
1538,Hellespontine Phrygia,-478.3,-404.7,74532.3,POLITY,,(Lydia),196,240,15,2026-08-16,Persian Empire,"POLYGON ((27.9708 39.1933, 27.9308 39.1633, 27.8925 39.12, 2…"
1539,Hellespontine Phrygia,-404.7,-394.2,74534.8,POLITY,,(Lydia),196,240,15,2026-08-16,Persian Empire,"POLYGON ((27.9708 39.1933, 27.9308 39.1633, 27.8925 39.12, 2…"
1540,Hellespontine Phrygia,-394.2,-366.8,74608.2,POLITY,,(Lydia),196,240,15,2026-08-16,Persian Empire,"MULTIPOLYGON (((26.80817 38.92978, 26.81489 38.92878, 26.819…"
1541,Hellespontine Phrygia,-362.3,-356.3,74796.6,POLITY,,(Lydia),196,240,15,2026-08-16,Persian Empire,"MULTIPOLYGON (((26.80817 38.92978, 26.81489 38.92878, 26.819…"
1542,Hellespontine Phrygia,-353.2,-336.5,74796.6,POLITY,,(Lydia),196,240,15,2026-08-16,Persian Empire,"MULTIPOLYGON (((26.80817 38.92978, 26.81489 38.92878, 26.819…"
1543,Hellespontine Phrygia,-336.5,-336.4,74591.2,POLITY,,(Lydia),196,240,15,2026-08-16,Persian Empire,"MULTIPOLYGON (((26.80817 38.92978, 26.81489 38.92878, 26.819…"
1544,Hellespontine Phrygia,-336.4,-334.5,74560.4,POLITY,,(Lydia),196,240,15,2026-08-16,Persian Empire,"MULTIPOLYGON (((26.80817 38.92978, 26.81489 38.92878, 26.819…"
1545,Hellespontine Phrygia,-333.5,-332.6,39.4,POLITY,,(Lydia),196,250,8,2026-08-16,Persian Empire,"POLYGON ((26.04845 39.789, 26.05289 39.7892, 26.05975 39.792…"
1546,Lesbos,-544.5,-499.2,1649.9,POLITY,,(Hellespontine Phrygia),196,244,4,2026-08-16,Persian Empire,"POLYGON ((26.37892 38.97445, 26.37733 38.97486, 26.36725 38.…"
1547,Lesbos,-493.5,-479.4,1649.9,POLITY,,(Hellespontine Phrygia),196,244,4,2026-08-16,Persian Empire,"POLYGON ((26.37892 38.97445, 26.37733 38.97486, 26.36725 38.…"
1548,Tenedos,-513.8,-495.5,39.4,POLITY,,(Hellespontine Phrygia),196,250,8,2026-08-16,Persian Empire,"POLYGON ((26.04845 39.789, 26.05289 39.7892, 26.05975 39.792…"
1549,Tenedos,-493.5,-478.3,39.4,POLITY,,(Hellespontine Phrygia),196,250,8,2026-08-16,Persian Empire,"POLYGON ((26.04845 39.789, 26.05289 39.7892, 26.05975 39.792…"
1550,Tenedos,-394.2,-366.8,39.4,POLITY,,(Hellespontine Phrygia),196,250,8,2026-08-16,Persian Empire,"POLYGON ((26.04845 39.789, 26.05289 39.7892, 26.05975 39.792…"
1551,Tenedos,-362.3,-356.3,39.4,POLITY,,(Hellespontine Phrygia),196,250,8,2026-08-16,Persian Empire,"POLYGON ((26.04845 39.789, 26.05289 39.7892, 26.05975 39.792…"
1552,Tenedos,-353.2,-336.5,39.4,POLITY,,(Hellespontine Phrygia),196,250,8,2026-08-16,Persian Empire,"POLYGON ((26.04845 39.789, 26.05289 39.7892, 26.05975 39.792…"
1553,Tenedos,-333.5,-332.6,39.4,POLITY,,(Hellespontine Phrygia),196,250,8,2026-08-16,Persian Empire,"POLYGON ((26.04845 39.789, 26.05289 39.7892, 26.05975 39.792…"
1554,Iasos,-412.2,-404.7,107.3,POLITY,,(Lydia),196,252,7,2026-08-16,Persian Empire,"POLYGON ((27.6403 37.231, 27.6417 37.2377, 27.6464 37.2451, …"
1555,Ionia,-544.5,-522.5,9160.0,POLITY,,(Lydia),196,241,11,2026-08-16,Persian Empire,"MULTIPOLYGON (((25.9782 38.40156, 25.97417 38.40411, 25.9631…"
1556,Ionia,-522.5,-518.5,10728.5,POLITY,,(Lydia),196,244,13,2026-08-16,Persian Empire,"MULTIPOLYGON (((25.26997 37.41047, 25.27428 37.41022, 25.280…"
1557,Ionia,-518.5,-516.5,10242.3,POLITY,,(Lydia),196,244,13,2026-08-16,Persian Empire,"MULTIPOLYGON (((25.26997 37.41047, 25.27428 37.41022, 25.280…"
1558,Ionia,-516.5,-499.2,10728.5,POLITY,,(Lydia),196,244,13,2026-08-16,Persian Empire,"MULTIPOLYGON (((25.26997 37.41047, 25.27428 37.41022, 25.280…"
1559,Ionia,-493.8,-493.5,79.9,POLITY,,(Lydia),196,241,11,2026-08-16,Persian Empire,"MULTIPOLYGON (((27.08122 37.28578, 27.08167 37.29128, 27.085…"
1560,Ionia,-493.5,-479.4,10037.6,POLITY,,(Lydia),196,241,11,2026-08-16,Persian Empire,"MULTIPOLYGON (((26.50231 37.51478, 26.49786 37.5075, 26.4955…"
1561,Ionia,-479.4,-479.3,8393.2,POLITY,,(Lydia),196,241,11,2026-08-16,Persian Empire,"MULTIPOLYGON (((26.54603 37.28058, 26.55445 37.28664, 26.553…"
1562,Ionia,-479.3,-420.5,8209.4,POLITY,,(Lydia),196,241,11,2026-08-16,Persian Empire,"MULTIPOLYGON (((26.9158 38.95, 26.93 38.96, 26.9525 38.9683,…"
1563,Ionia,-415.5,-401.6,8209.4,POLITY,,(Lydia),196,241,11,2026-08-16,Persian Empire,"MULTIPOLYGON (((26.9158 38.95, 26.93 38.96, 26.9525 38.9683,…"
1564,Ionia,-401.6,-401.2,4.6,POLITY,,(Lydia),196,241,11,2026-08-16,Persian Empire,"POLYGON ((26.93328 38.43189, 26.94117 38.43245, 26.94653 38.…"
1565,Ionia,-401.2,-394.2,8209.4,POLITY,,(Lydia),196,241,11,2026-08-16,Persian Empire,"MULTIPOLYGON (((26.9158 38.95, 26.93 38.96, 26.9525 38.9683,…"
1566,Ionia,-394.2,-386.5,8238.9,POLITY,,(Lydia),196,241,11,2026-08-16,Persian Empire,"MULTIPOLYGON (((26.93 38.96, 26.9525 38.9683, 26.9708 38.970…"
1567,Ionia,-386.5,-381.3,8246.9,POLITY,,(Lydia),196,241,11,2026-08-16,Persian Empire,"MULTIPOLYGON (((26.9525 38.9683, 26.9708 38.9708, 27.0025 38…"
1568,Ionia,-381.3,-378.5,42.2,POLITY,,(Lydia),196,241,11,2026-08-16,Persian Empire,"MULTIPOLYGON (((26.46556 38.40422, 26.47536 38.39975, 26.471…"
1569,Ionia,-378.5,-363.5,8246.9,POLITY,,(Lydia),196,241,11,2026-08-16,Persian Empire,"MULTIPOLYGON (((26.9525 38.9683, 26.9708 38.9708, 27.0025 38…"
1570,Ionia,-360.5,-334.3,8246.9,POLITY,,(Lydia),196,241,11,2026-08-16,Persian Empire,"MULTIPOLYGON (((26.9525 38.9683, 26.9708 38.9708, 27.0025 38…"
1571,Ionia,-333.3,-332.3,274.3,POLITY,,(Lydia),196,241,11,2026-08-16,Persian Empire,"POLYGON ((27.216 37.4832, 27.22095 37.48494, 27.22461 37.482…"
1572,Akrite,-522.5,-499.2,6.5,POLITY,,(Ionia),196,244,6,2026-08-16,Persian Empire,"POLYGON ((26.75039 37.36839, 26.75714 37.3747, 26.76489 37.3…"
1573,Akrite,-493.8,-479.3,6.5,POLITY,,(Ionia),196,244,6,2026-08-16,Persian Empire,"POLYGON ((26.75039 37.36839, 26.75714 37.3747, 26.76489 37.3…"
1574,Andros,-522.5,-499.2,385.2,POLITY,,(Ionia),196,244,14,2026-08-16,Persian Empire,"POLYGON ((24.994 37.77175, 24.99206 37.77439, 24.98836 37.77…"
1575,Chios,-544.5,-499.2,849.1,POLITY,,(Ionia),196,243,15,2026-08-16,Persian Empire,"POLYGON ((25.99061 38.3955, 25.98883 38.39275, 25.98536 38.3…"
1576,Chios,-493.5,-479.4,849.1,POLITY,,(Ionia),196,243,15,2026-08-16,Persian Empire,"POLYGON ((25.99061 38.3955, 25.98883 38.39275, 25.98536 38.3…"
1577,Delos,-522.5,-499.2,3.8,POLITY,,(Ionia),196,244,15,2026-08-16,Persian Empire,"POLYGON ((25.25889 37.37061, 25.26347 37.37131, 25.27556 37.…"
1578,Drymousa,-544.5,-499.2,25.7,POLITY,,(Ionia),196,244,0,2026-08-16,Persian Empire,"POLYGON ((26.73703 38.46067, 26.74142 38.4613, 26.74867 38.4…"
1579,Drymousa,-493.5,-479.3,25.7,POLITY,,(Ionia),196,244,0,2026-08-16,Persian Empire,"POLYGON ((26.73703 38.46067, 26.74142 38.4613, 26.74867 38.4…"
1580,Hyetousa,-522.5,-499.2,1.4,POLITY,,(Ionia),196,244,7,2026-08-16,Persian Empire,"POLYGON ((26.71228 37.3575, 26.71878 37.36589, 26.71711 37.3…"
1581,Hyetousa,-493.8,-479.3,1.4,POLITY,,(Ionia),196,244,7,2026-08-16,Persian Empire,"POLYGON ((26.71228 37.3575, 26.71878 37.36589, 26.71711 37.3…"
1582,Ikaros,-522.5,-499.2,263.7,POLITY,,(Ionia),196,244,5,2026-08-16,Persian Empire,"POLYGON ((26.35517 37.69214, 26.35931 37.69428, 26.36617 37.…"
1583,Ikaros,-493.5,-479.4,263.7,POLITY,,(Ionia),196,244,5,2026-08-16,Persian Empire,"POLYGON ((26.35517 37.69214, 26.35931 37.69428, 26.36617 37.…"
1584,Lepsia,-522.5,-499.2,16.1,POLITY,,(Ionia),196,244,9,2026-08-16,Persian Empire,"POLYGON ((26.78814 37.27836, 26.79072 37.27903, 26.79083 37.…"
1585,Lepsia,-493.8,-479.3,16.1,POLITY,,(Ionia),196,244,9,2026-08-16,Persian Empire,"POLYGON ((26.78814 37.27836, 26.79072 37.27903, 26.79083 37.…"
1586,Mykonos,-522.5,-499.2,85.8,POLITY,,(Ionia),196,244,12,2026-08-16,Persian Empire,"POLYGON ((25.38353 37.49006, 25.38292 37.48867, 25.38689 37.…"
1587,Oinousa,-544.5,-499.2,15.5,POLITY,,(Ionia),196,244,2,2026-08-16,Persian Empire,"POLYGON ((26.246 38.5047, 26.25478 38.50689, 26.26047 38.515…"
1588,Oinousa,-493.5,-479.3,15.5,POLITY,,(Ionia),196,244,2,2026-08-16,Persian Empire,"POLYGON ((26.246 38.5047, 26.25478 38.50689, 26.26047 38.515…"
1589,Patmos,-522.5,-499.2,36.9,POLITY,,(Ionia),196,244,8,2026-08-16,Persian Empire,"POLYGON ((26.56039 37.26936, 26.56992 37.272, 26.57561 37.27…"
1590,Patmos,-493.8,-479.3,36.9,POLITY,,(Ionia),196,244,8,2026-08-16,Persian Empire,"POLYGON ((26.56039 37.26936, 26.56992 37.272, 26.57561 37.27…"
1591,Pele,-544.5,-499.2,1.9,POLITY,,(Ionia),196,244,1,2026-08-16,Persian Empire,"POLYGON ((26.76759 38.43617, 26.77031 38.44047, 26.77528 38.…"
1592,Pele,-493.5,-479.3,1.9,POLITY,,(Ionia),196,244,1,2026-08-16,Persian Empire,"POLYGON ((26.76759 38.43617, 26.77031 38.44047, 26.77528 38.…"
1593,Pharmakousa,-522.5,-499.2,4.8,POLITY,,(Ionia),196,244,10,2026-08-16,Persian Empire,"POLYGON ((27.09122 37.27367, 27.09528 37.27589, 27.10017 37.…"
1594,Pharmakousa,-493.8,-479.3,4.8,POLITY,,(Ionia),196,244,10,2026-08-16,Persian Empire,"POLYGON ((27.09122 37.27367, 27.09528 37.27589, 27.10017 37.…"
1595,Psyra,-544.5,-499.2,40.2,POLITY,,(Ionia),196,244,3,2026-08-16,Persian Empire,"POLYGON ((25.56297 38.53447, 25.56472 38.53583, 25.56595 38.…"
1596,Psyra,-493.5,-479.4,40.2,POLITY,,(Ionia),196,244,3,2026-08-16,Persian Empire,"POLYGON ((25.56297 38.53447, 25.56472 38.53583, 25.56595 38.…"
1597,Rheneia,-522.5,-499.2,15.9,POLITY,,(Ionia),196,245,0,2026-08-16,Persian Empire,"POLYGON ((25.21903 37.37189, 25.22589 37.37233, 25.23078 37.…"
1598,Samos,-522.5,-518.5,486.1,POLITY,,(Ionia),196,243,11,2026-08-16,Persian Empire,"POLYGON ((26.7507 37.69986, 26.73158 37.70842, 26.72014 37.7…"
1599,Samos,-516.5,-499.2,486.1,POLITY,,(Ionia),196,243,11,2026-08-16,Persian Empire,"POLYGON ((26.7507 37.69986, 26.73158 37.70842, 26.72014 37.7…"
1600,Samos,-493.5,-479.4,486.1,POLITY,,(Ionia),196,243,11,2026-08-16,Persian Empire,"POLYGON ((26.7507 37.69986, 26.73158 37.70842, 26.72014 37.7…"
1601,Tenos,-522.5,-499.2,197.9,POLITY,,(Ionia),196,244,13,2026-08-16,Persian Empire,"POLYGON ((25.0027 37.67008, 25.01308 37.68014, 25.01681 37.6…"
1602,Tragia,-522.5,-499.2,13.7,POLITY,,(Ionia),196,244,11,2026-08-16,Persian Empire,"POLYGON ((26.94895 37.45442, 26.94203 37.46731, 26.93009 37.…"
1603,Tragia,-493.8,-479.3,13.7,POLITY,,(Ionia),196,244,11,2026-08-16,Persian Empire,"POLYGON ((26.94895 37.45442, 26.94203 37.46731, 26.93009 37.…"
1604,Karia,-544.5,-543.5,4722.4,POLITY,,(Lydia),196,241,12,2026-08-16,Persian Empire,"POLYGON ((27.3828 37.7118, 27.387 37.7126, 27.3954 37.7226, …"
1605,Karia,-543.5,-514.5,33251.0,POLITY,,(Lydia),196,241,12,2026-08-16,Persian Empire,"MULTIPOLYGON (((30.0458 37.0875, 30.0208 37.0125, 30.0375 36…"
1606,Karia,-514.5,-499.3,35424.9,POLITY,,(Lydia),196,241,12,2026-08-16,Persian Empire,"MULTIPOLYGON (((27.2965 36.48395, 27.29817 36.48208, 27.2961…"
1607,Karia,-499.3,-499.2,35422.0,POLITY,,(Lydia),196,241,12,2026-08-16,Persian Empire,"MULTIPOLYGON (((27.2965 36.48395, 27.29817 36.48208, 27.2961…"
1608,Karia,-499.2,-497.6,28543.6,POLITY,,(Lydia),196,241,12,2026-08-16,Persian Empire,"MULTIPOLYGON (((29.6382 36.11478, 29.64559 36.11561, 29.6470…"
1609,Karia,-494.0,-493.8,277.2,POLITY,,(Lydia),196,241,12,2026-08-16,Persian Empire,"MULTIPOLYGON (((27.2177 37.4888, 27.2219 37.4904, 27.226 37.…"
1610,Karia,-493.8,-479.3,35827.5,POLITY,,(Lydia),196,241,12,2026-08-16,Persian Empire,"MULTIPOLYGON (((26.88509 35.39661, 26.89506 35.40403, 26.905…"
1611,Karia,-479.3,-469.5,35822.5,POLITY,,(Lydia),196,250,7,2026-08-16,Persian Empire,"MULTIPOLYGON (((26.88509 35.39661, 26.89506 35.40403, 26.905…"
1612,Karia,-469.5,-420.5,33245.9,POLITY,,(Lydia),196,241,12,2026-08-16,Persian Empire,"POLYGON ((30.0333 37.1708, 30.0458 37.0875, 30.0208 37.0125,…"
1613,Karia,-415.5,-413.5,33245.9,POLITY,,(Lydia),196,241,12,2026-08-16,Persian Empire,"POLYGON ((30.0333 37.1708, 30.0458 37.0875, 30.0208 37.0125,…"
1614,Karia,-413.5,-412.2,16909.6,POLITY,,(Lydia),196,241,12,2026-08-16,Persian Empire,"MULTIPOLYGON (((30.0333 37.2625, 30.0333 37.1708, 30.0458 37…"
1615,Karia,-412.2,-400.1,33245.9,POLITY,,(Lydia),196,241,12,2026-08-16,Persian Empire,"POLYGON ((30.0333 37.1708, 30.0458 37.0875, 30.0208 37.0125,…"
1616,Karia,-400.1,-394.2,16610.6,POLITY,,(Lydia),196,241,12,2026-08-16,Persian Empire,"POLYGON ((28.4925 37.1383, 28.4867 37.1142, 28.4767 37.0767,…"
1617,Karia,-394.2,-386.5,16666.3,POLITY,,(Lydia),196,241,12,2026-08-16,Persian Empire,"MULTIPOLYGON (((28.03581 36.72445, 28.03367 36.72083, 28.025…"
1618,Karia,-386.5,-367.5,16667.1,POLITY,,(Lydia),196,241,12,2026-08-16,Persian Empire,"MULTIPOLYGON (((27.51325 36.6645, 27.5172 36.66375, 27.51822…"
1619,Karia,-367.5,-365.7,17153.3,POLITY,,(Lydia),196,241,12,2026-08-16,Persian Empire,"MULTIPOLYGON (((27.51325 36.6645, 27.5172 36.66375, 27.51822…"
1620,Karia,-365.7,-363.5,16667.1,POLITY,,(Lydia),196,241,12,2026-08-16,Persian Empire,"MULTIPOLYGON (((27.51325 36.6645, 27.5172 36.66375, 27.51822…"
1621,Karia,-360.5,-356.9,33302.4,POLITY,,(Lydia),196,241,12,2026-08-16,Persian Empire,"MULTIPOLYGON (((27.51325 36.6645, 27.5172 36.66375, 27.51822…"
1622,Karia,-356.9,-344.5,34718.7,POLITY,,(Lydia),196,241,12,2026-08-16,Persian Empire,"MULTIPOLYGON (((27.76811 35.89417, 27.76908 35.89784, 27.755…"
1623,Karia,-344.5,-340.5,35567.8,POLITY,,(Lydia),196,241,12,2026-08-16,Persian Empire,"MULTIPOLYGON (((27.76811 35.89417, 27.76908 35.89784, 27.755…"
1624,Karia,-340.5,-334.3,34718.7,POLITY,,(Lydia),196,241,12,2026-08-16,Persian Empire,"MULTIPOLYGON (((27.76811 35.89417, 27.76908 35.89784, 27.755…"
1625,Karia,-334.3,-334.0,35014.0,POLITY,,(Lydia),196,241,12,2026-08-16,Persian Empire,"MULTIPOLYGON (((27.76811 35.89417, 27.76908 35.89784, 27.755…"
1626,Karia,-334.0,-333.7,295.3,POLITY,,(Lydia),196,250,0,2026-08-16,Persian Empire,"POLYGON ((27.35589 36.87206, 27.34725 36.88939, 27.34306 36.…"
1627,Karia,-333.7,-332.4,1144.4,POLITY,,(Lydia),196,253,11,2026-08-16,Persian Empire,"MULTIPOLYGON (((27.3572 36.86945, 27.35492 36.86009, 27.3441…"
1628,Karia,-332.4,-332.3,295.3,POLITY,,(Lydia),196,250,0,2026-08-16,Persian Empire,"POLYGON ((27.35589 36.87206, 27.34725 36.88939, 27.34306 36.…"
1629,Karia,-366.4,-366.3,2334.3,TRANSIENT,,(Lydia),196,253,5,2026-08-16,Persian Empire,"POLYGON ((30.0933 37.6967, 30.1433 37.6967, 30.21 37.6717, 3…"
1630,Karia,-357.4,-356.9,1204.6,TRANSIENT,,(Lydia),196,253,6,2026-08-16,Persian Empire,"POLYGON ((27.435 37.0225, 27.4192 36.9967, 27.4117 36.9675, …"
1631,Karia,-356.9,-356.5,548.2,TRANSIENT,,(Lydia),196,253,6,2026-08-16,Persian Empire,"POLYGON ((27.435 37.0225, 27.4192 36.9967, 27.4117 36.9675, …"
1632,Karia,-356.5,-356.4,1802.1,TRANSIENT,,(Lydia),196,253,6,2026-08-16,Persian Empire,"POLYGON ((25.8352 39.9711, 25.8042 39.9297, 25.7732 39.8521,…"
1633,Karia,-356.4,-356.1,1481.0,TRANSIENT,,(Lydia),196,253,6,2026-08-16,Persian Empire,"POLYGON ((25.8352 39.9711, 25.8042 39.9297, 25.7732 39.8521,…"
1634,Karia,-346.2,-345.7,4549.1,TRANSIENT,,(Lydia),196,253,8,2026-08-16,Persian Empire,"POLYGON ((30.2514 36.1424, 30.3264 36.1257, 30.4014 36.1091,…"
1635,Karia,-345.7,-344.5,8562.7,TRANSIENT,,(Lydia),196,253,8,2026-08-16,Persian Empire,"POLYGON ((32.3028 34.8662, 32.3359 34.7862, 32.3855 34.7338,…"
1636,Karia,-344.5,-344.4,4549.1,TRANSIENT,,(Lydia),196,253,8,2026-08-16,Persian Empire,"POLYGON ((30.2514 36.1424, 30.3264 36.1257, 30.4014 36.1091,…"
1637,Army of Idrieus,-345.7,-344.5,1347.6,TRANSIENT,,(Karia),196,253,9,2026-08-16,Persian Empire,"POLYGON ((32.7469 35.1476, 32.7717 35.0952, 32.8407 35.0566,…"
1638,Army of Mausolus,-366.4,-366.3,2334.3,TRANSIENT,,(Karia),196,253,5,2026-08-16,Persian Empire,"POLYGON ((30.0933 37.6967, 30.1433 37.6967, 30.21 37.6717, 3…"
1639,Chalke,-514.5,-499.2,28.7,POLITY,,(Karia),196,250,6,2026-08-16,Persian Empire,"POLYGON ((27.52064 36.20886, 27.52067 36.20875, 27.52403 36.…"
1640,Chalke,-493.8,-469.5,28.7,POLITY,,(Karia),196,250,6,2026-08-16,Persian Empire,"POLYGON ((27.52064 36.20886, 27.52067 36.20875, 27.52403 36.…"
1641,Chios,-344.5,-340.5,849.1,POLITY,,(Karia),196,253,11,2026-08-16,Persian Empire,"POLYGON ((25.99061 38.3955, 25.98883 38.39275, 25.98536 38.3…"
1642,Chios,-333.7,-332.4,849.1,POLITY,,(Karia),196,253,11,2026-08-16,Persian Empire,"POLYGON ((25.99061 38.3955, 25.98883 38.39275, 25.98536 38.3…"
1643,Cos,-514.5,-499.2,295.3,POLITY,,(Karia),196,250,0,2026-08-16,Persian Empire,"POLYGON ((27.35589 36.87206, 27.34725 36.88939, 27.34306 36.…"
1644,Cos,-493.8,-469.5,295.3,POLITY,,(Karia),196,250,0,2026-08-16,Persian Empire,"POLYGON ((27.35589 36.87206, 27.34725 36.88939, 27.34306 36.…"
1645,Cos,-334.3,-332.3,295.3,POLITY,,(Karia),196,250,0,2026-08-16,Persian Empire,"POLYGON ((27.35589 36.87206, 27.34725 36.88939, 27.34306 36.…"
1646,Eulimna,-514.5,-499.2,6.8,POLITY,,(Karia),196,250,5,2026-08-16,Persian Empire,"POLYGON ((27.70322 36.24586, 27.70525 36.24697, 27.70897 36.…"
1647,Eulimna,-493.8,-469.5,6.8,POLITY,,(Karia),196,250,5,2026-08-16,Persian Empire,"POLYGON ((27.70322 36.24586, 27.70525 36.24697, 27.70897 36.…"
1648,Istros,-514.5,-499.2,5.2,POLITY,,(Karia),196,250,1,2026-08-16,Persian Empire,"POLYGON ((27.1285 36.67675, 27.11914 36.66586, 27.10717 36.6…"
1649,Istros,-493.8,-469.5,5.2,POLITY,,(Karia),196,250,1,2026-08-16,Persian Empire,"POLYGON ((27.1285 36.67675, 27.11914 36.66586, 27.10717 36.6…"
1650,Kalymna,-514.5,-499.2,109.6,POLITY,,(Karia),196,249,13,2026-08-16,Persian Empire,"POLYGON ((26.96153 36.92717, 26.96411 36.92758, 26.96881 36.…"
1651,Kalymna,-493.8,-469.5,109.6,POLITY,,(Karia),196,249,13,2026-08-16,Persian Empire,"POLYGON ((26.96153 36.92717, 26.96411 36.92758, 26.96881 36.…"
1652,Karpathos,-493.8,-469.5,308.9,POLITY,,(Karia),196,250,15,2026-08-16,Persian Empire,"POLYGON ((27.22314 35.54817, 27.22356 35.54731, 27.22058 35.…"
1653,Kasos,-493.8,-469.5,67.8,POLITY,,(Karia),196,251,1,2026-08-16,Persian Empire,"POLYGON ((26.86834 35.37983, 26.86036 35.38053, 26.85742 35.…"
1654,Leros,-514.5,-499.2,53.6,POLITY,,(Karia),196,249,12,2026-08-16,Persian Empire,"POLYGON ((26.89536 37.09892, 26.89386 37.11867, 26.88392 37.…"
1655,Leros,-493.8,-469.5,53.6,POLITY,,(Karia),196,249,12,2026-08-16,Persian Empire,"POLYGON ((26.89536 37.09892, 26.89386 37.11867, 26.88392 37.…"
1656,Miletus,-543.5,-499.3,277.2,POLITY,,(Karia),196,243,2,2026-08-16,Persian Empire,"MULTIPOLYGON (((27.2177 37.4888, 27.2219 37.4904, 27.226 37.…"
1657,Naval expedition of Idrieus,-346.2,-345.7,4549.1,TRANSIENT,,(Karia),196,253,8,2026-08-16,Persian Empire,"POLYGON ((30.2514 36.1424, 30.3264 36.1257, 30.4014 36.1091,…"
1658,Naval expedition of Idrieus,-345.7,-344.5,7257.0,TRANSIENT,,(Karia),196,253,8,2026-08-16,Persian Empire,"POLYGON ((32.3028 34.8662, 32.3359 34.7862, 32.3855 34.7338,…"
1659,Naval expedition of Idrieus,-344.5,-344.4,4549.1,TRANSIENT,,(Karia),196,253,8,2026-08-16,Persian Empire,"POLYGON ((30.2514 36.1424, 30.3264 36.1257, 30.4014 36.1091,…"
1660,Naval expedition of Mausolus,-357.4,-356.9,1204.6,TRANSIENT,,(Karia),196,253,6,2026-08-16,Persian Empire,"POLYGON ((27.435 37.0225, 27.4192 36.9967, 27.4117 36.9675, …"
1661,Naval expedition of Mausolus,-356.9,-356.5,548.2,TRANSIENT,,(Karia),196,253,6,2026-08-16,Persian Empire,"POLYGON ((27.435 37.0225, 27.4192 36.9967, 27.4117 36.9675, …"
1662,Naval expedition of Mausolus,-356.5,-356.4,1802.1,TRANSIENT,,(Karia),196,253,6,2026-08-16,Persian Empire,"POLYGON ((25.8352 39.9711, 25.8042 39.9297, 25.7732 39.8521,…"
1663,Naval expedition of Mausolus,-356.4,-356.1,1481.0,TRANSIENT,,(Karia),196,253,6,2026-08-16,Persian Empire,"POLYGON ((25.8352 39.9711, 25.8042 39.9297, 25.7732 39.8521,…"
1664,Nisyros,-514.5,-499.2,42.9,POLITY,,(Karia),196,250,2,2026-08-16,Persian Empire,"POLYGON ((27.19056 36.55831, 27.19342 36.55892, 27.2022 36.5…"
1665,Nisyros,-493.8,-469.5,42.9,POLITY,,(Karia),196,250,2,2026-08-16,Persian Empire,"POLYGON ((27.19056 36.55831, 27.19342 36.55892, 27.2022 36.5…"
1666,Pserimos,-514.5,-499.2,14.9,POLITY,,(Karia),196,249,15,2026-08-16,Persian Empire,"POLYGON ((27.1742 36.92056, 27.17678 36.92097, 27.17325 36.9…"
1667,Pserimos,-493.8,-469.5,14.9,POLITY,,(Karia),196,249,15,2026-08-16,Persian Empire,"POLYGON ((27.1742 36.92056, 27.17678 36.92097, 27.17325 36.9…"
1668,Rhodos,-514.5,-499.2,1416.3,POLITY,,(Karia),196,250,7,2026-08-16,Persian Empire,"POLYGON ((27.75581 35.88136, 27.76003 35.88106, 27.76883 35.…"
1669,Rhodos,-493.8,-469.5,1416.3,POLITY,,(Karia),196,250,7,2026-08-16,Persian Empire,"POLYGON ((27.75581 35.88136, 27.76003 35.88106, 27.76883 35.…"
1670,Rhodos,-356.9,-334.0,1416.3,POLITY,,(Karia),196,250,7,2026-08-16,Persian Empire,"POLYGON ((27.75581 35.88136, 27.76003 35.88106, 27.76883 35.…"
1671,Samos,-367.5,-365.7,486.1,POLITY,,(Karia),196,253,4,2026-08-16,Persian Empire,"POLYGON ((26.7507 37.69986, 26.73158 37.70842, 26.72014 37.7…"
1672,Saros,-493.8,-469.5,22.5,POLITY,,(Karia),196,251,0,2026-08-16,Persian Empire,"POLYGON ((27.24086 35.83536, 27.24314 35.836, 27.24339 35.84…"
1673,Syme,-514.5,-499.2,58.5,POLITY,,(Karia),196,250,4,2026-08-16,Persian Empire,"POLYGON ((27.83486 36.53628, 27.83581 36.53472, 27.84297 36.…"
1674,Syme,-493.8,-469.5,58.5,POLITY,,(Karia),196,250,4,2026-08-16,Persian Empire,"POLYGON ((27.83486 36.53628, 27.83581 36.53472, 27.84297 36.…"
1675,Telendos,-514.5,-499.2,4.4,POLITY,,(Karia),196,249,14,2026-08-16,Persian Empire,"POLYGON ((26.92009 36.99164, 26.92211 36.99253, 26.92734 37.…"
1676,Telendos,-493.8,-469.5,4.4,POLITY,,(Karia),196,249,14,2026-08-16,Persian Empire,"POLYGON ((26.92009 36.99164, 26.92211 36.99253, 26.92734 37.…"
1677,Telos,-514.5,-499.2,66.5,POLITY,,(Karia),196,250,3,2026-08-16,Persian Empire,"POLYGON ((27.36481 36.39114, 27.36886 36.39278, 27.37306 36.…"
1678,Telos,-493.8,-469.5,66.5,POLITY,,(Karia),196,250,3,2026-08-16,Persian Empire,"POLYGON ((27.36481 36.39114, 27.36886 36.39278, 27.37306 36.…"
1679,Lydia,-547.1,-420.5,26799.7,POLITY,,(Lydia),196,241,3,2026-08-16,Persian Empire,"POLYGON ((28.69686 37.93978, 28.70406 37.94459, 28.71942 37.…"
1680,Lydia,-415.5,-401.6,26799.7,POLITY,,(Lydia),196,241,3,2026-08-16,Persian Empire,"POLYGON ((28.69686 37.93978, 28.70406 37.94459, 28.71942 37.…"
1681,Lydia,-401.2,-363.5,26799.7,POLITY,,(Lydia),196,241,3,2026-08-16,Persian Empire,"POLYGON ((28.69686 37.93978, 28.70406 37.94459, 28.71942 37.…"
1682,Lydia,-360.5,-334.4,26799.7,POLITY,,(Lydia),196,241,3,2026-08-16,Persian Empire,"POLYGON ((28.69686 37.93978, 28.70406 37.94459, 28.71942 37.…"
1683,Thrace,-512.5,-511.5,124753.4,POLITY,,(Lydia),196,250,11,2026-08-16,Persian Empire,"MULTIPOLYGON (((24.98703 39.46811, 24.97586 39.49133, 24.972…"
1684,Thrace,-511.5,-510.5,125348.0,POLITY,,(Lydia),196,246,0,2026-08-16,Persian Empire,"MULTIPOLYGON (((24.97586 39.49133, 24.97286 39.49758, 24.975…"
1685,Thrace,-510.5,-508.5,133193.9,POLITY,,(Lydia),196,246,0,2026-08-16,Persian Empire,"MULTIPOLYGON (((24.97586 39.49133, 24.97286 39.49758, 24.975…"
1686,Thrace,-508.5,-498.5,133376.8,POLITY,,(Lydia),196,246,0,2026-08-16,Persian Empire,"MULTIPOLYGON (((24.97586 39.49133, 24.97286 39.49758, 24.975…"
1687,Thrace,-498.5,-498.4,125530.9,POLITY,,(Lydia),196,246,0,2026-08-16,Persian Empire,"MULTIPOLYGON (((24.97586 39.49133, 24.97286 39.49758, 24.975…"
1688,Thrace,-498.4,-497.5,124374.2,POLITY,,(Lydia),196,246,0,2026-08-16,Persian Empire,"MULTIPOLYGON (((24.98703 39.46811, 24.97586 39.49133, 24.972…"
1689,Thrace,-497.5,-495.5,1007.3,POLITY,,(Lydia),196,250,11,2026-08-16,Persian Empire,"MULTIPOLYGON (((24.98817 39.46578, 24.98703 39.46811, 24.975…"
1690,Thrace,-493.5,-492.3,6588.1,POLITY,,(Lydia),196,250,11,2026-08-16,Persian Empire,"MULTIPOLYGON (((24.98703 39.46811, 24.97586 39.49133, 24.972…"
1691,Thrace,-492.3,-492.1,14815.7,POLITY,,(Lydia),196,250,11,2026-08-16,Persian Empire,"MULTIPOLYGON (((24.98703 39.46811, 24.97586 39.49133, 24.972…"
1692,Thrace,-492.1,-485.5,133758.5,POLITY,,(Lydia),196,246,0,2026-08-16,Persian Empire,"MULTIPOLYGON (((24.97586 39.49133, 24.97286 39.49758, 24.975…"
1693,Thrace,-485.5,-480.4,73854.2,POLITY,,(Lydia),196,246,0,2026-08-16,Persian Empire,"MULTIPOLYGON (((24.97586 39.49133, 24.97286 39.49758, 24.975…"
1694,Thrace,-480.4,-480.1,133754.3,POLITY,,(Lydia),196,246,0,2026-08-16,Persian Empire,"MULTIPOLYGON (((24.97586 39.49133, 24.97286 39.49758, 24.975…"
1695,Thrace,-480.1,-479.4,133588.8,POLITY,,(Lydia),196,246,0,2026-08-16,Persian Empire,"MULTIPOLYGON (((24.97586 39.49133, 24.97286 39.49758, 24.975…"
1696,Thrace,-479.4,-479.0,125742.9,POLITY,,(Lydia),196,246,0,2026-08-16,Persian Empire,"MULTIPOLYGON (((24.97586 39.49133, 24.97286 39.49758, 24.975…"
1697,Thrace,-479.0,-478.3,124774.7,POLITY,,(Lydia),196,246,0,2026-08-16,Persian Empire,"MULTIPOLYGON (((24.97586 39.49133, 24.97286 39.49758, 24.975…"
1698,Thrace,-478.3,-476.5,124586.2,POLITY,,(Lydia),196,246,0,2026-08-16,Persian Empire,"MULTIPOLYGON (((24.98703 39.46811, 24.97586 39.49133, 24.972…"
1699,Thrace,-476.5,-475.8,124204.5,POLITY,,(Lydia),196,246,0,2026-08-16,Persian Empire,"MULTIPOLYGON (((24.98703 39.46811, 24.97586 39.49133, 24.972…"
1700,Thrace,-475.8,-475.5,122772.2,POLITY,,(Lydia),196,246,0,2026-08-16,Persian Empire,"POLYGON ((23.85561 40.79778, 23.85122 40.79492, 23.83847 40.…"
1701,Thrace,-394.1,-366.8,188.5,POLITY,,(Lydia),196,246,0,2026-08-16,Persian Empire,"MULTIPOLYGON (((28.07031 40.47217, 28.07236 40.4692, 28.0798…"
1702,Halonnesos,-512.5,-495.5,39.4,POLITY,,(Thrace),196,250,11,2026-08-16,Persian Empire,"POLYGON ((24.99939 39.48134, 24.99583 39.46875, 24.98817 39.…"
1703,Halonnesos,-493.5,-475.8,39.4,POLITY,,(Thrace),196,250,11,2026-08-16,Persian Empire,"POLYGON ((24.99939 39.48134, 24.99583 39.46875, 24.98817 39.…"
1704,Imbros,-512.5,-495.5,286.8,POLITY,,(Thrace),196,250,9,2026-08-16,Persian Empire,"POLYGON ((25.74358 40.09659, 25.75597 40.102, 25.76783 40.10…"
1705,Imbros,-493.5,-475.8,286.8,POLITY,,(Thrace),196,250,9,2026-08-16,Persian Empire,"POLYGON ((25.74358 40.09659, 25.75597 40.102, 25.76783 40.10…"
1706,Lemnos,-512.5,-495.5,496.2,POLITY,,(Thrace),196,250,10,2026-08-16,Persian Empire,"POLYGON ((25.25933 39.99036, 25.2715 39.99147, 25.27386 39.9…"
1707,Lemnos,-493.5,-475.8,496.2,POLITY,,(Thrace),196,250,10,2026-08-16,Persian Empire,"POLYGON ((25.25933 39.99036, 25.2715 39.99147, 25.27386 39.9…"
1708,Macedon,-510.5,-498.5,7845.9,POLITY,,(Thrace),196,246,2,2026-08-16,Persian Empire,"POLYGON ((22.62189 40, 22.6034 40.0035, 22.5641 40.0097, 22.…"
1709,Macedon,-492.3,-479.4,7845.9,POLITY,,(Thrace),196,246,2,2026-08-16,Persian Empire,"POLYGON ((22.62189 40, 22.6034 40.0035, 22.5641 40.0097, 22.…"
1710,Samothrace,-508.5,-495.5,182.8,POLITY,,(Thrace),196,250,12,2026-08-16,Persian Empire,"POLYGON ((25.61364 40.51278, 25.60447 40.51364, 25.57253 40.…"
1711,Samothrace,-493.5,-475.8,182.8,POLITY,,(Thrace),196,250,12,2026-08-16,Persian Empire,"POLYGON ((25.61364 40.51278, 25.60447 40.51364, 25.57253 40.…"
1712,Thasos,-492.3,-476.5,381.7,POLITY,,(Thrace),196,251,5,2026-08-16,Persian Empire,"MULTIPOLYGON (((24.782 40.66659, 24.78686 40.67356, 24.79008…"
1713,Thracian Chersonese,-512.5,-498.4,968.2,POLITY,,(Thrace),196,246,1,2026-08-16,Persian Empire,"POLYGON ((26.90108 40.54556, 26.8775 40.52678, 26.87539 40.5…"
1714,Thracian Chersonese,-493.5,-479.0,968.2,POLITY,,(Thrace),196,246,1,2026-08-16,Persian Empire,"POLYGON ((26.90108 40.54556, 26.8775 40.52678, 26.87539 40.5…"
1715,Lykia,-545.5,-543.5,16635.3,POLITY,,(Lydia),196,241,7,2026-08-16,Persian Empire,"POLYGON ((30.0333 37.2625, 30.0333 37.1708, 30.0458 37.0875,…"
1716,Media,-550.5,-547.1,1192271.9,POLITY,,(Persian Empire),196,240,6,2026-08-16,Persian Empire,"POLYGON ((45 35.1715, 44.98 35.201, 44.9614 35.23, 44.9386 3…"
1717,Media,-547.1,-539.2,1083636.6,POLITY,,(Persian Empire),196,240,6,2026-08-16,Persian Empire,"POLYGON ((44.9386 35.2735, 44.9138 35.3128, 44.8703 35.3914,…"
1718,Media,-539.2,-534.5,951956.4,POLITY,,(Persian Empire),196,240,6,2026-08-16,Persian Empire,"POLYGON ((49.9168 33.0687, 49.8949 33.1011, 49.8621 33.1195,…"
1719,Media,-534.5,-522.8,1152381.0,POLITY,,(Persian Empire),196,240,6,2026-08-16,Persian Empire,"POLYGON ((49.8949 33.1011, 49.8621 33.1195, 49.8621 33.1565,…"
1720,Media,-522.8,-522.4,946257.1,POLITY,,(Persian Empire),196,240,5,2026-08-16,Persian Empire,"POLYGON ((52.7875 32.6708, 52.8208 32.5833, 52.8583 32.4958,…"
1721,Media,-522.4,-522.1,1152381.0,POLITY,,(Persian Empire),196,240,6,2026-08-16,Persian Empire,"POLYGON ((49.8949 33.1011, 49.8621 33.1195, 49.8621 33.1565,…"
1722,Media,-522.1,-521.5,200424.6,POLITY,,(Persian Empire),196,242,13,2026-08-16,Persian Empire,"POLYGON ((62.44747 39.99181, 62.45681 39.98503, 62.4772 39.9…"
1723,Media,-521.5,-521.4,645967.1,POLITY,,(Persian Empire),196,240,6,2026-08-16,Persian Empire,"MULTIPOLYGON (((45.9794 35.012, 45.961 35.0229, 45.946 35.03…"
1724,Media,-521.4,-521.3,690886.7,POLITY,,(Persian Empire),196,240,6,2026-08-16,Persian Empire,"MULTIPOLYGON (((45.9794 35.012, 45.961 35.0229, 45.946 35.03…"
1725,Media,-521.3,-514.5,1152381.0,POLITY,,(Persian Empire),196,240,6,2026-08-16,Persian Empire,"POLYGON ((49.8949 33.1011, 49.8621 33.1195, 49.8621 33.1565,…"
1726,Media,-514.5,-363.5,1372224.7,POLITY,,(Persian Empire),196,240,6,2026-08-16,Persian Empire,"POLYGON ((49.8949 33.1011, 49.8621 33.1195, 49.8621 33.1565,…"
1727,Media,-363.5,-360.5,1050329.5,POLITY,,(Persian Empire),196,240,6,2026-08-16,Persian Empire,"POLYGON ((52.8875 32.4125, 52.9208 32.3125, 52.9458 32.2333,…"
1728,Media,-360.5,-330.5,1372224.7,POLITY,,(Persian Empire),196,240,6,2026-08-16,Persian Empire,"POLYGON ((49.8949 33.1011, 49.8621 33.1195, 49.8621 33.1565,…"
1729,Media,-330.5,-330.4,661919.0,POLITY,,(Persian Empire),196,240,3,2026-08-16,Persian Empire,"POLYGON ((59.7525 34.8933, 59.7325 34.8683, 59.6725 34.8783,…"
1730,Media,-330.4,-329.5,200424.6,POLITY,,(Persian Empire),196,242,13,2026-08-16,Persian Empire,"POLYGON ((62.44747 39.99181, 62.45681 39.98503, 62.4772 39.9…"
1731,Armenia,-550.5,-522.1,204200.7,POLITY,,(Media),196,240,9,2026-08-16,Persian Empire,"POLYGON ((39.94381 37.82772, 39.93836 37.82311, 39.93147 37.…"
1732,Armenia,-521.5,-514.5,204200.7,POLITY,,(Media),196,240,9,2026-08-16,Persian Empire,"POLYGON ((39.94381 37.82772, 39.93836 37.82311, 39.93147 37.…"
1733,Armenia,-514.5,-363.5,321895.2,POLITY,,(Media),196,240,9,2026-08-16,Persian Empire,"POLYGON ((39.93836 37.82311, 39.93147 37.82028, 39.90181 37.…"
1734,Armenia,-360.5,-330.5,321895.2,POLITY,,(Media),196,240,9,2026-08-16,Persian Empire,"POLYGON ((39.93836 37.82311, 39.93147 37.82028, 39.90181 37.…"
1735,Colchis,-514.5,-363.5,37365.5,POLITY,,(Armenia),196,245,14,2026-08-16,Persian Empire,"POLYGON ((42.0517 43.2994, 42.1914 43.282, 42.3155 43.282, 4…"
1736,Colchis,-360.5,-330.5,37365.5,POLITY,,(Armenia),196,245,14,2026-08-16,Persian Empire,"POLYGON ((42.0517 43.2994, 42.1914 43.282, 42.3155 43.282, 4…"
1737,East Armenia,-550.5,-522.1,113870.4,POLITY,,(Armenia),196,240,9,2026-08-16,Persian Empire,"POLYGON ((39.99645 37.87214, 39.94381 37.82772, 39.93836 37.…"
1738,East Armenia,-521.5,-514.5,113870.4,POLITY,,(Armenia),196,240,9,2026-08-16,Persian Empire,"POLYGON ((39.99645 37.87214, 39.94381 37.82772, 39.93836 37.…"
1739,East Armenia,-514.5,-363.5,165165.5,POLITY,,(Armenia),196,240,9,2026-08-16,Persian Empire,"POLYGON ((39.99645 37.87214, 39.94381 37.82772, 39.93836 37.…"
1740,East Armenia,-360.5,-330.5,165165.5,POLITY,,(Armenia),196,240,9,2026-08-16,Persian Empire,"POLYGON ((39.99645 37.87214, 39.94381 37.82772, 39.93836 37.…"
1741,West Armenia,-550.5,-522.1,90330.3,POLITY,,(Armenia),196,240,10,2026-08-16,Persian Empire,"POLYGON ((43.5258 39.95, 43.5225 39.8983, 43.5058 39.8417, 4…"
1742,West Armenia,-521.5,-514.5,90330.3,POLITY,,(Armenia),196,240,10,2026-08-16,Persian Empire,"POLYGON ((43.5258 39.95, 43.5225 39.8983, 43.5058 39.8417, 4…"
1743,West Armenia,-514.5,-363.5,119364.2,POLITY,,(Armenia),196,240,10,2026-08-16,Persian Empire,"POLYGON ((43.5258 39.95, 43.5225 39.8983, 43.5058 39.8417, 4…"
1744,West Armenia,-360.5,-330.5,119364.2,POLITY,,(Armenia),196,240,10,2026-08-16,Persian Empire,"POLYGON ((43.5258 39.95, 43.5225 39.8983, 43.5058 39.8417, 4…"
1745,Assyria,-550.5,-539.2,63610.3,POLITY,,(Media),196,240,12,2026-08-16,Persian Empire,"POLYGON ((40.0252 37.8822, 40.03734 37.88322, 40.05517 37.87…"
1746,Kappadokia,-550.5,-547.1,108635.4,POLITY,,(Media),196,240,11,2026-08-16,Persian Empire,"MULTIPOLYGON (((38.8807 38.3988, 38.8869 38.3866, 38.891 38.…"
1747,Khorasmia,-534.5,-329.5,200424.6,POLITY,,(Media),196,242,13,2026-08-16,Persian Empire,"POLYGON ((62.44747 39.99181, 62.45681 39.98503, 62.4772 39.9…"
1748,Media,-550.5,-539.2,354331.2,POLITY,,(Media),196,240,6,2026-08-16,Persian Empire,"POLYGON ((44.98 35.201, 44.9614 35.23, 44.9386 35.2735, 44.9…"
1749,Media,-539.2,-522.8,286261.3,POLITY,,(Media),196,240,6,2026-08-16,Persian Empire,"POLYGON ((51.4374 33.6351, 51.504 33.6017, 51.5665 33.5476, …"
1750,Media,-522.8,-522.4,80137.4,POLITY,,(Media),196,240,5,2026-08-16,Persian Empire,"MULTIPOLYGON (((51.3665 33.6476, 51.4374 33.6351, 51.504 33.…"
1751,Media,-522.4,-522.1,286261.3,POLITY,,(Media),196,240,6,2026-08-16,Persian Empire,"POLYGON ((51.4374 33.6351, 51.504 33.6017, 51.5665 33.5476, …"
1752,Media,-521.5,-521.4,241341.8,POLITY,,(Media),196,240,6,2026-08-16,Persian Empire,"POLYGON ((49.9168 33.0272, 49.9168 33.0687, 49.8949 33.1011,…"
1753,Media,-521.4,-514.5,286261.3,POLITY,,(Media),196,240,6,2026-08-16,Persian Empire,"POLYGON ((51.4374 33.6351, 51.504 33.6017, 51.5665 33.5476, …"
1754,Media,-514.5,-330.5,388410.5,POLITY,,(Media),196,240,6,2026-08-16,Persian Empire,"POLYGON ((51.4374 33.6351, 51.504 33.6017, 51.5665 33.5476, …"
1755,Arbelitis,-550.5,-539.2,31313.8,POLITY,,(Media),196,240,8,2026-08-16,Persian Empire,"POLYGON ((45.02172 36.74317, 45.0262 36.74253, 45.03231 36.7…"
1756,Lesser Media,-550.5,-522.1,35217.8,POLITY,,(Media),196,240,7,2026-08-16,Persian Empire,"POLYGON ((50.01314 37.41383, 50.03775 37.4072, 50.07834 37.4…"
1757,Lesser Media,-521.5,-514.5,35217.8,POLITY,,(Media),196,240,7,2026-08-16,Persian Empire,"POLYGON ((50.01314 37.41383, 50.03775 37.4072, 50.07834 37.4…"
1758,Lesser Media,-514.5,-330.5,137367.0,POLITY,,(Media),196,240,7,2026-08-16,Persian Empire,"POLYGON ((50.03775 37.4072, 50.07834 37.40336, 50.10158 37.3…"
1759,Media,-550.5,-539.2,242880.0,POLITY,,(Media),196,240,6,2026-08-16,Persian Empire,"POLYGON ((49.9793 32.6148, 49.9379 32.6323, 49.8966 32.6279,…"
1760,Media,-539.2,-522.8,206123.9,POLITY,,(Media),196,240,6,2026-08-16,Persian Empire,"POLYGON ((49.9168 33.0272, 49.9168 33.0687, 49.8949 33.1011,…"
1761,Media,-522.4,-522.1,206123.9,POLITY,,(Media),196,240,6,2026-08-16,Persian Empire,"POLYGON ((49.9168 33.0272, 49.9168 33.0687, 49.8949 33.1011,…"
1762,Media,-521.5,-330.5,206123.9,POLITY,,(Media),196,240,6,2026-08-16,Persian Empire,"POLYGON ((49.9168 33.0272, 49.9168 33.0687, 49.8949 33.1011,…"
1763,Paraitakene,-550.5,-522.1,44919.6,POLITY,,(Media),196,240,5,2026-08-16,Persian Empire,"POLYGON ((51.3165 33.6976, 51.2833 33.7, 51.2083 33.675, 51.…"
1764,Paraitakene,-521.4,-330.5,44919.6,POLITY,,(Media),196,240,5,2026-08-16,Persian Empire,"POLYGON ((51.3165 33.6976, 51.2833 33.7, 51.2083 33.675, 51.…"
1765,Parthia,-550.5,-522.1,461494.3,POLITY,,(Media),196,240,3,2026-08-16,Persian Empire,"POLYGON ((60.175 32.7325, 60.2292 32.7325, 60.2417 32.6742, …"
1766,Parthia,-521.3,-330.4,461494.3,POLITY,,(Media),196,240,3,2026-08-16,Persian Empire,"POLYGON ((60.175 32.7325, 60.2292 32.7325, 60.2417 32.6742, …"
1767,Hyrkania,-550.5,-522.1,162536.6,POLITY,,(Parthia),196,240,4,2026-08-16,Persian Empire,"POLYGON ((60.0458 37.4542, 60.1125 37.4375, 60.2083 37.4208,…"
1768,Hyrkania,-521.3,-330.4,162536.6,POLITY,,(Parthia),196,240,4,2026-08-16,Persian Empire,"POLYGON ((60.0458 37.4542, 60.1125 37.4375, 60.2083 37.4208,…"
1769,Parthia,-550.5,-522.1,298957.7,POLITY,,(Parthia),196,240,3,2026-08-16,Persian Empire,"POLYGON ((60.1083 32.7075, 60.175 32.7325, 60.2292 32.7325, …"
1770,Parthia,-521.3,-330.4,298957.7,POLITY,,(Parthia),196,240,3,2026-08-16,Persian Empire,"POLYGON ((60.1083 32.7075, 60.175 32.7325, 60.2292 32.7325, …"
1771,Naval expedition,-527.6,-527.4,3328.6,TRANSIENT,,(Persian Empire),196,243,4,2026-08-16,Persian Empire,"POLYGON ((34.9142 35.4817, 34.71 35.3817, 34.5308 35.2858, 3…"
1772,Naval expedition,-515.6,-515.5,4862.8,TRANSIENT,,(Persian Empire),196,243,4,2026-08-16,Persian Empire,"POLYGON ((36.2325 41.3358, 36.3675 41.4358, 36.5575 41.5908,…"
1773,Naval expedition,-499.8,-499.7,1224.8,TRANSIENT,,(Persian Empire),196,243,4,2026-08-16,Persian Empire,"POLYGON ((27.2524 37.5709, 27.1563 37.577, 27.0481 37.589, 2…"
1774,Naval expedition,-499.7,-499.4,2464.2,TRANSIENT,,(Persian Empire),196,243,4,2026-08-16,Persian Empire,"POLYGON ((25.3262 37.1465, 25.3429 37.209, 25.3721 37.2882, …"
1775,Naval expedition,-497.7,-497.5,2880.0,TRANSIENT,,(Persian Empire),196,243,4,2026-08-16,Persian Empire,"POLYGON ((35.0569 33.3997, 35.1552 33.343, 35.2328 33.3081, …"
1776,Naval expedition,-494.6,-494.5,16852.0,TRANSIENT,,(Persian Empire),196,243,4,2026-08-16,Persian Empire,"POLYGON ((31.4425 31.525, 31.4342 31.6917, 31.4258 31.8833, …"
1777,Naval expedition,-494.5,-494.2,19006.7,TRANSIENT,,(Persian Empire),196,243,4,2026-08-16,Persian Empire,"POLYGON ((31.4425 31.525, 31.4342 31.6917, 31.4258 31.8833, …"
1778,Naval expedition,-494.2,-494.1,19065.3,TRANSIENT,,(Persian Empire),196,243,4,2026-08-16,Persian Empire,"POLYGON ((31.4425 31.525, 31.4342 31.6917, 31.4258 31.8833, …"
1779,Naval expedition,-494.1,-494.0,2232.8,TRANSIENT,,(Persian Empire),196,243,4,2026-08-16,Persian Empire,"POLYGON ((27.1564 37.3098, 27.1719 37.2219, 27.1822 37.1391,…"
1780,Naval expedition,-493.7,-493.6,1158.7,TRANSIENT,,(Persian Empire),196,243,4,2026-08-16,Persian Empire,"POLYGON ((27.2533 37.5267, 27.2492 37.5408, 27.2308 37.5433,…"
1781,Naval expedition,-493.6,-493.4,3293.8,TRANSIENT,,(Persian Empire),196,243,4,2026-08-16,Persian Empire,"POLYGON ((27.2492 37.5408, 27.2308 37.5433, 27.215 37.5383, …"
1782,Naval expedition,-492.4,-492.3,942.2,TRANSIENT,,(Persian Empire),196,243,4,2026-08-16,Persian Empire,"POLYGON ((26.1772 40.056, 26.1585 40.0643, 26.1503 40.0995, …"
1783,Naval expedition,-492.3,-492.2,2010.2,TRANSIENT,,(Persian Empire),196,243,4,2026-08-16,Persian Empire,"POLYGON ((25.362 40.9271, 25.4365 40.9064, 25.5089 40.8774, …"
1784,Naval expedition,-481.1,-480.8,76.8,TRANSIENT,,(Persian Empire),196,243,4,2026-08-16,Persian Empire,"POLYGON ((25.9589 40, 26.0251 40.0413, 26.0769 40.062, 26.12…"
1785,Naval expedition,-480.8,-480.7,16928.7,TRANSIENT,,(Persian Empire),196,243,4,2026-08-16,Persian Empire,"MULTIPOLYGON (((31.4425 31.525, 31.4342 31.6917, 31.4258 31.…"
1786,Naval expedition,-480.7,-480.6,21432.1,TRANSIENT,,(Persian Empire),196,243,4,2026-08-16,Persian Empire,"MULTIPOLYGON (((31.4425 31.525, 31.4342 31.6917, 31.4258 31.…"
1787,Naval expedition,-480.6,-480.5,7069.1,TRANSIENT,,(Persian Empire),196,243,4,2026-08-16,Persian Empire,"POLYGON ((25.85 37.65, 25.925 37.5, 26.0417 37.4417, 26.175 …"
1788,Naval expedition,-480.5,-480.4,2662.0,TRANSIENT,,(Persian Empire),196,243,4,2026-08-16,Persian Empire,"POLYGON ((25.7132 37.9806, 25.7257 38.0948, 25.7232 38.2313,…"
1789,Naval expedition,-480.4,-480.3,76.8,TRANSIENT,,(Persian Empire),196,243,4,2026-08-16,Persian Empire,"POLYGON ((25.9589 40, 26.0251 40.0413, 26.0769 40.062, 26.12…"
1790,Naval expedition,-480.3,-480.2,345.1,TRANSIENT,,(Persian Empire),196,243,4,2026-08-16,Persian Empire,"MULTIPOLYGON (((23.3625 39.08, 23.3725 39.1033, 23.3942 39.1…"
1791,Naval expedition,-480.2,-480.1,1714.1,TRANSIENT,,(Persian Empire),196,243,4,2026-08-16,Persian Empire,"MULTIPOLYGON (((23.6658 37.9042, 23.6942 37.8758, 23.7308 37…"
1792,Naval expedition,-480.1,-480.0,2395.4,TRANSIENT,,(Persian Empire),196,243,4,2026-08-16,Persian Empire,"POLYGON ((24.8393 38.3427, 24.9272 38.4387, 25 38.4953, 25.0…"
1793,Naval expedition,-479.5,-479.3,65.3,TRANSIENT,,(Persian Empire),196,243,4,2026-08-16,Persian Empire,"POLYGON ((27.2742 37.6608, 27.2942 37.6417, 27.3058 37.6133,…"
1794,Naval expedition,-468.6,-468.4,2250.1,TRANSIENT,,(Persian Empire),196,243,4,2026-08-16,Persian Empire,"POLYGON ((32.8667 35.12, 32.825 35.2033, 32.7542 35.3283, 32…"
1795,Naval expedition,-467.7,-466.4,2991.3,TRANSIENT,,(Persian Empire),196,243,4,2026-08-16,Persian Empire,"POLYGON ((27.6833 40.7867, 27.59 40.7417, 27.51 40.7067, 27.…"
1796,Naval expedition,-457.4,-457.2,8185.0,TRANSIENT,,(Persian Empire),196,243,4,2026-08-16,Persian Empire,"POLYGON ((35.1552 33.343, 35.2328 33.3081, 35.2224 33.2035, …"
1797,Naval expedition,-456.7,-456.6,11407.8,TRANSIENT,,(Persian Empire),196,243,4,2026-08-16,Persian Empire,"POLYGON ((34.6502 34.9412, 34.6502 34.7995, 34.6002 34.5745,…"
1798,Naval expedition,-456.6,-450.4,947.1,TRANSIENT,,(Persian Empire),196,243,4,2026-08-16,Persian Empire,"POLYGON ((31.9686 31.5328, 31.9311 31.5278, 31.8919 31.532, …"
1799,Naval expedition,-450.4,-450.3,5961.9,TRANSIENT,,(Persian Empire),196,243,4,2026-08-16,Persian Empire,"MULTIPOLYGON (((32.0452 31.5278, 32.0886 31.5078, 32.1252 31…"
1800,Naval expedition,-450.3,-449.6,947.1,TRANSIENT,,(Persian Empire),196,243,4,2026-08-16,Persian Empire,"POLYGON ((31.9686 31.5328, 31.9311 31.5278, 31.8919 31.532, …"
1801,Naval expedition,-411.5,-411.4,7065.7,TRANSIENT,,(Persian Empire),196,243,4,2026-08-16,Persian Empire,"POLYGON ((35.0569 33.3997, 35.1552 33.343, 35.2328 33.3081, …"
1802,Naval expedition,-411.4,-411.3,15276.9,TRANSIENT,,(Persian Empire),196,243,4,2026-08-16,Persian Empire,"POLYGON ((31.4425 31.425, 31.4425 31.525, 31.4342 31.6917, 3…"
1803,Naval expedition,-411.3,-411.2,8367.4,TRANSIENT,,(Persian Empire),196,243,4,2026-08-16,Persian Empire,"POLYGON ((30.7508 34.8083, 30.8758 34.5333, 30.9508 34.1583,…"
1804,Naval expedition,-396.5,-396.2,4990.9,TRANSIENT,,(Persian Empire),196,243,4,2026-08-16,Persian Empire,"POLYGON ((30.0914 35.8372, 30.231 35.798, 30.3603 35.7631, 3…"
1805,Naval expedition,-381.7,-381.6,3129.5,TRANSIENT,,(Persian Empire),196,243,4,2026-08-16,Persian Empire,"POLYGON ((34.5092 34.9767, 34.4808 34.945, 34.4358 34.8933, …"
1806,Naval expedition,-381.6,-381.5,3520.2,TRANSIENT,,(Persian Empire),196,243,4,2026-08-16,Persian Empire,"POLYGON ((33.7892 34.8633, 33.8842 34.86, 33.9975 34.8567, 3…"
1807,Naval expedition,-381.5,-380.6,431.0,TRANSIENT,,(Persian Empire),196,243,4,2026-08-16,Persian Empire,"MULTIPOLYGON (((33.8025 34.9342, 33.8592 34.9292, 33.9075 34…"
1808,Naval expedition,-367.6,-367.5,174.8,TRANSIENT,,(Persian Empire),196,243,4,2026-08-16,Persian Empire,"POLYGON ((26.9575 37.7142, 26.9767 37.7017, 26.9933 37.6817,…"
1809,Naval expedition,-354.6,-354.4,6130.3,TRANSIENT,,(Persian Empire),196,243,4,2026-08-16,Persian Empire,"POLYGON ((34.9193 32.9571, 34.8828 32.797, 34.839 32.6123, 3…"
1810,Naval expedition,-351.6,-351.4,6130.3,TRANSIENT,,(Persian Empire),196,243,4,2026-08-16,Persian Empire,"POLYGON ((34.9193 32.9571, 34.8828 32.797, 34.839 32.6123, 3…"
1811,Naval expedition,-340.5,-340.3,557.7,TRANSIENT,,(Persian Empire),196,243,4,2026-08-16,Persian Empire,"POLYGON ((29.1433 40.4607, 29.0812 40.4607, 28.9985 40.4586,…"
1812,Naval expedition,-334.6,-334.4,9830.7,TRANSIENT,,(Persian Empire),196,243,4,2026-08-16,Persian Empire,"POLYGON ((35.1552 33.343, 35.2328 33.3081, 35.2224 33.2035, …"
1813,Naval expedition,-334.4,-334.3,9907.2,TRANSIENT,,(Persian Empire),196,243,4,2026-08-16,Persian Empire,"POLYGON ((35.1552 33.343, 35.2328 33.3081, 35.2224 33.2035, …"
1814,Naval expedition,-334.3,-334.2,10172.6,TRANSIENT,,(Persian Empire),196,243,4,2026-08-16,Persian Empire,"POLYGON ((35.2328 33.3081, 35.2224 33.2035, 35.1603 33.2297,…"
1815,Naval expedition,-334.2,-334.1,9555.6,TRANSIENT,,(Persian Empire),196,243,4,2026-08-16,Persian Empire,"POLYGON ((35.1552 33.343, 35.2328 33.3081, 35.2224 33.2035, …"
1816,Naval expedition,-334.1,-333.8,9500.2,TRANSIENT,,(Persian Empire),196,243,4,2026-08-16,Persian Empire,"POLYGON ((35.1552 33.343, 35.2328 33.3081, 35.2224 33.2035, …"
1817,Naval expedition,-333.8,-333.7,10663.8,TRANSIENT,,(Persian Empire),196,243,4,2026-08-16,Persian Empire,"POLYGON ((35.1552 33.343, 35.2328 33.3081, 35.2224 33.2035, …"
1818,Naval expedition,-333.7,-333.6,11587.5,TRANSIENT,,(Persian Empire),196,243,4,2026-08-16,Persian Empire,"POLYGON ((35.1552 33.343, 35.2328 33.3081, 35.2224 33.2035, …"
1819,Naval expedition,-333.6,-333.5,11927.0,TRANSIENT,,(Persian Empire),196,243,4,2026-08-16,Persian Empire,"POLYGON ((35.2328 33.3081, 35.2224 33.2035, 35.1603 33.2297,…"
1820,Naval expedition,-333.5,-333.4,12039.2,TRANSIENT,,(Persian Empire),196,243,4,2026-08-16,Persian Empire,"POLYGON ((35.2328 33.3081, 35.2224 33.2035, 35.1603 33.2297,…"
1821,Naval expedition,-333.4,-333.2,11115.5,TRANSIENT,,(Persian Empire),196,243,4,2026-08-16,Persian Empire,"POLYGON ((35.1552 33.343, 35.2328 33.3081, 35.2224 33.2035, …"
1822,Naval expedition,-333.2,-333.0,9500.2,TRANSIENT,,(Persian Empire),196,243,4,2026-08-16,Persian Empire,"POLYGON ((35.1552 33.343, 35.2328 33.3081, 35.2224 33.2035, …"
1823,Naval expedition,-333.0,-332.6,64.9,TRANSIENT,,(Persian Empire),196,243,4,2026-08-16,Persian Empire,"POLYGON ((27.2855 36.9186, 27.2897 36.9279, 27.3072 36.9528,…"
1824,Naval expedition,-332.6,-332.5,2322.8,TRANSIENT,,(Persian Empire),196,243,4,2026-08-16,Persian Empire,"POLYGON ((27.3853 36.9304, 27.3853 36.8425, 27.3439 36.7701,…"
1825,Naval expedition,-332.5,-331.5,865.7,TRANSIENT,,(Persian Empire),196,243,4,2026-08-16,Persian Empire,"POLYGON ((25.069 35.3807, 25.0793 35.4428, 25.1497 35.511, 2…"
1826,Naval expedition of Conon,-397.7,-397.6,4990.9,TRANSIENT,,(Persian Empire),196,252,11,2026-08-16,Persian Empire,"POLYGON ((30.0914 35.8372, 30.231 35.798, 30.3603 35.7631, 3…"
1827,Naval expedition of Conon,-397.6,-394.6,45.5,TRANSIENT,,(Persian Empire),196,252,11,2026-08-16,Persian Empire,"POLYGON ((28.5418 36.7805, 28.5415 36.7901, 28.5427 36.7967,…"
1828,Naval expedition of Datis and Artaphernes,-490.7,-490.6,3612.1,TRANSIENT,,(Persian Empire),196,251,6,2026-08-16,Persian Empire,"POLYGON ((29.9333 35.9875, 29.8583 35.9875, 29.75 35.9792, 2…"
1829,Naval expedition of Datis and Artaphernes,-490.6,-490.5,7552.2,TRANSIENT,,(Persian Empire),196,251,6,2026-08-16,Persian Empire,"POLYGON ((29.6792 36.0625, 29.7583 36.0667, 29.8708 36.075, …"
1830,Naval expedition of Datis and Artaphernes,-490.5,-490.4,5222.2,TRANSIENT,,(Persian Empire),196,251,6,2026-08-16,Persian Empire,"POLYGON ((29.4192 36.0208, 29.3067 36.0167, 29.1567 36.0167,…"
1831,Naval expedition of Datis and Artaphernes,-490.4,-490.3,2441.7,TRANSIENT,,(Persian Empire),196,251,6,2026-08-16,Persian Empire,"POLYGON ((25.41 37.1192, 25.409522471910112 37.1182449438202…"
1832,Naval expedition of Datis and Artaphernes,-490.3,-490.2,2664.3,TRANSIENT,,(Persian Empire),196,251,6,2026-08-16,Persian Empire,"POLYGON ((25.409522471910112 37.11824494382022, 25.4125 37.1…"
1833,Naval expedition of Datis and Artaphernes,-490.2,-490.1,1404.7,TRANSIENT,,(Persian Empire),196,251,6,2026-08-16,Persian Empire,"POLYGON ((25.0233 37.365, 25.055 37.3642, 25.1042 37.3658, 2…"
1834,Naval expedition of Datis and Artaphernes,-490.1,-490.0,800.3,TRANSIENT,,(Persian Empire),196,251,6,2026-08-16,Persian Empire,"POLYGON ((23.7269 37.7917, 23.7486 37.7576, 23.8044 37.7234,…"
1835,Naval expedition of Datis and Artaphernes,-490.0,-489.9,5126.0,TRANSIENT,,(Persian Empire),196,251,6,2026-08-16,Persian Empire,"POLYGON ((23.8044 37.7234, 23.8541 37.6924, 23.9038 37.6458,…"
1836,Naval expedition of Datis and Artaphernes,-489.9,-489.8,4732.0,TRANSIENT,,(Persian Empire),196,251,6,2026-08-16,Persian Empire,"POLYGON ((23.8044 37.7234, 23.8541 37.6924, 23.9038 37.6458,…"
1837,Naval expedition of Hecatomnus,-391.2,-390.8,4990.9,TRANSIENT,,(Persian Empire),196,252,14,2026-08-16,Persian Empire,"POLYGON ((30.0914 35.8372, 30.231 35.798, 30.3603 35.7631, 3…"
1838,Naval expedition of Hippias,-500.6,-500.5,3416.0,TRANSIENT,,(Persian Empire),196,246,3,2026-08-16,Persian Empire,"POLYGON ((23.7144 37.9344, 23.7238 37.891, 23.7238 37.8476, …"
1839,Naval expedition of Mardonius,-492.7,-492.6,3612.1,TRANSIENT,,(Persian Empire),196,251,3,2026-08-16,Persian Empire,"POLYGON ((29.9333 35.9875, 29.8583 35.9875, 29.75 35.9792, 2…"
1840,Naval expedition of Mardonius,-492.6,-492.5,8115.5,TRANSIENT,,(Persian Empire),196,251,3,2026-08-16,Persian Empire,"POLYGON ((29.6792 36.0625, 29.7583 36.0667, 29.8708 36.075, …"
1841,Naval expedition of Mardonius,-492.5,-492.4,7045.6,TRANSIENT,,(Persian Empire),196,251,3,2026-08-16,Persian Empire,"POLYGON ((25.85 37.65, 25.925 37.5, 26.0417 37.4417, 26.175 …"
1842,Naval expedition of Mardonius,-492.4,-492.3,2638.5,TRANSIENT,,(Persian Empire),196,251,3,2026-08-16,Persian Empire,"POLYGON ((25.8528 39.9015, 25.7807 39.7454, 25.7627 39.5892,…"
1843,Naval expedition of Mentor,-342.3,-342.2,8371.4,TRANSIENT,,(Persian Empire),196,253,12,2026-08-16,Persian Empire,"POLYGON ((30.2146 33.2329, 30.4458 33.0829, 30.7083 32.9267,…"
1844,Naval expedition of Mentor,-342.2,-342.0,13074.0,TRANSIENT,,(Persian Empire),196,253,12,2026-08-16,Persian Empire,"POLYGON ((30.4458 33.0829, 30.7083 32.9267, 30.9208 32.7892,…"
1845,Naval expedition of Miletus,-528.6,-528.4,239.8,TRANSIENT,,(Persian Empire),196,243,3,2026-08-16,Persian Empire,"POLYGON ((27.2433 37.4967, 27.25 37.5317, 27.2367 37.5517, 2…"
1846,Naval expedition of Otanes,-516.6,-516.4,481.3,TRANSIENT,,(Persian Empire),196,243,5,2026-08-16,Persian Empire,"POLYGON ((27.3208 37.7, 27.3333 37.65, 27.2958 37.6292, 27.2…"
1847,Naval expedition of Pharnabazus,-409.2,-409.0,619.7,TRANSIENT,,(Persian Empire),196,252,9,2026-08-16,Persian Empire,"POLYGON ((26.8247 39.5677, 26.8138 39.546, 26.7655 39.5144, …"
1848,Naval expedition of Pharnabazus and Conon,-394.6,-394.3,999.4,TRANSIENT,,(Persian Empire),196,252,12,2026-08-16,Persian Empire,"POLYGON ((28.5679 36.8283, 28.5224 36.789, 28.481 36.7372, 2…"
1849,Naval expedition of Pharnabazus and Conon,-394.3,-394.2,3531.5,TRANSIENT,,(Persian Empire),196,252,12,2026-08-16,Persian Empire,"POLYGON ((27.461 36.5593, 27.4797 36.5407, 27.579 36.5035, 2…"
1850,Naval expedition of Pharnabazus and Conon,-394.2,-394.1,2562.9,TRANSIENT,,(Persian Empire),196,252,12,2026-08-16,Persian Empire,"POLYGON ((27.3478 36.8185, 27.3891 36.8754, 27.3581 36.9116,…"
1851,Naval expedition of Pharnabazus and Conon,-394.1,-393.8,53.3,TRANSIENT,,(Persian Empire),196,252,12,2026-08-16,Persian Empire,"POLYGON ((26.3848 40.1435, 26.3931 40.1579, 26.4076 40.1641,…"
1852,Naval expedition of Pharnabazus and Conon,-393.8,-393.7,5309.7,TRANSIENT,,(Persian Empire),196,252,12,2026-08-16,Persian Empire,"POLYGON ((24.8938 36.9566, 24.7976 36.8821, 24.689 36.8448, …"
1853,Naval expedition of Pharnabazus and Conon,-393.7,-393.6,6991.9,TRANSIENT,,(Persian Empire),196,252,12,2026-08-16,Persian Empire,"POLYGON ((24.8938 36.9566, 24.7976 36.8821, 24.689 36.8448, …"
1854,Naval expedition of Pharnabazus and Iphicrates,-374.2,-374.1,5477.3,TRANSIENT,,(Persian Empire),196,253,0,2026-08-16,Persian Empire,"POLYGON ((35.4921 34.7566, 35.4424 34.5083, 35.3679 34.2931,…"
1855,Naval expedition of Pharnabazus and Iphicrates,-374.1,-373.9,11396.5,TRANSIENT,,(Persian Empire),196,253,0,2026-08-16,Persian Empire,"POLYGON ((34.8828 32.797, 34.839 32.6123, 34.7733 32.4584, 3…"
1856,Naval expedition of Philiscus,-368.8,-368.7,4174.9,TRANSIENT,,(Persian Empire),196,253,3,2026-08-16,Persian Empire,"POLYGON ((24.9324 38.286, 24.8497 38.1683, 24.741 38.068, 24…"
1857,Naval expedition of Xerxes,-480.5,-480.4,672.8,TRANSIENT,,(Persian Empire),196,251,9,2026-08-16,Persian Empire,"POLYGON ((26.1772 40.056, 26.1585 40.0643, 26.1503 40.0995, …"
1858,Naval expedition of Xerxes,-480.4,-480.3,6699.8,TRANSIENT,,(Persian Empire),196,251,9,2026-08-16,Persian Empire,"POLYGON ((22.9475 39.9525, 23.0142 39.8525, 23.0308 39.7692,…"
1859,Naval expedition of Xerxes,-480.3,-480.2,6088.3,TRANSIENT,,(Persian Empire),196,251,9,2026-08-16,Persian Empire,"POLYGON ((22.9475 39.9525, 23.0142 39.8525, 23.0308 39.7692,…"
1860,Persis,-550.5,-539.2,496093.0,POLITY,,(Persian Empire),196,240,1,2026-08-16,Persian Empire,"MULTIPOLYGON (((50.88639 28.99181, 50.88739 28.98995, 50.884…"
1861,Persis,-539.2,-522.3,542042.3,POLITY,,(Persian Empire),196,242,9,2026-08-16,Persian Empire,"MULTIPOLYGON (((50.76192 29.07039, 50.75925 29.07539, 50.774…"
1862,Persis,-522.3,-522.2,483610.9,POLITY,,(Persian Empire),196,240,1,2026-08-16,Persian Empire,"MULTIPOLYGON (((50.88639 28.99181, 50.88739 28.98995, 50.884…"
1863,Persis,-522.2,-522.1,542042.3,POLITY,,(Persian Empire),196,242,9,2026-08-16,Persian Empire,"MULTIPOLYGON (((50.76192 29.07039, 50.75925 29.07539, 50.774…"
1864,Persis,-521.5,-521.4,58431.4,POLITY,,(Persian Empire),196,242,9,2026-08-16,Persian Empire,"POLYGON ((48.8708 29.9918, 48.8296 29.9751, 48.7909 29.9605,…"
1865,Persis,-521.4,-520.7,542042.3,POLITY,,(Persian Empire),196,242,9,2026-08-16,Persian Empire,"MULTIPOLYGON (((50.76192 29.07039, 50.75925 29.07539, 50.774…"
1866,Persis,-520.7,-520.5,483610.9,POLITY,,(Persian Empire),196,240,1,2026-08-16,Persian Empire,"MULTIPOLYGON (((50.88639 28.99181, 50.88739 28.98995, 50.884…"
1867,Persis,-520.5,-330.8,542042.3,POLITY,,(Persian Empire),196,242,9,2026-08-16,Persian Empire,"MULTIPOLYGON (((50.76192 29.07039, 50.75925 29.07539, 50.774…"
1868,Persis,-330.8,-330.6,483610.9,POLITY,,(Persian Empire),196,240,1,2026-08-16,Persian Empire,"MULTIPOLYGON (((50.88639 28.99181, 50.88739 28.98995, 50.884…"
1869,Persis,-330.6,-329.5,280965.6,POLITY,,(Persian Empire),196,240,2,2026-08-16,Persian Empire,"POLYGON ((54.96167 26.61858, 54.93695 26.59581, 54.91411 26.…"
1870,Persis,-550.5,-539.2,496093.0,POLITY,,(Persis),196,240,1,2026-08-16,Persian Empire,"MULTIPOLYGON (((50.88639 28.99181, 50.88739 28.98995, 50.884…"
1871,Persis,-539.2,-522.1,483610.9,POLITY,,(Persis),196,240,1,2026-08-16,Persian Empire,"MULTIPOLYGON (((50.88639 28.99181, 50.88739 28.98995, 50.884…"
1872,Persis,-521.4,-330.6,483610.9,POLITY,,(Persis),196,240,1,2026-08-16,Persian Empire,"MULTIPOLYGON (((50.88639 28.99181, 50.88739 28.98995, 50.884…"
1873,Persis,-330.6,-329.5,280965.6,POLITY,,(Persis),196,240,2,2026-08-16,Persian Empire,"POLYGON ((54.96167 26.61858, 54.93695 26.59581, 54.91411 26.…"
1874,Karmania,-550.5,-522.1,280965.6,POLITY,,(Persis),196,240,2,2026-08-16,Persian Empire,"POLYGON ((54.96167 26.61858, 54.93695 26.59581, 54.91411 26.…"
1875,Karmania,-521.4,-329.5,280965.6,POLITY,,(Persis),196,240,2,2026-08-16,Persian Empire,"POLYGON ((54.96167 26.61858, 54.93695 26.59581, 54.91411 26.…"
1876,Persis,-550.5,-539.2,215127.4,POLITY,,(Persis),196,240,1,2026-08-16,Persian Empire,"MULTIPOLYGON (((50.70336 29.08381, 50.69611 29.091, 50.68859…"
1877,Persis,-539.2,-522.1,202645.3,POLITY,,(Persis),196,240,1,2026-08-16,Persian Empire,"MULTIPOLYGON (((50.76192 29.07039, 50.75925 29.07539, 50.774…"
1878,Persis,-521.4,-330.6,202645.3,POLITY,,(Persis),196,240,1,2026-08-16,Persian Empire,"MULTIPOLYGON (((50.76192 29.07039, 50.75925 29.07539, 50.774…"
1879,Sousiane,-539.2,-522.3,58431.4,POLITY,,(Persis),196,242,9,2026-08-16,Persian Empire,"POLYGON ((48.8708 29.9918, 48.8296 29.9751, 48.7909 29.9605,…"
1880,Sousiane,-522.2,-522.1,58431.4,POLITY,,(Persis),196,242,9,2026-08-16,Persian Empire,"POLYGON ((48.8708 29.9918, 48.8296 29.9751, 48.7909 29.9605,…"
1881,Sousiane,-521.5,-520.7,58431.4,POLITY,,(Persis),196,242,9,2026-08-16,Persian Empire,"POLYGON ((48.8708 29.9918, 48.8296 29.9751, 48.7909 29.9605,…"
1882,Sousiane,-520.5,-330.8,58431.4,POLITY,,(Persis),196,242,9,2026-08-16,Persian Empire,"POLYGON ((48.8708 29.9918, 48.8296 29.9751, 48.7909 29.9605,…"
1883,Sousiane,-539.2,-522.3,58431.4,POLITY,,(Sousiane),196,242,9,2026-08-16,Persian Empire,"POLYGON ((48.8708 29.9918, 48.8296 29.9751, 48.7909 29.9605,…"
1884,Sousiane,-522.2,-522.1,58431.4,POLITY,,(Sousiane),196,242,9,2026-08-16,Persian Empire,"POLYGON ((48.8708 29.9918, 48.8296 29.9751, 48.7909 29.9605,…"
1885,Sousiane,-521.5,-520.7,58431.4,POLITY,,(Sousiane),196,242,9,2026-08-16,Persian Empire,"POLYGON ((48.8708 29.9918, 48.8296 29.9751, 48.7909 29.9605,…"
1886,Sousiane,-520.5,-330.8,58431.4,POLITY,,(Sousiane),196,242,9,2026-08-16,Persian Empire,"POLYGON ((48.8708 29.9918, 48.8296 29.9751, 48.7909 29.9605,…"
1887,Persis- Sousiane,-550.5,-539.2,690.4,POLITY,,(Persian Empire),196,242,10,2026-08-16,Persian Empire,"POLYGON ((50 32.9579, 50.0224 32.952, 50.0534 32.939, 50.089…"
1888,Persis- Sousiane,-539.2,-522.1,65159.3,POLITY,,(Persian Empire),196,242,10,2026-08-16,Persian Empire,"POLYGON ((50.0208 32.5792, 50.0583 32.5125, 50.1042 32.4083,…"
1889,Persis- Sousiane,-521.4,-330.8,65159.3,POLITY,,(Persian Empire),196,242,10,2026-08-16,Persian Empire,"POLYGON ((50.0208 32.5792, 50.0583 32.5125, 50.1042 32.4083,…"
1890,Elymais,-550.5,-539.2,690.4,POLITY,,(Persis- Sousiane),196,242,10,2026-08-16,Persian Empire,"POLYGON ((50 32.9579, 50.0224 32.952, 50.0534 32.939, 50.089…"
1891,Elymais,-539.2,-522.1,65159.3,POLITY,,(Persis- Sousiane),196,242,10,2026-08-16,Persian Empire,"POLYGON ((50.0208 32.5792, 50.0583 32.5125, 50.1042 32.4083,…"
1892,Elymais,-521.4,-330.8,65159.3,POLITY,,(Persis- Sousiane),196,242,10,2026-08-16,Persian Empire,"POLYGON ((50.0208 32.5792, 50.0583 32.5125, 50.1042 32.4083,…"
1893,Sattagydia,-516.5,-338.5,69281.8,POLITY,,(Persian Empire),196,245,8,2026-08-16,Persian Empire,"POLYGON ((71.03858 29.54125, 71.03059 29.53342, 71.02331 29.…"
1894,Taxila,-516.5,-338.5,69281.8,POLITY,,(Sattagydia),196,245,8,2026-08-16,Persian Empire,"POLYGON ((71.03858 29.54125, 71.03059 29.53342, 71.02331 29.…"
