Index,Name,FromYear,ToYear,Area,Type,References,MemberOf,ColorR,ColorG,ColorB,Generated,SourceRun,geometry
1,Persian Empire,-550.5,-547.1,1689055.3,POLITY,,,196,240,0,2026-08-16,Persian Empire,"MULTIPOLYGON (((44.9138 35.3128, 44.8703 35.3914, 44.8393 35…"
2,Persian Empire,-547.1,-546.5,2003328.7,POLITY,,,196,240,0,2026-08-16,Persian Empire,"MULTIPOLYGON (((39.7275 36.905, 39.7075 36.945, 39.6942 36.9…"
3,Persian Empire,-546.5,-545.5,2137811.1,POLITY,,,196,240,0,2026-08-16,Persian Empire,"MULTIPOLYGON (((43.2397 35.8721, 43.1724 35.8983, 43.1052 35…"
4,Persian Empire,-545.5,-544.5,2437962.3,POLITY,,,196,240,0,2026-08-16,Persian Empire,"MULTIPOLYGON (((30.25181 36.30631, 30.23667 36.30467, 30.212…"
5,Persian Empire,-544.5,-543.5,2604490.0,POLITY,,,196,240,0,2026-08-16,Persian Empire,"MULTIPOLYGON (((28.4737 37.032, 28.465 37.0483, 28.4767 37.0…"
6,Persian Empire,-543.5,-542.5,2864039.2,POLITY,,,196,240,0,2026-08-16,Persian Empire,"MULTIPOLYGON (((29.98753 36.21106, 29.98472 36.20706, 29.980…"
7,Persian Empire,-542.5,-541.5,2887791.5,POLITY,,,196,240,0,2026-08-16,Persian Empire,"MULTIPOLYGON (((28.44528 36.87958, 28.44147 36.87075, 28.436…"
8,Persian Empire,-541.5,-539.2,2925114.3,POLITY,,,196,240,0,2026-08-16,Persian Empire,"MULTIPOLYGON (((29.98753 36.21106, 29.98472 36.20706, 29.980…"
9,Persian Empire,-539.2,-536.5,3463818.9,POLITY,,,196,240,0,2026-08-16,Persian Empire,"MULTIPOLYGON (((30.2987 36.29984, 30.27114 36.30703, 30.2518…"
10,Persian Empire,-536.5,-535.5,3824241.2,POLITY,,,196,240,0,2026-08-16,Persian Empire,"MULTIPOLYGON (((28.44528 36.87958, 28.44147 36.87075, 28.436…"
11,Persian Empire,-535.5,-534.5,4024924.4,POLITY,,,196,240,0,2026-08-16,Persian Empire,"MULTIPOLYGON (((30.2987 36.29984, 30.27114 36.30703, 30.2518…"
12,Persian Empire,-534.5,-533.5,4225349.0,POLITY,,,196,240,0,2026-08-16,Persian Empire,"MULTIPOLYGON (((29.98042 36.20609, 29.97767 36.20872, 29.976…"
13,Persian Empire,-533.5,-532.5,4246874.8,POLITY,,,196,240,0,2026-08-16,Persian Empire,"MULTIPOLYGON (((29.98042 36.20609, 29.97767 36.20872, 29.976…"
14,Persian Empire,-532.5,-531.5,4434715.2,POLITY,,,196,240,0,2026-08-16,Persian Empire,"MULTIPOLYGON (((29.98042 36.20609, 29.97767 36.20872, 29.976…"
15,Persian Empire,-531.5,-527.5,4499418.0,POLITY,,,196,240,0,2026-08-16,Persian Empire,"MULTIPOLYGON (((29.98042 36.20609, 29.97767 36.20872, 29.976…"
16,Persian Empire,-527.5,-526.5,4508690.7,POLITY,,,196,240,0,2026-08-16,Persian Empire,"MULTIPOLYGON (((30.23667 36.30467, 30.21289 36.30483, 30.187…"
17,Persian Empire,-526.5,-525.5,4757195.8,POLITY,,,196,240,0,2026-08-16,Persian Empire,"MULTIPOLYGON (((32.37161 34.85228, 32.36578 34.8522, 32.3619…"
18,Persian Empire,-525.5,-524.5,5172357.4,POLITY,,,196,240,0,2026-08-16,Persian Empire,"MULTIPOLYGON (((29.0897 25.8794, 28.9345 26.0233, 28.7948 26…"
19,Persian Empire,-524.5,-523.5,5246433.8,POLITY,,,196,240,0,2026-08-16,Persian Empire,"MULTIPOLYGON (((29.0897 25.8794, 28.9345 26.0233, 28.7948 26…"
20,Persian Empire,-523.5,-522.8,5412109.3,POLITY,,,196,240,0,2026-08-16,Persian Empire,"MULTIPOLYGON (((29.0897 25.8794, 28.9345 26.0233, 28.7948 26…"
21,Persian Empire,-522.8,-522.5,5205985.4,POLITY,,,196,240,0,2026-08-16,Persian Empire,"MULTIPOLYGON (((29.0897 25.8794, 28.9345 26.0233, 28.7948 26…"
22,Persian Empire,-522.5,-522.4,5207553.9,POLITY,,,196,240,0,2026-08-16,Persian Empire,"MULTIPOLYGON (((27.7317 28.3108, 27.525 28.3608, 27.335 28.3…"
23,Persian Empire,-522.4,-522.3,5413677.8,POLITY,,,196,240,0,2026-08-16,Persian Empire,"MULTIPOLYGON (((27.7317 28.3108, 27.525 28.3608, 27.335 28.3…"
24,Persian Empire,-522.3,-522.2,5268986.6,POLITY,,,196,240,0,2026-08-16,Persian Empire,"MULTIPOLYGON (((27.7317 28.3108, 27.525 28.3608, 27.335 28.3…"
25,Persian Empire,-522.2,-522.1,5327418.0,POLITY,,,196,240,0,2026-08-16,Persian Empire,"MULTIPOLYGON (((27.7317 28.3108, 27.525 28.3608, 27.335 28.3…"
26,Persian Empire,-522.1,-521.9,3636584.9,POLITY,,,196,240,0,2026-08-16,Persian Empire,"MULTIPOLYGON (((27.7317 28.3108, 27.525 28.3608, 27.335 28.3…"
27,Persian Empire,-521.9,-521.5,3809485.4,POLITY,,,196,240,0,2026-08-16,Persian Empire,"MULTIPOLYGON (((27.7317 28.3108, 27.525 28.3608, 27.335 28.3…"
28,Persian Empire,-521.5,-521.4,4313459.3,POLITY,,,196,240,0,2026-08-16,Persian Empire,"MULTIPOLYGON (((27.7317 28.3108, 27.525 28.3608, 27.335 28.3…"
29,Persian Empire,-521.4,-521.3,4907149.0,POLITY,,,196,240,0,2026-08-16,Persian Empire,"MULTIPOLYGON (((27.7317 28.3108, 27.525 28.3608, 27.335 28.3…"
30,Persian Empire,-521.3,-521.1,5327418.0,POLITY,,,196,240,0,2026-08-16,Persian Empire,"MULTIPOLYGON (((27.7317 28.3108, 27.525 28.3608, 27.335 28.3…"
31,Persian Empire,-521.1,-520.7,5413677.8,POLITY,,,196,240,0,2026-08-16,Persian Empire,"MULTIPOLYGON (((27.7317 28.3108, 27.525 28.3608, 27.335 28.3…"
32,Persian Empire,-520.7,-520.5,5355246.4,POLITY,,,196,240,0,2026-08-16,Persian Empire,"MULTIPOLYGON (((27.7317 28.3108, 27.525 28.3608, 27.335 28.3…"
33,Persian Empire,-520.5,-519.5,5753996.6,POLITY,,,196,240,0,2026-08-16,Persian Empire,"MULTIPOLYGON (((27.7317 28.3108, 27.525 28.3608, 27.335 28.3…"
34,Persian Empire,-519.5,-518.5,6074650.3,POLITY,,,196,240,0,2026-08-16,Persian Empire,"MULTIPOLYGON (((27.7317 28.3108, 27.525 28.3608, 27.335 28.3…"
35,Persian Empire,-518.5,-517.5,6104187.6,POLITY,,,196,240,0,2026-08-16,Persian Empire,"MULTIPOLYGON (((27.7317 28.3108, 27.525 28.3608, 27.335 28.3…"
36,Persian Empire,-517.5,-516.5,6119200.5,POLITY,,,196,240,0,2026-08-16,Persian Empire,"MULTIPOLYGON (((27.7317 28.3108, 27.525 28.3608, 27.335 28.3…"
37,Persian Empire,-516.5,-515.5,6226660.8,POLITY,,,196,240,0,2026-08-16,Persian Empire,"MULTIPOLYGON (((27.7317 28.3108, 27.525 28.3608, 27.335 28.3…"
38,Persian Empire,-515.5,-514.5,6537429.8,POLITY,,,196,240,0,2026-08-16,Persian Empire,"MULTIPOLYGON (((29.0897 25.8794, 28.9345 26.0233, 28.7948 26…"
39,Persian Empire,-514.5,-513.8,6759447.4,POLITY,,,196,240,0,2026-08-16,Persian Empire,"MULTIPOLYGON (((27.7317 28.3108, 27.525 28.3608, 27.335 28.3…"
40,Persian Empire,-513.8,-512.5,6759490.7,POLITY,,,196,240,0,2026-08-16,Persian Empire,"MULTIPOLYGON (((27.7317 28.3108, 27.525 28.3608, 27.335 28.3…"
41,Persian Empire,-512.5,-511.5,6884244.1,POLITY,,,196,240,0,2026-08-16,Persian Empire,"MULTIPOLYGON (((25.1343 29.3681, 25.136 29.4697, 25.1293 29.…"
42,Persian Empire,-511.5,-510.5,6884838.7,POLITY,,,196,240,0,2026-08-16,Persian Empire,"MULTIPOLYGON (((25.1343 29.3681, 25.136 29.4697, 25.1293 29.…"
43,Persian Empire,-510.5,-508.5,6892684.6,POLITY,,,196,240,0,2026-08-16,Persian Empire,"MULTIPOLYGON (((25.1343 29.3681, 25.136 29.4697, 25.1293 29.…"
44,Persian Empire,-508.5,-499.3,6892867.5,POLITY,,,196,240,0,2026-08-16,Persian Empire,"MULTIPOLYGON (((25.1343 29.3681, 25.136 29.4697, 25.1293 29.…"
45,Persian Empire,-499.3,-499.2,6892864.6,POLITY,,,196,240,0,2026-08-16,Persian Empire,"MULTIPOLYGON (((25.1343 29.3681, 25.136 29.4697, 25.1293 29.…"
46,Persian Empire,-499.2,-498.5,6873605.1,POLITY,,,196,240,0,2026-08-16,Persian Empire,"MULTIPOLYGON (((29.2293 25.7224, 29.0897 25.8794, 28.9345 26…"
47,Persian Empire,-498.5,-498.4,6857159.4,POLITY,,,196,240,0,2026-08-16,Persian Empire,"MULTIPOLYGON (((29.0897 25.8794, 28.9345 26.0233, 28.7948 26…"
48,Persian Empire,-498.4,-497.6,6856002.7,POLITY,,,196,240,0,2026-08-16,Persian Empire,"MULTIPOLYGON (((29.2293 25.7224, 29.0897 25.8794, 28.9345 26…"
49,Persian Empire,-497.6,-497.5,6827469.6,POLITY,,,196,240,0,2026-08-16,Persian Empire,"MULTIPOLYGON (((29.0897 25.8794, 28.9345 26.0233, 28.7948 26…"
50,Persian Empire,-497.5,-497.3,6704102.8,POLITY,,,196,240,0,2026-08-16,Persian Empire,"MULTIPOLYGON (((30.5 24.2645, 30.4845 24.3387, 30.4534 24.42…"
51,Persian Empire,-497.3,-497.2,6711497.7,POLITY,,,196,240,0,2026-08-16,Persian Empire,"MULTIPOLYGON (((29.5552 25.4346, 29.3845 25.5523, 29.2293 25…"
52,Persian Empire,-497.2,-495.5,6712702.6,POLITY,,,196,240,0,2026-08-16,Persian Empire,"MULTIPOLYGON (((29.5552 25.4346, 29.3845 25.5523, 29.2293 25…"
53,Persian Empire,-495.5,-494.0,6711654.6,POLITY,,,196,240,0,2026-08-16,Persian Empire,"MULTIPOLYGON (((30.5 24.2645, 30.4845 24.3387, 30.4534 24.42…"
54,Persian Empire,-494.0,-493.8,6711931.7,POLITY,,,196,240,0,2026-08-16,Persian Empire,"MULTIPOLYGON (((29.5552 25.4346, 29.3845 25.5523, 29.2293 25…"
55,Persian Empire,-493.8,-493.5,6747551.6,POLITY,,,196,240,0,2026-08-16,Persian Empire,"MULTIPOLYGON (((27.7317 28.3108, 27.525 28.3608, 27.335 28.3…"
56,Persian Empire,-493.5,-492.3,6765790.5,POLITY,,,196,240,0,2026-08-16,Persian Empire,"MULTIPOLYGON (((25.1343 29.3681, 25.136 29.4697, 25.1293 29.…"
57,Persian Empire,-492.3,-492.1,6774018.1,POLITY,,,196,240,0,2026-08-16,Persian Empire,"MULTIPOLYGON (((25.1343 29.3681, 25.136 29.4697, 25.1293 29.…"
58,Persian Empire,-492.1,-486.5,6892960.9,POLITY,,,196,240,0,2026-08-16,Persian Empire,"MULTIPOLYGON (((25.1343 29.3681, 25.136 29.4697, 25.1293 29.…"
59,Persian Empire,-486.5,-485.5,6832811.5,POLITY,,,196,240,0,2026-08-16,Persian Empire,"MULTIPOLYGON (((25.1343 29.3681, 25.136 29.4697, 25.1293 29.…"
60,Persian Empire,-485.5,-484.9,6772907.2,POLITY,,,196,240,0,2026-08-16,Persian Empire,"MULTIPOLYGON (((25.1343 29.3681, 25.136 29.4697, 25.1293 29.…"
61,Persian Empire,-484.9,-484.3,6833056.6,POLITY,,,196,240,0,2026-08-16,Persian Empire,"MULTIPOLYGON (((25.1343 29.3681, 25.136 29.4697, 25.1293 29.…"
62,Persian Empire,-484.3,-484.1,6746796.8,POLITY,,,196,240,0,2026-08-16,Persian Empire,"MULTIPOLYGON (((25.1343 29.3681, 25.136 29.4697, 25.1293 29.…"
63,Persian Empire,-484.1,-482.3,6833056.6,POLITY,,,196,240,0,2026-08-16,Persian Empire,"MULTIPOLYGON (((25.1343 29.3681, 25.136 29.4697, 25.1293 29.…"
64,Persian Empire,-482.3,-482.1,6746796.8,POLITY,,,196,240,0,2026-08-16,Persian Empire,"MULTIPOLYGON (((25.1343 29.3681, 25.136 29.4697, 25.1293 29.…"
65,Persian Empire,-482.1,-480.4,6833056.6,POLITY,,,196,240,0,2026-08-16,Persian Empire,"MULTIPOLYGON (((25.1343 29.3681, 25.136 29.4697, 25.1293 29.…"
66,Persian Empire,-480.4,-480.1,6892956.7,POLITY,,,196,240,0,2026-08-16,Persian Empire,"MULTIPOLYGON (((25.1343 29.3681, 25.136 29.4697, 25.1293 29.…"
67,Persian Empire,-480.1,-479.4,6892791.2,POLITY,,,196,240,0,2026-08-16,Persian Empire,"MULTIPOLYGON (((25.1343 29.3681, 25.136 29.4697, 25.1293 29.…"
68,Persian Empire,-479.4,-479.3,6881650.9,POLITY,,,196,240,0,2026-08-16,Persian Empire,"MULTIPOLYGON (((25.1343 29.3681, 25.136 29.4697, 25.1293 29.…"
69,Persian Empire,-479.3,-479.0,6881429.5,POLITY,,,196,240,0,2026-08-16,Persian Empire,"MULTIPOLYGON (((27.7317 28.3108, 27.525 28.3608, 27.335 28.3…"
70,Persian Empire,-479.0,-478.6,6880461.3,POLITY,,,196,240,0,2026-08-16,Persian Empire,"MULTIPOLYGON (((27.7317 28.3108, 27.525 28.3608, 27.335 28.3…"
71,Persian Empire,-478.6,-478.3,6871861.4,POLITY,,,196,240,0,2026-08-16,Persian Empire,"MULTIPOLYGON (((27.7317 28.3108, 27.525 28.3608, 27.335 28.3…"
72,Persian Empire,-478.3,-477.5,6871629.7,POLITY,,,196,240,0,2026-08-16,Persian Empire,"MULTIPOLYGON (((27.7317 28.3108, 27.525 28.3608, 27.335 28.3…"
73,Persian Empire,-477.5,-476.5,6880229.5,POLITY,,,196,240,0,2026-08-16,Persian Empire,"MULTIPOLYGON (((27.7317 28.3108, 27.525 28.3608, 27.335 28.3…"
74,Persian Empire,-476.5,-475.8,6879847.8,POLITY,,,196,240,0,2026-08-16,Persian Empire,"MULTIPOLYGON (((27.7317 28.3108, 27.525 28.3608, 27.335 28.3…"
75,Persian Empire,-475.8,-475.5,6878415.6,POLITY,,,196,240,0,2026-08-16,Persian Empire,"MULTIPOLYGON (((27.7317 28.3108, 27.525 28.3608, 27.335 28.3…"
76,Persian Empire,-475.5,-469.5,6755936.6,POLITY,,,196,240,0,2026-08-16,Persian Empire,"MULTIPOLYGON (((29.0897 25.8794, 28.9345 26.0233, 28.7948 26…"
77,Persian Empire,-469.5,-465.5,6753360.1,POLITY,,,196,240,0,2026-08-16,Persian Empire,"MULTIPOLYGON (((29.5552 25.4346, 29.3845 25.5523, 29.2293 25…"
78,Persian Empire,-465.5,-464.6,6753066.8,POLITY,,,196,240,0,2026-08-16,Persian Empire,"MULTIPOLYGON (((29.5552 25.4346, 29.3845 25.5523, 29.2293 25…"
79,Persian Empire,-464.6,-463.5,6642451.4,POLITY,,,196,240,0,2026-08-16,Persian Empire,"MULTIPOLYGON (((29.5552 25.4346, 29.3845 25.5523, 29.2293 25…"
80,Persian Empire,-463.5,-440.5,6753066.8,POLITY,,,196,240,0,2026-08-16,Persian Empire,"MULTIPOLYGON (((29.5552 25.4346, 29.3845 25.5523, 29.2293 25…"
81,Persian Empire,-440.5,-435.7,6628010.1,POLITY,,,196,240,0,2026-08-16,Persian Empire,"MULTIPOLYGON (((30.5 24.2645, 30.4845 24.3387, 30.4534 24.42…"
82,Persian Empire,-435.7,-435.3,6626398.4,POLITY,,,196,240,0,2026-08-16,Persian Empire,"MULTIPOLYGON (((30.5 24.2645, 30.4845 24.3387, 30.4534 24.42…"
83,Persian Empire,-435.3,-420.5,6628010.1,POLITY,,,196,240,0,2026-08-16,Persian Empire,"MULTIPOLYGON (((30.5 24.2645, 30.4845 24.3387, 30.4534 24.42…"
84,Persian Empire,-420.5,-415.5,6562421.1,POLITY,,,196,240,0,2026-08-16,Persian Empire,"MULTIPOLYGON (((30.5 24.2645, 30.4845 24.3387, 30.4534 24.42…"
85,Persian Empire,-415.5,-413.5,6628010.1,POLITY,,,196,240,0,2026-08-16,Persian Empire,"MULTIPOLYGON (((30.5 24.2645, 30.4845 24.3387, 30.4534 24.42…"
86,Persian Empire,-413.5,-412.2,6611675.9,POLITY,,,196,240,0,2026-08-16,Persian Empire,"MULTIPOLYGON (((30.5 24.2645, 30.4845 24.3387, 30.4534 24.42…"
87,Persian Empire,-412.2,-411.2,6628010.1,POLITY,,,196,240,0,2026-08-16,Persian Empire,"MULTIPOLYGON (((30.5 24.2645, 30.4845 24.3387, 30.4534 24.42…"
88,Persian Empire,-411.2,-404.7,6626398.4,POLITY,,,196,240,0,2026-08-16,Persian Empire,"MULTIPOLYGON (((30.5 24.2645, 30.4845 24.3387, 30.4534 24.42…"
89,Persian Empire,-404.7,-404.2,6626401.0,POLITY,,,196,240,0,2026-08-16,Persian Empire,"MULTIPOLYGON (((30.5 24.2645, 30.4845 24.3387, 30.4534 24.42…"
90,Persian Empire,-404.2,-402.5,6616075.4,POLITY,,,196,240,0,2026-08-16,Persian Empire,"MULTIPOLYGON (((30.5 24.2645, 30.4845 24.3387, 30.4534 24.42…"
91,Persian Empire,-402.5,-401.6,6506775.3,POLITY,,,196,240,0,2026-08-16,Persian Empire,"MULTIPOLYGON (((34.8875 20.9208, 34.8958 20.95, 34.8667 20.9…"
92,Persian Empire,-401.6,-401.2,6294817.7,POLITY,,,196,240,0,2026-08-16,Persian Empire,"MULTIPOLYGON (((34.8875 20.9208, 34.8958 20.95, 34.8667 20.9…"
93,Persian Empire,-401.2,-400.5,6506775.3,POLITY,,,196,240,0,2026-08-16,Persian Empire,"MULTIPOLYGON (((34.8875 20.9208, 34.8958 20.95, 34.8667 20.9…"
94,Persian Empire,-400.5,-400.1,6024890.6,POLITY,,,196,240,0,2026-08-16,Persian Empire,"MULTIPOLYGON (((32.6045 30.0721, 32.62 30.1375, 32.6252 30.2…"
95,Persian Empire,-400.1,-394.2,6008263.6,POLITY,,,196,240,0,2026-08-16,Persian Empire,"MULTIPOLYGON (((32.6045 30.0721, 32.62 30.1375, 32.6252 30.2…"
96,Persian Empire,-394.2,-394.1,6008422.0,POLITY,,,196,240,0,2026-08-16,Persian Empire,"MULTIPOLYGON (((32.27739 35.08961, 32.27875 35.09481, 32.281…"
97,Persian Empire,-394.1,-393.5,6008610.5,POLITY,,,196,240,0,2026-08-16,Persian Empire,"MULTIPOLYGON (((29.04867 36.65164, 29.04614 36.65217, 29.043…"
98,Persian Empire,-393.5,-392.5,6006729.4,POLITY,,,196,240,0,2026-08-16,Persian Empire,"MULTIPOLYGON (((29.04867 36.65164, 29.04614 36.65217, 29.043…"
99,Persian Empire,-392.5,-387.6,6004280.5,POLITY,,,196,240,0,2026-08-16,Persian Empire,"MULTIPOLYGON (((29.04867 36.65164, 29.04614 36.65217, 29.043…"
100,Persian Empire,-387.6,-387.4,6003607.6,POLITY,,,196,240,0,2026-08-16,Persian Empire,"MULTIPOLYGON (((29.04867 36.65164, 29.04614 36.65217, 29.043…"
101,Persian Empire,-387.4,-386.5,6002402.7,POLITY,,,196,240,0,2026-08-16,Persian Empire,"MULTIPOLYGON (((29.04867 36.65164, 29.04614 36.65217, 29.043…"
102,Persian Empire,-386.5,-381.5,6002411.6,POLITY,,,196,240,0,2026-08-16,Persian Empire,"MULTIPOLYGON (((27.51114 36.65239, 27.50903 36.65703, 27.510…"
103,Persian Empire,-381.5,-381.4,6004289.4,POLITY,,,196,240,0,2026-08-16,Persian Empire,"MULTIPOLYGON (((27.51114 36.65239, 27.50903 36.65703, 27.510…"
104,Persian Empire,-381.4,-381.3,6006738.4,POLITY,,,196,240,0,2026-08-16,Persian Empire,"MULTIPOLYGON (((27.51114 36.65239, 27.50903 36.65703, 27.510…"
105,Persian Empire,-381.3,-380.5,6000414.7,POLITY,,,196,240,0,2026-08-16,Persian Empire,"MULTIPOLYGON (((27.51114 36.65239, 27.50903 36.65703, 27.510…"
106,Persian Empire,-380.5,-378.5,6002026.3,POLITY,,,196,240,0,2026-08-16,Persian Empire,"MULTIPOLYGON (((27.51114 36.65239, 27.50903 36.65703, 27.510…"
107,Persian Empire,-378.5,-375.8,6010231.1,POLITY,,,196,240,0,2026-08-16,Persian Empire,"MULTIPOLYGON (((27.51114 36.65239, 27.50903 36.65703, 27.510…"
108,Persian Empire,-375.8,-375.4,5956732.8,POLITY,,,196,240,0,2026-08-16,Persian Empire,"MULTIPOLYGON (((27.51114 36.65239, 27.50903 36.65703, 27.510…"
109,Persian Empire,-375.4,-371.5,6010231.1,POLITY,,,196,240,0,2026-08-16,Persian Empire,"MULTIPOLYGON (((27.51114 36.65239, 27.50903 36.65703, 27.510…"
110,Persian Empire,-371.5,-367.5,5856466.6,POLITY,,,196,240,0,2026-08-16,Persian Empire,"MULTIPOLYGON (((27.51114 36.65239, 27.50903 36.65703, 27.510…"
111,Persian Empire,-367.5,-366.8,5856952.8,POLITY,,,196,240,0,2026-08-16,Persian Empire,"MULTIPOLYGON (((27.51114 36.65239, 27.50903 36.65703, 27.510…"
112,Persian Empire,-366.8,-365.7,5784811.7,POLITY,,,196,240,0,2026-08-16,Persian Empire,"MULTIPOLYGON (((32.87553 31.10186, 32.87703 31.10531, 32.880…"
113,Persian Empire,-365.7,-363.5,5784325.6,POLITY,,,196,240,0,2026-08-16,Persian Empire,"MULTIPOLYGON (((32.87553 31.10186, 32.87703 31.10531, 32.880…"
114,Persian Empire,-363.5,-362.3,5410718.8,POLITY,,,196,240,0,2026-08-16,Persian Empire,"MULTIPOLYGON (((34.95334 28.0917, 34.945 28.08833, 34.93973 …"
115,Persian Empire,-362.3,-360.5,5485515.4,POLITY,,,196,240,0,2026-08-16,Persian Empire,"MULTIPOLYGON (((32.87553 31.10186, 32.87703 31.10531, 32.880…"
116,Persian Empire,-360.5,-356.9,6026858.1,POLITY,,,196,240,0,2026-08-16,Persian Empire,"MULTIPOLYGON (((27.51114 36.65239, 27.50903 36.65703, 27.510…"
117,Persian Empire,-356.9,-356.3,6028274.3,POLITY,,,196,240,0,2026-08-16,Persian Empire,"MULTIPOLYGON (((27.73839 35.9222, 27.73992 35.92561, 27.7318…"
118,Persian Empire,-356.3,-353.2,5956133.3,POLITY,,,196,240,0,2026-08-16,Persian Empire,"MULTIPOLYGON (((32.87553 31.10186, 32.87703 31.10531, 32.880…"
119,Persian Empire,-353.2,-346.5,6028274.3,POLITY,,,196,240,0,2026-08-16,Persian Empire,"MULTIPOLYGON (((27.73839 35.9222, 27.73992 35.92561, 27.7318…"
120,Persian Empire,-346.5,-344.5,6019001.6,POLITY,,,196,240,0,2026-08-16,Persian Empire,"MULTIPOLYGON (((27.73839 35.9222, 27.73992 35.92561, 27.7318…"
121,Persian Empire,-344.5,-342.6,6029123.4,POLITY,,,196,240,0,2026-08-16,Persian Empire,"MULTIPOLYGON (((27.73839 35.9222, 27.73992 35.92561, 27.7318…"
122,Persian Empire,-342.6,-342.5,6089332.9,POLITY,,,196,240,0,2026-08-16,Persian Empire,"MULTIPOLYGON (((27.73839 35.9222, 27.73992 35.92561, 27.7318…"
123,Persian Empire,-342.5,-340.5,6390881.9,POLITY,,,196,240,0,2026-08-16,Persian Empire,"MULTIPOLYGON (((29.0897 25.8794, 28.9345 26.0233, 28.7948 26…"
124,Persian Empire,-340.5,-338.5,6390032.8,POLITY,,,196,240,0,2026-08-16,Persian Empire,"MULTIPOLYGON (((29.3845 25.5523, 29.2293 25.7224, 29.0897 25…"
125,Persian Empire,-338.5,-337.5,6270446.0,POLITY,,,196,240,0,2026-08-16,Persian Empire,"MULTIPOLYGON (((29.0897 25.8794, 28.9345 26.0233, 28.7948 26…"
126,Persian Empire,-337.5,-336.5,6218394.9,POLITY,,,196,240,0,2026-08-16,Persian Empire,"MULTIPOLYGON (((29.0897 25.8794, 28.9345 26.0233, 28.7948 26…"
127,Persian Empire,-336.5,-336.4,6214442.0,POLITY,,,196,240,0,2026-08-16,Persian Empire,"MULTIPOLYGON (((29.3397 30.4331, 29.381 30.516, 29.3862 30.5…"
128,Persian Empire,-336.4,-335.5,6214411.2,POLITY,,,196,240,0,2026-08-16,Persian Empire,"MULTIPOLYGON (((29.3397 30.4331, 29.381 30.516, 29.3862 30.5…"
129,Persian Empire,-335.5,-334.5,6218158.7,POLITY,,,196,240,0,2026-08-16,Persian Empire,"MULTIPOLYGON (((29.3397 30.4331, 29.381 30.516, 29.3862 30.5…"
130,Persian Empire,-334.5,-334.4,6146253.9,POLITY,,,196,240,0,2026-08-16,Persian Empire,"MULTIPOLYGON (((29.0897 25.8794, 28.9345 26.0233, 28.7948 26…"
131,Persian Empire,-334.4,-334.3,6119454.2,POLITY,,,196,240,0,2026-08-16,Persian Empire,"MULTIPOLYGON (((29.0897 25.8794, 28.9345 26.0233, 28.7948 26…"
132,Persian Empire,-334.3,-334.0,6111502.6,POLITY,,,196,240,0,2026-08-16,Persian Empire,"MULTIPOLYGON (((29.5552 25.4346, 29.3845 25.5523, 29.2293 25…"
133,Persian Empire,-334.0,-333.7,6076794.4,POLITY,,,196,240,0,2026-08-16,Persian Empire,"MULTIPOLYGON (((32.5793 24.0465, 32.4965 24.064, 32.4396 24.…"
134,Persian Empire,-333.7,-333.6,6077643.5,POLITY,,,196,240,0,2026-08-16,Persian Empire,"MULTIPOLYGON (((32.5793 24.0465, 32.4965 24.064, 32.4396 24.…"
135,Persian Empire,-333.6,-333.5,6079294.6,POLITY,,,196,240,0,2026-08-16,Persian Empire,"MULTIPOLYGON (((32.5793 24.0465, 32.4965 24.064, 32.4396 24.…"
136,Persian Empire,-333.5,-333.4,5968391.6,POLITY,,,196,240,0,2026-08-16,Persian Empire,"MULTIPOLYGON (((32.5793 24.0465, 32.4965 24.064, 32.4396 24.…"
137,Persian Empire,-333.4,-333.3,5899714.8,POLITY,,,196,240,0,2026-08-16,Persian Empire,"MULTIPOLYGON (((32.5793 24.0465, 32.4965 24.064, 32.4396 24.…"
138,Persian Empire,-333.3,-332.6,5863978.1,POLITY,,,196,240,0,2026-08-16,Persian Empire,"MULTIPOLYGON (((32.5793 24.0465, 32.4965 24.064, 32.4396 24.…"
139,Persian Empire,-332.6,-332.5,5863938.6,POLITY,,,196,240,0,2026-08-16,Persian Empire,"MULTIPOLYGON (((32.5793 24.0465, 32.4965 24.064, 32.4396 24.…"
140,Persian Empire,-332.5,-332.4,5854665.9,POLITY,,,196,240,0,2026-08-16,Persian Empire,"MULTIPOLYGON (((32.5793 24.0465, 32.4965 24.064, 32.4396 24.…"
141,Persian Empire,-332.4,-332.3,5852165.7,POLITY,,,196,240,0,2026-08-16,Persian Empire,"MULTIPOLYGON (((32.5793 24.0465, 32.4965 24.064, 32.4396 24.…"
142,Persian Empire,-332.3,-331.6,5851596.0,POLITY,,,196,240,0,2026-08-16,Persian Empire,"MULTIPOLYGON (((32.4965 24.064, 32.4396 24.0945, 32.3724 24.…"
143,Persian Empire,-331.6,-331.3,5489837.6,POLITY,,,196,240,0,2026-08-16,Persian Empire,"MULTIPOLYGON (((40.231 29.5241, 40.1897 29.4414, 40.1793 29.…"
144,Persian Empire,-331.3,-331.1,5063964.0,POLITY,,,196,240,0,2026-08-16,Persian Empire,"MULTIPOLYGON (((47.6802 29.6155, 47.5636 29.6363, 47.5011 29…"
145,Persian Empire,-331.1,-331.0,4854385.9,POLITY,,,196,240,0,2026-08-16,Persian Empire,"MULTIPOLYGON (((47.6802 29.6155, 47.5636 29.6363, 47.5011 29…"
146,Persian Empire,-331.0,-330.8,4663599.9,POLITY,,,196,240,0,2026-08-16,Persian Empire,"MULTIPOLYGON (((50.64347 29.15767, 50.64261 29.16017, 50.640…"
147,Persian Empire,-330.8,-330.6,4540009.2,POLITY,,,196,240,0,2026-08-16,Persian Empire,"MULTIPOLYGON (((50.77508 29.07253, 50.77217 29.06931, 50.761…"
148,Persian Empire,-330.6,-330.5,4337363.9,POLITY,,,196,240,0,2026-08-16,Persian Empire,"MULTIPOLYGON (((54.87917 26.55664, 54.87678 26.55311, 54.873…"
149,Persian Empire,-330.5,-330.4,3473285.0,POLITY,,,196,240,0,2026-08-16,Persian Empire,"MULTIPOLYGON (((54.87917 26.55664, 54.87678 26.55311, 54.873…"
150,Persian Empire,-330.4,-330.3,2877308.2,POLITY,,,196,240,0,2026-08-16,Persian Empire,"MULTIPOLYGON (((64.89523 25.32453, 64.85681 25.31808, 64.827…"
151,Persian Empire,-330.3,-330.2,3011790.6,POLITY,,,196,240,0,2026-08-16,Persian Empire,"MULTIPOLYGON (((54.88584 26.56259, 54.87917 26.55664, 54.876…"
152,Persian Empire,-330.2,-330.1,2877308.2,POLITY,,,196,240,0,2026-08-16,Persian Empire,"MULTIPOLYGON (((64.89523 25.32453, 64.85681 25.31808, 64.827…"
153,Persian Empire,-330.1,-329.8,2730323.0,POLITY,,,196,240,0,2026-08-16,Persian Empire,"MULTIPOLYGON (((64.89523 25.32453, 64.85681 25.31808, 64.827…"
154,Persian Empire,-329.8,-329.7,2693000.1,POLITY,,,196,240,0,2026-08-16,Persian Empire,"MULTIPOLYGON (((64.89523 25.32453, 64.85681 25.31808, 64.827…"
155,Persian Empire,-329.7,-329.5,2405041.5,POLITY,,,196,240,0,2026-08-16,Persian Empire,"MULTIPOLYGON (((54.88584 26.56259, 54.87917 26.55664, 54.876…"
156,Arabia,-526.5,-525.5,248505.1,POLITY,,(Persian Empire),196,243,6,2026-08-16,Persian Empire,"POLYGON ((40.3914 29.9483, 40.3655 29.8552, 40.3034 29.7517,…"
157,Arakhosia,-544.5,-543.5,146985.2,POLITY,,(Persian Empire),196,241,13,2026-08-16,Persian Empire,"POLYGON ((61.70539 29.9962, 61.70339 29.97947, 61.70475 29.9…"
158,Arakhosia,-543.5,-541.5,401137.2,POLITY,,(Persian Empire),196,241,13,2026-08-16,Persian Empire,"POLYGON ((67.8377 29.9575, 67.8543 29.9492, 67.8957 29.9451,…"
159,Arakhosia,-541.5,-536.5,438460.1,POLITY,,(Persian Empire),196,241,13,2026-08-16,Persian Empire,"POLYGON ((64.9312 29.0918, 64.9229 29.1335, 64.9187 29.2335,…"
160,Arakhosia,-536.5,-531.5,798882.3,POLITY,,(Persian Empire),196,242,11,2026-08-16,Persian Empire,"POLYGON ((64.95103 25.32331, 64.90345 25.32589, 64.89523 25.…"
161,Arakhosia,-531.5,-516.5,863585.1,POLITY,,(Persian Empire),196,243,1,2026-08-16,Persian Empire,"MULTIPOLYGON (((66.17889 25.54239, 66.17675 25.54356, 66.169…"
162,Arakhosia,-516.5,-338.5,891751.4,POLITY,,(Persian Empire),196,243,1,2026-08-16,Persian Empire,"MULTIPOLYGON (((66.17889 25.54239, 66.17675 25.54356, 66.169…"
163,Arakhosia,-338.5,-337.5,919109.1,POLITY,,(Persian Empire),196,243,1,2026-08-16,Persian Empire,"MULTIPOLYGON (((66.17889 25.54239, 66.17675 25.54356, 66.169…"
164,Arakhosia,-337.5,-330.1,897391.8,POLITY,,(Persian Empire),196,243,1,2026-08-16,Persian Empire,"MULTIPOLYGON (((66.17889 25.54239, 66.17675 25.54356, 66.169…"
165,Arakhosia,-330.1,-329.8,750406.6,POLITY,,(Persian Empire),196,243,1,2026-08-16,Persian Empire,"MULTIPOLYGON (((66.17889 25.54239, 66.17675 25.54356, 66.169…"
166,Arakhosia,-329.8,-329.7,713083.7,POLITY,,(Persian Empire),196,243,1,2026-08-16,Persian Empire,"MULTIPOLYGON (((66.17889 25.54239, 66.17675 25.54356, 66.169…"
167,Arakhosia,-329.7,-329.5,425125.1,POLITY,,(Persian Empire),196,243,1,2026-08-16,Persian Empire,"MULTIPOLYGON (((66.1795 25.5415, 66.17889 25.54239, 66.17675…"
168,Arakhosia,-543.5,-516.5,254152.0,POLITY,,(Arakhosia),196,241,14,2026-08-16,Persian Empire,"POLYGON ((67.8626 29.9782, 67.8377 29.9575, 67.8543 29.9492,…"
169,Arakhosia,-516.5,-338.5,282318.2,POLITY,,(Arakhosia),196,241,14,2026-08-16,Persian Empire,"POLYGON ((67.8377 29.9575, 67.8543 29.9492, 67.8957 29.9451,…"
170,Arakhosia,-338.5,-337.5,309676.0,POLITY,,(Arakhosia),196,241,14,2026-08-16,Persian Empire,"POLYGON ((67.8377 29.9575, 67.8543 29.9492, 67.8957 29.9451,…"
171,Arakhosia,-337.5,-329.7,287958.7,POLITY,,(Arakhosia),196,241,14,2026-08-16,Persian Empire,"POLYGON ((71.03858 29.54125, 71.03059 29.53342, 71.02331 29.…"
172,Drangiana,-544.5,-541.5,146985.2,POLITY,,(Arakhosia),196,241,13,2026-08-16,Persian Empire,"POLYGON ((61.70539 29.9962, 61.70339 29.97947, 61.70475 29.9…"
173,Drangiana,-541.5,-330.1,184308.1,POLITY,,(Arakhosia),196,241,13,2026-08-16,Persian Empire,"POLYGON ((63.8692 29.9908, 63.8158 29.9792, 63.7542 29.9692,…"
174,Drangiana,-330.1,-329.8,37322.9,POLITY,,(Arakhosia),196,242,0,2026-08-16,Persian Empire,"POLYGON ((63.8692 29.9908, 63.8158 29.9792, 63.7542 29.9692,…"
175,Ariaspai,-541.5,-329.8,37322.9,POLITY,,(Drangiana),196,242,0,2026-08-16,Persian Empire,"POLYGON ((63.8692 29.9908, 63.8158 29.9792, 63.7542 29.9692,…"
176,Drangiana,-544.5,-330.1,146985.2,POLITY,,(Drangiana),196,241,13,2026-08-16,Persian Empire,"POLYGON ((61.70539 29.9962, 61.70339 29.97947, 61.70475 29.9…"
177,Gedrosia,-536.5,-531.5,360422.3,POLITY,,(Arakhosia),196,242,11,2026-08-16,Persian Empire,"POLYGON ((64.97961 25.32386, 64.96603 25.32056, 64.95103 25.…"
178,Gedrosia,-531.5,-329.5,425125.1,POLITY,,(Arakhosia),196,243,1,2026-08-16,Persian Empire,"MULTIPOLYGON (((66.1795 25.5415, 66.17889 25.54239, 66.17675…"
179,Gedrosia,-536.5,-329.5,360422.3,POLITY,,(Gedrosia),196,242,11,2026-08-16,Persian Empire,"POLYGON ((64.97961 25.32386, 64.96603 25.32056, 64.95103 25.…"
180,Oreitai,-531.5,-329.5,64702.8,POLITY,,(Gedrosia),196,243,1,2026-08-16,Persian Empire,"MULTIPOLYGON (((66.84834 24.99522, 66.83806 24.97397, 66.818…"
181,Areia,-546.5,-545.5,134482.4,POLITY,,(Persian Empire),196,241,6,2026-08-16,Persian Empire,"POLYGON ((61.5973 34.9542, 61.6556 34.9125, 61.7348 34.8542,…"
182,Army,-546.6,-546.4,2893.3,TRANSIENT,,(Persian Empire),196,241,4,2026-08-16,Persian Empire,"POLYGON ((29.6586 39.1138, 29.5655 39.0879, 29.4103 39.0259,…"
183,Army,-545.8,-544.5,827.7,TRANSIENT,,(Persian Empire),196,241,4,2026-08-16,Persian Empire,"POLYGON ((27.5317 38.5817, 27.47 38.61, 27.4183 38.6517, 27.…"
184,Army,-540.5,-540.4,3953.2,TRANSIENT,,(Persian Empire),196,241,4,2026-08-16,Persian Empire,"POLYGON ((43.4583 36.0017, 43.425 36.1183, 43.3708 36.235, 4…"
185,Army,-521.9,-521.7,1686.6,TRANSIENT,,(Persian Empire),196,241,4,2026-08-16,Persian Empire,"POLYGON ((46.7742 33.5825, 46.8325 33.6492, 46.92 33.7158, 4…"
186,Army,-521.7,-521.6,2596.5,TRANSIENT,,(Persian Empire),196,241,4,2026-08-16,Persian Empire,"MULTIPOLYGON (((46.8325 33.6492, 46.92 33.7158, 46.9908 33.7…"
187,Army,-521.6,-521.5,8625.3,TRANSIENT,,(Persian Empire),196,241,4,2026-08-16,Persian Empire,"MULTIPOLYGON (((46.92 33.7158, 46.9908 33.7783, 47.0575 33.8…"
188,Army,-521.5,-521.4,4641.6,TRANSIENT,,(Persian Empire),196,241,4,2026-08-16,Persian Empire,"MULTIPOLYGON (((46.8325 33.6492, 46.92 33.7158, 46.9908 33.7…"
189,Army,-521.4,-521.2,290.9,TRANSIENT,,(Persian Empire),196,241,4,2026-08-16,Persian Empire,"POLYGON ((43.4017 36.0044, 43.4483 36.0174, 43.5052 36.0392,…"
190,Army,-521.2,-521.0,777.5,TRANSIENT,,(Persian Empire),196,241,4,2026-08-16,Persian Empire,"POLYGON ((44.4889 33.093, 44.5103 33.0451, 44.5052 32.9666, …"
191,Army,-515.7,-515.6,6555.5,TRANSIENT,,(Persian Empire),196,241,4,2026-08-16,Persian Empire,"POLYGON ((25.0577 31.5831, 25.1743 31.4956, 25.2993 31.4081,…"
192,Army,-515.6,-515.4,10906.4,TRANSIENT,,(Persian Empire),196,241,4,2026-08-16,Persian Empire,"POLYGON ((25.0577 31.5831, 25.1743 31.4956, 25.2993 31.4081,…"
193,Army,-515.4,-515.3,6555.5,TRANSIENT,,(Persian Empire),196,241,4,2026-08-16,Persian Empire,"POLYGON ((25.0577 31.5831, 25.1743 31.4956, 25.2993 31.4081,…"
194,Army,-498.4,-498.2,506.7,TRANSIENT,,(Persian Empire),196,241,4,2026-08-16,Persian Empire,"POLYGON ((27.6408 38.2058, 27.5858 38.1742, 27.5158 38.1375,…"
195,Army,-497.4,-497.1,925.0,TRANSIENT,,(Persian Empire),196,241,4,2026-08-16,Persian Empire,"POLYGON ((33.0006 34.6974, 32.9356 34.6974, 32.8839 34.7057,…"
196,Army,-494.6,-494.2,801.6,TRANSIENT,,(Persian Empire),196,241,4,2026-08-16,Persian Empire,"POLYGON ((27.96 37.7896, 27.9283 37.7796, 27.87 37.7646, 27.…"
197,Army,-494.2,-494.0,883.2,TRANSIENT,,(Persian Empire),196,241,4,2026-08-16,Persian Empire,"POLYGON ((27.4497 37.4054, 27.4343 37.415, 27.4222 37.4237, …"
198,Army,-484.2,-484.0,1843.8,TRANSIENT,,(Persian Empire),196,241,4,2026-08-16,Persian Empire,"POLYGON ((44.9052 32.5189, 44.7914 32.5145, 44.6879 32.5058,…"
199,Army,-480.5,-480.4,5335.2,TRANSIENT,,(Persian Empire),196,241,4,2026-08-16,Persian Empire,"POLYGON ((23.8717 42.2642, 23.7092 42.2475, 23.6675 42.1975,…"
200,Army,-480.4,-480.3,6079.2,TRANSIENT,,(Persian Empire),196,241,4,2026-08-16,Persian Empire,"MULTIPOLYGON (((22.4133 39.8683, 22.3842 39.7517, 22.405 39.…"
201,Army,-480.3,-480.1,2112.6,TRANSIENT,,(Persian Empire),196,241,4,2026-08-16,Persian Empire,"POLYGON ((22.4383 39.6758, 22.4867 39.6308, 22.5283 39.6008,…"
202,Army,-385.5,-382.5,4598.5,TRANSIENT,,(Persian Empire),196,241,4,2026-08-16,Persian Empire,"POLYGON ((34.27 31.3633, 34.2242 31.3175, 34.145 31.2342, 33…"
203,Army,-381.6,-380.6,213.2,TRANSIENT,,(Persian Empire),196,241,4,2026-08-16,Persian Empire,"POLYGON ((33.7633 35.1083, 33.715 35.0867, 33.6717 35.07, 33…"
204,Army,-370.6,-370.4,2761.0,TRANSIENT,,(Persian Empire),196,241,4,2026-08-16,Persian Empire,"POLYGON ((31.5767 40.1708, 31.7308 40.2167, 31.885 40.2292, …"
205,Army,-369.6,-369.4,2605.5,TRANSIENT,,(Persian Empire),196,241,4,2026-08-16,Persian Empire,"POLYGON ((46.1875 33.8458, 46.2958 33.9208, 46.4375 34.0125,…"
206,Army,-368.6,-368.4,1034.2,TRANSIENT,,(Persian Empire),196,241,4,2026-08-16,Persian Empire,"POLYGON ((43.5121 35.2951, 43.569 35.3081, 43.6 35.3517, 43.…"
207,Army,-332.7,-332.5,234.6,TRANSIENT,,(Persian Empire),196,241,4,2026-08-16,Persian Empire,"POLYGON ((31.1562 29.981, 31.1997 29.9655, 31.2369 29.9469, …"
208,Army of Artabazus,-479.8,-479.7,232.8,TRANSIENT,,(Persian Empire),196,252,4,2026-08-16,Persian Empire,"POLYGON ((23.2517 40.41, 23.2667 40.3667, 23.2767 40.3133, 2…"
209,Army of Artaphernes,-493.7,-493.6,3887.1,TRANSIENT,,(Persian Empire),196,251,2,2026-08-16,Persian Empire,"POLYGON ((27.3983 37.8258, 27.3192 37.8675, 27.3025 37.9383,…"
210,Army of Artaphernes,-493.6,-493.4,7812.8,TRANSIENT,,(Persian Empire),196,251,2,2026-08-16,Persian Empire,"POLYGON ((27.3192 37.8675, 27.3025 37.9383, 27.2858 37.9925,…"
211,Army of Artaxerxes,-463.6,-463.4,2594.1,TRANSIENT,,(Persian Empire),196,252,5,2026-08-16,Persian Empire,"POLYGON ((65.2817 36.5233, 65.4067 36.5317, 65.5233 36.5733,…"
212,Army of Artaxerxes II,-401.3,-401.1,1063.7,TRANSIENT,,(Persian Empire),196,252,10,2026-08-16,Persian Empire,"POLYGON ((44.3567 32.6639, 44.3217 32.7289, 44.2934 32.8322,…"
213,Army of Artaxerxes III,-344.4,-344.2,462.0,TRANSIENT,,(Persian Empire),196,253,10,2026-08-16,Persian Empire,"POLYGON ((35.7903 33.7152, 35.7397 33.711, 35.6921 33.7069, …"
214,Army of Artaxerxes III,-343.0,-342.8,2073.9,TRANSIENT,,(Persian Empire),196,253,10,2026-08-16,Persian Empire,"POLYGON ((34.466 31.4122, 34.4226 31.3626, 34.3512 31.3254, …"
215,Army of Artaxerxes III,-342.8,-342.7,3169.8,TRANSIENT,,(Persian Empire),196,253,10,2026-08-16,Persian Empire,"POLYGON ((32.5808 30.9533, 32.5008 30.9333, 32.4158 30.9133,…"
216,Army of Artaxerxes III,-342.7,-342.5,3926.6,TRANSIENT,,(Persian Empire),196,253,10,2026-08-16,Persian Empire,"POLYGON ((31.3133 29.9058, 31.3083 29.8583, 31.2683 29.8358,…"
217,Army of Atizyes,-334.7,-334.5,629.9,TRANSIENT,,(Persian Empire),196,253,15,2026-08-16,Persian Empire,"POLYGON ((27.7966 40.2517, 27.7055 40.2621, 27.5979 40.2621,…"
218,Army of Autophradates,-369.6,-369.4,1764.4,TRANSIENT,,(Persian Empire),196,253,2,2026-08-16,Persian Empire,"POLYGON ((33.4634 39.6825, 33.5875 39.6563, 33.7479 39.6127,…"
219,Army of Autophradates,-366.7,-366.5,3887.1,TRANSIENT,,(Persian Empire),196,253,5,2026-08-16,Persian Empire,"POLYGON ((27.3983 37.8258, 27.3192 37.8675, 27.3025 37.9383,…"
220,Army of Cambyses II,-525.7,-525.6,2073.9,TRANSIENT,,(Persian Empire),196,243,7,2026-08-16,Persian Empire,"POLYGON ((34.466 31.4122, 34.4226 31.3626, 34.3512 31.3254, …"
221,Army of Cambyses II,-525.6,-525.5,3926.6,TRANSIENT,,(Persian Empire),196,243,7,2026-08-16,Persian Empire,"POLYGON ((31.3108 29.9558, 31.3133 29.9058, 31.3083 29.8583,…"
222,Army of Cambyses II,-524.6,-524.4,6215.2,TRANSIENT,,(Persian Empire),196,243,7,2026-08-16,Persian Empire,"POLYGON ((27.8917 29.9, 27.8292 29.7917, 27.7083 29.6875, 27…"
223,Army of Cambyses II,-523.8,-523.7,1140.6,TRANSIENT,,(Persian Empire),196,243,7,2026-08-16,Persian Empire,"POLYGON ((32.8379 24.0683, 32.8379 24.0291, 32.8379 23.9898,…"
224,Army of Cambyses II,-523.7,-523.6,2263.4,TRANSIENT,,(Persian Empire),196,243,7,2026-08-16,Persian Empire,"POLYGON ((32.6517 23.0262, 32.6103 22.9695, 32.5741 22.9128,…"
225,Army of Cambyses II,-523.6,-523.4,3304.2,TRANSIENT,,(Persian Empire),196,243,7,2026-08-16,Persian Empire,"POLYGON ((31.8759 22.5465, 31.8552 22.5029, 31.8034 22.468, …"
226,Army of Cambyses II,-523.4,-523.3,2263.4,TRANSIENT,,(Persian Empire),196,243,7,2026-08-16,Persian Empire,"POLYGON ((32.6517 23.0262, 32.6103 22.9695, 32.5741 22.9128,…"
227,Army of Cambyses II,-523.3,-523.2,1140.6,TRANSIENT,,(Persian Empire),196,243,7,2026-08-16,Persian Empire,"POLYGON ((32.8379 24.0683, 32.8379 24.0291, 32.8379 23.9898,…"
228,Army of Cyrus II,-547.6,-547.4,6207.6,TRANSIENT,,(Persian Empire),196,240,13,2026-08-16,Persian Empire,"POLYGON ((35.0792 39.1992, 35.1458 39.0908, 35.2292 38.9783,…"
229,Army of Cyrus II,-547.4,-547.3,10525.7,TRANSIENT,,(Persian Empire),196,240,13,2026-08-16,Persian Empire,"MULTIPOLYGON (((35.0792 39.1992, 35.1458 39.0908, 35.2292 38…"
230,Army of Cyrus II,-547.3,-547.2,14441.6,TRANSIENT,,(Persian Empire),196,240,13,2026-08-16,Persian Empire,"MULTIPOLYGON (((29.7558 38.485, 29.5558 38.5558, 29.4017 38.…"
231,Army of Cyrus II,-547.2,-547.1,14616.3,TRANSIENT,,(Persian Empire),196,240,13,2026-08-16,Persian Empire,"MULTIPOLYGON (((27.9558 38.4558, 27.935 38.51, 27.9475 38.54…"
232,Army of Cyrus II,-546.7,-546.6,5569.6,TRANSIENT,,(Persian Empire),196,240,13,2026-08-16,Persian Empire,"POLYGON ((60.1056 36.2875, 60.2306 36.2417, 60.3556 36.2083,…"
233,Army of Cyrus II,-546.6,-546.5,11404.1,TRANSIENT,,(Persian Empire),196,240,13,2026-08-16,Persian Empire,"POLYGON ((61.214 34.8333, 61.2515 34.7417, 61.3348 34.675, 6…"
234,Army of Cyrus II,-545.6,-545.5,3103.2,TRANSIENT,,(Persian Empire),196,240,13,2026-08-16,Persian Empire,"POLYGON ((66.0405 34.8999, 66.0572 34.9541, 66.0947 35, 66.1…"
235,Army of Cyrus II,-544.7,-544.6,6786.0,TRANSIENT,,(Persian Empire),196,240,13,2026-08-16,Persian Empire,"POLYGON ((64.6366 34.0506, 64.5199 33.9422, 64.3533 33.8506,…"
236,Army of Cyrus II,-544.6,-544.5,9641.7,TRANSIENT,,(Persian Empire),196,240,13,2026-08-16,Persian Empire,"POLYGON ((61.5991 32.3339, 61.5866 32.2089, 61.5824 32.0922,…"
237,Army of Cyrus II,-543.7,-543.6,5236.8,TRANSIENT,,(Persian Empire),196,240,13,2026-08-16,Persian Empire,"POLYGON ((64.5025 31.7633, 64.6108 31.7383, 64.7108 31.7217,…"
238,Army of Cyrus II,-543.6,-543.5,10790.1,TRANSIENT,,(Persian Empire),196,240,13,2026-08-16,Persian Empire,"POLYGON ((64.5025 31.7633, 64.6108 31.7383, 64.7108 31.7217,…"
239,Army of Cyrus II,-541.6,-541.5,5414.6,TRANSIENT,,(Persian Empire),196,240,13,2026-08-16,Persian Empire,"POLYGON ((61.8042 30.3417, 61.9583 30.2958, 62.0958 30.2625,…"
240,Army of Cyrus II,-539.4,-539.3,2668.1,TRANSIENT,,(Persian Empire),196,240,13,2026-08-16,Persian Empire,"POLYGON ((44.6755 33.4938, 44.6393 33.4007, 44.5876 33.2455,…"
241,Army of Cyrus II,-539.3,-539.2,2950.0,TRANSIENT,,(Persian Empire),196,240,13,2026-08-16,Persian Empire,"POLYGON ((44.4233 33.0783, 44.365 33.055, 44.32 33.0317, 44.…"
242,Army of Cyrus II,-536.7,-536.6,3549.6,TRANSIENT,,(Persian Empire),196,240,13,2026-08-16,Persian Empire,"POLYGON ((58.75 27.175, 58.8583 27.2083, 59.0042 27.2833, 59…"
243,Army of Cyrus II,-536.6,-536.5,12571.5,TRANSIENT,,(Persian Empire),196,240,13,2026-08-16,Persian Empire,"POLYGON ((60.5708 27.275, 60.7125 27.1917, 60.8333 27.0833, …"
244,Army of Cyrus II,-535.6,-535.5,8681.0,TRANSIENT,,(Persian Empire),196,240,13,2026-08-16,Persian Empire,"MULTIPOLYGON (((69.0051 34.1899, 69.0351 34.2649, 69.0618 34…"
245,Army of Cyrus II,-534.7,-534.6,4363.9,TRANSIENT,,(Persian Empire),196,240,13,2026-08-16,Persian Empire,"POLYGON ((62.425 39.9792, 62.5 39.8417, 62.6125 39.7167, 62.…"
246,Army of Cyrus II,-534.6,-534.5,8092.5,TRANSIENT,,(Persian Empire),196,240,13,2026-08-16,Persian Empire,"POLYGON ((62.5 39.8417, 62.6125 39.7167, 62.8 39.6208, 62.87…"
247,Army of Cyrus II,-533.7,-533.5,4660.6,TRANSIENT,,(Persian Empire),196,240,13,2026-08-16,Persian Empire,"POLYGON ((70.263 37.7412, 70.3505 37.7328, 70.4755 37.6995, …"
248,Army of Cyrus II,-532.7,-532.6,4563.8,TRANSIENT,,(Persian Empire),196,240,13,2026-08-16,Persian Empire,"POLYGON ((69.9736 40.2138, 70.1069 40.2555, 70.2361 40.2888,…"
249,Army of Cyrus II,-532.6,-532.5,7672.3,TRANSIENT,,(Persian Empire),196,240,13,2026-08-16,Persian Empire,"POLYGON ((70.1069 40.2555, 70.2361 40.2888, 70.3569 40.3305,…"
250,Army of Cyrus II,-531.7,-531.6,2844.4,TRANSIENT,,(Persian Empire),196,240,13,2026-08-16,Persian Empire,"POLYGON ((65.4889 25.7428, 65.5639 25.797, 65.6472 25.8928, …"
251,Army of Cyrus II,-531.6,-531.5,6735.4,TRANSIENT,,(Persian Empire),196,240,13,2026-08-16,Persian Empire,"POLYGON ((65.5639 25.797, 65.6472 25.8928, 65.7347 25.997, 6…"
252,Army of Cyrus II,-530.7,-530.5,1944.9,TRANSIENT,,(Persian Empire),196,240,13,2026-08-16,Persian Empire,"POLYGON ((64.2583 39.1333, 64.1333 39.2625, 64.0292 39.3667,…"
253,Army of Darius I,-522.5,-522.3,1686.6,TRANSIENT,,(Persian Empire),196,245,2,2026-08-16,Persian Empire,"POLYGON ((46.7742 33.5825, 46.8325 33.6492, 46.92 33.7158, 4…"
254,Army of Darius I,-522.2,-522.1,777.5,TRANSIENT,,(Persian Empire),196,245,2,2026-08-16,Persian Empire,"POLYGON ((44.4889 33.093, 44.5103 33.0451, 44.5052 32.9666, …"
255,Army of Darius I,-521.7,-521.6,1901.6,TRANSIENT,,(Persian Empire),196,245,2,2026-08-16,Persian Empire,"POLYGON ((47.2792 34.3208, 47.3417 34.3875, 47.4333 34.4583,…"
256,Army of Darius I,-521.6,-521.5,6854.4,TRANSIENT,,(Persian Empire),196,245,2,2026-08-16,Persian Empire,"POLYGON ((48.1658 34.4083, 48.1708 34.2533, 48.1908 34.1583,…"
257,Army of Darius I,-521.5,-521.3,5828.7,TRANSIENT,,(Persian Empire),196,245,2,2026-08-16,Persian Empire,"POLYGON ((50.1658 31.1433, 50.3808 31.0483, 50.5558 30.9833,…"
258,Army of Darius I,-520.7,-520.6,4195.1,TRANSIENT,,(Persian Empire),196,245,2,2026-08-16,Persian Empire,"POLYGON ((54.1838 39.7388, 54.2004 39.8679, 54.1921 40, 54.1…"
259,Army of Darius I,-520.6,-520.4,9037.6,TRANSIENT,,(Persian Empire),196,245,2,2026-08-16,Persian Empire,"POLYGON ((54.1838 39.7388, 54.2004 39.8679, 54.1921 40, 54.1…"
260,Army of Darius I,-520.4,-520.3,4195.1,TRANSIENT,,(Persian Empire),196,245,2,2026-08-16,Persian Empire,"POLYGON ((54.1838 39.7388, 54.2004 39.8679, 54.1921 40, 54.1…"
261,Army of Darius I,-519.7,-519.6,2758.2,TRANSIENT,,(Persian Empire),196,245,2,2026-08-16,Persian Empire,"POLYGON ((60.4828 41.8096, 60.5578 41.8846, 60.6161 41.9763,…"
262,Army of Darius I,-519.6,-519.4,5831.4,TRANSIENT,,(Persian Empire),196,245,2,2026-08-16,Persian Empire,"POLYGON ((60.5578 41.8846, 60.6161 41.9763, 60.6786 42.0721,…"
263,Army of Darius I,-519.4,-519.3,2758.2,TRANSIENT,,(Persian Empire),196,245,2,2026-08-16,Persian Empire,"POLYGON ((60.4828 41.8096, 60.5578 41.8846, 60.6161 41.9763,…"
264,Army of Darius I,-518.6,-518.5,2840.8,TRANSIENT,,(Persian Empire),196,245,2,2026-08-16,Persian Empire,"POLYGON ((70.075 34.6625, 70.1833 34.6625, 70.3542 34.6208, …"
265,Army of Darius I,-516.6,-516.4,9004.5,TRANSIENT,,(Persian Empire),196,245,2,2026-08-16,Persian Empire,"POLYGON ((70.1917 33.1292, 70.275 33.05, 70.4708 33.0083, 70…"
266,Army of Darius I,-515.7,-515.6,6294.1,TRANSIENT,,(Persian Empire),196,245,2,2026-08-16,Persian Empire,"POLYGON ((69.8583 28.6917, 69.7875 28.6042, 69.6917 28.4958,…"
267,Army of Darius I,-515.6,-515.4,9861.1,TRANSIENT,,(Persian Empire),196,245,2,2026-08-16,Persian Empire,"POLYGON ((68.1333 27.325, 68.0542 27.2083, 67.975 27.1042, 6…"
268,Army of Darius I,-515.4,-515.3,6294.1,TRANSIENT,,(Persian Empire),196,245,2,2026-08-16,Persian Empire,"POLYGON ((69.8583 28.6917, 69.7875 28.6042, 69.6917 28.4958,…"
269,Army of Darius I,-514.8,-514.7,7475.2,TRANSIENT,,(Persian Empire),196,245,2,2026-08-16,Persian Empire,"POLYGON ((49.1105 39.8513, 49.148 39.6888, 49.148 39.5263, 4…"
270,Army of Darius I,-514.7,-514.6,15532.7,TRANSIENT,,(Persian Empire),196,245,2,2026-08-16,Persian Empire,"POLYGON ((49.148 39.6888, 49.148 39.5263, 49.0855 39.4179, 4…"
271,Army of Darius I,-514.6,-514.5,23754.6,TRANSIENT,,(Persian Empire),196,245,2,2026-08-16,Persian Empire,"POLYGON ((49.148 39.6888, 49.148 39.5263, 49.0855 39.4179, 4…"
272,Army of Darius I,-514.5,-514.4,16407.4,TRANSIENT,,(Persian Empire),196,245,2,2026-08-16,Persian Empire,"POLYGON ((41.9772 42.0638, 41.9605 42.0346, 41.9355 41.9971,…"
273,Army of Darius I,-514.4,-514.3,8302.7,TRANSIENT,,(Persian Empire),196,245,2,2026-08-16,Persian Empire,"POLYGON ((41.9772 42.0638, 41.9605 42.0346, 41.9355 41.9971,…"
274,Army of Darius I,-513.5,-513.4,875.6,TRANSIENT,,(Persian Empire),196,245,2,2026-08-16,Persian Empire,"POLYGON ((29.0592 41.1025, 29.0308 41.13, 28.9683 41.1658, 2…"
275,Army of Darius I,-513.4,-513.3,12288.0,TRANSIENT,,(Persian Empire),196,245,2,2026-08-16,Persian Empire,"POLYGON ((28.7225 41.3075, 28.7792 41.2975, 28.825 41.275, 2…"
276,Army of Darius I,-513.3,-513.2,23840.5,TRANSIENT,,(Persian Empire),196,245,2,2026-08-16,Persian Empire,"POLYGON ((28.825 41.275, 28.8867 41.24, 28.93 41.2042, 28.96…"
277,Army of Darius I,-513.2,-513.1,19516.2,TRANSIENT,,(Persian Empire),196,245,2,2026-08-16,Persian Empire,"MULTIPOLYGON (((28.7792 41.2975, 28.825 41.275, 28.8867 41.2…"
278,Army of Darius I,-513.1,-513.0,22821.4,TRANSIENT,,(Persian Empire),196,245,2,2026-08-16,Persian Empire,"POLYGON ((28.825 41.275, 28.8867 41.24, 28.93 41.2042, 28.96…"
279,Army of Darius I,-513.0,-512.9,13891.1,TRANSIENT,,(Persian Empire),196,245,2,2026-08-16,Persian Empire,"POLYGON ((29.015 41.0525, 28.9925 41.0367, 28.9617 41.0142, …"
280,Army of Darius III,-333.2,-333.0,1469.4,TRANSIENT,,(Persian Empire),196,254,0,2026-08-16,Persian Empire,"POLYGON ((37.1097 36.5448, 37.0062 36.5945, 36.9214 36.6359,…"
281,Army of Darius III,-331.5,-331.1,694.4,TRANSIENT,,(Persian Empire),196,254,0,2026-08-16,Persian Empire,"POLYGON ((43.5083 36.7228, 43.4152 36.6917, 43.379 36.5883, …"
282,Army of Datames,-375.6,-375.3,3905.0,TRANSIENT,,(Persian Empire),196,252,15,2026-08-16,Persian Empire,"POLYGON ((33.725 40.25, 33.6708 40.3917, 33.6208 40.5458, 33…"
283,Army of Daurises,-497.7,-497.5,695.1,TRANSIENT,,(Persian Empire),196,246,4,2026-08-16,Persian Empire,"POLYGON ((26.3767 39.9725, 26.3417 39.9325, 26.2617 39.8992,…"
284,Army of Daurises,-497.5,-497.4,240.5,TRANSIENT,,(Persian Empire),196,246,4,2026-08-16,Persian Empire,"POLYGON ((28.0233 38.0712, 28.025 38.0412, 28.025 37.9962, 2…"
285,Army of Daurises,-497.4,-496.8,801.6,TRANSIENT,,(Persian Empire),196,246,4,2026-08-16,Persian Empire,"POLYGON ((27.96 37.7896, 27.9283 37.7796, 27.87 37.7646, 27.…"
286,Army of Daurises,-496.8,-496.7,1074.7,TRANSIENT,,(Persian Empire),196,246,4,2026-08-16,Persian Empire,"POLYGON ((27.6192 37.3933, 27.6675 37.3533, 27.7242 37.3083,…"
287,Army of Gobryas,-520.6,-520.4,5225.8,TRANSIENT,,(Persian Empire),196,245,5,2026-08-16,Persian Empire,"POLYGON ((45.9335 32.5889, 46.0731 32.5889, 46.1869 32.5371,…"
288,Army of Gorbryus,-539.3,-539.2,777.5,TRANSIENT,,(Persian Empire),196,242,1,2026-08-16,Persian Empire,"POLYGON ((44.4889 33.093, 44.5103 33.0451, 44.5052 32.9666, …"
289,Army of Harpagus,-546.4,-545.7,1927.4,TRANSIENT,,(Persian Empire),196,241,5,2026-08-16,Persian Empire,"POLYGON ((27.975 38.575, 27.8625 38.5708, 27.7625 38.5167, 2…"
290,Army of Harpagus,-545.7,-545.5,3994.8,TRANSIENT,,(Persian Empire),196,241,5,2026-08-16,Persian Empire,"MULTIPOLYGON (((29.2367 37.4558, 29.2908 37.3808, 29.3408 37…"
291,Army of Harpagus,-545.5,-544.6,1927.4,TRANSIENT,,(Persian Empire),196,241,5,2026-08-16,Persian Empire,"POLYGON ((27.975 38.575, 27.8625 38.5708, 27.7625 38.5167, 2…"
292,Army of Harpagus,-544.6,-544.5,2960.2,TRANSIENT,,(Persian Empire),196,241,5,2026-08-16,Persian Empire,"POLYGON ((27.3108 38.0525, 27.3525 38.0325, 27.3858 38.0092,…"
293,Army of Harpagus,-543.6,-543.5,1147.1,TRANSIENT,,(Persian Empire),196,241,5,2026-08-16,Persian Empire,"POLYGON ((28.394 37.1818, 28.3475 37.2385, 28.2595 37.3039, …"
294,Army of Harpagus,-542.7,-542.5,3220.4,TRANSIENT,,(Persian Empire),196,241,5,2026-08-16,Persian Empire,"POLYGON ((26.9793 39.6166, 26.8876 39.6458, 26.7459 39.6458,…"
295,Army of Harpagus,-541.7,-541.5,2376.0,TRANSIENT,,(Persian Empire),196,241,5,2026-08-16,Persian Empire,"POLYGON ((30.025 37.5708, 30.0958 37.6208, 30.1875 37.6792, …"
296,Army of Hymaees,-497.7,-497.5,103.3,TRANSIENT,,(Persian Empire),196,250,13,2026-08-16,Persian Empire,"POLYGON ((27.7933 40.2875, 27.8167 40.3225, 27.8433 40.3458,…"
297,Army of Hystaspes,-521.5,-521.4,3389.5,TRANSIENT,,(Persian Empire),196,245,4,2026-08-16,Persian Empire,"POLYGON ((51.8458 35.5083, 51.9833 35.4917, 52.1042 35.4542,…"
298,Army of Hystaspes,-521.4,-521.3,8039.8,TRANSIENT,,(Persian Empire),196,245,4,2026-08-16,Persian Empire,"POLYGON ((51.9833 35.4917, 52.1042 35.4542, 52.2125 35.4167,…"
299,Army of Hystaspes,-521.3,-521.2,3389.5,TRANSIENT,,(Persian Empire),196,245,4,2026-08-16,Persian Empire,"POLYGON ((51.8458 35.5083, 51.9833 35.4917, 52.1042 35.4542,…"
300,Army of Mardonius,-492.4,-492.3,1632.2,TRANSIENT,,(Persian Empire),196,251,4,2026-08-16,Persian Empire,"POLYGON ((26.8726 40.6414, 26.8459 40.6747, 26.8009 40.7114,…"
301,Army of Mardonius,-492.3,-492.2,3122.0,TRANSIENT,,(Persian Empire),196,251,4,2026-08-16,Persian Empire,"POLYGON ((23.9511 40.7683, 23.9044 40.7772, 23.8889 40.8039,…"
302,Army of Mardonius,-492.2,-492.1,4291.2,TRANSIENT,,(Persian Empire),196,251,4,2026-08-16,Persian Empire,"POLYGON ((23.9044 40.7772, 23.892372156456894 40.79791893049…"
303,Army of Mardonius,-480.1,-479.7,1505.4,TRANSIENT,,(Persian Empire),196,251,4,2026-08-16,Persian Empire,"POLYGON ((22.4304 39.6569, 22.4954 39.6086, 22.5587 39.5619,…"
304,Army of Mardonius,-479.7,-479.6,3581.8,TRANSIENT,,(Persian Empire),196,251,4,2026-08-16,Persian Empire,"POLYGON ((22.5642 38.8233, 22.6108 38.81, 22.6675 38.795, 22…"
305,Army of Mardonius,-479.6,-479.4,3170.9,TRANSIENT,,(Persian Empire),196,251,4,2026-08-16,Persian Empire,"POLYGON ((22.5642 38.8233, 22.6108 38.81, 22.6675 38.795, 22…"
306,Army of Megabazus,-512.9,-512.8,13891.1,TRANSIENT,,(Persian Empire),196,245,15,2026-08-16,Persian Empire,"POLYGON ((29.015 41.0525, 28.9925 41.0367, 28.9617 41.0142, …"
307,Army of Megabazus,-512.8,-512.7,14845.7,TRANSIENT,,(Persian Empire),196,245,15,2026-08-16,Persian Empire,"POLYGON ((28.4417 41.0417, 28.3583 41.0708, 28.2542 41.0833,…"
308,Army of Megabazus,-512.7,-512.6,17119.3,TRANSIENT,,(Persian Empire),196,245,15,2026-08-16,Persian Empire,"POLYGON ((23.9044 40.7772, 23.8889 40.8039, 23.9067 40.8528,…"
309,Army of Megabazus,-512.6,-512.5,21981.1,TRANSIENT,,(Persian Empire),196,245,15,2026-08-16,Persian Empire,"POLYGON ((23.8889 40.8039, 23.9067 40.8528, 23.9422 40.8706,…"
310,Army of Megabazus,-511.6,-511.5,1819.9,TRANSIENT,,(Persian Empire),196,245,15,2026-08-16,Persian Empire,"POLYGON ((23.3808 41.1376, 23.2766 41.0835, 23.1641 41.0001,…"
311,Army of Megabyxus,-456.5,-456.4,2073.7,TRANSIENT,,(Persian Empire),196,252,6,2026-08-16,Persian Empire,"POLYGON ((31.4458 29.9583, 31.4283 29.9108, 31.3633 29.8783,…"
312,Army of Megabyxus,-456.4,-454.5,2707.4,TRANSIENT,,(Persian Empire),196,252,6,2026-08-16,Persian Empire,"POLYGON ((31.3533 30, 31.3733 30.0533, 31.3808 30.1158, 31.3…"
313,Army of Megabyxus,-454.5,-454.2,3113.4,TRANSIENT,,(Persian Empire),196,252,6,2026-08-16,Persian Empire,"POLYGON ((31.3533 30, 31.3733 30.0533, 31.3808 30.1158, 31.3…"
314,Army of Megabyzus,-482.2,-482.0,1843.8,TRANSIENT,,(Persian Empire),196,251,8,2026-08-16,Persian Empire,"POLYGON ((44.9052 32.5189, 44.7914 32.5145, 44.6879 32.5058,…"
315,Army of Memnon,-336.2,-336.0,107.4,TRANSIENT,,(Persian Empire),196,253,13,2026-08-16,Persian Empire,"POLYGON ((27.6239 37.858, 27.5773 37.8673, 27.5432 37.8776, …"
316,Army of Memnon,-335.6,-335.4,1538.7,TRANSIENT,,(Persian Empire),196,253,13,2026-08-16,Persian Empire,"POLYGON ((28.4552 38.8532, 28.3724 38.8619, 28.2845 38.875, …"
317,Army of Memnon,-335.4,-334.7,1330.9,TRANSIENT,,(Persian Empire),196,253,13,2026-08-16,Persian Empire,"POLYGON ((27.8645 39.97, 27.802 39.9125, 27.7345 39.84, 27.6…"
318,Army of Otanes and Artaphernes,-497.7,-497.5,1214.6,TRANSIENT,,(Persian Empire),196,250,14,2026-08-16,Persian Empire,"POLYGON ((27.4225 38.8592, 27.3875 38.8458, 27.3042 38.8175,…"
319,Army of Pharnabazus,-372.6,-372.5,3188.8,TRANSIENT,,(Persian Empire),196,253,1,2026-08-16,Persian Empire,"POLYGON ((30.1 39.6917, 30.1042 39.6208, 30.1042 39.5208, 30…"
320,Army of Struthas,-391.6,-391.4,282.4,TRANSIENT,,(Persian Empire),196,252,13,2026-08-16,Persian Empire,"POLYGON ((28.1867 37.9025, 28.1333 37.8908, 28.055 37.8775, …"
321,Army of Tissaphernes,-409.5,-409.3,506.7,TRANSIENT,,(Persian Empire),196,252,8,2026-08-16,Persian Empire,"POLYGON ((27.6408 38.2058, 27.5858 38.1742, 27.5158 38.1375,…"
322,Army of Xerxes,-485.6,-485.5,3806.2,TRANSIENT,,(Persian Empire),196,251,7,2026-08-16,Persian Empire,"POLYGON ((31.3103 29.9448, 31.3103 29.8362, 31.3103 29.681, …"
323,Army of Xerxes,-485.5,-485.4,5224.2,TRANSIENT,,(Persian Empire),196,251,7,2026-08-16,Persian Empire,"POLYGON ((31.0607 29.0297, 30.9883 28.9206, 30.9159 28.8422,…"
324,Army of Xerxes,-485.4,-484.8,13141.8,TRANSIENT,,(Persian Empire),196,251,7,2026-08-16,Persian Empire,"POLYGON ((30.8399 28.3096, 30.8772 28.1681, 30.9293 28.034, …"
325,Army of Xerxes,-484.8,-484.7,5224.2,TRANSIENT,,(Persian Empire),196,251,7,2026-08-16,Persian Empire,"POLYGON ((31.0607 29.0297, 30.9883 28.9206, 30.9159 28.8422,…"
326,Army of Xerxes,-484.7,-484.6,3806.2,TRANSIENT,,(Persian Empire),196,251,7,2026-08-16,Persian Empire,"POLYGON ((31.3103 29.9448, 31.3103 29.8362, 31.3103 29.681, …"
327,Army of Xerxes,-480.2,-480.1,1947.5,TRANSIENT,,(Persian Empire),196,251,7,2026-08-16,Persian Empire,"POLYGON ((23.5717 38.0667, 23.5 38.0617, 23.4433 38.04, 23.3…"
328,Assyria,-527.5,-498.5,9272.7,POLITY,,(Persian Empire),196,249,0,2026-08-16,Persian Empire,"POLYGON ((33.01564 34.60536, 33.01936 34.59636, 33.02425 34.…"
329,Assyria,-498.5,-497.3,672.8,POLITY,,(Persian Empire),196,249,3,2026-08-16,Persian Empire,"POLYGON ((33.01836 34.63842, 33.02133 34.64864, 33.028 34.65…"
330,Assyria,-497.3,-497.2,8067.7,POLITY,,(Persian Empire),196,249,0,2026-08-16,Persian Empire,"POLYGON ((33.01564 34.60536, 33.01936 34.59636, 33.02425 34.…"
331,Assyria,-497.2,-478.6,9272.7,POLITY,,(Persian Empire),196,249,0,2026-08-16,Persian Empire,"POLYGON ((33.01564 34.60536, 33.01936 34.59636, 33.02425 34.…"
332,Assyria,-478.6,-477.5,672.8,POLITY,,(Persian Empire),196,249,3,2026-08-16,Persian Empire,"POLYGON ((33.01836 34.63842, 33.02133 34.64864, 33.028 34.65…"
333,Assyria,-477.5,-435.7,9272.7,POLITY,,(Persian Empire),196,249,0,2026-08-16,Persian Empire,"POLYGON ((33.01564 34.60536, 33.01936 34.59636, 33.02425 34.…"
334,Assyria,-435.7,-435.3,7661.0,POLITY,,(Persian Empire),196,249,0,2026-08-16,Persian Empire,"POLYGON ((33.01514 34.63478, 33.01367 34.62459, 33.01447 34.…"
335,Assyria,-435.3,-411.2,9272.7,POLITY,,(Persian Empire),196,249,0,2026-08-16,Persian Empire,"POLYGON ((33.01564 34.60536, 33.01936 34.59636, 33.02425 34.…"
336,Assyria,-411.2,-393.5,7661.0,POLITY,,(Persian Empire),196,249,0,2026-08-16,Persian Empire,"POLYGON ((33.01514 34.63478, 33.01367 34.62459, 33.01447 34.…"
337,Assyria,-393.5,-392.5,5780.0,POLITY,,(Persian Empire),196,249,0,2026-08-16,Persian Empire,"POLYGON ((33.01514 34.63478, 33.01367 34.62459, 33.01447 34.…"
338,Assyria,-392.5,-387.6,3331.0,POLITY,,(Persian Empire),196,249,3,2026-08-16,Persian Empire,"MULTIPOLYGON (((33.41364 34.7485, 33.39492 34.74383, 33.3754…"
339,Assyria,-387.6,-387.4,2658.2,POLITY,,(Persian Empire),196,249,4,2026-08-16,Persian Empire,"MULTIPOLYGON (((33.8642 34.995, 33.8792 34.98, 33.8917 34.96…"
340,Assyria,-387.4,-381.5,1453.2,POLITY,,(Persian Empire),196,249,4,2026-08-16,Persian Empire,"POLYGON ((33.8642 34.995, 33.8792 34.98, 33.8917 34.9608, 33…"
341,Assyria,-381.5,-381.4,3331.0,POLITY,,(Persian Empire),196,249,3,2026-08-16,Persian Empire,"MULTIPOLYGON (((33.41364 34.7485, 33.39492 34.74383, 33.3754…"
342,Assyria,-381.4,-381.3,5780.0,POLITY,,(Persian Empire),196,249,0,2026-08-16,Persian Empire,"POLYGON ((33.01514 34.63478, 33.01367 34.62459, 33.01447 34.…"
343,Assyria,-381.3,-380.5,7661.0,POLITY,,(Persian Empire),196,249,0,2026-08-16,Persian Empire,"POLYGON ((33.01514 34.63478, 33.01367 34.62459, 33.01447 34.…"
344,Assyria,-380.5,-346.5,9272.7,POLITY,,(Persian Empire),196,249,0,2026-08-16,Persian Empire,"POLYGON ((33.01564 34.60536, 33.01936 34.59636, 33.02425 34.…"
345,Assyria,-344.5,-332.5,9272.7,POLITY,,(Persian Empire),196,249,0,2026-08-16,Persian Empire,"POLYGON ((33.01564 34.60536, 33.01936 34.59636, 33.02425 34.…"
346,Cypriot Kingdoms,-527.5,-498.5,9272.7,POLITY,,(Assyria),196,249,0,2026-08-16,Persian Empire,"POLYGON ((33.01564 34.60536, 33.01936 34.59636, 33.02425 34.…"
347,Cypriot Kingdoms,-498.5,-497.3,672.8,POLITY,,(Assyria),196,249,3,2026-08-16,Persian Empire,"POLYGON ((33.01836 34.63842, 33.02133 34.64864, 33.028 34.65…"
348,Cypriot Kingdoms,-497.3,-497.2,8067.7,POLITY,,(Assyria),196,249,0,2026-08-16,Persian Empire,"POLYGON ((33.01564 34.60536, 33.01936 34.59636, 33.02425 34.…"
349,Cypriot Kingdoms,-497.2,-478.6,9272.7,POLITY,,(Assyria),196,249,0,2026-08-16,Persian Empire,"POLYGON ((33.01564 34.60536, 33.01936 34.59636, 33.02425 34.…"
350,Cypriot Kingdoms,-478.6,-477.5,672.8,POLITY,,(Assyria),196,249,3,2026-08-16,Persian Empire,"POLYGON ((33.01836 34.63842, 33.02133 34.64864, 33.028 34.65…"
351,Cypriot Kingdoms,-477.5,-435.7,9272.7,POLITY,,(Assyria),196,249,0,2026-08-16,Persian Empire,"POLYGON ((33.01564 34.60536, 33.01936 34.59636, 33.02425 34.…"
352,Cypriot Kingdoms,-435.7,-435.3,7661.0,POLITY,,(Assyria),196,249,0,2026-08-16,Persian Empire,"POLYGON ((33.01514 34.63478, 33.01367 34.62459, 33.01447 34.…"
353,Cypriot Kingdoms,-435.3,-411.2,9272.7,POLITY,,(Assyria),196,249,0,2026-08-16,Persian Empire,"POLYGON ((33.01564 34.60536, 33.01936 34.59636, 33.02425 34.…"
354,Cypriot Kingdoms,-411.2,-393.5,7661.0,POLITY,,(Assyria),196,249,0,2026-08-16,Persian Empire,"POLYGON ((33.01514 34.63478, 33.01367 34.62459, 33.01447 34.…"
355,Cypriot Kingdoms,-393.5,-392.5,5780.0,POLITY,,(Assyria),196,249,0,2026-08-16,Persian Empire,"POLYGON ((33.01514 34.63478, 33.01367 34.62459, 33.01447 34.…"
356,Cypriot Kingdoms,-392.5,-387.6,3331.0,POLITY,,(Assyria),196,249,3,2026-08-16,Persian Empire,"MULTIPOLYGON (((33.41364 34.7485, 33.39492 34.74383, 33.3754…"
357,Cypriot Kingdoms,-387.6,-387.4,2658.2,POLITY,,(Assyria),196,249,4,2026-08-16,Persian Empire,"MULTIPOLYGON (((33.8642 34.995, 33.8792 34.98, 33.8917 34.96…"
358,Cypriot Kingdoms,-387.4,-381.5,1453.2,POLITY,,(Assyria),196,249,4,2026-08-16,Persian Empire,"POLYGON ((33.8642 34.995, 33.8792 34.98, 33.8917 34.9608, 33…"
359,Cypriot Kingdoms,-381.5,-381.4,3331.0,POLITY,,(Assyria),196,249,3,2026-08-16,Persian Empire,"MULTIPOLYGON (((33.41364 34.7485, 33.39492 34.74383, 33.3754…"
360,Cypriot Kingdoms,-381.4,-381.3,5780.0,POLITY,,(Assyria),196,249,0,2026-08-16,Persian Empire,"POLYGON ((33.01514 34.63478, 33.01367 34.62459, 33.01447 34.…"
361,Cypriot Kingdoms,-381.3,-380.5,7661.0,POLITY,,(Assyria),196,249,0,2026-08-16,Persian Empire,"POLYGON ((33.01514 34.63478, 33.01367 34.62459, 33.01447 34.…"
362,Cypriot Kingdoms,-380.5,-346.5,9272.7,POLITY,,(Assyria),196,249,0,2026-08-16,Persian Empire,"POLYGON ((33.01564 34.60536, 33.01936 34.59636, 33.02425 34.…"
363,Cypriot Kingdoms,-344.5,-332.5,9272.7,POLITY,,(Assyria),196,249,0,2026-08-16,Persian Empire,"POLYGON ((33.01564 34.60536, 33.01936 34.59636, 33.02425 34.…"
364,Amathous,-527.5,-387.6,672.8,POLITY,,(Cypriot Kingdoms),196,249,3,2026-08-16,Persian Empire,"POLYGON ((33.01836 34.63842, 33.02133 34.64864, 33.028 34.65…"
365,Amathous,-381.5,-346.5,672.8,POLITY,,(Cypriot Kingdoms),196,249,3,2026-08-16,Persian Empire,"POLYGON ((33.01836 34.63842, 33.02133 34.64864, 33.028 34.65…"
366,Amathous,-344.5,-332.5,672.8,POLITY,,(Cypriot Kingdoms),196,249,3,2026-08-16,Persian Empire,"POLYGON ((33.01836 34.63842, 33.02133 34.64864, 33.028 34.65…"
367,Chyt(h)roi,-527.5,-498.5,564.0,POLITY,,(Cypriot Kingdoms),196,249,11,2026-08-16,Persian Empire,"POLYGON ((33.71403 35.38417, 33.70178 35.37444, 33.68273 35.…"
368,Chyt(h)roi,-497.3,-478.6,564.0,POLITY,,(Cypriot Kingdoms),196,249,11,2026-08-16,Persian Empire,"POLYGON ((33.71403 35.38417, 33.70178 35.37444, 33.68273 35.…"
369,Chyt(h)roi,-477.5,-393.5,564.0,POLITY,,(Cypriot Kingdoms),196,249,11,2026-08-16,Persian Empire,"POLYGON ((33.71403 35.38417, 33.70178 35.37444, 33.68273 35.…"
370,Chyt(h)roi,-381.3,-346.5,564.0,POLITY,,(Cypriot Kingdoms),196,249,11,2026-08-16,Persian Empire,"POLYGON ((33.71403 35.38417, 33.70178 35.37444, 33.68273 35.…"
371,Chyt(h)roi,-344.5,-332.5,564.0,POLITY,,(Cypriot Kingdoms),196,249,11,2026-08-16,Persian Empire,"POLYGON ((33.71403 35.38417, 33.70178 35.37444, 33.68273 35.…"
372,Idalion,-527.5,-498.5,674.5,POLITY,,(Cypriot Kingdoms),196,249,8,2026-08-16,Persian Empire,"POLYGON ((33.5475 34.9767, 33.5283 34.955, 33.51 34.9317, 33…"
373,Idalion,-497.3,-478.6,674.5,POLITY,,(Cypriot Kingdoms),196,249,8,2026-08-16,Persian Empire,"POLYGON ((33.5475 34.9767, 33.5283 34.955, 33.51 34.9317, 33…"
374,Idalion,-477.5,-470.5,674.5,POLITY,,(Cypriot Kingdoms),196,249,8,2026-08-16,Persian Empire,"POLYGON ((33.5475 34.9767, 33.5283 34.955, 33.51 34.9317, 33…"
375,Kition,-527.5,-498.5,778.7,POLITY,,(Cypriot Kingdoms),196,249,4,2026-08-16,Persian Empire,"POLYGON ((33.8642 34.995, 33.8792 34.98, 33.8917 34.9608, 33…"
376,Kition,-497.3,-478.6,778.7,POLITY,,(Cypriot Kingdoms),196,249,4,2026-08-16,Persian Empire,"POLYGON ((33.8642 34.995, 33.8792 34.98, 33.8917 34.9608, 33…"
377,Kition,-477.5,-470.5,778.7,POLITY,,(Cypriot Kingdoms),196,249,4,2026-08-16,Persian Empire,"POLYGON ((33.8642 34.995, 33.8792 34.98, 33.8917 34.9608, 33…"
378,Kition,-470.5,-350.5,1453.2,POLITY,,(Cypriot Kingdoms),196,249,4,2026-08-16,Persian Empire,"POLYGON ((33.8642 34.995, 33.8792 34.98, 33.8917 34.9608, 33…"
379,Kition,-350.5,-346.5,2012.9,POLITY,,(Cypriot Kingdoms),196,249,4,2026-08-16,Persian Empire,"POLYGON ((33.8642 34.995, 33.8792 34.98, 33.8917 34.9608, 33…"
380,Kition,-344.5,-332.5,2012.9,POLITY,,(Cypriot Kingdoms),196,249,4,2026-08-16,Persian Empire,"POLYGON ((33.8642 34.995, 33.8792 34.98, 33.8917 34.9608, 33…"
381,Kourion,-527.5,-498.5,634.6,POLITY,,(Cypriot Kingdoms),196,249,2,2026-08-16,Persian Empire,"POLYGON ((32.76483 34.65417, 32.76711 34.65708, 32.77545 34.…"
382,Kourion,-497.3,-478.6,634.6,POLITY,,(Cypriot Kingdoms),196,249,2,2026-08-16,Persian Empire,"POLYGON ((32.76483 34.65417, 32.76711 34.65708, 32.77545 34.…"
383,Kourion,-477.5,-392.5,634.6,POLITY,,(Cypriot Kingdoms),196,249,2,2026-08-16,Persian Empire,"POLYGON ((32.76483 34.65417, 32.76711 34.65708, 32.77545 34.…"
384,Kourion,-381.4,-346.5,634.6,POLITY,,(Cypriot Kingdoms),196,249,2,2026-08-16,Persian Empire,"POLYGON ((32.76483 34.65417, 32.76711 34.65708, 32.77545 34.…"
385,Kourion,-344.5,-332.5,634.6,POLITY,,(Cypriot Kingdoms),196,249,2,2026-08-16,Persian Empire,"POLYGON ((32.76483 34.65417, 32.76711 34.65708, 32.77545 34.…"
386,Lapethos,-527.5,-498.5,481.6,POLITY,,(Cypriot Kingdoms),196,249,9,2026-08-16,Persian Empire,"POLYGON ((32.94603 35.31564, 32.94353 35.33736, 32.94014 35.…"
387,Lapethos,-497.3,-478.6,481.6,POLITY,,(Cypriot Kingdoms),196,249,9,2026-08-16,Persian Empire,"POLYGON ((32.94603 35.31564, 32.94353 35.33736, 32.94014 35.…"
388,Lapethos,-477.5,-393.5,481.6,POLITY,,(Cypriot Kingdoms),196,249,9,2026-08-16,Persian Empire,"POLYGON ((32.94603 35.31564, 32.94353 35.33736, 32.94014 35.…"
389,Lapethos,-381.3,-346.5,481.6,POLITY,,(Cypriot Kingdoms),196,249,9,2026-08-16,Persian Empire,"POLYGON ((32.94603 35.31564, 32.94353 35.33736, 32.94014 35.…"
390,Lapethos,-344.5,-332.5,481.6,POLITY,,(Cypriot Kingdoms),196,249,9,2026-08-16,Persian Empire,"POLYGON ((32.94603 35.31564, 32.94353 35.33736, 32.94014 35.…"
391,Ledrai,-527.5,-498.5,275.8,POLITY,,(Cypriot Kingdoms),196,249,10,2026-08-16,Persian Empire,"POLYGON ((33.36753 35.3307, 33.3658 35.3242, 33.3592 35.315,…"
392,Ledrai,-497.3,-478.6,275.8,POLITY,,(Cypriot Kingdoms),196,249,10,2026-08-16,Persian Empire,"POLYGON ((33.36753 35.3307, 33.3658 35.3242, 33.3592 35.315,…"
393,Ledrai,-477.5,-393.5,275.8,POLITY,,(Cypriot Kingdoms),196,249,10,2026-08-16,Persian Empire,"POLYGON ((33.36753 35.3307, 33.3658 35.3242, 33.3592 35.315,…"
394,Ledrai,-381.3,-346.5,275.8,POLITY,,(Cypriot Kingdoms),196,249,10,2026-08-16,Persian Empire,"POLYGON ((33.36753 35.3307, 33.3658 35.3242, 33.3592 35.315,…"
395,Ledrai,-344.5,-332.5,275.8,POLITY,,(Cypriot Kingdoms),196,249,10,2026-08-16,Persian Empire,"POLYGON ((33.36753 35.3307, 33.3658 35.3242, 33.3592 35.315,…"
396,Marion,-527.5,-498.5,734.7,POLITY,,(Cypriot Kingdoms),196,249,0,2026-08-16,Persian Empire,"POLYGON ((32.6725 34.9917, 32.6583 34.9808, 32.6367 34.9717,…"
397,Marion,-497.3,-478.6,734.7,POLITY,,(Cypriot Kingdoms),196,249,0,2026-08-16,Persian Empire,"POLYGON ((32.6725 34.9917, 32.6583 34.9808, 32.6367 34.9717,…"
398,Marion,-477.5,-392.5,734.7,POLITY,,(Cypriot Kingdoms),196,249,0,2026-08-16,Persian Empire,"POLYGON ((32.6725 34.9917, 32.6583 34.9808, 32.6367 34.9717,…"
399,Marion,-381.4,-346.5,734.7,POLITY,,(Cypriot Kingdoms),196,249,0,2026-08-16,Persian Empire,"POLYGON ((32.6725 34.9917, 32.6583 34.9808, 32.6367 34.9717,…"
400,Marion,-344.5,-332.5,734.7,POLITY,,(Cypriot Kingdoms),196,249,0,2026-08-16,Persian Empire,"POLYGON ((32.6725 34.9917, 32.6583 34.9808, 32.6367 34.9717,…"
401,Paphos,-527.5,-498.5,1079.7,POLITY,,(Cypriot Kingdoms),196,249,1,2026-08-16,Persian Empire,"POLYGON ((32.38098 34.84575, 32.38683 34.84322, 32.39145 34.…"
402,Paphos,-497.3,-478.6,1079.7,POLITY,,(Cypriot Kingdoms),196,249,1,2026-08-16,Persian Empire,"POLYGON ((32.38098 34.84575, 32.38683 34.84322, 32.39145 34.…"
403,Paphos,-477.5,-392.5,1079.7,POLITY,,(Cypriot Kingdoms),196,249,1,2026-08-16,Persian Empire,"POLYGON ((32.38098 34.84575, 32.38683 34.84322, 32.39145 34.…"
404,Paphos,-381.4,-346.5,1079.7,POLITY,,(Cypriot Kingdoms),196,249,1,2026-08-16,Persian Empire,"POLYGON ((32.38098 34.84575, 32.38683 34.84322, 32.39145 34.…"
405,Paphos,-344.5,-332.5,1079.7,POLITY,,(Cypriot Kingdoms),196,249,1,2026-08-16,Persian Empire,"POLYGON ((32.38098 34.84575, 32.38683 34.84322, 32.39145 34.…"
406,Salamis,-527.5,-498.5,1611.6,POLITY,,(Cypriot Kingdoms),196,249,5,2026-08-16,Persian Empire,"POLYGON ((34.08872 34.98633, 34.08056 34.97867, 34.08914 34.…"
407,Salamis,-497.3,-478.6,1611.6,POLITY,,(Cypriot Kingdoms),196,249,5,2026-08-16,Persian Empire,"POLYGON ((34.08872 34.98633, 34.08056 34.97867, 34.08914 34.…"
408,Salamis,-477.5,-435.7,1611.6,POLITY,,(Cypriot Kingdoms),196,249,5,2026-08-16,Persian Empire,"POLYGON ((34.08872 34.98633, 34.08056 34.97867, 34.08914 34.…"
409,Salamis,-435.3,-411.2,1611.6,POLITY,,(Cypriot Kingdoms),196,249,5,2026-08-16,Persian Empire,"POLYGON ((34.08872 34.98633, 34.08056 34.97867, 34.08914 34.…"
410,Salamis,-380.5,-346.5,1611.6,POLITY,,(Cypriot Kingdoms),196,249,5,2026-08-16,Persian Empire,"POLYGON ((34.08872 34.98633, 34.08056 34.97867, 34.08914 34.…"
411,Salamis,-344.5,-332.5,1611.6,POLITY,,(Cypriot Kingdoms),196,249,5,2026-08-16,Persian Empire,"POLYGON ((34.08872 34.98633, 34.08056 34.97867, 34.08914 34.…"
412,Soloi,-527.5,-498.5,1204.9,POLITY,,(Cypriot Kingdoms),196,249,6,2026-08-16,Persian Empire,"POLYGON ((33.0875 34.9833, 33.0767 34.9692, 33.065 34.9533, …"
413,Soloi,-497.2,-478.6,1204.9,POLITY,,(Cypriot Kingdoms),196,249,6,2026-08-16,Persian Empire,"POLYGON ((33.0875 34.9833, 33.0767 34.9692, 33.065 34.9533, …"
414,Soloi,-477.5,-387.4,1204.9,POLITY,,(Cypriot Kingdoms),196,249,6,2026-08-16,Persian Empire,"POLYGON ((33.0875 34.9833, 33.0767 34.9692, 33.065 34.9533, …"
415,Soloi,-381.5,-346.5,1204.9,POLITY,,(Cypriot Kingdoms),196,249,6,2026-08-16,Persian Empire,"POLYGON ((33.0875 34.9833, 33.0767 34.9692, 33.065 34.9533, …"
416,Soloi,-344.5,-332.5,1204.9,POLITY,,(Cypriot Kingdoms),196,249,6,2026-08-16,Persian Empire,"POLYGON ((33.0875 34.9833, 33.0767 34.9692, 33.065 34.9533, …"
417,Tamassos,-527.5,-498.5,559.7,POLITY,,(Cypriot Kingdoms),196,249,7,2026-08-16,Persian Empire,"POLYGON ((33.3167 34.9917, 33.3083 34.9833, 33.2908 34.975, …"
418,Tamassos,-497.3,-478.6,559.7,POLITY,,(Cypriot Kingdoms),196,249,7,2026-08-16,Persian Empire,"POLYGON ((33.3167 34.9917, 33.3083 34.9833, 33.2908 34.975, …"
419,Tamassos,-477.5,-393.5,559.7,POLITY,,(Cypriot Kingdoms),196,249,7,2026-08-16,Persian Empire,"POLYGON ((33.3167 34.9917, 33.3083 34.9833, 33.2908 34.975, …"
420,Tamassos,-381.3,-350.5,559.7,POLITY,,(Cypriot Kingdoms),196,249,7,2026-08-16,Persian Empire,"POLYGON ((33.3167 34.9917, 33.3083 34.9833, 33.2908 34.975, …"
421,Babylonia,-539.2,-525.5,560340.5,POLITY,,(Persian Empire),196,242,8,2026-08-16,Persian Empire,"MULTIPOLYGON (((34.7721 31.0047, 34.7162 31.0326, 34.6541 31…"
422,Babylonia,-525.5,-522.3,569112.5,POLITY,,(Persian Empire),196,242,8,2026-08-16,Persian Empire,"MULTIPOLYGON (((34.519 31.032, 34.4466 30.9884, 34.3638 30.9…"
423,Babylonia,-522.3,-522.1,482852.7,POLITY,,(Persian Empire),196,242,4,2026-08-16,Persian Empire,"MULTIPOLYGON (((34.519 31.032, 34.4466 30.9884, 34.3638 30.9…"
424,Babylonia,-522.1,-521.3,524078.0,POLITY,,(Persian Empire),196,242,8,2026-08-16,Persian Empire,"MULTIPOLYGON (((34.519 31.032, 34.4466 30.9884, 34.3638 30.9…"
425,Babylonia,-521.3,-521.1,482852.7,POLITY,,(Persian Empire),196,242,4,2026-08-16,Persian Empire,"MULTIPOLYGON (((34.519 31.032, 34.4466 30.9884, 34.3638 30.9…"
426,Babylonia,-521.1,-484.3,569112.5,POLITY,,(Persian Empire),196,242,8,2026-08-16,Persian Empire,"MULTIPOLYGON (((34.519 31.032, 34.4466 30.9884, 34.3638 30.9…"
427,Babylonia,-484.3,-484.1,482852.7,POLITY,,(Persian Empire),196,242,4,2026-08-16,Persian Empire,"MULTIPOLYGON (((34.519 31.032, 34.4466 30.9884, 34.3638 30.9…"
428,Babylonia,-484.1,-482.3,569112.5,POLITY,,(Persian Empire),196,242,8,2026-08-16,Persian Empire,"MULTIPOLYGON (((34.519 31.032, 34.4466 30.9884, 34.3638 30.9…"
429,Babylonia,-482.3,-482.1,482852.7,POLITY,,(Persian Empire),196,242,4,2026-08-16,Persian Empire,"MULTIPOLYGON (((34.519 31.032, 34.4466 30.9884, 34.3638 30.9…"
430,Babylonia,-482.1,-333.3,569112.5,POLITY,,(Persian Empire),196,242,8,2026-08-16,Persian Empire,"MULTIPOLYGON (((34.519 31.032, 34.4466 30.9884, 34.3638 30.9…"
431,Babylonia,-333.3,-331.3,533101.4,POLITY,,(Persian Empire),196,242,8,2026-08-16,Persian Empire,"MULTIPOLYGON (((34.519 31.032, 34.4466 30.9884, 34.3638 30.9…"
432,Babylonia,-331.3,-331.1,400364.1,POLITY,,(Persian Empire),196,242,8,2026-08-16,Persian Empire,"POLYGON ((44.9293 31.2808, 44.8517 31.2852, 44.769 31.2852, …"
433,Babylonia,-331.1,-331.0,190786.0,POLITY,,(Persian Empire),196,242,8,2026-08-16,Persian Empire,"POLYGON ((48.0344 29.653, 47.9552 29.6655, 47.8386 29.6363, …"
434,Assyria,-539.2,-525.5,369554.5,POLITY,,(Babylonia),196,242,4,2026-08-16,Persian Empire,"MULTIPOLYGON (((34.8259 30.9959, 34.7721 31.0047, 34.7162 31…"
435,Assyria,-525.5,-333.3,378326.5,POLITY,,(Babylonia),196,242,4,2026-08-16,Persian Empire,"MULTIPOLYGON (((34.519 31.032, 34.4466 30.9884, 34.3638 30.9…"
436,Assyria,-333.3,-331.3,342315.4,POLITY,,(Babylonia),196,242,4,2026-08-16,Persian Empire,"MULTIPOLYGON (((34.5703 31.0552, 34.519 31.032, 34.4466 30.9…"
437,Assyria,-331.3,-331.1,209578.1,POLITY,,(Babylonia),196,242,5,2026-08-16,Persian Empire,"POLYGON ((43.56422 34.9832, 43.55395 34.97506, 43.52586 34.9…"
438,Assyria,-539.2,-331.1,209578.1,POLITY,,(Assyria),196,242,5,2026-08-16,Persian Empire,"POLYGON ((43.56422 34.9832, 43.55395 34.97506, 43.52586 34.9…"
439,Kilikia,-539.2,-333.3,36011.1,POLITY,,(Assyria),196,242,3,2026-08-16,Persian Empire,"MULTIPOLYGON (((33.76206 36.18334, 33.77017 36.18919, 33.772…"
440,Pityussa,-539.2,-333.3,3.3,POLITY,,(Kilikia),196,242,3,2026-08-16,Persian Empire,"POLYGON ((33.76339 36.17581, 33.78197 36.18164, 33.78506 36.…"
441,Syria,-539.2,-525.5,123965.3,POLITY,,(Assyria),196,242,4,2026-08-16,Persian Empire,"POLYGON ((34.9397 30.9785, 34.8817 30.9837, 34.8259 30.9959,…"
442,Syria,-525.5,-331.3,132737.3,POLITY,,(Assyria),196,242,4,2026-08-16,Persian Empire,"MULTIPOLYGON (((32.8802 31.10697, 32.8845 31.10545, 32.88892…"
443,Babylonia,-539.2,-522.3,190786.0,POLITY,,(Babylonia),196,242,8,2026-08-16,Persian Empire,"POLYGON ((48.0344 29.653, 47.9552 29.6655, 47.8386 29.6363, …"
444,Babylonia,-522.3,-522.1,104526.2,POLITY,,(Babylonia),196,242,6,2026-08-16,Persian Empire,"POLYGON ((46.0067 34.96, 45.9842 34.955, 45.9892 34.9375, 46…"
445,Babylonia,-522.1,-521.3,145751.5,POLITY,,(Babylonia),196,242,8,2026-08-16,Persian Empire,"POLYGON ((48.1094 29.6196, 48.0344 29.653, 47.9552 29.6655, …"
446,Babylonia,-521.3,-521.1,104526.2,POLITY,,(Babylonia),196,242,6,2026-08-16,Persian Empire,"POLYGON ((46.0067 34.96, 45.9842 34.955, 45.9892 34.9375, 46…"
447,Babylonia,-521.1,-484.3,190786.0,POLITY,,(Babylonia),196,242,8,2026-08-16,Persian Empire,"POLYGON ((48.0344 29.653, 47.9552 29.6655, 47.8386 29.6363, …"
448,Babylonia,-484.3,-484.1,104526.2,POLITY,,(Babylonia),196,242,6,2026-08-16,Persian Empire,"POLYGON ((46.0067 34.96, 45.9842 34.955, 45.9892 34.9375, 46…"
449,Babylonia,-484.1,-482.3,190786.0,POLITY,,(Babylonia),196,242,8,2026-08-16,Persian Empire,"POLYGON ((48.0344 29.653, 47.9552 29.6655, 47.8386 29.6363, …"
450,Babylonia,-482.3,-482.1,104526.2,POLITY,,(Babylonia),196,242,6,2026-08-16,Persian Empire,"POLYGON ((46.0067 34.96, 45.9842 34.955, 45.9892 34.9375, 46…"
451,Babylonia,-482.1,-331.0,190786.0,POLITY,,(Babylonia),196,242,8,2026-08-16,Persian Empire,"POLYGON ((48.0344 29.653, 47.9552 29.6655, 47.8386 29.6363, …"
452,Arbelitis,-539.2,-522.1,45034.5,POLITY,,(Babylonia),196,242,6,2026-08-16,Persian Empire,"POLYGON ((44.38236 34.991, 44.37981 34.98389, 44.36859 34.97…"
453,Arbelitis,-521.3,-331.0,45034.5,POLITY,,(Babylonia),196,242,6,2026-08-16,Persian Empire,"POLYGON ((44.38236 34.991, 44.37981 34.98389, 44.36859 34.97…"
454,Babylonia,-539.2,-522.3,86259.8,POLITY,,(Babylonia),196,242,8,2026-08-16,Persian Empire,"POLYGON ((48.1552 29.5821, 48.1094 29.6196, 48.0344 29.653, …"
455,Babylonia,-522.1,-521.3,86259.8,POLITY,,(Babylonia),196,242,8,2026-08-16,Persian Empire,"POLYGON ((48.1552 29.5821, 48.1094 29.6196, 48.0344 29.653, …"
456,Babylonia,-521.1,-484.3,86259.8,POLITY,,(Babylonia),196,242,8,2026-08-16,Persian Empire,"POLYGON ((48.1552 29.5821, 48.1094 29.6196, 48.0344 29.653, …"
457,Babylonia,-484.1,-482.3,86259.8,POLITY,,(Babylonia),196,242,8,2026-08-16,Persian Empire,"POLYGON ((48.1552 29.5821, 48.1094 29.6196, 48.0344 29.653, …"
458,Babylonia,-482.1,-331.0,86259.8,POLITY,,(Babylonia),196,242,8,2026-08-16,Persian Empire,"POLYGON ((48.1552 29.5821, 48.1094 29.6196, 48.0344 29.653, …"
459,Sittakene,-539.2,-331.0,59491.7,POLITY,,(Babylonia),196,242,7,2026-08-16,Persian Empire,"POLYGON ((46.0067 34.96, 45.9842 34.955, 45.9892 34.9375, 46…"
460,Bactrian Army,-522.0,-521.8,4085.3,TRANSIENT,,(Persian Empire),196,245,3,2026-08-16,Persian Empire,"POLYGON ((65.0508 38.015, 65.1008 37.9567, 65.1883 37.8567, …"
461,Baktriane,-545.5,-542.5,417998.3,POLITY,,(Persian Empire),196,241,10,2026-08-16,Persian Empire,"POLYGON ((64.8931 34.075, 64.7556 34.0375, 64.714 34.0125, 6…"
462,Baktriane,-542.5,-535.5,429708.5,POLITY,,(Persian Empire),196,241,10,2026-08-16,Persian Empire,"MULTIPOLYGON (((64.8931 34.075, 64.7556 34.0375, 64.714 34.0…"
463,Baktriane,-535.5,-533.5,631452.5,POLITY,,(Persian Empire),196,241,10,2026-08-16,Persian Empire,"POLYGON ((64.7556 34.0375, 64.714 34.0125, 64.6056 34, 64.50…"
464,Baktriane,-533.5,-532.5,652978.2,POLITY,,(Persian Empire),196,241,10,2026-08-16,Persian Empire,"POLYGON ((64.7556 34.0375, 64.714 34.0125, 64.6056 34, 64.50…"
465,Baktriane,-532.5,-522.1,840818.7,POLITY,,(Persian Empire),196,241,10,2026-08-16,Persian Empire,"POLYGON ((66.564 34.375, 66.5306 34.4083, 66.4681 34.4167, 6…"
466,Baktriane,-522.1,-521.9,667918.1,POLITY,,(Persian Empire),196,241,10,2026-08-16,Persian Empire,"POLYGON ((61.7348 34.8542, 61.8015 34.8292, 61.8973 34.8083,…"
467,Baktriane,-521.9,-520.5,840818.7,POLITY,,(Persian Empire),196,241,10,2026-08-16,Persian Empire,"POLYGON ((66.564 34.375, 66.5306 34.4083, 66.4681 34.4167, 6…"
468,Baktriane,-520.5,-519.5,1181137.4,POLITY,,(Persian Empire),196,241,10,2026-08-16,Persian Empire,"MULTIPOLYGON (((64.7556 34.0375, 64.714 34.0125, 64.6056 34,…"
469,Baktriane,-519.5,-518.5,1501791.1,POLITY,,(Persian Empire),196,241,10,2026-08-16,Persian Empire,"MULTIPOLYGON (((59.7175 32.8983, 59.6675 32.9583, 59.5725 33…"
470,Baktriane,-518.5,-517.5,1531814.6,POLITY,,(Persian Empire),196,241,10,2026-08-16,Persian Empire,"MULTIPOLYGON (((59.7175 32.8983, 59.6675 32.9583, 59.5725 33…"
471,Baktriane,-517.5,-516.5,1546827.5,POLITY,,(Persian Empire),196,241,10,2026-08-16,Persian Empire,"MULTIPOLYGON (((59.7175 32.8983, 59.6675 32.9583, 59.5725 33…"
472,Baktriane,-516.5,-464.6,1555292.8,POLITY,,(Persian Empire),196,241,10,2026-08-16,Persian Empire,"MULTIPOLYGON (((59.7175 32.8983, 59.6675 32.9583, 59.5725 33…"
473,Baktriane,-464.6,-463.5,1444677.4,POLITY,,(Persian Empire),196,241,10,2026-08-16,Persian Empire,"MULTIPOLYGON (((59.7175 32.8983, 59.6675 32.9583, 59.5725 33…"
474,Baktriane,-463.5,-337.5,1555292.8,POLITY,,(Persian Empire),196,241,10,2026-08-16,Persian Empire,"MULTIPOLYGON (((59.7175 32.8983, 59.6675 32.9583, 59.5725 33…"
475,Baktriane,-337.5,-330.4,1524959.0,POLITY,,(Persian Empire),196,241,10,2026-08-16,Persian Empire,"MULTIPOLYGON (((59.7175 32.8983, 59.6675 32.9583, 59.5725 33…"
476,Baktriane,-330.4,-330.3,1390476.6,POLITY,,(Persian Empire),196,241,9,2026-08-16,Persian Empire,"MULTIPOLYGON (((64.7056 34.5625, 64.664 34.5125, 64.5473 34.…"
477,Baktriane,-330.3,-330.2,1524959.0,POLITY,,(Persian Empire),196,241,10,2026-08-16,Persian Empire,"MULTIPOLYGON (((59.7175 32.8983, 59.6675 32.9583, 59.5725 33…"
478,Baktriane,-330.2,-329.5,1390476.6,POLITY,,(Persian Empire),196,241,9,2026-08-16,Persian Empire,"MULTIPOLYGON (((64.7056 34.5625, 64.664 34.5125, 64.5473 34.…"
479,Amyrgioi,-532.5,-329.5,187840.4,POLITY,,(Baktriane),196,243,0,2026-08-16,Persian Empire,"POLYGON ((73.6561 39.9671, 73.6111 39.9346, 73.5661 39.8996,…"
480,Areia,-545.5,-330.4,134482.4,POLITY,,(Baktriane),196,241,10,2026-08-16,Persian Empire,"POLYGON ((61.5973 34.9542, 61.6556 34.9125, 61.7348 34.8542,…"
481,Areia,-330.3,-330.2,134482.4,POLITY,,(Baktriane),196,241,10,2026-08-16,Persian Empire,"POLYGON ((61.5973 34.9542, 61.6556 34.9125, 61.7348 34.8542,…"
482,Baktriane,-545.5,-522.1,283515.9,POLITY,,(Baktriane),196,241,9,2026-08-16,Persian Empire,"POLYGON ((68.2233 34.9575, 68.2217 34.9058, 68.21 34.8175, 6…"
483,Baktriane,-522.1,-521.9,110615.4,POLITY,,(Baktriane),196,241,8,2026-08-16,Persian Empire,"POLYGON ((68.2233 34.9575, 68.2217 34.9058, 68.21 34.8175, 6…"
484,Baktriane,-521.9,-464.6,283515.9,POLITY,,(Baktriane),196,241,9,2026-08-16,Persian Empire,"POLYGON ((68.2233 34.9575, 68.2217 34.9058, 68.21 34.8175, 6…"
485,Baktriane,-464.6,-463.5,172900.5,POLITY,,(Baktriane),196,241,9,2026-08-16,Persian Empire,"POLYGON ((64.7723 34.7167, 64.7306 34.6542, 64.7056 34.5625,…"
486,Baktriane,-463.5,-329.5,283515.9,POLITY,,(Baktriane),196,241,9,2026-08-16,Persian Empire,"POLYGON ((68.2233 34.9575, 68.2217 34.9058, 68.21 34.8175, 6…"
487,Baktriane,-545.5,-464.6,110615.4,POLITY,,(Baktriane),196,241,8,2026-08-16,Persian Empire,"POLYGON ((68.2233 34.9575, 68.2217 34.9058, 68.21 34.8175, 6…"
488,Baktriane,-463.5,-329.5,110615.4,POLITY,,(Baktriane),196,241,8,2026-08-16,Persian Empire,"POLYGON ((68.2233 34.9575, 68.2217 34.9058, 68.21 34.8175, 6…"
489,Margiana,-545.5,-522.1,172900.5,POLITY,,(Baktriane),196,241,9,2026-08-16,Persian Empire,"POLYGON ((64.7723 34.7167, 64.7306 34.6542, 64.7056 34.5625,…"
490,Margiana,-521.9,-329.5,172900.5,POLITY,,(Baktriane),196,241,9,2026-08-16,Persian Empire,"POLYGON ((64.7723 34.7167, 64.7306 34.6542, 64.7056 34.5625,…"
491,Daoi,-520.5,-329.5,340318.7,POLITY,,(Baktriane),196,245,7,2026-08-16,Persian Empire,"MULTIPOLYGON (((54.97956 39.53475, 54.9695 39.51734, 54.9677…"
492,Gandara,-542.5,-535.5,11710.2,POLITY,,(Baktriane),196,241,15,2026-08-16,Persian Empire,"POLYGON ((68.791 35, 68.7599 34.958, 68.7289 34.8908, 68.682…"
493,Gandara,-535.5,-533.5,23997.5,POLITY,,(Baktriane),196,241,15,2026-08-16,Persian Empire,"POLYGON ((69.8981 33.7509, 69.8099 33.8214, 69.7128 33.8567,…"
494,Gandara,-533.5,-518.5,23997.4,POLITY,,(Baktriane),196,241,15,2026-08-16,Persian Empire,"POLYGON ((69.8981 33.7509, 69.8099 33.8214, 69.7128 33.8567,…"
495,Gandara,-518.5,-517.5,54020.9,POLITY,,(Baktriane),196,241,15,2026-08-16,Persian Empire,"POLYGON ((71.43151 32.81358, 71.40459 32.76717, 71.3935 32.7…"
496,Gandara,-517.5,-516.5,69033.7,POLITY,,(Baktriane),196,241,15,2026-08-16,Persian Empire,"POLYGON ((72.9344 34.2909, 72.9521 34.2777, 73.005 34.2335, …"
497,Gandara,-516.5,-337.5,77499.0,POLITY,,(Baktriane),196,241,15,2026-08-16,Persian Empire,"POLYGON ((72.90591 34.99011, 72.90591 34.98253, 72.89836 34.…"
498,Gandara,-337.5,-329.5,47165.3,POLITY,,(Baktriane),196,241,15,2026-08-16,Persian Empire,"POLYGON ((71.4682 34.9518, 71.4082 34.9301, 71.3606 34.9177,…"
499,Gandara,-518.5,-517.5,30023.5,POLITY,,(Gandara),196,242,15,2026-08-16,Persian Empire,"POLYGON ((71.43211 32.82459, 71.43151 32.81358, 71.40459 32.…"
500,Gandara,-517.5,-516.5,45036.4,POLITY,,(Gandara),196,242,15,2026-08-16,Persian Empire,"POLYGON ((72.8594 34.3041, 72.9344 34.2909, 72.9521 34.2777,…"
501,Gandara,-516.5,-337.5,30333.8,POLITY,,(Gandara),196,242,15,2026-08-16,Persian Empire,"POLYGON ((72.90311 34.99758, 72.90591 34.99011, 72.90591 34.…"
502,Paropamisos,-542.5,-535.5,11710.2,POLITY,,(Gandara),196,241,15,2026-08-16,Persian Empire,"POLYGON ((68.791 35, 68.7599 34.958, 68.7289 34.8908, 68.682…"
503,Paropamisos,-535.5,-533.5,23997.5,POLITY,,(Gandara),196,241,15,2026-08-16,Persian Empire,"POLYGON ((69.8981 33.7509, 69.8099 33.8214, 69.7128 33.8567,…"
504,Paropamisos,-533.5,-516.5,23997.4,POLITY,,(Gandara),196,241,15,2026-08-16,Persian Empire,"POLYGON ((69.8981 33.7509, 69.8099 33.8214, 69.7128 33.8567,…"
505,Paropamisos,-516.5,-329.5,47165.3,POLITY,,(Gandara),196,241,15,2026-08-16,Persian Empire,"POLYGON ((71.4682 34.9518, 71.4082 34.9301, 71.3606 34.9177,…"
506,Massagetai,-519.5,-329.5,320653.7,POLITY,,(Baktriane),196,245,6,2026-08-16,Persian Empire,"POLYGON ((64.5818 39.8737, 64.5793 39.7912, 64.5593 39.7012,…"
507,Sogdia,-535.5,-533.5,189456.6,POLITY,,(Baktriane),196,242,12,2026-08-16,Persian Empire,"POLYGON ((69.99741 37.5645, 69.99061 37.5665, 69.97791 37.56…"
508,Sogdia,-533.5,-329.5,210982.5,POLITY,,(Baktriane),196,242,12,2026-08-16,Persian Empire,"POLYGON ((70.79342 38.4405, 70.7937 38.44047, 70.80131 38.43…"
509,Dyrbaioi,-533.5,-329.5,21623.6,POLITY,,(Sogdia),196,242,14,2026-08-16,Persian Empire,"POLYGON ((70.78753 38.44378, 70.78953 38.44267, 70.79342 38.…"
510,Sogdia,-535.5,-329.5,189456.6,POLITY,,(Sogdia),196,242,12,2026-08-16,Persian Empire,"POLYGON ((69.99741 37.5645, 69.99061 37.5665, 69.97791 37.56…"
511,Doriskos,-475.5,-465.5,293.3,POLITY,,(Persian Empire),196,253,7,2026-08-16,Persian Empire,"POLYGON ((26.2632 40.8861, 26.2609 40.8985, 26.257 40.9104, …"
512,Egypt,-525.5,-524.5,654894.7,POLITY,,(Persian Empire),196,246,5,2026-08-16,Persian Empire,"MULTIPOLYGON (((29.6793 25.2645, 29.5552 25.4346, 29.3845 25…"
513,Egypt,-524.5,-523.5,728971.1,POLITY,,(Persian Empire),196,246,5,2026-08-16,Persian Empire,"MULTIPOLYGON (((29.6793 25.2645, 29.5552 25.4346, 29.3845 25…"
514,Egypt,-523.5,-515.5,894646.7,POLITY,,(Persian Empire),196,246,5,2026-08-16,Persian Empire,"MULTIPOLYGON (((29.6793 25.2645, 29.5552 25.4346, 29.3845 25…"
515,Egypt,-515.5,-486.5,1019703.4,POLITY,,(Persian Empire),196,246,5,2026-08-16,Persian Empire,"MULTIPOLYGON (((29.6793 25.2645, 29.5552 25.4346, 29.3845 25…"
516,Egypt,-486.5,-484.9,959554.0,POLITY,,(Persian Empire),196,243,10,2026-08-16,Persian Empire,"POLYGON ((34.9583 20.8792, 34.9042 20.8792, 34.8875 20.9208,…"
517,Egypt,-484.9,-440.5,1019703.4,POLITY,,(Persian Empire),196,246,5,2026-08-16,Persian Empire,"MULTIPOLYGON (((29.6793 25.2645, 29.5552 25.4346, 29.3845 25…"
518,Egypt,-440.5,-404.2,894646.7,POLITY,,(Persian Empire),196,246,5,2026-08-16,Persian Empire,"MULTIPOLYGON (((29.6793 25.2645, 29.5552 25.4346, 29.3845 25…"
519,Egypt,-404.2,-402.5,884321.1,POLITY,,(Persian Empire),196,246,5,2026-08-16,Persian Empire,"MULTIPOLYGON (((30.5259 24.1773, 30.5 24.2645, 30.4845 24.33…"
520,Egypt,-402.5,-400.5,775021.0,POLITY,,(Persian Empire),196,246,5,2026-08-16,Persian Empire,"MULTIPOLYGON (((34.9583 20.8792, 34.9042 20.8792, 34.8875 20…"
521,Egypt,-400.5,-342.6,293136.3,POLITY,,(Persian Empire),196,243,8,2026-08-16,Persian Empire,"POLYGON ((34.995 28.10986, 34.98622 28.10181, 34.96475 28.09…"
522,Egypt,-342.6,-342.5,353345.7,POLITY,,(Persian Empire),196,243,9,2026-08-16,Persian Empire,"MULTIPOLYGON (((31.2831 29.689, 31.2914 29.6785, 31.2986 29.…"
523,Egypt,-342.5,-336.5,654894.7,POLITY,,(Persian Empire),196,246,5,2026-08-16,Persian Empire,"MULTIPOLYGON (((29.6793 25.2645, 29.5552 25.4346, 29.3845 25…"
524,Egypt,-336.5,-335.5,651147.2,POLITY,,(Persian Empire),196,246,5,2026-08-16,Persian Empire,"MULTIPOLYGON (((29.6793 25.2645, 29.5552 25.4346, 29.3845 25…"
525,Egypt,-335.5,-331.6,654894.7,POLITY,,(Persian Empire),196,246,5,2026-08-16,Persian Empire,"MULTIPOLYGON (((29.6793 25.2645, 29.5552 25.4346, 29.3845 25…"
526,Egypt,-331.6,-331.3,293136.3,POLITY,,(Persian Empire),196,243,8,2026-08-16,Persian Empire,"POLYGON ((34.995 28.10986, 34.98622 28.10181, 34.96475 28.09…"
527,Aithiopia,-523.5,-400.5,165675.5,POLITY,,(Egypt),196,245,1,2026-08-16,Persian Empire,"POLYGON ((34.9583 20.8792, 34.9042 20.8792, 34.8875 20.9208,…"
528,Arabia,-525.5,-331.3,293136.3,POLITY,,(Egypt),196,243,8,2026-08-16,Persian Empire,"POLYGON ((34.995 28.10986, 34.98622 28.10181, 34.96475 28.09…"
529,Egypt,-525.5,-486.5,361758.5,POLITY,,(Egypt),196,246,5,2026-08-16,Persian Empire,"MULTIPOLYGON (((29.6793 25.2645, 29.5552 25.4346, 29.3845 25…"
530,Egypt,-486.5,-484.9,301609.1,POLITY,,(Egypt),196,243,10,2026-08-16,Persian Empire,"MULTIPOLYGON (((29.5552 25.4346, 29.3845 25.5523, 29.2293 25…"
531,Egypt,-484.9,-404.2,361758.5,POLITY,,(Egypt),196,246,5,2026-08-16,Persian Empire,"MULTIPOLYGON (((29.6793 25.2645, 29.5552 25.4346, 29.3845 25…"
532,Egypt,-404.2,-402.5,351432.9,POLITY,,(Egypt),196,246,5,2026-08-16,Persian Empire,"MULTIPOLYGON (((32.6517 24.0552, 32.5793 24.0465, 32.4965 24…"
533,Egypt,-402.5,-400.5,316209.2,POLITY,,(Egypt),196,246,5,2026-08-16,Persian Empire,"POLYGON ((29.7879 25.2122, 29.6793 25.2645, 29.5552 25.4346,…"
534,Egypt,-342.6,-342.5,60209.5,POLITY,,(Egypt),196,243,9,2026-08-16,Persian Empire,"MULTIPOLYGON (((31.2831 29.689, 31.2914 29.6785, 31.2986 29.…"
535,Egypt,-342.5,-336.5,361758.5,POLITY,,(Egypt),196,246,5,2026-08-16,Persian Empire,"MULTIPOLYGON (((29.6793 25.2645, 29.5552 25.4346, 29.3845 25…"
536,Egypt,-336.5,-335.5,358011.0,POLITY,,(Egypt),196,246,5,2026-08-16,Persian Empire,"MULTIPOLYGON (((29.6793 25.2645, 29.5552 25.4346, 29.3845 25…"
537,Egypt,-335.5,-331.6,361758.5,POLITY,,(Egypt),196,246,5,2026-08-16,Persian Empire,"MULTIPOLYGON (((29.6793 25.2645, 29.5552 25.4346, 29.3845 25…"
538,Egypt,-525.5,-486.5,60209.5,POLITY,,(Egypt),196,243,9,2026-08-16,Persian Empire,"MULTIPOLYGON (((31.2831 29.689, 31.2914 29.6785, 31.2986 29.…"
539,Egypt,-486.5,-484.9,35286.3,POLITY,,(Egypt),196,243,9,2026-08-16,Persian Empire,"MULTIPOLYGON (((31.0779 29.9704, 31.0772 29.9674, 31.0676 29…"
540,Egypt,-484.9,-404.2,60209.5,POLITY,,(Egypt),196,243,9,2026-08-16,Persian Empire,"MULTIPOLYGON (((31.2831 29.689, 31.2914 29.6785, 31.2986 29.…"
541,Egypt,-404.2,-402.5,49883.9,POLITY,,(Egypt),196,243,9,2026-08-16,Persian Empire,"MULTIPOLYGON (((31.2831 29.689, 31.2914 29.6785, 31.2986 29.…"
542,Egypt,-402.5,-400.5,951.8,POLITY,,(Egypt),196,247,12,2026-08-16,Persian Empire,"POLYGON ((31.2369 29.9613, 31.2452 29.9544, 31.2534 29.9483,…"
543,Egypt,-342.6,-342.5,60209.5,POLITY,,(Egypt),196,243,9,2026-08-16,Persian Empire,"MULTIPOLYGON (((31.2831 29.689, 31.2914 29.6785, 31.2986 29.…"
544,Egypt,-342.5,-336.5,127480.7,POLITY,,(Egypt),196,243,9,2026-08-16,Persian Empire,"MULTIPOLYGON (((29.3845 25.5523, 29.2293 25.7224, 29.0897 25…"
545,Egypt,-336.5,-335.5,123733.2,POLITY,,(Egypt),196,243,9,2026-08-16,Persian Empire,"MULTIPOLYGON (((29.3845 25.5523, 29.2293 25.7224, 29.0897 25…"
546,Egypt,-335.5,-331.6,127480.7,POLITY,,(Egypt),196,243,9,2026-08-16,Persian Empire,"MULTIPOLYGON (((29.3845 25.5523, 29.2293 25.7224, 29.0897 25…"
547,Lower Egypt Nome 1 Aneb-Hetch,-525.5,-486.5,951.8,POLITY,,(Egypt),196,247,12,2026-08-16,Persian Empire,"POLYGON ((31.2369 29.9613, 31.2452 29.9544, 31.2534 29.9483,…"
548,Lower Egypt Nome 1 Aneb-Hetch,-484.9,-400.5,951.8,POLITY,,(Egypt),196,247,12,2026-08-16,Persian Empire,"POLYGON ((31.2369 29.9613, 31.2452 29.9544, 31.2534 29.9483,…"
549,Lower Egypt Nome 1 Aneb-Hetch,-342.6,-331.6,951.8,POLITY,,(Egypt),196,247,12,2026-08-16,Persian Empire,"POLYGON ((31.2369 29.9613, 31.2452 29.9544, 31.2534 29.9483,…"
550,Lower Egypt Nome 10 Ka-khem/Ka-qem/Ken-wer,-525.5,-486.5,1079.3,POLITY,,(Egypt),196,248,5,2026-08-16,Persian Empire,"POLYGON ((31.5272 30.6159, 31.522 30.609, 31.5106 30.6002, 3…"
551,Lower Egypt Nome 10 Ka-khem/Ka-qem/Ken-wer,-484.9,-402.5,1079.3,POLITY,,(Egypt),196,248,5,2026-08-16,Persian Empire,"POLYGON ((31.5272 30.6159, 31.522 30.609, 31.5106 30.6002, 3…"
552,Lower Egypt Nome 10 Ka-khem/Ka-qem/Ken-wer,-342.6,-331.6,1079.3,POLITY,,(Egypt),196,248,5,2026-08-16,Persian Empire,"POLYGON ((31.5272 30.6159, 31.522 30.609, 31.5106 30.6002, 3…"
553,Lower Egypt Nome 11 Ka-henseb,-525.5,-486.5,1154.2,POLITY,,(Egypt),196,248,6,2026-08-16,Persian Empire,"POLYGON ((31.5041 30.9375, 31.6772 30.9375, 31.7434 30.8968,…"
554,Lower Egypt Nome 11 Ka-henseb,-484.9,-402.5,1154.2,POLITY,,(Egypt),196,248,6,2026-08-16,Persian Empire,"POLYGON ((31.5041 30.9375, 31.6772 30.9375, 31.7434 30.8968,…"
555,Lower Egypt Nome 11 Ka-henseb,-342.6,-331.6,1154.2,POLITY,,(Egypt),196,248,6,2026-08-16,Persian Empire,"POLYGON ((31.5041 30.9375, 31.6772 30.9375, 31.7434 30.8968,…"
556,Lower Egypt Nome 12 Theb-ka,-525.5,-486.5,1680.1,POLITY,,(Egypt),196,248,7,2026-08-16,Persian Empire,"POLYGON ((31.55467 31.43919, 31.55 31.4349, 31.549 31.4279, …"
557,Lower Egypt Nome 12 Theb-ka,-484.9,-402.5,1680.1,POLITY,,(Egypt),196,248,7,2026-08-16,Persian Empire,"POLYGON ((31.55467 31.43919, 31.55 31.4349, 31.549 31.4279, …"
558,Lower Egypt Nome 12 Theb-ka,-342.6,-331.6,1680.1,POLITY,,(Egypt),196,248,7,2026-08-16,Persian Empire,"POLYGON ((31.55467 31.43919, 31.55 31.4349, 31.549 31.4279, …"
559,Lower Egypt Nome 13 Heq-At,-525.5,-486.5,951.4,POLITY,,(Egypt),196,248,8,2026-08-16,Persian Empire,"POLYGON ((31.349 29.9878, 31.3531 29.9616, 31.3821 29.9442, …"
560,Lower Egypt Nome 13 Heq-At,-484.9,-402.5,951.4,POLITY,,(Egypt),196,248,8,2026-08-16,Persian Empire,"POLYGON ((31.349 29.9878, 31.3531 29.9616, 31.3821 29.9442, …"
561,Lower Egypt Nome 13 Heq-At,-342.6,-331.6,951.4,POLITY,,(Egypt),196,248,8,2026-08-16,Persian Empire,"POLYGON ((31.349 29.9878, 31.3531 29.9616, 31.3821 29.9442, …"
562,Lower Egypt Nome 14 Khenty-abt,-525.5,-486.5,1147.2,POLITY,,(Egypt),196,248,9,2026-08-16,Persian Empire,"POLYGON ((32.49311 31.11581, 32.52639 31.08836, 32.55333 31.…"
563,Lower Egypt Nome 14 Khenty-abt,-484.9,-402.5,1147.2,POLITY,,(Egypt),196,248,9,2026-08-16,Persian Empire,"POLYGON ((32.49311 31.11581, 32.52639 31.08836, 32.55333 31.…"
564,Lower Egypt Nome 14 Khenty-abt,-342.6,-331.6,1147.2,POLITY,,(Egypt),196,248,9,2026-08-16,Persian Empire,"POLYGON ((32.49311 31.11581, 32.52639 31.08836, 32.55333 31.…"
565,Lower Egypt Nome 15 Tehut,-525.5,-486.5,1484.8,POLITY,,(Egypt),196,248,10,2026-08-16,Persian Empire,"MULTIPOLYGON (((32.03492 31.36842, 32.02525 31.3785, 32.0193…"
566,Lower Egypt Nome 15 Tehut,-484.9,-402.5,1484.8,POLITY,,(Egypt),196,248,10,2026-08-16,Persian Empire,"MULTIPOLYGON (((32.03492 31.36842, 32.02525 31.3785, 32.0193…"
567,Lower Egypt Nome 15 Tehut,-342.6,-331.6,1484.8,POLITY,,(Egypt),196,248,10,2026-08-16,Persian Empire,"MULTIPOLYGON (((32.03492 31.36842, 32.02525 31.3785, 32.0193…"
568,Lower Egypt Nome 16 Khaset/Kha,-525.5,-486.5,1062.2,POLITY,,(Egypt),196,248,11,2026-08-16,Persian Empire,"MULTIPOLYGON (((31.93475 31.23364, 31.95411 31.23497, 31.963…"
569,Lower Egypt Nome 16 Khaset/Kha,-484.9,-402.5,1062.2,POLITY,,(Egypt),196,248,11,2026-08-16,Persian Empire,"MULTIPOLYGON (((31.93475 31.23364, 31.95411 31.23497, 31.963…"
570,Lower Egypt Nome 16 Khaset/Kha,-342.6,-331.6,1062.2,POLITY,,(Egypt),196,248,11,2026-08-16,Persian Empire,"MULTIPOLYGON (((31.93475 31.23364, 31.95411 31.23497, 31.963…"
571,Lower Egypt Nome 17 Semabehdet,-525.5,-486.5,720.1,POLITY,,(Egypt),196,248,12,2026-08-16,Persian Empire,"POLYGON ((31.84014 31.51842, 31.8383 31.5115, 31.8311 31.498…"
572,Lower Egypt Nome 17 Semabehdet,-484.9,-402.5,720.1,POLITY,,(Egypt),196,248,12,2026-08-16,Persian Empire,"POLYGON ((31.84014 31.51842, 31.8383 31.5115, 31.8311 31.498…"
573,Lower Egypt Nome 17 Semabehdet,-342.6,-331.6,720.1,POLITY,,(Egypt),196,248,12,2026-08-16,Persian Empire,"POLYGON ((31.84014 31.51842, 31.8383 31.5115, 31.8311 31.498…"
574,Lower Egypt Nome 18 Am-Khent,-525.5,-486.5,352.8,POLITY,,(Egypt),196,248,13,2026-08-16,Persian Empire,"POLYGON ((31.7348 30.6671, 31.7254 30.6619, 31.7141 30.6531,…"
575,Lower Egypt Nome 18 Am-Khent,-484.9,-402.5,352.8,POLITY,,(Egypt),196,248,13,2026-08-16,Persian Empire,"POLYGON ((31.7348 30.6671, 31.7254 30.6619, 31.7141 30.6531,…"
576,Lower Egypt Nome 18 Am-Khent,-342.6,-331.6,352.8,POLITY,,(Egypt),196,248,13,2026-08-16,Persian Empire,"POLYGON ((31.7348 30.6671, 31.7254 30.6619, 31.7141 30.6531,…"
577,Lower Egypt Nome 19 Am-Pehu,-525.5,-486.5,1088.0,POLITY,,(Egypt),196,248,14,2026-08-16,Persian Empire,"MULTIPOLYGON (((32.08008 31.13283, 32.0887 31.13028, 32.0912…"
578,Lower Egypt Nome 19 Am-Pehu,-484.9,-402.5,1088.0,POLITY,,(Egypt),196,248,14,2026-08-16,Persian Empire,"MULTIPOLYGON (((32.08008 31.13283, 32.0887 31.13028, 32.0912…"
579,Lower Egypt Nome 19 Am-Pehu,-342.6,-331.6,1088.0,POLITY,,(Egypt),196,248,14,2026-08-16,Persian Empire,"MULTIPOLYGON (((32.08008 31.13283, 32.0887 31.13028, 32.0912…"
580,Lower Egypt Nome 2 Khensu,-525.5,-486.5,576.2,POLITY,,(Egypt),196,247,13,2026-08-16,Persian Empire,"POLYGON ((31.2141 29.9936, 31.2162 29.984, 31.2183 29.9762, …"
581,Lower Egypt Nome 2 Khensu,-484.9,-402.5,576.2,POLITY,,(Egypt),196,247,13,2026-08-16,Persian Empire,"POLYGON ((31.2141 29.9936, 31.2162 29.984, 31.2183 29.9762, …"
582,Lower Egypt Nome 2 Khensu,-342.6,-331.6,576.2,POLITY,,(Egypt),196,247,13,2026-08-16,Persian Empire,"POLYGON ((31.2141 29.9936, 31.2162 29.984, 31.2183 29.9762, …"
583,Lower Egypt Nome 20 Sopdu,-525.5,-486.5,1351.2,POLITY,,(Egypt),196,248,15,2026-08-16,Persian Empire,"POLYGON ((31.8769 30.9657, 31.8821 30.9579, 31.8883 30.9465,…"
584,Lower Egypt Nome 20 Sopdu,-484.9,-402.5,1351.2,POLITY,,(Egypt),196,248,15,2026-08-16,Persian Empire,"POLYGON ((31.8769 30.9657, 31.8821 30.9579, 31.8883 30.9465,…"
585,Lower Egypt Nome 20 Sopdu,-342.6,-331.6,1351.2,POLITY,,(Egypt),196,248,15,2026-08-16,Persian Empire,"POLYGON ((31.8769 30.9657, 31.8821 30.9579, 31.8883 30.9465,…"
586,Lower Egypt Nome 3 Ahment/Ament,-525.5,-486.5,3513.4,POLITY,,(Egypt),196,247,14,2026-08-16,Persian Empire,"POLYGON ((30.1272 31.2637, 30.1314 31.2358, 30.1355 31.2148,…"
587,Lower Egypt Nome 3 Ahment/Ament,-484.9,-404.2,3513.4,POLITY,,(Egypt),196,247,14,2026-08-16,Persian Empire,"POLYGON ((30.1272 31.2637, 30.1314 31.2358, 30.1355 31.2148,…"
588,Lower Egypt Nome 3 Ahment/Ament,-342.6,-331.6,3513.4,POLITY,,(Egypt),196,247,14,2026-08-16,Persian Empire,"POLYGON ((30.1272 31.2637, 30.1314 31.2358, 30.1355 31.2148,…"
589,Lower Egypt Nome 4 Sap-Res,-525.5,-486.5,1131.0,POLITY,,(Egypt),196,247,15,2026-08-16,Persian Empire,"POLYGON ((30.7852 30.9235, 30.7976 30.9166, 30.8038 30.9044,…"
590,Lower Egypt Nome 4 Sap-Res,-484.9,-404.2,1131.0,POLITY,,(Egypt),196,247,15,2026-08-16,Persian Empire,"POLYGON ((30.7852 30.9235, 30.7976 30.9166, 30.8038 30.9044,…"
591,Lower Egypt Nome 4 Sap-Res,-342.6,-331.6,1131.0,POLITY,,(Egypt),196,247,15,2026-08-16,Persian Empire,"POLYGON ((30.7852 30.9235, 30.7976 30.9166, 30.8038 30.9044,…"
592,Lower Egypt Nome 5 Sap-Meh,-525.5,-486.5,2246.2,POLITY,,(Egypt),196,248,0,2026-08-16,Persian Empire,"MULTIPOLYGON (((30.8723 31.425, 30.8764 31.4154, 30.8785 31.…"
593,Lower Egypt Nome 5 Sap-Meh,-484.9,-404.2,2246.2,POLITY,,(Egypt),196,248,0,2026-08-16,Persian Empire,"MULTIPOLYGON (((30.8723 31.425, 30.8764 31.4154, 30.8785 31.…"
594,Lower Egypt Nome 5 Sap-Meh,-342.6,-336.5,2246.2,POLITY,,(Egypt),196,248,0,2026-08-16,Persian Empire,"MULTIPOLYGON (((30.8723 31.425, 30.8764 31.4154, 30.8785 31.…"
595,Lower Egypt Nome 5 Sap-Meh,-335.5,-331.6,2246.2,POLITY,,(Egypt),196,248,0,2026-08-16,Persian Empire,"MULTIPOLYGON (((30.8723 31.425, 30.8764 31.4154, 30.8785 31.…"
596,Lower Egypt Nome 6 Khaset/Kaset,-525.5,-486.5,1933.7,POLITY,,(Egypt),196,248,1,2026-08-16,Persian Empire,"MULTIPOLYGON (((31.1163 31.4801, 31.1259 31.47, 31.1307 31.4…"
597,Lower Egypt Nome 6 Khaset/Kaset,-484.9,-404.2,1933.7,POLITY,,(Egypt),196,248,1,2026-08-16,Persian Empire,"MULTIPOLYGON (((31.1163 31.4801, 31.1259 31.47, 31.1307 31.4…"
598,Lower Egypt Nome 6 Khaset/Kaset,-342.6,-331.6,1933.7,POLITY,,(Egypt),196,248,1,2026-08-16,Persian Empire,"MULTIPOLYGON (((31.1163 31.4801, 31.1259 31.47, 31.1307 31.4…"
599,Lower Egypt Nome 7 A-ment,-525.5,-486.5,1501.3,POLITY,,(Egypt),196,248,2,2026-08-16,Persian Empire,"POLYGON ((30.39611 31.44228, 30.4133 31.4445, 30.4233 31.437…"
600,Lower Egypt Nome 7 A-ment,-484.9,-404.2,1501.3,POLITY,,(Egypt),196,248,2,2026-08-16,Persian Empire,"POLYGON ((30.39611 31.44228, 30.4133 31.4445, 30.4233 31.437…"
601,Lower Egypt Nome 7 A-ment,-342.6,-336.5,1501.3,POLITY,,(Egypt),196,248,2,2026-08-16,Persian Empire,"POLYGON ((30.39611 31.44228, 30.4133 31.4445, 30.4233 31.437…"
602,Lower Egypt Nome 7 A-ment,-335.5,-331.6,1501.3,POLITY,,(Egypt),196,248,2,2026-08-16,Persian Empire,"POLYGON ((30.39611 31.44228, 30.4133 31.4445, 30.4233 31.437…"
603,Lower Egypt Nome 8 A-bt,-525.5,-486.5,206.8,POLITY,,(Egypt),196,248,3,2026-08-16,Persian Empire,"POLYGON ((31.9351 30.5595, 31.9138 30.5433, 31.8745 30.5259,…"
604,Lower Egypt Nome 8 A-bt,-484.9,-402.5,206.8,POLITY,,(Egypt),196,248,3,2026-08-16,Persian Empire,"POLYGON ((31.9351 30.5595, 31.9138 30.5433, 31.8745 30.5259,…"
605,Lower Egypt Nome 8 A-bt,-342.6,-331.6,206.8,POLITY,,(Egypt),196,248,3,2026-08-16,Persian Empire,"POLYGON ((31.9351 30.5595, 31.9138 30.5433, 31.8745 30.5259,…"
606,Lower Egypt Nome 9 Ati/Andjet,-525.5,-486.5,791.4,POLITY,,(Egypt),196,248,4,2026-08-16,Persian Empire,"POLYGON ((31.2224 30.9721, 31.2286 30.9669, 31.2379 30.9642,…"
607,Lower Egypt Nome 9 Ati/Andjet,-484.9,-402.5,791.4,POLITY,,(Egypt),196,248,4,2026-08-16,Persian Empire,"POLYGON ((31.2224 30.9721, 31.2286 30.9669, 31.2379 30.9642,…"
608,Lower Egypt Nome 9 Ati/Andjet,-342.6,-331.6,791.4,POLITY,,(Egypt),196,248,4,2026-08-16,Persian Empire,"POLYGON ((31.2224 30.9721, 31.2286 30.9669, 31.2379 30.9642,…"
609,Upper Egypt,-525.5,-486.5,315257.4,POLITY,,(Egypt),196,246,5,2026-08-16,Persian Empire,"POLYGON ((29.7879 25.2122, 29.6793 25.2645, 29.5552 25.4346,…"
610,Upper Egypt,-486.5,-484.9,280031.1,POLITY,,(Egypt),196,243,10,2026-08-16,Persian Empire,"MULTIPOLYGON (((33.081 24.1108, 33.0875 24.1455, 33.094 24.1…"
611,Upper Egypt,-484.9,-400.5,315257.4,POLITY,,(Egypt),196,246,5,2026-08-16,Persian Empire,"POLYGON ((29.7879 25.2122, 29.6793 25.2645, 29.5552 25.4346,…"
612,Upper Egypt,-342.5,-331.6,243841.5,POLITY,,(Egypt),196,246,5,2026-08-16,Persian Empire,"POLYGON ((30 30, 31.0814 30, 31.0841 29.993, 31.0779 29.9704…"
613,Upper Egypt Nome 1 Ta Khentit/Ta-Seti,-525.5,-486.5,3199.4,POLITY,,(Upper Egypt),196,246,5,2026-08-16,Persian Empire,"POLYGON ((33.1199 24.7077, 33.1221 24.6675, 33.1243 24.6237,…"
614,Upper Egypt Nome 1 Ta Khentit/Ta-Seti,-484.9,-400.5,3199.4,POLITY,,(Upper Egypt),196,246,5,2026-08-16,Persian Empire,"POLYGON ((33.1199 24.7077, 33.1221 24.6675, 33.1243 24.6237,…"
615,Upper Egypt Nome 1 Ta Khentit/Ta-Seti,-342.5,-331.6,3199.4,POLITY,,(Upper Egypt),196,246,5,2026-08-16,Persian Empire,"POLYGON ((33.1199 24.7077, 33.1221 24.6675, 33.1243 24.6237,…"
616,Upper Egypt Nome 10 Wadkhet/Uatchet,-525.5,-486.5,1390.1,POLITY,,(Upper Egypt),196,246,14,2026-08-16,Persian Empire,"POLYGON ((31.5848 27.1186, 31.6179 27.0924, 31.6407 27.0645,…"
617,Upper Egypt Nome 10 Wadkhet/Uatchet,-484.9,-400.5,1390.1,POLITY,,(Upper Egypt),196,246,14,2026-08-16,Persian Empire,"POLYGON ((31.5848 27.1186, 31.6179 27.0924, 31.6407 27.0645,…"
618,Upper Egypt Nome 10 Wadkhet/Uatchet,-342.5,-331.6,1390.1,POLITY,,(Upper Egypt),196,246,14,2026-08-16,Persian Empire,"POLYGON ((31.5848 27.1186, 31.6179 27.0924, 31.6407 27.0645,…"
619,Upper Egypt Nome 11 Set,-525.5,-486.5,437.0,POLITY,,(Upper Egypt),196,246,15,2026-08-16,Persian Empire,"POLYGON ((31.2034 27.1843, 31.2159 27.1765, 31.2303 27.1738,…"
620,Upper Egypt Nome 11 Set,-484.9,-400.5,437.0,POLITY,,(Upper Egypt),196,246,15,2026-08-16,Persian Empire,"POLYGON ((31.2034 27.1843, 31.2159 27.1765, 31.2303 27.1738,…"
621,Upper Egypt Nome 11 Set,-342.5,-331.6,437.0,POLITY,,(Upper Egypt),196,246,15,2026-08-16,Persian Empire,"POLYGON ((31.2034 27.1843, 31.2159 27.1765, 31.2303 27.1738,…"
622,Upper Egypt Nome 12 Tu-ph/Dw-f,-525.5,-486.5,1128.6,POLITY,,(Upper Egypt),196,247,0,2026-08-16,Persian Empire,"POLYGON ((31.0959 27.4529, 31.131 27.4267, 31.1683 27.4041, …"
623,Upper Egypt Nome 12 Tu-ph/Dw-f,-484.9,-400.5,1128.6,POLITY,,(Upper Egypt),196,247,0,2026-08-16,Persian Empire,"POLYGON ((31.0959 27.4529, 31.131 27.4267, 31.1683 27.4041, …"
624,Upper Egypt Nome 12 Tu-ph/Dw-f,-342.5,-331.6,1128.6,POLITY,,(Upper Egypt),196,247,0,2026-08-16,Persian Empire,"POLYGON ((31.0959 27.4529, 31.131 27.4267, 31.1683 27.4041, …"
625,Upper Egypt Nome 13 Atef-Khent,-525.5,-486.5,584.5,POLITY,,(Upper Egypt),196,247,1,2026-08-16,Persian Empire,"POLYGON ((30.9588 27.3762, 30.9614 27.3744, 30.9717 27.3718,…"
626,Upper Egypt Nome 13 Atef-Khent,-484.9,-400.5,584.5,POLITY,,(Upper Egypt),196,247,1,2026-08-16,Persian Empire,"POLYGON ((30.9588 27.3762, 30.9614 27.3744, 30.9717 27.3718,…"
627,Upper Egypt Nome 13 Atef-Khent,-342.5,-331.6,584.5,POLITY,,(Upper Egypt),196,247,1,2026-08-16,Persian Empire,"POLYGON ((30.9588 27.3762, 30.9614 27.3744, 30.9717 27.3718,…"
628,Upper Egypt Nome 14 Atef-Pehu,-525.5,-486.5,1131.3,POLITY,,(Upper Egypt),196,247,2,2026-08-16,Persian Empire,"POLYGON ((31.0462 27.6238, 31.0379 27.5959, 31.0379 27.561, …"
629,Upper Egypt Nome 14 Atef-Pehu,-484.9,-400.5,1131.3,POLITY,,(Upper Egypt),196,247,2,2026-08-16,Persian Empire,"POLYGON ((31.0462 27.6238, 31.0379 27.5959, 31.0379 27.561, …"
630,Upper Egypt Nome 14 Atef-Pehu,-342.5,-331.6,1131.3,POLITY,,(Upper Egypt),196,247,2,2026-08-16,Persian Empire,"POLYGON ((31.0462 27.6238, 31.0379 27.5959, 31.0379 27.561, …"
631,Upper Egypt Nome 15 Un/Wn,-525.5,-486.5,1261.2,POLITY,,(Upper Egypt),196,247,3,2026-08-16,Persian Empire,"POLYGON ((31.0152 27.8733, 31.0234 27.8471, 31.0462 27.8105,…"
632,Upper Egypt Nome 15 Un/Wn,-484.9,-400.5,1261.2,POLITY,,(Upper Egypt),196,247,3,2026-08-16,Persian Empire,"POLYGON ((31.0152 27.8733, 31.0234 27.8471, 31.0462 27.8105,…"
633,Upper Egypt Nome 15 Un/Wn,-342.5,-331.6,1261.2,POLITY,,(Upper Egypt),196,247,3,2026-08-16,Persian Empire,"POLYGON ((31.0152 27.8733, 31.0234 27.8471, 31.0462 27.8105,…"
634,Upper Egypt Nome 16 Meh-Mahetch,-525.5,-486.5,1571.3,POLITY,,(Upper Egypt),196,247,4,2026-08-16,Persian Empire,"POLYGON ((30.9441 28.2512, 30.9566 28.2163, 30.9669 28.1901,…"
635,Upper Egypt Nome 16 Meh-Mahetch,-484.9,-400.5,1571.3,POLITY,,(Upper Egypt),196,247,4,2026-08-16,Persian Empire,"POLYGON ((30.9441 28.2512, 30.9566 28.2163, 30.9669 28.1901,…"
636,Upper Egypt Nome 16 Meh-Mahetch,-342.5,-331.6,1571.3,POLITY,,(Upper Egypt),196,247,4,2026-08-16,Persian Empire,"POLYGON ((30.9441 28.2512, 30.9566 28.2163, 30.9669 28.1901,…"
637,Upper Egypt Nome 17 Anubis/Anput,-525.5,-486.5,1352.6,POLITY,,(Upper Egypt),196,247,5,2026-08-16,Persian Empire,"POLYGON ((31.0248 28.5215, 31.0331 28.4919, 31.0414 28.4657,…"
638,Upper Egypt Nome 17 Anubis/Anput,-484.9,-400.5,1352.6,POLITY,,(Upper Egypt),196,247,5,2026-08-16,Persian Empire,"POLYGON ((31.0248 28.5215, 31.0331 28.4919, 31.0414 28.4657,…"
639,Upper Egypt Nome 17 Anubis/Anput,-342.5,-331.6,1352.6,POLITY,,(Upper Egypt),196,247,5,2026-08-16,Persian Empire,"POLYGON ((31.0248 28.5215, 31.0331 28.4919, 31.0414 28.4657,…"
640,Upper Egypt Nome 18 Nemty/Sep,-525.5,-486.5,1222.7,POLITY,,(Upper Egypt),196,247,6,2026-08-16,Persian Empire,"POLYGON ((31.3655 29.2064, 31.3448 29.1802, 31.3283 29.1593,…"
641,Upper Egypt Nome 18 Nemty/Sep,-484.9,-400.5,1222.7,POLITY,,(Upper Egypt),196,247,6,2026-08-16,Persian Empire,"POLYGON ((31.3655 29.2064, 31.3448 29.1802, 31.3283 29.1593,…"
642,Upper Egypt Nome 18 Nemty/Sep,-342.5,-331.6,1222.7,POLITY,,(Upper Egypt),196,247,6,2026-08-16,Persian Empire,"POLYGON ((31.3655 29.2064, 31.3448 29.1802, 31.3283 29.1593,…"
643,Upper Egypt Nome 19 Uab/Wab,-525.5,-486.5,1739.6,POLITY,,(Upper Egypt),196,247,7,2026-08-16,Persian Empire,"POLYGON ((31.0456 28.9984, 31.0415 28.987, 31.0415 28.987, 3…"
644,Upper Egypt Nome 19 Uab/Wab,-484.9,-400.5,1739.6,POLITY,,(Upper Egypt),196,247,7,2026-08-16,Persian Empire,"POLYGON ((31.0456 28.9984, 31.0415 28.987, 31.0415 28.987, 3…"
645,Upper Egypt Nome 19 Uab/Wab,-342.5,-331.6,1739.6,POLITY,,(Upper Egypt),196,247,7,2026-08-16,Persian Empire,"POLYGON ((31.0456 28.9984, 31.0415 28.987, 31.0415 28.987, 3…"
646,Upper Egypt Nome 2 Behde/Watjes-Hor,-525.5,-486.5,1701.8,POLITY,,(Upper Egypt),196,246,6,2026-08-16,Persian Empire,"POLYGON ((33.0788 24.987, 33.0745 24.9651, 33.0593 24.9322, …"
647,Upper Egypt Nome 2 Behde/Watjes-Hor,-484.9,-400.5,1701.8,POLITY,,(Upper Egypt),196,246,6,2026-08-16,Persian Empire,"POLYGON ((33.0788 24.987, 33.0745 24.9651, 33.0593 24.9322, …"
648,Upper Egypt Nome 2 Behde/Watjes-Hor,-342.5,-331.6,1701.8,POLITY,,(Upper Egypt),196,246,6,2026-08-16,Persian Empire,"POLYGON ((33.0788 24.987, 33.0745 24.9651, 33.0593 24.9322, …"
649,Upper Egypt Nome 20 Atef-Khent,-525.5,-486.5,1391.5,POLITY,,(Upper Egypt),196,247,8,2026-08-16,Persian Empire,"POLYGON ((31.1957 29.204, 31.1864 29.1952, 31.1864 29.1865, …"
650,Upper Egypt Nome 20 Atef-Khent,-484.9,-400.5,1391.5,POLITY,,(Upper Egypt),196,247,8,2026-08-16,Persian Empire,"POLYGON ((31.1957 29.204, 31.1864 29.1952, 31.1864 29.1865, …"
651,Upper Egypt Nome 20 Atef-Khent,-342.5,-331.6,1391.5,POLITY,,(Upper Egypt),196,247,8,2026-08-16,Persian Empire,"POLYGON ((31.1957 29.204, 31.1864 29.1952, 31.1864 29.1865, …"
652,Upper Egypt Nome 21 Atef-Pehu,-525.5,-486.5,253.6,POLITY,,(Upper Egypt),196,247,9,2026-08-16,Persian Empire,"POLYGON ((31.2291 29.4661, 31.2198 29.4574, 31.2094 29.446, …"
653,Upper Egypt Nome 21 Atef-Pehu,-484.9,-400.5,253.6,POLITY,,(Upper Egypt),196,247,9,2026-08-16,Persian Empire,"POLYGON ((31.2291 29.4661, 31.2198 29.4574, 31.2094 29.446, …"
654,Upper Egypt Nome 21 Atef-Pehu,-342.5,-331.6,253.6,POLITY,,(Upper Egypt),196,247,9,2026-08-16,Persian Empire,"POLYGON ((31.2291 29.4661, 31.2198 29.4574, 31.2094 29.446, …"
655,Upper Egypt Nome 22 Maten,-525.5,-486.5,916.0,POLITY,,(Upper Egypt),196,247,10,2026-08-16,Persian Empire,"POLYGON ((31.409 29.7506, 31.4131 29.7279, 31.4172 29.7087, …"
656,Upper Egypt Nome 22 Maten,-484.9,-400.5,916.0,POLITY,,(Upper Egypt),196,247,10,2026-08-16,Persian Empire,"POLYGON ((31.409 29.7506, 31.4131 29.7279, 31.4172 29.7087, …"
657,Upper Egypt Nome 22 Maten,-342.5,-331.6,916.0,POLITY,,(Upper Egypt),196,247,10,2026-08-16,Persian Empire,"POLYGON ((31.409 29.7506, 31.4131 29.7279, 31.4172 29.7087, …"
658,Upper Egypt Nome 3 Ten,-525.5,-486.5,1869.6,POLITY,,(Upper Egypt),196,246,7,2026-08-16,Persian Empire,"POLYGON ((32.7028 25.4448, 32.7214 25.4116, 32.7379 25.3785,…"
659,Upper Egypt Nome 3 Ten,-484.9,-400.5,1869.6,POLITY,,(Upper Egypt),196,246,7,2026-08-16,Persian Empire,"POLYGON ((32.7028 25.4448, 32.7214 25.4116, 32.7379 25.3785,…"
660,Upper Egypt Nome 3 Ten,-342.5,-331.6,1869.6,POLITY,,(Upper Egypt),196,246,7,2026-08-16,Persian Empire,"POLYGON ((32.7028 25.4448, 32.7214 25.4116, 32.7379 25.3785,…"
661,Upper Egypt Nome 4 Waset/Wast,-525.5,-486.5,2810.4,POLITY,,(Upper Egypt),196,246,8,2026-08-16,Persian Empire,"POLYGON ((32.68 25.4692, 32.2669 25.3145, 32.2669 25.3145, 3…"
662,Upper Egypt Nome 4 Waset/Wast,-484.9,-400.5,2810.4,POLITY,,(Upper Egypt),196,246,8,2026-08-16,Persian Empire,"POLYGON ((32.68 25.4692, 32.2669 25.3145, 32.2669 25.3145, 3…"
663,Upper Egypt Nome 4 Waset/Wast,-342.5,-331.6,2810.4,POLITY,,(Upper Egypt),196,246,8,2026-08-16,Persian Empire,"POLYGON ((32.68 25.4692, 32.2669 25.3145, 32.2669 25.3145, 3…"
664,Upper Egypt Nome 5 Herui,-525.5,-486.5,1613.7,POLITY,,(Upper Egypt),196,246,9,2026-08-16,Persian Empire,"POLYGON ((32.7745 26.2831, 32.8138 26.2622, 32.8572 26.2308,…"
665,Upper Egypt Nome 5 Herui,-484.9,-400.5,1613.7,POLITY,,(Upper Egypt),196,246,9,2026-08-16,Persian Empire,"POLYGON ((32.7745 26.2831, 32.8138 26.2622, 32.8572 26.2308,…"
666,Upper Egypt Nome 5 Herui,-342.5,-331.6,1613.7,POLITY,,(Upper Egypt),196,246,9,2026-08-16,Persian Empire,"POLYGON ((32.7745 26.2831, 32.8138 26.2622, 32.8572 26.2308,…"
667,Upper Egypt Nome 6 Aa-ta,-525.5,-486.5,1503.7,POLITY,,(Upper Egypt),196,246,10,2026-08-16,Persian Empire,"POLYGON ((32.3421 26.2256, 32.3959 26.2343, 32.4641 26.2674,…"
668,Upper Egypt Nome 6 Aa-ta,-484.9,-400.5,1503.7,POLITY,,(Upper Egypt),196,246,10,2026-08-16,Persian Empire,"POLYGON ((32.3421 26.2256, 32.3959 26.2343, 32.4641 26.2674,…"
669,Upper Egypt Nome 6 Aa-ta,-342.5,-331.6,1503.7,POLITY,,(Upper Egypt),196,246,10,2026-08-16,Persian Empire,"POLYGON ((32.3421 26.2256, 32.3959 26.2343, 32.4641 26.2674,…"
670,Upper Egypt Nome 7 Seshesh,-525.5,-486.5,1028.8,POLITY,,(Upper Egypt),196,246,11,2026-08-16,Persian Empire,"POLYGON ((32.28 26.2256, 32.3421 26.2256, 32.3421 25.8727, 3…"
671,Upper Egypt Nome 7 Seshesh,-484.9,-400.5,1028.8,POLITY,,(Upper Egypt),196,246,11,2026-08-16,Persian Empire,"POLYGON ((32.28 26.2256, 32.3421 26.2256, 32.3421 25.8727, 3…"
672,Upper Egypt Nome 7 Seshesh,-342.5,-331.6,1028.8,POLITY,,(Upper Egypt),196,246,11,2026-08-16,Persian Empire,"POLYGON ((32.28 26.2256, 32.3421 26.2256, 32.3421 25.8727, 3…"
673,Upper Egypt Nome 8 Abdju/Abt,-525.5,-486.5,1781.6,POLITY,,(Upper Egypt),196,246,12,2026-08-16,Persian Empire,"POLYGON ((32.0131 26.489, 32.0359 26.4663, 32.0524 26.4471, …"
674,Upper Egypt Nome 8 Abdju/Abt,-484.9,-400.5,1781.6,POLITY,,(Upper Egypt),196,246,12,2026-08-16,Persian Empire,"POLYGON ((32.0131 26.489, 32.0359 26.4663, 32.0524 26.4471, …"
675,Upper Egypt Nome 8 Abdju/Abt,-342.5,-331.6,1781.6,POLITY,,(Upper Egypt),196,246,12,2026-08-16,Persian Empire,"POLYGON ((32.0131 26.489, 32.0359 26.4663, 32.0524 26.4471, …"
676,Upper Egypt Nome 9 Minu,-525.5,-486.5,2016.9,POLITY,,(Upper Egypt),196,246,13,2026-08-16,Persian Empire,"POLYGON ((31.8103 26.8727, 31.831 26.843, 31.8538 26.8151, 3…"
677,Upper Egypt Nome 9 Minu,-484.9,-400.5,2016.9,POLITY,,(Upper Egypt),196,246,13,2026-08-16,Persian Empire,"POLYGON ((31.8103 26.8727, 31.831 26.843, 31.8538 26.8151, 3…"
678,Upper Egypt Nome 9 Minu,-342.5,-331.6,2016.9,POLITY,,(Upper Egypt),196,246,13,2026-08-16,Persian Empire,"POLYGON ((31.8103 26.8727, 31.831 26.843, 31.8538 26.8151, 3…"
679,Upper Egypt: Fayum,-525.5,-486.5,3320.3,POLITY,,(Upper Egypt),196,247,11,2026-08-16,Persian Empire,"POLYGON ((31.0676 29.6564, 31.1294 29.4661, 31.1294 29.4661,…"
680,Upper Egypt: Fayum,-484.9,-400.5,3320.3,POLITY,,(Upper Egypt),196,247,11,2026-08-16,Persian Empire,"POLYGON ((31.0676 29.6564, 31.1294 29.4661, 31.1294 29.4661,…"
681,Upper Egypt: Fayum,-342.5,-331.6,3320.3,POLITY,,(Upper Egypt),196,247,11,2026-08-16,Persian Empire,"POLYGON ((31.0676 29.6564, 31.1294 29.4661, 31.1294 29.4661,…"
682,Libya,-524.5,-515.5,74076.4,POLITY,,(Egypt),196,243,14,2026-08-16,Persian Empire,"POLYGON ((28.9655 29.9608, 28.8724 29.843, 28.7793 29.673, 2…"
683,Libya,-515.5,-440.5,199133.1,POLITY,,(Egypt),196,243,14,2026-08-16,Persian Empire,"POLYGON ((28.8724 29.843, 28.7793 29.673, 28.6707 29.4898, 2…"
684,Libya,-440.5,-402.5,74076.4,POLITY,,(Egypt),196,243,14,2026-08-16,Persian Empire,"POLYGON ((28.9655 29.9608, 28.8724 29.843, 28.7793 29.673, 2…"
685,India,-515.5,-338.5,185712.2,POLITY,,(Persian Empire),196,245,11,2026-08-16,Persian Empire,"MULTIPOLYGON (((67.32361 24.49692, 67.32903 24.49231, 67.323…"
686,India,-338.5,-329.5,108049.5,POLITY,,(Persian Empire),196,245,11,2026-08-16,Persian Empire,"MULTIPOLYGON (((67.33036 24.38422, 67.3332 24.38203, 67.3347…"
687,Lesbos,-333.6,-332.4,1651.1,POLITY,,(Persian Empire),196,253,15,2026-08-16,Persian Empire,"MULTIPOLYGON (((26.37733 38.97486, 26.36725 38.97756, 26.359…"
688,Lydia,-547.1,-545.5,422908.8,POLITY,,(Persian Empire),196,240,15,2026-08-16,Persian Empire,"POLYGON ((29.8558 37.4375, 29.7942 37.46, 29.7275 37.47, 29.…"
689,Lydia,-545.5,-544.5,439544.1,POLITY,,(Persian Empire),196,241,7,2026-08-16,Persian Empire,"POLYGON ((30.27114 36.30703, 30.25181 36.30631, 30.23667 36.…"
690,Lydia,-544.5,-543.5,459086.6,POLITY,,(Persian Empire),196,240,15,2026-08-16,Persian Empire,"MULTIPOLYGON (((25.96314 38.40511, 25.96114 38.40745, 25.963…"
691,Lydia,-543.5,-542.5,464483.8,POLITY,,(Persian Empire),196,241,12,2026-08-16,Persian Empire,"MULTIPOLYGON (((25.96314 38.40511, 25.96114 38.40745, 25.963…"
692,Lydia,-542.5,-539.2,476525.9,POLITY,,(Persian Empire),196,241,12,2026-08-16,Persian Empire,"MULTIPOLYGON (((25.96314 38.40511, 25.96114 38.40745, 25.963…"
693,Lydia,-539.2,-522.5,476152.0,POLITY,,(Persian Empire),196,241,12,2026-08-16,Persian Empire,"MULTIPOLYGON (((25.96314 38.40511, 25.96114 38.40745, 25.963…"
694,Lydia,-522.5,-518.5,477720.5,POLITY,,(Persian Empire),196,244,13,2026-08-16,Persian Empire,"MULTIPOLYGON (((26.55392 37.28872, 26.54908 37.29109, 26.544…"
695,Lydia,-518.5,-516.5,477234.4,POLITY,,(Persian Empire),196,244,13,2026-08-16,Persian Empire,"MULTIPOLYGON (((26.55392 37.28872, 26.54908 37.29109, 26.544…"
696,Lydia,-516.5,-514.5,477720.5,POLITY,,(Persian Empire),196,244,13,2026-08-16,Persian Empire,"MULTIPOLYGON (((26.55392 37.28872, 26.54908 37.29109, 26.544…"
697,Lydia,-514.5,-513.8,479894.4,POLITY,,(Persian Empire),196,244,13,2026-08-16,Persian Empire,"MULTIPOLYGON (((26.55392 37.28872, 26.54908 37.29109, 26.544…"
698,Lydia,-513.8,-512.5,479937.7,POLITY,,(Persian Empire),196,244,13,2026-08-16,Persian Empire,"MULTIPOLYGON (((26.54908 37.29109, 26.54422 37.29092, 26.539…"
699,Lydia,-512.5,-511.5,604691.1,POLITY,,(Persian Empire),196,250,11,2026-08-16,Persian Empire,"MULTIPOLYGON (((25.28031 37.41295, 25.28172 37.41045, 25.277…"
700,Lydia,-511.5,-510.5,605285.7,POLITY,,(Persian Empire),196,246,0,2026-08-16,Persian Empire,"MULTIPOLYGON (((25.28031 37.41295, 25.28172 37.41045, 25.277…"
701,Lydia,-510.5,-508.5,613131.6,POLITY,,(Persian Empire),196,246,0,2026-08-16,Persian Empire,"MULTIPOLYGON (((25.28031 37.41295, 25.28172 37.41045, 25.277…"
702,Lydia,-508.5,-499.3,613314.5,POLITY,,(Persian Empire),196,246,0,2026-08-16,Persian Empire,"MULTIPOLYGON (((25.28031 37.41295, 25.28172 37.41045, 25.277…"
703,Lydia,-499.3,-499.2,613311.6,POLITY,,(Persian Empire),196,246,0,2026-08-16,Persian Empire,"MULTIPOLYGON (((25.28031 37.41295, 25.28172 37.41045, 25.277…"
704,Lydia,-499.2,-498.5,594052.2,POLITY,,(Persian Empire),196,246,0,2026-08-16,Persian Empire,"MULTIPOLYGON (((26.5995 39.30739, 26.60147 39.30347, 26.5987…"
705,Lydia,-498.5,-498.4,586206.2,POLITY,,(Persian Empire),196,246,0,2026-08-16,Persian Empire,"MULTIPOLYGON (((26.5995 39.30739, 26.60147 39.30347, 26.5987…"
706,Lydia,-498.4,-497.6,585049.6,POLITY,,(Persian Empire),196,246,0,2026-08-16,Persian Empire,"MULTIPOLYGON (((26.589 39.39314, 26.5915 39.3995, 26.60064 3…"
707,Lydia,-497.6,-497.5,556516.4,POLITY,,(Persian Empire),196,246,0,2026-08-16,Persian Empire,"MULTIPOLYGON (((24.97586 39.49133, 24.97286 39.49758, 24.975…"
708,Lydia,-497.5,-495.5,433149.6,POLITY,,(Persian Empire),196,250,11,2026-08-16,Persian Empire,"MULTIPOLYGON (((26.59539 39.30792, 26.5995 39.30739, 26.6014…"
709,Lydia,-495.5,-494.0,432101.6,POLITY,,(Persian Empire),196,240,15,2026-08-16,Persian Empire,"MULTIPOLYGON (((29.1308 37.6225, 29.0775 37.6458, 29.0392 37…"
710,Lydia,-494.0,-493.8,432378.8,POLITY,,(Persian Empire),196,241,12,2026-08-16,Persian Empire,"MULTIPOLYGON (((27.2272 37.5013, 27.2219 37.5029, 27.225 37.…"
711,Lydia,-493.8,-493.5,467998.6,POLITY,,(Persian Empire),196,241,12,2026-08-16,Persian Empire,"MULTIPOLYGON (((26.89506 35.40403, 26.90553 35.41989, 26.911…"
712,Lydia,-493.5,-492.3,486237.5,POLITY,,(Persian Empire),196,250,11,2026-08-16,Persian Empire,"MULTIPOLYGON (((26.54908 37.29109, 26.54422 37.29092, 26.539…"
713,Lydia,-492.3,-492.1,494465.1,POLITY,,(Persian Empire),196,250,11,2026-08-16,Persian Empire,"MULTIPOLYGON (((26.54908 37.29109, 26.54422 37.29092, 26.539…"
714,Lydia,-492.1,-485.5,613407.9,POLITY,,(Persian Empire),196,246,0,2026-08-16,Persian Empire,"MULTIPOLYGON (((26.34122 37.66631, 26.33822 37.6597, 26.3392…"
715,Lydia,-485.5,-480.4,553503.6,POLITY,,(Persian Empire),196,246,0,2026-08-16,Persian Empire,"MULTIPOLYGON (((26.34122 37.66631, 26.33822 37.6597, 26.3392…"
716,Lydia,-480.4,-480.1,613403.7,POLITY,,(Persian Empire),196,246,0,2026-08-16,Persian Empire,"MULTIPOLYGON (((26.34122 37.66631, 26.33822 37.6597, 26.3392…"
717,Lydia,-480.1,-479.4,613238.2,POLITY,,(Persian Empire),196,246,0,2026-08-16,Persian Empire,"MULTIPOLYGON (((26.34122 37.66631, 26.33822 37.6597, 26.3392…"
718,Lydia,-479.4,-479.3,602098.0,POLITY,,(Persian Empire),196,246,0,2026-08-16,Persian Empire,"MULTIPOLYGON (((26.54908 37.29109, 26.54422 37.29092, 26.539…"
719,Lydia,-479.3,-479.0,601876.5,POLITY,,(Persian Empire),196,246,0,2026-08-16,Persian Empire,"MULTIPOLYGON (((26.87686 35.44928, 26.87906 35.44742, 26.881…"
720,Lydia,-479.0,-478.3,600908.3,POLITY,,(Persian Empire),196,246,0,2026-08-16,Persian Empire,"MULTIPOLYGON (((26.87686 35.44928, 26.87906 35.44742, 26.881…"
721,Lydia,-478.3,-476.5,600676.6,POLITY,,(Persian Empire),196,246,0,2026-08-16,Persian Empire,"MULTIPOLYGON (((26.87686 35.44928, 26.87906 35.44742, 26.881…"
722,Lydia,-476.5,-475.8,600294.8,POLITY,,(Persian Empire),196,246,0,2026-08-16,Persian Empire,"MULTIPOLYGON (((26.87686 35.44928, 26.87906 35.44742, 26.881…"
723,Lydia,-475.8,-475.5,598862.6,POLITY,,(Persian Empire),196,250,7,2026-08-16,Persian Empire,"MULTIPOLYGON (((26.89506 35.40403, 26.90553 35.41989, 26.911…"
724,Lydia,-475.5,-469.5,476090.3,POLITY,,(Persian Empire),196,250,7,2026-08-16,Persian Empire,"MULTIPOLYGON (((26.89506 35.40403, 26.90553 35.41989, 26.911…"
725,Lydia,-469.5,-420.5,473513.8,POLITY,,(Persian Empire),196,241,11,2026-08-16,Persian Empire,"MULTIPOLYGON (((29.98753 36.21106, 29.98472 36.20706, 29.980…"
726,Lydia,-420.5,-415.5,407924.9,POLITY,,(Persian Empire),196,240,15,2026-08-16,Persian Empire,"POLYGON ((29.1308 37.6225, 29.0775 37.6458, 29.0392 37.6725,…"
727,Lydia,-415.5,-413.5,473513.8,POLITY,,(Persian Empire),196,241,11,2026-08-16,Persian Empire,"MULTIPOLYGON (((29.98753 36.21106, 29.98472 36.20706, 29.980…"
728,Lydia,-413.5,-412.2,457179.6,POLITY,,(Persian Empire),196,241,11,2026-08-16,Persian Empire,"MULTIPOLYGON (((30.33711 36.28131, 30.2987 36.29984, 30.2711…"
729,Lydia,-412.2,-404.7,473513.8,POLITY,,(Persian Empire),196,241,11,2026-08-16,Persian Empire,"MULTIPOLYGON (((29.98753 36.21106, 29.98472 36.20706, 29.980…"
730,Lydia,-404.7,-401.6,473516.4,POLITY,,(Persian Empire),196,241,11,2026-08-16,Persian Empire,"MULTIPOLYGON (((29.98753 36.21106, 29.98472 36.20706, 29.980…"
731,Lydia,-401.6,-401.2,261558.7,POLITY,,(Persian Empire),196,241,11,2026-08-16,Persian Empire,"MULTIPOLYGON (((28.44997 36.8822, 28.44528 36.87958, 28.4414…"
732,Lydia,-401.2,-400.1,473516.4,POLITY,,(Persian Empire),196,241,11,2026-08-16,Persian Empire,"MULTIPOLYGON (((29.98753 36.21106, 29.98472 36.20706, 29.980…"
733,Lydia,-400.1,-394.2,456889.4,POLITY,,(Persian Empire),196,241,11,2026-08-16,Persian Empire,"MULTIPOLYGON (((29.9825 37.33, 29.9683 37.3517, 29.95 37.374…"
734,Lydia,-394.2,-394.1,457047.8,POLITY,,(Persian Empire),196,241,12,2026-08-16,Persian Empire,"MULTIPOLYGON (((27.38822 37.00367, 27.38589 36.99386, 27.384…"
735,Lydia,-394.1,-386.5,457236.3,POLITY,,(Persian Empire),196,241,12,2026-08-16,Persian Empire,"MULTIPOLYGON (((27.43795 36.98728, 27.42867 36.99206, 27.423…"
736,Lydia,-386.5,-381.3,457245.2,POLITY,,(Persian Empire),196,241,12,2026-08-16,Persian Empire,"MULTIPOLYGON (((27.43795 36.98728, 27.42867 36.99206, 27.423…"
737,Lydia,-381.3,-378.5,449040.5,POLITY,,(Persian Empire),196,241,12,2026-08-16,Persian Empire,"MULTIPOLYGON (((27.43795 36.98728, 27.42867 36.99206, 27.423…"
738,Lydia,-378.5,-375.8,457245.2,POLITY,,(Persian Empire),196,241,12,2026-08-16,Persian Empire,"MULTIPOLYGON (((27.43795 36.98728, 27.42867 36.99206, 27.423…"
739,Lydia,-375.8,-375.4,403747.0,POLITY,,(Persian Empire),196,241,12,2026-08-16,Persian Empire,"MULTIPOLYGON (((27.38822 37.00367, 27.38589 36.99386, 27.384…"
740,Lydia,-375.4,-371.5,457245.2,POLITY,,(Persian Empire),196,241,12,2026-08-16,Persian Empire,"MULTIPOLYGON (((27.43795 36.98728, 27.42867 36.99206, 27.423…"
741,Lydia,-371.5,-367.5,303480.8,POLITY,,(Persian Empire),196,241,12,2026-08-16,Persian Empire,"MULTIPOLYGON (((27.38822 37.00367, 27.38589 36.99386, 27.384…"
742,Lydia,-367.5,-366.8,303966.9,POLITY,,(Persian Empire),196,241,12,2026-08-16,Persian Empire,"MULTIPOLYGON (((27.38822 37.00367, 27.38589 36.99386, 27.384…"
743,Lydia,-366.8,-365.7,231825.9,POLITY,,(Persian Empire),196,241,12,2026-08-16,Persian Empire,"MULTIPOLYGON (((27.38711 37.00531, 27.38822 37.00367, 27.385…"
744,Lydia,-365.7,-363.5,231339.7,POLITY,,(Persian Empire),196,241,12,2026-08-16,Persian Empire,"MULTIPOLYGON (((27.4437 36.97958, 27.43795 36.98728, 27.4286…"
745,Lydia,-363.5,-362.3,179628.1,POLITY,,(Persian Empire),196,241,0,2026-08-16,Persian Empire,"POLYGON ((35.681 37.6341, 35.6521 37.601, 35.6148 37.5824, 3…"
746,Lydia,-362.3,-360.5,254424.8,POLITY,,(Persian Empire),196,240,15,2026-08-16,Persian Empire,"MULTIPOLYGON (((26.81489 38.92878, 26.81975 38.92411, 26.824…"
747,Lydia,-360.5,-356.9,473872.2,POLITY,,(Persian Empire),196,241,12,2026-08-16,Persian Empire,"MULTIPOLYGON (((27.43795 36.98728, 27.42867 36.99206, 27.423…"
748,Lydia,-356.9,-356.3,475288.5,POLITY,,(Persian Empire),196,241,12,2026-08-16,Persian Empire,"MULTIPOLYGON (((27.43795 36.98728, 27.42867 36.99206, 27.423…"
749,Lydia,-356.3,-353.2,403147.4,POLITY,,(Persian Empire),196,241,12,2026-08-16,Persian Empire,"MULTIPOLYGON (((27.5172 36.66375, 27.51822 36.66028, 27.5153…"
750,Lydia,-353.2,-344.5,475288.5,POLITY,,(Persian Empire),196,241,12,2026-08-16,Persian Empire,"MULTIPOLYGON (((27.43795 36.98728, 27.42867 36.99206, 27.423…"
751,Lydia,-344.5,-340.5,476137.6,POLITY,,(Persian Empire),196,241,12,2026-08-16,Persian Empire,"MULTIPOLYGON (((27.43795 36.98728, 27.42867 36.99206, 27.423…"
752,Lydia,-340.5,-336.5,475288.5,POLITY,,(Persian Empire),196,241,12,2026-08-16,Persian Empire,"MULTIPOLYGON (((27.43795 36.98728, 27.42867 36.99206, 27.423…"
753,Lydia,-336.5,-336.4,475083.0,POLITY,,(Persian Empire),196,241,12,2026-08-16,Persian Empire,"MULTIPOLYGON (((27.43795 36.98728, 27.42867 36.99206, 27.423…"
754,Lydia,-336.4,-334.5,475052.3,POLITY,,(Persian Empire),196,241,12,2026-08-16,Persian Empire,"MULTIPOLYGON (((27.51822 36.66028, 27.51536 36.65095, 27.511…"
755,Lydia,-334.5,-334.4,403147.4,POLITY,,(Persian Empire),196,241,12,2026-08-16,Persian Empire,"MULTIPOLYGON (((27.5172 36.66375, 27.51822 36.66028, 27.5153…"
756,Lydia,-334.4,-334.3,376347.7,POLITY,,(Persian Empire),196,241,12,2026-08-16,Persian Empire,"MULTIPOLYGON (((27.5172 36.66375, 27.51822 36.66028, 27.5153…"
757,Lydia,-334.3,-334.0,368396.1,POLITY,,(Persian Empire),196,241,12,2026-08-16,Persian Empire,"MULTIPOLYGON (((27.76908 35.89784, 27.75522 35.91192, 27.740…"
758,Lydia,-334.0,-333.7,333687.9,POLITY,,(Persian Empire),196,250,0,2026-08-16,Persian Empire,"MULTIPOLYGON (((27.3312 36.84934, 27.33 36.84911, 27.2982 36…"
759,Lydia,-333.7,-333.5,334537.0,POLITY,,(Persian Empire),196,253,11,2026-08-16,Persian Empire,"MULTIPOLYGON (((27.3312 36.84934, 27.33 36.84911, 27.2982 36…"
760,Lydia,-333.5,-333.4,223634.0,POLITY,,(Persian Empire),196,250,8,2026-08-16,Persian Empire,"MULTIPOLYGON (((27.34417 36.85367, 27.3312 36.84934, 27.33 3…"
761,Lydia,-333.4,-333.3,154957.2,POLITY,,(Persian Empire),196,250,8,2026-08-16,Persian Empire,"MULTIPOLYGON (((27.34417 36.85367, 27.3312 36.84934, 27.33 3…"
762,Lydia,-333.3,-332.6,155231.5,POLITY,,(Persian Empire),196,250,8,2026-08-16,Persian Empire,"MULTIPOLYGON (((27.34417 36.85367, 27.3312 36.84934, 27.33 3…"
763,Lydia,-332.6,-332.4,155192.1,POLITY,,(Persian Empire),196,253,11,2026-08-16,Persian Empire,"MULTIPOLYGON (((27.34417 36.85367, 27.3312 36.84934, 27.33 3…"
764,Lydia,-332.4,-332.3,154342.9,POLITY,,(Persian Empire),196,250,0,2026-08-16,Persian Empire,"MULTIPOLYGON (((27.34417 36.85367, 27.3312 36.84934, 27.33 3…"
765,Lydia,-332.3,-330.5,153773.3,POLITY,,(Persian Empire),196,241,2,2026-08-16,Persian Empire,"POLYGON ((38.22 39.9033, 38.2183 39.8533, 38.2233 39.7883, 3…"
766,Lydia,-366.4,-366.3,2334.3,TRANSIENT,,(Persian Empire),196,253,5,2026-08-16,Persian Empire,"POLYGON ((30.0933 37.6967, 30.1433 37.6967, 30.21 37.6717, 3…"
767,Lydia,-357.4,-356.9,1204.6,TRANSIENT,,(Persian Empire),196,253,6,2026-08-16,Persian Empire,"POLYGON ((27.435 37.0225, 27.4192 36.9967, 27.4117 36.9675, …"
768,Lydia,-356.9,-356.5,548.2,TRANSIENT,,(Persian Empire),196,253,6,2026-08-16,Persian Empire,"POLYGON ((27.435 37.0225, 27.4192 36.9967, 27.4117 36.9675, …"
769,Lydia,-356.5,-356.4,1802.1,TRANSIENT,,(Persian Empire),196,253,6,2026-08-16,Persian Empire,"POLYGON ((25.8352 39.9711, 25.8042 39.9297, 25.7732 39.8521,…"
770,Lydia,-356.4,-356.1,1481.0,TRANSIENT,,(Persian Empire),196,253,6,2026-08-16,Persian Empire,"POLYGON ((25.8352 39.9711, 25.8042 39.9297, 25.7732 39.8521,…"
771,Lydia,-346.2,-345.7,4549.1,TRANSIENT,,(Persian Empire),196,253,8,2026-08-16,Persian Empire,"POLYGON ((30.2514 36.1424, 30.3264 36.1257, 30.4014 36.1091,…"
772,Lydia,-345.7,-344.5,8562.7,TRANSIENT,,(Persian Empire),196,253,8,2026-08-16,Persian Empire,"POLYGON ((32.3028 34.8662, 32.3359 34.7862, 32.3855 34.7338,…"
773,Lydia,-344.5,-344.4,4549.1,TRANSIENT,,(Persian Empire),196,253,8,2026-08-16,Persian Empire,"POLYGON ((30.2514 36.1424, 30.3264 36.1257, 30.4014 36.1091,…"
774,Kappadocia,-547.1,-375.8,53498.2,POLITY,,(Lydia),196,240,14,2026-08-16,Persian Empire,"POLYGON ((33.4454 39.9947, 33.4298 39.9893, 33.4145 39.9875,…"
775,Kappadocia,-375.4,-371.5,53498.2,POLITY,,(Lydia),196,240,14,2026-08-16,Persian Empire,"POLYGON ((33.4454 39.9947, 33.4298 39.9893, 33.4145 39.9875,…"
776,Kappadocia,-360.5,-330.5,53498.2,POLITY,,(Lydia),196,240,14,2026-08-16,Persian Empire,"POLYGON ((33.4454 39.9947, 33.4298 39.9893, 33.4145 39.9875,…"
777,Paphlagonia,-547.1,-375.8,53498.2,POLITY,,(Kappadocia),196,240,14,2026-08-16,Persian Empire,"POLYGON ((33.4454 39.9947, 33.4298 39.9893, 33.4145 39.9875,…"
778,Paphlagonia,-375.4,-371.5,53498.2,POLITY,,(Kappadocia),196,240,14,2026-08-16,Persian Empire,"POLYGON ((33.4454 39.9947, 33.4298 39.9893, 33.4145 39.9875,…"
779,Paphlagonia,-360.5,-330.5,53498.2,POLITY,,(Kappadocia),196,240,14,2026-08-16,Persian Empire,"POLYGON ((33.4454 39.9947, 33.4298 39.9893, 33.4145 39.9875,…"
780,Kappadokia,-547.1,-539.2,169325.8,POLITY,,(Lydia),196,241,2,2026-08-16,Persian Empire,"POLYGON ((35.6521 37.601, 35.6148 37.5824, 35.5941 37.5514, …"
781,Kappadokia,-539.2,-401.6,168951.9,POLITY,,(Lydia),196,241,2,2026-08-16,Persian Empire,"POLYGON ((38.3855 38.6547, 38.3659 38.639, 38.3576 38.6145, …"
782,Kappadokia,-401.6,-401.2,100275.0,POLITY,,(Lydia),196,241,2,2026-08-16,Persian Empire,"POLYGON ((38.22 39.9033, 38.2183 39.8533, 38.2233 39.7883, 3…"
783,Kappadokia,-401.2,-371.5,168951.9,POLITY,,(Lydia),196,241,2,2026-08-16,Persian Empire,"POLYGON ((38.3855 38.6547, 38.3659 38.639, 38.3576 38.6145, …"
784,Kappadokia,-371.5,-360.5,68685.7,POLITY,,(Lydia),196,241,1,2026-08-16,Persian Empire,"POLYGON ((35.681 37.6341, 35.6521 37.601, 35.6148 37.5824, 3…"
785,Kappadokia,-360.5,-333.4,168951.9,POLITY,,(Lydia),196,241,2,2026-08-16,Persian Empire,"POLYGON ((38.3855 38.6547, 38.3659 38.639, 38.3576 38.6145, …"
786,Kappadokia,-333.4,-330.5,100275.0,POLITY,,(Lydia),196,241,2,2026-08-16,Persian Empire,"POLYGON ((38.22 39.9033, 38.2183 39.8533, 38.2233 39.7883, 3…"
787,Pontic Kappadokia,-547.1,-371.5,100275.0,POLITY,,(Kappadokia),196,241,2,2026-08-16,Persian Empire,"POLYGON ((38.22 39.9033, 38.2183 39.8533, 38.2233 39.7883, 3…"
788,Pontic Kappadokia,-360.5,-330.5,100275.0,POLITY,,(Kappadokia),196,241,2,2026-08-16,Persian Empire,"POLYGON ((38.22 39.9033, 38.2183 39.8533, 38.2233 39.7883, 3…"
789,Tauric Kappadokia,-547.1,-539.2,69050.8,POLITY,,(Kappadokia),196,241,1,2026-08-16,Persian Empire,"POLYGON ((35.681 37.6341, 35.6521 37.601, 35.6148 37.5824, 3…"
790,Tauric Kappadokia,-539.2,-401.6,68685.7,POLITY,,(Kappadokia),196,241,1,2026-08-16,Persian Empire,"POLYGON ((35.681 37.6341, 35.6521 37.601, 35.6148 37.5824, 3…"
791,Tauric Kappadokia,-401.2,-333.4,68685.7,POLITY,,(Kappadokia),196,241,1,2026-08-16,Persian Empire,"POLYGON ((35.681 37.6341, 35.6521 37.601, 35.6148 37.5824, 3…"
792,Lydia,-547.1,-544.5,200084.8,POLITY,,(Lydia),196,240,15,2026-08-16,Persian Empire,"POLYGON ((29.8992 37.4058, 29.8558 37.4375, 29.7942 37.46, 2…"
793,Lydia,-544.5,-543.5,219627.3,POLITY,,(Lydia),196,240,15,2026-08-16,Persian Empire,"MULTIPOLYGON (((25.96314 38.40511, 25.96114 38.40745, 25.963…"
794,Lydia,-543.5,-542.5,241659.8,POLITY,,(Lydia),196,241,12,2026-08-16,Persian Empire,"MULTIPOLYGON (((25.96314 38.40511, 25.96114 38.40745, 25.963…"
795,Lydia,-542.5,-522.5,253701.8,POLITY,,(Lydia),196,241,12,2026-08-16,Persian Empire,"MULTIPOLYGON (((25.96314 38.40511, 25.96114 38.40745, 25.963…"
796,Lydia,-522.5,-518.5,255270.4,POLITY,,(Lydia),196,244,13,2026-08-16,Persian Empire,"MULTIPOLYGON (((25.27428 37.41022, 25.28031 37.41295, 25.281…"
797,Lydia,-518.5,-516.5,254784.2,POLITY,,(Lydia),196,244,13,2026-08-16,Persian Empire,"MULTIPOLYGON (((25.27428 37.41022, 25.28031 37.41295, 25.281…"
798,Lydia,-516.5,-514.5,255270.4,POLITY,,(Lydia),196,244,13,2026-08-16,Persian Empire,"MULTIPOLYGON (((25.27428 37.41022, 25.28031 37.41295, 25.281…"
799,Lydia,-514.5,-513.8,257444.3,POLITY,,(Lydia),196,244,13,2026-08-16,Persian Empire,"MULTIPOLYGON (((26.55392 37.28872, 26.54908 37.29109, 26.544…"
800,Lydia,-513.8,-512.5,257487.6,POLITY,,(Lydia),196,244,13,2026-08-16,Persian Empire,"MULTIPOLYGON (((26.55392 37.28872, 26.54908 37.29109, 26.544…"
801,Lydia,-512.5,-511.5,382241.0,POLITY,,(Lydia),196,250,11,2026-08-16,Persian Empire,"MULTIPOLYGON (((25.28031 37.41295, 25.28172 37.41045, 25.277…"
802,Lydia,-511.5,-510.5,382835.6,POLITY,,(Lydia),196,246,0,2026-08-16,Persian Empire,"MULTIPOLYGON (((25.28031 37.41295, 25.28172 37.41045, 25.277…"
803,Lydia,-510.5,-508.5,390681.5,POLITY,,(Lydia),196,246,0,2026-08-16,Persian Empire,"MULTIPOLYGON (((25.28031 37.41295, 25.28172 37.41045, 25.277…"
804,Lydia,-508.5,-499.3,390864.3,POLITY,,(Lydia),196,246,0,2026-08-16,Persian Empire,"MULTIPOLYGON (((25.28031 37.41295, 25.28172 37.41045, 25.277…"
805,Lydia,-499.3,-499.2,390861.5,POLITY,,(Lydia),196,246,0,2026-08-16,Persian Empire,"MULTIPOLYGON (((25.28031 37.41295, 25.28172 37.41045, 25.277…"
806,Lydia,-499.2,-498.5,371602.0,POLITY,,(Lydia),196,246,0,2026-08-16,Persian Empire,"MULTIPOLYGON (((24.97286 39.49758, 24.97586 39.51133, 24.980…"
807,Lydia,-498.5,-498.4,363756.1,POLITY,,(Lydia),196,246,0,2026-08-16,Persian Empire,"MULTIPOLYGON (((26.589 39.39314, 26.5915 39.3995, 26.60064 3…"
808,Lydia,-498.4,-497.6,362599.4,POLITY,,(Lydia),196,246,0,2026-08-16,Persian Empire,"MULTIPOLYGON (((24.97586 39.49133, 24.97286 39.49758, 24.975…"
809,Lydia,-497.6,-497.5,334066.3,POLITY,,(Lydia),196,246,0,2026-08-16,Persian Empire,"MULTIPOLYGON (((24.97586 39.49133, 24.97286 39.49758, 24.975…"
810,Lydia,-497.5,-495.5,210699.5,POLITY,,(Lydia),196,250,11,2026-08-16,Persian Empire,"MULTIPOLYGON (((26.59181 39.30589, 26.59539 39.30792, 26.599…"
811,Lydia,-495.5,-494.0,209651.4,POLITY,,(Lydia),196,240,15,2026-08-16,Persian Empire,"MULTIPOLYGON (((26.80817 38.92978, 26.81489 38.92878, 26.819…"
812,Lydia,-494.0,-493.8,209928.6,POLITY,,(Lydia),196,241,12,2026-08-16,Persian Empire,"MULTIPOLYGON (((27.2272 37.4979, 27.2272 37.5013, 27.2219 37…"
813,Lydia,-493.8,-493.5,245548.4,POLITY,,(Lydia),196,241,12,2026-08-16,Persian Empire,"MULTIPOLYGON (((26.89506 35.40403, 26.90553 35.41989, 26.911…"
814,Lydia,-493.5,-492.3,263787.4,POLITY,,(Lydia),196,250,11,2026-08-16,Persian Empire,"MULTIPOLYGON (((26.54908 37.29109, 26.54422 37.29092, 26.539…"
815,Lydia,-492.3,-492.1,272015.0,POLITY,,(Lydia),196,250,11,2026-08-16,Persian Empire,"MULTIPOLYGON (((26.54908 37.29109, 26.54422 37.29092, 26.539…"
816,Lydia,-492.1,-485.5,390957.8,POLITY,,(Lydia),196,246,0,2026-08-16,Persian Empire,"MULTIPOLYGON (((26.49331 37.51034, 26.49778 37.51783, 26.500…"
817,Lydia,-485.5,-480.4,331053.5,POLITY,,(Lydia),196,246,0,2026-08-16,Persian Empire,"MULTIPOLYGON (((26.46611 37.55997, 26.46447 37.56389, 26.465…"
818,Lydia,-480.4,-480.1,390953.6,POLITY,,(Lydia),196,246,0,2026-08-16,Persian Empire,"MULTIPOLYGON (((26.46611 37.55997, 26.46447 37.56389, 26.465…"
819,Lydia,-480.1,-479.4,390788.1,POLITY,,(Lydia),196,246,0,2026-08-16,Persian Empire,"MULTIPOLYGON (((26.49331 37.51034, 26.49778 37.51783, 26.500…"
820,Lydia,-479.4,-479.3,379647.8,POLITY,,(Lydia),196,246,0,2026-08-16,Persian Empire,"MULTIPOLYGON (((26.49331 37.51034, 26.49778 37.51783, 26.500…"
821,Lydia,-479.3,-479.0,379426.4,POLITY,,(Lydia),196,246,0,2026-08-16,Persian Empire,"MULTIPOLYGON (((26.87653 37.09992, 26.87109 37.09956, 26.855…"
822,Lydia,-479.0,-478.3,378458.2,POLITY,,(Lydia),196,246,0,2026-08-16,Persian Empire,"MULTIPOLYGON (((26.87686 35.44928, 26.87906 35.44742, 26.881…"
823,Lydia,-478.3,-476.5,378226.4,POLITY,,(Lydia),196,246,0,2026-08-16,Persian Empire,"MULTIPOLYGON (((26.87653 37.09992, 26.87109 37.09956, 26.855…"
824,Lydia,-476.5,-475.8,377844.7,POLITY,,(Lydia),196,246,0,2026-08-16,Persian Empire,"MULTIPOLYGON (((26.87686 35.44928, 26.87906 35.44742, 26.881…"
825,Lydia,-475.8,-475.5,376412.5,POLITY,,(Lydia),196,250,7,2026-08-16,Persian Empire,"MULTIPOLYGON (((26.89506 35.40403, 26.90553 35.41989, 26.911…"
826,Lydia,-475.5,-469.5,253640.2,POLITY,,(Lydia),196,250,7,2026-08-16,Persian Empire,"MULTIPOLYGON (((26.89506 35.40403, 26.90553 35.41989, 26.911…"
827,Lydia,-469.5,-420.5,251063.7,POLITY,,(Lydia),196,241,11,2026-08-16,Persian Empire,"MULTIPOLYGON (((28.44997 36.8822, 28.44528 36.87958, 28.4414…"
828,Lydia,-420.5,-415.5,185474.7,POLITY,,(Lydia),196,240,15,2026-08-16,Persian Empire,"POLYGON ((29.2125 37.6125, 29.1308 37.6225, 29.0775 37.6458,…"
829,Lydia,-415.5,-413.5,251063.7,POLITY,,(Lydia),196,241,11,2026-08-16,Persian Empire,"MULTIPOLYGON (((28.44997 36.8822, 28.44528 36.87958, 28.4414…"
830,Lydia,-413.5,-412.2,234729.5,POLITY,,(Lydia),196,241,11,2026-08-16,Persian Empire,"MULTIPOLYGON (((27.2272 37.4979, 27.2272 37.5013, 27.2219 37…"
831,Lydia,-412.2,-404.7,251063.7,POLITY,,(Lydia),196,241,11,2026-08-16,Persian Empire,"MULTIPOLYGON (((28.44997 36.8822, 28.44528 36.87958, 28.4414…"
832,Lydia,-404.7,-401.6,251066.3,POLITY,,(Lydia),196,241,11,2026-08-16,Persian Empire,"MULTIPOLYGON (((28.44997 36.8822, 28.44528 36.87958, 28.4414…"
833,Lydia,-401.6,-401.2,107785.4,POLITY,,(Lydia),196,241,11,2026-08-16,Persian Empire,"MULTIPOLYGON (((28.44997 36.8822, 28.44528 36.87958, 28.4414…"
834,Lydia,-401.2,-400.1,251066.3,POLITY,,(Lydia),196,241,11,2026-08-16,Persian Empire,"MULTIPOLYGON (((28.44997 36.8822, 28.44528 36.87958, 28.4414…"
835,Lydia,-400.1,-394.2,234439.3,POLITY,,(Lydia),196,241,11,2026-08-16,Persian Empire,"MULTIPOLYGON (((28.4925 37.1383, 28.4867 37.1142, 28.4767 37…"
836,Lydia,-394.2,-394.1,234597.7,POLITY,,(Lydia),196,241,12,2026-08-16,Persian Empire,"MULTIPOLYGON (((27.22339 37.01294, 27.22475 37.01086, 27.222…"
837,Lydia,-394.1,-386.5,234786.2,POLITY,,(Lydia),196,241,12,2026-08-16,Persian Empire,"MULTIPOLYGON (((27.38822 37.00367, 27.38589 36.99386, 27.384…"
838,Lydia,-386.5,-381.3,234795.1,POLITY,,(Lydia),196,241,12,2026-08-16,Persian Empire,"MULTIPOLYGON (((27.22475 37.01086, 27.22297 37.00814, 27.212…"
839,Lydia,-381.3,-378.5,226590.4,POLITY,,(Lydia),196,241,12,2026-08-16,Persian Empire,"MULTIPOLYGON (((27.38822 37.00367, 27.38589 36.99386, 27.384…"
840,Lydia,-378.5,-367.5,234795.1,POLITY,,(Lydia),196,241,12,2026-08-16,Persian Empire,"MULTIPOLYGON (((27.22475 37.01086, 27.22297 37.00814, 27.212…"
841,Lydia,-367.5,-366.8,235281.2,POLITY,,(Lydia),196,241,12,2026-08-16,Persian Empire,"MULTIPOLYGON (((27.22475 37.01086, 27.22297 37.00814, 27.212…"
842,Lydia,-366.8,-365.7,163140.2,POLITY,,(Lydia),196,241,12,2026-08-16,Persian Empire,"MULTIPOLYGON (((27.22339 37.01294, 27.22475 37.01086, 27.222…"
843,Lydia,-365.7,-363.5,162654.0,POLITY,,(Lydia),196,241,12,2026-08-16,Persian Empire,"MULTIPOLYGON (((27.5172 36.66375, 27.51822 36.66028, 27.5153…"
844,Lydia,-363.5,-362.3,110942.5,POLITY,,(Lydia),196,241,0,2026-08-16,Persian Empire,"POLYGON ((29.3308 37.6075, 29.2842 37.6075, 29.2125 37.6125,…"
845,Lydia,-362.3,-360.5,185739.1,POLITY,,(Lydia),196,240,15,2026-08-16,Persian Empire,"MULTIPOLYGON (((26.81489 38.92878, 26.81975 38.92411, 26.824…"
846,Lydia,-360.5,-356.9,251422.1,POLITY,,(Lydia),196,241,12,2026-08-16,Persian Empire,"MULTIPOLYGON (((27.38822 37.00367, 27.38589 36.99386, 27.384…"
847,Lydia,-356.9,-356.3,252838.3,POLITY,,(Lydia),196,241,12,2026-08-16,Persian Empire,"MULTIPOLYGON (((27.38822 37.00367, 27.38589 36.99386, 27.384…"
848,Lydia,-356.3,-353.2,180697.3,POLITY,,(Lydia),196,241,12,2026-08-16,Persian Empire,"MULTIPOLYGON (((27.38711 37.00531, 27.38822 37.00367, 27.385…"
849,Lydia,-353.2,-344.5,252838.3,POLITY,,(Lydia),196,241,12,2026-08-16,Persian Empire,"MULTIPOLYGON (((27.38822 37.00367, 27.38589 36.99386, 27.384…"
850,Lydia,-344.5,-340.5,253687.5,POLITY,,(Lydia),196,241,12,2026-08-16,Persian Empire,"MULTIPOLYGON (((27.22475 37.01086, 27.22297 37.00814, 27.212…"
851,Lydia,-340.5,-336.5,252838.3,POLITY,,(Lydia),196,241,12,2026-08-16,Persian Empire,"MULTIPOLYGON (((27.38822 37.00367, 27.38589 36.99386, 27.384…"
852,Lydia,-336.5,-336.4,252632.9,POLITY,,(Lydia),196,241,12,2026-08-16,Persian Empire,"MULTIPOLYGON (((27.22475 37.01086, 27.22297 37.00814, 27.212…"
853,Lydia,-336.4,-334.5,252602.1,POLITY,,(Lydia),196,241,12,2026-08-16,Persian Empire,"MULTIPOLYGON (((27.38711 37.00531, 27.38822 37.00367, 27.385…"
854,Lydia,-334.5,-334.4,180697.3,POLITY,,(Lydia),196,241,12,2026-08-16,Persian Empire,"MULTIPOLYGON (((27.38711 37.00531, 27.38822 37.00367, 27.385…"
855,Lydia,-334.4,-334.3,153897.6,POLITY,,(Lydia),196,241,12,2026-08-16,Persian Empire,"MULTIPOLYGON (((27.38711 37.00531, 27.38822 37.00367, 27.385…"
856,Lydia,-334.3,-334.0,145946.0,POLITY,,(Lydia),196,241,12,2026-08-16,Persian Empire,"MULTIPOLYGON (((27.76908 35.89784, 27.75522 35.91192, 27.740…"
857,Lydia,-334.0,-333.7,111237.8,POLITY,,(Lydia),196,250,0,2026-08-16,Persian Empire,"MULTIPOLYGON (((27.35492 36.86009, 27.34417 36.85367, 27.331…"
858,Lydia,-333.7,-333.5,112086.9,POLITY,,(Lydia),196,253,11,2026-08-16,Persian Empire,"MULTIPOLYGON (((27.35492 36.86009, 27.34417 36.85367, 27.331…"
859,Lydia,-333.5,-333.3,1183.9,POLITY,,(Lydia),196,250,8,2026-08-16,Persian Empire,"MULTIPOLYGON (((27.3572 36.86945, 27.35492 36.86009, 27.3441…"
860,Lydia,-333.3,-332.6,1458.2,POLITY,,(Lydia),196,250,8,2026-08-16,Persian Empire,"MULTIPOLYGON (((27.35492 36.86009, 27.34417 36.85367, 27.331…"
861,Lydia,-332.6,-332.4,1418.8,POLITY,,(Lydia),196,253,11,2026-08-16,Persian Empire,"MULTIPOLYGON (((27.3572 36.86945, 27.35492 36.86009, 27.3441…"
862,Lydia,-332.4,-332.3,569.6,POLITY,,(Lydia),196,250,0,2026-08-16,Persian Empire,"MULTIPOLYGON (((27.3572 36.86945, 27.35492 36.86009, 27.3441…"
863,Lydia,-366.4,-366.3,2334.3,TRANSIENT,,(Lydia),196,253,5,2026-08-16,Persian Empire,"POLYGON ((30.0933 37.6967, 30.1433 37.6967, 30.21 37.6717, 3…"
864,Lydia,-357.4,-356.9,1204.6,TRANSIENT,,(Lydia),196,253,6,2026-08-16,Persian Empire,"POLYGON ((27.435 37.0225, 27.4192 36.9967, 27.4117 36.9675, …"
865,Lydia,-356.9,-356.5,548.2,TRANSIENT,,(Lydia),196,253,6,2026-08-16,Persian Empire,"POLYGON ((27.435 37.0225, 27.4192 36.9967, 27.4117 36.9675, …"
866,Lydia,-356.5,-356.4,1802.1,TRANSIENT,,(Lydia),196,253,6,2026-08-16,Persian Empire,"POLYGON ((25.8352 39.9711, 25.8042 39.9297, 25.7732 39.8521,…"
867,Lydia,-356.4,-356.1,1481.0,TRANSIENT,,(Lydia),196,253,6,2026-08-16,Persian Empire,"POLYGON ((25.8352 39.9711, 25.8042 39.9297, 25.7732 39.8521,…"
868,Lydia,-346.2,-345.7,4549.1,TRANSIENT,,(Lydia),196,253,8,2026-08-16,Persian Empire,"POLYGON ((30.2514 36.1424, 30.3264 36.1257, 30.4014 36.1091,…"
869,Lydia,-345.7,-344.5,8562.7,TRANSIENT,,(Lydia),196,253,8,2026-08-16,Persian Empire,"POLYGON ((32.3028 34.8662, 32.3359 34.7862, 32.3855 34.7338,…"
870,Lydia,-344.5,-344.4,4549.1,TRANSIENT,,(Lydia),196,253,8,2026-08-16,Persian Empire,"POLYGON ((30.2514 36.1424, 30.3264 36.1257, 30.4014 36.1091,…"
871,Greater Phrygia,-547.1,-543.5,117428.1,POLITY,,(Lydia),196,241,0,2026-08-16,Persian Empire,"POLYGON ((29.9683 37.3517, 29.95 37.3742, 29.8992 37.4058, 2…"
872,Greater Phrygia,-543.5,-401.6,110942.5,POLITY,,(Lydia),196,241,0,2026-08-16,Persian Empire,"POLYGON ((29.3308 37.6075, 29.2842 37.6075, 29.2125 37.6125,…"
873,Greater Phrygia,-401.2,-333.5,110942.5,POLITY,,(Lydia),196,241,0,2026-08-16,Persian Empire,"POLYGON ((29.3308 37.6075, 29.2842 37.6075, 29.2125 37.6125,…"
874,Hellespontine Phrygia,-547.1,-544.5,55857.0,POLITY,,(Lydia),196,240,15,2026-08-16,Persian Empire,"POLYGON ((29.935 39.3086, 29.9 39.2952, 29.8634 39.3036, 29.…"
875,Hellespontine Phrygia,-544.5,-542.5,64172.7,POLITY,,(Lydia),196,240,15,2026-08-16,Persian Empire,"MULTIPOLYGON (((26.80839 38.92658, 26.80817 38.92978, 26.814…"
876,Hellespontine Phrygia,-542.5,-513.8,76214.8,POLITY,,(Lydia),196,240,15,2026-08-16,Persian Empire,"MULTIPOLYGON (((26.80839 38.92658, 26.80817 38.92978, 26.814…"
877,Hellespontine Phrygia,-513.8,-499.2,76258.1,POLITY,,(Lydia),196,240,15,2026-08-16,Persian Empire,"MULTIPOLYGON (((26.35731 38.97856, 26.34942 38.97936, 26.332…"
878,Hellespontine Phrygia,-499.2,-495.5,74605.6,POLITY,,(Lydia),196,240,15,2026-08-16,Persian Empire,"MULTIPOLYGON (((26.80817 38.92978, 26.81489 38.92878, 26.819…"
879,Hellespontine Phrygia,-495.5,-493.5,74564.9,POLITY,,(Lydia),196,240,15,2026-08-16,Persian Empire,"MULTIPOLYGON (((26.80839 38.92658, 26.80817 38.92978, 26.814…"
880,Hellespontine Phrygia,-493.5,-479.4,76258.1,POLITY,,(Lydia),196,240,15,2026-08-16,Persian Empire,"MULTIPOLYGON (((26.35731 38.97856, 26.34942 38.97936, 26.332…"
881,Hellespontine Phrygia,-479.4,-479.3,74608.2,POLITY,,(Lydia),196,240,15,2026-08-16,Persian Empire,"MULTIPOLYGON (((26.80817 38.92978, 26.81489 38.92878, 26.819…"
882,Hellespontine Phrygia,-479.3,-478.3,74575.5,POLITY,,(Lydia),196,240,15,2026-08-16,Persian Empire,"MULTIPOLYGON (((28.0158 39.2667, 27.9925 39.2367, 27.9708 39…"
883,Hellespontine Phrygia,-478.3,-404.7,74532.3,POLITY,,(Lydia),196,240,15,2026-08-16,Persian Empire,"POLYGON ((27.9708 39.1933, 27.9308 39.1633, 27.8925 39.12, 2…"
884,Hellespontine Phrygia,-404.7,-394.2,74534.8,POLITY,,(Lydia),196,240,15,2026-08-16,Persian Empire,"POLYGON ((27.9708 39.1933, 27.9308 39.1633, 27.8925 39.12, 2…"
885,Hellespontine Phrygia,-394.2,-366.8,74608.2,POLITY,,(Lydia),196,240,15,2026-08-16,Persian Empire,"MULTIPOLYGON (((26.80817 38.92978, 26.81489 38.92878, 26.819…"
886,Hellespontine Phrygia,-362.3,-356.3,74796.6,POLITY,,(Lydia),196,240,15,2026-08-16,Persian Empire,"MULTIPOLYGON (((26.80817 38.92978, 26.81489 38.92878, 26.819…"
887,Hellespontine Phrygia,-353.2,-336.5,74796.6,POLITY,,(Lydia),196,240,15,2026-08-16,Persian Empire,"MULTIPOLYGON (((26.80817 38.92978, 26.81489 38.92878, 26.819…"
888,Hellespontine Phrygia,-336.5,-336.4,74591.2,POLITY,,(Lydia),196,240,15,2026-08-16,Persian Empire,"MULTIPOLYGON (((26.80817 38.92978, 26.81489 38.92878, 26.819…"
889,Hellespontine Phrygia,-336.4,-334.5,74560.4,POLITY,,(Lydia),196,240,15,2026-08-16,Persian Empire,"MULTIPOLYGON (((26.80817 38.92978, 26.81489 38.92878, 26.819…"
890,Hellespontine Phrygia,-333.5,-332.6,39.4,POLITY,,(Lydia),196,250,8,2026-08-16,Persian Empire,"POLYGON ((26.04845 39.789, 26.05289 39.7892, 26.05975 39.792…"
891,Lesbos,-544.5,-499.2,1649.9,POLITY,,(Hellespontine Phrygia),196,244,4,2026-08-16,Persian Empire,"POLYGON ((26.37892 38.97445, 26.37733 38.97486, 26.36725 38.…"
892,Lesbos,-493.5,-479.4,1649.9,POLITY,,(Hellespontine Phrygia),196,244,4,2026-08-16,Persian Empire,"POLYGON ((26.37892 38.97445, 26.37733 38.97486, 26.36725 38.…"
893,Tenedos,-513.8,-495.5,39.4,POLITY,,(Hellespontine Phrygia),196,250,8,2026-08-16,Persian Empire,"POLYGON ((26.04845 39.789, 26.05289 39.7892, 26.05975 39.792…"
894,Tenedos,-493.5,-478.3,39.4,POLITY,,(Hellespontine Phrygia),196,250,8,2026-08-16,Persian Empire,"POLYGON ((26.04845 39.789, 26.05289 39.7892, 26.05975 39.792…"
895,Tenedos,-394.2,-366.8,39.4,POLITY,,(Hellespontine Phrygia),196,250,8,2026-08-16,Persian Empire,"POLYGON ((26.04845 39.789, 26.05289 39.7892, 26.05975 39.792…"
896,Tenedos,-362.3,-356.3,39.4,POLITY,,(Hellespontine Phrygia),196,250,8,2026-08-16,Persian Empire,"POLYGON ((26.04845 39.789, 26.05289 39.7892, 26.05975 39.792…"
897,Tenedos,-353.2,-336.5,39.4,POLITY,,(Hellespontine Phrygia),196,250,8,2026-08-16,Persian Empire,"POLYGON ((26.04845 39.789, 26.05289 39.7892, 26.05975 39.792…"
898,Tenedos,-333.5,-332.6,39.4,POLITY,,(Hellespontine Phrygia),196,250,8,2026-08-16,Persian Empire,"POLYGON ((26.04845 39.789, 26.05289 39.7892, 26.05975 39.792…"
899,Iasos,-412.2,-404.7,107.3,POLITY,,(Lydia),196,252,7,2026-08-16,Persian Empire,"POLYGON ((27.6403 37.231, 27.6417 37.2377, 27.6464 37.2451, …"
900,Ionia,-544.5,-522.5,9160.0,POLITY,,(Lydia),196,241,11,2026-08-16,Persian Empire,"MULTIPOLYGON (((25.9782 38.40156, 25.97417 38.40411, 25.9631…"
901,Ionia,-522.5,-518.5,10728.5,POLITY,,(Lydia),196,244,13,2026-08-16,Persian Empire,"MULTIPOLYGON (((25.26997 37.41047, 25.27428 37.41022, 25.280…"
902,Ionia,-518.5,-516.5,10242.3,POLITY,,(Lydia),196,244,13,2026-08-16,Persian Empire,"MULTIPOLYGON (((25.26997 37.41047, 25.27428 37.41022, 25.280…"
903,Ionia,-516.5,-499.2,10728.5,POLITY,,(Lydia),196,244,13,2026-08-16,Persian Empire,"MULTIPOLYGON (((25.26997 37.41047, 25.27428 37.41022, 25.280…"
904,Ionia,-493.8,-493.5,79.9,POLITY,,(Lydia),196,241,11,2026-08-16,Persian Empire,"MULTIPOLYGON (((27.08122 37.28578, 27.08167 37.29128, 27.085…"
905,Ionia,-493.5,-479.4,10037.6,POLITY,,(Lydia),196,241,11,2026-08-16,Persian Empire,"MULTIPOLYGON (((26.50231 37.51478, 26.49786 37.5075, 26.4955…"
906,Ionia,-479.4,-479.3,8393.2,POLITY,,(Lydia),196,241,11,2026-08-16,Persian Empire,"MULTIPOLYGON (((26.54603 37.28058, 26.55445 37.28664, 26.553…"
907,Ionia,-479.3,-420.5,8209.4,POLITY,,(Lydia),196,241,11,2026-08-16,Persian Empire,"MULTIPOLYGON (((26.9158 38.95, 26.93 38.96, 26.9525 38.9683,…"
908,Ionia,-415.5,-401.6,8209.4,POLITY,,(Lydia),196,241,11,2026-08-16,Persian Empire,"MULTIPOLYGON (((26.9158 38.95, 26.93 38.96, 26.9525 38.9683,…"
909,Ionia,-401.6,-401.2,4.6,POLITY,,(Lydia),196,241,11,2026-08-16,Persian Empire,"POLYGON ((26.93328 38.43189, 26.94117 38.43245, 26.94653 38.…"
910,Ionia,-401.2,-394.2,8209.4,POLITY,,(Lydia),196,241,11,2026-08-16,Persian Empire,"MULTIPOLYGON (((26.9158 38.95, 26.93 38.96, 26.9525 38.9683,…"
911,Ionia,-394.2,-386.5,8238.9,POLITY,,(Lydia),196,241,11,2026-08-16,Persian Empire,"MULTIPOLYGON (((26.93 38.96, 26.9525 38.9683, 26.9708 38.970…"
912,Ionia,-386.5,-381.3,8246.9,POLITY,,(Lydia),196,241,11,2026-08-16,Persian Empire,"MULTIPOLYGON (((26.9525 38.9683, 26.9708 38.9708, 27.0025 38…"
913,Ionia,-381.3,-378.5,42.2,POLITY,,(Lydia),196,241,11,2026-08-16,Persian Empire,"MULTIPOLYGON (((26.46556 38.40422, 26.47536 38.39975, 26.471…"
914,Ionia,-378.5,-363.5,8246.9,POLITY,,(Lydia),196,241,11,2026-08-16,Persian Empire,"MULTIPOLYGON (((26.9525 38.9683, 26.9708 38.9708, 27.0025 38…"
915,Ionia,-360.5,-334.3,8246.9,POLITY,,(Lydia),196,241,11,2026-08-16,Persian Empire,"MULTIPOLYGON (((26.9525 38.9683, 26.9708 38.9708, 27.0025 38…"
916,Ionia,-333.3,-332.3,274.3,POLITY,,(Lydia),196,241,11,2026-08-16,Persian Empire,"POLYGON ((27.216 37.4832, 27.22095 37.48494, 27.22461 37.482…"
917,Akrite,-522.5,-499.2,6.5,POLITY,,(Ionia),196,244,6,2026-08-16,Persian Empire,"POLYGON ((26.75039 37.36839, 26.75714 37.3747, 26.76489 37.3…"
918,Akrite,-493.8,-479.3,6.5,POLITY,,(Ionia),196,244,6,2026-08-16,Persian Empire,"POLYGON ((26.75039 37.36839, 26.75714 37.3747, 26.76489 37.3…"
919,Andros,-522.5,-499.2,385.2,POLITY,,(Ionia),196,244,14,2026-08-16,Persian Empire,"POLYGON ((24.994 37.77175, 24.99206 37.77439, 24.98836 37.77…"
920,Chios,-544.5,-499.2,849.1,POLITY,,(Ionia),196,243,15,2026-08-16,Persian Empire,"POLYGON ((25.99061 38.3955, 25.98883 38.39275, 25.98536 38.3…"
921,Chios,-493.5,-479.4,849.1,POLITY,,(Ionia),196,243,15,2026-08-16,Persian Empire,"POLYGON ((25.99061 38.3955, 25.98883 38.39275, 25.98536 38.3…"
922,Delos,-522.5,-499.2,3.8,POLITY,,(Ionia),196,244,15,2026-08-16,Persian Empire,"POLYGON ((25.25889 37.37061, 25.26347 37.37131, 25.27556 37.…"
923,Drymousa,-544.5,-499.2,25.7,POLITY,,(Ionia),196,244,0,2026-08-16,Persian Empire,"POLYGON ((26.73703 38.46067, 26.74142 38.4613, 26.74867 38.4…"
924,Drymousa,-493.5,-479.3,25.7,POLITY,,(Ionia),196,244,0,2026-08-16,Persian Empire,"POLYGON ((26.73703 38.46067, 26.74142 38.4613, 26.74867 38.4…"
925,Hyetousa,-522.5,-499.2,1.4,POLITY,,(Ionia),196,244,7,2026-08-16,Persian Empire,"POLYGON ((26.71228 37.3575, 26.71878 37.36589, 26.71711 37.3…"
926,Hyetousa,-493.8,-479.3,1.4,POLITY,,(Ionia),196,244,7,2026-08-16,Persian Empire,"POLYGON ((26.71228 37.3575, 26.71878 37.36589, 26.71711 37.3…"
927,Ikaros,-522.5,-499.2,263.7,POLITY,,(Ionia),196,244,5,2026-08-16,Persian Empire,"POLYGON ((26.35517 37.69214, 26.35931 37.69428, 26.36617 37.…"
928,Ikaros,-493.5,-479.4,263.7,POLITY,,(Ionia),196,244,5,2026-08-16,Persian Empire,"POLYGON ((26.35517 37.69214, 26.35931 37.69428, 26.36617 37.…"
929,Lepsia,-522.5,-499.2,16.1,POLITY,,(Ionia),196,244,9,2026-08-16,Persian Empire,"POLYGON ((26.78814 37.27836, 26.79072 37.27903, 26.79083 37.…"
930,Lepsia,-493.8,-479.3,16.1,POLITY,,(Ionia),196,244,9,2026-08-16,Persian Empire,"POLYGON ((26.78814 37.27836, 26.79072 37.27903, 26.79083 37.…"
931,Mykonos,-522.5,-499.2,85.8,POLITY,,(Ionia),196,244,12,2026-08-16,Persian Empire,"POLYGON ((25.38353 37.49006, 25.38292 37.48867, 25.38689 37.…"
932,Oinousa,-544.5,-499.2,15.5,POLITY,,(Ionia),196,244,2,2026-08-16,Persian Empire,"POLYGON ((26.246 38.5047, 26.25478 38.50689, 26.26047 38.515…"
933,Oinousa,-493.5,-479.3,15.5,POLITY,,(Ionia),196,244,2,2026-08-16,Persian Empire,"POLYGON ((26.246 38.5047, 26.25478 38.50689, 26.26047 38.515…"
934,Patmos,-522.5,-499.2,36.9,POLITY,,(Ionia),196,244,8,2026-08-16,Persian Empire,"POLYGON ((26.56039 37.26936, 26.56992 37.272, 26.57561 37.27…"
935,Patmos,-493.8,-479.3,36.9,POLITY,,(Ionia),196,244,8,2026-08-16,Persian Empire,"POLYGON ((26.56039 37.26936, 26.56992 37.272, 26.57561 37.27…"
936,Pele,-544.5,-499.2,1.9,POLITY,,(Ionia),196,244,1,2026-08-16,Persian Empire,"POLYGON ((26.76759 38.43617, 26.77031 38.44047, 26.77528 38.…"
937,Pele,-493.5,-479.3,1.9,POLITY,,(Ionia),196,244,1,2026-08-16,Persian Empire,"POLYGON ((26.76759 38.43617, 26.77031 38.44047, 26.77528 38.…"
938,Pharmakousa,-522.5,-499.2,4.8,POLITY,,(Ionia),196,244,10,2026-08-16,Persian Empire,"POLYGON ((27.09122 37.27367, 27.09528 37.27589, 27.10017 37.…"
939,Pharmakousa,-493.8,-479.3,4.8,POLITY,,(Ionia),196,244,10,2026-08-16,Persian Empire,"POLYGON ((27.09122 37.27367, 27.09528 37.27589, 27.10017 37.…"
940,Psyra,-544.5,-499.2,40.2,POLITY,,(Ionia),196,244,3,2026-08-16,Persian Empire,"POLYGON ((25.56297 38.53447, 25.56472 38.53583, 25.56595 38.…"
941,Psyra,-493.5,-479.4,40.2,POLITY,,(Ionia),196,244,3,2026-08-16,Persian Empire,"POLYGON ((25.56297 38.53447, 25.56472 38.53583, 25.56595 38.…"
942,Rheneia,-522.5,-499.2,15.9,POLITY,,(Ionia),196,245,0,2026-08-16,Persian Empire,"POLYGON ((25.21903 37.37189, 25.22589 37.37233, 25.23078 37.…"
943,Samos,-522.5,-518.5,486.1,POLITY,,(Ionia),196,243,11,2026-08-16,Persian Empire,"POLYGON ((26.7507 37.69986, 26.73158 37.70842, 26.72014 37.7…"
944,Samos,-516.5,-499.2,486.1,POLITY,,(Ionia),196,243,11,2026-08-16,Persian Empire,"POLYGON ((26.7507 37.69986, 26.73158 37.70842, 26.72014 37.7…"
945,Samos,-493.5,-479.4,486.1,POLITY,,(Ionia),196,243,11,2026-08-16,Persian Empire,"POLYGON ((26.7507 37.69986, 26.73158 37.70842, 26.72014 37.7…"
946,Tenos,-522.5,-499.2,197.9,POLITY,,(Ionia),196,244,13,2026-08-16,Persian Empire,"POLYGON ((25.0027 37.67008, 25.01308 37.68014, 25.01681 37.6…"
947,Tragia,-522.5,-499.2,13.7,POLITY,,(Ionia),196,244,11,2026-08-16,Persian Empire,"POLYGON ((26.94895 37.45442, 26.94203 37.46731, 26.93009 37.…"
948,Tragia,-493.8,-479.3,13.7,POLITY,,(Ionia),196,244,11,2026-08-16,Persian Empire,"POLYGON ((26.94895 37.45442, 26.94203 37.46731, 26.93009 37.…"
949,Karia,-544.5,-543.5,4722.4,POLITY,,(Lydia),196,241,12,2026-08-16,Persian Empire,"POLYGON ((27.3828 37.7118, 27.387 37.7126, 27.3954 37.7226, …"
950,Karia,-543.5,-514.5,33251.0,POLITY,,(Lydia),196,241,12,2026-08-16,Persian Empire,"MULTIPOLYGON (((30.0458 37.0875, 30.0208 37.0125, 30.0375 36…"
951,Karia,-514.5,-499.3,35424.9,POLITY,,(Lydia),196,241,12,2026-08-16,Persian Empire,"MULTIPOLYGON (((27.2965 36.48395, 27.29817 36.48208, 27.2961…"
952,Karia,-499.3,-499.2,35422.0,POLITY,,(Lydia),196,241,12,2026-08-16,Persian Empire,"MULTIPOLYGON (((27.2965 36.48395, 27.29817 36.48208, 27.2961…"
953,Karia,-499.2,-497.6,28543.6,POLITY,,(Lydia),196,241,12,2026-08-16,Persian Empire,"MULTIPOLYGON (((29.6382 36.11478, 29.64559 36.11561, 29.6470…"
954,Karia,-494.0,-493.8,277.2,POLITY,,(Lydia),196,241,12,2026-08-16,Persian Empire,"MULTIPOLYGON (((27.2177 37.4888, 27.2219 37.4904, 27.226 37.…"
955,Karia,-493.8,-479.3,35827.5,POLITY,,(Lydia),196,241,12,2026-08-16,Persian Empire,"MULTIPOLYGON (((26.88509 35.39661, 26.89506 35.40403, 26.905…"
956,Karia,-479.3,-469.5,35822.5,POLITY,,(Lydia),196,250,7,2026-08-16,Persian Empire,"MULTIPOLYGON (((26.88509 35.39661, 26.89506 35.40403, 26.905…"
957,Karia,-469.5,-420.5,33245.9,POLITY,,(Lydia),196,241,12,2026-08-16,Persian Empire,"POLYGON ((30.0333 37.1708, 30.0458 37.0875, 30.0208 37.0125,…"
958,Karia,-415.5,-413.5,33245.9,POLITY,,(Lydia),196,241,12,2026-08-16,Persian Empire,"POLYGON ((30.0333 37.1708, 30.0458 37.0875, 30.0208 37.0125,…"
959,Karia,-413.5,-412.2,16909.6,POLITY,,(Lydia),196,241,12,2026-08-16,Persian Empire,"MULTIPOLYGON (((30.0333 37.2625, 30.0333 37.1708, 30.0458 37…"
960,Karia,-412.2,-400.1,33245.9,POLITY,,(Lydia),196,241,12,2026-08-16,Persian Empire,"POLYGON ((30.0333 37.1708, 30.0458 37.0875, 30.0208 37.0125,…"
961,Karia,-400.1,-394.2,16610.6,POLITY,,(Lydia),196,241,12,2026-08-16,Persian Empire,"POLYGON ((28.4925 37.1383, 28.4867 37.1142, 28.4767 37.0767,…"
962,Karia,-394.2,-386.5,16666.3,POLITY,,(Lydia),196,241,12,2026-08-16,Persian Empire,"MULTIPOLYGON (((28.03581 36.72445, 28.03367 36.72083, 28.025…"
963,Karia,-386.5,-367.5,16667.1,POLITY,,(Lydia),196,241,12,2026-08-16,Persian Empire,"MULTIPOLYGON (((27.51325 36.6645, 27.5172 36.66375, 27.51822…"
964,Karia,-367.5,-365.7,17153.3,POLITY,,(Lydia),196,241,12,2026-08-16,Persian Empire,"MULTIPOLYGON (((27.51325 36.6645, 27.5172 36.66375, 27.51822…"
965,Karia,-365.7,-363.5,16667.1,POLITY,,(Lydia),196,241,12,2026-08-16,Persian Empire,"MULTIPOLYGON (((27.51325 36.6645, 27.5172 36.66375, 27.51822…"
966,Karia,-360.5,-356.9,33302.4,POLITY,,(Lydia),196,241,12,2026-08-16,Persian Empire,"MULTIPOLYGON (((27.51325 36.6645, 27.5172 36.66375, 27.51822…"
967,Karia,-356.9,-344.5,34718.7,POLITY,,(Lydia),196,241,12,2026-08-16,Persian Empire,"MULTIPOLYGON (((27.76811 35.89417, 27.76908 35.89784, 27.755…"
968,Karia,-344.5,-340.5,35567.8,POLITY,,(Lydia),196,241,12,2026-08-16,Persian Empire,"MULTIPOLYGON (((27.76811 35.89417, 27.76908 35.89784, 27.755…"
969,Karia,-340.5,-334.3,34718.7,POLITY,,(Lydia),196,241,12,2026-08-16,Persian Empire,"MULTIPOLYGON (((27.76811 35.89417, 27.76908 35.89784, 27.755…"
970,Karia,-334.3,-334.0,35014.0,POLITY,,(Lydia),196,241,12,2026-08-16,Persian Empire,"MULTIPOLYGON (((27.76811 35.89417, 27.76908 35.89784, 27.755…"
971,Karia,-334.0,-333.7,295.3,POLITY,,(Lydia),196,250,0,2026-08-16,Persian Empire,"POLYGON ((27.35589 36.87206, 27.34725 36.88939, 27.34306 36.…"
972,Karia,-333.7,-332.4,1144.4,POLITY,,(Lydia),196,253,11,2026-08-16,Persian Empire,"MULTIPOLYGON (((27.3572 36.86945, 27.35492 36.86009, 27.3441…"
973,Karia,-332.4,-332.3,295.3,POLITY,,(Lydia),196,250,0,2026-08-16,Persian Empire,"POLYGON ((27.35589 36.87206, 27.34725 36.88939, 27.34306 36.…"
974,Karia,-366.4,-366.3,2334.3,TRANSIENT,,(Lydia),196,253,5,2026-08-16,Persian Empire,"POLYGON ((30.0933 37.6967, 30.1433 37.6967, 30.21 37.6717, 3…"
975,Karia,-357.4,-356.9,1204.6,TRANSIENT,,(Lydia),196,253,6,2026-08-16,Persian Empire,"POLYGON ((27.435 37.0225, 27.4192 36.9967, 27.4117 36.9675, …"
976,Karia,-356.9,-356.5,548.2,TRANSIENT,,(Lydia),196,253,6,2026-08-16,Persian Empire,"POLYGON ((27.435 37.0225, 27.4192 36.9967, 27.4117 36.9675, …"
977,Karia,-356.5,-356.4,1802.1,TRANSIENT,,(Lydia),196,253,6,2026-08-16,Persian Empire,"POLYGON ((25.8352 39.9711, 25.8042 39.9297, 25.7732 39.8521,…"
978,Karia,-356.4,-356.1,1481.0,TRANSIENT,,(Lydia),196,253,6,2026-08-16,Persian Empire,"POLYGON ((25.8352 39.9711, 25.8042 39.9297, 25.7732 39.8521,…"
979,Karia,-346.2,-345.7,4549.1,TRANSIENT,,(Lydia),196,253,8,2026-08-16,Persian Empire,"POLYGON ((30.2514 36.1424, 30.3264 36.1257, 30.4014 36.1091,…"
980,Karia,-345.7,-344.5,8562.7,TRANSIENT,,(Lydia),196,253,8,2026-08-16,Persian Empire,"POLYGON ((32.3028 34.8662, 32.3359 34.7862, 32.3855 34.7338,…"
981,Karia,-344.5,-344.4,4549.1,TRANSIENT,,(Lydia),196,253,8,2026-08-16,Persian Empire,"POLYGON ((30.2514 36.1424, 30.3264 36.1257, 30.4014 36.1091,…"
982,Army of Idrieus,-345.7,-344.5,1347.6,TRANSIENT,,(Karia),196,253,9,2026-08-16,Persian Empire,"POLYGON ((32.7469 35.1476, 32.7717 35.0952, 32.8407 35.0566,…"
983,Army of Mausolus,-366.4,-366.3,2334.3,TRANSIENT,,(Karia),196,253,5,2026-08-16,Persian Empire,"POLYGON ((30.0933 37.6967, 30.1433 37.6967, 30.21 37.6717, 3…"
984,Chalke,-514.5,-499.2,28.7,POLITY,,(Karia),196,250,6,2026-08-16,Persian Empire,"POLYGON ((27.52064 36.20886, 27.52067 36.20875, 27.52403 36.…"
985,Chalke,-493.8,-469.5,28.7,POLITY,,(Karia),196,250,6,2026-08-16,Persian Empire,"POLYGON ((27.52064 36.20886, 27.52067 36.20875, 27.52403 36.…"
986,Chios,-344.5,-340.5,849.1,POLITY,,(Karia),196,253,11,2026-08-16,Persian Empire,"POLYGON ((25.99061 38.3955, 25.98883 38.39275, 25.98536 38.3…"
987,Chios,-333.7,-332.4,849.1,POLITY,,(Karia),196,253,11,2026-08-16,Persian Empire,"POLYGON ((25.99061 38.3955, 25.98883 38.39275, 25.98536 38.3…"
988,Cos,-514.5,-499.2,295.3,POLITY,,(Karia),196,250,0,2026-08-16,Persian Empire,"POLYGON ((27.35589 36.87206, 27.34725 36.88939, 27.34306 36.…"
989,Cos,-493.8,-469.5,295.3,POLITY,,(Karia),196,250,0,2026-08-16,Persian Empire,"POLYGON ((27.35589 36.87206, 27.34725 36.88939, 27.34306 36.…"
990,Cos,-334.3,-332.3,295.3,POLITY,,(Karia),196,250,0,2026-08-16,Persian Empire,"POLYGON ((27.35589 36.87206, 27.34725 36.88939, 27.34306 36.…"
991,Eulimna,-514.5,-499.2,6.8,POLITY,,(Karia),196,250,5,2026-08-16,Persian Empire,"POLYGON ((27.70322 36.24586, 27.70525 36.24697, 27.70897 36.…"
992,Eulimna,-493.8,-469.5,6.8,POLITY,,(Karia),196,250,5,2026-08-16,Persian Empire,"POLYGON ((27.70322 36.24586, 27.70525 36.24697, 27.70897 36.…"
993,Istros,-514.5,-499.2,5.2,POLITY,,(Karia),196,250,1,2026-08-16,Persian Empire,"POLYGON ((27.1285 36.67675, 27.11914 36.66586, 27.10717 36.6…"
994,Istros,-493.8,-469.5,5.2,POLITY,,(Karia),196,250,1,2026-08-16,Persian Empire,"POLYGON ((27.1285 36.67675, 27.11914 36.66586, 27.10717 36.6…"
995,Kalymna,-514.5,-499.2,109.6,POLITY,,(Karia),196,249,13,2026-08-16,Persian Empire,"POLYGON ((26.96153 36.92717, 26.96411 36.92758, 26.96881 36.…"
996,Kalymna,-493.8,-469.5,109.6,POLITY,,(Karia),196,249,13,2026-08-16,Persian Empire,"POLYGON ((26.96153 36.92717, 26.96411 36.92758, 26.96881 36.…"
997,Karpathos,-493.8,-469.5,308.9,POLITY,,(Karia),196,250,15,2026-08-16,Persian Empire,"POLYGON ((27.22314 35.54817, 27.22356 35.54731, 27.22058 35.…"
998,Kasos,-493.8,-469.5,67.8,POLITY,,(Karia),196,251,1,2026-08-16,Persian Empire,"POLYGON ((26.86834 35.37983, 26.86036 35.38053, 26.85742 35.…"
999,Leros,-514.5,-499.2,53.6,POLITY,,(Karia),196,249,12,2026-08-16,Persian Empire,"POLYGON ((26.89536 37.09892, 26.89386 37.11867, 26.88392 37.…"
1000,Leros,-493.8,-469.5,53.6,POLITY,,(Karia),196,249,12,2026-08-16,Persian Empire,"POLYGON ((26.89536 37.09892, 26.89386 37.11867, 26.88392 37.…"
1001,Miletus,-543.5,-499.3,277.2,POLITY,,(Karia),196,243,2,2026-08-16,Persian Empire,"MULTIPOLYGON (((27.2177 37.4888, 27.2219 37.4904, 27.226 37.…"
1002,Naval expedition of Idrieus,-346.2,-345.7,4549.1,TRANSIENT,,(Karia),196,253,8,2026-08-16,Persian Empire,"POLYGON ((30.2514 36.1424, 30.3264 36.1257, 30.4014 36.1091,…"
1003,Naval expedition of Idrieus,-345.7,-344.5,7257.0,TRANSIENT,,(Karia),196,253,8,2026-08-16,Persian Empire,"POLYGON ((32.3028 34.8662, 32.3359 34.7862, 32.3855 34.7338,…"
1004,Naval expedition of Idrieus,-344.5,-344.4,4549.1,TRANSIENT,,(Karia),196,253,8,2026-08-16,Persian Empire,"POLYGON ((30.2514 36.1424, 30.3264 36.1257, 30.4014 36.1091,…"
1005,Naval expedition of Mausolus,-357.4,-356.9,1204.6,TRANSIENT,,(Karia),196,253,6,2026-08-16,Persian Empire,"POLYGON ((27.435 37.0225, 27.4192 36.9967, 27.4117 36.9675, …"
1006,Naval expedition of Mausolus,-356.9,-356.5,548.2,TRANSIENT,,(Karia),196,253,6,2026-08-16,Persian Empire,"POLYGON ((27.435 37.0225, 27.4192 36.9967, 27.4117 36.9675, …"
1007,Naval expedition of Mausolus,-356.5,-356.4,1802.1,TRANSIENT,,(Karia),196,253,6,2026-08-16,Persian Empire,"POLYGON ((25.8352 39.9711, 25.8042 39.9297, 25.7732 39.8521,…"
1008,Naval expedition of Mausolus,-356.4,-356.1,1481.0,TRANSIENT,,(Karia),196,253,6,2026-08-16,Persian Empire,"POLYGON ((25.8352 39.9711, 25.8042 39.9297, 25.7732 39.8521,…"
1009,Nisyros,-514.5,-499.2,42.9,POLITY,,(Karia),196,250,2,2026-08-16,Persian Empire,"POLYGON ((27.19056 36.55831, 27.19342 36.55892, 27.2022 36.5…"
1010,Nisyros,-493.8,-469.5,42.9,POLITY,,(Karia),196,250,2,2026-08-16,Persian Empire,"POLYGON ((27.19056 36.55831, 27.19342 36.55892, 27.2022 36.5…"
1011,Pserimos,-514.5,-499.2,14.9,POLITY,,(Karia),196,249,15,2026-08-16,Persian Empire,"POLYGON ((27.1742 36.92056, 27.17678 36.92097, 27.17325 36.9…"
1012,Pserimos,-493.8,-469.5,14.9,POLITY,,(Karia),196,249,15,2026-08-16,Persian Empire,"POLYGON ((27.1742 36.92056, 27.17678 36.92097, 27.17325 36.9…"
1013,Rhodos,-514.5,-499.2,1416.3,POLITY,,(Karia),196,250,7,2026-08-16,Persian Empire,"POLYGON ((27.75581 35.88136, 27.76003 35.88106, 27.76883 35.…"
1014,Rhodos,-493.8,-469.5,1416.3,POLITY,,(Karia),196,250,7,2026-08-16,Persian Empire,"POLYGON ((27.75581 35.88136, 27.76003 35.88106, 27.76883 35.…"
1015,Rhodos,-356.9,-334.0,1416.3,POLITY,,(Karia),196,250,7,2026-08-16,Persian Empire,"POLYGON ((27.75581 35.88136, 27.76003 35.88106, 27.76883 35.…"
1016,Samos,-367.5,-365.7,486.1,POLITY,,(Karia),196,253,4,2026-08-16,Persian Empire,"POLYGON ((26.7507 37.69986, 26.73158 37.70842, 26.72014 37.7…"
1017,Saros,-493.8,-469.5,22.5,POLITY,,(Karia),196,251,0,2026-08-16,Persian Empire,"POLYGON ((27.24086 35.83536, 27.24314 35.836, 27.24339 35.84…"
1018,Syme,-514.5,-499.2,58.5,POLITY,,(Karia),196,250,4,2026-08-16,Persian Empire,"POLYGON ((27.83486 36.53628, 27.83581 36.53472, 27.84297 36.…"
1019,Syme,-493.8,-469.5,58.5,POLITY,,(Karia),196,250,4,2026-08-16,Persian Empire,"POLYGON ((27.83486 36.53628, 27.83581 36.53472, 27.84297 36.…"
1020,Telendos,-514.5,-499.2,4.4,POLITY,,(Karia),196,249,14,2026-08-16,Persian Empire,"POLYGON ((26.92009 36.99164, 26.92211 36.99253, 26.92734 37.…"
1021,Telendos,-493.8,-469.5,4.4,POLITY,,(Karia),196,249,14,2026-08-16,Persian Empire,"POLYGON ((26.92009 36.99164, 26.92211 36.99253, 26.92734 37.…"
1022,Telos,-514.5,-499.2,66.5,POLITY,,(Karia),196,250,3,2026-08-16,Persian Empire,"POLYGON ((27.36481 36.39114, 27.36886 36.39278, 27.37306 36.…"
1023,Telos,-493.8,-469.5,66.5,POLITY,,(Karia),196,250,3,2026-08-16,Persian Empire,"POLYGON ((27.36481 36.39114, 27.36886 36.39278, 27.37306 36.…"
1024,Lydia,-547.1,-420.5,26799.7,POLITY,,(Lydia),196,241,3,2026-08-16,Persian Empire,"POLYGON ((28.69686 37.93978, 28.70406 37.94459, 28.71942 37.…"
1025,Lydia,-415.5,-401.6,26799.7,POLITY,,(Lydia),196,241,3,2026-08-16,Persian Empire,"POLYGON ((28.69686 37.93978, 28.70406 37.94459, 28.71942 37.…"
1026,Lydia,-401.2,-363.5,26799.7,POLITY,,(Lydia),196,241,3,2026-08-16,Persian Empire,"POLYGON ((28.69686 37.93978, 28.70406 37.94459, 28.71942 37.…"
1027,Lydia,-360.5,-334.4,26799.7,POLITY,,(Lydia),196,241,3,2026-08-16,Persian Empire,"POLYGON ((28.69686 37.93978, 28.70406 37.94459, 28.71942 37.…"
1028,Thrace,-512.5,-511.5,124753.4,POLITY,,(Lydia),196,250,11,2026-08-16,Persian Empire,"MULTIPOLYGON (((24.98703 39.46811, 24.97586 39.49133, 24.972…"
1029,Thrace,-511.5,-510.5,125348.0,POLITY,,(Lydia),196,246,0,2026-08-16,Persian Empire,"MULTIPOLYGON (((24.97586 39.49133, 24.97286 39.49758, 24.975…"
1030,Thrace,-510.5,-508.5,133193.9,POLITY,,(Lydia),196,246,0,2026-08-16,Persian Empire,"MULTIPOLYGON (((24.97586 39.49133, 24.97286 39.49758, 24.975…"
1031,Thrace,-508.5,-498.5,133376.8,POLITY,,(Lydia),196,246,0,2026-08-16,Persian Empire,"MULTIPOLYGON (((24.97586 39.49133, 24.97286 39.49758, 24.975…"
1032,Thrace,-498.5,-498.4,125530.9,POLITY,,(Lydia),196,246,0,2026-08-16,Persian Empire,"MULTIPOLYGON (((24.97586 39.49133, 24.97286 39.49758, 24.975…"
1033,Thrace,-498.4,-497.5,124374.2,POLITY,,(Lydia),196,246,0,2026-08-16,Persian Empire,"MULTIPOLYGON (((24.98703 39.46811, 24.97586 39.49133, 24.972…"
1034,Thrace,-497.5,-495.5,1007.3,POLITY,,(Lydia),196,250,11,2026-08-16,Persian Empire,"MULTIPOLYGON (((24.98817 39.46578, 24.98703 39.46811, 24.975…"
1035,Thrace,-493.5,-492.3,6588.1,POLITY,,(Lydia),196,250,11,2026-08-16,Persian Empire,"MULTIPOLYGON (((24.98703 39.46811, 24.97586 39.49133, 24.972…"
1036,Thrace,-492.3,-492.1,14815.7,POLITY,,(Lydia),196,250,11,2026-08-16,Persian Empire,"MULTIPOLYGON (((24.98703 39.46811, 24.97586 39.49133, 24.972…"
1037,Thrace,-492.1,-485.5,133758.5,POLITY,,(Lydia),196,246,0,2026-08-16,Persian Empire,"MULTIPOLYGON (((24.97586 39.49133, 24.97286 39.49758, 24.975…"
1038,Thrace,-485.5,-480.4,73854.2,POLITY,,(Lydia),196,246,0,2026-08-16,Persian Empire,"MULTIPOLYGON (((24.97586 39.49133, 24.97286 39.49758, 24.975…"
1039,Thrace,-480.4,-480.1,133754.3,POLITY,,(Lydia),196,246,0,2026-08-16,Persian Empire,"MULTIPOLYGON (((24.97586 39.49133, 24.97286 39.49758, 24.975…"
1040,Thrace,-480.1,-479.4,133588.8,POLITY,,(Lydia),196,246,0,2026-08-16,Persian Empire,"MULTIPOLYGON (((24.97586 39.49133, 24.97286 39.49758, 24.975…"
1041,Thrace,-479.4,-479.0,125742.9,POLITY,,(Lydia),196,246,0,2026-08-16,Persian Empire,"MULTIPOLYGON (((24.97586 39.49133, 24.97286 39.49758, 24.975…"
1042,Thrace,-479.0,-478.3,124774.7,POLITY,,(Lydia),196,246,0,2026-08-16,Persian Empire,"MULTIPOLYGON (((24.97586 39.49133, 24.97286 39.49758, 24.975…"
1043,Thrace,-478.3,-476.5,124586.2,POLITY,,(Lydia),196,246,0,2026-08-16,Persian Empire,"MULTIPOLYGON (((24.98703 39.46811, 24.97586 39.49133, 24.972…"
1044,Thrace,-476.5,-475.8,124204.5,POLITY,,(Lydia),196,246,0,2026-08-16,Persian Empire,"MULTIPOLYGON (((24.98703 39.46811, 24.97586 39.49133, 24.972…"
1045,Thrace,-475.8,-475.5,122772.2,POLITY,,(Lydia),196,246,0,2026-08-16,Persian Empire,"POLYGON ((23.85561 40.79778, 23.85122 40.79492, 23.83847 40.…"
1046,Thrace,-394.1,-366.8,188.5,POLITY,,(Lydia),196,246,0,2026-08-16,Persian Empire,"MULTIPOLYGON (((28.07031 40.47217, 28.07236 40.4692, 28.0798…"
1047,Halonnesos,-512.5,-495.5,39.4,POLITY,,(Thrace),196,250,11,2026-08-16,Persian Empire,"POLYGON ((24.99939 39.48134, 24.99583 39.46875, 24.98817 39.…"
1048,Halonnesos,-493.5,-475.8,39.4,POLITY,,(Thrace),196,250,11,2026-08-16,Persian Empire,"POLYGON ((24.99939 39.48134, 24.99583 39.46875, 24.98817 39.…"
1049,Imbros,-512.5,-495.5,286.8,POLITY,,(Thrace),196,250,9,2026-08-16,Persian Empire,"POLYGON ((25.74358 40.09659, 25.75597 40.102, 25.76783 40.10…"
1050,Imbros,-493.5,-475.8,286.8,POLITY,,(Thrace),196,250,9,2026-08-16,Persian Empire,"POLYGON ((25.74358 40.09659, 25.75597 40.102, 25.76783 40.10…"
1051,Lemnos,-512.5,-495.5,496.2,POLITY,,(Thrace),196,250,10,2026-08-16,Persian Empire,"POLYGON ((25.25933 39.99036, 25.2715 39.99147, 25.27386 39.9…"
1052,Lemnos,-493.5,-475.8,496.2,POLITY,,(Thrace),196,250,10,2026-08-16,Persian Empire,"POLYGON ((25.25933 39.99036, 25.2715 39.99147, 25.27386 39.9…"
1053,Macedon,-510.5,-498.5,7845.9,POLITY,,(Thrace),196,246,2,2026-08-16,Persian Empire,"POLYGON ((22.62189 40, 22.6034 40.0035, 22.5641 40.0097, 22.…"
1054,Macedon,-492.3,-479.4,7845.9,POLITY,,(Thrace),196,246,2,2026-08-16,Persian Empire,"POLYGON ((22.62189 40, 22.6034 40.0035, 22.5641 40.0097, 22.…"
1055,Samothrace,-508.5,-495.5,182.8,POLITY,,(Thrace),196,250,12,2026-08-16,Persian Empire,"POLYGON ((25.61364 40.51278, 25.60447 40.51364, 25.57253 40.…"
1056,Samothrace,-493.5,-475.8,182.8,POLITY,,(Thrace),196,250,12,2026-08-16,Persian Empire,"POLYGON ((25.61364 40.51278, 25.60447 40.51364, 25.57253 40.…"
1057,Thasos,-492.3,-476.5,381.7,POLITY,,(Thrace),196,251,5,2026-08-16,Persian Empire,"MULTIPOLYGON (((24.782 40.66659, 24.78686 40.67356, 24.79008…"
1058,Thracian Chersonese,-512.5,-498.4,968.2,POLITY,,(Thrace),196,246,1,2026-08-16,Persian Empire,"POLYGON ((26.90108 40.54556, 26.8775 40.52678, 26.87539 40.5…"
1059,Thracian Chersonese,-493.5,-479.0,968.2,POLITY,,(Thrace),196,246,1,2026-08-16,Persian Empire,"POLYGON ((26.90108 40.54556, 26.8775 40.52678, 26.87539 40.5…"
1060,Lykia,-545.5,-543.5,16635.3,POLITY,,(Lydia),196,241,7,2026-08-16,Persian Empire,"POLYGON ((30.0333 37.2625, 30.0333 37.1708, 30.0458 37.0875,…"
1061,Media,-550.5,-547.1,1192271.9,POLITY,,(Persian Empire),196,240,6,2026-08-16,Persian Empire,"POLYGON ((45 35.1715, 44.98 35.201, 44.9614 35.23, 44.9386 3…"
1062,Media,-547.1,-539.2,1083636.6,POLITY,,(Persian Empire),196,240,6,2026-08-16,Persian Empire,"POLYGON ((44.9386 35.2735, 44.9138 35.3128, 44.8703 35.3914,…"
1063,Media,-539.2,-534.5,951956.4,POLITY,,(Persian Empire),196,240,6,2026-08-16,Persian Empire,"POLYGON ((49.9168 33.0687, 49.8949 33.1011, 49.8621 33.1195,…"
1064,Media,-534.5,-522.8,1152381.0,POLITY,,(Persian Empire),196,240,6,2026-08-16,Persian Empire,"POLYGON ((49.8949 33.1011, 49.8621 33.1195, 49.8621 33.1565,…"
1065,Media,-522.8,-522.4,946257.1,POLITY,,(Persian Empire),196,240,5,2026-08-16,Persian Empire,"POLYGON ((52.7875 32.6708, 52.8208 32.5833, 52.8583 32.4958,…"
1066,Media,-522.4,-522.1,1152381.0,POLITY,,(Persian Empire),196,240,6,2026-08-16,Persian Empire,"POLYGON ((49.8949 33.1011, 49.8621 33.1195, 49.8621 33.1565,…"
1067,Media,-522.1,-521.5,200424.6,POLITY,,(Persian Empire),196,242,13,2026-08-16,Persian Empire,"POLYGON ((62.44747 39.99181, 62.45681 39.98503, 62.4772 39.9…"
1068,Media,-521.5,-521.4,645967.1,POLITY,,(Persian Empire),196,240,6,2026-08-16,Persian Empire,"MULTIPOLYGON (((45.9794 35.012, 45.961 35.0229, 45.946 35.03…"
1069,Media,-521.4,-521.3,690886.7,POLITY,,(Persian Empire),196,240,6,2026-08-16,Persian Empire,"MULTIPOLYGON (((45.9794 35.012, 45.961 35.0229, 45.946 35.03…"
1070,Media,-521.3,-514.5,1152381.0,POLITY,,(Persian Empire),196,240,6,2026-08-16,Persian Empire,"POLYGON ((49.8949 33.1011, 49.8621 33.1195, 49.8621 33.1565,…"
1071,Media,-514.5,-363.5,1372224.7,POLITY,,(Persian Empire),196,240,6,2026-08-16,Persian Empire,"POLYGON ((49.8949 33.1011, 49.8621 33.1195, 49.8621 33.1565,…"
1072,Media,-363.5,-360.5,1050329.5,POLITY,,(Persian Empire),196,240,6,2026-08-16,Persian Empire,"POLYGON ((52.8875 32.4125, 52.9208 32.3125, 52.9458 32.2333,…"
1073,Media,-360.5,-330.5,1372224.7,POLITY,,(Persian Empire),196,240,6,2026-08-16,Persian Empire,"POLYGON ((49.8949 33.1011, 49.8621 33.1195, 49.8621 33.1565,…"
1074,Media,-330.5,-330.4,661919.0,POLITY,,(Persian Empire),196,240,3,2026-08-16,Persian Empire,"POLYGON ((59.7525 34.8933, 59.7325 34.8683, 59.6725 34.8783,…"
1075,Media,-330.4,-329.5,200424.6,POLITY,,(Persian Empire),196,242,13,2026-08-16,Persian Empire,"POLYGON ((62.44747 39.99181, 62.45681 39.98503, 62.4772 39.9…"
1076,Armenia,-550.5,-522.1,204200.7,POLITY,,(Media),196,240,9,2026-08-16,Persian Empire,"POLYGON ((39.94381 37.82772, 39.93836 37.82311, 39.93147 37.…"
1077,Armenia,-521.5,-514.5,204200.7,POLITY,,(Media),196,240,9,2026-08-16,Persian Empire,"POLYGON ((39.94381 37.82772, 39.93836 37.82311, 39.93147 37.…"
1078,Armenia,-514.5,-363.5,321895.2,POLITY,,(Media),196,240,9,2026-08-16,Persian Empire,"POLYGON ((39.93836 37.82311, 39.93147 37.82028, 39.90181 37.…"
1079,Armenia,-360.5,-330.5,321895.2,POLITY,,(Media),196,240,9,2026-08-16,Persian Empire,"POLYGON ((39.93836 37.82311, 39.93147 37.82028, 39.90181 37.…"
1080,Colchis,-514.5,-363.5,37365.5,POLITY,,(Armenia),196,245,14,2026-08-16,Persian Empire,"POLYGON ((42.0517 43.2994, 42.1914 43.282, 42.3155 43.282, 4…"
1081,Colchis,-360.5,-330.5,37365.5,POLITY,,(Armenia),196,245,14,2026-08-16,Persian Empire,"POLYGON ((42.0517 43.2994, 42.1914 43.282, 42.3155 43.282, 4…"
1082,East Armenia,-550.5,-522.1,113870.4,POLITY,,(Armenia),196,240,9,2026-08-16,Persian Empire,"POLYGON ((39.99645 37.87214, 39.94381 37.82772, 39.93836 37.…"
1083,East Armenia,-521.5,-514.5,113870.4,POLITY,,(Armenia),196,240,9,2026-08-16,Persian Empire,"POLYGON ((39.99645 37.87214, 39.94381 37.82772, 39.93836 37.…"
1084,East Armenia,-514.5,-363.5,165165.5,POLITY,,(Armenia),196,240,9,2026-08-16,Persian Empire,"POLYGON ((39.99645 37.87214, 39.94381 37.82772, 39.93836 37.…"
1085,East Armenia,-360.5,-330.5,165165.5,POLITY,,(Armenia),196,240,9,2026-08-16,Persian Empire,"POLYGON ((39.99645 37.87214, 39.94381 37.82772, 39.93836 37.…"
1086,West Armenia,-550.5,-522.1,90330.3,POLITY,,(Armenia),196,240,10,2026-08-16,Persian Empire,"POLYGON ((43.5258 39.95, 43.5225 39.8983, 43.5058 39.8417, 4…"
1087,West Armenia,-521.5,-514.5,90330.3,POLITY,,(Armenia),196,240,10,2026-08-16,Persian Empire,"POLYGON ((43.5258 39.95, 43.5225 39.8983, 43.5058 39.8417, 4…"
1088,West Armenia,-514.5,-363.5,119364.2,POLITY,,(Armenia),196,240,10,2026-08-16,Persian Empire,"POLYGON ((43.5258 39.95, 43.5225 39.8983, 43.5058 39.8417, 4…"
1089,West Armenia,-360.5,-330.5,119364.2,POLITY,,(Armenia),196,240,10,2026-08-16,Persian Empire,"POLYGON ((43.5258 39.95, 43.5225 39.8983, 43.5058 39.8417, 4…"
1090,Assyria,-550.5,-539.2,63610.3,POLITY,,(Media),196,240,12,2026-08-16,Persian Empire,"POLYGON ((40.0252 37.8822, 40.03734 37.88322, 40.05517 37.87…"
1091,Kappadokia,-550.5,-547.1,108635.4,POLITY,,(Media),196,240,11,2026-08-16,Persian Empire,"MULTIPOLYGON (((38.8807 38.3988, 38.8869 38.3866, 38.891 38.…"
1092,Khorasmia,-534.5,-329.5,200424.6,POLITY,,(Media),196,242,13,2026-08-16,Persian Empire,"POLYGON ((62.44747 39.99181, 62.45681 39.98503, 62.4772 39.9…"
1093,Media,-550.5,-539.2,354331.2,POLITY,,(Media),196,240,6,2026-08-16,Persian Empire,"POLYGON ((44.98 35.201, 44.9614 35.23, 44.9386 35.2735, 44.9…"
1094,Media,-539.2,-522.8,286261.3,POLITY,,(Media),196,240,6,2026-08-16,Persian Empire,"POLYGON ((51.4374 33.6351, 51.504 33.6017, 51.5665 33.5476, …"
1095,Media,-522.8,-522.4,80137.4,POLITY,,(Media),196,240,5,2026-08-16,Persian Empire,"MULTIPOLYGON (((51.3665 33.6476, 51.4374 33.6351, 51.504 33.…"
1096,Media,-522.4,-522.1,286261.3,POLITY,,(Media),196,240,6,2026-08-16,Persian Empire,"POLYGON ((51.4374 33.6351, 51.504 33.6017, 51.5665 33.5476, …"
1097,Media,-521.5,-521.4,241341.8,POLITY,,(Media),196,240,6,2026-08-16,Persian Empire,"POLYGON ((49.9168 33.0272, 49.9168 33.0687, 49.8949 33.1011,…"
1098,Media,-521.4,-514.5,286261.3,POLITY,,(Media),196,240,6,2026-08-16,Persian Empire,"POLYGON ((51.4374 33.6351, 51.504 33.6017, 51.5665 33.5476, …"
1099,Media,-514.5,-330.5,388410.5,POLITY,,(Media),196,240,6,2026-08-16,Persian Empire,"POLYGON ((51.4374 33.6351, 51.504 33.6017, 51.5665 33.5476, …"
1100,Arbelitis,-550.5,-539.2,31313.8,POLITY,,(Media),196,240,8,2026-08-16,Persian Empire,"POLYGON ((45.02172 36.74317, 45.0262 36.74253, 45.03231 36.7…"
1101,Lesser Media,-550.5,-522.1,35217.8,POLITY,,(Media),196,240,7,2026-08-16,Persian Empire,"POLYGON ((50.01314 37.41383, 50.03775 37.4072, 50.07834 37.4…"
1102,Lesser Media,-521.5,-514.5,35217.8,POLITY,,(Media),196,240,7,2026-08-16,Persian Empire,"POLYGON ((50.01314 37.41383, 50.03775 37.4072, 50.07834 37.4…"
1103,Lesser Media,-514.5,-330.5,137367.0,POLITY,,(Media),196,240,7,2026-08-16,Persian Empire,"POLYGON ((50.03775 37.4072, 50.07834 37.40336, 50.10158 37.3…"
1104,Media,-550.5,-539.2,242880.0,POLITY,,(Media),196,240,6,2026-08-16,Persian Empire,"POLYGON ((49.9793 32.6148, 49.9379 32.6323, 49.8966 32.6279,…"
1105,Media,-539.2,-522.8,206123.9,POLITY,,(Media),196,240,6,2026-08-16,Persian Empire,"POLYGON ((49.9168 33.0272, 49.9168 33.0687, 49.8949 33.1011,…"
1106,Media,-522.4,-522.1,206123.9,POLITY,,(Media),196,240,6,2026-08-16,Persian Empire,"POLYGON ((49.9168 33.0272, 49.9168 33.0687, 49.8949 33.1011,…"
1107,Media,-521.5,-330.5,206123.9,POLITY,,(Media),196,240,6,2026-08-16,Persian Empire,"POLYGON ((49.9168 33.0272, 49.9168 33.0687, 49.8949 33.1011,…"
1108,Paraitakene,-550.5,-522.1,44919.6,POLITY,,(Media),196,240,5,2026-08-16,Persian Empire,"POLYGON ((51.3165 33.6976, 51.2833 33.7, 51.2083 33.675, 51.…"
1109,Paraitakene,-521.4,-330.5,44919.6,POLITY,,(Media),196,240,5,2026-08-16,Persian Empire,"POLYGON ((51.3165 33.6976, 51.2833 33.7, 51.2083 33.675, 51.…"
1110,Parthia,-550.5,-522.1,461494.3,POLITY,,(Media),196,240,3,2026-08-16,Persian Empire,"POLYGON ((60.175 32.7325, 60.2292 32.7325, 60.2417 32.6742, …"
1111,Parthia,-521.3,-330.4,461494.3,POLITY,,(Media),196,240,3,2026-08-16,Persian Empire,"POLYGON ((60.175 32.7325, 60.2292 32.7325, 60.2417 32.6742, …"
1112,Hyrkania,-550.5,-522.1,162536.6,POLITY,,(Parthia),196,240,4,2026-08-16,Persian Empire,"POLYGON ((60.0458 37.4542, 60.1125 37.4375, 60.2083 37.4208,…"
1113,Hyrkania,-521.3,-330.4,162536.6,POLITY,,(Parthia),196,240,4,2026-08-16,Persian Empire,"POLYGON ((60.0458 37.4542, 60.1125 37.4375, 60.2083 37.4208,…"
1114,Parthia,-550.5,-522.1,298957.7,POLITY,,(Parthia),196,240,3,2026-08-16,Persian Empire,"POLYGON ((60.1083 32.7075, 60.175 32.7325, 60.2292 32.7325, …"
1115,Parthia,-521.3,-330.4,298957.7,POLITY,,(Parthia),196,240,3,2026-08-16,Persian Empire,"POLYGON ((60.1083 32.7075, 60.175 32.7325, 60.2292 32.7325, …"
1116,Naval expedition,-527.6,-527.4,3328.6,TRANSIENT,,(Persian Empire),196,243,4,2026-08-16,Persian Empire,"POLYGON ((34.9142 35.4817, 34.71 35.3817, 34.5308 35.2858, 3…"
1117,Naval expedition,-515.6,-515.5,4862.8,TRANSIENT,,(Persian Empire),196,243,4,2026-08-16,Persian Empire,"POLYGON ((36.2325 41.3358, 36.3675 41.4358, 36.5575 41.5908,…"
1118,Naval expedition,-499.8,-499.7,1224.8,TRANSIENT,,(Persian Empire),196,243,4,2026-08-16,Persian Empire,"POLYGON ((27.2524 37.5709, 27.1563 37.577, 27.0481 37.589, 2…"
1119,Naval expedition,-499.7,-499.4,2464.2,TRANSIENT,,(Persian Empire),196,243,4,2026-08-16,Persian Empire,"POLYGON ((25.3262 37.1465, 25.3429 37.209, 25.3721 37.2882, …"
1120,Naval expedition,-497.7,-497.5,2880.0,TRANSIENT,,(Persian Empire),196,243,4,2026-08-16,Persian Empire,"POLYGON ((35.0569 33.3997, 35.1552 33.343, 35.2328 33.3081, …"
1121,Naval expedition,-494.6,-494.5,16852.0,TRANSIENT,,(Persian Empire),196,243,4,2026-08-16,Persian Empire,"POLYGON ((31.4425 31.525, 31.4342 31.6917, 31.4258 31.8833, …"
1122,Naval expedition,-494.5,-494.2,19006.7,TRANSIENT,,(Persian Empire),196,243,4,2026-08-16,Persian Empire,"POLYGON ((31.4425 31.525, 31.4342 31.6917, 31.4258 31.8833, …"
1123,Naval expedition,-494.2,-494.1,19065.3,TRANSIENT,,(Persian Empire),196,243,4,2026-08-16,Persian Empire,"POLYGON ((31.4425 31.525, 31.4342 31.6917, 31.4258 31.8833, …"
1124,Naval expedition,-494.1,-494.0,2232.8,TRANSIENT,,(Persian Empire),196,243,4,2026-08-16,Persian Empire,"POLYGON ((27.1564 37.3098, 27.1719 37.2219, 27.1822 37.1391,…"
1125,Naval expedition,-493.7,-493.6,1158.7,TRANSIENT,,(Persian Empire),196,243,4,2026-08-16,Persian Empire,"POLYGON ((27.2533 37.5267, 27.2492 37.5408, 27.2308 37.5433,…"
1126,Naval expedition,-493.6,-493.4,3293.8,TRANSIENT,,(Persian Empire),196,243,4,2026-08-16,Persian Empire,"POLYGON ((27.2492 37.5408, 27.2308 37.5433, 27.215 37.5383, …"
1127,Naval expedition,-492.4,-492.3,942.2,TRANSIENT,,(Persian Empire),196,243,4,2026-08-16,Persian Empire,"POLYGON ((26.1772 40.056, 26.1585 40.0643, 26.1503 40.0995, …"
1128,Naval expedition,-492.3,-492.2,2010.2,TRANSIENT,,(Persian Empire),196,243,4,2026-08-16,Persian Empire,"POLYGON ((25.362 40.9271, 25.4365 40.9064, 25.5089 40.8774, …"
1129,Naval expedition,-481.1,-480.8,76.8,TRANSIENT,,(Persian Empire),196,243,4,2026-08-16,Persian Empire,"POLYGON ((25.9589 40, 26.0251 40.0413, 26.0769 40.062, 26.12…"
1130,Naval expedition,-480.8,-480.7,16928.7,TRANSIENT,,(Persian Empire),196,243,4,2026-08-16,Persian Empire,"MULTIPOLYGON (((31.4425 31.525, 31.4342 31.6917, 31.4258 31.…"
1131,Naval expedition,-480.7,-480.6,21432.1,TRANSIENT,,(Persian Empire),196,243,4,2026-08-16,Persian Empire,"MULTIPOLYGON (((31.4425 31.525, 31.4342 31.6917, 31.4258 31.…"
1132,Naval expedition,-480.6,-480.5,7069.1,TRANSIENT,,(Persian Empire),196,243,4,2026-08-16,Persian Empire,"POLYGON ((25.85 37.65, 25.925 37.5, 26.0417 37.4417, 26.175 …"
1133,Naval expedition,-480.5,-480.4,2662.0,TRANSIENT,,(Persian Empire),196,243,4,2026-08-16,Persian Empire,"POLYGON ((25.7132 37.9806, 25.7257 38.0948, 25.7232 38.2313,…"
1134,Naval expedition,-480.4,-480.3,76.8,TRANSIENT,,(Persian Empire),196,243,4,2026-08-16,Persian Empire,"POLYGON ((25.9589 40, 26.0251 40.0413, 26.0769 40.062, 26.12…"
1135,Naval expedition,-480.3,-480.2,345.1,TRANSIENT,,(Persian Empire),196,243,4,2026-08-16,Persian Empire,"MULTIPOLYGON (((23.3625 39.08, 23.3725 39.1033, 23.3942 39.1…"
1136,Naval expedition,-480.2,-480.1,1714.1,TRANSIENT,,(Persian Empire),196,243,4,2026-08-16,Persian Empire,"MULTIPOLYGON (((23.6658 37.9042, 23.6942 37.8758, 23.7308 37…"
1137,Naval expedition,-480.1,-480.0,2395.4,TRANSIENT,,(Persian Empire),196,243,4,2026-08-16,Persian Empire,"POLYGON ((24.8393 38.3427, 24.9272 38.4387, 25 38.4953, 25.0…"
1138,Naval expedition,-479.5,-479.3,65.3,TRANSIENT,,(Persian Empire),196,243,4,2026-08-16,Persian Empire,"POLYGON ((27.2742 37.6608, 27.2942 37.6417, 27.3058 37.6133,…"
1139,Naval expedition,-468.6,-468.4,2250.1,TRANSIENT,,(Persian Empire),196,243,4,2026-08-16,Persian Empire,"POLYGON ((32.8667 35.12, 32.825 35.2033, 32.7542 35.3283, 32…"
1140,Naval expedition,-467.7,-466.4,2991.3,TRANSIENT,,(Persian Empire),196,243,4,2026-08-16,Persian Empire,"POLYGON ((27.6833 40.7867, 27.59 40.7417, 27.51 40.7067, 27.…"
1141,Naval expedition,-457.4,-457.2,8185.0,TRANSIENT,,(Persian Empire),196,243,4,2026-08-16,Persian Empire,"POLYGON ((35.1552 33.343, 35.2328 33.3081, 35.2224 33.2035, …"
1142,Naval expedition,-456.7,-456.6,11407.8,TRANSIENT,,(Persian Empire),196,243,4,2026-08-16,Persian Empire,"POLYGON ((34.6502 34.9412, 34.6502 34.7995, 34.6002 34.5745,…"
1143,Naval expedition,-456.6,-450.4,947.1,TRANSIENT,,(Persian Empire),196,243,4,2026-08-16,Persian Empire,"POLYGON ((31.9686 31.5328, 31.9311 31.5278, 31.8919 31.532, …"
1144,Naval expedition,-450.4,-450.3,5961.9,TRANSIENT,,(Persian Empire),196,243,4,2026-08-16,Persian Empire,"MULTIPOLYGON (((32.0452 31.5278, 32.0886 31.5078, 32.1252 31…"
1145,Naval expedition,-450.3,-449.6,947.1,TRANSIENT,,(Persian Empire),196,243,4,2026-08-16,Persian Empire,"POLYGON ((31.9686 31.5328, 31.9311 31.5278, 31.8919 31.532, …"
1146,Naval expedition,-411.5,-411.4,7065.7,TRANSIENT,,(Persian Empire),196,243,4,2026-08-16,Persian Empire,"POLYGON ((35.0569 33.3997, 35.1552 33.343, 35.2328 33.3081, …"
1147,Naval expedition,-411.4,-411.3,15276.9,TRANSIENT,,(Persian Empire),196,243,4,2026-08-16,Persian Empire,"POLYGON ((31.4425 31.425, 31.4425 31.525, 31.4342 31.6917, 3…"
1148,Naval expedition,-411.3,-411.2,8367.4,TRANSIENT,,(Persian Empire),196,243,4,2026-08-16,Persian Empire,"POLYGON ((30.7508 34.8083, 30.8758 34.5333, 30.9508 34.1583,…"
1149,Naval expedition,-396.5,-396.2,4990.9,TRANSIENT,,(Persian Empire),196,243,4,2026-08-16,Persian Empire,"POLYGON ((30.0914 35.8372, 30.231 35.798, 30.3603 35.7631, 3…"
1150,Naval expedition,-381.7,-381.6,3129.5,TRANSIENT,,(Persian Empire),196,243,4,2026-08-16,Persian Empire,"POLYGON ((34.5092 34.9767, 34.4808 34.945, 34.4358 34.8933, …"
1151,Naval expedition,-381.6,-381.5,3520.2,TRANSIENT,,(Persian Empire),196,243,4,2026-08-16,Persian Empire,"POLYGON ((33.7892 34.8633, 33.8842 34.86, 33.9975 34.8567, 3…"
1152,Naval expedition,-381.5,-380.6,431.0,TRANSIENT,,(Persian Empire),196,243,4,2026-08-16,Persian Empire,"MULTIPOLYGON (((33.8025 34.9342, 33.8592 34.9292, 33.9075 34…"
1153,Naval expedition,-367.6,-367.5,174.8,TRANSIENT,,(Persian Empire),196,243,4,2026-08-16,Persian Empire,"POLYGON ((26.9575 37.7142, 26.9767 37.7017, 26.9933 37.6817,…"
1154,Naval expedition,-354.6,-354.4,6130.3,TRANSIENT,,(Persian Empire),196,243,4,2026-08-16,Persian Empire,"POLYGON ((34.9193 32.9571, 34.8828 32.797, 34.839 32.6123, 3…"
1155,Naval expedition,-351.6,-351.4,6130.3,TRANSIENT,,(Persian Empire),196,243,4,2026-08-16,Persian Empire,"POLYGON ((34.9193 32.9571, 34.8828 32.797, 34.839 32.6123, 3…"
1156,Naval expedition,-340.5,-340.3,557.7,TRANSIENT,,(Persian Empire),196,243,4,2026-08-16,Persian Empire,"POLYGON ((29.1433 40.4607, 29.0812 40.4607, 28.9985 40.4586,…"
1157,Naval expedition,-334.6,-334.4,9830.7,TRANSIENT,,(Persian Empire),196,243,4,2026-08-16,Persian Empire,"POLYGON ((35.1552 33.343, 35.2328 33.3081, 35.2224 33.2035, …"
1158,Naval expedition,-334.4,-334.3,9907.2,TRANSIENT,,(Persian Empire),196,243,4,2026-08-16,Persian Empire,"POLYGON ((35.1552 33.343, 35.2328 33.3081, 35.2224 33.2035, …"
1159,Naval expedition,-334.3,-334.2,10172.6,TRANSIENT,,(Persian Empire),196,243,4,2026-08-16,Persian Empire,"POLYGON ((35.2328 33.3081, 35.2224 33.2035, 35.1603 33.2297,…"
1160,Naval expedition,-334.2,-334.1,9555.6,TRANSIENT,,(Persian Empire),196,243,4,2026-08-16,Persian Empire,"POLYGON ((35.1552 33.343, 35.2328 33.3081, 35.2224 33.2035, …"
1161,Naval expedition,-334.1,-333.8,9500.2,TRANSIENT,,(Persian Empire),196,243,4,2026-08-16,Persian Empire,"POLYGON ((35.1552 33.343, 35.2328 33.3081, 35.2224 33.2035, …"
1162,Naval expedition,-333.8,-333.7,10663.8,TRANSIENT,,(Persian Empire),196,243,4,2026-08-16,Persian Empire,"POLYGON ((35.1552 33.343, 35.2328 33.3081, 35.2224 33.2035, …"
1163,Naval expedition,-333.7,-333.6,11587.5,TRANSIENT,,(Persian Empire),196,243,4,2026-08-16,Persian Empire,"POLYGON ((35.1552 33.343, 35.2328 33.3081, 35.2224 33.2035, …"
1164,Naval expedition,-333.6,-333.5,11927.0,TRANSIENT,,(Persian Empire),196,243,4,2026-08-16,Persian Empire,"POLYGON ((35.2328 33.3081, 35.2224 33.2035, 35.1603 33.2297,…"
1165,Naval expedition,-333.5,-333.4,12039.2,TRANSIENT,,(Persian Empire),196,243,4,2026-08-16,Persian Empire,"POLYGON ((35.2328 33.3081, 35.2224 33.2035, 35.1603 33.2297,…"
1166,Naval expedition,-333.4,-333.2,11115.5,TRANSIENT,,(Persian Empire),196,243,4,2026-08-16,Persian Empire,"POLYGON ((35.1552 33.343, 35.2328 33.3081, 35.2224 33.2035, …"
1167,Naval expedition,-333.2,-333.0,9500.2,TRANSIENT,,(Persian Empire),196,243,4,2026-08-16,Persian Empire,"POLYGON ((35.1552 33.343, 35.2328 33.3081, 35.2224 33.2035, …"
1168,Naval expedition,-333.0,-332.6,64.9,TRANSIENT,,(Persian Empire),196,243,4,2026-08-16,Persian Empire,"POLYGON ((27.2855 36.9186, 27.2897 36.9279, 27.3072 36.9528,…"
1169,Naval expedition,-332.6,-332.5,2322.8,TRANSIENT,,(Persian Empire),196,243,4,2026-08-16,Persian Empire,"POLYGON ((27.3853 36.9304, 27.3853 36.8425, 27.3439 36.7701,…"
1170,Naval expedition,-332.5,-331.5,865.7,TRANSIENT,,(Persian Empire),196,243,4,2026-08-16,Persian Empire,"POLYGON ((25.069 35.3807, 25.0793 35.4428, 25.1497 35.511, 2…"
1171,Naval expedition of Conon,-397.7,-397.6,4990.9,TRANSIENT,,(Persian Empire),196,252,11,2026-08-16,Persian Empire,"POLYGON ((30.0914 35.8372, 30.231 35.798, 30.3603 35.7631, 3…"
1172,Naval expedition of Conon,-397.6,-394.6,45.5,TRANSIENT,,(Persian Empire),196,252,11,2026-08-16,Persian Empire,"POLYGON ((28.5418 36.7805, 28.5415 36.7901, 28.5427 36.7967,…"
1173,Naval expedition of Datis and Artaphernes,-490.7,-490.6,3612.1,TRANSIENT,,(Persian Empire),196,251,6,2026-08-16,Persian Empire,"POLYGON ((29.9333 35.9875, 29.8583 35.9875, 29.75 35.9792, 2…"
1174,Naval expedition of Datis and Artaphernes,-490.6,-490.5,7552.2,TRANSIENT,,(Persian Empire),196,251,6,2026-08-16,Persian Empire,"POLYGON ((29.6792 36.0625, 29.7583 36.0667, 29.8708 36.075, …"
1175,Naval expedition of Datis and Artaphernes,-490.5,-490.4,5222.2,TRANSIENT,,(Persian Empire),196,251,6,2026-08-16,Persian Empire,"POLYGON ((29.4192 36.0208, 29.3067 36.0167, 29.1567 36.0167,…"
1176,Naval expedition of Datis and Artaphernes,-490.4,-490.3,2441.7,TRANSIENT,,(Persian Empire),196,251,6,2026-08-16,Persian Empire,"POLYGON ((25.41 37.1192, 25.409522471910112 37.1182449438202…"
1177,Naval expedition of Datis and Artaphernes,-490.3,-490.2,2664.3,TRANSIENT,,(Persian Empire),196,251,6,2026-08-16,Persian Empire,"POLYGON ((25.409522471910112 37.11824494382022, 25.4125 37.1…"
1178,Naval expedition of Datis and Artaphernes,-490.2,-490.1,1404.7,TRANSIENT,,(Persian Empire),196,251,6,2026-08-16,Persian Empire,"POLYGON ((25.0233 37.365, 25.055 37.3642, 25.1042 37.3658, 2…"
1179,Naval expedition of Datis and Artaphernes,-490.1,-490.0,800.3,TRANSIENT,,(Persian Empire),196,251,6,2026-08-16,Persian Empire,"POLYGON ((23.7269 37.7917, 23.7486 37.7576, 23.8044 37.7234,…"
1180,Naval expedition of Datis and Artaphernes,-490.0,-489.9,5126.0,TRANSIENT,,(Persian Empire),196,251,6,2026-08-16,Persian Empire,"POLYGON ((23.8044 37.7234, 23.8541 37.6924, 23.9038 37.6458,…"
1181,Naval expedition of Datis and Artaphernes,-489.9,-489.8,4732.0,TRANSIENT,,(Persian Empire),196,251,6,2026-08-16,Persian Empire,"POLYGON ((23.8044 37.7234, 23.8541 37.6924, 23.9038 37.6458,…"
1182,Naval expedition of Hecatomnus,-391.2,-390.8,4990.9,TRANSIENT,,(Persian Empire),196,252,14,2026-08-16,Persian Empire,"POLYGON ((30.0914 35.8372, 30.231 35.798, 30.3603 35.7631, 3…"
1183,Naval expedition of Hippias,-500.6,-500.5,3416.0,TRANSIENT,,(Persian Empire),196,246,3,2026-08-16,Persian Empire,"POLYGON ((23.7144 37.9344, 23.7238 37.891, 23.7238 37.8476, …"
1184,Naval expedition of Mardonius,-492.7,-492.6,3612.1,TRANSIENT,,(Persian Empire),196,251,3,2026-08-16,Persian Empire,"POLYGON ((29.9333 35.9875, 29.8583 35.9875, 29.75 35.9792, 2…"
1185,Naval expedition of Mardonius,-492.6,-492.5,8115.5,TRANSIENT,,(Persian Empire),196,251,3,2026-08-16,Persian Empire,"POLYGON ((29.6792 36.0625, 29.7583 36.0667, 29.8708 36.075, …"
1186,Naval expedition of Mardonius,-492.5,-492.4,7045.6,TRANSIENT,,(Persian Empire),196,251,3,2026-08-16,Persian Empire,"POLYGON ((25.85 37.65, 25.925 37.5, 26.0417 37.4417, 26.175 …"
1187,Naval expedition of Mardonius,-492.4,-492.3,2638.5,TRANSIENT,,(Persian Empire),196,251,3,2026-08-16,Persian Empire,"POLYGON ((25.8528 39.9015, 25.7807 39.7454, 25.7627 39.5892,…"
1188,Naval expedition of Mentor,-342.3,-342.2,8371.4,TRANSIENT,,(Persian Empire),196,253,12,2026-08-16,Persian Empire,"POLYGON ((30.2146 33.2329, 30.4458 33.0829, 30.7083 32.9267,…"
1189,Naval expedition of Mentor,-342.2,-342.0,13074.0,TRANSIENT,,(Persian Empire),196,253,12,2026-08-16,Persian Empire,"POLYGON ((30.4458 33.0829, 30.7083 32.9267, 30.9208 32.7892,…"
1190,Naval expedition of Miletus,-528.6,-528.4,239.8,TRANSIENT,,(Persian Empire),196,243,3,2026-08-16,Persian Empire,"POLYGON ((27.2433 37.4967, 27.25 37.5317, 27.2367 37.5517, 2…"
1191,Naval expedition of Otanes,-516.6,-516.4,481.3,TRANSIENT,,(Persian Empire),196,243,5,2026-08-16,Persian Empire,"POLYGON ((27.3208 37.7, 27.3333 37.65, 27.2958 37.6292, 27.2…"
1192,Naval expedition of Pharnabazus,-409.2,-409.0,619.7,TRANSIENT,,(Persian Empire),196,252,9,2026-08-16,Persian Empire,"POLYGON ((26.8247 39.5677, 26.8138 39.546, 26.7655 39.5144, …"
1193,Naval expedition of Pharnabazus and Conon,-394.6,-394.3,999.4,TRANSIENT,,(Persian Empire),196,252,12,2026-08-16,Persian Empire,"POLYGON ((28.5679 36.8283, 28.5224 36.789, 28.481 36.7372, 2…"
1194,Naval expedition of Pharnabazus and Conon,-394.3,-394.2,3531.5,TRANSIENT,,(Persian Empire),196,252,12,2026-08-16,Persian Empire,"POLYGON ((27.461 36.5593, 27.4797 36.5407, 27.579 36.5035, 2…"
1195,Naval expedition of Pharnabazus and Conon,-394.2,-394.1,2562.9,TRANSIENT,,(Persian Empire),196,252,12,2026-08-16,Persian Empire,"POLYGON ((27.3478 36.8185, 27.3891 36.8754, 27.3581 36.9116,…"
1196,Naval expedition of Pharnabazus and Conon,-394.1,-393.8,53.3,TRANSIENT,,(Persian Empire),196,252,12,2026-08-16,Persian Empire,"POLYGON ((26.3848 40.1435, 26.3931 40.1579, 26.4076 40.1641,…"
1197,Naval expedition of Pharnabazus and Conon,-393.8,-393.7,5309.7,TRANSIENT,,(Persian Empire),196,252,12,2026-08-16,Persian Empire,"POLYGON ((24.8938 36.9566, 24.7976 36.8821, 24.689 36.8448, …"
1198,Naval expedition of Pharnabazus and Conon,-393.7,-393.6,6991.9,TRANSIENT,,(Persian Empire),196,252,12,2026-08-16,Persian Empire,"POLYGON ((24.8938 36.9566, 24.7976 36.8821, 24.689 36.8448, …"
1199,Naval expedition of Pharnabazus and Iphicrates,-374.2,-374.1,5477.3,TRANSIENT,,(Persian Empire),196,253,0,2026-08-16,Persian Empire,"POLYGON ((35.4921 34.7566, 35.4424 34.5083, 35.3679 34.2931,…"
1200,Naval expedition of Pharnabazus and Iphicrates,-374.1,-373.9,11396.5,TRANSIENT,,(Persian Empire),196,253,0,2026-08-16,Persian Empire,"POLYGON ((34.8828 32.797, 34.839 32.6123, 34.7733 32.4584, 3…"
1201,Naval expedition of Philiscus,-368.8,-368.7,4174.9,TRANSIENT,,(Persian Empire),196,253,3,2026-08-16,Persian Empire,"POLYGON ((24.9324 38.286, 24.8497 38.1683, 24.741 38.068, 24…"
1202,Naval expedition of Xerxes,-480.5,-480.4,672.8,TRANSIENT,,(Persian Empire),196,251,9,2026-08-16,Persian Empire,"POLYGON ((26.1772 40.056, 26.1585 40.0643, 26.1503 40.0995, …"
1203,Naval expedition of Xerxes,-480.4,-480.3,6699.8,TRANSIENT,,(Persian Empire),196,251,9,2026-08-16,Persian Empire,"POLYGON ((22.9475 39.9525, 23.0142 39.8525, 23.0308 39.7692,…"
1204,Naval expedition of Xerxes,-480.3,-480.2,6088.3,TRANSIENT,,(Persian Empire),196,251,9,2026-08-16,Persian Empire,"POLYGON ((22.9475 39.9525, 23.0142 39.8525, 23.0308 39.7692,…"
1205,Persis,-550.5,-539.2,496093.0,POLITY,,(Persian Empire),196,240,1,2026-08-16,Persian Empire,"MULTIPOLYGON (((50.88639 28.99181, 50.88739 28.98995, 50.884…"
1206,Persis,-539.2,-522.3,542042.3,POLITY,,(Persian Empire),196,242,9,2026-08-16,Persian Empire,"MULTIPOLYGON (((50.76192 29.07039, 50.75925 29.07539, 50.774…"
1207,Persis,-522.3,-522.2,483610.9,POLITY,,(Persian Empire),196,240,1,2026-08-16,Persian Empire,"MULTIPOLYGON (((50.88639 28.99181, 50.88739 28.98995, 50.884…"
1208,Persis,-522.2,-522.1,542042.3,POLITY,,(Persian Empire),196,242,9,2026-08-16,Persian Empire,"MULTIPOLYGON (((50.76192 29.07039, 50.75925 29.07539, 50.774…"
1209,Persis,-521.5,-521.4,58431.4,POLITY,,(Persian Empire),196,242,9,2026-08-16,Persian Empire,"POLYGON ((48.8708 29.9918, 48.8296 29.9751, 48.7909 29.9605,…"
1210,Persis,-521.4,-520.7,542042.3,POLITY,,(Persian Empire),196,242,9,2026-08-16,Persian Empire,"MULTIPOLYGON (((50.76192 29.07039, 50.75925 29.07539, 50.774…"
1211,Persis,-520.7,-520.5,483610.9,POLITY,,(Persian Empire),196,240,1,2026-08-16,Persian Empire,"MULTIPOLYGON (((50.88639 28.99181, 50.88739 28.98995, 50.884…"
1212,Persis,-520.5,-330.8,542042.3,POLITY,,(Persian Empire),196,242,9,2026-08-16,Persian Empire,"MULTIPOLYGON (((50.76192 29.07039, 50.75925 29.07539, 50.774…"
1213,Persis,-330.8,-330.6,483610.9,POLITY,,(Persian Empire),196,240,1,2026-08-16,Persian Empire,"MULTIPOLYGON (((50.88639 28.99181, 50.88739 28.98995, 50.884…"
1214,Persis,-330.6,-329.5,280965.6,POLITY,,(Persian Empire),196,240,2,2026-08-16,Persian Empire,"POLYGON ((54.96167 26.61858, 54.93695 26.59581, 54.91411 26.…"
1215,Persis,-550.5,-539.2,496093.0,POLITY,,(Persis),196,240,1,2026-08-16,Persian Empire,"MULTIPOLYGON (((50.88639 28.99181, 50.88739 28.98995, 50.884…"
1216,Persis,-539.2,-522.1,483610.9,POLITY,,(Persis),196,240,1,2026-08-16,Persian Empire,"MULTIPOLYGON (((50.88639 28.99181, 50.88739 28.98995, 50.884…"
1217,Persis,-521.4,-330.6,483610.9,POLITY,,(Persis),196,240,1,2026-08-16,Persian Empire,"MULTIPOLYGON (((50.88639 28.99181, 50.88739 28.98995, 50.884…"
1218,Persis,-330.6,-329.5,280965.6,POLITY,,(Persis),196,240,2,2026-08-16,Persian Empire,"POLYGON ((54.96167 26.61858, 54.93695 26.59581, 54.91411 26.…"
1219,Karmania,-550.5,-522.1,280965.6,POLITY,,(Persis),196,240,2,2026-08-16,Persian Empire,"POLYGON ((54.96167 26.61858, 54.93695 26.59581, 54.91411 26.…"
1220,Karmania,-521.4,-329.5,280965.6,POLITY,,(Persis),196,240,2,2026-08-16,Persian Empire,"POLYGON ((54.96167 26.61858, 54.93695 26.59581, 54.91411 26.…"
1221,Persis,-550.5,-539.2,215127.4,POLITY,,(Persis),196,240,1,2026-08-16,Persian Empire,"MULTIPOLYGON (((50.70336 29.08381, 50.69611 29.091, 50.68859…"
1222,Persis,-539.2,-522.1,202645.3,POLITY,,(Persis),196,240,1,2026-08-16,Persian Empire,"MULTIPOLYGON (((50.76192 29.07039, 50.75925 29.07539, 50.774…"
1223,Persis,-521.4,-330.6,202645.3,POLITY,,(Persis),196,240,1,2026-08-16,Persian Empire,"MULTIPOLYGON (((50.76192 29.07039, 50.75925 29.07539, 50.774…"
1224,Sousiane,-539.2,-522.3,58431.4,POLITY,,(Persis),196,242,9,2026-08-16,Persian Empire,"POLYGON ((48.8708 29.9918, 48.8296 29.9751, 48.7909 29.9605,…"
1225,Sousiane,-522.2,-522.1,58431.4,POLITY,,(Persis),196,242,9,2026-08-16,Persian Empire,"POLYGON ((48.8708 29.9918, 48.8296 29.9751, 48.7909 29.9605,…"
1226,Sousiane,-521.5,-520.7,58431.4,POLITY,,(Persis),196,242,9,2026-08-16,Persian Empire,"POLYGON ((48.8708 29.9918, 48.8296 29.9751, 48.7909 29.9605,…"
1227,Sousiane,-520.5,-330.8,58431.4,POLITY,,(Persis),196,242,9,2026-08-16,Persian Empire,"POLYGON ((48.8708 29.9918, 48.8296 29.9751, 48.7909 29.9605,…"
1228,Sousiane,-539.2,-522.3,58431.4,POLITY,,(Sousiane),196,242,9,2026-08-16,Persian Empire,"POLYGON ((48.8708 29.9918, 48.8296 29.9751, 48.7909 29.9605,…"
1229,Sousiane,-522.2,-522.1,58431.4,POLITY,,(Sousiane),196,242,9,2026-08-16,Persian Empire,"POLYGON ((48.8708 29.9918, 48.8296 29.9751, 48.7909 29.9605,…"
1230,Sousiane,-521.5,-520.7,58431.4,POLITY,,(Sousiane),196,242,9,2026-08-16,Persian Empire,"POLYGON ((48.8708 29.9918, 48.8296 29.9751, 48.7909 29.9605,…"
1231,Sousiane,-520.5,-330.8,58431.4,POLITY,,(Sousiane),196,242,9,2026-08-16,Persian Empire,"POLYGON ((48.8708 29.9918, 48.8296 29.9751, 48.7909 29.9605,…"
1232,Persis- Sousiane,-550.5,-539.2,690.4,POLITY,,(Persian Empire),196,242,10,2026-08-16,Persian Empire,"POLYGON ((50 32.9579, 50.0224 32.952, 50.0534 32.939, 50.089…"
1233,Persis- Sousiane,-539.2,-522.1,65159.3,POLITY,,(Persian Empire),196,242,10,2026-08-16,Persian Empire,"POLYGON ((50.0208 32.5792, 50.0583 32.5125, 50.1042 32.4083,…"
1234,Persis- Sousiane,-521.4,-330.8,65159.3,POLITY,,(Persian Empire),196,242,10,2026-08-16,Persian Empire,"POLYGON ((50.0208 32.5792, 50.0583 32.5125, 50.1042 32.4083,…"
1235,Elymais,-550.5,-539.2,690.4,POLITY,,(Persis- Sousiane),196,242,10,2026-08-16,Persian Empire,"POLYGON ((50 32.9579, 50.0224 32.952, 50.0534 32.939, 50.089…"
1236,Elymais,-539.2,-522.1,65159.3,POLITY,,(Persis- Sousiane),196,242,10,2026-08-16,Persian Empire,"POLYGON ((50.0208 32.5792, 50.0583 32.5125, 50.1042 32.4083,…"
1237,Elymais,-521.4,-330.8,65159.3,POLITY,,(Persis- Sousiane),196,242,10,2026-08-16,Persian Empire,"POLYGON ((50.0208 32.5792, 50.0583 32.5125, 50.1042 32.4083,…"
1238,Sattagydia,-516.5,-338.5,69281.8,POLITY,,(Persian Empire),196,245,8,2026-08-16,Persian Empire,"POLYGON ((71.03858 29.54125, 71.03059 29.53342, 71.02331 29.…"
1239,Taxila,-516.5,-338.5,69281.8,POLITY,,(Sattagydia),196,245,8,2026-08-16,Persian Empire,"POLYGON ((71.03858 29.54125, 71.03059 29.53342, 71.02331 29.…"
