{"type": "FeatureCollection", "generated": "2026-08-16", "features": [{"type": "Feature", "properties": {"Index": 1, "Name": "Roman Latin Colony", "FromYear": -495.7, "ToYear": -492.5, "Area": 92.6, "Type": "POLITY", "References": "", "MemberOf": "", "ColorR": 248, "ColorG": 192, "ColorB": 16, "Generated": "2026-08-16"}, "geometry": {"type": "Polygon", "coordinates": [[[12.9976, 41.6803], [12.9945, 41.6755], [12.9883, 41.6672], [12.9831, 41.6569], [12.9831, 41.6569], [12.991, 41.6503], [13.0055, 41.6431], [13.02, 41.6328], [13.0334, 41.6255], [13.0334, 41.6255], [13.0428, 41.6276], [13.05, 41.641], [13.05, 41.6494], [13.0624, 41.6586], [13.0748, 41.6659], [13.0862, 41.6752], [13.0966, 41.6814], [13.111, 41.6917], [13.11697, 41.69781], [13.10903, 41.7062], [13.10703, 41.70672], [13.09269, 41.71042], [13.08353, 41.71906], [13.08222, 41.7255], [13.07997, 41.7367], [13.0735, 41.742], [13.0616, 41.7499], [13.0433, 41.7539], [13.0303, 41.7569], [13.0201, 41.7601], [13.0201, 41.7601], [13.0066, 41.7424], [12.9941, 41.7093], [12.9976, 41.6803]]]}}, {"type": "Feature", "properties": {"Index": 2, "Name": "Roman Latin Colony", "FromYear": -492.5, "ToYear": -442.5, "Area": 185.8, "Type": "POLITY", "References": "", "MemberOf": "", "ColorR": 248, "ColorG": 192, "ColorB": 16, "Generated": "2026-08-16"}, "geometry": {"type": "Polygon", "coordinates": [[[13.0311, 41.616], [13.0239, 41.6046], [13.0198, 41.5901], [13.0311, 41.5829], [13.0446, 41.5736], [13.0487, 41.5653], [13.0311, 41.5591], [13.0167, 41.5529], [13.0001, 41.5394], [12.9887, 41.5332], [12.9732, 41.5415], [12.9505, 41.5436], [12.9308, 41.5529], [12.9153, 41.5684], [12.9101, 41.585], [12.9111, 41.5891], [12.9205, 41.5984], [12.9318, 41.6077], [12.9411, 41.6201], [12.9556, 41.6346], [12.9742, 41.6501], [12.9831, 41.6569], [12.9883, 41.6672], [12.9945, 41.6755], [12.9976, 41.6803], [12.9941, 41.7093], [13.0066, 41.7424], [13.0201, 41.7601], [13.0303, 41.7569], [13.0433, 41.7539], [13.0616, 41.7499], [13.0735, 41.742], [13.07997, 41.7367], [13.08222, 41.7255], [13.08353, 41.71906], [13.09269, 41.71042], [13.10703, 41.70672], [13.10903, 41.7062], [13.11697, 41.69781], [13.111, 41.6917], [13.0966, 41.6814], [13.0862, 41.6752], [13.0748, 41.6659], [13.0624, 41.6586], [13.05, 41.6494], [13.05, 41.641], [13.0428, 41.6276], [13.0334, 41.6255], [13.0311, 41.616]]]}}, {"type": "Feature", "properties": {"Index": 3, "Name": "Roman Latin Colony", "FromYear": -442.5, "ToYear": -393.5, "Area": 377.7, "Type": "POLITY", "References": "", "MemberOf": "", "ColorR": 248, "ColorG": 192, "ColorB": 16, "Generated": "2026-08-16"}, "geometry": {"type": "MultiPolygon", "coordinates": [[[[13.0311, 41.616], [13.0239, 41.6046], [13.0198, 41.5901], [13.0311, 41.5829], [13.0446, 41.5736], [13.0487, 41.5653], [13.0311, 41.5591], [13.0167, 41.5529], [13.0001, 41.5394], [12.9887, 41.5332], [12.9732, 41.5415], [12.9505, 41.5436], [12.9308, 41.5529], [12.9153, 41.5684], [12.9101, 41.585], [12.9111, 41.5891], [12.9205, 41.5984], [12.9318, 41.6077], [12.9411, 41.6201], [12.9556, 41.6346], [12.9742, 41.6501], [12.9831, 41.6569], [12.9883, 41.6672], [12.9945, 41.6755], [12.9976, 41.6803], [12.9941, 41.7093], [13.0066, 41.7424], [13.0201, 41.7601], [13.0303, 41.7569], [13.0433, 41.7539], [13.0616, 41.7499], [13.0735, 41.742], [13.07997, 41.7367], [13.08222, 41.7255], [13.08353, 41.71906], [13.09269, 41.71042], [13.10703, 41.70672], [13.10903, 41.7062], [13.11697, 41.69781], [13.111, 41.6917], [13.0966, 41.6814], [13.0862, 41.6752], [13.0748, 41.6659], [13.0624, 41.6586], [13.05, 41.6494], [13.05, 41.641], [13.0428, 41.6276], [13.0334, 41.6255], [13.0311, 41.616]]], [[[12.50881, 41.57636], [12.50464, 41.58033], [12.48445, 41.60167], [12.48978, 41.6215], [12.50259, 41.62203], [12.50814, 41.62492], [12.51256, 41.63059], [12.51561, 41.63122], [12.51628, 41.63419], [12.51269, 41.63744], [12.51139, 41.64594], [12.51453, 41.64956], [12.5158, 41.6558], [12.5183, 41.6633], [12.5233, 41.6658], [12.5267, 41.6708], [12.5267, 41.6767], [12.5292, 41.685], [12.5317, 41.6917], [12.5308, 41.6967], [12.5375, 41.7], [12.5467, 41.7008], [12.5575, 41.7033], [12.5642, 41.7033], [12.575, 41.705], [12.5875, 41.7], [12.5908, 41.695], [12.595, 41.6883], [12.6, 41.6808], [12.6058, 41.6708], [12.6142, 41.665], [12.6242, 41.6558], [12.6367, 41.6517], [12.6475, 41.6442], [12.6525, 41.6367], [12.6542, 41.625], [12.655, 41.605], [12.6567, 41.5925], [12.6617, 41.5833], [12.6667, 41.5775], [12.6467, 41.565], [12.6292, 41.5583], [12.62, 41.5417], [12.61, 41.5283], [12.5958, 41.5217], [12.5817, 41.5133], [12.57411, 41.51045], [12.52967, 41.55822], [12.50881, 41.57636]]]]}}, {"type": "Feature", "properties": {"Index": 4, "Name": "Roman Latin Colony", "FromYear": -393.5, "ToYear": -389.9, "Area": 460.1, "Type": "POLITY", "References": "", "MemberOf": "", "ColorR": 248, "ColorG": 192, "ColorB": 16, "Generated": "2026-08-16"}, "geometry": {"type": "MultiPolygon", "coordinates": [[[[13.10636, 41.23784], [13.09203, 41.22508], [13.08053, 41.2253], [13.06406, 41.22106], [13.04786, 41.22547], [13.03836, 41.23161], [13.03239, 41.24339], [13.03219, 41.24939], [13.03194, 41.25736], [13.02122, 41.27245], [13.00342, 41.30345], [13.0089, 41.3093], [13.0201, 41.3115], [13.0339, 41.3141], [13.0446, 41.3175], [13.0577, 41.3212], [13.0681, 41.3242], [13.0707, 41.3179], [13.0748, 41.3112], [13.0897, 41.3059], [13.1049, 41.3026], [13.1165, 41.303], [13.1237, 41.30297], [13.12997, 41.29139], [13.13761, 41.28417], [13.14061, 41.27495], [13.1422, 41.27295], [13.14817, 41.26542], [13.11495, 41.24981], [13.10636, 41.23784]]], [[[13.0311, 41.616], [13.0239, 41.6046], [13.0198, 41.5901], [13.0311, 41.5829], [13.0446, 41.5736], [13.0487, 41.5653], [13.0311, 41.5591], [13.0167, 41.5529], [13.0001, 41.5394], [12.9887, 41.5332], [12.9732, 41.5415], [12.9505, 41.5436], [12.9308, 41.5529], [12.9153, 41.5684], [12.9101, 41.585], [12.9111, 41.5891], [12.9205, 41.5984], [12.9318, 41.6077], [12.9411, 41.6201], [12.9556, 41.6346], [12.9742, 41.6501], [12.9831, 41.6569], [12.9883, 41.6672], [12.9945, 41.6755], [12.9976, 41.6803], [12.9941, 41.7093], [13.0066, 41.7424], [13.0201, 41.7601], [13.0303, 41.7569], [13.0433, 41.7539], [13.0616, 41.7499], [13.0735, 41.742], [13.07997, 41.7367], [13.08222, 41.7255], [13.08353, 41.71906], [13.09269, 41.71042], [13.10703, 41.70672], [13.10903, 41.7062], [13.11697, 41.69781], [13.111, 41.6917], [13.0966, 41.6814], [13.0862, 41.6752], [13.0748, 41.6659], [13.0624, 41.6586], [13.05, 41.6494], [13.05, 41.641], [13.0428, 41.6276], [13.0334, 41.6255], [13.0311, 41.616]]], [[[12.50881, 41.57636], [12.50464, 41.58033], [12.48445, 41.60167], [12.48978, 41.6215], [12.50259, 41.62203], [12.50814, 41.62492], [12.51256, 41.63059], [12.51561, 41.63122], [12.51628, 41.63419], [12.51269, 41.63744], [12.51139, 41.64594], [12.51453, 41.64956], [12.5158, 41.6558], [12.5183, 41.6633], [12.5233, 41.6658], [12.5267, 41.6708], [12.5267, 41.6767], [12.5292, 41.685], [12.5317, 41.6917], [12.5308, 41.6967], [12.5375, 41.7], [12.5467, 41.7008], [12.5575, 41.7033], [12.5642, 41.7033], [12.575, 41.705], [12.5875, 41.7], [12.5908, 41.695], [12.595, 41.6883], [12.6, 41.6808], [12.6058, 41.6708], [12.6142, 41.665], [12.6242, 41.6558], [12.6367, 41.6517], [12.6475, 41.6442], [12.6525, 41.6367], [12.6542, 41.625], [12.655, 41.605], [12.6567, 41.5925], [12.6617, 41.5833], [12.6667, 41.5775], [12.6467, 41.565], [12.6292, 41.5583], [12.62, 41.5417], [12.61, 41.5283], [12.5958, 41.5217], [12.5817, 41.5133], [12.57411, 41.51045], [12.52967, 41.55822], [12.50881, 41.57636]]]]}}, {"type": "Feature", "properties": {"Index": 5, "Name": "Roman Latin Colony", "FromYear": -389.9, "ToYear": -385.5, "Area": 377.7, "Type": "POLITY", "References": "", "MemberOf": "", "ColorR": 248, "ColorG": 192, "ColorB": 16, "Generated": "2026-08-16"}, "geometry": {"type": "MultiPolygon", "coordinates": [[[[13.0311, 41.616], [13.0239, 41.6046], [13.0198, 41.5901], [13.0311, 41.5829], [13.0446, 41.5736], [13.0487, 41.5653], [13.0311, 41.5591], [13.0167, 41.5529], [13.0001, 41.5394], [12.9887, 41.5332], [12.9732, 41.5415], [12.9505, 41.5436], [12.9308, 41.5529], [12.9153, 41.5684], [12.9101, 41.585], [12.9111, 41.5891], [12.9205, 41.5984], [12.9318, 41.6077], [12.9411, 41.6201], [12.9556, 41.6346], [12.9742, 41.6501], [12.9831, 41.6569], [12.9883, 41.6672], [12.9945, 41.6755], [12.9976, 41.6803], [12.9941, 41.7093], [13.0066, 41.7424], [13.0201, 41.7601], [13.0303, 41.7569], [13.0433, 41.7539], [13.0616, 41.7499], [13.0735, 41.742], [13.07997, 41.7367], [13.08222, 41.7255], [13.08353, 41.71906], [13.09269, 41.71042], [13.10703, 41.70672], [13.10903, 41.7062], [13.11697, 41.69781], [13.111, 41.6917], [13.0966, 41.6814], [13.0862, 41.6752], [13.0748, 41.6659], [13.0624, 41.6586], [13.05, 41.6494], [13.05, 41.641], [13.0428, 41.6276], [13.0334, 41.6255], [13.0311, 41.616]]], [[[12.50881, 41.57636], [12.50464, 41.58033], [12.48445, 41.60167], [12.48978, 41.6215], [12.50259, 41.62203], [12.50814, 41.62492], [12.51256, 41.63059], [12.51561, 41.63122], [12.51628, 41.63419], [12.51269, 41.63744], [12.51139, 41.64594], [12.51453, 41.64956], [12.5158, 41.6558], [12.5183, 41.6633], [12.5233, 41.6658], [12.5267, 41.6708], [12.5267, 41.6767], [12.5292, 41.685], [12.5317, 41.6917], [12.5308, 41.6967], [12.5375, 41.7], [12.5467, 41.7008], [12.5575, 41.7033], [12.5642, 41.7033], [12.575, 41.705], [12.5875, 41.7], [12.5908, 41.695], [12.595, 41.6883], [12.6, 41.6808], [12.6058, 41.6708], [12.6142, 41.665], [12.6242, 41.6558], [12.6367, 41.6517], [12.6475, 41.6442], [12.6525, 41.6367], [12.6542, 41.625], [12.655, 41.605], [12.6567, 41.5925], [12.6617, 41.5833], [12.6667, 41.5775], [12.6467, 41.565], [12.6292, 41.5583], [12.62, 41.5417], [12.61, 41.5283], [12.5958, 41.5217], [12.5817, 41.5133], [12.57411, 41.51045], [12.52967, 41.55822], [12.50881, 41.57636]]]]}}, {"type": "Feature", "properties": {"Index": 6, "Name": "Roman Latin Colony", "FromYear": -385.5, "ToYear": -383.5, "Area": 437.8, "Type": "POLITY", "References": "", "MemberOf": "", "ColorR": 248, "ColorG": 192, "ColorB": 16, "Generated": "2026-08-16"}, "geometry": {"type": "MultiPolygon", "coordinates": [[[[13.0615, 41.5479], [13.0772, 41.5371], [13.092, 41.523], [13.0958, 41.5063], [13.0935, 41.4873], [13.0868, 41.4731], [13.0768, 41.462], [13.0608, 41.4583], [13.0411, 41.4594], [13.0347, 41.4921], [13.0176, 41.5033], [13.0132, 41.51], [13.0057, 41.5189], [12.9927, 41.5286], [12.9887, 41.5332], [12.9732, 41.5415], [12.9505, 41.5436], [12.9308, 41.5529], [12.9153, 41.5684], [12.9101, 41.585], [12.9111, 41.5891], [12.9205, 41.5984], [12.9318, 41.6077], [12.9411, 41.6201], [12.9556, 41.6346], [12.9742, 41.6501], [12.9831, 41.6569], [12.9883, 41.6672], [12.9945, 41.6755], [12.9976, 41.6803], [12.9941, 41.7093], [13.0066, 41.7424], [13.0201, 41.7601], [13.0303, 41.7569], [13.0433, 41.7539], [13.0616, 41.7499], [13.0735, 41.742], [13.07997, 41.7367], [13.08222, 41.7255], [13.08353, 41.71906], [13.09269, 41.71042], [13.10703, 41.70672], [13.10903, 41.7062], [13.11697, 41.69781], [13.111, 41.6917], [13.0966, 41.6814], [13.0862, 41.6752], [13.0748, 41.6659], [13.0624, 41.6586], [13.05, 41.6494], [13.05, 41.641], [13.0428, 41.6276], [13.0334, 41.6255], [13.0311, 41.616], [13.0239, 41.6046], [13.0198, 41.5901], [13.0311, 41.5829], [13.0446, 41.5736], [13.0487, 41.5653], [13.0507, 41.558], [13.0615, 41.5479]]], [[[12.50881, 41.57636], [12.50464, 41.58033], [12.48445, 41.60167], [12.48978, 41.6215], [12.50259, 41.62203], [12.50814, 41.62492], [12.51256, 41.63059], [12.51561, 41.63122], [12.51628, 41.63419], [12.51269, 41.63744], [12.51139, 41.64594], [12.51453, 41.64956], [12.5158, 41.6558], [12.5183, 41.6633], [12.5233, 41.6658], [12.5267, 41.6708], [12.5267, 41.6767], [12.5292, 41.685], [12.5317, 41.6917], [12.5308, 41.6967], [12.5375, 41.7], [12.5467, 41.7008], [12.5575, 41.7033], [12.5642, 41.7033], [12.575, 41.705], [12.5875, 41.7], [12.5908, 41.695], [12.595, 41.6883], [12.6, 41.6808], [12.6058, 41.6708], [12.6142, 41.665], [12.6242, 41.6558], [12.6367, 41.6517], [12.6475, 41.6442], [12.6525, 41.6367], [12.6542, 41.625], [12.655, 41.605], [12.6567, 41.5925], [12.6617, 41.5833], [12.6667, 41.5775], [12.6467, 41.565], [12.6292, 41.5583], [12.62, 41.5417], [12.61, 41.5283], [12.5958, 41.5217], [12.5817, 41.5133], [12.57411, 41.51045], [12.52967, 41.55822], [12.50881, 41.57636]]]]}}, {"type": "Feature", "properties": {"Index": 7, "Name": "Roman Latin Colony", "FromYear": -383.5, "ToYear": -341.2, "Area": 540.9, "Type": "POLITY", "References": "", "MemberOf": "", "ColorR": 248, "ColorG": 192, "ColorB": 16, "Generated": "2026-08-16"}, "geometry": {"type": "MultiPolygon", "coordinates": [[[[13.0615, 41.5479], [13.0772, 41.5371], [13.092, 41.523], [13.0958, 41.5063], [13.0935, 41.4873], [13.0868, 41.4731], [13.0768, 41.462], [13.0608, 41.4583], [13.0411, 41.4594], [13.0347, 41.4921], [13.0176, 41.5033], [13.0132, 41.51], [13.0057, 41.5189], [12.9927, 41.5286], [12.9887, 41.5332], [12.9732, 41.5415], [12.9505, 41.5436], [12.9308, 41.5529], [12.9153, 41.5684], [12.9101, 41.585], [12.9111, 41.5891], [12.9205, 41.5984], [12.9318, 41.6077], [12.9411, 41.6201], [12.9556, 41.6346], [12.9742, 41.6501], [12.9831, 41.6569], [12.9883, 41.6672], [12.9945, 41.6755], [12.9976, 41.6803], [12.9941, 41.7093], [13.0066, 41.7424], [13.0201, 41.7601], [13.0303, 41.7569], [13.0433, 41.7539], [13.0616, 41.7499], [13.0735, 41.742], [13.07997, 41.7367], [13.08222, 41.7255], [13.08353, 41.71906], [13.09269, 41.71042], [13.10703, 41.70672], [13.10903, 41.7062], [13.11697, 41.69781], [13.111, 41.6917], [13.0966, 41.6814], [13.0862, 41.6752], [13.0748, 41.6659], [13.0624, 41.6586], [13.05, 41.6494], [13.05, 41.641], [13.0428, 41.6276], [13.0334, 41.6255], [13.0311, 41.616], [13.0239, 41.6046], [13.0198, 41.5901], [13.0311, 41.5829], [13.0446, 41.5736], [13.0487, 41.5653], [13.0507, 41.558], [13.0615, 41.5479]]], [[[12.50464, 41.58033], [12.48445, 41.60167], [12.48978, 41.6215], [12.50259, 41.62203], [12.50814, 41.62492], [12.51256, 41.63059], [12.51561, 41.63122], [12.51628, 41.63419], [12.51269, 41.63744], [12.51139, 41.64594], [12.51453, 41.64956], [12.5158, 41.6558], [12.5183, 41.6633], [12.5233, 41.6658], [12.5267, 41.6708], [12.5267, 41.6767], [12.5292, 41.685], [12.5317, 41.6917], [12.5308, 41.6967], [12.5375, 41.7], [12.5467, 41.7008], [12.5575, 41.7033], [12.5642, 41.7033], [12.575, 41.705], [12.5875, 41.7], [12.5908, 41.695], [12.595, 41.6883], [12.6, 41.6808], [12.6058, 41.6708], [12.6142, 41.665], [12.6242, 41.6558], [12.6367, 41.6517], [12.6475, 41.6442], [12.6525, 41.6367], [12.6542, 41.625], [12.655, 41.605], [12.6567, 41.5925], [12.6617, 41.5833], [12.6667, 41.5775], [12.6467, 41.565], [12.6292, 41.5583], [12.62, 41.5417], [12.61, 41.5283], [12.5958, 41.5217], [12.5817, 41.5133], [12.57411, 41.51045], [12.52967, 41.55822], [12.50881, 41.57636], [12.50464, 41.58033]]], [[[12.3839, 42.2486], [12.387, 42.2403], [12.3922, 42.2372], [12.387, 42.232], [12.3726, 42.2269], [12.355, 42.2176], [12.3405, 42.2093], [12.327, 42.2155], [12.3095, 42.2196], [12.2836, 42.2238], [12.2748, 42.2259], [12.2595, 42.2259], [12.2491, 42.2255], [12.2383, 42.2244], [12.2287, 42.2244], [12.2209, 42.2244], [12.2134, 42.2226], [12.2052, 42.2222], [12.2008, 42.2274], [12.1963, 42.2337], [12.1948, 42.2445], [12.1941, 42.2538], [12.1963, 42.2672], [12.1989, 42.2754], [12.2026, 42.2836], [12.2101, 42.2962], [12.21242, 42.30633], [12.22644, 42.29953], [12.23281, 42.29856], [12.24117, 42.29731], [12.24856, 42.29331], [12.25153, 42.2917], [12.26319, 42.29042], [12.2687, 42.28762], [12.275, 42.27997], [12.28533, 42.27345], [12.29942, 42.26961], [12.31756, 42.26917], [12.32967, 42.27475], [12.34136, 42.27458], [12.36003, 42.27], [12.36208, 42.27009], [12.36989, 42.27037], [12.3901, 42.2762], [12.3891, 42.2703], [12.385, 42.2569], [12.3839, 42.2486]]]]}}, {"type": "Feature", "properties": {"Index": 8, "Name": "Roman Latin Colony", "FromYear": -341.2, "ToYear": -338.5, "Area": 103.1, "Type": "POLITY", "References": "", "MemberOf": "", "ColorR": 248, "ColorG": 192, "ColorB": 16, "Generated": "2026-08-16"}, "geometry": {"type": "Polygon", "coordinates": [[[12.3891, 42.2703], [12.385, 42.2569], [12.3839, 42.2486], [12.387, 42.2403], [12.3922, 42.2372], [12.387, 42.232], [12.3726, 42.2269], [12.355, 42.2176], [12.3405, 42.2093], [12.327, 42.2155], [12.3095, 42.2196], [12.2836, 42.2238], [12.2748, 42.2259], [12.2595, 42.2259], [12.2491, 42.2255], [12.2383, 42.2244], [12.2287, 42.2244], [12.2209, 42.2244], [12.2134, 42.2226], [12.2052, 42.2222], [12.2008, 42.2274], [12.1963, 42.2337], [12.1948, 42.2445], [12.1941, 42.2538], [12.1963, 42.2672], [12.1989, 42.2754], [12.2026, 42.2836], [12.2101, 42.2962], [12.21242, 42.30633], [12.22644, 42.29953], [12.23281, 42.29856], [12.24117, 42.29731], [12.24856, 42.29331], [12.25153, 42.2917], [12.26319, 42.29042], [12.2687, 42.28762], [12.275, 42.27997], [12.28533, 42.27345], [12.29942, 42.26961], [12.31756, 42.26917], [12.32967, 42.27475], [12.34136, 42.27458], [12.36003, 42.27], [12.36208, 42.27009], [12.36989, 42.27037], [12.3901, 42.2762], [12.3891, 42.2703]]]}}, {"type": "Feature", "properties": {"Index": 9, "Name": "Roman Latin Colony", "FromYear": -338.5, "ToYear": -334.5, "Area": 377.4, "Type": "POLITY", "References": "", "MemberOf": "", "ColorR": 248, "ColorG": 192, "ColorB": 16, "Generated": "2026-08-16"}, "geometry": {"type": "MultiPolygon", "coordinates": [[[[13.10636, 41.23784], [13.09203, 41.22508], [13.08053, 41.2253], [13.06406, 41.22106], [13.04786, 41.22547], [13.03836, 41.23161], [13.03239, 41.24339], [13.03219, 41.24939], [13.03194, 41.25736], [13.02122, 41.27245], [13.00342, 41.30345], [13.0089, 41.3093], [13.0201, 41.3115], [13.0339, 41.3141], [13.0446, 41.3175], [13.0577, 41.3212], [13.0681, 41.3242], [13.0707, 41.3179], [13.0748, 41.3112], [13.0897, 41.3059], [13.1049, 41.3026], [13.1165, 41.303], [13.1237, 41.30297], [13.12997, 41.29139], [13.13761, 41.28417], [13.14061, 41.27495], [13.1422, 41.27295], [13.14817, 41.26542], [13.11495, 41.24981], [13.10636, 41.23784]]], [[[12.50881, 41.57636], [12.50464, 41.58033], [12.48445, 41.60167], [12.48978, 41.6215], [12.50259, 41.62203], [12.50814, 41.62492], [12.51256, 41.63059], [12.51561, 41.63122], [12.51628, 41.63419], [12.51269, 41.63744], [12.51139, 41.64594], [12.51453, 41.64956], [12.5158, 41.6558], [12.5183, 41.6633], [12.5233, 41.6658], [12.5267, 41.6708], [12.5267, 41.6767], [12.5292, 41.685], [12.5317, 41.6917], [12.5308, 41.6967], [12.5375, 41.7], [12.5467, 41.7008], [12.5575, 41.7033], [12.5642, 41.7033], [12.575, 41.705], [12.5875, 41.7], [12.5908, 41.695], [12.595, 41.6883], [12.6, 41.6808], [12.6058, 41.6708], [12.6142, 41.665], [12.6242, 41.6558], [12.6367, 41.6517], [12.6475, 41.6442], [12.6525, 41.6367], [12.6542, 41.625], [12.655, 41.605], [12.6567, 41.5925], [12.6617, 41.5833], [12.6667, 41.5775], [12.6467, 41.565], [12.6292, 41.5583], [12.62, 41.5417], [12.61, 41.5283], [12.5958, 41.5217], [12.5817, 41.5133], [12.57411, 41.51045], [12.52967, 41.55822], [12.50881, 41.57636]]], [[[12.385, 42.2569], [12.3839, 42.2486], [12.387, 42.2403], [12.3922, 42.2372], [12.387, 42.232], [12.3726, 42.2269], [12.355, 42.2176], [12.3405, 42.2093], [12.327, 42.2155], [12.3095, 42.2196], [12.2836, 42.2238], [12.2748, 42.2259], [12.2595, 42.2259], [12.2491, 42.2255], [12.2383, 42.2244], [12.2287, 42.2244], [12.2209, 42.2244], [12.2134, 42.2226], [12.2052, 42.2222], [12.2008, 42.2274], [12.1963, 42.2337], [12.1948, 42.2445], [12.1941, 42.2538], [12.1963, 42.2672], [12.1989, 42.2754], [12.2026, 42.2836], [12.2101, 42.2962], [12.21242, 42.30633], [12.22644, 42.29953], [12.23281, 42.29856], [12.24117, 42.29731], [12.24856, 42.29331], [12.25153, 42.2917], [12.26319, 42.29042], [12.2687, 42.28762], [12.275, 42.27997], [12.28533, 42.27345], [12.29942, 42.26961], [12.31756, 42.26917], [12.32967, 42.27475], [12.34136, 42.27458], [12.36003, 42.27], [12.36208, 42.27009], [12.36989, 42.27037], [12.3901, 42.2762], [12.3891, 42.2703], [12.385, 42.2569]]]]}}, {"type": "Feature", "properties": {"Index": 10, "Name": "Roman Latin Colony", "FromYear": -334.5, "ToYear": -328.5, "Area": 406.2, "Type": "POLITY", "References": "", "MemberOf": "", "ColorR": 248, "ColorG": 192, "ColorB": 16, "Generated": "2026-08-16"}, "geometry": {"type": "MultiPolygon", "coordinates": [[[[14.1624, 41.2046], [14.1728, 41.1902], [14.1717, 41.1777], [14.1572, 41.1684], [14.1407, 41.1695], [14.1262, 41.1798], [14.1148, 41.1819], [14.0952, 41.1746], [14.0859, 41.1819], [14.0848, 41.1922], [14.0931, 41.1995], [14.1076, 41.2077], [14.12, 41.2202], [14.1324, 41.2264], [14.1428, 41.2202], [14.1624, 41.2046]]], [[[13.10636, 41.23784], [13.09203, 41.22508], [13.08053, 41.2253], [13.06406, 41.22106], [13.04786, 41.22547], [13.03836, 41.23161], [13.03239, 41.24339], [13.03219, 41.24939], [13.03194, 41.25736], [13.02122, 41.27245], [13.00342, 41.30345], [13.0089, 41.3093], [13.0201, 41.3115], [13.0339, 41.3141], [13.0446, 41.3175], [13.0577, 41.3212], [13.0681, 41.3242], [13.0707, 41.3179], [13.0748, 41.3112], [13.0897, 41.3059], [13.1049, 41.3026], [13.1165, 41.303], [13.1237, 41.30297], [13.12997, 41.29139], [13.13761, 41.28417], [13.14061, 41.27495], [13.1422, 41.27295], [13.14817, 41.26542], [13.11495, 41.24981], [13.10636, 41.23784]]], [[[12.50881, 41.57636], [12.50464, 41.58033], [12.48445, 41.60167], [12.48978, 41.6215], [12.50259, 41.62203], [12.50814, 41.62492], [12.51256, 41.63059], [12.51561, 41.63122], [12.51628, 41.63419], [12.51269, 41.63744], [12.51139, 41.64594], [12.51453, 41.64956], [12.5158, 41.6558], [12.5183, 41.6633], [12.5233, 41.6658], [12.5267, 41.6708], [12.5267, 41.6767], [12.5292, 41.685], [12.5317, 41.6917], [12.5308, 41.6967], [12.5375, 41.7], [12.5467, 41.7008], [12.5575, 41.7033], [12.5642, 41.7033], [12.575, 41.705], [12.5875, 41.7], [12.5908, 41.695], [12.595, 41.6883], [12.6, 41.6808], [12.6058, 41.6708], [12.6142, 41.665], [12.6242, 41.6558], [12.6367, 41.6517], [12.6475, 41.6442], [12.6525, 41.6367], [12.6542, 41.625], [12.655, 41.605], [12.6567, 41.5925], [12.6617, 41.5833], [12.6667, 41.5775], [12.6467, 41.565], [12.6292, 41.5583], [12.62, 41.5417], [12.61, 41.5283], [12.5958, 41.5217], [12.5817, 41.5133], [12.57411, 41.51045], [12.52967, 41.55822], [12.50881, 41.57636]]], [[[12.3839, 42.2486], [12.387, 42.2403], [12.3922, 42.2372], [12.387, 42.232], [12.3726, 42.2269], [12.355, 42.2176], [12.3405, 42.2093], [12.327, 42.2155], [12.3095, 42.2196], [12.2836, 42.2238], [12.2748, 42.2259], [12.2595, 42.2259], [12.2491, 42.2255], [12.2383, 42.2244], [12.2287, 42.2244], [12.2209, 42.2244], [12.2134, 42.2226], [12.2052, 42.2222], [12.2008, 42.2274], [12.1963, 42.2337], [12.1948, 42.2445], [12.1941, 42.2538], [12.1963, 42.2672], [12.1989, 42.2754], [12.2026, 42.2836], [12.2101, 42.2962], [12.21242, 42.30633], [12.22644, 42.29953], [12.23281, 42.29856], [12.24117, 42.29731], [12.24856, 42.29331], [12.25153, 42.2917], [12.26319, 42.29042], [12.2687, 42.28762], [12.275, 42.27997], [12.28533, 42.27345], [12.29942, 42.26961], [12.31756, 42.26917], [12.32967, 42.27475], [12.34136, 42.27458], [12.36003, 42.27], [12.36208, 42.27009], [12.36989, 42.27037], [12.3901, 42.2762], [12.3891, 42.2703], [12.385, 42.2569], [12.3839, 42.2486]]]]}}, {"type": "Feature", "properties": {"Index": 11, "Name": "Roman Latin Colony", "FromYear": -328.5, "ToYear": -321.5, "Area": 561.7, "Type": "POLITY", "References": "", "MemberOf": "", "ColorR": 248, "ColorG": 192, "ColorB": 16, "Generated": "2026-08-16"}, "geometry": {"type": "MultiPolygon", "coordinates": [[[[14.1624, 41.2046], [14.1728, 41.1902], [14.1717, 41.1777], [14.1572, 41.1684], [14.1407, 41.1695], [14.1262, 41.1798], [14.1148, 41.1819], [14.0952, 41.1746], [14.0859, 41.1819], [14.0848, 41.1922], [14.0931, 41.1995], [14.1076, 41.2077], [14.12, 41.2202], [14.1324, 41.2264], [14.1428, 41.2202], [14.1624, 41.2046]]], [[[13.09203, 41.22508], [13.08053, 41.2253], [13.06406, 41.22106], [13.04786, 41.22547], [13.03836, 41.23161], [13.03239, 41.24339], [13.03219, 41.24939], [13.03194, 41.25736], [13.02122, 41.27245], [13.00342, 41.30345], [13.0089, 41.3093], [13.0201, 41.3115], [13.0339, 41.3141], [13.0446, 41.3175], [13.0577, 41.3212], [13.0681, 41.3242], [13.0707, 41.3179], [13.0748, 41.3112], [13.0897, 41.3059], [13.1049, 41.3026], [13.1165, 41.303], [13.1237, 41.30297], [13.12997, 41.29139], [13.13761, 41.28417], [13.14061, 41.27495], [13.1422, 41.27295], [13.14817, 41.26542], [13.11495, 41.24981], [13.10636, 41.23784], [13.09203, 41.22508]]], [[[13.6059, 41.5203], [13.5903, 41.5079], [13.5666, 41.4935], [13.5469, 41.4779], [13.5376, 41.4666], [13.5159, 41.4717], [13.4848, 41.4769], [13.46, 41.4821], [13.4414, 41.4945], [13.4352, 41.5162], [13.4352, 41.539], [13.4517, 41.5493], [13.4755, 41.5628], [13.5066, 41.5772], [13.519, 41.5866], [13.5407, 41.5886], [13.5666, 41.5897], [13.5934, 41.5938], [13.6152, 41.5835], [13.6348, 41.5731], [13.6297, 41.5514], [13.6183, 41.5286], [13.6059, 41.5203]]], [[[12.50881, 41.57636], [12.50464, 41.58033], [12.48445, 41.60167], [12.48978, 41.6215], [12.50259, 41.62203], [12.50814, 41.62492], [12.51256, 41.63059], [12.51561, 41.63122], [12.51628, 41.63419], [12.51269, 41.63744], [12.51139, 41.64594], [12.51453, 41.64956], [12.5158, 41.6558], [12.5183, 41.6633], [12.5233, 41.6658], [12.5267, 41.6708], [12.5267, 41.6767], [12.5292, 41.685], [12.5317, 41.6917], [12.5308, 41.6967], [12.5375, 41.7], [12.5467, 41.7008], [12.5575, 41.7033], [12.5642, 41.7033], [12.575, 41.705], [12.5875, 41.7], [12.5908, 41.695], [12.595, 41.6883], [12.6, 41.6808], [12.6058, 41.6708], [12.6142, 41.665], [12.6242, 41.6558], [12.6367, 41.6517], [12.6475, 41.6442], [12.6525, 41.6367], [12.6542, 41.625], [12.655, 41.605], [12.6567, 41.5925], [12.6617, 41.5833], [12.6667, 41.5775], [12.6467, 41.565], [12.6292, 41.5583], [12.62, 41.5417], [12.61, 41.5283], [12.5958, 41.5217], [12.5817, 41.5133], [12.57411, 41.51045], [12.52967, 41.55822], [12.50881, 41.57636]]], [[[12.3839, 42.2486], [12.387, 42.2403], [12.3922, 42.2372], [12.387, 42.232], [12.3726, 42.2269], [12.355, 42.2176], [12.3405, 42.2093], [12.327, 42.2155], [12.3095, 42.2196], [12.2836, 42.2238], [12.2748, 42.2259], [12.2595, 42.2259], [12.2491, 42.2255], [12.2383, 42.2244], [12.2287, 42.2244], [12.2209, 42.2244], [12.2134, 42.2226], [12.2052, 42.2222], [12.2008, 42.2274], [12.1963, 42.2337], [12.1948, 42.2445], [12.1941, 42.2538], [12.1963, 42.2672], [12.1989, 42.2754], [12.2026, 42.2836], [12.2101, 42.2962], [12.21242, 42.30633], [12.22644, 42.29953], [12.23281, 42.29856], [12.24117, 42.29731], [12.24856, 42.29331], [12.25153, 42.2917], [12.26319, 42.29042], [12.2687, 42.28762], [12.275, 42.27997], [12.28533, 42.27345], [12.29942, 42.26961], [12.31756, 42.26917], [12.32967, 42.27475], [12.34136, 42.27458], [12.36003, 42.27], [12.36208, 42.27009], [12.36989, 42.27037], [12.3901, 42.2762], [12.3891, 42.2703], [12.385, 42.2569], [12.3839, 42.2486]]]]}}, {"type": "Feature", "properties": {"Index": 12, "Name": "Roman Latin Colony", "FromYear": -321.5, "ToYear": -314.5, "Area": 377.4, "Type": "POLITY", "References": "", "MemberOf": "", "ColorR": 248, "ColorG": 192, "ColorB": 16, "Generated": "2026-08-16"}, "geometry": {"type": "MultiPolygon", "coordinates": [[[[13.10636, 41.23784], [13.09203, 41.22508], [13.08053, 41.2253], [13.06406, 41.22106], [13.04786, 41.22547], [13.03836, 41.23161], [13.03239, 41.24339], [13.03219, 41.24939], [13.03194, 41.25736], [13.02122, 41.27245], [13.00342, 41.30345], [13.0089, 41.3093], [13.0201, 41.3115], [13.0339, 41.3141], [13.0446, 41.3175], [13.0577, 41.3212], [13.0681, 41.3242], [13.0707, 41.3179], [13.0748, 41.3112], [13.0897, 41.3059], [13.1049, 41.3026], [13.1165, 41.303], [13.1237, 41.30297], [13.12997, 41.29139], [13.13761, 41.28417], [13.14061, 41.27495], [13.1422, 41.27295], [13.14817, 41.26542], [13.11495, 41.24981], [13.10636, 41.23784]]], [[[12.50881, 41.57636], [12.50464, 41.58033], [12.48445, 41.60167], [12.48978, 41.6215], [12.50259, 41.62203], [12.50814, 41.62492], [12.51256, 41.63059], [12.51561, 41.63122], [12.51628, 41.63419], [12.51269, 41.63744], [12.51139, 41.64594], [12.51453, 41.64956], [12.5158, 41.6558], [12.5183, 41.6633], [12.5233, 41.6658], [12.5267, 41.6708], [12.5267, 41.6767], [12.5292, 41.685], [12.5317, 41.6917], [12.5308, 41.6967], [12.5375, 41.7], [12.5467, 41.7008], [12.5575, 41.7033], [12.5642, 41.7033], [12.575, 41.705], [12.5875, 41.7], [12.5908, 41.695], [12.595, 41.6883], [12.6, 41.6808], [12.6058, 41.6708], [12.6142, 41.665], [12.6242, 41.6558], [12.6367, 41.6517], [12.6475, 41.6442], [12.6525, 41.6367], [12.6542, 41.625], [12.655, 41.605], [12.6567, 41.5925], [12.6617, 41.5833], [12.6667, 41.5775], [12.6467, 41.565], [12.6292, 41.5583], [12.62, 41.5417], [12.61, 41.5283], [12.5958, 41.5217], [12.5817, 41.5133], [12.57411, 41.51045], [12.52967, 41.55822], [12.50881, 41.57636]]], [[[12.385, 42.2569], [12.3839, 42.2486], [12.387, 42.2403], [12.3922, 42.2372], [12.387, 42.232], [12.3726, 42.2269], [12.355, 42.2176], [12.3405, 42.2093], [12.327, 42.2155], [12.3095, 42.2196], [12.2836, 42.2238], [12.2748, 42.2259], [12.2595, 42.2259], [12.2491, 42.2255], [12.2383, 42.2244], [12.2287, 42.2244], [12.2209, 42.2244], [12.2134, 42.2226], [12.2052, 42.2222], [12.2008, 42.2274], [12.1963, 42.2337], [12.1948, 42.2445], [12.1941, 42.2538], [12.1963, 42.2672], [12.1989, 42.2754], [12.2026, 42.2836], [12.2101, 42.2962], [12.21242, 42.30633], [12.22644, 42.29953], [12.23281, 42.29856], [12.24117, 42.29731], [12.24856, 42.29331], [12.25153, 42.2917], [12.26319, 42.29042], [12.2687, 42.28762], [12.275, 42.27997], [12.28533, 42.27345], [12.29942, 42.26961], [12.31756, 42.26917], [12.32967, 42.27475], [12.34136, 42.27458], [12.36003, 42.27], [12.36208, 42.27009], [12.36989, 42.27037], [12.3901, 42.2762], [12.3891, 42.2703], [12.385, 42.2569]]]]}}, {"type": "Feature", "properties": {"Index": 13, "Name": "Roman Latin Colony", "FromYear": -314.5, "ToYear": -313.5, "Area": 987.2, "Type": "POLITY", "References": "", "MemberOf": "", "ColorR": 248, "ColorG": 192, "ColorB": 16, "Generated": "2026-08-16"}, "geometry": {"type": "MultiPolygon", "coordinates": [[[[14.1624, 41.2046], [14.1728, 41.1902], [14.1717, 41.1777], [14.1572, 41.1684], [14.1407, 41.1695], [14.1262, 41.1798], [14.1148, 41.1819], [14.0952, 41.1746], [14.0859, 41.1819], [14.0848, 41.1922], [14.0931, 41.1995], [14.1076, 41.2077], [14.12, 41.2202], [14.1324, 41.2264], [14.1428, 41.2202], [14.1624, 41.2046]]], [[[13.09203, 41.22508], [13.08053, 41.2253], [13.06406, 41.22106], [13.04786, 41.22547], [13.03836, 41.23161], [13.03239, 41.24339], [13.03219, 41.24939], [13.03194, 41.25736], [13.02122, 41.27245], [13.00342, 41.30345], [13.0089, 41.3093], [13.0201, 41.3115], [13.0339, 41.3141], [13.0446, 41.3175], [13.0577, 41.3212], [13.0681, 41.3242], [13.0707, 41.3179], [13.0748, 41.3112], [13.0897, 41.3059], [13.1049, 41.3026], [13.1165, 41.303], [13.1237, 41.30297], [13.12997, 41.29139], [13.13761, 41.28417], [13.14061, 41.27495], [13.1422, 41.27295], [13.14817, 41.26542], [13.11495, 41.24981], [13.10636, 41.23784], [13.09203, 41.22508]]], [[[15.33747, 41.45044], [15.32958, 41.45075], [15.32733, 41.45147], [15.32067, 41.45361], [15.31489, 41.45339], [15.30817, 41.44861], [15.30306, 41.4495], [15.29958, 41.44781], [15.29717, 41.44356], [15.29189, 41.4417], [15.28172, 41.43111], [15.27328, 41.42753], [15.26447, 41.432], [15.25878, 41.43314], [15.23372, 41.43139], [15.22083, 41.43417], [15.21225, 41.43314], [15.20031, 41.43153], [15.16858, 41.42061], [15.15717, 41.41347], [15.14975, 41.41169], [15.14583, 41.41208], [15.12789, 41.421], [15.12306, 41.42611], [15.12247, 41.42672], [15.0959, 41.4322], [15.0876, 41.4581], [15.0783, 41.4839], [15.0721, 41.4994], [15.0649, 41.515], [15.0587, 41.5243], [15.0628, 41.5315], [15.0701, 41.5305], [15.0918, 41.5439], [15.1073, 41.547], [15.1249, 41.5543], [15.1414, 41.5553], [15.15725, 41.56083], [15.16422, 41.56514], [15.20247, 41.57214], [15.20689, 41.57428], [15.214, 41.58019], [15.22203, 41.59522], [15.23817, 41.60422], [15.25192, 41.61792], [15.25886, 41.62153], [15.27533, 41.62158], [15.28325, 41.62608], [15.28711, 41.62681], [15.29222, 41.62778], [15.31125, 41.64103], [15.3185, 41.64622], [15.3455, 41.644], [15.3505, 41.64153], [15.3595, 41.63083], [15.3569, 41.6193], [15.3517, 41.6038], [15.3517, 41.5924], [15.3528, 41.579], [15.3579, 41.5645], [15.3631, 41.5386], [15.3734, 41.521], [15.3786, 41.5076], [15.3817, 41.4859], [15.3755, 41.4683], [15.36789, 41.45931], [15.35661, 41.45469], [15.34775, 41.45392], [15.33747, 41.45044]]], [[[13.6059, 41.5203], [13.5903, 41.5079], [13.5666, 41.4935], [13.5469, 41.4779], [13.5376, 41.4666], [13.5159, 41.4717], [13.4848, 41.4769], [13.46, 41.4821], [13.4414, 41.4945], [13.4352, 41.5162], [13.4352, 41.539], [13.4517, 41.5493], [13.4755, 41.5628], [13.5066, 41.5772], [13.519, 41.5866], [13.5407, 41.5886], [13.5666, 41.5897], [13.5934, 41.5938], [13.6152, 41.5835], [13.6348, 41.5731], [13.6297, 41.5514], [13.6183, 41.5286], [13.6059, 41.5203]]], [[[12.50464, 41.58033], [12.48445, 41.60167], [12.48978, 41.6215], [12.50259, 41.62203], [12.50814, 41.62492], [12.51256, 41.63059], [12.51561, 41.63122], [12.51628, 41.63419], [12.51269, 41.63744], [12.51139, 41.64594], [12.51453, 41.64956], [12.5158, 41.6558], [12.5183, 41.6633], [12.5233, 41.6658], [12.5267, 41.6708], [12.5267, 41.6767], [12.5292, 41.685], [12.5317, 41.6917], [12.5308, 41.6967], [12.5375, 41.7], [12.5467, 41.7008], [12.5575, 41.7033], [12.5642, 41.7033], [12.575, 41.705], [12.5875, 41.7], [12.5908, 41.695], [12.595, 41.6883], [12.6, 41.6808], [12.6058, 41.6708], [12.6142, 41.665], [12.6242, 41.6558], [12.6367, 41.6517], [12.6475, 41.6442], [12.6525, 41.6367], [12.6542, 41.625], [12.655, 41.605], [12.6567, 41.5925], [12.6617, 41.5833], [12.6667, 41.5775], [12.6467, 41.565], [12.6292, 41.5583], [12.62, 41.5417], [12.61, 41.5283], [12.5958, 41.5217], [12.5817, 41.5133], [12.57411, 41.51045], [12.52967, 41.55822], [12.50881, 41.57636], [12.50464, 41.58033]]], [[[12.3839, 42.2486], [12.387, 42.2403], [12.3922, 42.2372], [12.387, 42.232], [12.3726, 42.2269], [12.355, 42.2176], [12.3405, 42.2093], [12.327, 42.2155], [12.3095, 42.2196], [12.2836, 42.2238], [12.2748, 42.2259], [12.2595, 42.2259], [12.2491, 42.2255], [12.2383, 42.2244], [12.2287, 42.2244], [12.2209, 42.2244], [12.2134, 42.2226], [12.2052, 42.2222], [12.2008, 42.2274], [12.1963, 42.2337], [12.1948, 42.2445], [12.1941, 42.2538], [12.1963, 42.2672], [12.1989, 42.2754], [12.2026, 42.2836], [12.2101, 42.2962], [12.21242, 42.30633], [12.22644, 42.29953], [12.23281, 42.29856], [12.24117, 42.29731], [12.24856, 42.29331], [12.25153, 42.2917], [12.26319, 42.29042], [12.2687, 42.28762], [12.275, 42.27997], [12.28533, 42.27345], [12.29942, 42.26961], [12.31756, 42.26917], [12.32967, 42.27475], [12.34136, 42.27458], [12.36003, 42.27], [12.36208, 42.27009], [12.36989, 42.27037], [12.3901, 42.2762], [12.3891, 42.2703], [12.385, 42.2569], [12.3839, 42.2486]]]]}}, {"type": "Feature", "properties": {"Index": 14, "Name": "Roman Latin Colony", "FromYear": -313.5, "ToYear": -313.3, "Area": 997.4, "Type": "POLITY", "References": "", "MemberOf": "", "ColorR": 248, "ColorG": 192, "ColorB": 16, "Generated": "2026-08-16"}, "geometry": {"type": "MultiPolygon", "coordinates": [[[[12.94906, 40.89797], [12.94189, 40.89925], [12.93897, 40.90294], [12.94222, 40.91], [12.9475, 40.91539], [12.94797, 40.92064], [12.95408, 40.92222], [12.95797, 40.9232], [12.96383, 40.92792], [12.96611, 40.93267], [12.97117, 40.9312], [12.98461, 40.93759], [12.993, 40.93606], [12.99653, 40.93281], [12.98853, 40.92789], [12.97794, 40.92628], [12.97325, 40.92064], [12.96814, 40.9205], [12.96589, 40.91664], [12.96656, 40.90864], [12.96197, 40.90642], [12.96136, 40.89661], [12.96433, 40.89539], [12.96917, 40.896], [12.97064, 40.89436], [12.96125, 40.88264], [12.95025, 40.87803], [12.94753, 40.88748], [12.95194, 40.89403], [12.94906, 40.89797]]], [[[14.1728, 41.1902], [14.1717, 41.1777], [14.1572, 41.1684], [14.1407, 41.1695], [14.1262, 41.1798], [14.1148, 41.1819], [14.0952, 41.1746], [14.0859, 41.1819], [14.0848, 41.1922], [14.0931, 41.1995], [14.1076, 41.2077], [14.12, 41.2202], [14.1324, 41.2264], [14.1428, 41.2202], [14.1624, 41.2046], [14.1728, 41.1902]]], [[[13.09203, 41.22508], [13.08053, 41.2253], [13.06406, 41.22106], [13.04786, 41.22547], [13.03836, 41.23161], [13.03239, 41.24339], [13.03219, 41.24939], [13.03194, 41.25736], [13.02122, 41.27245], [13.00342, 41.30345], [13.0089, 41.3093], [13.0201, 41.3115], [13.0339, 41.3141], [13.0446, 41.3175], [13.0577, 41.3212], [13.0681, 41.3242], [13.0707, 41.3179], [13.0748, 41.3112], [13.0897, 41.3059], [13.1049, 41.3026], [13.1165, 41.303], [13.1237, 41.30297], [13.12997, 41.29139], [13.13761, 41.28417], [13.14061, 41.27495], [13.1422, 41.27295], [13.14817, 41.26542], [13.11495, 41.24981], [13.10636, 41.23784], [13.09203, 41.22508]]], [[[15.33747, 41.45044], [15.32958, 41.45075], [15.32733, 41.45147], [15.32067, 41.45361], [15.31489, 41.45339], [15.30817, 41.44861], [15.30306, 41.4495], [15.29958, 41.44781], [15.29717, 41.44356], [15.29189, 41.4417], [15.28172, 41.43111], [15.27328, 41.42753], [15.26447, 41.432], [15.25878, 41.43314], [15.23372, 41.43139], [15.22083, 41.43417], [15.21225, 41.43314], [15.20031, 41.43153], [15.16858, 41.42061], [15.15717, 41.41347], [15.14975, 41.41169], [15.14583, 41.41208], [15.12789, 41.421], [15.12306, 41.42611], [15.12247, 41.42672], [15.0959, 41.4322], [15.0876, 41.4581], [15.0783, 41.4839], [15.0721, 41.4994], [15.0649, 41.515], [15.0587, 41.5243], [15.0628, 41.5315], [15.0701, 41.5305], [15.0918, 41.5439], [15.1073, 41.547], [15.1249, 41.5543], [15.1414, 41.5553], [15.15725, 41.56083], [15.16422, 41.56514], [15.20247, 41.57214], [15.20689, 41.57428], [15.214, 41.58019], [15.22203, 41.59522], [15.23817, 41.60422], [15.25192, 41.61792], [15.25886, 41.62153], [15.27533, 41.62158], [15.28325, 41.62608], [15.28711, 41.62681], [15.29222, 41.62778], [15.31125, 41.64103], [15.3185, 41.64622], [15.3455, 41.644], [15.3505, 41.64153], [15.3595, 41.63083], [15.3569, 41.6193], [15.3517, 41.6038], [15.3517, 41.5924], [15.3528, 41.579], [15.3579, 41.5645], [15.3631, 41.5386], [15.3734, 41.521], [15.3786, 41.5076], [15.3817, 41.4859], [15.3755, 41.4683], [15.36789, 41.45931], [15.35661, 41.45469], [15.34775, 41.45392], [15.33747, 41.45044]]], [[[13.6059, 41.5203], [13.5903, 41.5079], [13.5666, 41.4935], [13.5469, 41.4779], [13.5376, 41.4666], [13.5159, 41.4717], [13.4848, 41.4769], [13.46, 41.4821], [13.4414, 41.4945], [13.4352, 41.5162], [13.4352, 41.539], [13.4517, 41.5493], [13.4755, 41.5628], [13.5066, 41.5772], [13.519, 41.5866], [13.5407, 41.5886], [13.5666, 41.5897], [13.5934, 41.5938], [13.6152, 41.5835], [13.6348, 41.5731], [13.6297, 41.5514], [13.6183, 41.5286], [13.6059, 41.5203]]], [[[12.50464, 41.58033], [12.48445, 41.60167], [12.48978, 41.6215], [12.50259, 41.62203], [12.50814, 41.62492], [12.51256, 41.63059], [12.51561, 41.63122], [12.51628, 41.63419], [12.51269, 41.63744], [12.51139, 41.64594], [12.51453, 41.64956], [12.5158, 41.6558], [12.5183, 41.6633], [12.5233, 41.6658], [12.5267, 41.6708], [12.5267, 41.6767], [12.5292, 41.685], [12.5317, 41.6917], [12.5308, 41.6967], [12.5375, 41.7], [12.5467, 41.7008], [12.5575, 41.7033], [12.5642, 41.7033], [12.575, 41.705], [12.5875, 41.7], [12.5908, 41.695], [12.595, 41.6883], [12.6, 41.6808], [12.6058, 41.6708], [12.6142, 41.665], [12.6242, 41.6558], [12.6367, 41.6517], [12.6475, 41.6442], [12.6525, 41.6367], [12.6542, 41.625], [12.655, 41.605], [12.6567, 41.5925], [12.6617, 41.5833], [12.6667, 41.5775], [12.6467, 41.565], [12.6292, 41.5583], [12.62, 41.5417], [12.61, 41.5283], [12.5958, 41.5217], [12.5817, 41.5133], [12.57411, 41.51045], [12.52967, 41.55822], [12.50881, 41.57636], [12.50464, 41.58033]]], [[[12.3839, 42.2486], [12.387, 42.2403], [12.3922, 42.2372], [12.387, 42.232], [12.3726, 42.2269], [12.355, 42.2176], [12.3405, 42.2093], [12.327, 42.2155], [12.3095, 42.2196], [12.2836, 42.2238], [12.2748, 42.2259], [12.2595, 42.2259], [12.2491, 42.2255], [12.2383, 42.2244], [12.2287, 42.2244], [12.2209, 42.2244], [12.2134, 42.2226], [12.2052, 42.2222], [12.2008, 42.2274], [12.1963, 42.2337], [12.1948, 42.2445], [12.1941, 42.2538], [12.1963, 42.2672], [12.1989, 42.2754], [12.2026, 42.2836], [12.2101, 42.2962], [12.21242, 42.30633], [12.22644, 42.29953], [12.23281, 42.29856], [12.24117, 42.29731], [12.24856, 42.29331], [12.25153, 42.2917], [12.26319, 42.29042], [12.2687, 42.28762], [12.275, 42.27997], [12.28533, 42.27345], [12.29942, 42.26961], [12.31756, 42.26917], [12.32967, 42.27475], [12.34136, 42.27458], [12.36003, 42.27], [12.36208, 42.27009], [12.36989, 42.27037], [12.3901, 42.2762], [12.3891, 42.2703], [12.385, 42.2569], [12.3839, 42.2486]]]]}}, {"type": "Feature", "properties": {"Index": 15, "Name": "Roman Latin Colony", "FromYear": -313.3, "ToYear": -312.5, "Area": 1422.4, "Type": "POLITY", "References": "", "MemberOf": "", "ColorR": 248, "ColorG": 192, "ColorB": 16, "Generated": "2026-08-16"}, "geometry": {"type": "MultiPolygon", "coordinates": [[[[12.94906, 40.89797], [12.94189, 40.89925], [12.93897, 40.90294], [12.94222, 40.91], [12.9475, 40.91539], [12.94797, 40.92064], [12.95408, 40.92222], [12.95797, 40.9232], [12.96383, 40.92792], [12.96611, 40.93267], [12.97117, 40.9312], [12.98461, 40.93759], [12.993, 40.93606], [12.99653, 40.93281], [12.98853, 40.92789], [12.97794, 40.92628], [12.97325, 40.92064], [12.96814, 40.9205], [12.96589, 40.91664], [12.96656, 40.90864], [12.96197, 40.90642], [12.96136, 40.89661], [12.96433, 40.89539], [12.96917, 40.896], [12.97064, 40.89436], [12.96125, 40.88264], [12.95025, 40.87803], [12.94753, 40.88748], [12.95194, 40.89403], [12.94906, 40.89797]]], [[[14.5052, 41.1508], [14.5249, 41.1394], [14.5414, 41.127], [14.5538, 41.1012], [14.5487, 41.0794], [14.5383, 41.0598], [14.5218, 41.0548], [14.5044, 41.0571], [14.4945, 41.062], [14.4708, 41.0765], [14.4566, 41.0929], [14.45069, 41.10706], [14.44406, 41.11825], [14.44303, 41.11856], [14.43869, 41.11984], [14.4265, 41.12339], [14.42042, 41.12839], [14.41861, 41.13372], [14.41967, 41.13667], [14.42614, 41.13875], [14.43142, 41.15231], [14.43617, 41.15653], [14.4435, 41.15789], [14.45283, 41.15692], [14.45547, 41.16644], [14.46364, 41.17189], [14.4752, 41.1674], [14.4897, 41.1591], [14.5052, 41.1508]]], [[[14.1728, 41.1902], [14.1717, 41.1777], [14.1572, 41.1684], [14.1407, 41.1695], [14.1262, 41.1798], [14.1148, 41.1819], [14.0952, 41.1746], [14.0859, 41.1819], [14.0848, 41.1922], [14.0931, 41.1995], [14.1076, 41.2077], [14.12, 41.2202], [14.1324, 41.2264], [14.1428, 41.2202], [14.1624, 41.2046], [14.1728, 41.1902]]], [[[13.08053, 41.2253], [13.06406, 41.22106], [13.04786, 41.22547], [13.03836, 41.23161], [13.03239, 41.24339], [13.03219, 41.24939], [13.03194, 41.25736], [13.02122, 41.27245], [13.00342, 41.30345], [13.0089, 41.3093], [13.0201, 41.3115], [13.0339, 41.3141], [13.0446, 41.3175], [13.0577, 41.3212], [13.0681, 41.3242], [13.0707, 41.3179], [13.0748, 41.3112], [13.0897, 41.3059], [13.1049, 41.3026], [13.1165, 41.303], [13.1237, 41.30297], [13.12997, 41.29139], [13.13761, 41.28417], [13.14061, 41.27495], [13.1422, 41.27295], [13.14817, 41.26542], [13.11495, 41.24981], [13.10636, 41.23784], [13.09203, 41.22508], [13.08053, 41.2253]]], [[[14.0027, 41.4219], [14.0493, 41.4167], [14.0824, 41.4126], [14.10294, 41.41439], [14.10494, 41.40586], [14.11106, 41.3947], [14.10836, 41.38906], [14.0907, 41.3816], [14.0618, 41.361], [14.0369, 41.3465], [14.0183, 41.3196], [13.9997, 41.2885], [13.979, 41.2596], [13.9748, 41.2458], [13.9687, 41.2244], [13.9645, 41.1913], [13.9624, 41.181], [13.9438, 41.1706], [13.9066, 41.1768], [13.8838, 41.1954], [13.8569, 41.2265], [13.84614, 41.24261], [13.84467, 41.24997], [13.84856, 41.2627], [13.84761, 41.27486], [13.84994, 41.28006], [13.86225, 41.28409], [13.87703, 41.29322], [13.88033, 41.29528], [13.88433, 41.30958], [13.89003, 41.31495], [13.88958, 41.31792], [13.88272, 41.32064], [13.87222, 41.33603], [13.874, 41.34881], [13.86847, 41.36017], [13.8735, 41.36439], [13.86961, 41.37206], [13.87325, 41.37881], [13.88311, 41.38864], [13.87647, 41.39614], [13.87458, 41.401], [13.87558, 41.40325], [13.8615, 41.4137], [13.8786, 41.4219], [13.9034, 41.4271], [13.9406, 41.4271], [14.0027, 41.4219]]], [[[15.33747, 41.45044], [15.32958, 41.45075], [15.32733, 41.45147], [15.32067, 41.45361], [15.31489, 41.45339], [15.30817, 41.44861], [15.30306, 41.4495], [15.29958, 41.44781], [15.29717, 41.44356], [15.29189, 41.4417], [15.28172, 41.43111], [15.27328, 41.42753], [15.26447, 41.432], [15.25878, 41.43314], [15.23372, 41.43139], [15.22083, 41.43417], [15.21225, 41.43314], [15.20031, 41.43153], [15.16858, 41.42061], [15.15717, 41.41347], [15.14975, 41.41169], [15.14583, 41.41208], [15.12789, 41.421], [15.12306, 41.42611], [15.12247, 41.42672], [15.0959, 41.4322], [15.0876, 41.4581], [15.0783, 41.4839], [15.0721, 41.4994], [15.0649, 41.515], [15.0587, 41.5243], [15.0628, 41.5315], [15.0701, 41.5305], [15.0918, 41.5439], [15.1073, 41.547], [15.1249, 41.5543], [15.1414, 41.5553], [15.15725, 41.56083], [15.16422, 41.56514], [15.20247, 41.57214], [15.20689, 41.57428], [15.214, 41.58019], [15.22203, 41.59522], [15.23817, 41.60422], [15.25192, 41.61792], [15.25886, 41.62153], [15.27533, 41.62158], [15.28325, 41.62608], [15.28711, 41.62681], [15.29222, 41.62778], [15.31125, 41.64103], [15.3185, 41.64622], [15.3455, 41.644], [15.3505, 41.64153], [15.3595, 41.63083], [15.3569, 41.6193], [15.3517, 41.6038], [15.3517, 41.5924], [15.3528, 41.579], [15.3579, 41.5645], [15.3631, 41.5386], [15.3734, 41.521], [15.3786, 41.5076], [15.3817, 41.4859], [15.3755, 41.4683], [15.36789, 41.45931], [15.35661, 41.45469], [15.34775, 41.45392], [15.33747, 41.45044]]], [[[13.6059, 41.5203], [13.5903, 41.5079], [13.5666, 41.4935], [13.5469, 41.4779], [13.5376, 41.4666], [13.5159, 41.4717], [13.4848, 41.4769], [13.46, 41.4821], [13.4414, 41.4945], [13.4352, 41.5162], [13.4352, 41.539], [13.4517, 41.5493], [13.4755, 41.5628], [13.5066, 41.5772], [13.519, 41.5866], [13.5407, 41.5886], [13.5666, 41.5897], [13.5934, 41.5938], [13.6152, 41.5835], [13.6348, 41.5731], [13.6297, 41.5514], [13.6183, 41.5286], [13.6059, 41.5203]]], [[[12.50464, 41.58033], [12.48445, 41.60167], [12.48978, 41.6215], [12.50259, 41.62203], [12.50814, 41.62492], [12.51256, 41.63059], [12.51561, 41.63122], [12.51628, 41.63419], [12.51269, 41.63744], [12.51139, 41.64594], [12.51453, 41.64956], [12.5158, 41.6558], [12.5183, 41.6633], [12.5233, 41.6658], [12.5267, 41.6708], [12.5267, 41.6767], [12.5292, 41.685], [12.5317, 41.6917], [12.5308, 41.6967], [12.5375, 41.7], [12.5467, 41.7008], [12.5575, 41.7033], [12.5642, 41.7033], [12.575, 41.705], [12.5875, 41.7], [12.5908, 41.695], [12.595, 41.6883], [12.6, 41.6808], [12.6058, 41.6708], [12.6142, 41.665], [12.6242, 41.6558], [12.6367, 41.6517], [12.6475, 41.6442], [12.6525, 41.6367], [12.6542, 41.625], [12.655, 41.605], [12.6567, 41.5925], [12.6617, 41.5833], [12.6667, 41.5775], [12.6467, 41.565], [12.6292, 41.5583], [12.62, 41.5417], [12.61, 41.5283], [12.5958, 41.5217], [12.5817, 41.5133], [12.57411, 41.51045], [12.52967, 41.55822], [12.50881, 41.57636], [12.50464, 41.58033]]], [[[12.387, 42.2403], [12.3922, 42.2372], [12.387, 42.232], [12.3726, 42.2269], [12.355, 42.2176], [12.3405, 42.2093], [12.327, 42.2155], [12.3095, 42.2196], [12.2836, 42.2238], [12.2748, 42.2259], [12.2595, 42.2259], [12.2491, 42.2255], [12.2383, 42.2244], [12.2287, 42.2244], [12.2209, 42.2244], [12.2134, 42.2226], [12.2052, 42.2222], [12.2008, 42.2274], [12.1963, 42.2337], [12.1948, 42.2445], [12.1941, 42.2538], [12.1963, 42.2672], [12.1989, 42.2754], [12.2026, 42.2836], [12.2101, 42.2962], [12.21242, 42.30633], [12.22644, 42.29953], [12.23281, 42.29856], [12.24117, 42.29731], [12.24856, 42.29331], [12.25153, 42.2917], [12.26319, 42.29042], [12.2687, 42.28762], [12.275, 42.27997], [12.28533, 42.27345], [12.29942, 42.26961], [12.31756, 42.26917], [12.32967, 42.27475], [12.34136, 42.27458], [12.36003, 42.27], [12.36208, 42.27009], [12.36989, 42.27037], [12.3901, 42.2762], [12.3891, 42.2703], [12.385, 42.2569], [12.3839, 42.2486], [12.387, 42.2403]]]]}}, {"type": "Feature", "properties": {"Index": 16, "Name": "Roman Latin Colony", "FromYear": -312.5, "ToYear": -303.5, "Area": 1645.0, "Type": "POLITY", "References": "", "MemberOf": "", "ColorR": 248, "ColorG": 192, "ColorB": 16, "Generated": "2026-08-16"}, "geometry": {"type": "MultiPolygon", "coordinates": [[[[12.94906, 40.89797], [12.94189, 40.89925], [12.93897, 40.90294], [12.94222, 40.91], [12.9475, 40.91539], [12.94797, 40.92064], [12.95408, 40.92222], [12.95797, 40.9232], [12.96383, 40.92792], [12.96611, 40.93267], [12.97117, 40.9312], [12.98461, 40.93759], [12.993, 40.93606], [12.99653, 40.93281], [12.98853, 40.92789], [12.97794, 40.92628], [12.97325, 40.92064], [12.96814, 40.9205], [12.96589, 40.91664], [12.96656, 40.90864], [12.96197, 40.90642], [12.96136, 40.89661], [12.96433, 40.89539], [12.96917, 40.896], [12.97064, 40.89436], [12.96125, 40.88264], [12.95025, 40.87803], [12.94753, 40.88748], [12.95194, 40.89403], [12.94906, 40.89797]]], [[[13.09203, 41.22508], [13.08053, 41.2253], [13.06406, 41.22106], [13.04786, 41.22547], [13.03836, 41.23161], [13.03239, 41.24339], [13.03219, 41.24939], [13.03194, 41.25736], [13.02122, 41.27245], [13.00342, 41.30345], [13.0089, 41.3093], [13.0201, 41.3115], [13.0339, 41.3141], [13.0446, 41.3175], [13.0577, 41.3212], [13.0681, 41.3242], [13.0707, 41.3179], [13.0748, 41.3112], [13.0897, 41.3059], [13.1049, 41.3026], [13.1165, 41.303], [13.1237, 41.30297], [13.12997, 41.29139], [13.13761, 41.28417], [13.14061, 41.27495], [13.1422, 41.27295], [13.14817, 41.26542], [13.11495, 41.24981], [13.10636, 41.23784], [13.09203, 41.22508]]], [[[13.6059, 41.5203], [13.5903, 41.5079], [13.5666, 41.4935], [13.5469, 41.4779], [13.5376, 41.4666], [13.5159, 41.4717], [13.4848, 41.4769], [13.46, 41.4821], [13.4414, 41.4945], [13.4352, 41.5162], [13.4352, 41.539], [13.4517, 41.5493], [13.4755, 41.5628], [13.5066, 41.5772], [13.519, 41.5866], [13.5407, 41.5886], [13.5666, 41.5897], [13.5934, 41.5938], [13.6152, 41.5835], [13.6348, 41.5731], [13.6297, 41.5514], [13.6183, 41.5286], [13.6059, 41.5203]]], [[[12.48445, 41.60167], [12.48978, 41.6215], [12.50259, 41.62203], [12.50814, 41.62492], [12.51256, 41.63059], [12.51561, 41.63122], [12.51628, 41.63419], [12.51269, 41.63744], [12.51139, 41.64594], [12.51453, 41.64956], [12.5158, 41.6558], [12.5183, 41.6633], [12.5233, 41.6658], [12.5267, 41.6708], [12.5267, 41.6767], [12.5292, 41.685], [12.5317, 41.6917], [12.5308, 41.6967], [12.5375, 41.7], [12.5467, 41.7008], [12.5575, 41.7033], [12.5642, 41.7033], [12.575, 41.705], [12.5875, 41.7], [12.5908, 41.695], [12.595, 41.6883], [12.6, 41.6808], [12.6058, 41.6708], [12.6142, 41.665], [12.6242, 41.6558], [12.6367, 41.6517], [12.6475, 41.6442], [12.6525, 41.6367], [12.6542, 41.625], [12.655, 41.605], [12.6567, 41.5925], [12.6617, 41.5833], [12.6667, 41.5775], [12.6467, 41.565], [12.6292, 41.5583], [12.62, 41.5417], [12.61, 41.5283], [12.5958, 41.5217], [12.5817, 41.5133], [12.57411, 41.51045], [12.52967, 41.55822], [12.50881, 41.57636], [12.50464, 41.58033], [12.48445, 41.60167]]], [[[12.387, 42.2403], [12.3922, 42.2372], [12.387, 42.232], [12.3726, 42.2269], [12.355, 42.2176], [12.3405, 42.2093], [12.327, 42.2155], [12.3095, 42.2196], [12.2836, 42.2238], [12.2748, 42.2259], [12.2595, 42.2259], [12.2491, 42.2255], [12.2383, 42.2244], [12.2287, 42.2244], [12.2209, 42.2244], [12.2134, 42.2226], [12.2052, 42.2222], [12.2008, 42.2274], [12.1963, 42.2337], [12.1948, 42.2445], [12.1941, 42.2538], [12.1963, 42.2672], [12.1989, 42.2754], [12.2026, 42.2836], [12.2101, 42.2962], [12.21242, 42.30633], [12.22644, 42.29953], [12.23281, 42.29856], [12.24117, 42.29731], [12.24856, 42.29331], [12.25153, 42.2917], [12.26319, 42.29042], [12.2687, 42.28762], [12.275, 42.27997], [12.28533, 42.27345], [12.29942, 42.26961], [12.31756, 42.26917], [12.32967, 42.27475], [12.34136, 42.27458], [12.36003, 42.27], [12.36208, 42.27009], [12.36989, 42.27037], [12.3901, 42.2762], [12.3891, 42.2703], [12.385, 42.2569], [12.3839, 42.2486], [12.387, 42.2403]]], [[[14.5249, 41.1394], [14.5414, 41.127], [14.5538, 41.1012], [14.5487, 41.0794], [14.5383, 41.0598], [14.5218, 41.0548], [14.5044, 41.0571], [14.4945, 41.062], [14.4708, 41.0765], [14.4566, 41.0929], [14.45069, 41.10706], [14.44406, 41.11825], [14.44303, 41.11856], [14.43869, 41.11984], [14.4265, 41.12339], [14.42042, 41.12839], [14.41861, 41.13372], [14.41967, 41.13667], [14.42614, 41.13875], [14.43142, 41.15231], [14.43617, 41.15653], [14.4435, 41.15789], [14.45283, 41.15692], [14.45547, 41.16644], [14.46364, 41.17189], [14.4752, 41.1674], [14.4897, 41.1591], [14.5052, 41.1508], [14.5249, 41.1394]]], [[[14.1717, 41.1777], [14.1572, 41.1684], [14.1407, 41.1695], [14.1262, 41.1798], [14.1148, 41.1819], [14.0952, 41.1746], [14.0859, 41.1819], [14.0848, 41.1922], [14.0931, 41.1995], [14.1076, 41.2077], [14.12, 41.2202], [14.1324, 41.2264], [14.1428, 41.2202], [14.1624, 41.2046], [14.1728, 41.1902], [14.1717, 41.1777]]], [[[13.9406, 41.4271], [14.0027, 41.4219], [14.0493, 41.4167], [14.0824, 41.4126], [14.10294, 41.41439], [14.10494, 41.40586], [14.11106, 41.3947], [14.10836, 41.38906], [14.0907, 41.3816], [14.0618, 41.361], [14.0369, 41.3465], [14.0183, 41.3196], [13.9997, 41.2885], [13.979, 41.2596], [13.9748, 41.2458], [13.9687, 41.2244], [13.9645, 41.1913], [13.9624, 41.181], [13.9438, 41.1706], [13.9066, 41.1768], [13.8838, 41.1954], [13.8569, 41.2265], [13.84614, 41.24261], [13.84467, 41.24997], [13.84856, 41.2627], [13.84761, 41.27486], [13.8443, 41.2858], [13.8391, 41.2952], [13.8247, 41.3014], [13.7988, 41.3096], [13.7802, 41.3169], [13.7626, 41.3324], [13.7502, 41.3552], [13.7202, 41.38], [13.7047, 41.3852], [13.6819, 41.3852], [13.6612, 41.3893], [13.6291, 41.3862], [13.6167, 41.3893], [13.6126, 41.4017], [13.6209, 41.4193], [13.6395, 41.4193], [13.6436, 41.4296], [13.6509, 41.4327], [13.6716, 41.4379], [13.6871, 41.4452], [13.7026, 41.4503], [13.7285, 41.4524], [13.7491, 41.4524], [13.775, 41.4452], [13.8029, 41.441], [13.8236, 41.4338], [13.83075, 41.43214], [13.83695, 41.42786], [13.84508, 41.4265], [13.84858, 41.42322], [13.85486, 41.42122], [13.8615, 41.4137], [13.8786, 41.4219], [13.9034, 41.4271], [13.9406, 41.4271]]], [[[15.32958, 41.45075], [15.32733, 41.45147], [15.32067, 41.45361], [15.31489, 41.45339], [15.30817, 41.44861], [15.30306, 41.4495], [15.29958, 41.44781], [15.29717, 41.44356], [15.29189, 41.4417], [15.28172, 41.43111], [15.27328, 41.42753], [15.26447, 41.432], [15.25878, 41.43314], [15.23372, 41.43139], [15.22083, 41.43417], [15.21225, 41.43314], [15.20031, 41.43153], [15.16858, 41.42061], [15.15717, 41.41347], [15.14975, 41.41169], [15.14583, 41.41208], [15.12789, 41.421], [15.12306, 41.42611], [15.12247, 41.42672], [15.0959, 41.4322], [15.0876, 41.4581], [15.0783, 41.4839], [15.0721, 41.4994], [15.0649, 41.515], [15.0587, 41.5243], [15.0628, 41.5315], [15.0701, 41.5305], [15.0918, 41.5439], [15.1073, 41.547], [15.1249, 41.5543], [15.1414, 41.5553], [15.15725, 41.56083], [15.16422, 41.56514], [15.20247, 41.57214], [15.20689, 41.57428], [15.214, 41.58019], [15.22203, 41.59522], [15.23817, 41.60422], [15.25192, 41.61792], [15.25886, 41.62153], [15.27533, 41.62158], [15.28325, 41.62608], [15.28711, 41.62681], [15.29222, 41.62778], [15.31125, 41.64103], [15.3185, 41.64622], [15.3455, 41.644], [15.3505, 41.64153], [15.3595, 41.63083], [15.3569, 41.6193], [15.3517, 41.6038], [15.3517, 41.5924], [15.3528, 41.579], [15.3579, 41.5645], [15.3631, 41.5386], [15.3734, 41.521], [15.3786, 41.5076], [15.3817, 41.4859], [15.3755, 41.4683], [15.36789, 41.45931], [15.35661, 41.45469], [15.34775, 41.45392], [15.33747, 41.45044], [15.32958, 41.45075]]]]}}, {"type": "Feature", "properties": {"Index": 17, "Name": "Roman Latin Colony", "FromYear": -303.5, "ToYear": -299.5, "Area": 2158.7, "Type": "POLITY", "References": "", "MemberOf": "", "ColorR": 248, "ColorG": 192, "ColorB": 16, "Generated": "2026-08-16"}, "geometry": {"type": "MultiPolygon", "coordinates": [[[[12.94906, 40.89797], [12.94189, 40.89925], [12.93897, 40.90294], [12.94222, 40.91], [12.9475, 40.91539], [12.94797, 40.92064], [12.95408, 40.92222], [12.95797, 40.9232], [12.96383, 40.92792], [12.96611, 40.93267], [12.97117, 40.9312], [12.98461, 40.93759], [12.993, 40.93606], [12.99653, 40.93281], [12.98853, 40.92789], [12.97794, 40.92628], [12.97325, 40.92064], [12.96814, 40.9205], [12.96589, 40.91664], [12.96656, 40.90864], [12.96197, 40.90642], [12.96136, 40.89661], [12.96433, 40.89539], [12.96917, 40.896], [12.97064, 40.89436], [12.96125, 40.88264], [12.95025, 40.87803], [12.94753, 40.88748], [12.95194, 40.89403], [12.94906, 40.89797]]], [[[13.08053, 41.2253], [13.06406, 41.22106], [13.04786, 41.22547], [13.03836, 41.23161], [13.03239, 41.24339], [13.03219, 41.24939], [13.03194, 41.25736], [13.02122, 41.27245], [13.00342, 41.30345], [13.0089, 41.3093], [13.0201, 41.3115], [13.0339, 41.3141], [13.0446, 41.3175], [13.0577, 41.3212], [13.0681, 41.3242], [13.0707, 41.3179], [13.0748, 41.3112], [13.0897, 41.3059], [13.1049, 41.3026], [13.1165, 41.303], [13.1237, 41.30297], [13.12997, 41.29139], [13.13761, 41.28417], [13.14061, 41.27495], [13.1422, 41.27295], [13.14817, 41.26542], [13.11495, 41.24981], [13.10636, 41.23784], [13.09203, 41.22508], [13.08053, 41.2253]]], [[[13.5903, 41.5079], [13.5666, 41.4935], [13.5469, 41.4779], [13.5376, 41.4666], [13.5159, 41.4717], [13.4848, 41.4769], [13.46, 41.4821], [13.4414, 41.4945], [13.4352, 41.5162], [13.4352, 41.539], [13.4517, 41.5493], [13.4755, 41.5628], [13.5066, 41.5772], [13.519, 41.5866], [13.5407, 41.5886], [13.5666, 41.5897], [13.5934, 41.5938], [13.6152, 41.5835], [13.6348, 41.5731], [13.6297, 41.5514], [13.6183, 41.5286], [13.6059, 41.5203], [13.5903, 41.5079]]], [[[12.50464, 41.58033], [12.48445, 41.60167], [12.48978, 41.6215], [12.50259, 41.62203], [12.50814, 41.62492], [12.51256, 41.63059], [12.51561, 41.63122], [12.51628, 41.63419], [12.51269, 41.63744], [12.51139, 41.64594], [12.51453, 41.64956], [12.5158, 41.6558], [12.5183, 41.6633], [12.5233, 41.6658], [12.5267, 41.6708], [12.5267, 41.6767], [12.5292, 41.685], [12.5317, 41.6917], [12.5308, 41.6967], [12.5375, 41.7], [12.5467, 41.7008], [12.5575, 41.7033], [12.5642, 41.7033], [12.575, 41.705], [12.5875, 41.7], [12.5908, 41.695], [12.595, 41.6883], [12.6, 41.6808], [12.6058, 41.6708], [12.6142, 41.665], [12.6242, 41.6558], [12.6367, 41.6517], [12.6475, 41.6442], [12.6525, 41.6367], [12.6542, 41.625], [12.655, 41.605], [12.6567, 41.5925], [12.6617, 41.5833], [12.6667, 41.5775], [12.6467, 41.565], [12.6292, 41.5583], [12.62, 41.5417], [12.61, 41.5283], [12.5958, 41.5217], [12.5817, 41.5133], [12.57411, 41.51045], [12.52967, 41.55822], [12.50881, 41.57636], [12.50464, 41.58033]]], [[[13.4263, 41.9221], [13.3994, 41.9221], [13.389, 41.9345], [13.3684, 41.9552], [13.3539, 41.9676], [13.3456, 41.9738], [13.3373, 41.9966], [13.3228, 42.0235], [13.2897, 42.0483], [13.2628, 42.0628], [13.2318, 42.0628], [13.2256, 42.1124], [13.2318, 42.1435], [13.2877, 42.1435], [13.3456, 42.1621], [13.3787, 42.1807], [13.3994, 42.2159], [13.4408, 42.2262], [13.4821, 42.2097], [13.4925, 42.1952], [13.4884, 42.1311], [13.478, 42.0897], [13.4594, 42.0524], [13.4449, 42.0193], [13.4428, 41.9966], [13.4428, 41.9821], [13.4449, 41.9676], [13.4346, 41.9386], [13.4263, 41.9221]]], [[[12.387, 42.2403], [12.3922, 42.2372], [12.387, 42.232], [12.3726, 42.2269], [12.355, 42.2176], [12.3405, 42.2093], [12.327, 42.2155], [12.3095, 42.2196], [12.2836, 42.2238], [12.2748, 42.2259], [12.2595, 42.2259], [12.2491, 42.2255], [12.2383, 42.2244], [12.2287, 42.2244], [12.2209, 42.2244], [12.2134, 42.2226], [12.2052, 42.2222], [12.2008, 42.2274], [12.1963, 42.2337], [12.1948, 42.2445], [12.1941, 42.2538], [12.1963, 42.2672], [12.1989, 42.2754], [12.2026, 42.2836], [12.2101, 42.2962], [12.21242, 42.30633], [12.22644, 42.29953], [12.23281, 42.29856], [12.24117, 42.29731], [12.24856, 42.29331], [12.25153, 42.2917], [12.26319, 42.29042], [12.2687, 42.28762], [12.275, 42.27997], [12.28533, 42.27345], [12.29942, 42.26961], [12.31756, 42.26917], [12.32967, 42.27475], [12.34136, 42.27458], [12.36003, 42.27], [12.36208, 42.27009], [12.36989, 42.27037], [12.3901, 42.2762], [12.3891, 42.2703], [12.385, 42.2569], [12.3839, 42.2486], [12.387, 42.2403]]], [[[14.5249, 41.1394], [14.5414, 41.127], [14.5538, 41.1012], [14.5487, 41.0794], [14.5383, 41.0598], [14.5218, 41.0548], [14.5044, 41.0571], [14.4945, 41.062], [14.4708, 41.0765], [14.4566, 41.0929], [14.45069, 41.10706], [14.44406, 41.11825], [14.44303, 41.11856], [14.43869, 41.11984], [14.4265, 41.12339], [14.42042, 41.12839], [14.41861, 41.13372], [14.41967, 41.13667], [14.42614, 41.13875], [14.43142, 41.15231], [14.43617, 41.15653], [14.4435, 41.15789], [14.45283, 41.15692], [14.45547, 41.16644], [14.46364, 41.17189], [14.4752, 41.1674], [14.4897, 41.1591], [14.5052, 41.1508], [14.5249, 41.1394]]], [[[14.1717, 41.1777], [14.1572, 41.1684], [14.1407, 41.1695], [14.1262, 41.1798], [14.1148, 41.1819], [14.0952, 41.1746], [14.0859, 41.1819], [14.0848, 41.1922], [14.0931, 41.1995], [14.1076, 41.2077], [14.12, 41.2202], [14.1324, 41.2264], [14.1428, 41.2202], [14.1624, 41.2046], [14.1728, 41.1902], [14.1717, 41.1777]]], [[[14.0027, 41.4219], [14.0493, 41.4167], [14.0824, 41.4126], [14.10294, 41.41439], [14.10494, 41.40586], [14.11106, 41.3947], [14.10836, 41.38906], [14.0907, 41.3816], [14.0618, 41.361], [14.0369, 41.3465], [14.0183, 41.3196], [13.9997, 41.2885], [13.979, 41.2596], [13.9748, 41.2458], [13.9687, 41.2244], [13.9645, 41.1913], [13.9624, 41.181], [13.9438, 41.1706], [13.9066, 41.1768], [13.8838, 41.1954], [13.8569, 41.2265], [13.84614, 41.24261], [13.84467, 41.24997], [13.84856, 41.2627], [13.84761, 41.27486], [13.8443, 41.2858], [13.8391, 41.2952], [13.8247, 41.3014], [13.7988, 41.3096], [13.7802, 41.3169], [13.7626, 41.3324], [13.7502, 41.3552], [13.7202, 41.38], [13.7047, 41.3852], [13.6819, 41.3852], [13.6612, 41.3893], [13.6291, 41.3862], [13.6167, 41.3893], [13.6126, 41.4017], [13.6209, 41.4193], [13.6395, 41.4193], [13.6436, 41.4296], [13.6509, 41.4327], [13.6716, 41.4379], [13.6871, 41.4452], [13.7026, 41.4503], [13.7285, 41.4524], [13.7491, 41.4524], [13.775, 41.4452], [13.8029, 41.441], [13.8236, 41.4338], [13.83075, 41.43214], [13.83695, 41.42786], [13.84508, 41.4265], [13.84858, 41.42322], [13.85486, 41.42122], [13.8615, 41.4137], [13.8786, 41.4219], [13.9034, 41.4271], [13.9406, 41.4271], [14.0027, 41.4219]]], [[[15.32958, 41.45075], [15.32733, 41.45147], [15.32067, 41.45361], [15.31489, 41.45339], [15.30817, 41.44861], [15.30306, 41.4495], [15.29958, 41.44781], [15.29717, 41.44356], [15.29189, 41.4417], [15.28172, 41.43111], [15.27328, 41.42753], [15.26447, 41.432], [15.25878, 41.43314], [15.23372, 41.43139], [15.22083, 41.43417], [15.21225, 41.43314], [15.20031, 41.43153], [15.16858, 41.42061], [15.15717, 41.41347], [15.14975, 41.41169], [15.14583, 41.41208], [15.12789, 41.421], [15.12306, 41.42611], [15.12247, 41.42672], [15.0959, 41.4322], [15.0876, 41.4581], [15.0783, 41.4839], [15.0721, 41.4994], [15.0649, 41.515], [15.0587, 41.5243], [15.0628, 41.5315], [15.0701, 41.5305], [15.0918, 41.5439], [15.1073, 41.547], [15.1249, 41.5543], [15.1414, 41.5553], [15.15725, 41.56083], [15.16422, 41.56514], [15.20247, 41.57214], [15.20689, 41.57428], [15.214, 41.58019], [15.22203, 41.59522], [15.23817, 41.60422], [15.25192, 41.61792], [15.25886, 41.62153], [15.27533, 41.62158], [15.28325, 41.62608], [15.28711, 41.62681], [15.29222, 41.62778], [15.31125, 41.64103], [15.3185, 41.64622], [15.3455, 41.644], [15.3505, 41.64153], [15.3595, 41.63083], [15.3569, 41.6193], [15.3517, 41.6038], [15.3517, 41.5924], [15.3528, 41.579], [15.3579, 41.5645], [15.3631, 41.5386], [15.3734, 41.521], [15.3786, 41.5076], [15.3817, 41.4859], [15.3755, 41.4683], [15.36789, 41.45931], [15.35661, 41.45469], [15.34775, 41.45392], [15.33747, 41.45044], [15.32958, 41.45075]]], [[[13.6342, 41.8124], [13.6466, 41.8021], [13.6632, 41.7897], [13.6704, 41.7773], [13.6694, 41.77], [13.6684, 41.7607], [13.6663, 41.7442], [13.6652, 41.7338], [13.6621, 41.7204], [13.658, 41.7028], [13.6456, 41.6831], [13.6404, 41.6697], [13.627, 41.6707], [13.6156, 41.6821], [13.6063, 41.6842], [13.597, 41.6759], [13.5877, 41.6676], [13.5732, 41.6697], [13.5649, 41.6759], [13.5608, 41.6883], [13.5618, 41.708], [13.5649, 41.7276], [13.5773, 41.7514], [13.5866, 41.7731], [13.5908, 41.7814], [13.599, 41.7907], [13.6094, 41.8042], [13.6218, 41.8114], [13.6342, 41.8124]]]]}}, {"type": "Feature", "properties": {"Index": 18, "Name": "Roman Latin Colony", "FromYear": -299.5, "ToYear": -298.5, "Area": 2266.3, "Type": "POLITY", "References": "", "MemberOf": "", "ColorR": 248, "ColorG": 192, "ColorB": 16, "Generated": "2026-08-16"}, "geometry": {"type": "MultiPolygon", "coordinates": [[[[12.94906, 40.89797], [12.94189, 40.89925], [12.93897, 40.90294], [12.94222, 40.91], [12.9475, 40.91539], [12.94797, 40.92064], [12.95408, 40.92222], [12.95797, 40.9232], [12.96383, 40.92792], [12.96611, 40.93267], [12.97117, 40.9312], [12.98461, 40.93759], [12.993, 40.93606], [12.99653, 40.93281], [12.98853, 40.92789], [12.97794, 40.92628], [12.97325, 40.92064], [12.96814, 40.9205], [12.96589, 40.91664], [12.96656, 40.90864], [12.96197, 40.90642], [12.96136, 40.89661], [12.96433, 40.89539], [12.96917, 40.896], [12.97064, 40.89436], [12.96125, 40.88264], [12.95025, 40.87803], [12.94753, 40.88748], [12.95194, 40.89403], [12.94906, 40.89797]]], [[[13.08053, 41.2253], [13.06406, 41.22106], [13.04786, 41.22547], [13.03836, 41.23161], [13.03239, 41.24339], [13.03219, 41.24939], [13.03194, 41.25736], [13.02122, 41.27245], [13.00342, 41.30345], [13.0089, 41.3093], [13.0201, 41.3115], [13.0339, 41.3141], [13.0446, 41.3175], [13.0577, 41.3212], [13.0681, 41.3242], [13.0707, 41.3179], [13.0748, 41.3112], [13.0897, 41.3059], [13.1049, 41.3026], [13.1165, 41.303], [13.1237, 41.30297], [13.12997, 41.29139], [13.13761, 41.28417], [13.14061, 41.27495], [13.1422, 41.27295], [13.14817, 41.26542], [13.11495, 41.24981], [13.10636, 41.23784], [13.09203, 41.22508], [13.08053, 41.2253]]], [[[12.48445, 41.60167], [12.48978, 41.6215], [12.50259, 41.62203], [12.50814, 41.62492], [12.51256, 41.63059], [12.51561, 41.63122], [12.51628, 41.63419], [12.51269, 41.63744], [12.51139, 41.64594], [12.51453, 41.64956], [12.5158, 41.6558], [12.5183, 41.6633], [12.5233, 41.6658], [12.5267, 41.6708], [12.5267, 41.6767], [12.5292, 41.685], [12.5317, 41.6917], [12.5308, 41.6967], [12.5375, 41.7], [12.5467, 41.7008], [12.5575, 41.7033], [12.5642, 41.7033], [12.575, 41.705], [12.5875, 41.7], [12.5908, 41.695], [12.595, 41.6883], [12.6, 41.6808], [12.6058, 41.6708], [12.6142, 41.665], [12.6242, 41.6558], [12.6367, 41.6517], [12.6475, 41.6442], [12.6525, 41.6367], [12.6542, 41.625], [12.655, 41.605], [12.6567, 41.5925], [12.6617, 41.5833], [12.6667, 41.5775], [12.6467, 41.565], [12.6292, 41.5583], [12.62, 41.5417], [12.61, 41.5283], [12.5958, 41.5217], [12.5817, 41.5133], [12.57411, 41.51045], [12.52967, 41.55822], [12.50881, 41.57636], [12.50464, 41.58033], [12.48445, 41.60167]]], [[[13.4263, 41.9221], [13.3994, 41.9221], [13.389, 41.9345], [13.3684, 41.9552], [13.3539, 41.9676], [13.3456, 41.9738], [13.3373, 41.9966], [13.3228, 42.0235], [13.2897, 42.0483], [13.2628, 42.0628], [13.2318, 42.0628], [13.2256, 42.1124], [13.2318, 42.1435], [13.2877, 42.1435], [13.3456, 42.1621], [13.3787, 42.1807], [13.3994, 42.2159], [13.4408, 42.2262], [13.4821, 42.2097], [13.4925, 42.1952], [13.4884, 42.1311], [13.478, 42.0897], [13.4594, 42.0524], [13.4449, 42.0193], [13.4428, 41.9966], [13.4428, 41.9821], [13.4449, 41.9676], [13.4346, 41.9386], [13.4263, 41.9221]]], [[[12.387, 42.2403], [12.3922, 42.2372], [12.387, 42.232], [12.3726, 42.2269], [12.355, 42.2176], [12.3405, 42.2093], [12.327, 42.2155], [12.3095, 42.2196], [12.2836, 42.2238], [12.2748, 42.2259], [12.2595, 42.2259], [12.2491, 42.2255], [12.2383, 42.2244], [12.2287, 42.2244], [12.2209, 42.2244], [12.2134, 42.2226], [12.2052, 42.2222], [12.2008, 42.2274], [12.1963, 42.2337], [12.1948, 42.2445], [12.1941, 42.2538], [12.1963, 42.2672], [12.1989, 42.2754], [12.2026, 42.2836], [12.2101, 42.2962], [12.21242, 42.30633], [12.22644, 42.29953], [12.23281, 42.29856], [12.24117, 42.29731], [12.24856, 42.29331], [12.25153, 42.2917], [12.26319, 42.29042], [12.2687, 42.28762], [12.275, 42.27997], [12.28533, 42.27345], [12.29942, 42.26961], [12.31756, 42.26917], [12.32967, 42.27475], [12.34136, 42.27458], [12.36003, 42.27], [12.36208, 42.27009], [12.36989, 42.27037], [12.3901, 42.2762], [12.3891, 42.2703], [12.385, 42.2569], [12.3839, 42.2486], [12.387, 42.2403]]], [[[12.5553, 42.4647], [12.5553, 42.4492], [12.5491, 42.4378], [12.5325, 42.4409], [12.516, 42.4461], [12.4984, 42.4513], [12.4818, 42.4595], [12.4704, 42.4678], [12.4539, 42.4782], [12.4466, 42.4947], [12.4477, 42.5133], [12.457, 42.5226], [12.4756, 42.5392], [12.4984, 42.5537], [12.5035, 42.562], [12.5046, 42.5826], [12.5139, 42.5889], [12.5273, 42.5847], [12.5294, 42.5671], [12.5346, 42.5547], [12.5522, 42.5413], [12.5687, 42.5309], [12.578, 42.5216], [12.5822, 42.5113], [12.5925, 42.5009], [12.5832, 42.4937], [12.5739, 42.4906], [12.5625, 42.4813], [12.5553, 42.4647]]], [[[14.5052, 41.1508], [14.5249, 41.1394], [14.5414, 41.127], [14.5538, 41.1012], [14.5487, 41.0794], [14.5383, 41.0598], [14.5218, 41.0548], [14.5044, 41.0571], [14.4945, 41.062], [14.4708, 41.0765], [14.4566, 41.0929], [14.45069, 41.10706], [14.44406, 41.11825], [14.44303, 41.11856], [14.43869, 41.11984], [14.4265, 41.12339], [14.42042, 41.12839], [14.41861, 41.13372], [14.41967, 41.13667], [14.42614, 41.13875], [14.43142, 41.15231], [14.43617, 41.15653], [14.4435, 41.15789], [14.45283, 41.15692], [14.45547, 41.16644], [14.46364, 41.17189], [14.4752, 41.1674], [14.4897, 41.1591], [14.5052, 41.1508]]], [[[14.1717, 41.1777], [14.1572, 41.1684], [14.1407, 41.1695], [14.1262, 41.1798], [14.1148, 41.1819], [14.0952, 41.1746], [14.0859, 41.1819], [14.0848, 41.1922], [14.0931, 41.1995], [14.1076, 41.2077], [14.12, 41.2202], [14.1324, 41.2264], [14.1428, 41.2202], [14.1624, 41.2046], [14.1728, 41.1902], [14.1717, 41.1777]]], [[[14.0027, 41.4219], [14.0493, 41.4167], [14.0824, 41.4126], [14.10294, 41.41439], [14.10494, 41.40586], [14.11106, 41.3947], [14.10836, 41.38906], [14.0907, 41.3816], [14.0618, 41.361], [14.0369, 41.3465], [14.0183, 41.3196], [13.9997, 41.2885], [13.979, 41.2596], [13.9748, 41.2458], [13.9687, 41.2244], [13.9645, 41.1913], [13.9624, 41.181], [13.9438, 41.1706], [13.9066, 41.1768], [13.8838, 41.1954], [13.8569, 41.2265], [13.84614, 41.24261], [13.84467, 41.24997], [13.84856, 41.2627], [13.84761, 41.27486], [13.8443, 41.2858], [13.8391, 41.2952], [13.8247, 41.3014], [13.7988, 41.3096], [13.7802, 41.3169], [13.7626, 41.3324], [13.7502, 41.3552], [13.7202, 41.38], [13.7047, 41.3852], [13.6819, 41.3852], [13.6612, 41.3893], [13.6291, 41.3862], [13.6167, 41.3893], [13.6126, 41.4017], [13.6209, 41.4193], [13.6395, 41.4193], [13.6436, 41.4296], [13.6509, 41.4327], [13.6716, 41.4379], [13.6871, 41.4452], [13.7026, 41.4503], [13.7285, 41.4524], [13.7491, 41.4524], [13.775, 41.4452], [13.8029, 41.441], [13.8236, 41.4338], [13.83075, 41.43214], [13.83695, 41.42786], [13.84508, 41.4265], [13.84858, 41.42322], [13.85486, 41.42122], [13.8615, 41.4137], [13.8786, 41.4219], [13.9034, 41.4271], [13.9406, 41.4271], [14.0027, 41.4219]]], [[[15.32958, 41.45075], [15.32733, 41.45147], [15.32067, 41.45361], [15.31489, 41.45339], [15.30817, 41.44861], [15.30306, 41.4495], [15.29958, 41.44781], [15.29717, 41.44356], [15.29189, 41.4417], [15.28172, 41.43111], [15.27328, 41.42753], [15.26447, 41.432], [15.25878, 41.43314], [15.23372, 41.43139], [15.22083, 41.43417], [15.21225, 41.43314], [15.20031, 41.43153], [15.16858, 41.42061], [15.15717, 41.41347], [15.14975, 41.41169], [15.14583, 41.41208], [15.12789, 41.421], [15.12306, 41.42611], [15.12247, 41.42672], [15.0959, 41.4322], [15.0876, 41.4581], [15.0783, 41.4839], [15.0721, 41.4994], [15.0649, 41.515], [15.0587, 41.5243], [15.0628, 41.5315], [15.0701, 41.5305], [15.0918, 41.5439], [15.1073, 41.547], [15.1249, 41.5543], [15.1414, 41.5553], [15.15725, 41.56083], [15.16422, 41.56514], [15.20247, 41.57214], [15.20689, 41.57428], [15.214, 41.58019], [15.22203, 41.59522], [15.23817, 41.60422], [15.25192, 41.61792], [15.25886, 41.62153], [15.27533, 41.62158], [15.28325, 41.62608], [15.28711, 41.62681], [15.29222, 41.62778], [15.31125, 41.64103], [15.3185, 41.64622], [15.3455, 41.644], [15.3505, 41.64153], [15.3595, 41.63083], [15.3569, 41.6193], [15.3517, 41.6038], [15.3517, 41.5924], [15.3528, 41.579], [15.3579, 41.5645], [15.3631, 41.5386], [15.3734, 41.521], [15.3786, 41.5076], [15.3817, 41.4859], [15.3755, 41.4683], [15.36789, 41.45931], [15.35661, 41.45469], [15.34775, 41.45392], [15.33747, 41.45044], [15.32958, 41.45075]]], [[[13.5903, 41.5079], [13.5666, 41.4935], [13.5469, 41.4779], [13.5376, 41.4666], [13.5159, 41.4717], [13.4848, 41.4769], [13.46, 41.4821], [13.4414, 41.4945], [13.4352, 41.5162], [13.4352, 41.539], [13.4517, 41.5493], [13.4755, 41.5628], [13.5066, 41.5772], [13.519, 41.5866], [13.5407, 41.5886], [13.5666, 41.5897], [13.5934, 41.5938], [13.6152, 41.5835], [13.6348, 41.5731], [13.6297, 41.5514], [13.6183, 41.5286], [13.6059, 41.5203], [13.5903, 41.5079]]], [[[13.6342, 41.8124], [13.6466, 41.8021], [13.6632, 41.7897], [13.6704, 41.7773], [13.6694, 41.77], [13.6684, 41.7607], [13.6663, 41.7442], [13.6652, 41.7338], [13.6621, 41.7204], [13.658, 41.7028], [13.6456, 41.6831], [13.6404, 41.6697], [13.627, 41.6707], [13.6156, 41.6821], [13.6063, 41.6842], [13.597, 41.6759], [13.5877, 41.6676], [13.5732, 41.6697], [13.5649, 41.6759], [13.5608, 41.6883], [13.5618, 41.708], [13.5649, 41.7276], [13.5773, 41.7514], [13.5866, 41.7731], [13.5908, 41.7814], [13.599, 41.7907], [13.6094, 41.8042], [13.6218, 41.8114], [13.6342, 41.8124]]]]}}, {"type": "Feature", "properties": {"Index": 19, "Name": "Roman Latin Colony", "FromYear": -298.5, "ToYear": -291.5, "Area": 2487.2, "Type": "POLITY", "References": "", "MemberOf": "", "ColorR": 248, "ColorG": 192, "ColorB": 16, "Generated": "2026-08-16"}, "geometry": {"type": "MultiPolygon", "coordinates": [[[[12.94906, 40.89797], [12.94189, 40.89925], [12.93897, 40.90294], [12.94222, 40.91], [12.9475, 40.91539], [12.94797, 40.92064], [12.95408, 40.92222], [12.95797, 40.9232], [12.96383, 40.92792], [12.96611, 40.93267], [12.97117, 40.9312], [12.98461, 40.93759], [12.993, 40.93606], [12.99653, 40.93281], [12.98853, 40.92789], [12.97794, 40.92628], [12.97325, 40.92064], [12.96814, 40.9205], [12.96589, 40.91664], [12.96656, 40.90864], [12.96197, 40.90642], [12.96136, 40.89661], [12.96433, 40.89539], [12.96917, 40.896], [12.97064, 40.89436], [12.96125, 40.88264], [12.95025, 40.87803], [12.94753, 40.88748], [12.95194, 40.89403], [12.94906, 40.89797]]], [[[13.08053, 41.2253], [13.06406, 41.22106], [13.04786, 41.22547], [13.03836, 41.23161], [13.03239, 41.24339], [13.03219, 41.24939], [13.03194, 41.25736], [13.02122, 41.27245], [13.00342, 41.30345], [13.0089, 41.3093], [13.0201, 41.3115], [13.0339, 41.3141], [13.0446, 41.3175], [13.0577, 41.3212], [13.0681, 41.3242], [13.0707, 41.3179], [13.0748, 41.3112], [13.0897, 41.3059], [13.1049, 41.3026], [13.1165, 41.303], [13.1237, 41.30297], [13.12997, 41.29139], [13.13761, 41.28417], [13.14061, 41.27495], [13.1422, 41.27295], [13.14817, 41.26542], [13.11495, 41.24981], [13.10636, 41.23784], [13.09203, 41.22508], [13.08053, 41.2253]]], [[[12.48445, 41.60167], [12.48978, 41.6215], [12.50259, 41.62203], [12.50814, 41.62492], [12.51256, 41.63059], [12.51561, 41.63122], [12.51628, 41.63419], [12.51269, 41.63744], [12.51139, 41.64594], [12.51453, 41.64956], [12.5158, 41.6558], [12.5183, 41.6633], [12.5233, 41.6658], [12.5267, 41.6708], [12.5267, 41.6767], [12.5292, 41.685], [12.5317, 41.6917], [12.5308, 41.6967], [12.5375, 41.7], [12.5467, 41.7008], [12.5575, 41.7033], [12.5642, 41.7033], [12.575, 41.705], [12.5875, 41.7], [12.5908, 41.695], [12.595, 41.6883], [12.6, 41.6808], [12.6058, 41.6708], [12.6142, 41.665], [12.6242, 41.6558], [12.6367, 41.6517], [12.6475, 41.6442], [12.6525, 41.6367], [12.6542, 41.625], [12.655, 41.605], [12.6567, 41.5925], [12.6617, 41.5833], [12.6667, 41.5775], [12.6467, 41.565], [12.6292, 41.5583], [12.62, 41.5417], [12.61, 41.5283], [12.5958, 41.5217], [12.5817, 41.5133], [12.57411, 41.51045], [12.52967, 41.55822], [12.50881, 41.57636], [12.50464, 41.58033], [12.48445, 41.60167]]], [[[13.3994, 42.2159], [13.4408, 42.2262], [13.4821, 42.2097], [13.4925, 42.1952], [13.4884, 42.1311], [13.478, 42.0897], [13.4594, 42.0524], [13.4449, 42.0193], [13.4428, 41.9966], [13.4428, 41.9821], [13.4449, 41.9676], [13.4346, 41.9386], [13.4263, 41.9221], [13.3994, 41.9221], [13.389, 41.9345], [13.3684, 41.9552], [13.3539, 41.9676], [13.3456, 41.9738], [13.3373, 41.9966], [13.3228, 42.0235], [13.2897, 42.0483], [13.2628, 42.0628], [13.2318, 42.0628], [13.2173, 42.0607], [13.1966, 42.0462], [13.1801, 42.0338], [13.1635, 42.038], [13.147, 42.0297], [13.1449, 42.0152], [13.1139, 42.0255], [13.089, 42.0317], [13.0684, 42.0359], [13.058, 42.0545], [13.0352, 42.0669], [13.0042, 42.0938], [12.9939, 42.1228], [13.0166, 42.1435], [13.0497, 42.1497], [13.0952, 42.1642], [13.1325, 42.1559], [13.1656, 42.1497], [13.2008, 42.1435], [13.2318, 42.1435], [13.2877, 42.1435], [13.3456, 42.1621], [13.3787, 42.1807], [13.3994, 42.2159]]], [[[12.387, 42.2403], [12.3922, 42.2372], [12.387, 42.232], [12.3726, 42.2269], [12.355, 42.2176], [12.3405, 42.2093], [12.327, 42.2155], [12.3095, 42.2196], [12.2836, 42.2238], [12.2748, 42.2259], [12.2595, 42.2259], [12.2491, 42.2255], [12.2383, 42.2244], [12.2287, 42.2244], [12.2209, 42.2244], [12.2134, 42.2226], [12.2052, 42.2222], [12.2008, 42.2274], [12.1963, 42.2337], [12.1948, 42.2445], [12.1941, 42.2538], [12.1963, 42.2672], [12.1989, 42.2754], [12.2026, 42.2836], [12.2101, 42.2962], [12.21242, 42.30633], [12.22644, 42.29953], [12.23281, 42.29856], [12.24117, 42.29731], [12.24856, 42.29331], [12.25153, 42.2917], [12.26319, 42.29042], [12.2687, 42.28762], [12.275, 42.27997], [12.28533, 42.27345], [12.29942, 42.26961], [12.31756, 42.26917], [12.32967, 42.27475], [12.34136, 42.27458], [12.36003, 42.27], [12.36208, 42.27009], [12.36989, 42.27037], [12.3901, 42.2762], [12.3891, 42.2703], [12.385, 42.2569], [12.3839, 42.2486], [12.387, 42.2403]]], [[[12.5553, 42.4647], [12.5553, 42.4492], [12.5491, 42.4378], [12.5325, 42.4409], [12.516, 42.4461], [12.4984, 42.4513], [12.4818, 42.4595], [12.4704, 42.4678], [12.4539, 42.4782], [12.4466, 42.4947], [12.4477, 42.5133], [12.457, 42.5226], [12.4756, 42.5392], [12.4984, 42.5537], [12.5035, 42.562], [12.5046, 42.5826], [12.5139, 42.5889], [12.5273, 42.5847], [12.5294, 42.5671], [12.5346, 42.5547], [12.5522, 42.5413], [12.5687, 42.5309], [12.578, 42.5216], [12.5822, 42.5113], [12.5925, 42.5009], [12.5832, 42.4937], [12.5739, 42.4906], [12.5625, 42.4813], [12.5553, 42.4647]]], [[[14.5249, 41.1394], [14.5414, 41.127], [14.5538, 41.1012], [14.5487, 41.0794], [14.5383, 41.0598], [14.5218, 41.0548], [14.5044, 41.0571], [14.4945, 41.062], [14.4708, 41.0765], [14.4566, 41.0929], [14.45069, 41.10706], [14.44406, 41.11825], [14.44303, 41.11856], [14.43869, 41.11984], [14.4265, 41.12339], [14.42042, 41.12839], [14.41861, 41.13372], [14.41967, 41.13667], [14.42614, 41.13875], [14.43142, 41.15231], [14.43617, 41.15653], [14.4435, 41.15789], [14.45283, 41.15692], [14.45547, 41.16644], [14.46364, 41.17189], [14.4752, 41.1674], [14.4897, 41.1591], [14.5052, 41.1508], [14.5249, 41.1394]]], [[[14.1717, 41.1777], [14.1572, 41.1684], [14.1407, 41.1695], [14.1262, 41.1798], [14.1148, 41.1819], [14.0952, 41.1746], [14.0859, 41.1819], [14.0848, 41.1922], [14.0931, 41.1995], [14.1076, 41.2077], [14.12, 41.2202], [14.1324, 41.2264], [14.1428, 41.2202], [14.1624, 41.2046], [14.1728, 41.1902], [14.1717, 41.1777]]], [[[14.0027, 41.4219], [14.0493, 41.4167], [14.0824, 41.4126], [14.10294, 41.41439], [14.10494, 41.40586], [14.11106, 41.3947], [14.10836, 41.38906], [14.0907, 41.3816], [14.0618, 41.361], [14.0369, 41.3465], [14.0183, 41.3196], [13.9997, 41.2885], [13.979, 41.2596], [13.9748, 41.2458], [13.9687, 41.2244], [13.9645, 41.1913], [13.9624, 41.181], [13.9438, 41.1706], [13.9066, 41.1768], [13.8838, 41.1954], [13.8569, 41.2265], [13.84614, 41.24261], [13.84467, 41.24997], [13.84856, 41.2627], [13.84761, 41.27486], [13.8443, 41.2858], [13.8391, 41.2952], [13.8247, 41.3014], [13.7988, 41.3096], [13.7802, 41.3169], [13.7626, 41.3324], [13.7502, 41.3552], [13.7202, 41.38], [13.7047, 41.3852], [13.6819, 41.3852], [13.6612, 41.3893], [13.6291, 41.3862], [13.6167, 41.3893], [13.6126, 41.4017], [13.6209, 41.4193], [13.6395, 41.4193], [13.6436, 41.4296], [13.6509, 41.4327], [13.6716, 41.4379], [13.6871, 41.4452], [13.7026, 41.4503], [13.7285, 41.4524], [13.7491, 41.4524], [13.775, 41.4452], [13.8029, 41.441], [13.8236, 41.4338], [13.83075, 41.43214], [13.83695, 41.42786], [13.84508, 41.4265], [13.84858, 41.42322], [13.85486, 41.42122], [13.8615, 41.4137], [13.8786, 41.4219], [13.9034, 41.4271], [13.9406, 41.4271], [14.0027, 41.4219]]], [[[15.32958, 41.45075], [15.32733, 41.45147], [15.32067, 41.45361], [15.31489, 41.45339], [15.30817, 41.44861], [15.30306, 41.4495], [15.29958, 41.44781], [15.29717, 41.44356], [15.29189, 41.4417], [15.28172, 41.43111], [15.27328, 41.42753], [15.26447, 41.432], [15.25878, 41.43314], [15.23372, 41.43139], [15.22083, 41.43417], [15.21225, 41.43314], [15.20031, 41.43153], [15.16858, 41.42061], [15.15717, 41.41347], [15.14975, 41.41169], [15.14583, 41.41208], [15.12789, 41.421], [15.12306, 41.42611], [15.12247, 41.42672], [15.0959, 41.4322], [15.0876, 41.4581], [15.0783, 41.4839], [15.0721, 41.4994], [15.0649, 41.515], [15.0587, 41.5243], [15.0628, 41.5315], [15.0701, 41.5305], [15.0918, 41.5439], [15.1073, 41.547], [15.1249, 41.5543], [15.1414, 41.5553], [15.15725, 41.56083], [15.16422, 41.56514], [15.20247, 41.57214], [15.20689, 41.57428], [15.214, 41.58019], [15.22203, 41.59522], [15.23817, 41.60422], [15.25192, 41.61792], [15.25886, 41.62153], [15.27533, 41.62158], [15.28325, 41.62608], [15.28711, 41.62681], [15.29222, 41.62778], [15.31125, 41.64103], [15.3185, 41.64622], [15.3455, 41.644], [15.3505, 41.64153], [15.3595, 41.63083], [15.3569, 41.6193], [15.3517, 41.6038], [15.3517, 41.5924], [15.3528, 41.579], [15.3579, 41.5645], [15.3631, 41.5386], [15.3734, 41.521], [15.3786, 41.5076], [15.3817, 41.4859], [15.3755, 41.4683], [15.36789, 41.45931], [15.35661, 41.45469], [15.34775, 41.45392], [15.33747, 41.45044], [15.32958, 41.45075]]], [[[13.5903, 41.5079], [13.5666, 41.4935], [13.5469, 41.4779], [13.5376, 41.4666], [13.5159, 41.4717], [13.4848, 41.4769], [13.46, 41.4821], [13.4414, 41.4945], [13.4352, 41.5162], [13.4352, 41.539], [13.4517, 41.5493], [13.4755, 41.5628], [13.5066, 41.5772], [13.519, 41.5866], [13.5407, 41.5886], [13.5666, 41.5897], [13.5934, 41.5938], [13.6152, 41.5835], [13.6348, 41.5731], [13.6297, 41.5514], [13.6183, 41.5286], [13.6059, 41.5203], [13.5903, 41.5079]]], [[[13.6342, 41.8124], [13.6466, 41.8021], [13.6632, 41.7897], [13.6704, 41.7773], [13.6694, 41.77], [13.6684, 41.7607], [13.6663, 41.7442], [13.6652, 41.7338], [13.6621, 41.7204], [13.658, 41.7028], [13.6456, 41.6831], [13.6404, 41.6697], [13.627, 41.6707], [13.6156, 41.6821], [13.6063, 41.6842], [13.597, 41.6759], [13.5877, 41.6676], [13.5732, 41.6697], [13.5649, 41.6759], [13.5608, 41.6883], [13.5618, 41.708], [13.5649, 41.7276], [13.5773, 41.7514], [13.5866, 41.7731], [13.5908, 41.7814], [13.599, 41.7907], [13.6094, 41.8042], [13.6218, 41.8114], [13.6342, 41.8124]]]]}}, {"type": "Feature", "properties": {"Index": 20, "Name": "Roman Latin Colony", "FromYear": -291.5, "ToYear": -288.5, "Area": 3576.1, "Type": "POLITY", "References": "", "MemberOf": "", "ColorR": 248, "ColorG": 192, "ColorB": 16, "Generated": "2026-08-16"}, "geometry": {"type": "MultiPolygon", "coordinates": [[[[12.94189, 40.89925], [12.93897, 40.90294], [12.94222, 40.91], [12.9475, 40.91539], [12.94797, 40.92064], [12.95408, 40.92222], [12.95797, 40.9232], [12.96383, 40.92792], [12.96611, 40.93267], [12.97117, 40.9312], [12.98461, 40.93759], [12.993, 40.93606], [12.99653, 40.93281], [12.98853, 40.92789], [12.97794, 40.92628], [12.97325, 40.92064], [12.96814, 40.9205], [12.96589, 40.91664], [12.96656, 40.90864], [12.96197, 40.90642], [12.96136, 40.89661], [12.96433, 40.89539], [12.96917, 40.896], [12.97064, 40.89436], [12.96125, 40.88264], [12.95025, 40.87803], [12.94753, 40.88748], [12.95194, 40.89403], [12.94906, 40.89797], [12.94189, 40.89925]]], [[[13.08053, 41.2253], [13.06406, 41.22106], [13.04786, 41.22547], [13.03836, 41.23161], [13.03239, 41.24339], [13.03219, 41.24939], [13.03194, 41.25736], [13.02122, 41.27245], [13.00342, 41.30345], [13.0089, 41.3093], [13.0201, 41.3115], [13.0339, 41.3141], [13.0446, 41.3175], [13.0577, 41.3212], [13.0681, 41.3242], [13.0707, 41.3179], [13.0748, 41.3112], [13.0897, 41.3059], [13.1049, 41.3026], [13.1165, 41.303], [13.1237, 41.30297], [13.12997, 41.29139], [13.13761, 41.28417], [13.14061, 41.27495], [13.1422, 41.27295], [13.14817, 41.26542], [13.11495, 41.24981], [13.10636, 41.23784], [13.09203, 41.22508], [13.08053, 41.2253]]], [[[12.48445, 41.60167], [12.48978, 41.6215], [12.50259, 41.62203], [12.50814, 41.62492], [12.51256, 41.63059], [12.51561, 41.63122], [12.51628, 41.63419], [12.51269, 41.63744], [12.51139, 41.64594], [12.51453, 41.64956], [12.5158, 41.6558], [12.5183, 41.6633], [12.5233, 41.6658], [12.5267, 41.6708], [12.5267, 41.6767], [12.5292, 41.685], [12.5317, 41.6917], [12.5308, 41.6967], [12.5375, 41.7], [12.5467, 41.7008], [12.5575, 41.7033], [12.5642, 41.7033], [12.575, 41.705], [12.5875, 41.7], [12.5908, 41.695], [12.595, 41.6883], [12.6, 41.6808], [12.6058, 41.6708], [12.6142, 41.665], [12.6242, 41.6558], [12.6367, 41.6517], [12.6475, 41.6442], [12.6525, 41.6367], [12.6542, 41.625], [12.655, 41.605], [12.6567, 41.5925], [12.6617, 41.5833], [12.6667, 41.5775], [12.6467, 41.565], [12.6292, 41.5583], [12.62, 41.5417], [12.61, 41.5283], [12.5958, 41.5217], [12.5817, 41.5133], [12.57411, 41.51045], [12.52967, 41.55822], [12.50881, 41.57636], [12.50464, 41.58033], [12.48445, 41.60167]]], [[[13.4263, 41.9221], [13.3994, 41.9221], [13.389, 41.9345], [13.3684, 41.9552], [13.3539, 41.9676], [13.3456, 41.9738], [13.3373, 41.9966], [13.3228, 42.0235], [13.2897, 42.0483], [13.2628, 42.0628], [13.2318, 42.0628], [13.2173, 42.0607], [13.1966, 42.0462], [13.1801, 42.0338], [13.1635, 42.038], [13.147, 42.0297], [13.1449, 42.0152], [13.1139, 42.0255], [13.089, 42.0317], [13.0684, 42.0359], [13.058, 42.0545], [13.0352, 42.0669], [13.0042, 42.0938], [12.9939, 42.1228], [13.0166, 42.1435], [13.0497, 42.1497], [13.0952, 42.1642], [13.1325, 42.1559], [13.1656, 42.1497], [13.2008, 42.1435], [13.2318, 42.1435], [13.2877, 42.1435], [13.3456, 42.1621], [13.3787, 42.1807], [13.3994, 42.2159], [13.4408, 42.2262], [13.4821, 42.2097], [13.4925, 42.1952], [13.4884, 42.1311], [13.478, 42.0897], [13.4594, 42.0524], [13.4449, 42.0193], [13.4428, 41.9966], [13.4428, 41.9821], [13.4449, 41.9676], [13.4346, 41.9386], [13.4263, 41.9221]]], [[[12.387, 42.2403], [12.3922, 42.2372], [12.387, 42.232], [12.3726, 42.2269], [12.355, 42.2176], [12.3405, 42.2093], [12.327, 42.2155], [12.3095, 42.2196], [12.2836, 42.2238], [12.2748, 42.2259], [12.2595, 42.2259], [12.2491, 42.2255], [12.2383, 42.2244], [12.2287, 42.2244], [12.2209, 42.2244], [12.2134, 42.2226], [12.2052, 42.2222], [12.2008, 42.2274], [12.1963, 42.2337], [12.1948, 42.2445], [12.1941, 42.2538], [12.1963, 42.2672], [12.1989, 42.2754], [12.2026, 42.2836], [12.2101, 42.2962], [12.21242, 42.30633], [12.22644, 42.29953], [12.23281, 42.29856], [12.24117, 42.29731], [12.24856, 42.29331], [12.25153, 42.2917], [12.26319, 42.29042], [12.2687, 42.28762], [12.275, 42.27997], [12.28533, 42.27345], [12.29942, 42.26961], [12.31756, 42.26917], [12.32967, 42.27475], [12.34136, 42.27458], [12.36003, 42.27], [12.36208, 42.27009], [12.36989, 42.27037], [12.3901, 42.2762], [12.3891, 42.2703], [12.385, 42.2569], [12.3839, 42.2486], [12.387, 42.2403]]], [[[12.5553, 42.4647], [12.5553, 42.4492], [12.5491, 42.4378], [12.5325, 42.4409], [12.516, 42.4461], [12.4984, 42.4513], [12.4818, 42.4595], [12.4704, 42.4678], [12.4539, 42.4782], [12.4466, 42.4947], [12.4477, 42.5133], [12.457, 42.5226], [12.4756, 42.5392], [12.4984, 42.5537], [12.5035, 42.562], [12.5046, 42.5826], [12.5139, 42.5889], [12.5273, 42.5847], [12.5294, 42.5671], [12.5346, 42.5547], [12.5522, 42.5413], [12.5687, 42.5309], [12.578, 42.5216], [12.5822, 42.5113], [12.5925, 42.5009], [12.5832, 42.4937], [12.5739, 42.4906], [12.5625, 42.4813], [12.5553, 42.4647]]], [[[15.7575, 40.8967], [15.7592, 40.8733], [15.7558, 40.8517], [15.7342, 40.7883], [15.7042, 40.755], [15.6542, 40.7567], [15.6008, 40.7717], [15.5542, 40.795], [15.5108, 40.82], [15.48628, 40.89439], [15.50306, 40.90561], [15.50583, 40.90653], [15.51778, 40.91047], [15.52342, 40.91234], [15.52931, 40.9185], [15.53211, 40.92489], [15.54481, 40.95381], [15.55956, 40.96581], [15.564, 40.97272], [15.56717, 40.99961], [15.55667, 41.02161], [15.55728, 41.02489], [15.55817, 41.02956], [15.55517, 41.03403], [15.54742, 41.03986], [15.53906, 41.05764], [15.53975, 41.07136], [15.53789, 41.07509], [15.54056, 41.07864], [15.54064, 41.07869], [15.54889, 41.08342], [15.55125, 41.08478], [15.5545, 41.08664], [15.57181, 41.09659], [15.57983, 41.09875], [15.59772, 41.09961], [15.62069, 41.09842], [15.62364, 41.09828], [15.63375, 41.09211], [15.64336, 41.09514], [15.71108, 41.09106], [15.71756, 41.09261], [15.72483, 41.101], [15.73167, 41.10322], [15.74753, 41.10117], [15.75619, 41.09572], [15.76283, 41.09567], [15.76511, 41.09372], [15.76622, 41.08842], [15.77258, 41.08859], [15.78081, 41.0935], [15.78836, 41.09231], [15.79619, 41.09281], [15.79828, 41.09661], [15.79272, 41.10695], [15.796, 41.11003], [15.80153, 41.11114], [15.80547, 41.11922], [15.81281, 41.11247], [15.8174, 41.1015], [15.8277, 41.0963], [15.8587, 41.086], [15.8887, 41.0632], [15.9084, 41.0529], [15.9363, 41.0456], [15.9715, 41.0353], [15.9943, 41.0156], [16.0139, 40.9856], [16.0118, 40.9504], [15.9994, 40.9225], [15.9767, 40.8956], [15.9643, 40.8853], [15.9542, 40.8783], [15.8792, 40.8783], [15.8208, 40.8817], [15.7725, 40.9117], [15.7575, 40.8967]]], [[[14.5249, 41.1394], [14.5414, 41.127], [14.5538, 41.1012], [14.5487, 41.0794], [14.5383, 41.0598], [14.5218, 41.0548], [14.5044, 41.0571], [14.4945, 41.062], [14.4708, 41.0765], [14.4566, 41.0929], [14.45069, 41.10706], [14.44406, 41.11825], [14.44303, 41.11856], [14.43869, 41.11984], [14.4265, 41.12339], [14.42042, 41.12839], [14.41861, 41.13372], [14.41967, 41.13667], [14.42614, 41.13875], [14.43142, 41.15231], [14.43617, 41.15653], [14.4435, 41.15789], [14.45283, 41.15692], [14.45547, 41.16644], [14.46364, 41.17189], [14.4752, 41.1674], [14.4897, 41.1591], [14.5052, 41.1508], [14.5249, 41.1394]]], [[[14.1717, 41.1777], [14.1572, 41.1684], [14.1407, 41.1695], [14.1262, 41.1798], [14.1148, 41.1819], [14.0952, 41.1746], [14.0859, 41.1819], [14.0848, 41.1922], [14.0931, 41.1995], [14.1076, 41.2077], [14.12, 41.2202], [14.1324, 41.2264], [14.1428, 41.2202], [14.1624, 41.2046], [14.1728, 41.1902], [14.1717, 41.1777]]], [[[14.0027, 41.4219], [14.0493, 41.4167], [14.0824, 41.4126], [14.10294, 41.41439], [14.10494, 41.40586], [14.11106, 41.3947], [14.10836, 41.38906], [14.0907, 41.3816], [14.0618, 41.361], [14.0369, 41.3465], [14.0183, 41.3196], [13.9997, 41.2885], [13.979, 41.2596], [13.9748, 41.2458], [13.9687, 41.2244], [13.9645, 41.1913], [13.9624, 41.181], [13.9438, 41.1706], [13.9066, 41.1768], [13.8838, 41.1954], [13.8569, 41.2265], [13.84614, 41.24261], [13.84467, 41.24997], [13.84856, 41.2627], [13.84761, 41.27486], [13.8443, 41.2858], [13.8391, 41.2952], [13.8247, 41.3014], [13.7988, 41.3096], [13.7802, 41.3169], [13.7626, 41.3324], [13.7502, 41.3552], [13.7202, 41.38], [13.7047, 41.3852], [13.6819, 41.3852], [13.6612, 41.3893], [13.6291, 41.3862], [13.6167, 41.3893], [13.6126, 41.4017], [13.6209, 41.4193], [13.6395, 41.4193], [13.6436, 41.4296], [13.6509, 41.4327], [13.6716, 41.4379], [13.6871, 41.4452], [13.7026, 41.4503], [13.7285, 41.4524], [13.7491, 41.4524], [13.775, 41.4452], [13.8029, 41.441], [13.8236, 41.4338], [13.83075, 41.43214], [13.83695, 41.42786], [13.84508, 41.4265], [13.84858, 41.42322], [13.85486, 41.42122], [13.8615, 41.4137], [13.8786, 41.4219], [13.9034, 41.4271], [13.9406, 41.4271], [14.0027, 41.4219]]], [[[15.32958, 41.45075], [15.32733, 41.45147], [15.32067, 41.45361], [15.31489, 41.45339], [15.30817, 41.44861], [15.30306, 41.4495], [15.29958, 41.44781], [15.29717, 41.44356], [15.29189, 41.4417], [15.28172, 41.43111], [15.27328, 41.42753], [15.26447, 41.432], [15.25878, 41.43314], [15.23372, 41.43139], [15.22083, 41.43417], [15.21225, 41.43314], [15.20031, 41.43153], [15.16858, 41.42061], [15.15717, 41.41347], [15.14975, 41.41169], [15.14583, 41.41208], [15.12789, 41.421], [15.12306, 41.42611], [15.12247, 41.42672], [15.0959, 41.4322], [15.0876, 41.4581], [15.0783, 41.4839], [15.0721, 41.4994], [15.0649, 41.515], [15.0587, 41.5243], [15.0628, 41.5315], [15.0701, 41.5305], [15.0918, 41.5439], [15.1073, 41.547], [15.1249, 41.5543], [15.1414, 41.5553], [15.15725, 41.56083], [15.16422, 41.56514], [15.20247, 41.57214], [15.20689, 41.57428], [15.214, 41.58019], [15.22203, 41.59522], [15.23817, 41.60422], [15.25192, 41.61792], [15.25886, 41.62153], [15.27533, 41.62158], [15.28325, 41.62608], [15.28711, 41.62681], [15.29222, 41.62778], [15.31125, 41.64103], [15.3185, 41.64622], [15.3455, 41.644], [15.3505, 41.64153], [15.3595, 41.63083], [15.3569, 41.6193], [15.3517, 41.6038], [15.3517, 41.5924], [15.3528, 41.579], [15.3579, 41.5645], [15.3631, 41.5386], [15.3734, 41.521], [15.3786, 41.5076], [15.3817, 41.4859], [15.3755, 41.4683], [15.36789, 41.45931], [15.35661, 41.45469], [15.34775, 41.45392], [15.33747, 41.45044], [15.32958, 41.45075]]], [[[13.5903, 41.5079], [13.5666, 41.4935], [13.5469, 41.4779], [13.5376, 41.4666], [13.5159, 41.4717], [13.4848, 41.4769], [13.46, 41.4821], [13.4414, 41.4945], [13.4352, 41.5162], [13.4352, 41.539], [13.4517, 41.5493], [13.4755, 41.5628], [13.5066, 41.5772], [13.519, 41.5866], [13.5407, 41.5886], [13.5666, 41.5897], [13.5934, 41.5938], [13.6152, 41.5835], [13.6348, 41.5731], [13.6297, 41.5514], [13.6183, 41.5286], [13.6059, 41.5203], [13.5903, 41.5079]]], [[[13.6342, 41.8124], [13.6466, 41.8021], [13.6632, 41.7897], [13.6704, 41.7773], [13.6694, 41.77], [13.6684, 41.7607], [13.6663, 41.7442], [13.6652, 41.7338], [13.6621, 41.7204], [13.658, 41.7028], [13.6456, 41.6831], [13.6404, 41.6697], [13.627, 41.6707], [13.6156, 41.6821], [13.6063, 41.6842], [13.597, 41.6759], [13.5877, 41.6676], [13.5732, 41.6697], [13.5649, 41.6759], [13.5608, 41.6883], [13.5618, 41.708], [13.5649, 41.7276], [13.5773, 41.7514], [13.5866, 41.7731], [13.5908, 41.7814], [13.599, 41.7907], [13.6094, 41.8042], [13.6218, 41.8114], [13.6342, 41.8124]]]]}}, {"type": "Feature", "properties": {"Index": 21, "Name": "Roman Latin Colony", "FromYear": -288.5, "ToYear": -273.5, "Area": 3961.3, "Type": "POLITY", "References": "", "MemberOf": "", "ColorR": 248, "ColorG": 192, "ColorB": 16, "Generated": "2026-08-16"}, "geometry": {"type": "MultiPolygon", "coordinates": [[[[12.94189, 40.89925], [12.93897, 40.90294], [12.94222, 40.91], [12.9475, 40.91539], [12.94797, 40.92064], [12.95408, 40.92222], [12.95797, 40.9232], [12.96383, 40.92792], [12.96611, 40.93267], [12.97117, 40.9312], [12.98461, 40.93759], [12.993, 40.93606], [12.99653, 40.93281], [12.98853, 40.92789], [12.97794, 40.92628], [12.97325, 40.92064], [12.96814, 40.9205], [12.96589, 40.91664], [12.96656, 40.90864], [12.96197, 40.90642], [12.96136, 40.89661], [12.96433, 40.89539], [12.96917, 40.896], [12.97064, 40.89436], [12.96125, 40.88264], [12.95025, 40.87803], [12.94753, 40.88748], [12.95194, 40.89403], [12.94906, 40.89797], [12.94189, 40.89925]]], [[[13.08053, 41.2253], [13.06406, 41.22106], [13.04786, 41.22547], [13.03836, 41.23161], [13.03239, 41.24339], [13.03219, 41.24939], [13.03194, 41.25736], [13.02122, 41.27245], [13.00342, 41.30345], [13.0089, 41.3093], [13.0201, 41.3115], [13.0339, 41.3141], [13.0446, 41.3175], [13.0577, 41.3212], [13.0681, 41.3242], [13.0707, 41.3179], [13.0748, 41.3112], [13.0897, 41.3059], [13.1049, 41.3026], [13.1165, 41.303], [13.1237, 41.30297], [13.12997, 41.29139], [13.13761, 41.28417], [13.14061, 41.27495], [13.1422, 41.27295], [13.14817, 41.26542], [13.11495, 41.24981], [13.10636, 41.23784], [13.09203, 41.22508], [13.08053, 41.2253]]], [[[13.5903, 41.5079], [13.5666, 41.4935], [13.5469, 41.4779], [13.5376, 41.4666], [13.5159, 41.4717], [13.4848, 41.4769], [13.46, 41.4821], [13.4414, 41.4945], [13.4352, 41.5162], [13.4352, 41.539], [13.4517, 41.5493], [13.4755, 41.5628], [13.5066, 41.5772], [13.519, 41.5866], [13.5407, 41.5886], [13.5666, 41.5897], [13.5934, 41.5938], [13.6152, 41.5835], [13.6348, 41.5731], [13.6297, 41.5514], [13.6183, 41.5286], [13.6059, 41.5203], [13.5903, 41.5079]]], [[[12.48445, 41.60167], [12.48978, 41.6215], [12.50259, 41.62203], [12.50814, 41.62492], [12.51256, 41.63059], [12.51561, 41.63122], [12.51628, 41.63419], [12.51269, 41.63744], [12.51139, 41.64594], [12.51453, 41.64956], [12.5158, 41.6558], [12.5183, 41.6633], [12.5233, 41.6658], [12.5267, 41.6708], [12.5267, 41.6767], [12.5292, 41.685], [12.5317, 41.6917], [12.5308, 41.6967], [12.5375, 41.7], [12.5467, 41.7008], [12.5575, 41.7033], [12.5642, 41.7033], [12.575, 41.705], [12.5875, 41.7], [12.5908, 41.695], [12.595, 41.6883], [12.6, 41.6808], [12.6058, 41.6708], [12.6142, 41.665], [12.6242, 41.6558], [12.6367, 41.6517], [12.6475, 41.6442], [12.6525, 41.6367], [12.6542, 41.625], [12.655, 41.605], [12.6567, 41.5925], [12.6617, 41.5833], [12.6667, 41.5775], [12.6467, 41.565], [12.6292, 41.5583], [12.62, 41.5417], [12.61, 41.5283], [12.5958, 41.5217], [12.5817, 41.5133], [12.57411, 41.51045], [12.52967, 41.55822], [12.50881, 41.57636], [12.50464, 41.58033], [12.48445, 41.60167]]], [[[13.3994, 42.2159], [13.4408, 42.2262], [13.4821, 42.2097], [13.4925, 42.1952], [13.4884, 42.1311], [13.478, 42.0897], [13.4594, 42.0524], [13.4449, 42.0193], [13.4428, 41.9966], [13.4428, 41.9821], [13.4449, 41.9676], [13.4346, 41.9386], [13.4263, 41.9221], [13.3994, 41.9221], [13.389, 41.9345], [13.3684, 41.9552], [13.3539, 41.9676], [13.3456, 41.9738], [13.3373, 41.9966], [13.3228, 42.0235], [13.2897, 42.0483], [13.2628, 42.0628], [13.2318, 42.0628], [13.2173, 42.0607], [13.1966, 42.0462], [13.1801, 42.0338], [13.1635, 42.038], [13.147, 42.0297], [13.1449, 42.0152], [13.1139, 42.0255], [13.089, 42.0317], [13.0684, 42.0359], [13.058, 42.0545], [13.0352, 42.0669], [13.0042, 42.0938], [12.9939, 42.1228], [13.0166, 42.1435], [13.0497, 42.1497], [13.0952, 42.1642], [13.1325, 42.1559], [13.1656, 42.1497], [13.2008, 42.1435], [13.2318, 42.1435], [13.2877, 42.1435], [13.3456, 42.1621], [13.3787, 42.1807], [13.3994, 42.2159]]], [[[12.387, 42.2403], [12.3922, 42.2372], [12.387, 42.232], [12.3726, 42.2269], [12.355, 42.2176], [12.3405, 42.2093], [12.327, 42.2155], [12.3095, 42.2196], [12.2836, 42.2238], [12.2748, 42.2259], [12.2595, 42.2259], [12.2491, 42.2255], [12.2383, 42.2244], [12.2287, 42.2244], [12.2209, 42.2244], [12.2134, 42.2226], [12.2052, 42.2222], [12.2008, 42.2274], [12.1963, 42.2337], [12.1948, 42.2445], [12.1941, 42.2538], [12.1963, 42.2672], [12.1989, 42.2754], [12.2026, 42.2836], [12.2101, 42.2962], [12.21242, 42.30633], [12.22644, 42.29953], [12.23281, 42.29856], [12.24117, 42.29731], [12.24856, 42.29331], [12.25153, 42.2917], [12.26319, 42.29042], [12.2687, 42.28762], [12.275, 42.27997], [12.28533, 42.27345], [12.29942, 42.26961], [12.31756, 42.26917], [12.32967, 42.27475], [12.34136, 42.27458], [12.36003, 42.27], [12.36208, 42.27009], [12.36989, 42.27037], [12.3901, 42.2762], [12.3891, 42.2703], [12.385, 42.2569], [12.3839, 42.2486], [12.387, 42.2403]]], [[[12.5553, 42.4647], [12.5553, 42.4492], [12.5491, 42.4378], [12.5325, 42.4409], [12.516, 42.4461], [12.4984, 42.4513], [12.4818, 42.4595], [12.4704, 42.4678], [12.4539, 42.4782], [12.4466, 42.4947], [12.4477, 42.5133], [12.457, 42.5226], [12.4756, 42.5392], [12.4984, 42.5537], [12.5035, 42.562], [12.5046, 42.5826], [12.5139, 42.5889], [12.5273, 42.5847], [12.5294, 42.5671], [12.5346, 42.5547], [12.5522, 42.5413], [12.5687, 42.5309], [12.578, 42.5216], [12.5822, 42.5113], [12.5925, 42.5009], [12.5832, 42.4937], [12.5739, 42.4906], [12.5625, 42.4813], [12.5553, 42.4647]]], [[[15.7575, 40.8967], [15.7592, 40.8733], [15.7558, 40.8517], [15.7342, 40.7883], [15.7042, 40.755], [15.6542, 40.7567], [15.6008, 40.7717], [15.5542, 40.795], [15.5108, 40.82], [15.48628, 40.89439], [15.50306, 40.90561], [15.50583, 40.90653], [15.51778, 40.91047], [15.52342, 40.91234], [15.52931, 40.9185], [15.53211, 40.92489], [15.54481, 40.95381], [15.55956, 40.96581], [15.564, 40.97272], [15.56717, 40.99961], [15.55667, 41.02161], [15.55728, 41.02489], [15.55817, 41.02956], [15.55517, 41.03403], [15.54742, 41.03986], [15.53906, 41.05764], [15.53975, 41.07136], [15.53789, 41.07509], [15.54056, 41.07864], [15.54064, 41.07869], [15.54889, 41.08342], [15.55125, 41.08478], [15.5545, 41.08664], [15.57181, 41.09659], [15.57983, 41.09875], [15.59772, 41.09961], [15.62069, 41.09842], [15.62364, 41.09828], [15.63375, 41.09211], [15.64336, 41.09514], [15.71108, 41.09106], [15.71756, 41.09261], [15.72483, 41.101], [15.73167, 41.10322], [15.74753, 41.10117], [15.75619, 41.09572], [15.76283, 41.09567], [15.76511, 41.09372], [15.76622, 41.08842], [15.77258, 41.08859], [15.78081, 41.0935], [15.78836, 41.09231], [15.79619, 41.09281], [15.79828, 41.09661], [15.79272, 41.10695], [15.796, 41.11003], [15.80153, 41.11114], [15.80547, 41.11922], [15.81281, 41.11247], [15.8174, 41.1015], [15.8277, 41.0963], [15.8587, 41.086], [15.8887, 41.0632], [15.9084, 41.0529], [15.9363, 41.0456], [15.9715, 41.0353], [15.9943, 41.0156], [16.0139, 40.9856], [16.0118, 40.9504], [15.9994, 40.9225], [15.9767, 40.8956], [15.9643, 40.8853], [15.9542, 40.8783], [15.8792, 40.8783], [15.8208, 40.8817], [15.7725, 40.9117], [15.7575, 40.8967]]], [[[14.5249, 41.1394], [14.5414, 41.127], [14.5538, 41.1012], [14.5487, 41.0794], [14.5383, 41.0598], [14.5218, 41.0548], [14.5044, 41.0571], [14.4945, 41.062], [14.4708, 41.0765], [14.4566, 41.0929], [14.45069, 41.10706], [14.44406, 41.11825], [14.44303, 41.11856], [14.43869, 41.11984], [14.4265, 41.12339], [14.42042, 41.12839], [14.41861, 41.13372], [14.41967, 41.13667], [14.42614, 41.13875], [14.43142, 41.15231], [14.43617, 41.15653], [14.4435, 41.15789], [14.45283, 41.15692], [14.45547, 41.16644], [14.46364, 41.17189], [14.4752, 41.1674], [14.4897, 41.1591], [14.5052, 41.1508], [14.5249, 41.1394]]], [[[14.1717, 41.1777], [14.1572, 41.1684], [14.1407, 41.1695], [14.1262, 41.1798], [14.1148, 41.1819], [14.0952, 41.1746], [14.0859, 41.1819], [14.0848, 41.1922], [14.0931, 41.1995], [14.1076, 41.2077], [14.12, 41.2202], [14.1324, 41.2264], [14.1428, 41.2202], [14.1624, 41.2046], [14.1728, 41.1902], [14.1717, 41.1777]]], [[[14.0027, 41.4219], [14.0493, 41.4167], [14.0824, 41.4126], [14.10294, 41.41439], [14.10494, 41.40586], [14.11106, 41.3947], [14.10836, 41.38906], [14.0907, 41.3816], [14.0618, 41.361], [14.0369, 41.3465], [14.0183, 41.3196], [13.9997, 41.2885], [13.979, 41.2596], [13.9748, 41.2458], [13.9687, 41.2244], [13.9645, 41.1913], [13.9624, 41.181], [13.9438, 41.1706], [13.9066, 41.1768], [13.8838, 41.1954], [13.8569, 41.2265], [13.84614, 41.24261], [13.84467, 41.24997], [13.84856, 41.2627], [13.84761, 41.27486], [13.8443, 41.2858], [13.8391, 41.2952], [13.8247, 41.3014], [13.7988, 41.3096], [13.7802, 41.3169], [13.7626, 41.3324], [13.7502, 41.3552], [13.7202, 41.38], [13.7047, 41.3852], [13.6819, 41.3852], [13.6612, 41.3893], [13.6291, 41.3862], [13.6167, 41.3893], [13.6126, 41.4017], [13.6209, 41.4193], [13.6395, 41.4193], [13.6436, 41.4296], [13.6509, 41.4327], [13.6716, 41.4379], [13.6871, 41.4452], [13.7026, 41.4503], [13.7285, 41.4524], [13.7491, 41.4524], [13.775, 41.4452], [13.8029, 41.441], [13.8236, 41.4338], [13.83075, 41.43214], [13.83695, 41.42786], [13.84508, 41.4265], [13.84858, 41.42322], [13.85486, 41.42122], [13.8615, 41.4137], [13.8786, 41.4219], [13.9034, 41.4271], [13.9406, 41.4271], [14.0027, 41.4219]]], [[[15.32958, 41.45075], [15.32733, 41.45147], [15.32067, 41.45361], [15.31489, 41.45339], [15.30817, 41.44861], [15.30306, 41.4495], [15.29958, 41.44781], [15.29717, 41.44356], [15.29189, 41.4417], [15.28172, 41.43111], [15.27328, 41.42753], [15.26447, 41.432], [15.25878, 41.43314], [15.23372, 41.43139], [15.22083, 41.43417], [15.21225, 41.43314], [15.20031, 41.43153], [15.16858, 41.42061], [15.15717, 41.41347], [15.14975, 41.41169], [15.14583, 41.41208], [15.12789, 41.421], [15.12306, 41.42611], [15.12247, 41.42672], [15.0959, 41.4322], [15.0876, 41.4581], [15.0783, 41.4839], [15.0721, 41.4994], [15.0649, 41.515], [15.0587, 41.5243], [15.0628, 41.5315], [15.0701, 41.5305], [15.0918, 41.5439], [15.1073, 41.547], [15.1249, 41.5543], [15.1414, 41.5553], [15.15725, 41.56083], [15.16422, 41.56514], [15.20247, 41.57214], [15.20689, 41.57428], [15.214, 41.58019], [15.22203, 41.59522], [15.23817, 41.60422], [15.25192, 41.61792], [15.25886, 41.62153], [15.27533, 41.62158], [15.28325, 41.62608], [15.28711, 41.62681], [15.29222, 41.62778], [15.31125, 41.64103], [15.3185, 41.64622], [15.3455, 41.644], [15.3505, 41.64153], [15.3595, 41.63083], [15.3569, 41.6193], [15.3517, 41.6038], [15.3517, 41.5924], [15.3528, 41.579], [15.3579, 41.5645], [15.3631, 41.5386], [15.3734, 41.521], [15.3786, 41.5076], [15.3817, 41.4859], [15.3755, 41.4683], [15.36789, 41.45931], [15.35661, 41.45469], [15.34775, 41.45392], [15.33747, 41.45044], [15.32958, 41.45075]]], [[[13.6466, 41.8021], [13.6632, 41.7897], [13.6704, 41.7773], [13.6694, 41.77], [13.6684, 41.7607], [13.6663, 41.7442], [13.6652, 41.7338], [13.6621, 41.7204], [13.658, 41.7028], [13.6456, 41.6831], [13.6404, 41.6697], [13.627, 41.6707], [13.6156, 41.6821], [13.6063, 41.6842], [13.597, 41.6759], [13.5877, 41.6676], [13.5732, 41.6697], [13.5649, 41.6759], [13.5608, 41.6883], [13.5618, 41.708], [13.5649, 41.7276], [13.5773, 41.7514], [13.5866, 41.7731], [13.5908, 41.7814], [13.599, 41.7907], [13.6094, 41.8042], [13.6218, 41.8114], [13.6342, 41.8124], [13.6466, 41.8021]]], [[[14.06933, 42.61209], [14.07706, 42.59925], [14.08658, 42.59167], [14.11361, 42.56342], [14.13714, 42.54508], [14.14147, 42.539], [14.1455, 42.53317], [14.13992, 42.52989], [14.13433, 42.52661], [14.13172, 42.52339], [14.1307, 42.52214], [14.11978, 42.51436], [14.11339, 42.50981], [14.10822, 42.49964], [14.09811, 42.49486], [14.09253, 42.48545], [14.09236, 42.48517], [14.08667, 42.47639], [14.0715, 42.4695], [14.06286, 42.46334], [14.0509, 42.4653], [14.0364, 42.4715], [14.0209, 42.4849], [14.0033, 42.4942], [13.9702, 42.5066], [13.9392, 42.5035], [13.8988, 42.5097], [13.874, 42.5097], [13.8595, 42.5211], [13.8471, 42.5366], [13.8357, 42.5553], [13.8181, 42.5697], [13.7995, 42.5697], [13.7695, 42.5728], [13.753, 42.5811], [13.7447, 42.5925], [13.725, 42.6018], [13.7168, 42.608], [13.70814, 42.61467], [13.70856, 42.61528], [13.71081, 42.61872], [13.71458, 42.62034], [13.71994, 42.62261], [13.72922, 42.62223], [13.73231, 42.62208], [13.74331, 42.61883], [13.7555, 42.61756], [13.76333, 42.61672], [13.78106, 42.61789], [13.79014, 42.62061], [13.80161, 42.62767], [13.80758, 42.62958], [13.817, 42.62761], [13.82508, 42.62592], [13.82917, 42.62767], [13.83569, 42.62795], [13.84025, 42.62575], [13.87272, 42.62492], [13.876, 42.62414], [13.87914, 42.62339], [13.89531, 42.62481], [13.90583, 42.63117], [13.9365, 42.6315], [13.94539, 42.63561], [13.9602, 42.63453], [13.97117, 42.63745], [13.97275, 42.63786], [13.99261, 42.65131], [13.99797, 42.65322], [14.01395, 42.65359], [14.01628, 42.65364], [14.02481, 42.6575], [14.03053, 42.66011], [14.0375, 42.65695], [14.04628, 42.64158], [14.05745, 42.62203], [14.06211, 42.61617], [14.06933, 42.61209]]]]}}, {"type": "Feature", "properties": {"Index": 22, "Name": "Roman Latin Colony", "FromYear": -273.5, "ToYear": -268.5, "Area": 4573.4, "Type": "POLITY", "References": "", "MemberOf": "", "ColorR": 248, "ColorG": 192, "ColorB": 16, "Generated": "2026-08-16"}, "geometry": {"type": "MultiPolygon", "coordinates": [[[[12.94189, 40.89925], [12.93897, 40.90294], [12.94222, 40.91], [12.9475, 40.91539], [12.94797, 40.92064], [12.95408, 40.92222], [12.95797, 40.9232], [12.96383, 40.92792], [12.96611, 40.93267], [12.97117, 40.9312], [12.98461, 40.93759], [12.993, 40.93606], [12.99653, 40.93281], [12.98853, 40.92789], [12.97794, 40.92628], [12.97325, 40.92064], [12.96814, 40.9205], [12.96589, 40.91664], [12.96656, 40.90864], [12.96197, 40.90642], [12.96136, 40.89661], [12.96433, 40.89539], [12.96917, 40.896], [12.97064, 40.89436], [12.96125, 40.88264], [12.95025, 40.87803], [12.94753, 40.88748], [12.95194, 40.89403], [12.94906, 40.89797], [12.94189, 40.89925]]], [[[13.08053, 41.2253], [13.06406, 41.22106], [13.04786, 41.22547], [13.03836, 41.23161], [13.03239, 41.24339], [13.03219, 41.24939], [13.03194, 41.25736], [13.02122, 41.27245], [13.00342, 41.30345], [13.0089, 41.3093], [13.0201, 41.3115], [13.0339, 41.3141], [13.0446, 41.3175], [13.0577, 41.3212], [13.0681, 41.3242], [13.0707, 41.3179], [13.0748, 41.3112], [13.0897, 41.3059], [13.1049, 41.3026], [13.1165, 41.303], [13.1237, 41.30297], [13.12997, 41.29139], [13.13761, 41.28417], [13.14061, 41.27495], [13.1422, 41.27295], [13.14817, 41.26542], [13.11495, 41.24981], [13.10636, 41.23784], [13.09203, 41.22508], [13.08053, 41.2253]]], [[[13.5903, 41.5079], [13.5666, 41.4935], [13.5469, 41.4779], [13.5376, 41.4666], [13.5159, 41.4717], [13.4848, 41.4769], [13.46, 41.4821], [13.4414, 41.4945], [13.4352, 41.5162], [13.4352, 41.539], [13.4517, 41.5493], [13.4755, 41.5628], [13.5066, 41.5772], [13.519, 41.5866], [13.5407, 41.5886], [13.5666, 41.5897], [13.5934, 41.5938], [13.6152, 41.5835], [13.6348, 41.5731], [13.6297, 41.5514], [13.6183, 41.5286], [13.6059, 41.5203], [13.5903, 41.5079]]], [[[12.48445, 41.60167], [12.48978, 41.6215], [12.50259, 41.62203], [12.50814, 41.62492], [12.51256, 41.63059], [12.51561, 41.63122], [12.51628, 41.63419], [12.51269, 41.63744], [12.51139, 41.64594], [12.51453, 41.64956], [12.5158, 41.6558], [12.5183, 41.6633], [12.5233, 41.6658], [12.5267, 41.6708], [12.5267, 41.6767], [12.5292, 41.685], [12.5317, 41.6917], [12.5308, 41.6967], [12.5375, 41.7], [12.5467, 41.7008], [12.5575, 41.7033], [12.5642, 41.7033], [12.575, 41.705], [12.5875, 41.7], [12.5908, 41.695], [12.595, 41.6883], [12.6, 41.6808], [12.6058, 41.6708], [12.6142, 41.665], [12.6242, 41.6558], [12.6367, 41.6517], [12.6475, 41.6442], [12.6525, 41.6367], [12.6542, 41.625], [12.655, 41.605], [12.6567, 41.5925], [12.6617, 41.5833], [12.6667, 41.5775], [12.6467, 41.565], [12.6292, 41.5583], [12.62, 41.5417], [12.61, 41.5283], [12.5958, 41.5217], [12.5817, 41.5133], [12.57411, 41.51045], [12.52967, 41.55822], [12.50881, 41.57636], [12.50464, 41.58033], [12.48445, 41.60167]]], [[[13.3994, 42.2159], [13.4408, 42.2262], [13.4821, 42.2097], [13.4925, 42.1952], [13.4884, 42.1311], [13.478, 42.0897], [13.4594, 42.0524], [13.4449, 42.0193], [13.4428, 41.9966], [13.4428, 41.9821], [13.4449, 41.9676], [13.4346, 41.9386], [13.4263, 41.9221], [13.3994, 41.9221], [13.389, 41.9345], [13.3684, 41.9552], [13.3539, 41.9676], [13.3456, 41.9738], [13.3373, 41.9966], [13.3228, 42.0235], [13.2897, 42.0483], [13.2628, 42.0628], [13.2318, 42.0628], [13.2173, 42.0607], [13.1966, 42.0462], [13.1801, 42.0338], [13.1635, 42.038], [13.147, 42.0297], [13.1449, 42.0152], [13.1139, 42.0255], [13.089, 42.0317], [13.0684, 42.0359], [13.058, 42.0545], [13.0352, 42.0669], [13.0042, 42.0938], [12.9939, 42.1228], [13.0166, 42.1435], [13.0497, 42.1497], [13.0952, 42.1642], [13.1325, 42.1559], [13.1656, 42.1497], [13.2008, 42.1435], [13.2318, 42.1435], [13.2877, 42.1435], [13.3456, 42.1621], [13.3787, 42.1807], [13.3994, 42.2159]]], [[[12.387, 42.2403], [12.3922, 42.2372], [12.387, 42.232], [12.3726, 42.2269], [12.355, 42.2176], [12.3405, 42.2093], [12.327, 42.2155], [12.3095, 42.2196], [12.2836, 42.2238], [12.2748, 42.2259], [12.2595, 42.2259], [12.2491, 42.2255], [12.2383, 42.2244], [12.2287, 42.2244], [12.2209, 42.2244], [12.2134, 42.2226], [12.2052, 42.2222], [12.2008, 42.2274], [12.1963, 42.2337], [12.1948, 42.2445], [12.1941, 42.2538], [12.1963, 42.2672], [12.1989, 42.2754], [12.2026, 42.2836], [12.2101, 42.2962], [12.21242, 42.30633], [12.22644, 42.29953], [12.23281, 42.29856], [12.24117, 42.29731], [12.24856, 42.29331], [12.25153, 42.2917], [12.26319, 42.29042], [12.2687, 42.28762], [12.275, 42.27997], [12.28533, 42.27345], [12.29942, 42.26961], [12.31756, 42.26917], [12.32967, 42.27475], [12.34136, 42.27458], [12.36003, 42.27], [12.36208, 42.27009], [12.36989, 42.27037], [12.3901, 42.2762], [12.3891, 42.2703], [12.385, 42.2569], [12.3839, 42.2486], [12.387, 42.2403]]], [[[11.319, 42.4848], [11.3334, 42.4724], [11.3376, 42.4476], [11.3355, 42.431], [11.3314, 42.4166], [11.32775, 42.4082], [11.32311, 42.40731], [11.30678, 42.40895], [11.29689, 42.40714], [11.29075, 42.40856], [11.28153, 42.41978], [11.27631, 42.42142], [11.27542, 42.42145], [11.26303, 42.42214], [11.25656, 42.41964], [11.24606, 42.42058], [11.21797, 42.41584], [11.21211, 42.41103], [11.21456, 42.40278], [11.20836, 42.39753], [11.2145, 42.39181], [11.21111, 42.38792], [11.19322, 42.38017], [11.18795, 42.36737], [11.18486, 42.36689], [11.17653, 42.37036], [11.1682, 42.36511], [11.16575, 42.36431], [11.15556, 42.361], [11.14881, 42.36995], [11.13403, 42.38303], [11.09983, 42.39314], [11.09489, 42.39659], [11.09336, 42.40139], [11.0875, 42.40848], [11.09108, 42.41267], [11.09122, 42.41284], [11.0905, 42.41403], [11.09047, 42.41408], [11.08383, 42.42498], [11.08567, 42.42886], [11.09308, 42.43367], [11.09464, 42.43984], [11.09833, 42.44328], [11.09958, 42.44739], [11.10669, 42.45198], [11.11225, 42.45036], [11.12117, 42.44256], [11.12981, 42.44231], [11.14183, 42.43864], [11.14708, 42.44092], [11.15758, 42.4377], [11.165, 42.44042], [11.17336, 42.45325], [11.18386, 42.46398], [11.19164, 42.48092], [11.19539, 42.50447], [11.18983, 42.52098], [11.18836, 42.52534], [11.18586, 42.52811], [11.2093, 42.5262], [11.2362, 42.5262], [11.2548, 42.5179], [11.2755, 42.4993], [11.2983, 42.491], [11.319, 42.4848]]], [[[12.5553, 42.4647], [12.5553, 42.4492], [12.5491, 42.4378], [12.5325, 42.4409], [12.516, 42.4461], [12.4984, 42.4513], [12.4818, 42.4595], [12.4704, 42.4678], [12.4539, 42.4782], [12.4466, 42.4947], [12.4477, 42.5133], [12.457, 42.5226], [12.4756, 42.5392], [12.4984, 42.5537], [12.5035, 42.562], [12.5046, 42.5826], [12.5139, 42.5889], [12.5273, 42.5847], [12.5294, 42.5671], [12.5346, 42.5547], [12.5522, 42.5413], [12.5687, 42.5309], [12.578, 42.5216], [12.5822, 42.5113], [12.5925, 42.5009], [12.5832, 42.4937], [12.5739, 42.4906], [12.5625, 42.4813], [12.5553, 42.4647]]], [[[15.0248, 40.5684], [15.0352, 40.5569], [15.0486, 40.5383], [15.0693, 40.5228], [15.1076, 40.4969], [15.1303, 40.4804], [15.149, 40.4648], [15.1541, 40.4503], [15.1531, 40.4307], [15.1448, 40.4224], [15.1241, 40.4079], [15.1159, 40.4007], [15.1138, 40.3852], [15.1086, 40.3583], [15.0983, 40.3521], [15.0921, 40.3221], [15.0859, 40.3014], [15.0714, 40.2941], [15.0579, 40.2807], [15.0372, 40.2579], [15.0176, 40.2404], [15.0021, 40.2248], [14.98947, 40.216], [14.98572, 40.21797], [14.97306, 40.21878], [14.96908, 40.21906], [14.9552, 40.23031], [14.93895, 40.23275], [14.93183, 40.22867], [14.92794, 40.22836], [14.90161, 40.24603], [14.89945, 40.24978], [14.90375, 40.25647], [14.92611, 40.27122], [14.93811, 40.282], [14.93911, 40.29144], [14.94108, 40.3105], [14.9337, 40.32131], [14.93861, 40.32845], [14.93742, 40.33331], [14.93978, 40.33756], [14.9462, 40.34], [14.95722, 40.34425], [14.96775, 40.3457], [14.97225, 40.35056], [14.97767, 40.35128], [14.98436, 40.35789], [14.99081, 40.36064], [14.99495, 40.36506], [14.99614, 40.37897], [14.99406, 40.38889], [14.98811, 40.41292], [14.96928, 40.44661], [14.93961, 40.48386], [14.94861, 40.48444], [14.95317, 40.48567], [14.95033, 40.48784], [14.93861, 40.48711], [14.93256, 40.49078], [14.9451, 40.5053], [14.9668, 40.5209], [14.9948, 40.5374], [15.0248, 40.5684]]], [[[15.7575, 40.8967], [15.7592, 40.8733], [15.7558, 40.8517], [15.7342, 40.7883], [15.7042, 40.755], [15.6542, 40.7567], [15.6008, 40.7717], [15.5542, 40.795], [15.5108, 40.82], [15.48628, 40.89439], [15.50306, 40.90561], [15.50583, 40.90653], [15.51778, 40.91047], [15.52342, 40.91234], [15.52931, 40.9185], [15.53211, 40.92489], [15.54481, 40.95381], [15.55956, 40.96581], [15.564, 40.97272], [15.56717, 40.99961], [15.55667, 41.02161], [15.55728, 41.02489], [15.55817, 41.02956], [15.55517, 41.03403], [15.54742, 41.03986], [15.53906, 41.05764], [15.53975, 41.07136], [15.53789, 41.07509], [15.54056, 41.07864], [15.54064, 41.07869], [15.54889, 41.08342], [15.55125, 41.08478], [15.5545, 41.08664], [15.57181, 41.09659], [15.57983, 41.09875], [15.59772, 41.09961], [15.62069, 41.09842], [15.62364, 41.09828], [15.63375, 41.09211], [15.64336, 41.09514], [15.71108, 41.09106], [15.71756, 41.09261], [15.72483, 41.101], [15.73167, 41.10322], [15.74753, 41.10117], [15.75619, 41.09572], [15.76283, 41.09567], [15.76511, 41.09372], [15.76622, 41.08842], [15.77258, 41.08859], [15.78081, 41.0935], [15.78836, 41.09231], [15.79619, 41.09281], [15.79828, 41.09661], [15.79272, 41.10695], [15.796, 41.11003], [15.80153, 41.11114], [15.80547, 41.11922], [15.81281, 41.11247], [15.8174, 41.1015], [15.8277, 41.0963], [15.8587, 41.086], [15.8887, 41.0632], [15.9084, 41.0529], [15.9363, 41.0456], [15.9715, 41.0353], [15.9943, 41.0156], [16.0139, 40.9856], [16.0118, 40.9504], [15.9994, 40.9225], [15.9767, 40.8956], [15.9643, 40.8853], [15.9542, 40.8783], [15.8792, 40.8783], [15.8208, 40.8817], [15.7725, 40.9117], [15.7575, 40.8967]]], [[[14.5414, 41.127], [14.5538, 41.1012], [14.5487, 41.0794], [14.5383, 41.0598], [14.5218, 41.0548], [14.5044, 41.0571], [14.4945, 41.062], [14.4708, 41.0765], [14.4566, 41.0929], [14.45069, 41.10706], [14.44406, 41.11825], [14.44303, 41.11856], [14.43869, 41.11984], [14.4265, 41.12339], [14.42042, 41.12839], [14.41861, 41.13372], [14.41967, 41.13667], [14.42614, 41.13875], [14.43142, 41.15231], [14.43617, 41.15653], [14.4435, 41.15789], [14.45283, 41.15692], [14.45547, 41.16644], [14.46364, 41.17189], [14.4752, 41.1674], [14.4897, 41.1591], [14.5052, 41.1508], [14.5249, 41.1394], [14.5414, 41.127]]], [[[14.1572, 41.1684], [14.1407, 41.1695], [14.1262, 41.1798], [14.1148, 41.1819], [14.0952, 41.1746], [14.0859, 41.1819], [14.0848, 41.1922], [14.0931, 41.1995], [14.1076, 41.2077], [14.12, 41.2202], [14.1324, 41.2264], [14.1428, 41.2202], [14.1624, 41.2046], [14.1728, 41.1902], [14.1717, 41.1777], [14.1572, 41.1684]]], [[[14.0027, 41.4219], [14.0493, 41.4167], [14.0824, 41.4126], [14.10294, 41.41439], [14.10494, 41.40586], [14.11106, 41.3947], [14.10836, 41.38906], [14.0907, 41.3816], [14.0618, 41.361], [14.0369, 41.3465], [14.0183, 41.3196], [13.9997, 41.2885], [13.979, 41.2596], [13.9748, 41.2458], [13.9687, 41.2244], [13.9645, 41.1913], [13.9624, 41.181], [13.9438, 41.1706], [13.9066, 41.1768], [13.8838, 41.1954], [13.8569, 41.2265], [13.84614, 41.24261], [13.84467, 41.24997], [13.84856, 41.2627], [13.84761, 41.27486], [13.8443, 41.2858], [13.8391, 41.2952], [13.8247, 41.3014], [13.7988, 41.3096], [13.7802, 41.3169], [13.7626, 41.3324], [13.7502, 41.3552], [13.7202, 41.38], [13.7047, 41.3852], [13.6819, 41.3852], [13.6612, 41.3893], [13.6291, 41.3862], [13.6167, 41.3893], [13.6126, 41.4017], [13.6209, 41.4193], [13.6395, 41.4193], [13.6436, 41.4296], [13.6509, 41.4327], [13.6716, 41.4379], [13.6871, 41.4452], [13.7026, 41.4503], [13.7285, 41.4524], [13.7491, 41.4524], [13.775, 41.4452], [13.8029, 41.441], [13.8236, 41.4338], [13.83075, 41.43214], [13.83695, 41.42786], [13.84508, 41.4265], [13.84858, 41.42322], [13.85486, 41.42122], [13.8615, 41.4137], [13.8786, 41.4219], [13.9034, 41.4271], [13.9406, 41.4271], [14.0027, 41.4219]]], [[[15.32958, 41.45075], [15.32733, 41.45147], [15.32067, 41.45361], [15.31489, 41.45339], [15.30817, 41.44861], [15.30306, 41.4495], [15.29958, 41.44781], [15.29717, 41.44356], [15.29189, 41.4417], [15.28172, 41.43111], [15.27328, 41.42753], [15.26447, 41.432], [15.25878, 41.43314], [15.23372, 41.43139], [15.22083, 41.43417], [15.21225, 41.43314], [15.20031, 41.43153], [15.16858, 41.42061], [15.15717, 41.41347], [15.14975, 41.41169], [15.14583, 41.41208], [15.12789, 41.421], [15.12306, 41.42611], [15.12247, 41.42672], [15.0959, 41.4322], [15.0876, 41.4581], [15.0783, 41.4839], [15.0721, 41.4994], [15.0649, 41.515], [15.0587, 41.5243], [15.0628, 41.5315], [15.0701, 41.5305], [15.0918, 41.5439], [15.1073, 41.547], [15.1249, 41.5543], [15.1414, 41.5553], [15.15725, 41.56083], [15.16422, 41.56514], [15.20247, 41.57214], [15.20689, 41.57428], [15.214, 41.58019], [15.22203, 41.59522], [15.23817, 41.60422], [15.25192, 41.61792], [15.25886, 41.62153], [15.27533, 41.62158], [15.28325, 41.62608], [15.28711, 41.62681], [15.29222, 41.62778], [15.31125, 41.64103], [15.3185, 41.64622], [15.3455, 41.644], [15.3505, 41.64153], [15.3595, 41.63083], [15.3569, 41.6193], [15.3517, 41.6038], [15.3517, 41.5924], [15.3528, 41.579], [15.3579, 41.5645], [15.3631, 41.5386], [15.3734, 41.521], [15.3786, 41.5076], [15.3817, 41.4859], [15.3755, 41.4683], [15.36789, 41.45931], [15.35661, 41.45469], [15.34775, 41.45392], [15.33747, 41.45044], [15.32958, 41.45075]]], [[[13.6466, 41.8021], [13.6632, 41.7897], [13.6704, 41.7773], [13.6694, 41.77], [13.6684, 41.7607], [13.6663, 41.7442], [13.6652, 41.7338], [13.6621, 41.7204], [13.658, 41.7028], [13.6456, 41.6831], [13.6404, 41.6697], [13.627, 41.6707], [13.6156, 41.6821], [13.6063, 41.6842], [13.597, 41.6759], [13.5877, 41.6676], [13.5732, 41.6697], [13.5649, 41.6759], [13.5608, 41.6883], [13.5618, 41.708], [13.5649, 41.7276], [13.5773, 41.7514], [13.5866, 41.7731], [13.5908, 41.7814], [13.599, 41.7907], [13.6094, 41.8042], [13.6218, 41.8114], [13.6342, 41.8124], [13.6466, 41.8021]]], [[[14.06933, 42.61209], [14.07706, 42.59925], [14.08658, 42.59167], [14.11361, 42.56342], [14.13714, 42.54508], [14.14147, 42.539], [14.1455, 42.53317], [14.13992, 42.52989], [14.13433, 42.52661], [14.13172, 42.52339], [14.1307, 42.52214], [14.11978, 42.51436], [14.11339, 42.50981], [14.10822, 42.49964], [14.09811, 42.49486], [14.09253, 42.48545], [14.09236, 42.48517], [14.08667, 42.47639], [14.0715, 42.4695], [14.06286, 42.46334], [14.0509, 42.4653], [14.0364, 42.4715], [14.0209, 42.4849], [14.0033, 42.4942], [13.9702, 42.5066], [13.9392, 42.5035], [13.8988, 42.5097], [13.874, 42.5097], [13.8595, 42.5211], [13.8471, 42.5366], [13.8357, 42.5553], [13.8181, 42.5697], [13.7995, 42.5697], [13.7695, 42.5728], [13.753, 42.5811], [13.7447, 42.5925], [13.725, 42.6018], [13.7168, 42.608], [13.70814, 42.61467], [13.70856, 42.61528], [13.71081, 42.61872], [13.71458, 42.62034], [13.71994, 42.62261], [13.72922, 42.62223], [13.73231, 42.62208], [13.74331, 42.61883], [13.7555, 42.61756], [13.76333, 42.61672], [13.78106, 42.61789], [13.79014, 42.62061], [13.80161, 42.62767], [13.80758, 42.62958], [13.817, 42.62761], [13.82508, 42.62592], [13.82917, 42.62767], [13.83569, 42.62795], [13.84025, 42.62575], [13.87272, 42.62492], [13.876, 42.62414], [13.87914, 42.62339], [13.89531, 42.62481], [13.90583, 42.63117], [13.9365, 42.6315], [13.94539, 42.63561], [13.9602, 42.63453], [13.97117, 42.63745], [13.97275, 42.63786], [13.99261, 42.65131], [13.99797, 42.65322], [14.01395, 42.65359], [14.01628, 42.65364], [14.02481, 42.6575], [14.03053, 42.66011], [14.0375, 42.65695], [14.04628, 42.64158], [14.05745, 42.62203], [14.06211, 42.61617], [14.06933, 42.61209]]]]}}, {"type": "Feature", "properties": {"Index": 23, "Name": "Roman Latin Colony", "FromYear": -268.5, "ToYear": -264.5, "Area": 5483.3, "Type": "POLITY", "References": "", "MemberOf": "", "ColorR": 248, "ColorG": 192, "ColorB": 16, "Generated": "2026-08-16"}, "geometry": {"type": "MultiPolygon", "coordinates": [[[[12.94189, 40.89925], [12.93897, 40.90294], [12.94222, 40.91], [12.9475, 40.91539], [12.94797, 40.92064], [12.95408, 40.92222], [12.95797, 40.9232], [12.96383, 40.92792], [12.96611, 40.93267], [12.97117, 40.9312], [12.98461, 40.93759], [12.993, 40.93606], [12.99653, 40.93281], [12.98853, 40.92789], [12.97794, 40.92628], [12.97325, 40.92064], [12.96814, 40.9205], [12.96589, 40.91664], [12.96656, 40.90864], [12.96197, 40.90642], [12.96136, 40.89661], [12.96433, 40.89539], [12.96917, 40.896], [12.97064, 40.89436], [12.96125, 40.88264], [12.95025, 40.87803], [12.94753, 40.88748], [12.95194, 40.89403], [12.94906, 40.89797], [12.94189, 40.89925]]], [[[13.08053, 41.2253], [13.06406, 41.22106], [13.04786, 41.22547], [13.03836, 41.23161], [13.03239, 41.24339], [13.03219, 41.24939], [13.03194, 41.25736], [13.02122, 41.27245], [13.00342, 41.30345], [13.0089, 41.3093], [13.0201, 41.3115], [13.0339, 41.3141], [13.0446, 41.3175], [13.0577, 41.3212], [13.0681, 41.3242], [13.0707, 41.3179], [13.0748, 41.3112], [13.0897, 41.3059], [13.1049, 41.3026], [13.1165, 41.303], [13.1237, 41.30297], [13.12997, 41.29139], [13.13761, 41.28417], [13.14061, 41.27495], [13.1422, 41.27295], [13.14817, 41.26542], [13.11495, 41.24981], [13.10636, 41.23784], [13.09203, 41.22508], [13.08053, 41.2253]]], [[[13.5903, 41.5079], [13.5666, 41.4935], [13.5469, 41.4779], [13.5376, 41.4666], [13.5159, 41.4717], [13.4848, 41.4769], [13.46, 41.4821], [13.4414, 41.4945], [13.4352, 41.5162], [13.4352, 41.539], [13.4517, 41.5493], [13.4755, 41.5628], [13.5066, 41.5772], [13.519, 41.5866], [13.5407, 41.5886], [13.5666, 41.5897], [13.5934, 41.5938], [13.6152, 41.5835], [13.6348, 41.5731], [13.6297, 41.5514], [13.6183, 41.5286], [13.6059, 41.5203], [13.5903, 41.5079]]], [[[12.48978, 41.6215], [12.50259, 41.62203], [12.50814, 41.62492], [12.51256, 41.63059], [12.51561, 41.63122], [12.51628, 41.63419], [12.51269, 41.63744], [12.51139, 41.64594], [12.51453, 41.64956], [12.5158, 41.6558], [12.5183, 41.6633], [12.5233, 41.6658], [12.5267, 41.6708], [12.5267, 41.6767], [12.5292, 41.685], [12.5317, 41.6917], [12.5308, 41.6967], [12.5375, 41.7], [12.5467, 41.7008], [12.5575, 41.7033], [12.5642, 41.7033], [12.575, 41.705], [12.5875, 41.7], [12.5908, 41.695], [12.595, 41.6883], [12.6, 41.6808], [12.6058, 41.6708], [12.6142, 41.665], [12.6242, 41.6558], [12.6367, 41.6517], [12.6475, 41.6442], [12.6525, 41.6367], [12.6542, 41.625], [12.655, 41.605], [12.6567, 41.5925], [12.6617, 41.5833], [12.6667, 41.5775], [12.6467, 41.565], [12.6292, 41.5583], [12.62, 41.5417], [12.61, 41.5283], [12.5958, 41.5217], [12.5817, 41.5133], [12.57411, 41.51045], [12.52967, 41.55822], [12.50881, 41.57636], [12.50464, 41.58033], [12.48445, 41.60167], [12.48978, 41.6215]]], [[[13.3994, 41.9221], [13.389, 41.9345], [13.3684, 41.9552], [13.3539, 41.9676], [13.3456, 41.9738], [13.3373, 41.9966], [13.3228, 42.0235], [13.2897, 42.0483], [13.2628, 42.0628], [13.2318, 42.0628], [13.2173, 42.0607], [13.1966, 42.0462], [13.1801, 42.0338], [13.1635, 42.038], [13.147, 42.0297], [13.1449, 42.0152], [13.1139, 42.0255], [13.089, 42.0317], [13.0684, 42.0359], [13.058, 42.0545], [13.0352, 42.0669], [13.0042, 42.0938], [12.9939, 42.1228], [13.0166, 42.1435], [13.0497, 42.1497], [13.0952, 42.1642], [13.1325, 42.1559], [13.1656, 42.1497], [13.2008, 42.1435], [13.2318, 42.1435], [13.2877, 42.1435], [13.3456, 42.1621], [13.3787, 42.1807], [13.3994, 42.2159], [13.4408, 42.2262], [13.4821, 42.2097], [13.4925, 42.1952], [13.4884, 42.1311], [13.478, 42.0897], [13.4594, 42.0524], [13.4449, 42.0193], [13.4428, 41.9966], [13.4428, 41.9821], [13.4449, 41.9676], [13.4346, 41.9386], [13.4263, 41.9221], [13.3994, 41.9221]]], [[[12.387, 42.2403], [12.3922, 42.2372], [12.387, 42.232], [12.3726, 42.2269], [12.355, 42.2176], [12.3405, 42.2093], [12.327, 42.2155], [12.3095, 42.2196], [12.2836, 42.2238], [12.2748, 42.2259], [12.2595, 42.2259], [12.2491, 42.2255], [12.2383, 42.2244], [12.2287, 42.2244], [12.2209, 42.2244], [12.2134, 42.2226], [12.2052, 42.2222], [12.2008, 42.2274], [12.1963, 42.2337], [12.1948, 42.2445], [12.1941, 42.2538], [12.1963, 42.2672], [12.1989, 42.2754], [12.2026, 42.2836], [12.2101, 42.2962], [12.21242, 42.30633], [12.22644, 42.29953], [12.23281, 42.29856], [12.24117, 42.29731], [12.24856, 42.29331], [12.25153, 42.2917], [12.26319, 42.29042], [12.2687, 42.28762], [12.275, 42.27997], [12.28533, 42.27345], [12.29942, 42.26961], [12.31756, 42.26917], [12.32967, 42.27475], [12.34136, 42.27458], [12.36003, 42.27], [12.36208, 42.27009], [12.36989, 42.27037], [12.3901, 42.2762], [12.3891, 42.2703], [12.385, 42.2569], [12.3839, 42.2486], [12.387, 42.2403]]], [[[11.319, 42.4848], [11.3334, 42.4724], [11.3376, 42.4476], [11.3355, 42.431], [11.3314, 42.4166], [11.32775, 42.4082], [11.32311, 42.40731], [11.30678, 42.40895], [11.29689, 42.40714], [11.29075, 42.40856], [11.28153, 42.41978], [11.27631, 42.42142], [11.27542, 42.42145], [11.26303, 42.42214], [11.25656, 42.41964], [11.24606, 42.42058], [11.21797, 42.41584], [11.21211, 42.41103], [11.21456, 42.40278], [11.20836, 42.39753], [11.2145, 42.39181], [11.21111, 42.38792], [11.19322, 42.38017], [11.18795, 42.36737], [11.18486, 42.36689], [11.17653, 42.37036], [11.1682, 42.36511], [11.16575, 42.36431], [11.15556, 42.361], [11.14881, 42.36995], [11.13403, 42.38303], [11.09983, 42.39314], [11.09489, 42.39659], [11.09336, 42.40139], [11.0875, 42.40848], [11.09108, 42.41267], [11.09122, 42.41284], [11.0905, 42.41403], [11.09047, 42.41408], [11.08383, 42.42498], [11.08567, 42.42886], [11.09308, 42.43367], [11.09464, 42.43984], [11.09833, 42.44328], [11.09958, 42.44739], [11.10669, 42.45198], [11.11225, 42.45036], [11.12117, 42.44256], [11.12981, 42.44231], [11.14183, 42.43864], [11.14708, 42.44092], [11.15758, 42.4377], [11.165, 42.44042], [11.17336, 42.45325], [11.18386, 42.46398], [11.19164, 42.48092], [11.19539, 42.50447], [11.18983, 42.52098], [11.18836, 42.52534], [11.18586, 42.52811], [11.2093, 42.5262], [11.2362, 42.5262], [11.2548, 42.5179], [11.2755, 42.4993], [11.2983, 42.491], [11.319, 42.4848]]], [[[12.5553, 42.4492], [12.5491, 42.4378], [12.5325, 42.4409], [12.516, 42.4461], [12.4984, 42.4513], [12.4818, 42.4595], [12.4704, 42.4678], [12.4539, 42.4782], [12.4466, 42.4947], [12.4477, 42.5133], [12.457, 42.5226], [12.4756, 42.5392], [12.4984, 42.5537], [12.5035, 42.562], [12.5046, 42.5826], [12.5139, 42.5889], [12.5273, 42.5847], [12.5294, 42.5671], [12.5346, 42.5547], [12.5522, 42.5413], [12.5687, 42.5309], [12.578, 42.5216], [12.5822, 42.5113], [12.5925, 42.5009], [12.5832, 42.4937], [12.5739, 42.4906], [12.5625, 42.4813], [12.5553, 42.4647], [12.5553, 42.4492]]], [[[12.56881, 44.08383], [12.58495, 44.08292], [12.58525, 44.08139], [12.58636, 44.07556], [12.59656, 44.06375], [12.59958, 44.06025], [12.62006, 44.04395], [12.62714, 44.03559], [12.63247, 44.03367], [12.6477, 44.02314], [12.66461, 44.01023], [12.68025, 43.99828], [12.6905, 43.99045], [12.72183, 43.97875], [12.71772, 43.97381], [12.71561, 43.97128], [12.70617, 43.96711], [12.70175, 43.96517], [12.70056, 43.96464], [12.69183, 43.95717], [12.69083, 43.95631], [12.68411, 43.95436], [12.68131, 43.94387], [12.67567, 43.93456], [12.66572, 43.9292], [12.64917, 43.92603], [12.64372, 43.92333], [12.63814, 43.9152], [12.63553, 43.91495], [12.62989, 43.91439], [12.62314, 43.91014], [12.61936, 43.91089], [12.61283, 43.91578], [12.60147, 43.91664], [12.5992, 43.91756], [12.58739, 43.92234], [12.58044, 43.92242], [12.571, 43.9303], [12.5617, 43.9397], [12.5483, 43.95], [12.5276, 43.9572], [12.51, 43.9655], [12.4914, 43.9759], [12.4762, 43.9804], [12.4534, 43.9876], [12.4317, 43.9938], [12.4121, 43.999], [12.3955, 44.0093], [12.3887, 44.01545], [12.39408, 44.02981], [12.40414, 44.03953], [12.40706, 44.0427], [12.41283, 44.04492], [12.41883, 44.04414], [12.42197, 44.04364], [12.4255, 44.04545], [12.42881, 44.04881], [12.43039, 44.05042], [12.43811, 44.06931], [12.43892, 44.0702], [12.44431, 44.07611], [12.44894, 44.07856], [12.44994, 44.07908], [12.45361, 44.08103], [12.45347, 44.08789], [12.45556, 44.09078], [12.45906, 44.09561], [12.45658, 44.11236], [12.45117, 44.12456], [12.45517, 44.13183], [12.45786, 44.14242], [12.45903, 44.14692], [12.47153, 44.14489], [12.48525, 44.14267], [12.49239, 44.13525], [12.55558, 44.08745], [12.56186, 44.08461], [12.56881, 44.08383]]], [[[15.0248, 40.5684], [15.0352, 40.5569], [15.0486, 40.5383], [15.0693, 40.5228], [15.1076, 40.4969], [15.1303, 40.4804], [15.149, 40.4648], [15.1541, 40.4503], [15.1531, 40.4307], [15.1448, 40.4224], [15.1241, 40.4079], [15.1159, 40.4007], [15.1138, 40.3852], [15.1086, 40.3583], [15.0983, 40.3521], [15.0921, 40.3221], [15.0859, 40.3014], [15.0714, 40.2941], [15.0579, 40.2807], [15.0372, 40.2579], [15.0176, 40.2404], [15.0021, 40.2248], [14.98947, 40.216], [14.98572, 40.21797], [14.97306, 40.21878], [14.96908, 40.21906], [14.9552, 40.23031], [14.93895, 40.23275], [14.93183, 40.22867], [14.92794, 40.22836], [14.90161, 40.24603], [14.89945, 40.24978], [14.90375, 40.25647], [14.92611, 40.27122], [14.93811, 40.282], [14.93911, 40.29144], [14.94108, 40.3105], [14.9337, 40.32131], [14.93861, 40.32845], [14.93742, 40.33331], [14.93978, 40.33756], [14.9462, 40.34], [14.95722, 40.34425], [14.96775, 40.3457], [14.97225, 40.35056], [14.97767, 40.35128], [14.98436, 40.35789], [14.99081, 40.36064], [14.99495, 40.36506], [14.99614, 40.37897], [14.99406, 40.38889], [14.98811, 40.41292], [14.96928, 40.44661], [14.93961, 40.48386], [14.94861, 40.48444], [14.95317, 40.48567], [14.95033, 40.48784], [14.93861, 40.48711], [14.93256, 40.49078], [14.9451, 40.5053], [14.9668, 40.5209], [14.9948, 40.5374], [15.0248, 40.5684]]], [[[15.7575, 40.8967], [15.7592, 40.8733], [15.7558, 40.8517], [15.7342, 40.7883], [15.7042, 40.755], [15.6542, 40.7567], [15.6008, 40.7717], [15.5542, 40.795], [15.5108, 40.82], [15.48628, 40.89439], [15.50306, 40.90561], [15.50583, 40.90653], [15.51778, 40.91047], [15.52342, 40.91234], [15.52931, 40.9185], [15.53211, 40.92489], [15.54481, 40.95381], [15.55956, 40.96581], [15.564, 40.97272], [15.56717, 40.99961], [15.55667, 41.02161], [15.55728, 41.02489], [15.55817, 41.02956], [15.55517, 41.03403], [15.54742, 41.03986], [15.53906, 41.05764], [15.53975, 41.07136], [15.53789, 41.07509], [15.54056, 41.07864], [15.54064, 41.07869], [15.54889, 41.08342], [15.55125, 41.08478], [15.5545, 41.08664], [15.57181, 41.09659], [15.57983, 41.09875], [15.59772, 41.09961], [15.62069, 41.09842], [15.62364, 41.09828], [15.63375, 41.09211], [15.64336, 41.09514], [15.71108, 41.09106], [15.71756, 41.09261], [15.72483, 41.101], [15.73167, 41.10322], [15.74753, 41.10117], [15.75619, 41.09572], [15.76283, 41.09567], [15.76511, 41.09372], [15.76622, 41.08842], [15.77258, 41.08859], [15.78081, 41.0935], [15.78836, 41.09231], [15.79619, 41.09281], [15.79828, 41.09661], [15.79272, 41.10695], [15.796, 41.11003], [15.80153, 41.11114], [15.80547, 41.11922], [15.81281, 41.11247], [15.8174, 41.1015], [15.8277, 41.0963], [15.8587, 41.086], [15.8887, 41.0632], [15.9084, 41.0529], [15.9363, 41.0456], [15.9715, 41.0353], [15.9943, 41.0156], [16.0139, 40.9856], [16.0118, 40.9504], [15.9994, 40.9225], [15.9767, 40.8956], [15.9643, 40.8853], [15.9542, 40.8783], [15.8792, 40.8783], [15.8208, 40.8817], [15.7725, 40.9117], [15.7575, 40.8967]]], [[[14.5414, 41.127], [14.5538, 41.1012], [14.5487, 41.0794], [14.5383, 41.0598], [14.5218, 41.0548], [14.5044, 41.0571], [14.4945, 41.062], [14.4708, 41.0765], [14.4566, 41.0929], [14.45069, 41.10706], [14.44406, 41.11825], [14.44303, 41.11856], [14.43869, 41.11984], [14.4265, 41.12339], [14.42042, 41.12839], [14.41861, 41.13372], [14.41967, 41.13667], [14.42614, 41.13875], [14.43142, 41.15231], [14.43617, 41.15653], [14.4435, 41.15789], [14.45283, 41.15692], [14.45547, 41.16644], [14.46364, 41.17189], [14.4752, 41.1674], [14.4897, 41.1591], [14.5052, 41.1508], [14.5249, 41.1394], [14.5414, 41.127]]], [[[14.7032, 41.2903], [14.7342, 41.2944], [14.759, 41.313], [14.7756, 41.3337], [14.7859, 41.3275], [14.8087, 41.3234], [14.819, 41.3089], [14.8356, 41.2923], [14.8563, 41.2737], [14.8708, 41.2737], [14.9018, 41.2654], [14.908, 41.2489], [14.9163, 41.2282], [14.908, 41.1951], [14.8894, 41.1682], [14.8749, 41.1496], [14.8708, 41.1103], [14.8687, 41.0834], [14.8687, 41.0606], [14.8728, 41.0482], [14.8728, 41.0379], [14.8873, 41.0151], [14.8997, 41.0048], [14.8997, 40.982], [14.8687, 40.9758], [14.8501, 40.9696], [14.8025, 40.951], [14.7797, 40.951], [14.7735, 40.9737], [14.7508, 41.0048], [14.7425, 41.0275], [14.7322, 41.0503], [14.7239, 41.0772], [14.7053, 41.0999], [14.6887, 41.1144], [14.6742, 41.1185], [14.668, 41.131], [14.6742, 41.1641], [14.6701, 41.1951], [14.6618, 41.2096], [14.6639, 41.2427], [14.6473, 41.253], [14.6473, 41.2737], [14.6722, 41.2841], [14.7032, 41.2903]]], [[[14.1717, 41.1777], [14.1572, 41.1684], [14.1407, 41.1695], [14.1262, 41.1798], [14.1148, 41.1819], [14.0952, 41.1746], [14.0859, 41.1819], [14.0848, 41.1922], [14.0931, 41.1995], [14.1076, 41.2077], [14.12, 41.2202], [14.1324, 41.2264], [14.1428, 41.2202], [14.1624, 41.2046], [14.1728, 41.1902], [14.1717, 41.1777]]], [[[14.0493, 41.4167], [14.0824, 41.4126], [14.10294, 41.41439], [14.10494, 41.40586], [14.11106, 41.3947], [14.10836, 41.38906], [14.0907, 41.3816], [14.0618, 41.361], [14.0369, 41.3465], [14.0183, 41.3196], [13.9997, 41.2885], [13.979, 41.2596], [13.9748, 41.2458], [13.9687, 41.2244], [13.9645, 41.1913], [13.9624, 41.181], [13.9438, 41.1706], [13.9066, 41.1768], [13.8838, 41.1954], [13.8569, 41.2265], [13.84614, 41.24261], [13.84467, 41.24997], [13.84856, 41.2627], [13.84761, 41.27486], [13.8443, 41.2858], [13.8391, 41.2952], [13.8247, 41.3014], [13.7988, 41.3096], [13.7802, 41.3169], [13.7626, 41.3324], [13.7502, 41.3552], [13.7202, 41.38], [13.7047, 41.3852], [13.6819, 41.3852], [13.6612, 41.3893], [13.6291, 41.3862], [13.6167, 41.3893], [13.6126, 41.4017], [13.6209, 41.4193], [13.6395, 41.4193], [13.6436, 41.4296], [13.6509, 41.4327], [13.6716, 41.4379], [13.6871, 41.4452], [13.7026, 41.4503], [13.7285, 41.4524], [13.7491, 41.4524], [13.775, 41.4452], [13.8029, 41.441], [13.8236, 41.4338], [13.83075, 41.43214], [13.83695, 41.42786], [13.84508, 41.4265], [13.84858, 41.42322], [13.85486, 41.42122], [13.8615, 41.4137], [13.8786, 41.4219], [13.9034, 41.4271], [13.9406, 41.4271], [14.0027, 41.4219], [14.0493, 41.4167]]], [[[15.32958, 41.45075], [15.32733, 41.45147], [15.32067, 41.45361], [15.31489, 41.45339], [15.30817, 41.44861], [15.30306, 41.4495], [15.29958, 41.44781], [15.29717, 41.44356], [15.29189, 41.4417], [15.28172, 41.43111], [15.27328, 41.42753], [15.26447, 41.432], [15.25878, 41.43314], [15.23372, 41.43139], [15.22083, 41.43417], [15.21225, 41.43314], [15.20031, 41.43153], [15.16858, 41.42061], [15.15717, 41.41347], [15.14975, 41.41169], [15.14583, 41.41208], [15.12789, 41.421], [15.12306, 41.42611], [15.12247, 41.42672], [15.0959, 41.4322], [15.0876, 41.4581], [15.0783, 41.4839], [15.0721, 41.4994], [15.0649, 41.515], [15.0587, 41.5243], [15.0628, 41.5315], [15.0701, 41.5305], [15.0918, 41.5439], [15.1073, 41.547], [15.1249, 41.5543], [15.1414, 41.5553], [15.15725, 41.56083], [15.16422, 41.56514], [15.20247, 41.57214], [15.20689, 41.57428], [15.214, 41.58019], [15.22203, 41.59522], [15.23817, 41.60422], [15.25192, 41.61792], [15.25886, 41.62153], [15.27533, 41.62158], [15.28325, 41.62608], [15.28711, 41.62681], [15.29222, 41.62778], [15.31125, 41.64103], [15.3185, 41.64622], [15.3455, 41.644], [15.3505, 41.64153], [15.3595, 41.63083], [15.3569, 41.6193], [15.3517, 41.6038], [15.3517, 41.5924], [15.3528, 41.579], [15.3579, 41.5645], [15.3631, 41.5386], [15.3734, 41.521], [15.3786, 41.5076], [15.3817, 41.4859], [15.3755, 41.4683], [15.36789, 41.45931], [15.35661, 41.45469], [15.34775, 41.45392], [15.33747, 41.45044], [15.32958, 41.45075]]], [[[13.6466, 41.8021], [13.6632, 41.7897], [13.6704, 41.7773], [13.6694, 41.77], [13.6684, 41.7607], [13.6663, 41.7442], [13.6652, 41.7338], [13.6621, 41.7204], [13.658, 41.7028], [13.6456, 41.6831], [13.6404, 41.6697], [13.627, 41.6707], [13.6156, 41.6821], [13.6063, 41.6842], [13.597, 41.6759], [13.5877, 41.6676], [13.5732, 41.6697], [13.5649, 41.6759], [13.5608, 41.6883], [13.5618, 41.708], [13.5649, 41.7276], [13.5773, 41.7514], [13.5866, 41.7731], [13.5908, 41.7814], [13.599, 41.7907], [13.6094, 41.8042], [13.6218, 41.8114], [13.6342, 41.8124], [13.6466, 41.8021]]], [[[14.06933, 42.61209], [14.07706, 42.59925], [14.08658, 42.59167], [14.11361, 42.56342], [14.13714, 42.54508], [14.14147, 42.539], [14.1455, 42.53317], [14.13992, 42.52989], [14.13433, 42.52661], [14.13172, 42.52339], [14.1307, 42.52214], [14.11978, 42.51436], [14.11339, 42.50981], [14.10822, 42.49964], [14.09811, 42.49486], [14.09253, 42.48545], [14.09236, 42.48517], [14.08667, 42.47639], [14.0715, 42.4695], [14.06286, 42.46334], [14.0509, 42.4653], [14.0364, 42.4715], [14.0209, 42.4849], [14.0033, 42.4942], [13.9702, 42.5066], [13.9392, 42.5035], [13.8988, 42.5097], [13.874, 42.5097], [13.8595, 42.5211], [13.8471, 42.5366], [13.8357, 42.5553], [13.8181, 42.5697], [13.7995, 42.5697], [13.7695, 42.5728], [13.753, 42.5811], [13.7447, 42.5925], [13.725, 42.6018], [13.7168, 42.608], [13.70814, 42.61467], [13.70856, 42.61528], [13.71081, 42.61872], [13.71458, 42.62034], [13.71994, 42.62261], [13.72922, 42.62223], [13.73231, 42.62208], [13.74331, 42.61883], [13.7555, 42.61756], [13.76333, 42.61672], [13.78106, 42.61789], [13.79014, 42.62061], [13.80161, 42.62767], [13.80758, 42.62958], [13.817, 42.62761], [13.82508, 42.62592], [13.82917, 42.62767], [13.83569, 42.62795], [13.84025, 42.62575], [13.87272, 42.62492], [13.876, 42.62414], [13.87914, 42.62339], [13.89531, 42.62481], [13.90583, 42.63117], [13.9365, 42.6315], [13.94539, 42.63561], [13.9602, 42.63453], [13.97117, 42.63745], [13.97275, 42.63786], [13.99261, 42.65131], [13.99797, 42.65322], [14.01395, 42.65359], [14.01628, 42.65364], [14.02481, 42.6575], [14.03053, 42.66011], [14.0375, 42.65695], [14.04628, 42.64158], [14.05745, 42.62203], [14.06211, 42.61617], [14.06933, 42.61209]]]]}}, {"type": "Feature", "properties": {"Index": 24, "Name": "Roman Latin Colony", "FromYear": -264.5, "ToYear": -263.5, "Area": 6180.8, "Type": "POLITY", "References": "", "MemberOf": "", "ColorR": 248, "ColorG": 192, "ColorB": 16, "Generated": "2026-08-16"}, "geometry": {"type": "MultiPolygon", "coordinates": [[[[12.94189, 40.89925], [12.93897, 40.90294], [12.94222, 40.91], [12.9475, 40.91539], [12.94797, 40.92064], [12.95408, 40.92222], [12.95797, 40.9232], [12.96383, 40.92792], [12.96611, 40.93267], [12.97117, 40.9312], [12.98461, 40.93759], [12.993, 40.93606], [12.99653, 40.93281], [12.98853, 40.92789], [12.97794, 40.92628], [12.97325, 40.92064], [12.96814, 40.9205], [12.96589, 40.91664], [12.96656, 40.90864], [12.96197, 40.90642], [12.96136, 40.89661], [12.96433, 40.89539], [12.96917, 40.896], [12.97064, 40.89436], [12.96125, 40.88264], [12.95025, 40.87803], [12.94753, 40.88748], [12.95194, 40.89403], [12.94906, 40.89797], [12.94189, 40.89925]]], [[[13.08053, 41.2253], [13.06406, 41.22106], [13.04786, 41.22547], [13.03836, 41.23161], [13.03239, 41.24339], [13.03219, 41.24939], [13.03194, 41.25736], [13.02122, 41.27245], [13.00342, 41.30345], [13.0089, 41.3093], [13.0201, 41.3115], [13.0339, 41.3141], [13.0446, 41.3175], [13.0577, 41.3212], [13.0681, 41.3242], [13.0707, 41.3179], [13.0748, 41.3112], [13.0897, 41.3059], [13.1049, 41.3026], [13.1165, 41.303], [13.1237, 41.30297], [13.12997, 41.29139], [13.13761, 41.28417], [13.14061, 41.27495], [13.1422, 41.27295], [13.14817, 41.26542], [13.11495, 41.24981], [13.10636, 41.23784], [13.09203, 41.22508], [13.08053, 41.2253]]], [[[13.5903, 41.5079], [13.5666, 41.4935], [13.5469, 41.4779], [13.5376, 41.4666], [13.5159, 41.4717], [13.4848, 41.4769], [13.46, 41.4821], [13.4414, 41.4945], [13.4352, 41.5162], [13.4352, 41.539], [13.4517, 41.5493], [13.4755, 41.5628], [13.5066, 41.5772], [13.519, 41.5866], [13.5407, 41.5886], [13.5666, 41.5897], [13.5934, 41.5938], [13.6152, 41.5835], [13.6348, 41.5731], [13.6297, 41.5514], [13.6183, 41.5286], [13.6059, 41.5203], [13.5903, 41.5079]]], [[[12.48978, 41.6215], [12.50259, 41.62203], [12.50814, 41.62492], [12.51256, 41.63059], [12.51561, 41.63122], [12.51628, 41.63419], [12.51269, 41.63744], [12.51139, 41.64594], [12.51453, 41.64956], [12.5158, 41.6558], [12.5183, 41.6633], [12.5233, 41.6658], [12.5267, 41.6708], [12.5267, 41.6767], [12.5292, 41.685], [12.5317, 41.6917], [12.5308, 41.6967], [12.5375, 41.7], [12.5467, 41.7008], [12.5575, 41.7033], [12.5642, 41.7033], [12.575, 41.705], [12.5875, 41.7], [12.5908, 41.695], [12.595, 41.6883], [12.6, 41.6808], [12.6058, 41.6708], [12.6142, 41.665], [12.6242, 41.6558], [12.6367, 41.6517], [12.6475, 41.6442], [12.6525, 41.6367], [12.6542, 41.625], [12.655, 41.605], [12.6567, 41.5925], [12.6617, 41.5833], [12.6667, 41.5775], [12.6467, 41.565], [12.6292, 41.5583], [12.62, 41.5417], [12.61, 41.5283], [12.5958, 41.5217], [12.5817, 41.5133], [12.57411, 41.51045], [12.52967, 41.55822], [12.50881, 41.57636], [12.50464, 41.58033], [12.48445, 41.60167], [12.48978, 41.6215]]], [[[13.3994, 41.9221], [13.389, 41.9345], [13.3684, 41.9552], [13.3539, 41.9676], [13.3456, 41.9738], [13.3373, 41.9966], [13.3228, 42.0235], [13.2897, 42.0483], [13.2628, 42.0628], [13.2318, 42.0628], [13.2173, 42.0607], [13.1966, 42.0462], [13.1801, 42.0338], [13.1635, 42.038], [13.147, 42.0297], [13.1449, 42.0152], [13.1139, 42.0255], [13.089, 42.0317], [13.0684, 42.0359], [13.058, 42.0545], [13.0352, 42.0669], [13.0042, 42.0938], [12.9939, 42.1228], [13.0166, 42.1435], [13.0497, 42.1497], [13.0952, 42.1642], [13.1325, 42.1559], [13.1656, 42.1497], [13.2008, 42.1435], [13.2318, 42.1435], [13.2877, 42.1435], [13.3456, 42.1621], [13.3787, 42.1807], [13.3994, 42.2159], [13.4408, 42.2262], [13.4821, 42.2097], [13.4925, 42.1952], [13.4884, 42.1311], [13.478, 42.0897], [13.4594, 42.0524], [13.4449, 42.0193], [13.4428, 41.9966], [13.4428, 41.9821], [13.4449, 41.9676], [13.4346, 41.9386], [13.4263, 41.9221], [13.3994, 41.9221]]], [[[12.3922, 42.2372], [12.387, 42.232], [12.3726, 42.2269], [12.355, 42.2176], [12.3405, 42.2093], [12.327, 42.2155], [12.3095, 42.2196], [12.2836, 42.2238], [12.2748, 42.2259], [12.2595, 42.2259], [12.2491, 42.2255], [12.2383, 42.2244], [12.2287, 42.2244], [12.2209, 42.2244], [12.2134, 42.2226], [12.2052, 42.2222], [12.2008, 42.2274], [12.1963, 42.2337], [12.1948, 42.2445], [12.1941, 42.2538], [12.1963, 42.2672], [12.1989, 42.2754], [12.2026, 42.2836], [12.2101, 42.2962], [12.21242, 42.30633], [12.22644, 42.29953], [12.23281, 42.29856], [12.24117, 42.29731], [12.24856, 42.29331], [12.25153, 42.2917], [12.26319, 42.29042], [12.2687, 42.28762], [12.275, 42.27997], [12.28533, 42.27345], [12.29942, 42.26961], [12.31756, 42.26917], [12.32967, 42.27475], [12.34136, 42.27458], [12.36003, 42.27], [12.36208, 42.27009], [12.36989, 42.27037], [12.3901, 42.2762], [12.3891, 42.2703], [12.385, 42.2569], [12.3839, 42.2486], [12.387, 42.2403], [12.3922, 42.2372]]], [[[11.2983, 42.491], [11.319, 42.4848], [11.3334, 42.4724], [11.3376, 42.4476], [11.3355, 42.431], [11.3314, 42.4166], [11.32775, 42.4082], [11.32311, 42.40731], [11.30678, 42.40895], [11.29689, 42.40714], [11.29075, 42.40856], [11.28153, 42.41978], [11.27631, 42.42142], [11.27542, 42.42145], [11.26303, 42.42214], [11.25656, 42.41964], [11.24606, 42.42058], [11.21797, 42.41584], [11.21211, 42.41103], [11.21456, 42.40278], [11.20836, 42.39753], [11.2145, 42.39181], [11.21111, 42.38792], [11.19322, 42.38017], [11.18795, 42.36737], [11.18486, 42.36689], [11.17653, 42.37036], [11.1682, 42.36511], [11.16575, 42.36431], [11.15556, 42.361], [11.14881, 42.36995], [11.13403, 42.38303], [11.09983, 42.39314], [11.09489, 42.39659], [11.09336, 42.40139], [11.0875, 42.40848], [11.09108, 42.41267], [11.09122, 42.41284], [11.0905, 42.41403], [11.09047, 42.41408], [11.08383, 42.42498], [11.08567, 42.42886], [11.09308, 42.43367], [11.09464, 42.43984], [11.09833, 42.44328], [11.09958, 42.44739], [11.10669, 42.45198], [11.11225, 42.45036], [11.12117, 42.44256], [11.12981, 42.44231], [11.14183, 42.43864], [11.14708, 42.44092], [11.15758, 42.4377], [11.165, 42.44042], [11.17336, 42.45325], [11.18386, 42.46398], [11.19164, 42.48092], [11.19539, 42.50447], [11.18983, 42.52098], [11.18836, 42.52534], [11.18586, 42.52811], [11.2093, 42.5262], [11.2362, 42.5262], [11.2548, 42.5179], [11.2755, 42.4993], [11.2983, 42.491]]], [[[12.5553, 42.4492], [12.5491, 42.4378], [12.5325, 42.4409], [12.516, 42.4461], [12.4984, 42.4513], [12.4818, 42.4595], [12.4704, 42.4678], [12.4539, 42.4782], [12.4466, 42.4947], [12.4477, 42.5133], [12.457, 42.5226], [12.4756, 42.5392], [12.4984, 42.5537], [12.5035, 42.562], [12.5046, 42.5826], [12.5139, 42.5889], [12.5273, 42.5847], [12.5294, 42.5671], [12.5346, 42.5547], [12.5522, 42.5413], [12.5687, 42.5309], [12.578, 42.5216], [12.5822, 42.5113], [12.5925, 42.5009], [12.5832, 42.4937], [12.5739, 42.4906], [12.5625, 42.4813], [12.5553, 42.4647], [12.5553, 42.4492]]], [[[12.58495, 44.08292], [12.58525, 44.08139], [12.58636, 44.07556], [12.59656, 44.06375], [12.59958, 44.06025], [12.62006, 44.04395], [12.62714, 44.03559], [12.63247, 44.03367], [12.6477, 44.02314], [12.66461, 44.01023], [12.68025, 43.99828], [12.6905, 43.99045], [12.72183, 43.97875], [12.71772, 43.97381], [12.71561, 43.97128], [12.70617, 43.96711], [12.70175, 43.96517], [12.70056, 43.96464], [12.69183, 43.95717], [12.69083, 43.95631], [12.68411, 43.95436], [12.68131, 43.94387], [12.67567, 43.93456], [12.66572, 43.9292], [12.64917, 43.92603], [12.64372, 43.92333], [12.63814, 43.9152], [12.63553, 43.91495], [12.62989, 43.91439], [12.62314, 43.91014], [12.61936, 43.91089], [12.61283, 43.91578], [12.60147, 43.91664], [12.5992, 43.91756], [12.58739, 43.92234], [12.58044, 43.92242], [12.571, 43.9303], [12.5617, 43.9397], [12.5483, 43.95], [12.5276, 43.9572], [12.51, 43.9655], [12.4914, 43.9759], [12.4762, 43.9804], [12.4534, 43.9876], [12.4317, 43.9938], [12.4121, 43.999], [12.3955, 44.0093], [12.3887, 44.01545], [12.39408, 44.02981], [12.40414, 44.03953], [12.40706, 44.0427], [12.41283, 44.04492], [12.41883, 44.04414], [12.42197, 44.04364], [12.4255, 44.04545], [12.42881, 44.04881], [12.43039, 44.05042], [12.43811, 44.06931], [12.43892, 44.0702], [12.44431, 44.07611], [12.44894, 44.07856], [12.44994, 44.07908], [12.45361, 44.08103], [12.45347, 44.08789], [12.45556, 44.09078], [12.45906, 44.09561], [12.45658, 44.11236], [12.45117, 44.12456], [12.45517, 44.13183], [12.45786, 44.14242], [12.45903, 44.14692], [12.47153, 44.14489], [12.48525, 44.14267], [12.49239, 44.13525], [12.55558, 44.08745], [12.56186, 44.08461], [12.56881, 44.08383], [12.58495, 44.08292]]], [[[15.0248, 40.5684], [15.0352, 40.5569], [15.0486, 40.5383], [15.0693, 40.5228], [15.1076, 40.4969], [15.1303, 40.4804], [15.149, 40.4648], [15.1541, 40.4503], [15.1531, 40.4307], [15.1448, 40.4224], [15.1241, 40.4079], [15.1159, 40.4007], [15.1138, 40.3852], [15.1086, 40.3583], [15.0983, 40.3521], [15.0921, 40.3221], [15.0859, 40.3014], [15.0714, 40.2941], [15.0579, 40.2807], [15.0372, 40.2579], [15.0176, 40.2404], [15.0021, 40.2248], [14.98947, 40.216], [14.98572, 40.21797], [14.97306, 40.21878], [14.96908, 40.21906], [14.9552, 40.23031], [14.93895, 40.23275], [14.93183, 40.22867], [14.92794, 40.22836], [14.90161, 40.24603], [14.89945, 40.24978], [14.90375, 40.25647], [14.92611, 40.27122], [14.93811, 40.282], [14.93911, 40.29144], [14.94108, 40.3105], [14.9337, 40.32131], [14.93861, 40.32845], [14.93742, 40.33331], [14.93978, 40.33756], [14.9462, 40.34], [14.95722, 40.34425], [14.96775, 40.3457], [14.97225, 40.35056], [14.97767, 40.35128], [14.98436, 40.35789], [14.99081, 40.36064], [14.99495, 40.36506], [14.99614, 40.37897], [14.99406, 40.38889], [14.98811, 40.41292], [14.96928, 40.44661], [14.93961, 40.48386], [14.94861, 40.48444], [14.95317, 40.48567], [14.95033, 40.48784], [14.93861, 40.48711], [14.93256, 40.49078], [14.9451, 40.5053], [14.9668, 40.5209], [14.9948, 40.5374], [15.0248, 40.5684]]], [[[15.7575, 40.8967], [15.7592, 40.8733], [15.7558, 40.8517], [15.7342, 40.7883], [15.7042, 40.755], [15.6542, 40.7567], [15.6008, 40.7717], [15.5542, 40.795], [15.5108, 40.82], [15.48628, 40.89439], [15.50306, 40.90561], [15.50583, 40.90653], [15.51778, 40.91047], [15.52342, 40.91234], [15.52931, 40.9185], [15.53211, 40.92489], [15.54481, 40.95381], [15.55956, 40.96581], [15.564, 40.97272], [15.56717, 40.99961], [15.55667, 41.02161], [15.55728, 41.02489], [15.55817, 41.02956], [15.55517, 41.03403], [15.54742, 41.03986], [15.53906, 41.05764], [15.53975, 41.07136], [15.53789, 41.07509], [15.54056, 41.07864], [15.54064, 41.07869], [15.54889, 41.08342], [15.55125, 41.08478], [15.5545, 41.08664], [15.57181, 41.09659], [15.57983, 41.09875], [15.59772, 41.09961], [15.62069, 41.09842], [15.62364, 41.09828], [15.63375, 41.09211], [15.64336, 41.09514], [15.71108, 41.09106], [15.71756, 41.09261], [15.72483, 41.101], [15.73167, 41.10322], [15.74753, 41.10117], [15.75619, 41.09572], [15.76283, 41.09567], [15.76511, 41.09372], [15.76622, 41.08842], [15.77258, 41.08859], [15.78081, 41.0935], [15.78836, 41.09231], [15.79619, 41.09281], [15.79828, 41.09661], [15.79272, 41.10695], [15.796, 41.11003], [15.80153, 41.11114], [15.80547, 41.11922], [15.81281, 41.11247], [15.8174, 41.1015], [15.8277, 41.0963], [15.8587, 41.086], [15.8887, 41.0632], [15.9084, 41.0529], [15.9363, 41.0456], [15.9715, 41.0353], [15.9943, 41.0156], [16.0139, 40.9856], [16.0118, 40.9504], [15.9994, 40.9225], [15.9767, 40.8956], [15.9643, 40.8853], [15.9542, 40.8783], [15.8792, 40.8783], [15.8208, 40.8817], [15.7725, 40.9117], [15.7575, 40.8967]]], [[[14.5249, 41.1394], [14.5414, 41.127], [14.5538, 41.1012], [14.5487, 41.0794], [14.5383, 41.0598], [14.5218, 41.0548], [14.5044, 41.0571], [14.4945, 41.062], [14.4708, 41.0765], [14.4566, 41.0929], [14.45069, 41.10706], [14.44406, 41.11825], [14.44303, 41.11856], [14.43869, 41.11984], [14.4265, 41.12339], [14.42042, 41.12839], [14.41861, 41.13372], [14.41967, 41.13667], [14.42614, 41.13875], [14.43142, 41.15231], [14.43617, 41.15653], [14.4435, 41.15789], [14.45283, 41.15692], [14.45547, 41.16644], [14.46364, 41.17189], [14.4752, 41.1674], [14.4897, 41.1591], [14.5052, 41.1508], [14.5249, 41.1394]]], [[[14.7032, 41.2903], [14.7342, 41.2944], [14.759, 41.313], [14.7756, 41.3337], [14.7859, 41.3275], [14.8087, 41.3234], [14.819, 41.3089], [14.8356, 41.2923], [14.8563, 41.2737], [14.8708, 41.2737], [14.9018, 41.2654], [14.908, 41.2489], [14.9163, 41.2282], [14.908, 41.1951], [14.8894, 41.1682], [14.8749, 41.1496], [14.8708, 41.1103], [14.8687, 41.0834], [14.8687, 41.0606], [14.8728, 41.0482], [14.8728, 41.0379], [14.8873, 41.0151], [14.8997, 41.0048], [14.8997, 40.982], [14.8687, 40.9758], [14.8501, 40.9696], [14.8025, 40.951], [14.7797, 40.951], [14.7735, 40.9737], [14.7508, 41.0048], [14.7425, 41.0275], [14.7322, 41.0503], [14.7239, 41.0772], [14.7053, 41.0999], [14.6887, 41.1144], [14.6742, 41.1185], [14.668, 41.131], [14.6742, 41.1641], [14.6701, 41.1951], [14.6618, 41.2096], [14.6639, 41.2427], [14.6473, 41.253], [14.6473, 41.2737], [14.6722, 41.2841], [14.7032, 41.2903]]], [[[14.1572, 41.1684], [14.1407, 41.1695], [14.1262, 41.1798], [14.1148, 41.1819], [14.0952, 41.1746], [14.0859, 41.1819], [14.0848, 41.1922], [14.0931, 41.1995], [14.1076, 41.2077], [14.12, 41.2202], [14.1324, 41.2264], [14.1428, 41.2202], [14.1624, 41.2046], [14.1728, 41.1902], [14.1717, 41.1777], [14.1572, 41.1684]]], [[[14.0027, 41.4219], [14.0493, 41.4167], [14.0824, 41.4126], [14.10294, 41.41439], [14.10494, 41.40586], [14.11106, 41.3947], [14.10836, 41.38906], [14.0907, 41.3816], [14.0618, 41.361], [14.0369, 41.3465], [14.0183, 41.3196], [13.9997, 41.2885], [13.979, 41.2596], [13.9748, 41.2458], [13.9687, 41.2244], [13.9645, 41.1913], [13.9624, 41.181], [13.9438, 41.1706], [13.9066, 41.1768], [13.8838, 41.1954], [13.8569, 41.2265], [13.84614, 41.24261], [13.84467, 41.24997], [13.84856, 41.2627], [13.84761, 41.27486], [13.8443, 41.2858], [13.8391, 41.2952], [13.8247, 41.3014], [13.7988, 41.3096], [13.7802, 41.3169], [13.7626, 41.3324], [13.7502, 41.3552], [13.7202, 41.38], [13.7047, 41.3852], [13.6819, 41.3852], [13.6612, 41.3893], [13.6291, 41.3862], [13.6167, 41.3893], [13.6126, 41.4017], [13.6209, 41.4193], [13.6395, 41.4193], [13.6436, 41.4296], [13.6509, 41.4327], [13.6716, 41.4379], [13.6871, 41.4452], [13.7026, 41.4503], [13.7285, 41.4524], [13.7491, 41.4524], [13.775, 41.4452], [13.8029, 41.441], [13.8236, 41.4338], [13.83075, 41.43214], [13.83695, 41.42786], [13.84508, 41.4265], [13.84858, 41.42322], [13.85486, 41.42122], [13.8615, 41.4137], [13.8786, 41.4219], [13.9034, 41.4271], [13.9406, 41.4271], [14.0027, 41.4219]]], [[[15.32733, 41.45147], [15.32067, 41.45361], [15.31489, 41.45339], [15.30817, 41.44861], [15.30306, 41.4495], [15.29958, 41.44781], [15.29717, 41.44356], [15.29189, 41.4417], [15.28172, 41.43111], [15.27328, 41.42753], [15.26447, 41.432], [15.25878, 41.43314], [15.23372, 41.43139], [15.22083, 41.43417], [15.21225, 41.43314], [15.20031, 41.43153], [15.16858, 41.42061], [15.15717, 41.41347], [15.14975, 41.41169], [15.14583, 41.41208], [15.12789, 41.421], [15.12306, 41.42611], [15.12247, 41.42672], [15.0959, 41.4322], [15.0876, 41.4581], [15.0783, 41.4839], [15.0721, 41.4994], [15.0649, 41.515], [15.0587, 41.5243], [15.0628, 41.5315], [15.0701, 41.5305], [15.0918, 41.5439], [15.1073, 41.547], [15.1249, 41.5543], [15.1414, 41.5553], [15.15725, 41.56083], [15.16422, 41.56514], [15.20247, 41.57214], [15.20689, 41.57428], [15.214, 41.58019], [15.22203, 41.59522], [15.23817, 41.60422], [15.25192, 41.61792], [15.25886, 41.62153], [15.27533, 41.62158], [15.28325, 41.62608], [15.28711, 41.62681], [15.29222, 41.62778], [15.31125, 41.64103], [15.3185, 41.64622], [15.3455, 41.644], [15.3505, 41.64153], [15.3595, 41.63083], [15.3569, 41.6193], [15.3517, 41.6038], [15.3517, 41.5924], [15.3528, 41.579], [15.3579, 41.5645], [15.3631, 41.5386], [15.3734, 41.521], [15.3786, 41.5076], [15.3817, 41.4859], [15.3755, 41.4683], [15.36789, 41.45931], [15.35661, 41.45469], [15.34775, 41.45392], [15.33747, 41.45044], [15.32958, 41.45075], [15.32733, 41.45147]]], [[[13.6342, 41.8124], [13.6466, 41.8021], [13.6632, 41.7897], [13.6704, 41.7773], [13.6694, 41.77], [13.6684, 41.7607], [13.6663, 41.7442], [13.6652, 41.7338], [13.6621, 41.7204], [13.658, 41.7028], [13.6456, 41.6831], [13.6404, 41.6697], [13.627, 41.6707], [13.6156, 41.6821], [13.6063, 41.6842], [13.597, 41.6759], [13.5877, 41.6676], [13.5732, 41.6697], [13.5649, 41.6759], [13.5608, 41.6883], [13.5618, 41.708], [13.5649, 41.7276], [13.5773, 41.7514], [13.5866, 41.7731], [13.5908, 41.7814], [13.599, 41.7907], [13.6094, 41.8042], [13.6218, 41.8114], [13.6342, 41.8124]]], [[[14.06933, 42.61209], [14.07706, 42.59925], [14.08658, 42.59167], [14.11361, 42.56342], [14.13714, 42.54508], [14.14147, 42.539], [14.1455, 42.53317], [14.13992, 42.52989], [14.13433, 42.52661], [14.13172, 42.52339], [14.1307, 42.52214], [14.11978, 42.51436], [14.11339, 42.50981], [14.10822, 42.49964], [14.09811, 42.49486], [14.09253, 42.48545], [14.09236, 42.48517], [14.08667, 42.47639], [14.0715, 42.4695], [14.06286, 42.46334], [14.0509, 42.4653], [14.0364, 42.4715], [14.0209, 42.4849], [14.0033, 42.4942], [13.9702, 42.5066], [13.9392, 42.5035], [13.8988, 42.5097], [13.874, 42.5097], [13.8595, 42.5211], [13.8471, 42.5366], [13.8357, 42.5553], [13.8181, 42.5697], [13.7995, 42.5697], [13.7695, 42.5728], [13.753, 42.5811], [13.7447, 42.5925], [13.725, 42.6018], [13.7168, 42.608], [13.70814, 42.61467], [13.70856, 42.61528], [13.71081, 42.61872], [13.71458, 42.62034], [13.71994, 42.62261], [13.72922, 42.62223], [13.73231, 42.62208], [13.74331, 42.61883], [13.7555, 42.61756], [13.76333, 42.61672], [13.78106, 42.61789], [13.79014, 42.62061], [13.80161, 42.62767], [13.80758, 42.62958], [13.817, 42.62761], [13.82508, 42.62592], [13.82917, 42.62767], [13.83569, 42.62795], [13.84025, 42.62575], [13.87272, 42.62492], [13.876, 42.62414], [13.87914, 42.62339], [13.89531, 42.62481], [13.90583, 42.63117], [13.9365, 42.6315], [13.94539, 42.63561], [13.9602, 42.63453], [13.97117, 42.63745], [13.97275, 42.63786], [13.99261, 42.65131], [13.99797, 42.65322], [14.01395, 42.65359], [14.01628, 42.65364], [14.02481, 42.6575], [14.03053, 42.66011], [14.0375, 42.65695], [14.04628, 42.64158], [14.05745, 42.62203], [14.06211, 42.61617], [14.06933, 42.61209]]], [[[13.77103, 43.24298], [13.77617, 43.23639], [13.78053, 43.2292], [13.78739, 43.20128], [13.79153, 43.19414], [13.7952, 43.18786], [13.80314, 43.1742], [13.80822, 43.16548], [13.81564, 43.14328], [13.83156, 43.11798], [13.83803, 43.10767], [13.83278, 43.10581], [13.82183, 43.10189], [13.82145, 43.10164], [13.80897, 43.09373], [13.80572, 43.09264], [13.79061, 43.08756], [13.77458, 43.07856], [13.75061, 43.0725], [13.73881, 43.06661], [13.72875, 43.06481], [13.71428, 43.05875], [13.6885, 43.04798], [13.64381, 43.0412], [13.63433, 43.03845], [13.61311, 43.025], [13.61064, 43.02342], [13.60092, 43.01495], [13.587, 43.01], [13.57514, 43.00225], [13.5615, 42.99662], [13.55367, 42.99542], [13.5425, 42.99614], [13.53953, 42.99695], [13.53233, 42.99889], [13.52139, 42.99845], [13.51125, 42.99484], [13.50875, 42.99395], [13.4995, 43.0132], [13.4871, 43.0422], [13.4747, 43.0691], [13.4664, 43.0836], [13.4561, 43.1126], [13.4395, 43.125], [13.4271, 43.1374], [13.4271, 43.1663], [13.42675, 43.18042], [13.43397, 43.18895], [13.43583, 43.1967], [13.44233, 43.20297], [13.44778, 43.20584], [13.46114, 43.20439], [13.48103, 43.20875], [13.48172, 43.20914], [13.49158, 43.21472], [13.49564, 43.22242], [13.50231, 43.22434], [13.5085, 43.23061], [13.53189, 43.23672], [13.54056, 43.24225], [13.54947, 43.2457], [13.57158, 43.25092], [13.58725, 43.2517], [13.59, 43.25714], [13.59756, 43.25811], [13.60494, 43.26253], [13.6125, 43.26395], [13.61675, 43.26797], [13.62181, 43.26945], [13.63497, 43.26961], [13.66014, 43.27978], [13.68303, 43.28106], [13.68883, 43.28459], [13.70594, 43.28923], [13.70611, 43.28923], [13.70661, 43.28925], [13.71722, 43.28961], [13.72386, 43.29209], [13.72836, 43.29378], [13.72917, 43.29409], [13.7322, 43.29523], [13.74217, 43.2945], [13.75186, 43.28006], [13.75614, 43.27006], [13.76272, 43.25467], [13.76375, 43.25228], [13.77103, 43.24298]]]]}}, {"type": "Feature", "properties": {"Index": 25, "Name": "Roman Latin Colony", "FromYear": -263.5, "ToYear": -1.0, "Area": 6618.2, "Type": "POLITY", "References": "", "MemberOf": "", "ColorR": 248, "ColorG": 192, "ColorB": 16, "Generated": "2026-08-16"}, "geometry": {"type": "MultiPolygon", "coordinates": [[[[12.94189, 40.89925], [12.93897, 40.90294], [12.94222, 40.91], [12.9475, 40.91539], [12.94797, 40.92064], [12.95408, 40.92222], [12.95797, 40.9232], [12.96383, 40.92792], [12.96611, 40.93267], [12.97117, 40.9312], [12.98461, 40.93759], [12.993, 40.93606], [12.99653, 40.93281], [12.98853, 40.92789], [12.97794, 40.92628], [12.97325, 40.92064], [12.96814, 40.9205], [12.96589, 40.91664], [12.96656, 40.90864], [12.96197, 40.90642], [12.96136, 40.89661], [12.96433, 40.89539], [12.96917, 40.896], [12.97064, 40.89436], [12.96125, 40.88264], [12.95025, 40.87803], [12.94753, 40.88748], [12.95194, 40.89403], [12.94906, 40.89797], [12.94189, 40.89925]]], [[[13.08053, 41.2253], [13.06406, 41.22106], [13.04786, 41.22547], [13.03836, 41.23161], [13.03239, 41.24339], [13.03219, 41.24939], [13.03194, 41.25736], [13.02122, 41.27245], [13.00342, 41.30345], [13.0089, 41.3093], [13.0201, 41.3115], [13.0339, 41.3141], [13.0446, 41.3175], [13.0577, 41.3212], [13.0681, 41.3242], [13.0707, 41.3179], [13.0748, 41.3112], [13.0897, 41.3059], [13.1049, 41.3026], [13.1165, 41.303], [13.1237, 41.30297], [13.12997, 41.29139], [13.13761, 41.28417], [13.14061, 41.27495], [13.1422, 41.27295], [13.14817, 41.26542], [13.11495, 41.24981], [13.10636, 41.23784], [13.09203, 41.22508], [13.08053, 41.2253]]], [[[13.5903, 41.5079], [13.5666, 41.4935], [13.5469, 41.4779], [13.5376, 41.4666], [13.5159, 41.4717], [13.4848, 41.4769], [13.46, 41.4821], [13.4414, 41.4945], [13.4352, 41.5162], [13.4352, 41.539], [13.4517, 41.5493], [13.4755, 41.5628], [13.5066, 41.5772], [13.519, 41.5866], [13.5407, 41.5886], [13.5666, 41.5897], [13.5934, 41.5938], [13.6152, 41.5835], [13.6348, 41.5731], [13.6297, 41.5514], [13.6183, 41.5286], [13.6059, 41.5203], [13.5903, 41.5079]]], [[[12.48978, 41.6215], [12.50259, 41.62203], [12.50814, 41.62492], [12.51256, 41.63059], [12.51561, 41.63122], [12.51628, 41.63419], [12.51269, 41.63744], [12.51139, 41.64594], [12.51453, 41.64956], [12.5158, 41.6558], [12.5183, 41.6633], [12.5233, 41.6658], [12.5267, 41.6708], [12.5267, 41.6767], [12.5292, 41.685], [12.5317, 41.6917], [12.5308, 41.6967], [12.5375, 41.7], [12.5467, 41.7008], [12.5575, 41.7033], [12.5642, 41.7033], [12.575, 41.705], [12.5875, 41.7], [12.5908, 41.695], [12.595, 41.6883], [12.6, 41.6808], [12.6058, 41.6708], [12.6142, 41.665], [12.6242, 41.6558], [12.6367, 41.6517], [12.6475, 41.6442], [12.6525, 41.6367], [12.6542, 41.625], [12.655, 41.605], [12.6567, 41.5925], [12.6617, 41.5833], [12.6667, 41.5775], [12.6467, 41.565], [12.6292, 41.5583], [12.62, 41.5417], [12.61, 41.5283], [12.5958, 41.5217], [12.5817, 41.5133], [12.57411, 41.51045], [12.52967, 41.55822], [12.50881, 41.57636], [12.50464, 41.58033], [12.48445, 41.60167], [12.48978, 41.6215]]], [[[13.6466, 41.8021], [13.6632, 41.7897], [13.6704, 41.7773], [13.6694, 41.77], [13.6684, 41.7607], [13.6663, 41.7442], [13.6652, 41.7338], [13.6621, 41.7204], [13.658, 41.7028], [13.6456, 41.6831], [13.6404, 41.6697], [13.627, 41.6707], [13.6156, 41.6821], [13.6063, 41.6842], [13.597, 41.6759], [13.5877, 41.6676], [13.5732, 41.6697], [13.5649, 41.6759], [13.5608, 41.6883], [13.5618, 41.708], [13.5649, 41.7276], [13.5773, 41.7514], [13.5866, 41.7731], [13.5908, 41.7814], [13.599, 41.7907], [13.6094, 41.8042], [13.6218, 41.8114], [13.6342, 41.8124], [13.6466, 41.8021]]], [[[13.3994, 42.2159], [13.4408, 42.2262], [13.4821, 42.2097], [13.4925, 42.1952], [13.4884, 42.1311], [13.478, 42.0897], [13.4594, 42.0524], [13.4449, 42.0193], [13.4428, 41.9966], [13.4428, 41.9821], [13.4449, 41.9676], [13.4346, 41.9386], [13.4263, 41.9221], [13.3994, 41.9221], [13.389, 41.9345], [13.3684, 41.9552], [13.3539, 41.9676], [13.3456, 41.9738], [13.3373, 41.9966], [13.3228, 42.0235], [13.2897, 42.0483], [13.2628, 42.0628], [13.2318, 42.0628], [13.2173, 42.0607], [13.1966, 42.0462], [13.1801, 42.0338], [13.1635, 42.038], [13.147, 42.0297], [13.1449, 42.0152], [13.1139, 42.0255], [13.089, 42.0317], [13.0684, 42.0359], [13.058, 42.0545], [13.0352, 42.0669], [13.0042, 42.0938], [12.9939, 42.1228], [13.0166, 42.1435], [13.0497, 42.1497], [13.0952, 42.1642], [13.1325, 42.1559], [13.1656, 42.1497], [13.2008, 42.1435], [13.2318, 42.1435], [13.2877, 42.1435], [13.3456, 42.1621], [13.3787, 42.1807], [13.3994, 42.2159]]], [[[12.3922, 42.2372], [12.387, 42.232], [12.3726, 42.2269], [12.355, 42.2176], [12.3405, 42.2093], [12.327, 42.2155], [12.3095, 42.2196], [12.2836, 42.2238], [12.2748, 42.2259], [12.2595, 42.2259], [12.2491, 42.2255], [12.2383, 42.2244], [12.2287, 42.2244], [12.2209, 42.2244], [12.2134, 42.2226], [12.2052, 42.2222], [12.2008, 42.2274], [12.1963, 42.2337], [12.1948, 42.2445], [12.1941, 42.2538], [12.1963, 42.2672], [12.1989, 42.2754], [12.2026, 42.2836], [12.2101, 42.2962], [12.21242, 42.30633], [12.22644, 42.29953], [12.23281, 42.29856], [12.24117, 42.29731], [12.24856, 42.29331], [12.25153, 42.2917], [12.26319, 42.29042], [12.2687, 42.28762], [12.275, 42.27997], [12.28533, 42.27345], [12.29942, 42.26961], [12.31756, 42.26917], [12.32967, 42.27475], [12.34136, 42.27458], [12.36003, 42.27], [12.36208, 42.27009], [12.36989, 42.27037], [12.3901, 42.2762], [12.3891, 42.2703], [12.385, 42.2569], [12.3839, 42.2486], [12.387, 42.2403], [12.3922, 42.2372]]], [[[11.319, 42.4848], [11.3334, 42.4724], [11.3376, 42.4476], [11.3355, 42.431], [11.3314, 42.4166], [11.32775, 42.4082], [11.32311, 42.40731], [11.30678, 42.40895], [11.29689, 42.40714], [11.29075, 42.40856], [11.28153, 42.41978], [11.27631, 42.42142], [11.27542, 42.42145], [11.26303, 42.42214], [11.25656, 42.41964], [11.24606, 42.42058], [11.21797, 42.41584], [11.21211, 42.41103], [11.21456, 42.40278], [11.20836, 42.39753], [11.2145, 42.39181], [11.21111, 42.38792], [11.19322, 42.38017], [11.18795, 42.36737], [11.18486, 42.36689], [11.17653, 42.37036], [11.1682, 42.36511], [11.16575, 42.36431], [11.15556, 42.361], [11.14881, 42.36995], [11.13403, 42.38303], [11.09983, 42.39314], [11.09489, 42.39659], [11.09336, 42.40139], [11.0875, 42.40848], [11.09108, 42.41267], [11.09122, 42.41284], [11.0905, 42.41403], [11.09047, 42.41408], [11.08383, 42.42498], [11.08567, 42.42886], [11.09308, 42.43367], [11.09464, 42.43984], [11.09833, 42.44328], [11.09958, 42.44739], [11.10669, 42.45198], [11.11225, 42.45036], [11.12117, 42.44256], [11.12981, 42.44231], [11.14183, 42.43864], [11.14708, 42.44092], [11.15758, 42.4377], [11.165, 42.44042], [11.17336, 42.45325], [11.18386, 42.46398], [11.19164, 42.48092], [11.19539, 42.50447], [11.18983, 42.52098], [11.18836, 42.52534], [11.18586, 42.52811], [11.2093, 42.5262], [11.2362, 42.5262], [11.2548, 42.5179], [11.2755, 42.4993], [11.2983, 42.491], [11.319, 42.4848]]], [[[12.5553, 42.4492], [12.5491, 42.4378], [12.5325, 42.4409], [12.516, 42.4461], [12.4984, 42.4513], [12.4818, 42.4595], [12.4704, 42.4678], [12.4539, 42.4782], [12.4466, 42.4947], [12.4477, 42.5133], [12.457, 42.5226], [12.4756, 42.5392], [12.4984, 42.5537], [12.5035, 42.562], [12.5046, 42.5826], [12.5139, 42.5889], [12.5273, 42.5847], [12.5294, 42.5671], [12.5346, 42.5547], [12.5522, 42.5413], [12.5687, 42.5309], [12.578, 42.5216], [12.5822, 42.5113], [12.5925, 42.5009], [12.5832, 42.4937], [12.5739, 42.4906], [12.5625, 42.4813], [12.5553, 42.4647], [12.5553, 42.4492]]], [[[12.56881, 44.08383], [12.58495, 44.08292], [12.58525, 44.08139], [12.58636, 44.07556], [12.59656, 44.06375], [12.59958, 44.06025], [12.62006, 44.04395], [12.62714, 44.03559], [12.63247, 44.03367], [12.6477, 44.02314], [12.66461, 44.01023], [12.68025, 43.99828], [12.6905, 43.99045], [12.72183, 43.97875], [12.71772, 43.97381], [12.71561, 43.97128], [12.70617, 43.96711], [12.70175, 43.96517], [12.70056, 43.96464], [12.69183, 43.95717], [12.69083, 43.95631], [12.68411, 43.95436], [12.68131, 43.94387], [12.67567, 43.93456], [12.66572, 43.9292], [12.64917, 43.92603], [12.64372, 43.92333], [12.63814, 43.9152], [12.63553, 43.91495], [12.62989, 43.91439], [12.62314, 43.91014], [12.61936, 43.91089], [12.61283, 43.91578], [12.60147, 43.91664], [12.5992, 43.91756], [12.58739, 43.92234], [12.58044, 43.92242], [12.571, 43.9303], [12.5617, 43.9397], [12.5483, 43.95], [12.5276, 43.9572], [12.51, 43.9655], [12.4914, 43.9759], [12.4762, 43.9804], [12.4534, 43.9876], [12.4317, 43.9938], [12.4121, 43.999], [12.3955, 44.0093], [12.3887, 44.01545], [12.39408, 44.02981], [12.40414, 44.03953], [12.40706, 44.0427], [12.41283, 44.04492], [12.41883, 44.04414], [12.42197, 44.04364], [12.4255, 44.04545], [12.42881, 44.04881], [12.43039, 44.05042], [12.43811, 44.06931], [12.43892, 44.0702], [12.44431, 44.07611], [12.44894, 44.07856], [12.44994, 44.07908], [12.45361, 44.08103], [12.45347, 44.08789], [12.45556, 44.09078], [12.45906, 44.09561], [12.45658, 44.11236], [12.45117, 44.12456], [12.45517, 44.13183], [12.45786, 44.14242], [12.45903, 44.14692], [12.47153, 44.14489], [12.48525, 44.14267], [12.49239, 44.13525], [12.55558, 44.08745], [12.56186, 44.08461], [12.56881, 44.08383]]], [[[15.0352, 40.5569], [15.0486, 40.5383], [15.0693, 40.5228], [15.1076, 40.4969], [15.1303, 40.4804], [15.149, 40.4648], [15.1541, 40.4503], [15.1531, 40.4307], [15.1448, 40.4224], [15.1241, 40.4079], [15.1159, 40.4007], [15.1138, 40.3852], [15.1086, 40.3583], [15.0983, 40.3521], [15.0921, 40.3221], [15.0859, 40.3014], [15.0714, 40.2941], [15.0579, 40.2807], [15.0372, 40.2579], [15.0176, 40.2404], [15.0021, 40.2248], [14.98947, 40.216], [14.98572, 40.21797], [14.97306, 40.21878], [14.96908, 40.21906], [14.9552, 40.23031], [14.93895, 40.23275], [14.93183, 40.22867], [14.92794, 40.22836], [14.90161, 40.24603], [14.89945, 40.24978], [14.90375, 40.25647], [14.92611, 40.27122], [14.93811, 40.282], [14.93911, 40.29144], [14.94108, 40.3105], [14.9337, 40.32131], [14.93861, 40.32845], [14.93742, 40.33331], [14.93978, 40.33756], [14.9462, 40.34], [14.95722, 40.34425], [14.96775, 40.3457], [14.97225, 40.35056], [14.97767, 40.35128], [14.98436, 40.35789], [14.99081, 40.36064], [14.99495, 40.36506], [14.99614, 40.37897], [14.99406, 40.38889], [14.98811, 40.41292], [14.96928, 40.44661], [14.93961, 40.48386], [14.94861, 40.48444], [14.95317, 40.48567], [14.95033, 40.48784], [14.93861, 40.48711], [14.93256, 40.49078], [14.9451, 40.5053], [14.9668, 40.5209], [14.9948, 40.5374], [15.0248, 40.5684], [15.0352, 40.5569]]], [[[15.7592, 40.8733], [15.7558, 40.8517], [15.7342, 40.7883], [15.7042, 40.755], [15.6542, 40.7567], [15.6008, 40.7717], [15.5542, 40.795], [15.5108, 40.82], [15.48628, 40.89439], [15.50306, 40.90561], [15.50583, 40.90653], [15.51778, 40.91047], [15.52342, 40.91234], [15.52931, 40.9185], [15.53211, 40.92489], [15.54481, 40.95381], [15.55956, 40.96581], [15.564, 40.97272], [15.56717, 40.99961], [15.55667, 41.02161], [15.55728, 41.02489], [15.55817, 41.02956], [15.55517, 41.03403], [15.54742, 41.03986], [15.53906, 41.05764], [15.53975, 41.07136], [15.53789, 41.07509], [15.54056, 41.07864], [15.54064, 41.07869], [15.54889, 41.08342], [15.55125, 41.08478], [15.5545, 41.08664], [15.57181, 41.09659], [15.57983, 41.09875], [15.59772, 41.09961], [15.62069, 41.09842], [15.62364, 41.09828], [15.63375, 41.09211], [15.64336, 41.09514], [15.71108, 41.09106], [15.71756, 41.09261], [15.72483, 41.101], [15.73167, 41.10322], [15.74753, 41.10117], [15.75619, 41.09572], [15.76283, 41.09567], [15.76511, 41.09372], [15.76622, 41.08842], [15.77258, 41.08859], [15.78081, 41.0935], [15.78836, 41.09231], [15.79619, 41.09281], [15.79828, 41.09661], [15.79272, 41.10695], [15.796, 41.11003], [15.80153, 41.11114], [15.80547, 41.11922], [15.81281, 41.11247], [15.8174, 41.1015], [15.8277, 41.0963], [15.8587, 41.086], [15.8887, 41.0632], [15.9084, 41.0529], [15.9363, 41.0456], [15.9715, 41.0353], [15.9943, 41.0156], [16.0139, 40.9856], [16.0118, 40.9504], [15.9994, 40.9225], [15.9767, 40.8956], [15.9643, 40.8853], [15.9542, 40.8783], [15.8792, 40.8783], [15.8208, 40.8817], [15.7725, 40.9117], [15.7575, 40.8967], [15.7592, 40.8733]]], [[[14.5249, 41.1394], [14.5414, 41.127], [14.5538, 41.1012], [14.5487, 41.0794], [14.5383, 41.0598], [14.5218, 41.0548], [14.5044, 41.0571], [14.4945, 41.062], [14.4708, 41.0765], [14.4566, 41.0929], [14.45069, 41.10706], [14.44406, 41.11825], [14.44303, 41.11856], [14.43869, 41.11984], [14.4265, 41.12339], [14.42042, 41.12839], [14.41861, 41.13372], [14.41967, 41.13667], [14.42614, 41.13875], [14.43142, 41.15231], [14.43617, 41.15653], [14.4435, 41.15789], [14.45283, 41.15692], [14.45547, 41.16644], [14.46364, 41.17189], [14.4752, 41.1674], [14.4897, 41.1591], [14.5052, 41.1508], [14.5249, 41.1394]]], [[[14.7032, 41.2903], [14.7342, 41.2944], [14.759, 41.313], [14.7756, 41.3337], [14.7859, 41.3275], [14.8087, 41.3234], [14.819, 41.3089], [14.8356, 41.2923], [14.8563, 41.2737], [14.8708, 41.2737], [14.9018, 41.2654], [14.908, 41.2489], [14.9163, 41.2282], [14.908, 41.1951], [14.8894, 41.1682], [14.8749, 41.1496], [14.8708, 41.1103], [14.8687, 41.0834], [14.8687, 41.0606], [14.8728, 41.0482], [14.8728, 41.0379], [14.8873, 41.0151], [14.8997, 41.0048], [14.8997, 40.982], [14.8687, 40.9758], [14.8501, 40.9696], [14.8025, 40.951], [14.7797, 40.951], [14.7735, 40.9737], [14.7508, 41.0048], [14.7425, 41.0275], [14.7322, 41.0503], [14.7239, 41.0772], [14.7053, 41.0999], [14.6887, 41.1144], [14.6742, 41.1185], [14.668, 41.131], [14.6742, 41.1641], [14.6701, 41.1951], [14.6618, 41.2096], [14.6639, 41.2427], [14.6473, 41.253], [14.6473, 41.2737], [14.6722, 41.2841], [14.7032, 41.2903]]], [[[14.1572, 41.1684], [14.1407, 41.1695], [14.1262, 41.1798], [14.1148, 41.1819], [14.0952, 41.1746], [14.0859, 41.1819], [14.0848, 41.1922], [14.0931, 41.1995], [14.1076, 41.2077], [14.12, 41.2202], [14.1324, 41.2264], [14.1428, 41.2202], [14.1624, 41.2046], [14.1728, 41.1902], [14.1717, 41.1777], [14.1572, 41.1684]]], [[[14.0027, 41.4219], [14.0493, 41.4167], [14.0824, 41.4126], [14.10294, 41.41439], [14.10494, 41.40586], [14.11106, 41.3947], [14.10836, 41.38906], [14.0907, 41.3816], [14.0618, 41.361], [14.0369, 41.3465], [14.0183, 41.3196], [13.9997, 41.2885], [13.979, 41.2596], [13.9748, 41.2458], [13.9687, 41.2244], [13.9645, 41.1913], [13.9624, 41.181], [13.9438, 41.1706], [13.9066, 41.1768], [13.8838, 41.1954], [13.8569, 41.2265], [13.84614, 41.24261], [13.84467, 41.24997], [13.84856, 41.2627], [13.84761, 41.27486], [13.8443, 41.2858], [13.8391, 41.2952], [13.8247, 41.3014], [13.7988, 41.3096], [13.7802, 41.3169], [13.7626, 41.3324], [13.7502, 41.3552], [13.7202, 41.38], [13.7047, 41.3852], [13.6819, 41.3852], [13.6612, 41.3893], [13.6291, 41.3862], [13.6167, 41.3893], [13.6126, 41.4017], [13.6209, 41.4193], [13.6395, 41.4193], [13.6436, 41.4296], [13.6509, 41.4327], [13.6716, 41.4379], [13.6871, 41.4452], [13.7026, 41.4503], [13.7285, 41.4524], [13.7491, 41.4524], [13.775, 41.4452], [13.8029, 41.441], [13.8236, 41.4338], [13.83075, 41.43214], [13.83695, 41.42786], [13.84508, 41.4265], [13.84858, 41.42322], [13.85486, 41.42122], [13.8615, 41.4137], [13.8786, 41.4219], [13.9034, 41.4271], [13.9406, 41.4271], [14.0027, 41.4219]]], [[[15.32733, 41.45147], [15.32067, 41.45361], [15.31489, 41.45339], [15.30817, 41.44861], [15.30306, 41.4495], [15.29958, 41.44781], [15.29717, 41.44356], [15.29189, 41.4417], [15.28172, 41.43111], [15.27328, 41.42753], [15.26447, 41.432], [15.25878, 41.43314], [15.23372, 41.43139], [15.22083, 41.43417], [15.21225, 41.43314], [15.20031, 41.43153], [15.16858, 41.42061], [15.15717, 41.41347], [15.14975, 41.41169], [15.14583, 41.41208], [15.12789, 41.421], [15.12306, 41.42611], [15.12247, 41.42672], [15.0959, 41.4322], [15.0876, 41.4581], [15.0783, 41.4839], [15.0721, 41.4994], [15.0649, 41.515], [15.0587, 41.5243], [15.0628, 41.5315], [15.0701, 41.5305], [15.0918, 41.5439], [15.1073, 41.547], [15.1249, 41.5543], [15.1414, 41.5553], [15.15725, 41.56083], [15.16422, 41.56514], [15.20247, 41.57214], [15.20689, 41.57428], [15.214, 41.58019], [15.22203, 41.59522], [15.23817, 41.60422], [15.25192, 41.61792], [15.25886, 41.62153], [15.27533, 41.62158], [15.28325, 41.62608], [15.28711, 41.62681], [15.29222, 41.62778], [15.31125, 41.64103], [15.3185, 41.64622], [15.3455, 41.644], [15.3505, 41.64153], [15.3595, 41.63083], [15.3569, 41.6193], [15.3517, 41.6038], [15.3517, 41.5924], [15.3528, 41.579], [15.3579, 41.5645], [15.3631, 41.5386], [15.3734, 41.521], [15.3786, 41.5076], [15.3817, 41.4859], [15.3755, 41.4683], [15.36789, 41.45931], [15.35661, 41.45469], [15.34775, 41.45392], [15.33747, 41.45044], [15.32958, 41.45075], [15.32733, 41.45147]]], [[[14.1817, 41.5176], [14.1569, 41.5176], [14.1341, 41.5259], [14.1341, 41.5321], [14.0969, 41.5528], [14.0928, 41.559], [14.0741, 41.5714], [14.0638, 41.5838], [14.0576, 41.5983], [14.0576, 41.6252], [14.0679, 41.6583], [14.0948, 41.6728], [14.1341, 41.6872], [14.1797, 41.7059], [14.1859, 41.7266], [14.2003, 41.7307], [14.221, 41.7286], [14.2355, 41.7079], [14.2459, 41.6893], [14.2707, 41.679], [14.3203, 41.6624], [14.3493, 41.6397], [14.3638, 41.6004], [14.3493, 41.559], [14.3307, 41.5279], [14.3245, 41.499], [14.3059, 41.4866], [14.2831, 41.4969], [14.2541, 41.5135], [14.219, 41.5197], [14.1817, 41.5176]]], [[[14.06933, 42.61209], [14.07706, 42.59925], [14.08658, 42.59167], [14.11361, 42.56342], [14.13714, 42.54508], [14.14147, 42.539], [14.1455, 42.53317], [14.13992, 42.52989], [14.13433, 42.52661], [14.13172, 42.52339], [14.1307, 42.52214], [14.11978, 42.51436], [14.11339, 42.50981], [14.10822, 42.49964], [14.09811, 42.49486], [14.09253, 42.48545], [14.09236, 42.48517], [14.08667, 42.47639], [14.0715, 42.4695], [14.06286, 42.46334], [14.0509, 42.4653], [14.0364, 42.4715], [14.0209, 42.4849], [14.0033, 42.4942], [13.9702, 42.5066], [13.9392, 42.5035], [13.8988, 42.5097], [13.874, 42.5097], [13.8595, 42.5211], [13.8471, 42.5366], [13.8357, 42.5553], [13.8181, 42.5697], [13.7995, 42.5697], [13.7695, 42.5728], [13.753, 42.5811], [13.7447, 42.5925], [13.725, 42.6018], [13.7168, 42.608], [13.70814, 42.61467], [13.70856, 42.61528], [13.71081, 42.61872], [13.71458, 42.62034], [13.71994, 42.62261], [13.72922, 42.62223], [13.73231, 42.62208], [13.74331, 42.61883], [13.7555, 42.61756], [13.76333, 42.61672], [13.78106, 42.61789], [13.79014, 42.62061], [13.80161, 42.62767], [13.80758, 42.62958], [13.817, 42.62761], [13.82508, 42.62592], [13.82917, 42.62767], [13.83569, 42.62795], [13.84025, 42.62575], [13.87272, 42.62492], [13.876, 42.62414], [13.87914, 42.62339], [13.89531, 42.62481], [13.90583, 42.63117], [13.9365, 42.6315], [13.94539, 42.63561], [13.9602, 42.63453], [13.97117, 42.63745], [13.97275, 42.63786], [13.99261, 42.65131], [13.99797, 42.65322], [14.01395, 42.65359], [14.01628, 42.65364], [14.02481, 42.6575], [14.03053, 42.66011], [14.0375, 42.65695], [14.04628, 42.64158], [14.05745, 42.62203], [14.06211, 42.61617], [14.06933, 42.61209]]], [[[13.77103, 43.24298], [13.77617, 43.23639], [13.78053, 43.2292], [13.78739, 43.20128], [13.79153, 43.19414], [13.7952, 43.18786], [13.80314, 43.1742], [13.80822, 43.16548], [13.81564, 43.14328], [13.83156, 43.11798], [13.83803, 43.10767], [13.83278, 43.10581], [13.82183, 43.10189], [13.82145, 43.10164], [13.80897, 43.09373], [13.80572, 43.09264], [13.79061, 43.08756], [13.77458, 43.07856], [13.75061, 43.0725], [13.73881, 43.06661], [13.72875, 43.06481], [13.71428, 43.05875], [13.6885, 43.04798], [13.64381, 43.0412], [13.63433, 43.03845], [13.61311, 43.025], [13.61064, 43.02342], [13.60092, 43.01495], [13.587, 43.01], [13.57514, 43.00225], [13.5615, 42.99662], [13.55367, 42.99542], [13.5425, 42.99614], [13.53953, 42.99695], [13.53233, 42.99889], [13.52139, 42.99845], [13.51125, 42.99484], [13.50875, 42.99395], [13.4995, 43.0132], [13.4871, 43.0422], [13.4747, 43.0691], [13.4664, 43.0836], [13.4561, 43.1126], [13.4395, 43.125], [13.4271, 43.1374], [13.4271, 43.1663], [13.42675, 43.18042], [13.43397, 43.18895], [13.43583, 43.1967], [13.44233, 43.20297], [13.44778, 43.20584], [13.46114, 43.20439], [13.48103, 43.20875], [13.48172, 43.20914], [13.49158, 43.21472], [13.49564, 43.22242], [13.50231, 43.22434], [13.5085, 43.23061], [13.53189, 43.23672], [13.54056, 43.24225], [13.54947, 43.2457], [13.57158, 43.25092], [13.58725, 43.2517], [13.59, 43.25714], [13.59756, 43.25811], [13.60494, 43.26253], [13.6125, 43.26395], [13.61675, 43.26797], [13.62181, 43.26945], [13.63497, 43.26961], [13.66014, 43.27978], [13.68303, 43.28106], [13.68883, 43.28459], [13.70594, 43.28923], [13.70611, 43.28923], [13.70661, 43.28925], [13.71722, 43.28961], [13.72386, 43.29209], [13.72836, 43.29378], [13.72917, 43.29409], [13.7322, 43.29523], [13.74217, 43.2945], [13.75186, 43.28006], [13.75614, 43.27006], [13.76272, 43.25467], [13.76375, 43.25228], [13.77103, 43.24298]]]]}}, {"type": "Feature", "properties": {"Index": 26, "Name": "Aesernia", "FromYear": -263.5, "ToYear": -1.0, "Area": 437.4, "Type": "POLITY", "References": "", "MemberOf": "(Roman Latin Colony)", "ColorR": 248, "ColorG": 193, "ColorB": 25, "Generated": "2026-08-16"}, "geometry": {"type": "Polygon", "coordinates": [[[14.3059, 41.4866], [14.3245, 41.499], [14.3307, 41.5279], [14.3493, 41.559], [14.3638, 41.6004], [14.3638, 41.6004], [14.3493, 41.6397], [14.3203, 41.6624], [14.2707, 41.679], [14.2459, 41.6893], [14.2355, 41.7079], [14.221, 41.7286], [14.2003, 41.7307], [14.2003, 41.7307], [14.1859, 41.7266], [14.1797, 41.7059], [14.1341, 41.6872], [14.0948, 41.6728], [14.0679, 41.6583], [14.0576, 41.6252], [14.0576, 41.5983], [14.0638, 41.5838], [14.0741, 41.5714], [14.0741, 41.5714], [14.0741, 41.5714], [14.0928, 41.559], [14.0969, 41.5528], [14.1341, 41.5321], [14.1341, 41.5259], [14.1569, 41.5176], [14.1817, 41.5176], [14.219, 41.5197], [14.2541, 41.5135], [14.2831, 41.4969], [14.3059, 41.4866]]]}}, {"type": "Feature", "properties": {"Index": 27, "Name": "Alba Fucens", "FromYear": -303.5, "ToYear": -1.0, "Area": 410.0, "Type": "POLITY", "References": "", "MemberOf": "(Roman Latin Colony)", "ColorR": 248, "ColorG": 193, "ColorB": 16, "Generated": "2026-08-16"}, "geometry": {"type": "Polygon", "coordinates": [[[13.4428, 41.9966], [13.4449, 42.0193], [13.4594, 42.0524], [13.478, 42.0897], [13.4884, 42.1311], [13.4925, 42.1952], [13.4821, 42.2097], [13.4821, 42.2097], [13.4408, 42.2262], [13.3994, 42.2159], [13.3787, 42.1807], [13.3456, 42.1621], [13.2877, 42.1435], [13.2318, 42.1435], [13.2256, 42.1124], [13.2318, 42.0628], [13.2628, 42.0628], [13.2897, 42.0483], [13.3228, 42.0235], [13.3373, 41.9966], [13.3456, 41.9738], [13.3456, 41.9738], [13.3539, 41.9676], [13.3684, 41.9552], [13.389, 41.9345], [13.3994, 41.9221], [13.3994, 41.9221], [13.4263, 41.9221], [13.4346, 41.9386], [13.4449, 41.9676], [13.4428, 41.9821], [13.4428, 41.9966]]]}}, {"type": "Feature", "properties": {"Index": 28, "Name": "Ardea", "FromYear": -442.5, "ToYear": -341.2, "Area": 192.0, "Type": "POLITY", "References": "", "MemberOf": "(Roman Latin Colony)", "ColorR": 248, "ColorG": 192, "ColorB": 21, "Generated": "2026-08-16"}, "geometry": {"type": "Polygon", "coordinates": [[[12.57411, 41.51045], [12.5817, 41.5133], [12.5958, 41.5217], [12.61, 41.5283], [12.62, 41.5417], [12.6292, 41.5583], [12.6467, 41.565], [12.6667, 41.5775], [12.6667, 41.5775], [12.6617, 41.5833], [12.6567, 41.5925], [12.655, 41.605], [12.6542, 41.625], [12.6525, 41.6367], [12.6475, 41.6442], [12.6367, 41.6517], [12.6242, 41.6558], [12.6142, 41.665], [12.6058, 41.6708], [12.6058, 41.6708], [12.6, 41.6808], [12.595, 41.6883], [12.5908, 41.695], [12.5875, 41.7], [12.5875, 41.7], [12.575, 41.705], [12.5642, 41.7033], [12.5575, 41.7033], [12.5467, 41.7008], [12.5375, 41.7], [12.5308, 41.6967], [12.5308, 41.6967], [12.5317, 41.6917], [12.5292, 41.685], [12.5267, 41.6767], [12.5267, 41.6708], [12.5233, 41.6658], [12.5183, 41.6633], [12.5158, 41.6558], [12.51453, 41.64956], [12.51453, 41.64956], [12.51139, 41.64594], [12.51269, 41.63744], [12.51628, 41.63419], [12.51561, 41.63122], [12.51256, 41.63059], [12.50814, 41.62492], [12.50259, 41.62203], [12.48978, 41.6215], [12.48445, 41.60167], [12.48445, 41.60167], [12.50464, 41.58033], [12.50881, 41.57636], [12.52967, 41.55822], [12.57411, 41.51045]]]}}, {"type": "Feature", "properties": {"Index": 29, "Name": "Ardea", "FromYear": -338.5, "ToYear": -1.0, "Area": 192.0, "Type": "POLITY", "References": "", "MemberOf": "(Roman Latin Colony)", "ColorR": 248, "ColorG": 192, "ColorB": 21, "Generated": "2026-08-16"}, "geometry": {"type": "Polygon", "coordinates": [[[12.57411, 41.51045], [12.5817, 41.5133], [12.5958, 41.5217], [12.61, 41.5283], [12.62, 41.5417], [12.6292, 41.5583], [12.6467, 41.565], [12.6667, 41.5775], [12.6667, 41.5775], [12.6617, 41.5833], [12.6567, 41.5925], [12.655, 41.605], [12.6542, 41.625], [12.6525, 41.6367], [12.6475, 41.6442], [12.6367, 41.6517], [12.6242, 41.6558], [12.6142, 41.665], [12.6058, 41.6708], [12.6058, 41.6708], [12.6, 41.6808], [12.595, 41.6883], [12.5908, 41.695], [12.5875, 41.7], [12.5875, 41.7], [12.575, 41.705], [12.5642, 41.7033], [12.5575, 41.7033], [12.5467, 41.7008], [12.5375, 41.7], [12.5308, 41.6967], [12.5308, 41.6967], [12.5317, 41.6917], [12.5292, 41.685], [12.5267, 41.6767], [12.5267, 41.6708], [12.5233, 41.6658], [12.5183, 41.6633], [12.5158, 41.6558], [12.51453, 41.64956], [12.51453, 41.64956], [12.51139, 41.64594], [12.51269, 41.63744], [12.51628, 41.63419], [12.51561, 41.63122], [12.51256, 41.63059], [12.50814, 41.62492], [12.50259, 41.62203], [12.48978, 41.6215], [12.48445, 41.60167], [12.48445, 41.60167], [12.50464, 41.58033], [12.50881, 41.57636], [12.52967, 41.55822], [12.57411, 41.51045]]]}}, {"type": "Feature", "properties": {"Index": 30, "Name": "Ariminum", "FromYear": -268.5, "ToYear": -1.0, "Area": 315.6, "Type": "POLITY", "References": "", "MemberOf": "(Roman Latin Colony)", "ColorR": 248, "ColorG": 193, "ColorB": 21, "Generated": "2026-08-16"}, "geometry": {"type": "Polygon", "coordinates": [[[12.48525, 44.14267], [12.47153, 44.14489], [12.45903, 44.14692], [12.45786, 44.14242], [12.45517, 44.13183], [12.45117, 44.12456], [12.45658, 44.11236], [12.45906, 44.09561], [12.45556, 44.09078], [12.45347, 44.08789], [12.45361, 44.08103], [12.44994, 44.07908], [12.44894, 44.07856], [12.44431, 44.07611], [12.43892, 44.0702], [12.43811, 44.06931], [12.43039, 44.05042], [12.42881, 44.04881], [12.4255, 44.04545], [12.42197, 44.04364], [12.41883, 44.04414], [12.41283, 44.04492], [12.40706, 44.0427], [12.40414, 44.03953], [12.39408, 44.02981], [12.3887, 44.01545], [12.3955, 44.0093], [12.4121, 43.999], [12.4121, 43.999], [12.4121, 43.999], [12.4121, 43.999], [12.4317, 43.9938], [12.4534, 43.9876], [12.4762, 43.9804], [12.4762, 43.9804], [12.4914, 43.9759], [12.51, 43.9655], [12.5276, 43.9572], [12.5483, 43.95], [12.5617, 43.9397], [12.571, 43.9303], [12.58044, 43.92242], [12.58739, 43.92234], [12.5992, 43.91756], [12.60147, 43.91664], [12.61283, 43.91578], [12.61936, 43.91089], [12.62314, 43.91014], [12.62989, 43.91439], [12.63553, 43.91495], [12.63814, 43.9152], [12.64372, 43.92333], [12.64917, 43.92603], [12.66572, 43.9292], [12.67567, 43.93456], [12.68131, 43.94387], [12.68411, 43.95436], [12.69083, 43.95631], [12.69183, 43.95717], [12.70056, 43.96464], [12.70175, 43.96517], [12.70617, 43.96711], [12.71561, 43.97128], [12.71772, 43.97381], [12.72183, 43.97875], [12.72183, 43.97875], [12.6905, 43.99045], [12.68025, 43.99828], [12.66461, 44.01023], [12.6477, 44.02314], [12.63247, 44.03367], [12.62714, 44.03559], [12.62006, 44.04395], [12.59958, 44.06025], [12.59656, 44.06375], [12.58636, 44.07556], [12.58525, 44.08139], [12.58495, 44.08292], [12.56881, 44.08383], [12.56881, 44.08383], [12.56186, 44.08461], [12.55558, 44.08745], [12.49239, 44.13525], [12.48525, 44.14267]]]}}, {"type": "Feature", "properties": {"Index": 31, "Name": "Beneventum", "FromYear": -268.5, "ToYear": -1.0, "Area": 594.3, "Type": "POLITY", "References": "", "MemberOf": "(Roman Latin Colony)", "ColorR": 248, "ColorG": 193, "ColorB": 22, "Generated": "2026-08-16"}, "geometry": {"type": "Polygon", "coordinates": [[[14.6618, 41.2096], [14.6701, 41.1951], [14.6742, 41.1641], [14.668, 41.131], [14.6742, 41.1185], [14.6887, 41.1144], [14.7053, 41.0999], [14.7239, 41.0772], [14.7322, 41.0503], [14.7425, 41.0275], [14.7508, 41.0048], [14.7735, 40.9737], [14.7797, 40.951], [14.7797, 40.951], [14.7797, 40.951], [14.8025, 40.951], [14.8501, 40.9696], [14.8687, 40.9758], [14.8997, 40.982], [14.8997, 41.0048], [14.8873, 41.0151], [14.8873, 41.0151], [14.8728, 41.0379], [14.8728, 41.0379], [14.8728, 41.0482], [14.8687, 41.0606], [14.8687, 41.0834], [14.8708, 41.1103], [14.8749, 41.1496], [14.8894, 41.1682], [14.908, 41.1951], [14.9163, 41.2282], [14.908, 41.2489], [14.9018, 41.2654], [14.8708, 41.2737], [14.8563, 41.2737], [14.8356, 41.2923], [14.819, 41.3089], [14.8087, 41.3234], [14.7859, 41.3275], [14.7756, 41.3337], [14.759, 41.313], [14.7342, 41.2944], [14.7032, 41.2903], [14.6722, 41.2841], [14.6473, 41.2737], [14.6473, 41.253], [14.6639, 41.2427], [14.6618, 41.2096], [14.6618, 41.2096]]]}}, {"type": "Feature", "properties": {"Index": 32, "Name": "Cales", "FromYear": -334.5, "ToYear": -321.5, "Area": 28.8, "Type": "POLITY", "References": "", "MemberOf": "(Roman Latin Colony)", "ColorR": 248, "ColorG": 192, "ColorB": 25, "Generated": "2026-08-16"}, "geometry": {"type": "Polygon", "coordinates": [[[14.1324, 41.2264], [14.12, 41.2202], [14.1076, 41.2077], [14.0931, 41.1995], [14.0848, 41.1922], [14.0859, 41.1819], [14.0952, 41.1746], [14.1148, 41.1819], [14.1262, 41.1798], [14.1407, 41.1695], [14.1572, 41.1684], [14.1717, 41.1777], [14.1728, 41.1902], [14.1624, 41.2046], [14.1428, 41.2202], [14.1324, 41.2264]]]}}, {"type": "Feature", "properties": {"Index": 33, "Name": "Cales", "FromYear": -314.5, "ToYear": -1.0, "Area": 28.8, "Type": "POLITY", "References": "", "MemberOf": "(Roman Latin Colony)", "ColorR": 248, "ColorG": 192, "ColorB": 25, "Generated": "2026-08-16"}, "geometry": {"type": "Polygon", "coordinates": [[[14.1324, 41.2264], [14.12, 41.2202], [14.1076, 41.2077], [14.0931, 41.1995], [14.0848, 41.1922], [14.0859, 41.1819], [14.0952, 41.1746], [14.1148, 41.1819], [14.1262, 41.1798], [14.1407, 41.1695], [14.1572, 41.1684], [14.1717, 41.1777], [14.1728, 41.1902], [14.1624, 41.2046], [14.1428, 41.2202], [14.1324, 41.2264]]]}}, {"type": "Feature", "properties": {"Index": 34, "Name": "Carseoli", "FromYear": -298.5, "ToYear": -1.0, "Area": 220.9, "Type": "POLITY", "References": "", "MemberOf": "(Roman Latin Colony)", "ColorR": 248, "ColorG": 193, "ColorB": 17, "Generated": "2026-08-16"}, "geometry": {"type": "Polygon", "coordinates": [[[13.2173, 42.0607], [13.1966, 42.0462], [13.1801, 42.0338], [13.1635, 42.038], [13.147, 42.0297], [13.147, 42.0297], [13.1449, 42.0152], [13.1139, 42.0255], [13.089, 42.0317], [13.0684, 42.0359], [13.058, 42.0545], [13.0352, 42.0669], [13.0042, 42.0938], [12.9939, 42.1228], [13.0166, 42.1435], [13.0497, 42.1497], [13.0952, 42.1642], [13.1325, 42.1559], [13.1656, 42.1497], [13.2008, 42.1435], [13.2318, 42.1435], [13.2256, 42.1124], [13.2318, 42.0628], [13.2173, 42.0607]]]}}, {"type": "Feature", "properties": {"Index": 35, "Name": "Circeii", "FromYear": -393.5, "ToYear": -389.9, "Area": 82.4, "Type": "POLITY", "References": "", "MemberOf": "(Roman Latin Colony)", "ColorR": 248, "ColorG": 192, "ColorB": 22, "Generated": "2026-08-16"}, "geometry": {"type": "Polygon", "coordinates": [[[13.14817, 41.26542], [13.1422, 41.27295], [13.14061, 41.27495], [13.13761, 41.28417], [13.12997, 41.29139], [13.1237, 41.30297], [13.1165, 41.303], [13.1049, 41.3026], [13.0897, 41.3059], [13.0748, 41.3112], [13.0707, 41.3179], [13.0681, 41.3242], [13.0577, 41.3212], [13.0446, 41.3175], [13.0339, 41.3141], [13.0201, 41.3115], [13.0089, 41.3093], [13.00342, 41.30345], [13.02122, 41.27245], [13.03194, 41.25736], [13.03219, 41.24939], [13.03239, 41.24339], [13.03836, 41.23161], [13.04786, 41.22547], [13.06406, 41.22106], [13.08053, 41.2253], [13.09203, 41.22508], [13.10636, 41.23784], [13.11495, 41.24981], [13.14817, 41.26542]]]}}, {"type": "Feature", "properties": {"Index": 36, "Name": "Circeii", "FromYear": -338.5, "ToYear": -1.0, "Area": 82.4, "Type": "POLITY", "References": "", "MemberOf": "(Roman Latin Colony)", "ColorR": 248, "ColorG": 192, "ColorB": 22, "Generated": "2026-08-16"}, "geometry": {"type": "Polygon", "coordinates": [[[13.14817, 41.26542], [13.1422, 41.27295], [13.14061, 41.27495], [13.13761, 41.28417], [13.12997, 41.29139], [13.1237, 41.30297], [13.1165, 41.303], [13.1049, 41.3026], [13.0897, 41.3059], [13.0748, 41.3112], [13.0707, 41.3179], [13.0681, 41.3242], [13.0577, 41.3212], [13.0446, 41.3175], [13.0339, 41.3141], [13.0201, 41.3115], [13.0089, 41.3093], [13.00342, 41.30345], [13.02122, 41.27245], [13.03194, 41.25736], [13.03219, 41.24939], [13.03239, 41.24339], [13.03836, 41.23161], [13.04786, 41.22547], [13.06406, 41.22106], [13.08053, 41.2253], [13.09203, 41.22508], [13.10636, 41.23784], [13.11495, 41.24981], [13.14817, 41.26542]]]}}, {"type": "Feature", "properties": {"Index": 37, "Name": "Cusa", "FromYear": -273.5, "ToYear": -1.0, "Area": 190.7, "Type": "POLITY", "References": "", "MemberOf": "(Roman Latin Colony)", "ColorR": 248, "ColorG": 193, "ColorB": 23, "Generated": "2026-08-16"}, "geometry": {"type": "Polygon", "coordinates": [[[11.2093, 42.5262], [11.2362, 42.5262], [11.2548, 42.5179], [11.2755, 42.4993], [11.2983, 42.491], [11.319, 42.4848], [11.3334, 42.4724], [11.3376, 42.4476], [11.3355, 42.431], [11.3314, 42.4166], [11.32775, 42.4082], [11.32311, 42.40731], [11.30678, 42.40895], [11.29689, 42.40714], [11.29075, 42.40856], [11.28153, 42.41978], [11.27631, 42.42142], [11.27542, 42.42145], [11.26303, 42.42214], [11.25656, 42.41964], [11.24606, 42.42058], [11.21797, 42.41584], [11.21211, 42.41103], [11.21456, 42.40278], [11.20836, 42.39753], [11.2145, 42.39181], [11.21111, 42.38792], [11.19322, 42.38017], [11.18795, 42.36737], [11.18486, 42.36689], [11.17653, 42.37036], [11.1682, 42.36511], [11.16575, 42.36431], [11.15556, 42.361], [11.14881, 42.36995], [11.13403, 42.38303], [11.09983, 42.39314], [11.09489, 42.39659], [11.09336, 42.40139], [11.0875, 42.40848], [11.09108, 42.41267], [11.09122, 42.41284], [11.0905, 42.41403], [11.09047, 42.41408], [11.08383, 42.42498], [11.08567, 42.42886], [11.09308, 42.43367], [11.09464, 42.43984], [11.09833, 42.44328], [11.09958, 42.44739], [11.10669, 42.45198], [11.11225, 42.45036], [11.12117, 42.44256], [11.12981, 42.44231], [11.14183, 42.43864], [11.14708, 42.44092], [11.15758, 42.4377], [11.165, 42.44042], [11.17336, 42.45325], [11.18386, 42.46398], [11.19164, 42.48092], [11.19539, 42.50447], [11.18983, 42.52098], [11.18836, 42.52534], [11.18586, 42.52811], [11.2093, 42.5262]]]}}, {"type": "Feature", "properties": {"Index": 38, "Name": "Firmum", "FromYear": -264.5, "ToYear": -1.0, "Area": 697.5, "Type": "POLITY", "References": "", "MemberOf": "(Roman Latin Colony)", "ColorR": 248, "ColorG": 193, "ColorB": 26, "Generated": "2026-08-16"}, "geometry": {"type": "Polygon", "coordinates": [[[13.74217, 43.2945], [13.75186, 43.28006], [13.75614, 43.27006], [13.76272, 43.25467], [13.76375, 43.25228], [13.77103, 43.24298], [13.77617, 43.23639], [13.78053, 43.2292], [13.78739, 43.20128], [13.79153, 43.19414], [13.7952, 43.18786], [13.80314, 43.1742], [13.80822, 43.16548], [13.81564, 43.14328], [13.83156, 43.11798], [13.83803, 43.10767], [13.83278, 43.10581], [13.82183, 43.10189], [13.82145, 43.10164], [13.80897, 43.09373], [13.80572, 43.09264], [13.79061, 43.08756], [13.77458, 43.07856], [13.75061, 43.0725], [13.73881, 43.06661], [13.72875, 43.06481], [13.71428, 43.05875], [13.6885, 43.04798], [13.64381, 43.0412], [13.63433, 43.03845], [13.61311, 43.025], [13.61064, 43.02342], [13.60092, 43.01495], [13.587, 43.01], [13.57514, 43.00225], [13.5615, 42.99662], [13.55367, 42.99542], [13.5425, 42.99614], [13.53953, 42.99695], [13.53233, 42.99889], [13.52139, 42.99845], [13.51125, 42.99484], [13.50875, 42.99395], [13.4995, 43.0132], [13.4871, 43.0422], [13.4747, 43.0691], [13.4664, 43.0836], [13.4561, 43.1126], [13.4395, 43.125], [13.4271, 43.1374], [13.4271, 43.1663], [13.42675, 43.18042], [13.43397, 43.18895], [13.43583, 43.1967], [13.44233, 43.20297], [13.44778, 43.20584], [13.46114, 43.20439], [13.48103, 43.20875], [13.48172, 43.20914], [13.49158, 43.21472], [13.49564, 43.22242], [13.50231, 43.22434], [13.5085, 43.23061], [13.53189, 43.23672], [13.54056, 43.24225], [13.54947, 43.2457], [13.57158, 43.25092], [13.58725, 43.2517], [13.59, 43.25714], [13.59756, 43.25811], [13.60494, 43.26253], [13.6125, 43.26395], [13.61675, 43.26797], [13.62181, 43.26945], [13.63497, 43.26961], [13.66014, 43.27978], [13.68303, 43.28106], [13.68883, 43.28459], [13.70594, 43.28923], [13.70611, 43.28923], [13.70661, 43.28925], [13.71722, 43.28961], [13.72386, 43.29209], [13.72836, 43.29378], [13.72917, 43.29409], [13.7322, 43.29523], [13.74217, 43.2945]]]}}, {"type": "Feature", "properties": {"Index": 39, "Name": "Fregellae", "FromYear": -328.5, "ToYear": -321.5, "Area": 155.5, "Type": "POLITY", "References": "", "MemberOf": "(Roman Latin Colony)", "ColorR": 248, "ColorG": 192, "ColorB": 26, "Generated": "2026-08-16"}, "geometry": {"type": "Polygon", "coordinates": [[[13.6348, 41.5731], [13.6152, 41.5835], [13.5934, 41.5938], [13.5666, 41.5897], [13.5407, 41.5886], [13.519, 41.5866], [13.5066, 41.5772], [13.4755, 41.5628], [13.4517, 41.5493], [13.4352, 41.539], [13.4352, 41.539], [13.4352, 41.5162], [13.4414, 41.4945], [13.46, 41.4821], [13.4848, 41.4769], [13.5159, 41.4717], [13.5376, 41.4666], [13.5376, 41.4666], [13.5469, 41.4779], [13.5666, 41.4935], [13.5903, 41.5079], [13.6059, 41.5203], [13.6183, 41.5286], [13.6297, 41.5514], [13.6348, 41.5731]]]}}, {"type": "Feature", "properties": {"Index": 40, "Name": "Fregellae", "FromYear": -314.5, "ToYear": -1.0, "Area": 155.5, "Type": "POLITY", "References": "", "MemberOf": "(Roman Latin Colony)", "ColorR": 248, "ColorG": 192, "ColorB": 26, "Generated": "2026-08-16"}, "geometry": {"type": "Polygon", "coordinates": [[[13.6348, 41.5731], [13.6152, 41.5835], [13.5934, 41.5938], [13.5666, 41.5897], [13.5407, 41.5886], [13.519, 41.5866], [13.5066, 41.5772], [13.4755, 41.5628], [13.4517, 41.5493], [13.4352, 41.539], [13.4352, 41.539], [13.4352, 41.5162], [13.4414, 41.4945], [13.46, 41.4821], [13.4848, 41.4769], [13.5159, 41.4717], [13.5376, 41.4666], [13.5376, 41.4666], [13.5469, 41.4779], [13.5666, 41.4935], [13.5903, 41.5079], [13.6059, 41.5203], [13.6183, 41.5286], [13.6297, 41.5514], [13.6348, 41.5731]]]}}, {"type": "Feature", "properties": {"Index": 41, "Name": "Hadria", "FromYear": -288.5, "ToYear": -1.0, "Area": 385.2, "Type": "POLITY", "References": "", "MemberOf": "(Roman Latin Colony)", "ColorR": 248, "ColorG": 193, "ColorB": 20, "Generated": "2026-08-16"}, "geometry": {"type": "Polygon", "coordinates": [[[14.03053, 42.66011], [14.02481, 42.6575], [14.01628, 42.65364], [14.01395, 42.65359], [13.99797, 42.65322], [13.99261, 42.65131], [13.97275, 42.63786], [13.97117, 42.63745], [13.9602, 42.63453], [13.94539, 42.63561], [13.9365, 42.6315], [13.90583, 42.63117], [13.89531, 42.62481], [13.87914, 42.62339], [13.876, 42.62414], [13.87272, 42.62492], [13.84025, 42.62575], [13.83569, 42.62795], [13.82917, 42.62767], [13.82508, 42.62592], [13.817, 42.62761], [13.80758, 42.62958], [13.80161, 42.62767], [13.79014, 42.62061], [13.78106, 42.61789], [13.76333, 42.61672], [13.7555, 42.61756], [13.74331, 42.61883], [13.73231, 42.62208], [13.72922, 42.62223], [13.71994, 42.62261], [13.71458, 42.62034], [13.71081, 42.61872], [13.70856, 42.61528], [13.70814, 42.61467], [13.70814, 42.61467], [13.7168, 42.608], [13.725, 42.6018], [13.7447, 42.5925], [13.753, 42.5811], [13.7695, 42.5728], [13.7995, 42.5697], [13.8181, 42.5697], [13.8357, 42.5553], [13.8471, 42.5366], [13.8595, 42.5211], [13.874, 42.5097], [13.8988, 42.5097], [13.9392, 42.5035], [13.9702, 42.5066], [14.0033, 42.4942], [14.0209, 42.4849], [14.0364, 42.4715], [14.0509, 42.4653], [14.06286, 42.46334], [14.0715, 42.4695], [14.08667, 42.47639], [14.09236, 42.48517], [14.09253, 42.48545], [14.09811, 42.49486], [14.10822, 42.49964], [14.11339, 42.50981], [14.11978, 42.51436], [14.1307, 42.52214], [14.13172, 42.52339], [14.13433, 42.52661], [14.13992, 42.52989], [14.1455, 42.53317], [14.1455, 42.53317], [14.14147, 42.539], [14.13714, 42.54508], [14.11361, 42.56342], [14.08658, 42.59167], [14.07706, 42.59925], [14.06933, 42.61209], [14.06211, 42.61617], [14.05745, 42.62203], [14.04628, 42.64158], [14.0375, 42.65695], [14.03053, 42.66011]]]}}, {"type": "Feature", "properties": {"Index": 42, "Name": "Interamna", "FromYear": -312.5, "ToYear": -1.0, "Area": 222.5, "Type": "POLITY", "References": "", "MemberOf": "(Roman Latin Colony)", "ColorR": 248, "ColorG": 192, "ColorB": 31, "Generated": "2026-08-16"}, "geometry": {"type": "Polygon", "coordinates": [[[13.83075, 41.43214], [13.8236, 41.4338], [13.8029, 41.441], [13.775, 41.4452], [13.7491, 41.4524], [13.7285, 41.4524], [13.7026, 41.4503], [13.6871, 41.4452], [13.6716, 41.4379], [13.6509, 41.4327], [13.6436, 41.4296], [13.6395, 41.4193], [13.6209, 41.4193], [13.6126, 41.4017], [13.6126, 41.4017], [13.6167, 41.3893], [13.6291, 41.3862], [13.6612, 41.3893], [13.6819, 41.3852], [13.7047, 41.3852], [13.7202, 41.38], [13.7502, 41.3552], [13.7626, 41.3324], [13.7802, 41.3169], [13.7988, 41.3096], [13.8247, 41.3014], [13.8391, 41.2952], [13.8443, 41.2858], [13.84761, 41.27486], [13.84761, 41.27486], [13.84994, 41.28006], [13.86225, 41.28409], [13.87703, 41.29322], [13.88033, 41.29528], [13.88433, 41.30958], [13.89003, 41.31495], [13.88958, 41.31792], [13.88272, 41.32064], [13.87222, 41.33603], [13.874, 41.34881], [13.86847, 41.36017], [13.8735, 41.36439], [13.86961, 41.37206], [13.87325, 41.37881], [13.88311, 41.38864], [13.87647, 41.39614], [13.87458, 41.401], [13.87558, 41.40325], [13.8615, 41.4137], [13.8615, 41.4137], [13.85486, 41.42122], [13.84858, 41.42322], [13.84508, 41.4265], [13.83695, 41.42786], [13.83075, 41.43214]]]}}, {"type": "Feature", "properties": {"Index": 43, "Name": "Luceria", "FromYear": -314.5, "ToYear": -1.0, "Area": 425.5, "Type": "POLITY", "References": "", "MemberOf": "(Roman Latin Colony)", "ColorR": 248, "ColorG": 192, "ColorB": 27, "Generated": "2026-08-16"}, "geometry": {"type": "Polygon", "coordinates": [[[15.36789, 41.45931], [15.3755, 41.4683], [15.3817, 41.4859], [15.3786, 41.5076], [15.3734, 41.521], [15.3631, 41.5386], [15.3579, 41.5645], [15.3528, 41.579], [15.3517, 41.5924], [15.3517, 41.6038], [15.3569, 41.6193], [15.3595, 41.63083], [15.3505, 41.64153], [15.3455, 41.644], [15.3185, 41.64622], [15.31125, 41.64103], [15.29222, 41.62778], [15.28711, 41.62681], [15.28325, 41.62608], [15.27533, 41.62158], [15.25886, 41.62153], [15.25192, 41.61792], [15.23817, 41.60422], [15.22203, 41.59522], [15.214, 41.58019], [15.20689, 41.57428], [15.20247, 41.57214], [15.16422, 41.56514], [15.15725, 41.56083], [15.15725, 41.56083], [15.1414, 41.5553], [15.1249, 41.5543], [15.1073, 41.547], [15.0918, 41.5439], [15.0701, 41.5305], [15.0628, 41.5315], [15.0587, 41.5243], [15.0649, 41.515], [15.0721, 41.4994], [15.0783, 41.4839], [15.0876, 41.4581], [15.0959, 41.4322], [15.0959, 41.4322], [15.12247, 41.42672], [15.12306, 41.42611], [15.12789, 41.421], [15.14583, 41.41208], [15.14975, 41.41169], [15.15717, 41.41347], [15.16858, 41.42061], [15.20031, 41.43153], [15.21225, 41.43314], [15.22083, 41.43417], [15.23372, 41.43139], [15.25878, 41.43314], [15.26447, 41.432], [15.27328, 41.42753], [15.28172, 41.43111], [15.29189, 41.4417], [15.29717, 41.44356], [15.29958, 41.44781], [15.30306, 41.4495], [15.30817, 41.44861], [15.31489, 41.45339], [15.32067, 41.45361], [15.32733, 41.45147], [15.32958, 41.45075], [15.33747, 41.45044], [15.34775, 41.45392], [15.35661, 41.45469], [15.36789, 41.45931]]]}}, {"type": "Feature", "properties": {"Index": 44, "Name": "Narnia", "FromYear": -299.5, "ToYear": -1.0, "Area": 107.5, "Type": "POLITY", "References": "", "MemberOf": "(Roman Latin Colony)", "ColorR": 248, "ColorG": 193, "ColorB": 19, "Generated": "2026-08-16"}, "geometry": {"type": "Polygon", "coordinates": [[[12.5925, 42.5009], [12.5822, 42.5113], [12.578, 42.5216], [12.5687, 42.5309], [12.5522, 42.5413], [12.5346, 42.5547], [12.5294, 42.5671], [12.5273, 42.5847], [12.5139, 42.5889], [12.5046, 42.5826], [12.5035, 42.562], [12.4984, 42.5537], [12.4756, 42.5392], [12.457, 42.5226], [12.4477, 42.5133], [12.4466, 42.4947], [12.4539, 42.4782], [12.4704, 42.4678], [12.4818, 42.4595], [12.4984, 42.4513], [12.516, 42.4461], [12.5325, 42.4409], [12.5491, 42.4378], [12.5553, 42.4492], [12.5553, 42.4647], [12.5625, 42.4813], [12.5739, 42.4906], [12.5832, 42.4937], [12.5925, 42.5009]]]}}, {"type": "Feature", "properties": {"Index": 45, "Name": "Nepete", "FromYear": -383.5, "ToYear": -1.0, "Area": 46.5, "Type": "POLITY", "References": "", "MemberOf": "(Roman Latin Colony)", "ColorR": 248, "ColorG": 192, "ColorB": 23, "Generated": "2026-08-16"}, "geometry": {"type": "Polygon", "coordinates": [[[12.3901, 42.2762], [12.3891, 42.2703], [12.385, 42.2569], [12.3839, 42.2486], [12.387, 42.2403], [12.3922, 42.2372], [12.387, 42.232], [12.3726, 42.2269], [12.355, 42.2176], [12.3405, 42.2093], [12.327, 42.2155], [12.3095, 42.2196], [12.2836, 42.2238], [12.2836, 42.2238], [12.2867, 42.2393], [12.2908, 42.2548], [12.29942, 42.26961], [12.29942, 42.26961], [12.31756, 42.26917], [12.32967, 42.27475], [12.34136, 42.27458], [12.36003, 42.27], [12.36208, 42.27009], [12.36989, 42.27037], [12.3901, 42.2762]]]}}, {"type": "Feature", "properties": {"Index": 46, "Name": "Norba", "FromYear": -492.5, "ToYear": -341.2, "Area": 93.1, "Type": "POLITY", "References": "", "MemberOf": "(Roman Latin Colony)", "ColorR": 248, "ColorG": 192, "ColorB": 19, "Generated": "2026-08-16"}, "geometry": {"type": "Polygon", "coordinates": [[[12.9831, 41.6569], [12.9742, 41.6501], [12.9556, 41.6346], [12.9411, 41.6201], [12.9318, 41.6077], [12.9205, 41.5984], [12.9111, 41.5891], [12.9111, 41.5891], [12.9101, 41.585], [12.9153, 41.5684], [12.9308, 41.5529], [12.9505, 41.5436], [12.9732, 41.5415], [12.9887, 41.5332], [12.9887, 41.5332], [13.0001, 41.5394], [13.0167, 41.5529], [13.0311, 41.5591], [13.0487, 41.5653], [13.0487, 41.5653], [13.0446, 41.5736], [13.0311, 41.5829], [13.0198, 41.5901], [13.0239, 41.6046], [13.0311, 41.616], [13.0334, 41.6255], [13.0334, 41.6255], [13.02, 41.6328], [13.0055, 41.6431], [12.991, 41.6503], [12.9831, 41.6569]]]}}, {"type": "Feature", "properties": {"Index": 47, "Name": "Paestum", "FromYear": -273.5, "ToYear": -1.0, "Area": 421.4, "Type": "POLITY", "References": "", "MemberOf": "(Roman Latin Colony)", "ColorR": 248, "ColorG": 193, "ColorB": 24, "Generated": "2026-08-16"}, "geometry": {"type": "Polygon", "coordinates": [[[14.93256, 40.49078], [14.9451, 40.5053], [14.9668, 40.5209], [14.9948, 40.5374], [15.0248, 40.5684], [15.0352, 40.5569], [15.0486, 40.5383], [15.0693, 40.5228], [15.1076, 40.4969], [15.1303, 40.4804], [15.149, 40.4648], [15.1541, 40.4503], [15.1531, 40.4307], [15.1448, 40.4224], [15.1241, 40.4079], [15.1159, 40.4007], [15.1138, 40.3852], [15.1086, 40.3583], [15.0983, 40.3521], [15.0921, 40.3221], [15.0859, 40.3014], [15.0714, 40.2941], [15.0579, 40.2807], [15.0372, 40.2579], [15.0176, 40.2404], [15.0021, 40.2248], [14.98947, 40.216], [14.98572, 40.21797], [14.97306, 40.21878], [14.96908, 40.21906], [14.9552, 40.23031], [14.93895, 40.23275], [14.93183, 40.22867], [14.92794, 40.22836], [14.90161, 40.24603], [14.89945, 40.24978], [14.90375, 40.25647], [14.92611, 40.27122], [14.93811, 40.282], [14.93911, 40.29144], [14.94108, 40.3105], [14.9337, 40.32131], [14.93861, 40.32845], [14.93742, 40.33331], [14.93978, 40.33756], [14.9462, 40.34], [14.95722, 40.34425], [14.96775, 40.3457], [14.97225, 40.35056], [14.97767, 40.35128], [14.98436, 40.35789], [14.99081, 40.36064], [14.99495, 40.36506], [14.99614, 40.37897], [14.99406, 40.38889], [14.98811, 40.41292], [14.96928, 40.44661], [14.93961, 40.48386], [14.94861, 40.48444], [14.95317, 40.48567], [14.95033, 40.48784], [14.93861, 40.48711], [14.93256, 40.49078]]]}}, {"type": "Feature", "properties": {"Index": 48, "Name": "Pontiae", "FromYear": -313.5, "ToYear": -1.0, "Area": 10.1, "Type": "POLITY", "References": "", "MemberOf": "(Roman Latin Colony)", "ColorR": 248, "ColorG": 192, "ColorB": 30, "Generated": "2026-08-16"}, "geometry": {"type": "Polygon", "coordinates": [[[12.95025, 40.87803], [12.96125, 40.88264], [12.97064, 40.89436], [12.96917, 40.896], [12.96433, 40.89539], [12.96136, 40.89661], [12.96197, 40.90642], [12.96656, 40.90864], [12.96589, 40.91664], [12.96814, 40.9205], [12.97325, 40.92064], [12.97794, 40.92628], [12.98853, 40.92789], [12.99653, 40.93281], [12.993, 40.93606], [12.98461, 40.93759], [12.97117, 40.9312], [12.96611, 40.93267], [12.96383, 40.92792], [12.95797, 40.9232], [12.95408, 40.92222], [12.94797, 40.92064], [12.9475, 40.91539], [12.94222, 40.91], [12.93897, 40.90294], [12.94189, 40.89925], [12.94906, 40.89797], [12.95194, 40.89403], [12.94753, 40.88748], [12.95025, 40.87803]]]}}, {"type": "Feature", "properties": {"Index": 49, "Name": "Saticula", "FromYear": -313.3, "ToYear": -1.0, "Area": 85.5, "Type": "POLITY", "References": "", "MemberOf": "(Roman Latin Colony)", "ColorR": 248, "ColorG": 192, "ColorB": 28, "Generated": "2026-08-16"}, "geometry": {"type": "Polygon", "coordinates": [[[14.46364, 41.17189], [14.4752, 41.1674], [14.4897, 41.1591], [14.5052, 41.1508], [14.5249, 41.1394], [14.5414, 41.127], [14.5538, 41.1012], [14.5487, 41.0794], [14.5383, 41.0598], [14.5218, 41.0548], [14.5044, 41.0571], [14.4945, 41.062], [14.4708, 41.0765], [14.4566, 41.0929], [14.45069, 41.10706], [14.44406, 41.11825], [14.44303, 41.11856], [14.43869, 41.11984], [14.4265, 41.12339], [14.42042, 41.12839], [14.41861, 41.13372], [14.41967, 41.13667], [14.42614, 41.13875], [14.43142, 41.15231], [14.43617, 41.15653], [14.4435, 41.15789], [14.45283, 41.15692], [14.45547, 41.16644], [14.46364, 41.17189]]]}}, {"type": "Feature", "properties": {"Index": 50, "Name": "Setia", "FromYear": -385.5, "ToYear": -341.2, "Area": 60.1, "Type": "POLITY", "References": "", "MemberOf": "(Roman Latin Colony)", "ColorR": 248, "ColorG": 192, "ColorB": 20, "Generated": "2026-08-16"}, "geometry": {"type": "Polygon", "coordinates": [[[12.9887, 41.5332], [13.0001, 41.5394], [13.0167, 41.5529], [13.0311, 41.5591], [13.0487, 41.5653], [13.0487, 41.5653], [13.0507, 41.558], [13.0615, 41.5479], [13.0772, 41.5371], [13.092, 41.523], [13.0958, 41.5063], [13.0935, 41.4873], [13.0868, 41.4731], [13.0768, 41.462], [13.0608, 41.4583], [13.0411, 41.4594], [13.0347, 41.4921], [13.0176, 41.5033], [13.0132, 41.51], [13.0057, 41.5189], [12.9927, 41.5286], [12.9887, 41.5332]]]}}, {"type": "Feature", "properties": {"Index": 51, "Name": "Signia", "FromYear": -495.7, "ToYear": -341.2, "Area": 92.6, "Type": "POLITY", "References": "", "MemberOf": "(Roman Latin Colony)", "ColorR": 248, "ColorG": 192, "ColorB": 18, "Generated": "2026-08-16"}, "geometry": {"type": "Polygon", "coordinates": [[[12.9976, 41.6803], [12.9945, 41.6755], [12.9883, 41.6672], [12.9831, 41.6569], [12.9831, 41.6569], [12.991, 41.6503], [13.0055, 41.6431], [13.02, 41.6328], [13.0334, 41.6255], [13.0334, 41.6255], [13.0428, 41.6276], [13.05, 41.641], [13.05, 41.6494], [13.0624, 41.6586], [13.0748, 41.6659], [13.0862, 41.6752], [13.0966, 41.6814], [13.111, 41.6917], [13.11697, 41.69781], [13.10903, 41.7062], [13.10703, 41.70672], [13.09269, 41.71042], [13.08353, 41.71906], [13.08222, 41.7255], [13.07997, 41.7367], [13.0735, 41.742], [13.0616, 41.7499], [13.0433, 41.7539], [13.0303, 41.7569], [13.0201, 41.7601], [13.0201, 41.7601], [13.0066, 41.7424], [12.9941, 41.7093], [12.9976, 41.6803]]]}}, {"type": "Feature", "properties": {"Index": 52, "Name": "Sora", "FromYear": -303.5, "ToYear": -1.0, "Area": 103.7, "Type": "POLITY", "References": "", "MemberOf": "(Roman Latin Colony)", "ColorR": 248, "ColorG": 193, "ColorB": 18, "Generated": "2026-08-16"}, "geometry": {"type": "Polygon", "coordinates": [[[13.5908, 41.7814], [13.599, 41.7907], [13.6094, 41.8042], [13.6218, 41.8114], [13.6342, 41.8124], [13.6466, 41.8021], [13.6632, 41.7897], [13.6704, 41.7773], [13.6704, 41.7773], [13.6694, 41.77], [13.6684, 41.7607], [13.6663, 41.7442], [13.6652, 41.7338], [13.6621, 41.7204], [13.658, 41.7028], [13.6456, 41.6831], [13.6404, 41.6697], [13.627, 41.6707], [13.6156, 41.6821], [13.6063, 41.6842], [13.597, 41.6759], [13.5877, 41.6676], [13.5732, 41.6697], [13.5649, 41.6759], [13.5608, 41.6883], [13.5618, 41.708], [13.5649, 41.7276], [13.5773, 41.7514], [13.5866, 41.7731], [13.5908, 41.7814]]]}}, {"type": "Feature", "properties": {"Index": 53, "Name": "Suessa Aurunca", "FromYear": -313.3, "ToYear": -1.0, "Area": 339.6, "Type": "POLITY", "References": "", "MemberOf": "(Roman Latin Colony)", "ColorR": 248, "ColorG": 192, "ColorB": 29, "Generated": "2026-08-16"}, "geometry": {"type": "Polygon", "coordinates": [[[13.8615, 41.4137], [13.8786, 41.4219], [13.9034, 41.4271], [13.9406, 41.4271], [14.0027, 41.4219], [14.0493, 41.4167], [14.0824, 41.4126], [14.10294, 41.41439], [14.10294, 41.41439], [14.10494, 41.40586], [14.11106, 41.3947], [14.10836, 41.38906], [14.10836, 41.38906], [14.0907, 41.3816], [14.0618, 41.361], [14.0369, 41.3465], [14.0183, 41.3196], [13.9997, 41.2885], [13.979, 41.2596], [13.9748, 41.2458], [13.9748, 41.2458], [13.9687, 41.2244], [13.9645, 41.1913], [13.9624, 41.181], [13.9438, 41.1706], [13.9438, 41.1706], [13.9066, 41.1768], [13.8838, 41.1954], [13.8569, 41.2265], [13.84614, 41.24261], [13.84614, 41.24261], [13.84467, 41.24997], [13.84856, 41.2627], [13.84761, 41.27486], [13.84761, 41.27486], [13.84994, 41.28006], [13.86225, 41.28409], [13.87703, 41.29322], [13.88033, 41.29528], [13.88433, 41.30958], [13.89003, 41.31495], [13.88958, 41.31792], [13.88272, 41.32064], [13.87222, 41.33603], [13.874, 41.34881], [13.86847, 41.36017], [13.8735, 41.36439], [13.86961, 41.37206], [13.87325, 41.37881], [13.88311, 41.38864], [13.87647, 41.39614], [13.87458, 41.401], [13.87558, 41.40325], [13.8615, 41.4137]]]}}, {"type": "Feature", "properties": {"Index": 54, "Name": "Sutrium", "FromYear": -383.5, "ToYear": -1.0, "Area": 56.6, "Type": "POLITY", "References": "", "MemberOf": "(Roman Latin Colony)", "ColorR": 248, "ColorG": 192, "ColorB": 24, "Generated": "2026-08-16"}, "geometry": {"type": "Polygon", "coordinates": [[[12.2836, 42.2238], [12.2748, 42.2259], [12.2595, 42.2259], [12.2491, 42.2255], [12.2383, 42.2244], [12.2287, 42.2244], [12.2209, 42.2244], [12.2134, 42.2226], [12.2052, 42.2222], [12.2008, 42.2274], [12.1963, 42.2337], [12.1948, 42.2445], [12.1941, 42.2538], [12.1963, 42.2672], [12.1989, 42.2754], [12.2026, 42.2836], [12.2101, 42.2962], [12.21242, 42.30633], [12.21242, 42.30633], [12.22644, 42.29953], [12.23281, 42.29856], [12.24117, 42.29731], [12.24856, 42.29331], [12.25153, 42.2917], [12.26319, 42.29042], [12.2687, 42.28762], [12.275, 42.27997], [12.28533, 42.27345], [12.29942, 42.26961], [12.29942, 42.26961], [12.2908, 42.2548], [12.2867, 42.2393], [12.2836, 42.2238]]]}}, {"type": "Feature", "properties": {"Index": 55, "Name": "Venusia", "FromYear": -291.5, "ToYear": -1.0, "Area": 1088.9, "Type": "POLITY", "References": "", "MemberOf": "(Roman Latin Colony)", "ColorR": 248, "ColorG": 192, "ColorB": 17, "Generated": "2026-08-16"}, "geometry": {"type": "Polygon", "coordinates": [[[15.9542, 40.8783], [15.9643, 40.8853], [15.9767, 40.8956], [15.9994, 40.9225], [16.0118, 40.9504], [16.0139, 40.9856], [15.9943, 41.0156], [15.9715, 41.0353], [15.9363, 41.0456], [15.9084, 41.0529], [15.8887, 41.0632], [15.8587, 41.086], [15.8277, 41.0963], [15.8174, 41.1015], [15.81281, 41.11247], [15.81281, 41.11247], [15.80547, 41.11922], [15.80153, 41.11114], [15.796, 41.11003], [15.79272, 41.10695], [15.79828, 41.09661], [15.79619, 41.09281], [15.78836, 41.09231], [15.78081, 41.0935], [15.77258, 41.08859], [15.76622, 41.08842], [15.76511, 41.09372], [15.76283, 41.09567], [15.75619, 41.09572], [15.74753, 41.10117], [15.73167, 41.10322], [15.72483, 41.101], [15.71756, 41.09261], [15.71108, 41.09106], [15.64336, 41.09514], [15.63375, 41.09211], [15.62364, 41.09828], [15.62069, 41.09842], [15.59772, 41.09961], [15.57983, 41.09875], [15.57181, 41.09659], [15.5545, 41.08664], [15.55125, 41.08478], [15.54889, 41.08342], [15.54064, 41.07869], [15.54064, 41.07869], [15.54056, 41.07864], [15.53789, 41.07509], [15.53975, 41.07136], [15.53906, 41.05764], [15.54742, 41.03986], [15.55517, 41.03403], [15.55817, 41.02956], [15.55728, 41.02489], [15.55667, 41.02161], [15.56717, 40.99961], [15.564, 40.97272], [15.55956, 40.96581], [15.54481, 40.95381], [15.53211, 40.92489], [15.52931, 40.9185], [15.52342, 40.91234], [15.51778, 40.91047], [15.50583, 40.90653], [15.50306, 40.90561], [15.48628, 40.89439], [15.5108, 40.82], [15.5108, 40.82], [15.5542, 40.795], [15.6008, 40.7717], [15.6542, 40.7567], [15.7042, 40.755], [15.7342, 40.7883], [15.7558, 40.8517], [15.7592, 40.8733], [15.7575, 40.8967], [15.7725, 40.9117], [15.7725, 40.9117], [15.8208, 40.8817], [15.8792, 40.8783], [15.9542, 40.8783]]]}}]}