Index,Name,FromYear,ToYear,Area,Type,References,MemberOf,FullPath,Region,Subregion,ColorR,ColorG,ColorB,Generated,SourceRun,OverlapNote,geometry
1,Abhiras,-610.1,-317.5,12460.9,POLITY,,,Abhiras,South Asia,North India,244,243,254,2026-08-21,Abhiras,,"POLYGON ((71.0453 26.1336, 71.1292 26.1248, 71.2262 26.1248,…"
2,Aboriginal Peoples,-1000.1,-1.0,8023798.6,TRIBAL_AREA,,,Aboriginal Peoples,Oceania-Australia,Australia,144,32,128,2026-08-21,Aboriginal Peoples,,"MULTIPOINT ((146.6 -42.7), (145.6 -41.5), (147.6 -41.5), (14…"
3,Acarnania,-695.5,-429.2,2213.8,POLITY,,,Acarnania,Europe,Southern Europe,224,240,32,2026-08-21,Acarnania,,"POLYGON ((21.2602 38.7778, 21.2683 38.7715, 21.2821 38.7644,…"
4,Achaea,-550.0,-485.5,4549.6,POLITY,,,Achaea,Europe,Southern Europe,220,208,48,2026-08-21,Achaea,,"MULTIPOLYGON (((21.3605 38.11075, 21.36264 38.11434, 21.3634…"
5,Caulonia,-649.5,-430.5,259.9,POLITY,,(Achaea),Achaea - Caulonia,Europe,Southern Europe,220,208,54,2026-08-21,Achaea,,"POLYGON ((16.509 38.37, 16.5098 38.3825, 16.509 38.395, 16.5…"
6,Croton,-550.0,-485.5,234.4,POLITY,,(Achaea),Achaea - Croton,Europe,Southern Europe,220,208,60,2026-08-21,Achaea,,"POLYGON ((16.1905 38.9414, 16.2022 38.946, 16.2132 38.9521, …"
7,Temesa,-615.5,-485.5,234.4,POLITY,,(Croton),Achaea - Croton - Temesa,Europe,Southern Europe,220,208,60,2026-08-21,Achaea,,"POLYGON ((16.1905 38.9414, 16.2022 38.946, 16.2132 38.9521, …"
8,Laus,-638.5,-390.6,196.6,POLITY,,(Achaea),Achaea - Laus,Europe,Southern Europe,220,208,55,2026-08-21,Achaea,,"POLYGON ((15.8307 39.6679, 15.8431 39.6695, 15.8553 39.6726,…"
9,Metapontum,-660.5,-380.5,191.1,POLITY,,(Achaea),Achaea - Metapontum,Europe,Southern Europe,220,208,53,2026-08-21,Achaea,,"POLYGON ((16.905 40.4427, 16.897 40.4523, 16.8878 40.4609, 1…"
10,Poseidonia,-617.5,-410.5,211.6,POLITY,,(Achaea),Achaea - Poseidonia,Europe,Southern Europe,220,208,58,2026-08-21,Achaea,,"POLYGON ((14.9517 40.3362, 14.9627 40.3302, 14.9744 40.3255,…"
11,Pyxous,-634.5,-400.1,200.0,POLITY,,(Achaea),Achaea - Pyxous,Europe,Southern Europe,220,208,57,2026-08-21,Achaea,,"POLYGON ((15.6118 40.0839, 15.611 40.0964, 15.6087 40.1088, …"
12,Sybaris,-719.5,-476.7,199.0,POLITY,,(Achaea),Achaea - Sybaris,Europe,Southern Europe,220,208,50,2026-08-21,Achaea,,"POLYGON ((16.55208 39.64786, 16.53614 39.66025, 16.52836 39.…"
13,Adena Culture,-800.1,-1.0,115209.0,TRIBAL_AREA,,,Adena Culture,North America,East Coast,48,224,0,2026-08-21,Adena Culture,,"MULTIPOINT ((-85.7 39.3), (-84.7 37.8), (-82.7 37.8), (-80.7…"
14,Aegina,-500.1,-491.5,83.6,POLITY,,,Aegina,Europe,Southern Europe,224,160,96,2026-08-21,Aegina,,"POLYGON ((23.48511 37.67753, 23.49395 37.68267, 23.49945 37.…"
15,Aeniania,-695.5,-395.3,459.5,POLITY,,,Aeniania,Europe,Southern Europe,152,208,128,2026-08-21,Aeniania,,"POLYGON ((21.9373 39.0855, 21.9476 39.0813, 21.9518 39.071, …"
16,Aeolians,-527.5,-480.5,151.9,TRIBAL_AREA,,,Aeolians,Central and Northern Eurasia,Siberia,240,160,144,2026-08-21,Aeolians,,"POLYGON ((36.7314 45.1171, 36.7436 45.1202, 36.7553 45.1248,…"
17,Hermonassa,-587.5,-480.5,151.9,POLITY,,(Aeolians),Aeolians - Hermonassa,Central and Northern Eurasia,Siberia,240,160,153,2026-08-21,Aeolians,,"POLYGON ((36.7314 45.1171, 36.7436 45.1202, 36.7553 45.1248,…"
18,Aetolia,-695.5,-404.7,4686.1,POLITY,,,Aetolia,Europe,Southern Europe,32,176,208,2026-08-21,Aetolia,,"POLYGON ((21.10578 38.34284, 21.10497 38.34167, 21.1092 38.3…"
19,Ainu,-2400.1,-1.0,401471.3,TRIBAL_AREA,,,Ainu,Central and Northern Eurasia,Siberia,64,160,64,2026-08-21,Ainu,,"MULTIPOINT ((140.48 40.71), (140.035 42.46), (141.25 42.96),…"
20,Akragas,-500.1,-486.5,350.1,TRIBAL_AREA,,,Akragas,Europe,Southern Europe,160,112,224,2026-08-21,Akragas,,"MULTIPOLYGON (((13.65442 37.21303, 13.64397 37.22542, 13.635…"
21,Heraclea Minoa,-500.1,-486.5,136.6,POLITY,,(Akragas),Akragas - Heraclea Minoa,Europe,Southern Europe,160,112,225,2026-08-21,Akragas,,"POLYGON ((13.3728 37.3551, 13.3767 37.3671, 13.379 37.3794, …"
22,Alavi,-610.1,-467.5,2144.5,POLITY,,,Alavi,South Asia,North India,224,240,240,2026-08-21,Alavi,,"POLYGON ((84.4322 27.0507, 84.4278 27.0288, 84.4147 27.0025,…"
23,Aleuts,-2400.1,-1.0,229509.0,TRIBAL_AREA,,,Aleuts,North America,East Coast,112,160,48,2026-08-21,Aleuts,,"MULTIPOINT ((-161.25 55.77), (-160.82 59.13), (-157.7 57.3),…"
24,Allakappa,-610.1,-467.5,3144.3,POLITY,,,Allakappa,South Asia,North India,208,240,48,2026-08-21,Allakappa,,"POLYGON ((84.19906 27.60975, 84.2045 27.5893, 84.1913 27.558…"
25,Amazonian Peoples,-2400.1,-1.0,7468500.8,TRIBAL_AREA,,,Amazonian Peoples,South America and Caribbean,Amazonia,64,48,208,2026-08-21,Amazonian Peoples,,"MULTIPOINT ((-72.7 -13.2), (-70.7 -13.2), (-73.7 -11.7), (-7…"
26,Ambashthas,-610.1,-400.5,3534.9,POLITY,,,Ambashthas,South Asia,Pakistan,244,243,250,2026-08-21,Ambashthas,,"POLYGON ((71.19908 30, 71.199 30.003, 71.20067 30.00761, 71.…"
27,Anarta,-610.1,-317.5,29563.3,POLITY,,,Anarta,South Asia,North India,208,192,0,2026-08-21,Anarta,,"POLYGON ((72.6669 23.2385, 72.6537 23.3047, 72.6625 23.362, …"
28,Andean Peoples,-900.1,-1.0,1556672.0,TRIBAL_AREA,,,Andean Peoples,South America and Caribbean,Andes,192,176,64,2026-08-21,Andean Peoples,,"MULTIPOINT ((-71.7 -38.7), (-72.7 -37.2), (-71.7 -35.7), (-7…"
29,Andhra,-610.1,-300.5,22581.1,POLITY,,,Andhra,South Asia,North India,244,128,112,2026-08-21,Andhra,,"POLYGON ((82.0456 16.44461, 82.0145 16.5456, 81.9659 16.6294…"
30,Anupa,-610.1,-348.5,21221.7,POLITY,,,Anupa,South Asia,North India,224,224,240,2026-08-21,Anupa,,"POLYGON ((76.5949 21.7505, 76.6743 21.7329, 76.767 21.6887, …"
31,Arabs,-526.5,-1.0,1723266.5,TRIBAL_AREA,,,Arabs,Southwest Asia,Arabia,136,224,176,2026-08-21,Arabs,Contained in border: North Arabian Semites,"MULTIPOINT ((43.3 18.3), (42.3 19.8), (44.3 19.8), (49.3 15.…"
32,Arcadia,-742.5,-480.9,4318.4,POLITY,,,Arcadia,Europe,Southern Europe,64,208,176,2026-08-21,Arcadia,,"POLYGON ((21.8348 37.9614, 21.8334 37.9393, 21.8252 37.9062,…"
33,Arctic Marine Mammal Hunters,-2400.1,-1.0,5685162.3,TRIBAL_AREA,,,Arctic Marine Mammal Hunters,Central and Northern Eurasia,Siberia,128,224,240,2026-08-21,Arctic Marine Mammal Hunters,,"MULTIPOINT ((170.3 61.3), (171.3 62.8), (173.3 62.8), (175.3…"
34,Arctic Peoples,-2400.1,-1.0,4412916.2,TRIBAL_AREA,,,Arctic Peoples,North America,Arctic America,128,240,176,2026-08-21,Arctic Peoples,,"MULTIPOINT ((-75.7 57.3), (-73.7 57.3), (-76.7 58.8), (-74.7…"
35,Assaka,-610.1,-300.5,57048.3,POLITY,,,Assaka,South Asia,North India,64,208,96,2026-08-21,Assaka,,"POLYGON ((80.00433 18.78931, 80.01406 18.78586, 80.01853 18.…"
36,Athens,-506.4,-495.5,5380.1,POLITY,,,Athens,Europe,Southern Europe,144,176,192,2026-08-21,Athens,,"MULTIPOLYGON (((25.44014 36.92145, 25.43445 36.92631, 25.433…"
37,Chalcis,-506.4,-490.3,2379.5,POLITY,,(Athens),Athens - Chalcis,Europe,Southern Europe,144,176,206,2026-08-21,Athens,,"POLYGON ((23.74684 38.40083, 23.74306 38.39989, 23.72808 38.…"
38,Naxos,-546.3,-478.3,430.6,POLITY,,(Athens),Athens - Naxos,Southwest Asia,Anatolia-Caucasus,144,176,201,2026-08-21,Athens,,"POLYGON ((25.4487 36.9212, 25.4547 36.92322, 25.46128 36.928…"
39,Salamis,-565.5,-480.9,98.0,POLITY,,(Athens),Athens - Salamis,Europe,Southern Europe,144,176,196,2026-08-21,Athens,,"POLYGON ((23.45336 37.87703, 23.46542 37.88197, 23.47394 37.…"
40,Audumbaras,-600.5,-450.5,20063.9,POLITY,,,Audumbaras,South Asia,North India,240,176,176,2026-08-21,Audumbaras,,"POLYGON ((75.4981 32.8342, 75.5039 32.8103, 75.5039 32.7706,…"
41,Austro-Asiatic Peoples,-1200.1,-1.0,2118935.6,TRIBAL_AREA,,,Austro-Asiatic Peoples,Southeast Asia,Mainland Southeast Asia,32,128,16,2026-08-21,Austro-Asiatic Peoples,,"MULTIPOINT ((105.67 9.43), (98.9 10.3), (99.15 11.3), (99.26…"
42,Austronesians,-1000.1,-384.5,8777680.4,TRIBAL_AREA,,,Austronesians,Southeast Asia,Maritime Southeast Asia,208,128,16,2026-08-21,Austronesians,,"MULTIPOINT ((108.3 -7.6), (109.8 -7.6), (106.05 -6.5), (107.…"
43,Avanti,-535.5,-492.5,215653.2,POLITY,,,Avanti,South Asia,North India,208,224,32,2026-08-21,Avanti,,"MULTIPOLYGON (((72.67308 21.12467, 72.67431 21.12859, 72.681…"
44,Haihayas,-549.5,-400.5,44048.0,POLITY,,(Avanti),Avanti - Haihayas,South Asia,North India,208,224,33,2026-08-21,Avanti,,"POLYGON ((74.9587 20.9332, 74.9102 20.9597, 74.8572 20.9774,…"
45,Kunti,-535.5,-400.5,8295.0,POLITY,,(Avanti),Avanti - Kunti,South Asia,North India,208,224,34,2026-08-21,Avanti,,"POLYGON ((76.695 26.4754, 76.6862 26.449, 76.6553 26.4401, 7…"
46,Ba,-550.5,-376.5,169055.6,POLITY,,,Ba,East Asia,North China,168,240,80,2026-08-21,Ba,,"MULTIPOLYGON (((109.7818 29.8959, 109.7258 29.8653, 109.6546…"
47,Cong,-600.5,-316.5,15423.0,POLITY,,(Ba),Ba - Cong,East Asia,North China,168,240,81,2026-08-21,Ba,,"POLYGON ((106.7652 32.1174, 106.8383 32.1331, 106.9374 32.13…"
48,Dan,-670.5,-376.5,7869.2,POLITY,,(Ba),Ba - Dan,East Asia,North China,168,240,85,2026-08-21,Ba,,"POLYGON ((109.6139 29.947, 109.5148 29.8791, 109.4209 29.847…"
49,Feng,-550.5,-316.5,4206.5,POLITY,,(Ba),Ba - Feng,East Asia,North China,168,240,87,2026-08-21,Ba,,"POLYGON ((106.4687 31.996, 106.4975 32.0008, 106.5508 31.999…"
50,Gong(2),-670.5,-376.5,20516.9,POLITY,,(Ba),Ba - Gong(2),East Asia,North China,168,240,84,2026-08-21,Ba,,"POLYGON ((109.2539 29.6787, 109.3009 29.6161, 109.28 29.5222…"
51,Nu,-600.5,-316.5,15662.5,POLITY,,(Ba),Ba - Nu,East Asia,North China,168,240,82,2026-08-21,Ba,,"POLYGON ((106.8643 29.9678, 106.7965 29.9417, 106.7861 29.88…"
52,Rang,-670.5,-376.5,3976.7,POLITY,,(Ba),Ba - Rang,East Asia,North China,168,240,83,2026-08-21,Ba,,"POLYGON ((107.9965 29.9783, 107.9444 29.9887, 107.8504 29.93…"
53,Yu(2),-611.5,-376.5,3514.3,POLITY,,(Ba),Ba - Yu(2),East Asia,North China,168,240,86,2026-08-21,Ba,,"POLYGON ((109.9556 31.0082, 109.9246 31.0082, 109.9142 30.97…"
54,Balts,-500.1,-1.0,428077.3,TRIBAL_AREA,,,Balts,Europe,Eastern Europe,224,80,0,2026-08-21,Balts,,"MULTIPOINT ((18.8 53.3), (20.3 53.3), (21.8 53.3), (23.3 53.…"
55,Bantu Peoples,-800.1,-1.0,3219352.1,TRIBAL_AREA,,,Bantu Peoples,Africa,Central Africa,160,48,32,2026-08-21,Bantu Peoples,,"MULTIPOINT ((14.05 -9.7), (13.52 -8.87), (14.8 -8.7), (14.05…"
56,Berbers,-500.5,-405.1,312124.1,TRIBAL_AREA,,,Berbers,Africa,Maghreb,160,176,32,2026-08-21,Berbers,,"MULTIPOINT ((-10.4448 28.8256), (-9.7414 29.5494), (-8.5931 …"
57,Boeotia,-730.5,-481.1,2906.6,POLITY,,,Boeotia,Europe,Southern Europe,224,176,128,2026-08-21,Boeotia,,"POLYGON ((22.86703 38.23695, 22.8621 38.2572, 22.8621 38.257…"
58,Brahmana,-610.1,-467.5,1412.1,POLITY,,,Brahmana,South Asia,North India,64,208,192,2026-08-21,Brahmana,,"POLYGON ((84.19906 27.60975, 84.2045 27.5893, 84.1913 27.558…"
59,Bruttii,-500.1,-436.5,15271.0,POLITY,,,Bruttii,Europe,Southern Europe,244,240,245,2026-08-21,Bruttii,"Overlaps dot-tribe(s): Italics, Bruttians","POLYGON ((15.68506 40, 15.69511 39.99878, 15.71083 39.9862, …"
60,Cai,-506.7,-493.5,4250.2,POLITY,,,Cai,East Asia,North China,176,208,144,2026-08-21,Cai,,"POLYGON ((115.3843 33.1986, 115.4335 33.1937, 115.4876 33.19…"
61,California Peoples,-2400.1,-1.0,178834.7,TRIBAL_AREA,,,California Peoples,North America,East Coast,48,176,192,2026-08-21,California Peoples,,"MULTIPOINT ((-115.64 30.3), (-116.44 31.8), (-118.7 34.8), (…"
62,Cao,-629.5,-491.2,2227.6,POLITY,,,Cao,East Asia,North China,116,224,224,2026-08-21,Cao,,"POLYGON ((115.9496 34.9913, 115.9757 34.9861, 116.0122 34.92…"
63,Caribbean Peoples,-2400.1,-1.0,1043772.4,TRIBAL_AREA,,,Caribbean Peoples,South America and Caribbean,Caribbean,208,16,16,2026-08-21,Caribbean Peoples,,"MULTIPOINT ((-69.7 9.3), (-67.7 9.3), (-65.7 9.3), (-63.7 9.…"
64,Carthage,-500.5,-409.3,113675.1,TRIBAL_AREA,,,Carthage,Africa,Maghreb,240,16,224,2026-08-21,Carthage,,"MULTIPOLYGON (((-6.171639 35.1872, -6.166584 35.19522, -6.16…"
65,'BN,-602.5,-1.0,188.9,POLITY,,(Carthage),Carthage - 'BN,Africa,Maghreb,240,19,231,2026-08-21,Carthage,,"POLYGON ((-5.4654 35.907, -5.4666 35.8882, -5.4654 35.8695, …"
66,(Iol),-590.0,-1.0,159.5,POLITY,,(Carthage),Carthage - (Iol),Africa,Maghreb,240,19,228,2026-08-21,Carthage,,"POLYGON ((2.095 36.5822, 2.0989 36.5702, 2.1042 36.5589, 2.1…"
67,(Saldae),-560.0,-1.0,194.7,POLITY,,(Carthage),Carthage - (Saldae),Africa,Maghreb,240,19,224,2026-08-21,Carthage,,"POLYGON ((4.9851 36.8093, 4.9771 36.7996, 4.9703 36.789, 4.9…"
68,Abdera,-600.0,-1.0,1310.0,POLITY,,(Carthage),Carthage - Abdera,Europe,Southern Europe,240,17,234,2026-08-21,Carthage,,"POLYGON ((-3.627611 36.74864, -3.609861 36.75022, -3.604583 …"
69,BLS,-600.0,-1.0,90.0,POLITY,,(Carthage),Carthage - BLS,Europe,Southern Europe,240,19,233,2026-08-21,Carthage,,"POLYGON ((-7.602445 37.13147, -7.613611 37.12708, -7.615556 …"
70,Carteia,-600.0,-1.0,375.4,POLITY,,(Carthage),Carthage - Carteia,Europe,Southern Europe,240,17,236,2026-08-21,Carthage,,"POLYGON ((-5.341639 36.14481, -5.339694 36.13822, -5.343083 …"
71,Gadir,-602.5,-100.0,15.6,POLITY,,(Carthage),Carthage - Gadir,Europe,Southern Europe,240,16,228,2026-08-21,Carthage,,"MULTIPOLYGON (((-6.2291 36.4372, -6.2262 36.4312, -6.2232 36…"
72,Gaulos,-602.5,-1.0,63.4,POLITY,,(Carthage),Carthage - Gaulos,Europe,Southern Europe,240,16,226,2026-08-21,Carthage,,"POLYGON ((14.2655 36.07364, 14.27339 36.07319, 14.28264 36.0…"
73,Ibossim,-602.5,-1.0,573.1,POLITY,,(Carthage),Carthage - Ibossim,Europe,Southern Europe,240,16,227,2026-08-21,Carthage,,"POLYGON ((1.402722 38.84942, 1.406639 38.83395, 1.405139 38.…"
74,Kapara,-602.5,-409.3,123.3,POLITY,,(Carthage),Carthage - Kapara,Europe,Southern Europe,240,17,226,2026-08-21,Carthage,,"POLYGON ((13.6042 38.024, 13.6079 38.0279, 13.60333 38.03092…"
75,Lixus,-602.5,-405.1,495.4,POLITY,,(Carthage),Carthage - Lixus,Africa,Maghreb,240,17,237,2026-08-21,Carthage,,"POLYGON ((-6.2059 35.0837, -6.1907 35.0727, -6.1742 35.0636,…"
76,Malake,-600.0,-1.0,1068.8,POLITY,,(Carthage),Carthage - Malake,Europe,Southern Europe,240,17,233,2026-08-21,Carthage,,"POLYGON ((-4.455417 36.66692, -4.449611 36.67161, -4.442389 …"
77,Maleth,-602.5,-1.0,248.0,POLITY,,(Carthage),Carthage - Maleth,Europe,Southern Europe,240,16,225,2026-08-21,Carthage,,"POLYGON ((14.52075 35.89542, 14.52425 35.89586, 14.52939 35.…"
78,Motya,-602.5,-409.3,171.4,POLITY,,(Carthage),Carthage - Motya,Europe,Southern Europe,240,16,230,2026-08-21,Carthage,,"MULTIPOLYGON (((12.4575 37.76878, 12.44478 37.78392, 12.4392…"
79,QRTTN,-602.5,-1.0,193.0,POLITY,,(Carthage),Carthage - QRTTN,Africa,Maghreb,240,19,229,2026-08-21,Carthage,,"POLYGON ((1.211 36.51, 1.2118 36.4975, 1.2141 36.4852, 1.218…"
80,Quiza,-520.0,-1.0,226.4,POLITY,,(Carthage),Carthage - Quiza,Africa,Maghreb,240,19,230,2026-08-21,Carthage,,"POLYGON ((0.326 36.0406, 0.324 36.0511, 0.3207 36.0612, 0.31…"
81,Rusadir,-602.5,-1.0,324.3,POLITY,,(Carthage),Carthage - Rusadir,Africa,Maghreb,240,18,225,2026-08-21,Carthage,,"POLYGON ((-3.0876 35.2734, -3.0841 35.2549, -3.0783 35.237, …"
82,Rusucurru,-550.0,-1.0,150.9,POLITY,,(Carthage),Carthage - Rusucurru,Africa,Maghreb,240,19,225,2026-08-21,Carthage,,"POLYGON ((3.8104 36.9003, 3.8128 36.888, 3.8167 36.876, 3.82…"
83,Sardinia,-510.5,-1.0,23981.0,POLITY,,(Carthage),Carthage - Sardinia,Europe,Southern Europe,240,17,224,2026-08-21,Carthage,,"POLYGON ((8.495916 39.07834, 8.500305 39.08756, 8.494416 39.…"
84,Tingi,-602.5,-405.1,418.3,POLITY,,(Carthage),Carthage - Tingi,Africa,Maghreb,240,17,239,2026-08-21,Carthage,,"POLYGON ((-5.941611 35.71414, -5.9316 35.6993, -5.9195 35.68…"
85,Tipasa,-602.5,-405.1,184.0,POLITY,,(Carthage),Carthage - Tipasa,Africa,Maghreb,240,16,237,2026-08-21,Carthage,,"POLYGON ((2.3543 36.6424, 2.3489 36.631, 2.3451 36.6191, 2.3…"
86,YGLG,-580.0,-1.0,156.5,POLITY,,(Carthage),Carthage - YGLG,Africa,Maghreb,240,18,239,2026-08-21,Carthage,,"POLYGON ((5.6693 36.7964, 5.6732 36.7845, 5.6785 36.7731, 5.…"
87,YKSM,-540.0,-1.0,177.6,POLITY,,(Carthage),Carthage - YKSM,Africa,Maghreb,240,19,227,2026-08-21,Carthage,,"POLYGON ((2.9602 36.8057, 2.9564 36.7938, 2.954 36.7814, 2.9…"
88,YMN,-530.0,-1.0,167.4,POLITY,,(Carthage),Carthage - YMN,Africa,Maghreb,240,19,226,2026-08-21,Carthage,,"POLYGON ((4.0233 36.8949, 4.0241 36.8824, 4.0264 36.87, 4.03…"
89,Ziz,-602.5,-409.3,238.1,POLITY,,(Carthage),Carthage - Ziz,Europe,Southern Europe,240,16,234,2026-08-21,Carthage,,"POLYGON ((13.3225 38.2064, 13.3109 38.2018, 13.2999 38.1957,…"
90,Carthaginian Ally,-500.1,-488.5,144.3,POLITY,,,Carthaginian Ally,Europe,Southern Europe,228,160,240,2026-08-21,Carthaginian Ally,,"POLYGON ((12.9729 37.5729, 12.9729 37.5729, 12.9721 37.5855,…"
91,Selinus,-500.1,-416.8,144.3,POLITY,,(Carthaginian Ally),Carthaginian Ally - Selinus,Europe,Southern Europe,228,160,241,2026-08-21,Carthaginian Ally,,"POLYGON ((12.9729 37.5729, 12.9729 37.5729, 12.9721 37.5855,…"
92,Cedi,-610.1,-319.5,60208.9,POLITY,,,Cedi,South Asia,North India,48,240,224,2026-08-21,Cedi,,"POLYGON ((81.3108 24.9554, 81.3284 24.9245, 81.3726 24.9245,…"
93,Celto-Ligurians,-500.1,-1.0,755646.2,TRIBAL_AREA,,,Celto-Ligurians,Europe,Western Europe,192,80,224,2026-08-21,Celto-Ligurians,,"MULTIPOINT ((-7.45 38.3), (-8.2 39.3), (3.05 44.3), (4.55 44…"
94,Celts,-500.1,-397.8,580829.2,TRIBAL_AREA,,,Celts,Europe,Central Europe,184,144,240,2026-08-21,Celts,,"MULTIPOINT ((3.8 45.3), (5.3 45.3), (3.05 46.3), (4.55 46.3)…"
95,Insubres,-600.1,-1.0,0.0,TRIBAL_AREA,,(Celts),Celts - Insubres,Europe,Southern Europe,184,144,242,2026-08-21,Celts,,POINT (9.0792 45.5533)
96,Central African Peoples,-800.1,-1.0,1648345.6,TRIBAL_AREA,,,Central African Peoples,Africa,Central Africa,248,16,80,2026-08-21,Central African Peoples,,"MULTIPOINT ((28.3 -8.7), (27.55 -7.7), (29.05 -7.7), (28.3 -…"
97,Chadian People,-2250.1,-1.0,225056.3,TRIBAL_AREA,,,Chadian People,Africa,Sahel,152,16,160,2026-08-21,Chadian People,,"MULTIPOINT ((6.3 13.3), (7.8 13.3), (9.3 13.3), (5.55 14.3),…"
98,Chaonians,-500.1,-430.8,6359.4,POLITY,,,Chaonians,Europe,Southeastern Europe,244,240,248,2026-08-21,Chaonians,,"POLYGON ((19.41803 40.85725, 19.449 40.8566, 19.4759 40.8504…"
99,Chavin Culture,-900.1,-1.0,96153.2,TRIBAL_AREA,,,Chavin Culture,South America and Caribbean,Andes,228,144,176,2026-08-21,Chavin Culture,,"MULTIPOINT ((-75.65 -14.65), (-75.7 -11.7), (-76.7 -10.2), (…"
100,Chen,-529.5,-479.5,7676.8,POLITY,,,Chen,East Asia,North China,144,112,208,2026-08-21,Chen,,"POLYGON ((115.047 33.9896, 115.0939 33.9687, 115.1565 33.947…"
101,Cheng,-770.1,-408.5,284.3,POLITY,,,Cheng,East Asia,North China,208,208,80,2026-08-21,Cheng,,"POLYGON ((116.9096 35.8687, 116.9304 35.8322, 116.9513 35.78…"
102,Chinchorro Culture,-2400.1,-1.0,87520.8,TRIBAL_AREA,,,Chinchorro Culture,South America and Caribbean,Andes,224,224,96,2026-08-21,Chinchorro Culture,,"MULTIPOINT ((-69.7 -20.7), (-72.7 -16.2), (-70.7 -16.2), (-6…"
103,Chorrera Culture,-1300.1,-1.0,14276.7,TRIBAL_AREA,,,Chorrera Culture,South America and Caribbean,Andes,208,64,80,2026-08-21,Chorrera Culture,,"MULTIPOINT ((-80.37 -2.35), (-80.66 -1.16), (-78.7 -1.2))"
104,Chu,-500.5,-496.5,402271.4,POLITY,,,Chu,East Asia,North China,200,112,240,2026-08-21,Chu,,"POLYGON ((111.3628 27.5711, 111.2646 27.5814, 111.1611 27.57…"
105,Sui,-640.5,-419.5,2306.7,POLITY,,(Chu),Chu - Sui,East Asia,North China,200,112,244,2026-08-21,Chu,,"POLYGON ((113.725 32.3586, 113.7405 32.3586, 113.7509 32.317…"
106,Corinthia,-511.5,-497.5,3031.5,POLITY,,,Corinthia,Europe,Southern Europe,112,80,208,2026-08-21,Corinthia,,"MULTIPOLYGON (((20.62642 38.79659, 20.65047 38.83178, 20.654…"
107,Ambracia,-636.5,-480.9,169.1,POLITY,,(Corinthia),Corinthia - Ambracia,Europe,Southern Europe,112,80,217,2026-08-21,Corinthia,,"POLYGON ((21.0645 39.1643, 21.0627 39.1736, 21.0598 39.1825,…"
108,Anactorium,-590.5,-480.9,163.5,POLITY,,(Corinthia),Corinthia - Anactorium,Europe,Southern Europe,112,80,219,2026-08-21,Corinthia,,"POLYGON ((20.7706 38.8525, 20.7798 38.8439, 20.7899 38.8365,…"
109,Apollonia (Illyria),-588.0,-490.5,281.1,POLITY,,(Corinthia),Corinthia - Apollonia (Illyria),Europe,Southeastern Europe,112,80,223,2026-08-21,Corinthia,,"POLYGON ((19.3753 40.6857, 19.382 40.6751, 19.39 40.6654, 19…"
110,Corcyra,-590.5,-445.5,596.2,POLITY,,(Corinthia),Corinthia - Corcyra,Europe,Southeastern Europe,112,80,211,2026-08-21,Corinthia,,"POLYGON ((20.00328 39.45675, 20.00997 39.43984, 20.01436 39.…"
111,Epidamnos,-590.5,-436.7,101.9,POLITY,,(Corinthia),Corinthia - Epidamnos,Europe,Southeastern Europe,112,80,220,2026-08-21,Corinthia,,"POLYGON ((19.535 41.2681, 19.5404 41.2795, 19.5443 41.2914, …"
112,Korkyra Melaina,-590.5,-338.7,60.8,POLITY,,(Corinthia),Corinthia - Korkyra Melaina,Europe,Southeastern Europe,112,80,221,2026-08-21,Corinthia,,"POLYGON ((17.0426 42.9237, 17.0387 42.9356, 17.0364 42.9479,…"
113,Leucas,-647.5,-480.9,303.8,POLITY,,(Corinthia),Corinthia - Leucas,Europe,Southern Europe,112,80,216,2026-08-21,Corinthia,,"POLYGON ((20.60511 38.78592, 20.60025 38.7785, 20.57722 38.7…"
114,Makyneia,-695.5,-395.4,117.4,POLITY,,(Corinthia),Corinthia - Makyneia,Europe,Southern Europe,112,80,215,2026-08-21,Corinthia,,"POLYGON ((21.77381 38.34231, 21.7658 38.3587, 21.7596 38.379…"
115,Cretan City States,-500.1,-332.4,8381.5,POLITY,,,Cretan City States,Europe,Southern Europe,184,144,192,2026-08-21,Cretan City States,,"MULTIPOLYGON (((24.06047 34.84522, 24.05681 34.85092, 24.044…"
116,Allaria,-500.1,-332.4,155.4,POLITY,,(Cretan City States),Cretan City States - Allaria,Europe,Southern Europe,184,147,195,2026-08-21,Cretan City States,,"MULTIPOLYGON (((24.682 35.279, 24.670701626956276 35.2854713…"
117,Anopolis,-500.1,-332.4,107.6,POLITY,,(Cretan City States),Cretan City States - Anopolis,Europe,Southern Europe,184,146,201,2026-08-21,Cretan City States,,"POLYGON ((24.09425 35.20325, 24.0929 35.218, 24.0898 35.2332…"
118,Apollonia (N),-500.1,-332.4,56.8,POLITY,,(Cretan City States),Cretan City States - Apollonia (N),Europe,Southern Europe,184,146,194,2026-08-21,Cretan City States,,"POLYGON ((25.00406 35.42172, 25.00742 35.42309, 25.00925 35.…"
119,Apollonia (S),-500.1,-332.4,75.5,POLITY,,(Cretan City States),Cretan City States - Apollonia (S),Europe,Southern Europe,184,146,200,2026-08-21,Cretan City States,,"POLYGON ((24.20789 35.19889, 24.2071 35.2096, 24.2091 35.225…"
120,Aptera,-500.1,-332.4,210.5,POLITY,,(Cretan City States),Cretan City States - Aptera,Europe,Southern Europe,184,147,199,2026-08-21,Cretan City States,,"MULTIPOLYGON (((24.155 35.47406, 24.15947 35.47339, 24.16231…"
121,Araden,-500.1,-332.4,87.8,POLITY,,(Cretan City States),Cretan City States - Araden,Europe,Southern Europe,184,146,202,2026-08-21,Cretan City States,,"POLYGON ((24.0095 35.22056, 24.0257 35.2332, 24.0227 35.2607…"
122,Arkades,-500.1,-332.4,81.1,POLITY,,(Cretan City States),Cretan City States - Arkades,Europe,Southern Europe,184,145,202,2026-08-21,Cretan City States,,"POLYGON ((25.3353 35.1478, 25.3444 35.1508, 25.3597 35.1478,…"
123,Askyfou,-500.1,-332.4,122.6,POLITY,,(Cretan City States),Cretan City States - Askyfou,Europe,Southern Europe,184,146,203,2026-08-21,Cretan City States,,"POLYGON ((24.0654 35.3645, 24.0807 35.3553, 24.0959 35.3645,…"
124,Aulon,-500.1,-332.4,67.7,POLITY,,(Cretan City States),Cretan City States - Aulon,Europe,Southern Europe,184,145,203,2026-08-21,Cretan City States,,"POLYGON ((25.2742 35.1722, 25.2864 35.1722, 25.2986 35.1661,…"
125,Axos,-500.1,-332.4,232.5,POLITY,,(Cretan City States),Cretan City States - Axos,Europe,Southern Europe,184,147,194,2026-08-21,Cretan City States,,"POLYGON ((24.83922 35.40964, 24.83278 35.41447, 24.82914 35.…"
126,Biannos,-500.1,-332.4,127.1,POLITY,,(Cretan City States),Cretan City States - Biannos,Europe,Southern Europe,184,144,201,2026-08-21,Cretan City States,,"POLYGON ((25.44784 34.99758, 25.43453 34.99686, 25.4262 34.9…"
127,Biennos,-500.1,-332.4,95.4,POLITY,,(Cretan City States),Cretan City States - Biennos,Europe,Southern Europe,184,146,206,2026-08-21,Cretan City States,,"POLYGON ((23.53692 35.28092, 23.5648 35.2912, 23.5739 35.303…"
128,Bionnos,-500.1,-332.4,37.5,POLITY,,(Cretan City States),Cretan City States - Bionnos,Europe,Southern Europe,184,146,199,2026-08-21,Cretan City States,,"POLYGON ((24.48531 35.15192, 24.4897 35.1722, 24.4897 35.178…"
129,Cretan City States,-500.1,-332.4,115.2,POLITY,,(Cretan City States),Cretan City States - Cretan City States,Europe,Southern Europe,184,145,204,2026-08-21,Cretan City States,,"POLYGON ((25.0972 35.1539, 25.1124 35.16, 25.1307 35.163, 25…"
130,Pyranthos,-500.1,-332.4,115.2,POLITY,,(Cretan City States),Cretan City States - Cretan City States - Pyranthos,Europe,Southern Europe,184,145,204,2026-08-21,Cretan City States,,"POLYGON ((25.0972 35.1539, 25.1124 35.16, 25.1307 35.163, 25…"
131,Dreros,-500.1,-332.4,78.7,POLITY,,(Cretan City States),Cretan City States - Dreros,Europe,Southern Europe,184,145,199,2026-08-21,Cretan City States,,"POLYGON ((25.6728 35.3045, 25.679 35.2952, 25.6863 35.29, 25…"
132,Eleutherna,-500.1,-332.4,134.4,POLITY,,(Cretan City States),Cretan City States - Eleutherna,Europe,Southern Europe,184,147,196,2026-08-21,Cretan City States,,"POLYGON ((24.6467 35.41611, 24.61989 35.40159, 24.61067 35.3…"
133,Eltynia,-500.1,-332.4,86.6,POLITY,,(Cretan City States),Cretan City States - Eltynia,Europe,Southern Europe,184,145,205,2026-08-21,Cretan City States,,"POLYGON ((25.143 35.218, 25.146 35.2454, 25.1582 35.2485, 25…"
134,Erranos,-500.1,-332.4,68.0,POLITY,,(Cretan City States),Cretan City States - Erranos,Europe,Southern Europe,184,144,207,2026-08-21,Cretan City States,,"MULTIPOLYGON (((25.8908 35.1661, 25.8878 35.1569, 25.903 35.…"
135,Etis,-500.1,-332.4,33.3,POLITY,,(Cretan City States),Cretan City States - Etis,Europe,Southern Europe,184,144,205,2026-08-21,Cretan City States,,"POLYGON ((26.13978 35.20028, 26.1411 35.1935, 26.1381 35.181…"
136,Gortyna,-500.1,-332.4,621.4,POLITY,,(Cretan City States),Cretan City States - Gortyna,Europe,Southern Europe,184,144,196,2026-08-21,Cretan City States,,"MULTIPOLYGON (((24.10714 34.82192, 24.09958 34.82459, 24.084…"
137,Kaudos,-500.1,-332.4,30.9,POLITY,,(Gortyna),Cretan City States - Gortyna - Kaudos,Europe,Southern Europe,184,148,192,2026-08-21,Cretan City States,,"POLYGON ((24.12669 34.80964, 24.13053 34.81539, 24.13747 34.…"
138,Hierapytna,-500.1,-332.4,191.8,POLITY,,(Cretan City States),Cretan City States - Hierapytna,Europe,Southern Europe,184,144,200,2026-08-21,Cretan City States,,"MULTIPOLYGON (((25.72808 34.88161, 25.71867 34.8807, 25.7120…"
139,Chrysea,-500.1,-332.4,4.9,POLITY,,(Hierapytna),Cretan City States - Hierapytna - Chrysea,Europe,Southern Europe,184,144,200,2026-08-21,Cretan City States,,"POLYGON ((25.72956 34.88311, 25.73531 34.88686, 25.74389 34.…"
140,Inatos,-500.1,-332.4,49.3,POLITY,,(Cretan City States),Cretan City States - Inatos,Europe,Southern Europe,184,145,197,2026-08-21,Cretan City States,,"POLYGON ((25.323 34.9988, 25.3127 34.99839, 25.30439 34.9979…"
141,Istron,-500.1,-332.4,27.5,POLITY,,(Cretan City States),Cretan City States - Istron,Europe,Southern Europe,184,145,192,2026-08-21,Cretan City States,,"POLYGON ((25.77475 35.12472, 25.7687 35.1142, 25.7596 35.105…"
142,Itanos,-500.1,-272.5,186.1,POLITY,,(Cretan City States),Cretan City States - Itanos,Europe,Southern Europe,184,144,195,2026-08-21,Cretan City States,,"MULTIPOLYGON (((26.15839 34.94528, 26.1517 34.94233, 26.1498…"
143,Leuke,-500.1,-272.5,3.6,POLITY,,(Itanos),Cretan City States - Itanos - Leuke,Europe,Southern Europe,184,144,195,2026-08-21,Cretan City States,,"POLYGON ((26.16653 34.95461, 26.16181 34.95856, 26.15433 34.…"
144,Onysia,-500.1,-272.5,1.4,POLITY,,(Itanos),Cretan City States - Itanos - Onysia,Europe,Southern Europe,184,144,194,2026-08-21,Cretan City States,,"POLYGON ((26.34645 35.27011, 26.35289 35.27164, 26.35431 35.…"
145,Kantanos,-500.1,-332.4,112.2,POLITY,,(Cretan City States),Cretan City States - Kantanos,Europe,Southern Europe,184,146,205,2026-08-21,Cretan City States,,"POLYGON ((23.65436 35.23972, 23.6594 35.2668, 23.6625 35.288…"
146,Keraea,-500.1,-332.4,148.5,POLITY,,(Cretan City States),Cretan City States - Keraea,Europe,Southern Europe,184,147,204,2026-08-21,Cretan City States,,"POLYGON ((23.73156 35.54647, 23.72806 35.53772, 23.72442 35.…"
147,Khersonasos,-500.1,-332.4,57.2,POLITY,,(Cretan City States),Cretan City States - Khersonasos,Europe,Southern Europe,184,145,200,2026-08-21,Cretan City States,,"POLYGON ((25.49128 35.29972, 25.494 35.2943, 25.4971 35.279,…"
148,Khersonesos,-500.1,-332.4,13.2,POLITY,,(Cretan City States),Cretan City States - Khersonesos,Europe,Southern Europe,184,147,192,2026-08-21,Cretan City States,,"POLYGON ((23.57153 35.44711, 23.5739 35.4499, 23.5892 35.453…"
149,Knossos,-500.1,-332.4,328.7,POLITY,,(Cretan City States),Cretan City States - Knossos,Europe,Southern Europe,184,148,193,2026-08-21,Cretan City States,,"MULTIPOLYGON (((25.3353 35.3248, 25.3383 35.3126, 25.3353 35…"
150,Dia,-500.1,-332.4,11.7,POLITY,,(Knossos),Cretan City States - Knossos - Dia,Europe,Southern Europe,184,148,193,2026-08-21,Cretan City States,,"POLYGON ((25.23936 35.45953, 25.24347 35.45561, 25.25297 35.…"
151,Kydonia,-500.1,-332.4,479.2,POLITY,,(Cretan City States),Cretan City States - Kydonia,Europe,Southern Europe,184,147,201,2026-08-21,Cretan City States,,"MULTIPOLYGON (((24.1234 35.4744, 24.1234 35.4591, 24.1204 35…"
152,Koite/Akytos,-500.1,-332.4,0.9,POLITY,,(Kydonia),Cretan City States - Kydonia - Koite/Akytos,Europe,Southern Europe,184,147,201,2026-08-21,Cretan City States,,"POLYGON ((23.93356 35.53353, 23.93911 35.53747, 23.94297 35.…"
153,Lappa,-500.1,-332.4,315.4,POLITY,,(Cretan City States),Cretan City States - Lappa,Europe,Southern Europe,184,147,198,2026-08-21,Cretan City States,,"MULTIPOLYGON (((24.2425 35.2973, 24.2547 35.3034, 24.2638 35…"
154,Lato,-500.1,-332.4,193.4,POLITY,,(Cretan City States),Cretan City States - Lato,Europe,Southern Europe,184,145,194,2026-08-21,Cretan City States,,"POLYGON ((25.7275 35.2253, 25.7184 35.2259, 25.7111 35.2331,…"
155,Lykastos,-500.1,-332.4,90.4,POLITY,,(Cretan City States),Cretan City States - Lykastos,Europe,Southern Europe,184,145,206,2026-08-21,Cretan City States,,"POLYGON ((25.0727 35.2424, 25.085 35.2393, 25.1002 35.2302, …"
156,Lyktos,-500.1,-332.4,371.4,POLITY,,(Cretan City States),Cretan City States - Lyktos,Europe,Southern Europe,184,145,201,2026-08-21,Cretan City States,,"POLYGON ((25.3444 35.2882, 25.3505 35.2882, 25.378 35.2882, …"
157,Malla,-500.1,-332.4,154.7,POLITY,,(Cretan City States),Cretan City States - Malla,Europe,Southern Europe,184,144,202,2026-08-21,Cretan City States,,"POLYGON ((25.56078 34.99981, 25.54606 34.99933, 25.52747 34.…"
158,Milatos,-500.1,-332.4,84.0,POLITY,,(Cretan City States),Cretan City States - Milatos,Europe,Southern Europe,184,145,198,2026-08-21,Cretan City States,,"POLYGON ((25.66556 35.34961, 25.6635 35.3386, 25.6635 35.325…"
159,Oleros,-500.1,-332.4,31.9,POLITY,,(Cretan City States),Cretan City States - Oleros,Europe,Southern Europe,184,145,193,2026-08-21,Cretan City States,,"POLYGON ((25.6833 35.1325, 25.6942 35.1234, 25.7097 35.1172,…"
160,Olous,-500.1,-332.4,77.3,POLITY,,(Cretan City States),Cretan City States - Olous,Europe,Southern Europe,184,145,196,2026-08-21,Cretan City States,,"POLYGON ((25.7275 35.2253, 25.7184 35.2259, 25.7111 35.2331,…"
161,Oreioi,-500.1,-332.4,386.0,POLITY,,(Cretan City States),Cretan City States - Oreioi,Europe,Southern Europe,184,146,204,2026-08-21,Cretan City States,,"POLYGON ((23.70767 35.24186, 23.7067 35.2454, 23.7113 35.260…"
162,Pergamos,-500.1,-332.4,110.1,POLITY,,(Cretan City States),Cretan City States - Pergamos,Europe,Southern Europe,184,147,203,2026-08-21,Cretan City States,,"POLYGON ((23.82783 35.53886, 23.8155 35.53897, 23.80311 35.5…"
163,Petra,-500.1,-332.4,83.8,POLITY,,(Cretan City States),Cretan City States - Petra,Europe,Southern Europe,184,144,206,2026-08-21,Cretan City States,,"POLYGON ((26.07142 35.22256, 26.0709 35.218, 26.0648 35.2088…"
164,Phaistos,-500.1,-332.4,283.6,POLITY,,(Cretan City States),Cretan City States - Phaistos,Europe,Southern Europe,184,146,195,2026-08-21,Cretan City States,,"MULTIPOLYGON (((24.7797 34.9921, 24.7766 34.9829, 24.7644 34…"
165,Letoa,-500.1,-332.4,1.1,POLITY,,(Phaistos),Cretan City States - Phaistos - Letoa,Europe,Southern Europe,184,146,196,2026-08-21,Cretan City States,,"POLYGON ((24.59022 35.00864, 24.59495 35.01117, 24.59633 35.…"
166,Phalasarna,-500.1,-332.4,90.3,POLITY,,(Cretan City States),Cretan City States - Phalasarna,Europe,Southern Europe,184,147,207,2026-08-21,Cretan City States,,"MULTIPOLYGON (((23.6319 35.5049, 23.6319 35.4896, 23.6197 35…"
167,Aigila/Ogylos,-500.1,-332.4,21.2,POLITY,,(Phalasarna),Cretan City States - Phalasarna - Aigila/Ogylos,Europe,Southern Europe,184,147,207,2026-08-21,Cretan City States,,"POLYGON ((23.30806 35.89147, 23.30028 35.89531, 23.29836 35.…"
168,Polichae,-500.1,-332.4,75.9,POLITY,,(Cretan City States),Cretan City States - Polichae,Europe,Southern Europe,184,147,202,2026-08-21,Cretan City States,,"POLYGON ((23.9194 35.5263, 23.91042 35.52508, 23.89245 35.52…"
169,Polichna,-500.1,-332.4,39.9,POLITY,,(Cretan City States),Cretan City States - Polichna,Europe,Southern Europe,184,144,204,2026-08-21,Cretan City States,,"POLYGON ((26.22617 35.25036, 26.2266 35.2462, 26.2276 35.241…"
170,Polyrrhenia,-500.1,-332.4,132.6,POLITY,,(Cretan City States),Cretan City States - Polyrrhenia,Europe,Southern Europe,184,147,205,2026-08-21,Cretan City States,,"POLYGON ((23.69242 35.50503, 23.67281 35.50392, 23.65767 35.…"
171,Praisos,-500.1,-332.4,431.1,POLITY,,(Cretan City States),Cretan City States - Praisos,Europe,Southern Europe,184,144,203,2026-08-21,Cretan City States,,"POLYGON ((26.09445 35, 26.09647 35.00622, 26.09406 35.01244,…"
172,Priansos,-500.1,-332.4,84.1,POLITY,,(Cretan City States),Cretan City States - Priansos,Europe,Southern Europe,184,144,198,2026-08-21,Cretan City States,,"POLYGON ((25.33739 34.9987, 25.32464 34.99889, 25.323 34.998…"
173,Psykheion,-500.1,-332.4,62.3,POLITY,,(Cretan City States),Cretan City States - Psykheion,Europe,Southern Europe,184,146,198,2026-08-21,Cretan City States,,"POLYGON ((24.54958 35.12297, 24.563 35.1294, 24.5569 35.1538…"
174,Raukos,-500.1,-332.4,129.2,POLITY,,(Cretan City States),Cretan City States - Raukos,Europe,Southern Europe,184,146,192,2026-08-21,Cretan City States,,"POLYGON ((25.0076 35.279, 25.0147 35.276, 25.0331 35.276, 25…"
175,Rhamnous,-500.1,-332.4,99.2,POLITY,,(Cretan City States),Cretan City States - Rhamnous,Europe,Southern Europe,184,146,207,2026-08-21,Cretan City States,,"POLYGON ((23.56556 35.41931, 23.5769 35.4197, 23.5924 35.421…"
176,Rhithymna,-500.1,-332.4,248.3,POLITY,,(Cretan City States),Cretan City States - Rhithymna,Europe,Southern Europe,184,147,197,2026-08-21,Cretan City States,,"POLYGON ((24.54333 35.37686, 24.52461 35.37431, 24.51009 35.…"
177,Rhytion,-500.1,-332.4,118.0,POLITY,,(Cretan City States),Cretan City States - Rhytion,Europe,Southern Europe,184,144,197,2026-08-21,Cretan City States,,"POLYGON ((25.2162 34.9951, 25.2162 34.989, 25.2223 34.9768, …"
178,Sisaia,-500.1,-332.4,42.8,POLITY,,(Cretan City States),Cretan City States - Sisaia,Europe,Southern Europe,184,147,193,2026-08-21,Cretan City States,,"POLYGON ((24.93381 35.40756, 24.93156 35.40964, 24.92625 35.…"
179,Stalai,-500.1,-332.4,27.9,POLITY,,(Cretan City States),Cretan City States - Stalai,Europe,Southern Europe,184,145,195,2026-08-21,Cretan City States,,"POLYGON ((25.87642 35.02183, 25.8725 35.0409, 25.8725 35.040…"
180,Sybrita,-500.1,-332.4,300.7,POLITY,,(Cretan City States),Cretan City States - Sybrita,Europe,Southern Europe,184,146,197,2026-08-21,Cretan City States,,"POLYGON ((24.64922 35.0957, 24.6454 35.1203, 24.6423 35.1325…"
181,Tylisos,-500.1,-332.4,151.3,POLITY,,(Cretan City States),Cretan City States - Tylisos,Europe,Southern Europe,184,146,193,2026-08-21,Cretan City States,,"POLYGON ((24.9934 35.2912, 24.9812 35.276, 24.9751 35.2638, …"
182,Croton,-550.0,-480.5,184.5,POLITY,,,Croton,Europe,Southern Europe,224,192,96,2026-08-21,Croton,,"POLYGON ((17.1343 39.181, 17.1217 39.181, 17.1093 39.1794, 1…"
183,Cushitic People,-1000.1,-1.0,961933.2,TRIBAL_AREA,,,Cushitic People,Africa,Northeast Africa,212,208,240,2026-08-21,Cushitic People,,"MULTIPOINT ((38.8 1.3), (36.55 2.3), (38.05 2.3), (39.55 2.3…"
184,D'mt,-980.1,-1.0,103341.6,POLITY,,,D'mt,Africa,Northeast Africa,224,176,16,2026-08-21,D'mt,,"MULTIPOLYGON (((39.7286 14.8866, 39.6717 14.8607, 39.6148 14…"
185,Dai,-770.1,-457.5,18113.0,POLITY,,,Dai,East Asia,North China,244,241,248,2026-08-21,Dai,,"POLYGON ((114.8563 39.9332, 114.8459 39.808, 114.8563 39.708…"
186,Dali,-550.5,-272.5,12998.2,POLITY,,,Dali,East Asia,North China,208,208,0,2026-08-21,Dali,,"POLYGON ((110 35.6545, 109.9827 35.7069, 109.931 35.769, 109…"
187,Daradas,-610.1,-1.0,20384.3,POLITY,,,Daradas,South Asia,Pakistan,244,243,253,2026-08-21,Daradas,,"POLYGON ((72.9481 36.1892, 72.9542 36.2183, 73.0125 36.335, …"
188,Dasarnas,-610.1,-349.5,18072.0,POLITY,,,Dasarnas,South Asia,North India,160,240,208,2026-08-21,Dasarnas,,"POLYGON ((78.3505 24.5946, 78.3858 24.5858, 78.4299 24.6034,…"
189,Dassaretis,-500.1,-399.5,6756.3,POLITY,,,Dassaretis,Europe,Southeastern Europe,176,128,128,2026-08-21,Dassaretis,,"POLYGON ((19.9327 41.5727, 19.9757 41.573, 20.024 41.5597, 2…"
190,Daunians,-800.1,-323.9,0.0,TRIBAL_AREA,,,Daunians,Europe,Southern Europe,228,144,96,2026-08-21,Daunians,Contained in border: Iapygii,POINT (15.5672 41.6942)
191,Desert Cultures,-2400.1,-1.0,2456948.3,TRIBAL_AREA,,,Desert Cultures,North America,East Coast,224,32,240,2026-08-21,Desert Cultures,,"MULTIPOINT ((-111.4 24.7), (-105.7 24.3), (-104.7 22.8), (-1…"
192,Di,-541.5,-407.5,7379.5,TRIBAL_AREA,,,Di,East Asia,North China,160,112,32,2026-08-21,Di,,"MULTIPOINT ((109.55 37.3), (110.3 36.3), (110.3 38.3))"
193,Di(2),-771.1,-361.5,33939.0,POLITY,,,Di(2),East Asia,North China,244,242,247,2026-08-21,Di(2),,"POLYGON ((104.8609 32.5452, 104.7565 32.4409, 104.5583 32.27…"
194,Dolopia,-695.5,-339.1,1334.3,POLITY,,,Dolopia,Europe,Southern Europe,112,128,224,2026-08-21,Dolopia,,"POLYGON ((21.5038 39.0495, 21.5138 39.072, 21.5262 39.1133, …"
195,Donghu,-770.1,-1.0,206403.8,POLITY,,,Donghu,East Asia,North China,244,243,242,2026-08-21,Donghu,,"POLYGON ((119.5808 41.7683, 119.1933 41.6933, 118.7308 41.84…"
196,Dorians,-500.1,-499.2,1023.6,TRIBAL_AREA,,,Dorians,Europe,Southern Europe,176,144,208,2026-08-21,Dorians,Contained in border: Thesprotians,"MULTIPOLYGON (((25.21239 36.24675, 25.20814 36.24561, 25.199…"
197,Anaphe,-1100.5,-338.2,40.2,POLITY,,(Dorians),Dorians - Anaphe,Europe,Southern Europe,176,144,219,2026-08-21,Dorians,,"POLYGON ((25.77814 36.39703, 25.77308 36.39864, 25.76889 36.…"
198,Astypalaia,-1100.5,-469.5,102.1,POLITY,,(Dorians),Dorians - Astypalaia,Southwest Asia,Anatolia-Caucasus,176,144,220,2026-08-21,Dorians,,"POLYGON ((26.42825 36.58067, 26.42897 36.574, 26.44345 36.58…"
199,Ephyra,-1100.5,-480.9,9.4,POLITY,,(Dorians),Dorians - Ephyra,Europe,Southern Europe,176,144,211,2026-08-21,Dorians,,"POLYGON ((24.248 36.77542, 24.25111 36.77794, 24.25389 36.78…"
200,Karpathos,-1100.5,-499.2,308.9,POLITY,,(Dorians),Dorians - Karpathos,Europe,Southern Europe,176,145,219,2026-08-21,Dorians,,"POLYGON ((27.22314 35.54817, 27.22356 35.54731, 27.22058 35.…"
201,Kasos,-1100.5,-499.2,67.8,POLITY,,(Dorians),Dorians - Kasos,Europe,Southern Europe,176,145,220,2026-08-21,Dorians,,"POLYGON ((26.86834 35.37983, 26.86036 35.38053, 26.85742 35.…"
202,Kimolos,-1100.5,-480.9,39.2,POLITY,,(Dorians),Dorians - Kimolos,Europe,Southern Europe,176,144,213,2026-08-21,Dorians,,"POLYGON ((24.54636 36.77956, 24.55461 36.78003, 24.56656 36.…"
203,Lipara,-578.5,-304.5,36.3,POLITY,,(Dorians),Dorians - Lipara,Europe,Southern Europe,176,146,223,2026-08-21,Dorians,,"POLYGON ((14.95717 38.4592, 14.96325 38.45284, 14.95508 38.4…"
204,Melos,-1100.5,-480.9,172.2,POLITY,,(Dorians),Dorians - Melos,Europe,Southern Europe,176,144,212,2026-08-21,Dorians,,"POLYGON ((24.33381 36.64878, 24.34172 36.65364, 24.36586 36.…"
205,Pholegandros,-1100.5,-338.2,34.8,POLITY,,(Dorians),Dorians - Pholegandros,Europe,Southern Europe,176,144,215,2026-08-21,Dorians,,"POLYGON ((24.93411 36.59559, 24.95117 36.5965, 24.95514 36.5…"
206,Polyaigos,-1100.5,-480.9,18.3,POLITY,,(Dorians),Dorians - Polyaigos,Europe,Southern Europe,176,144,214,2026-08-21,Dorians,,"POLYGON ((24.65208 36.74883, 24.66572 36.75803, 24.66742 36.…"
207,Saros,-1100.5,-499.2,22.5,POLITY,,(Dorians),Dorians - Saros,Southwest Asia,Anatolia-Caucasus,176,145,218,2026-08-21,Dorians,,"POLYGON ((27.24086 35.83536, 27.24314 35.836, 27.24339 35.84…"
208,Sikinos,-1100.5,-469.5,42.9,POLITY,,(Dorians),Dorians - Sikinos,Europe,Southern Europe,176,144,216,2026-08-21,Dorians,,"POLYGON ((25.07167 36.63603, 25.07678 36.63692, 25.10836 36.…"
209,Syrnos,-1100.5,-338.2,8.1,POLITY,,(Dorians),Dorians - Syrnos,Southwest Asia,Anatolia-Caucasus,176,144,221,2026-08-21,Dorians,,"POLYGON ((26.68556 36.32498, 26.68925 36.32586, 26.69222 36.…"
210,Thera,-1100.5,-430.5,80.4,POLITY,,(Dorians),Dorians - Thera,Europe,Southern Europe,176,144,218,2026-08-21,Dorians,,"POLYGON ((25.44539 36.33209, 25.47414 36.35486, 25.49175 36.…"
211,Therasia,-1100.5,-430.5,10.2,POLITY,,(Dorians),Dorians - Therasia,Europe,Southern Europe,176,144,217,2026-08-21,Dorians,,"POLYGON ((25.35322 36.41025, 25.35186 36.42011, 25.35358 36.…"
212,Doris,-695.5,-339.1,179.0,POLITY,,,Doris,Europe,Southern Europe,180,144,208,2026-08-21,Doris,,"POLYGON ((22.309 38.7345, 22.3421 38.7304, 22.3752 38.7366, …"
213,Dravidians,-600.5,-430.5,1377951.0,TRIBAL_AREA,,,Dravidians,South Asia,North India,240,208,96,2026-08-21,Dravidians,,"MULTIPOINT ((77.3776 8.3706), (76.95 8.75), (77.9 8.75), (76…"
214,Duchy of Jin,-502.5,-491.2,211971.5,POLITY,,,Duchy of Jin,East Asia,North China,176,240,160,2026-08-21,Duchy of Jin,,"POLYGON ((110.8679 33.9109, 110.8222 33.8753, 110.7087 33.90…"
215,Dun,-770.1,-496.5,695.2,POLITY,,,Dun,East Asia,North China,248,240,48,2026-08-21,Dun,,"POLYGON ((115.025 33.555, 115.0383 33.5233, 115.055 33.49, 1…"
216,Dvaraka,-610.1,-317.5,9356.5,POLITY,,,Dvaraka,South Asia,North India,208,208,160,2026-08-21,Dvaraka,,"MULTIPOLYGON (((69.73703 21.49925, 69.68203 21.55203, 69.633…"
217,East African Peoples,-1000.1,-1.0,0.0,TRIBAL_AREA,,,East African Peoples,Africa,Northeast Africa,216,208,240,2026-08-21,East African Peoples,,POINT (50.49 9.3)
218,Eastern Woodland Peoples,-800.1,-1.0,4191760.5,TRIBAL_AREA,,,Eastern Woodland Peoples,North America,East Coast,80,176,64,2026-08-21,Eastern Woodland Peoples,,"MULTIPOINT ((-81.7 27.3), (-82.4 28.8), (-93.7 33.3), (-94.7…"
219,Elimiotis,-540.5,-475.5,1482.6,POLITY,,,Elimiotis,Europe,Southern Europe,228,128,96,2026-08-21,Elimiotis,,"POLYGON ((21.8646 40, 21.8407 40.0093, 21.8007 40.031, 21.76…"
220,Elis,-572.5,-480.9,3124.0,POLITY,,,Elis,Europe,Southern Europe,144,144,240,2026-08-21,Elis,,"MULTIPOLYGON (((21.7951 37.5633, 21.8017 37.5517, 21.8017 37…"
221,Bouchetion,-701.5,-365.7,169.1,POLITY,,(Elis),Elis - Bouchetion,Europe,Southern Europe,144,144,241,2026-08-21,Elis,,"POLYGON ((20.9249 39.1702, 20.9231 39.1795, 20.9202 39.1884,…"
222,Elateia,-667.5,-342.7,169.1,POLITY,,(Elis),Elis - Elateia,Europe,Southern Europe,144,144,244,2026-08-21,Elis,,"POLYGON ((20.79 39.1727, 20.7882 39.182, 20.7853 39.1909, 20…"
223,Pandosia,-685.1,-342.7,168.8,POLITY,,(Elis),Elis - Pandosia,Europe,Southern Europe,144,144,243,2026-08-21,Elis,,"POLYGON ((20.7521 39.2878, 20.7503 39.2971, 20.7474 39.306, …"
224,Eordaia,-540.5,-475.5,1610.4,POLITY,,,Eordaia,Europe,Southern Europe,248,160,144,2026-08-21,Eordaia,,"POLYGON ((21.8486 40.8304, 21.8148 40.8393, 21.7698 40.841, …"
225,Epicnemidian Locris,-650.5,-490.5,379.1,POLITY,,,Epicnemidian Locris,Europe,Southern Europe,136,224,240,2026-08-21,Epicnemidian Locris,,"MULTIPOLYGON (((22.59122 38.83125, 22.59686 38.83845, 22.598…"
226,Thronion,-650.5,-490.5,102.3,POLITY,,(Epicnemidian Locris),Epicnemidian Locris - Thronion,Europe,Southeastern Europe,136,224,241,2026-08-21,Epicnemidian Locris,,"POLYGON ((19.5067 40.4529, 19.5134 40.4635, 19.5188 40.4749,…"
227,Eretria,-650.5,-490.3,1335.4,POLITY,,,Eretria,Europe,Southern Europe,240,144,192,2026-08-21,Eretria,,"MULTIPOLYGON (((24.51972 37.94353, 24.52464 37.94261, 24.529…"
228,Etruria,-515.5,-482.5,62785.5,POLITY,,,Etruria,Europe,Southern Europe,212,208,32,2026-08-21,Etruria,,"MULTIPOLYGON (((9.104584 41.42256, 9.108111 41.42606, 9.1086…"
229,Aritim,-760.0,-310.4,1388.3,POLITY,,(Etruria),Etruria - Aritim,Europe,Southern Europe,212,208,34,2026-08-21,Etruria,,"POLYGON ((12.0167 43.7633, 12.0367 43.755, 12.0217 43.7383, …"
230,Caisra,-760.0,-390.6,1318.1,POLITY,,(Etruria),Etruria - Caisra,Europe,Southern Europe,212,208,41,2026-08-21,Etruria,,"POLYGON ((12.0241 42.2093, 12.0614 42.23, 12.1152 42.2672, 1…"
231,Capeva,-600.0,-450.5,292.4,POLITY,,(Etruria),Etruria - Capeva,Europe,Southern Europe,212,209,33,2026-08-21,Etruria,,"POLYGON ((14.3494 41.0986, 14.3471 41.111, 14.3432 41.1229, …"
232,Clevsin,-760.0,-310.6,1024.1,POLITY,,(Etruria),Etruria - Clevsin,Europe,Southern Europe,212,208,35,2026-08-21,Etruria,,"POLYGON ((11.7114 43.1669, 11.759 43.1731, 11.7983 43.1752, …"
233,Corsica,-525.5,-266.5,8752.5,POLITY,,(Etruria),Etruria - Corsica,Europe,Western Europe,212,209,36,2026-08-21,Etruria,,"POLYGON ((9.097778 41.39728, 9.105194 41.40311, 9.115778 41.…"
234,Curtun,-760.0,-310.4,1036.4,POLITY,,(Etruria),Etruria - Curtun,Europe,Southern Europe,212,208,36,2026-08-21,Etruria,,"POLYGON ((11.6555 43.32, 11.701 43.3304, 11.7507 43.3386, 11…"
235,Fulfluna,-760.0,-266.5,723.0,POLITY,,(Etruria),Etruria - Fulfluna,Europe,Southern Europe,212,208,37,2026-08-21,Etruria,,"POLYGON ((10.53331 43.17433, 10.5486 43.171, 10.5755 43.1721…"
236,Padanian Etruria,-515.5,-400.1,30264.5,POLITY,,(Etruria),Etruria - Padanian Etruria,Europe,Southern Europe,212,208,41,2026-08-21,Etruria,,"POLYGON ((12.45508 44.999, 12.46064 45, 12.46347 45.0005, 12…"
237,Pompeii,-524.0,-470.5,63.5,POLITY,,(Etruria),Etruria - Pompeii,Europe,Southern Europe,212,210,32,2026-08-21,Etruria,,"POLYGON ((14.476 40.7003, 14.4823 40.6995, 14.4885 40.6995, …"
238,Purusna,-760.0,-310.4,668.2,POLITY,,(Etruria),Etruria - Purusna,Europe,Southern Europe,212,208,42,2026-08-21,Etruria,,"POLYGON ((12.29195 43.32358, 12.28908 43.32281, 12.26392 43.…"
239,Tarchuna,-760.0,-266.5,1273.3,POLITY,,(Etruria),Etruria - Tarchuna,Europe,Southern Europe,212,208,33,2026-08-21,Etruria,,"POLYGON ((11.6566 42.2948, 11.6814 42.3103, 11.7217 42.3372,…"
240,V(F)elathri,-760.0,-266.5,5098.7,POLITY,,(Etruria),Etruria - V(F)elathri,Europe,Southern Europe,212,208,39,2026-08-21,Etruria,,"POLYGON ((10.27458 43.68737, 10.30611 43.68412, 10.3165 43.6…"
241,Vatluna,-760.0,-266.5,1915.0,POLITY,,(Etruria),Etruria - Vatluna,Europe,Southern Europe,212,208,38,2026-08-21,Etruria,,"POLYGON ((10.74683 42.92878, 10.749 42.94, 10.7676 42.9586, …"
242,Veii,-626.5,-482.5,982.1,POLITY,,(Etruria),Etruria - Veii,Europe,Southern Europe,212,208,43,2026-08-21,Etruria,,"POLYGON ((12.18172 41.87075, 12.20197 41.87533, 12.20381 41.…"
243,Velch,-760.0,-280.6,2237.5,POLITY,,(Etruria),Etruria - Velch,Europe,Southern Europe,212,208,40,2026-08-21,Etruria,,"POLYGON ((11.18586 42.52811, 11.1983 42.5359, 11.2179 42.547…"
244,Velzna,-760.0,-280.6,2899.0,POLITY,,(Etruria),Etruria - Velzna,Europe,Southern Europe,212,208,44,2026-08-21,Etruria,,"POLYGON ((12.0279 42.9331, 12.0559 42.9372, 12.0797 42.9404,…"
245,Finns,-750.1,-1.0,1156929.8,TRIBAL_AREA,,,Finns,Central and Northern Eurasia,Siberia,16,240,240,2026-08-21,Finns,,"MULTIPOINT ((40.3 50.3), (42.3 50.3), (44.3 50.3), (46.3 50.…"
246,Garamantes,-500.1,-1.0,151314.3,POLITY,,,Garamantes,Africa,Northeast Africa,244,240,240,2026-08-21,Garamantes,Overlaps dot-tribe(s): Saharan Peoples,"POLYGON ((25.0527 29.9564, 25.0893 29.9081, 25.116 29.8414, …"
247,Gela,-505.5,-496.5,169.6,POLITY,,,Gela,Europe,Southern Europe,224,112,192,2026-08-21,Gela,,"POLYGON ((14.1634 37.0945, 14.17478 37.09025, 14.20839 37.08…"
248,Gojoseon,-770.1,-280.5,52632.7,POLITY,,,Gojoseon,East Asia,North China,224,128,192,2026-08-21,Gojoseon,,"MULTIPOLYGON (((124.3546 39.98478, 124.3436 39.9805, 124.335…"
249,Guifang,-770.1,-302.5,614078.3,TRIBAL_AREA,,,Guifang,Central and Northern Eurasia,Mongolia,32,192,32,2026-08-21,Guifang,,"MULTIPOINT ((96.3 40.3), (98.3 40.3), (100.3 40.3), (97.3 41…"
250,Hu,-770.1,-495.5,2763.3,POLITY,,,Hu,East Asia,North China,228,224,112,2026-08-21,Hu,,"POLYGON ((115.9035 33.1017, 115.9397 33.0914, 115.9914 33.05…"
251,Iapygii,-500.1,-318.5,13992.1,POLITY,,,Iapygii,Europe,Southern Europe,244,240,253,2026-08-21,Iapygii,"Overlaps dot-tribe(s): Daunians, Peucetians, Messapians","POLYGON ((15.34139 41.91739, 15.34533 41.91245, 15.35331 41.…"
252,Iberians,-600.0,-1.0,392452.6,TRIBAL_AREA,,,Iberians,Europe,Southern Europe,144,240,16,2026-08-21,Iberians,,"MULTIPOINT ((-6.7 39.3), (-5.2 39.3), (-3.7 37.3), (-2.2 37.…"
253,Illyrians,-800.1,-1.0,0.0,TRIBAL_AREA,,,Illyrians,Europe,Southeastern Europe,176,128,64,2026-08-21,Illyrians,Contained in border: Illyrioi,POINT (13.94 45.3)
254,Grabaei,-500.1,-429.1,0.0,TRIBAL_AREA,,(Illyrians),Illyrians - Grabaei,Europe,Southeastern Europe,176,128,68,2026-08-21,Illyrians,,POINT (19.6117 42.3608)
255,Illyrioi,-500.1,-1.0,41104.6,POLITY,,,Illyrioi,Europe,Southeastern Europe,244,241,240,2026-08-21,Illyrioi,Overlaps dot-tribe(s): Illyrians,"POLYGON ((18 42.69697, 17.99956 42.69697, 17.99067 42.70328,…"
256,Indo-Aryans,-515.5,-345.5,447992.1,TRIBAL_AREA,,,Indo-Aryans,South Asia,North India,144,224,224,2026-08-21,Indo-Aryans,,"MULTIPOINT ((76.25 19.25), (75.75 19.85), (76.75 19.85), (69…"
257,Ionians,-500.5,-499.2,4204.6,TRIBAL_AREA,,,Ionians,Europe,Southern Europe,240,192,224,2026-08-21,Ionians,,"MULTIPOLYGON (((14.9445 37.2011, 14.9344 37.2085, 14.9252 37…"
258,Amorgos,-1040.5,-469.5,120.0,POLITY,,(Ionians),Ionians - Amorgos,Southwest Asia,Anatolia-Caucasus,240,194,232,2026-08-21,Ionians,,"POLYGON ((25.80211 36.76948, 25.80639 36.77011, 25.82189 36.…"
259,Belbina,-1040.5,-480.9,8.1,POLITY,,(Ionians),Ionians - Belbina,Europe,Southern Europe,240,192,231,2026-08-21,Ionians,,"POLYGON ((23.92572 37.463, 23.93486 37.46697, 23.94381 37.46…"
260,Catane,-728.5,-496.5,208.6,POLITY,,(Ionians),Ionians - Catane,Europe,Southern Europe,240,195,232,2026-08-21,Ionians,,"MULTIPOLYGON (((15.0925 37.40225, 15.092916538461537 37.4032…"
261,Donousa,-1040.5,-499.2,14.9,POLITY,,(Ionians),Ionians - Donousa,Southwest Asia,Anatolia-Caucasus,240,194,228,2026-08-21,Ionians,,"POLYGON ((25.82883 37.09028, 25.83695 37.098, 25.83817 37.10…"
262,Elea,-540.5,-393.5,179.8,POLITY,,(Ionians),Ionians - Elea,Europe,Southern Europe,240,197,239,2026-08-21,Ionians,,"POLYGON ((15.2371 40.1017, 15.2438 40.1123, 15.2492 40.1237,…"
263,Gyaros,-1040.5,-469.5,16.7,POLITY,,(Ionians),Ionians - Gyaros,Europe,Southern Europe,240,192,236,2026-08-21,Ionians,,"POLYGON ((24.74284 37.59561, 24.74397 37.59675, 24.73561 37.…"
264,Helena,-1040.5,-480.9,19.1,POLITY,,(Ionians),Ionians - Helena,Europe,Southern Europe,240,192,232,2026-08-21,Ionians,,"POLYGON ((24.10725 37.65109, 24.11042 37.65178, 24.11383 37.…"
265,Herakleia,-1040.5,-469.5,17.0,POLITY,,(Ionians),Ionians - Herakleia,Europe,Southern Europe,240,194,235,2026-08-21,Ionians,,"POLYGON ((25.45745 36.82347, 25.46575 36.82914, 25.47542 36.…"
266,Himera,-648.5,-488.5,188.8,POLITY,,(Ionians),Ionians - Himera,Europe,Southern Europe,240,196,238,2026-08-21,Ionians,,"POLYGON ((13.7233 37.9833, 13.7225 37.9708, 13.7233 37.9583,…"
267,Ios,-1040.5,-469.5,112.2,POLITY,,(Ionians),Ionians - Ios,Europe,Southern Europe,240,194,236,2026-08-21,Ionians,,"POLYGON ((25.35761 36.64642, 25.36331 36.64686, 25.36617 36.…"
268,KItanos,-1040.5,-469.5,4.1,POLITY,,(Ionians),Ionians - KItanos,Southwest Asia,Anatolia-Caucasus,240,194,231,2026-08-21,Ionians,,"POLYGON ((26.28506 36.97367, 26.28856 36.97822, 26.30117 36.…"
269,Kekryphaleia,-1040.5,-480.9,0.8,POLITY,,(Ionians),Ionians - Kekryphaleia,Europe,Southern Europe,240,192,228,2026-08-21,Ionians,,"POLYGON ((23.2602 37.70206, 23.26567 37.70258, 23.26881 37.7…"
270,Keos,-650.5,-480.9,135.1,POLITY,,(Ionians),Ionians - Keos,Europe,Southern Europe,240,192,235,2026-08-21,Ionians,,"POLYGON ((24.40989 37.648, 24.41131 37.6512, 24.40956 37.655…"
271,Keria,-1040.5,-469.5,14.9,POLITY,,(Ionians),Ionians - Keria,Southwest Asia,Anatolia-Caucasus,240,194,233,2026-08-21,Ionians,,"POLYGON ((25.64156 36.88261, 25.638 36.88472, 25.62625 36.88…"
272,Kythnos,-1040.5,-480.9,99.5,POLITY,,(Ionians),Ionians - Kythnos,Europe,Southern Europe,240,192,238,2026-08-21,Ionians,,"POLYGON ((24.37522 37.30494, 24.40181 37.31514, 24.40495 37.…"
273,Leontini,-729.5,-496.5,308.4,POLITY,,(Ionians),Ionians - Leontini,Europe,Southern Europe,240,195,230,2026-08-21,Ionians,,"POLYGON ((14.9918 37.1857, 14.9794 37.1873, 14.9672 37.1904,…"
274,Levinthos,-1040.5,-469.5,11.3,POLITY,,(Ionians),Ionians - Levinthos,Southwest Asia,Anatolia-Caucasus,240,194,230,2026-08-21,Ionians,,"POLYGON ((26.42339 36.998, 26.42025 36.9977, 26.42106 36.995…"
275,Miletus,-512.5,-497.5,526.4,POLITY,,(Ionians),Ionians - Miletus,Central and Northern Eurasia,Siberia,240,198,232,2026-08-21,Ionians,,"MULTIPOLYGON (((35.36369 44.98806, 35.36314 44.98789, 35.359…"
276,Borysthenes/Olbia,-647.5,-1.0,108.4,POLITY,,(Miletus),Ionians - Miletus - Borysthenes/Olbia,Central and Northern Eurasia,Pontic-Caspian,240,196,239,2026-08-21,Ionians,,"POLYGON ((31.8707 46.787, 31.859 46.7824, 31.848 46.7763, 31…"
277,Pantikapaion,-604.5,-480.5,235.9,POLITY,,(Miletus),Ionians - Miletus - Pantikapaion,Central and Northern Eurasia,Siberia,240,197,230,2026-08-21,Ionians,,"POLYGON ((36.4166 45.4377, 36.4065 45.4303, 36.3973 45.4217,…"
278,Theodosia,-546.5,-480.5,182.1,POLITY,,(Miletus),Ionians - Miletus - Theodosia,Central and Northern Eurasia,Siberia,240,198,232,2026-08-21,Ionians,,"POLYGON ((35.39553 44.99781, 35.36369 44.98806, 35.36314 44.…"
279,Mylae,-716.5,-494.2,116.0,POLITY,,(Ionians),Ionians - Mylae,Europe,Southern Europe,240,195,237,2026-08-21,Ionians,,"POLYGON ((15.1664 38.1527, 15.1675 38.1509, 15.1766 38.1423,…"
280,Naxos (Sicily),-734.4,-495.5,161.5,POLITY,,(Ionians),Ionians - Naxos (Sicily),Europe,Southern Europe,240,195,228,2026-08-21,Ionians,,"POLYGON ((15.3337 37.8985, 15.3315 37.8995, 15.3214 37.9069,…"
281,Nymphaion,-570.5,-480.5,118.1,POLITY,,(Ionians),Ionians - Nymphaion,Central and Northern Eurasia,Siberia,240,197,230,2026-08-21,Ionians,,"MULTIPOLYGON (((36.3826 45.3051, 36.3893 45.2945, 36.3973 45…"
282,Oliaros,-1040.5,-469.5,36.9,POLITY,,(Ionians),Ionians - Oliaros,Europe,Southern Europe,240,194,229,2026-08-21,Ionians,,"POLYGON ((25.07136 36.94328, 25.07364 36.94464, 25.07422 36.…"
283,Paros,-1040.5,-491.5,195.4,POLITY,,(Ionians),Ionians - Paros,Europe,Southern Europe,240,194,227,2026-08-21,Ionians,,"POLYGON ((25.17961 36.98089, 25.18589 36.98131, 25.19619 36.…"
284,Phanagoria,-544.5,-480.5,211.6,POLITY,,(Ionians),Ionians - Phanagoria,Central and Northern Eurasia,Siberia,240,197,237,2026-08-21,Ionians,,"POLYGON ((36.868 45.2398, 36.8733 45.2284, 36.88 45.2178, 36…"
285,Phocaea,-525.5,-389.5,531.5,POLITY,,(Ionians),Ionians - Phocaea,Europe,Western Europe,240,197,232,2026-08-21,Ionians,,"MULTIPOLYGON (((3.1154 42.2336, 3.111028 42.21953, 3.105444 …"
286,Agatha,-525.5,-1.0,148.7,POLITY,,(Phocaea),Ionians - Phocaea - Agatha,Europe,Western Europe,240,198,226,2026-08-21,Ionians,,"POLYGON ((3.571694 43.33595, 3.5661 43.3426, 3.562417 43.349…"
287,Emporion,-575.5,-1.0,191.8,POLITY,,(Phocaea),Ionians - Phocaea - Emporion,Europe,Southern Europe,240,197,233,2026-08-21,Ionians,,"POLYGON ((3.1083 42.2332, 3.0958 42.2317, 3.0836 42.2285, 3.…"
288,Massalia,-600.5,-389.5,191.0,POLITY,,(Phocaea),Ionians - Phocaea - Massalia,Europe,Western Europe,240,197,232,2026-08-21,Ionians,,"POLYGON ((5.4462 43.2198, 5.4554 43.2284, 5.4634 43.2381, 5.…"
289,Prepesinthos,-1040.5,-469.5,6.8,POLITY,,(Ionians),Ionians - Prepesinthos,Europe,Southern Europe,240,193,225,2026-08-21,Ionians,,"POLYGON ((25.00378 36.97525, 25.00864 36.97434, 25.01206 36.…"
290,Schinoussa,-1040.5,-469.5,9.2,POLITY,,(Ionians),Ionians - Schinoussa,Europe,Southern Europe,240,194,234,2026-08-21,Ionians,,"POLYGON ((25.52567 36.84075, 25.52797 36.84511, 25.52922 36.…"
291,Seriphos,-1040.5,-480.9,76.5,POLITY,,(Ionians),Ionians - Seriphos,Europe,Southern Europe,240,192,239,2026-08-21,Ionians,,"POLYGON ((24.46317 37.2007, 24.46495 37.20578, 24.47014 37.2…"
292,Siphnos,-1040.5,-480.9,74.3,POLITY,,(Ionians),Ionians - Siphnos,Europe,Southern Europe,240,193,224,2026-08-21,Ionians,,"POLYGON ((24.70542 36.9092, 24.71708 36.91494, 24.71992 36.9…"
293,Syros,-1040.5,-469.5,83.7,POLITY,,(Ionians),Ionians - Syros,Europe,Southern Europe,240,192,237,2026-08-21,Ionians,,"POLYGON ((24.88509 37.36506, 24.89828 37.37561, 24.90575 37.…"
294,Thasos,-651.5,-492.3,381.7,POLITY,,(Ionians),Ionians - Thasos,Europe,Southern Europe,240,196,237,2026-08-21,Ionians,,"MULTIPOLYGON (((24.782 40.66659, 24.78686 40.67356, 24.79008…"
295,Zancle,-723.5,-494.2,185.0,POLITY,,(Ionians),Ionians - Zancle,Europe,Southern Europe,240,195,235,2026-08-21,Ionians,,"POLYGON ((15.49389 38.27973, 15.516 38.29514, 15.53122 38.30…"
296,Italics,-800.1,-450.5,13755.1,TRIBAL_AREA,,,Italics,Europe,Southern Europe,240,112,0,2026-08-21,Italics,"Contained in border: Bruttii, Lucani","MULTIPOINT ((15.9379 38.1468), (16.3103 38.5785), (16.3259 3…"
297,Jomon Culture,-2400.1,-1.0,209083.1,TRIBAL_AREA,,,Jomon Culture,East Asia,Northeast Asia,128,240,192,2026-08-21,Jomon Culture,,"MULTIPOINT ((130.5 31.9), (131.4 32.7), (130.3 33.42), (132.…"
298,Ju,-523.5,-469.5,5937.8,POLITY,,,Ju,East Asia,North China,192,96,160,2026-08-21,Ju,,"POLYGON ((119.1949 34.96511, 119.1945 34.91873, 119.19 34.91…"
299,Kaccha,-610.1,-317.5,12408.0,POLITY,,,Kaccha,South Asia,North India,244,244,242,2026-08-21,Kaccha,,"POLYGON ((69.9468 22.9898, 69.8735 22.9415, 69.7785 22.9132,…"
300,Kalaurian Amphictiony,-520.5,-494.5,1165.3,POLITY,,,Kalaurian Amphictiony,Europe,Southern Europe,244,160,160,2026-08-21,Kalaurian Amphictiony,,"MULTIPOLYGON (((23.16175 37.23145, 23.16597 37.23447, 23.181…"
301,Aperopia,-670.5,-494.5,14.2,POLITY,,(Kalaurian Amphictiony),Kalaurian Amphictiony - Aperopia,Europe,Southern Europe,244,160,163,2026-08-21,Kalaurian Amphictiony,,"POLYGON ((23.31167 37.3215, 23.34433 37.3235, 23.35878 37.33…"
302,Aristera,-670.5,-494.5,1.8,POLITY,,(Kalaurian Amphictiony),Kalaurian Amphictiony - Aristera,Europe,Southern Europe,244,160,165,2026-08-21,Kalaurian Amphictiony,,"POLYGON ((23.17811 37.21745, 23.18153 37.21819, 23.18292 37.…"
303,Epidauria,-670.5,-494.5,487.2,POLITY,,(Kalaurian Amphictiony),Kalaurian Amphictiony - Epidauria,Europe,Southern Europe,244,160,168,2026-08-21,Kalaurian Amphictiony,,"POLYGON ((23.17947 37.80686, 23.17783 37.78967, 23.17908 37.…"
304,Hermionis,-670.5,-494.5,552.9,POLITY,,(Kalaurian Amphictiony),Kalaurian Amphictiony - Hermionis,Europe,Southern Europe,244,160,167,2026-08-21,Kalaurian Amphictiony,,"POLYGON ((23.2725 37.55828, 23.27664 37.55397, 23.30239 37.5…"
305,Hydroussa/Hydrea,-670.5,-494.5,50.4,POLITY,,(Kalaurian Amphictiony),Kalaurian Amphictiony - Hydroussa/Hydrea,Europe,Southern Europe,244,160,162,2026-08-21,Kalaurian Amphictiony,,"POLYGON ((23.37339 37.30347, 23.3892 37.31625, 23.40997 37.3…"
306,Kalaureia,-670.5,-494.5,24.9,POLITY,,(Kalaurian Amphictiony),Kalaurian Amphictiony - Kalaureia,Europe,Southern Europe,244,160,161,2026-08-21,Kalaurian Amphictiony,,"POLYGON ((23.46031 37.49844, 23.46406 37.50031, 23.46456 37.…"
307,Pityonesos,-670.5,-494.5,11.9,POLITY,,(Kalaurian Amphictiony),Kalaurian Amphictiony - Pityonesos,Europe,Southern Europe,244,160,173,2026-08-21,Kalaurian Amphictiony,,"POLYGON ((23.34228 37.67606, 23.3482 37.683, 23.37439 37.698…"
308,Pityoussa,-670.5,-494.5,20.9,POLITY,,(Kalaurian Amphictiony),Kalaurian Amphictiony - Pityoussa,Europe,Southern Europe,244,160,164,2026-08-21,Kalaurian Amphictiony,,"POLYGON ((23.14356 37.23808, 23.15778 37.24239, 23.16608 37.…"
309,Trikrana,-670.5,-494.5,1.1,POLITY,,(Kalaurian Amphictiony),Kalaurian Amphictiony - Trikrana,Europe,Southern Europe,244,160,166,2026-08-21,Kalaurian Amphictiony,,"POLYGON ((23.27825 37.26214, 23.28278 37.26517, 23.28492 37.…"
310,Kalinga,-610.1,-430.5,49742.6,POLITY,,,Kalinga,South Asia,North India,240,208,160,2026-08-21,Kalinga,,"POLYGON ((84.96094 19.29158, 84.92741 19.26167, 84.92606 19.…"
311,Karusha,-610.1,-301.5,25419.4,POLITY,,,Karusha,South Asia,North India,80,192,208,2026-08-21,Karusha,,"POLYGON ((80.477 22.5863, 80.5035 22.5995, 80.5255 22.6436, …"
312,Kasmira,-500.5,-256.5,52265.1,POLITY,,,Kasmira,South Asia,North India,208,128,208,2026-08-21,Kasmira,,"POLYGON ((76.1879 34.9839, 76.2321 34.9575, 76.2056 34.9001,…"
313,Khoisan Peoples,-2400.1,-1.0,6744871.7,TRIBAL_AREA,,,Khoisan Peoples,Africa,Southern Africa,104,176,176,2026-08-21,Khoisan Peoples,,"MULTIPOINT ((18.6 -33.7), (19.3 -32.7), (18.55 -31.7), (17.8…"
314,Kingdom of Argos,-546.5,-494.5,1576.4,POLITY,,,Kingdom of Argos,Europe,Southern Europe,224,112,224,2026-08-21,Kingdom of Argos,,"POLYGON ((22.96 37.6967, 22.9767 37.6783, 22.98 37.655, 22.9…"
315,Argolid,-670.5,-494.1,1200.3,POLITY,,(Kingdom of Argos),Kingdom of Argos - Argolid,Europe,Southern Europe,224,112,225,2026-08-21,Kingdom of Argos,,"POLYGON ((22.75031 37.44122, 22.7272 37.4491, 22.69 37.4509,…"
316,Nauplia,-623.5,-494.5,376.2,POLITY,,(Kingdom of Argos),Kingdom of Argos - Nauplia,Europe,Southern Europe,224,112,231,2026-08-21,Kingdom of Argos,,"POLYGON ((22.79181 37.58248, 22.80447 37.57169, 22.80339 37.…"
317,Kingdom of Kush,-523.5,-400.5,327314.0,POLITY,,,Kingdom of Kush,Africa,Northeast Africa,208,64,64,2026-08-21,Kingdom of Kush,,"MULTIPOLYGON (((29.8914 17.2631, 29.8707 17.4549, 29.85 17.6…"
318,Upper Nubia,-1139.5,-1.0,90884.2,POLITY,,(Kingdom of Kush),Kingdom of Kush - Upper Nubia,Africa,Northeast Africa,208,64,66,2026-08-21,Kingdom of Kush,,"POLYGON ((33.7621 19.982, 33.7207 19.9253, 33.6845 19.8991, …"
319,Kingdom of Sparta,-500.1,-480.9,8135.2,POLITY,,,Kingdom of Sparta,Europe,Southern Europe,176,96,240,2026-08-21,Kingdom of Sparta,,"MULTIPOLYGON (((23.05347 36.21, 23.04947 36.20053, 23.05042 …"
320,Cynuria,-546.5,-480.9,666.4,POLITY,,(Kingdom of Sparta),Kingdom of Sparta - Cynuria,Europe,Southern Europe,176,96,246,2026-08-21,Kingdom of Sparta,,"POLYGON ((22.89145 37.20672, 22.8741 37.2015, 22.8472 37.198…"
321,Cythera,-610.5,-480.9,278.5,POLITY,,(Kingdom of Sparta),Kingdom of Sparta - Cythera,Europe,Southern Europe,176,96,255,2026-08-21,Kingdom of Sparta,,"POLYGON ((23.05744 36.22175, 23.06467 36.2267, 23.07372 36.2…"
322,Messenia,-681.4,-480.9,2245.9,POLITY,,(Kingdom of Sparta),Kingdom of Sparta - Messenia,Europe,Southern Europe,176,96,243,2026-08-21,Kingdom of Sparta,,"POLYGON ((21.68139 37.37447, 21.7072 37.3706, 21.7341 37.375…"
323,Kirati,-610.1,-1.0,59810.3,POLITY,,,Kirati,South Asia,North India,244,244,247,2026-08-21,Kirati,,"POLYGON ((85.058 29.0094, 85.186 28.9829, 85.2919 29.0182, 8…"
324,Koliya,-610.1,-480.5,2000.2,POLITY,,,Koliya,South Asia,North India,244,240,32,2026-08-21,Koliya,,"POLYGON ((83.5694 27.7251, 83.5957 27.7207, 83.622 27.7119, …"
325,Konkana,-610.1,-300.5,3770.0,POLITY,,,Konkana,South Asia,North India,192,144,112,2026-08-21,Konkana,,"MULTIPOLYGON (((73.0726 18.9588, 73.1034 18.9235, 73.1608 18…"
326,Koreans,-2400.1,-1.0,70117.2,TRIBAL_AREA,,,Koreans,East Asia,Northeast Asia,224,48,176,2026-08-21,Koreans,,"MULTIPOINT ((126.8 34.8), (127.55 35.3), (129.05 35.33), (12…"
327,Kosala,-518.5,-490.5,117139.3,POLITY,,,Kosala,South Asia,North India,176,208,96,2026-08-21,Kosala,,"POLYGON ((84.2954 24.992, 84.2799 24.9775, 84.2699 24.9587, …"
328,Kalama,-518.5,-487.5,2262.2,POLITY,,(Kosala),Kosala - Kalama,South Asia,North India,176,208,100,2026-08-21,Kosala,,"POLYGON ((83.8154 26.208, 83.84195 26.19883, 83.86111 26.179…"
329,Kasi,-547.5,-490.5,27052.2,POLITY,,(Kosala),Kosala - Kasi,South Asia,North India,176,208,97,2026-08-21,Kosala,,"POLYGON ((81.7517 26.3241, 81.8052 26.3466, 81.8983 26.3569,…"
330,Ksudrakas,-610.1,-325.6,11064.4,POLITY,,,Ksudrakas,South Asia,Pakistan,244,243,247,2026-08-21,Ksudrakas,,"POLYGON ((72.28625 32.06695, 72.28005 32.05875, 72.27873 32.…"
331,Kuntala,-600.5,-300.5,22201.8,POLITY,,,Kuntala,South Asia,North India,244,244,246,2026-08-21,Kuntala,,"POLYGON ((76.7971 18.3877, 76.6824 18.3657, 76.4971 18.3039,…"
332,Kyme,-500.5,-470.5,251.5,POLITY,,,Kyme,Europe,Southern Europe,240,192,208,2026-08-21,Kyme,,"MULTIPOLYGON (((13.92636 40.70292, 13.91667 40.70114, 13.905…"
333,Pithecusae,-500.5,-1.0,49.0,POLITY,,(Kyme),Kyme - Pithecusae,Europe,Southern Europe,240,194,222,2026-08-21,Kyme,,"POLYGON ((13.92717 40.70331, 13.92636 40.70292, 13.91667 40.…"
334,Latin League,-500.5,-499.5,1765.3,POLITY,,,Latin League,Europe,Southern Europe,244,208,112,2026-08-21,Latin League,,"POLYGON ((12.62 41.5417, 12.61 41.5283, 12.5958 41.5217, 12.…"
335,Ardea,-509.5,-442.5,192.0,POLITY,,(Latin League),Latin League - Ardea,Europe,Southern Europe,244,208,116,2026-08-21,Latin League,,"POLYGON ((12.57411 41.51045, 12.5817 41.5133, 12.5958 41.521…"
336,Aricia,-509.5,-341.2,58.5,POLITY,,(Latin League),Latin League - Aricia,Europe,Southern Europe,244,208,118,2026-08-21,Latin League,,"POLYGON ((12.6058 41.6708, 12.6133 41.6767, 12.6233 41.6842,…"
337,Gabii,-509.5,-341.2,57.6,POLITY,,(Latin League),Latin League - Gabii,Europe,Southern Europe,244,208,122,2026-08-21,Latin League,,"POLYGON ((12.6508 41.85, 12.6575 41.8492, 12.6667 41.8492, 1…"
338,Labicum,-509.5,-418.8,46.8,POLITY,,(Latin League),Latin League - Labicum,Europe,Southern Europe,244,208,120,2026-08-21,Latin League,,"POLYGON ((12.7633 41.7625, 12.7642 41.77, 12.7617 41.78, 12.…"
339,Lanuvium,-509.5,-383.5,83.0,POLITY,,(Latin League),Latin League - Lanuvium,Europe,Southern Europe,244,208,117,2026-08-21,Latin League,,"POLYGON ((12.6667 41.5775, 12.6783 41.5833, 12.6883 41.5892,…"
340,Lavinium,-509.5,-341.2,111.5,POLITY,,(Latin League),Latin League - Lavinium,Europe,Southern Europe,244,208,115,2026-08-21,Latin League,,"POLYGON ((12.4625 41.7333, 12.4775 41.7275, 12.4908 41.715, …"
341,Nomentum,-509.5,-341.2,114.8,POLITY,,(Latin League),Latin League - Nomentum,Europe,Southern Europe,244,209,112,2026-08-21,Latin League,,"POLYGON ((12.5958 42.025, 12.6033 42.0225, 12.6142 42.02, 12…"
342,Pedum,-509.5,-492.5,56.2,POLITY,,(Latin League),Latin League - Pedum,Europe,Southern Europe,244,208,123,2026-08-21,Latin League,,"POLYGON ((12.79 41.8383, 12.795 41.8442, 12.8058 41.8542, 12…"
343,Praeneste,-509.5,-499.5,411.2,POLITY,,(Latin League),Latin League - Praeneste,Europe,Southern Europe,244,208,121,2026-08-21,Latin League,,"POLYGON ((12.9075 41.9108, 12.9142 41.9092, 12.9225 41.9042,…"
344,Tibur,-509.5,-492.5,590.6,POLITY,,(Latin League),Latin League - Tibur,Europe,Southern Europe,244,208,124,2026-08-21,Latin League,,"POLYGON ((12.9574 42.0912, 12.9905 42.0622, 13.0194 42.0305,…"
345,Tusculum,-509.5,-381.3,43.1,POLITY,,(Latin League),Latin League - Tusculum,Europe,Southern Europe,244,208,119,2026-08-21,Latin League,,"POLYGON ((12.7192 41.7842, 12.7217 41.7883, 12.7275 41.795, …"
346,Lauhitya,-610.1,-1.0,4805.2,POLITY,,,Lauhitya,South Asia,North India,244,244,240,2026-08-21,Lauhitya,,"POLYGON ((92.3233 26.8395, 92.3851 26.813, 92.4468 26.7821, …"
347,Liburnians,-500.1,-1.0,8634.4,TRIBAL_AREA,,,Liburnians,Europe,Southeastern Europe,192,176,16,2026-08-21,Liburnians,,"MULTIPOLYGON (((14.92761 44.09772, 14.92278 44.10614, 14.911…"
348,Libyans,-515.5,-440.5,0.0,TRIBAL_AREA,,,Libyans,Africa,Maghreb,112,208,16,2026-08-21,Libyans,Contained in border: Libyphoenices,POINT (21.7155 30.6337)
349,Libyphoenices,-500.1,-1.0,212217.1,POLITY,,,Libyphoenices,Africa,Maghreb,244,240,241,2026-08-21,Libyphoenices,Overlaps dot-tribe(s): Libyans,"POLYGON ((20.1327 30.8189, 20.2777 30.8589, 20.4327 30.9189,…"
350,Ligurians,-600.1,-1.0,28420.9,TRIBAL_AREA,,,Ligurians,Europe,Southern Europe,112,32,176,2026-08-21,Ligurians,,"MULTIPOINT ((5.6 43.45), (10.1867 44.4067), (9.231 44.6331),…"
351,Linhu,-770.1,-306.5,64744.3,POLITY,,,Linhu,East Asia,North China,244,243,243,2026-08-21,Linhu,,"POLYGON ((109.6 38.975, 109.3917 38.9, 109.225 38.8, 109.108…"
352,Loufan,-541.5,-307.5,12763.3,TRIBAL_AREA,,,Loufan,East Asia,North China,144,176,16,2026-08-21,Loufan,,"POLYGON ((112.665 39.9228, 112.6389 39.8184, 112.5711 39.708…"
353,Lu,-517.5,-487.5,26729.8,POLITY,,,Lu,East Asia,North China,228,160,224,2026-08-21,Lu,,"POLYGON ((116.753 34.9496, 116.7165 34.9287, 116.68 34.913, …"
354,Partition of the Three Huan,-517.5,-487.5,26729.8,POLITY,,(Lu),Lu - Partition of the Three Huan,East Asia,North China,228,160,227,2026-08-21,Lu,,"POLYGON ((116.753 34.9496, 116.7165 34.9287, 116.68 34.913, …"
355,Lucani,-500.1,-436.5,11728.8,POLITY,,,Lucani,Europe,Southern Europe,244,240,254,2026-08-21,Lucani,"Overlaps dot-tribe(s): Italics, Lucanians","POLYGON ((14.93256 40.49078, 14.9451 40.5053, 14.9668 40.520…"
356,Lynkestis,-540.5,-475.5,2729.1,POLITY,,,Lynkestis,Europe,Southeastern Europe,128,144,208,2026-08-21,Lynkestis,,"POLYGON ((21.075 41.2158, 21.0873 41.2118, 21.094 41.1968, 2…"
357,Madra,-518.5,-337.5,33245.7,POLITY,,,Madra,South Asia,Pakistan,32,192,208,2026-08-21,Madra,,"POLYGON ((74.9896 32.06256, 74.98675 32.06264, 74.9835 32.05…"
358,Magadha,-500.5,-490.5,38593.6,POLITY,,,Magadha,South Asia,North India,160,192,144,2026-08-21,Magadha,,"POLYGON ((84.902 24.3951, 84.8755 24.3819, 84.849 24.351, 84…"
359,Malavas,-610.1,-400.5,8889.2,POLITY,,,Malavas,South Asia,Pakistan,244,243,248,2026-08-21,Malavas,,"POLYGON ((72.13545 31.18561, 72.13856 31.17622, 72.13709 31.…"
360,Malla,-610.1,-467.5,13779.8,POLITY,,,Malla,South Asia,North India,244,192,96,2026-08-21,Malla,,"MULTIPOLYGON (((85.17364 25.80186, 85.17017 25.80364, 85.170…"
361,Kusinara,-610.1,-467.5,9447.8,POLITY,,(Malla),Malla - Kusinara,South Asia,North India,244,192,97,2026-08-21,Malla,,"MULTIPOLYGON (((85.17439 25.80397, 85.17364 25.80186, 85.170…"
362,Pava,-610.1,-467.5,4332.0,POLITY,,(Malla),Malla - Pava,South Asia,North India,244,192,98,2026-08-21,Malla,,"POLYGON ((83.6833 27.6637, 83.6658 27.6594, 83.6658 27.6243,…"
363,Manchurian Peoples,-662.6,-282.5,1541524.4,TRIBAL_AREA,,,Manchurian Peoples,East Asia,North China,224,160,64,2026-08-21,Manchurian Peoples,,"MULTIPOINT ((121.3 41.8), (125.3 41.8), (122.3 43.3), (124.3…"
364,Manshi,-770.1,-491.5,2484.0,POLITY,,,Manshi,East Asia,North China,244,242,244,2026-08-21,Manshi,,"POLYGON ((112.3569 34.1293, 112.4138 34.1345, 112.4138 34.13…"
365,Matsya,-600.5,-318.5,60009.6,POLITY,,,Matsya,South Asia,North India,144,224,80,2026-08-21,Matsya,,"POLYGON ((74.9135 26.2251, 74.8782 26.2559, 74.8121 26.2515,…"
366,Maya,-800.1,-1.0,233242.7,TRIBAL_AREA,,,Maya,North America,Mexico,208,144,64,2026-08-21,Maya,,"MULTIPOINT ((-90.7 14.1), (-88.7 13.8), (-91.7 15.3), (-92.7…"
367,Megaris,-509.5,-484.5,899.7,POLITY,,,Megaris,Europe,Southern Europe,112,224,48,2026-08-21,Megaris,,"MULTIPOLYGON (((15.14319 37.30531, 15.16008 37.28911, 15.163…"
368,Megara Hyblaea,-726.5,-484.5,200.7,POLITY,,(Megaris),Megaris - Megara Hyblaea,Europe,Southern Europe,112,224,50,2026-08-21,Megaris,,"POLYGON ((15.1392 37.2942, 15.1282 37.2882, 15.118 37.2808, …"
369,Mesoamerican Peoples,-800.1,-1.0,1205785.0,TRIBAL_AREA,,,Mesoamerican Peoples,North America,Mexico,112,224,32,2026-08-21,Mesoamerican Peoples,,"MULTIPOINT ((-83.7 9.33), (-81.7 8.5), (-75.7 6.3), (-76.67 …"
370,Messapians,-800.1,-317.2,478.2,TRIBAL_AREA,,,Messapians,Europe,Southern Europe,224,144,96,2026-08-21,Messapians,"Contained in border: Iapygii, Messapii","MULTIPOINT ((16.9017 40.7916), (17.631 40.543), (18.2103 40.…"
371,Messapii,-500.1,-280.4,5394.2,POLITY,,,Messapii,Europe,Southern Europe,244,240,255,2026-08-21,Messapii,Overlaps dot-tribe(s): Messapians,"POLYGON ((18.4145 39.98389, 18.40728 39.97117, 18.40408 39.9…"
372,Mianzhu,-771.1,-361.5,659.6,POLITY,,,Mianzhu,East Asia,North China,244,242,240,2026-08-21,Mianzhu,,"POLYGON ((105.9661 34.7965, 105.9139 34.8174, 105.8513 34.83…"
373,Mixtecs,-1400.1,-1.0,0.0,TRIBAL_AREA,,,Mixtecs,North America,Mexico,144,240,48,2026-08-21,Mixtecs,,POINT (-98.7 16.8)
374,Moriya,-610.1,-467.5,2236.5,POLITY,,,Moriya,South Asia,North India,208,176,208,2026-08-21,Moriya,,"POLYGON ((83.5607 27.3002, 83.5826 27.2652, 83.5869 27.2214,…"
375,Mulaka,-610.1,-301.5,3826.3,POLITY,,,Mulaka,South Asia,North India,244,244,243,2026-08-21,Mulaka,,"POLYGON ((74.9828 19.3029, 74.952 19.3427, 74.9476 19.3735, …"
376,Ni,-770.1,-335.5,457.1,POLITY,,,Ni,East Asia,North China,176,192,176,2026-08-21,Ni,,"POLYGON ((117.593 34.9913, 117.6087 34.9183, 117.5617 34.949…"
377,Nilotic Peoples,-1000.1,-1.0,657419.0,TRIBAL_AREA,,,Nilotic Peoples,Africa,Northeast Africa,128,224,192,2026-08-21,Nilotic Peoples,,"MULTIPOINT ((30.55 4.3), (32.05 4.3), (33.55 4.3), (35.15 4.…"
378,Nok People,-1500.1,-1.0,199237.9,TRIBAL_AREA,,,Nok People,Africa,West Africa,176,128,96,2026-08-21,Nok People,,"MULTIPOINT ((4.8 9.3), (7.05 8.3), (8.55 8.3), (6.3 9.3), (7…"
379,North Arabian Semites,-500.1,-1.0,846325.7,POLITY,,,North Arabian Semites,Southwest Asia,Arabia,244,240,242,2026-08-21,North Arabian Semites,"Overlaps dot-tribe(s): Aramaeans, Qedarites, Arabs","POLYGON ((37.27239 25.01053, 37.26458 25.02672, 37.26095 25.…"
380,Northwest Coast Peoples,-2400.1,-1.0,680019.6,TRIBAL_AREA,,,Northwest Coast Peoples,North America,Arctic America,240,112,112,2026-08-21,Northwest Coast Peoples,,"MULTIPOINT ((-123.7 42.3), (-122.7 43.8), (-123.7 45.3), (-1…"
381,Nubians,-714.1,-1.0,142988.0,TRIBAL_AREA,,,Nubians,Africa,Northeast Africa,144,0,0,2026-08-21,Nubians,,"MULTIPOINT ((34.25 13.75), (31.25 15.25), (33.25 15.25), (35…"
382,Numidians,-1000.1,-400.1,251888.8,TRIBAL_AREA,,,Numidians,Africa,Maghreb,160,176,48,2026-08-21,Numidians,,"MULTIPOINT ((3.569 34.8314), (4.2931 34.3169), (0.9034 34.66…"
383,Odra,-610.1,-344.5,10200.8,POLITY,,,Odra,South Asia,North India,248,240,160,2026-08-21,Odra,,"POLYGON ((84.98214 20.48281, 84.97189 20.48311, 84.95652 20.…"
384,Oetaea,-695.5,-395.3,735.0,POLITY,,,Oetaea,Europe,Southern Europe,148,208,128,2026-08-21,Oetaea,,"POLYGON ((21.9373 39.0855, 21.9187 39.0731, 21.9062 39.0576,…"
385,Olmecs,-1250.1,-1.0,33931.5,TRIBAL_AREA,,,Olmecs,North America,Mexico,224,240,80,2026-08-21,Olmecs,,"MULTIPOINT ((-95.7 18.3), (-96.7 19.8), (-94.7 16.8), (-93.7…"
386,Opuntian Locris,-695.5,-481.1,493.5,POLITY,,,Opuntian Locris,Europe,Southern Europe,132,224,240,2026-08-21,Opuntian Locris,,"POLYGON ((22.87159 38.75886, 22.87795 38.76172, 22.88436 38.…"
387,Orestis,-540.5,-475.5,2846.1,POLITY,,,Orestis,Europe,Southern Europe,228,112,240,2026-08-21,Orestis,,"POLYGON ((21.0075 40.6508, 21.0432 40.6593, 21.0882 40.676, …"
388,Ozolian Locris,-614.5,-485.5,1752.6,POLITY,,,Ozolian Locris,Europe,Southern Europe,140,224,240,2026-08-21,Ozolian Locris,,"MULTIPOLYGON (((16.30986 38.26886, 16.28428 38.24797, 16.263…"
389,Epizephyrian Locris,-679.5,-424.3,180.1,POLITY,,(Ozolian Locris),Ozolian Locris - Epizephyrian Locris,Europe,Southern Europe,140,224,241,2026-08-21,Ozolian Locris,,"POLYGON ((16.3172 38.2948, 16.308 38.3034, 16.2979 38.3107, …"
390,Hipponion,-646.5,-393.5,247.5,POLITY,,(Ozolian Locris),Ozolian Locris - Hipponion,Europe,Southern Europe,140,224,243,2026-08-21,Ozolian Locris,,"POLYGON ((16.1699 38.7445, 16.16203 38.74047, 16.14558 38.72…"
391,Medma,-614.5,-400.1,267.6,POLITY,,(Ozolian Locris),Ozolian Locris - Medma,Europe,Southern Europe,140,224,244,2026-08-21,Ozolian Locris,,"POLYGON ((15.8887 38.4392, 15.8955 38.4286, 15.9035 38.4189,…"
392,Paiones,-500.1,-356.5,33002.7,POLITY,,,Paiones,Europe,Southeastern Europe,244,241,242,2026-08-21,Paiones,Overlaps dot-tribe(s): Paeonians,"POLYGON ((21.5083 43.2917, 21.3833 43.05, 21.2917 42.675, 21…"
393,Paleosiberians,-2400.1,-1.0,7976456.3,TRIBAL_AREA,,,Paleosiberians,Central and Northern Eurasia,Siberia,160,144,144,2026-08-21,Paleosiberians,,"MULTIPOINT ((66.3 55.3), (68.3 55.3), (70.3 55.3), (69.3 56.…"
394,Pampas Cultures,-2400.1,-1.0,1604855.4,TRIBAL_AREA,,,Pampas Cultures,South America and Caribbean,Southern South America,16,192,32,2026-08-21,Pampas Cultures,,"MULTIPOINT ((-70.7 -49.2), (-68.7 -49.2), (-71.7 -47.7), (-6…"
395,Panchala,-530.5,-355.5,71215.0,POLITY,,,Panchala,South Asia,North India,128,160,128,2026-08-21,Panchala,,"POLYGON ((79.373 26.7004, 79.3156 26.7004, 79.2803 26.696, 7…"
396,Dakshina Panchala,-610.1,-355.5,32371.6,POLITY,,(Panchala),Panchala - Dakshina Panchala,South Asia,North India,128,160,129,2026-08-21,Panchala,,"POLYGON ((80.0547 27.8327, 80.1033 27.868, 80.1562 27.8725, …"
397,Sankissa,-570.5,-355.5,2185.3,POLITY,,(Panchala),Panchala - Sankissa,South Asia,North India,128,160,131,2026-08-21,Panchala,,"POLYGON ((79.5538 26.7093, 79.4877 26.7048, 79.4171 26.7004,…"
398,Uttar Panchala,-530.5,-355.5,38824.0,POLITY,,(Panchala),Panchala - Uttar Panchala,South Asia,North India,128,160,130,2026-08-21,Panchala,,"POLYGON ((80.1003 29.1238, 80.1841 29.0973, 80.2062 29.0797,…"
399,Papuans,-1600.1,-1.0,612744.6,TRIBAL_AREA,,,Papuans,Southeast Asia,Maritime Southeast Asia,176,48,96,2026-08-21,Papuans,,"MULTIPOINT ((138.3 -7.7), (139.8 -7.7), (139.05 -6.7), (138.…"
400,Patagonian Peoples,-2400.1,-1.0,278397.6,TRIBAL_AREA,,,Patagonian Peoples,South America and Caribbean,Southern South America,176,0,80,2026-08-21,Patagonian Peoples,,"MULTIPOINT ((-72.3 -52.2), (-73.58 -50.87), (-71.63 -53.65),…"
401,Pelagonia,-540.5,-475.5,1758.2,POLITY,,,Pelagonia,Europe,Southeastern Europe,132,208,208,2026-08-21,Pelagonia,,"POLYGON ((21.66 41.0133, 21.6075 41.0808, 21.6 41.1358, 21.6…"
402,Persian Empire,-508.5,-499.3,6892867.5,POLITY,,,Persian Empire,Southwest Asia,Iran,196,240,0,2026-08-21,Persian Empire,,"MULTIPOLYGON (((25.1343 29.3681, 25.136 29.4697, 25.1293 29.…"
403,Arakhosia,-516.5,-338.5,891751.4,POLITY,,(Persian Empire),Persian Empire - Arakhosia,Central and Northern Eurasia,Afghanistan,196,243,1,2026-08-21,Persian Empire,,"MULTIPOLYGON (((66.17889 25.54239, 66.17675 25.54356, 66.169…"
404,Arakhosia,-516.5,-338.5,282318.2,POLITY,,(Arakhosia),Persian Empire - Arakhosia - Arakhosia,Central and Northern Eurasia,Afghanistan,196,241,14,2026-08-21,Persian Empire,,"POLYGON ((67.8377 29.9575, 67.8543 29.9492, 67.8957 29.9451,…"
405,Drangiana,-541.5,-330.1,184308.1,POLITY,,(Arakhosia),Persian Empire - Arakhosia - Drangiana,Central and Northern Eurasia,Afghanistan,196,241,13,2026-08-21,Persian Empire,,"POLYGON ((63.8692 29.9908, 63.8158 29.9792, 63.7542 29.9692,…"
406,Ariaspai,-541.5,-329.8,37322.9,POLITY,,(Drangiana),Persian Empire - Arakhosia - Drangiana - Ariaspai,Central and Northern Eurasia,Afghanistan,196,242,0,2026-08-21,Persian Empire,,"POLYGON ((63.8692 29.9908, 63.8158 29.9792, 63.7542 29.9692,…"
407,Drangiana,-544.5,-330.1,146985.2,POLITY,,(Drangiana),Persian Empire - Arakhosia - Drangiana - Drangiana,Central and Northern Eurasia,Afghanistan,196,241,13,2026-08-21,Persian Empire,,"POLYGON ((61.70539 29.9962, 61.70339 29.97947, 61.70475 29.9…"
408,Gedrosia,-531.5,-329.5,425125.1,POLITY,,(Arakhosia),Persian Empire - Arakhosia - Gedrosia,South Asia,Pakistan,196,243,1,2026-08-21,Persian Empire,,"MULTIPOLYGON (((66.1795 25.5415, 66.17889 25.54239, 66.17675…"
409,Gedrosia,-536.5,-329.5,360422.3,POLITY,,(Gedrosia),Persian Empire - Arakhosia - Gedrosia - Gedrosia,Southwest Asia,Iran,196,242,11,2026-08-21,Persian Empire,,"POLYGON ((64.97961 25.32386, 64.96603 25.32056, 64.95103 25.…"
410,Oreitai,-531.5,-329.5,64702.8,POLITY,,(Gedrosia),Persian Empire - Arakhosia - Gedrosia - Oreitai,South Asia,Pakistan,196,243,1,2026-08-21,Persian Empire,,"MULTIPOLYGON (((66.84834 24.99522, 66.83806 24.97397, 66.818…"
411,Assyria,-527.5,-498.5,9272.7,POLITY,,(Persian Empire),Persian Empire - Assyria,Southwest Asia,Levant,196,249,0,2026-08-21,Persian Empire,,"POLYGON ((33.01564 34.60536, 33.01936 34.59636, 33.02425 34.…"
412,Cypriot Kingdoms,-527.5,-498.5,9272.7,POLITY,,(Assyria),Persian Empire - Assyria - Cypriot Kingdoms,Southwest Asia,Levant,196,249,0,2026-08-21,Persian Empire,,"POLYGON ((33.01564 34.60536, 33.01936 34.59636, 33.02425 34.…"
413,Amathous,-527.5,-387.6,672.8,POLITY,,(Cypriot Kingdoms),Persian Empire - Assyria - Cypriot Kingdoms - Amathous,Southwest Asia,Levant,196,249,3,2026-08-21,Persian Empire,,"POLYGON ((33.01836 34.63842, 33.02133 34.64864, 33.028 34.65…"
414,Chyt(h)roi,-527.5,-498.5,564.0,POLITY,,(Cypriot Kingdoms),Persian Empire - Assyria - Cypriot Kingdoms - Chyt(h)roi,Southwest Asia,Levant,196,249,11,2026-08-21,Persian Empire,,"POLYGON ((33.71403 35.38417, 33.70178 35.37444, 33.68273 35.…"
415,Idalion,-527.5,-498.5,674.5,POLITY,,(Cypriot Kingdoms),Persian Empire - Assyria - Cypriot Kingdoms - Idalion,Southwest Asia,Levant,196,249,8,2026-08-21,Persian Empire,,"POLYGON ((33.5475 34.9767, 33.5283 34.955, 33.51 34.9317, 33…"
416,Kition,-527.5,-498.5,778.7,POLITY,,(Cypriot Kingdoms),Persian Empire - Assyria - Cypriot Kingdoms - Kition,Southwest Asia,Levant,196,249,4,2026-08-21,Persian Empire,,"POLYGON ((33.8642 34.995, 33.8792 34.98, 33.8917 34.9608, 33…"
417,Kourion,-527.5,-498.5,634.6,POLITY,,(Cypriot Kingdoms),Persian Empire - Assyria - Cypriot Kingdoms - Kourion,Southwest Asia,Levant,196,249,2,2026-08-21,Persian Empire,,"POLYGON ((32.76483 34.65417, 32.76711 34.65708, 32.77545 34.…"
418,Lapethos,-527.5,-498.5,481.6,POLITY,,(Cypriot Kingdoms),Persian Empire - Assyria - Cypriot Kingdoms - Lapethos,Southwest Asia,Levant,196,249,9,2026-08-21,Persian Empire,,"POLYGON ((32.94603 35.31564, 32.94353 35.33736, 32.94014 35.…"
419,Ledrai,-527.5,-498.5,275.8,POLITY,,(Cypriot Kingdoms),Persian Empire - Assyria - Cypriot Kingdoms - Ledrai,Southwest Asia,Levant,196,249,10,2026-08-21,Persian Empire,,"POLYGON ((33.36753 35.3307, 33.3658 35.3242, 33.3592 35.315,…"
420,Marion,-527.5,-498.5,734.7,POLITY,,(Cypriot Kingdoms),Persian Empire - Assyria - Cypriot Kingdoms - Marion,Southwest Asia,Levant,196,249,0,2026-08-21,Persian Empire,,"POLYGON ((32.6725 34.9917, 32.6583 34.9808, 32.6367 34.9717,…"
421,Paphos,-527.5,-498.5,1079.7,POLITY,,(Cypriot Kingdoms),Persian Empire - Assyria - Cypriot Kingdoms - Paphos,Southwest Asia,Levant,196,249,1,2026-08-21,Persian Empire,,"POLYGON ((32.38098 34.84575, 32.38683 34.84322, 32.39145 34.…"
422,Salamis,-527.5,-498.5,1611.6,POLITY,,(Cypriot Kingdoms),Persian Empire - Assyria - Cypriot Kingdoms - Salamis,Southwest Asia,Levant,196,249,5,2026-08-21,Persian Empire,,"POLYGON ((34.08872 34.98633, 34.08056 34.97867, 34.08914 34.…"
423,Soloi,-527.5,-498.5,1204.9,POLITY,,(Cypriot Kingdoms),Persian Empire - Assyria - Cypriot Kingdoms - Soloi,Southwest Asia,Levant,196,249,6,2026-08-21,Persian Empire,,"POLYGON ((33.0875 34.9833, 33.0767 34.9692, 33.065 34.9533, …"
424,Tamassos,-527.5,-498.5,559.7,POLITY,,(Cypriot Kingdoms),Persian Empire - Assyria - Cypriot Kingdoms - Tamassos,Southwest Asia,Levant,196,249,7,2026-08-21,Persian Empire,,"POLYGON ((33.3167 34.9917, 33.3083 34.9833, 33.2908 34.975, …"
425,Babylonia,-521.1,-484.3,569112.5,POLITY,,(Persian Empire),Persian Empire - Babylonia,Southwest Asia,Levant,196,242,8,2026-08-21,Persian Empire,,"MULTIPOLYGON (((34.519 31.032, 34.4466 30.9884, 34.3638 30.9…"
426,Assyria,-525.5,-333.3,378326.5,POLITY,,(Babylonia),Persian Empire - Babylonia - Assyria,Southwest Asia,Levant,196,242,4,2026-08-21,Persian Empire,,"MULTIPOLYGON (((34.519 31.032, 34.4466 30.9884, 34.3638 30.9…"
427,Assyria,-539.2,-331.1,209578.1,POLITY,,(Assyria),Persian Empire - Babylonia - Assyria - Assyria,Southwest Asia,Levant,196,242,5,2026-08-21,Persian Empire,,"POLYGON ((43.56422 34.9832, 43.55395 34.97506, 43.52586 34.9…"
428,Kilikia,-539.2,-333.3,36011.1,POLITY,,(Assyria),Persian Empire - Babylonia - Assyria - Kilikia,Southwest Asia,Anatolia-Caucasus,196,242,3,2026-08-21,Persian Empire,,"MULTIPOLYGON (((33.76206 36.18334, 33.77017 36.18919, 33.772…"
429,Pityussa,-539.2,-333.3,3.3,POLITY,,(Kilikia),Persian Empire - Babylonia - Assyria - Kilikia - Pityussa,Southwest Asia,Anatolia-Caucasus,196,242,3,2026-08-21,Persian Empire,,"POLYGON ((33.76339 36.17581, 33.78197 36.18164, 33.78506 36.…"
430,Syria,-525.5,-331.3,132737.3,POLITY,,(Assyria),Persian Empire - Babylonia - Assyria - Syria,Southwest Asia,Levant,196,242,4,2026-08-21,Persian Empire,,"MULTIPOLYGON (((32.8802 31.10697, 32.8845 31.10545, 32.88892…"
431,Babylonia,-521.1,-484.3,190786.0,POLITY,,(Babylonia),Persian Empire - Babylonia - Babylonia,Southwest Asia,Mesopotamia,196,242,8,2026-08-21,Persian Empire,,"POLYGON ((48.0344 29.653, 47.9552 29.6655, 47.8386 29.6363, …"
432,Arbelitis,-521.3,-331.0,45034.5,POLITY,,(Babylonia),Persian Empire - Babylonia - Babylonia - Arbelitis,Southwest Asia,Mesopotamia,196,242,6,2026-08-21,Persian Empire,,"POLYGON ((44.38236 34.991, 44.37981 34.98389, 44.36859 34.97…"
433,Babylonia,-521.1,-484.3,86259.8,POLITY,,(Babylonia),Persian Empire - Babylonia - Babylonia - Babylonia,Southwest Asia,Mesopotamia,196,242,8,2026-08-21,Persian Empire,,"POLYGON ((48.1552 29.5821, 48.1094 29.6196, 48.0344 29.653, …"
434,Sittakene,-539.2,-331.0,59491.7,POLITY,,(Babylonia),Persian Empire - Babylonia - Babylonia - Sittakene,Southwest Asia,Iran,196,242,7,2026-08-21,Persian Empire,,"POLYGON ((46.0067 34.96, 45.9842 34.955, 45.9892 34.9375, 46…"
435,Baktriane,-516.5,-464.6,1555292.8,POLITY,,(Persian Empire),Persian Empire - Baktriane,Central and Northern Eurasia,Turkestan,196,241,10,2026-08-21,Persian Empire,,"MULTIPOLYGON (((59.7175 32.8983, 59.6675 32.9583, 59.5725 33…"
436,Amyrgioi,-532.5,-329.5,187840.4,POLITY,,(Baktriane),Persian Empire - Baktriane - Amyrgioi,Central and Northern Eurasia,Turkestan,196,243,0,2026-08-21,Persian Empire,,"POLYGON ((73.6561 39.9671, 73.6111 39.9346, 73.5661 39.8996,…"
437,Areia,-545.5,-330.4,134482.4,POLITY,,(Baktriane),Persian Empire - Baktriane - Areia,Central and Northern Eurasia,Afghanistan,196,241,10,2026-08-21,Persian Empire,,"POLYGON ((61.5973 34.9542, 61.6556 34.9125, 61.7348 34.8542,…"
438,Baktriane,-521.9,-464.6,283515.9,POLITY,,(Baktriane),Persian Empire - Baktriane - Baktriane,Central and Northern Eurasia,Afghanistan,196,241,9,2026-08-21,Persian Empire,,"POLYGON ((68.2233 34.9575, 68.2217 34.9058, 68.21 34.8175, 6…"
439,Baktriane,-545.5,-464.6,110615.4,POLITY,,(Baktriane),Persian Empire - Baktriane - Baktriane - Baktriane,Central and Northern Eurasia,Afghanistan,196,241,8,2026-08-21,Persian Empire,,"POLYGON ((68.2233 34.9575, 68.2217 34.9058, 68.21 34.8175, 6…"
440,Margiana,-521.9,-329.5,172900.5,POLITY,,(Baktriane),Persian Empire - Baktriane - Baktriane - Margiana,Central and Northern Eurasia,Turkestan,196,241,9,2026-08-21,Persian Empire,,"POLYGON ((64.7723 34.7167, 64.7306 34.6542, 64.7056 34.5625,…"
441,Daoi,-520.5,-329.5,340318.7,POLITY,,(Baktriane),Persian Empire - Baktriane - Daoi,Central and Northern Eurasia,Turkestan,196,245,7,2026-08-21,Persian Empire,,"MULTIPOLYGON (((54.97956 39.53475, 54.9695 39.51734, 54.9677…"
442,Gandara,-516.5,-337.5,77499.0,POLITY,,(Baktriane),Persian Empire - Baktriane - Gandara,Central and Northern Eurasia,Afghanistan,196,241,15,2026-08-21,Persian Empire,,"POLYGON ((72.90591 34.99011, 72.90591 34.98253, 72.89836 34.…"
443,Gandara,-516.5,-337.5,30333.8,POLITY,,(Gandara),Persian Empire - Baktriane - Gandara - Gandara,South Asia,Pakistan,196,242,15,2026-08-21,Persian Empire,,"POLYGON ((72.90311 34.99758, 72.90591 34.99011, 72.90591 34.…"
444,Paropamisos,-516.5,-329.5,47165.3,POLITY,,(Gandara),Persian Empire - Baktriane - Gandara - Paropamisos,Central and Northern Eurasia,Afghanistan,196,241,15,2026-08-21,Persian Empire,,"POLYGON ((71.4682 34.9518, 71.4082 34.9301, 71.3606 34.9177,…"
445,Massagetai,-519.5,-329.5,320653.7,POLITY,,(Baktriane),Persian Empire - Baktriane - Massagetai,Central and Northern Eurasia,Turkestan,196,245,6,2026-08-21,Persian Empire,,"POLYGON ((64.5818 39.8737, 64.5793 39.7912, 64.5593 39.7012,…"
446,Sogdia,-533.5,-329.5,210982.5,POLITY,,(Baktriane),Persian Empire - Baktriane - Sogdia,Central and Northern Eurasia,Turkestan,196,242,12,2026-08-21,Persian Empire,,"POLYGON ((70.79342 38.4405, 70.7937 38.44047, 70.80131 38.43…"
447,Dyrbaioi,-533.5,-329.5,21623.6,POLITY,,(Sogdia),Persian Empire - Baktriane - Sogdia - Dyrbaioi,Central and Northern Eurasia,Afghanistan,196,242,14,2026-08-21,Persian Empire,,"POLYGON ((70.78753 38.44378, 70.78953 38.44267, 70.79342 38.…"
448,Sogdia,-535.5,-329.5,189456.6,POLITY,,(Sogdia),Persian Empire - Baktriane - Sogdia - Sogdia,Central and Northern Eurasia,Turkestan,196,242,12,2026-08-21,Persian Empire,,"POLYGON ((69.99741 37.5645, 69.99061 37.5665, 69.97791 37.56…"
449,Egypt,-515.5,-486.5,1019703.4,POLITY,,(Persian Empire),Persian Empire - Egypt,Africa,Northeast Africa,196,246,5,2026-08-21,Persian Empire,,"MULTIPOLYGON (((29.6793 25.2645, 29.5552 25.4346, 29.3845 25…"
450,Aithiopia,-523.5,-400.5,165675.5,POLITY,,(Egypt),Persian Empire - Egypt - Aithiopia,Africa,Northeast Africa,196,245,1,2026-08-21,Persian Empire,,"POLYGON ((34.9583 20.8792, 34.9042 20.8792, 34.8875 20.9208,…"
451,Arabia,-525.5,-331.3,293136.3,POLITY,,(Egypt),Persian Empire - Egypt - Arabia,Southwest Asia,Arabia,196,243,8,2026-08-21,Persian Empire,,"POLYGON ((34.995 28.10986, 34.98622 28.10181, 34.96475 28.09…"
452,Egypt,-525.5,-486.5,361758.5,POLITY,,(Egypt),Persian Empire - Egypt - Egypt,Africa,Northeast Africa,196,246,5,2026-08-21,Persian Empire,,"MULTIPOLYGON (((29.6793 25.2645, 29.5552 25.4346, 29.3845 25…"
453,Egypt,-525.5,-486.5,60209.5,POLITY,,(Egypt),Persian Empire - Egypt - Egypt - Egypt,Africa,Northeast Africa,196,243,9,2026-08-21,Persian Empire,,"MULTIPOLYGON (((31.2831 29.689, 31.2914 29.6785, 31.2986 29.…"
454,Lower Egypt Nome 1 Aneb-Hetch,-525.5,-486.5,951.8,POLITY,,(Egypt),Persian Empire - Egypt - Egypt - Egypt - Lower Egypt Nome 1 Aneb-Hetch,Africa,Northeast Africa,196,247,12,2026-08-21,Persian Empire,,"POLYGON ((31.2369 29.9613, 31.2452 29.9544, 31.2534 29.9483,…"
455,Lower Egypt Nome 10 Ka-khem/Ka-qem/Ken-wer,-525.5,-486.5,1079.3,POLITY,,(Egypt),Persian Empire - Egypt - Egypt - Egypt - Lower Egypt Nome 10 Ka-khem/Ka-qem/Ken-wer,Africa,Northeast Africa,196,248,5,2026-08-21,Persian Empire,,"POLYGON ((31.5272 30.6159, 31.522 30.609, 31.5106 30.6002, 3…"
456,Lower Egypt Nome 11 Ka-henseb,-525.5,-486.5,1154.2,POLITY,,(Egypt),Persian Empire - Egypt - Egypt - Egypt - Lower Egypt Nome 11 Ka-henseb,Africa,Northeast Africa,196,248,6,2026-08-21,Persian Empire,,"POLYGON ((31.5041 30.9375, 31.6772 30.9375, 31.7434 30.8968,…"
457,Lower Egypt Nome 12 Theb-ka,-525.5,-486.5,1680.1,POLITY,,(Egypt),Persian Empire - Egypt - Egypt - Egypt - Lower Egypt Nome 12 Theb-ka,Africa,Northeast Africa,196,248,7,2026-08-21,Persian Empire,,"POLYGON ((31.55467 31.43919, 31.55 31.4349, 31.549 31.4279, …"
458,Lower Egypt Nome 13 Heq-At,-525.5,-486.5,951.4,POLITY,,(Egypt),Persian Empire - Egypt - Egypt - Egypt - Lower Egypt Nome 13 Heq-At,Africa,Northeast Africa,196,248,8,2026-08-21,Persian Empire,,"POLYGON ((31.349 29.9878, 31.3531 29.9616, 31.3821 29.9442, …"
459,Lower Egypt Nome 14 Khenty-abt,-525.5,-486.5,1147.2,POLITY,,(Egypt),Persian Empire - Egypt - Egypt - Egypt - Lower Egypt Nome 14 Khenty-abt,Africa,Northeast Africa,196,248,9,2026-08-21,Persian Empire,,"POLYGON ((32.49311 31.11581, 32.52639 31.08836, 32.55333 31.…"
460,Lower Egypt Nome 15 Tehut,-525.5,-486.5,1484.8,POLITY,,(Egypt),Persian Empire - Egypt - Egypt - Egypt - Lower Egypt Nome 15 Tehut,Africa,Northeast Africa,196,248,10,2026-08-21,Persian Empire,,"MULTIPOLYGON (((32.03492 31.36842, 32.02525 31.3785, 32.0193…"
461,Lower Egypt Nome 16 Khaset/Kha,-525.5,-486.5,1062.2,POLITY,,(Egypt),Persian Empire - Egypt - Egypt - Egypt - Lower Egypt Nome 16 Khaset/Kha,Africa,Northeast Africa,196,248,11,2026-08-21,Persian Empire,,"MULTIPOLYGON (((31.93475 31.23364, 31.95411 31.23497, 31.963…"
462,Lower Egypt Nome 17 Semabehdet,-525.5,-486.5,720.1,POLITY,,(Egypt),Persian Empire - Egypt - Egypt - Egypt - Lower Egypt Nome 17 Semabehdet,Africa,Northeast Africa,196,248,12,2026-08-21,Persian Empire,,"POLYGON ((31.84014 31.51842, 31.8383 31.5115, 31.8311 31.498…"
463,Lower Egypt Nome 18 Am-Khent,-525.5,-486.5,352.8,POLITY,,(Egypt),Persian Empire - Egypt - Egypt - Egypt - Lower Egypt Nome 18 Am-Khent,Africa,Northeast Africa,196,248,13,2026-08-21,Persian Empire,,"POLYGON ((31.7348 30.6671, 31.7254 30.6619, 31.7141 30.6531,…"
464,Lower Egypt Nome 19 Am-Pehu,-525.5,-486.5,1088.0,POLITY,,(Egypt),Persian Empire - Egypt - Egypt - Egypt - Lower Egypt Nome 19 Am-Pehu,Africa,Northeast Africa,196,248,14,2026-08-21,Persian Empire,,"MULTIPOLYGON (((32.08008 31.13283, 32.0887 31.13028, 32.0912…"
465,Lower Egypt Nome 2 Khensu,-525.5,-486.5,576.2,POLITY,,(Egypt),Persian Empire - Egypt - Egypt - Egypt - Lower Egypt Nome 2 Khensu,Africa,Northeast Africa,196,247,13,2026-08-21,Persian Empire,,"POLYGON ((31.2141 29.9936, 31.2162 29.984, 31.2183 29.9762, …"
466,Lower Egypt Nome 20 Sopdu,-525.5,-486.5,1351.2,POLITY,,(Egypt),Persian Empire - Egypt - Egypt - Egypt - Lower Egypt Nome 20 Sopdu,Africa,Northeast Africa,196,248,15,2026-08-21,Persian Empire,,"POLYGON ((31.8769 30.9657, 31.8821 30.9579, 31.8883 30.9465,…"
467,Lower Egypt Nome 3 Ahment/Ament,-525.5,-486.5,3513.4,POLITY,,(Egypt),Persian Empire - Egypt - Egypt - Egypt - Lower Egypt Nome 3 Ahment/Ament,Africa,Northeast Africa,196,247,14,2026-08-21,Persian Empire,,"POLYGON ((30.1272 31.2637, 30.1314 31.2358, 30.1355 31.2148,…"
468,Lower Egypt Nome 4 Sap-Res,-525.5,-486.5,1131.0,POLITY,,(Egypt),Persian Empire - Egypt - Egypt - Egypt - Lower Egypt Nome 4 Sap-Res,Africa,Northeast Africa,196,247,15,2026-08-21,Persian Empire,,"POLYGON ((30.7852 30.9235, 30.7976 30.9166, 30.8038 30.9044,…"
469,Lower Egypt Nome 5 Sap-Meh,-525.5,-486.5,2246.2,POLITY,,(Egypt),Persian Empire - Egypt - Egypt - Egypt - Lower Egypt Nome 5 Sap-Meh,Africa,Northeast Africa,196,248,0,2026-08-21,Persian Empire,,"MULTIPOLYGON (((30.8723 31.425, 30.8764 31.4154, 30.8785 31.…"
470,Lower Egypt Nome 6 Khaset/Kaset,-525.5,-486.5,1933.7,POLITY,,(Egypt),Persian Empire - Egypt - Egypt - Egypt - Lower Egypt Nome 6 Khaset/Kaset,Africa,Northeast Africa,196,248,1,2026-08-21,Persian Empire,,"MULTIPOLYGON (((31.1163 31.4801, 31.1259 31.47, 31.1307 31.4…"
471,Lower Egypt Nome 7 A-ment,-525.5,-486.5,1501.3,POLITY,,(Egypt),Persian Empire - Egypt - Egypt - Egypt - Lower Egypt Nome 7 A-ment,Africa,Northeast Africa,196,248,2,2026-08-21,Persian Empire,,"POLYGON ((30.39611 31.44228, 30.4133 31.4445, 30.4233 31.437…"
472,Lower Egypt Nome 8 A-bt,-525.5,-486.5,206.8,POLITY,,(Egypt),Persian Empire - Egypt - Egypt - Egypt - Lower Egypt Nome 8 A-bt,Africa,Northeast Africa,196,248,3,2026-08-21,Persian Empire,,"POLYGON ((31.9351 30.5595, 31.9138 30.5433, 31.8745 30.5259,…"
473,Lower Egypt Nome 9 Ati/Andjet,-525.5,-486.5,791.4,POLITY,,(Egypt),Persian Empire - Egypt - Egypt - Egypt - Lower Egypt Nome 9 Ati/Andjet,Africa,Northeast Africa,196,248,4,2026-08-21,Persian Empire,,"POLYGON ((31.2224 30.9721, 31.2286 30.9669, 31.2379 30.9642,…"
474,Upper Egypt,-525.5,-486.5,315257.4,POLITY,,(Egypt),Persian Empire - Egypt - Egypt - Upper Egypt,Africa,Northeast Africa,196,246,5,2026-08-21,Persian Empire,,"POLYGON ((29.7879 25.2122, 29.6793 25.2645, 29.5552 25.4346,…"
475,Upper Egypt Nome 1 Ta Khentit/Ta-Seti,-525.5,-486.5,3199.4,POLITY,,(Upper Egypt),Persian Empire - Egypt - Egypt - Upper Egypt - Upper Egypt Nome 1 Ta Khentit/Ta-Seti,Africa,Northeast Africa,196,246,5,2026-08-21,Persian Empire,,"POLYGON ((33.1199 24.7077, 33.1221 24.6675, 33.1243 24.6237,…"
476,Upper Egypt Nome 10 Wadkhet/Uatchet,-525.5,-486.5,1390.1,POLITY,,(Upper Egypt),Persian Empire - Egypt - Egypt - Upper Egypt - Upper Egypt Nome 10 Wadkhet/Uatchet,Africa,Northeast Africa,196,246,14,2026-08-21,Persian Empire,,"POLYGON ((31.5848 27.1186, 31.6179 27.0924, 31.6407 27.0645,…"
477,Upper Egypt Nome 11 Set,-525.5,-486.5,437.0,POLITY,,(Upper Egypt),Persian Empire - Egypt - Egypt - Upper Egypt - Upper Egypt Nome 11 Set,Africa,Northeast Africa,196,246,15,2026-08-21,Persian Empire,,"POLYGON ((31.2034 27.1843, 31.2159 27.1765, 31.2303 27.1738,…"
478,Upper Egypt Nome 12 Tu-ph/Dw-f,-525.5,-486.5,1128.6,POLITY,,(Upper Egypt),Persian Empire - Egypt - Egypt - Upper Egypt - Upper Egypt Nome 12 Tu-ph/Dw-f,Africa,Northeast Africa,196,247,0,2026-08-21,Persian Empire,,"POLYGON ((31.0959 27.4529, 31.131 27.4267, 31.1683 27.4041, …"
479,Upper Egypt Nome 13 Atef-Khent,-525.5,-486.5,584.5,POLITY,,(Upper Egypt),Persian Empire - Egypt - Egypt - Upper Egypt - Upper Egypt Nome 13 Atef-Khent,Africa,Northeast Africa,196,247,1,2026-08-21,Persian Empire,,"POLYGON ((30.9588 27.3762, 30.9614 27.3744, 30.9717 27.3718,…"
480,Upper Egypt Nome 14 Atef-Pehu,-525.5,-486.5,1131.3,POLITY,,(Upper Egypt),Persian Empire - Egypt - Egypt - Upper Egypt - Upper Egypt Nome 14 Atef-Pehu,Africa,Northeast Africa,196,247,2,2026-08-21,Persian Empire,,"POLYGON ((31.0462 27.6238, 31.0379 27.5959, 31.0379 27.561, …"
481,Upper Egypt Nome 15 Un/Wn,-525.5,-486.5,1261.2,POLITY,,(Upper Egypt),Persian Empire - Egypt - Egypt - Upper Egypt - Upper Egypt Nome 15 Un/Wn,Africa,Northeast Africa,196,247,3,2026-08-21,Persian Empire,,"POLYGON ((31.0152 27.8733, 31.0234 27.8471, 31.0462 27.8105,…"
482,Upper Egypt Nome 16 Meh-Mahetch,-525.5,-486.5,1571.3,POLITY,,(Upper Egypt),Persian Empire - Egypt - Egypt - Upper Egypt - Upper Egypt Nome 16 Meh-Mahetch,Africa,Northeast Africa,196,247,4,2026-08-21,Persian Empire,,"POLYGON ((30.9441 28.2512, 30.9566 28.2163, 30.9669 28.1901,…"
483,Upper Egypt Nome 17 Anubis/Anput,-525.5,-486.5,1352.6,POLITY,,(Upper Egypt),Persian Empire - Egypt - Egypt - Upper Egypt - Upper Egypt Nome 17 Anubis/Anput,Africa,Northeast Africa,196,247,5,2026-08-21,Persian Empire,,"POLYGON ((31.0248 28.5215, 31.0331 28.4919, 31.0414 28.4657,…"
484,Upper Egypt Nome 18 Nemty/Sep,-525.5,-486.5,1222.7,POLITY,,(Upper Egypt),Persian Empire - Egypt - Egypt - Upper Egypt - Upper Egypt Nome 18 Nemty/Sep,Africa,Northeast Africa,196,247,6,2026-08-21,Persian Empire,,"POLYGON ((31.3655 29.2064, 31.3448 29.1802, 31.3283 29.1593,…"
485,Upper Egypt Nome 19 Uab/Wab,-525.5,-486.5,1739.6,POLITY,,(Upper Egypt),Persian Empire - Egypt - Egypt - Upper Egypt - Upper Egypt Nome 19 Uab/Wab,Africa,Northeast Africa,196,247,7,2026-08-21,Persian Empire,,"POLYGON ((31.0456 28.9984, 31.0415 28.987, 31.0415 28.987, 3…"
486,Upper Egypt Nome 2 Behde/Watjes-Hor,-525.5,-486.5,1701.8,POLITY,,(Upper Egypt),Persian Empire - Egypt - Egypt - Upper Egypt - Upper Egypt Nome 2 Behde/Watjes-Hor,Africa,Northeast Africa,196,246,6,2026-08-21,Persian Empire,,"POLYGON ((33.0788 24.987, 33.0745 24.9651, 33.0593 24.9322, …"
487,Upper Egypt Nome 20 Atef-Khent,-525.5,-486.5,1391.5,POLITY,,(Upper Egypt),Persian Empire - Egypt - Egypt - Upper Egypt - Upper Egypt Nome 20 Atef-Khent,Africa,Northeast Africa,196,247,8,2026-08-21,Persian Empire,,"POLYGON ((31.1957 29.204, 31.1864 29.1952, 31.1864 29.1865, …"
488,Upper Egypt Nome 21 Atef-Pehu,-525.5,-486.5,253.6,POLITY,,(Upper Egypt),Persian Empire - Egypt - Egypt - Upper Egypt - Upper Egypt Nome 21 Atef-Pehu,Africa,Northeast Africa,196,247,9,2026-08-21,Persian Empire,,"POLYGON ((31.2291 29.4661, 31.2198 29.4574, 31.2094 29.446, …"
489,Upper Egypt Nome 22 Maten,-525.5,-486.5,916.0,POLITY,,(Upper Egypt),Persian Empire - Egypt - Egypt - Upper Egypt - Upper Egypt Nome 22 Maten,Africa,Northeast Africa,196,247,10,2026-08-21,Persian Empire,,"POLYGON ((31.409 29.7506, 31.4131 29.7279, 31.4172 29.7087, …"
490,Upper Egypt Nome 3 Ten,-525.5,-486.5,1869.6,POLITY,,(Upper Egypt),Persian Empire - Egypt - Egypt - Upper Egypt - Upper Egypt Nome 3 Ten,Africa,Northeast Africa,196,246,7,2026-08-21,Persian Empire,,"POLYGON ((32.7028 25.4448, 32.7214 25.4116, 32.7379 25.3785,…"
491,Upper Egypt Nome 4 Waset/Wast,-525.5,-486.5,2810.4,POLITY,,(Upper Egypt),Persian Empire - Egypt - Egypt - Upper Egypt - Upper Egypt Nome 4 Waset/Wast,Africa,Northeast Africa,196,246,8,2026-08-21,Persian Empire,,"POLYGON ((32.68 25.4692, 32.2669 25.3145, 32.2669 25.3145, 3…"
492,Upper Egypt Nome 5 Herui,-525.5,-486.5,1613.7,POLITY,,(Upper Egypt),Persian Empire - Egypt - Egypt - Upper Egypt - Upper Egypt Nome 5 Herui,Africa,Northeast Africa,196,246,9,2026-08-21,Persian Empire,,"POLYGON ((32.7745 26.2831, 32.8138 26.2622, 32.8572 26.2308,…"
493,Upper Egypt Nome 6 Aa-ta,-525.5,-486.5,1503.7,POLITY,,(Upper Egypt),Persian Empire - Egypt - Egypt - Upper Egypt - Upper Egypt Nome 6 Aa-ta,Africa,Northeast Africa,196,246,10,2026-08-21,Persian Empire,,"POLYGON ((32.3421 26.2256, 32.3959 26.2343, 32.4641 26.2674,…"
494,Upper Egypt Nome 7 Seshesh,-525.5,-486.5,1028.8,POLITY,,(Upper Egypt),Persian Empire - Egypt - Egypt - Upper Egypt - Upper Egypt Nome 7 Seshesh,Africa,Northeast Africa,196,246,11,2026-08-21,Persian Empire,,"POLYGON ((32.28 26.2256, 32.3421 26.2256, 32.3421 25.8727, 3…"
495,Upper Egypt Nome 8 Abdju/Abt,-525.5,-486.5,1781.6,POLITY,,(Upper Egypt),Persian Empire - Egypt - Egypt - Upper Egypt - Upper Egypt Nome 8 Abdju/Abt,Africa,Northeast Africa,196,246,12,2026-08-21,Persian Empire,,"POLYGON ((32.0131 26.489, 32.0359 26.4663, 32.0524 26.4471, …"
496,Upper Egypt Nome 9 Minu,-525.5,-486.5,2016.9,POLITY,,(Upper Egypt),Persian Empire - Egypt - Egypt - Upper Egypt - Upper Egypt Nome 9 Minu,Africa,Northeast Africa,196,246,13,2026-08-21,Persian Empire,,"POLYGON ((31.8103 26.8727, 31.831 26.843, 31.8538 26.8151, 3…"
497,Upper Egypt: Fayum,-525.5,-486.5,3320.3,POLITY,,(Upper Egypt),Persian Empire - Egypt - Egypt - Upper Egypt - Upper Egypt: Fayum,Africa,Northeast Africa,196,247,11,2026-08-21,Persian Empire,,"POLYGON ((31.0676 29.6564, 31.1294 29.4661, 31.1294 29.4661,…"
498,Libya,-515.5,-440.5,199133.1,POLITY,,(Egypt),Persian Empire - Egypt - Libya,Africa,Northeast Africa,196,243,14,2026-08-21,Persian Empire,,"POLYGON ((28.8724 29.843, 28.7793 29.673, 28.6707 29.4898, 2…"
499,India,-515.5,-338.5,185712.2,POLITY,,(Persian Empire),Persian Empire - India,South Asia,Pakistan,196,245,11,2026-08-21,Persian Empire,,"MULTIPOLYGON (((67.32361 24.49692, 67.32903 24.49231, 67.323…"
500,Lydia,-508.5,-499.3,613314.5,POLITY,,(Persian Empire),Persian Empire - Lydia,Southwest Asia,Anatolia-Caucasus,196,246,0,2026-08-21,Persian Empire,,"MULTIPOLYGON (((25.28031 37.41295, 25.28172 37.41045, 25.277…"
501,Kappadocia,-547.1,-375.8,53498.2,POLITY,,(Lydia),Persian Empire - Lydia - Kappadocia,Southwest Asia,Anatolia-Caucasus,196,240,14,2026-08-21,Persian Empire,,"POLYGON ((33.4454 39.9947, 33.4298 39.9893, 33.4145 39.9875,…"
502,Paphlagonia,-547.1,-375.8,53498.2,POLITY,,(Kappadocia),Persian Empire - Lydia - Kappadocia - Paphlagonia,Southwest Asia,Anatolia-Caucasus,196,240,14,2026-08-21,Persian Empire,,"POLYGON ((33.4454 39.9947, 33.4298 39.9893, 33.4145 39.9875,…"
503,Kappadokia,-539.2,-401.6,168951.9,POLITY,,(Lydia),Persian Empire - Lydia - Kappadokia,Southwest Asia,Anatolia-Caucasus,196,241,2,2026-08-21,Persian Empire,,"POLYGON ((38.3855 38.6547, 38.3659 38.639, 38.3576 38.6145, …"
504,Pontic Kappadokia,-547.1,-371.5,100275.0,POLITY,,(Kappadokia),Persian Empire - Lydia - Kappadokia - Pontic Kappadokia,Southwest Asia,Anatolia-Caucasus,196,241,2,2026-08-21,Persian Empire,,"POLYGON ((38.22 39.9033, 38.2183 39.8533, 38.2233 39.7883, 3…"
505,Tauric Kappadokia,-539.2,-401.6,68685.7,POLITY,,(Kappadokia),Persian Empire - Lydia - Kappadokia - Tauric Kappadokia,Southwest Asia,Anatolia-Caucasus,196,241,1,2026-08-21,Persian Empire,,"POLYGON ((35.681 37.6341, 35.6521 37.601, 35.6148 37.5824, 3…"
506,Lydia,-508.5,-499.3,390864.3,POLITY,,(Lydia),Persian Empire - Lydia - Lydia,Southwest Asia,Anatolia-Caucasus,196,246,0,2026-08-21,Persian Empire,,"MULTIPOLYGON (((25.28031 37.41295, 25.28172 37.41045, 25.277…"
507,Greater Phrygia,-543.5,-401.6,110942.5,POLITY,,(Lydia),Persian Empire - Lydia - Lydia - Greater Phrygia,Southwest Asia,Anatolia-Caucasus,196,241,0,2026-08-21,Persian Empire,,"POLYGON ((29.3308 37.6075, 29.2842 37.6075, 29.2125 37.6125,…"
508,Hellespontine Phrygia,-513.8,-499.2,76258.1,POLITY,,(Lydia),Persian Empire - Lydia - Lydia - Hellespontine Phrygia,Southwest Asia,Anatolia-Caucasus,196,240,15,2026-08-21,Persian Empire,,"MULTIPOLYGON (((26.35731 38.97856, 26.34942 38.97936, 26.332…"
509,Lesbos,-544.5,-499.2,1649.9,POLITY,,(Hellespontine Phrygia),Persian Empire - Lydia - Lydia - Hellespontine Phrygia - Lesbos,Southwest Asia,Anatolia-Caucasus,196,244,4,2026-08-21,Persian Empire,,"POLYGON ((26.37892 38.97445, 26.37733 38.97486, 26.36725 38.…"
510,Tenedos,-513.8,-495.5,39.4,POLITY,,(Hellespontine Phrygia),Persian Empire - Lydia - Lydia - Hellespontine Phrygia - Tenedos,Southwest Asia,Anatolia-Caucasus,196,250,8,2026-08-21,Persian Empire,,"POLYGON ((26.04845 39.789, 26.05289 39.7892, 26.05975 39.792…"
511,Ionia,-516.5,-499.2,10728.5,POLITY,,(Lydia),Persian Empire - Lydia - Lydia - Ionia,Southwest Asia,Anatolia-Caucasus,196,244,13,2026-08-21,Persian Empire,,"MULTIPOLYGON (((25.26997 37.41047, 25.27428 37.41022, 25.280…"
512,Akrite,-522.5,-499.2,6.5,POLITY,,(Ionia),Persian Empire - Lydia - Lydia - Ionia - Akrite,Southwest Asia,Anatolia-Caucasus,196,244,6,2026-08-21,Persian Empire,,"POLYGON ((26.75039 37.36839, 26.75714 37.3747, 26.76489 37.3…"
513,Andros,-522.5,-499.2,385.2,POLITY,,(Ionia),Persian Empire - Lydia - Lydia - Ionia - Andros,Europe,Southern Europe,196,244,14,2026-08-21,Persian Empire,,"POLYGON ((24.994 37.77175, 24.99206 37.77439, 24.98836 37.77…"
514,Chios,-544.5,-499.2,849.1,POLITY,,(Ionia),Persian Empire - Lydia - Lydia - Ionia - Chios,Southwest Asia,Anatolia-Caucasus,196,243,15,2026-08-21,Persian Empire,,"POLYGON ((25.99061 38.3955, 25.98883 38.39275, 25.98536 38.3…"
515,Delos,-522.5,-499.2,3.8,POLITY,,(Ionia),Persian Empire - Lydia - Lydia - Ionia - Delos,Europe,Southern Europe,196,244,15,2026-08-21,Persian Empire,,"POLYGON ((25.25889 37.37061, 25.26347 37.37131, 25.27556 37.…"
516,Drymousa,-544.5,-499.2,25.7,POLITY,,(Ionia),Persian Empire - Lydia - Lydia - Ionia - Drymousa,Southwest Asia,Anatolia-Caucasus,196,244,0,2026-08-21,Persian Empire,,"POLYGON ((26.73703 38.46067, 26.74142 38.4613, 26.74867 38.4…"
517,Hyetousa,-522.5,-499.2,1.4,POLITY,,(Ionia),Persian Empire - Lydia - Lydia - Ionia - Hyetousa,Southwest Asia,Anatolia-Caucasus,196,244,7,2026-08-21,Persian Empire,,"POLYGON ((26.71228 37.3575, 26.71878 37.36589, 26.71711 37.3…"
518,Ikaros,-522.5,-499.2,263.7,POLITY,,(Ionia),Persian Empire - Lydia - Lydia - Ionia - Ikaros,Southwest Asia,Anatolia-Caucasus,196,244,5,2026-08-21,Persian Empire,,"POLYGON ((26.35517 37.69214, 26.35931 37.69428, 26.36617 37.…"
519,Lepsia,-522.5,-499.2,16.1,POLITY,,(Ionia),Persian Empire - Lydia - Lydia - Ionia - Lepsia,Southwest Asia,Anatolia-Caucasus,196,244,9,2026-08-21,Persian Empire,,"POLYGON ((26.78814 37.27836, 26.79072 37.27903, 26.79083 37.…"
520,Mykonos,-522.5,-499.2,85.8,POLITY,,(Ionia),Persian Empire - Lydia - Lydia - Ionia - Mykonos,Southwest Asia,Anatolia-Caucasus,196,244,12,2026-08-21,Persian Empire,,"POLYGON ((25.38353 37.49006, 25.38292 37.48867, 25.38689 37.…"
521,Oinousa,-544.5,-499.2,15.5,POLITY,,(Ionia),Persian Empire - Lydia - Lydia - Ionia - Oinousa,Southwest Asia,Anatolia-Caucasus,196,244,2,2026-08-21,Persian Empire,,"POLYGON ((26.246 38.5047, 26.25478 38.50689, 26.26047 38.515…"
522,Patmos,-522.5,-499.2,36.9,POLITY,,(Ionia),Persian Empire - Lydia - Lydia - Ionia - Patmos,Southwest Asia,Anatolia-Caucasus,196,244,8,2026-08-21,Persian Empire,,"POLYGON ((26.56039 37.26936, 26.56992 37.272, 26.57561 37.27…"
523,Pele,-544.5,-499.2,1.9,POLITY,,(Ionia),Persian Empire - Lydia - Lydia - Ionia - Pele,Southwest Asia,Anatolia-Caucasus,196,244,1,2026-08-21,Persian Empire,,"POLYGON ((26.76759 38.43617, 26.77031 38.44047, 26.77528 38.…"
524,Pharmakousa,-522.5,-499.2,4.8,POLITY,,(Ionia),Persian Empire - Lydia - Lydia - Ionia - Pharmakousa,Southwest Asia,Anatolia-Caucasus,196,244,10,2026-08-21,Persian Empire,,"POLYGON ((27.09122 37.27367, 27.09528 37.27589, 27.10017 37.…"
525,Psyra,-544.5,-499.2,40.2,POLITY,,(Ionia),Persian Empire - Lydia - Lydia - Ionia - Psyra,Southwest Asia,Anatolia-Caucasus,196,244,3,2026-08-21,Persian Empire,,"POLYGON ((25.56297 38.53447, 25.56472 38.53583, 25.56595 38.…"
526,Rheneia,-522.5,-499.2,15.9,POLITY,,(Ionia),Persian Empire - Lydia - Lydia - Ionia - Rheneia,Europe,Southern Europe,196,245,0,2026-08-21,Persian Empire,,"POLYGON ((25.21903 37.37189, 25.22589 37.37233, 25.23078 37.…"
527,Samos,-516.5,-499.2,486.1,POLITY,,(Ionia),Persian Empire - Lydia - Lydia - Ionia - Samos,Southwest Asia,Anatolia-Caucasus,196,243,11,2026-08-21,Persian Empire,,"POLYGON ((26.7507 37.69986, 26.73158 37.70842, 26.72014 37.7…"
528,Tenos,-522.5,-499.2,197.9,POLITY,,(Ionia),Persian Empire - Lydia - Lydia - Ionia - Tenos,Europe,Southern Europe,196,244,13,2026-08-21,Persian Empire,,"POLYGON ((25.0027 37.67008, 25.01308 37.68014, 25.01681 37.6…"
529,Tragia,-522.5,-499.2,13.7,POLITY,,(Ionia),Persian Empire - Lydia - Lydia - Ionia - Tragia,Southwest Asia,Anatolia-Caucasus,196,244,11,2026-08-21,Persian Empire,,"POLYGON ((26.94895 37.45442, 26.94203 37.46731, 26.93009 37.…"
530,Karia,-514.5,-499.3,35424.9,POLITY,,(Lydia),Persian Empire - Lydia - Lydia - Karia,Southwest Asia,Anatolia-Caucasus,196,241,12,2026-08-21,Persian Empire,,"MULTIPOLYGON (((27.2965 36.48395, 27.29817 36.48208, 27.2961…"
531,Chalke,-514.5,-499.2,28.7,POLITY,,(Karia),Persian Empire - Lydia - Lydia - Karia - Chalke,Southwest Asia,Anatolia-Caucasus,196,250,6,2026-08-21,Persian Empire,,"POLYGON ((27.52064 36.20886, 27.52067 36.20875, 27.52403 36.…"
532,Cos,-514.5,-499.2,295.3,POLITY,,(Karia),Persian Empire - Lydia - Lydia - Karia - Cos,Southwest Asia,Anatolia-Caucasus,196,250,0,2026-08-21,Persian Empire,,"POLYGON ((27.35589 36.87206, 27.34725 36.88939, 27.34306 36.…"
533,Eulimna,-514.5,-499.2,6.8,POLITY,,(Karia),Persian Empire - Lydia - Lydia - Karia - Eulimna,Southwest Asia,Anatolia-Caucasus,196,250,5,2026-08-21,Persian Empire,,"POLYGON ((27.70322 36.24586, 27.70525 36.24697, 27.70897 36.…"
534,Istros,-514.5,-499.2,5.2,POLITY,,(Karia),Persian Empire - Lydia - Lydia - Karia - Istros,Southwest Asia,Anatolia-Caucasus,196,250,1,2026-08-21,Persian Empire,,"POLYGON ((27.1285 36.67675, 27.11914 36.66586, 27.10717 36.6…"
535,Kalymna,-514.5,-499.2,109.6,POLITY,,(Karia),Persian Empire - Lydia - Lydia - Karia - Kalymna,Southwest Asia,Anatolia-Caucasus,196,249,13,2026-08-21,Persian Empire,,"POLYGON ((26.96153 36.92717, 26.96411 36.92758, 26.96881 36.…"
536,Leros,-514.5,-499.2,53.6,POLITY,,(Karia),Persian Empire - Lydia - Lydia - Karia - Leros,Southwest Asia,Anatolia-Caucasus,196,249,12,2026-08-21,Persian Empire,,"POLYGON ((26.89536 37.09892, 26.89386 37.11867, 26.88392 37.…"
537,Miletus,-543.5,-499.3,277.2,POLITY,,(Karia),Persian Empire - Lydia - Lydia - Karia - Miletus,Southwest Asia,Anatolia-Caucasus,196,243,2,2026-08-21,Persian Empire,,"MULTIPOLYGON (((27.2177 37.4888, 27.2219 37.4904, 27.226 37.…"
538,Nisyros,-514.5,-499.2,42.9,POLITY,,(Karia),Persian Empire - Lydia - Lydia - Karia - Nisyros,Southwest Asia,Anatolia-Caucasus,196,250,2,2026-08-21,Persian Empire,,"POLYGON ((27.19056 36.55831, 27.19342 36.55892, 27.2022 36.5…"
539,Pserimos,-514.5,-499.2,14.9,POLITY,,(Karia),Persian Empire - Lydia - Lydia - Karia - Pserimos,Southwest Asia,Anatolia-Caucasus,196,249,15,2026-08-21,Persian Empire,,"POLYGON ((27.1742 36.92056, 27.17678 36.92097, 27.17325 36.9…"
540,Rhodos,-514.5,-499.2,1416.3,POLITY,,(Karia),Persian Empire - Lydia - Lydia - Karia - Rhodos,Southwest Asia,Anatolia-Caucasus,196,250,7,2026-08-21,Persian Empire,,"POLYGON ((27.75581 35.88136, 27.76003 35.88106, 27.76883 35.…"
541,Syme,-514.5,-499.2,58.5,POLITY,,(Karia),Persian Empire - Lydia - Lydia - Karia - Syme,Southwest Asia,Anatolia-Caucasus,196,250,4,2026-08-21,Persian Empire,,"POLYGON ((27.83486 36.53628, 27.83581 36.53472, 27.84297 36.…"
542,Telendos,-514.5,-499.2,4.4,POLITY,,(Karia),Persian Empire - Lydia - Lydia - Karia - Telendos,Southwest Asia,Anatolia-Caucasus,196,249,14,2026-08-21,Persian Empire,,"POLYGON ((26.92009 36.99164, 26.92211 36.99253, 26.92734 37.…"
543,Telos,-514.5,-499.2,66.5,POLITY,,(Karia),Persian Empire - Lydia - Lydia - Karia - Telos,Southwest Asia,Anatolia-Caucasus,196,250,3,2026-08-21,Persian Empire,,"POLYGON ((27.36481 36.39114, 27.36886 36.39278, 27.37306 36.…"
544,Lydia,-547.1,-420.5,26799.7,POLITY,,(Lydia),Persian Empire - Lydia - Lydia - Lydia,Southwest Asia,Anatolia-Caucasus,196,241,3,2026-08-21,Persian Empire,,"POLYGON ((28.69686 37.93978, 28.70406 37.94459, 28.71942 37.…"
545,Thrace,-508.5,-498.5,133376.8,POLITY,,(Lydia),Persian Empire - Lydia - Lydia - Thrace,Europe,Southeastern Europe,196,246,0,2026-08-21,Persian Empire,,"MULTIPOLYGON (((24.97586 39.49133, 24.97286 39.49758, 24.975…"
546,Halonnesos,-512.5,-495.5,39.4,POLITY,,(Thrace),Persian Empire - Lydia - Lydia - Thrace - Halonnesos,Europe,Southern Europe,196,250,11,2026-08-21,Persian Empire,,"POLYGON ((24.99939 39.48134, 24.99583 39.46875, 24.98817 39.…"
547,Imbros,-512.5,-495.5,286.8,POLITY,,(Thrace),Persian Empire - Lydia - Lydia - Thrace - Imbros,Southwest Asia,Anatolia-Caucasus,196,250,9,2026-08-21,Persian Empire,,"POLYGON ((25.74358 40.09659, 25.75597 40.102, 25.76783 40.10…"
548,Lemnos,-512.5,-495.5,496.2,POLITY,,(Thrace),Persian Empire - Lydia - Lydia - Thrace - Lemnos,Europe,Southern Europe,196,250,10,2026-08-21,Persian Empire,,"POLYGON ((25.25933 39.99036, 25.2715 39.99147, 25.27386 39.9…"
549,Macedon,-510.5,-498.5,7845.9,POLITY,,(Thrace),Persian Empire - Lydia - Lydia - Thrace - Macedon,Europe,Southern Europe,196,246,2,2026-08-21,Persian Empire,,"POLYGON ((22.62189 40, 22.6034 40.0035, 22.5641 40.0097, 22.…"
550,Samothrace,-508.5,-495.5,182.8,POLITY,,(Thrace),Persian Empire - Lydia - Lydia - Thrace - Samothrace,Europe,Southern Europe,196,250,12,2026-08-21,Persian Empire,,"POLYGON ((25.61364 40.51278, 25.60447 40.51364, 25.57253 40.…"
551,Thracian Chersonese,-512.5,-498.4,968.2,POLITY,,(Thrace),Persian Empire - Lydia - Lydia - Thrace - Thracian Chersonese,Southwest Asia,Anatolia-Caucasus,196,246,1,2026-08-21,Persian Empire,,"POLYGON ((26.90108 40.54556, 26.8775 40.52678, 26.87539 40.5…"
552,Media,-514.5,-363.5,1372224.7,POLITY,,(Persian Empire),Persian Empire - Media,Southwest Asia,Iran,196,240,6,2026-08-21,Persian Empire,,"POLYGON ((49.8949 33.1011, 49.8621 33.1195, 49.8621 33.1565,…"
553,Armenia,-514.5,-363.5,321895.2,POLITY,,(Media),Persian Empire - Media - Armenia,Southwest Asia,Anatolia-Caucasus,196,240,9,2026-08-21,Persian Empire,,"POLYGON ((39.93836 37.82311, 39.93147 37.82028, 39.90181 37.…"
554,Colchis,-514.5,-363.5,37365.5,POLITY,,(Armenia),Persian Empire - Media - Armenia - Colchis,Southwest Asia,Anatolia-Caucasus,196,245,14,2026-08-21,Persian Empire,,"POLYGON ((42.0517 43.2994, 42.1914 43.282, 42.3155 43.282, 4…"
555,East Armenia,-514.5,-363.5,165165.5,POLITY,,(Armenia),Persian Empire - Media - Armenia - East Armenia,Southwest Asia,Anatolia-Caucasus,196,240,9,2026-08-21,Persian Empire,,"POLYGON ((39.99645 37.87214, 39.94381 37.82772, 39.93836 37.…"
556,West Armenia,-514.5,-363.5,119364.2,POLITY,,(Armenia),Persian Empire - Media - Armenia - West Armenia,Southwest Asia,Anatolia-Caucasus,196,240,10,2026-08-21,Persian Empire,,"POLYGON ((43.5258 39.95, 43.5225 39.8983, 43.5058 39.8417, 4…"
557,Khorasmia,-534.5,-329.5,200424.6,POLITY,,(Media),Persian Empire - Media - Khorasmia,Central and Northern Eurasia,Turkestan,196,242,13,2026-08-21,Persian Empire,,"POLYGON ((62.44747 39.99181, 62.45681 39.98503, 62.4772 39.9…"
558,Media,-514.5,-330.5,388410.5,POLITY,,(Media),Persian Empire - Media - Media,Southwest Asia,Iran,196,240,6,2026-08-21,Persian Empire,,"POLYGON ((51.4374 33.6351, 51.504 33.6017, 51.5665 33.5476, …"
559,Lesser Media,-514.5,-330.5,137367.0,POLITY,,(Media),Persian Empire - Media - Media - Lesser Media,Southwest Asia,Iran,196,240,7,2026-08-21,Persian Empire,,"POLYGON ((50.03775 37.4072, 50.07834 37.40336, 50.10158 37.3…"
560,Media,-521.5,-330.5,206123.9,POLITY,,(Media),Persian Empire - Media - Media - Media,Southwest Asia,Iran,196,240,6,2026-08-21,Persian Empire,,"POLYGON ((49.9168 33.0272, 49.9168 33.0687, 49.8949 33.1011,…"
561,Paraitakene,-521.4,-330.5,44919.6,POLITY,,(Media),Persian Empire - Media - Media - Paraitakene,Southwest Asia,Iran,196,240,5,2026-08-21,Persian Empire,,"POLYGON ((51.3165 33.6976, 51.2833 33.7, 51.2083 33.675, 51.…"
562,Parthia,-521.3,-330.4,461494.3,POLITY,,(Media),Persian Empire - Media - Parthia,Southwest Asia,Iran,196,240,3,2026-08-21,Persian Empire,,"POLYGON ((60.175 32.7325, 60.2292 32.7325, 60.2417 32.6742, …"
563,Hyrkania,-521.3,-330.4,162536.6,POLITY,,(Parthia),Persian Empire - Media - Parthia - Hyrkania,Southwest Asia,Iran,196,240,4,2026-08-21,Persian Empire,,"POLYGON ((60.0458 37.4542, 60.1125 37.4375, 60.2083 37.4208,…"
564,Parthia,-521.3,-330.4,298957.7,POLITY,,(Parthia),Persian Empire - Media - Parthia - Parthia,Southwest Asia,Iran,196,240,3,2026-08-21,Persian Empire,,"POLYGON ((60.1083 32.7075, 60.175 32.7325, 60.2292 32.7325, …"
565,Persis,-520.5,-330.8,542042.3,POLITY,,(Persian Empire),Persian Empire - Persis,Southwest Asia,Iran,196,242,9,2026-08-21,Persian Empire,,"MULTIPOLYGON (((50.76192 29.07039, 50.75925 29.07539, 50.774…"
566,Persis,-521.4,-330.6,483610.9,POLITY,,(Persis),Persian Empire - Persis - Persis,Southwest Asia,Iran,196,240,1,2026-08-21,Persian Empire,,"MULTIPOLYGON (((50.88639 28.99181, 50.88739 28.98995, 50.884…"
567,Karmania,-521.4,-329.5,280965.6,POLITY,,(Persis),Persian Empire - Persis - Persis - Karmania,Southwest Asia,Iran,196,240,2,2026-08-21,Persian Empire,,"POLYGON ((54.96167 26.61858, 54.93695 26.59581, 54.91411 26.…"
568,Persis,-521.4,-330.6,202645.3,POLITY,,(Persis),Persian Empire - Persis - Persis - Persis,Southwest Asia,Iran,196,240,1,2026-08-21,Persian Empire,,"MULTIPOLYGON (((50.76192 29.07039, 50.75925 29.07539, 50.774…"
569,Sousiane,-520.5,-330.8,58431.4,POLITY,,(Persis),Persian Empire - Persis - Sousiane,Southwest Asia,Iran,196,242,9,2026-08-21,Persian Empire,,"POLYGON ((48.8708 29.9918, 48.8296 29.9751, 48.7909 29.9605,…"
570,Sousiane,-520.5,-330.8,58431.4,POLITY,,(Sousiane),Persian Empire - Persis - Sousiane - Sousiane,Southwest Asia,Iran,196,242,9,2026-08-21,Persian Empire,,"POLYGON ((48.8708 29.9918, 48.8296 29.9751, 48.7909 29.9605,…"
571,Persis- Sousiane,-521.4,-330.8,65159.3,POLITY,,(Persian Empire),Persian Empire - Persis- Sousiane,Southwest Asia,Iran,196,242,10,2026-08-21,Persian Empire,,"POLYGON ((50.0208 32.5792, 50.0583 32.5125, 50.1042 32.4083,…"
572,Elymais,-521.4,-330.8,65159.3,POLITY,,(Persis- Sousiane),Persian Empire - Persis- Sousiane - Elymais,Southwest Asia,Iran,196,242,10,2026-08-21,Persian Empire,,"POLYGON ((50.0208 32.5792, 50.0583 32.5125, 50.1042 32.4083,…"
573,Sattagydia,-516.5,-338.5,69281.8,POLITY,,(Persian Empire),Persian Empire - Sattagydia,South Asia,Pakistan,196,245,8,2026-08-21,Persian Empire,,"POLYGON ((71.03858 29.54125, 71.03059 29.53342, 71.02331 29.…"
574,Taxila,-516.5,-338.5,69281.8,POLITY,,(Sattagydia),Persian Empire - Sattagydia - Taxila,South Asia,Pakistan,196,245,8,2026-08-21,Persian Empire,,"POLYGON ((71.03858 29.54125, 71.03059 29.53342, 71.02331 29.…"
575,Peucetians,-800.1,-317.2,0.0,TRIBAL_AREA,,,Peucetians,Europe,Southern Europe,232,144,96,2026-08-21,Peucetians,Contained in border: Iapygii,POINT (16.3276 41.153)
576,Phlius,-655.5,-480.9,212.0,POLITY,,,Phlius,Europe,Southern Europe,192,160,224,2026-08-21,Phlius,,"POLYGON ((22.7008 37.84, 22.7117 37.8217, 22.7092 37.7875, 2…"
577,Phocis,-500.5,-458.3,155.4,POLITY,,,Phocis,Europe,Southern Europe,224,176,224,2026-08-21,Phocis,,"POLYGON ((-4.177195 36.7167, -4.156445 36.72147, -4.132472 3…"
578,Mainake,-600.0,-1.0,155.4,POLITY,,(Phocis),Phocis - Mainake,Europe,Southern Europe,224,176,235,2026-08-21,Phocis,,"POLYGON ((-4.177195 36.7167, -4.156445 36.72147, -4.132472 3…"
579,Pi,-770.1,-415.5,1090.6,POLITY,,,Pi,East Asia,North China,192,208,64,2026-08-21,Pi,,"POLYGON ((118.0209 34.5061, 118.0417 34.4748, 118.0783 34.47…"
580,Piceni,-500.1,-438.5,6128.0,POLITY,,,Piceni,Europe,Southern Europe,244,240,249,2026-08-21,Piceni,Overlaps dot-tribe(s): Picentes,"POLYGON ((12.56881 44.08383, 12.5683 44.07, 12.5667 44.055, …"
581,Picentes,-515.5,-438.5,0.0,TRIBAL_AREA,,,Picentes,Europe,Southern Europe,224,176,160,2026-08-21,Picentes,Contained in border: Piceni,"MULTIPOINT ((13.519 43.1331), (12.9758 43.6564))"
582,Plains Peoples,-2400.1,-1.0,3187664.7,TRIBAL_AREA,,,Plains Peoples,North America,East Coast,224,160,80,2026-08-21,Plains Peoples,,"MULTIPOINT ((-96.74 28.84), (-100.7 31.8), (-101.7 33.3), (-…"
583,Plateau Peoples,-2400.1,-1.0,581352.3,TRIBAL_AREA,,,Plateau Peoples,North America,East Coast,176,176,112,2026-08-21,Plateau Peoples,,"MULTIPOINT ((-121.7 42.3), (-120.7 43.8), (-118.7 43.8), (-1…"
584,Poverty Point Culture,-2200.1,-1.0,77872.4,TRIBAL_AREA,,,Poverty Point Culture,North America,East Coast,192,224,96,2026-08-21,Poverty Point Culture,,"MULTIPOINT ((-91.7 30.3), (-92.7 31.8), (-90.7 31.8), (-91.7…"
585,Proto-Burmese,-2400.1,-1.0,327353.1,TRIBAL_AREA,,,Proto-Burmese,South Asia,North India,176,48,112,2026-08-21,Proto-Burmese,,"MULTIPOINT ((93.3 25.3), (94.8 25.3), (94.05 26.3), (93.3 27…"
586,Proto-Ethiopians,-1100.1,-1.0,655381.0,TRIBAL_AREA,,,Proto-Ethiopians,Africa,Northeast Africa,232,144,224,2026-08-21,Proto-Ethiopians,,"MULTIPOINT ((34.3 9.3), (34.3 7.3), (35.8 5.3), (37.3 5.3), …"
587,Proto-Mongol Peoples,-2400.1,-1.0,1264964.3,TRIBAL_AREA,,,Proto-Mongol Peoples,Central and Northern Eurasia,Siberia,144,48,208,2026-08-21,Proto-Mongol Peoples,,"MULTIPOINT ((96.3 46.3), (98.3 46.3), (100.3 46.3), (97.3 47…"
588,Proto-Tibetans,-500.5,-450.5,1482480.2,TRIBAL_AREA,,,Proto-Tibetans,East Asia,North China,240,32,96,2026-08-21,Proto-Tibetans,,"MULTIPOINT ((82.3 28.3), (81.3 29.8), (83.3 29.8), (89.3 26.…"
589,Proto-Turkic Peoples,-1400.1,-1.0,866912.8,TRIBAL_AREA,,,Proto-Turkic Peoples,East Asia,North China,128,144,32,2026-08-21,Proto-Turkic Peoples,,"MULTIPOINT ((77.3 38.8), (79.3 38.8), (80.3 37.3), (82.3 37.…"
590,Pulinda,-610.1,-319.5,27458.5,POLITY,,,Pulinda,South Asia,North India,244,244,241,2026-08-21,Pulinda,,"POLYGON ((80.027 22.8245, 80.0667 22.7583, 80.1196 22.7627, …"
591,Pundra,-610.1,-311.5,15270.8,POLITY,,,Pundra,South Asia,Eastern South Asia,244,243,255,2026-08-21,Pundra,,"POLYGON ((89.3476 24.9618, 89.4314 24.8779, 89.449 24.7588, …"
592,Qedarites,-526.5,-1.0,31748.3,TRIBAL_AREA,,,Qedarites,Southwest Asia,Arabia,132,224,176,2026-08-21,Qedarites,Contained in border: North Arabian Semites,"MULTIPOINT ((38.3 31.8), (41.3 30.3), (43.3 30.3), (40.3 31.…"
593,Qi,-500.5,-492.5,104370.0,POLITY,,,Qi,East Asia,North China,96,208,160,2026-08-21,Qi,,"POLYGON ((119.9787 35.73197, 119.9743 35.74378, 119.9695 35.…"
594,Qi(2),-706.5,-445.5,3072.8,POLITY,,,Qi(2),East Asia,North China,240,128,32,2026-08-21,Qi(2),,"POLYGON ((119.56 36.8287, 119.5965 36.8235, 119.633 36.8026,…"
595,Qiang,-771.1,-1.0,93558.6,POLITY,,,Qiang,East Asia,North China,244,243,244,2026-08-21,Qiang,,"POLYGON ((100.0658 38.3192, 100.1658 38.3492, 100.3358 38.38…"
596,Qin,-525.5,-462.5,82563.5,POLITY,,,Qin,East Asia,North China,244,0,0,2026-08-21,Qin,,"POLYGON ((104.8244 33.4172, 104.8037 33.4896, 104.8037 33.54…"
597,Qiuyou,-770.1,-458.5,5420.5,POLITY,,,Qiuyou,East Asia,North China,244,241,247,2026-08-21,Qiuyou,,"POLYGON ((113.6094 38.2428, 113.5468 38.2688, 113.4216 38.30…"
598,Quanrong,-550.5,-361.5,473571.8,TRIBAL_AREA,,,Quanrong,East Asia,North China,212,208,48,2026-08-21,Quanrong,,"MULTIPOINT ((96.3 34.3), (98.3 34.3), (100.55 31.3), (102.05…"
599,Ren,-770.1,-335.5,296.0,POLITY,,,Ren,East Asia,North China,192,176,144,2026-08-21,Ren,,"POLYGON ((116.8887 35.2678, 116.873 35.2574, 116.8313 35.257…"
600,Rhegion,-621.5,-489.7,154.4,POLITY,,,Rhegion,Europe,Southern Europe,212,160,32,2026-08-21,Rhegion,,"POLYGON ((15.6533 38.0109, 15.6657 38.0125, 15.6779 38.0156,…"
601,Roman Republic,-500.5,-499.5,1046.5,POLITY,,,Roman Republic,Europe,Southern Europe,240,240,160,2026-08-21,Roman Republic,,"POLYGON ((12.22028 41.746, 12.21695 41.74811, 12.22381 41.75…"
602,Crustumerium,-500.5,-482.5,50.5,POLITY,,(Roman Republic),Roman Republic - Crustumerium,Europe,Southern Europe,240,240,168,2026-08-21,Roman Republic,,"POLYGON ((12.5767 41.9917, 12.5792 41.9992, 12.5833 42.0042,…"
603,Ficulea,-504.4,-338.5,40.4,POLITY,,(Roman Republic),Roman Republic - Ficulea,Europe,Southern Europe,240,240,167,2026-08-21,Roman Republic,,"POLYGON ((12.5767 41.9917, 12.5883 41.9867, 12.605 41.9808, …"
604,Fidenae,-504.4,-482.5,31.2,POLITY,,(Roman Republic),Roman Republic - Fidenae,Europe,Southern Europe,240,240,166,2026-08-21,Roman Republic,,"POLYGON ((12.49722 41.94673, 12.49925 41.94584, 12.50206 41.…"
605,Saba,-1100.1,-1.0,166802.4,POLITY,,,Saba,Southwest Asia,Arabia,224,224,48,2026-08-21,Saba,,"POLYGON ((44.99283 12.76861, 44.97784 12.7782, 44.97545 12.7…"
606,Saharan Peoples,-515.5,-440.5,6755147.4,TRIBAL_AREA,,,Saharan Peoples,Africa,Maghreb,128,112,48,2026-08-21,Saharan Peoples,Contained in border: Garamantes,"MULTIPOINT ((3.25 15.25), (2.25 16.75), (4.25 16.75), (1.25 …"
607,Sakas,-520.5,-1.0,1560311.0,TRIBAL_AREA,,,Sakas,Central and Northern Eurasia,Turkestan,48,176,144,2026-08-21,Sakas,,"MULTIPOINT ((76.3 43.3), (73.3 44.8), (75.3 44.8), (77.3 44.…"
608,Sakya,-610.1,-480.5,2587.0,POLITY,,,Sakya,South Asia,North India,240,176,208,2026-08-21,Sakya,,"POLYGON ((83.2673 27.8345, 83.3067 27.8389, 83.3636 27.8258,…"
609,Salwa,-610.1,-322.5,23889.0,POLITY,,,Salwa,South Asia,Pakistan,208,240,224,2026-08-21,Salwa,,"POLYGON ((71.5499 29.2985, 71.5676 29.3162, 71.5896 29.3338,…"
610,Samnites,-800.1,-450.5,0.0,TRIBAL_AREA,,,Samnites,Europe,Southern Europe,144,192,64,2026-08-21,Samnites,Contained in border: Samnium,POINT (14.7138 41.7988)
611,Samnium,-500.1,-438.5,6191.5,POLITY,,,Samnium,Europe,Southern Europe,244,240,251,2026-08-21,Samnium,Overlaps dot-tribe(s): Samnites,"POLYGON ((14.47289 42.29578, 14.4658 42.2817, 14.4375 42.248…"
612,Saurashtra,-610.1,-317.5,55687.6,POLITY,,,Saurashtra,South Asia,North India,240,160,112,2026-08-21,Saurashtra,,"POLYGON ((69.98728 21.21608, 69.94131 21.26828, 69.92678 21.…"
613,Sauromatians,-550.1,-330.5,0.0,TRIBAL_AREA,,,Sauromatians,Central and Northern Eurasia,Siberia,224,80,160,2026-08-21,Sauromatians,,POINT (44.6828 42.7379)
614,Savanna Peoples,-2400.1,-1.0,4582463.4,TRIBAL_AREA,,,Savanna Peoples,South America and Caribbean,Amazonia,208,96,32,2026-08-21,Savanna Peoples,,"MULTIPOINT ((-54.7 -31.2), (-52.7 -31.2), (-67.7 -29.7), (-6…"
615,Savaras,-610.1,-430.5,29277.2,POLITY,,,Savaras,South Asia,North India,244,244,244,2026-08-21,Savaras,,"POLYGON ((82.8267 17.39853, 82.6456 17.5422, 82.6103 17.5907…"
616,Scythia,-505.5,-480.1,393737.2,POLITY,,,Scythia,Central and Northern Eurasia,Pontic-Caspian,32,176,224,2026-08-21,Scythia,,"MULTIPOLYGON (((32.85344 46.02589, 32.83786 46.02781, 32.823…"
617,Shanrong,-663.5,-282.5,35082.1,TRIBAL_AREA,,,Shanrong,East Asia,North China,208,208,16,2026-08-21,Shanrong,,"POLYGON ((118.0228 40.4792, 118.1272 40.5105, 118.1324 40.58…"
618,Shu,-500.5,-451.5,136090.2,POLITY,,,Shu,East Asia,North China,168,208,208,2026-08-21,Shu,,"MULTIPOLYGON (((105.0291 28.76964, 105.0133 28.76795, 105.01…"
619,Ju(2),-550.5,-451.5,3754.3,POLITY,,(Shu),Shu - Ju(2),East Asia,North China,168,208,209,2026-08-21,Shu,,"POLYGON ((106.3275 32.8467, 106.33 32.8384, 106.3334 32.8017…"
620,Ping Zhou,-550.5,-451.5,2540.4,POLITY,,(Shu),Shu - Ping Zhou,East Asia,North China,168,208,210,2026-08-21,Shu,,"POLYGON ((106.2034 32.085, 106.237 32.0891, 106.2742 32.0828…"
621,Shurparaka,-610.1,-301.5,14880.7,POLITY,,,Shurparaka,South Asia,North India,192,176,128,2026-08-21,Shurparaka,,"MULTIPOLYGON (((73.05275 19.01406, 73.05323 19.01508, 73.056…"
622,Sicans,-1000.1,-496.5,5490.4,TRIBAL_AREA,,,Sicans,Europe,Southern Europe,248,176,240,2026-08-21,Sicans,Contained in border: Sikanoi,"MULTIPOINT ((13.3207 37.6802), (14.0345 37.8241), (13.8793 3…"
623,Sicels,-1000.1,-466.4,0.0,TRIBAL_AREA,,,Sicels,Europe,Southern Europe,170,64,64,2026-08-21,Sicels,Contained in border: Sikeloi,POINT (15.2086 38.0029)
624,Sicyon,-655.5,-480.9,229.4,POLITY,,,Sicyon,Europe,Southern Europe,224,240,160,2026-08-21,Sicyon,,"POLYGON ((22.79775 37.97295, 22.77703 38.00011, 22.72764 38.…"
625,Sikanoi,-500.1,-480.3,1658.2,POLITY,,,Sikanoi,Europe,Southern Europe,244,240,244,2026-08-21,Sikanoi,Overlaps dot-tribe(s): Sicans,"POLYGON ((13.4742 37.7075, 13.4908 37.7042, 13.5183 37.7042,…"
626,Sikeloi,-500.1,-461.4,7384.2,POLITY,,,Sikeloi,Europe,Southern Europe,244,240,243,2026-08-21,Sikeloi,Overlaps dot-tribe(s): Sicels,"MULTIPOLYGON (((14.9842 37.7067, 14.9583 37.6983, 14.9367 37…"
627,Slavs,-2050.1,-1.0,333790.6,TRIBAL_AREA,,,Slavs,Central and Northern Eurasia,Pontic-Caspian,224,224,64,2026-08-21,Slavs,,"MULTIPOINT ((18.8 49.3), (20.3 49.3), (18.05 50.3), (19.55 5…"
628,Song,-563.5,-487.5,37796.4,POLITY,,,Song,East Asia,North China,240,176,144,2026-08-21,Song,,"POLYGON ((115.3339 34.9757, 115.3704 34.9391, 115.4122 34.90…"
629,South China Peoples,-770.1,-384.5,223961.7,TRIBAL_AREA,,,South China Peoples,East Asia,North China,208,240,96,2026-08-21,South China Peoples,,"MULTIPOINT ((105.3 25.3), (106.8 25.3), (108.3 25.3), (109.8…"
630,Subarctic Peoples,-2400.1,-1.0,5658266.9,TRIBAL_AREA,,,Subarctic Peoples,North America,Arctic America,144,16,160,2026-08-21,Subarctic Peoples,,"MULTIPOINT ((-95.7 48.3), (-94.7 49.8), (-92.7 49.8), (-74.7…"
631,Suhma,-610.1,-345.5,5880.7,POLITY,,,Suhma,South Asia,North India,224,224,176,2026-08-21,Suhma,,"POLYGON ((87.36136 21.57225, 87.34783 21.57158, 87.34002 21.…"
632,Surasena,-600.5,-360.5,28630.0,POLITY,,,Surasena,South Asia,North India,64,224,176,2026-08-21,Surasena,,"POLYGON ((77.5194 27.9723, 77.5194 27.9459, 77.5106 27.9282,…"
633,Syracuse,-552.5,-492.5,1328.4,POLITY,,,Syracuse,Europe,Southern Europe,128,80,208,2026-08-21,Syracuse,,"MULTIPOLYGON (((14.53382736850404 36.783792897707116, 14.543…"
634,Kamarina,-552.5,-492.5,186.5,POLITY,,(Syracuse),Syracuse - Kamarina,Europe,Southern Europe,128,80,210,2026-08-21,Syracuse,,"MULTIPOLYGON (((14.54372 36.78139, 14.5332 36.7832, 14.53382…"
635,Tan,-770.1,-473.3,1419.0,POLITY,,,Tan,East Asia,North China,248,128,0,2026-08-21,Tan,,"POLYGON ((118.6365 34.7357, 118.5844 34.7617, 118.5844 34.76…"
636,Taras,-500.5,-437.5,200.7,POLITY,,,Taras,Europe,Southern Europe,176,96,192,2026-08-21,Taras,,"POLYGON ((17.27575 40.38136, 17.2907 40.3865, 17.3008 40.393…"
637,Tartessos,-600.0,-100.0,71497.6,POLITY,,,Tartessos,Europe,Southern Europe,240,128,144,2026-08-21,Tartessos,,"MULTIPOLYGON (((-7.958333 36.99239, -7.960778 36.99481, -7.9…"
638,Taulanti,-600.1,-355.5,8208.1,TRIBAL_AREA,,,Taulanti,Europe,Southeastern Europe,160,192,64,2026-08-21,Taulanti,,"POLYGON ((19.67972 40.13172, 19.6897 40.1428, 19.7047 40.159…"
639,Teng,-770.1,-297.5,1667.3,POLITY,,,Teng,East Asia,North China,80,192,64,2026-08-21,Teng,,"POLYGON ((117.4626 34.9861, 117.52 34.9287, 117.5043 34.9183…"
640,Teutons,-500.1,-1.0,751108.4,TRIBAL_AREA,,,Teutons,Europe,Northern Europe,56,128,144,2026-08-21,Teutons,,"MULTIPOINT ((4.615 52.235), (6.05 52.3), (7.55 52.3), (5.693…"
641,Thai Peoples,-1000.1,-1.0,268071.6,TRIBAL_AREA,,,Thai Peoples,East Asia,North China,128,160,208,2026-08-21,Thai Peoples,,"MULTIPOINT ((99.3 23.3), (100.15 22.3), (101.55 22.3), (100.…"
642,Thesprotians,-500.1,-430.8,2315.4,POLITY,,,Thesprotians,Europe,Southern Europe,244,240,246,2026-08-21,Thesprotians,Overlaps dot-tribe(s): Dorians,"POLYGON ((20 39.8725, 20.0125 39.9042, 20.0667 39.925, 20.16…"
643,Thessaly,-500.5,-481.1,14624.1,POLITY,,,Thessaly,Europe,Southern Europe,176,128,224,2026-08-21,Thessaly,,"POLYGON ((22.82442 38.79519, 22.84039 38.77831, 22.84992 38.…"
644,Malis,-610.5,-481.1,771.2,POLITY,,(Thessaly),Thessaly - Malis,Europe,Southern Europe,176,128,226,2026-08-21,Thessaly,,"POLYGON ((22.80595 38.89178, 22.79509 38.88311, 22.77872 38.…"
645,Phocis,-500.5,-481.1,1640.3,POLITY,,(Thessaly),Thessaly - Phocis,Europe,Southern Europe,176,128,229,2026-08-21,Thessaly,,"POLYGON ((22.8127 38.78653, 22.81731 38.78822, 22.82442 38.7…"
646,Thraikes,-500.1,-341.5,114444.1,POLITY,,,Thraikes,Europe,Southeastern Europe,244,241,241,2026-08-21,Thraikes,Overlaps dot-tribe(s): Thracians,"MULTIPOLYGON (((23.5517 42.0867, 23.534248957288117 42.09192…"
647,Three Yi Tribes,-770.1,-1.0,12940.2,POLITY,,,Three Yi Tribes,East Asia,North China,244,243,241,2026-08-21,Three Yi Tribes,,"POLYGON ((120 28.8392, 120.1933 28.8642, 120.3433 28.8475, 1…"
648,Trigarta,-600.5,-450.5,22892.6,POLITY,,,Trigarta,South Asia,North India,224,208,96,2026-08-21,Trigarta,,"POLYGON ((74.98341 31.14506, 74.97553 31.14878, 74.96825 31.…"
649,Tuhe,-662.5,-307.5,2092.3,POLITY,,,Tuhe,East Asia,North China,244,241,252,2026-08-21,Tuhe,,"POLYGON ((114.9833 41.15, 115.0917 41.1667, 115.2292 41.1292…"
650,Ugrians,-750.1,-1.0,1249106.2,TRIBAL_AREA,,,Ugrians,Central and Northern Eurasia,Siberia,224,176,48,2026-08-21,Ugrians,,"MULTIPOINT ((57.3 54.8), (59.3 54.8), (61.3 54.8), (63.3 54.…"
651,Umbri,-800.1,-438.5,0.0,TRIBAL_AREA,,,Umbri,Europe,Southern Europe,240,112,16,2026-08-21,Umbri,Contained in border: Umbrii,"MULTIPOINT ((13.969 42.3221), (12.6655 43.1724))"
652,Umbrii,-500.1,-438.5,17622.6,POLITY,,,Umbrii,Europe,Southern Europe,244,240,250,2026-08-21,Umbrii,Overlaps dot-tribe(s): Umbri,"POLYGON ((13.4608 41.7483, 13.4175 41.7333, 13.3558 41.715, …"
653,Usinara,-530.5,-354.5,13235.1,POLITY,,,Usinara,South Asia,North India,208,208,112,2026-08-21,Usinara,,"POLYGON ((78.2017 29.9883, 78.1867 29.9817, 78.175 29.9642, …"
654,Utkala,-610.1,-345.5,19873.9,POLITY,,,Utkala,South Asia,North India,208,208,96,2026-08-21,Utkala,,"MULTIPOLYGON (((86.39731 19.99925, 86.39506 19.99583, 86.396…"
655,Vajjika League,-610.1,-478.5,62178.1,POLITY,,,Vajjika League,South Asia,North India,164,208,240,2026-08-21,Vajjika League,,"POLYGON ((85.13008 25.85031, 85.12292 25.86167, 85.11901 25.…"
656,Licchavi,-610.1,-478.5,11896.2,POLITY,,(Vajjika League),Vajjika League - Licchavi,South Asia,North India,164,208,241,2026-08-21,Vajjika League,,"POLYGON ((85.13589 25.84933, 85.13008 25.85031, 85.12292 25.…"
657,Naya,-610.1,-468.5,1930.6,POLITY,,(Vajjika League),Vajjika League - Naya,South Asia,North India,164,208,243,2026-08-21,Vajjika League,,"POLYGON ((84.94206 26.0945, 84.93308 26.10039, 84.92834 26.1…"
658,Vajji,-610.1,-468.5,15789.6,POLITY,,(Vajjika League),Vajjika League - Vajji,South Asia,North India,164,208,242,2026-08-21,Vajjika League,,"POLYGON ((85.4346 26.4563, 85.4476 26.4389, 85.465 26.4128, …"
659,Videha,-610.1,-468.5,32561.7,POLITY,,(Vajjika League),Vajjika League - Videha,South Asia,North India,164,208,244,2026-08-21,Vajjika League,,"POLYGON ((85.041 27.4448, 85.0585 27.4316, 85.1023 27.4097, …"
660,Vanga,-610.1,-345.5,48683.2,POLITY,,,Vanga,South Asia,Eastern South Asia,240,144,80,2026-08-21,Vanga,,"MULTIPOLYGON (((88.17639 21.5745, 88.17364 21.58009, 88.1738…"
661,Vatsa,-560.5,-492.5,34914.7,POLITY,,,Vatsa,South Asia,North India,32,192,224,2026-08-21,Vatsa,,"POLYGON ((81.5976 24.9554, 81.5667 24.951, 81.5005 24.951, 8…"
662,Bhagga,-560.5,-492.5,3596.7,POLITY,,(Vatsa),Vatsa - Bhagga,South Asia,North India,32,192,225,2026-08-21,Vatsa,,"POLYGON ((80.84095 26.03308, 80.85889 25.98428, 80.85753 25.…"
663,Veneti,-800.1,-1.0,0.0,TRIBAL_AREA,,,Veneti,Europe,Southern Europe,224,160,16,2026-08-21,Veneti,,"MULTIPOINT ((11.6617 45.4692), (12.15 46.3))"
664,Vidarbha,-610.1,-348.5,65463.6,POLITY,,,Vidarbha,South Asia,North India,192,176,224,2026-08-21,Vidarbha,,"POLYGON ((79.9738 19.9797, 79.9263 19.9372, 79.8788 19.8972,…"
665,Volsci,-507.5,-495.3,155.5,POLITY,,,Volsci,Europe,Southern Europe,240,112,96,2026-08-21,Volsci,,"POLYGON ((13.3479 41.2897, 13.3481 41.3037, 13.3458 41.3161,…"
666,Anxur,-507.5,-494.5,155.5,POLITY,,(Volsci),Volsci - Anxur,Europe,Southern Europe,240,112,99,2026-08-21,Volsci,,"POLYGON ((13.3479 41.2897, 13.3481 41.3037, 13.3458 41.3161,…"
667,West African Peoples,-1500.1,-1.0,3240880.9,TRIBAL_AREA,,,West African Peoples,Africa,Sahel,224,128,64,2026-08-21,West African Peoples,,"MULTIPOINT ((1.05 6.3), (0.3 7.3), (1.8 7.3), (3.3 7.3), (4.…"
668,Western Mediterraneans,-1450.1,-1.0,0.0,TRIBAL_AREA,,,Western Mediterraneans,Europe,Southern Europe,232,208,80,2026-08-21,Western Mediterraneans,,POINT (2.9552 39.6294)
669,Western Rong,-688.5,-361.5,15410.2,POLITY,,,Western Rong,East Asia,North China,244,241,253,2026-08-21,Western Rong,,"POLYGON ((105.027 35.8035, 105.0844 35.8035, 105.1678 35.808…"
670,Wey,-547.5,-491.2,16204.6,POLITY,,,Wey,East Asia,North China,240,144,160,2026-08-21,Wey,,"POLYGON ((114.981 34.9419, 114.9775 34.9458, 114.9745 34.949…"
671,White Di,-770.1,-407.5,54098.8,POLITY,,,White Di,East Asia,North China,244,241,249,2026-08-21,White Di,,"POLYGON ((109.9827 35.7069, 109.931 35.769, 109.869 35.7328,…"
672,Wu,-504.5,-494.5,236345.1,POLITY,,,Wu,East Asia,North China,248,160,240,2026-08-21,Wu,,"MULTIPOLYGON (((115.3012 29.7485, 115.3781 29.81, 115.4192 2…"
673,Wushi Rong,-771.1,-314.5,8382.4,POLITY,,,Wushi Rong,East Asia,North China,244,242,241,2026-08-21,Wushi Rong,,"POLYGON ((105.8409 35.8087, 105.8565 35.8817, 105.8565 35.90…"
674,Wuzhong,-662.5,-457.5,3364.4,POLITY,,,Wuzhong,East Asia,North China,244,241,251,2026-08-21,Wuzhong,,"POLYGON ((114.8333 38.9792, 114.7292 38.9917, 114.6 39.0542,…"
675,Xu(2),-506.5,-371.5,1295.4,POLITY,,,Xu(2),East Asia,North China,224,176,80,2026-08-21,Xu(2),,"POLYGON ((112.5765 33.7116, 112.6375 33.7217, 112.7188 33.72…"
676,Xue,-770.1,-335.5,1564.2,POLITY,,,Xue,East Asia,North China,192,96,224,2026-08-21,Xue,,"POLYGON ((117.6087 34.9183, 117.5617 34.9496, 117.5409 34.94…"
677,Yan,-662.5,-456.5,65925.0,POLITY,,,Yan,East Asia,North China,192,32,160,2026-08-21,Yan,,"POLYGON ((117.3207 38.8006, 117.2782 38.7581, 117.2251 38.71…"
678,Yaudheya,-500.5,-322.5,56654.2,POLITY,,,Yaudheya,South Asia,North India,160,160,224,2026-08-21,Yaudheya,,"POLYGON ((77.965 29.9973, 78.0223 29.9797, 78.0356 29.9444, …"
679,Yihu,-770.1,-491.5,3520.0,POLITY,,,Yihu,East Asia,North China,244,242,245,2026-08-21,Yihu,,"POLYGON ((117.8534 32.6052, 117.8832 32.5824, 117.9007 32.54…"
680,Yiqu,-771.1,-272.5,13887.9,POLITY,,,Yiqu,East Asia,North China,240,224,192,2026-08-21,Yiqu,,"POLYGON ((107.1191 35.8504, 107.1087 35.8087, 107.1035 35.76…"
681,Yue,-505.5,-494.5,72131.6,POLITY,,,Yue,East Asia,North China,148,176,144,2026-08-21,Yue,,"MULTIPOLYGON (((118.7507 28.1414, 118.6783 28.1311, 118.5955…"
682,Yuezhi,-1235.1,-1.0,261905.1,TRIBAL_AREA,,,Yuezhi,East Asia,North China,192,192,64,2026-08-21,Yuezhi,,"MULTIPOINT ((76.3 40.3), (77.3 41.8), (78.3 40.3), (80.3 40.…"
683,Zapotecs,-1400.1,-1.0,0.0,TRIBAL_AREA,,,Zapotecs,North America,Mexico,208,192,32,2026-08-21,Zapotecs,,POINT (-96.7 16.8)
684,Zhangzhung,-500.5,-1.0,243059.3,POLITY,,,Zhangzhung,East Asia,North China,248,128,144,2026-08-21,Zhangzhung,,"POLYGON ((84.2605 29.9828, 84.2164 29.952, 84.1679 29.952, 8…"
685,Zheng,-504.5,-468.5,27413.0,POLITY,,,Zheng,East Asia,North China,240,80,128,2026-08-21,Zheng,,"POLYGON ((114.1362 33.581, 114.1672 33.581, 114.2086 33.5603…"
686,Zhongshan,-506.5,-491.2,12372.3,POLITY,,,Zhongshan,East Asia,North China,48,128,112,2026-08-21,Zhongshan,,"POLYGON ((115 38.2807, 114.9548 38.3507, 114.9039 38.3965, 1…"
687,Zhou Dynasty,-505.5,-353.5,5061.4,POLITY,,,Zhou Dynasty,East Asia,North China,208,64,48,2026-08-21,Zhou Dynasty,,"POLYGON ((112.849 34.4188, 112.8387 34.3722, 112.8076 34.356…"
688,Zhu,-523.5,-335.5,3158.4,POLITY,,,Zhu,East Asia,North China,48,128,176,2026-08-21,Zhu,,"POLYGON ((117.9426 34.9757, 117.927 34.9444, 117.9061 34.913…"
689,Zhuanyu,-770.1,-483.5,311.3,POLITY,,,Zhuanyu,East Asia,North China,48,192,144,2026-08-21,Zhuanyu,,"POLYGON ((117.8957 35.5496, 117.8539 35.5548, 117.7965 35.54…"
