 1033 
 3 
 1             1             
1
 -9999.0   ,   9990.0
   7
 28 
66.08903      45
66            45
66            45.01292
66.00281      45.01381
66.00589      45.01639
66.01397      45.02317
66.01373      45.03231
66.01653      45.03792
66.00989      45.04289
66.00239      45.04342
66            45.045
66            45.07228
66.00148      45.07161
66.01711      45.07056
66.04011      45.07664
66.04181      45.07406
66.03328      45.06283
66.03508      45.06106
66.04478      45.05936
66.04645      45.0545
66.05053      45.05139
66.0537       45.04473
66.05136      45.03245
66.05845      45.01481
66.06301      45.00934
66.0719       45.00545
66.08825      45.00095
66.08903      45
 1             1             2 
1
 -9999.0   ,   9990.0
   7
 6 
66.04414      45.00975
66.02441      45.02061
66.01117      45.00867
66.01331      45.00728
66.01911      45.00711
66.04414      45.00975
 1             1             3 
1
 -9999.0   ,   9990.0
   7
 6 
66.0128       45.04725
66.01664      45.0497
66.018        45.05559
66.00473      45.0565
66.00291      45.05392
66.0128       45.04725
 4 
 1             2             
1
 -9999.0   ,   9990.0
   7
 157 
66.18933      45.04948
66.18278      45.04848
66.17567      45.04981
66.15242      45.057
66.13945      45.05603
66.13595      45.06039
66.12608      45.05217
66.12009      45.053
66.11778      45.05589
66.11383      45.06086
66.10709      45.0605
66.1035       45.05614
66.099        45.05261
66.09636      45.05381
66.09536      45.06125
66.08381      45.06747
66.07803      45.06822
66.06648      45.0655
66.06106      45.06964
66.06683      45.07361
66.07317      45.08164
66.07283      45.08561
66.06586      45.09022
66.07516      45.09206
66.06786      45.09856
66.06409      45.10959
66.06011      45.11253
66.055        45.10503
66.0603       45.09886
66.06067      45.09284
66.05717      45.09461
66.05028      45.09811
66.04266      45.10442
66.03398      45.105
66.02623      45.10823
66.02295      45.11195
66.0265       45.12103
66.02015      45.12372
66.01126      45.12495
66            45.12086
66            45.13098
66.0075       45.13183
66.01048      45.13453
66.0087       45.1365
66.00364      45.13789
66            45.13739
66            45.14753
66.00381      45.15008
66.00339      45.15092
66.00128      45.15523
66            45.15617
66            45.16897
66.00291      45.16958
66.00598      45.17289
66.00373      45.17573
66            45.17731
66            45.20342
66.00331      45.20536
66.00236      45.20914
66            45.2115
66            45.2247
66.00336      45.22747
66.00881      45.23539
66.01365      45.23445
66.01481      45.23003
66.02278      45.22825
66.02336      45.22614
66.01628      45.22122
66.03436      45.21442
66.04181      45.21309
66.05123      45.21309
66.06345      45.21309
66.06795      45.21175
66.07303      45.20828
66.07689      45.19992
66.07848      45.19653
66.08636      45.18795
66.10153      45.18111
66.10786      45.18481
66.1107       45.184
66.11348      45.17864
66.11995      45.17467
66.14005      45.17
66.14253      45.16653
66.14733      45.15686
66.15461      45.15658
66.16433      45.15073
66.16461      45.14845
66.15995      45.14422
66.14936      45.14164
66.14992      45.15008
66.13316      45.14936
66.12975      45.15209
66.13328      45.15658
66.13073      45.15925
66.12295      45.16228
66.11978      45.16042
66.11664      45.15256
66.11181      45.1535
66.11128      45.16472
66.10308      45.15803
66.08947      45.15484
66.08614      45.15481
66.06286      45.15456
66.0562       45.15728
66.0465       45.15898
66.03878      45.15806
66.02472      45.16186
66.02355      45.1622
66.01803      45.16028
66.0183       45.15856
66.0185       45.15736
66.02328      45.15372
66.0252       45.14614
66.03011      45.14353
66.04189      45.1442
66.04886      45.14186
66.0562       45.14197
66.05786      45.14353
66.05566      45.14678
66.05836      45.1495
66.08009      45.14803
66.08795      45.14128
66.09272      45.14067
66.09511      45.14036
66.10316      45.133
66.1142       45.13017
66.11058      45.12092
66.09661      45.11689
66.0948       45.11434
66.09634      45.10823
66.08915      45.1027
66.09241      45.10103
66.10315      45.10673
66.10911      45.1057
66.11058      45.10353
66.10856      45.09931
66.11025      45.09672
66.11836      45.09636
66.138        45.10123
66.14053      45.09609
66.15434      45.09453
66.15591      45.08903
66.15473      45.08745
66.15414      45.08667
66.14422      45.08259
66.14389      45.08014
66.14892      45.07625
66.16031      45.07678
66.16536      45.077
66.16866      45.07553
66.1792       45.06281
66.18328      45.06067
66.19583      45.05875
66.1959       45.05481
66.19261      45.05009
66.18933      45.04948
 1             2             2 
1
 -9999.0   ,   9990.0
   7
 22 
66.04539      45.17584
66.0459       45.17828
66.05778      45.18203
66.0579       45.18489
66.05286      45.1867
66.05103      45.19053
66.04795      45.19136
66.03667      45.17847
66.03161      45.1775
66.02873      45.17675
66.02397      45.1785
66.0195       45.19081
66.01525      45.194
66.00948      45.19231
66.00864      45.18845
66.01722      45.174
66.02253      45.16992
66.03036      45.16939
66.03745      45.1705
66.03872      45.1707
66.045        45.17398
66.04539      45.17584
 1             2             3 
1
 -9999.0   ,   9990.0
   7
 9 
66.0545       45.16197
66.05925      45.16247
66.06067      45.16445
66.05748      45.16672
66.05731      45.16984
66.05372      45.17131
66.04984      45.17075
66.04742      45.16803
66.0545       45.16197
 1             2             4 
1
 -9999.0   ,   9990.0
   7
 6 
66.07628      45.1802
66.06817      45.17884
66.06336      45.17564
66.06416      45.17289
66.07484      45.17481
66.07628      45.1802
 1 
 1             3             
1
 -9999.0   ,   9990.0
   7
 134 
66.09311      45.27664
66.07816      45.2787
66.07225      45.276
66.07231      45.27206
66.0855       45.26581
66.08661      45.25681
66.07983      45.25417
66.0787       45.2522
66.08033      45.24939
66.07595      45.24492
66.07767      45.24047
66.06053      45.23706
66.05798      45.23767
66.05545      45.24281
66.04242      45.24803
66.03931      45.25114
66.04034      45.25664
66.03614      45.26023
66.0319       45.257
66.02825      45.24939
66.02628      45.24786
66.02195      45.24836
66.02039      45.2512
66.01628      45.25847
66.01561      45.26431
66.01041      45.26922
66.00066      45.2707
66            45.27037
66            45.29697
66.0015       45.29706
66.00539      45.29728
66.01386      45.29484
66.02364      45.28259
66.03456      45.27461
66.03289      45.26873
66.04975      45.25911
66.05595      45.25931
66.05986      45.26236
66.05773      45.26828
66.0445       45.28533
66.0439       45.2895
66.05114      45.29978
66.04931      45.30361
66.05103      45.30537
66.05873      45.30609
66.0622       45.30792
66.05895      45.31317
66.06116      45.31545
66.07142      45.31309
66.08109      45.31739
66.08483      45.31695
66.087        45.305
66.09566      45.304
66.10934      45.30761
66.11808      45.30517
66.12009      45.30256
66.13583      45.29981
66.13811      45.29717
66.1419       45.28203
66.15166      45.27845
66.16286      45.26611
66.16317      45.26589
66.17059      45.26061
66.17178      45.25431
66.17247      45.25075
66.18408      45.24375
66.18511      45.24056
66.16911      45.22409
66.18028      45.2202
66.1842       45.21456
66.19648      45.21661
66.203        45.21511
66.20678      45.21073
66.20264      45.20625
66.17648      45.19253
66.16995      45.18534
66.17392      45.18445
66.1819       45.1872
66.19323      45.18783
66.19664      45.18803
66.19922      45.18559
66.19573      45.1792
66.20672      45.17411
66.2115       45.1622
66.21858      45.16045
66.22353      45.15617
66.22514      45.15089
66.22339      45.14439
66.2135       45.13203
66.20611      45.13564
66.20186      45.14092
66.18078      45.15128
66.19531      45.16556
66.19731      45.16958
66.19614      45.17172
66.19225      45.17303
66.18328      45.17159
66.16822      45.16434
66.16336      45.16509
66.1622       45.17136
66.15553      45.17184
66.14983      45.17511
66.15156      45.17708
66.15836      45.17764
66.15964      45.18064
66.15139      45.18867
66.1474       45.18728
66.14111      45.19062
66.13897      45.19634
66.14017      45.20081
66.15325      45.21089
66.1485       45.21681
66.14075      45.21795
66.13939      45.22075
66.14081      45.22892
66.14367      45.23492
66.14411      45.23528
66.14795      45.23836
66.14986      45.24381
66.1453       45.24703
66.14525      45.24703
66.13583      45.24828
66.12828      45.25522
66.12959      45.25845
66.13753      45.26081
66.13758      45.26556
66.13355      45.27039
66.12867      45.27092
66.12566      45.27464
66.13003      45.28097
66.12984      45.28595
66.12528      45.28689
66.11011      45.27675
66.09311      45.27664
 1 
 1             4             
1
 -9999.0   ,   9990.0
   7
 4 
66            45.46103
66            45.46664
66.00191      45.46134
66            45.46103
 1 
 1             5             
1
 -9999.0   ,   9990.0
   7
 6 
66            45.65045
66            45.65514
66.01861      45.65259
66.0224       45.65006
66.01661      45.64858
66            45.65045
 1 
 1             6             
1
 -9999.0   ,   9990.0
   7
 8 
67.68872      50
67.70553      50
67.70658      49.99939
67.70865      49.99398
67.70164      49.99233
67.69453      49.99484
67.68972      49.99856
67.68872      50
 1 
 1             7             
1
 -9999.0   ,   9990.0
   7
 8 
68.92909      50
68.94961      50
68.95336      49.98181
68.95198      49.97592
68.94395      49.97053
68.93453      49.97809
68.93214      49.98286
68.92909      50
 1 
 1             8             
1
 -9999.0   ,   9990.0
   7
 15 
69.25995      49.98614
69.25701      49.98361
69.24726      49.98089
69.23528      49.9797
69.22214      49.97608
69.19853      49.9755
69.17103      49.98328
69.16241      49.98897
69.16109      49.99367
69.15386      50
69.2652       50
69.25803      49.99706
69.2572       49.99673
69.2567       49.98984
69.25995      49.98614
 1 
 1             9             
1
 -9999.0   ,   9990.0
   7
 4 
67.71461      45
67.7065       45
67.7127       45.0017
67.71461      45
 1 
 1             10            
1
 -9999.0   ,   9990.0
   7
 5 
67.65781      45
67.63136      45
67.63301      45.00209
67.64755      45.00211
67.65781      45
 1 
 1             11            
1
 -9999.0   ,   9990.0
   7
 8 
68.03703      45.0072
68.04314      45.00231
68.042        45
68.0245       45
68.02228      45.00078
68.01711      45.00622
68.02211      45.0102
68.03703      45.0072
 1 
 1             12            
1
 -9999.0   ,   9990.0
   7
 8 
70.50723      45
70.4915       45
70.49008      45.004
70.49325      45.01281
70.49709      45.01367
70.50114      45.01106
70.50739      45.00147
70.50723      45
 1 
 1             13            
1
 -9999.0   ,   9990.0
   7
 8 
70.93736      45.00414
70.93625      45.00617
70.94325      45.01628
70.94836      45.01714
70.95153      45.01383
70.94853      45.01028
70.94345      45.00484
70.93736      45.00414
 1 
 1             14            
1
 -9999.0   ,   9990.0
   7
 13 
67.92411      45
67.89655      45
67.89391      45.00231
67.8717       45.00917
67.87311      45.01089
67.88378      45.01086
67.88247      45.01628
67.88592      45.0172
67.89364      45.01239
67.89403      45.0092
67.90331      45.00495
67.91939      45.0032
67.92411      45
 1 
 1             15            
1
 -9999.0   ,   9990.0
   7
 17 
68.03641      45.01245
68.02706      45.01486
68.03328      45.01684
68.0367       45.02072
68.0405       45.02142
68.04531      45.01642
68.06242      45.01678
68.06889      45.0142
68.07703      45.01653
68.07798      45.01406
68.07205      45.00934
68.07545      45.00564
68.07156      45
68.06316      45
68.05245      45.00836
68.0459       45.00889
68.03641      45.01245
 1 
 1             16            
1
 -9999.0   ,   9990.0
   7
 11 
67.82298      45
67.80283      45.00578
67.79933      45.01039
67.8002       45.01389
67.79698      45.01897
67.7973       45.02403
67.80053      45.02425
67.80566      45.01675
67.81739      45.01106
67.82364      45.0025
67.82298      45
 1 
 1             17            
1
 -9999.0   ,   9990.0
   7
 16 
67.51322      45
67.46231      45
67.46291      45.00503
67.46114      45.00859
67.45528      45.00889
67.45278      45.01309
67.45472      45.0155
67.46264      45.01695
67.46608      45.0227
67.48078      45.02436
67.49033      45.02314
67.49942      45.0157
67.50045      45.00289
67.51317      45.00503
67.5142       45.0005
67.51322      45
 1 
 1             18            
1
 -9999.0   ,   9990.0
   7
 8 
67.23908      45.02178
67.23372      45.023
67.23403      45.02556
67.24401      45.02373
67.2529       45.0227
67.25464      45.01936
67.2535       45.01814
67.23908      45.02178
 1 
 1             19            
1
 -9999.0   ,   9990.0
   7
 8 
67.4305       45
67.40375      45
67.40925      45.00906
67.41195      45.0182
67.42159      45.0262
67.43242      45.01267
67.42914      45.00325
67.4305       45
 1 
 1             20            
1
 -9999.0   ,   9990.0
   7
 27 
66.42423      45
66.41217      45
66.406        45.00284
66.39803      45.00217
66.3935       45
66.39083      45
66.38626      45.00134
66.37695      45.00139
66.37486      45.0032
66.37833      45.01764
66.38115      45.02095
66.38495      45.02111
66.386        45.014
66.39045      45.0145
66.39567      45.01847
66.40778      45.01761
66.4158       45.02678
66.42098      45.0262
66.4235       45.02353
66.42083      45.02103
66.42108      45.01667
66.42689      45.01439
66.42945      45.01195
66.42983      45.00839
66.4285       45.00312
66.42592      45.00122
66.42423      45
 1 
 1             21            
1
 -9999.0   ,   9990.0
   7
 7 
68.19434      45.01553
68.1872       45.01556
68.18045      45.02067
68.18145      45.02303
68.18906      45.02717
68.19731      45.02031
68.19434      45.01553
 1 
 1             22            
1
 -9999.0   ,   9990.0
   7
 24 
71.21784      45.00561
71.20603      45.00845
71.19878      45.00545
71.19334      45.005
71.18948      45.00467
71.17045      45.01389
71.17408      45.01767
71.19453      45.02087
71.19717      45.02486
71.21928      45.02261
71.22953      45.02389
71.23475      45.02772
71.24509      45.02783
71.24653      45.02559
71.24509      45.02325
71.23756      45.01978
71.23489      45.01628
71.24378      45.01359
71.24553      45.01159
71.24284      45.00853
71.23867      45.0077
71.22925      45.00875
71.22647      45.00683
71.21784      45.00561
 1 
 1             23            
1
 -9999.0   ,   9990.0
   7
 16 
66.18339      45
66.14333      45
66.13492      45.0077
66.13475      45.01289
66.13958      45.0142
66.14114      45.017
66.1407       45.0222
66.14315      45.02947
66.15203      45.02617
66.16045      45.02523
66.17039      45.02408
66.17897      45.02061
66.18653      45.0205
66.1894       45.01803
66.17792      45.013
66.18339      45
 1 
 1             24            
1
 -9999.0   ,   9990.0
   7
 10 
71.76642      45.02014
71.76503      45.02195
71.76639      45.02611
71.75964      45.03095
71.76072      45.03464
71.76628      45.03364
71.7697       45.03031
71.77789      45.02803
71.77336      45.02264
71.76642      45.02014
 1 
 1             25            
1
 -9999.0   ,   9990.0
   7
 27 
70.47856      45
70.39276      45
70.39247      45.00075
70.39575      45.00411
70.40145      45.0057
70.40411      45.00878
70.38986      45.01692
70.37522      45.01839
70.3682       45.02131
70.36598      45.02489
70.367        45.02703
70.36845      45.03003
70.37548      45.03489
70.37995      45.03578
70.40208      45.0337
70.40911      45.03467
70.42167      45.03128
70.43197      45.03192
70.43978      45.0352
70.4565       45.03634
70.46336      45.03522
70.46875      45.03247
70.47439      45.02261
70.4807       45.01645
70.48236      45.0117
70.47878      45.004
70.47856      45
 1 
 1             26            
1
 -9999.0   ,   9990.0
   7
 12 
69.05233      45.03556
69.0589       45.03714
69.06486      45.03561
69.07311      45.0372
69.07567      45.03433
69.0743       45.03197
69.06347      45.03348
69.0528       45.03228
69.04845      45.03178
69.04736      45.03286
69.04815      45.03453
69.05233      45.03556
 1 
 1             27            
1
 -9999.0   ,   9990.0
   7
 7 
67.68075      45.02881
67.67042      45.03092
67.6637       45.03553
67.66436      45.03786
67.6802       45.03567
67.68322      45.0322
67.68075      45.02881
 1 
 1             28            
1
 -9999.0   ,   9990.0
   7
 8 
67.21339      45.03197
67.20078      45.03411
67.19878      45.03695
67.19106      45.04125
67.19141      45.04334
67.2099       45.03864
67.21498      45.03461
67.21339      45.03197
 1 
 1             29            
1
 -9999.0   ,   9990.0
   7
 9 
68.40961      45.03181
68.40528      45.03295
68.4057       45.03503
68.41225      45.03703
68.4165       45.04506
68.42033      45.04575
68.4215       45.04397
68.41722      45.03339
68.40961      45.03181
 1 
 1             30            
1
 -9999.0   ,   9990.0
   7
 17 
69.176        45.02436
69.17423      45.02611
69.17965      45.02984
69.18603      45.03084
69.18825      45.03439
69.19328      45.03581
69.19458      45.03886
69.19742      45.03967
69.19839      45.04592
69.20125      45.04653
69.20748      45.0425
69.20178      45.03189
69.1993       45.03062
69.19334      45.03214
69.18823      45.02523
69.18515      45.02667
69.176        45.02436
 1 
 1             31            
1
 -9999.0   ,   9990.0
   7
 10 
67.27131      45.0375
67.2625       45.03784
67.25305      45.04064
67.24953      45.0427
67.24875      45.04608
67.2665       45.04661
67.27284      45.04542
67.27592      45.04172
67.27497      45.03914
67.27131      45.0375
 1 
 1             32            
1
 -9999.0   ,   9990.0
   7
 8 
69.256        45.03278
69.24706      45.03831
69.25214      45.04545
69.25784      45.04686
69.26275      45.0462
69.25836      45.03842
69.25983      45.03345
69.256        45.03278
 1 
 1             33            
1
 -9999.0   ,   9990.0
   7
 12 
67.67983      45.04095
67.67567      45.04067
67.67333      45.04456
67.67236      45.0462
67.66489      45.04642
67.66203      45.04853
67.66272      45.05064
67.67589      45.054
67.67828      45.053
67.67758      45.04837
67.67836      45.04586
67.67983      45.04095
 1 
 1             34            
1
 -9999.0   ,   9990.0
   7
 9 
67.73295      45.04364
67.72166      45.04314
67.70403      45.05189
67.70553      45.05545
67.70866      45.05633
67.72142      45.05025
67.72706      45.04922
67.73545      45.04447
67.73295      45.04364
 1 
 1             35            
1
 -9999.0   ,   9990.0
   7
 32 
66.56303      45.05867
66.58111      45.06047
66.5862       45.0572
66.58992      45.05672
66.59539      45.06025
66.61214      45.06317
66.61453      45.06136
66.60995      45.05589
66.61595      45.05297
66.61733      45.0485
66.63364      45.04214
66.63633      45.03864
66.6292       45.03356
66.6187       45.03167
66.61211      45.03047
66.59786      45.02072
66.59028      45.01259
66.59683      45.00548
66.59953      45
66.5677       45
66.56734      45.001
66.58225      45.01959
66.58292      45.02431
66.56866      45.03278
66.58065      45.03483
66.58508      45.03739
66.57473      45.04456
66.56067      45.04828
66.5562       45.0517
66.55428      45.05453
66.55761      45.05761
66.56303      45.05867
 1 
 1             36            
1
 -9999.0   ,   9990.0
   7
 11 
71.7755       45.05292
71.7687       45.05342
71.76731      45.0552
71.77016      45.0617
71.77506      45.0662
71.78147      45.06728
71.78389      45.06461
71.79356      45.06489
71.79531      45.06264
71.79253      45.05431
71.7755       45.05292
 1 
 1             37            
1
 -9999.0   ,   9990.0
   7
 25 
71.22023      45.06639
71.21661      45.06261
71.21086      45.06128
71.20717      45.05864
71.20578      45.05539
71.19586      45.04886
71.18428      45.04848
71.17445      45.04561
71.16666      45.04581
71.16161      45.04909
71.15478      45.04861
71.14906      45.0482
71.14173      45.04222
71.1257       45.03572
71.12081      45.03625
71.11675      45.03908
71.11514      45.04361
71.11715      45.04734
71.13153      45.05906
71.14273      45.05578
71.17245      45.05586
71.19303      45.06228
71.19906      45.06889
71.21655      45.06811
71.22023      45.06639
 1 
 1             38            
1
 -9999.0   ,   9990.0
   7
 19 
71.44811      45.04998
71.44583      45.05036
71.442        45.05481
71.43723      45.05375
71.43567      45.05781
71.43333      45.05889
71.4287       45.05575
71.42578      45.05567
71.42467      45.05817
71.43411      45.06739
71.44041      45.06942
71.4425       45.0672
71.44906      45.07084
71.45316      45.06753
71.45991      45.07323
71.465        45.07431
71.46875      45.07122
71.46761      45.06867
71.44811      45.04998
 1 
 1             39            
1
 -9999.0   ,   9990.0
   7
 12 
70.34497      45.07059
70.3457       45.06714
70.34383      45.06614
70.33747      45.06887
70.33289      45.06547
70.32811      45.06481
70.32073      45.06817
70.32181      45.0705
70.3229       45.07081
70.34015      45.07561
70.34461      45.07236
70.34497      45.07059
 1 
 1             40            
1
 -9999.0   ,   9990.0
   7
 66 
67.43217      45.06695
67.43516      45.06798
67.46233      45.06278
67.46909      45.0615
67.4815       45.06828
67.5039       45.0732
67.52355      45.07403
67.53345      45.07284
67.55114      45.0687
67.55675      45.06562
67.56086      45.06634
67.56208      45.07195
67.57547      45.07625
67.59397      45.07103
67.59991      45.06772
67.59789      45.06575
67.59184      45.06492
67.589        45.05664
67.58856      45.05528
67.57992      45.04942
67.57459      45.05047
67.58106      45.058
67.58065      45.0612
67.574        45.06261
67.56748      45.06034
67.5667       45.05386
67.56398      45.04978
67.55348      45.04803
67.55256      45.04789
67.55331      45.04592
67.55403      45.04409
67.56011      45.03711
67.56464      45.03464
67.5672       45.03
67.55903      45.02556
67.55597      45.0217
67.56189      45.01356
67.56667      45.01159
67.57367      45.0125
67.58325      45.01106
67.58583      45.0087
67.58336      45.00531
67.57631      45.00234
67.57111      45.00223
67.55811      45.00528
67.54967      45.00289
67.54434      45.00645
67.5367       45.02295
67.54833      45.03062
67.55666      45.03114
67.54716      45.0395
67.5465       45.042
67.54461      45.0492
67.54106      45.0515
67.52978      45.05353
67.50656      45.0527
67.50095      45.04611
67.49136      45.04503
67.46678      45.05445
67.4485       45.05784
67.4395       45.05725
67.4327       45.05978
67.4322       45.06025
67.42973      45.06256
67.43114      45.06658
67.43217      45.06695
 1 
 1             41            
1
 -9999.0   ,   9990.0
   7
 7 
68.35841      45.06031
68.35392      45.07106
68.36061      45.08039
68.36606      45.08095
68.36856      45.07328
68.37748      45.06898
68.35841      45.06031
 1 
 1             42            
1
 -9999.0   ,   9990.0
   7
 22 
70.75122      45.06481
70.74803      45.0655
70.747        45.06489
70.7372       45.05912
70.73236      45.05895
70.72695      45.06281
70.72656      45.06309
70.71447      45.06492
70.7143       45.06547
70.71361      45.06764
70.71989      45.07017
70.71516      45.07273
70.71515      45.07731
70.71073      45.08011
70.7137       45.08367
70.72578      45.07772
70.73717      45.07436
70.74858      45.071
70.76225      45.06461
70.76266      45.06442
70.7615       45.06256
70.75122      45.06481
 1 
 1             43            
1
 -9999.0   ,   9990.0
   7
 11 
70.27614      45.07136
70.27203      45.0742
70.27586      45.0787
70.276        45.08467
70.29553      45.08317
70.29611      45.08
70.28145      45.07756
70.28061      45.07592
70.28664      45.07342
70.28545      45.07223
70.27614      45.07136
 1 
 1             44            
1
 -9999.0   ,   9990.0
   7
 44 
67.36065      45.06028
67.35073      45.05939
67.34689      45.07109
67.34203      45.07581
67.33714      45.07595
67.33225      45.07378
67.3312       45.07186
67.33486      45.0712
67.3365       45.06878
67.33009      45.06328
67.311        45.06295
67.30781      45.065
67.31089      45.06867
67.31786      45.06983
67.31181      45.07631
67.30798      45.08064
67.31175      45.08642
67.3257       45.08645
67.33161      45.08339
67.34039      45.08328
67.35523      45.07417
67.36259      45.07258
67.36792      45.06903
67.36645      45.06778
67.36242      45.06889
67.358        45.06792
67.36117      45.06361
67.36217      45.06228
67.36278      45.06309
67.36342      45.06392
67.37811      45.06278
67.38108      45.06256
67.39508      45.06464
67.39958      45.06242
67.3994       45.0592
67.40225      45.05709
67.41067      45.05717
67.41545      45.05542
67.41248      45.05339
67.40505      45.05289
67.39406      45.05539
67.38606      45.05945
67.36383      45.06072
67.36065      45.06028
 1 
 1             45            
1
 -9999.0   ,   9990.0
   7
 7 
68.28997      45.06664
68.28191      45.0772
68.28111      45.0815
68.29334      45.08773
68.29486      45.08575
68.29486      45.07197
68.28997      45.06664
 1 
 1             46            
1
 -9999.0   ,   9990.0
   7
 10 
67.10108      45.08014
67.09873      45.08067
67.09786      45.08703
67.09936      45.09014
67.12761      45.09484
67.12876      45.09353
67.12186      45.08478
67.11858      45.08731
67.10883      45.08503
67.10108      45.08014
 1 
 1             47            
1
 -9999.0   ,   9990.0
   7
 8 
70.83395      45.09578
70.83466      45.09206
70.83175      45.08784
70.82747      45.08859
70.82073      45.09706
70.82353      45.09831
70.82795      45.09547
70.83395      45.09578
 1 
 1             48            
1
 -9999.0   ,   9990.0
   7
 7 
70.72278      45.08745
70.71261      45.08936
70.70822      45.09172
70.7109       45.09936
70.72686      45.09334
70.72761      45.08786
70.72278      45.08745
 1 
 1             49            
1
 -9999.0   ,   9990.0
   7
 8 
67.95128      45.08325
67.9487       45.08584
67.9487       45.09639
67.96481      45.09992
67.9692       45.09833
67.96486      45.08889
67.95803      45.08389
67.95128      45.08325
 1 
 1             50            
1
 -9999.0   ,   9990.0
   7
 9 
71.85756      45.08728
71.8472       45.0877
71.83928      45.09067
71.83845      45.09408
71.84292      45.10084
71.84864      45.10239
71.85717      45.09986
71.86066      45.09517
71.85756      45.08728
 1 
 1             51            
1
 -9999.0   ,   9990.0
   7
 48 
67.87565      45.06592
67.85453      45.07153
67.85253      45.07206
67.8414       45.07045
67.83553      45.07306
67.83003      45.07317
67.81336      45.06892
67.7734       45.07489
67.76383      45.07361
67.75586      45.07517
67.73959      45.08333
67.72628      45.08592
67.7109       45.0822
67.69278      45.08931
67.68845      45.08931
67.6717       45.08934
67.66008      45.09136
67.65505      45.09517
67.66175      45.10111
67.6697       45.10253
67.67586      45.09742
67.68228      45.09531
67.70417      45.0967
67.71283      45.0922
67.72161      45.09206
67.73309      45.0937
67.74415      45.09856
67.75742      45.10123
67.76386      45.09911
67.75533      45.09214
67.75361      45.08767
67.7594       45.08045
67.76317      45.07886
67.768        45.08167
67.77558      45.08331
67.78933      45.07958
67.80033      45.08234
67.8102       45.09423
67.81509      45.09659
67.82753      45.09828
67.8387       45.09692
67.85273      45.09114
67.85895      45.08556
67.85717      45.08153
67.86339      45.081
67.88073      45.07197
67.87995      45.06781
67.87565      45.06592
 1 
 1             52            
1
 -9999.0   ,   9990.0
   7
 10 
70.44261      45.08045
70.44036      45.08425
70.45241      45.10742
70.46111      45.11189
70.46547      45.10589
70.46423      45.10125
70.45609      45.09406
70.45486      45.08898
70.44925      45.08234
70.44261      45.08045
 1 
 1             53            
1
 -9999.0   ,   9990.0
   7
 10 
66.96909      45.11578
66.97214      45.111
66.96706      45.10828
66.95625      45.09634
66.95623      45.09631
66.95233      45.092
66.94895      45.09267
66.95634      45.10661
66.9575       45.10881
66.96909      45.11578
 1 
 1             54            
1
 -9999.0   ,   9990.0
   7
 8 
71.91045      45.10111
71.90676      45.10353
71.90336      45.11809
71.91433      45.11289
71.92278      45.11222
71.9245       45.10998
71.91961      45.10481
71.91045      45.10111
 1 
 1             55            
1
 -9999.0   ,   9990.0
   7
 34 
67.58017      45.11698
67.58833      45.11453
67.59586      45.11408
67.596        45.118
67.60167      45.11425
67.60464      45.10892
67.60781      45.10936
67.60914      45.11175
67.60525      45.11678
67.60817      45.11925
67.61692      45.11936
67.61723      45.11883
67.61858      45.11647
67.61698      45.11133
67.61933      45.10067
67.63153      45.09664
67.63286      45.0912
67.63033      45.08575
67.62666      45.08392
67.61539      45.08342
67.61173      45.08159
67.60641      45.08514
67.59903      45.08697
67.58798      45.08739
67.58389      45.09381
67.58536      45.09733
67.58245      45.10242
67.58045      45.10303
67.57131      45.10584
67.5747       45.1095
67.58206      45.11045
67.58009      45.11309
67.58011      45.11542
67.58017      45.11698
 1 
 1             56            
1
 -9999.0   ,   9990.0
   7
 10 
71.02878      45.09995
71.02198      45.10039
71.01986      45.10284
71.02306      45.10797
71.03783      45.11833
71.05665      45.12267
71.06006      45.12003
71.04559      45.11425
71.03581      45.10134
71.02878      45.09995
 1 
 1             57            
1
 -9999.0   ,   9990.0
   7
 8 
67.05634      45.11978
67.05417      45.12125
67.056        45.12437
67.06184      45.12684
67.06711      45.12628
67.06997      45.12442
67.06895      45.1225
67.05634      45.11978
 1 
 1             58            
1
 -9999.0   ,   9990.0
   7
 39 
66.41025      45.11806
66.40811      45.11945
66.40989      45.12181
66.41648      45.12487
66.42078      45.13056
66.44236      45.1282
66.44461      45.12556
66.43653      45.11392
66.44356      45.10967
66.44864      45.1002
66.46247      45.09486
66.47773      45.09109
66.4814       45.08814
66.48473      45.08086
66.48264      45.07853
66.47803      45.07725
66.472        45.07556
66.46761      45.06925
66.46278      45.06608
66.44981      45.06514
66.44345      45.06767
66.446        45.07122
66.4532       45.0705
66.45697      45.0725
66.4565       45.07542
66.444        45.07778
66.4349       45.07739
66.43136      45.07928
66.43675      45.08428
66.43486      45.08753
66.42936      45.08792
66.42295      45.08589
66.4212       45.08995
66.4264       45.09992
66.42408      45.10836
66.42509      45.11347
66.42164      45.11806
66.41272      45.11706
66.41025      45.11806
 1 
 1             59            
1
 -9999.0   ,   9990.0
   7
 9 
71.9252       45.12097
71.9158       45.12139
71.91241      45.12406
71.91711      45.1267
71.91881      45.13133
71.92553      45.13289
71.93134      45.12709
71.9287       45.12223
71.9252       45.12097
 1 
 1             60            
1
 -9999.0   ,   9990.0
   7
 12 
66.94925      45.13178
66.94573      45.12773
66.94075      45.12581
66.93461      45.12583
66.9322       45.12728
66.93639      45.13172
66.92811      45.13317
66.93391      45.13667
66.9414       45.13592
66.95158      45.13761
66.953        45.13523
66.94925      45.13178
 1 
 1             61            
1
 -9999.0   ,   9990.0
   7
 10 
70.32586      45.13117
70.31831      45.1327
70.31286      45.13203
70.3105       45.13306
70.31028      45.13558
70.31561      45.13764
70.32339      45.13772
70.3295       45.13409
70.32972      45.13156
70.32586      45.13117
 1 
 1             62            
1
 -9999.0   ,   9990.0
   7
 8 
70.414        45.12606
70.40839      45.12767
70.41539      45.13711
70.43245      45.13825
70.43586      45.13608
70.42772      45.12845
70.41998      45.12858
70.414        45.12606
 1 
 1             63            
1
 -9999.0   ,   9990.0
   7
 8 
71.25208      45.12678
71.24686      45.1275
71.24795      45.13053
71.26878      45.13831
71.27081      45.137
71.26908      45.13397
71.26225      45.12939
71.25208      45.12678
 1 
 1             64            
1
 -9999.0   ,   9990.0
   7
 18 
71.45825      45.14039
71.46775      45.14064
71.47225      45.13911
71.47564      45.13167
71.46792      45.13098
71.45925      45.133
71.45247      45.13461
71.43861      45.13395
71.43414      45.13289
71.4265       45.12731
71.42364      45.12522
71.41914      45.12461
71.41708      45.12606
71.41541      45.12725
71.42076      45.12995
71.42492      45.13581
71.4392       45.13992
71.45825      45.14039
 1 
 1             65            
1
 -9999.0   ,   9990.0
   7
 6 
66.77025      45.13359
66.76776      45.13645
66.79048      45.14181
66.79972      45.143
66.80125      45.14142
66.77025      45.13359
 1 
 1             66            
1
 -9999.0   ,   9990.0
   7
 8 
71.35081      45.13092
71.3407       45.13195
71.34192      45.13817
71.35356      45.14336
71.35625      45.14184
71.35653      45.1375
71.35245      45.13578
71.35081      45.13092
 1 
 1             67            
1
 -9999.0   ,   9990.0
   7
 6 
66.98898      45.14495
66.98058      45.13978
66.96595      45.13778
66.96198      45.1385
66.96198      45.14056
66.98898      45.14495
 1 
 1             68            
1
 -9999.0   ,   9990.0
   7
 7 
71.32056      45.13817
71.31548      45.14192
71.32051      45.14436
71.33531      45.14531
71.33553      45.14186
71.32895      45.13892
71.32056      45.13817
 1 
 1             69            
1
 -9999.0   ,   9990.0
   7
 8 
66.93086      45.14561
66.93278      45.14484
66.93245      45.14258
66.92767      45.14192
66.92623      45.14231
66.92203      45.14339
66.92628      45.14445
66.93086      45.14561
 1 
 1             70            
1
 -9999.0   ,   9990.0
   7
 24 
71.2195       45.11561
71.21105      45.11289
71.20959      45.11611
71.21217      45.11881
71.2192       45.12042
71.2207       45.12206
71.21961      45.12364
71.21378      45.12389
71.21253      45.12797
71.21861      45.13367
71.21817      45.1355
71.22583      45.13711
71.23106      45.13639
71.23311      45.13967
71.22895      45.14386
71.23011      45.14575
71.23267      45.14606
71.23645      45.14297
71.24461      45.14186
71.24648      45.13828
71.23908      45.13253
71.23781      45.12723
71.23114      45.12539
71.2195       45.11561
 1 
 1             71            
1
 -9999.0   ,   9990.0
   7
 10 
71.18961      45.13684
71.1875       45.13928
71.18816      45.14364
71.1918       45.14722
71.21833      45.14742
71.21695      45.14392
71.20886      45.14411
71.20033      45.14109
71.19539      45.13748
71.18961      45.13684
 1 
 1             72            
1
 -9999.0   ,   9990.0
   7
 10 
70.98008      45.13875
70.97686      45.13864
70.97439      45.14178
70.96692      45.14197
70.96384      45.14436
70.96623      45.14742
70.97711      45.14873
70.98084      45.14681
70.983        45.14345
70.98008      45.13875
 1 
 1             73            
1
 -9999.0   ,   9990.0
   7
 12 
70.87366      45.12053
70.87033      45.12178
70.85211      45.14059
70.84856      45.14503
70.84948      45.15008
70.85625      45.15059
70.861        45.14753
70.86895      45.13639
70.87883      45.134
70.88033      45.13106
70.87845      45.12139
70.87366      45.12053
 1 
 1             74            
1
 -9999.0   ,   9990.0
   7
 7 
66.81195      45.14664
66.80859      45.1475
66.81061      45.14942
66.82578      45.151
66.83303      45.15459
66.83628      45.15084
66.81195      45.14664
 1 
 1             75            
1
 -9999.0   ,   9990.0
   7
 12 
66.87206      45.15148
66.88156      45.15428
66.89103      45.15503
66.89611      45.15195
66.90248      45.15148
66.91465      45.15264
66.91597      45.1517
66.90953      45.14784
66.88633      45.14709
66.88258      45.14945
66.87561      45.14975
66.87206      45.15148
 1 
 1             76            
1
 -9999.0   ,   9990.0
   7
 6 
67.15075      45.15089
67.15434      45.1555
67.16203      45.15625
67.17233      45.15467
67.17203      45.15211
67.15075      45.15089
 1 
 1             77            
1
 -9999.0   ,   9990.0
   7
 25 
67.87181      45.11231
67.86151      45.11833
67.84172      45.12995
67.84341      45.13048
67.85545      45.13425
67.8592       45.13286
67.86789      45.13342
67.87211      45.1385
67.87186      45.14308
67.86884      45.14403
67.85978      45.14117
67.85136      45.14089
67.85017      45.15322
67.85245      45.15564
67.85655      45.15658
67.86273      45.15148
67.87261      45.15278
67.88264      45.14531
67.88656      45.14239
67.88809      45.13789
67.88123      45.12528
67.87483      45.12192
67.87636      45.11742
67.87434      45.11292
67.87181      45.11231
 1 
 1             78            
1
 -9999.0   ,   9990.0
   7
 8 
66.93914      45.15017
66.94128      45.1527
66.95683      45.15739
66.95936      45.15817
66.9599       45.15584
66.9568       45.1545
66.94611      45.14984
66.93914      45.15017
 1 
 1             79            
1
 -9999.0   ,   9990.0
   7
 11 
67.68495      45.15059
67.68083      45.15217
67.68486      45.15634
67.68698      45.16267
67.69558      45.15886
67.70614      45.1625
67.70817      45.15942
67.70641      45.15542
67.70006      45.15178
67.69303      45.15342
67.68495      45.15059
 1 
 1             80            
1
 -9999.0   ,   9990.0
   7
 8 
69.33531      45.156
69.31492      45.15911
69.31378      45.16067
69.33514      45.16425
69.34145      45.16295
69.34261      45.16072
69.34095      45.15811
69.33531      45.156
 1 
 1             81            
1
 -9999.0   ,   9990.0
   7
 6 
66.74756      45.16425
66.75808      45.16822
66.7625       45.16834
66.76605      45.16475
66.74917      45.16308
66.74756      45.16425
 1 
 1             82            
1
 -9999.0   ,   9990.0
   7
 46 
68.09261      45.16098
68.09403      45.15186
68.09731      45.14633
68.10005      45.14236
68.10767      45.13845
68.11003      45.13492
68.10775      45.12422
68.1002       45.11964
68.09595      45.11203
68.07792      45.10567
68.06765      45.09678
68.05748      45.10028
68.03836      45.10028
68.03161      45.10239
68.02861      45.10425
68.00808      45.11703
67.97853      45.12808
67.97251      45.13231
67.9392       45.14703
67.92336      45.15178
67.9215       45.15372
67.91959      45.16648
67.92247      45.16942
67.92661      45.17012
67.93042      45.16806
67.93345      45.16206
67.93806      45.15786
67.94078      45.15539
67.95423      45.15161
67.97065      45.14986
67.97761      45.15122
67.98903      45.14823
68.0087       45.14923
68.01808      45.15209
68.02611      45.15281
68.03153      45.15084
68.0387       45.15081
68.04414      45.15389
68.05328      45.14825
68.05759      45.14736
68.0617       45.14831
68.065        45.15333
68.07105      45.15667
68.07422      45.16284
68.0882       45.16253
68.09261      45.16098
 1 
 1             83            
1
 -9999.0   ,   9990.0
   7
 11 
66.90483      45.17117
66.90331      45.16881
66.89889      45.16722
66.89806      45.16692
66.88641      45.16739
66.87917      45.16378
66.8752       45.16656
66.88247      45.17222
66.89486      45.17108
66.9004       45.17275
66.90483      45.17117
 1 
 1             84            
1
 -9999.0   ,   9990.0
   7
 9 
67.74017      45.15547
67.73558      45.15567
67.73778      45.16406
67.73264      45.17108
67.7334       45.17298
67.74206      45.17375
67.74717      45.16925
67.74761      45.16584
67.74017      45.15547
 1 
 1             85            
1
 -9999.0   ,   9990.0
   7
 7 
67.02511      45.16428
67.01953      45.16481
67.02495      45.17714
67.03039      45.17775
67.03211      45.17236
67.03614      45.1692
67.02511      45.16428
 1 
 1             86            
1
 -9999.0   ,   9990.0
   7
 14 
66.84206      45.17795
66.8482       45.17211
66.84706      45.17034
66.83776      45.16667
66.84075      45.16334
66.8337       45.16303
66.82761      45.15956
66.81973      45.15953
66.82091      45.16173
66.82647      45.16358
66.82381      45.16936
66.834        45.17108
66.83828      45.17617
66.84206      45.17795
 1 
 1             87            
1
 -9999.0   ,   9990.0
   7
 8 
69.42803      45.17225
69.4114       45.1735
69.41575      45.17853
69.42156      45.17561
69.43175      45.17725
69.43291      45.17522
69.43125      45.17264
69.42803      45.17225
 1 
 1             88            
1
 -9999.0   ,   9990.0
   7
 10 
66.92664      45.18198
66.92706      45.18206
66.94239      45.18534
66.94575      45.18239
66.94164      45.18037
66.94067      45.17987
66.9363       45.17978
66.93011      45.17964
66.92706      45.1817
66.92664      45.18198
 1 
 1             89            
1
 -9999.0   ,   9990.0
   7
 8 
66.97056      45.18589
66.97703      45.18417
66.97673      45.18211
66.96601      45.17989
66.96433      45.17953
66.9627       45.18236
66.96586      45.18378
66.97056      45.18589
 1 
 1             90            
1
 -9999.0   ,   9990.0
   7
 8 
71.12297      45.1742
71.11892      45.17658
71.12092      45.18053
71.1163       45.18611
71.11953      45.18667
71.12495      45.18297
71.12867      45.17623
71.12297      45.1742
 1 
 1             91            
1
 -9999.0   ,   9990.0
   7
 9 
67.70942      45.17511
67.70556      45.17739
67.7099       45.18159
67.70831      45.18631
67.71433      45.18739
67.71817      45.18534
67.72023      45.17948
67.71645      45.17603
67.70942      45.17511
 1 
 1             92            
1
 -9999.0   ,   9990.0
   7
 31 
71.76209      45.15097
71.75667      45.15517
71.74558      45.15097
71.73536      45.16006
71.72795      45.15961
71.72361      45.16156
71.7145       45.16275
71.7122       45.16306
71.71075      45.16575
71.72456      45.16775
71.72798      45.16992
71.72486      45.1735
71.71311      45.17522
71.70903      45.17853
71.71315      45.18575
71.71692      45.1877
71.73673      45.18095
71.74142      45.17808
71.73673      45.17567
71.73583      45.17428
71.7375       45.17317
71.75339      45.17248
71.75447      45.17092
71.74839      45.16958
71.7472       45.16772
71.75667      45.16664
71.75909      45.16395
71.77023      45.16153
71.77172      45.15814
71.76978      45.15259
71.76209      45.15097
 1 
 1             93            
1
 -9999.0   ,   9990.0
   7
 13 
70.23233      45.18092
70.22636      45.17861
70.21989      45.17859
70.20425      45.17975
70.19265      45.1827
70.19867      45.18822
70.20245      45.18953
70.20597      45.18622
70.21164      45.1842
70.21525      45.18731
70.22011      45.18753
70.22366      45.18378
70.23233      45.18092
 1 
 1             94            
1
 -9999.0   ,   9990.0
   7
 14 
70.15017      45.17539
70.1484       45.17739
70.13783      45.17945
70.1293       45.18458
70.12764      45.18886
70.13206      45.19023
70.13717      45.18745
70.14692      45.18695
70.14864      45.18564
70.14795      45.18264
70.1517       45.18028
70.15915      45.18059
70.16031      45.17811
70.15017      45.17539
 1 
 1             95            
1
 -9999.0   ,   9990.0
   7
 12 
69.32686      45.17256
69.32131      45.17298
69.3202       45.17428
69.32598      45.17825
69.33431      45.18897
69.34225      45.19372
69.34472      45.19178
69.34303      45.18917
69.3447       45.18559
69.33836      45.18092
69.33764      45.17814
69.32686      45.17256
 1 
 1             96            
1
 -9999.0   ,   9990.0
   7
 10 
70.86205      45.17714
70.85823      45.18089
70.86361      45.18681
70.86281      45.19342
70.866        45.194
70.87666      45.19025
70.8785       45.18737
70.87739      45.18478
70.86695      45.18145
70.86205      45.17714
 1 
 1             97            
1
 -9999.0   ,   9990.0
   7
 7 
68.85178      45.1877
68.84525      45.18803
68.8437       45.19025
68.85997      45.1957
68.86211      45.19422
68.86039      45.19206
68.85178      45.1877
 1 
 1             98            
1
 -9999.0   ,   9990.0
   7
 5 
66.91536      45.19514
66.90023      45.1912
66.895        45.19345
66.91095      45.19639
66.91536      45.19514
 1 
 1             99            
1
 -9999.0   ,   9990.0
   7
 11 
70.4025       45.18425
70.3887       45.18667
70.39191      45.1907
70.40728      45.19703
70.41095      45.19603
70.41666      45.1972
70.4215       45.18959
70.42039      45.18725
70.41758      45.186
70.40625      45.186
70.4025       45.18425
 1 
 1             100           
1
 -9999.0   ,   9990.0
   7
 7 
66.98881      45.19611
66.98492      45.19375
66.98365      45.193
66.98061      45.19425
66.97778      45.19489
66.98223      45.19723
66.98881      45.19611
 1 
 1             101           
1
 -9999.0   ,   9990.0
   7
 11 
66.75017      45.18395
66.74931      45.18814
66.75436      45.19461
66.75592      45.19528
66.76245      45.19811
66.77275      45.19823
66.76915      45.1935
66.7615       45.19345
66.75806      45.18792
66.75283      45.18414
66.75017      45.18395
 1 
 1             102           
1
 -9999.0   ,   9990.0
   7
 14 
69.36916      45.18083
69.36361      45.18103
69.36639      45.18575
69.3582       45.19014
69.36211      45.19309
69.36689      45.19403
69.3712       45.18964
69.37514      45.19259
69.38089      45.19334
69.39011      45.19861
69.3912       45.19406
69.38953      45.19123
69.37698      45.18695
69.36916      45.18083
 1 
 1             103           
1
 -9999.0   ,   9990.0
   7
 16 
66.79017      45.18945
66.78886      45.18833
66.77731      45.18339
66.77258      45.18311
66.77192      45.18461
66.77458      45.18606
66.77828      45.18806
66.77458      45.19084
66.77603      45.19259
66.7819       45.19464
66.78753      45.1992
66.79295      45.19817
66.79353      45.19625
66.78958      45.19325
66.79086      45.19003
66.79017      45.18945
 1 
 1             104           
1
 -9999.0   ,   9990.0
   7
 11 
70.99606      45.19681
70.97972      45.19417
70.97864      45.19553
70.98708      45.1997
70.99936      45.20036
71.00273      45.20322
71.00825      45.20297
71.01295      45.19603
71.01117      45.19392
71.006        45.19328
70.99606      45.19681
 1 
 1             105           
1
 -9999.0   ,   9990.0
   7
 14 
70.78489      45.15231
70.78133      45.15239
70.76942      45.1602
70.75825      45.17928
70.75564      45.18833
70.7488       45.19723
70.74883      45.20137
70.75095      45.20328
70.75578      45.20392
70.75955      45.20083
70.76503      45.18845
70.77531      45.18106
70.78717      45.15675
70.78489      45.15231
 1 
 1             106           
1
 -9999.0   ,   9990.0
   7
 6 
69.52998      45.19781
69.51922      45.19823
69.52058      45.20081
69.53295      45.20392
69.53508      45.20195
69.52998      45.19781
 1 
 1             107           
1
 -9999.0   ,   9990.0
   7
 11 
69.51197      45.18595
69.50636      45.18706
69.50081      45.19756
69.49441      45.20322
69.49641      45.20606
69.50236      45.20475
69.50792      45.20111
69.50903      45.19634
69.5162       45.18914
69.51481      45.18675
69.51197      45.18595
 1 
 1             108           
1
 -9999.0   ,   9990.0
   7
 13 
67.22075      45.20345
67.23275      45.20725
67.23317      45.20623
67.2342       45.20367
67.23184      45.20192
67.228        45.20142
67.22547      45.1985
67.21758      45.19681
67.21061      45.19542
67.20742      45.1975
67.20966      45.19995
67.22003      45.20322
67.22075      45.20345
 1 
 1             109           
1
 -9999.0   ,   9990.0
   7
 10 
67.04583      45.20458
67.04041      45.20145
67.03345      45.20025
67.01465      45.19986
67.01172      45.20198
67.01278      45.20389
67.01839      45.20542
67.03278      45.20734
67.03966      45.20689
67.04583      45.20458
 1 
 1             110           
1
 -9999.0   ,   9990.0
   7
 19 
69.78489      45.19367
69.7825       45.20206
69.7745       45.201
69.76581      45.20381
69.75948      45.20214
69.75645      45.20339
69.75723      45.20547
69.76036      45.20653
69.75686      45.21281
69.7665       45.21392
69.7855       45.20837
69.79616      45.20864
69.80581      45.20609
69.81028      45.20698
69.81948      45.20556
69.8207       45.20286
69.81895      45.20072
69.80286      45.19564
69.78489      45.19367
 1 
 1             111           
1
 -9999.0   ,   9990.0
   7
 8 
70.96091      45.20772
70.9497       45.21075
70.956        45.21328
70.9685       45.21509
70.97695      45.21034
70.97576      45.2087
70.96698      45.20909
70.96091      45.20772
 1 
 1             112           
1
 -9999.0   ,   9990.0
   7
 7 
70.9288       45.20839
70.91967      45.20922
70.91825      45.21078
70.9312       45.21559
70.93889      45.2122
70.9384       45.21011
70.9288       45.20839
 1 
 1             113           
1
 -9999.0   ,   9990.0
   7
 7 
68.23123      45.20711
68.2242       45.2115
68.2302       45.21578
68.23506      45.21309
68.24167      45.21208
68.2379       45.20842
68.23123      45.20711
 1 
 1             114           
1
 -9999.0   ,   9990.0
   7
 201 
66.28486      45.06933
66.28389      45.07498
66.27934      45.07986
66.2767       45.08625
66.27897      45.09209
66.2837       45.09239
66.28706      45.0872
66.28926      45.08539
66.29545      45.08039
66.29864      45.08017
66.30009      45.08442
66.28797      45.09603
66.28658      45.09861
66.29017      45.10125
66.29453      45.10114
66.32256      45.09256
66.32855      45.09381
66.32111      45.10114
66.30791      45.10911
66.30211      45.12214
66.29781      45.12267
66.29525      45.12097
66.29145      45.12103
66.28878      45.12286
66.30223      45.13653
66.30309      45.13739
66.30072      45.13942
66.28961      45.13731
66.28939      45.14034
66.2892       45.1427
66.28022      45.14334
66.28475      45.14862
66.28809      45.15998
66.27272      45.15875
66.26767      45.16033
66.26295      45.1642
66.26986      45.16764
66.27811      45.17453
66.28461      45.17697
66.29373      45.17945
66.29698      45.17756
66.29431      45.1732
66.29992      45.17364
66.31128      45.17945
66.31289      45.18267
66.31139      45.18461
66.3          45.18458
66.29825      45.18625
66.29767      45.18683
66.30353      45.19531
66.3067       45.19695
66.31078      45.19689
66.31561      45.19178
66.32403      45.19553
66.31606      45.20334
66.318        45.21314
66.32081      45.21645
66.32975      45.21542
66.33373      45.21245
66.33522      45.20447
66.34317      45.20267
66.35323      45.20342
66.36478      45.19597
66.36006      45.19156
66.3515       45.19525
66.34539      45.19548
66.34272      45.1932
66.3445       45.18292
66.34381      45.18264
66.33397      45.1787
66.32895      45.17409
66.33036      45.1717
66.33595      45.16986
66.32956      45.16598
66.32445      45.16486
66.319        45.16775
66.3154       45.16695
66.31284      45.16342
66.32034      45.15534
66.32478      45.15056
66.32631      45.14467
66.32436      45.13695
66.31709      45.1267
66.32011      45.12131
66.32525      45.11825
66.34286      45.11473
66.34689      45.11217
66.33511      45.1072
66.33767      45.10456
66.34123      45.10317
66.34486      45.10175
66.35636      45.08998
66.36986      45.08842
66.37248      45.08409
66.36506      45.06453
66.36936      45.05575
66.37728      45.04959
66.38108      45.04972
66.38936      45.05475
66.39347      45.05487
66.40206      45.04948
66.41181      45.05025
66.41681      45.04431
66.40915      45.03967
66.40097      45.03964
66.39073      45.04347
66.38372      45.03734
66.3707       45.03598
66.35506      45.04309
66.35567      45.04531
66.36328      45.04767
66.36065      45.04972
66.34534      45.05289
66.33691      45.0512
66.33431      45.04911
66.33878      45.04361
66.34981      45.03889
66.35139      45.03361
66.349        45.02903
66.34333      45.03025
66.33453      45.0402
66.32995      45.043
66.30914      45.04445
66.30728      45.04148
66.298        45.04192
66.2789       45.03456
66.26289      45.03714
66.25981      45.03589
66.25814      45.03228
66.26166      45.02603
66.27303      45.02381
66.283        45.02434
66.29825      45.02264
66.31892      45.01395
66.33759      45.01203
66.34184      45.00903
66.34195      45.0055
66.33505      45.00434
66.33386      45.00195
66.33625      45
66.31433      45
66.31215      45.00306
66.30411      45.00403
66.30009      45.00225
66.29366      45.00228
66.29356      45
66.27922      45
66.27589      45.00456
66.28515      45.01239
66.26906      45.01575
66.26133      45.01736
66.25336      45.02222
66.24445      45.03039
66.23081      45.04764
66.21222      45.05681
66.21073      45.05875
66.213        45.06047
66.23209      45.05709
66.23773      45.05773
66.23886      45.0595
66.2242       45.06756
66.21817      45.07686
66.2068       45.07703
66.2065       45.0812
66.20939      45.08514
66.20834      45.08697
66.20703      45.08922
66.19528      45.09572
66.18855      45.09942
66.18066      45.10575
66.17547      45.11253
66.16625      45.11336
66.16015      45.12225
66.16211      45.12378
66.17         45.12386
66.17555      45.12598
66.18191      45.12553
66.19017      45.11959
66.19314      45.10922
66.2119       45.10359
66.21191      45.10359
66.22328      45.10342
66.22989      45.09406
66.23717      45.09161
66.2447       45.08911
66.24695      45.08647
66.24306      45.0795
66.245        45.06817
66.24839      45.06525
66.25898      45.06784
66.26434      45.06434
66.25383      45.05389
66.25417      45.04995
66.25675      45.0475
66.26898      45.0452
66.27341      45.04137
66.28031      45.04067
66.28392      45.052
66.2827       45.05997
66.28589      45.06617
66.28486      45.06933
 1 
 1             115           
1
 -9999.0   ,   9990.0
   7
 11 
70.14395      45.2102
70.11405      45.21097
70.10828      45.21395
70.10286      45.21303
70.10042      45.21498
70.10628      45.21845
70.12097      45.22114
70.15078      45.22148
70.15761      45.21742
70.15528      45.21411
70.14395      45.2102
 1 
 1             116           
1
 -9999.0   ,   9990.0
   7
 7 
71.12998      45.20878
71.12878      45.21217
71.12217      45.21858
71.12867      45.22317
71.1382       45.21639
71.13609      45.20945
71.12998      45.20878
 1 
 1             117           
1
 -9999.0   ,   9990.0
   7
 10 
69.51895      45.21448
69.50847      45.21559
69.49892      45.21375
69.49548      45.21564
69.49658      45.21775
69.50198      45.21895
69.50553      45.22231
69.50995      45.22367
69.5205       45.21525
69.51895      45.21448
 1 
 1             118           
1
 -9999.0   ,   9990.0
   7
 9 
71.10453      45.21158
71.09998      45.21189
71.1013       45.21583
71.09859      45.21778
71.10445      45.22211
71.11175      45.2242
71.11359      45.22106
71.11195      45.21686
71.10453      45.21158
 1 
 1             119           
1
 -9999.0   ,   9990.0
   7
 8 
70.0892       45.22114
70.0707       45.22125
70.05886      45.22306
70.04981      45.22656
70.04998      45.22817
70.09509      45.22414
70.09497      45.22187
70.0892       45.22114
 1 
 1             120           
1
 -9999.0   ,   9990.0
   7
 10 
71.48742      45.21767
71.47606      45.218
71.47156      45.22245
71.47273      45.22453
71.49186      45.22397
71.50125      45.22931
71.50484      45.22898
71.50658      45.22695
71.4977       45.21889
71.48742      45.21767
 1 
 1             121           
1
 -9999.0   ,   9990.0
   7
 53 
66.29148      45.22431
66.28589      45.21992
66.28889      45.2162
66.29445      45.21622
66.30434      45.22217
66.31022      45.21389
66.30233      45.20139
66.29405      45.19867
66.29039      45.19125
66.289        45.19178
66.27241      45.18198
66.26189      45.18395
66.25478      45.18339
66.25234      45.1812
66.24878      45.17803
66.25065      45.17023
66.24936      45.16742
66.24056      45.1672
66.23566      45.17003
66.23475      45.17381
66.23773      45.18064
66.24681      45.18911
66.25159      45.18984
66.25578      45.19264
66.25708      45.19586
66.27475      45.20083
66.2789       45.20325
66.27711      45.20523
66.26981      45.20739
66.26103      45.20325
66.25564      45.20859
66.2525       45.20922
66.23791      45.20111
66.2222       45.19953
66.22056      45.20103
66.21856      45.20286
66.21997      45.2067
66.21864      45.2097
66.23258      45.22178
66.24381      45.22678
66.25134      45.22606
66.25145      45.22275
66.24441      45.21639
66.24956      45.21542
66.25742      45.2215
66.26583      45.22525
66.26148      45.23178
66.26781      45.23525
66.27781      45.23334
66.289        45.234
66.30651      45.23134
66.308        45.22956
66.29148      45.22431
 1 
 1             122           
1
 -9999.0   ,   9990.0
   7
 8 
70.8955       45.22508
70.89333      45.2282
70.89523      45.23353
70.89831      45.23548
70.904        45.23295
70.90531      45.22864
70.90225      45.22578
70.8955       45.22508
 1 
 1             123           
1
 -9999.0   ,   9990.0
   7
 8 
71.89278      45.23295
71.884        45.23339
71.87989      45.23764
71.88495      45.23984
71.89178      45.23956
71.89753      45.23537
71.89664      45.2335
71.89278      45.23295
 1 
 1             124           
1
 -9999.0   ,   9990.0
   7
 96 
66.64206      45.20717
66.63914      45.20534
66.62565      45.203
66.61175      45.20423
66.60828      45.20239
66.61036      45.20059
66.62164      45.1977
66.62072      45.19548
66.60733      45.18984
66.61089      45.18811
66.61825      45.18842
66.62686      45.19131
66.6293       45.19611
66.63184      45.19736
66.63572      45.19398
66.6474       45.19561
66.65308      45.19459
66.65459      45.19281
66.65417      45.18786
66.64645      45.18098
66.6429       45.18083
66.61342      45.16909
66.6092       45.16836
66.60531      45.1697
66.61153      45.17628
66.61139      45.17939
66.60817      45.18148
66.60061      45.18184
66.59541      45.18428
66.5825       45.19839
66.58491      45.20078
66.59789      45.20542
66.60298      45.21022
66.6002       45.21539
66.59489      45.21723
66.5934       45.22086
66.59822      45.22817
66.59639      45.23161
66.58836      45.23075
66.58617      45.22931
66.58197      45.225
66.58166      45.21675
66.57433      45.21664
66.56906      45.21456
66.56589      45.20689
66.56911      45.2007
66.57003      45.19895
66.5677       45.19703
66.54936      45.19567
66.54603      45.20109
66.558        45.20892
66.55503      45.21267
66.54892      45.21309
66.54715      45.21489
66.54725      45.22378
66.54576      45.22442
66.54036      45.22675
66.52195      45.22703
66.52189      45.22456
66.52464      45.22125
66.52666      45.22111
66.52353      45.21761
66.51922      45.21675
66.51358      45.21564
66.51145      45.22117
66.50795      45.22328
66.50878      45.22717
66.51536      45.22814
66.5177       45.23003
66.51361      45.23425
66.51436      45.23753
66.51691      45.23692
66.51978      45.23792
66.52348      45.2392
66.52586      45.24
66.53661      45.23945
66.5405       45.238
66.54689      45.23561
66.54753      45.22975
66.55086      45.22989
66.55665      45.23014
66.57042      45.23431
66.57491      45.23711
66.578        45.23714
66.58636      45.23731
66.59903      45.2397
66.61642      45.23845
66.61784      45.23606
66.61667      45.23486
66.61542      45.23356
66.60472      45.22853
66.60689      45.22525
66.62373      45.22217
66.62991      45.21842
66.63308      45.2182
66.64206      45.20717
 1 
 1             125           
1
 -9999.0   ,   9990.0
   7
 11 
67.22689      45.23847
67.232        45.23892
67.23981      45.2415
67.2417       45.23958
67.23976      45.23461
67.23125      45.23267
67.22745      45.23286
67.22339      45.23306
67.21615      45.236
67.21948      45.23784
67.22689      45.23847
 1 
 1             126           
1
 -9999.0   ,   9990.0
   7
 6 
70.97895      45.23653
70.97491      45.23867
70.97823      45.24245
70.98634      45.24206
70.99142      45.23903
70.97895      45.23653
 1 
 1             127           
1
 -9999.0   ,   9990.0
   7
 15 
71.82383      45.22623
71.82036      45.23003
71.82208      45.2342
71.82586      45.23589
71.83228      45.237
71.84153      45.23428
71.847        45.23489
71.85106      45.23753
71.85325      45.24445
71.86139      45.23825
71.85997      45.23434
71.85595      45.23103
71.84945      45.23153
71.84248      45.22881
71.82383      45.22623
 1 
 1             128           
1
 -9999.0   ,   9990.0
   7
 9 
70.86248      45.23784
70.85811      45.23975
70.85895      45.24161
70.87036      45.24523
70.87778      45.24573
70.87953      45.2442
70.87695      45.23953
70.87006      45.24064
70.86248      45.23784
 1 
 1             129           
1
 -9999.0   ,   9990.0
   7
 11 
69.10433      45.22667
69.09805      45.22772
69.09253      45.23111
69.09003      45.23625
69.08275      45.2407
69.08206      45.24409
69.0887       45.24581
69.09458      45.24245
69.095        45.23834
69.09945      45.23628
69.10433      45.22667
 1 
 1             130           
1
 -9999.0   ,   9990.0
   7
 13 
68.622        45.24623
68.62428      45.24592
68.635        45.24906
68.63725      45.2462
68.6327       45.24042
68.62984      45.23109
68.62383      45.22389
68.61242      45.22714
68.6092       45.22995
68.61048      45.23328
68.61422      45.24309
68.61703      45.24689
68.622        45.24623
 1 
 1             131           
1
 -9999.0   ,   9990.0
   7
 7 
71.10445      45.24547
71.1032       45.24017
71.09891      45.23611
71.09031      45.23445
71.08847      45.23714
71.09864      45.24987
71.10445      45.24547
 1 
 1             132           
1
 -9999.0   ,   9990.0
   7
 6 
69.51514      45.24067
69.51395      45.24289
69.5172       45.24948
69.52103      45.25011
69.52731      45.24561
69.51514      45.24067
 1 
 1             133           
1
 -9999.0   ,   9990.0
   7
 16 
69.41686      45.23661
69.39911      45.24214
69.39347      45.24003
69.38828      45.24322
69.3802       45.24306
69.37742      45.24497
69.37822      45.24664
69.3862       45.24817
69.38734      45.25303
69.39686      45.25167
69.40456      45.24608
69.41323      45.24375
69.41728      45.24878
69.4197       45.2475
69.42122      45.23842
69.41686      45.23661
 1 
 1             134           
1
 -9999.0   ,   9990.0
   7
 8 
69.15056      45.24761
69.14098      45.2492
69.14264      45.25181
69.14925      45.25397
69.15967      45.25358
69.16141      45.25231
69.16006      45.24995
69.15056      45.24761
 1 
 1             135           
1
 -9999.0   ,   9990.0
   7
 94 
69.11181      45
69.1015       45
69.10167      45.00197
69.10423      45.00853
69.10275      45.0135
69.1088       45.01725
69.11367      45.02347
69.12131      45.03739
69.13973      45.06289
69.15439      45.09645
69.15745      45.11083
69.15898      45.118
69.15408      45.15628
69.15998      45.16531
69.17256      45.17634
69.17259      45.17636
69.17695      45.18017
69.18142      45.18061
69.20389      45.19253
69.21105      45.19864
69.21616      45.19934
69.22664      45.20492
69.23636      45.20686
69.24189      45.20798
69.25073      45.2137
69.2618       45.22939
69.27092      45.22892
69.27247      45.23292
69.27645      45.23539
69.28295      45.23525
69.29048      45.24114
69.29576      45.25312
69.29925      45.25397
69.30795      45.25142
69.3017       45.24584
69.29925      45.24111
69.30141      45.23895
69.31626      45.23967
69.32028      45.2417
69.32948      45.25364
69.33331      45.25428
69.33497      45.25278
69.33545      45.25231
69.33451      45.24561
69.33683      45.24161
69.35191      45.24992
69.35611      45.25036
69.35731      45.24811
69.34045      45.23467
69.33559      45.23811
69.31561      45.23645
69.3          45.22695
69.31948      45.2302
69.31942      45.22447
69.27411      45.2135
69.26725      45.21384
69.25808      45.20833
69.22567      45.19845
69.18731      45.17828
69.17641      45.17256
69.17553      45.16839
69.171        45.16584
69.16881      45.16461
69.17056      45.16292
69.1713       45.1622
69.16939      45.14606
69.17342      45.14489
69.1788       45.14606
69.18986      45.14572
69.19164      45.141
69.1872       45.13686
69.18006      45.14017
69.17267      45.13933
69.1707       45.13647
69.17298      45.13317
69.17889      45.13256
69.18036      45.13078
69.17814      45.127
69.17125      45.12095
69.16536      45.11581
69.16517      45.10203
69.16731      45.09725
69.16808      45.09553
69.15245      45.07431
69.15225      45.06995
69.13845      45.04998
69.1397       45.04728
69.13665      45.03934
69.13906      45.03464
69.138        45.03228
69.12839      45.03134
69.12486      45.02153
69.11536      45.01322
69.11181      45
 1 
 1             136           
1
 -9999.0   ,   9990.0
   7
 11 
69.951        45.23622
69.94292      45.23928
69.93575      45.23989
69.93359      45.24231
69.94081      45.24859
69.94258      45.25395
69.94733      45.25531
69.95092      45.25156
69.94664      45.24495
69.951        45.23964
69.951        45.23622
 1 
 1             137           
1
 -9999.0   ,   9990.0
   7
 13 
71.65895      45.25856
71.66656      45.25581
71.67311      45.24914
71.68515      45.24836
71.69481      45.24956
71.69634      45.24547
71.6902       45.23981
71.67889      45.23923
71.66509      45.24225
71.6453       45.25336
71.64647      45.25545
71.65528      45.25456
71.65895      45.25856
 1 
 1             138           
1
 -9999.0   ,   9990.0
   7
 7 
67.23495      45.25314
67.22653      45.25534
67.22725      45.25722
67.24028      45.25947
67.2447       45.25817
67.24316      45.25506
67.23495      45.25314
 1 
 1             139           
1
 -9999.0   ,   9990.0
   7
 12 
68.70208      45.23556
68.69153      45.23703
68.68467      45.24331
68.68675      45.25397
68.68197      45.25875
68.68476      45.26028
68.7022       45.26103
68.7092       45.25362
68.70039      45.25106
68.69836      45.24589
68.70189      45.24036
68.70208      45.23556
 1 
 1             140           
1
 -9999.0   ,   9990.0
   7
 5 
69.22653      45.25698
69.21653      45.25648
69.21103      45.25939
69.21195      45.26311
69.22653      45.25698
 1 
 1             141           
1
 -9999.0   ,   9990.0
   7
 11 
69.99492      45.258
69.9947       45.25556
69.98642      45.25748
69.97473      45.25375
69.97131      45.25589
69.97211      45.25775
69.97889      45.26173
69.98817      45.2632
69.98881      45.26331
69.99503      45.259
69.99492      45.258
 1 
 1             142           
1
 -9999.0   ,   9990.0
   7
 11 
71.82066      45.25317
71.81572      45.25461
71.80673      45.25345
71.80495      45.25637
71.80759      45.26103
71.80614      45.26372
71.80864      45.26542
71.81272      45.26186
71.82095      45.26003
71.82306      45.25689
71.82066      45.25317
 1 
 1             143           
1
 -9999.0   ,   9990.0
   7
 10 
71.294        45.25661
71.28941      45.25717
71.28965      45.25878
71.29725      45.26634
71.31161      45.27003
71.31886      45.26842
71.31548      45.26534
71.31455      45.25959
71.30517      45.2595
71.294        45.25661
 1 
 1             144           
1
 -9999.0   ,   9990.0
   7
 7 
70.798        45.26345
70.78778      45.26581
70.78236      45.26881
70.7857       45.27167
70.79475      45.27203
70.79761      45.26845
70.798        45.26345
 1 
 1             145           
1
 -9999.0   ,   9990.0
   7
 35 
67.4337       45.25611
67.43367      45.25606
67.43742      45.24987
67.44773      45.24573
67.4547       45.2347
67.4477       45.23103
67.44072      45.22481
67.43756      45.22414
67.43305      45.22639
67.43028      45.23011
67.42611      45.22959
67.42298      45.23123
67.42367      45.23587
67.417        45.23703
67.41666      45.23953
67.43395      45.24159
67.4365       45.24453
67.43373      45.24573
67.42839      45.24445
67.42181      45.24492
67.41883      45.24773
67.41914      45.25028
67.42458      45.25606
67.42628      45.25786
67.42778      45.26117
67.42641      45.26409
67.4177       45.26603
67.4065       45.27195
67.40366      45.27614
67.4065       45.27678
67.42931      45.26931
67.43628      45.2707
67.44064      45.26961
67.43539      45.26261
67.4337       45.25611
 1 
 1             146           
1
 -9999.0   ,   9990.0
   7
 8 
68.46136      45.26453
68.45739      45.27072
68.45842      45.27584
68.4609       45.27711
68.4665       45.27631
68.47161      45.27131
68.4687       45.26564
68.46136      45.26453
 1 
 1             147           
1
 -9999.0   ,   9990.0
   7
 12 
69.57186      45.24795
69.56795      45.24845
69.56883      45.25261
69.5762       45.26398
69.57556      45.27059
69.57853      45.2767
69.58236      45.27756
69.58639      45.27614
69.59         45.2722
69.58686      45.26106
69.58072      45.25389
69.57186      45.24795
 1 
 1             148           
1
 -9999.0   ,   9990.0
   7
 9 
70.68739      45.26778
70.68086      45.26823
70.66683      45.27753
70.66756      45.28078
70.6722       45.28392
70.67703      45.28411
70.68173      45.28223
70.6902       45.26925
70.68739      45.26778
 1 
 1             149           
1
 -9999.0   ,   9990.0
   7
 8 
71.13628      45.27267
71.13303      45.27278
71.13095      45.275
71.13308      45.28173
71.14286      45.28572
71.14492      45.28417
71.14378      45.28161
71.13628      45.27267
 1 
 1             150           
1
 -9999.0   ,   9990.0
   7
 11 
68.7217       45.26989
68.71703      45.271
68.71028      45.28211
68.71103      45.284
68.71886      45.28673
68.72134      45.28503
68.7205       45.28062
68.72547      45.27973
68.72708      45.27684
68.726        45.27195
68.7217       45.26989
 1 
 1             151           
1
 -9999.0   ,   9990.0
   7
 16 
71.52078      45.26975
71.51525      45.27006
71.50814      45.27508
71.50028      45.27622
71.49753      45.27889
71.49931      45.28123
71.50825      45.28378
71.50923      45.28864
71.51339      45.28967
71.51989      45.28437
71.52731      45.28483
71.53361      45.28272
71.53581      45.2787
71.53373      45.27542
71.52734      45.27408
71.52078      45.26975
 1 
 1             152           
1
 -9999.0   ,   9990.0
   7
 7 
71.94483      45.28245
71.94095      45.28256
71.93816      45.2857
71.93481      45.29361
71.93716      45.29803
71.94089      45.29492
71.94483      45.28245
 1 
 1             153           
1
 -9999.0   ,   9990.0
   7
 8 
69.27417      45.29331
69.26656      45.29798
69.26722      45.30123
69.27597      45.2982
69.28525      45.29959
69.28714      45.29692
69.28511      45.29453
69.27417      45.29331
 1 
 1             154           
1
 -9999.0   ,   9990.0
   7
 11 
71.91245      45.2875
71.9027       45.28795
71.89825      45.29789
71.89925      45.30342
71.9057       45.30428
71.91258      45.30286
71.9134       45.29967
71.92223      45.29259
71.92067      45.29117
71.91392      45.29031
71.91245      45.2875
 1 
 1             155           
1
 -9999.0   ,   9990.0
   7
 10 
70.76508      45.29131
70.7474       45.29361
70.745        45.29536
70.75073      45.30542
70.75553      45.30606
70.76161      45.29872
70.76375      45.30064
70.76639      45.30006
70.76759      45.29711
70.76508      45.29131
 1 
 1             156           
1
 -9999.0   ,   9990.0
   7
 9 
67.46545      45.29375
67.45084      45.30084
67.44798      45.31006
67.45842      45.31006
67.46516      45.3082
67.4702       45.30464
67.47414      45.29936
67.47017      45.29497
67.46545      45.29375
 2 
 1             157           
1
 -9999.0   ,   9990.0
   7
 69 
66.16922      45.27303
66.15683      45.28203
66.15334      45.28206
66.14823      45.28553
66.15066      45.28845
66.15645      45.28786
66.14828      45.29875
66.14528      45.30247
66.14761      45.30667
66.1624       45.31187
66.1785       45.30973
66.18733      45.30581
66.19197      45.30756
66.19483      45.30695
66.19803      45.30467
66.19759      45.29889
66.1975       45.29787
66.19728      45.29497
66.20348      45.28875
66.20628      45.27947
66.2112       45.2812
66.21298      45.28975
66.21741      45.29009
66.23197      45.28514
66.2335       45.2815
66.23245      45.27806
66.22442      45.27511
66.21895      45.26928
66.23495      45.26859
66.23805      45.26567
66.23956      45.25522
66.24192      45.25342
66.2488       45.25231
66.26431      45.25642
66.27697      45.25492
66.2825       45.25681
66.28345      45.25714
66.2915       45.27087
66.30003      45.27111
66.3037       45.26381
66.29628      45.25687
66.29667      45.25334
66.30236      45.25211
66.30466      45.24967
66.29964      45.24734
66.28833      45.24811
66.27995      45.2425
66.27583      45.24237
66.27086      45.24456
66.25798      45.24028
66.24586      45.23947
66.24136      45.23648
66.24661      45.2322
66.23756      45.22806
66.23123      45.22684
66.21933      45.22972
66.21415      45.228
66.20936      45.22959
66.20609      45.23334
66.20634      45.24159
66.21036      45.24525
66.22434      45.25111
66.22305      45.25336
66.21467      45.25683
66.18945      45.25725
66.18411      45.25884
66.17845      45.26234
66.17256      45.27061
66.16922      45.27303
 1             157           2 
1
 -9999.0   ,   9990.0
   7
 18 
66.18903      45.2917
66.18711      45.29342
66.16503      45.30339
66.15806      45.30386
66.15581      45.30031
66.16186      45.29514
66.16911      45.28409
66.17741      45.2827
66.17789      45.28234
66.18142      45.27973
66.1812       45.26961
66.18383      45.26756
66.20208      45.26383
66.20753      45.26509
66.19678      45.27431
66.19211      45.28086
66.19781      45.28378
66.18903      45.2917
 1 
 1             158           
1
 -9999.0   ,   9990.0
   7
 8 
70.62172      45.2985
70.61436      45.30142
70.61211      45.30522
70.61328      45.31122
70.61603      45.31339
70.62914      45.30773
70.62661      45.30258
70.62172      45.2985
 1 
 1             159           
1
 -9999.0   ,   9990.0
   7
 10 
70.94358      45.31384
70.94345      45.31109
70.93961      45.31025
70.92103      45.3112
70.915        45.31395
70.91614      45.31606
70.91936      45.31664
70.93248      45.31459
70.93816      45.31661
70.94358      45.31384
 1 
 1             160           
1
 -9999.0   ,   9990.0
   7
 8 
69.97676      45.30428
69.97361      45.30664
69.97781      45.31072
69.97736      45.31553
69.98278      45.31667
69.9862       45.315
69.98539      45.30923
69.97676      45.30428
 1 
 1             161           
1
 -9999.0   ,   9990.0
   7
 7 
71.4972       45.30475
71.48961      45.31206
71.48939      45.3155
71.49278      45.31834
71.50892      45.30923
71.5065       45.30664
71.4972       45.30475
 1 
 1             162           
1
 -9999.0   ,   9990.0
   7
 9 
71.33206      45.30939
71.32695      45.31333
71.33536      45.31842
71.34145      45.31998
71.34914      45.31634
71.34766      45.314
71.34248      45.31384
71.34008      45.31078
71.33206      45.30939
 1 
 1             163           
1
 -9999.0   ,   9990.0
   7
 8 
68.41466      45.3112
68.41131      45.31217
68.40681      45.32017
68.409        45.32373
68.41206      45.32253
68.41622      45.31747
68.41689      45.31178
68.41466      45.3112
 1 
 1             164           
1
 -9999.0   ,   9990.0
   7
 10 
70.41756      45.31431
70.40889      45.31717
70.40756      45.3217
70.41145      45.32575
70.41781      45.32736
70.42125      45.325
70.41891      45.3217
70.42286      45.31703
70.42173      45.31492
70.41756      45.31431
 1 
 1             165           
1
 -9999.0   ,   9990.0
   7
 14 
69.65026      45.32125
69.63414      45.31714
69.62636      45.31678
69.62328      45.31848
69.60978      45.32036
69.6065       45.32409
69.63111      45.32159
69.64486      45.32406
69.6475       45.32717
69.65256      45.32759
69.65395      45.3277
69.65511      45.32545
69.65065      45.32136
69.65026      45.32125
 1 
 1             166           
1
 -9999.0   ,   9990.0
   7
 10 
71.22295      45.3152
71.21753      45.31845
71.21803      45.32097
71.22183      45.32203
71.22391      45.32484
71.22211      45.32753
71.22366      45.3285
71.23092      45.32692
71.22916      45.31931
71.22295      45.3152
 1 
 1             167           
1
 -9999.0   ,   9990.0
   7
 12 
71.62214      45.30417
71.61092      45.3075
71.60833      45.31248
71.61022      45.31895
71.60541      45.32336
71.60641      45.32822
71.60865      45.32897
71.6232       45.31887
71.6245       45.31342
71.62998      45.30875
71.62859      45.30506
71.62214      45.30417
 1 
 1             168           
1
 -9999.0   ,   9990.0
   7
 6 
69.87361      45.32056
69.86764      45.31775
69.86436      45.31959
69.8878       45.32897
69.88145      45.32389
69.87361      45.32056
 1 
 1             169           
1
 -9999.0   ,   9990.0
   7
 8 
70.31942      45.32317
70.3154       45.32461
70.3175       45.32653
70.32889      45.3302
70.34275      45.33145
70.3442       45.32989
70.343        45.32847
70.31942      45.32317
 1 
 1             170           
1
 -9999.0   ,   9990.0
   7
 9 
70.79414      45.32397
70.79034      45.32683
70.78586      45.3262
70.78215      45.32814
70.79225      45.3317
70.79842      45.3317
70.80167      45.32748
70.8012       45.32517
70.79414      45.32397
 1 
 1             171           
1
 -9999.0   ,   9990.0
   7
 12 
71.64545      45.28884
71.6415       45.28989
71.63461      45.32356
71.6342       45.33042
71.63633      45.33275
71.6402       45.33333
71.64328      45.33067
71.64131      45.32033
71.64276      45.31237
71.65436      45.29186
71.65253      45.28975
71.64545      45.28884
 1 
 1             172           
1
 -9999.0   ,   9990.0
   7
 8 
70.46958      45.32556
70.46523      45.33134
70.45953      45.33361
70.45865      45.33656
70.46433      45.33839
70.47095      45.33292
70.47428      45.32803
70.46958      45.32556
 1 
 1             173           
1
 -9999.0   ,   9990.0
   7
 8 
70.65475      45.32495
70.65031      45.32775
70.64442      45.32845
70.64159      45.33156
70.64395      45.33875
70.64948      45.3385
70.65708      45.32847
70.65475      45.32495
 1 
 1             174           
1
 -9999.0   ,   9990.0
   7
 14 
69.97325      45.33987
69.98003      45.33695
69.98592      45.3292
69.98345      45.3277
69.976        45.32739
69.96748      45.32106
69.95845      45.3202
69.94458      45.31523
69.92592      45.31348
69.92533      45.3162
69.93253      45.31928
69.96445      45.32939
69.96781      45.33161
69.97325      45.33987
 1 
 1             175           
1
 -9999.0   ,   9990.0
   7
 7 
70.8355       45.331
70.83481      45.33603
70.84295      45.3402
70.84778      45.34061
70.84675      45.33692
70.84131      45.33145
70.8355       45.331
 1 
 1             176           
1
 -9999.0   ,   9990.0
   7
 10 
69.89247      45.33681
69.88778      45.33631
69.88633      45.33809
69.88865      45.33975
69.88936      45.34028
69.89333      45.33953
69.9007       45.341
69.90339      45.33998
69.90292      45.33789
69.89247      45.33681
 1 
 1             177           
1
 -9999.0   ,   9990.0
   7
 9 
70.52403      45.31898
70.50733      45.3245
70.50105      45.33
70.49741      45.33903
70.50408      45.34111
70.50903      45.33603
70.50803      45.33234
70.5275       45.32028
70.52403      45.31898
 1 
 1             178           
1
 -9999.0   ,   9990.0
   7
 10 
69.70723      45.3382
69.70695      45.34139
69.72378      45.34539
69.73656      45.34458
69.7432       45.34306
69.74464      45.34128
69.73961      45.33945
69.72545      45.33811
69.71589      45.3395
69.70723      45.3382
 1 
 1             179           
1
 -9999.0   ,   9990.0
   7
 8 
69.96889      45.3415
69.9587       45.33922
69.94636      45.33892
69.94489      45.34092
69.94859      45.34314
69.96881      45.34609
69.97086      45.34503
69.96889      45.3415
 1 
 1             180           
1
 -9999.0   ,   9990.0
   7
 10 
70.23534      45.33778
70.23145      45.33786
70.22653      45.342
70.22595      45.3452
70.23803      45.34822
70.24631      45.34672
70.24845      45.34428
70.24564      45.33889
70.239        45.3407
70.23534      45.33778
 1 
 1             181           
1
 -9999.0   ,   9990.0
   7
 8 
70.82823      45.34586
70.81953      45.3492
70.82195      45.35181
70.83681      45.35281
70.83986      45.35086
70.83756      45.34711
70.8307       45.34778
70.82823      45.34586
 1 
 1             182           
1
 -9999.0   ,   9990.0
   7
 10 
71.85686      45.34733
71.85339      45.35158
71.85664      45.35695
71.85986      45.35747
71.86131      45.36098
71.86386      45.36172
71.86998      45.35661
71.86273      45.35275
71.86011      45.34764
71.85686      45.34733
 1 
 1             183           
1
 -9999.0   ,   9990.0
   7
 11 
70.40978      45.3502
70.40647      45.35097
70.40553      45.35436
70.4085       45.35792
70.42717      45.36417
70.4365       45.36523
70.43895      45.36328
70.43473      45.3592
70.42125      45.35706
70.41456      45.35153
70.40978      45.3502
 1 
 1             184           
1
 -9999.0   ,   9990.0
   7
 8 
68.86142      45.35108
68.85198      45.36022
68.86708      45.36792
68.87164      45.36792
68.87608      45.36586
68.87933      45.35984
68.87203      45.35211
68.86142      45.35108
 1 
 1             185           
1
 -9999.0   ,   9990.0
   7
 12 
70.89631      45.34786
70.89273      45.34798
70.88658      45.35164
70.87536      45.35445
70.87403      45.35897
70.88511      45.36739
70.89059      45.36828
70.89848      45.36717
70.90614      45.36861
70.90861      45.36617
70.90636      45.3567
70.89631      45.34786
 1 
 1             186           
1
 -9999.0   ,   9990.0
   7
 11 
71.55141      45.35175
71.54684      45.35228
71.54503      45.35498
71.54525      45.36209
71.5405       45.36536
71.54473      45.37075
71.54858      45.37134
71.55397      45.36806
71.56006      45.35909
71.55431      45.35228
71.55141      45.35175
 1 
 1             187           
1
 -9999.0   ,   9990.0
   7
 8 
69.97192      45.36961
69.96498      45.37089
69.96606      45.37348
69.97845      45.37675
69.98397      45.37656
69.98614      45.37411
69.98542      45.37134
69.97192      45.36961
 1 
 1             188           
1
 -9999.0   ,   9990.0
   7
 8 
71.52761      45.37414
71.51081      45.3782
71.50992      45.38183
71.514        45.38403
71.53131      45.3825
71.53416      45.37823
71.53245      45.37498
71.52761      45.37414
 1 
 1             189           
1
 -9999.0   ,   9990.0
   7
 15 
70.54706      45.37281
70.53864      45.37247
70.53484      45.37531
70.5242       45.37398
70.52186      45.37503
70.5183       45.37878
70.52317      45.387
70.5258       45.38664
70.52781      45.38189
70.53045      45.38156
70.53572      45.3845
70.54228      45.38384
70.54253      45.38086
70.54823      45.37467
70.54706      45.37281
 1 
 1             190           
1
 -9999.0   ,   9990.0
   7
 8 
66.22292      45.38095
66.19775      45.38578
66.19522      45.38864
66.19783      45.39053
66.20883      45.38959
66.22086      45.38523
66.22375      45.38275
66.22292      45.38095
 1 
 1             191           
1
 -9999.0   ,   9990.0
   7
 10 
71.02255      45.3812
71.01761      45.38239
71.02116      45.38686
71.04647      45.39212
71.0607       45.39328
71.06372      45.39178
71.06231      45.38922
71.05241      45.38636
71.02825      45.38345
71.02255      45.3812
 1 
 1             192           
1
 -9999.0   ,   9990.0
   7
 10 
69.49823      45.38497
69.47691      45.3867
69.4767       45.38875
69.49484      45.38986
69.50467      45.39583
69.50931      45.39492
69.5115       45.39228
69.50945      45.38667
69.50128      45.38697
69.49823      45.38497
 1 
 1             193           
1
 -9999.0   ,   9990.0
   7
 11 
70.67178      45.38675
70.66922      45.39009
70.66367      45.39059
70.66023      45.39297
70.66292      45.39606
70.66742      45.39667
70.67045      45.39542
70.67589      45.39653
70.6819       45.3947
70.67883      45.38772
70.67178      45.38675
 1 
 1             194           
1
 -9999.0   ,   9990.0
   7
 19 
71.96236      45.37745
71.95634      45.3805
71.9547       45.38686
71.94         45.38853
71.9347       45.39045
71.93516      45.39345
71.9412       45.39589
71.94451      45.40078
71.95056      45.403
71.95665      45.39906
71.9694       45.39734
71.97217      45.39397
71.97014      45.38978
71.97261      45.38597
71.9872       45.38681
71.9952       45.38292
71.99395      45.38172
71.97356      45.3805
71.96236      45.37745
 1 
 1             195           
1
 -9999.0   ,   9990.0
   7
 8 
70.76448      45.39022
70.75986      45.3912
70.75516      45.39722
70.74455      45.40003
70.75056      45.40667
70.76311      45.39958
70.76889      45.39223
70.76448      45.39022
 1 
 1             196           
1
 -9999.0   ,   9990.0
   7
 24 
71.14664      45.37264
71.14136      45.37361
71.13945      45.37789
71.13025      45.38397
71.12597      45.38475
71.11483      45.39131
71.11345      45.39212
71.10995      45.40047
71.09445      45.39881
71.08653      45.40036
71.08497      45.4042
71.09998      45.40836
71.11061      45.40964
71.12025      45.40631
71.11589      45.40364
71.11517      45.39997
71.123        45.39978
71.12678      45.4015
71.13261      45.4017
71.15023      45.39611
71.16525      45.38539
71.15667      45.38259
71.15165      45.37533
71.14664      45.37264
 1 
 1             197           
1
 -9999.0   ,   9990.0
   7
 10 
69.65708      45.40742
69.65351      45.4047
69.64403      45.40495
69.64045      45.40845
69.64236      45.4122
69.64848      45.41317
69.65553      45.41125
69.65784      45.41064
69.65898      45.40886
69.65708      45.40742
 1 
 1             198           
1
 -9999.0   ,   9990.0
   7
 14 
70.50136      45.39997
70.49848      45.39908
70.49042      45.39417
70.48639      45.39561
70.49122      45.40428
70.48945      45.41042
70.49375      45.41356
70.50403      45.40686
70.50515      45.40675
70.51058      45.4062
70.51373      45.40381
70.5107       45.40095
70.5045       45.40092
70.50136      45.39997
 1 
 1             199           
1
 -9999.0   ,   9990.0
   7
 9 
71.72273      45.41495
71.72166      45.41059
71.7283       45.40298
71.72775      45.40136
71.72453      45.40081
71.71572      45.40675
71.70675      45.41564
71.71598      45.41911
71.72273      45.41495
 1 
 1             200           
1
 -9999.0   ,   9990.0
   7
 11 
69.65061      45.42337
69.64267      45.41934
69.64042      45.42242
69.63441      45.42398
69.63392      45.42603
69.64059      45.4277
69.64564      45.42589
69.64878      45.42695
69.64923      45.42675
69.65356      45.42486
69.65061      45.42337
 1 
 1             201           
1
 -9999.0   ,   9990.0
   7
 9 
71.54986      45.4135
71.54703      45.41753
71.55011      45.42564
71.55314      45.42917
71.56053      45.43053
71.56331      45.42764
71.56125      45.41867
71.55658      45.41531
71.54986      45.4135
 1 
 1             202           
1
 -9999.0   ,   9990.0
   7
 7 
69.7625       45.42234
69.75723      45.423
69.75642      45.42481
69.76056      45.42592
69.76422      45.43203
69.76956      45.43045
69.7625       45.42234
 1 
 1             203           
1
 -9999.0   ,   9990.0
   7
 8 
70.60717      45.42736
70.60215      45.429
70.60133      45.43125
70.60378      45.43295
70.61514      45.43339
70.61698      45.43095
70.61589      45.42817
70.60717      45.42736
 1 
 1             204           
1
 -9999.0   ,   9990.0
   7
 10 
70.44178      45.41264
70.4367       45.41497
70.44539      45.42034
70.44798      45.42433
70.44597      45.42909
70.44817      45.4342
70.45336      45.43442
70.459        45.425
70.4562       45.41917
70.44178      45.41264
 1 
 1             205           
1
 -9999.0   ,   9990.0
   7
 9 
66.003        45.43439
66.00336      45.43931
66.00864      45.44581
66.01189      45.446
66.01864      45.44367
66.029        45.43553
66.02314      45.43345
66.01089      45.43634
66.003        45.43439
 1 
 1             206           
1
 -9999.0   ,   9990.0
   7
 9 
70.75325      45.43561
70.7502       45.43711
70.75105      45.43897
70.74583      45.44336
70.74753      45.44686
70.75798      45.44634
70.76683      45.44095
70.76642      45.43772
70.75325      45.43561
 1 
 1             207           
1
 -9999.0   ,   9990.0
   7
 13 
70.3455       45.43214
70.33767      45.43639
70.34181      45.44161
70.34595      45.44247
70.35039      45.43989
70.35564      45.43942
70.36011      45.44464
70.36573      45.44739
70.37289      45.44745
70.37481      45.44387
70.37265      45.43872
70.36259      45.4342
70.3455       45.43214
 1 
 1             208           
1
 -9999.0   ,   9990.0
   7
 19 
71.19053      45.43434
71.18         45.43606
71.172        45.43417
71.16766      45.43586
71.1632       45.43456
71.15786      45.43645
71.15525      45.44117
71.15222      45.44267
71.14439      45.44309
71.13973      45.445
71.1405       45.44753
71.14758      45.4487
71.15261      45.44659
71.15775      45.44742
71.16286      45.44439
71.18328      45.44531
71.1887       45.44228
71.19223      45.43806
71.19053      45.43434
 1 
 1             209           
1
 -9999.0   ,   9990.0
   7
 8 
68.87003      45.44009
68.86403      45.44139
68.85865      45.44592
68.86197      45.44814
68.87525      45.44909
68.88115      45.44572
68.87914      45.44311
68.87003      45.44009
 1 
 1             210           
1
 -9999.0   ,   9990.0
   7
 7 
71.9415       45.44967
71.95997      45.45064
71.96142      45.44817
71.9537       45.44086
71.94283      45.44331
71.93933      45.44778
71.9415       45.44967
 1 
 1             211           
1
 -9999.0   ,   9990.0
   7
 7 
71.66089      45.44314
71.65225      45.44611
71.65134      45.45064
71.65703      45.45356
71.65972      45.45181
71.66311      45.44414
71.66089      45.44314
 1 
 1             212           
1
 -9999.0   ,   9990.0
   7
 13 
68.90325      45.43406
68.89775      45.43378
68.89545      45.43709
68.89592      45.44789
68.9059       45.44889
68.91184      45.45125
68.91811      45.45045
68.9295       45.45381
68.93103      45.45159
68.92828      45.44686
68.91942      45.44431
68.91448      45.43878
68.90325      45.43406
 1 
 1             213           
1
 -9999.0   ,   9990.0
   7
 17 
70.4347       45.43572
70.43225      45.4377
70.43742      45.44225
70.43811      45.44595
70.4335       45.44667
70.41842      45.444
70.41566      45.44572
70.41808      45.44789
70.42956      45.45087
70.43275      45.45558
70.43661      45.4562
70.43739      45.45072
70.45006      45.44711
70.45216      45.44514
70.451        45.44325
70.44528      45.44186
70.4347       45.43572
 1 
 1             214           
1
 -9999.0   ,   9990.0
   7
 8 
71.32491      45.44836
71.31903      45.44864
71.3182       45.45159
71.32595      45.45709
71.33306      45.458
71.33414      45.45645
71.33026      45.45128
71.32491      45.44836
 1 
 1             215           
1
 -9999.0   ,   9990.0
   7
 10 
70.4773       45.44017
70.46917      45.4442
70.45959      45.45389
70.46253      45.45792
70.46833      45.45837
70.47075      45.45272
70.47767      45.45186
70.48428      45.44639
70.47884      45.44528
70.4773       45.44017
 1 
 1             216           
1
 -9999.0   ,   9990.0
   7
 13 
68.94781      45.44697
68.94466      45.44886
68.94442      45.45756
68.95208      45.46208
68.95648      45.4605
68.95461      45.4565
68.95595      45.45634
68.96428      45.4577
68.97295      45.46206
68.97481      45.45984
68.96706      45.44981
68.95392      45.45095
68.94781      45.44697
 1 
 1             217           
1
 -9999.0   ,   9990.0
   7
 14 
70.2874       45.45017
70.28167      45.45245
70.27164      45.45133
70.26984      45.45378
70.26236      45.45714
70.26283      45.45945
70.27456      45.45948
70.27686      45.463
70.28239      45.46323
70.28692      45.45975
70.29359      45.45772
70.29514      45.45458
70.29339      45.45222
70.2874       45.45017
 1 
 1             218           
1
 -9999.0   ,   9990.0
   7
 10 
71.98592      45.44606
71.96897      45.45295
71.95822      45.46478
71.96008      45.46645
71.96572      45.46475
71.96917      45.46095
71.97439      45.46086
71.97622      45.45703
71.98645      45.44814
71.98592      45.44606
 1 
 1             219           
1
 -9999.0   ,   9990.0
   7
 7 
70.62064      45.45881
70.6127       45.46078
70.60672      45.46628
70.6112       45.46736
70.62323      45.46347
70.62473      45.461
70.62064      45.45881
 1 
 1             220           
1
 -9999.0   ,   9990.0
   7
 18 
69.683        45.44756
69.67872      45.45148
69.6725       45.45167
69.66739      45.45417
69.66845      45.45675
69.67961      45.45589
69.69742      45.46747
69.69959      45.46506
69.69309      45.45789
69.69578      45.45709
69.69883      45.45906
69.70414      45.45817
69.70648      45.45414
69.70523      45.4502
69.70306      45.44895
69.70028      45.45089
69.68986      45.45064
69.683        45.44756
 1 
 1             221           
1
 -9999.0   ,   9990.0
   7
 12 
71.94072      45.45217
71.93128      45.45192
71.92756      45.45503
71.91728      45.45817
71.90947      45.46436
71.91031      45.46692
71.91414      45.46817
71.9195       45.46533
71.9247       45.45953
71.93914      45.45717
71.94361      45.45272
71.94072      45.45217
 1 
 1             222           
1
 -9999.0   ,   9990.0
   7
 11 
71.07689      45.44559
71.07376      45.4487
71.07439      45.45331
71.07933      45.46147
71.08486      45.46625
71.1007       45.46817
71.10315      45.4655
71.09272      45.45623
71.09642      45.45017
71.0944       45.44664
71.07689      45.44559
 1 
 1             223           
1
 -9999.0   ,   9990.0
   7
 18 
71.75391      45.43189
71.74709      45.4317
71.74433      45.43458
71.74814      45.44156
71.745        45.44536
71.74323      45.45334
71.74523      45.4582
71.74408      45.46067
71.74022      45.46011
71.73645      45.46342
71.73286      45.46356
71.73253      45.46928
71.75847      45.47092
71.76086      45.46892
71.75716      45.45945
71.76253      45.45159
71.76041      45.44306
71.75391      45.43189
 1 
 1             224           
1
 -9999.0   ,   9990.0
   7
 7 
71.87583      45.46073
71.87133      45.46561
71.87083      45.46881
71.88139      45.47187
71.88556      45.46717
71.87842      45.461
71.87583      45.46073
 1 
 1             225           
1
 -9999.0   ,   9990.0
   7
 37 
69.88945      45.45464
69.8997       45.45303
69.90622      45.4492
69.90445      45.44728
69.88848      45.45117
69.88228      45.45111
69.86895      45.45464
69.86508      45.45767
69.85592      45.4582
69.85239      45.46125
69.84461      45.46434
69.83875      45.46428
69.83503      45.46572
69.83086      45.4722
69.83248      45.47592
69.83806      45.47892
69.84133      45.47887
69.84209      45.47775
69.8447       45.47395
69.8507       45.47606
69.85464      45.47578
69.85809      45.47364
69.87086      45.4765
69.87514      45.476
69.88381      45.4702
69.8878       45.47658
69.89373      45.47592
69.8965       45.47397
69.91116      45.47395
69.91573      45.47025
69.91426      45.46858
69.89356      45.47042
69.88448      45.46633
69.86953      45.46958
69.867        45.46167
69.88053      45.45609
69.88945      45.45464
 1 
 1             226           
1
 -9999.0   ,   9990.0
   7
 19 
71.69822      45.45545
71.69106      45.45547
71.69225      45.46261
71.70786      45.46856
71.70997      45.47114
71.70583      45.47514
71.69575      45.47506
71.69106      45.47745
71.69123      45.47998
71.7055       45.48084
71.71878      45.4762
71.7174       45.47225
71.71276      45.46847
71.71295      45.46503
71.7212       45.46847
71.72295      45.46625
71.72178      45.46392
71.71114      45.45698
71.69822      45.45545
 1 
 1             227           
1
 -9999.0   ,   9990.0
   7
 6 
70.77228      45.47686
70.7672       45.47942
70.76764      45.4822
70.78581      45.48308
70.78895      45.48022
70.77228      45.47686
 1 
 1             228           
1
 -9999.0   ,   9990.0
   7
 11 
67.41231      45.46325
67.41028      45.46609
67.40981      45.47709
67.4152       45.4832
67.42223      45.48434
67.42995      45.48025
67.43275      45.47631
67.43191      45.46797
67.42886      45.46639
67.42415      45.46747
67.41231      45.46325
 1 
 1             229           
1
 -9999.0   ,   9990.0
   7
 10 
69.91084      45.48103
69.90114      45.48381
69.87628      45.48134
69.8707       45.482
69.87053      45.48384
69.88378      45.48853
69.89403      45.48695
69.91003      45.49017
69.9157       45.48514
69.91084      45.48103
 1 
 1             230           
1
 -9999.0   ,   9990.0
   7
 10 
70.95364      45.46717
70.95056      45.46958
70.9552       45.48164
70.95186      45.48725
70.95298      45.49006
70.95783      45.49045
70.96384      45.48403
70.96173      45.4725
70.9578       45.468
70.95364      45.46717
 1 
 1             231           
1
 -9999.0   ,   9990.0
   7
 15 
70.26583      45.49214
70.26722      45.49414
70.27355      45.49472
70.27639      45.49186
70.2744       45.48856
70.26         45.47375
70.2562       45.4727
70.25066      45.47636
70.25073      45.478
70.25075      45.47933
70.25475      45.48109
70.25953      45.48314
70.26234      45.48711
70.26439      45.49008
70.26583      45.49214
 1 
 1             232           
1
 -9999.0   ,   9990.0
   7
 20 
71.45225      45.49225
71.45597      45.48962
71.47148      45.48664
71.47633      45.48703
71.49116      45.47856
71.50273      45.46586
71.50091      45.46353
71.49578      45.46223
71.49339      45.45917
71.48642      45.45597
71.47789      45.45709
71.4742       45.45903
71.472        45.46286
71.4637       45.47039
71.45056      45.47272
71.43256      45.48453
71.43131      45.48884
71.43681      45.49428
71.44231      45.49489
71.45225      45.49225
 1 
 1             233           
1
 -9999.0   ,   9990.0
   7
 15 
66.0067       45.49681
66.01631      45.49822
66.02533      45.49536
66.0205       45.49008
66.0224       45.48231
66.0268       45.48017
66.01725      45.47686
66.015        45.47122
66.01265      45.47117
66.01023      45.47714
66.01598      45.48275
66.01425      45.49383
66.00623      45.49333
66.00439      45.49425
66.0067       45.49681
 1 
 1             234           
1
 -9999.0   ,   9990.0
   7
 6 
68.94725      45.48592
68.94342      45.48825
68.94664      45.49758
68.95016      45.49825
68.954        45.49592
68.94725      45.48592
 1 
 1             235           
1
 -9999.0   ,   9990.0
   7
 10 
70.47798      45.49656
70.46945      45.49736
70.46523      45.50109
70.46841      45.50603
70.48466      45.50645
70.49689      45.50439
70.50042      45.50109
70.49772      45.49822
70.48431      45.49886
70.47798      45.49656
 1 
 1             236           
1
 -9999.0   ,   9990.0
   7
 11 
71.65028      45.49859
71.64911      45.49842
71.63695      45.50081
71.63323      45.50278
71.63308      45.50528
71.63853      45.50681
71.65417      45.50342
71.65436      45.50339
71.65611      45.50139
71.65331      45.499
71.65028      45.49859
 1 
 1             237           
1
 -9999.0   ,   9990.0
   7
 24 
70.38606      45.47753
70.379        45.4722
70.3732       45.47128
70.36353      45.47822
70.35453      45.48061
70.35428      45.48358
70.36308      45.48347
70.371        45.48631
70.37328      45.49031
70.38301      45.49484
70.38614      45.50022
70.39014      45.50312
70.39486      45.50492
70.40405      45.50436
70.41742      45.50834
70.42022      45.5057
70.41628      45.50234
70.384        45.49075
70.3832       45.48842
70.3878       45.4877
70.38878      45.488
70.4002       45.49161
70.4049       45.48997
70.38606      45.47753
 1 
 1             238           
1
 -9999.0   ,   9990.0
   7
 7 
70.82064      45.49628
70.81395      45.49856
70.82391      45.509
70.82964      45.50645
70.82978      45.50028
70.82772      45.49723
70.82064      45.49628
 1 
 1             239           
1
 -9999.0   ,   9990.0
   7
 15 
69.06842      45.4995
69.06678      45.49972
69.05625      45.49436
69.04128      45.49403
69.0305       45.49739
69.02942      45.50145
69.04006      45.50867
69.04739      45.51042
69.05047      45.50897
69.06661      45.5072
69.08478      45.50522
69.08636      45.50256
69.08475      45.49925
69.08         45.49786
69.06842      45.4995
 1 
 1             240           
1
 -9999.0   ,   9990.0
   7
 8 
70.31734      45.50086
70.31548      45.50378
70.3165       45.50703
70.32336      45.51073
70.33009      45.51214
70.3322       45.51039
70.3274       45.50539
70.31734      45.50086
 1 
 1             241           
1
 -9999.0   ,   9990.0
   7
 11 
69.90248      45.50153
69.89825      45.50156
69.89436      45.50484
69.885        45.50739
69.88845      45.51259
69.89156      45.51409
69.8957       45.51175
69.90158      45.51156
69.90266      45.51023
69.90065      45.50739
69.90248      45.50153
 1 
 1             242           
1
 -9999.0   ,   9990.0
   7
 10 
71.592        45.50086
71.58923      45.50375
71.59103      45.50631
71.59789      45.50584
71.60389      45.50875
71.60555      45.51339
71.60778      45.51436
71.61742      45.50598
71.61556      45.50431
71.592        45.50086
 1 
 1             243           
1
 -9999.0   ,   9990.0
   7
 18 
71.98465      45.48745
71.97483      45.48834
71.96553      45.49817
71.95773      45.50367
71.95208      45.50559
71.93945      45.5167
71.94095      45.51903
71.94642      45.51986
71.95078      45.51195
71.96147      45.50675
71.96433      45.50798
71.96833      45.50603
71.97028      45.50011
71.9824       45.49289
71.98825      45.49306
71.9903       45.49103
71.98914      45.4885
71.98465      45.48745
 1 
 1             244           
1
 -9999.0   ,   9990.0
   7
 13 
71.93808      45.48208
71.93353      45.4822
71.93073      45.48578
71.92472      45.48836
71.91756      45.48864
71.91839      45.49711
71.91353      45.50247
71.88589      45.51936
71.88648      45.52075
71.8907       45.52061
71.91175      45.51089
71.93964      45.4835
71.93808      45.48208
 1 
 1             245           
1
 -9999.0   ,   9990.0
   7
 10 
68.12708      45.50003
68.1217       45.50683
68.11514      45.50964
68.11723      45.51942
68.11334      45.52195
68.11533      45.52434
68.13156      45.51981
68.13945      45.51387
68.13281      45.50128
68.12708      45.50003
 1 
 1             246           
1
 -9999.0   ,   9990.0
   7
 10 
69.95742      45.5177
69.94578      45.5165
69.94114      45.51745
69.94186      45.52045
69.9477       45.5207
69.94998      45.52447
69.95286      45.52484
69.96528      45.51712
69.96211      45.51606
69.95742      45.5177
 1 
 1             247           
1
 -9999.0   ,   9990.0
   7
 10 
69.81675      45.52656
69.81145      45.52381
69.8045       45.52486
69.80341      45.5262
69.8092       45.53058
69.81956      45.52806
69.82848      45.53031
69.82983      45.526
69.82175      45.52517
69.81675      45.52656
 1 
 1             248           
1
 -9999.0   ,   9990.0
   7
 13 
68.03073      45.53009
68.03356      45.52011
68.04086      45.51114
68.04061      45.5077
68.03658      45.50861
68.02636      45.51739
68.02081      45.52556
68.00628      45.52397
68.00339      45.52634
68.00275      45.53158
68.01706      45.53197
68.02959      45.53042
68.03073      45.53009
 1 
 1             249           
1
 -9999.0   ,   9990.0
   7
 22 
69.5815       45.51433
69.57547      45.51611
69.57731      45.52056
69.57198      45.52192
69.56886      45.52039
69.55828      45.52539
69.55306      45.53203
69.54459      45.53184
69.54048      45.53739
69.54661      45.53789
69.5514       45.53583
69.5572       45.53656
69.56958      45.52639
69.57345      45.52703
69.57814      45.52564
69.58853      45.52956
69.59345      45.52911
69.59303      45.52681
69.58628      45.52236
69.58947      45.51953
69.58653      45.51617
69.5815       45.51433
 1 
 1             250           
1
 -9999.0   ,   9990.0
   7
 8 
69.73333      45.53284
69.73092      45.53433
69.732        45.5367
69.73805      45.54156
69.7432       45.54248
69.7472       45.53806
69.7437       45.53378
69.73333      45.53284
 1 
 1             251           
1
 -9999.0   ,   9990.0
   7
 9 
69.65611      45.54259
69.64464      45.54298
69.64183      45.54512
69.64322      45.54772
69.65195      45.552
69.66465      45.55236
69.66683      45.54972
69.66489      45.5462
69.65611      45.54259
 1 
 1             252           
1
 -9999.0   ,   9990.0
   7
 12 
71.71911      45.55359
71.70495      45.56164
71.70303      45.56639
71.69661      45.57033
71.69906      45.57336
71.69722      45.57653
71.69967      45.57934
71.70381      45.57556
71.71298      45.57492
71.71481      45.56581
71.7218       45.55753
71.71911      45.55359
 1 
 1             253           
1
 -9999.0   ,   9990.0
   7
 8 
69.81441      45.5732
69.8037       45.57617
69.80003      45.58403
69.8007       45.58773
69.80703      45.58617
69.81195      45.58225
69.81617      45.57534
69.81441      45.5732
 1 
 1             254           
1
 -9999.0   ,   9990.0
   7
 10 
71.23736      45.57967
71.23528      45.58145
71.23898      45.585
71.23086      45.58909
71.23683      45.59247
71.25403      45.58892
71.25681      45.58628
71.25198      45.58061
71.24541      45.58131
71.23736      45.57967
 1 
 1             255           
1
 -9999.0   ,   9990.0
   7
 7 
69.667        45.58939
69.66395      45.59061
69.66472      45.59273
69.68114      45.59531
69.68291      45.59378
69.67965      45.59042
69.667        45.58939
 1 
 1             256           
1
 -9999.0   ,   9990.0
   7
 13 
66.04895      45.57859
66.047        45.58161
66.05078      45.5855
66.0625       45.58511
66.08528      45.59681
66.09861      45.59737
66.10091      45.59492
66.09836      45.59345
66.0837       45.59156
66.07775      45.58906
66.06939      45.57947
66.06181      45.57792
66.04895      45.57859
 1 
 1             257           
1
 -9999.0   ,   9990.0
   7
 8 
68.8265       45.59806
68.82584      45.59761
68.81736      45.60036
68.82031      45.60267
68.82489      45.60628
68.8297       45.60723
68.83131      45.60134
68.8265       45.59806
 1 
 1             258           
1
 -9999.0   ,   9990.0
   7
 10 
70.05078      45.5905
70.0473       45.59286
70.05383      45.60025
70.05186      45.60773
70.055        45.60922
70.05867      45.60825
70.06128      45.6047
70.06011      45.5957
70.05592      45.59139
70.05078      45.5905
 1 
 1             259           
1
 -9999.0   ,   9990.0
   7
 12 
68.40075      45.59678
68.40036      45.60572
68.39675      45.60597
68.39503      45.60381
68.38906      45.60164
68.38666      45.60539
68.38806      45.61028
68.40045      45.61353
68.40525      45.6115
68.40903      45.60714
68.40622      45.59756
68.40075      45.59678
 1 
 1             260           
1
 -9999.0   ,   9990.0
   7
 7 
67.81656      45.6012
67.81384      45.60445
67.81741      45.615
67.84225      45.61264
67.83633      45.6077
67.82364      45.60209
67.81656      45.6012
 1 
 1             261           
1
 -9999.0   ,   9990.0
   7
 10 
70.72381      45.59622
70.71653      45.59756
70.71105      45.60078
70.71139      45.60492
70.71972      45.61098
70.7415       45.61659
70.74367      45.61392
70.74189      45.61133
70.72823      45.59822
70.72381      45.59622
 1 
 1             262           
1
 -9999.0   ,   9990.0
   7
 12 
71.282        45.5997
71.2705       45.60114
71.26731      45.6047
71.26808      45.6077
71.27425      45.60814
71.27628      45.61209
71.2887       45.61661
71.29281      45.614
71.28333      45.60911
71.28122      45.60653
71.28411      45.60228
71.282        45.5997
 1 
 1             263           
1
 -9999.0   ,   9990.0
   7
 11 
69.47242      45.60289
69.46864      45.60478
69.47334      45.61006
69.48375      45.6172
69.48867      45.61698
69.49053      45.61456
69.49555      45.61342
69.49484      45.61087
69.48397      45.60483
69.47836      45.60548
69.47242      45.60289
 1 
 1             264           
1
 -9999.0   ,   9990.0
   7
 11 
70.30245      45.6015
70.29528      45.60123
70.29117      45.60359
70.29553      45.61772
70.29878      45.61809
70.30573      45.61286
70.31267      45.61592
70.31364      45.61206
70.31115      45.60692
70.30691      45.60239
70.30245      45.6015
 1 
 1             265           
1
 -9999.0   ,   9990.0
   7
 21 
69.74489      45.60478
69.74208      45.60339
69.736        45.60564
69.73361      45.60322
69.72945      45.60259
69.72864      45.60414
69.7327       45.60959
69.72628      45.61206
69.72698      45.61506
69.7327       45.61647
69.743        45.61467
69.74525      45.61864
69.74823      45.61833
69.74856      45.61789
69.75117      45.61456
69.75736      45.61486
69.75948      45.61311
69.75684      45.60978
69.74825      45.61078
69.74614      45.60539
69.74489      45.60478
 1 
 1             266           
1
 -9999.0   ,   9990.0
   7
 8 
70.63431      45.61439
70.63208      45.61772
70.6334       45.62192
70.63745      45.62437
70.65217      45.624
70.65473      45.6202
70.65322      45.61853
70.63431      45.61439
 1 
 1             267           
1
 -9999.0   ,   9990.0
   7
 22 
70.89928      45.61889
70.89364      45.61573
70.8747       45.61161
70.8672       45.61133
70.85398      45.61789
70.85298      45.61839
70.84811      45.61798
70.83717      45.61161
70.83134      45.61095
70.82433      45.61297
70.81592      45.612
70.80041      45.61417
70.7973       45.61659
70.7982       45.62211
70.8285       45.62275
70.84033      45.62595
70.8555       45.62264
70.85925      45.62181
70.8772       45.622
70.88523      45.62367
70.89584      45.62131
70.89928      45.61889
 1 
 1             268           
1
 -9999.0   ,   9990.0
   7
 9 
69.91153      45.62153
69.89772      45.61909
69.89095      45.62545
69.89478      45.62631
69.9055       45.62334
69.91608      45.62542
69.91856      45.62345
69.91575      45.62173
69.91153      45.62153
 1 
 1             269           
1
 -9999.0   ,   9990.0
   7
 16 
67.9558       45.62348
67.97736      45.62575
67.98586      45.62328
67.99942      45.62734
68.00603      45.62153
68.00428      45.61706
67.99942      45.614
67.99375      45.60448
67.98922      45.60398
67.98109      45.60625
67.97483      45.61183
67.96114      45.61359
67.95056      45.61495
67.94764      45.61753
67.947        45.62253
67.9558       45.62348
 1 
 1             270           
1
 -9999.0   ,   9990.0
   7
 16 
71.25114      45.60739
71.24189      45.60936
71.23248      45.60858
71.22816      45.60984
71.2282       45.61395
71.23586      45.61672
71.23195      45.62117
71.23517      45.627
71.24389      45.62797
71.25114      45.62684
71.256        45.62264
71.26756      45.6205
71.26939      45.61759
71.26767      45.61412
71.25217      45.61175
71.25114      45.60739
 1 
 1             271           
1
 -9999.0   ,   9990.0
   7
 20 
71.82039      45.62284
71.82433      45.62225
71.83311      45.617
71.83733      45.61759
71.83756      45.63086
71.84489      45.62808
71.84589      45.6217
71.83714      45.60934
71.83673      45.59947
71.82789      45.59442
71.82467      45.58817
71.81966      45.59009
71.81683      45.59367
71.81786      45.59872
71.82253      45.60275
71.81433      45.60914
71.79972      45.61356
71.8095       45.61956
71.81892      45.62003
71.82039      45.62284
 1 
 1             272           
1
 -9999.0   ,   9990.0
   7
 17 
70.42711      45.60931
70.41341      45.61722
70.40911      45.61798
70.40839      45.61473
70.40475      45.61161
70.40045      45.61236
70.39273      45.62281
70.39398      45.62767
70.39848      45.6322
70.40583      45.63434
70.42178      45.63475
70.42917      45.64031
70.43589      45.64195
70.44041      45.63845
70.43395      45.6217
70.43428      45.61347
70.42711      45.60931
 1 
 1             273           
1
 -9999.0   ,   9990.0
   7
 14 
68.09198      45.63036
68.08661      45.63142
68.08508      45.63317
68.09553      45.63608
68.09167      45.63817
68.07231      45.63586
68.0742       45.63917
68.08497      45.64212
68.1167       45.64495
68.1182       45.64342
68.11684      45.64103
68.1125       45.63917
68.10945      45.63187
68.09198      45.63036
 1 
 1             274           
1
 -9999.0   ,   9990.0
   7
 9 
67.66245      45.64936
67.64861      45.65514
67.64817      45.65856
67.6577       45.65825
67.66503      45.66239
67.66878      45.66125
67.67116      45.65542
67.66986      45.65028
67.66245      45.64936
 1 
 1             275           
1
 -9999.0   ,   9990.0
   7
 14 
68.27192      45.64397
68.26111      45.64656
68.26681      45.65103
68.27264      45.65159
68.27728      45.65392
68.28181      45.65992
68.27931      45.66436
68.281        45.66653
68.28809      45.66764
68.29511      45.6662
68.29628      45.66192
68.28992      45.65764
68.2847       45.64931
68.27192      45.64397
 1 
 1             276           
1
 -9999.0   ,   9990.0
   7
 11 
71.18281      45.6617
71.18197      45.66989
71.19178      45.66889
71.19366      45.66614
71.18953      45.65481
71.18586      45.651
71.17856      45.64825
71.17761      45.65192
71.17723      45.65348
71.18295      45.66031
71.18281      45.6617
 1 
 1             277           
1
 -9999.0   ,   9990.0
   7
 22 
68.35306      45.66934
68.35515      45.67058
68.36178      45.66984
68.3704       45.67192
68.37739      45.66795
68.38133      45.66223
68.37936      45.65661
68.37714      45.656
68.37486      45.66161
68.37003      45.66089
68.3675       45.65453
68.36359      45.65456
68.36395      45.65983
68.36097      45.66289
68.35525      45.66217
68.3542       45.66203
68.3495       45.65742
68.33728      45.65831
68.33964      45.6605
68.33956      45.66395
68.34658      45.6655
68.35306      45.66934
 1 
 1             278           
1
 -9999.0   ,   9990.0
   7
 31 
71.81431      45.62678
71.80456      45.62581
71.79095      45.61878
71.78956      45.61442
71.79253      45.60831
71.79166      45.606
71.78598      45.60331
71.78586      45.5992
71.7977       45.58625
71.79689      45.58325
71.79403      45.5825
71.79009      45.58306
71.78561      45.58684
71.78014      45.59698
71.77395      45.60228
71.77203      45.61278
71.77264      45.61378
71.7762       45.61975
71.78681      45.62828
71.78611      45.64017
71.7782       45.64739
71.77611      45.64928
71.76664      45.66639
71.76736      45.671
71.76984      45.67337
71.77509      45.67259
71.77753      45.67014
71.77866      45.66147
71.78764      45.649
71.79111      45.6442
71.81431      45.62678
 1 
 1             279           
1
 -9999.0   ,   9990.0
   7
 10 
66.22028      45.66334
66.21245      45.66431
66.21353      45.66795
66.22875      45.66917
66.238        45.67414
66.24741      45.67411
66.24858      45.67175
66.24478      45.66995
66.228        45.66386
66.22028      45.66334
 1 
 1             280           
1
 -9999.0   ,   9990.0
   7
 19 
72            45.67253
72            45.65539
71.9947       45.65664
71.99142      45.66295
71.98803      45.66514
71.98441      45.66528
71.9817       45.66156
71.97461      45.65953
71.97214      45.65695
71.97375      45.65172
71.96926      45.65023
71.96233      45.65142
71.96053      45.65481
71.96128      45.65917
71.97039      45.66536
71.97041      45.67086
71.97903      45.67475
71.99108      45.67484
72            45.67253
 1 
 1             281           
1
 -9999.0   ,   9990.0
   7
 17 
69.56683      45.67239
69.57225      45.67161
69.5794       45.67584
69.58336      45.67511
69.58066      45.67267
69.58197      45.66909
69.57198      45.66447
69.56975      45.66714
69.56861      45.66722
69.56581      45.66739
69.55983      45.66484
69.55456      45.66528
69.54775      45.66814
69.54725      45.66997
69.55936      45.66984
69.56631      45.67248
69.56683      45.67239
 1 
 1             282           
1
 -9999.0   ,   9990.0
   7
 8 
67.69033      45.65411
67.68581      45.6637
67.68972      45.669
67.6942       45.66975
67.70578      45.67645
67.70814      45.67086
67.69573      45.65536
67.69033      45.65411
 1 
 1             283           
1
 -9999.0   ,   9990.0
   7
 28 
70.55656      45.66042
70.54525      45.65473
70.53856      45.6485
70.53291      45.64989
70.52973      45.64839
70.52597      45.64664
70.52155      45.64897
70.51339      45.64478
70.50861      45.64756
70.51061      45.65109
70.52409      45.66214
70.52361      45.66395
70.52101      45.66408
70.51478      45.66017
70.5114       45.66164
70.51336      45.66539
70.52425      45.67245
70.54036      45.67925
70.54756      45.67931
70.55128      45.67761
70.54784      45.67589
70.54308      45.6615
70.54733      45.66142
70.55406      45.66742
70.5592       45.66831
70.5605       45.66692
70.56039      45.66637
70.55656      45.66042
 1 
 1             284           
1
 -9999.0   ,   9990.0
   7
 12 
71.73303      45.65514
71.72856      45.65867
71.72083      45.65708
71.71595      45.66245
71.71173      45.67309
71.71458      45.68003
71.71848      45.68059
71.72148      45.67931
71.72617      45.66617
71.73283      45.66406
71.73666      45.65959
71.73303      45.65514
 1 
 1             285           
1
 -9999.0   ,   9990.0
   7
 8 
70.13511      45.672
70.1289       45.6722
70.12686      45.6767
70.12761      45.68314
70.13073      45.68486
70.13806      45.68311
70.139        45.67995
70.13511      45.672
 1 
 1             286           
1
 -9999.0   ,   9990.0
   7
 20 
69.09036      45.66742
69.0877       45.67392
69.08189      45.67639
69.08075      45.67472
69.08425      45.66939
69.0828       45.66772
69.07981      45.66825
69.06736      45.6777
69.06053      45.68056
69.0585       45.68733
69.05436      45.68917
69.05414      45.69145
69.06106      45.69089
69.06333      45.68803
69.07461      45.68656
69.08273      45.681
69.09092      45.67775
69.09583      45.67136
69.09453      45.66809
69.09036      45.66742
 1 
 1             287           
1
 -9999.0   ,   9990.0
   7
 8 
67.16634      45.68439
67.16517      45.6882
67.15975      45.69173
67.16084      45.69572
67.16472      45.69622
67.17211      45.69006
67.16983      45.68531
67.16634      45.68439
 1 
 1             288           
1
 -9999.0   ,   9990.0
   7
 11 
71.65334      45.67756
71.64315      45.68412
71.64081      45.69047
71.64395      45.69789
71.64784      45.69867
71.65028      45.69578
71.64814      45.68817
71.65166      45.68345
71.6658       45.68181
71.66761      45.67934
71.65334      45.67756
 1 
 1             289           
1
 -9999.0   ,   9990.0
   7
 19 
71.76133      45.67359
71.75864      45.67464
71.75639      45.67961
71.73964      45.68142
71.73845      45.69078
71.74242      45.69525
71.7399       45.69928
71.74308      45.70075
71.7455       45.69853
71.75073      45.69845
71.75447      45.69603
71.75931      45.69686
71.76466      45.69472
71.7642       45.6915
71.76936      45.68687
71.76822      45.68431
71.76317      45.68117
71.76414      45.6755
71.76133      45.67359
 1 
 1             290           
1
 -9999.0   ,   9990.0
   7
 8 
71.4202       45.69247
71.41492      45.69345
71.41636      45.69622
71.41345      45.70095
71.41959      45.70206
71.42228      45.70075
71.42298      45.69531
71.4202       45.69247
 1 
 1             291           
1
 -9999.0   ,   9990.0
   7
 10 
71.62181      45.69567
71.611        45.68639
71.60575      45.68667
71.60631      45.68853
71.61456      45.69792
71.61375      45.7057
71.6167       45.70556
71.62241      45.69834
71.62341      45.69706
71.62181      45.69567
 1 
 1             292           
1
 -9999.0   ,   9990.0
   7
 6 
68.22265      45.70006
68.21408      45.70875
68.21589      45.71
68.22153      45.70942
68.22925      45.70253
68.22265      45.70006
 1 
 1             293           
1
 -9999.0   ,   9990.0
   7
 8 
70.04522      45.71284
70.04456      45.72403
70.0535       45.72281
70.05531      45.72106
70.05389      45.71847
70.05133      45.71792
70.04878      45.71345
70.04522      45.71284
 1 
 1             294           
1
 -9999.0   ,   9990.0
   7
 9 
67.20717      45.71173
67.20323      45.71903
67.20492      45.72328
67.20973      45.72658
67.21647      45.7275
67.21958      45.72403
67.21406      45.71884
67.21264      45.71253
67.20717      45.71173
 1 
 1             295           
1
 -9999.0   ,   9990.0
   7
 8 
71.41006      45.718
71.40953      45.72145
71.42076      45.72956
71.42342      45.72895
71.42561      45.72536
71.42425      45.72098
71.41722      45.71847
71.41006      45.718
 1 
 1             296           
1
 -9999.0   ,   9990.0
   7
 7 
71.43686      45.71817
71.43145      45.72075
71.4297       45.72778
71.43075      45.7317
71.45         45.722
71.4479       45.71942
71.43686      45.71817
 1 
 1             297           
1
 -9999.0   ,   9990.0
   7
 17 
67.91389      45.72114
67.918        45.72384
67.94864      45.725
67.96411      45.73239
67.97111      45.7342
67.97428      45.73231
67.96278      45.72473
67.95986      45.7165
67.9437       45.70956
67.93695      45.70845
67.93083      45.71292
67.92683      45.71336
67.92156      45.71097
67.91689      45.71409
67.9162       45.71456
67.91375      45.72106
67.91389      45.72114
 1 
 1             298           
1
 -9999.0   ,   9990.0
   7
 8 
70.07816      45.73625
70.07453      45.73289
70.06145      45.733
70.06398      45.7377
70.0668       45.73897
70.07056      45.73731
70.07603      45.73823
70.07816      45.73625
 1 
 1             299           
1
 -9999.0   ,   9990.0
   7
 8 
71.15842      45.72725
71.1545       45.72734
71.15131      45.73092
71.14997      45.7407
71.1522       45.74192
71.16441      45.73981
71.16861      45.73583
71.15842      45.72725
 1 
 1             300           
1
 -9999.0   ,   9990.0
   7
 27 
66.05933      45.72434
66.05264      45.72933
66.03983      45.73081
66.0322       45.73753
66.04434      45.74209
66.04995      45.74647
66.06284      45.74789
66.08739      45.74603
66.09128      45.74431
66.08972      45.74153
66.08428      45.74064
66.07245      45.734
66.07003      45.7292
66.07892      45.72736
66.11034      45.72834
66.11615      45.72753
66.11673      45.72684
66.11792      45.72534
66.11611      45.72298
66.10508      45.72
66.08776      45.7185
66.08445      45.71603
66.07911      45.71784
66.06834      45.7167
66.06139      45.71778
66.05898      45.71958
66.05933      45.72434
 1 
 1             301           
1
 -9999.0   ,   9990.0
   7
 7 
66.2342       45.7317
66.22359      45.738
66.22056      45.74381
66.22117      45.74831
66.22681      45.75061
66.23184      45.74428
66.2342       45.7317
 1 
 1             302           
1
 -9999.0   ,   9990.0
   7
 20 
71.177        45.70428
71.17531      45.70539
71.17415      45.71725
71.17883      45.72061
71.17848      45.72564
71.18491      45.73203
71.18581      45.738
71.17872      45.74578
71.18014      45.74903
71.18656      45.75083
71.19153      45.74987
71.19575      45.74545
71.196        45.74178
71.192        45.73823
71.19397      45.73347
71.18875      45.72825
71.18936      45.72417
71.19656      45.71936
71.18145      45.70628
71.177        45.70428
 1 
 1             303           
1
 -9999.0   ,   9990.0
   7
 10 
70.52198      45.73764
70.51733      45.73861
70.513        45.7437
70.51761      45.75142
70.5235       45.75145
70.53367      45.74681
70.53533      45.74228
70.53416      45.74061
70.52789      45.74131
70.52198      45.73764
 1 
 1             304           
1
 -9999.0   ,   9990.0
   7
 8 
69.47889      45.74028
69.472        45.74042
69.46755      45.74228
69.47986      45.75362
69.48625      45.75211
69.49091      45.74797
69.48859      45.74489
69.47889      45.74028
 1 
 1             305           
1
 -9999.0   ,   9990.0
   7
 24 
71.48241      45.75231
71.48323      45.74981
71.4782       45.7467
71.47586      45.74731
71.47281      45.74375
71.46556      45.7447
71.46303      45.74325
71.46578      45.74103
71.46105      45.73836
71.45714      45.73825
71.44783      45.7407
71.4377       45.74086
71.43564      45.74287
71.43386      45.74461
71.42803      45.74353
71.42617      45.74711
71.41939      45.75103
71.42186      45.75295
71.42717      45.7522
71.43148      45.75622
71.44334      45.75475
71.45036      45.75223
71.47928      45.75231
71.48241      45.75231
 1 
 1             306           
1
 -9999.0   ,   9990.0
   7
 12 
71.73326      45.72336
71.72864      45.72392
71.72145      45.72964
71.71753      45.74053
71.70828      45.75353
71.71005      45.75656
71.71333      45.7562
71.7175       45.7522
71.72825      45.73603
71.73573      45.73145
71.73725      45.72759
71.73326      45.72336
 1 
 1             307           
1
 -9999.0   ,   9990.0
   7
 9 
71.6927       45.75973
71.69365      45.75748
71.69167      45.75236
71.69131      45.75242
71.68145      45.75389
71.67689      45.75859
71.6774       45.76134
71.69175      45.76197
71.6927       45.75973
 1 
 1             308           
1
 -9999.0   ,   9990.0
   7
 11 
71.52578      45.76634
71.5289       45.76723
71.5317       45.76433
71.53086      45.76181
71.52381      45.75953
71.51895      45.75364
71.5118       45.75253
71.50909      45.75428
71.5095       45.75795
71.51442      45.76314
71.52578      45.76634
 1 
 1             309           
1
 -9999.0   ,   9990.0
   7
 81 
71.8107       45.75186
71.81545      45.74881
71.8265       45.74978
71.83165      45.74559
71.8304       45.73892
71.83186      45.73645
71.85156      45.72898
71.85831      45.731
71.86689      45.72939
71.87728      45.73059
71.87876      45.72742
71.87503      45.72389
71.88289      45.71817
71.88572      45.71389
71.89034      45.71356
71.89542      45.71598
71.902        45.71525
71.90581      45.71742
71.91326      45.71281
71.90847      45.70467
71.9127       45.69906
71.91586      45.69645
71.92775      45.68664
71.92689      45.67839
71.93742      45.67159
71.9382       45.66909
71.93356      45.66439
71.93467      45.66236
71.9402       45.66228
71.95216      45.65848
71.95336      45.65439
71.94891      45.6522
71.93886      45.65125
71.929        45.65259
71.91281      45.65008
71.8915       45.6692
71.89206      45.68222
71.8922       45.68592
71.88636      45.69697
71.8878       45.69998
71.88301      45.70467
71.87595      45.70789
71.87373      45.71242
71.868        45.71522
71.86539      45.70989
71.86173      45.71073
71.85475      45.719
71.84433      45.718
71.83366      45.72161
71.82542      45.72895
71.80995      45.73078
71.80683      45.73345
71.8012       45.73511
71.79467      45.73517
71.79114      45.73942
71.78686      45.73975
71.78598      45.73859
71.78889      45.7285
71.79006      45.7245
71.78745      45.72442
71.775        45.74147
71.76559      45.74625
71.75467      45.74845
71.75267      45.75458
71.74903      45.75539
71.74623      45.75853
71.74792      45.76292
71.74375      45.76736
71.74425      45.76967
71.75248      45.76922
71.75528      45.77159
71.7592       45.77148
71.76733      45.76645
71.77678      45.76717
71.77853      45.76517
71.77673      45.76259
71.7817       45.76136
71.78616      45.75736
71.79591      45.75284
71.80528      45.75492
71.8107       45.75186
 1 
 1             310           
1
 -9999.0   ,   9990.0
   7
 8 
69.66353      45.76409
69.65405      45.76389
69.64956      45.76642
69.65092      45.76948
69.6593       45.77078
69.66528      45.77334
69.66995      45.76897
69.66353      45.76409
 1 
 1             311           
1
 -9999.0   ,   9990.0
   7
 9 
71.69908      45.77362
71.70945      45.77234
71.70886      45.75997
71.70467      45.75914
71.70184      45.7625
71.69442      45.76664
71.69683      45.77042
71.6989       45.77364
71.69908      45.77362
 1 
 1             312           
1
 -9999.0   ,   9990.0
   7
 7 
68.27936      45.76303
68.2725       45.76286
68.26922      45.76545
68.27309      45.77439
68.27995      45.77178
68.28239      45.76781
68.27936      45.76303
 1 
 1             313           
1
 -9999.0   ,   9990.0
   7
 11 
66.13175      45.76806
66.13108      45.77183
66.13325      45.77478
66.13773      45.77489
66.14245      45.7727
66.14492      45.7715
66.15253      45.75817
66.14542      45.75575
66.14175      45.75703
66.13206      45.76597
66.13175      45.76806
 1 
 1             314           
1
 -9999.0   ,   9990.0
   7
 14 
70.61065      45.75411
70.60445      45.758
70.60439      45.75872
70.60416      45.76164
70.60806      45.77025
70.61261      45.77478
70.61647      45.77561
70.6205       45.77442
70.62366      45.76956
70.62458      45.76814
70.6242       45.76492
70.62164      45.75978
70.61539      45.75559
70.61065      45.75411
 1 
 1             315           
1
 -9999.0   ,   9990.0
   7
 32 
71.48553      45.7547
71.48423      45.75678
71.4837       45.75761
71.48434      45.76311
71.47481      45.769
71.45278      45.77087
71.44342      45.77375
71.44225      45.77692
71.44458      45.78112
71.44959      45.77992
71.45064      45.78384
71.4535       45.78506
71.45765      45.78175
71.4739       45.77836
71.47878      45.78378
71.48553      45.78583
71.48986      45.78459
71.49703      45.78503
71.50736      45.78192
71.51241      45.79009
71.51564      45.79086
71.52808      45.78206
71.52897      45.78142
71.53633      45.77386
71.53616      45.77089
71.52628      45.76961
71.51508      45.7682
71.50978      45.76961
71.50078      45.76706
71.49216      45.75306
71.48695      45.75314
71.48553      45.7547
 1 
 1             316           
1
 -9999.0   ,   9990.0
   7
 19 
67.84603      45.75889
67.84131      45.76525
67.84697      45.7695
67.84689      45.77295
67.83936      45.77272
67.83405      45.77584
67.83089      45.78253
67.83103      45.78667
67.83661      45.79183
67.84289      45.79153
67.85122      45.78539
67.86034      45.7832
67.86336      45.78017
67.85865      45.77597
67.85997      45.77306
67.86789      45.77286
67.86978      45.77092
67.86747      45.76825
67.84603      45.75889
 1 
 1             317           
1
 -9999.0   ,   9990.0
   7
 12 
66.69891      45.79492
66.70523      45.79156
66.69691      45.78533
66.69228      45.778
66.66426      45.76684
66.6565       45.76775
66.65456      45.77081
66.65747      45.77453
66.67733      45.78281
66.68197      45.79034
66.68753      45.79389
66.69891      45.79492
 1 
 1             318           
1
 -9999.0   ,   9990.0
   7
 8 
70.49042      45.78428
70.48834      45.78581
70.49         45.78953
70.49828      45.79647
70.50161      45.7957
70.50291      45.79186
70.4972       45.78545
70.49042      45.78428
 1 
 1             319           
1
 -9999.0   ,   9990.0
   7
 15 
70.66748      45.78889
70.66842      45.7867
70.67028      45.78225
70.65828      45.77264
70.65445      45.77503
70.64736      45.77406
70.64256      45.77997
70.6405       45.7825
70.64264      45.78442
70.65356      45.78689
70.66106      45.79586
70.66426      45.79667
70.66665      45.79561
70.66589      45.79261
70.66748      45.78889
 1 
 1             320           
1
 -9999.0   ,   9990.0
   7
 9 
71.14545      45.78747
71.13845      45.78931
71.13789      45.79272
71.14066      45.79489
71.16016      45.79689
71.16386      45.79542
71.16478      45.79178
71.15395      45.79211
71.14545      45.78747
 1 
 1             321           
1
 -9999.0   ,   9990.0
   7
 12 
71.58736      45.78433
71.5712       45.78636
71.56873      45.78925
71.57134      45.79484
71.57667      45.79864
71.58156      45.79903
71.5902       45.79678
71.60523      45.79172
71.61003      45.7882
71.60458      45.78598
71.59728      45.78784
71.58736      45.78433
 1 
 1             322           
1
 -9999.0   ,   9990.0
   7
 28 
67.75086      45.80253
67.75895      45.80123
67.76009      45.79489
67.75461      45.79156
67.75164      45.78656
67.75298      45.78386
67.75645      45.78478
67.7592       45.78908
67.76378      45.79167
67.7657       45.78697
67.77167      45.78136
67.7655       45.7757
67.75853      45.75667
67.75845      45.75645
67.75503      45.75231
67.74986      45.75178
67.74841      45.75659
67.74817      45.75739
67.75314      45.76461
67.75253      45.76723
67.7517       45.7707
67.74656      45.77497
67.74441      45.7815
67.74564      45.78731
67.74423      45.79514
67.74333      45.80003
67.74653      45.80323
67.75086      45.80253
 1 
 1             323           
1
 -9999.0   ,   9990.0
   7
 15 
67.15283      45.79373
67.15595      45.78797
67.15708      45.77978
67.1537       45.77817
67.13139      45.78975
67.11325      45.79267
67.1102       45.79567
67.1119       45.80014
67.12303      45.79792
67.12922      45.79353
67.13123      45.79573
67.12773      45.80192
67.12959      45.80503
67.15139      45.79709
67.15283      45.79373
 1 
 1             324           
1
 -9999.0   ,   9990.0
   7
 14 
70.13734      45.7935
70.12991      45.79617
70.1197       45.79322
70.11503      45.79395
70.11556      45.79556
70.1259       45.80103
70.12876      45.80575
70.13455      45.80667
70.14228      45.80472
70.16153      45.80528
70.16656      45.80414
70.16842      45.8017
70.16675      45.79817
70.13734      45.7935
 1 
 1             325           
1
 -9999.0   ,   9990.0
   7
 9 
70.76536      45.79748
70.7584       45.79881
70.76328      45.80334
70.76239      45.8065
70.76497      45.8112
70.77016      45.81183
70.77553      45.80583
70.77261      45.80139
70.76536      45.79748
 1 
 1             326           
1
 -9999.0   ,   9990.0
   7
 11 
69.87434      45.80778
69.86761      45.80978
69.86611      45.81178
69.86998      45.81264
69.8757       45.81084
69.8844       45.81259
69.88545      45.80828
69.89178      45.80328
69.88939      45.80089
69.88216      45.80103
69.87434      45.80778
 1 
 1             327           
1
 -9999.0   ,   9990.0
   7
 12 
68.26292      45.79375
68.25861      45.79395
68.25395      45.80011
68.24934      45.80031
68.24661      45.80381
68.23964      45.80456
68.2452       45.81292
68.2625       45.81095
68.2642       45.80781
68.26234      45.80403
68.26436      45.79798
68.26292      45.79375
 1 
 1             328           
1
 -9999.0   ,   9990.0
   7
 16 
70.30842      45.8015
70.30489      45.79883
70.28948      45.79133
70.28073      45.79809
70.2812       45.80017
70.28733      45.80134
70.29039      45.80375
70.29992      45.80345
70.30453      45.80709
70.30064      45.81036
70.30081      45.8122
70.30372      45.81264
70.30665      45.81311
70.31603      45.81053
70.31228      45.80442
70.30842      45.8015
 1 
 1             329           
1
 -9999.0   ,   9990.0
   7
 13 
70.66565      45.81564
70.66842      45.81492
70.6712       45.81272
70.6692       45.80923
70.66448      45.80886
70.66333      45.80878
70.65981      45.80336
70.6547       45.80181
70.65125      45.80397
70.64986      45.8092
70.65442      45.81392
70.66072      45.81692
70.66565      45.81564
 1 
 1             330           
1
 -9999.0   ,   9990.0
   7
 8 
68.51673      45.8142
68.50789      45.81392
68.5029       45.81456
68.50142      45.81608
68.50342      45.8185
68.51891      45.82072
68.52147      45.81859
68.51673      45.8142
 1 
 1             331           
1
 -9999.0   ,   9990.0
   7
 11 
71.7902       45.80073
71.78761      45.80064
71.77639      45.81339
71.76939      45.81547
71.76731      45.8177
71.76875      45.82095
71.77203      45.82081
71.7795       45.81623
71.78647      45.81411
71.79258      45.80514
71.7902       45.80073
 1 
 1             332           
1
 -9999.0   ,   9990.0
   7
 10 
70.12428      45.81175
70.11048      45.81253
70.10992      45.81503
70.11239      45.81673
70.10945      45.8205
70.11428      45.82139
70.11908      45.81887
70.127        45.81828
70.13081      45.81592
70.12428      45.81175
 1 
 1             333           
1
 -9999.0   ,   9990.0
   7
 17 
71.27734      45.80192
71.2745       45.80503
71.27653      45.80897
71.28486      45.81153
71.28311      45.81331
71.28425      45.81586
71.28878      45.8167
71.28911      45.82175
71.29261      45.823
71.30397      45.81948
71.30681      45.81658
71.30565      45.8145
71.30047      45.81342
71.29598      45.80686
71.28678      45.8077
71.2822       45.80253
71.27734      45.80192
 1 
 1             334           
1
 -9999.0   ,   9990.0
   7
 8 
70.57589      45.82789
70.57798      45.82214
70.5747       45.81961
70.57051      45.81898
70.56528      45.82289
70.5657       45.82589
70.56789      45.82714
70.57589      45.82789
 1 
 1             335           
1
 -9999.0   ,   9990.0
   7
 8 
71.59656      45.821
71.58445      45.82611
71.57995      45.83011
71.57981      45.83239
71.58728      45.83331
71.59503      45.82986
71.59964      45.82406
71.59656      45.821
 1 
 1             336           
1
 -9999.0   ,   9990.0
   7
 13 
70.57798      45.82214
70.57589      45.82789
70.58373      45.83828
70.59078      45.84014
70.59873      45.83906
70.6022       45.83675
70.60425      45.83539
70.60653      45.83136
70.59975      45.81759
70.59489      45.81645
70.59397      45.81623
70.58739      45.81664
70.57798      45.82214
 1 
 1             337           
1
 -9999.0   ,   9990.0
   7
 18 
69.88911      45.82197
69.88042      45.82386
69.86861      45.83456
69.8694       45.84056
69.8725       45.84231
69.88047      45.84106
69.87597      45.8365
69.87725      45.83337
69.89558      45.83348
69.8997       45.83159
69.90945      45.83248
69.91123      45.83095
69.90861      45.82742
69.90478      45.82631
69.89933      45.82836
69.89486      45.82725
69.893        45.82236
69.88911      45.82197
 1 
 1             338           
1
 -9999.0   ,   9990.0
   7
 15 
71.66283      45.81309
71.65495      45.81378
71.63939      45.82728
71.62842      45.83017
71.62873      45.83567
71.63578      45.84342
71.64308      45.84731
71.65256      45.84759
71.656        45.8447
71.66006      45.8375
71.65903      45.83267
71.65192      45.82583
71.65308      45.82289
71.66333      45.81539
71.66283      45.81309
 1 
 1             339           
1
 -9999.0   ,   9990.0
   7
 9 
68.59959      45.8415
68.58815      45.84111
68.58408      45.84203
68.58417      45.84408
68.59056      45.84584
68.59341      45.84942
68.60086      45.84756
68.60306      45.84536
68.59959      45.8415
 1 
 1             340           
1
 -9999.0   ,   9990.0
   7
 8 
70.14784      45.83886
70.14361      45.84578
70.14625      45.84956
70.15166      45.85114
70.168        45.85184
70.17045      45.85012
70.16931      45.84822
70.14784      45.83886
 1 
 1             341           
1
 -9999.0   ,   9990.0
   7
 9 
68.24056      45.84614
68.2369       45.85211
68.2399       45.85712
68.25986      45.86033
68.26725      45.85642
68.26581      45.85472
68.26128      45.854
68.25778      45.85036
68.24056      45.84614
 1 
 1             342           
1
 -9999.0   ,   9990.0
   7
 13 
70.08889      45.84942
70.08322      45.85422
70.07211      45.85764
70.06714      45.86178
70.06797      45.86364
70.07347      45.86434
70.08186      45.86239
70.08598      45.86395
70.09092      45.8637
70.09448      45.86064
70.09406      45.85764
70.093        45.8512
70.08889      45.84942
 1 
 1             343           
1
 -9999.0   ,   9990.0
   7
 9 
67.78395      45.85214
67.78         45.85995
67.78267      45.8647
67.79366      45.86609
67.79711      45.86489
67.79933      45.86275
67.79195      45.85909
67.79061      45.85395
67.78395      45.85214
 1 
 1             344           
1
 -9999.0   ,   9990.0
   7
 10 
70.59406      45.85675
70.58736      45.85856
70.5792       45.85803
70.57814      45.86325
70.58767      45.86292
70.59095      45.86695
70.59331      45.86634
70.59934      45.86039
70.5982       45.85828
70.59406      45.85675
 1 
 1             345           
1
 -9999.0   ,   9990.0
   7
 16 
71.73942      45.84095
71.734        45.84375
71.72698      45.85181
71.72036      45.8532
71.71447      45.85853
71.70745      45.86087
71.7078       45.86611
71.71186      45.8747
71.71655      45.873
71.7167       45.86523
71.72065      45.85961
71.72598      45.85773
71.73323      45.85153
71.73928      45.84895
71.74159      45.84328
71.73942      45.84095
 1 
 1             346           
1
 -9999.0   ,   9990.0
   7
 25 
66.61075      45.87103
66.61158      45.87097
66.62642      45.87734
66.635        45.87736
66.64586      45.8747
66.65498      45.87634
66.67006      45.87214
66.67031      45.86778
66.6602       45.86748
66.63717      45.85381
66.61803      45.8465
66.6177       45.84653
66.6119       45.84695
66.59978      45.84303
66.59303      45.83939
66.5872       45.83195
66.58231      45.83084
66.58141      45.83295
66.57903      45.83872
66.58078      45.84461
66.5837       45.84648
66.58481      45.85406
66.58964      45.86072
66.59981      45.87162
66.61075      45.87103
 1 
 1             347           
1
 -9999.0   ,   9990.0
   7
 8 
69.87639      45.87158
69.87341      45.87533
69.87478      45.87839
69.88084      45.88025
69.89567      45.87953
69.8992       45.87692
69.89233      45.87297
69.87639      45.87158
 1 
 1             348           
1
 -9999.0   ,   9990.0
   7
 10 
70.31395      45.86678
70.30914      45.86934
70.30642      45.87428
70.30656      45.88045
70.31161      45.88272
70.316        45.87739
70.31675      45.87239
70.32542      45.8707
70.32139      45.868
70.31395      45.86678
 1 
 1             349           
1
 -9999.0   ,   9990.0
   7
 9 
68.21492      45.87653
68.20375      45.87634
68.2007       45.87984
68.20409      45.88461
68.2102       45.88567
68.21558      45.88461
68.21928      45.88117
68.218        45.87808
68.21492      45.87653
 1 
 1             350           
1
 -9999.0   ,   9990.0
   7
 8 
67.80278      45.87192
67.79789      45.87414
67.7959       45.87953
67.80414      45.88967
67.80964      45.8852
67.8103       45.8772
67.80458      45.8757
67.80278      45.87192
 1 
 1             351           
1
 -9999.0   ,   9990.0
   7
 32 
67.51903      45.89003
67.51747      45.87936
67.50347      45.8585
67.49897      45.84786
67.49333      45.84336
67.48303      45.82939
67.482        45.82472
67.4742       45.81617
67.47083      45.8125
67.46941      45.80953
67.46828      45.80706
67.46978      45.80537
67.47292      45.80186
67.47083      45.80181
67.47017      45.80153
67.4694       45.80123
67.46892      45.80103
67.46811      45.80073
67.46114      45.79645
67.45658      45.79367
67.4507       45.79606
67.45116      45.79998
67.45367      45.80084
67.45951      45.80881
67.45858      45.81814
67.46608      45.82345
67.47411      45.83225
67.49298      45.85597
67.49678      45.8645
67.5029       45.87039
67.50823      45.8797
67.51903      45.89003
 1 
 1             352           
1
 -9999.0   ,   9990.0
   7
 8 
71.81036      45.88848
71.81216      45.89106
71.82203      45.89042
71.8304       45.88195
71.83128      45.87761
71.82545      45.87653
71.8232       45.8815
71.81036      45.88848
 1 
 1             353           
1
 -9999.0   ,   9990.0
   7
 13 
70.61092      45.88495
70.61345      45.8852
70.61639      45.88945
70.62334      45.88878
70.62867      45.89173
70.63231      45.89142
70.63411      45.88942
70.63115      45.88131
70.61778      45.87186
70.61014      45.87575
70.60106      45.88039
70.60598      45.88445
70.61092      45.88495
 1 
 1             354           
1
 -9999.0   ,   9990.0
   7
 12 
71.5323       45.88017
71.5207       45.88211
71.51895      45.88411
71.52175      45.88647
71.53178      45.88839
71.53872      45.89273
71.54422      45.89381
71.5467       45.89114
71.54583      45.88906
71.54089      45.88409
71.53733      45.88375
71.5323       45.88017
 1 
 1             355           
1
 -9999.0   ,   9990.0
   7
 7 
69.73186      45.89442
69.72608      45.90011
69.73917      45.90414
69.74416      45.90322
69.74595      45.8985
69.73648      45.89784
69.73186      45.89442
 1 
 1             356           
1
 -9999.0   ,   9990.0
   7
 10 
69.95264      45.89509
69.94378      45.89173
69.93308      45.89378
69.92761      45.89261
69.92603      45.89553
69.93225      45.90292
69.93608      45.90422
69.94003      45.89683
69.94859      45.89675
69.95264      45.89509
 1 
 1             357           
1
 -9999.0   ,   9990.0
   7
 8 
68.47405      45.8937
68.46581      45.89689
68.45686      45.89753
68.4547       45.89925
68.45411      45.90428
68.46408      45.90322
68.47915      45.89514
68.47405      45.8937
 1 
 1             358           
1
 -9999.0   ,   9990.0
   7
 14 
71.6825       45.88347
71.66775      45.88372
71.66486      45.888
71.66934      45.89567
71.6648       45.90011
71.66631      45.90222
71.67495      45.90567
71.6807       45.90287
71.68259      45.89881
71.69017      45.89239
71.6977       45.89239
71.70145      45.88998
71.69847      45.88508
71.6825       45.88347
 1 
 1             359           
1
 -9999.0   ,   9990.0
   7
 12 
68.18923      45.90403
68.19808      45.907
68.20384      45.90573
68.2065       45.90267
68.2045       45.90003
68.1977       45.89664
68.1915       45.88525
68.18906      45.88703
68.18828      45.88759
68.18795      45.89561
68.18386      45.90225
68.18923      45.90403
 1 
 1             360           
1
 -9999.0   ,   9990.0
   7
 9 
70.04192      45.8875
70.03945      45.88945
70.03555      45.90006
70.02959      45.90461
70.03384      45.90822
70.03997      45.90942
70.0439       45.89858
70.0442       45.89125
70.04192      45.8875
 1 
 1             361           
1
 -9999.0   ,   9990.0
   7
 24 
69.85423      45.888
69.847        45.89158
69.84981      45.89675
69.85325      45.89914
69.8572       45.90189
69.86864      45.89873
69.86961      45.90245
69.86606      45.90547
69.86639      45.90895
69.87014      45.9075
69.87761      45.90828
69.88564      45.90681
69.891        45.90911
69.8957       45.90817
69.90292      45.90092
69.90886      45.91128
69.9134       45.91192
69.9167       45.90817
69.90816      45.90092
69.90598      45.89603
69.90256      45.89747
69.89408      45.89686
69.87945      45.89186
69.85423      45.888
 1 
 1             362           
1
 -9999.0   ,   9990.0
   7
 14 
68.23578      45.89153
68.22591      45.89692
68.2227       45.90728
68.21628      45.90875
68.20914      45.90786
68.20636      45.91206
68.22061      45.91381
68.2267       45.91234
68.23448      45.91325
68.23703      45.90834
68.24416      45.90647
68.24958      45.89692
68.24347      45.89311
68.23578      45.89153
 1 
 1             363           
1
 -9999.0   ,   9990.0
   7
 7 
67.53022      45.91464
67.53347      45.91256
67.53153      45.90736
67.52631      45.90198
67.52317      45.90845
67.52464      45.91472
67.53022      45.91464
 1 
 1             364           
1
 -9999.0   ,   9990.0
   7
 7 
68.43642      45.91497
68.44128      45.9157
68.45142      45.91331
68.44967      45.91136
68.44061      45.91017
68.43428      45.9137
68.43642      45.91497
 1 
 1             365           
1
 -9999.0   ,   9990.0
   7
 9 
68.38139      45.90497
68.37125      45.90461
68.35965      45.90831
68.35516      45.90714
68.35078      45.90825
68.35011      45.91098
68.37434      45.91742
68.37717      45.91572
68.38139      45.90497
 1 
 1             366           
1
 -9999.0   ,   9990.0
   7
 8 
68.50489      45.90275
68.49834      45.90239
68.49433      45.90584
68.49478      45.91045
68.4974       45.91358
68.50833      45.91834
68.50989      45.91633
68.50489      45.90275
 1 
 1             367           
1
 -9999.0   ,   9990.0
   7
 9 
70.17416      45.90959
70.17078      45.91083
70.17022      45.91356
70.1764       45.91839
70.18325      45.91845
70.18539      45.91648
70.18422      45.91506
70.18086      45.91192
70.17416      45.90959
 1 
 1             368           
1
 -9999.0   ,   9990.0
   7
 11 
68.14798      45.91092
68.1368       45.91072
68.13073      45.9122
68.12925      45.91625
68.13834      45.92253
68.14316      45.9235
68.15114      45.92006
68.15836      45.92003
68.1617       45.917
68.15975      45.91414
68.14798      45.91092
 1 
 1             369           
1
 -9999.0   ,   9990.0
   7
 11 
70.35709      45.92383
70.35575      45.92781
70.35661      45.93356
70.35903      45.93572
70.37311      45.93628
70.375        45.93314
70.36656      45.92823
70.36183      45.921
70.36131      45.92023
70.35795      45.92125
70.35709      45.92383
 1 
 1             370           
1
 -9999.0   ,   9990.0
   7
 10 
71.18847      45.92834
71.17806      45.93234
71.17753      45.93506
71.18191      45.9382
71.19876      45.93667
71.20526      45.93737
71.21022      45.93683
71.21198      45.93506
71.20991      45.93156
71.18847      45.92834
 1 
 1             371           
1
 -9999.0   ,   9990.0
   7
 9 
71.05842      45.926
71.0527       45.92811
71.05341      45.93156
71.0634       45.94381
71.06895      45.944
71.07253      45.94
71.07081      45.9365
71.06631      45.93064
71.05842      45.926
 1 
 1             372           
1
 -9999.0   ,   9990.0
   7
 10 
68.7632       45.9197
68.7605       45.92023
68.74866      45.9322
68.74733      45.94428
68.7495       45.94533
68.75386      45.94464
68.7565       45.93859
68.76028      45.9372
68.76545      45.92623
68.7632       45.9197
 1 
 1             373           
1
 -9999.0   ,   9990.0
   7
 8 
67.2267       45.93722
67.218        45.93825
67.21542      45.94036
67.2174       45.94511
67.2265       45.94595
67.233        45.94178
67.23025      45.9377
67.2267       45.93722
 1 
 1             374           
1
 -9999.0   ,   9990.0
   7
 12 
71.24883      45.92847
71.24606      45.93092
71.24723      45.933
71.25066      45.93542
71.26261      45.93809
71.27725      45.94978
71.28384      45.9445
71.28078      45.94142
71.27583      45.94173
71.26798      45.93642
71.25608      45.93306
71.24883      45.92847
 1 
 1             375           
1
 -9999.0   ,   9990.0
   7
 6 
71.73714      45.93492
71.73092      45.95145
71.73828      45.94892
71.74386      45.94336
71.73939      45.93567
71.73714      45.93492
 1 
 1             376           
1
 -9999.0   ,   9990.0
   7
 54 
67.67315      45.86289
67.6557       45.86209
67.6409       45.86336
67.62853      45.86742
67.60356      45.86972
67.57825      45.86972
67.56325      45.86142
67.5599       45.86189
67.55345      45.8585
67.54545      45.85684
67.53948      45.85967
67.53478      45.86787
67.5365       45.87967
67.54314      45.89158
67.54359      45.89633
67.545        45.91236
67.54781      45.91853
67.55653      45.92228
67.55881      45.93989
67.56245      45.9422
67.565        45.94028
67.56523      45.93364
67.57181      45.91867
67.56245      45.90245
67.56517      45.8992
67.56809      45.88697
67.57105      45.88442
67.58153      45.88233
67.58628      45.87795
67.58828      45.87611
67.59648      45.87617
67.60289      45.88231
67.60486      45.8875
67.60672      45.92342
67.61125      45.9515
67.61953      45.95133
67.63239      45.94342
67.64353      45.92875
67.64556      45.92272
67.65103      45.9065
67.65659      45.90178
67.66025      45.90134
67.69814      45.91864
67.70033      45.91442
67.69591      45.90772
67.68845      45.90198
67.68253      45.89195
67.68136      45.88567
67.67541      45.88072
67.66617      45.87875
67.66445      45.87681
67.66766      45.86967
67.67453      45.86481
67.67315      45.86289
 1 
 1             377           
1
 -9999.0   ,   9990.0
   7
 8 
71.02389      45.94084
71.02278      45.94264
71.02631      45.95306
71.0305       45.95389
71.03295      45.95214
71.03095      45.94795
71.02714      45.94142
71.02389      45.94084
 1 
 1             378           
1
 -9999.0   ,   9990.0
   7
 10 
69.73406      45.95867
69.73956      45.95939
69.74298      45.95817
69.7425       45.95609
69.72911      45.95523
69.7198       45.95642
69.70914      45.95456
69.70389      45.95798
69.73061      45.96034
69.73406      45.95867
 1 
 1             379           
1
 -9999.0   ,   9990.0
   7
 7 
69.76109      45.95761
69.759        45.95889
69.76023      45.95986
69.776        45.96331
69.77945      45.96142
69.77545      45.9587
69.76109      45.95761
 1 
 1             380           
1
 -9999.0   ,   9990.0
   7
 16 
67.97066      45.946
67.96775      45.94609
67.96011      45.94628
67.95641      45.9495
67.95734      45.95253
67.97258      45.95692
67.99081      45.9665
68.00022      45.96753
68.02042      45.96667
68.03267      45.96328
68.03661      45.96075
68.03167      45.95542
68.02025      45.95473
68.01614      45.95609
67.99633      45.9565
67.97066      45.946
 1 
 1             381           
1
 -9999.0   ,   9990.0
   7
 15 
71.20572      45.95586
71.20015      45.95481
71.19864      45.95728
71.20015      45.95961
71.22972      45.96836
71.23691      45.96884
71.24261      45.9672
71.24375      45.96495
71.24211      45.96411
71.23836      45.96225
71.23406      45.96256
71.22345      45.95948
71.20964      45.95875
71.20614      45.95628
71.20572      45.95586
 1 
 1             382           
1
 -9999.0   ,   9990.0
   7
 29 
68.39628      45.9377
68.38053      45.94025
68.36373      45.93792
68.3602       45.94528
68.35909      45.9455
68.35415      45.94653
68.35306      45.95014
68.35817      45.95412
68.3499       45.96303
68.35159      45.9682
68.35439      45.9695
68.35797      45.9642
68.36328      45.96381
68.36589      45.9697
68.36945      45.97011
68.37297      45.95978
68.38192      45.95936
68.3902       45.96145
68.3943       45.95731
68.40036      45.95628
68.40361      45.95373
68.4015       45.952
68.39142      45.95395
68.38172      45.95248
68.37984      45.94892
68.38208      45.94653
68.3953       45.94314
68.39948      45.93859
68.39628      45.9377
 1 
 1             383           
1
 -9999.0   ,   9990.0
   7
 26 
70.9274       45.94136
70.91742      45.94309
70.90928      45.94645
70.87989      45.94472
70.87058      45.94597
70.8692       45.94731
70.87422      45.95025
70.88275      45.95009
70.88495      45.95175
70.88395      45.95631
70.8984       45.96095
70.90023      45.9672
70.90645      45.97175
70.912        45.9722
70.9207       45.96997
70.92617      45.97131
70.93311      45.97086
70.93742      45.97034
70.93975      45.96517
70.93847      45.96031
70.93242      45.95781
70.93151      45.95342
70.9312       45.95203
70.93367      45.94525
70.93217      45.94314
70.9274       45.94136
 1 
 1             384           
1
 -9999.0   ,   9990.0
   7
 7 
68.48805      45.96581
68.475        45.96784
68.47348      45.96958
68.49848      45.97237
68.5029       45.96847
68.50051      45.96628
68.48805      45.96581
 1 
 1             385           
1
 -9999.0   ,   9990.0
   7
 7 
68.39511      45.96723
68.38951      45.96736
68.38773      45.96864
68.38665      45.975
68.39575      45.97597
68.39936      45.9732
68.39511      45.96723
 1 
 1             386           
1
 -9999.0   ,   9990.0
   7
 6 
71.9597       45.96714
71.9567       45.96797
71.94703      45.97664
71.95147      45.9795
71.96131      45.97381
71.9597       45.96714
 1 
 1             387           
1
 -9999.0   ,   9990.0
   7
 13 
67.39833      45.95339
67.39492      45.95936
67.38358      45.96275
67.36895      45.96386
67.36742      45.96537
67.36823      45.97161
67.37123      45.9762
67.37636      45.9795
67.38314      45.97811
67.39295      45.97142
67.40708      45.95695
67.40514      45.95428
67.39833      45.95339
 1 
 1             388           
1
 -9999.0   ,   9990.0
   7
 9 
68.72386      45.96895
68.72248      45.97253
68.7182       45.9755
68.71814      45.97895
68.72322      45.98036
68.72972      45.97545
68.73001      45.97295
68.72808      45.96939
68.72386      45.96895
 1 
 1             389           
1
 -9999.0   ,   9990.0
   7
 67 
66.28022      45.97575
66.28428      45.97939
66.28958      45.98131
66.29684      45.97998
66.30648      45.9727
66.32191      45.96667
66.32481      45.96398
66.32716      45.95556
66.33075      45.9557
66.33759      45.96
66.34314      45.95939
66.34636      45.95297
66.34964      45.94053
66.34389      45.93142
66.34072      45.9215
66.35472      45.90956
66.3642       45.89278
66.37645      45.88736
66.38245      45.88778
66.38875      45.89064
66.37853      45.89984
66.37648      45.90414
66.37708      45.90842
66.38033      45.91048
66.38381      45.90983
66.38817      45.91139
66.39233      45.90945
66.39308      45.90028
66.39692      45.89795
66.40645      45.89614
66.41075      45.89533
66.41311      45.89308
66.41323      45.8877
66.39961      45.87747
66.3832       45.85981
66.37656      45.84848
66.37223      45.84503
66.36698      45.8332
66.3647       45.82531
66.36603      45.80556
66.36083      45.79389
66.35965      45.78964
66.35461      45.78545
66.34805      45.783
66.34272      45.77261
66.33972      45.77014
66.335        45.76797
66.33297      45.76834
66.3229       45.77006
66.31347      45.77878
66.30045      45.79792
66.29778      45.80181
66.27666      45.82186
66.26967      45.82464
66.26534      45.83175
66.26475      45.84461
66.25786      45.85439
66.261        45.86412
66.25972      45.87414
66.25992      45.88178
66.24975      45.89592
66.24961      45.89767
66.24934      45.90134
66.25484      45.91522
66.27184      45.95192
66.27189      45.96081
66.28022      45.97575
 1 
 1             390           
1
 -9999.0   ,   9990.0
   7
 10 
67.92416      45.9705
67.92267      45.97453
67.92723      45.97756
67.93111      45.98859
67.93528      45.98953
67.9395       45.98725
67.93903      45.98311
67.94478      45.97403
67.9353       45.97348
67.92416      45.9705
 1 
 1             391           
1
 -9999.0   ,   9990.0
   7
 15 
70.23203      45.96845
70.22833      45.96703
70.22461      45.96847
70.22361      45.97256
70.22953      45.97423
70.23517      45.97581
70.23861      45.97778
70.24331      45.98048
70.24911      45.98942
70.25331      45.99006
70.25515      45.98784
70.2532       45.98386
70.24564      45.97592
70.24233      45.97242
70.23203      45.96845
 1 
 1             392           
1
 -9999.0   ,   9990.0
   7
 12 
66.55898      45.97778
66.56036      45.98325
66.55497      45.99109
66.55798      45.99336
66.56606      45.98761
66.5687       45.97936
66.5687       45.97314
66.56686      45.96873
66.56358      45.96667
66.55917      45.96886
66.55636      45.97403
66.55898      45.97778
 1 
 1             393           
1
 -9999.0   ,   9990.0
   7
 9 
69.73326      45.98475
69.73045      45.98645
69.73314      45.98934
69.73053      45.99608
69.73365      45.99784
69.74081      45.99517
69.74328      45.98981
69.74233      45.98587
69.73326      45.98475
 1 
 1             394           
1
 -9999.0   ,   9990.0
   7
 28 
71.4544       45.97556
71.45445      45.97553
71.4632       45.96686
71.47995      45.96692
71.48475      45.96339
71.498        45.96131
71.50211      45.95342
71.51942      45.94433
71.52851      45.93567
71.52433      45.93395
71.5187       45.93514
71.50633      45.94392
71.49208      45.94097
71.48023      45.94153
71.4632       45.9465
71.45603      45.95087
71.45292      45.95831
71.43975      45.96686
71.43476      45.97011
71.40698      45.98342
71.39464      46.00159
71.39817      46.00134
71.40816      46.00064
71.41389      45.99828
71.41881      45.99867
71.42661      45.99481
71.43398      45.98748
71.4544       45.97556
 1 
 1             395           
1
 -9999.0   ,   9990.0
   7
 8 
68.71972      46.00586
68.71675      46.00892
68.71933      46.01225
68.72511      46.01372
68.73008      46.01331
68.73192      46.01156
68.72939      46.00775
68.71972      46.00586
 1 
 1             396           
1
 -9999.0   ,   9990.0
   7
 15 
68.32823      45.98772
68.3069       45.98995
68.3005       45.99645
68.30383      46.0072
68.3007       46.01161
68.30542      46.016
68.31116      46.01747
68.31555      46.01658
68.3178       46.01145
68.31081      46.00117
68.31286      45.99786
68.32958      45.99287
68.3328       45.9905
68.33111      45.98811
68.32823      45.98772
 1 
 1             397           
1
 -9999.0   ,   9990.0
   7
 11 
67.76708      45.98378
67.76406      45.98428
67.76211      45.99425
67.75308      46.0107
67.75564      46.01889
67.76711      46.01936
67.7734       46.01678
67.77609      46.01372
67.78064      45.99864
67.77665      45.98622
67.76708      45.98378
 1 
 1             398           
1
 -9999.0   ,   9990.0
   7
 8 
69.63078      46.01123
69.62323      46.01108
69.61542      46.01692
69.61661      46.01834
69.62206      46.01975
69.62745      46.01839
69.63245      46.0145
69.63078      46.01123
 1 
 1             399           
1
 -9999.0   ,   9990.0
   7
 25 
68.23161      46.0197
68.23575      46.01747
68.23973      46.01747
68.24433      46.02006
68.24581      46.02017
68.25414      46.02083
68.26053      46.01961
68.2687       46.01481
68.27641      46.01617
68.28215      46.01511
68.28586      46.01167
68.28364      45.99983
68.27981      45.99617
68.264        45.99342
68.25778      45.99053
68.25381      45.99053
68.25142      45.99409
68.23311      45.99578
68.22576      46.00223
68.22598      46.00589
68.22915      46.00953
68.22791      46.01153
68.21615      46.01084
68.21953      46.01561
68.23161      46.0197
 1 
 1             400           
1
 -9999.0   ,   9990.0
   7
 9 
69.70084      46.00756
69.68761      46.0152
69.69061      46.01831
69.69915      46.02192
69.70411      46.0217
69.71339      46.01387
69.71298      46.01131
69.70748      46.01061
69.70084      46.00756
 1 
 1             401           
1
 -9999.0   ,   9990.0
   7
 14 
70.19822      46.01106
70.19711      46.00925
70.19014      46.00645
70.18353      45.99931
70.17866      45.99842
70.17389      46.0005
70.16078      46.01509
70.1622       46.01789
70.17525      46.01889
70.18584      46.02209
70.1892       46.02131
70.19803      46.01217
70.19856      46.01161
70.19822      46.01106
 1 
 1             402           
1
 -9999.0   ,   9990.0
   7
 9 
69.80195      46.01284
69.78198      46.01559
69.77475      46.01895
69.7742       46.02142
69.7797       46.02236
69.79092      46.01828
69.80465      46.01936
69.80786      46.01653
69.80195      46.01284
 1 
 1             403           
1
 -9999.0   ,   9990.0
   7
 9 
70.56059      46.01806
70.5572       46.01931
70.55666      46.02181
70.56358      46.02573
70.57042      46.02689
70.57361      46.02381
70.57383      46.02087
70.56697      46.02037
70.56059      46.01806
 1 
 1             404           
1
 -9999.0   ,   9990.0
   7
 16 
71.93048      46.01442
71.92848      46.01528
71.9292       46.01986
71.92525      46.01998
71.92481      46.02203
71.93214      46.02567
71.93672      46.02625
71.93823      46.02859
71.94511      46.02875
71.94959      46.02545
71.9599       46.02297
71.9592       46.01792
71.95367      46.01686
71.94811      46.0222
71.94186      46.0225
71.93048      46.01442
 1 
 1             405           
1
 -9999.0   ,   9990.0
   7
 9 
68.6845       46.01773
68.68186      46.01781
68.67681      46.02164
68.67286      46.02739
68.67401      46.02906
68.67834      46.02861
68.68231      46.02561
68.68623      46.02009
68.6845       46.01773
 1 
 1             406           
1
 -9999.0   ,   9990.0
   7
 12 
69.44625      46.01147
69.43816      46.01337
69.42978      46.01823
69.4275       46.02133
69.42836      46.02917
69.43108      46.03158
69.43645      46.02728
69.44195      46.01836
69.45128      46.01697
69.45311      46.01522
69.45309      46.01225
69.44625      46.01147
 1 
 1             407           
1
 -9999.0   ,   9990.0
   7
 11 
70.85567      46.03175
70.86095      46.03173
70.87106      46.02842
70.87617      46.02128
70.86589      46.02275
70.85653      46.02059
70.84333      46.02103
70.83923      46.02339
70.84223      46.02695
70.85211      46.02684
70.85567      46.03175
 1 
 1             408           
1
 -9999.0   ,   9990.0
   7
 7 
67.41914      46.02386
67.41645      46.02439
67.41275      46.03217
67.41466      46.03506
67.4213       46.03228
67.42481      46.02836
67.41914      46.02386
 1 
 1             409           
1
 -9999.0   ,   9990.0
   7
 12 
70.70095      46.03653
70.70341      46.03673
70.709        46.02848
70.7077       46.01972
70.7092       46.01747
70.70614      46.01439
70.70184      46.0147
70.69936      46.02559
70.69497      46.02803
70.68975      46.03095
70.69853      46.03634
70.70095      46.03653
 1 
 1             410           
1
 -9999.0   ,   9990.0
   7
 7 
70.64761      46.02756
70.64339      46.03081
70.64703      46.03487
70.65511      46.03675
70.66665      46.03628
70.67008      46.03433
70.64761      46.02756
 1 
 1             411           
1
 -9999.0   ,   9990.0
   7
 44 
68.35381      45.97922
68.33647      45.97562
68.33595      45.96958
68.312        45.96339
68.31303      45.95772
68.30936      45.9552
68.30356      45.9542
68.28678      45.96537
68.28795      45.96934
68.29978      45.97784
68.31636      45.97673
68.32336      45.98147
68.34873      45.98134
68.35186      45.98542
68.34991      45.98781
68.34133      45.99078
68.34814      45.99461
68.36039      45.98842
68.36884      45.98936
68.37275      45.98683
68.3757       45.987
68.37728      45.99306
68.37542      46.01175
68.36411      46.02098
68.37283      46.02239
68.37605      46.02578
68.36915      46.03136
68.37164      46.03539
68.37605      46.03703
68.38261      46.03717
68.38583      46.03506
68.38384      46.02692
68.38633      46.02247
68.38458      46.02053
68.37967      46.02025
68.3789       46.01839
68.38236      46.01697
68.39022      45.9977
68.38789      45.99228
68.39481      45.9867
68.39592      45.98286
68.36998      45.97956
68.3625       45.97317
68.35381      45.97922
 1 
 1             412           
1
 -9999.0   ,   9990.0
   7
 8 
67.35992      46.0255
67.35164      46.02589
67.3485       46.02959
67.35031      46.03797
67.35806      46.03686
67.36165      46.03228
67.36234      46.02728
67.35992      46.0255
 1 
 1             413           
1
 -9999.0   ,   9990.0
   7
 18 
71.89195      46.00467
71.8852       46.00792
71.88364      46.01222
71.88723      46.01873
71.89833      46.02523
71.91367      46.02745
71.91583      46.02981
71.90864      46.03487
71.90916      46.03739
71.91175      46.03817
71.91939      46.03653
71.9237       46.03003
71.92136      46.02492
71.9179       46.02209
71.90511      46.02172
71.90006      46.01817
71.89867      46.01356
71.89195      46.00467
 1 
 1             414           
1
 -9999.0   ,   9990.0
   7
 99 
68.43914      45.9367
68.4292       45.946
68.42381      45.94706
68.42823      45.95695
68.43356      45.95931
68.43266      45.96134
68.4252       45.9632
68.42403      45.96475
68.4307       45.9697
68.43603      45.96908
68.45195      45.95945
68.47222      45.96334
68.49323      45.96084
68.50228      45.96225
68.5063       45.96434
68.50728      45.97309
68.52514      45.97453
68.5262       45.97461
68.53316      45.97684
68.52758      45.98522
68.51645      45.99058
68.51241      45.99425
68.50222      45.99689
68.49472      45.99625
68.485        45.99775
68.48805      46.00275
68.49211      46.00458
68.51808      46.00489
68.55226      46.01411
68.55556      46.01684
68.55492      46.01956
68.54622      46.02067
68.53909      46.03125
68.53831      46.03239
68.54158      46.03808
68.54867      46.03961
68.54645      46.03306
68.54975      46.02728
68.55486      46.02573
68.56331      46.02667
68.56739      46.02575
68.56865      46.02328
68.56333      46.01795
68.56492      46.01575
68.56961      46.01486
68.5805       46.0205
68.58545      46.02903
68.60267      46.03089
68.607        46.03289
68.61111      46.03481
68.62209      46.03106
68.624        46.02864
68.612        46.01925
68.6098       46.01753
68.60681      46.01784
68.60176      46.02309
68.59573      46.0225
68.59333      46.02053
68.59628      46.01495
68.58756      46.01331
68.5827       46.00984
68.56911      46.0107
68.5642       46.00745
68.55991      46.00745
68.54467      46.0027
68.54208      45.99933
68.55064      45.99361
68.55775      45.99195
68.57331      45.99395
68.5795       45.99178
68.58072      45.98956
68.57761      45.98228
68.57159      45.98034
68.56053      45.982
68.5542       45.98006
68.55217      45.97764
68.55431      45.96817
68.5555       45.96292
68.5517       45.95859
68.54836      45.95909
68.5449       45.96347
68.54186      45.96422
68.53675      45.96006
68.53415      45.95417
68.5222       45.95787
68.51591      45.95798
68.51106      45.95473
68.5075       45.94834
68.50342      45.94673
68.50205      45.94136
68.49903      45.93914
68.4895       45.93906
68.48628      45.94139
68.48003      45.93853
68.47545      45.9385
68.46611      45.94234
68.46045      45.94295
68.44595      45.93478
68.43914      45.9367
 1 
 1             415           
1
 -9999.0   ,   9990.0
   7
 22 
70.7427       46.00911
70.73964      46.01884
70.737        46.0192
70.73548      46.01778
70.73573      46.01023
70.7275       46.01014
70.72258      46.01845
70.72305      46.02098
70.73086      46.02217
70.73264      46.02453
70.74206      46.02603
70.74389      46.02792
70.74292      46.032
70.74748      46.03264
70.74492      46.03598
70.75473      46.04092
70.75772      46.036
70.75503      46.0327
70.75442      46.02787
70.74914      46.02378
70.74906      46.01186
70.7427       46.00911
 1 
 1             416           
1
 -9999.0   ,   9990.0
   7
 21 
71.11045      46.02186
71.11716      46.02414
71.11576      46.02695
71.10961      46.02892
71.1107       46.03217
71.10408      46.03745
71.10817      46.04034
71.1228       46.04242
71.13015      46.04084
71.13425      46.03823
71.12864      46.03392
71.13078      46.03147
71.14716      46.02745
71.15591      46.01995
71.1662       46.0187
71.16711      46.01483
71.13626      46.00992
71.13089      46.01134
71.12581      46.01803
71.11955      46.01806
71.11045      46.02186
 1 
 1             417           
1
 -9999.0   ,   9990.0
   7
 73 
71.56897      45.96022
71.55708      45.9665
71.54931      45.96514
71.53495      45.96906
71.52911      45.97059
71.52858      45.9707
71.51495      45.9792
71.51497      45.984
71.50928      45.9907
71.51014      45.99278
71.51306      45.99356
71.51708      45.99209
71.52189      45.99325
71.52448      45.98956
71.53356      45.9912
71.54153      45.98962
71.55842      45.99242
71.56111      45.99684
71.55691      46.00106
71.55023      46.0027
71.54603      45.997
71.54539      45.99614
71.52661      45.99442
71.52089      45.99686
71.5205       46.0002
71.51639      46.00306
71.52072      46.00731
71.52623      46.00839
71.52665      46.0125
71.53222      46.0177
71.53139      46.02045
71.52845      46.02292
71.52514      46.02573
71.524        46.02845
71.52566      46.03309
71.52409      46.03762
71.51856      46.04178
71.51908      46.04386
71.52233      46.04442
71.52636      46.0427
71.52858      46.04436
71.53681      46.04417
71.53917      46.04309
71.53533      46.03589
71.53678      46.03386
71.54165      46.03409
71.56464      46.03517
71.56672      46.03317
71.56425      46.03128
71.56328      46.03056
71.54916      46.03011
71.54481      46.02656
71.54183      46.02145
71.54611      46.01631
71.54314      46.01095
71.54428      46.0087
71.54875      46.01067
71.55206      46.01031
71.56528      46.00362
71.57442      46.00456
71.57814      46.00284
71.58673      45.9967
71.58936      45.99128
71.5955       45.98756
71.59775      45.98306
71.5942       45.98203
71.58328      45.98331
71.57547      45.97778
71.57386      45.97661
71.57145      45.97311
71.57547      45.96636
71.57281      45.96195
71.56897      45.96022
 1 
 1             418           
1
 -9999.0   ,   9990.0
   7
 9 
69.77458      46.03108
69.77095      46.03136
69.764        46.03542
69.77278      46.03992
69.77056      46.04281
69.7727       46.0445
69.78345      46.04545
69.78278      46.04198
69.77458      46.03108
 1 
 1             419           
1
 -9999.0   ,   9990.0
   7
 9 
68.75775      46.03681
68.7543       46.03823
68.74911      46.03747
68.74345      46.04109
68.74636      46.04445
68.75414      46.04556
68.7582       46.04462
68.76225      46.0407
68.75775      46.03681
 1 
 1             420           
1
 -9999.0   ,   9990.0
   7
 9 
68.31175      46.04322
68.3025       46.04336
68.29925      46.0457
68.3062       46.04817
68.31958      46.04917
68.32253      46.04659
68.32134      46.04558
68.31706      46.04558
68.31175      46.04322
 1 
 1             421           
1
 -9999.0   ,   9990.0
   7
 11 
68.63633      46.03895
68.6327       46.04195
68.62745      46.04189
68.61886      46.04486
68.62109      46.04864
68.62578      46.05075
68.63403      46.0505
68.6382       46.04867
68.64039      46.04397
68.6399       46.03959
68.63633      46.03895
 1 
 1             422           
1
 -9999.0   ,   9990.0
   7
 14 
70.4428       46.03934
70.42625      46.04075
70.42411      46.04298
70.42492      46.04528
70.42814      46.04586
70.4342       46.04428
70.43736      46.046
70.4407       46.04545
70.44878      46.05081
70.45739      46.05022
70.45925      46.04778
70.45658      46.04403
70.44548      46.04311
70.4428       46.03934
 1 
 1             423           
1
 -9999.0   ,   9990.0
   7
 18 
70.37608      46.03511
70.37223      46.03814
70.36564      46.03812
70.35264      46.04423
70.34061      46.0385
70.33939      46.04142
70.34486      46.04667
70.33947      46.04828
70.34025      46.05084
70.35011      46.051
70.35145      46.04695
70.35861      46.0477
70.36553      46.04361
70.37483      46.04628
70.38409      46.04183
70.38028      46.04009
70.37895      46.03636
70.37608      46.03511
 1 
 1             424           
1
 -9999.0   ,   9990.0
   7
 18 
69.61761      46.03511
69.60342      46.03928
69.60389      46.04114
69.614        46.04206
69.62009      46.04714
69.63455      46.04714
69.64131      46.05225
69.64878      46.05328
69.65156      46.05203
69.65336      46.04661
69.65673      46.04953
69.661        46.0495
69.66255      46.04706
69.66141      46.04172
69.65695      46.04014
69.63792      46.03972
69.62581      46.03572
69.61761      46.03511
 1 
 1             425           
1
 -9999.0   ,   9990.0
   7
 60 
66.17022      46.05481
66.17401      46.05414
66.17733      46.05039
66.17841      46.04536
66.16928      46.03089
66.17061      46.02356
66.1778       46.009
66.19092      45.99673
66.20208      45.99392
66.21245      45.99361
66.218        45.99531
66.22745      45.99486
66.24578      45.99878
66.25236      45.99708
66.26056      45.98675
66.2607       45.98659
66.25978      45.98514
66.25615      45.97945
66.25065      45.98048
66.23797      45.97697
66.23622      45.97275
66.23651      45.96425
66.23522      45.96145
66.23015      45.95889
66.20828      45.9575
66.20225      45.95872
66.19092      45.96903
66.18742      45.96947
66.1827       45.94392
66.18561      45.93711
66.199        45.93125
66.19922      45.92853
66.19481      45.92656
66.18678      45.92647
66.16295      45.93617
66.1627       45.93867
66.17045      45.94331
66.17555      45.94378
66.17853      45.94814
66.1735       45.96317
66.16478      45.97492
66.14253      45.98781
66.11708      45.99884
66.11331      46.00511
66.10645      46.0165
66.09164      46.02514
66.07347      46.0247
66.05658      46.0162
66.05497      46.01539
66.02959      46.02495
66.02528      46.04117
66.03139      46.04903
66.03992      46.0462
66.04847      46.03714
66.06431      46.04022
66.09172      46.04086
66.10078      46.04211
66.10928      46.04133
66.14956      46.05145
66.17022      46.05481
 1 
 1             426           
1
 -9999.0   ,   9990.0
   7
 35 
71.35692      46.03106
71.3617       46.02822
71.36259      46.02484
71.35823      46.02606
71.35228      46.03136
71.34536      46.03184
71.34386      46.0295
71.35114      46.024
71.35059      46.02217
71.32134      46.02717
71.31672      46.03253
71.31175      46.03306
71.31086      46.0367
71.31641      46.03686
71.3215       46.03475
71.33308      46.0335
71.33967      46.03348
71.34086      46.03514
71.33675      46.0375
71.32584      46.039
71.32264      46.03731
71.31792      46.044
71.3113       46.04473
71.30648      46.04822
71.29753      46.04931
71.28406      46.05392
71.28428      46.05575
71.28728      46.05598
71.29573      46.05659
71.30272      46.0552
71.31153      46.05114
71.32978      46.0485
71.33956      46.04517
71.34492      46.03847
71.35692      46.03106
 1 
 1             427           
1
 -9999.0   ,   9990.0
   7
 10 
70.07781      46.04272
70.07225      46.04617
70.07422      46.0497
70.08639      46.05731
70.09742      46.05158
70.09597      46.04922
70.08936      46.04964
70.08791      46.04753
70.08209      46.04636
70.07781      46.04272
 1 
 1             428           
1
 -9999.0   ,   9990.0
   7
 9 
70.10616      46.04945
70.10208      46.05086
70.1085       46.05664
70.11698      46.05767
70.1192       46.05478
70.11775      46.05245
70.11431      46.05047
70.10995      46.05142
70.10616      46.04945
 1 
 1             429           
1
 -9999.0   ,   9990.0
   7
 11 
70.17242      46.0442
70.17006      46.04478
70.1692       46.04703
70.16773      46.05659
70.17133      46.05653
70.17728      46.0602
70.18028      46.05964
70.18353      46.05633
70.18022      46.04886
70.17598      46.0487
70.17242      46.0442
 1 
 1             430           
1
 -9999.0   ,   9990.0
   7
 30 
68.05603      46.0007
68.05189      46.00228
68.04633      46.00195
68.03631      46.00572
68.0295       46.01014
68.02483      46.01859
68.01884      46.02189
68.00795      46.02467
67.99886      46.01564
67.99453      46.01606
67.9805       46.02553
67.97847      46.03062
67.97711      46.03406
67.98028      46.04045
67.99242      46.04623
67.9965       46.05311
68.00356      46.05997
68.0087       46.06098
68.01236      46.05797
68.01053      46.0542
68.01353      46.04864
68.02695      46.03339
68.03408      46.029
68.04953      46.02395
68.06567      46.02148
68.06811      46.01747
68.06664      46.0135
68.06295      46.01145
68.05878      46.00247
68.05603      46.0007
 1 
 1             431           
1
 -9999.0   ,   9990.0
   7
 8 
69.92181      46.05456
69.91278      46.056
69.90366      46.05492
69.90033      46.05889
69.90173      46.0617
69.91426      46.06156
69.92111      46.05842
69.92181      46.05456
 1 
 1             432           
1
 -9999.0   ,   9990.0
   7
 7 
68.12406      46.05292
68.11517      46.05561
68.1125       46.05867
68.11336      46.06217
68.12556      46.05692
68.12861      46.05342
68.12406      46.05292
 1 
 1             433           
1
 -9999.0   ,   9990.0
   7
 12 
71.67295      46.0372
71.66503      46.03789
71.66241      46.04261
71.6625       46.05223
71.65659      46.05778
71.65573      46.0612
71.65928      46.0622
71.66395      46.06098
71.66898      46.05403
71.66917      46.04534
71.67416      46.03884
71.67295      46.0372
 1 
 1             434           
1
 -9999.0   ,   9990.0
   7
 16 
68.5522       46.04623
68.54322      46.04964
68.53367      46.04978
68.53111      46.05195
68.53247      46.05431
68.54156      46.0555
68.5538       46.05228
68.55734      46.05295
68.56175      46.05753
68.55891      46.0622
68.5617       46.0667
68.5664       46.06881
68.56908      46.06253
68.56945      46.05361
68.56509      46.04856
68.5522       46.04623
 1 
 1             435           
1
 -9999.0   ,   9990.0
   7
 8 
70.63581      46.06075
70.6312       46.06059
70.62989      46.06464
70.63239      46.07048
70.636        46.07061
70.63848      46.06864
70.63981      46.06411
70.63581      46.06075
 1 
 1             436           
1
 -9999.0   ,   9990.0
   7
 38 
71.37503      46.02523
71.37         46.02689
71.36361      46.03906
71.35625      46.04592
71.34839      46.05047
71.32198      46.06222
71.31208      46.06281
71.30556      46.06673
71.30125      46.0675
71.29408      46.06636
71.28939      46.06781
71.28986      46.07059
71.31367      46.07339
71.32233      46.07161
71.32886      46.06734
71.33161      46.0655
71.34486      46.06434
71.34942      46.05989
71.34634      46.05703
71.34917      46.0537
71.35508      46.05367
71.36158      46.04975
71.36506      46.05214
71.36933      46.06189
71.37891      46.06128
71.38536      46.05828
71.38517      46.05598
71.3803       46.05492
71.37206      46.04048
71.37425      46.03734
71.37722      46.03697
71.38316      46.0415
71.3887       46.04236
71.39273      46.04111
71.39631      46.03642
71.39203      46.0317
71.3845       46.03103
71.37503      46.02523
 1 
 1             437           
1
 -9999.0   ,   9990.0
   7
 32 
70.53228      46.02681
70.54197      46.03292
70.54145      46.03542
70.53416      46.03603
70.53139      46.038
70.53186      46.04031
70.5362       46.04345
70.5435       46.04281
70.5439       46.04603
70.54136      46.04761
70.53972      46.04864
70.53956      46.05092
70.55228      46.05231
70.55497      46.05561
70.57383      46.06664
70.5822       46.06903
70.58289      46.07273
70.58542      46.07373
70.5897       46.06953
70.58903      46.05739
70.586        46.05406
70.56333      46.04542
70.56028      46.04253
70.56842      46.03964
70.56689      46.038
70.55528      46.03503
70.5473       46.02809
70.55514      46.02447
70.55095      46.0242
70.54828      46.024
70.53641      46.02445
70.53228      46.02681
 1 
 1             438           
1
 -9999.0   ,   9990.0
   7
 12 
67.42865      46.0677
67.41998      46.06686
67.4167       46.06411
67.41153      46.06333
67.40915      46.06639
67.41617      46.07303
67.41845      46.07356
67.42191      46.07434
67.43303      46.07275
67.43598      46.07042
67.43461      46.06828
67.42865      46.0677
 1 
 1             439           
1
 -9999.0   ,   9990.0
   7
 12 
71.19209      46.06237
71.17911      46.06467
71.17428      46.06336
71.16634      46.07339
71.16781      46.0762
71.173        46.07706
71.17778      46.07447
71.19334      46.07292
71.19648      46.0705
71.19239      46.06761
71.19395      46.06425
71.19209      46.06237
 1 
 1             440           
1
 -9999.0   ,   9990.0
   7
 10 
71.21989      46.06464
71.21328      46.06511
71.20842      46.07386
71.22322      46.07825
71.22908      46.07456
71.23656      46.07572
71.23922      46.07031
71.23808      46.06775
71.22625      46.06784
71.21989      46.06464
 1 
 1             441           
1
 -9999.0   ,   9990.0
   7
 12 
69.76989      46.06384
69.76542      46.06595
69.75845      46.06653
69.76009      46.07006
69.75886      46.07275
69.75203      46.0752
69.7539       46.07664
69.76256      46.07886
69.76706      46.07656
69.77323      46.06697
69.77284      46.06422
69.76989      46.06384
 1 
 1             442           
1
 -9999.0   ,   9990.0
   7
 8 
70.73292      46.08214
70.73717      46.08125
70.74531      46.08225
70.74528      46.07856
70.72972      46.07548
70.7295       46.07728
70.72881      46.083
70.73292      46.08214
 1 
 1             443           
1
 -9999.0   ,   9990.0
   7
 10 
70.66089      46.05964
70.65608      46.06198
70.66033      46.0752
70.66628      46.0832
70.66983      46.08403
70.67161      46.08225
70.66658      46.0752
70.66983      46.06708
70.66689      46.06283
70.66089      46.05964
 1 
 1             444           
1
 -9999.0   ,   9990.0
   7
 19 
68.0532       46.07695
68.05528      46.06811
68.0599       46.06564
68.0615       46.06045
68.05906      46.05617
68.05339      46.05425
68.03961      46.05364
68.0355       46.05753
68.02458      46.05781
68.02711      46.06139
68.03645      46.06584
68.03316      46.06839
68.02461      46.06811
68.02284      46.07192
68.03117      46.07906
68.03178      46.08758
68.03892      46.08847
68.04828      46.08467
68.0532       46.07695
 1 
 1             445           
1
 -9999.0   ,   9990.0
   7
 16 
70.92611      46.07984
70.93945      46.08647
70.94417      46.08481
70.95042      46.08481
70.96059      46.08995
70.98172      46.08864
70.9842       46.0862
70.98331      46.08503
70.97039      46.0862
70.96664      46.08331
70.96356      46.08503
70.95997      46.08467
70.94981      46.0795
70.93598      46.07995
70.93214      46.0782
70.92611      46.07984
 1 
 1             446           
1
 -9999.0   ,   9990.0
   7
 11 
69.69595      46.08342
69.68975      46.08634
69.68486      46.09275
69.68845      46.09314
69.69553      46.08775
69.701        46.0857
69.71059      46.07025
69.70831      46.06967
69.70161      46.07328
69.69783      46.07748
69.69595      46.08342
 1 
 1             447           
1
 -9999.0   ,   9990.0
   7
 36 
71.13295      46.07114
71.12886      46.06872
71.11653      46.06625
71.10273      46.066
71.08706      46.07373
71.08375      46.07384
71.08197      46.07125
71.08356      46.06764
71.07872      46.06612
71.07014      46.0665
71.0667       46.06867
71.06441      46.07775
71.06078      46.07809
71.0577       46.07522
71.05236      46.07598
71.0398       46.08125
71.03086      46.08234
71.025        46.08145
71.01964      46.08287
71.02008      46.08584
71.02531      46.08647
71.02661      46.09111
71.0302       46.0917
71.03498      46.08934
71.04391      46.08781
71.05631      46.09006
71.06355      46.09442
71.06908      46.09531
71.07495      46.09161
71.08172      46.09345
71.08673      46.09247
71.08958      46.08936
71.08998      46.08364
71.09306      46.08195
71.12703      46.07598
71.13295      46.07114
 1 
 1             448           
1
 -9999.0   ,   9990.0
   7
 7 
70.26361      46.08964
70.2455       46.08959
70.24406      46.09114
70.25345      46.09678
70.2622       46.09461
70.2655       46.09064
70.26361      46.08964
 1 
 1             449           
1
 -9999.0   ,   9990.0
   7
 6 
71.89461      46.09148
71.88595      46.09947
71.8877       46.10339
71.89389      46.10403
71.89823      46.09728
71.89461      46.09148
 1 
 1             450           
1
 -9999.0   ,   9990.0
   7
 13 
70.89806      46.08981
70.89716      46.09323
70.9039       46.09575
70.9072       46.09997
70.91506      46.1005
70.92033      46.10481
70.92333      46.10422
70.92561      46.10017
70.92925      46.09984
70.92753      46.09636
70.91905      46.09514
70.9124       46.09192
70.89806      46.08981
 1 
 1             451           
1
 -9999.0   ,   9990.0
   7
 8 
69.75122      46.1015
69.74942      46.10303
69.75625      46.10745
69.76048      46.10808
69.76622      46.10653
69.76542      46.10467
69.75841      46.10206
69.75122      46.1015
 1 
 1             452           
1
 -9999.0   ,   9990.0
   7
 11 
70.52309      46.09628
70.51825      46.09909
70.5039       46.09739
70.50278      46.09917
70.50781      46.10623
70.51403      46.1067
70.51675      46.10934
70.52142      46.10884
70.52697      46.10125
70.52533      46.09683
70.52309      46.09628
 1 
 1             453           
1
 -9999.0   ,   9990.0
   7
 10 
68.3412       46.09214
68.33711      46.09306
68.33306      46.09672
68.33439      46.10209
68.32803      46.10839
68.33083      46.10992
68.33722      46.10889
68.34155      46.1057
68.3435       46.09756
68.3412       46.09214
 1 
 1             454           
1
 -9999.0   ,   9990.0
   7
 28 
71.38115      46.06753
71.37873      46.06928
71.3785       46.0727
71.38075      46.07556
71.38609      46.08234
71.38525      46.08506
71.37156      46.09308
71.37141      46.10042
71.3815       46.10209
71.38416      46.10653
71.39005      46.10717
71.39147      46.11089
71.40014      46.10909
71.40228      46.10664
71.39755      46.10328
71.39972      46.10039
71.3977       46.0962
71.3877       46.09795
71.38497      46.09442
71.39105      46.08706
71.39625      46.0877
71.39948      46.08367
71.39198      46.08275
71.39111      46.08089
71.3943       46.07733
71.39081      46.07539
71.38603      46.06814
71.38115      46.06753
 1 
 1             455           
1
 -9999.0   ,   9990.0
   7
 11 
70.35039      46.09889
70.34428      46.10114
70.33895      46.10986
70.33861      46.11375
70.34908      46.11462
70.35645      46.11309
70.35667      46.11037
70.3595       46.10817
70.37145      46.10706
70.37095      46.10498
70.35039      46.09889
 1 
 1             456           
1
 -9999.0   ,   9990.0
   7
 12 
71.42253      46.09856
71.41248      46.1017
71.41198      46.1042
71.42076      46.10584
71.42195      46.1077
71.41061      46.11514
71.41011      46.11764
71.41203      46.11839
71.43092      46.1112
71.43381      46.10762
71.42826      46.10173
71.42253      46.09856
 1 
 1             457           
1
 -9999.0   ,   9990.0
   7
 93 
68.18886      45.99017
68.181        45.99111
68.17878      45.99328
68.17045      45.99395
68.16397      45.99586
68.16403      46.00067
68.17353      46.012
68.16441      46.01653
68.16047      46.01653
68.16233      46.02559
68.1657       46.02759
68.18028      46.02686
68.18511      46.03058
68.18898      46.03128
68.1904       46.03595
68.18831      46.0395
68.17484      46.03642
68.17008      46.03773
68.16492      46.03675
68.16261      46.03959
68.1685       46.04248
68.17045      46.04556
68.16565      46.04986
68.16961      46.05239
68.17667      46.05395
68.18433      46.0505
68.18886      46.05123
68.19803      46.04625
68.20403      46.0457
68.20572      46.04809
68.20548      46.05289
68.19806      46.05703
68.18764      46.0585
68.18353      46.06536
68.17633      46.06645
68.17145      46.0672
68.17415      46.08295
68.17625      46.08445
68.17811      46.08389
68.18073      46.08311
68.18445      46.08492
68.18342      46.09611
68.18672      46.09884
68.2057       46.10292
68.21203      46.10764
68.21825      46.108
68.22283      46.10278
68.22622      46.10142
68.23186      46.09917
68.23336      46.09489
68.23933      46.09456
68.24142      46.09925
68.23739      46.10522
68.24125      46.10889
68.24323      46.11703
68.24758      46.11911
68.25333      46.11256
68.2543       46.11228
68.25708      46.11142
68.25972      46.10056
68.2672       46.0987
68.26728      46.0925
68.27172      46.08839
68.27072      46.07756
68.2702       46.07606
68.26656      46.06562
68.26311      46.06403
68.25875      46.06745
68.25398      46.06878
68.2525       46.06181
68.24315      46.06289
68.24139      46.06117
68.23748      46.03892
68.2427       46.03372
68.23853      46.02453
68.2287       46.02172
68.2222       46.02886
68.21841      46.0275
68.2172       46.02461
68.21558      46.02089
68.21173      46.02022
68.20558      46.02234
68.20039      46.02414
68.1917       46.01972
68.18923      46.01295
68.19203      46.00872
68.18914      46.00536
68.19395      46.00323
68.20098      46.00009
68.2034       45.99656
68.2007       45.99159
68.19003      45.99003
68.18886      45.99017
 1 
 1             458           
1
 -9999.0   ,   9990.0
   7
 11 
70.46716      46.09984
70.46322      46.0997
70.458        46.10336
70.44803      46.10436
70.44136      46.11739
70.44336      46.12112
70.4503       46.1207
70.45381      46.11833
70.45991      46.10803
70.46867      46.1015
70.46716      46.09984
 1 
 1             459           
1
 -9999.0   ,   9990.0
   7
 8 
67.97908      46.11059
67.9757       46.11131
67.96601      46.12289
67.96698      46.1257
67.97222      46.126
67.98016      46.12053
67.98317      46.11245
67.97908      46.11059
 1 
 1             460           
1
 -9999.0   ,   9990.0
   7
 10 
67.94767      46.12431
67.9367       46.125
67.92672      46.12303
67.92547      46.12756
67.92875      46.1305
67.93678      46.13214
67.95481      46.1307
67.95709      46.12831
67.95639      46.12598
67.94767      46.12431
 1 
 1             461           
1
 -9999.0   ,   9990.0
   7
 10 
71.59745      46.12675
71.59284      46.12684
71.59175      46.12842
71.5982       46.13045
71.60336      46.1377
71.60664      46.13756
71.60733      46.13187
71.60581      46.12975
71.60367      46.12739
71.59745      46.12675
 1 
 1             462           
1
 -9999.0   ,   9990.0
   7
 18 
71.27861      46.11553
71.26776      46.11564
71.26273      46.11684
71.26156      46.11956
71.26303      46.12211
71.26853      46.12345
71.27341      46.13389
71.27828      46.1352
71.29017      46.13445
71.30148      46.138
71.31658      46.13848
71.32128      46.13725
71.32214      46.13386
71.28703      46.12725
71.2847       46.12306
71.27697      46.12028
71.28147      46.117
71.27861      46.11553
 1 
 1             463           
1
 -9999.0   ,   9990.0
   7
 6 
71.56653      46.12628
71.56355      46.12667
71.56809      46.13825
71.57623      46.13986
71.57445      46.13156
71.56653      46.12628
 1 
 1             464           
1
 -9999.0   ,   9990.0
   7
 26 
68.62128      46.09911
68.63803      46.09959
68.64923      46.1027
68.6583       46.10686
68.67008      46.11645
68.6727       46.12256
68.66158      46.13914
68.67103      46.14011
68.68406      46.13878
68.68476      46.13889
68.69342      46.14042
68.69822      46.13014
68.70695      46.12878
68.71053      46.12622
68.70703      46.12211
68.70131      46.12023
68.68345      46.10914
68.67472      46.09561
68.6787       46.09261
68.67866      46.09009
68.6597       46.08861
68.6537       46.08645
68.63047      46.08495
68.62248      46.08864
68.6204       46.09242
68.62128      46.09911
 1 
 1             465           
1
 -9999.0   ,   9990.0
   7
 7 
70.71056      46.132
70.70695      46.13187
70.70361      46.14092
70.70533      46.14417
70.71584      46.14456
70.71686      46.13978
70.71056      46.132
 1 
 1             466           
1
 -9999.0   ,   9990.0
   7
 8 
69.36728      46.14264
69.3602       46.14734
69.35792      46.15045
69.35966      46.15259
69.37095      46.15198
69.37325      46.14889
69.37072      46.14442
69.36728      46.14264
 1 
 1             467           
1
 -9999.0   ,   9990.0
   7
 17 
69.44109      46.11664
69.43995      46.12139
69.42683      46.13061
69.43667      46.13431
69.43801      46.141
69.44278      46.14261
69.43476      46.14703
69.43367      46.15456
69.45039      46.15237
69.45284      46.15089
69.45431      46.14592
69.45167      46.12928
69.44876      46.1257
69.44373      46.12981
69.43992      46.12825
69.44475      46.12278
69.44109      46.11664
 1 
 1             468           
1
 -9999.0   ,   9990.0
   7
 12 
69.66859      46.13553
69.65183      46.135
69.64398      46.13784
69.63856      46.14286
69.63316      46.14397
69.63161      46.14645
69.63255      46.15036
69.6432       46.15636
69.64755      46.15564
69.65591      46.15764
69.661        46.15628
69.66859      46.13553
 1 
 1             469           
1
 -9999.0   ,   9990.0
   7
 14 
71.65923      46.13359
71.65275      46.13181
71.64867      46.13397
71.65009      46.13767
71.65591      46.13945
71.66917      46.15975
71.67342      46.14384
71.67678      46.14256
71.68103      46.14339
71.6827       46.13198
71.67331      46.12395
71.66751      46.12195
71.65816      46.12945
71.65923      46.13359
 2 
 1             470           
1
 -9999.0   ,   9990.0
   7
 20 
71.03931      46.12542
71.03767      46.13406
71.03611      46.14225
71.03236      46.14417
71.01878      46.1405
71.01336      46.14261
71.00795      46.14928
71.00736      46.15292
71.00995      46.15348
71.01925      46.14809
71.0217       46.15067
71.01361      46.15772
71.01442      46.16003
71.0352       46.15983
71.0528       46.15747
71.05456      46.14678
71.05231      46.14167
71.054        46.13623
71.04283      46.1267
71.03931      46.12542
 1             470           2 
1
 -9999.0   ,   9990.0
   7
 7 
71.04591      46.13892
71.04816      46.1397
71.04645      46.1497
71.04128      46.15295
71.0335       46.15131
71.04214      46.14542
71.04591      46.13892
 1 
 1             471           
1
 -9999.0   ,   9990.0
   7
 8 
69.69961      46.14908
69.69206      46.14189
69.68436      46.14633
69.6782       46.15567
69.6812       46.15881
69.68989      46.16103
69.6977       46.15542
69.69961      46.14908
 1 
 1             472           
1
 -9999.0   ,   9990.0
   7
 7 
67.46542      46.1387
67.4615       46.15314
67.46781      46.16042
67.47061      46.16153
67.47314      46.1502
67.47         46.1415
67.46542      46.1387
 1 
 1             473           
1
 -9999.0   ,   9990.0
   7
 8 
70.35403      46.15398
70.34292      46.15675
70.33847      46.15473
70.33397      46.1612
70.33534      46.16467
70.35875      46.1567
70.35823      46.15506
70.35403      46.15398
 1 
 1             474           
1
 -9999.0   ,   9990.0
   7
 9 
70.49017      46.15317
70.47134      46.15795
70.46545      46.16136
70.46725      46.1635
70.47495      46.1622
70.49415      46.165
70.49875      46.16106
70.49589      46.1557
70.49017      46.15317
 1 
 1             475           
1
 -9999.0   ,   9990.0
   7
 9 
71.1409       46.15542
71.13692      46.15595
71.129        46.16072
71.13186      46.167
71.13478      46.16778
71.13723      46.16559
71.13853      46.16106
71.14239      46.15775
71.1409       46.15542
 1 
 1             476           
1
 -9999.0   ,   9990.0
   7
 19 
70.6687       46.16203
70.67083      46.16831
70.6788       46.1677
70.68028      46.16545
70.66261      46.15542
70.66006      46.1505
70.66311      46.14489
70.67425      46.14142
70.67633      46.136
70.67481      46.13022
70.66141      46.12881
70.65217      46.14609
70.65128      46.15314
70.65481      46.1542
70.65328      46.15711
70.65436      46.15989
70.66172      46.1627
70.66514      46.16122
70.6687       46.16203
 1 
 1             477           
1
 -9999.0   ,   9990.0
   7
 8 
70.24425      46.16214
70.24108      46.16064
70.2377       46.16186
70.23184      46.16873
70.233        46.17036
70.23565      46.17025
70.24489      46.16395
70.24425      46.16214
 1 
 1             478           
1
 -9999.0   ,   9990.0
   7
 17 
69.56653      46.15486
69.56336      46.15678
69.55753      46.15581
69.55539      46.15734
69.54473      46.15867
69.54214      46.16128
69.54916      46.16367
69.5528       46.16706
69.54564      46.16947
69.54811      46.1712
69.553        46.17189
69.55942      46.17034
69.56136      46.16722
69.56728      46.16406
69.56951      46.16142
69.56942      46.15547
69.56653      46.15486
 1 
 1             479           
1
 -9999.0   ,   9990.0
   7
 13 
70.31384      46.15375
70.30742      46.15553
70.30167      46.16125
70.28761      46.16389
70.28581      46.16567
70.28786      46.16873
70.30186      46.17089
70.308        46.16839
70.31198      46.17197
70.31386      46.16909
70.31936      46.16656
70.31303      46.16356
70.31384      46.15375
 1 
 1             480           
1
 -9999.0   ,   9990.0
   7
 7 
68.94558      46.16962
68.9422       46.16714
68.93367      46.16692
68.92903      46.16989
68.93081      46.17184
68.94192      46.17287
68.94558      46.16962
 1 
 1             481           
1
 -9999.0   ,   9990.0
   7
 9 
70.19156      46.154
70.18953      46.1585
70.19356      46.16897
70.20167      46.1707
70.21339      46.1762
70.2152       46.17422
70.19828      46.16389
70.19473      46.1555
70.19156      46.154
 1 
 1             482           
1
 -9999.0   ,   9990.0
   7
 8 
67.48003      46.17017
67.47483      46.17189
67.47383      46.17459
67.48483      46.17872
67.49053      46.1782
67.49225      46.17509
67.49078      46.17131
67.48003      46.17017
 1 
 1             483           
1
 -9999.0   ,   9990.0
   7
 7 
69.86506      46.17417
69.85233      46.17292
69.84267      46.17386
69.84211      46.17634
69.85333      46.17983
69.86266      46.17886
69.86506      46.17417
 1 
 1             484           
1
 -9999.0   ,   9990.0
   7
 8 
69.4622       46.15614
69.4592       46.16975
69.46447      46.17983
69.46672      46.18042
69.4695       46.17228
69.46945      46.16289
69.46641      46.15681
69.4622       46.15614
 1 
 1             485           
1
 -9999.0   ,   9990.0
   7
 6 
70.84411      46.16892
70.83703      46.16683
70.82941      46.17139
70.82848      46.17547
70.83825      46.18109
70.84411      46.16892
 1 
 1             486           
1
 -9999.0   ,   9990.0
   7
 7 
67.56053      46.1712
67.5569       46.1737
67.55748      46.17673
67.56741      46.1815
67.57011      46.17867
67.56939      46.17658
67.56053      46.1712
 1 
 1             487           
1
 -9999.0   ,   9990.0
   7
 8 
71.55711      46.172
71.55553      46.17609
71.55928      46.17917
71.56766      46.18217
71.57525      46.18192
71.58078      46.17797
71.57761      46.17606
71.55711      46.172
 1 
 1             488           
1
 -9999.0   ,   9990.0
   7
 15 
70.08265      46.16342
70.07628      46.16453
70.07078      46.17092
70.05192      46.1715
70.05089      46.17581
70.05295      46.17864
70.05883      46.17911
70.06225      46.18133
70.07633      46.17895
70.09008      46.18367
70.0948       46.18247
70.10017      46.17767
70.09878      46.17486
70.08961      46.1667
70.08265      46.16342
 1 
 1             489           
1
 -9999.0   ,   9990.0
   7
 11 
69.4415       46.16203
69.43545      46.16334
69.43128      46.16864
69.4295       46.17978
69.42567      46.18853
69.42741      46.1907
69.43739      46.18681
69.44711      46.17856
69.44508      46.17573
69.44497      46.16356
69.4415       46.16203
 1 
 1             490           
1
 -9999.0   ,   9990.0
   7
 10 
71.39606      46.17167
71.39003      46.17811
71.40358      46.18745
71.41614      46.1922
71.42275      46.19195
71.42689      46.18909
71.4093       46.18559
71.4004       46.18095
71.39831      46.17264
71.39606      46.17167
 1 
 1             491           
1
 -9999.0   ,   9990.0
   7
 41 
68.66158      46.13914
68.6727       46.12256
68.67008      46.11645
68.6583       46.10686
68.64923      46.1027
68.63803      46.09959
68.62128      46.09911
68.61589      46.09997
68.61445      46.104
68.61191      46.10592
68.60398      46.11192
68.59056      46.13137
68.57889      46.16397
68.56895      46.17603
68.56711      46.18328
68.56875      46.18911
68.57339      46.19189
68.58984      46.19256
68.59428      46.18822
68.59553      46.183
68.5902       46.17492
68.58936      46.16775
68.59417      46.16022
68.601        46.15534
68.60533      46.15511
68.60789      46.1587
68.60965      46.16934
68.61839      46.17073
68.62566      46.17642
68.63828      46.18167
68.64678      46.18236
68.6525       46.18131
68.65773      46.17609
68.65542      46.17322
68.65375      46.17036
68.6614       46.16114
68.6607       46.15562
68.66636      46.14928
68.66566      46.14672
68.66016      46.14275
68.66158      46.13914
 1 
 1             492           
1
 -9999.0   ,   9990.0
   7
 39 
69.05508      46.18236
69.0572       46.17811
69.04142      46.17111
69.04297      46.16914
69.06028      46.1675
69.06734      46.17267
69.07508      46.1742
69.09695      46.16478
69.09789      46.16436
69.09959      46.16078
69.09426      46.15845
69.08026      46.15959
69.05295      46.15267
69.03111      46.15042
68.99903      46.15106
68.99548      46.15339
68.98991      46.15311
68.98708      46.15481
68.98053      46.15447
68.97295      46.15131
68.96481      46.15045
68.96375      46.15703
68.9572       46.1567
68.95395      46.16247
68.94947      46.16408
68.95025      46.16598
68.95725      46.17136
68.96345      46.17214
68.97175      46.17761
68.98458      46.18125
68.99333      46.18561
68.99689      46.18947
68.99308      46.19431
68.9992       46.19578
69.01486      46.18809
69.0215       46.18775
69.02722      46.18986
69.03709      46.19014
69.05508      46.18236
 1 
 1             493           
1
 -9999.0   ,   9990.0
   7
 11 
70.66525      46.17245
70.65956      46.17773
70.65375      46.18872
70.65378      46.19261
70.65647      46.19617
70.65972      46.19673
70.67572      46.19459
70.6778       46.19306
70.6712       46.18503
70.66783      46.17322
70.66525      46.17245
 1 
 1             494           
1
 -9999.0   ,   9990.0
   7
 12 
66.91566      46.19753
66.92111      46.20022
66.9277       46.19773
66.9278       46.19461
66.92408      46.19156
66.91483      46.18925
66.9055       46.18695
66.90061      46.18811
66.90023      46.19147
66.904        46.19592
66.91495      46.19717
66.91566      46.19753
 1 
 1             495           
1
 -9999.0   ,   9990.0
   7
 8 
70.0885       46.19778
70.07833      46.20103
70.08103      46.20412
70.08408      46.20309
70.09525      46.20356
70.09739      46.20183
70.09375      46.19825
70.0885       46.19778
 1 
 1             496           
1
 -9999.0   ,   9990.0
   7
 11 
70.51992      46.19278
70.50636      46.20142
70.50656      46.20303
70.50955      46.2027
70.51239      46.20442
70.52436      46.20303
70.52922      46.20025
70.52675      46.19808
70.52934      46.19475
70.52714      46.19331
70.51992      46.19278
 1 
 1             497           
1
 -9999.0   ,   9990.0
   7
 50 
70.62939      46.19675
70.6362       46.19836
70.6362       46.19425
70.62503      46.18514
70.61916      46.17164
70.6227       46.16467
70.63409      46.158
70.63492      46.15723
70.649        46.14436
70.64889      46.14139
70.643        46.13681
70.6412       46.13056
70.63858      46.13
70.63611      46.1322
70.63686      46.14803
70.63255      46.15245
70.61845      46.15992
70.60978      46.16142
70.60531      46.16378
70.59975      46.17136
70.59161      46.17425
70.59233      46.1777
70.58764      46.18281
70.58095      46.18392
70.57322      46.18981
70.56645      46.19228
70.56233      46.19058
70.55976      46.18953
70.55256      46.18856
70.5507       46.19123
70.55248      46.19381
70.56433      46.19817
70.56411      46.20089
70.5697       46.20523
70.57328      46.20584
70.57836      46.2042
70.58056      46.20131
70.5792       46.1937
70.58497      46.19139
70.59634      46.18131
70.60361      46.18089
70.60623      46.17708
70.60633      46.17161
70.61311      46.165
70.61522      46.16736
70.61095      46.17567
70.61165      46.17936
70.62261      46.19075
70.62678      46.19228
70.62939      46.19675
 1 
 1             498           
1
 -9999.0   ,   9990.0
   7
 8 
70.1774       46.21114
70.171        46.20125
70.1582       46.19659
70.15539      46.19875
70.15803      46.20231
70.16489      46.20328
70.17259      46.20956
70.1774       46.21114
 1 
 1             499           
1
 -9999.0   ,   9990.0
   7
 9 
70.45565      46.20495
70.45047      46.20728
70.44681      46.21192
70.44876      46.21636
70.46616      46.21703
70.48691      46.20961
70.48439      46.20814
70.4807       46.20889
70.45565      46.20495
 1 
 1             500           
1
 -9999.0   ,   9990.0
   7
 30 
71.62175      46.20253
71.62061      46.19975
71.61314      46.19792
71.61933      46.19353
71.61517      46.19181
71.6092       46.19231
71.60675      46.19453
71.6052       46.19475
71.60145      46.19528
71.59566      46.19259
71.58881      46.1917
71.56198      46.19411
71.55514      46.19278
71.55245      46.19361
71.55323      46.19706
71.54622      46.20578
71.54391      46.20867
71.54647      46.21561
71.54708      46.21564
71.556        46.21589
71.5654       46.21847
71.57011      46.217
71.57273      46.21206
71.58261      46.20664
71.59314      46.20717
71.59811      46.20137
71.60372      46.20106
71.6098       46.204
71.61798      46.20492
71.62175      46.20253
 1 
 1             501           
1
 -9999.0   ,   9990.0
   7
 9 
71.40581      46.20925
71.40311      46.21009
71.40023      46.21389
71.40234      46.2167
71.41575      46.2185
71.41822      46.21583
71.41666      46.21417
71.41261      46.21108
71.40581      46.20925
 1 
 1             502           
1
 -9999.0   ,   9990.0
   7
 9 
70.8899       46.21359
70.88398      46.21339
70.88153      46.21537
70.88236      46.21723
70.88834      46.22109
70.89359      46.2215
70.89584      46.21814
70.89378      46.21464
70.8899       46.21359
 1 
 1             503           
1
 -9999.0   ,   9990.0
   7
 17 
70.22053      46.1985
70.21575      46.1985
70.20756      46.2055
70.19439      46.21297
70.20056      46.2205
70.21373      46.21836
70.2175       46.22072
70.21997      46.22228
70.23556      46.22156
70.2472       46.21653
70.25191      46.21123
70.24831      46.20742
70.23953      46.20589
70.23645      46.2035
70.22964      46.20573
70.2207       46.1985
70.22053      46.1985
 1 
 1             504           
1
 -9999.0   ,   9990.0
   7
 6 
67.70003      46.21142
67.69475      46.21386
67.69309      46.21903
67.70481      46.22298
67.70672      46.22081
67.70003      46.21142
 1 
 1             505           
1
 -9999.0   ,   9990.0
   7
 7 
71.45303      46.21781
71.45092      46.21981
71.45142      46.22237
71.45483      46.22589
71.46345      46.22523
71.465        46.22161
71.45303      46.21781
 1 
 1             506           
1
 -9999.0   ,   9990.0
   7
 15 
69.19534      46.21097
69.19811      46.20631
69.19575      46.20367
69.18061      46.20017
69.16959      46.20442
69.16161      46.20495
69.14925      46.2002
69.14625      46.20347
69.15061      46.2092
69.14064      46.21603
69.1497       46.21808
69.16209      46.22581
69.17186      46.227
69.18203      46.22131
69.19534      46.21097
 1 
 1             507           
1
 -9999.0   ,   9990.0
   7
 86 
68.66566      46.14672
68.66636      46.14928
68.6607       46.15562
68.6614       46.16114
68.65375      46.17036
68.65542      46.17322
68.6605       46.16914
68.66634      46.16992
68.66348      46.17778
68.65773      46.17609
68.6525       46.18131
68.64678      46.18236
68.63828      46.18167
68.62566      46.17642
68.61839      46.17073
68.60965      46.16934
68.60789      46.1587
68.60533      46.15511
68.601        46.15534
68.59417      46.16022
68.58936      46.16775
68.5902       46.17492
68.59331      46.17372
68.59708      46.16659
68.59981      46.16581
68.60161      46.176
68.60611      46.17717
68.60731      46.17634
68.61256      46.1727
68.6222       46.18081
68.63525      46.18495
68.64764      46.18631
68.65673      46.1907
68.6614       46.18753
68.66336      46.19336
68.66098      46.19989
68.66392      46.206
68.66761      46.20828
68.66845      46.22711
68.67267      46.22803
68.67606      46.22431
68.67586      46.22017
68.68231      46.22145
68.68841      46.22017
68.68308      46.21461
68.68975      46.20534
68.69495      46.20034
68.69859      46.20606
68.70503      46.20756
68.70789      46.20564
68.70903      46.20133
68.72884      46.19553
68.72422      46.19231
68.71022      46.19361
68.70717      46.18864
68.70106      46.18714
68.6928       46.19289
68.6875       46.19306
68.68498      46.18903
68.68686      46.17836
68.7115       46.17922
68.724        46.17372
68.71484      46.17025
68.71391      46.17008
68.70478      46.16856
68.69775      46.16061
68.69128      46.15956
68.67586      46.16745
68.67164      46.16698
68.6695       46.16528
68.67139      46.16033
68.68165      46.15422
68.69731      46.153
68.70483      46.15939
68.7194       46.1635
68.718        46.15853
68.72214      46.15531
68.72995      46.15661
68.73164      46.16033
68.73358      46.15292
68.72961      46.15017
68.71764      46.14814
68.70336      46.14897
68.69045      46.14645
68.67083      46.14492
68.66566      46.14672
 1 
 1             508           
1
 -9999.0   ,   9990.0
   7
 14 
71.34758      46.21706
71.3448       46.21947
71.34541      46.23003
71.34891      46.23197
71.35259      46.23139
71.35516      46.22736
71.35923      46.22564
71.37053      46.22442
71.37525      46.2225
71.3712       46.21917
71.36625      46.219
71.35786      46.2215
71.35284      46.21767
71.34758      46.21706
 1 
 1             509           
1
 -9999.0   ,   9990.0
   7
 10 
69.55811      46.231
69.55828      46.22253
69.55539      46.21483
69.55131      46.21945
69.5452       46.22122
69.5449       46.22786
69.54197      46.23048
69.54536      46.23314
69.55328      46.23306
69.55811      46.231
 1 
 1             510           
1
 -9999.0   ,   9990.0
   7
 7 
67.81839      46.22428
67.80933      46.23289
67.811        46.23531
67.81836      46.23484
67.82153      46.2332
67.82173      46.22656
67.81839      46.22428
 1 
 1             511           
1
 -9999.0   ,   9990.0
   7
 14 
69.35161      46.22597
69.35053      46.23648
69.35453      46.2362
69.35672      46.23403
69.35606      46.22759
69.35978      46.22661
69.36606      46.22989
69.36673      46.23303
69.3715       46.23431
69.37522      46.23178
69.37448      46.22822
69.36615      46.22256
69.35447      46.22361
69.35161      46.22597
 1 
 1             512           
1
 -9999.0   ,   9990.0
   7
 13 
71.17997      46.21461
71.17686      46.21656
71.18039      46.22286
71.17655      46.23028
71.17789      46.23514
71.18823      46.23823
71.19839      46.239
71.20481      46.23189
71.20397      46.22981
71.19745      46.22892
71.19006      46.22134
71.19292      46.218
71.17997      46.21461
 1 
 1             513           
1
 -9999.0   ,   9990.0
   7
 16 
66.20389      46.21734
66.19825      46.226
66.1977       46.23472
66.19928      46.24186
66.204        46.24153
66.21315      46.23223
66.21489      46.22136
66.22009      46.21603
66.22239      46.20906
66.22981      46.20898
66.2355       46.20072
66.23589      46.19717
66.22073      46.19511
66.21681      46.19684
66.20895      46.20667
66.20389      46.21734
 1 
 1             514           
1
 -9999.0   ,   9990.0
   7
 7 
70.90297      46.23284
70.89322      46.23522
70.89095      46.23928
70.8927       46.24231
70.8995       46.23958
70.90375      46.23583
70.90297      46.23284
 1 
 1             515           
1
 -9999.0   ,   9990.0
   7
 7 
67.62109      46.23334
67.61825      46.23475
67.61872      46.2387
67.62297      46.24422
67.63061      46.23897
67.6279       46.23445
67.62109      46.23334
 1 
 1             516           
1
 -9999.0   ,   9990.0
   7
 8 
71.49792      46.2327
71.48267      46.23908
71.47916      46.24242
71.4925       46.24534
71.49656      46.24364
71.5055       46.23795
71.50603      46.23475
71.49792      46.2327
 1 
 1             517           
1
 -9999.0   ,   9990.0
   7
 10 
67.92809      46.24503
67.92973      46.2432
67.93166      46.24106
67.92945      46.23811
67.92711      46.23503
67.92447      46.23511
67.91808      46.24114
67.91797      46.24459
67.92103      46.24662
67.92809      46.24503
 1 
 1             518           
1
 -9999.0   ,   9990.0
   7
 10 
69.91281      46.22183
69.89795      46.23286
69.8782       46.23956
69.87392      46.24281
69.87309      46.24828
69.88303      46.24778
69.89242      46.23928
69.90992      46.23181
69.91597      46.22333
69.91281      46.22183
 1 
 1             519           
1
 -9999.0   ,   9990.0
   7
 7 
69.33256      46.25417
69.3359       46.24103
69.33311      46.23884
69.32978      46.23936
69.32567      46.25061
69.32798      46.2537
69.33256      46.25417
 1 
 1             520           
1
 -9999.0   ,   9990.0
   7
 16 
69.81414      46.25733
69.8177       46.2582
69.8295       46.2555
69.83234      46.257
69.82841      46.26003
69.83053      46.2622
69.83878      46.25867
69.83945      46.25503
69.83508      46.25231
69.83197      46.2467
69.81848      46.24264
69.81289      46.2495
69.80611      46.25147
69.80326      46.25389
69.80566      46.25628
69.81414      46.25733
 1 
 1             521           
1
 -9999.0   ,   9990.0
   7
 13 
69.3455       46.25364
69.35903      46.26348
69.36622      46.26428
69.3742       46.26375
69.37614      46.26259
69.37736      46.26184
69.38022      46.25648
69.38766      46.25156
69.38683      46.24992
69.37873      46.2505
69.36753      46.25128
69.36236      46.25011
69.3455       46.25364
 1 
 1             522           
1
 -9999.0   ,   9990.0
   7
 9 
71.04305      46.26631
71.05086      46.26817
71.06811      46.2667
71.07356      46.26459
71.07139      46.26248
71.05925      46.26159
71.04698      46.26231
71.0429       46.26425
71.04305      46.26631
 1 
 1             523           
1
 -9999.0   ,   9990.0
   7
 10 
71.27925      46.24806
71.2752       46.24928
71.2715       46.25536
71.2618       46.26214
71.26089      46.266
71.26395      46.26953
71.2703       46.26811
71.27586      46.2642
71.2833       46.25139
71.27925      46.24806
 1 
 1             524           
1
 -9999.0   ,   9990.0
   7
 6 
69.80486      46.26472
69.80275      46.26623
69.80348      46.269
69.81578      46.27183
69.8172       46.26712
69.80486      46.26472
 1 
 1             525           
1
 -9999.0   ,   9990.0
   7
 9 
70.69683      46.26222
70.67897      46.26706
70.67578      46.26992
70.67653      46.27292
70.68222      46.27634
70.7045       46.27006
70.70695      46.26808
70.70303      46.26314
70.69683      46.26222
 1 
 1             526           
1
 -9999.0   ,   9990.0
   7
 8 
67.69622      46.27109
67.68467      46.27083
67.68139      46.27317
67.68266      46.27597
67.69064      46.28084
67.70086      46.28103
67.70303      46.27725
67.69622      46.27109
 1 
 1             527           
1
 -9999.0   ,   9990.0
   7
 18 
70.04884      46.25839
70.04447      46.25914
70.04048      46.26309
70.04464      46.26464
70.05248      46.27297
70.06448      46.27922
70.08239      46.28203
70.09531      46.28167
70.10456      46.27403
70.10273      46.27236
70.09778      46.27239
70.093        46.274
70.08206      46.27447
70.07145      46.2715
70.06889      46.26681
70.05742      46.26564
70.05436      46.25931
70.04884      46.25839
 1 
 1             528           
1
 -9999.0   ,   9990.0
   7
 10 
69.812        46.2832
69.81575      46.27895
69.81475      46.2757
69.80856      46.27473
69.80492      46.27639
69.80442      46.27661
69.80233      46.28134
69.80314      46.28686
69.808        46.28775
69.812        46.2832
 1 
 1             529           
1
 -9999.0   ,   9990.0
   7
 8 
69.8287       46.29259
69.82425      46.29423
69.82667      46.29661
69.83725      46.29661
69.84814      46.30031
69.8507       46.29767
69.84341      46.29414
69.8287       46.29259
 1 
 1             530           
1
 -9999.0   ,   9990.0
   7
 6 
70.05939      46.30672
70.05106      46.29995
70.04559      46.29856
70.04203      46.30117
70.0457       46.30453
70.05939      46.30672
 1 
 1             531           
1
 -9999.0   ,   9990.0
   7
 14 
71.63015      46.2865
71.62739      46.28825
71.6282       46.29125
71.63848      46.30117
71.64206      46.30195
71.64964      46.30767
71.6562       46.30831
71.65375      46.30481
71.65586      46.30303
71.66292      46.30645
71.66795      46.30522
71.64886      46.293
71.64475      46.29561
71.63015      46.2865
 1 
 1             532           
1
 -9999.0   ,   9990.0
   7
 8 
69.9619       46.30323
69.95748      46.30464
69.96603      46.30867
69.96672      46.31189
69.97192      46.31281
69.9747       46.31134
69.97103      46.30431
69.9619       46.30323
 1 
 1             533           
1
 -9999.0   ,   9990.0
   7
 11 
70.46872      46.30323
70.45875      46.30375
70.45323      46.30672
70.44573      46.30575
70.43792      46.3082
70.42989      46.31336
70.43039      46.31545
70.4412       46.31245
70.46064      46.3132
70.4705       46.30581
70.46872      46.30323
 1 
 1             534           
1
 -9999.0   ,   9990.0
   7
 13 
70.77566      46.31937
70.77714      46.31736
70.78381      46.31645
70.79522      46.30953
70.79642      46.30706
70.79431      46.30425
70.78073      46.2962
70.77797      46.30181
70.77981      46.30395
70.787        46.30511
70.78748      46.30742
70.77264      46.31558
70.77566      46.31937
 1 
 1             535           
1
 -9999.0   ,   9990.0
   7
 13 
69.71222      46.30475
69.70945      46.306
69.71022      46.30834
69.71875      46.31261
69.7195       46.31517
69.71531      46.32092
69.7175       46.32217
69.73111      46.32164
69.73983      46.31333
69.73875      46.31078
69.73003      46.30853
69.72517      46.31109
69.71222      46.30475
 1 
 1             536           
1
 -9999.0   ,   9990.0
   7
 20 
69.86767      46.30347
69.87883      46.30809
69.88336      46.31628
69.88184      46.32195
69.88553      46.32509
69.89375      46.32545
69.909        46.31764
69.9047       46.31425
69.8984       46.31442
69.8917       46.31895
69.88836      46.31948
69.88661      46.31689
69.89122      46.31345
69.89186      46.31003
69.88948      46.30717
69.88416      46.30739
69.88448      46.30397
69.88267      46.30228
69.87614      46.30131
69.86767      46.30347
 1 
 1             537           
1
 -9999.0   ,   9990.0
   7
 19 
71.344        46.31075
71.34445      46.30436
71.34092      46.30286
71.33714      46.3097
71.33605      46.31164
71.32886      46.31553
71.3325       46.32022
71.32728      46.32442
71.3277       46.32786
71.33153      46.33003
71.33647      46.3302
71.343        46.32628
71.35284      46.32728
71.35431      46.32525
71.35005      46.31964
71.34108      46.32028
71.33895      46.31767
71.34389      46.31259
71.344        46.31075
 1 
 1             538           
1
 -9999.0   ,   9990.0
   7
 19 
69.76767      46.32306
69.77272      46.32559
69.77295      46.33039
69.77959      46.33
69.77939      46.33573
69.78267      46.33612
69.79308      46.33061
69.792        46.32806
69.78453      46.32681
69.78889      46.32264
69.78698      46.3182
69.78411      46.31692
69.78103      46.31817
69.78003      46.32178
69.77548      46.32111
69.775        46.31539
69.77078      46.31473
69.7683       46.31645
69.76767      46.32306
 1 
 1             539           
1
 -9999.0   ,   9990.0
   7
 7 
69.80991      46.33114
69.79861      46.33864
69.7995       46.33983
69.805        46.34122
69.82064      46.34009
69.82091      46.33711
69.80991      46.33114
 1 
 1             540           
1
 -9999.0   ,   9990.0
   7
 8 
71.36165      46.34425
71.35367      46.34492
71.34814      46.34817
71.34967      46.35028
71.35975      46.35267
71.36211      46.35181
71.36467      46.34848
71.36165      46.34425
 1 
 1             541           
1
 -9999.0   ,   9990.0
   7
 14 
70.40334      46.32675
70.39806      46.32678
70.39533      46.3317
70.39986      46.33692
70.39755      46.34072
70.39836      46.34281
70.40439      46.34214
70.41153      46.34767
70.42584      46.34664
70.43158      46.35284
70.44017      46.34903
70.43872      46.3467
70.41922      46.33859
70.40334      46.32675
 1 
 1             542           
1
 -9999.0   ,   9990.0
   7
 9 
69.25992      46.34364
69.24316      46.34581
69.23722      46.34895
69.23797      46.35128
69.25731      46.35292
69.2672       46.3502
69.26945      46.34778
69.26514      46.34436
69.25992      46.34364
 1 
 1             543           
1
 -9999.0   ,   9990.0
   7
 19 
71.516        46.33778
71.50767      46.3387
71.5025       46.3422
71.49161      46.34209
71.48748      46.33967
71.47539      46.33747
71.47161      46.33964
71.47273      46.34312
71.47775      46.34692
71.4837       46.34689
71.49333      46.35106
71.50525      46.35075
71.51947      46.35575
71.5242       46.3545
71.52317      46.34992
71.52467      46.34698
71.52383      46.3442
71.52061      46.34297
71.516        46.33778
 1 
 1             544           
1
 -9999.0   ,   9990.0
   7
 9 
70.3383       46.34156
70.32245      46.34939
70.31797      46.35928
70.3212       46.36011
70.32958      46.35495
70.351        46.3517
70.35586      46.345
70.35339      46.34308
70.3383       46.34156
 1 
 1             545           
1
 -9999.0   ,   9990.0
   7
 20 
69.1807       46.34203
69.16358      46.34095
69.1443       46.345
69.13525      46.34936
69.10358      46.34822
69.10208      46.35
69.10375      46.35284
69.1355       46.35625
69.14086      46.35561
69.15491      46.36067
69.16241      46.35531
69.16995      46.35295
69.17584      46.34728
69.18725      46.34589
69.19058      46.34547
69.1965       46.34281
69.19953      46.33906
69.19605      46.3375
69.19081      46.34022
69.1807       46.34203
 1 
 1             546           
1
 -9999.0   ,   9990.0
   7
 19 
68.63889      46.34197
68.64059      46.34706
68.64259      46.35298
68.63914      46.35414
68.62867      46.35311
68.62141      46.33828
68.6172       46.34059
68.61853      46.35211
68.6232       46.35764
68.64139      46.3607
68.65173      46.36011
68.65351      46.35309
68.64384      46.33928
68.6344       46.33486
68.63036      46.33534
68.62711      46.34067
68.62956      46.34536
68.63278      46.346
68.63889      46.34197
 1 
 1             547           
1
 -9999.0   ,   9990.0
   7
 10 
71.62536      46.34242
71.62328      46.34442
71.62361      46.35495
71.61792      46.35614
71.61845      46.35845
71.62128      46.36059
71.62984      46.36109
71.63628      46.35325
71.63331      46.34792
71.62536      46.34242
 1 
 1             548           
1
 -9999.0   ,   9990.0
   7
 9 
70.00153      46.35097
70            46.35108
70            46.36695
70.02116      46.36828
70.02378      46.36473
70.02116      46.36072
70.01239      46.35897
70.00855      46.35378
70.00153      46.35097
 1 
 1             549           
1
 -9999.0   ,   9990.0
   7
 8 
69.13284      46.36278
69.11191      46.36331
69.11297      46.36589
69.11675      46.3677
69.1262       46.36931
69.13295      46.36806
69.13486      46.36561
69.13284      46.36278
 1 
 1             550           
1
 -9999.0   ,   9990.0
   7
 26 
71.13626      46.36373
71.1354       46.36164
71.12373      46.3585
71.11653      46.36192
71.11056      46.36242
71.10384      46.35945
71.10073      46.35897
71.09172      46.35767
71.09056      46.35556
71.09328      46.34947
71.07941      46.34947
71.07584      46.34386
71.07231      46.34236
71.06355      46.34481
71.05867      46.34853
71.069        46.35186
71.07166      46.35631
71.07105      46.35995
71.0654       46.36525
71.06614      46.3687
71.07723      46.37114
71.07989      46.37053
71.08331      46.36447
71.1085       46.36806
71.12295      46.36489
71.13626      46.36373
 1 
 1             551           
1
 -9999.0   ,   9990.0
   7
 11 
71.57073      46.34995
71.5692       46.35311
71.57108      46.36553
71.57553      46.37367
71.57978      46.37425
71.58111      46.36903
71.58745      46.36259
71.58628      46.36025
71.57917      46.35775
71.57428      46.3512
71.57073      46.34995
 1 
 1             552           
1
 -9999.0   ,   9990.0
   7
 10 
69.23639      46.37197
69.2447       46.37675
69.2485       46.37611
69.24895      46.37231
69.24364      46.36748
69.23111      46.36614
69.22473      46.36678
69.22381      46.36911
69.22686      46.37156
69.23639      46.37197
 1 
 1             553           
1
 -9999.0   ,   9990.0
   7
 7 
68.66642      46.37273
68.65878      46.36484
68.6492       46.36478
68.64689      46.36764
68.649        46.37234
68.6627       46.3772
68.66642      46.37273
 1 
 1             554           
1
 -9999.0   ,   9990.0
   7
 7 
69.16386      46.37006
69.15192      46.37014
69.13603      46.37325
69.1377       46.37631
69.15517      46.38017
69.16625      46.37247
69.16386      46.37006
 1 
 1             555           
1
 -9999.0   ,   9990.0
   7
 23 
71.56211      46.36759
71.54778      46.363
71.53958      46.35659
71.53501      46.35597
71.5332       46.35823
71.53481      46.3642
71.54545      46.37367
71.53678      46.38006
71.54122      46.38317
71.56003      46.38614
71.56414      46.38681
71.56878      46.38628
71.56528      46.37381
71.561        46.37322
71.56098      46.37325
71.55314      46.37756
71.55211      46.37273
71.54708      46.36848
71.54923      46.36625
71.56153      46.37003
71.56164      46.36995
71.56431      46.36828
71.56211      46.36759
 1 
 1             556           
1
 -9999.0   ,   9990.0
   7
 7 
71.13711      46.37978
71.13311      46.38011
71.1305       46.38436
71.13511      46.38909
71.14         46.39017
71.14247      46.38798
71.13711      46.37978
 1 
 1             557           
1
 -9999.0   ,   9990.0
   7
 12 
69.75275      46.37622
69.74839      46.37672
69.75295      46.3847
69.74792      46.38883
69.7477       46.39111
69.75398      46.39117
69.75933      46.38706
69.76675      46.38556
69.78128      46.38964
69.78539      46.38822
69.78117      46.38367
69.75275      46.37622
 1 
 1             558           
1
 -9999.0   ,   9990.0
   7
 23 
70.97139      46.38948
70.97522      46.39123
70.99281      46.38608
70.99484      46.38428
70.99775      46.3817
71.00681      46.37995
71.02101      46.37128
71.02831      46.37061
71.037        46.37389
71.04361      46.37389
71.05172      46.37142
71.05465      46.36787
71.04961      46.35945
71.04506      46.36295
71.03731      46.3652
71.03475      46.36831
71.01973      46.36597
70.99753      46.37117
70.99215      46.37617
70.98759      46.38042
70.97903      46.38473
70.97139      46.38489
70.97139      46.38948
 1 
 1             559           
1
 -9999.0   ,   9990.0
   7
 10 
69.86884      46.36628
69.86381      46.37773
69.86678      46.38495
69.86375      46.39239
69.86816      46.3912
69.87109      46.3847
69.87645      46.38034
69.8769       46.37578
69.87172      46.36709
69.86884      46.36628
 1 
 1             560           
1
 -9999.0   ,   9990.0
   7
 19 
70.78011      46.3692
70.77395      46.37195
70.7727       46.38425
70.77853      46.38995
70.78364      46.39242
70.79667      46.39061
70.79823      46.38748
70.80898      46.3897
70.81095      46.38564
70.81611      46.38309
70.81778      46.37856
70.81445      46.37431
70.80453      46.3742
70.79645      46.37642
70.78717      46.385
70.78186      46.38528
70.7797       46.38336
70.78275      46.37386
70.78011      46.3692
 1 
 1             561           
1
 -9999.0   ,   9990.0
   7
 12 
69.0644       46.38064
69.05341      46.38098
69.04686      46.38364
69.04728      46.38595
69.05016      46.38678
69.05742      46.38395
69.0595       46.39253
69.06216      46.3922
69.06347      46.38928
69.06809      46.38631
69.0688       46.3827
69.0644       46.38064
 1 
 1             562           
1
 -9999.0   ,   9990.0
   7
 11 
69.9903       46.36925
69.98089      46.37092
69.9785       46.37539
69.982        46.38425
69.97823      46.38956
69.97086      46.39406
69.97239      46.39528
69.98172      46.39453
69.99192      46.38423
69.995        46.37953
69.9903       46.36925
 1 
 1             563           
1
 -9999.0   ,   9990.0
   7
 14 
69.2087       46.38764
69.20145      46.38431
69.183        46.38314
69.18398      46.38664
69.19534      46.392
69.20458      46.38903
69.20184      46.39622
69.209        46.3975
69.21208      46.39973
69.2157       46.39989
69.21711      46.39264
69.21972      46.39
69.21698      46.38781
69.2087       46.38764
 1 
 1             564           
1
 -9999.0   ,   9990.0
   7
 30 
68.90828      46.36067
68.90075      46.36281
68.88564      46.36178
68.87439      46.36464
68.86303      46.37162
68.84061      46.37067
68.83083      46.3722
68.82781      46.37572
68.83425      46.38339
68.84111      46.3872
68.85586      46.39164
68.86017      46.39212
68.86764      46.39295
68.86856      46.39964
68.87542      46.40045
68.87898      46.39834
68.87578      46.39428
68.88689      46.38661
68.89608      46.38434
68.93636      46.3885
68.94178      46.38442
68.93515      46.37858
68.92381      46.37617
68.91645      46.37073
68.90961      46.3697
68.9095       46.36761
68.91828      46.366
68.92156      46.36345
68.91845      46.36145
68.90828      46.36067
 1 
 1             565           
1
 -9999.0   ,   9990.0
   7
 33 
71.7202       46.39731
71.72853      46.39617
71.73681      46.40167
71.73976      46.40198
71.74133      46.39767
71.74028      46.39353
71.74661      46.38706
71.7335       46.37939
71.72573      46.37686
71.71809      46.37734
71.71461      46.37997
71.71528      46.38573
71.70634      46.38592
71.69503      46.38148
71.68542      46.38211
71.67631      46.38506
71.65725      46.38314
71.64328      46.37908
71.6345       46.37345
71.62581      46.36781
71.62366      46.37028
71.62583      46.37789
71.6149       46.38922
71.61642      46.39134
71.62714      46.39439
71.64233      46.39461
71.65266      46.38759
71.67431      46.39072
71.68653      46.39109
71.69395      46.39425
71.70172      46.39128
71.71228      46.39158
71.7202       46.39731
 1 
 1             566           
1
 -9999.0   ,   9990.0
   7
 26 
70.29775      46.40434
70.29861      46.40431
70.30417      46.40134
70.31484      46.40039
70.31697      46.39842
70.3284       46.39659
70.33158      46.40198
70.33614      46.40283
70.34666      46.39548
70.35339      46.39436
70.35753      46.39636
70.36305      46.39361
70.36664      46.38642
70.37867      46.38095
70.37511      46.37989
70.3605       46.38459
70.34822      46.38478
70.34942      46.38275
70.3489       46.38214
70.34792      46.38086
70.32623      46.38686
70.31592      46.38736
70.29483      46.40186
70.29517      46.40367
70.29545      46.4037
70.29775      46.40434
 1 
 1             567           
1
 -9999.0   ,   9990.0
   7
 14 
70.92264      46.41386
70.94345      46.40978
70.95309      46.40464
70.95951      46.39823
70.95766      46.39609
70.94695      46.398
70.93836      46.40253
70.92083      46.40237
70.9065       46.40392
70.90431      46.40658
70.9047       46.41025
70.9085       46.4127
70.92139      46.41267
70.92264      46.41386
 1 
 1             568           
1
 -9999.0   ,   9990.0
   7
 19 
72            46.40411
72            46.39325
71.97981      46.39592
71.97345      46.39164
71.97028      46.39475
71.96439      46.3937
71.9467       46.39711
71.93616      46.40209
71.9152       46.4045
71.90239      46.4085
71.89692      46.41178
71.89811      46.41389
71.90173      46.41445
71.92917      46.40875
71.94756      46.41083
71.96105      46.41234
71.97889      46.40642
71.99623      46.40389
72            46.40411
 1 
 1             569           
1
 -9999.0   ,   9990.0
   7
 17 
70.92264      46.41386
70.92139      46.41267
70.9085       46.4127
70.9047       46.41025
70.90431      46.40658
70.9065       46.40392
70.92083      46.40237
70.93836      46.40253
70.94695      46.398
70.93764      46.39425
70.9278       46.39759
70.89881      46.40067
70.89131      46.40339
70.89283      46.4142
70.90375      46.4187
70.91478      46.41725
70.92264      46.41386
 1 
 1             570           
1
 -9999.0   ,   9990.0
   7
 24 
70.86253      46.42089
70.86625      46.41989
70.86611      46.41759
70.86151      46.41286
70.86445      46.40884
70.87014      46.40789
70.87466      46.40486
70.87292      46.40159
70.88061      46.39614
70.87345      46.38581
70.87581      46.37195
70.86056      46.35492
70.85895      46.35875
70.86772      46.37828
70.85809      46.3832
70.86225      46.3852
70.86303      46.38798
70.85764      46.38914
70.85325      46.39495
70.84025      46.40042
70.84145      46.40231
70.8502       46.40467
70.85489      46.4172
70.86253      46.42089
 1 
 1             571           
1
 -9999.0   ,   9990.0
   7
 16 
70.81478      46.41306
70.81095      46.41173
70.80131      46.41231
70.79598      46.40867
70.78392      46.41486
70.78436      46.41764
70.80053      46.42256
70.80361      46.42131
70.80326      46.41739
70.80658      46.41706
70.81355      46.42097
70.8137       46.42095
70.81725      46.4202
70.81828      46.41567
70.81611      46.4135
70.81478      46.41306
 1 
 1             572           
1
 -9999.0   ,   9990.0
   7
 12 
70.0599       46.41253
70.05297      46.41223
70.04615      46.41814
70.04947      46.4217
70.04745      46.42597
70.0494       46.42995
70.05365      46.43059
70.06161      46.42681
70.06336      46.42206
70.06966      46.4182
70.06703      46.4142
70.0599       46.41253
 1 
 1             573           
1
 -9999.0   ,   9990.0
   7
 13 
70            46.42433
70.00259      46.42406
70.01947      46.4312
70.03159      46.4292
70.03286      46.42603
70.02761      46.42192
70.01603      46.42164
70.01256      46.41625
70.00775      46.41442
70.0043       46.41589
70            46.41328
70            46.41611
70            46.42433
 1 
 1             574           
1
 -9999.0   ,   9990.0
   7
 9 
70.6182       46.41792
70.59725      46.42331
70.58306      46.43122
70.58286      46.4335
70.59406      46.43028
70.60609      46.42889
70.60725      46.42642
70.61906      46.41953
70.6182       46.41792
 1 
 1             575           
1
 -9999.0   ,   9990.0
   7
 8 
69.523        46.4172
69.51964      46.4175
69.51448      46.42964
69.51442      46.43353
69.5167       46.43412
69.52597      46.42378
69.52609      46.41942
69.523        46.4172
 1 
 1             576           
1
 -9999.0   ,   9990.0
   7
 14 
69.94389      46.43572
69.95233      46.43748
69.9577       46.43334
69.96336      46.43289
69.97764      46.4397
69.98995      46.43198
69.97266      46.42895
69.96589      46.4305
69.95811      46.42856
69.9477       46.42306
69.936        46.42784
69.93675      46.43039
69.94495      46.43142
69.94389      46.43572
 1 
 1             577           
1
 -9999.0   ,   9990.0
   7
 25 
70.49433      46.40242
70.47706      46.40747
70.47531      46.40878
70.47353      46.41834
70.47214      46.41914
70.45753      46.42778
70.44898      46.42697
70.44925      46.41967
70.44325      46.42012
70.43259      46.42498
70.42826      46.42936
70.42856      46.43397
70.43278      46.43872
70.44197      46.44389
70.4489       46.44414
70.4534       46.44203
70.45736      46.43373
70.46539      46.43289
70.46817      46.42706
70.47553      46.42206
70.48365      46.42031
70.48611      46.41423
70.48953      46.41278
70.49523      46.40406
70.49433      46.40242
 1 
 1             578           
1
 -9999.0   ,   9990.0
   7
 7 
68.75647      46.43886
68.75259      46.4412
68.75445      46.44517
68.7652       46.44689
68.76915      46.44437
68.76465      46.44
68.75647      46.43886
 1 
 1             579           
1
 -9999.0   ,   9990.0
   7
 7 
70.59445      46.44609
70.58514      46.44664
70.58092      46.44945
70.58667      46.45242
70.59503      46.45137
70.59783      46.4492
70.59445      46.44609
 1 
 1             580           
1
 -9999.0   ,   9990.0
   7
 55 
71.82897      46.45456
71.832        46.45373
71.83816      46.43856
71.84597      46.42917
71.84942      46.42697
71.86931      46.43209
71.87573      46.42381
71.8795       46.42161
71.87503      46.41875
71.86911      46.41814
71.86411      46.41867
71.85498      46.42256
71.8435       46.4147
71.839        46.407
71.84042      46.40523
71.8587       46.39817
71.87436      46.39681
71.87861      46.39642
71.87933      46.39531
71.86195      46.39323
71.84811      46.39811
71.83753      46.39806
71.83631      46.3962
71.84116      46.39245
71.84617      46.39189
71.85778      46.37939
71.84648      46.3807
71.83381      46.38789
71.83161      46.39195
71.81731      46.39314
71.8045       46.39189
71.79561      46.3857
71.78986      46.38759
71.78239      46.38556
71.77753      46.38867
71.77381      46.39103
71.77628      46.39384
71.78475      46.39614
71.8242       46.39975
71.83006      46.4015
71.83898      46.42464
71.83297      46.42514
71.82416      46.42878
71.81786      46.42909
71.77973      46.41956
71.76608      46.41053
71.7635       46.40881
71.75433      46.41289
71.77511      46.42514
71.79311      46.42817
71.8048       46.43214
71.81472      46.43792
71.81586      46.44114
71.82314      46.44639
71.82897      46.45456
 1 
 1             581           
1
 -9999.0   ,   9990.0
   7
 21 
70.13792      46.42861
70.14028      46.43489
70.1409       46.43653
70.14117      46.44478
70.13572      46.45373
70.13626      46.45534
70.142        46.45423
70.15308      46.44483
70.14798      46.43889
70.1494       46.43414
70.15391      46.43525
70.16081      46.42842
70.17372      46.4285
70.17795      46.42547
70.17611      46.42381
70.16341      46.42123
70.1702       46.41189
70.16634      46.41056
70.16092      46.41584
70.14814      46.42172
70.13792      46.42861
 1 
 1             582           
1
 -9999.0   ,   9990.0
   7
 9 
70.68066      46.45878
70.68305      46.46061
70.69397      46.46078
70.69908      46.45892
70.70161      46.45603
70.70008      46.45436
70.68678      46.45525
70.67961      46.45798
70.68066      46.45878
 1 
 1             583           
1
 -9999.0   ,   9990.0
   7
 16 
70.12275      46.44864
70.12933      46.44361
70.12886      46.43397
70.14236      46.41989
70.1419       46.41756
70.13531      46.41706
70.12736      46.42086
70.12814      46.42317
70.12522      46.4265
70.12167      46.44186
70.1155       46.45209
70.10989      46.45767
70.11511      46.46225
70.11784      46.46145
70.12328      46.45206
70.12275      46.44864
 1 
 1             584           
1
 -9999.0   ,   9990.0
   7
 12 
69.94156      46.4505
69.93128      46.45053
69.92378      46.45295
69.93017      46.45528
69.92966      46.45709
69.92339      46.46073
69.92284      46.4632
69.92572      46.46403
69.94531      46.46028
69.95216      46.45761
69.94845      46.45125
69.94156      46.4505
 1 
 1             585           
1
 -9999.0   ,   9990.0
   7
 25 
70.11403      46.41434
70.10892      46.41598
70.10386      46.42834
70.0999       46.43184
70.09548      46.43325
70.09086      46.44039
70.08445      46.44173
70.07981      46.44131
70.07428      46.44084
70.05883      46.44661
70.05645      46.45109
70.05873      46.45531
70.0745       46.46053
70.08491      46.45525
70.0905       46.45573
70.09665      46.46514
70.10567      46.46414
70.10778      46.46261
70.1015       46.45892
70.10467      46.45289
70.10259      46.44639
70.11003      46.42609
70.12003      46.41781
70.11831      46.41475
70.11403      46.41434
 1 
 1             586           
1
 -9999.0   ,   9990.0
   7
 8 
70.874        46.43595
70.86945      46.43922
70.87097      46.44545
70.87878      46.44734
70.88734      46.45678
70.90317      46.46725
70.90659      46.4677
70.874        46.43595
 1 
 1             587           
1
 -9999.0   ,   9990.0
   7
 14 
69.3377       46.45742
69.32166      46.45848
69.32051      46.46025
69.32964      46.46481
69.3267       46.46789
69.31748      46.47042
69.31981      46.4735
69.32761      46.47181
69.3362       46.47222
69.338        46.4675
69.34495      46.46761
69.34751      46.46522
69.34141      46.46334
69.3377       46.45742
 1 
 1             588           
1
 -9999.0   ,   9990.0
   7
 9 
69.84136      46.45895
69.8357       46.46284
69.83165      46.47089
69.83203      46.47364
69.83961      46.47056
69.84595      46.47039
69.85264      46.46609
69.85342      46.46131
69.84136      46.45895
 1 
 1             589           
1
 -9999.0   ,   9990.0
   7
 18 
70.16436      46.45217
70.157        46.45667
70.1507       46.45686
70.14131      46.46586
70.12791      46.47492
70.12106      46.47372
70.11958      46.47547
70.12095      46.47875
70.12691      46.48242
70.13067      46.48145
70.14422      46.47034
70.15591      46.46556
70.16015      46.46642
70.16433      46.46384
70.16553      46.46158
70.16286      46.45806
70.16611      46.45497
70.16436      46.45217
 1 
 1             590           
1
 -9999.0   ,   9990.0
   7
 11 
70.18356      46.47517
70.1627       46.475
70.1539       46.47714
70.15222      46.4812
70.15478      46.48611
70.16717      46.48089
70.17523      46.47964
70.18875      46.48042
70.19123      46.47848
70.18941      46.47631
70.18356      46.47517
 1 
 1             591           
1
 -9999.0   ,   9990.0
   7
 15 
66.11331      46.46411
66.11816      46.46025
66.11342      46.45831
66.10547      46.45925
66.09736      46.46331
66.09514      46.46675
66.08583      46.47295
66.08383      46.47578
66.0867       46.48345
66.09115      46.4875
66.09748      46.48789
66.09959      46.48589
66.1047       46.47956
66.1055       46.46814
66.11331      46.46411
 1 
 1             592           
1
 -9999.0   ,   9990.0
   7
 6 
69.88951      46.48306
69.87586      46.48358
69.88195      46.48958
69.88842      46.49125
69.89239      46.48775
69.88951      46.48306
 1 
 1             593           
1
 -9999.0   ,   9990.0
   7
 7 
70.77167      46.48834
70.78161      46.49261
70.78653      46.48889
70.78506      46.48656
70.77045      46.48258
70.76825      46.48525
70.77167      46.48834
 1 
 1             594           
1
 -9999.0   ,   9990.0
   7
 13 
68.89845      46.47775
68.89464      46.47914
68.89878      46.48695
68.87759      46.4895
68.87728      46.49222
68.88448      46.49628
68.89139      46.49664
68.90466      46.49045
68.91133      46.49034
68.91708      46.48628
68.91514      46.48275
68.90798      46.47848
68.89845      46.47775
 1 
 1             595           
1
 -9999.0   ,   9990.0
   7
 10 
70.37466      46.48428
70.37189      46.48575
70.36953      46.49047
70.364        46.493
70.36878      46.49525
70.37795      46.49675
70.38215      46.49417
70.38158      46.48889
70.37891      46.48511
70.37466      46.48428
 1 
 1             596           
1
 -9999.0   ,   9990.0
   7
 13 
70.81834      46.4715
70.81367      46.47178
70.8035       46.47942
70.79639      46.48992
70.79373      46.49028
70.78498      46.49639
70.78911      46.49836
70.79281      46.49781
70.80014      46.49303
70.8042       46.4877
70.81978      46.47864
70.82203      46.47528
70.81834      46.4715
 1 
 1             597           
1
 -9999.0   ,   9990.0
   7
 8 
69.93522      46.48711
69.93122      46.48739
69.934        46.49322
69.93073      46.49995
69.93606      46.49995
69.93986      46.49806
69.94336      46.49248
69.93522      46.48711
 1 
 1             598           
1
 -9999.0   ,   9990.0
   7
 24 
69.72898      46.48739
69.7257       46.49045
69.72683      46.49575
69.72103      46.49778
69.72308      46.50039
69.7305       46.50281
69.73195      46.50836
69.73908      46.51006
69.74006      46.51375
69.73731      46.51845
69.73808      46.52053
69.74073      46.52089
69.74895      46.51117
69.74895      46.5075
69.75467      46.49975
69.7697       46.50203
69.77198      46.49892
69.77015      46.49725
69.76261      46.49623
69.75511      46.49153
69.74965      46.49311
69.74206      46.49278
69.7362       46.48817
69.72898      46.48739
 1 
 1             599           
1
 -9999.0   ,   9990.0
   7
 9 
70.46508      46.50934
70.46208      46.50945
70.45275      46.51411
70.45008      46.51836
70.4535       46.521
70.45881      46.521
70.46506      46.51756
70.46811      46.51289
70.46508      46.50934
 1 
 1             600           
1
 -9999.0   ,   9990.0
   7
 10 
68.86636      46.49486
68.86236      46.49809
68.8653       46.50445
68.8657       46.51592
68.87114      46.52078
68.87698      46.52222
68.90156      46.51895
68.90342      46.51422
68.87495      46.50425
68.86636      46.49486
 1 
 1             601           
1
 -9999.0   ,   9990.0
   7
 9 
70.90986      46.50586
70.90683      46.51514
70.90089      46.5195
70.90498      46.52239
70.912        46.5215
70.92401      46.5162
70.92358      46.51298
70.9177       46.50753
70.90986      46.50586
 1 
 1             602           
1
 -9999.0   ,   9990.0
   7
 7 
70.35792      46.50236
70.35439      46.51275
70.36148      46.52311
70.37064      46.5205
70.36183      46.51078
70.36053      46.5027
70.35792      46.50236
 1 
 1             603           
1
 -9999.0   ,   9990.0
   7
 21 
69.56228      46.49647
69.56611      46.50122
69.58089      46.50625
69.58195      46.50689
69.60125      46.51867
69.62009      46.52272
69.62245      46.52581
69.63         46.52661
69.63728      46.52353
69.63831      46.51625
69.63278      46.51506
69.62759      46.51736
69.61789      46.51806
69.61373      46.51647
69.61259      46.51459
69.61778      46.50889
69.61778      46.50545
69.6009       46.50536
69.59214      46.4997
69.579        46.49495
69.56228      46.49647
 1 
 1             604           
1
 -9999.0   ,   9990.0
   7
 27 
70.60865      46.50086
70.60525      46.50189
70.6057       46.50464
70.60045      46.50811
70.59541      46.50861
70.58464      46.51483
70.5782       46.52075
70.5784       46.52672
70.59253      46.52406
70.59411      46.51656
70.59998      46.51381
70.60564      46.51333
70.60856      46.51
70.61191      46.50967
70.61433      46.51253
70.63106      46.51086
70.64428      46.51547
70.64906      46.51381
70.65026      46.51111
70.64339      46.50584
70.63614      46.50509
70.62731      46.50775
70.62036      46.505
70.61895      46.50445
70.61361      46.50495
70.61186      46.50189
70.60865      46.50086
 1 
 1             605           
1
 -9999.0   ,   9990.0
   7
 9 
69.91267      46.50536
69.90767      46.50559
69.90186      46.5145
69.90148      46.5225
69.90764      46.52759
69.91495      46.52378
69.91725      46.52045
69.91742      46.51153
69.91267      46.50536
 1 
 1             606           
1
 -9999.0   ,   9990.0
   7
 12 
66.86453      46.508
66.86295      46.51331
66.87228      46.52545
66.87725      46.52861
66.8822       46.52761
66.8854       46.52489
66.88703      46.52003
66.8857       46.51723
66.88431      46.51589
66.87742      46.51597
66.87058      46.50839
66.86453      46.508
 1 
 1             607           
1
 -9999.0   ,   9990.0
   7
 18 
69.97265      46.51322
69.96956      46.52156
69.96672      46.5235
69.95853      46.52245
69.93706      46.5252
69.93739      46.52153
69.9345       46.5205
69.93083      46.52423
69.92115      46.52861
69.92086      46.53181
69.93456      46.53081
69.9532       46.52636
69.96758      46.52881
69.97336      46.52722
69.98086      46.52136
69.97683      46.5182
69.97559      46.51359
69.97265      46.51322
 1 
 1             608           
1
 -9999.0   ,   9990.0
   7
 22 
70.17364      46.532
70.16742      46.529
70.16378      46.52722
70.16608      46.52345
70.16225      46.52189
70.16717      46.51867
70.1665       46.51498
70.16109      46.51614
70.15686      46.51528
70.15253      46.51167
70.14758      46.51145
70.14005      46.50656
70.13514      46.50589
70.13653      46.51259
70.13164      46.51925
70.13225      46.52342
70.13572      46.52561
70.14164      46.52609
70.14923      46.53053
70.15361      46.52956
70.1657       46.53103
70.17364      46.532
 1 
 1             609           
1
 -9999.0   ,   9990.0
   7
 31 
70.27075      46.50575
70.268        46.51089
70.26873      46.51803
70.26767      46.51914
70.26542      46.52156
70.26109      46.52183
70.25986      46.52064
70.26278      46.51389
70.26136      46.51086
70.25661      46.51203
70.25242      46.5185
70.24834      46.51995
70.24567      46.52373
70.24325      46.52478
70.24223      46.52153
70.23905      46.51978
70.23397      46.52875
70.23589      46.53317
70.24717      46.5295
70.25376      46.53023
70.2582       46.53247
70.26559      46.53117
70.27233      46.53372
70.27611      46.53228
70.27565      46.5302
70.26739      46.52575
70.27025      46.52334
70.2789       46.523
70.27683      46.51217
70.27486      46.5082
70.27075      46.50575
 1 
 1             610           
1
 -9999.0   ,   9990.0
   7
 10 
67.02275      46.52017
67.01761      46.5212
67.01434      46.52556
67.01428      46.53062
67.01714      46.53631
67.02233      46.53711
67.02925      46.533
67.03025      46.52825
67.02714      46.52206
67.02275      46.52017
 1 
 1             611           
1
 -9999.0   ,   9990.0
   7
 12 
69.66386      46.52292
69.65345      46.52425
69.65028      46.52617
69.65186      46.53036
69.6575       46.53406
69.65483      46.53739
69.65664      46.53953
69.66395      46.53939
69.66614      46.5372
69.66356      46.53297
69.66548      46.52367
69.66386      46.52292
 1 
 1             612           
1
 -9999.0   ,   9990.0
   7
 12 
69.71883      46.54092
69.73673      46.53834
69.74726      46.5395
69.75003      46.53825
69.74709      46.53422
69.73891      46.53295
69.72964      46.5362
69.71408      46.536
69.70908      46.53595
69.70625      46.53789
69.7162       46.54131
69.71883      46.54092
 1 
 1             613           
1
 -9999.0   ,   9990.0
   7
 12 
70.35692      46.52614
70.34981      46.52792
70.34348      46.53203
70.34178      46.53653
70.34323      46.54275
70.34775      46.5402
70.35375      46.5402
70.35923      46.53814
70.36175      46.53548
70.36211      46.53114
70.35811      46.53145
70.35692      46.52614
 1 
 1             614           
1
 -9999.0   ,   9990.0
   7
 31 
70.17364      46.532
70.17342      46.5345
70.17028      46.53642
70.16131      46.53653
70.16109      46.53647
70.15253      46.53433
70.15114      46.53517
70.15678      46.54153
70.15747      46.54231
70.16959      46.54442
70.18103      46.53847
70.18364      46.53539
70.18256      46.53236
70.18615      46.52931
70.19648      46.52492
70.19781      46.52131
70.20395      46.51928
70.20545      46.51728
70.20016      46.51317
70.2052       46.51245
70.20536      46.51039
70.20255      46.50845
70.20966      46.50281
70.20511      46.5017
70.20098      46.50381
70.19939      46.50672
70.19353      46.50923
70.1917       46.519
70.18909      46.52209
70.17664      46.528
70.17364      46.532
 1 
 1             615           
1
 -9999.0   ,   9990.0
   7
 10 
67.03533      46.53939
67.03167      46.53936
67.02786      46.54278
67.02053      46.54272
67.01928      46.54678
67.02397      46.55353
67.02848      46.55475
67.03333      46.55325
67.0374       46.54825
67.03533      46.53939
 1 
 1             616           
1
 -9999.0   ,   9990.0
   7
 7 
69.70533      46.54403
69.70089      46.54886
69.70261      46.55511
69.70895      46.55495
69.71956      46.54787
69.71711      46.5457
69.70533      46.54403
 1 
 1             617           
1
 -9999.0   ,   9990.0
   7
 14 
69.15411      46.53545
69.13897      46.54045
69.13564      46.5437
69.13628      46.54695
69.13978      46.5517
69.15014      46.55428
69.16123      46.56584
69.16606      46.56723
69.16758      46.56523
69.1638       46.55681
69.1642       46.54995
69.16123      46.54039
69.15803      46.53611
69.15411      46.53545
 1 
 1             618           
1
 -9999.0   ,   9990.0
   7
 18 
69.66964      46.54242
69.66261      46.54645
69.65297      46.54645
69.65373      46.549
69.65875      46.55197
69.65553      46.55436
69.64353      46.55495
69.6405       46.5587
69.64147      46.56242
69.64906      46.56642
69.65428      46.56736
69.66314      46.565
69.66758      46.56039
69.663        46.55264
69.67259      46.54964
69.67525      46.54608
69.6735       46.5435
69.66964      46.54242
 1 
 1             619           
1
 -9999.0   ,   9990.0
   7
 10 
69.31433      46.54975
69.31098      46.55006
69.30081      46.56192
69.30006      46.56578
69.31583      46.56747
69.32233      46.5625
69.32314      46.55775
69.32083      46.55442
69.31692      46.55378
69.31433      46.54975
 1 
 1             620           
1
 -9999.0   ,   9990.0
   7
 8 
70.41264      46.56575
70.4125       46.56747
70.42181      46.56261
70.42431      46.56131
70.41011      46.5525
70.40673      46.55717
70.41292      46.5627
70.41264      46.56575
 1 
 1             621           
1
 -9999.0   ,   9990.0
   7
 7 
70.39528      46.56725
70.38414      46.56933
70.3855       46.57306
70.39091      46.57556
70.39941      46.57314
70.40056      46.57136
70.39528      46.56725
 1 
 1             622           
1
 -9999.0   ,   9990.0
   7
 9 
68.94953      46.57228
68.9353       46.57478
68.93381      46.57631
68.93659      46.57828
68.94566      46.57736
68.95436      46.57986
68.95736      46.57683
68.95533      46.57397
68.94953      46.57228
 1 
 1             623           
1
 -9999.0   ,   9990.0
   7
 7 
69.68986      46.57378
69.68353      46.57395
69.68261      46.58008
69.69283      46.58078
69.69711      46.578
69.69566      46.57564
69.68986      46.57378
 1 
 1             624           
1
 -9999.0   ,   9990.0
   7
 8 
70.34708      46.57587
70.3383       46.57759
70.33664      46.58164
70.34         46.5852
70.34631      46.585
70.35122      46.582
70.35181      46.57881
70.34708      46.57587
 1 
 1             625           
1
 -9999.0   ,   9990.0
   7
 12 
68.985        46.567
68.97756      46.56822
68.96923      46.57467
68.97009      46.57908
68.97686      46.58697
68.98209      46.58773
68.98911      46.58442
68.9879       46.58023
68.98306      46.57587
68.99         46.57003
68.98925      46.5677
68.985        46.567
 1 
 1             626           
1
 -9999.0   ,   9990.0
   7
 8 
69.17686      46.57486
69.17267      46.57695
69.17239      46.58289
69.17486      46.58758
69.19106      46.58861
69.19266      46.58573
69.19048      46.57828
69.17686      46.57486
 1 
 1             627           
1
 -9999.0   ,   9990.0
   7
 8 
70.0914       46.58053
70.08822      46.58222
70.08836      46.58453
70.09466      46.58823
70.10056      46.58939
70.10695      46.58486
70.10122      46.58186
70.0914       46.58053
 1 
 1             628           
1
 -9999.0   ,   9990.0
   7
 14 
70.2092       46.56595
70.20511      46.56695
70.20384      46.57009
70.19383      46.57447
70.19528      46.57683
70.20325      46.58058
70.20558      46.58459
70.20201      46.58764
70.20348      46.58975
70.20778      46.58972
70.2137       46.58675
70.21056      46.577
70.21261      46.56861
70.2092       46.56595
 1 
 1             629           
1
 -9999.0   ,   9990.0
   7
 7 
70.05775      46.58142
70.0452       46.58453
70.04266      46.58673
70.04405      46.59
70.05558      46.58728
70.05891      46.58328
70.05775      46.58142
 1 
 1             630           
1
 -9999.0   ,   9990.0
   7
 8 
69.86931      46.59048
69.8724       46.59314
69.87578      46.59214
69.88028      46.58684
69.88211      46.5812
69.87717      46.58075
69.87278      46.58881
69.86931      46.59048
 1 
 1             631           
1
 -9999.0   ,   9990.0
   7
 9 
68.15358      46.59186
68.15895      46.58922
68.15089      46.58439
68.14567      46.58614
68.14481      46.58692
68.14045      46.59089
68.14336      46.59403
68.14936      46.59395
68.15358      46.59186
 1 
 1             632           
1
 -9999.0   ,   9990.0
   7
 24 
71.08286      46.58023
71.07795      46.57939
71.06611      46.58217
71.06823      46.58545
71.0795       46.59017
71.0787       46.59223
71.07267      46.59292
71.07153      46.59473
71.08136      46.59664
71.08217      46.59706
71.08906      46.60034
71.09164      46.59653
71.08898      46.58753
71.09098      46.58603
71.10425      46.58736
71.10261      46.59014
71.10122      46.5925
71.10581      46.59358
71.1067       46.59267
71.11011      46.58914
71.10965      46.58617
71.1075       46.58381
71.09861      46.58259
71.08286      46.58023
 1 
 1             633           
1
 -9999.0   ,   9990.0
   7
 16 
71.09861      46.58259
71.09914      46.58008
71.09478      46.57606
71.09272      46.56272
71.09081      46.56172
71.08292      46.56536
71.0787       46.56431
71.06703      46.56506
71.05606      46.55622
71.04715      46.55989
71.03403      46.55442
71.00081      46.53581
70.99511      46.53675
71.01973      46.55467
71.07511      46.57242
71.08286      46.58023
 1 
 1             634           
1
 -9999.0   ,   9990.0
   7
 15 
71.06611      46.58217
71.07795      46.57939
71.08286      46.58023
71.07511      46.57242
71.01973      46.55467
70.99511      46.53675
70.99925      46.54439
71.0095       46.55545
71.01511      46.55717
71.01975      46.56206
71.02789      46.56361
71.03122      46.56695
71.03961      46.56531
71.05145      46.56933
71.06611      46.58217
 1 
 1             635           
1
 -9999.0   ,   9990.0
   7
 6 
71.54456      46.59806
71.53492      46.59822
71.5327       46.60206
71.54901      46.60139
71.55011      46.59936
71.54456      46.59806
 1 
 1             636           
1
 -9999.0   ,   9990.0
   7
 16 
69.3445       46.57962
69.32684      46.58014
69.31364      46.5857
69.29756      46.58697
69.30016      46.60039
69.29628      46.60592
69.3002       46.60656
69.30531      46.60222
69.31316      46.59986
69.32045      46.60023
69.3292       46.59286
69.33053      46.59589
69.33317      46.59625
69.34067      46.59111
69.3375       46.58639
69.3445       46.57962
 1 
 1             637           
1
 -9999.0   ,   9990.0
   7
 12 
69.74925      46.59181
69.74453      46.5925
69.73803      46.59131
69.7355       46.59325
69.73939      46.59778
69.74084      46.60356
69.74783      46.60686
69.75867      46.60481
69.76373      46.60047
69.76256      46.59881
69.75436      46.59753
69.74925      46.59181
 1 
 1             638           
1
 -9999.0   ,   9990.0
   7
 12 
69.36781      46.58556
69.36311      46.586
69.36048      46.58909
69.36758      46.60409
69.37175      46.60567
69.3909       46.60706
69.39239      46.60528
69.3912       46.60409
69.38533      46.60289
69.37328      46.59384
69.37403      46.58975
69.36781      46.58556
 1 
 1             639           
1
 -9999.0   ,   9990.0
   7
 8 
67.04775      46.59923
67.03484      46.59881
67.03356      46.60767
67.03792      46.60981
67.04831      46.60708
67.05378      46.60378
67.05214      46.60114
67.04775      46.59923
 1 
 1             640           
1
 -9999.0   ,   9990.0
   7
 7 
69.84141      46.5975
69.83503      46.60181
69.82556      46.60345
69.823        46.6095
69.82491      46.61028
69.84361      46.60239
69.84141      46.5975
 1 
 1             641           
1
 -9999.0   ,   9990.0
   7
 18 
69.29756      46.58697
69.28706      46.5922
69.28108      46.59211
69.2789       46.59086
69.27831      46.58673
69.27317      46.58509
69.26722      46.58481
69.25739      46.58983
69.2552       46.59497
69.2628       46.59511
69.26408      46.59909
69.25715      46.60836
69.26458      46.61033
69.27648      46.59809
69.28333      46.59614
69.29031      46.596
69.2935       46.59411
69.29756      46.58697
 1 
 1             642           
1
 -9999.0   ,   9990.0
   7
 16 
70.4335       46.58272
70.41356      46.58697
70.40058      46.58303
70.39772      46.58567
70.39778      46.58886
70.4018       46.59223
70.41116      46.5917
70.42353      46.5947
70.42511      46.59956
70.42253      46.61067
70.42475      46.61189
70.4327       46.60442
70.43511      46.59925
70.43191      46.58953
70.43733      46.58448
70.4335       46.58272
 1 
 1             643           
1
 -9999.0   ,   9990.0
   7
 7 
69.77609      46.60331
69.77303      46.60731
69.76759      46.60864
69.76642      46.61067
69.77756      46.61231
69.77792      46.60498
69.77609      46.60331
 1 
 1             644           
1
 -9999.0   ,   9990.0
   7
 7 
68.15828      46.60797
68.15033      46.6105
68.1539       46.61392
68.1667       46.61536
68.17247      46.61178
68.16945      46.60931
68.15828      46.60797
 1 
 1             645           
1
 -9999.0   ,   9990.0
   7
 17 
69.526        46.60197
69.50758      46.60339
69.49814      46.608
69.49631      46.60998
69.49758      46.6137
69.49983      46.6145
69.50345      46.61145
69.50642      46.61183
69.50781      46.61442
69.5203       46.61248
69.52656      46.61642
69.54545      46.61709
69.548        46.61467
69.54664      46.60842
69.5417       46.60453
69.53703      46.60478
69.526        46.60197
 1 
 1             646           
1
 -9999.0   ,   9990.0
   7
 10 
70.309        46.61373
70.30947      46.61603
70.3127       46.61731
70.31628      46.61425
70.31831      46.60586
70.31645      46.60053
70.30998      46.60256
70.30808      46.60522
70.31059      46.61106
70.309        46.61373
 1 
 1             647           
1
 -9999.0   ,   9990.0
   7
 9 
69.03516      46.61037
69.03061      46.61242
69.03125      46.62208
69.03475      46.62339
69.04208      46.62331
69.04434      46.62089
69.04239      46.61439
69.04041      46.61109
69.03516      46.61037
 1 
 1             648           
1
 -9999.0   ,   9990.0
   7
 13 
69.80736      46.60998
69.79901      46.61028
69.79506      46.61331
69.79647      46.61589
69.80141      46.61634
69.80651      46.61886
69.80805      46.62372
69.81416      46.62239
69.81961      46.61737
69.81903      46.613
69.81575      46.61239
69.80925      46.61439
69.80736      46.60998
 1 
 1             649           
1
 -9999.0   ,   9990.0
   7
 8 
69.43958      46.62195
69.43453      46.62264
69.42767      46.62139
69.42167      46.625
69.42275      46.63056
69.42756      46.63239
69.43445      46.62997
69.43958      46.62195
 1 
 1             650           
1
 -9999.0   ,   9990.0
   7
 13 
69.37111      46.61183
69.36895      46.61378
69.36723      46.624
69.36305      46.62586
69.36108      46.62875
69.36273      46.6325
69.36915      46.63784
69.38233      46.63895
69.38495      46.63608
69.37822      46.63025
69.38089      46.62053
69.37483      46.61795
69.37111      46.61183
 1 
 1             651           
1
 -9999.0   ,   9990.0
   7
 24 
67.86256      46.59386
67.85973      46.59528
67.85909      46.60031
67.85856      46.60073
67.85273      46.60564
67.84589      46.60453
67.83278      46.60808
67.83072      46.61622
67.8265       46.62056
67.82725      46.62773
67.82539      46.62923
67.81555      46.63067
67.81256      46.63325
67.81325      46.63558
67.81883      46.63867
67.82436      46.6397
67.83178      46.63647
67.84645      46.62339
67.84597      46.61417
67.84903      46.61117
67.85733      46.6112
67.86022      46.60953
67.86584      46.59956
67.86256      46.59386
 1 
 1             652           
1
 -9999.0   ,   9990.0
   7
 11 
69.9502       46.62123
69.94833      46.62711
69.93964      46.63131
69.93161      46.63189
69.92625      46.636
69.9292       46.64003
69.9329       46.63972
69.95309      46.62961
69.95686      46.6245
69.95378      46.62186
69.9502       46.62123
 1 
 1             653           
1
 -9999.0   ,   9990.0
   7
 11 
70.34636      46.64336
70.34878      46.64231
70.34914      46.63822
70.35191      46.63673
70.36442      46.63814
70.37133      46.6352
70.37089      46.63245
70.35216      46.62986
70.34284      46.62628
70.33891      46.63736
70.34636      46.64336
 1 
 1             654           
1
 -9999.0   ,   9990.0
   7
 10 
69.80456      46.63272
69.80041      46.63414
69.78811      46.63431
69.78523      46.6367
69.78531      46.63945
69.80086      46.64356
69.80881      46.64047
69.8132       46.63634
69.81136      46.63442
69.80456      46.63272
 1 
 1             655           
1
 -9999.0   ,   9990.0
   7
 24 
71.31481      46.64528
71.315        46.64592
71.33178      46.6485
71.35516      46.64625
71.35645      46.64486
71.35841      46.6427
71.35323      46.63086
71.35811      46.62211
71.35558      46.61517
71.36095      46.60961
71.3647       46.59783
71.364        46.59323
71.35067      46.60425
71.34734      46.60942
71.34931      46.61497
71.34745      46.61659
71.34506      46.61872
71.33933      46.61992
71.33653      46.62234
71.338        46.62514
71.33456      46.63189
71.32406      46.64003
71.3142       46.64336
71.31481      46.64528
 1 
 1             656           
1
 -9999.0   ,   9990.0
   7
 8 
69.91536      46.6385
69.90806      46.63864
69.9059       46.64039
69.90742      46.64914
69.91636      46.64587
69.9207       46.64195
69.92022      46.64009
69.91536      46.6385
 1 
 1             657           
1
 -9999.0   ,   9990.0
   7
 7 
70.36311      46.65364
70.36625      46.6515
70.36598      46.64692
70.3602       46.64342
70.3554       46.64439
70.35433      46.64797
70.36311      46.65364
 1 
 1             658           
1
 -9999.0   ,   9990.0
   7
 8 
67.89042      46.64417
67.88361      46.64514
67.87995      46.65042
67.88186      46.65375
67.8857       46.65511
67.89153      46.65364
67.8935       46.64873
67.89042      46.64417
 1 
 1             659           
1
 -9999.0   ,   9990.0
   7
 7 
71.68253      46.65903
71.68411      46.65495
71.68689      46.6532
71.68715      46.64886
71.6827       46.64553
71.67936      46.65664
71.68253      46.65903
 1 
 1             660           
1
 -9999.0   ,   9990.0
   7
 9 
69.03286      46.65034
69.02417      46.65081
69.02192      46.653
69.02311      46.65442
69.02911      46.65428
69.03186      46.65967
69.03723      46.65928
69.03731      46.65239
69.03286      46.65034
 1 
 1             661           
1
 -9999.0   ,   9990.0
   7
 7 
69.06361      46.64892
69.0502       46.65008
69.04858      46.65275
69.05011      46.65695
69.05511      46.66017
69.06409      46.65078
69.06361      46.64892
 1 
 1             662           
1
 -9999.0   ,   9990.0
   7
 15 
70.19017      46.63933
70.19847      46.6587
70.21017      46.6617
70.21259      46.66064
70.2119       46.65742
70.22175      46.65461
70.22317      46.65342
70.22464      46.6522
70.22314      46.65008
70.21911      46.6497
70.21458      46.64928
70.21316      46.65036
70.20666      46.6485
70.19395      46.63814
70.19017      46.63933
 1 
 1             663           
1
 -9999.0   ,   9990.0
   7
 9 
70.54895      46.65767
70.54017      46.65917
70.53398      46.65756
70.52731      46.65797
70.53261      46.66231
70.5397       46.66486
70.54642      46.6642
70.55072      46.66025
70.54895      46.65767
 1 
 1             664           
1
 -9999.0   ,   9990.0
   7
 6 
69.782        46.66745
69.77792      46.66842
69.77722      46.67206
69.78103      46.67406
69.79595      46.67472
69.782        46.66745
 1 
 1             665           
1
 -9999.0   ,   9990.0
   7
 11 
69.08345      46.65336
69.07339      46.654
69.06989      46.65564
69.06739      46.66356
69.07058      46.66484
69.07961      46.66439
69.0849       46.66786
69.08972      46.67567
69.09625      46.6675
69.09466      46.66353
69.08345      46.65336
 1 
 1             666           
1
 -9999.0   ,   9990.0
   7
 18 
69.42045      46.64028
69.415        46.64164
69.40956      46.65261
69.40411      46.65714
69.4002       46.66614
69.40395      46.66884
69.40289      46.67586
69.41131      46.67489
69.41466      46.67781
69.42091      46.67856
69.43383      46.67575
69.43608      46.67333
69.43028      46.66503
69.43183      46.65939
69.42892      46.65192
69.43345      46.64342
69.43166      46.64106
69.42045      46.64028
 1 
 1             667           
1
 -9999.0   ,   9990.0
   7
 9 
70.24736      46.67786
70.25675      46.66909
70.25528      46.66695
70.25159      46.66725
70.23566      46.67739
70.2347       46.67803
70.23703      46.68098
70.23711      46.68109
70.24736      46.67786
 1 
 1             668           
1
 -9999.0   ,   9990.0
   7
 13 
69.48905      46.66253
69.47975      46.66256
69.47639      46.66606
69.46547      46.669
69.46233      46.67364
69.46411      46.67922
69.46956      46.68133
69.47405      46.67948
69.48873      46.67948
69.49073      46.67592
69.48448      46.66873
69.49053      46.66467
69.48905      46.66253
 1 
 1             669           
1
 -9999.0   ,   9990.0
   7
 11 
71.23998      46.66942
71.2362       46.67634
71.24116      46.68153
71.24589      46.68031
71.24892      46.67492
71.24125      46.66072
71.23372      46.65406
71.22864      46.66534
71.22989      46.66653
71.2382       46.66678
71.23998      46.66942
 1 
 1             670           
1
 -9999.0   ,   9990.0
   7
 10 
67.98953      46.67167
67.98214      46.67467
67.96545      46.67758
67.95903      46.68086
67.96111      46.68281
67.96914      46.68261
67.99184      46.67708
67.99548      46.67478
67.99375      46.67261
67.98953      46.67167
 1 
 1             671           
1
 -9999.0   ,   9990.0
   7
 81 
71.11789      46.58689
71.12206      46.59022
71.12386      46.59167
71.13906      46.59239
71.14281      46.5962
71.1505       46.59506
71.15231      46.59786
71.15933      46.59695
71.16853      46.60322
71.17514      46.60342
71.18725      46.60108
71.19764      46.60461
71.20286      46.60114
71.2087       46.60292
71.21406      46.59739
71.22139      46.60653
71.22664      46.60762
71.23425      46.61267
71.23272      46.61597
71.24389      46.62483
71.24873      46.623
71.25383      46.62522
71.25731      46.62672
71.26545      46.64228
71.27503      46.64303
71.28005      46.65211
71.28131      46.66292
71.27572      46.67189
71.27792      46.6747
71.28458      46.68314
71.2927       46.68133
71.30016      46.68303
71.30086      46.6832
71.30148      46.68242
71.3027       46.68075
71.29308      46.67542
71.28667      46.65233
71.28809      46.651
71.29373      46.65142
71.29786      46.64814
71.29245      46.64631
71.28655      46.64431
71.27617      46.636
71.27064      46.6342
71.269        46.61928
71.26573      46.61392
71.25533      46.61039
71.24022      46.60806
71.23848      46.60436
71.24523      46.58353
71.24308      46.5807
71.23848      46.58008
71.23392      46.58383
71.23106      46.59153
71.23256      46.59889
71.23064      46.60228
71.22559      46.60348
71.22311      46.60075
71.21695      46.59403
71.20075      46.58367
71.196        46.58992
71.19217      46.5875
71.19136      46.58497
71.1962       46.5775
71.19617      46.57692
71.19473      46.57478
71.18795      46.57686
71.1792       46.58823
71.17672      46.595
71.17436      46.59561
71.17245      46.59464
71.1722       46.58367
71.15784      46.58525
71.15261      46.58872
71.14928      46.58886
71.1484       46.58745
71.14911      46.58175
71.1364       46.58361
71.12908      46.5835
71.12245      46.58339
71.11789      46.58689
 1 
 1             672           
1
 -9999.0   ,   9990.0
   7
 12 
70.9392       46.65172
70.93872      46.65378
70.93428      46.65545
70.93864      46.66384
70.93508      46.68042
70.93731      46.68622
70.94178      46.68453
70.94798      46.64975
70.94617      46.6432
70.9415       46.64303
70.93906      46.64486
70.9392       46.65172
 1 
 1             673           
1
 -9999.0   ,   9990.0
   7
 14 
69.90547      46.67745
69.89953      46.68042
69.89267      46.6792
69.88589      46.68395
69.88092      46.68395
69.87984      46.67747
69.87725      46.6767
69.86542      46.68236
69.86625      46.68423
69.8785       46.68842
69.89723      46.68739
69.91092      46.67953
69.91039      46.67814
69.90547      46.67745
 1 
 1             674           
1
 -9999.0   ,   9990.0
   7
 13 
70.07125      46.66853
70.05506      46.65983
70.04128      46.65786
70.03553      46.65878
70.03014      46.66334
70.023        46.66511
70.02111      46.67486
70.02228      46.68042
70.02692      46.68428
70.03917      46.6887
70.04653      46.68464
70.06139      46.68206
70.07125      46.66853
 1 
 1             675           
1
 -9999.0   ,   9990.0
   7
 40 
70.57889      46.64873
70.57858      46.65261
70.59128      46.65606
70.59525      46.66033
70.59233      46.66364
70.59714      46.67414
70.59497      46.67634
70.58806      46.67539
70.58884      46.67817
70.59261      46.68083
70.59834      46.68011
70.60114      46.68228
70.59998      46.68453
70.60245      46.6867
70.60616      46.68614
70.61853      46.68959
70.62683      46.69017
70.63242      46.69056
70.63586      46.68909
70.63211      46.68598
70.63483      46.68517
70.63714      46.677
70.64867      46.67012
70.64716      46.668
70.63766      46.66603
70.62825      46.65906
70.62233      46.65836
70.61698      46.66297
70.60681      46.66145
70.60686      46.65642
70.61633      46.65447
70.6195       46.65231
70.61995      46.64639
70.61758      46.64286
70.6127       46.64153
70.60965      46.64234
70.59853      46.65267
70.59456      46.65253
70.58459      46.64825
70.57889      46.64873
 1 
 1             676           
1
 -9999.0   ,   9990.0
   7
 9 
68.0832       46.67675
68.08134      46.67825
68.0877       46.69145
68.09172      46.69375
68.09653      46.69267
68.09891      46.68959
68.09609      46.68278
68.09141      46.67747
68.0832       46.67675
 1 
 1             677           
1
 -9999.0   ,   9990.0
   7
 9 
69.82556      46.70742
69.83303      46.70864
69.83595      46.70578
69.82595      46.70236
69.82464      46.70306
69.8165       46.70745
69.81934      46.70895
69.82515      46.70736
69.82556      46.70742
 1 
 1             678           
1
 -9999.0   ,   9990.0
   7
 9 
67.93398      46.6945
67.89997      46.69978
67.907        46.70734
67.91372      46.70956
67.92039      46.7095
67.92658      46.70806
67.93153      46.70328
67.936        46.69692
67.93398      46.6945
 1 
 1             679           
1
 -9999.0   ,   9990.0
   7
 24 
69.92839      46.6922
69.92681      46.69223
69.92173      46.69236
69.91703      46.69628
69.91839      46.69978
69.92275      46.69928
69.92558      46.701
69.92336      46.70364
69.91911      46.70278
69.91192      46.70497
69.90459      46.70489
69.901        46.70061
69.90383      46.69525
69.89692      46.69448
69.8967       46.70753
69.90175      46.7105
69.93117      46.70536
69.94256      46.69739
69.94686      46.70122
69.95042      46.69886
69.94864      46.6965
69.94061      46.69317
69.93456      46.69383
69.92839      46.6922
 1 
 1             680           
1
 -9999.0   ,   9990.0
   7
 9 
68.05708      46.70159
68.0477       46.70195
68.04295      46.70534
68.044        46.7077
68.05558      46.71089
68.05914      46.70928
68.06192      46.70553
68.06067      46.70225
68.05708      46.70159
 1 
 1             681           
1
 -9999.0   ,   9990.0
   7
 10 
71.19803      46.70917
71.18955      46.7112
71.18428      46.71537
71.18545      46.7177
71.19325      46.72045
71.20323      46.72034
71.20503      46.71856
71.1987       46.71378
71.20261      46.71025
71.19803      46.70917
 1 
 1             682           
1
 -9999.0   ,   9990.0
   7
 7 
69.53353      46.71089
69.53036      46.71256
69.52886      46.72098
69.53814      46.7182
69.54003      46.716
69.53745      46.71175
69.53353      46.71089
 1 
 1             683           
1
 -9999.0   ,   9990.0
   7
 13 
69.51072      46.69584
69.5057       46.69609
69.50336      46.69939
69.49966      46.69967
69.496        46.70317
69.50053      46.71117
69.50589      46.71417
69.51311      46.72206
69.51581      46.72175
69.51891      46.71731
69.52136      46.70597
69.51736      46.69936
69.51072      46.69584
 1 
 1             684           
1
 -9999.0   ,   9990.0
   7
 19 
69.62981      46.71028
69.62136      46.7115
69.61728      46.71589
69.61256      46.71636
69.60786      46.71339
69.60295      46.71592
69.60939      46.72148
69.61253      46.73034
69.61578      46.73117
69.6227       46.72531
69.62581      46.7275
69.62058      46.73323
69.6235       46.73403
69.6362       46.72684
69.6415       46.7202
69.63756      46.71614
69.63316      46.71684
69.63386      46.71297
69.62981      46.71028
 1 
 1             685           
1
 -9999.0   ,   9990.0
   7
 17 
69.8687       46.70792
69.8663       46.71217
69.866        46.719
69.8587       46.72237
69.85778      46.72506
69.8639       46.72761
69.86305      46.7292
69.85281      46.73195
69.85364      46.73381
69.85725      46.73442
69.86847      46.73195
69.87514      46.72811
69.87248      46.72478
69.872        46.71903
69.87525      46.71256
69.87328      46.70881
69.8687       46.70792
 1 
 1             686           
1
 -9999.0   ,   9990.0
   7
 7 
68.79875      46.72623
68.79211      46.72608
68.7872       46.73134
68.78064      46.73328
68.79739      46.73556
68.79989      46.73109
68.79875      46.72623
 1 
 1             687           
1
 -9999.0   ,   9990.0
   7
 13 
69.3987       46.724
69.38783      46.72578
69.38136      46.73395
69.38239      46.73698
69.38631      46.73761
69.39078      46.733
69.39242      46.73653
69.39592      46.73806
69.40289      46.7352
69.40698      46.73103
69.40545      46.72639
69.40331      46.72445
69.3987       46.724
 1 
 1             688           
1
 -9999.0   ,   9990.0
   7
 14 
71.0585       46.74389
71.06333      46.74156
71.06261      46.73328
71.05442      46.72684
71.05386      46.72086
71.04906      46.7182
71.04615      46.70322
71.04197      46.70103
71.03616      46.70792
71.04058      46.71583
71.04036      46.72772
71.0472       46.73459
71.04473      46.74136
71.0585       46.74389
 1 
 1             689           
1
 -9999.0   ,   9990.0
   7
 10 
69.66864      46.72189
69.66597      46.7252
69.66689      46.72961
69.66445      46.73431
69.67076      46.74489
69.67408      46.74481
69.68395      46.73931
69.6829       46.73308
69.68003      46.72792
69.66864      46.72189
 1 
 1             690           
1
 -9999.0   ,   9990.0
   7
 8 
69.8607       46.74031
69.84697      46.74109
69.84583      46.74261
69.84817      46.74959
69.85275      46.74706
69.86283      46.74589
69.8655       46.74233
69.8607       46.74031
 1 
 1             691           
1
 -9999.0   ,   9990.0
   7
 14 
70.1005       46.74734
70.10031      46.74939
70.08695      46.75364
70.08336      46.75281
70.08217      46.7587
70.084        46.76061
70.0935       46.7585
70.09711      46.75934
70.0999       46.75809
70.0992       46.75439
70.10564      46.75328
70.10992      46.75003
70.10756      46.74673
70.1005       46.74734
 1 
 1             692           
1
 -9999.0   ,   9990.0
   7
 13 
70.08336      46.75281
70.08695      46.75364
70.10031      46.74939
70.1005       46.74734
70.09067      46.74922
70.0875       46.7475
70.09233      46.74539
70.09356      46.74295
70.09133      46.7417
70.08595      46.74239
70.07675      46.74864
70.07978      46.75197
70.08336      46.75281
 1 
 1             693           
1
 -9999.0   ,   9990.0
   7
 11 
68.69486      46.74592
68.6907       46.7505
68.691        46.75373
68.69528      46.75695
68.70458      46.7602
68.71445      46.76164
68.72017      46.75803
68.71558      46.75436
68.70272      46.7532
68.69915      46.74662
68.69486      46.74592
 1 
 1             694           
1
 -9999.0   ,   9990.0
   7
 10 
69.05867      46.73253
69.05366      46.7325
69.04192      46.73945
69.03216      46.75889
69.03516      46.76181
69.0597       46.75709
69.06648      46.75284
69.06895      46.74542
69.06184      46.73406
69.05867      46.73253
 1 
 1             695           
1
 -9999.0   ,   9990.0
   7
 12 
69.82767      46.76309
69.82911      46.76456
69.83436      46.76547
69.84045      46.76459
69.85         46.7657
69.85928      46.76267
69.86081      46.76045
69.85865      46.75875
69.83066      46.75867
69.82745      46.76195
69.82701      46.76239
69.82767      46.76309
 1 
 1             696           
1
 -9999.0   ,   9990.0
   7
 8 
71.37336      46.75295
71.37028      46.76406
71.37278      46.76689
71.37842      46.76706
71.37961      46.76414
71.37775      46.75698
71.37631      46.75373
71.37336      46.75295
 1 
 1             697           
1
 -9999.0   ,   9990.0
   7
 19 
69.69495      46.75653
69.69061      46.75656
69.68786      46.761
69.68092      46.76367
69.6755       46.76823
69.6772       46.77128
69.68955      46.77092
69.6979       46.76742
69.701        46.76275
69.70406      46.7622
69.71316      46.76786
69.71128      46.77031
69.7165       46.77489
69.72125      46.77397
69.72256      46.77106
69.72092      46.76708
69.70951      46.75764
69.69978      46.75834
69.69495      46.75653
 1 
 1             698           
1
 -9999.0   ,   9990.0
   7
 7 
69.00386      46.77075
68.99728      46.77317
68.9932       46.77686
68.99664      46.77909
69.00331      46.77898
69.00808      46.77486
69.00386      46.77075
 1 
 1             699           
1
 -9999.0   ,   9990.0
   7
 6 
68.78833      46.77172
68.77848      46.77625
68.77886      46.78178
68.78406      46.78297
68.78961      46.77525
68.78833      46.77172
 1 
 1             700           
1
 -9999.0   ,   9990.0
   7
 17 
69.25736      46.75706
69.24911      46.76259
69.25511      46.76586
69.2447       46.77314
69.24398      46.77678
69.24966      46.77981
69.25692      46.78681
69.26192      46.78384
69.26733      46.78295
69.27842      46.78556
69.28909      46.77575
69.28581      46.77195
69.27164      46.76392
69.26192      46.76436
69.25784      46.76211
69.26061      46.75789
69.25736      46.75706
 1 
 1             701           
1
 -9999.0   ,   9990.0
   7
 8 
68.56817      46.76909
68.56392      46.77114
68.56811      46.77506
68.569        46.78197
68.57772      46.78725
68.58048      46.7865
68.57586      46.77159
68.56817      46.76909
 1 
 1             702           
1
 -9999.0   ,   9990.0
   7
 8 
71.91072      46.77622
71.9072       46.77978
71.90925      46.7842
71.91622      46.79078
71.918        46.78875
71.91656      46.77867
71.91436      46.77656
71.91072      46.77622
 1 
 1             703           
1
 -9999.0   ,   9990.0
   7
 20 
69.50489      46.79131
69.50784      46.7887
69.50898      46.7837
69.50516      46.7785
69.51095      46.77739
69.51564      46.76706
69.5082       46.75803
69.49756      46.75798
69.49464      46.76036
69.49797      46.76692
69.49672      46.77284
69.49817      46.77861
69.48736      46.78314
69.4905       46.78514
69.49836      46.78664
69.49726      46.79117
69.50011      46.79567
69.5037       46.79675
69.50556      46.79478
69.50489      46.79131
 1 
 1             704           
1
 -9999.0   ,   9990.0
   7
 20 
72            46.79803
72            46.78203
71.99258      46.77609
71.98898      46.76914
71.98905      46.76206
71.98675      46.76153
71.98228      46.76392
71.97936      46.76867
71.96948      46.76725
71.96686      46.77198
71.97297      46.78197
71.97214      46.78492
71.97011      46.78433
71.95773      46.78067
71.95195      46.78281
71.95506      46.78678
71.97073      46.7922
71.98197      46.7877
71.99284      46.78959
72            46.79803
 1 
 1             705           
1
 -9999.0   ,   9990.0
   7
 17 
69.7215       46.77831
69.70481      46.77872
69.69839      46.783
69.70316      46.78895
69.70161      46.79117
69.68981      46.79611
69.69092      46.79848
69.69453      46.79909
69.70016      46.79589
69.7034       46.80039
69.711        46.80097
69.71623      46.7987
69.71983      46.79586
69.71561      46.78767
69.71672      46.78314
69.72266      46.7802
69.7215       46.77831
 1 
 1             706           
1
 -9999.0   ,   9990.0
   7
 9 
69.94011      46.78586
69.93758      46.78781
69.93161      46.78756
69.92423      46.79547
69.91586      46.79948
69.9187       46.8012
69.93331      46.80184
69.94234      46.78689
69.94011      46.78586
 1 
 1             707           
1
 -9999.0   ,   9990.0
   7
 37 
67.26503      46.75653
67.26292      46.75517
67.26228      46.75261
67.26628      46.74784
67.2712       46.74608
67.2727       46.7425
67.25836      46.73034
67.24003      46.72545
67.23016      46.72434
67.227        46.7255
67.22428      46.73061
67.2259       46.73575
67.23053      46.74089
67.23805      46.73956
67.24384      46.73648
67.24678      46.73692
67.24695      46.74747
67.24367      46.75186
67.23711      46.75578
67.22645      46.75806
67.21961      46.76153
67.2177       46.76333
67.21231      46.76839
67.20942      46.77461
67.21416      46.77883
67.22345      46.78197
67.23167      46.78756
67.243        46.80208
67.25328      46.80092
67.26373      46.79975
67.26942      46.79486
67.27348      46.78503
67.28281      46.77553
67.28173      46.75917
67.28028      46.7577
67.2669       46.75775
67.26503      46.75653
 1 
 1             708           
1
 -9999.0   ,   9990.0
   7
 13 
70.504        46.78042
70.49384      46.78692
70.48936      46.79245
70.48834      46.797
70.4822       46.8027
70.48306      46.80434
70.48539      46.80442
70.4903       46.8012
70.49664      46.8012
70.50148      46.79933
70.5077       46.78448
70.50731      46.78078
70.504        46.78042
 1 
 1             709           
1
 -9999.0   ,   9990.0
   7
 9 
68.25753      46.78842
68.2485       46.79409
68.24661      46.79859
68.2477       46.80345
68.25111      46.80548
68.26414      46.79981
68.26522      46.79642
68.26178      46.78911
68.25753      46.78842
 1 
 1             710           
1
 -9999.0   ,   9990.0
   7
 22 
70.67917      46.76584
70.68145      46.76467
70.67958      46.76322
70.6735       46.76417
70.66261      46.76306
70.66089      46.76381
70.6602       46.76411
70.65816      46.76861
70.64361      46.77564
70.63711      46.78203
70.63786      46.78939
70.63416      46.78992
70.63314      46.79447
70.63548      46.79845
70.64073      46.79956
70.64586      46.80614
70.65214      46.78603
70.65828      46.7842
70.66128      46.77148
70.66748      46.76875
70.67555      46.76767
70.67917      46.76584
 1 
 1             711           
1
 -9999.0   ,   9990.0
   7
 9 
71.97867      46.79928
71.9765       46.80197
71.97889      46.80684
71.98283      46.80809
71.98791      46.80614
71.99076      46.80325
71.98991      46.80047
71.9842       46.80147
71.97867      46.79928
 1 
 1             712           
1
 -9999.0   ,   9990.0
   7
 26 
69.33178      46.77875
69.32848      46.78178
69.32139      46.78259
69.32453      46.78778
69.32322      46.7907
69.3202       46.791
69.31481      46.78786
69.30573      46.78253
69.30228      46.7835
69.29408      46.79525
69.29395      46.79981
69.30817      46.80417
69.31997      46.80292
69.33041      46.80503
69.33698      46.80945
69.343        46.80928
69.34553      46.80414
69.35106      46.80556
69.35472      46.80228
69.35736      46.80583
69.36295      46.80659
69.3655       46.80442
69.36264      46.79647
69.35711      46.79186
69.33828      46.78386
69.33178      46.77875
 1 
 1             713           
1
 -9999.0   ,   9990.0
   7
 10 
71.77153      46.79395
71.76356      46.7992
71.76736      46.80823
71.77428      46.80956
71.7807       46.81339
71.78406      46.81303
71.78616      46.81125
71.78225      46.80431
71.77734      46.79731
71.77153      46.79395
 1 
 1             714           
1
 -9999.0   ,   9990.0
   7
 10 
68.78289      46.81045
68.77761      46.79889
68.77395      46.7987
68.77272      46.8007
68.77258      46.80997
68.77255      46.811
68.7752       46.81434
68.78091      46.81397
68.7835       46.81181
68.78289      46.81045
 1 
 1             715           
1
 -9999.0   ,   9990.0
   7
 12 
70.47442      46.78386
70.4555       46.79503
70.44898      46.80142
70.43591      46.80617
70.43158      46.81014
70.43745      46.81608
70.44203      46.81673
70.45153      46.80678
70.45889      46.80225
70.46778      46.79986
70.47673      46.78808
70.47442      46.78386
 1 
 1             716           
1
 -9999.0   ,   9990.0
   7
 20 
68.93291      46.81867
68.9335       46.81961
68.94451      46.8195
68.95139      46.81778
68.95617      46.81367
68.98225      46.804
68.99358      46.79475
69.00175      46.79334
69.0053       46.79122
69.00361      46.78986
69.00317      46.7895
68.995        46.78795
68.98936      46.79042
68.98378      46.79286
68.97673      46.79961
68.9677       46.80281
68.96003      46.80264
68.94878      46.80483
68.93675      46.81131
68.93291      46.81867
 1 
 1             717           
1
 -9999.0   ,   9990.0
   7
 14 
66.88917      46.80225
66.88514      46.80359
66.88856      46.81203
66.88481      46.81497
66.8707       46.81539
66.87156      46.81906
66.8847       46.82409
66.90109      46.81898
66.90283      46.81678
66.91822      46.80925
66.92186      46.80545
66.91917      46.80359
66.90475      46.80175
66.88917      46.80225
 1 
 1             718           
1
 -9999.0   ,   9990.0
   7
 11 
70.75784      46.8077
70.74728      46.80483
70.74433      46.80817
70.75261      46.82173
70.75731      46.82578
70.76578      46.82403
70.76947      46.8197
70.77311      46.81539
70.769        46.80814
70.76         46.80828
70.75784      46.8077
 1 
 1             719           
1
 -9999.0   ,   9990.0
   7
 11 
68.2627       46.80912
68.25925      46.81534
68.26486      46.81589
68.26947      46.81914
68.27028      46.82353
68.27392      46.82672
68.27891      46.82128
68.278        46.81503
68.27509      46.81145
68.269        46.81222
68.2627       46.80912
 1 
 1             720           
1
 -9999.0   ,   9990.0
   7
 13 
68.32731      46.82914
68.31786      46.82509
68.31195      46.80781
68.30241      46.80908
68.29467      46.80431
68.29203      46.80667
68.2972       46.81361
68.30645      46.81734
68.30366      46.82086
68.31198      46.82958
68.31695      46.82986
68.32625      46.83445
68.32731      46.82914
 1 
 1             721           
1
 -9999.0   ,   9990.0
   7
 11 
69.88059      46.81673
69.87578      46.82178
69.86892      46.82011
69.8612       46.82778
69.85925      46.83433
69.86761      46.83789
69.87973      46.83684
69.89378      46.83261
69.89809      46.82595
69.89161      46.81995
69.88059      46.81673
 1 
 1             722           
1
 -9999.0   ,   9990.0
   7
 18 
68.60989      46.78603
68.60575      46.78717
68.60076      46.79286
68.60164      46.79681
68.60889      46.80339
68.60792      46.80884
68.61165      46.81728
68.61955      46.82367
68.62392      46.83514
68.63003      46.84006
68.63215      46.83925
68.6344       46.83411
68.63386      46.8272
68.63641      46.82528
68.63523      46.81536
68.62917      46.81
68.61615      46.78684
68.60989      46.78603
 1 
 1             723           
1
 -9999.0   ,   9990.0
   7
 18 
69.58425      46.79795
69.58242      46.7997
69.58386      46.80134
69.58873      46.80686
69.60425      46.81856
69.60345      46.82334
69.61498      46.82478
69.61842      46.82722
69.61955      46.83278
69.62358      46.83595
69.63714      46.84045
69.64086      46.83992
69.64567      46.83167
69.64425      46.82908
69.61511      46.81333
69.6065       46.81272
69.59409      46.80323
69.58425      46.79795
 1 
 1             724           
1
 -9999.0   ,   9990.0
   7
 22 
71.90561      46.8017
71.90075      46.79356
71.89817      46.79189
71.89511      46.7932
71.89989      46.80864
71.8943       46.81306
71.893        46.81806
71.8937       46.83545
71.88836      46.84078
71.88922      46.84334
71.89253      46.84411
71.898        46.8415
71.9057       46.84103
71.90984      46.83861
71.91064      46.83612
71.91228      46.81878
71.91553      46.81453
71.91706      46.8052
71.91541      46.79898
71.91006      46.79381
71.90703      46.7942
71.90561      46.8017
 1 
 1             725           
1
 -9999.0   ,   9990.0
   7
 31 
70.06341      46.77098
70.05973      46.76761
70.05428      46.77264
70.05053      46.76975
70.05106      46.76403
70.04386      46.76236
70.04442      46.75645
70.04145      46.75609
70.03247      46.76325
70.02556      46.77325
70.02486      46.78467
70.02808      46.79695
70.03684      46.8035
70.03103      46.80875
70.03061      46.81008
70.02959      46.8135
70.03384      46.82192
70.03442      46.83039
70.04103      46.84189
70.0445       46.84411
70.05775      46.83414
70.05411      46.81911
70.05639      46.816
70.0555       46.81459
70.04745      46.81517
70.04508      46.80431
70.04761      46.79845
70.05622      46.79539
70.0657       46.77909
70.06609      46.77475
70.06341      46.77098
 1 
 1             726           
1
 -9999.0   ,   9990.0
   7
 21 
71.27228      46.80056
71.26986      46.80184
71.27072      46.80392
71.27475      46.80633
71.26542      46.80811
71.25983      46.807
71.2474       46.81392
71.24323      46.82089
71.24931      46.8245
71.24648      46.84159
71.24886      46.84578
71.25214      46.84634
71.2584       46.84286
71.25892      46.83534
71.27333      46.82392
71.26248      46.8222
71.2724       46.81817
71.28161      46.81
71.28159      46.80586
71.27756      46.80139
71.27228      46.80056
 1 
 1             727           
1
 -9999.0   ,   9990.0
   7
 19 
70.65528      46.82617
70.65383      46.82772
70.65823      46.8352
70.65631      46.83834
70.64391      46.83492
70.63267      46.83814
70.62375      46.83711
70.61578      46.84072
70.6152       46.84389
70.61875      46.84542
70.6259       46.84362
70.634        46.84667
70.64903      46.84609
70.65986      46.84831
70.66628      46.84328
70.66417      46.84045
70.66426      46.83497
70.6592       46.82722
70.65528      46.82617
 1 
 1             728           
1
 -9999.0   ,   9990.0
   7
 15 
69.03725      46.83225
69.03206      46.83725
69.02523      46.83553
69.02292      46.83839
69.02656      46.84178
69.03423      46.8417
69.03603      46.84364
69.03545      46.84909
69.04281      46.84878
69.04478      46.85231
69.04845      46.85228
69.0485       46.84861
69.04078      46.83975
69.04305      46.83414
69.03725      46.83225
 1 
 1             729           
1
 -9999.0   ,   9990.0
   7
 12 
67.13645      46.83703
67.12028      46.83781
67.10914      46.83614
67.10386      46.83786
67.10064      46.84178
67.10045      46.84542
67.1102       46.85228
67.12045      46.85548
67.12898      46.85422
67.13517      46.85073
67.13881      46.84156
67.13645      46.83703
 1 
 1             730           
1
 -9999.0   ,   9990.0
   7
 8 
70.92865      46.85506
70.93291      46.85645
70.93395      46.85481
70.9312       46.85078
70.92764      46.84836
70.91745      46.84606
70.91589      46.85
70.92865      46.85506
 1 
 1             731           
1
 -9999.0   ,   9990.0
   7
 10 
71.50489      46.85553
71.50478      46.85209
71.49783      46.85097
71.48608      46.85222
71.476        46.8485
71.47128      46.8495
71.48678      46.85706
71.49453      46.85592
71.50145      46.85703
71.50489      46.85553
 1 
 1             732           
1
 -9999.0   ,   9990.0
   7
 15 
71.36878      46.85686
71.379        46.85834
71.38189      46.85522
71.37947      46.85125
71.38098      46.84878
71.38675      46.84714
71.38897      46.844
71.3868       46.84142
71.37953      46.84075
71.37214      46.83639
71.36898      46.84384
71.36511      46.8467
71.37086      46.85053
71.37226      46.8547
71.36878      46.85686
 1 
 1             733           
1
 -9999.0   ,   9990.0
   7
 11 
68.6797       46.84089
68.67865      46.84428
68.68506      46.85836
68.69258      46.8597
68.69908      46.86417
68.7027       46.85909
68.70036      46.85597
68.69175      46.85231
68.69126      46.84795
68.68431      46.84159
68.6797       46.84089
 1 
 1             734           
1
 -9999.0   ,   9990.0
   7
 15 
69.64073      46.85158
69.62842      46.8547
69.61283      46.85353
69.61248      46.85742
69.61742      46.86131
69.62111      46.861
69.62581      46.85756
69.63286      46.8572
69.64195      46.85967
69.64958      46.86711
69.65331      46.86659
69.65464      46.863
69.65248      46.85786
69.64941      46.85498
69.64073      46.85158
 1 
 1             735           
1
 -9999.0   ,   9990.0
   7
 12 
70.73675      46.8502
70.73406      46.85056
70.72576      46.85873
70.71273      46.85895
70.71036      46.86367
70.71214      46.87081
70.7147       46.87206
70.72608      46.87156
70.72953      46.87009
70.7292       46.86573
70.73859      46.85234
70.73675      46.8502
 1 
 1             736           
1
 -9999.0   ,   9990.0
   7
 9 
71.40886      46.86087
71.40636      46.86306
71.40798      46.86906
71.42045      46.87242
71.42484      46.87164
71.42173      46.86811
71.42173      46.86284
71.415        46.86356
71.40886      46.86087
 1 
 1             737           
1
 -9999.0   ,   9990.0
   7
 6 
70.26153      46.86517
70.25731      46.86364
70.25086      46.87253
70.25125      46.87575
70.26239      46.87047
70.26153      46.86517
 1 
 1             738           
1
 -9999.0   ,   9990.0
   7
 15 
69.52381      46.86272
69.52039      46.86347
69.52486      46.86895
69.52164      46.87131
69.52101      46.87425
69.53222      46.88553
69.53717      46.88623
69.53878      46.88034
69.54261      46.87847
69.53978      46.87695
69.5337       46.87759
69.53161      46.87498
69.53484      46.86942
69.53091      46.86508
69.52381      46.86272
 1 
 1             739           
1
 -9999.0   ,   9990.0
   7
 25 
71.62873      46.885
71.63208      46.88464
71.63531      46.88634
71.64105      46.88492
71.65189      46.87723
71.65528      46.87639
71.66025      46.88728
71.66586      46.88859
71.66934      46.88617
71.66765      46.88133
71.6697       46.86928
71.6795       46.87253
71.6865       46.87273
71.69231      46.87061
71.69461      46.85992
71.69109      46.85753
71.68611      46.85717
71.6762       46.86122
71.66991      46.86059
71.66608      46.8575
71.65947      46.85686
71.64941      46.8665
71.64814      46.86775
71.631        46.8805
71.62873      46.885
 1 
 1             740           
1
 -9999.0   ,   9990.0
   7
 13 
68.69003      46.87031
68.68564      46.87078
68.686        46.87356
68.69183      46.88392
68.6992       46.88959
68.70842      46.89078
68.70856      46.88392
68.71515      46.88175
68.71345      46.87889
68.70789      46.87792
68.70541      46.87917
68.69845      46.87878
68.69003      46.87031
 1 
 1             741           
1
 -9999.0   ,   9990.0
   7
 37 
70.34881      46.85514
70.34609      46.85559
70.34303      46.85609
70.34311      46.85906
70.34875      46.86339
70.34153      46.86997
70.34314      46.87439
70.33583      46.878
70.33992      46.88114
70.33736      46.88353
70.332        46.88378
70.32828      46.88845
70.3304       46.89106
70.33583      46.88989
70.34147      46.88645
70.34975      46.88722
70.35278      46.88456
70.35623      46.88156
70.35931      46.88075
70.35941      46.87525
70.36756      46.87292
70.37072      46.87203
70.37353      46.86645
70.38042      46.86373
70.38489      46.85428
70.394        46.84917
70.39516      46.84714
70.39225      46.84611
70.375        46.85664
70.36916      46.86261
70.36442      46.86356
70.36291      46.85778
70.3562       46.8582
70.35948      46.85123
70.3567       46.84839
70.34981      46.85498
70.34881      46.85514
 1 
 1             742           
1
 -9999.0   ,   9990.0
   7
 14 
69.43647      46.87808
69.41973      46.88187
69.41631      46.88584
69.41358      46.88639
69.40561      46.88142
69.40481      46.88606
69.40942      46.89123
69.41236      46.89184
69.41765      46.88911
69.42178      46.89111
69.42961      46.88647
69.43811      46.88503
69.44109      46.88198
69.43647      46.87808
 1 
 1             743           
1
 -9999.0   ,   9990.0
   7
 21 
69.00661      46.89323
69.01314      46.8915
69.01753      46.88508
69.0125       46.88206
68.98558      46.87773
68.95966      46.87023
68.95634      46.87028
68.94942      46.87542
68.94272      46.87553
68.95253      46.88359
68.95734      46.88545
68.96306      46.89123
68.96883      46.89336
68.97528      46.89256
68.98333      46.88906
68.99103      46.88281
69.00139      46.88286
69.00536      46.88628
69.00478      46.88678
69.00056      46.89039
69.00661      46.89323
 1 
 1             744           
1
 -9999.0   ,   9990.0
   7
 29 
70.38403      46.88839
70.3862       46.88617
70.40439      46.87223
70.40725      46.86595
70.40645      46.85972
70.41178      46.8517
70.41109      46.83998
70.414        46.83714
70.41645      46.83975
70.42886      46.83886
70.43503      46.83292
70.43181      46.83164
70.42658      46.8342
70.41622      46.83058
70.41286      46.82678
70.41155      46.83039
70.40614      46.83545
70.40391      46.84223
70.40542      46.848
70.39958      46.85784
70.3995       46.86311
70.39247      46.8752
70.38739      46.87614
70.38617      46.87714
70.37984      46.88248
70.37911      46.88378
70.37395      46.89323
70.37781      46.89475
70.38403      46.88839
 1 
 1             745           
1
 -9999.0   ,   9990.0
   7
 5 
69.89964      46.89195
69.91306      46.89481
69.92081      46.89034
69.91898      46.88867
69.89964      46.89195
 1 
 1             746           
1
 -9999.0   ,   9990.0
   7
 7 
69.868        46.89081
69.85865      46.89106
69.86923      46.89564
69.87581      46.89664
69.88178      46.8937
69.88056      46.89247
69.868        46.89081
 1 
 1             747           
1
 -9999.0   ,   9990.0
   7
 9 
67.38533      46.88523
67.36616      46.88833
67.36286      46.89525
67.3652       46.89792
67.38609      46.89925
67.39542      46.89711
67.39845      46.89456
67.39817      46.89178
67.38533      46.88523
 1 
 1             748           
1
 -9999.0   ,   9990.0
   7
 10 
70.57031      46.88775
70.56528      46.89214
70.55731      46.89184
70.54253      46.89675
70.54336      46.89908
70.56931      46.90006
70.57411      46.89842
70.57233      46.89583
70.57661      46.89234
70.57031      46.88775
 1 
 1             749           
1
 -9999.0   ,   9990.0
   7
 26 
69.70258      46.86081
69.68772      46.86267
69.68205      46.8695
69.673        46.87
69.66911      46.87211
69.6712       46.87445
69.67333      46.87689
69.69336      46.88053
69.69434      46.88425
69.7024       46.89056
69.70683      46.89648
69.72195      46.90264
69.72628      46.8992
69.72065      46.89206
69.72647      46.88684
69.71553      46.88245
69.71306      46.86997
69.70883      46.86864
69.70606      46.86989
69.70697      46.87428
69.70441      46.87645
69.69773      46.87661
69.69389      46.87483
69.69445      46.87258
69.70295      46.86748
69.70258      46.86081
 1 
 1             750           
1
 -9999.0   ,   9990.0
   7
 6 
70.41783      46.89128
70.41195      46.8977
70.4192       46.90278
70.42339      46.90042
70.42586      46.89481
70.41783      46.89128
 1 
 1             751           
1
 -9999.0   ,   9990.0
   7
 7 
70.44536      46.90517
70.43081      46.90759
70.43065      46.90964
70.4384       46.909
70.44591      46.91067
70.44733      46.9057
70.44536      46.90517
 1 
 1             752           
1
 -9999.0   ,   9990.0
   7
 25 
69.45397      46.91033
69.4547       46.90939
69.45389      46.90731
69.44967      46.90298
69.44564      46.89317
69.44336      46.89239
69.43992      46.89681
69.43231      46.89942
69.42467      46.90036
69.42367      46.90006
69.4217       46.8987
69.41878      46.89856
69.4167       46.89845
69.4102       46.90342
69.40884      46.90678
69.41509      46.90797
69.42989      46.90364
69.43339      46.9052
69.43725      46.90422
69.43728      46.90422
69.44025      46.90345
69.44092      46.90534
69.44209      46.90859
69.45161      46.91336
69.45397      46.91033
 1 
 1             753           
1
 -9999.0   ,   9990.0
   7
 25 
67.30773      46.87056
67.29245      46.87208
67.28678      46.87425
67.28273      46.8795
67.28286      46.88036
67.28492      46.89247
67.27905      46.89853
67.27925      46.90198
67.2864       46.9107
67.28481      46.91725
67.28686      46.92175
67.29867      46.92597
67.30586      46.92484
67.30759      46.91967
67.30683      46.91548
67.29464      46.90206
67.29475      46.89403
67.29772      46.88942
67.30092      46.88825
67.3095       46.88903
67.31178      46.88711
67.31245      46.88233
67.30983      46.87689
67.3113       46.87356
67.30773      46.87056
 1 
 1             754           
1
 -9999.0   ,   9990.0
   7
 18 
70.42325      46.92634
70.42692      46.92231
70.43498      46.91803
70.43342      46.91661
70.426        46.91722
70.41531      46.90948
70.41089      46.91022
70.40898      46.91184
70.40622      46.91417
70.40248      46.91517
70.39733      46.91267
70.39481      46.91509
70.38934      46.91648
70.39498      46.92081
70.40036      46.92034
70.40508      46.92398
70.4225       46.92717
70.42325      46.92634
 1 
 1             755           
1
 -9999.0   ,   9990.0
   7
 14 
70            46.91347
69.99895      46.91245
69.98406      46.91456
69.97622      46.91262
69.96416      46.91839
69.9612       46.92342
69.96484      46.92747
69.97245      46.92825
69.97936      46.92581
69.99033      46.91895
69.9964       46.91828
70            46.91589
70.00105      46.91484
70            46.91347
 1 
 1             756           
1
 -9999.0   ,   9990.0
   7
 9 
71.19403      46.91992
71.19126      46.92145
71.19814      46.92761
71.20178      46.92842
71.2072       46.9272
71.21005      46.92433
71.20881      46.92314
71.19978      46.92331
71.19403      46.91992
 1 
 1             757           
1
 -9999.0   ,   9990.0
   7
 13 
68.16475      46.92708
68.17233      46.92728
68.1839       46.93114
68.18775      46.92975
68.18603      46.92736
68.1795       46.92333
68.16911      46.92089
68.16736      46.92086
68.1427       46.9205
68.13873      46.92303
68.14011      46.92517
68.1443       46.92656
68.16475      46.92708
 1 
 1             758           
1
 -9999.0   ,   9990.0
   7
 11 
70.20328      46.90928
70.19811      46.90723
70.18145      46.91456
70.17695      46.92012
70.1682       46.92478
70.16795      46.92773
70.16856      46.93189
70.17125      46.93175
70.18664      46.92003
70.20008      46.91534
70.20328      46.90928
 1 
 1             759           
1
 -9999.0   ,   9990.0
   7
 9 
69.8575       46.92123
69.85081      46.92139
69.85083      46.92461
69.84497      46.93009
69.84766      46.93339
69.85136      46.93334
69.86145      46.92897
69.86236      46.92259
69.8575       46.92123
 1 
 1             760           
1
 -9999.0   ,   9990.0
   7
 47 
68.2618       46.84942
68.25828      46.85084
68.25453      46.85703
68.24167      46.86386
68.2402       46.86767
68.24772      46.87703
68.24928      46.87778
68.25467      46.88042
68.25525      46.88664
68.26356      46.88986
68.26873      46.89406
68.26636      46.89689
68.25986      46.89814
68.25453      46.89806
68.24753      46.89514
68.23192      46.897
68.24741      46.91256
68.24811      46.91764
68.25267      46.92431
68.25173      46.92656
68.23775      46.9285
68.23326      46.93261
68.23603      46.93458
68.25778      46.93447
68.26311      46.93203
68.26573      46.9282
68.26675      46.92673
68.26581      46.91795
68.26128      46.91403
68.25642      46.91284
68.25161      46.9082
68.25075      46.90425
68.25325      46.90303
68.26366      46.9027
68.26528      46.90853
68.26878      46.91011
68.27309      46.90784
68.27533      46.90292
68.27678      46.89659
68.27536      46.88895
68.26117      46.87367
68.26915      46.86864
68.2692       46.86542
68.26314      46.85753
68.27355      46.8517
68.27272      46.85028
68.2618       46.84942
 1 
 1             761           
1
 -9999.0   ,   9990.0
   7
 9 
69.47053      46.92481
69.46761      46.92717
69.46995      46.9305
69.4684       46.9327
69.4708       46.93534
69.4745       46.93506
69.47816      46.92859
69.47647      46.92553
69.47053      46.92481
 1 
 1             762           
1
 -9999.0   ,   9990.0
   7
 11 
69.50892      46.92403
69.50695      46.92145
69.50234      46.92078
69.50008      46.9232
69.50061      46.92383
69.50486      46.92892
69.50545      46.9365
69.5095       46.936
69.51211      46.93336
69.5117       46.92764
69.50892      46.92403
 1 
 1             763           
1
 -9999.0   ,   9990.0
   7
 12 
68.44239      46.92123
68.43975      46.92383
68.44292      46.92814
68.45153      46.93159
68.44995      46.93381
68.44128      46.93631
68.44425      46.93945
68.45139      46.93848
68.45723      46.93167
68.45486      46.92606
68.449        46.92184
68.44239      46.92123
 1 
 1             764           
1
 -9999.0   ,   9990.0
   7
 7 
68.80095      46.93003
68.7949       46.93039
68.78811      46.93714
68.79161      46.9417
68.79911      46.94047
68.80922      46.93389
68.80095      46.93003
 1 
 1             765           
1
 -9999.0   ,   9990.0
   7
 7 
70.23003      46.92409
70.22464      46.92478
70.2129       46.93323
70.21909      46.94264
70.23223      46.92989
70.23225      46.92578
70.23003      46.92409
 1 
 1             766           
1
 -9999.0   ,   9990.0
   7
 19 
70.30728      46.90753
70.29661      46.919
70.27875      46.92859
70.2735       46.93523
70.26617      46.93906
70.2665       46.94295
70.27081      46.94336
70.2777       46.94089
70.28323      46.93492
70.30072      46.92967
70.3077       46.93408
70.31073      46.93375
70.31053      46.928
70.31358      46.92378
70.30606      46.92189
70.304        46.91861
70.30973      46.91036
70.30959      46.90806
70.30728      46.90753
 1 
 1             767           
1
 -9999.0   ,   9990.0
   7
 9 
67.19375      46.94073
67.19017      46.93539
67.18586      46.93486
67.18214      46.93989
67.18236      46.94064
67.1835       46.94459
67.18715      46.94734
67.19403      46.94114
67.19375      46.94073
 1 
 1             768           
1
 -9999.0   ,   9990.0
   7
 8 
70.42364      46.93772
70.40806      46.94034
70.40553      46.94228
70.40628      46.94553
70.42267      46.94936
70.42575      46.94834
70.42925      46.94228
70.42364      46.93772
 1 
 1             769           
1
 -9999.0   ,   9990.0
   7
 19 
68.765        46.91967
68.75858      46.92025
68.75264      46.9165
68.74264      46.91917
68.74378      46.92106
68.74897      46.92225
68.75331      46.92547
68.7527       46.92795
68.74664      46.92831
68.74206      46.93609
68.7444       46.94811
68.75561      46.94942
68.75786      46.94725
68.76656      46.94723
68.77178      46.94247
68.77211      46.93953
68.76728      46.93492
68.76292      46.9262
68.765        46.91967
 1 
 1             770           
1
 -9999.0   ,   9990.0
   7
 13 
69.00231      46.93906
68.99111      46.94031
68.984        46.93811
68.97864      46.93831
68.9718       46.94253
68.97222      46.94483
68.97916      46.94864
68.98711      46.9495
68.99161      46.94811
69.00861      46.94853
69.00986      46.94631
69.00798      46.94231
69.00231      46.93906
 1 
 1             771           
1
 -9999.0   ,   9990.0
   7
 20 
69.43278      46.9212
69.4274       46.92825
69.41881      46.93381
69.41478      46.93408
69.41114      46.93025
69.40366      46.9347
69.398        46.93122
69.39147      46.92975
69.38939      46.93378
69.38215      46.93939
69.38886      46.94223
69.39814      46.9397
69.40161      46.94514
69.40778      46.94703
69.41145      46.95039
69.41853      46.94984
69.42078      46.94078
69.4355       46.9307
69.4347       46.92197
69.43278      46.9212
 1 
 1             772           
1
 -9999.0   ,   9990.0
   7
 10 
68.71658      46.94253
68.7099       46.94264
68.70331      46.94734
68.69261      46.9502
68.69203      46.95245
68.7007       46.95567
68.72         46.95373
68.72173      46.95014
68.72006      46.94433
68.71658      46.94253
 1 
 1             773           
1
 -9999.0   ,   9990.0
   7
 7 
69.02161      46.94895
69.0157       46.95117
69.01717      46.95309
69.02675      46.95722
69.03233      46.955
69.0262       46.94986
69.02161      46.94895
 1 
 1             774           
1
 -9999.0   ,   9990.0
   7
 14 
68.09131      46.95972
68.09595      46.95997
68.10584      46.95597
68.11328      46.94998
68.12436      46.9362
68.12575      46.93306
68.12275      46.93037
68.1107       46.93037
68.10486      46.93414
68.10703      46.93564
68.11211      46.93525
68.11495      46.93931
68.09758      46.94953
68.09131      46.95972
 1 
 1             775           
1
 -9999.0   ,   9990.0
   7
 6 
68.23458      46.9517
68.22411      46.95523
68.22908      46.96103
68.23528      46.95978
68.2392       46.95242
68.23458      46.9517
 1 
 1             776           
1
 -9999.0   ,   9990.0
   7
 8 
68.93992      46.95281
68.93056      46.95278
68.92965      46.95503
68.93547      46.96267
68.94072      46.96361
68.94366      46.96125
68.94314      46.95686
68.93992      46.95281
 1 
 1             777           
1
 -9999.0   ,   9990.0
   7
 6 
71.18166      46.95336
71.17416      46.95542
71.1755       46.96506
71.18456      46.96445
71.18606      46.9622
71.18166      46.95336
 1 
 1             778           
1
 -9999.0   ,   9990.0
   7
 8 
69.45309      46.95856
69.45156      46.96031
69.4577       46.96586
69.46664      46.96675
69.47056      46.96439
69.47009      46.96234
69.46142      46.96214
69.45309      46.95856
 1 
 1             779           
1
 -9999.0   ,   9990.0
   7
 9 
68.29039      46.95809
68.2805       46.95959
68.27839      46.96314
68.28108      46.97406
68.28753      46.97328
68.30366      46.97558
68.30665      46.97322
68.30231      46.96197
68.29039      46.95809
 1 
 1             780           
1
 -9999.0   ,   9990.0
   7
 29 
69.3868       46.94923
69.38201      46.95061
69.38564      46.95423
69.39706      46.95706
69.4002       46.96223
69.39845      46.96572
69.39684      46.96895
69.38831      46.97061
69.38398      46.97384
69.38572      46.9762
69.3902       46.97506
69.40498      46.97781
69.41248      46.97656
69.42033      46.97145
69.42826      46.97272
69.44434      46.96914
69.44759      46.96653
69.44608      46.96487
69.4282       46.96311
69.41883      46.96633
69.41028      46.965
69.40786      46.96258
69.41258      46.95895
69.40531      46.95789
69.40314      46.9562
69.40653      46.9527
69.40505      46.95056
69.39498      46.95122
69.3868       46.94923
 1 
 1             781           
1
 -9999.0   ,   9990.0
   7
 12 
70.50678      46.96245
70.5043       46.96806
70.50125      46.96886
70.49966      46.97178
70.49384      46.97361
70.49398      46.97614
70.49678      46.97853
70.5117       46.98
70.51925      46.97756
70.52145      46.97512
70.51236      46.96378
70.50678      46.96245
 1 
 1             782           
1
 -9999.0   ,   9990.0
   7
 27 
69.9607       46.96528
69.95966      46.96181
69.95597      46.96006
69.9489       46.95667
69.94334      46.95403
69.93536      46.95711
69.9244       46.95297
69.91697      46.95359
69.91409      46.95597
69.90716      46.95475
69.90348      46.95872
69.90464      46.96403
69.90234      46.96736
69.8927       46.97039
69.88834      46.97409
69.89315      46.97634
69.89506      46.981
69.89817      46.97978
69.90065      46.97484
69.9037       46.97428
69.90756      46.97948
69.92145      46.98123
69.9367       46.97547
69.94334      46.96867
69.9493       46.9655
69.95765      46.96533
69.9607       46.96528
 1 
 1             783           
1
 -9999.0   ,   9990.0
   7
 7 
69.52778      46.97761
69.52392      46.9827
69.52523      46.98642
69.53275      46.98814
69.53603      46.98531
69.53159      46.97961
69.52778      46.97761
 1 
 1             784           
1
 -9999.0   ,   9990.0
   7
 8 
67.30945      46.98103
67.2977       46.9812
67.29086      46.98442
67.29881      46.9925
67.30341      46.99303
67.30673      46.99097
67.3113       46.98461
67.30945      46.98103
 1 
 1             785           
1
 -9999.0   ,   9990.0
   7
 25 
70.1042       46.96814
70.09548      46.97233
70.09025      46.97831
70.08389      46.97828
70.08239      46.97272
70.07986      46.97122
70.0709       46.97406
70.06364      46.97309
70.0595       46.9745
70.05575      46.97909
70.05423      46.98092
70.05736      46.98334
70.06778      46.98264
70.0709       46.98528
70.069        46.99161
70.07045      46.99395
70.0784       46.99497
70.08464      46.99225
70.087        46.98481
70.09253      46.98642
70.09761      46.9857
70.1005       46.98331
70.10216      46.97878
70.10447      46.9725
70.1042       46.96814
 1 
 1             786           
1
 -9999.0   ,   9990.0
   7
 15 
68.17841      46.97278
68.17         46.97597
68.16589      46.97939
68.15958      46.97881
68.15698      46.98095
68.15434      46.98606
68.15486      46.99
68.16153      46.99564
68.16606      46.99684
68.172        46.99489
68.17575      46.98089
68.18756      46.98295
68.18967      46.97939
68.1882       46.97495
68.17841      46.97278
 1 
 1             787           
1
 -9999.0   ,   9990.0
   7
 17 
71.16706      46.98056
71.16001      46.98103
71.15728      46.98664
71.13828      46.98581
71.13731      46.99034
71.14322      46.99625
71.14853      46.99689
71.16203      46.99525
71.1672       46.9975
71.17584      46.99848
71.17731      46.99667
71.17547      46.99411
71.17878      46.98986
71.17758      46.98753
71.1723       46.98667
71.17453      46.98378
71.16706      46.98056
 1 
 1             788           
1
 -9999.0   ,   9990.0
   7
 10 
69.06316      46.99875
69.06528      46.99623
69.05936      46.98981
69.04739      46.983
69.02905      46.979
69.02653      46.98081
69.03159      46.99298
69.03926      46.99634
69.05495      46.99967
69.06316      46.99875
 1 
 1             789           
1
 -9999.0   ,   9990.0
   7
 48 
71.40356      46.96153
71.38648      46.96214
71.36947      46.96667
71.36353      46.96556
71.35614      46.96625
71.3502       46.97039
71.35136      46.97272
71.356        46.97333
71.36747      46.97161
71.36964      46.97397
71.36576      46.98231
71.36836      46.98834
71.36125      46.99475
71.35692      46.99439
71.35653      46.99264
71.35486      46.98517
71.349        46.98797
71.3415       46.99528
71.33134      46.98742
71.32178      46.98528
71.3172       46.98881
71.3025       46.99361
71.30025      46.9972
71.30573      47.00033
71.32615      47.00006
71.3307       47.00159
71.34323      46.99945
71.38203      46.99884
71.38889      46.99631
71.38533      46.993
71.38353      46.99134
71.40092      46.99117
71.40703      46.9845
71.41822      46.98189
71.42078      46.97898
71.4107       46.97456
71.40531      46.97508
71.39515      46.97775
71.38059      46.98553
71.37551      46.98628
71.37306      46.983
71.378        46.97378
71.38483      46.9717
71.40397      46.97022
71.41692      46.97156
71.4187       46.96978
71.41209      46.96361
71.40356      46.96153
 1 
 1             790           
1
 -9999.0   ,   9990.0
   7
 10 
68.12861      46.991
68.11916      46.99686
68.11211      47.00495
68.11286      47.00706
68.12075      47.0082
68.12397      47.00656
68.1289       46.9995
68.13589      46.99439
68.13386      46.99175
68.12861      46.991
 1 
 1             791           
1
 -9999.0   ,   9990.0
   7
 7 
69.35531      47.00545
69.35253      47.00645
69.35291      47.00923
69.36547      47.01395
69.36703      47.01195
69.36433      47.00884
69.35531      47.00545
 1 
 1             792           
1
 -9999.0   ,   9990.0
   7
 10 
69.72473      46.99573
69.70481      46.99758
69.70316      47.0007
69.69339      47.00484
69.68442      47.01817
69.68792      47.01995
69.7065       47.00772
69.72483      47.00489
69.7275       47.00156
69.72473      46.99573
 1 
 1             793           
1
 -9999.0   ,   9990.0
   7
 9 
69.43533      47.01495
69.43442      47.01742
69.43781      47.02033
69.44241      47.021
69.44728      47.01942
69.45278      47.01403
69.4465       47.01045
69.44103      47.01156
69.43533      47.01495
 1 
 1             794           
1
 -9999.0   ,   9990.0
   7
 7 
68.4045       47.00789
68.39395      47.0187
68.39589      47.022
68.4107       47.0187
68.4138       47.01522
68.41323      47.006
68.4045       47.00789
 1 
 1             795           
1
 -9999.0   ,   9990.0
   7
 10 
69.08853      47.01142
69.08478      47.01192
69.08389      47.01392
69.08745      47.01823
69.09475      47.02203
69.10067      47.023
69.10183      47.02148
69.09814      47.01534
69.09409      47.01261
69.08853      47.01142
 1 
 1             796           
1
 -9999.0   ,   9990.0
   7
 12 
68.0245       47.00347
68.02284      47.00614
68.0299       47.00861
68.03703      47.01567
68.05431      47.02495
68.05861      47.02542
68.06295      47.02292
68.06558      47.01781
68.0642       47.01567
68.051        47.01398
68.03631      47.00556
68.0245       47.00347
 1 
 1             797           
1
 -9999.0   ,   9990.0
   7
 9 
69.65806      47.02753
69.6492       47.02917
69.64533      47.02764
69.64114      47.02928
69.64386      47.03236
69.64964      47.03492
69.65784      47.03322
69.6625       47.03
69.65806      47.02753
 1 
 1             798           
1
 -9999.0   ,   9990.0
   7
 14 
67.29561      47.00334
67.29334      47.00522
67.29375      47.00939
67.28128      47.01708
67.27753      47.02234
67.27736      47.026
67.28623      47.03461
67.29048      47.03533
67.30164      47.02986
67.31015      47.01712
67.30945      47.01478
67.30214      47.00947
67.29923      47.004
67.29561      47.00334
 1 
 1             799           
1
 -9999.0   ,   9990.0
   7
 7 
68.53395      47.02778
68.52153      47.03078
68.52565      47.03581
68.52856      47.03667
68.53975      47.03545
68.54483      47.03228
68.53395      47.02778
 1 
 1             800           
1
 -9999.0   ,   9990.0
   7
 8 
68.30608      47.022
68.30164      47.02267
68.30041      47.02445
68.30739      47.04156
68.31236      47.04209
68.31464      47.03142
68.31284      47.0272
68.30608      47.022
 1 
 1             801           
1
 -9999.0   ,   9990.0
   7
 12 
67.42067      47.00861
67.41745      47.01003
67.40859      47.02092
67.40114      47.02617
67.39484      47.03542
67.39661      47.03967
67.3997       47.0417
67.40828      47.0427
67.4222       47.039
67.43311      47.028
67.42589      47.00964
67.42067      47.00861
 1 
 1             802           
1
 -9999.0   ,   9990.0
   7
 8 
68.43616      47.03272
68.4305       47.03242
68.42806      47.03617
68.42797      47.04259
68.4335       47.04381
68.43825      47.04064
68.43914      47.03609
68.43616      47.03272
 1 
 1             803           
1
 -9999.0   ,   9990.0
   7
 10 
69.74641      47.03834
69.74142      47.03448
69.73236      47.03475
69.72798      47.03225
69.71723      47.03545
69.71795      47.03823
69.72475      47.04425
69.73309      47.04462
69.74272      47.04183
69.74641      47.03834
 1 
 1             804           
1
 -9999.0   ,   9990.0
   7
 14 
69.4217       47.034
69.41714      47.03609
69.41141      47.04267
69.41241      47.04617
69.41603      47.04678
69.42198      47.04456
69.42308      47.05009
69.43011      47.0502
69.43291      47.05217
69.43659      47.05234
69.43914      47.05017
69.43161      47.03858
69.42661      47.03514
69.4217       47.034
 1 
 1             805           
1
 -9999.0   ,   9990.0
   7
 11 
69.36547      47.05056
69.37365      47.05531
69.38022      47.05631
69.37981      47.054
69.38414      47.05078
69.38372      47.04822
69.37773      47.04817
69.37331      47.04545
69.36864      47.04523
69.3647       47.04778
69.36547      47.05056
 1 
 1             806           
1
 -9999.0   ,   9990.0
   7
 12 
69.8245       47.05873
69.82125      47.05767
69.82114      47.05736
69.81966      47.05325
69.81583      47.05492
69.81161      47.06045
69.80195      47.06345
69.80648      47.06525
69.819        47.06375
69.8215       47.06295
69.82661      47.06134
69.8245       47.05873
 1 
 1             807           
1
 -9999.0   ,   9990.0
   7
 10 
69.20147      47.06417
69.20773      47.06539
69.2129       47.06406
69.2122       47.06103
69.20753      47.06081
69.20341      47.05856
69.19608      47.0582
69.19345      47.06103
69.1959       47.06322
69.20147      47.06417
 1 
 1             808           
1
 -9999.0   ,   9990.0
   7
 13 
70.24892      47.06878
70.25017      47.06608
70.24628      47.06067
70.2405       47.0577
70.23203      47.05895
70.22078      47.05734
70.218        47.05862
70.21709      47.06131
70.21997      47.06281
70.23395      47.06384
70.23908      47.06634
70.24384      47.06562
70.24892      47.06878
 1 
 1             809           
1
 -9999.0   ,   9990.0
   7
 8 
70.02531      47.06025
70.02116      47.06167
70.02056      47.06464
70.03222      47.06536
70.0372       47.06945
70.04006      47.0675
70.03614      47.06278
70.02531      47.06025
 1 
 1             810           
1
 -9999.0   ,   9990.0
   7
 8 
69.57461      47.06217
69.57148      47.06364
69.57228      47.0655
69.58017      47.07045
69.58542      47.07159
69.5882       47.07059
69.58211      47.06434
69.57461      47.06217
 1 
 1             811           
1
 -9999.0   ,   9990.0
   7
 28 
67.33156      47.07539
67.34236      47.07748
67.34864      47.07581
67.35553      47.06983
67.35892      47.06225
67.36228      47.0597
67.37109      47.05912
67.37548      47.05664
67.37011      47.04439
67.37356      47.0377
67.37561      47.03372
67.37195      47.0312
67.36603      47.03011
67.35333      47.03228
67.34645      47.03598
67.34409      47.04086
67.34042      47.04317
67.33528      47.05361
67.33731      47.06061
67.34548      47.06964
67.34216      47.07173
67.33511      47.07173
67.31525      47.06242
67.30442      47.06056
67.30095      47.06148
67.30089      47.06422
67.30764      47.06881
67.33156      47.07539
 1 
 1             812           
1
 -9999.0   ,   9990.0
   7
 8 
69.35531      47.0542
69.3515       47.05539
69.35398      47.07064
69.37086      47.07897
69.37989      47.0792
69.3795       47.07
69.37556      47.06914
69.35531      47.0542
 1 
 1             813           
1
 -9999.0   ,   9990.0
   7
 35 
68.14792      47.07556
68.1542       47.07637
68.16433      47.07306
68.17278      47.07536
68.18317      47.08078
68.18801      47.06067
68.17733      47.05203
68.17925      47.05009
68.18678      47.05167
68.18931      47.0447
68.19356      47.04289
68.19525      47.03725
68.19209      47.03317
68.18228      47.02825
68.17447      47.02917
68.17328      47.0307
68.17806      47.03533
68.17484      47.037
68.16753      47.03656
68.16348      47.03956
68.16478      47.0445
68.16645      47.05073
68.16478      47.05339
68.17225      47.06067
68.1707       47.06495
68.1662       47.06628
68.15936      47.06453
68.1614       47.06167
68.15953      47.05764
68.15381      47.058
68.1415       47.06509
68.14073      47.06872
68.15136      47.06956
68.15197      47.07258
68.14792      47.07556
 1 
 1             814           
1
 -9999.0   ,   9990.0
   7
 8 
68.36256      47.07353
68.35723      47.07598
68.35315      47.08195
68.3547       47.0857
68.36681      47.08272
68.37014      47.07739
68.36811      47.07478
68.36256      47.07353
 1 
 1             815           
1
 -9999.0   ,   9990.0
   7
 6 
69.49286      47.09228
69.48608      47.09037
69.47945      47.09203
69.48136      47.09611
69.48845      47.0957
69.49286      47.09228
 1 
 1             816           
1
 -9999.0   ,   9990.0
   7
 267 
71.82242      46.99972
71.83158      46.99175
71.83383      46.98748
71.82786      46.97542
71.83206      46.96661
71.82945      46.95397
71.82298      46.95083
71.82081      46.93659
71.8168       46.93031
71.81834      46.92714
71.82381      46.925
71.82981      46.91923
71.83667      46.91645
71.845        46.91622
71.84922      46.91267
71.8477       46.91033
71.8437       46.91
71.84253      46.90723
71.84734      46.90509
71.85431      46.90573
71.85906      46.90998
71.86958      46.91253
71.87241      46.91536
71.86417      46.9197
71.8667       46.92206
71.86081      46.92556
71.8627       46.92767
71.86698      46.9287
71.87365      46.93481
71.88245      46.93231
71.88558      46.93606
71.88665      46.94659
71.89161      46.94695
71.89647      46.94984
71.90017      46.94947
71.90195      46.94747
71.91109      46.9452
71.91028      46.94173
71.90275      46.93903
71.90248      46.92556
71.90242      46.92186
71.89436      46.91661
71.88828      46.90642
71.89286      46.90195
71.89653      46.90228
71.92236      46.91692
71.9244       46.92245
71.93011      46.92739
71.93203      46.935
71.92648      46.94445
71.93515      46.95656
71.93347      46.96247
71.92703      46.96984
71.92308      46.98095
71.9242       46.98373
71.92834      46.99411
71.92717      46.99728
71.91883      47.00253
71.91891      47.01306
71.91417      47.01409
71.90253      47.00714
71.8945       47.00714
71.8867       47.0097
71.8807       47.01478
71.8777       47.02636
71.89675      47.03784
71.90886      47.06034
71.91509      47.0675
71.91575      47.06828
71.92215      47.07373
71.93205      47.07581
71.94011      47.08106
71.94297      47.09553
71.94817      47.09839
71.96941      47.10147
71.97617      47.10073
71.98409      47.09681
71.99681      47.09648
71.99897      47.09378
72            47.09342
72            47.0877
71.99173      47.08559
71.98922      47.08256
71.99578      47.07289
71.99331      47.06917
71.97733      47.07389
71.97053      47.07589
71.96553      47.08125
71.96081      47.08206
71.9554       47.07756
71.94714      47.07506
71.93186      47.06161
71.93564      47.05372
71.93331      47.04772
71.93042      47.04581
71.91728      47.04753
71.91175      47.04486
71.91061      47.04095
71.91734      47.03495
71.93151      47.03281
71.93561      47.03659
71.94542      47.04095
71.96031      47.04364
71.96325      47.04948
71.96601      47.05498
71.97061      47.05648
71.97975      47.05442
71.99484      47.05389
72            47.05117
72            47.0322
71.99858      47.02883
71.99533      47.0267
71.98998      47.02703
71.97251      47.03481
71.95665      47.03142
71.94956      47.02645
71.95309      47.02311
71.9592       47.02167
71.96817      47.02281
71.96958      47.02125
71.96972      47.0185
71.96467      47.01333
71.96203      47.00711
71.96239      47.00661
71.96633      47.0015
71.97248      46.99959
71.97706      47.00134
71.98053      47.00509
71.98578      47.00659
71.99159      47.00423
71.99865      47.0037
72            47.00447
72            46.86436
71.99709      46.86353
71.97825      46.86647
71.9722       46.86106
71.9682       46.86142
71.96034      46.86508
71.95597      46.87092
71.95384      46.87067
71.94573      46.86975
71.94158      46.8662
71.9415       46.8557
71.93667      46.85281
71.93166      46.85314
71.9275       46.84984
71.92506      46.84992
71.9235       46.84995
71.8947       46.86406
71.89005      46.8637
71.88231      46.85961
71.8695       46.86178
71.86286      46.87281
71.83567      46.87595
71.82606      46.87522
71.82447      46.87359
71.8315       46.86211
71.83245      46.85712
71.83053      46.84859
71.82875      46.84056
71.8253       46.83325
71.82461      46.83175
71.83048      46.82803
71.82814      46.8227
71.82953      46.81017
71.82689      46.80964
71.81075      46.82931
71.81353      46.83853
71.81678      46.84022
71.82484      46.8505
71.82464      46.8537
71.81981      46.85106
71.81648      46.85097
71.81464      46.85389
71.81786      46.86153
71.81664      46.86514
71.80528      46.86553
71.80375      46.8632
71.80014      46.86242
71.79203      46.86425
71.78467      46.87045
71.78467      46.87112
71.78464      46.87614
71.78034      46.87581
71.77209      46.86872
71.75567      46.86484
71.74965      46.86511
71.74003      46.86967
71.7392       46.87239
71.73081      46.87878
71.71956      46.87731
71.70892      46.86581
71.70625      46.8662
71.7097       46.88048
71.70558      46.88767
71.70106      46.89097
71.70195      46.89306
71.71486      46.89434
71.72065      46.89839
71.72689      46.89992
71.72936      46.89981
71.73525      46.89947
71.74745      46.90259
71.75234      46.90383
71.76478      46.91312
71.774        46.91542
71.77708      46.91939
71.77233      46.92611
71.77609      46.93592
71.77639      46.93675
71.77553      46.94014
71.78547      46.95781
71.7874       46.96539
71.78433      46.9717
71.77858      46.97292
71.76386      46.96747
71.75841      46.96114
71.75764      46.96022
71.7557       46.95428
71.75508      46.95239
71.74903      46.94764
71.72142      46.94047
71.71736      46.9415
71.71486      46.94417
71.7105       46.9445
71.68623      46.93742
71.67467      46.9355
71.66981      46.93833
71.6508       46.938
71.62508      46.94345
71.61803      46.93911
71.61165      46.93961
71.61014      46.94234
71.61236      46.9497
71.61205      46.95439
71.61186      46.9577
71.6072       46.96258
71.60028      46.96147
71.5948       46.96314
71.59356      46.96723
71.5952       46.97322
71.60047      46.97428
71.6032       46.9787
71.6185       46.97961
71.62434      46.98778
71.6427       46.98809
71.64892      46.99031
71.65265      46.98928
71.66297      46.99003
71.66653      46.99195
71.66922      46.99662
71.70742      46.99539
71.71131      46.99734
71.71636      46.99634
71.71733      46.99653
71.72066      46.99714
71.7295       46.99464
71.73075      46.9952
71.73341      46.99636
71.75231      46.99872
71.76428      46.99448
71.77011      46.99739
71.7875       46.99717
71.79373      46.99917
71.80561      47.00728
71.81264      47.007
71.82242      46.99972
 1 
 1             817           
1
 -9999.0   ,   9990.0
   7
 7 
69.51828      47.09986
69.52053      47.10295
69.52517      47.10356
69.53239      47.10195
69.52991      47.09781
69.52309      47.09584
69.51828      47.09986
 1 
 1             818           
1
 -9999.0   ,   9990.0
   7
 12 
67.37183      47.08534
67.36586      47.08723
67.36078      47.08509
67.35361      47.0885
67.35073      47.09223
67.35173      47.09711
67.35806      47.10234
67.36711      47.10498
67.377        47.10147
67.38423      47.093
67.37542      47.08625
67.37183      47.08534
 1 
 1             819           
1
 -9999.0   ,   9990.0
   7
 8 
68.28361      47.09853
68.28159      47.09923
68.28075      47.10331
68.28378      47.1052
68.29673      47.10445
68.30334      47.09703
68.29778      47.09581
68.28361      47.09853
 1 
 1             820           
1
 -9999.0   ,   9990.0
   7
 19 
69.2965       47.11042
69.29989      47.10422
69.31139      47.10136
69.31236      47.10023
69.31025      47.09806
69.30392      47.09534
69.29239      47.09242
69.2908       47.0882
69.28672      47.0855
69.27441      47.08147
69.26442      47.08097
69.26036      47.08445
69.2597       47.08761
69.2635       47.08964
69.274        47.08878
69.28356      47.09358
69.29134      47.09945
69.29328      47.10961
69.2965       47.11042
 1 
 1             821           
1
 -9999.0   ,   9990.0
   7
 8 
70.2413       47.11011
70.2472       47.10417
70.2402       47.09978
70.23397      47.10181
70.2315       47.1072
70.23386      47.11095
70.23878      47.11231
70.2413       47.11011
 1 
 1             822           
1
 -9999.0   ,   9990.0
   7
 10 
69.94365      47.10348
69.93984      47.1047
69.94025      47.10745
69.94978      47.11656
69.96264      47.12281
69.9665       47.12092
69.97165      47.10856
69.96558      47.10897
69.95323      47.10481
69.94365      47.10348
 1 
 1             823           
1
 -9999.0   ,   9990.0
   7
 7 
69.4587       47.11198
69.45011      47.11731
69.45053      47.11984
69.45814      47.12409
69.46453      47.1175
69.46228      47.11328
69.4587       47.11198
 1 
 1             824           
1
 -9999.0   ,   9990.0
   7
 13 
70.0217       47.0965
70.006        47.09925
70            47.09828
70            47.10675
70.00608      47.10956
70.01495      47.11886
70.02008      47.12136
70.0388       47.12581
70.04083      47.12178
70.03878      47.1185
70.03875      47.10773
70.02628      47.09737
70.0217       47.0965
 1 
 1             825           
1
 -9999.0   ,   9990.0
   7
 8 
69.52645      47.11536
69.52139      47.119
69.51217      47.12064
69.51186      47.12361
69.51808      47.12847
69.52247      47.12823
69.52845      47.11864
69.52645      47.11536
 1 
 1             826           
1
 -9999.0   ,   9990.0
   7
 8 
68.33417      47.11961
68.32956      47.12714
68.33048      47.13064
68.33395      47.13245
68.3387       47.13203
68.34178      47.126
68.33923      47.1222
68.33417      47.11961
 1 
 1             827           
1
 -9999.0   ,   9990.0
   7
 7 
68.47128      47.12975
68.45672      47.13353
68.45478      47.13573
68.45836      47.13959
68.46298      47.14031
68.47715      47.13397
68.47128      47.12975
 1 
 1             828           
1
 -9999.0   ,   9990.0
   7
 26 
69.32625      47.13681
69.31709      47.13892
69.31786      47.14103
69.32575      47.14278
69.33456      47.14114
69.34158      47.13231
69.34611      47.1307
69.35481      47.13331
69.35978      47.13478
69.36795      47.13356
69.37058      47.13095
69.36667      47.12642
69.36845      47.11917
69.36253      47.10811
69.36153      47.10145
69.34697      47.08975
69.34367      47.08936
69.33495      47.09584
69.33842      47.10125
69.35453      47.11072
69.35655      47.11381
69.35492      47.11692
69.34525      47.12117
69.34509      47.12125
69.33023      47.1352
69.32625      47.13681
 1 
 1             829           
1
 -9999.0   ,   9990.0
   7
 33 
70.13211      47.12442
70.134        47.122
70.13181      47.12053
70.12611      47.12053
70.1092       47.11456
70.10561      47.11739
70.115        47.12097
70.1145       47.12278
70.10965      47.12464
70.09472      47.119
70.08733      47.12281
70.08265      47.12672
70.08273      47.13681
70.07672      47.14409
70.07156      47.14184
70.05959      47.14064
70.05791      47.13303
70.05531      47.13245
70.0505       47.14095
70.05183      47.14489
70.05033      47.14667
70.05492      47.15142
70.05778      47.14953
70.06206      47.1467
70.06697      47.14803
70.07425      47.15292
70.08211      47.14731
70.08942      47.15195
70.09822      47.14728
70.10828      47.13625
70.11781      47.13092
70.12759      47.1302
70.13211      47.12442
 1 
 1             830           
1
 -9999.0   ,   9990.0
   7
 22 
69.56545      47.1025
69.56261      47.10581
69.56545      47.11417
69.57422      47.12398
69.58473      47.12697
69.58561      47.12723
69.58559      47.13111
69.57567      47.13639
69.56983      47.13772
69.564        47.13561
69.55414      47.14364
69.55556      47.15309
69.55853      47.15345
69.56509      47.1485
69.59381      47.14295
69.59895      47.13837
69.59381      47.12945
69.60036      47.12059
69.595        47.1105
69.58351      47.1047
69.57103      47.10209
69.56545      47.1025
 1 
 1             831           
1
 -9999.0   ,   9990.0
   7
 8 
68.38089      47.14422
68.3735       47.14428
68.36764      47.14831
68.36615      47.15233
68.36831      47.15383
68.376        47.15425
68.38458      47.14695
68.38089      47.14422
 1 
 1             832           
1
 -9999.0   ,   9990.0
   7
 20 
69.50475      47.13428
69.50008      47.13406
69.48536      47.14022
69.48075      47.13956
69.46716      47.14442
69.47231      47.15017
69.47995      47.15097
69.47823      47.15456
69.47978      47.1592
69.4915       47.15608
69.49116      47.15264
69.4952       47.14939
69.48991      47.14525
69.50164      47.14192
69.50967      47.14228
69.51776      47.14539
69.53056      47.14142
69.52822      47.13786
69.51209      47.13828
69.50475      47.13428
 1 
 1             833           
1
 -9999.0   ,   9990.0
   7
 11 
69.42011      47.142
69.41495      47.14334
69.41661      47.14664
69.42478      47.15206
69.42823      47.16456
69.43336      47.16686
69.43872      47.16347
69.44117      47.15945
69.43442      47.14656
69.42809      47.14281
69.42011      47.142
 1 
 1             834           
1
 -9999.0   ,   9990.0
   7
 32 
66.96278      47.16859
66.94822      47.15442
66.94583      47.14923
66.9457       47.14072
66.94067      47.13523
66.93841      47.12856
66.93884      47.12559
66.9395       47.12061
66.93467      47.11414
66.93114      47.11295
66.93095      47.11275
66.92614      47.10795
66.92239      47.09745
66.91803      47.09467
66.91031      47.08778
66.90366      47.08414
66.899        47.08136
66.89798      47.08248
66.88245      47.08381
66.8695       47.09011
66.87378      47.09622
66.88292      47.10259
66.90003      47.10942
66.9025       47.11172
66.90486      47.12106
66.9018       47.13059
66.9127       47.13222
66.92506      47.13409
66.93283      47.13931
66.93608      47.14428
66.94714      47.16122
66.96278      47.16859
 1 
 1             835           
1
 -9999.0   ,   9990.0
   7
 33 
66.91803      47.09467
66.92239      47.09745
66.92614      47.10795
66.93095      47.11275
66.93114      47.11295
66.93467      47.11414
66.9395       47.12061
66.93884      47.12559
66.93841      47.12856
66.94067      47.13523
66.9457       47.14072
66.94583      47.14923
66.94822      47.15442
66.96278      47.16859
66.96178      47.16181
66.9562       47.15125
66.95792      47.14678
66.94783      47.13447
66.94695      47.11695
66.94683      47.1145
66.94915      47.11183
66.95116      47.11109
66.95458      47.10981
66.96778      47.10903
66.96928      47.10895
66.9735       47.10489
66.96928      47.10314
66.96767      47.10314
66.95586      47.10303
66.94109      47.10292
66.92939      47.09683
66.92925      47.09675
66.91803      47.09467
 1 
 1             836           
1
 -9999.0   ,   9990.0
   7
 27 
66.90366      47.08414
66.91031      47.08778
66.91489      47.08623
66.92503      47.08714
66.9264       47.08678
66.93406      47.08484
66.94017      47.08147
66.95978      47.07717
66.96714      47.07792
66.96748      47.07795
66.97391      47.07861
66.97514      47.07847
67            47.07559
67            47.06592
66.99189      47.06778
66.9815       47.06895
66.97505      47.06836
66.97431      47.06831
66.96692      47.06764
66.96616      47.06759
66.95851      47.06898
66.94461      47.07495
66.93314      47.07703
66.92514      47.07617
66.92122      47.07664
66.91653      47.0772
66.90366      47.08414
 1 
 1             837           
1
 -9999.0   ,   9990.0
   7
 29 
66.899        47.08136
66.90366      47.08414
66.91653      47.0772
66.92122      47.07664
66.92514      47.07617
66.93314      47.07703
66.94461      47.07495
66.95851      47.06898
66.96616      47.06759
66.96692      47.06764
66.97431      47.06831
66.97505      47.06836
66.9815       47.06895
66.99189      47.06778
67            47.06592
67            47.06364
67            47.062
66.99353      47.06084
66.98628      47.06167
66.97867      47.06253
66.975        47.06209
66.96678      47.06109
66.96386      47.06072
66.9485       47.06681
66.93664      47.06645
66.92528      47.0712
66.9187       47.07167
66.90911      47.07236
66.899        47.08136
 1 
 1             838           
1
 -9999.0   ,   9990.0
   7
 11 
70.20528      47.15784
70.20389      47.16625
70.2057       47.16861
70.21347      47.16778
70.22265      47.16289
70.22045      47.1532
70.22195      47.15167
70.21817      47.14875
70.20739      47.14923
70.20456      47.15095
70.20528      47.15784
 1 
 1             839           
1
 -9999.0   ,   9990.0
   7
 9 
70.40708      47.16312
70.40505      47.16739
70.40683      47.1702
70.41141      47.1715
70.42189      47.17078
70.42811      47.17239
70.43775      47.16956
70.43266      47.16595
70.40708      47.16312
 1 
 1             840           
1
 -9999.0   ,   9990.0
   7
 12 
68.35284      47.16511
68.33995      47.16897
68.3322       47.16923
68.32892      47.17134
68.33228      47.17406
68.33725      47.17456
68.36253      47.17392
68.37109      47.17553
68.37292      47.17425
68.37086      47.17186
68.36036      47.16967
68.35284      47.16511
 1 
 1             841           
1
 -9999.0   ,   9990.0
   7
 10 
69.59216      47.16622
69.58745      47.16645
69.58633      47.17097
69.5692       47.17453
69.56934      47.17662
69.58573      47.17736
69.5914       47.18106
69.59648      47.18061
69.59805      47.16786
69.59216      47.16622
 1 
 1             842           
1
 -9999.0   ,   9990.0
   7
 9 
70.3305       47.18392
70.32611      47.18053
70.31514      47.17942
70.29906      47.17922
70.29039      47.18231
70.29086      47.18461
70.31136      47.18817
70.32283      47.18748
70.3305       47.18392
 1 
 1             843           
1
 -9999.0   ,   9990.0
   7
 80 
67.33439      47.10103
67.32616      47.10692
67.3295       47.11198
67.33759      47.11684
67.34123      47.11709
67.34184      47.12011
67.33414      47.12695
67.3332       47.13148
67.33531      47.13803
67.33192      47.14056
67.32078      47.14328
67.3165       47.14736
67.31856      47.15209
67.32378      47.15564
67.33611      47.15872
67.33947      47.15642
67.34033      47.14775
67.35811      47.15534
67.36576      47.15606
67.36556      47.16825
67.36553      47.16981
67.36764      47.17636
67.37253      47.17758
67.39066      47.1705
67.39515      47.16733
67.38761      47.16089
67.38786      47.15906
67.3947       47.15836
67.40428      47.17411
67.39684      47.17708
67.39606      47.18025
67.40459      47.1817
67.41545      47.18836
67.42392      47.18064
67.43398      47.18083
67.43703      47.17825
67.43616      47.17475
67.44195      47.17192
67.44708      47.17361
67.45161      47.17253
67.45461      47.1702
67.45409      47.16672
67.46045      47.15703
67.45692      47.15106
67.46022      47.14648
67.4627       47.13334
67.44453      47.13334
67.43725      47.13745
67.4339       47.14481
67.43436      47.15103
67.44178      47.15333
67.4438       47.15575
67.44303      47.15892
67.44009      47.16081
67.42806      47.16278
67.41842      47.16195
67.40906      47.15422
67.40178      47.14117
67.40041      47.13395
67.4083       47.12297
67.40695      47.12167
67.39881      47.11389
67.39253      47.11303
67.38753      47.11523
67.381        47.12606
67.38056      47.12925
67.39028      47.13423
67.39103      47.13864
67.38834      47.1435
67.38203      47.1502
67.37334      47.14989
67.36947      47.1462
67.36967      47.1375
67.36383      47.13345
67.36065      47.1275
67.36025      47.11578
67.35681      47.11142
67.3455       47.10567
67.33581      47.10298
67.33439      47.10103
 1 
 1             844           
1
 -9999.0   ,   9990.0
   7
 7 
68.6702       47.18358
68.65975      47.18395
68.65614      47.18606
68.65736      47.19
68.6727       47.19106
68.67603      47.18848
68.6702       47.18358
 1 
 1             845           
1
 -9999.0   ,   9990.0
   7
 9 
69.46853      47.18431
69.45897      47.1857
69.455        47.1885
69.45736      47.19181
69.46523      47.19378
69.46945      47.19831
69.4735       47.19828
69.47536      47.19631
69.46853      47.18431
 1 
 1             846           
1
 -9999.0   ,   9990.0
   7
 13 
70.2102       47.196
70.21553      47.19417
70.22175      47.18825
70.21958      47.18611
70.2112       47.186
70.20545      47.18798
70.19634      47.19112
70.19642      47.19409
70.19158      47.19914
70.1772       47.2027
70.1757       47.20423
70.17711      47.20725
70.2102       47.196
 1 
 1             847           
1
 -9999.0   ,   9990.0
   7
 12 
69.39823      47.18559
69.38489      47.18772
69.37722      47.19056
69.37673      47.19533
69.38448      47.20828
69.38839      47.20939
69.39         47.20672
69.38741      47.19906
69.38953      47.19481
69.39647      47.19261
69.40031      47.18798
69.39823      47.18559
 1 
 1             848           
1
 -9999.0   ,   9990.0
   7
 9 
69.284        47.19548
69.28191      47.19631
69.28122      47.1997
69.29086      47.20728
69.2888       47.21084
69.29189      47.2135
69.29703      47.20917
69.29964      47.20356
69.284        47.19548
 1 
 1             849           
1
 -9999.0   ,   9990.0
   7
 9 
67.06289      47.21942
67.066        47.2172
67.06067      47.21225
67.05375      47.21112
67.0512       47.21256
67.05414      47.21617
67.05634      47.21886
67.06186      47.22014
67.06289      47.21942
 1 
 1             850           
1
 -9999.0   ,   9990.0
   7
 9 
69.34067      47.21286
69.3355       47.21398
69.33366      47.22189
69.33725      47.223
69.3405       47.22086
69.3522       47.2182
69.35756      47.21184
69.35515      47.2092
69.34067      47.21286
 1 
 1             851           
1
 -9999.0   ,   9990.0
   7
 12 
68.86611      47.2012
68.8639       47.20314
68.86447      47.20684
68.8602       47.21211
68.84461      47.21908
68.84523      47.22278
68.8515       47.22381
68.8727       47.21459
68.87406      47.21145
68.87233      47.20564
68.86978      47.20161
68.86611      47.2012
 1 
 1             852           
1
 -9999.0   ,   9990.0
   7
 7 
68.61106      47.20975
68.59931      47.224
68.60525      47.2305
68.60909      47.22956
68.61958      47.21434
68.61761      47.211
68.61106      47.20975
 1 
 1             853           
1
 -9999.0   ,   9990.0
   7
 8 
69.41231      47.21533
69.40915      47.21678
69.40325      47.22497
69.40867      47.2312
69.41383      47.23006
69.41922      47.22642
69.41634      47.21873
69.41231      47.21533
 1 
 1             854           
1
 -9999.0   ,   9990.0
   7
 8 
69.37325      47.22264
69.36567      47.22778
69.36892      47.23206
69.375        47.23509
69.38306      47.23525
69.38595      47.23331
69.38589      47.23056
69.37325      47.22264
 1 
 1             855           
1
 -9999.0   ,   9990.0
   7
 8 
69.93128      47.23409
69.95592      47.23947
69.95778      47.23748
69.95131      47.22759
69.9425       47.22447
69.93431      47.2262
69.92928      47.22939
69.93128      47.23409
 1 
 1             856           
1
 -9999.0   ,   9990.0
   7
 14 
70.23314      47.23392
70.24848      47.23212
70.25195      47.23475
70.24961      47.23834
70.25111      47.24434
70.25747      47.24459
70.27145      47.23461
70.27108      47.23072
70.23486      47.22653
70.22895      47.22772
70.22733      47.22806
70.22248      47.23381
70.22403      47.235
70.23314      47.23392
 1 
 1             857           
1
 -9999.0   ,   9990.0
   7
 27 
70.57376      47.24283
70.58491      47.24514
70.6142       47.24006
70.62214      47.23736
70.63464      47.23622
70.64633      47.23711
70.64778      47.23581
70.64222      47.22989
70.65028      47.22125
70.64741      47.21956
70.63425      47.22456
70.62578      47.22539
70.61078      47.22414
70.60208      47.22772
70.58595      47.22825
70.57561      47.23131
70.54928      47.22895
70.54559      47.23145
70.54158      47.23414
70.53176      47.234
70.52731      47.23498
70.52611      47.2372
70.54156      47.2497
70.54853      47.25042
70.56047      47.244
70.5727       47.24261
70.57376      47.24283
 1 
 1             858           
1
 -9999.0   ,   9990.0
   7
 27 
70.16123      47.22767
70.15028      47.22972
70.14636      47.23208
70.14325      47.23195
70.139        47.23178
70.13517      47.23345
70.13553      47.23689
70.14384      47.23792
70.1547       47.23678
70.15828      47.23417
70.16573      47.23722
70.17106      47.24156
70.18031      47.24331
70.18578      47.24606
70.19248      47.24656
70.19528      47.24872
70.20641      47.25192
70.20973      47.24884
70.20706      47.24484
70.21531      47.239
70.2135       47.23642
70.21053      47.23583
70.19473      47.24
70.17717      47.23722
70.17361      47.23159
70.16883      47.22867
70.16123      47.22767
 1 
 1             859           
1
 -9999.0   ,   9990.0
   7
 6 
69.28523      47.24842
69.2837       47.25211
69.28614      47.25373
69.29189      47.25314
69.2912       47.24775
69.28523      47.24842
 1 
 1             860           
1
 -9999.0   ,   9990.0
   7
 10 
69.91486      47.25442
69.90695      47.24561
69.90436      47.23725
69.89203      47.23628
69.88592      47.23692
69.88472      47.23892
69.88709      47.24248
69.89661      47.24492
69.90058      47.249
69.91486      47.25442
 1 
 1             861           
1
 -9999.0   ,   9990.0
   7
 14 
69.2628       47.24414
69.25628      47.23903
69.24415      47.23934
69.24256      47.23973
69.21755      47.24584
69.21256      47.24881
69.21895      47.25186
69.22661      47.25247
69.23295      47.2562
69.24076      47.25567
69.2422       47.25592
69.24866      47.25698
69.25464      47.2545
69.2628       47.24414
 1 
 1             862           
1
 -9999.0   ,   9990.0
   7
 11 
69.338        47.245
69.33186      47.24608
69.32925      47.24848
69.33253      47.25253
69.32786      47.25847
69.33431      47.2645
69.34673      47.26167
69.34967      47.25906
69.34031      47.2522
69.34058      47.24603
69.338        47.245
 1 
 1             863           
1
 -9999.0   ,   9990.0
   7
 7 
69.62092      47.25997
69.61011      47.2602
69.60289      47.26192
69.60289      47.26534
69.61611      47.26778
69.62328      47.26306
69.62092      47.25997
 1 
 1             864           
1
 -9999.0   ,   9990.0
   7
 14 
69.94664      47.26333
69.94867      47.26706
69.96506      47.27142
69.96684      47.27403
69.9708       47.27464
69.98192      47.27075
69.99386      47.27242
69.99803      47.27122
70            47.2675
69.99758      47.26478
69.97514      47.26431
69.96661      47.26553
69.95348      47.26222
69.94664      47.26333
 1 
 1             865           
1
 -9999.0   ,   9990.0
   7
 8 
69.36017      47.28533
69.35778      47.28011
69.35531      47.28078
69.34981      47.28375
69.34811      47.28986
69.34995      47.29145
69.3545       47.29142
69.36017      47.28533
 1 
 1             866           
1
 -9999.0   ,   9990.0
   7
 9 
68.7237       47.27117
68.71797      47.27408
68.71706      47.27631
68.72728      47.29289
68.73211      47.29178
68.74139      47.28425
68.74541      47.27828
68.74384      47.27453
68.7237       47.27117
 1 
 1             867           
1
 -9999.0   ,   9990.0
   7
 7 
69.34016      47.28906
69.3342       47.29175
69.33289      47.29787
69.33603      47.30328
69.34295      47.30453
69.34495      47.29181
69.34016      47.28906
 1 
 1             868           
1
 -9999.0   ,   9990.0
   7
 10 
69.43148      47.29772
69.42761      47.30258
69.42045      47.30681
69.42195      47.30873
69.4272       47.31011
69.43861      47.3102
69.44081      47.30867
69.4345       47.3045
69.43508      47.29859
69.43148      47.29772
 1 
 1             869           
1
 -9999.0   ,   9990.0
   7
 31 
68.6084       47.30764
68.60655      47.31464
68.61578      47.31353
68.62565      47.29848
68.63153      47.29697
68.64714      47.3017
68.6575       47.2995
68.66973      47.28984
68.68108      47.28472
68.6938       47.28517
68.69908      47.28339
68.70039      47.2807
68.69853      47.27922
68.6917       47.28025
68.69192      47.27247
68.68134      47.26206
68.68259      47.26006
68.68895      47.26017
68.69041      47.26078
68.69345      47.26203
68.69473      47.25981
68.69048      47.25567
68.68398      47.25373
68.67811      47.25503
68.66661      47.26128
68.65633      47.26303
68.62309      47.29148
68.61386      47.29534
68.6112       47.29817
68.61156      47.3037
68.6084       47.30764
 1 
 1             870           
1
 -9999.0   ,   9990.0
   7
 13 
69.37164      47.31345
69.36447      47.31447
69.35856      47.31306
69.34945      47.31331
69.34748      47.3162
69.34945      47.31995
69.35278      47.32011
69.3574       47.31803
69.36506      47.32206
69.37581      47.31889
69.38156      47.31528
69.38         47.31406
69.37164      47.31345
 1 
 1             871           
1
 -9999.0   ,   9990.0
   7
 10 
70.07333      47.32308
70.08003      47.32358
70.10081      47.32056
70.11295      47.32792
70.11795      47.32836
70.11473      47.31931
70.10831      47.31584
70.076        47.31978
70.07391      47.32036
70.07333      47.32308
 1 
 1             872           
1
 -9999.0   ,   9990.0
   7
 10 
68.87378      47.3357
68.88455      47.33131
68.8877       47.32733
68.88778      47.3237
68.88247      47.31975
68.87336      47.31998
68.87078      47.32211
68.86795      47.32931
68.87003      47.33467
68.87378      47.3357
 1 
 1             873           
1
 -9999.0   ,   9990.0
   7
 8 
69.37156      47.33961
69.37317      47.34131
69.38111      47.34148
69.38448      47.33797
69.38378      47.33172
69.38153      47.33053
69.37722      47.33167
69.37156      47.33961
 1 
 1             874           
1
 -9999.0   ,   9990.0
   7
 10 
69.62203      47.36484
69.62275      47.36098
69.59492      47.35631
69.56809      47.36195
69.56195      47.366
69.56814      47.36811
69.5805       47.3657
69.59845      47.36492
69.6037       47.36286
69.62203      47.36484
 1 
 1             875           
1
 -9999.0   ,   9990.0
   7
 9 
69.25008      47.36211
69.23495      47.36503
69.23645      47.36695
69.24411      47.36753
69.2488       47.37097
69.25639      47.36928
69.26072      47.3665
69.26109      47.36331
69.25008      47.36211
 1 
 1             876           
1
 -9999.0   ,   9990.0
   7
 7 
70.79065      47.39417
70.79958      47.39197
70.80348      47.38936
70.8014       47.38608
70.79258      47.38233
70.78503      47.38872
70.79065      47.39417
 1 
 1             877           
1
 -9999.0   ,   9990.0
   7
 9 
70.91248      47.39936
70.91067      47.40089
70.91711      47.405
70.92         47.41103
70.925        47.41189
70.93122      47.40983
70.9267       47.40281
70.92184      47.40014
70.91248      47.39936
 1 
 1             878           
1
 -9999.0   ,   9990.0
   7
 8 
69.69605      47.41736
69.70028      47.41914
69.72153      47.41895
69.72916      47.41656
69.73055      47.41295
69.715        47.41339
69.69928      47.41545
69.69605      47.41736
 1 
 1             879           
1
 -9999.0   ,   9990.0
   7
 21 
69.27558      47.41461
69.27216      47.4117
69.26266      47.41214
69.25342      47.41698
69.25103      47.4235
69.24311      47.43159
69.24606      47.43561
69.26083      47.43609
69.26275      47.43389
69.25872      47.4305
69.25903      47.42778
69.26839      47.42525
69.26815      47.42134
69.27692      47.42108
69.2812       47.42539
69.28153      47.43184
69.28755      47.43211
69.28933      47.42808
69.28561      47.41875
69.27934      47.41408
69.27558      47.41461
 1 
 1             880           
1
 -9999.0   ,   9990.0
   7
 7 
69.37711      47.43064
69.37175      47.43362
69.37366      47.43781
69.38236      47.43845
69.38572      47.43539
69.38411      47.43145
69.37711      47.43064
 1 
 1             881           
1
 -9999.0   ,   9990.0
   7
 9 
68.65266      47.44284
68.64328      47.44533
68.63686      47.45117
68.643        47.45653
68.65066      47.45717
68.65297      47.45475
68.65725      47.4472
68.655        47.4432
68.65266      47.44284
 1 
 1             882           
1
 -9999.0   ,   9990.0
   7
 6 
69.1445       47.46908
69.14875      47.45936
69.14695      47.45567
69.13495      47.4672
69.13581      47.46936
69.1445       47.46908
 1 
 1             883           
1
 -9999.0   ,   9990.0
   7
 12 
69.09639      47.46881
69.08791      47.47228
69.07572      47.47259
69.06695      47.47558
69.07039      47.47806
69.07931      47.48009
69.09131      47.47817
69.11025      47.48117
69.11633      47.47781
69.11436      47.47428
69.11022      47.472
69.09639      47.46881
 1 
 1             884           
1
 -9999.0   ,   9990.0
   7
 31 
68.64064      47.47084
68.63845      47.45789
68.63503      47.45542
68.62489      47.45534
68.61767      47.45356
68.60995      47.44742
68.60623      47.44745
68.60239      47.45139
68.59728      47.45178
68.59264      47.44834
68.59203      47.44189
68.59045      47.44112
68.57484      47.44739
68.57342      47.4567
68.55942      47.458
68.55317      47.46225
68.54815      47.47067
68.55478      47.47447
68.564        47.47634
68.5664       47.47325
68.57048      47.47303
68.57406      47.47711
68.58878      47.47836
68.60022      47.47575
68.60253      47.48208
68.61022      47.48273
68.61311      47.48103
68.61545      47.47567
68.62508      47.47686
68.63656      47.47403
68.64064      47.47084
 1 
 1             885           
1
 -9999.0   ,   9990.0
   7
 6 
68.74636      47.50022
68.75545      47.49773
68.75775      47.48936
68.75128      47.48973
68.7455       47.49606
68.74636      47.50022
 1 
 1             886           
1
 -9999.0   ,   9990.0
   7
 15 
68.71159      47.50595
68.70842      47.50992
68.71111      47.51303
68.72542      47.52048
68.72614      47.52048
68.72975      47.51859
68.729        47.51603
68.72361      47.513
68.72417      47.5112
68.72923      47.51123
68.73597      47.51433
68.74022      47.51272
68.74017      47.5102
68.7185       47.50447
68.71159      47.50595
 1 
 1             887           
1
 -9999.0   ,   9990.0
   7
 9 
69.09423      47.51381
69.08553      47.51589
69.0832       47.51897
69.0847       47.52362
69.10367      47.5232
69.10592      47.52125
69.10406      47.51956
69.09773      47.51878
69.09423      47.51381
 1 
 1             888           
1
 -9999.0   ,   9990.0
   7
 10 
69.43242      47.52639
69.4275       47.52845
69.42516      47.53131
69.42598      47.53661
69.42914      47.53881
69.43381      47.53947
69.43953      47.53634
69.44275      47.5312
69.44075      47.52767
69.43242      47.52639
 1 
 1             889           
1
 -9999.0   ,   9990.0
   7
 7 
67.72773      47.53656
67.73328      47.533
67.71375      47.5245
67.71061      47.52523
67.71303      47.53498
67.71931      47.54133
67.72773      47.53656
 1 
 1             890           
1
 -9999.0   ,   9990.0
   7
 16 
69.13386      47.5725
69.12828      47.5767
69.11986      47.58303
69.117        47.58747
69.12365      47.59833
69.1292       47.59997
69.13353      47.60681
69.13586      47.60717
69.14078      47.60236
69.13467      47.59636
69.13966      47.59064
69.14359      47.589
69.14361      47.58898
69.14589      47.58317
69.14391      47.57942
69.13386      47.5725
 1 
 1             891           
1
 -9999.0   ,   9990.0
   7
 11 
70.05956      47.62739
70.05466      47.62925
70.05226      47.6335
70.05458      47.63748
70.06509      47.64111
70.07317      47.64145
70.07956      47.63828
70.08156      47.63495
70.08017      47.63145
70.07331      47.62867
70.05956      47.62739
 1 
 1             892           
1
 -9999.0   ,   9990.0
   7
 37 
67.67723      47.59011
67.66358      47.58331
67.66853      47.57925
67.668        47.57556
67.66286      47.57342
67.6557       47.57389
67.63445      47.56067
67.628        47.5582
67.6228       47.55903
67.62406      47.56233
67.63289      47.56723
67.6432       47.57611
67.65373      47.58086
67.65281      47.58264
67.64606      47.58522
67.65239      47.59089
67.65097      47.59378
67.63973      47.5995
67.6287       47.61072
67.60789      47.62184
67.60342      47.63484
67.59692      47.63814
67.5925       47.64036
67.59414      47.64323
67.59742      47.64411
67.60228      47.64261
67.62289      47.63628
67.63672      47.63667
67.63911      47.63406
67.64147      47.61909
67.65767      47.607
67.66053      47.59848
67.66566      47.59536
67.66983      47.59722
67.67433      47.59656
67.6774       47.594
67.67723      47.59011
 1 
 1             893           
1
 -9999.0   ,   9990.0
   7
 13 
69.384        47.63553
69.37591      47.63517
69.37031      47.6372
69.36845      47.64192
69.36367      47.64556
69.36715      47.64803
69.37448      47.64264
69.38275      47.64442
69.38481      47.64747
69.39183      47.64825
69.3937       47.64675
69.39198      47.6437
69.384        47.63553
 1 
 1             894           
1
 -9999.0   ,   9990.0
   7
 9 
69.21625      47.6692
69.21706      47.67106
69.21231      47.67425
69.213        47.6775
69.2185       47.68303
69.22253      47.68025
69.22425      47.67348
69.22078      47.66806
69.21625      47.6692
 1 
 1             895           
1
 -9999.0   ,   9990.0
   7
 13 
70.117        47.68831
70.10189      47.69064
70.1027       47.69403
70.10156      47.6962
70.098        47.69903
70.09456      47.70314
70.09381      47.70592
70.09836      47.707
70.10289      47.70517
70.107        47.70148
70.10925      47.69645
70.1153       47.692
70.117        47.68831
 1 
 1             896           
1
 -9999.0   ,   9990.0
   7
 8 
69.15711      47.69609
69.15411      47.69889
69.15808      47.70275
69.17095      47.70933
69.17672      47.70917
69.17872      47.7065
69.17245      47.69842
69.15711      47.69609
 1 
 1             897           
1
 -9999.0   ,   9990.0
   7
 8 
68.18367      47.71158
68.17014      47.71103
68.16353      47.7125
68.17216      47.72214
68.17723      47.72495
68.18278      47.72136
68.185        47.71439
68.18367      47.71158
 1 
 1             898           
1
 -9999.0   ,   9990.0
   7
 8 
69.96403      47.74553
69.95156      47.74842
69.94397      47.75314
69.94653      47.75484
69.95         47.75408
69.96005      47.75542
69.96489      47.74717
69.96403      47.74553
 1 
 1             899           
1
 -9999.0   ,   9990.0
   7
 8 
69.9692       47.75923
69.96478      47.75928
69.95123      47.76625
69.9507       47.76828
69.9544       47.76889
69.96133      47.76714
69.97175      47.76095
69.9692       47.75923
 1 
 1             900           
1
 -9999.0   ,   9990.0
   7
 10 
68.73386      47.76534
68.73231      47.76708
68.73258      47.76764
68.73561      47.77367
68.73976      47.77595
68.74492      47.77531
68.75291      47.77092
68.74853      47.76773
68.7482       47.76767
68.73386      47.76534
 1 
 1             901           
1
 -9999.0   ,   9990.0
   7
 11 
67.79128      47.76289
67.78903      47.76653
67.78525      47.77261
67.78678      47.77636
67.79408      47.78025
67.81758      47.77984
67.82453      47.77634
67.82964      47.77092
67.82395      47.76656
67.82347      47.7662
67.79128      47.76289
 1 
 1             902           
1
 -9999.0   ,   9990.0
   7
 17 
68.41817      47.78417
68.43295      47.78567
68.4382       47.78437
68.44383      47.77986
68.44733      47.77342
68.44551      47.76731
68.44442      47.76364
68.44656      47.74886
68.44117      47.74287
68.43775      47.74289
68.42415      47.74878
68.41261      47.74884
68.41078      47.75539
68.40391      47.76164
68.40473      47.76628
68.40545      47.76725
68.41817      47.78417
 1 
 1             903           
1
 -9999.0   ,   9990.0
   7
 9 
69.93928      47.77078
69.9345       47.77125
69.93151      47.78142
69.9332       47.78492
69.94053      47.78636
69.94286      47.77961
69.95003      47.77559
69.94786      47.77342
69.93928      47.77078
 1 
 1             904           
1
 -9999.0   ,   9990.0
   7
 6 
68.39841      47.80417
68.40253      47.80392
68.40175      47.798
68.39917      47.79806
68.39608      47.80106
68.39841      47.80417
 1 
 1             905           
1
 -9999.0   ,   9990.0
   7
 8 
69.92306      47.78814
69.92161      47.79656
69.91748      47.80436
69.91981      47.80492
69.93347      47.80025
69.93608      47.79395
69.92811      47.78858
69.92306      47.78814
 1 
 1             906           
1
 -9999.0   ,   9990.0
   7
 9 
67.43881      47.78275
67.4353       47.78345
67.4327       47.78992
67.43525      47.79856
67.44275      47.81072
67.44548      47.80081
67.44148      47.793
67.44275      47.78367
67.43881      47.78275
 1 
 1             907           
1
 -9999.0   ,   9990.0
   7
 7 
68.2335       47.79936
68.22823      47.80067
68.22353      47.80567
68.22708      47.8125
68.23495      47.81225
68.23691      47.81008
68.2335       47.79936
 1 
 1             908           
1
 -9999.0   ,   9990.0
   7
 8 
68.24464      47.79722
68.2405       47.80042
68.24153      47.8085
68.25011      47.81333
68.25811      47.8092
68.26058      47.80567
68.25889      47.80009
68.24464      47.79722
 1 
 1             909           
1
 -9999.0   ,   9990.0
   7
 9 
71.08561      47.81242
71.08258      47.81209
71.07792      47.81562
71.07592      47.81989
71.07884      47.82156
71.08408      47.81922
71.09264      47.81814
71.09453      47.8157
71.08561      47.81242
 1 
 1             910           
1
 -9999.0   ,   9990.0
   7
 5 
67.45295      47.81573
67.4572       47.82423
67.46966      47.82273
67.46311      47.81842
67.45295      47.81573
 1 
 1             911           
1
 -9999.0   ,   9990.0
   7
 30 
67.77433      47.79328
67.76275      47.796
67.76148      47.798
67.76928      47.80075
67.77541      47.80823
67.77936      47.80914
67.78539      47.80745
67.79078      47.81142
67.79678      47.81134
67.79839      47.81464
67.80323      47.81403
67.8095       47.81531
67.81503      47.82
67.82097      47.81875
67.82825      47.82031
67.83273      47.82495
67.83703      47.82336
67.85325      47.82661
67.85941      47.82628
67.85697      47.82431
67.83628      47.81872
67.82598      47.81422
67.8147       47.81217
67.80839      47.80836
67.80133      47.80773
67.79733      47.8045
67.78983      47.80475
67.77786      47.80014
67.77689      47.79458
67.77433      47.79328
 1 
 1             912           
1
 -9999.0   ,   9990.0
   7
 6 
69.46253      47.82495
69.45983      47.82803
69.46883      47.83964
69.47208      47.83797
69.46911      47.8305
69.46253      47.82495
 1 
 1             913           
1
 -9999.0   ,   9990.0
   7
 11 
69.44031      47.84289
69.43395      47.84536
69.43386      47.84947
69.43792      47.85628
69.44386      47.85792
69.45084      47.8562
69.45461      47.85272
69.45323      47.84945
69.4482       47.84875
69.44528      47.84406
69.44031      47.84289
 1 
 1             914           
1
 -9999.0   ,   9990.0
   7
 9 
69.43242      47.87342
69.42756      47.87456
69.4274       47.87614
69.43345      47.88009
69.44033      47.88225
69.4633       47.88375
69.46453      47.88198
69.44551      47.87836
69.43242      47.87342
 1 
 1             915           
1
 -9999.0   ,   9990.0
   7
 6 
69.49978      47.87286
69.50422      47.89273
69.50695      47.89261
69.50733      47.87892
69.50311      47.8737
69.49978      47.87286
 1 
 1             916           
1
 -9999.0   ,   9990.0
   7
 9 
70.59295      47.91339
70.58028      47.91864
70.59016      47.92222
70.59341      47.92006
70.60367      47.9195
70.60689      47.91733
70.60403      47.91495
70.5982       47.91542
70.59295      47.91339
 1 
 1             917           
1
 -9999.0   ,   9990.0
   7
 11 
69.07075      47.90989
69.06766      47.907
69.06223      47.90695
69.05728      47.91173
69.06136      47.91789
69.05947      47.92259
69.06061      47.92472
69.06492      47.92584
69.07051      47.92153
69.07461      47.91486
69.07075      47.90989
 1 
 1             918           
1
 -9999.0   ,   9990.0
   7
 18 
68.8994       47.94158
68.89553      47.93659
68.8812       47.93642
68.87275      47.93634
68.87233      47.93645
68.86784      47.9377
68.86009      47.93389
68.85005      47.93542
68.84711      47.93733
68.84811      47.94058
68.85447      47.94498
68.856        47.94603
68.86775      47.9505
68.86984      47.95036
68.88492      47.94934
68.89231      47.94717
68.89661      47.94214
68.8994       47.94158
 1 
 1             919           
1
 -9999.0   ,   9990.0
   7
 12 
70.66914      47.95309
70.67115      47.95098
70.6737       47.94445
70.67036      47.93975
70.66311      47.93675
70.65956      47.93867
70.66367      47.94247
70.66255      47.94831
70.66186      47.95203
70.66253      47.95661
70.66483      47.95761
70.66914      47.95309
 1 
 1             920           
1
 -9999.0   ,   9990.0
   7
 9 
70.38145      47.95778
70.38911      47.95556
70.39584      47.9485
70.39498      47.94686
70.38386      47.94553
70.37914      47.941
70.37356      47.95039
70.37478      47.95614
70.38145      47.95778
 1 
 1             921           
1
 -9999.0   ,   9990.0
   7
 9 
71.0678       47.95289
71.07066      47.95631
71.07036      47.96042
71.07633      47.96242
71.08383      47.96223
71.08803      47.96075
71.09064      47.95764
71.08106      47.95359
71.0678       47.95289
 1 
 1             922           
1
 -9999.0   ,   9990.0
   7
 19 
71.08106      47.95359
71.09064      47.95764
71.09805      47.95859
71.10064      47.963
71.11539      47.95845
71.11833      47.95078
71.12917      47.94681
71.12522      47.94506
71.11073      47.94322
71.1075       47.94084
71.10503      47.94058
71.09433      47.9395
71.08703      47.9372
71.08134      47.93131
71.07439      47.93336
71.07378      47.937
71.06734      47.94267
71.06597      47.95067
71.0678       47.95289
 1 
 1             923           
1
 -9999.0   ,   9990.0
   7
 86 
67.69961      47.97525
67.71581      47.96889
67.73075      47.96681
67.73203      47.96714
67.73536      47.968
67.75328      47.96678
67.75845      47.95967
67.75997      47.95756
67.76389      47.94611
67.75923      47.92478
67.7617       47.91392
67.75672      47.89506
67.76378      47.88289
67.76381      47.88142
67.76383      47.87739
67.76647      47.8755
67.77428      47.87575
67.78503      47.88189
67.7884       47.88231
67.78997      47.88059
67.78017      47.87112
67.77731      47.86836
67.77934      47.86323
67.7765       47.84609
67.76033      47.83206
67.75117      47.82692
67.75014      47.82434
67.76161      47.82503
67.76325      47.82308
67.75739      47.81586
67.75667      47.81122
67.75311      47.80711
67.73608      47.79967
67.73542      47.79209
67.7322       47.79167
67.72536      47.79078
67.72003      47.79275
67.71861      47.79564
67.71997      47.80075
67.72453      47.8047
67.72348      47.80761
67.71408      47.80912
67.70233      47.80795
67.6884       47.79647
67.68581      47.79434
67.68036      47.79423
67.67917      47.79553
67.68398      47.80045
67.69323      47.80992
67.69505      47.82675
67.69153      47.83522
67.69331      47.83717
67.70211      47.83497
67.70509      47.83056
67.70386      47.82378
67.70275      47.81759
67.70526      47.81409
67.71228      47.81497
67.7187       47.81283
67.73172      47.812
67.74272      47.80856
67.74475      47.81372
67.73197      47.83311
67.74592      47.84334
67.76111      47.84928
67.76847      47.85545
67.76889      47.85984
67.75933      47.86523
67.75755      47.87336
67.75367      47.87467
67.74758      47.87675
67.74614      47.87725
67.74447      47.87967
67.74628      47.88642
67.73859      47.89306
67.7475       47.90275
67.75242      47.912
67.75053      47.92106
67.75347      47.93978
67.75205      47.94795
67.74664      47.95517
67.72803      47.96436
67.72236      47.96531
67.705        47.96825
67.69847      47.97106
67.69961      47.97525
 1 
 1             924           
1
 -9999.0   ,   9990.0
   7
 9 
70.01495      47.96553
70.0032       47.9712
70.00225      47.97392
70.00503      47.977
70.01175      47.97431
70.02101      47.9772
70.02464      47.97484
70.01691      47.96995
70.01495      47.96553
 1 
 1             925           
1
 -9999.0   ,   9990.0
   7
 11 
70.08617      47.98308
70.09245      47.98906
70.09742      47.99039
70.10045      47.98709
70.09441      47.97106
70.09216      47.96961
70.08428      47.9702
70.08156      47.97397
70.08417      47.97889
70.08836      47.98156
70.08617      47.98308
 1 
 1             926           
1
 -9999.0   ,   9990.0
   7
 33 
70.86715      47.96728
70.87256      47.97203
70.87197      47.9752
70.86048      47.98325
70.84678      47.9885
70.84839      47.9897
70.85306      47.991
70.86428      47.98681
70.87836      47.98478
70.88828      47.98445
70.90375      47.98681
70.91336      47.98553
70.93398      47.98736
70.93992      47.99008
70.95078      47.99937
70.95639      47.99703
70.9462       47.98345
70.9435       47.98314
70.94156      47.98625
70.91092      47.97767
70.89725      47.97836
70.89539      47.97578
70.90581      47.97317
70.90736      47.9707
70.90542      47.9695
70.89867      47.96858
70.89211      47.96995
70.88564      47.97453
70.8815       47.97508
70.87798      47.97245
70.88231      47.96895
70.88075      47.96728
70.86715      47.96728
 1 
 1             927           
1
 -9999.0   ,   9990.0
   7
 7 
69.5495       48.01245
69.54615      48.01478
69.55226      48.02028
69.5599       48.02081
69.5607       48.0157
69.55805      48.01245
69.5495       48.01245
 1 
 1             928           
1
 -9999.0   ,   9990.0
   7
 76 
70.53531      47.98264
70.53909      47.97989
70.54048      47.97636
70.54978      47.97486
70.5528       47.98367
70.54955      47.99817
70.54305      47.99839
70.5257       47.98631
70.51839      47.98397
70.51209      47.99014
70.52697      48
70.54228      48
70.54095      48.00184
70.53725      48.00339
70.52797      48.00172
70.52553      48.00381
70.52211      48.00378
70.51864      48.00603
70.5252       48.00953
70.51664      48.01139
70.51345      48.01387
70.51736      48.01695
70.524        48.01611
70.52917      48.01792
70.53117      48.02198
70.53375      48.02286
70.54034      48.01859
70.54089      48.02506
70.52617      48.03467
70.523        48.03878
70.51478      48.04153
70.50386      48.03861
70.49895      48.04122
70.51131      48.0505
70.51214      48.05931
70.51803      48.05886
70.51959      48.05025
70.52734      48.04328
70.54314      48.03928
70.54915      48.02872
70.55859      48.02947
70.56842      48.02428
70.55925      48.01045
70.56086      48.00714
70.57515      48.00206
70.57606      48
70.56389      48
70.56375      47.99939
70.56284      48
70.55558      48
70.55967      47.991
70.55995      47.9837
70.55761      47.97906
70.55886      47.97611
70.55478      47.96797
70.54431      47.96711
70.54089      47.96311
70.54373      47.95775
70.54578      47.94503
70.5427       47.93737
70.54011      47.93567
70.5362       47.93759
70.53625      47.94511
70.52695      47.94684
70.51842      47.95195
70.52348      47.95561
70.53091      47.952
70.53117      47.95728
70.51239      47.96134
70.51292      47.96445
70.51645      47.96656
70.52803      47.96631
70.534        47.96834
70.53736      47.97281
70.53286      47.97983
70.53531      47.98264
 1 
 1             929           
1
 -9999.0   ,   9990.0
   7
 9 
70.05766      48.0517
70.05075      48.05386
70.04498      48.05892
70.04711      48.06761
70.05175      48.06848
70.05581      48.06697
70.0612       48.05845
70.0603       48.054
70.05766      48.0517
 1 
 1             930           
1
 -9999.0   ,   9990.0
   7
 15 
70.30275      48.07598
70.29856      48.08184
70.30403      48.08573
70.30133      48.0892
70.30395      48.09172
70.3085       48.08934
70.31047      48.0842
70.30506      48.07822
70.30739      48.07498
70.31261      48.07264
70.31345      48.06995
70.30978      48.06759
70.30483      48.06834
70.30141      48.07195
70.30275      48.07598
 1 
 1             931           
1
 -9999.0   ,   9990.0
   7
 9 
70.02558      48.08695
70.01664      48.08895
70.01117      48.09239
70.01356      48.09789
70.02133      48.09486
70.0262       48.09458
70.0327       48.091
70.03208      48.08886
70.02558      48.08695
 1 
 1             932           
1
 -9999.0   ,   9990.0
   7
 14 
69.52295      48.07317
69.518        48.07428
69.51458      48.07822
69.51511      48.08506
69.5203       48.095
69.52797      48.10359
69.53803      48.106
69.54491      48.10431
69.54459      48.09284
69.55197      48.08811
69.5439       48.083
69.52981      48.07906
69.52623      48.07431
69.52295      48.07317
 1 
 1             933           
1
 -9999.0   ,   9990.0
   7
 9 
70.288        48.10006
70.28353      48.10014
70.2799       48.10306
70.28903      48.1167
70.29436      48.12128
70.29816      48.11931
70.29786      48.11353
70.29553      48.10758
70.288        48.10006
 1 
 1             934           
1
 -9999.0   ,   9990.0
   7
 16 
70.66883      48.1167
70.665        48.11892
70.66489      48.12145
70.6723       48.128
70.68695      48.13261
70.69561      48.13789
70.70639      48.13714
70.71408      48.12647
70.71086      48.12139
70.70572      48.12145
70.70164      48.12895
70.697        48.12997
70.69197      48.12934
70.68906      48.1245
70.67623      48.1175
70.66883      48.1167
 1 
 1             935           
1
 -9999.0   ,   9990.0
   7
 10 
70.6575       48.14384
70.65061      48.14397
70.64753      48.14789
70.65009      48.15475
70.65911      48.15983
70.67558      48.16184
70.67934      48.16006
70.682        48.15658
70.67942      48.15178
70.6575       48.14384
 1 
 1             936           
1
 -9999.0   ,   9990.0
   7
 11 
70.74495      48.15398
70.73848      48.1537
70.72564      48.15636
70.71933      48.15517
70.70964      48.15948
70.70828      48.16328
70.72856      48.16509
70.74523      48.16203
70.74883      48.15911
70.74897      48.15636
70.74495      48.15398
 1 
 1             937           
1
 -9999.0   ,   9990.0
   7
 10 
70.0435       48.16973
70.02756      48.16859
70.02142      48.17014
70.01781      48.17283
70.01847      48.17656
70.03795      48.17892
70.04403      48.17781
70.04806      48.1747
70.04864      48.17153
70.0435       48.16973
 1 
 1             938           
1
 -9999.0   ,   9990.0
   7
 10 
71.51806      48.16436
71.50981      48.16675
71.51117      48.16892
71.52147      48.16875
71.52722      48.17353
71.52934      48.17964
71.53433      48.18067
71.53781      48.17817
71.52589      48.1647
71.51806      48.16436
 1 
 1             939           
1
 -9999.0   ,   9990.0
   7
 13 
69.52225      48.35945
69.52578      48.3617
69.53367      48.36153
69.53848      48.35953
69.53978      48.35531
69.53353      48.34728
69.52928      48.33106
69.52717      48.32892
69.52106      48.32759
69.51703      48.32814
69.5107       48.33322
69.50775      48.33989
69.52225      48.35945
 1 
 1             940           
1
 -9999.0   ,   9990.0
   7
 12 
71.93589      48.36412
71.93428      48.36561
71.93672      48.3745
71.9355       48.37808
71.92653      48.38275
71.92886      48.38545
71.93436      48.38558
71.9414       48.38239
71.94389      48.37728
71.94348      48.37081
71.93953      48.36506
71.93589      48.36412
 1 
 1             941           
1
 -9999.0   ,   9990.0
   7
 8 
71.59045      48.39178
71.58414      48.39247
71.58123      48.39572
71.58314      48.40092
71.58956      48.40184
71.59261      48.39997
71.59309      48.39472
71.59045      48.39178
 1 
 1             942           
1
 -9999.0   ,   9990.0
   7
 11 
69.33434      48.40656
69.34141      48.40556
69.34766      48.40186
69.34817      48.39675
69.34108      48.39386
69.33011      48.39217
69.3225       48.39392
69.31836      48.39792
69.31903      48.40383
69.32145      48.40573
69.33434      48.40656
 2 
 1             943           
1
 -9999.0   ,   9990.0
   7
 55 
71.5715       48.40492
71.57615      48.40822
71.58375      48.41014
71.58833      48.40956
71.59231      48.40614
71.60245      48.40734
71.60928      48.40345
71.62272      48.40553
71.63548      48.40345
71.64191      48.39745
71.65083      48.38017
71.64608      48.36881
71.65225      48.36464
71.65542      48.35545
71.65311      48.35256
71.63878      48.35842
71.63395      48.35856
71.62795      48.35286
71.63136      48.34872
71.6292       48.34489
71.63458      48.33264
71.634        48.32986
71.62925      48.32928
71.61889      48.33614
71.6139       48.34384
71.6142       48.34845
71.62106      48.35947
71.62036      48.36381
71.63125      48.37995
71.62753      48.38384
71.62456      48.38314
71.61761      48.37464
71.61264      48.37131
71.60939      48.37659
71.61248      48.38009
71.61348      48.38122
71.62661      48.38972
71.62545      48.39261
71.61975      48.39384
71.61356      48.3895
71.61006      48.38972
71.60778      48.39117
71.61245      48.39653
71.6112       48.39784
71.60667      48.3982
71.60098      48.39506
71.59703      48.3872
71.59765      48.36611
71.58605      48.36964
71.58317      48.37267
71.58381      48.37936
71.57978      48.38528
71.56925      48.38867
71.56842      48.39389
71.5715       48.40492
 1             943           2 
1
 -9999.0   ,   9990.0
   7
 8 
71.59045      48.39178
71.59309      48.39472
71.59261      48.39997
71.58956      48.40184
71.58314      48.40092
71.58123      48.39572
71.58414      48.39247
71.59045      48.39178
 1 
 1             944           
1
 -9999.0   ,   9990.0
   7
 8 
70.40686      48.40361
70.40123      48.40431
70.40945      48.41211
70.41805      48.41603
70.4212       48.41397
70.41978      48.41225
70.41278      48.40525
70.40686      48.40361
 1 
 1             945           
1
 -9999.0   ,   9990.0
   7
 9 
68.9425       48.48072
68.93656      48.48231
68.92672      48.49383
68.92775      48.49581
68.93442      48.49442
68.93778      48.48981
68.9477       48.48492
68.94711      48.48153
68.9425       48.48072
 1 
 1             946           
1
 -9999.0   ,   9990.0
   7
 14 
70.83275      48.49372
70.82498      48.49472
70.82217      48.49314
70.81973      48.49525
70.82131      48.49998
70.82623      48.5015
70.82897      48.50745
70.83303      48.508
70.83508      48.50609
70.83189      48.50264
70.8349       48.50125
70.83172      48.49778
70.83517      48.49575
70.83275      48.49372
 1 
 1             947           
1
 -9999.0   ,   9990.0
   7
 13 
68.79753      48.51678
68.78453      48.51978
68.77128      48.52534
68.75356      48.52684
68.74917      48.52967
68.76006      48.53281
68.78833      48.53239
68.79456      48.53031
68.82231      48.5267
68.82073      48.52131
68.81523      48.51734
68.81053      48.51606
68.79753      48.51678
 1 
 1             948           
1
 -9999.0   ,   9990.0
   7
 12 
70.75078      48.51773
70.73258      48.53056
70.73136      48.53553
70.7392       48.54211
70.74811      48.53867
70.75923      48.54228
70.76505      48.54067
70.76781      48.53675
70.76603      48.52925
70.75781      48.52495
70.75461      48.51939
70.75078      48.51773
 1 
 1             949           
1
 -9999.0   ,   9990.0
   7
 14 
68.93547      48.50489
68.9252       48.5075
68.91859      48.51142
68.91033      48.52833
68.915        48.54178
68.91886      48.54425
68.92806      48.54334
68.93439      48.53989
68.93598      48.53289
68.92906      48.52236
68.92667      48.51428
68.936        48.51014
68.93728      48.50753
68.93547      48.50489
 1 
 1             950           
1
 -9999.0   ,   9990.0
   7
 9 
68.61823      48.54473
68.6102       48.54853
68.6074       48.55698
68.61336      48.55747
68.61908      48.55225
68.62475      48.55095
68.62731      48.54753
68.62514      48.5447
68.61823      48.54473
 1 
 1             951           
1
 -9999.0   ,   9990.0
   7
 16 
70.2695       48.57945
70.27236      48.57717
70.27136      48.575
70.27758      48.57139
70.27503      48.56656
70.28561      48.56192
70.29083      48.55614
70.28975      48.55258
70.286        48.55045
70.28114      48.5505
70.27467      48.55364
70.26675      48.5682
70.2552       48.57436
70.2597       48.5782
70.26514      48.57681
70.2695       48.57945
 1 
 1             952           
1
 -9999.0   ,   9990.0
   7
 10 
70.42281      48.61245
70.42159      48.61534
70.43114      48.62556
70.44103      48.64153
70.44595      48.64492
70.44911      48.64472
70.44178      48.62803
70.43166      48.62075
70.42797      48.61447
70.42281      48.61245
 1 
 1             953           
1
 -9999.0   ,   9990.0
   7
 8 
69.3912       48.66147
69.38441      48.66431
69.38073      48.66895
69.38355      48.67333
69.3868       48.674
69.39233      48.66989
69.39406      48.66586
69.3912       48.66147
 1 
 1             954           
1
 -9999.0   ,   9990.0
   7
 11 
68.87736      48.65708
68.85575      48.66464
68.85372      48.66709
68.86889      48.677
68.87389      48.67803
68.88301      48.67645
68.88934      48.67275
68.89048      48.66923
68.88728      48.66464
68.8785       48.66184
68.87736      48.65708
 1 
 1             955           
1
 -9999.0   ,   9990.0
   7
 9 
70.35511      48.68772
70.35173      48.68906
70.34495      48.68828
70.34386      48.69028
70.34748      48.69147
70.35278      48.69836
70.35664      48.69823
70.35895      48.6952
70.35511      48.68772
 1 
 1             956           
1
 -9999.0   ,   9990.0
   7
 9 
70.33903      48.68458
70.33278      48.68453
70.32567      48.68925
70.33056      48.69839
70.33645      48.70025
70.33833      48.69764
70.33442      48.68881
70.33956      48.68739
70.33903      48.68458
 1 
 1             957           
1
 -9999.0   ,   9990.0
   7
 7 
70.60886      48.69542
70.596        48.70523
70.60783      48.71075
70.61297      48.71117
70.61483      48.70856
70.61342      48.70292
70.60886      48.69542
 1 
 1             958           
1
 -9999.0   ,   9990.0
   7
 58 
68.68286      48.70553
68.69759      48.70656
68.72109      48.70395
68.725        48.70458
68.73895      48.71347
68.74653      48.71317
68.76564      48.70698
68.78342      48.70547
68.79498      48.70831
68.79955      48.70661
68.80045      48.70356
68.7973       48.70125
68.79161      48.7005
68.78145      48.6955
68.77353      48.69378
68.74681      48.69678
68.74561      48.69692
68.73711      48.68742
68.73931      48.68175
68.74495      48.67584
68.76453      48.66639
68.76691      48.66186
68.76514      48.65739
68.77597      48.6495
68.77445      48.64225
68.76056      48.64622
68.75298      48.65275
68.74695      48.66467
68.73628      48.67164
68.72186      48.67242
68.71278      48.6762
68.7105       48.67714
68.69483      48.67459
68.6819       48.65872
68.67648      48.65523
68.66648      48.65339
68.65026      48.65386
68.63711      48.64973
68.63367      48.64975
68.62556      48.65306
68.61798      48.65339
68.61442      48.655
68.61305      48.65948
68.61789      48.66809
68.6167       48.67345
68.61831      48.677
68.62309      48.67875
68.62811      48.6777
68.6295       48.66703
68.64206      48.66753
68.64936      48.66334
68.65676      48.66189
68.65898      48.66703
68.65317      48.68053
68.65228      48.68795
68.65816      48.69647
68.66681      48.70275
68.68286      48.70553
 1 
 1             959           
1
 -9999.0   ,   9990.0
   7
 8 
71.47608      48.73606
71.47825      48.73347
71.47628      48.73056
71.46714      48.72839
71.46525      48.72795
71.46631      48.72953
71.46972      48.7347
71.47608      48.73606
 1 
 1             960           
1
 -9999.0   ,   9990.0
   7
 4 
72            48.74398
72            48.74106
71.9988       48.74248
72            48.74398
 1 
 1             961           
1
 -9999.0   ,   9990.0
   7
 30 
70.468        48.71781
70.47258      48.72117
70.47664      48.72172
70.48372      48.71906
70.48908      48.72017
70.48781      48.72331
70.49         48.72461
70.49736      48.72431
70.50166      48.735
70.50575      48.73923
70.50298      48.745
70.50491      48.74767
70.51667      48.75184
70.51911      48.74789
70.5192       48.7417
70.50706      48.72645
70.50701      48.72092
70.51178      48.71761
70.5107       48.71409
70.50051      48.71672
70.49548      48.71564
70.489        48.70545
70.48392      48.70664
70.48703      48.71242
70.48509      48.71548
70.47586      48.71084
70.46983      48.70967
70.46926      48.71284
70.47359      48.71572
70.468        48.71781
 1 
 1             962           
1
 -9999.0   ,   9990.0
   7
 22 
69.90165      48.74336
69.8857       48.74536
69.88381      48.74828
69.88778      48.75278
69.89034      48.7627
69.89416      48.76653
69.88358      48.77314
69.88306      48.77595
69.89191      48.77864
69.89267      48.77886
69.89145      48.78539
69.89633      48.78731
69.9067       48.78692
69.92528      48.79137
69.95241      48.79489
69.96278      48.7945
69.96398      48.78795
69.96159      48.78448
69.93742      48.77447
69.93095      48.76236
69.90861      48.74531
69.90165      48.74336
 1 
 1             963           
1
 -9999.0   ,   9990.0
   7
 40 
68.6832       48.75053
68.67181      48.75731
68.66856      48.76303
68.67475      48.76903
68.6829       48.77214
68.689        48.77997
68.6884       48.78253
68.6802       48.78334
68.67545      48.78622
68.67606      48.79006
68.6887       48.79722
68.69167      48.79839
68.70425      48.79681
68.71195      48.79075
68.7198       48.78995
68.7267       48.79175
68.73406      48.78781
68.74447      48.78775
68.7509       48.79095
68.75623      48.79159
68.7594       48.79195
68.762        48.79086
68.76448      48.78056
68.78315      48.77992
68.78609      48.77672
68.78592      48.7735
68.78005      48.76956
68.7703       48.77373
68.76203      48.77408
68.74103      48.77947
68.73953      48.77247
68.73466      48.77028
68.72775      48.77261
68.72314      48.77203
68.72256      48.76403
68.71439      48.76095
68.71091      48.75659
68.70566      48.7542
68.68914      48.75286
68.6832       48.75053
 1 
 1             964           
1
 -9999.0   ,   9990.0
   7
 5 
71.57855      48.81333
71.58808      48.79931
71.5745       48.79745
71.5735       48.8015
71.57855      48.81333
 1 
 1             965           
1
 -9999.0   ,   9990.0
   7
 62 
69.03495      48.84317
69.05141      48.83964
69.0582       48.83662
69.06189      48.82967
69.06711      48.82561
69.06931      48.82014
69.06011      48.80498
69.06164      48.79545
69.05705      48.79303
69.0449       48.793
69.01828      48.80003
69.00753      48.79859
69.00403      48.79809
68.9847       48.79883
68.98084      48.80073
68.96886      48.7977
68.94895      48.79709
68.93136      48.80206
68.92484      48.80253
68.92064      48.80031
68.92253      48.79717
68.92198      48.7917
68.91845      48.78714
68.91409      48.78609
68.90808      48.78767
68.89586      48.79775
68.87659      48.80306
68.8597       48.80589
68.85291      48.80912
68.86781      48.817
68.87328      48.81661
68.87703      48.81403
68.87984      48.81372
68.88215      48.81345
68.89161      48.81597
68.89256      48.8175
68.87783      48.82939
68.86789      48.84273
68.86689      48.84925
68.87933      48.86764
68.88414      48.88178
68.89056      48.88684
68.90598      48.88961
68.9162       48.88817
68.93916      48.89017
68.94539      48.88745
68.95797      48.88192
68.96125      48.88283
68.97853      48.882
68.98492      48.88889
68.99142      48.89234
68.99756      48.89164
69.00166      48.88906
69.00972      48.89145
69.0195       48.89164
69.02789      48.88964
69.03306      48.88536
69.02595      48.87622
69.00855      48.86809
69.01458      48.85431
69.02367      48.84628
69.03495      48.84317
 1 
 1             966           
1
 -9999.0   ,   9990.0
   7
 6 
70.81983      48.89886
70.80908      48.90447
70.81039      48.90689
70.81886      48.91031
70.82941      48.90375
70.81983      48.89886
 1 
 1             967           
1
 -9999.0   ,   9990.0
   7
 13 
71.5782       48.85881
71.56956      48.85636
71.56403      48.85828
71.56064      48.86425
71.55873      48.89123
71.56284      48.90898
71.56609      48.91472
71.5842       48.92561
71.59214      48.92595
71.59722      48.92034
71.58661      48.86928
71.58083      48.8597
71.5782       48.85881
 1 
 1             968           
1
 -9999.0   ,   9990.0
   7
 7 
71.8157       48.96839
71.81425      48.97103
71.81592      48.97597
71.82073      48.97859
71.82459      48.97172
71.82361      48.96684
71.8157       48.96839
 1 
 1             969           
1
 -9999.0   ,   9990.0
   7
 10 
67.28709      49.04787
67.28245      49.05225
67.28059      49.05925
67.29234      49.07417
67.29992      49.07328
67.30456      49.06887
67.30558      49.06103
67.3037       49.0547
67.29736      49.04911
67.28709      49.04787
 1 
 1             970           
1
 -9999.0   ,   9990.0
   7
 10 
71.68528      49.1557
71.69109      49.15656
71.70611      49.15228
71.7067       49.142
71.6982       49.1382
71.68909      49.14056
71.68992      49.14323
71.69186      49.14947
71.68708      49.154
71.68528      49.1557
 1 
 1             971           
1
 -9999.0   ,   9990.0
   7
 13 
68.56848      49.13434
68.55045      49.13972
68.54395      49.145
68.54097      49.1505
68.5408       49.156
68.54786      49.16081
68.55734      49.15647
68.56264      49.15036
68.57242      49.14809
68.57453      49.14587
68.57692      49.13906
68.57361      49.13584
68.56848      49.13434
 1 
 1             972           
1
 -9999.0   ,   9990.0
   7
 11 
68.67997      49.16817
68.6713       49.17084
68.66978      49.17645
68.67191      49.18089
68.69161      49.19217
68.69831      49.19031
68.70161      49.18687
68.70186      49.182
68.69853      49.17445
68.69145      49.16964
68.67997      49.16817
 1 
 1             973           
1
 -9999.0   ,   9990.0
   7
 15 
69.25039      49.19697
69.25356      49.191
69.24873      49.18539
69.25111      49.179
69.23084      49.16534
69.22853      49.15608
69.22428      49.15595
69.21111      49.16475
69.21298      49.16736
69.22681      49.17439
69.23458      49.18275
69.2332       49.18495
69.23509      49.18964
69.24256      49.19437
69.25039      49.19697
 1 
 1             974           
1
 -9999.0   ,   9990.0
   7
 26 
71.62711      49.16709
71.62445      49.16622
71.62114      49.1607
71.61331      49.16153
71.59108      49.16484
71.57708      49.1627
71.5739       49.16503
71.57061      49.17236
71.56084      49.17653
71.55172      49.183
71.54767      49.19056
71.5447       49.19609
71.55653      49.21828
71.56208      49.22281
71.56965      49.22378
71.57264      49.22261
71.57286      49.21689
71.5882       49.20439
71.59395      49.19053
71.597        49.18892
71.60108      49.18964
71.60447      49.19678
71.60872      49.19431
71.61836      49.17797
71.62781      49.16945
71.62711      49.16709
 1 
 1             975           
1
 -9999.0   ,   9990.0
   7
 11 
67.63175      49.20778
67.62558      49.20861
67.60841      49.21606
67.59645      49.21795
67.58728      49.22239
67.59703      49.22709
67.6064       49.22881
67.61767      49.22697
67.63492      49.21767
67.63575      49.21372
67.63175      49.20778
 1 
 1             976           
1
 -9999.0   ,   9990.0
   7
 7 
70.8465       49.254
70.84331      49.25423
70.83303      49.26081
70.83806      49.26417
70.8444       49.26214
70.84781      49.25664
70.8465       49.254
 1 
 1             977           
1
 -9999.0   ,   9990.0
   7
 16 
70.80686      49.26572
70.80409      49.2655
70.80231      49.26767
70.80439      49.28348
70.80805      49.28858
70.81333      49.28853
70.81631      49.28575
70.8117       49.27806
70.81631      49.27586
70.82339      49.27939
70.83028      49.28014
70.83203      49.27822
70.82464      49.27236
70.81831      49.2705
70.80773      49.27083
70.80686      49.26572
 1 
 1             978           
1
 -9999.0   ,   9990.0
   7
 7 
71.44231      49.28842
71.44061      49.29014
71.44317      49.29584
71.45658      49.29978
71.45895      49.29809
71.45284      49.29053
71.44231      49.28842
 1 
 1             979           
1
 -9999.0   ,   9990.0
   7
 20 
67.52056      49.23856
67.50658      49.24375
67.4935       49.24542
67.49078      49.24859
67.49934      49.25473
67.50136      49.2592
67.49825      49.26948
67.49845      49.2862
67.496        49.2937
67.5105       49.29972
67.51683      49.30003
67.53809      49.28636
67.5388       49.27898
67.55223      49.26717
67.55745      49.257
67.55597      49.25386
67.54286      49.24525
67.54017      49.24106
67.53425      49.23886
67.52056      49.23856
 1 
 1             980           
1
 -9999.0   ,   9990.0
   7
 10 
70.79508      49.27861
70.7864       49.2782
70.77748      49.28281
70.77448      49.29753
70.77703      49.30095
70.78167      49.30061
70.78406      49.29503
70.79273      49.28786
70.7965       49.28242
70.79508      49.27861
 1 
 1             981           
1
 -9999.0   ,   9990.0
   7
 12 
70.82806      49.31842
70.82516      49.32072
70.82716      49.32731
70.8415       49.3337
70.84578      49.33333
70.84897      49.33128
70.84911      49.32853
70.8455       49.32503
70.83947      49.32525
70.83483      49.32375
70.83209      49.31939
70.82806      49.31842
 1 
 1             982           
1
 -9999.0   ,   9990.0
   7
 16 
67.28439      49.29684
67.2692       49.30117
67.2567       49.30989
67.256        49.31523
67.25164      49.32189
67.25183      49.326
67.27753      49.33464
67.28772      49.33472
67.29334      49.33211
67.30078      49.32503
67.30283      49.31942
67.29825      49.31142
67.29803      49.30456
67.29533      49.30011
67.29075      49.29717
67.28439      49.29684
 1 
 1             983           
1
 -9999.0   ,   9990.0
   7
 14 
70.79097      49.34089
70.781        49.34358
70.77381      49.35039
70.77428      49.35367
70.78039      49.35481
70.78028      49.36331
70.78367      49.36795
70.7897       49.36772
70.79273      49.36264
70.79398      49.35561
70.79186      49.34786
70.79667      49.34456
70.79498      49.34211
70.79097      49.34089
 1 
 1             984           
1
 -9999.0   ,   9990.0
   7
 6 
69.35356      49.36889
69.33256      49.3697
69.33356      49.37539
69.33603      49.37934
69.34141      49.378
69.35356      49.36889
 1 
 1             985           
1
 -9999.0   ,   9990.0
   7
 9 
71.67965      49.43059
71.67011      49.43061
71.65816      49.43486
71.65473      49.44106
71.6573       49.44467
71.6635       49.44556
71.67661      49.44073
71.68205      49.43511
71.67965      49.43059
 1 
 1             986           
1
 -9999.0   ,   9990.0
   7
 9 
70.25051      49.448
70.24689      49.45025
70.24511      49.454
70.2532       49.45972
70.25983      49.46003
70.2637       49.45645
70.26328      49.45317
70.2587       49.44936
70.25051      49.448
 1 
 1             987           
1
 -9999.0   ,   9990.0
   7
 20 
71.67783      49.501
71.67281      49.50389
71.67286      49.50778
71.67678      49.51197
71.6842       49.512
71.68664      49.51425
71.70098      49.51498
71.7027       49.522
71.70706      49.52323
71.71203      49.51873
71.71997      49.51972
71.72211      49.51734
71.72031      49.51536
71.7135       49.50939
71.70728      49.50645
71.69828      49.50331
71.69055      49.50739
71.6865       49.50642
71.68328      49.50228
71.67783      49.501
 1 
 1             988           
1
 -9999.0   ,   9990.0
   7
 14 
67.05666      49.51398
67.04784      49.51378
67.0447       49.51945
67.03525      49.5225
67.03225      49.52656
67.05125      49.54272
67.05808      49.5412
67.0652       49.53622
67.06965      49.52764
67.07195      49.52323
67.0692       49.51834
67.06509      49.51578
67.06345      49.51475
67.05666      49.51398
 1 
 1             989           
1
 -9999.0   ,   9990.0
   7
 15 
67.10086      49.58814
67.10914      49.57598
67.1054       49.57161
67.09184      49.565
67.07775      49.56237
67.07122      49.55811
67.0647       49.55664
67.05917      49.55764
67.05167      49.56217
67.04881      49.56739
67.05009      49.57717
67.06683      49.58681
67.08625      49.59514
67.09528      49.59395
67.10086      49.58814
 1 
 1             990           
1
 -9999.0   ,   9990.0
   7
 13 
71.78392      49.57228
71.77686      49.57225
71.77036      49.5755
71.77765      49.58081
71.7758       49.58345
71.78159      49.58936
71.78161      49.59578
71.78411      49.59778
71.79089      49.59525
71.78965      49.58967
71.79303      49.58623
71.79165      49.57714
71.78392      49.57228
 1 
 1             991           
1
 -9999.0   ,   9990.0
   7
 10 
67.114        49.59703
67.11225      49.60517
67.1214       49.61842
67.12664      49.61789
67.13316      49.61936
67.13497      49.61698
67.12917      49.61042
67.12597      49.60234
67.11906      49.59792
67.114        49.59703
 1 
 1             992           
1
 -9999.0   ,   9990.0
   7
 16 
71.72945      49.63272
71.72092      49.63306
71.71645      49.63667
71.71781      49.63931
71.71478      49.65381
71.71045      49.64984
71.70603      49.64884
71.70464      49.65081
71.70617      49.65667
71.70925      49.65964
71.71467      49.66114
71.72303      49.65734
71.73497      49.65562
71.74078      49.64589
71.73898      49.63956
71.72945      49.63272
 1 
 1             993           
1
 -9999.0   ,   9990.0
   7
 11 
68.01653      49.69875
68.01223      49.70775
68.01773      49.71359
68.03853      49.72261
68.04603      49.72303
68.05067      49.72092
68.05289      49.71686
68.05003      49.712
68.03833      49.70264
68.02714      49.69875
68.01653      49.69875
 1 
 1             994           
1
 -9999.0   ,   9990.0
   7
 17 
70.29923      49.68017
70.29258      49.68086
70.27934      49.68225
70.26603      49.68878
70.25823      49.69622
70.25661      49.70278
70.25784      49.70748
70.27015      49.72667
70.27381      49.72789
70.2768       49.72697
70.27897      49.723
70.28198      49.7055
70.29192      49.698
70.30653      49.69389
70.31111      49.69034
70.30556      49.68228
70.29923      49.68017
 1 
 1             995           
1
 -9999.0   ,   9990.0
   7
 10 
71.61305      49.714
71.6052       49.7167
71.60625      49.71884
71.62248      49.72798
71.63025      49.72806
71.63353      49.72092
71.62886      49.71692
71.62456      49.71525
71.6177       49.71595
71.61305      49.714
 1 
 1             996           
1
 -9999.0   ,   9990.0
   7
 8 
71.6344       49.73317
71.62622      49.73328
71.6232       49.73653
71.62445      49.74192
71.62773      49.74375
71.63511      49.74172
71.63739      49.73864
71.6344       49.73317
 1 
 1             997           
1
 -9999.0   ,   9990.0
   7
 9 
68.4974       49.74461
68.47967      49.74903
68.47759      49.75147
68.47992      49.75497
68.48648      49.75822
68.49208      49.75783
68.49728      49.75495
68.50048      49.74831
68.4974       49.74461
 1 
 1             998           
1
 -9999.0   ,   9990.0
   7
 30 
71.45928      49.72523
71.44922      49.73464
71.44775      49.73914
71.45084      49.74625
71.45158      49.75667
71.45625      49.75628
71.46259      49.75881
71.46853      49.76564
71.4777       49.76811
71.491        49.76784
71.50545      49.76753
71.51466      49.76311
71.5197       49.75633
71.51605      49.74825
71.50981      49.74322
71.50495      49.74267
71.49323      49.73425
71.48642      49.7347
71.48311      49.74392
71.47725      49.74717
71.46741      49.74673
71.46478      49.74331
71.47305      49.73195
71.47061      49.72948
71.46806      49.72998
71.46378      49.73659
71.45883      49.73853
71.45728      49.7352
71.46208      49.7275
71.45928      49.72523
 1 
 1             999           
1
 -9999.0   ,   9990.0
   7
 16 
71.49789      49.77458
71.48509      49.77484
71.47945      49.77883
71.4698       49.78136
71.46725      49.78395
71.46589      49.79214
71.46784      49.79756
71.47425      49.80167
71.48006      49.80095
71.48361      49.79659
71.48891      49.79672
71.492        49.79512
71.49284      49.78367
71.50114      49.7785
71.50081      49.77617
71.49789      49.77458
 1 
 1             1000          
1
 -9999.0   ,   9990.0
   7
 9 
69.73661      49.7865
69.73015      49.78792
69.71367      49.80995
69.71598      49.81275
69.73981      49.80903
69.7462       49.80347
69.74706      49.79856
69.74247      49.79111
69.73661      49.7865
 1 
 1             1001          
1
 -9999.0   ,   9990.0
   7
 8 
71.30853      49.80178
71.2952       49.80292
71.2867       49.80897
71.29073      49.81248
71.29767      49.81342
71.30939      49.8092
71.31098      49.80609
71.30853      49.80178
 1 
 1             1002          
1
 -9999.0   ,   9990.0
   7
 20 
70.50684      49.79311
70.50173      49.79456
70.49223      49.79725
70.48331      49.80692
70.47875      49.80842
70.47353      49.80778
70.46972      49.80539
70.46831      49.79975
70.46064      49.79892
70.45561      49.80292
70.45603      49.80639
70.46298      49.80925
70.47197      49.81986
70.47653      49.8202
70.49022      49.81736
70.49728      49.81008
70.50864      49.80431
70.51434      49.79875
70.51348      49.7957
70.50684      49.79311
 1 
 1             1003          
1
 -9999.0   ,   9990.0
   7
 15 
71.2357       49.79798
71.21972      49.80003
71.2167       49.80328
71.21817      49.80706
71.22448      49.80958
71.23064      49.81509
71.22925      49.82534
71.23286      49.83111
71.24358      49.83281
71.24775      49.83125
71.25875      49.821
71.25723      49.81745
71.2495       49.8107
71.24375      49.80061
71.2357       49.79798
 1 
 1             1004          
1
 -9999.0   ,   9990.0
   7
 8 
71.358        49.83034
71.35489      49.83198
71.36245      49.84534
71.36689      49.845
71.37145      49.84117
71.36945      49.83623
71.36606      49.83322
71.358        49.83034
 1 
 1             1005          
1
 -9999.0   ,   9990.0
   7
 11 
71.34973      49.83528
71.34075      49.83581
71.34025      49.83742
71.33916      49.84098
71.32989      49.84331
71.32853      49.84506
71.34284      49.84653
71.35047      49.84339
71.35261      49.84039
71.35375      49.83878
71.34973      49.83528
 1 
 1             1006          
1
 -9999.0   ,   9990.0
   7
 17 
69.88483      49.81639
69.86364      49.82086
69.8522       49.82614
69.84403      49.8337
69.84103      49.84039
69.84458      49.84403
69.8547       49.84297
69.859        49.84495
69.86142      49.85211
69.86659      49.85492
69.87058      49.85531
69.87767      49.85336
69.88461      49.84864
69.8887       49.84025
69.89481      49.82389
69.89028      49.81689
69.88483      49.81639
 1 
 1             1007          
1
 -9999.0   ,   9990.0
   7
 9 
66.98228      49.84506
66.97505      49.84683
66.9687       49.85245
66.97545      49.85528
66.98189      49.85586
66.98703      49.85445
66.99084      49.84825
66.98903      49.84514
66.98228      49.84506
 1 
 1             1008          
1
 -9999.0   ,   9990.0
   7
 12 
71.90823      49.85189
71.90947      49.85378
71.92256      49.86314
71.92678      49.86342
71.92814      49.86145
71.92611      49.85856
71.9138       49.84648
71.90867      49.83856
71.90859      49.83864
71.90525      49.84225
71.90517      49.84731
71.90823      49.85189
 1 
 1             1009          
1
 -9999.0   ,   9990.0
   7
 10 
69.42184      49.85089
69.40781      49.85197
69.40603      49.85395
69.40778      49.85773
69.42461      49.86611
69.43311      49.86592
69.43825      49.863
69.43909      49.85972
69.43228      49.85356
69.42184      49.85089
 1 
 1             1010          
1
 -9999.0   ,   9990.0
   7
 33 
69.20167      49.80622
69.18861      49.8127
69.17753      49.82042
69.17475      49.82514
69.17316      49.82786
69.16717      49.83014
69.16495      49.82756
69.1658       49.82242
69.16145      49.81584
69.14125      49.81203
69.13225      49.81545
69.12466      49.82292
69.11117      49.82897
69.1055       49.8372
69.10031      49.85023
69.09492      49.85592
69.09278      49.86206
69.09509      49.86508
69.10772      49.86625
69.13008      49.85947
69.15567      49.8517
69.16225      49.84661
69.1737       49.84509
69.1819       49.85114
69.19092      49.84795
69.20397      49.83731
69.21242      49.83486
69.22861      49.818
69.22825      49.81389
69.21333      49.818
69.20609      49.81509
69.21311      49.80467
69.20167      49.80622
 1 
 1             1011          
1
 -9999.0   ,   9990.0
   7
 10 
71.3725       49.86033
71.35731      49.85972
71.35108      49.86297
71.36464      49.86898
71.37226      49.87228
71.38022      49.87353
71.38934      49.87208
71.393        49.86936
71.38973      49.8657
71.3725       49.86033
 1 
 1             1012          
1
 -9999.0   ,   9990.0
   7
 11 
71.15667      49.8507
71.1474       49.85509
71.144        49.86842
71.13611      49.87498
71.14025      49.87781
71.14678      49.87714
71.15998      49.86867
71.16311      49.86475
71.15995      49.85853
71.16045      49.85353
71.15667      49.8507
 1 
 1             1013          
1
 -9999.0   ,   9990.0
   7
 9 
67.01778      49.8647
67.01128      49.86642
67.00508      49.87067
67.00336      49.87372
67.00698      49.87973
67.01436      49.87934
67.02125      49.87231
67.02378      49.86711
67.01778      49.8647
 1 
 1             1014          
1
 -9999.0   ,   9990.0
   7
 7 
71.91008      49.88164
71.91128      49.88309
71.91622      49.88317
71.92083      49.87867
71.9135       49.87336
71.9059       49.87653
71.91008      49.88164
 1 
 1             1015          
1
 -9999.0   ,   9990.0
   7
 19 
69.96492      49.85164
69.9568       49.85389
69.95333      49.85808
69.96286      49.86125
69.96584      49.86378
69.95778      49.86811
69.95425      49.87208
69.95461      49.87756
69.96361      49.88353
69.98281      49.88703
69.98736      49.88484
69.98867      49.88059
69.97903      49.87306
69.98873      49.86975
69.99173      49.86698
69.99308      49.86111
69.98534      49.85414
69.976        49.85189
69.96492      49.85164
 1 
 1             1016          
1
 -9999.0   ,   9990.0
   7
 15 
67.51614      49.85764
67.50983      49.85823
67.50361      49.86181
67.50075      49.86681
67.50308      49.87331
67.51292      49.88261
67.51165      49.88611
67.51311      49.88903
67.52145      49.89036
67.53114      49.88864
67.53906      49.88428
67.54348      49.87531
67.54506      49.86397
67.5375       49.85823
67.51614      49.85764
 1 
 1             1017          
1
 -9999.0   ,   9990.0
   7
 17 
70.97961      49.84906
70.97528      49.8515
70.97986      49.86172
70.97728      49.86431
70.96315      49.86787
70.96142      49.87164
70.96031      49.87778
70.9692       49.89592
70.97353      49.89556
70.97689      49.89258
70.97908      49.88031
70.98905      49.86817
70.9862       49.86014
70.98945      49.85575
70.98891      49.85272
70.98548      49.85017
70.97961      49.84906
 1 
 1             1018          
1
 -9999.0   ,   9990.0
   7
 9 
70.14667      49.89823
70.14239      49.90178
70.14786      49.91767
70.15141      49.91958
70.15633      49.91628
70.15778      49.91247
70.15539      49.901
70.15222      49.89706
70.14667      49.89823
 1 
 1             1019          
1
 -9999.0   ,   9990.0
   7
 8 
68.93095      49.9135
68.92489      49.91556
68.9213       49.91947
68.92914      49.9217
68.94189      49.92123
68.94375      49.91764
68.9425       49.91453
68.93095      49.9135
 1 
 1             1020          
1
 -9999.0   ,   9990.0
   7
 8 
68.97242      49.92295
68.96173      49.92903
68.96492      49.93314
68.97165      49.93497
68.97895      49.93397
68.98283      49.9275
68.97903      49.92409
68.97242      49.92295
 1 
 1             1021          
1
 -9999.0   ,   9990.0
   7
 12 
68.82895      49.93317
68.83103      49.93486
68.83795      49.93575
68.87248      49.93375
68.88981      49.92264
68.89208      49.91925
68.88951      49.9167
68.87975      49.91784
68.86953      49.92684
68.84406      49.92773
68.83448      49.93
68.82895      49.93317
 1 
 1             1022          
1
 -9999.0   ,   9990.0
   7
 10 
70.95198      49.91881
70.94828      49.92153
70.94664      49.9267
70.951        49.93025
70.95975      49.9332
70.97386      49.93584
70.97936      49.93508
70.98708      49.92761
70.98592      49.92614
70.95198      49.91881
 1 
 1             1023          
1
 -9999.0   ,   9990.0
   7
 10 
70.175        49.93209
70.171        49.93245
70.15745      49.94173
70.15508      49.95006
70.15833      49.95539
70.16675      49.95423
70.17911      49.94762
70.18305      49.94195
70.18136      49.93606
70.175        49.93209
 1 
 1             1024          
1
 -9999.0   ,   9990.0
   7
 9 
67.8032       49.94989
67.78989      49.95117
67.78508      49.95492
67.78653      49.95736
67.79322      49.95948
67.80611      49.95753
67.81175      49.95489
67.81409      49.95131
67.8032       49.94989
 1 
 1             1025          
1
 -9999.0   ,   9990.0
   7
 9 
68.96578      49.94642
68.96136      49.94767
68.95845      49.95133
68.95748      49.956
68.96153      49.961
68.96758      49.961
68.97283      49.95628
68.97073      49.94814
68.96578      49.94642
 1 
 1             1026          
1
 -9999.0   ,   9990.0
   7
 11 
70.81861      49.94361
70.81355      49.946
70.80991      49.95425
70.81145      49.96356
70.81678      49.96559
70.82064      49.96195
70.82672      49.95989
70.83078      49.965
70.8327       49.96034
70.82836      49.94689
70.81861      49.94361
 1 
 1             1027          
1
 -9999.0   ,   9990.0
   7
 9 
68.92856      49.93484
68.92336      49.93772
68.91945      49.94814
68.90578      49.95578
68.9025       49.96153
68.9057       49.96567
68.93106      49.94731
68.93425      49.93695
68.92856      49.93484
 1 
 1             1028          
1
 -9999.0   ,   9990.0
   7
 7 
68.99039      49.95478
68.98697      49.95573
68.97131      49.97017
68.97573      49.97514
68.99139      49.96483
68.99495      49.96067
68.99039      49.95478
 1 
 1             1029          
1
 -9999.0   ,   9990.0
   7
 8 
67.7252       49.97828
67.71933      49.97956
67.7155       49.98256
67.71684      49.98683
67.7205       49.98753
67.72878      49.98567
67.73253      49.9822
67.7252       49.97828
 1 
 1             1030          
1
 -9999.0   ,   9990.0
   7
 7 
66.6238       49.98306
66.61856      49.98653
66.62678      49.99275
66.63281      49.99267
66.63558      49.98934
66.63306      49.986
66.6238       49.98306
 1 
 1             1031          
1
 -9999.0   ,   9990.0
   7
 9 
70.85703      49.98356
70.8397       49.98686
70.83451      49.98992
70.83317      49.99328
70.836        49.99739
70.84561      49.9935
70.8574       49.99553
70.86305      49.99367
70.85703      49.98356
 1 
 1             1032          
1
 -9999.0   ,   9990.0
   7
 7 
66.03586      49.98834
66.02623      49.99109
66.02164      49.99472
66.02736      49.99836
66.03811      49.99603
66.04092      49.99248
66.03586      49.98834
 3 
 1             1033          
1
 -9999.0   ,   9990.0
   7
 116 
67.28108      45.17903
67.27509      45.18253
67.27565      45.18578
67.28295      45.18609
67.29955      45.1867
67.30703      45.18906
67.31697      45.18764
67.33003      45.19197
67.33206      45.18911
67.32816      45.18656
67.30714      45.18103
67.3072       45.17825
67.329        45.17306
67.33058      45.17086
67.32798      45.16861
67.31778      45.16956
67.31606      45.16784
67.32173      45.16431
67.32261      45.16022
67.30898      45.15059
67.31115      45.14659
67.3097       45.14517
67.30158      45.14503
67.29156      45.14964
67.28636      45.14722
67.2942       45.142
67.30561      45.13933
67.31914      45.14253
67.32195      45.14086
67.32306      45.1352
67.31256      45.13106
67.30761      45.13164
67.30181      45.12895
67.29723      45.12934
67.28997      45.12517
67.27098      45.11931
67.25936      45.12356
67.25105      45.12483
67.24897      45.12356
67.25689      45.11789
67.24878      45.11711
67.2478       45.11545
67.25278      45.10981
67.25742      45.1092
67.26126      45.11198
67.2702       45.11303
67.27506      45.10831
67.28273      45.10675
67.27959      45.10356
67.29092      45.09423
67.28686      45.0905
67.29066      45.08867
67.298        45.08056
67.30172      45.07642
67.28516      45.07659
67.28145      45.08025
67.26942      45.08517
67.26728      45.08664
67.27128      45.09059
67.26903      45.09525
67.26103      45.08714
67.24909      45.08681
67.2413       45.08903
67.23636      45.09445
67.2218       45.10125
67.21439      45.101
67.21028      45.10256
67.20323      45.09953
67.19822      45.10286
67.19634      45.11195
67.19775      45.11342
67.20456      45.11364
67.20866      45.1167
67.21103      45.12189
67.21167      45.12334
67.21547      45.12406
67.21997      45.11239
67.22325      45.11217
67.22559      45.12359
67.24264      45.12956
67.2422       45.13275
67.21472      45.1295
67.20956      45.13167
67.21425      45.13345
67.24531      45.13775
67.245        45.13981
67.21564      45.13945
67.20856      45.13667
67.1938       45.1352
67.18715      45.13889
67.1774       45.14145
67.17406      45.14445
67.17364      45.14739
67.17628      45.14942
67.18667      45.14945
67.19511      45.15184
67.20045      45.14853
67.21498      45.14448
67.22798      45.14442
67.23617      45.14659
67.2399       45.151
67.2425       45.15461
67.2515       45.15772
67.26861      45.15845
67.27773      45.1567
67.27928      45.15639
67.28992      45.1617
67.29045      45.16489
67.291        45.16822
67.29405      45.17209
67.29995      45.17181
67.30386      45.17414
67.29667      45.17917
67.29528      45.17956
67.28789      45.18156
67.28108      45.17903
 1             1033          2 
1
 -9999.0   ,   9990.0
   7
 6 
67.25025      45.14778
67.27778      45.14342
67.2799       45.14472
67.26908      45.1525
67.25615      45.15209
67.25025      45.14778
 1             1033          3 
1
 -9999.0   ,   9990.0
   7
 10 
67.26211      45.09973
67.26731      45.09745
67.27067      45.09881
67.2715       45.10123
67.2655       45.10303
67.25978      45.10164
67.25261      45.10197
67.246        45.09761
67.2567       45.09536
67.26211      45.09973
