 665 
 1 
 1             1             
1
 -9999.0   ,   9990.0
   7
 17 
72.07253      45.69047
72.06486      45.68089
72.04173      45.66817
72.01522      45.66289
72.01395      45.66262
72.00711      45.65628
72            45.65539
72            45.67253
72.00798      45.67047
72.02514      45.67298
72.03111      45.67728
72.03736      45.6827
72.04386      45.68331
72.05086      45.68648
72.05773      45.68642
72.0657       45.69006
72.07253      45.69047
 1 
 1             2             
1
 -9999.0   ,   9990.0
   7
 27 
72.11081      46.41323
72.10536      46.40967
72.0968       46.40875
72.07436      46.40203
72.06809      46.40186
72.0548       46.39672
72.0524       46.39681
72.05117      46.39686
72.04511      46.39258
72.02925      46.39239
72.02436      46.39731
72.01906      46.39761
72.01195      46.39308
72.01011      46.39192
72            46.39325
72            46.40411
72.02886      46.40589
72.0357       46.40172
72.04203      46.40097
72.04545      46.40128
72.05228      46.40186
72.05286      46.40192
72.0582       46.40778
72.06809      46.4142
72.0842       46.41622
72.11559      46.41656
72.11081      46.41323
 1 
 1             3             
1
 -9999.0   ,   9990.0
   7
 32 
72            46.78203
72            46.79803
72.00097      46.79917
72.00478      46.81436
72.00786      46.819
72.01223      46.81845
72.01828      46.8115
72.02797      46.81039
72.03928      46.81067
72.04486      46.81217
72.04864      46.81639
72.05525      46.81725
72.05753      46.81206
72.06061      46.81122
72.06981      46.81281
72.07198      46.81011
72.07078      46.80734
72.06889      46.80503
72.05978      46.80136
72.05445      46.79528
72.05445      46.78911
72.0507       46.78467
72.04723      46.78756
72.04045      46.802
72.03406      46.80323
72.03059      46.79948
72.02358      46.79975
72.02267      46.79811
72.0252       46.79431
72.02047      46.78939
72.00439      46.78553
72            46.78203
 1 
 1             4             
1
 -9999.0   ,   9990.0
   7
 137 
72.09736      46.99434
72.11181      46.9805
72.11422      46.96664
72.11181      46.95558
72.11398      46.94011
72.11278      46.93362
72.11217      46.93022
72.10878      46.92489
72.09939      46.91962
72.09566      46.91428
72.09225      46.89953
72.087        46.87681
72.09228      46.87214
72.10711      46.87525
72.12153      46.87356
72.1335       46.86789
72.14083      46.86761
72.163        46.87731
72.16967      46.87706
72.17381      46.87483
72.178        46.86464
72.18831      46.85895
72.19503      46.85753
72.21536      46.85731
72.2327       46.8575
72.24753      46.86061
72.26195      46.8655
72.27389      46.86647
72.28131      46.86458
72.29128      46.86506
72.29581      46.86814
72.29911      46.87553
72.30847      46.87461
72.31603      46.87706
72.32153      46.87353
72.31272      46.86967
72.30309      46.86259
72.29684      46.86083
72.24797      46.85192
72.23358      46.85317
72.24797      46.85192
72.29684      46.86083
72.30309      46.86259
72.31272      46.86967
72.32153      46.87353
72.32166      46.86417
72.32741      46.85584
72.32491      46.85211
72.30697      46.8517
72.29947      46.84833
72.29514      46.848
72.29305      46.85003
72.29314      46.85459
72.28778      46.85561
72.26928      46.84581
72.25931      46.84556
72.25183      46.84789
72.23497      46.84545
72.2202       46.84145
72.20881      46.84275
72.19286      46.83928
72.19234      46.83917
72.18428      46.83348
72.16711      46.83695
72.156        46.82683
72.16786      46.82256
72.169        46.82009
72.16525      46.8152
72.16795      46.80839
72.17664      46.80106
72.17606      46.79967
72.16881      46.79859
72.16361      46.80234
72.15875      46.7997
72.15278      46.78653
72.14848      46.78598
72.14606      46.78773
72.14608      46.79392
72.15211      46.81056
72.15072      46.81278
72.14406      46.81328
72.13666      46.80809
72.1293       46.78961
72.12586      46.78586
72.11034      46.77725
72.10761      46.77856
72.10709      46.78242
72.13258      46.81575
72.12945      46.81864
72.1238       46.81828
72.12123      46.81684
72.11578      46.80642
72.10648      46.8062
72.10333      46.8082
72.10198      46.80906
72.1095       46.8177
72.10861      46.82225
72.11381      46.82489
72.12781      46.82434
72.13298      46.82742
72.13303      46.83267
72.13086      46.83561
72.12409      46.83795
72.11417      46.83678
72.10342      46.83195
72.09634      46.83359
72.08365      46.847
72.07845      46.85031
72.07376      46.85086
72.0697       46.84598
72.068        46.8402
72.06506      46.83898
72.0587       46.8395
72.05691      46.84153
72.059        46.84614
72.05658      46.84814
72.05061      46.84731
72.0442       46.84897
72.04305      46.85739
72.03956      46.86075
72.03211      46.86261
72.02255      46.861
72.01248      46.85617
72.00331      46.86531
72            46.86436
72            47.00447
72.00414      47.00681
72.00672      47.00648
72.00853      47.00625
72.01508      46.99636
72.02648      46.9955
72.03709      47.00331
72.04861      46.99995
72.05634      46.9997
72.06903      47.01214
72.07572      47.01184
72.09736      46.99434
 1 
 1             5             
1
 -9999.0   ,   9990.0
   7
 5 
72            47.0322
72            47.05117
72.00103      47.05061
72.00211      47.03717
72            47.0322
 1 
 1             6             
1
 -9999.0   ,   9990.0
   7
 5 
72            47.0877
72            47.09342
72.00445      47.09186
72.00261      47.08839
72            47.0877
 1 
 1             7             
1
 -9999.0   ,   9990.0
   7
 9 
72.00173      48.74612
72.0097       48.7347
72.00725      48.73247
72.00283      48.73195
72.00125      48.73323
72.0039       48.73639
72            48.74106
72            48.74398
72.00173      48.74612
 1 
 1             8             
1
 -9999.0   ,   9990.0
   7
 6 
72.366        45
72.35181      45
72.3515       45.00295
72.35525      45.00509
72.36305      45.00367
72.366        45
 1 
 1             9             
1
 -9999.0   ,   9990.0
   7
 13 
74.08691      45.00312
74.08483      45.0102
74.0862       45.01008
74.09292      45.00959
74.10298      45.006
74.1227       45.00456
74.13261      45.00809
74.14389      45.00864
74.14616      45.00706
74.14723      45.00295
74.14592      45
74.08972      45
74.08691      45.00312
 1 
 1             10            
1
 -9999.0   ,   9990.0
   7
 9 
74.23181      45
74.2117       45
74.20865      45.00228
74.20589      45.00428
74.1997       45.00886
74.20386      45.01117
74.21386      45.01056
74.23078      45.00109
74.23181      45
 1 
 1             11            
1
 -9999.0   ,   9990.0
   7
 16 
72.40728      45
72.37158      45
72.37573      45.00139
72.3875       45.00539
72.39917      45.00431
72.40408      45.00867
72.40328      45.01356
72.40881      45.01939
72.41386      45.02159
72.41714      45.0205
72.42031      45.01486
72.42841      45.01389
72.4295       45.01164
72.42578      45.00859
72.41286      45.00828
72.40728      45
 1 
 1             12            
1
 -9999.0   ,   9990.0
   7
 8 
72.29331      45.01186
72.28167      45.01203
72.27589      45.02473
72.28005      45.02506
72.29203      45.018
72.30016      45.01684
72.30123      45.01503
72.29331      45.01186
 1 
 1             13            
1
 -9999.0   ,   9990.0
   7
 8 
73.72811      45.00995
73.72459      45.00878
73.72131      45.01103
73.70739      45.0262
73.71733      45.02906
73.72058      45.0275
73.72559      45.02136
73.72811      45.00995
 1 
 1             14            
1
 -9999.0   ,   9990.0
   7
 8 
74.1744       45.0417
74.18086      45.0357
74.17865      45.03386
74.15661      45.03986
74.15431      45.04189
74.15653      45.0442
74.16072      45.04423
74.1744       45.0417
 1 
 1             15            
1
 -9999.0   ,   9990.0
   7
 20 
74.14695      45.01942
74.14175      45.02028
74.13167      45.02661
74.11964      45.03108
74.10767      45.03328
74.10145      45.03895
74.11036      45.04542
74.11647      45.0457
74.1224       45.03959
74.12595      45.04053
74.12486      45.04692
74.129        45.04992
74.13511      45.05111
74.14128      45.04864
74.14553      45.04503
74.13665      45.03673
74.13606      45.0342
74.14714      45.02672
74.14917      45.02125
74.14695      45.01942
 1 
 1             16            
1
 -9999.0   ,   9990.0
   7
 9 
74.41175      45.04736
74.39911      45.05117
74.39111      45.04817
74.38786      45.04972
74.38878      45.05295
74.40553      45.05578
74.41331      45.05331
74.41528      45.05103
74.41175      45.04736
 1 
 1             17            
1
 -9999.0   ,   9990.0
   7
 8 
72.19365      45.04925
72.18911      45.04936
72.18508      45.05247
72.18639      45.05867
72.1912       45.05925
72.19745      45.05711
72.19759      45.05414
72.19365      45.04925
 1 
 1             18            
1
 -9999.0   ,   9990.0
   7
 10 
73.51959      45.06411
73.52631      45.06439
73.53672      45.06109
73.54039      45.05678
73.55534      45.05308
73.56298      45.04911
73.56392      45.04634
73.54703      45.05
73.5245       45.05956
73.51959      45.06411
 1 
 1             19            
1
 -9999.0   ,   9990.0
   7
 7 
74.37717      45.05173
74.37425      45.05353
74.37095      45.05992
74.37183      45.06473
74.37636      45.06431
74.3797       45.05586
74.37717      45.05173
 1 
 1             20            
1
 -9999.0   ,   9990.0
   7
 10 
74.25245      45.06028
74.25708      45.05345
74.25684      45.04886
74.25231      45.04814
74.24161      45.05195
74.23828      45.05856
74.2382       45.06381
74.2382       45.06497
74.24076      45.06545
74.25245      45.06028
 1 
 1             21            
1
 -9999.0   ,   9990.0
   7
 8 
73.6417       45.07184
73.64528      45.07072
73.64858      45.06734
73.64578      45.06411
73.63509      45.06534
73.63181      45.06736
73.63558      45.07153
73.6417       45.07184
 1 
 1             22            
1
 -9999.0   ,   9990.0
   7
 6 
74.25245      45.06028
74.24975      45.06803
74.25228      45.07192
74.2597       45.07245
74.26056      45.05873
74.25245      45.06028
 1 
 1             23            
1
 -9999.0   ,   9990.0
   7
 9 
74.42261      45.05773
74.41645      45.05906
74.40345      45.06814
74.40728      45.07067
74.41503      45.06981
74.42467      45.07375
74.42928      45.0667
74.429        45.06392
74.42261      45.05773
 1 
 1             24            
1
 -9999.0   ,   9990.0
   7
 43 
72.59231      45.01481
72.59045      45.02781
72.59223      45.04661
72.59636      45.05564
72.5955       45.06042
72.59264      45.06314
72.59011      45.06556
72.59514      45.06592
72.60364      45.06656
72.60911      45.07423
72.6139       45.07548
72.61686      45.07417
72.61453      45.06839
72.61603      45.06339
72.6045       45.06109
72.60081      45.05686
72.60189      45.05483
72.60775      45.05336
72.61075      45.05092
72.60736      45.04764
72.60195      45.0457
72.5999       45.04128
72.60095      45.03925
72.60826      45.03437
72.61336      45.02831
72.62086      45.02595
72.62925      45.02636
72.63355      45.02392
72.642        45.0225
72.66161      45.02406
72.6625       45.02225
72.6634       45.02045
72.65928      45.01853
72.64678      45.01664
72.6433       45.01453
72.64217      45.01084
72.6452       45
72.6357       45
72.63164      45.00053
72.61816      45.0062
72.60136      45.00675
72.59241      45.01206
72.59231      45.01481
 1 
 1             25            
1
 -9999.0   ,   9990.0
   7
 19 
72.59011      45.06556
72.59264      45.06314
72.5955       45.06042
72.59636      45.05564
72.59223      45.04661
72.59045      45.02781
72.59231      45.01481
72.58815      45.01425
72.5837       45.01603
72.57731      45.01859
72.57439      45.02609
72.5787       45.03853
72.57814      45.04381
72.57508      45.04739
72.56658      45.04928
72.568        45.05389
72.57425      45.05906
72.58365      45.05834
72.59011      45.06556
 1 
 1             26            
1
 -9999.0   ,   9990.0
   7
 11 
73.50931      45.07147
73.50325      45.06887
73.49445      45.0722
73.47747      45.07258
73.47667      45.07262
73.47336      45.07509
73.47545      45.07611
73.48006      45.07839
73.48589      45.07709
73.49748      45.07956
73.50931      45.07147
 1 
 1             27            
1
 -9999.0   ,   9990.0
   7
 7 
74.29808      45.0757
74.29195      45.07564
74.28864      45.07997
74.28761      45.08592
74.29017      45.08617
74.298        45.08186
74.29808      45.0757
 1 
 1             28            
1
 -9999.0   ,   9990.0
   7
 10 
74.22839      45.07106
74.22356      45.07173
74.21606      45.07556
74.21406      45.08034
74.21655      45.08539
74.22041      45.08634
74.22314      45.07698
74.228        45.07542
74.23128      45.07247
74.22839      45.07106
 1 
 1             29            
1
 -9999.0   ,   9990.0
   7
 10 
74.98033      45.07587
74.9755       45.07725
74.97386      45.08411
74.969        45.08592
74.96933      45.08797
74.9732       45.08959
74.97578      45.08684
74.98064      45.08525
74.98225      45.07817
74.98033      45.07587
 1 
 1             30            
1
 -9999.0   ,   9990.0
   7
 9 
75.09236      45.08006
75.08753      45.08486
75.07978      45.0892
75.07945      45.09195
75.08139      45.09264
75.09364      45.08806
75.09656      45.08281
75.09558      45.08075
75.09236      45.08006
 1 
 1             31            
1
 -9999.0   ,   9990.0
   7
 12 
74.2675       45.08556
74.26659      45.08736
74.26617      45.09308
74.2744       45.09064
74.27592      45.09017
74.2792       45.087
74.28031      45.07603
74.28495      45.06806
74.284        45.06575
74.27917      45.06595
74.27489      45.07072
74.2675       45.08556
 1 
 1             32            
1
 -9999.0   ,   9990.0
   7
 14 
72.46208      45.06822
72.46036      45.0707
72.47066      45.07825
72.47258      45.08608
72.4812       45.08859
72.48556      45.09211
72.49295      45.0932
72.51089      45.08878
72.51303      45.0847
72.51011      45.07778
72.48939      45.07892
72.47598      45.07542
72.46786      45.06906
72.46208      45.06822
 1 
 1             33            
1
 -9999.0   ,   9990.0
   7
 9 
73.66228      45.08834
73.65606      45.09145
73.65728      45.094
73.66622      45.098
73.6744       45.09511
73.6767       45.09239
73.67384      45.09075
73.66608      45.09067
73.66228      45.08834
 1 
 1             34            
1
 -9999.0   ,   9990.0
   7
 16 
74.34297      45.09956
74.34683      45.09911
74.34964      45.09639
74.3502       45.09628
74.34609      45.08425
74.34025      45.08536
74.33836      45.08167
74.33356      45.07822
74.33192      45.08095
74.33408      45.08714
74.33111      45.091
74.33172      45.09353
74.34015      45.09267
74.3424       45.09428
74.34106      45.09703
74.34297      45.09956
 1 
 1             35            
1
 -9999.0   ,   9990.0
   7
 12 
74.40875      45.08234
74.40453      45.08439
74.40056      45.09281
74.39764      45.09259
74.39447      45.08662
74.39028      45.08612
74.38736      45.08909
74.38983      45.0955
74.39625      45.09989
74.40175      45.10014
74.4145       45.08742
74.40875      45.08234
 1 
 1             36            
1
 -9999.0   ,   9990.0
   7
 8 
74.19998      45.09167
74.19705      45.09256
74.19536      45.09872
74.18978      45.1035
74.19106      45.10486
74.20081      45.10153
74.20378      45.09695
74.19998      45.09167
 1 
 1             37            
1
 -9999.0   ,   9990.0
   7
 9 
74.23028      45.10642
74.23172      45.107
74.2382       45.10178
74.2435       45.0975
74.24         45.09473
74.23575      45.09631
74.23084      45.10153
74.22947      45.10609
74.23028      45.10642
 1 
 1             38            
1
 -9999.0   ,   9990.0
   7
 8 
72.1437       45.09742
72.14103      45.09897
72.14153      45.10173
72.15353      45.10731
72.168        45.10881
72.17098      45.1075
72.15878      45.09942
72.1437       45.09742
 1 
 1             39            
1
 -9999.0   ,   9990.0
   7
 8 
74.95153      45.09598
74.94345      45.10214
74.93923      45.10922
74.93986      45.11381
74.94373      45.11359
74.95636      45.09942
74.95478      45.09645
74.95153      45.09598
 1 
 1             40            
1
 -9999.0   ,   9990.0
   7
 9 
74.22041      45.11342
74.22225      45.11289
74.22261      45.11186
74.22395      45.10786
74.22273      45.1035
74.21195      45.11145
74.21061      45.11417
74.2135       45.11534
74.22041      45.11342
 1 
 1             41            
1
 -9999.0   ,   9990.0
   7
 12 
74.28603      45.09806
74.28447      45.10031
74.28539      45.10511
74.29083      45.10767
74.29136      45.11659
74.29556      45.11595
74.3028       45.10661
74.29739      45.102
74.30264      45.09653
74.29234      45.09395
74.28778      45.09553
74.28603      45.09806
 1 
 1             42            
1
 -9999.0   ,   9990.0
   7
 9 
72.11428      45.10378
72.10941      45.10389
72.10775      45.11139
72.10278      45.11378
72.10489      45.11659
72.11197      45.11722
72.11525      45.10998
72.11889      45.10847
72.11428      45.10378
 1 
 1             43            
1
 -9999.0   ,   9990.0
   7
 9 
74.17272      45.10745
74.15889      45.11558
74.15947      45.11903
74.16336      45.11931
74.166        45.11611
74.17256      45.11378
74.17872      45.10889
74.17711      45.1075
74.17272      45.10745
 1 
 1             44            
1
 -9999.0   ,   9990.0
   7
 8 
72.16064      45.11389
72.14276      45.11617
72.14264      45.11822
72.14831      45.12089
72.16147      45.12284
72.16448      45.12108
72.1647       45.1165
72.16064      45.11389
 1 
 1             45            
1
 -9999.0   ,   9990.0
   7
 10 
74.24966      45.13031
74.24978      45.13139
74.25073      45.1315
74.25236      45.13164
74.25464      45.12961
74.25831      45.123
74.25772      45.11795
74.2532       45.11931
74.2492       45.12589
74.24966      45.13031
 1 
 1             46            
1
 -9999.0   ,   9990.0
   7
 8 
74.94628      45.12273
74.94334      45.1337
74.94591      45.13623
74.9485       45.13647
74.94916      45.13189
74.9534       45.12709
74.95145      45.12456
74.94628      45.12273
 1 
 1             47            
1
 -9999.0   ,   9990.0
   7
 8 
76.25481      45.12831
76.249        45.12906
76.24264      45.13414
76.24333      45.13667
76.25078      45.13772
76.25367      45.13586
76.25261      45.13245
76.25481      45.12831
 1 
 1             48            
1
 -9999.0   ,   9990.0
   7
 7 
73.30817      45.13239
73.30203      45.13231
73.28956      45.13784
73.28917      45.14056
73.29495      45.14134
73.30875      45.13445
73.30817      45.13239
 1 
 1             49            
1
 -9999.0   ,   9990.0
   7
 9 
74.9944       45.13331
74.99311      45.1292
74.98925      45.12828
74.98795      45.13239
74.99084      45.13881
74.98759      45.14406
74.9892       45.14611
74.99308      45.14292
74.9944       45.13331
 1 
 1             50            
1
 -9999.0   ,   9990.0
   7
 12 
73.69375      45.14753
73.70067      45.14303
73.70203      45.13983
73.70015      45.138
73.6905       45.13581
73.6819       45.13137
73.67931      45.13109
73.676        45.13311
73.67655      45.13678
73.68298      45.13983
73.68798      45.14653
73.69375      45.14753
 1 
 1             51            
1
 -9999.0   ,   9990.0
   7
 13 
74.98181      45.13078
74.9763       45.13397
74.9692       45.1335
74.96564      45.13489
74.95978      45.14836
74.95911      45.15295
74.9617       45.15867
74.96428      45.15822
74.96753      45.15295
74.97434      45.14817
74.97564      45.14381
74.98211      45.14084
74.98181      45.13078
 1 
 1             52            
1
 -9999.0   ,   9990.0
   7
 10 
72.06956      45.14931
72.05833      45.15314
72.0575       45.15678
72.06472      45.16134
72.06983      45.16214
72.07283      45.16061
72.07175      45.15647
72.0755       45.15292
72.07467      45.15014
72.06956      45.14931
 1 
 1             53            
1
 -9999.0   ,   9990.0
   7
 7 
75.24945      45.15475
75.24203      45.15661
75.23911      45.15889
75.24236      45.1637
75.25011      45.163
75.25139      45.15886
75.24945      45.15475
 1 
 1             54            
1
 -9999.0   ,   9990.0
   7
 9 
72.97073      45.148
72.96936      45.14981
72.97286      45.15995
72.97784      45.16598
72.98365      45.16609
72.98517      45.1597
72.9835       45.15233
72.97975      45.14906
72.97073      45.148
 1 
 1             55            
1
 -9999.0   ,   9990.0
   7
 8 
76.25117      45.15695
76.24378      45.15931
76.23967      45.16461
76.241        45.16733
76.24555      45.16775
76.25356      45.164
76.25608      45.16056
76.25117      45.15695
 1 
 1             56            
1
 -9999.0   ,   9990.0
   7
 11 
74.8929       45.14025
74.88611      45.14117
74.87861      45.1542
74.88086      45.15809
74.87664      45.16425
74.87628      45.1695
74.87984      45.16928
74.88928      45.15353
74.8922       45.15217
74.8974       45.14417
74.8929       45.14025
 1 
 1             57            
1
 -9999.0   ,   9990.0
   7
 8 
74.7705       45.17248
74.76916      45.17864
74.76266      45.18389
74.76461      45.18595
74.76945      45.18506
74.77728      45.17522
74.77536      45.1727
74.7705       45.17248
 1 
 1             58            
1
 -9999.0   ,   9990.0
   7
 8 
74.83189      45.18292
74.8287       45.18064
74.82542      45.18497
74.82122      45.18542
74.81697      45.19089
74.81828      45.19203
74.82442      45.19089
74.83189      45.18292
 1 
 1             59            
1
 -9999.0   ,   9990.0
   7
 7 
72.07598      45.17489
72.07091      45.17889
72.06825      45.18636
72.06928      45.19142
72.07278      45.19245
72.07861      45.18
72.07598      45.17489
 1 
 1             60            
1
 -9999.0   ,   9990.0
   7
 7 
75.16636      45.18323
75.16573      45.18528
75.17025      45.19211
75.17511      45.19259
75.17803      45.18961
75.17478      45.18525
75.16636      45.18323
 1 
 1             61            
1
 -9999.0   ,   9990.0
   7
 6 
75.24661      45.18495
75.24306      45.19158
75.25373      45.19387
75.2602       45.1877
75.25275      45.1877
75.24661      45.18495
 1 
 1             62            
1
 -9999.0   ,   9990.0
   7
 6 
74.36203      45.17333
74.35781      45.17422
74.3495       45.19064
74.35203      45.19478
74.36359      45.17725
74.36203      45.17333
 1 
 1             63            
1
 -9999.0   ,   9990.0
   7
 9 
73.24233      45.19531
73.25742      45.1927
73.25798      45.18975
73.25428      45.18989
73.24814      45.18911
73.2403       45.1915
73.24045      45.19461
73.2405       45.19564
73.24233      45.19531
 1 
 1             64            
1
 -9999.0   ,   9990.0
   7
 16 
73.03753      45.18809
73.03647      45.19058
73.0398       45.19684
73.05047      45.19656
73.05578      45.193
73.06626      45.1902
73.075        45.18967
73.08273      45.19117
73.0987       45.18756
73.10384      45.18856
73.11128      45.17909
73.10595      45.17442
73.09886      45.17383
73.08186      45.17859
73.05231      45.18195
73.03753      45.18809
 1 
 1             65            
1
 -9999.0   ,   9990.0
   7
 9 
74.83481      45.18636
74.83511      45.19047
74.83186      45.19414
74.83183      45.198
74.83375      45.19986
74.83636      45.19939
74.84061      45.18706
74.83967      45.18475
74.83481      45.18636
 1 
 1             66            
1
 -9999.0   ,   9990.0
   7
 9 
74.75356      45.19164
74.75034      45.19253
74.74772      45.19572
74.74866      45.1987
74.75706      45.2017
74.76417      45.20195
74.76614      45.19967
74.76389      45.196
74.75356      45.19164
 1 
 1             67            
1
 -9999.0   ,   9990.0
   7
 27 
73.16778      45.17317
73.15245      45.17445
73.14247      45.17525
73.13623      45.17836
73.12422      45.17953
73.12417      45.18136
73.13928      45.18367
73.14145      45.18692
73.15165      45.19167
73.15534      45.19675
73.15295      45.20036
73.14709      45.20189
73.14539      45.20414
73.14792      45.206
73.15178      45.20609
73.16136      45.20028
73.16286      45.19481
73.1672       45.19078
73.17108      45.19014
73.17461      45.19181
73.17914      45.19142
73.18114      45.18986
73.1839       45.18508
73.18203      45.183
73.1672       45.18095
73.17028      45.17617
73.16778      45.17317
 1 
 1             68            
1
 -9999.0   ,   9990.0
   7
 7 
75.13597      45.19442
75.13306      45.19511
75.12917      45.2045
75.13078      45.2077
75.13564      45.20428
75.13822      45.19764
75.13597      45.19442
 1 
 1             69            
1
 -9999.0   ,   9990.0
   7
 10 
74.78647      45.2082
74.79522      45.2057
74.7962       45.20364
74.79334      45.19792
74.79691      45.19311
74.79175      45.19084
74.7875       45.19631
74.7807       45.20087
74.78584      45.20545
74.78647      45.2082
 1 
 1             70            
1
 -9999.0   ,   9990.0
   7
 7 
74.7235       45.18925
74.71367      45.20547
74.71528      45.20798
74.71914      45.20892
74.72636      45.19475
74.72545      45.18995
74.7235       45.18925
 1 
 1             71            
1
 -9999.0   ,   9990.0
   7
 16 
74.28442      45.19342
74.27697      45.1945
74.26458      45.20059
74.2552       45.19984
74.25065      45.20233
74.25122      45.20575
74.24795      45.20895
74.2492       45.21284
74.25633      45.2115
74.26956      45.21459
74.2725       45.21278
74.27028      45.20864
74.27395      45.2025
74.28631      45.19845
74.28926      45.19572
74.28442      45.19342
 1 
 1             72            
1
 -9999.0   ,   9990.0
   7
 9 
74.6972       45.2022
74.69489      45.20561
74.6907       45.20606
74.69033      45.21247
74.69225      45.21592
74.69775      45.21592
74.69973      45.21045
74.70008      45.20381
74.6972       45.2022
 1 
 1             73            
1
 -9999.0   ,   9990.0
   7
 13 
72.18236      45.20233
72.17014      45.20684
72.16808      45.20928
72.16886      45.21275
72.17415      45.2177
72.17928      45.2185
72.183        45.21539
72.17772      45.2107
72.18108      45.20803
72.19236      45.20922
72.19373      45.20787
72.1904       45.20367
72.18236      45.20233
 1 
 1             74            
1
 -9999.0   ,   9990.0
   7
 8 
73.30475      45.21036
73.30434      45.21356
73.31389      45.2185
73.31839      45.21973
73.32003      45.21862
73.3188       45.21606
73.31022      45.21114
73.30475      45.21036
 1 
 1             75            
1
 -9999.0   ,   9990.0
   7
 8 
74.34115      45.21095
74.3272       45.21292
74.32061      45.21975
74.3235       45.22114
74.33033      45.21889
74.33745      45.22031
74.3437       45.21281
74.34115      45.21095
 1 
 1             76            
1
 -9999.0   ,   9990.0
   7
 7 
74.681        45.20445
74.67278      45.21928
74.6757       45.22181
74.67892      45.22159
74.68414      45.21839
74.68291      45.20695
74.681        45.20445
 1 
 1             77            
1
 -9999.0   ,   9990.0
   7
 7 
75.12756      45.21617
75.12691      45.21775
75.13175      45.22508
75.13953      45.22395
75.14181      45.22187
75.13628      45.21639
75.12756      45.21617
 1 
 1             78            
1
 -9999.0   ,   9990.0
   7
 12 
72.2425       45.21686
72.2332       45.22167
72.22642      45.22106
72.21878      45.21834
72.2107       45.21836
72.20765      45.22103
72.21339      45.22256
72.21867      45.22725
72.23578      45.22836
72.2522       45.22372
72.25203      45.22098
72.2425       45.21686
 1 
 1             79            
1
 -9999.0   ,   9990.0
   7
 25 
73.73917      45.19564
73.73295      45.19947
73.7335       45.20198
73.74548      45.20259
73.74834      45.20445
73.74917      45.21017
73.75436      45.2107
73.76183      45.2092
73.76466      45.21197
73.76165      45.2172
73.76389      45.21789
73.77625      45.21531
73.81281      45.23034
73.81958      45.23134
73.82383      45.23
73.8165       45.22445
73.81567      45.21847
73.7888       45.21336
73.78506      45.21264
73.78222      45.20917
73.78361      45.20486
73.77881      45.2025
73.75045      45.19714
73.74011      45.19681
73.73917      45.19564
 1 
 1             80            
1
 -9999.0   ,   9990.0
   7
 15 
74.70648      45.21595
74.70323      45.21709
74.69833      45.22281
74.69186      45.22256
74.68925      45.22664
74.69466      45.23537
74.69922      45.23561
74.70509      45.23084
74.71578      45.22789
74.71872      45.22539
74.71356      45.22261
74.70964      45.22558
74.70706      45.22397
74.7097       45.21873
74.70648      45.21595
 1 
 1             81            
1
 -9999.0   ,   9990.0
   7
 7 
75.2758       45.22175
75.27095      45.22497
75.28425      45.2357
75.2865       45.22883
75.28164      45.22814
75.27839      45.22267
75.2758       45.22175
 1 
 1             82            
1
 -9999.0   ,   9990.0
   7
 12 
75.21333      45.21795
75.21105      45.2152
75.20231      45.21384
75.19033      45.21498
75.17384      45.22825
75.16673      45.23103
75.16414      45.23559
75.16448      45.23903
75.16836      45.23903
75.17839      45.22986
75.18584      45.2262
75.21333      45.21795
 2 
 1             83            
1
 -9999.0   ,   9990.0
   7
 77 
74.16928      45.24378
74.18048      45.23839
74.18383      45.23086
74.18456      45.2302
74.19009      45.22497
74.20797      45.21917
74.21191      45.21622
74.21364      45.20867
74.2057       45.19947
74.20481      45.19511
74.20842      45.19239
74.21714      45.19223
74.22009      45.19067
74.22311      45.18381
74.22123      45.17922
74.20658      45.18528
74.2027       45.1855
74.20142      45.18389
74.2034       45.18161
74.21608      45.17689
74.22478      45.15959
74.23109      45.15523
74.23295      45.15392
74.23525      45.1505
74.22858      45.1427
74.22439      45.1422
74.21592      45.14739
74.21142      45.14575
74.20983      45.14253
74.21316      45.1357
74.21678      45.13389
74.23517      45.13495
74.23651      45.13289
74.22659      45.12595
74.22791      45.12253
74.2267       45.11842
74.22056      45.11836
74.20392      45.12878
74.19292      45.12892
74.18578      45.13183
74.18114      45.13775
74.17178      45.14436
74.1672       45.14175
74.16203      45.14103
74.15061      45.14734
74.15217      45.14964
74.1573       45.1515
74.15816      45.15884
74.16136      45.16161
74.16848      45.1612
74.17208      45.15759
74.1825       45.154
74.18681      45.14831
74.1917       45.14514
74.19947      45.14336
74.20203      45.14545
74.1997       45.14978
74.19086      45.15747
74.18864      45.15836
74.184        45.16017
74.17323      45.16742
74.16791      45.17606
74.17142      45.17861
74.17595      45.17934
74.18114      45.17731
74.18892      45.1767
74.19141      45.1822
74.1847       45.19747
74.1852       45.20756
74.18122      45.21231
74.17436      45.2157
74.16203      45.21789
74.15614      45.22195
74.15867      45.22608
74.16003      45.24189
74.16225      45.24328
74.16928      45.24378
 1             83            2 
1
 -9999.0   ,   9990.0
   7
 8 
74.21442      45.15972
74.21731      45.16136
74.21333      45.16772
74.20709      45.17364
74.20186      45.17634
74.19898      45.17517
74.20495      45.16584
74.21442      45.15972
 1 
 1             84            
1
 -9999.0   ,   9990.0
   7
 144 
75.2444       45.22042
75.24861      45.21906
75.25636      45.21011
75.27411      45.195
75.29739      45.1835
75.29901      45.18145
75.29478      45.17575
75.29573      45.173
75.30642      45.17253
75.30867      45.17092
75.30475      45.16406
75.3067       45.16086
75.31025      45.15925
75.33095      45.16059
75.34486      45.15987
75.35161      45.15459
75.34748      45.15014
75.34611      45.14864
75.35353      45.1475
75.36161      45.14862
75.40511      45.119
75.41634      45.09953
75.42245      45.09609
75.43245      45.09467
75.43825      45.09214
75.43953      45.08734
75.43692      45.08117
75.43045      45.08003
75.42592      45.07753
75.42783      45.07617
75.44089      45.07431
75.4427       45.07406
75.44817      45.07106
75.45775      45.05661
75.46228      45.0557
75.46684      45.05934
75.47036      45.05956
75.4797       45.05542
75.4832       45.04486
75.48834      45.04098
75.50833      45.03839
75.51411      45.03561
75.51667      45.02942
75.5202       45.02806
75.52858      45.02848
75.53958      45.03348
75.55411      45.03386
75.5599       45.03156
75.5613       45.02986
75.56597      45.0242
75.56626      45.0227
75.56689      45.01903
75.56783      45.01367
75.57231      45.00953
75.57778      45.00722
75.58041      45.00739
75.58875      45.00786
75.6075       45.0135
75.61815      45.0137
75.63328      45.00973
75.64603      45.0087
75.64811      45.00853
75.65361      45.00653
75.65903      45.00458
75.6732       45.00245
75.68515      45.00261
75.69711      45.006
75.70742      45.00639
75.71353      45.00453
75.71817      45
75.66236      45
75.65166      45.00186
75.64278      45.00342
75.63         45.00564
75.60325      45.00689
75.59323      45.00236
75.58483      45.00081
75.57615      45.00175
75.56745      45.00497
75.562        45.01186
75.55759      45.02378
75.55311      45.02792
75.54828      45.02931
75.53923      45.02867
75.52725      45.02389
75.51695      45.02461
75.51406      45.026
75.50925      45.03289
75.50872      45.03297
75.50378      45.03384
75.48666      45.03456
75.478        45.04078
75.47289      45.05039
75.47         45.052
75.45997      45.04975
75.45225      45.05253
75.44553      45.06489
75.44095      45.06806
75.43623      45.07134
75.42461      45.07342
75.42106      45.07642
75.42076      45.07984
75.42367      45.08236
75.43145      45.08414
75.4337       45.08645
75.43242      45.08872
75.4205       45.09264
75.4102       45.10023
75.40348      45.11375
75.39995      45.11603
75.39153      45.11789
75.36803      45.13786
75.35965      45.14223
75.34253      45.14683
75.342        45.14764
75.34092      45.14934
75.3445       45.15461
75.34225      45.1562
75.30928      45.15581
75.3015       45.15856
75.30058      45.16934
75.29314      45.17047
75.28831      45.17348
75.28831      45.17689
75.2935       45.17987
75.2922       45.18239
75.28347      45.184
75.27281      45.1895
75.2457       45.21631
75.23695      45.21631
75.22467      45.22456
75.21883      45.22434
75.21561      45.22731
75.21625      45.23097
75.2143       45.23395
75.20106      45.24381
75.20075      45.24608
75.22373      45.23439
75.225        45.23234
75.22208      45.22845
75.22336      45.22709
75.23084      45.22661
75.23631      45.22067
75.2444       45.22042
 1 
 1             85            
1
 -9999.0   ,   9990.0
   7
 11 
74.37503      45.19286
74.36915      45.19808
74.36625      45.22003
74.35628      45.2392
74.3572       45.24378
74.35975      45.24608
74.36428      45.24656
74.36625      45.2445
74.36342      45.2397
74.37722      45.197
74.37503      45.19286
 1 
 1             86            
1
 -9999.0   ,   9990.0
   7
 11 
77.76161      45.23086
77.7595       45.23481
77.7614       45.2405
77.75742      45.2527
77.76017      45.25631
77.76475      45.25733
77.77956      45.25539
77.78339      45.23997
77.78128      45.23636
77.76878      45.23161
77.76161      45.23086
 1 
 1             87            
1
 -9999.0   ,   9990.0
   7
 10 
74.31934      45.24147
74.30891      45.24667
74.30492      45.25395
74.3055       45.25831
74.30842      45.25786
74.31403      45.25103
74.32153      45.24789
74.32383      45.24492
74.32322      45.24172
74.31934      45.24147
 1 
 1             88            
1
 -9999.0   ,   9990.0
   7
 6 
75.26939      45.246
75.2652       45.24809
75.25516      45.25839
75.25808      45.26045
75.27167      45.24875
75.26939      45.246
 1 
 1             89            
1
 -9999.0   ,   9990.0
   7
 8 
74.27853      45.24209
74.26773      45.24981
74.25706      45.24995
74.2472       45.25834
74.24945      45.2602
74.26106      45.26278
74.27945      45.24553
74.27853      45.24209
 1 
 1             90            
1
 -9999.0   ,   9990.0
   7
 11 
74.29673      45.23764
74.28695      45.24192
74.28061      45.25447
74.27209      45.26195
74.2727       45.26517
74.27592      45.26542
74.28703      45.25839
74.29075      45.24881
74.29825      45.24339
74.30092      45.23859
74.29673      45.23764
 1 
 1             91            
1
 -9999.0   ,   9990.0
   7
 12 
74.20678      45.23334
74.20255      45.234
74.19339      45.24008
74.19033      45.24967
74.18081      45.25692
74.1752       45.26375
74.17611      45.26786
74.18158      45.26906
74.18586      45.2652
74.1965       45.24881
74.20736      45.23678
74.20678      45.23334
 1 
 1             92            
1
 -9999.0   ,   9990.0
   7
 13 
73.40708      45.25831
73.40206      45.25803
73.39775      45.26117
73.40292      45.26217
73.40591      45.26664
73.40725      45.26864
73.41461      45.27239
73.42139      45.27272
73.42375      45.27025
73.41998      45.26609
73.41292      45.26392
73.40756      45.25834
73.40708      45.25831
 2 
 1             93            
1
 -9999.0   ,   9990.0
   7
 38 
73.58898      45.23406
73.58345      45.23467
73.58645      45.24386
73.58505      45.24775
73.57945      45.25111
73.5812       45.25867
73.57889      45.26
73.57275      45.25925
73.56686      45.26123
73.56389      45.26395
73.56572      45.26739
73.57928      45.26964
73.58923      45.27364
73.59566      45.27442
73.60541      45.2712
73.61236      45.26892
73.6157       45.26531
73.6129       45.2607
73.60536      45.26403
73.60083      45.26372
73.59959      45.26189
73.61025      45.25011
73.6135       45.2497
73.616        45.25317
73.6202       45.2537
73.6232       45.25053
73.62678      45.25011
73.64997      45.25475
73.64945      45.25039
73.64336      45.24734
73.63436      45.24448
73.62822      45.24417
73.62153      45.23997
73.61375      45.24056
73.60897      45.23661
73.60416      45.23495
73.598        45.236
73.58898      45.23406
 1             93            2 
1
 -9999.0   ,   9990.0
   7
 7 
73.5952       45.25778
73.58853      45.262
73.58542      45.26036
73.59886      45.24428
73.6009       45.24486
73.60045      45.25234
73.5952       45.25778
 1 
 1             94            
1
 -9999.0   ,   9990.0
   7
 12 
74.20215      45.26075
74.19691      45.26345
74.19586      45.2687
74.19223      45.27347
74.19248      45.27853
74.19731      45.27992
74.21156      45.27936
74.21256      45.27731
74.21098      45.275
74.20456      45.27153
74.20603      45.26123
74.20215      45.26075
 1 
 1             95            
1
 -9999.0   ,   9990.0
   7
 6 
75.02098      45.26967
75.01645      45.26989
75.01123      45.27859
75.01381      45.2802
75.01836      45.27928
75.02098      45.26967
 1 
 1             96            
1
 -9999.0   ,   9990.0
   7
 8 
75.10164      45.27381
75.09742      45.27495
75.09353      45.28158
75.09353      45.28661
75.09967      45.28503
75.09903      45.28045
75.10325      45.27609
75.10164      45.27381
 1 
 1             97            
1
 -9999.0   ,   9990.0
   7
 9 
75.16708      45.28181
75.1648       45.28364
75.16578      45.2857
75.17         45.28661
75.17325      45.293
75.17841      45.29231
75.18395      45.28797
75.18231      45.28592
75.16708      45.28181
 1 
 1             98            
1
 -9999.0   ,   9990.0
   7
 21 
73.55534      45.26909
73.54461      45.26917
73.5429       45.27064
73.54197      45.27142
73.54253      45.27534
73.5402       45.27711
73.53498      45.27842
73.52828      45.27489
73.52306      45.27597
73.51873      45.28003
73.50245      45.28278
73.50331      45.28645
73.50906      45.28975
73.54431      45.2932
73.55539      45.29036
73.5607       45.28586
73.58031      45.27973
73.58234      45.27722
73.58045      45.27467
73.57203      45.27412
73.55534      45.26909
 1 
 1             99            
1
 -9999.0   ,   9990.0
   7
 14 
73.28353      45.29745
73.27848      45.29392
73.27831      45.28867
73.27578      45.28634
73.25281      45.28528
73.24033      45.28006
73.23636      45.28297
73.24142      45.28695
73.23995      45.29239
73.24636      45.29411
73.25291      45.29214
73.26295      45.29253
73.27639      45.29778
73.28353      45.29745
 1 
 1             100           
1
 -9999.0   ,   9990.0
   7
 13 
74.18236      45.28095
74.17817      45.28117
74.17286      45.2882
74.1782       45.29878
74.18208      45.29925
74.186        45.29608
74.19514      45.29295
74.19778      45.28978
74.19556      45.28723
74.18872      45.2897
74.18356      45.28828
74.18428      45.28372
74.18236      45.28095
 1 
 1             101           
1
 -9999.0   ,   9990.0
   7
 16 
74.25778      45.28703
74.25578      45.2902
74.25706      45.2925
74.26475      45.29736
74.26465      45.29789
74.2627       45.30581
74.26683      45.30995
74.2717       45.31067
74.27511      45.30961
74.27692      45.30728
74.27541      45.2995
74.27908      45.29359
74.27948      45.28923
74.27333      45.28758
74.25931      45.28709
74.25778      45.28703
 1 
 1             102           
1
 -9999.0   ,   9990.0
   7
 11 
74.30081      45.29122
74.29034      45.29914
74.28858      45.3085
74.29405      45.31153
74.30256      45.30678
74.3052       45.30267
74.30458      45.30039
74.30103      45.29853
74.30403      45.29467
74.30372      45.2917
74.30081      45.29122
 1 
 1             103           
1
 -9999.0   ,   9990.0
   7
 7 
74.40373      45.30375
74.40048      45.30397
74.39586      45.31011
74.39615      45.314
74.40459      45.31178
74.40595      45.30836
74.40373      45.30375
 1 
 1             104           
1
 -9999.0   ,   9990.0
   7
 58 
73.74147      45.30681
73.73328      45.30609
73.72936      45.30809
73.73528      45.31198
73.73573      45.31228
73.74247      45.31489
73.74609      45.31409
73.75128      45.31292
73.76228      45.3135
73.76365      45.31148
73.76145      45.308
73.75608      45.30308
73.75161      45.29898
73.75048      45.29848
73.74358      45.29545
73.73831      45.28553
73.7338       45.28389
73.72925      45.28522
73.72331      45.28972
73.71516      45.291
73.70648      45.28884
73.70255      45.29039
73.69055      45.28978
73.68611      45.28606
73.68528      45.28125
73.68083      45.27664
73.67728      45.27706
73.67033      45.28245
73.66486      45.28184
73.65645      45.28092
73.65281      45.28384
73.65561      45.28731
73.6497       45.29159
73.64958      45.295
73.6525       45.29528
73.66272      45.28875
73.6767       45.28778
73.69366      45.29578
73.69358      45.29875
73.68645      45.29933
73.68414      45.30092
73.68339      45.30434
73.68953      45.30625
73.7002       45.30661
73.70286      45.30434
73.70328      45.30047
73.71075      45.29964
73.71264      45.3015
73.71589      45.30175
73.72375      45.29772
73.72895      45.29711
73.7315       45.29964
73.73764      45.30086
73.74323      45.30453
73.74364      45.30481
73.74401      45.30506
73.74203      45.30686
73.74147      45.30681
 1 
 1             105           
1
 -9999.0   ,   9990.0
   7
 14 
73.34751      45.31534
73.344        45.313
73.33528      45.3122
73.30614      45.30031
73.29034      45.29753
73.28575      45.29931
73.28795      45.30208
73.28623      45.30525
73.29066      45.30784
73.29842      45.30889
73.3028       45.31353
73.31548      45.31281
73.33028      45.3167
73.34751      45.31534
 1 
 1             106           
1
 -9999.0   ,   9990.0
   7
 6 
74.4125       45.30153
74.41461      45.3155
74.41778      45.32145
74.42036      45.3217
74.41998      45.30111
74.4125       45.30153
 1 
 1             107           
1
 -9999.0   ,   9990.0
   7
 8 
75.26209      45.31075
75.25884      45.31145
75.254        45.31558
75.25755      45.31945
75.26342      45.3222
75.26795      45.3192
75.26339      45.31578
75.26209      45.31075
 1 
 1             108           
1
 -9999.0   ,   9990.0
   7
 10 
75.11556      45.30789
75.11166      45.30789
75.10841      45.31156
75.10841      45.31567
75.11328      45.31795
75.11589      45.32345
75.12009      45.32367
75.12041      45.31339
75.11716      45.31225
75.11556      45.30789
 1 
 1             109           
1
 -9999.0   ,   9990.0
   7
 6 
75.2355       45.31056
75.22967      45.31148
75.22383      45.32134
75.22708      45.32406
75.2352       45.31536
75.2355       45.31056
 1 
 1             110           
1
 -9999.0   ,   9990.0
   7
 15 
74.16725      45.32378
74.16711      45.32897
74.16822      45.33209
74.1774       45.3285
74.17872      45.32575
74.17425      45.32117
74.1802       45.31547
74.17536      45.31361
74.17315      45.31017
74.17484      45.30606
74.17358      45.30239
74.16781      45.30153
74.16253      45.30506
74.16736      45.31911
74.16725      45.32378
 1 
 1             111           
1
 -9999.0   ,   9990.0
   7
 13 
75.09448      45.31064
75.088        45.31361
75.08053      45.31475
75.07956      45.31887
75.06528      45.33236
75.06917      45.33328
75.07339      45.33167
75.08898      45.32025
75.09123      45.323
75.0948       45.32389
75.09934      45.31523
75.09675      45.31109
75.09448      45.31064
 1 
 1             112           
1
 -9999.0   ,   9990.0
   7
 23 
74.36698      45.2882
74.36264      45.29848
74.35709      45.30142
74.35664      45.31034
74.34973      45.31739
74.3495       45.31523
74.34859      45.30731
74.3427       45.31047
74.34         45.31848
74.33106      45.33236
74.32931      45.34081
74.3332       45.34106
74.34078      45.33106
74.34859      45.33064
74.35125      45.32495
74.36725      45.31612
74.37681      45.30428
74.37586      45.302
74.37361      45.30175
74.36903      45.3047
74.36745      45.3017
74.37148      45.29053
74.36698      45.2882
 1 
 1             113           
1
 -9999.0   ,   9990.0
   7
 6 
74.384        45.32536
74.37995      45.33861
74.3825       45.34161
74.38478      45.34
74.38786      45.32814
74.384        45.32536
 1 
 1             114           
1
 -9999.0   ,   9990.0
   7
 26 
74.21631      45.30661
74.19425      45.30781
74.19517      45.3117
74.20316      45.31864
74.20245      45.32039
74.20215      45.32114
74.19311      45.31856
74.19011      45.32311
74.19511      45.33414
74.20223      45.33578
74.207        45.342
74.21283      45.34159
74.22428      45.33664
74.23822      45.33628
74.24609      45.33178
74.25191      45.3325
74.25584      45.33092
74.25781      45.32797
74.25081      45.319
74.25314      45.31558
74.2529       45.31078
74.24966      45.30914
74.23731      45.31203
74.23314      45.30834
74.22275      45.30895
74.21631      45.30661
 1 
 1             115           
1
 -9999.0   ,   9990.0
   7
 8 
74.95108      45.3405
74.9485       45.34189
74.9459       45.34692
74.9462       45.3572
74.94845      45.35675
74.95108      45.34942
74.95272      45.34164
74.95108      45.3405
 1 
 1             116           
1
 -9999.0   ,   9990.0
   7
 6 
74.96114      45.34783
74.9582       45.34897
74.95592      45.35836
74.95981      45.36156
74.96142      45.35858
74.96114      45.34783
 1 
 1             117           
1
 -9999.0   ,   9990.0
   7
 13 
72.51395      45.34495
72.50536      45.34842
72.49858      45.34737
72.49464      45.34864
72.49081      45.3545
72.4912       45.36
72.49308      45.36142
72.5107       45.35975
72.51505      45.3635
72.5222       45.36367
72.52403      45.35914
72.51847      45.34575
72.51395      45.34495
 1 
 1             118           
1
 -9999.0   ,   9990.0
   7
 33 
77.80653      45.31881
77.80645      45.31864
77.79795      45.317
77.79453      45.31364
77.7985       45.30806
77.79753      45.30075
77.80525      45.29256
77.80536      45.28778
77.80195      45.28395
77.79628      45.28064
77.78547      45.27839
77.78036      45.27986
77.76998      45.27967
77.75814      45.27625
77.75267      45.27709
77.74703      45.28156
77.74415      45.28589
77.70873      45.33895
77.70648      45.34631
77.709        45.35245
77.71167      45.3542
77.71978      45.35356
77.72958      45.35517
77.74431      45.36492
77.756        45.36556
77.76373      45.3567
77.76878      45.35334
77.77161      45.35147
77.78641      45.3467
77.79528      45.34384
77.80064      45.3405
77.809        45.32475
77.80653      45.31881
 1 
 1             119           
1
 -9999.0   ,   9990.0
   7
 7 
75.15967      45.36048
75.15351      45.36117
75.14928      45.36528
75.15189      45.36711
75.16389      45.36506
75.16486      45.36323
75.15967      45.36048
 1 
 1             120           
1
 -9999.0   ,   9990.0
   7
 9 
74.91928      45.35372
74.91731      45.35739
74.91859      45.36609
74.92147      45.36792
74.927        45.36609
74.92928      45.36267
74.92475      45.3597
74.9225       45.35511
74.91928      45.35372
 1 
 1             121           
1
 -9999.0   ,   9990.0
   7
 17 
74.18045      45.33998
74.17328      45.3415
74.168        45.3465
74.17658      45.35731
74.17261      45.36231
74.17189      45.36642
74.17736      45.369
74.1845       45.36972
74.19148      45.35972
74.1912       45.35584
74.18606      45.3535
74.17934      45.34703
74.18391      45.34595
74.1972       45.3472
74.1982       45.34514
74.19017      45.34028
74.18045      45.33998
 1 
 1             122           
1
 -9999.0   ,   9990.0
   7
 9 
73.31008      45.37128
73.29892      45.375
73.29348      45.37286
73.29017      45.37464
73.29761      45.3855
73.30248      45.38603
73.3168       45.37437
73.31461      45.37228
73.31008      45.37128
 1 
 1             123           
1
 -9999.0   ,   9990.0
   7
 16 
73.34748      45.37986
73.32561      45.3832
73.31611      45.38647
73.31925      45.38995
73.33358      45.38789
73.34648      45.39128
73.35298      45.3907
73.36584      45.3957
73.37181      45.3912
73.37831      45.39084
73.38         45.38859
73.37778      45.3865
73.36815      45.38336
73.36195      45.38397
73.35395      45.38064
73.34748      45.37986
 1 
 1             124           
1
 -9999.0   ,   9990.0
   7
 37 
73.60367      45.3777
73.58491      45.38639
73.57889      45.39409
73.57261      45.39742
73.56156      45.3982
73.53681      45.38942
73.5215       45.39084
73.51211      45.38953
73.49731      45.38497
73.4797       45.37672
73.478        45.379
73.47214      45.37936
73.46917      45.38161
73.4694       45.38506
73.47386      45.38786
73.48031      45.38956
73.48717      45.38759
73.49592      45.38795
73.51683      45.39509
73.52689      45.39567
73.52942      45.398
73.53525      45.39853
73.541        45.40159
73.54311      45.40756
73.55708      45.40728
73.55861      45.41142
73.56378      45.4122
73.56817      45.40584
73.57925      45.40484
73.5935       45.4057
73.59586      45.40322
73.59397      45.40067
73.5875       45.39992
73.58595      45.39692
73.58736      45.39236
73.60291      45.38159
73.60367      45.3777
 1 
 1             125           
1
 -9999.0   ,   9990.0
   7
 11 
73.53681      45.38942
73.56156      45.3982
73.57261      45.39742
73.57889      45.39409
73.58491      45.38639
73.60367      45.3777
73.59297      45.37734
73.5867       45.38045
73.57664      45.381
73.56025      45.38675
73.53681      45.38942
 1 
 1             126           
1
 -9999.0   ,   9990.0
   7
 16 
73.4797       45.37672
73.49731      45.38497
73.51211      45.38953
73.5215       45.39084
73.51453      45.38453
73.5159       45.38203
73.53161      45.37723
73.5343       45.37406
73.5272       45.37303
73.52161      45.37503
73.51161      45.37306
73.50923      45.37714
73.50105      45.37864
73.49017      45.37322
73.48272      45.37267
73.4797       45.37672
 1 
 1             127           
1
 -9999.0   ,   9990.0
   7
 6 
74.82911      45.40753
74.82553      45.40914
74.8232       45.42147
74.82741      45.42147
74.83106      45.4112
74.82911      45.40753
 1 
 1             128           
1
 -9999.0   ,   9990.0
   7
 8 
75.16814      45.42498
75.16392      45.42614
75.17076      45.43323
75.17561      45.43345
75.1795       45.42909
75.1782       45.42611
75.17173      45.42773
75.16814      45.42498
 1 
 1             129           
1
 -9999.0   ,   9990.0
   7
 14 
72.74889      45.44208
72.76206      45.43645
72.76581      45.43195
72.76525      45.42964
72.75975      45.42931
72.75075      45.43439
72.74589      45.43508
72.73803      45.4362
72.7287       45.44103
72.72661      45.44464
72.7275       45.44673
72.734        45.44664
72.7442       45.44409
72.74889      45.44208
 1 
 1             130           
1
 -9999.0   ,   9990.0
   7
 11 
73.75716      45.41606
73.75417      45.41784
73.74914      45.43025
73.74216      45.43636
73.74306      45.44025
73.75066      45.4472
73.75811      45.44934
73.75978      45.44709
73.75283      45.439
73.75811      45.41925
73.75716      45.41606
 1 
 1             131           
1
 -9999.0   ,   9990.0
   7
 12 
73.15915      45.4382
73.14606      45.4405
73.14436      45.44231
73.1482       45.44467
73.15725      45.44595
73.16236      45.44834
73.16914      45.44981
73.176        45.44923
73.17903      45.44631
73.17464      45.4412
73.16167      45.44009
73.15915      45.4382
 1 
 1             132           
1
 -9999.0   ,   9990.0
   7
 11 
72.86878      45.4335
72.85965      45.4427
72.86114      45.44592
72.86595      45.44786
72.87183      45.45506
72.87639      45.4547
72.87731      45.44806
72.87195      45.44383
72.87411      45.43817
72.87231      45.43425
72.86878      45.4335
 1 
 1             133           
1
 -9999.0   ,   9990.0
   7
 10 
74.7275       45.45231
74.72845      45.45484
74.73233      45.45623
74.73397      45.45281
74.73089      45.44734
74.725        45.43698
74.72078      45.43742
74.71848      45.44153
74.7259       45.44797
74.7275       45.45231
 1 
 1             134           
1
 -9999.0   ,   9990.0
   7
 18 
72.18459      45.40792
72.1827       45.40673
72.18242      45.39917
72.18698      45.36087
72.18158      45.36481
72.18006      45.36889
72.17903      45.38306
72.17553      45.38778
72.17611      45.40817
72.17289      45.41403
72.15784      45.42281
72.15048      45.43317
72.1325       45.44736
72.12861      45.45961
72.13597      45.45592
72.14128      45.44734
72.18381      45.41042
72.18459      45.40792
 1 
 1             135           
1
 -9999.0   ,   9990.0
   7
 42 
72.18698      45.36087
72.18242      45.39917
72.1827       45.40673
72.18459      45.40792
72.19266      45.39736
72.20092      45.38659
72.20461      45.38461
72.21825      45.3845
72.2245       45.3897
72.22622      45.38745
72.22678      45.38286
72.22131      45.38183
72.21864      45.37695
72.22053      45.3715
72.21781      45.36756
72.22339      45.35325
72.22806      45.35086
72.23545      45.3522
72.23908      45.35114
72.24416      45.34645
72.26114      45.34481
72.2715       45.33842
72.28484      45.33828
72.28831      45.33692
72.2917       45.33684
72.29889      45.33906
72.30414      45.34125
72.31641      45.3427
72.32175      45.33987
72.31225      45.33484
72.307        45.33584
72.29608      45.33375
72.29136      45.3337
72.28856      45.33214
72.28133      45.32356
72.27433      45.32086
72.26331      45.32059
72.24336      45.33658
72.21728      45.35197
72.20448      45.36814
72.20056      45.36803
72.18698      45.36087
 1 
 1             136           
1
 -9999.0   ,   9990.0
   7
 8 
74.67997      45.46367
74.68222      45.46545
74.68708      45.46545
74.68681      45.46178
74.67936      45.45514
74.67514      45.45581
74.67575      45.46036
74.67997      45.46367
 1 
 1             137           
1
 -9999.0   ,   9990.0
   7
 17 
72.88934      45.473
72.8817       45.4772
72.86823      45.48061
72.86391      45.48306
72.86481      45.48511
72.86864      45.48703
72.8745       45.48692
72.88506      45.48275
72.89478      45.48409
72.89975      45.48167
72.9022       45.47736
72.90092      45.4762
72.89767      45.47658
72.89328      45.48039
72.89108      45.47875
72.89191      45.4735
72.88934      45.473
 1 
 1             138           
1
 -9999.0   ,   9990.0
   7
 7 
74.53453      45.47534
74.52998      45.47714
74.52045      45.48784
74.52039      45.49311
74.52392      45.49564
74.53516      45.47878
74.53453      45.47534
 1 
 1             139           
1
 -9999.0   ,   9990.0
   7
 7 
74.4505       45.48908
74.4394       45.49314
74.43872      45.49612
74.44161      45.49909
74.44981      45.49342
74.45245      45.48931
74.4505       45.48908
 1 
 1             140           
1
 -9999.0   ,   9990.0
   7
 11 
73.40078      45.49734
73.39875      45.48884
73.39273      45.48123
73.39031      45.47817
73.386        45.49117
73.38717      45.49597
73.39022      45.50267
73.39245      45.50384
73.3932       45.50353
73.39642      45.50228
73.40078      45.49734
 1 
 1             141           
1
 -9999.0   ,   9990.0
   7
 13 
73.39031      45.47817
73.39273      45.48123
73.39875      45.48884
73.40078      45.49734
73.40673      45.49467
73.4105       45.48786
73.41031      45.4835
73.40522      45.47978
73.40733      45.47386
73.40345      45.47333
73.39684      45.47689
73.39286      45.47767
73.39031      45.47817
 1 
 1             142           
1
 -9999.0   ,   9990.0
   7
 8 
74.46664      45.49878
74.46339      45.50059
74.46883      45.50703
74.47467      45.5075
74.47633      45.5057
74.47505      45.50247
74.47153      45.49925
74.46664      45.49878
 1 
 1             143           
1
 -9999.0   ,   9990.0
   7
 9 
72.77392      45.50464
72.76691      45.50839
72.76448      45.5127
72.76992      45.52264
72.77541      45.5232
72.77786      45.51959
72.77891      45.50931
72.77745      45.50539
72.77392      45.50464
 1 
 1             144           
1
 -9999.0   ,   9990.0
   7
 6 
74.60114      45.51795
74.59541      45.53714
74.5977       45.53784
74.60467      45.52095
74.60308      45.5182
74.60114      45.51795
 1 
 1             145           
1
 -9999.0   ,   9990.0
   7
 8 
74.56914      45.52947
74.5668       45.53267
74.57         45.5407
74.57422      45.54206
74.58408      45.53
74.58217      45.52817
74.57823      45.52997
74.56914      45.52947
 1 
 1             146           
1
 -9999.0   ,   9990.0
   7
 9 
72.52734      45.53175
72.51915      45.53295
72.50864      45.54186
72.50884      45.54484
72.53078      45.54211
72.53475      45.54036
72.5375       45.537
72.53567      45.53467
72.52734      45.53175
 1 
 1             147           
1
 -9999.0   ,   9990.0
   7
 12 
74.45945      45.53075
74.45523      45.53097
74.44017      45.53797
74.43303      45.53725
74.42778      45.54042
74.42903      45.54295
74.43359      45.54503
74.43975      45.54436
74.44925      45.53961
74.46231      45.53695
74.46528      45.534
74.45945      45.53075
 1 
 1             148           
1
 -9999.0   ,   9990.0
   7
 11 
73.33631      45.53114
73.32906      45.53378
73.31836      45.5327
73.31783      45.53908
73.32686      45.54153
73.33325      45.54573
73.3375       45.54512
73.33853      45.54331
73.33639      45.53914
73.34011      45.53439
73.33631      45.53114
 1 
 1             149           
1
 -9999.0   ,   9990.0
   7
 29 
72.28797      45.49834
72.27734      45.49053
72.27378      45.49684
72.26978      45.49881
72.26395      45.49822
72.26114      45.48923
72.25792      45.4887
72.25395      45.49636
72.24484      45.503
72.24033      45.51503
72.23361      45.52586
72.22448      45.53272
72.22422      45.53753
72.229        45.5397
72.22964      45.54659
72.23448      45.54739
72.23703      45.5422
72.2413       45.54137
72.24653      45.54767
72.24809      45.53403
72.24997      45.51756
72.25422      45.51056
72.25156      45.50522
72.25328      45.50323
72.26148      45.50203
72.2642       45.5067
72.2725       45.50323
72.28228      45.503
72.28797      45.49834
 1 
 1             150           
1
 -9999.0   ,   9990.0
   7
 10 
72.27734      45.49053
72.28797      45.49834
72.29175      45.49523
72.29689      45.48323
72.295        45.48203
72.28031      45.48306
72.27697      45.47817
72.27341      45.47761
72.27092      45.48236
72.27734      45.49053
 1 
 1             151           
1
 -9999.0   ,   9990.0
   7
 5 
74.83491      45.53997
74.83103      45.54225
74.8427       45.55028
74.84531      45.54892
74.83491      45.53997
 1 
 1             152           
1
 -9999.0   ,   9990.0
   7
 10 
74.85222      45.53384
74.84797      45.53567
74.84697      45.53931
74.85215      45.54986
74.85831      45.55214
74.86514      45.55239
74.86775      45.54989
74.86678      45.54783
74.85833      45.54781
74.85222      45.53384
 1 
 1             153           
1
 -9999.0   ,   9990.0
   7
 12 
72.55466      45.53945
72.5487       45.54183
72.5452       45.54748
72.54564      45.55158
72.54978      45.55375
72.55867      45.55212
72.56211      45.55492
72.56858      45.55553
72.56936      45.55325
72.56525      45.54264
72.56008      45.54206
72.55466      45.53945
 1 
 1             154           
1
 -9999.0   ,   9990.0
   7
 9 
74.81706      45.53697
74.81216      45.5397
74.81145      45.55022
74.82281      45.55711
74.82445      45.55414
74.8225       45.55092
74.81731      45.54931
74.81633      45.54703
74.81706      45.53697
 1 
 1             155           
1
 -9999.0   ,   9990.0
   7
 7 
74.46616      45.54178
74.46125      45.5445
74.45881      45.55773
74.46173      45.55823
74.47359      45.54639
74.47134      45.54339
74.46616      45.54178
 1 
 1             156           
1
 -9999.0   ,   9990.0
   7
 13 
74.28523      45.55511
74.28461      45.55781
74.2885       45.56011
74.29275      45.55831
74.29576      45.55467
74.2942       45.54986
74.29884      45.54325
74.28886      45.53611
74.28492      45.537
74.28386      45.5427
74.2799       45.54681
74.28603      45.55164
74.28523      45.55511
 1 
 1             157           
1
 -9999.0   ,   9990.0
   7
 8 
74.51591      45.54547
74.51331      45.54545
74.50439      45.55661
74.50436      45.55981
74.50792      45.56167
74.51448      45.55939
74.52072      45.55347
74.51591      45.54547
 1 
 1             158           
1
 -9999.0   ,   9990.0
   7
 9 
74.53778      45.53961
74.53641      45.5467
74.54181      45.56
74.5447       45.56275
74.5473       45.56209
74.54806      45.555
74.54322      45.55017
74.54006      45.54009
74.53778      45.53961
 1 
 1             159           
1
 -9999.0   ,   9990.0
   7
 7 
74.4407       45.54872
74.43575      45.55212
74.43931      45.5565
74.43923      45.56289
74.44833      45.56156
74.45         45.55953
74.4407       45.54872
 1 
 1             160           
1
 -9999.0   ,   9990.0
   7
 11 
74.38216      45.54311
74.38181      45.54539
74.39931      45.551
74.4087       45.55564
74.41314      45.5655
74.41834      45.5662
74.42031      45.56348
74.41811      45.5582
74.41136      45.55014
74.40265      45.54623
74.38216      45.54311
 1 
 1             161           
1
 -9999.0   ,   9990.0
   7
 34 
72.142        45.49039
72.13633      45.49253
72.13228      45.49586
72.12903      45.50197
72.11589      45.51056
72.10831      45.51242
72.08539      45.50839
72.08086      45.51422
72.08328      45.51773
72.08745      45.51875
72.09417      45.51481
72.09897      45.51631
72.1075       45.52772
72.10291      45.53425
72.10315      45.54272
72.0968       45.5515
72.09973      45.55617
72.10011      45.55684
72.09853      45.56253
72.1002       45.56806
72.10415      45.567
72.11742      45.55636
72.12078      45.5482
72.11811      45.54264
72.12041      45.53583
72.1207       45.52464
72.12986      45.51114
72.13966      45.51
72.14211      45.50687
72.14795      45.50748
72.15111      45.50275
72.15647      45.49967
72.1634       45.49209
72.142        45.49039
 1 
 1             162           
1
 -9999.0   ,   9990.0
   7
 11 
72.86165      45.55806
72.85797      45.55958
72.85841      45.56531
72.85439      45.5682
72.85425      45.57164
72.85814      45.57195
72.86283      45.56836
72.87036      45.56784
72.87253      45.56261
72.87072      45.55892
72.86165      45.55806
 1 
 1             163           
1
 -9999.0   ,   9990.0
   7
 10 
74.79314      45.56528
74.78986      45.56937
74.78495      45.5712
74.77486      45.56956
74.77453      45.57323
74.78655      45.57461
74.79405      45.57214
74.79733      45.56848
74.7967       45.56597
74.79314      45.56528
 1 
 1             164           
1
 -9999.0   ,   9990.0
   7
 7 
74.58442      45.56567
74.5808       45.56589
74.57884      45.56931
74.58625      45.57759
74.59115      45.57806
74.59281      45.57325
74.58442      45.56567
 1 
 1             165           
1
 -9999.0   ,   9990.0
   7
 27 
74.36514      45.54942
74.35503      45.55761
74.35398      45.5585
74.35453      45.56445
74.34606      45.56484
74.34047      45.56939
74.34209      45.57122
74.35445      45.57017
74.3587       45.57111
74.36381      45.57822
74.37064      45.5785
74.37753      45.57328
74.37728      45.56848
74.38253      45.566
74.39034      45.56695
74.3985       45.56447
74.4005       45.56084
74.39828      45.55603
74.39567      45.55578
74.39142      45.55781
74.37906      45.55728
74.3705       45.56295
74.36628      45.56314
74.36567      45.56086
74.37158      45.55564
74.36903      45.55059
74.36514      45.54942
 1 
 1             166           
1
 -9999.0   ,   9990.0
   7
 12 
77.29595      45.56434
77.28289      45.57167
77.27739      45.58184
77.28233      45.58359
77.29181      45.58386
77.29695      45.58192
77.28897      45.57772
77.29373      45.57445
77.30153      45.57406
77.30717      45.568
77.3038       45.56486
77.29595      45.56434
 1 
 1             167           
1
 -9999.0   ,   9990.0
   7
 7 
76.67553      45.57637
76.66336      45.58431
76.66345      45.5875
76.67191      45.58784
76.67636      45.58389
76.67789      45.57931
76.67553      45.57637
 1 
 1             168           
1
 -9999.0   ,   9990.0
   7
 18 
77.3192       45.57534
77.31555      45.57472
77.31208      45.57731
77.31156      45.5812
77.33214      45.59111
77.33776      45.59236
77.34023      45.58909
77.34178      45.58703
77.34123      45.58086
77.35431      45.58222
77.36498      45.57995
77.36775      45.57648
77.36573      45.57467
77.35078      45.5752
77.33981      45.56967
77.33595      45.57114
77.33031      45.57717
77.3192       45.57534
 1 
 1             169           
1
 -9999.0   ,   9990.0
   7
 12 
74.38464      45.57928
74.3745       45.58172
74.37445      45.58448
74.3793       45.58747
74.37986      45.59434
74.3844       45.59803
74.38861      45.59872
74.3919       45.59761
74.39295      45.59031
74.39886      45.58736
74.395        45.58231
74.38464      45.57928
 1 
 1             170           
1
 -9999.0   ,   9990.0
   7
 28 
74.31333      45.55434
74.30845      45.55431
74.29753      45.56658
74.29322      45.56825
74.28997      45.5695
74.27925      45.56945
74.27561      45.57306
74.27686      45.57698
74.27483      45.58198
74.27739      45.5845
74.28592      45.5807
74.2888       45.58253
74.28911      45.5855
74.28345      45.59439
74.2837       45.59872
74.28595      45.60036
74.29931      45.60136
74.30292      45.59911
74.29745      45.59403
74.2959       45.58967
74.2992       45.58603
74.30736      45.58517
74.30836      45.58289
74.3035       45.58034
74.31078      45.574
74.30891      45.56597
74.31525      45.55686
74.31333      45.55434
 1 
 1             171           
1
 -9999.0   ,   9990.0
   7
 21 
74.32848      45.58806
74.32383      45.59489
74.3209       45.59603
74.31641      45.58823
74.3089       45.5925
74.31078      45.59595
74.30911      45.59914
74.31455      45.60489
74.31289      45.60786
74.31448      45.61039
74.32066      45.61111
74.32689      45.60934
74.32825      45.60453
74.33936      45.60164
74.33747      45.59772
74.33884      45.59408
74.34241      45.59295
74.34311      45.59067
74.34086      45.58836
74.33791      45.5895
74.32848      45.58806
 1 
 1             172           
1
 -9999.0   ,   9990.0
   7
 7 
74.56089      45.60492
74.56215      45.61042
74.57383      45.61525
74.5755       45.61114
74.57325      45.60931
74.56806      45.60539
74.56089      45.60492
 1 
 1             173           
1
 -9999.0   ,   9990.0
   7
 10 
72.46011      45.62359
72.45628      45.61972
72.44117      45.61389
72.43122      45.60747
72.41722      45.59542
72.42498      45.61092
72.4278       45.61328
72.44186      45.61909
72.45517      45.62097
72.46011      45.62359
 1 
 1             174           
1
 -9999.0   ,   9990.0
   7
 10 
72.41722      45.59542
72.43122      45.60747
72.44117      45.61389
72.45628      45.61972
72.46011      45.62359
72.45922      45.61764
72.45458      45.61206
72.44614      45.61139
72.42598      45.59675
72.41722      45.59542
 1 
 1             175           
1
 -9999.0   ,   9990.0
   7
 11 
77.29867      45.6105
77.29214      45.61061
77.29158      45.61292
77.2985       45.62353
77.30209      45.62392
77.30983      45.6215
77.3177       45.62273
77.32381      45.62031
77.3237       45.61733
77.30697      45.6147
77.29867      45.6105
 1 
 1             176           
1
 -9999.0   ,   9990.0
   7
 84 
73.22715      45.57428
73.21828      45.58628
73.21328      45.58939
73.19605      45.5882
73.18881      45.59083
73.18097      45.59139
73.16675      45.58728
73.15373      45.58728
73.13353      45.59678
73.12148      45.59636
73.09367      45.59039
73.09161      45.59308
73.09466      45.59886
73.0995       45.60056
73.107        45.60023
73.1167       45.60267
73.13495      45.60253
73.15911      45.59172
73.1689       45.59164
73.18695      45.59745
73.19097      45.59384
73.19817      45.5935
73.20331      45.59564
73.21145      45.59622
73.21872      45.59292
73.22617      45.58411
73.2315       45.58075
73.2395       45.5805
73.24095      45.58045
73.24475      45.58372
73.23811      45.58728
73.24223      45.591
73.25073      45.59067
73.25686      45.59236
73.26289      45.59681
73.26776      45.59781
73.27483      45.59037
73.27875      45.58998
73.28289      45.59347
73.28872      45.5947
73.29495      45.59342
73.30828      45.59386
73.32792      45.6017
73.339        45.60164
73.34445      45.6047
73.34756      45.61
73.35233      45.61306
73.37183      45.61517
73.37478      45.6167
73.37634      45.61753
73.38056      45.61781
73.38203      45.62045
73.38364      45.62334
73.39633      45.62398
73.39753      45.62437
73.40217      45.62589
73.40422      45.62181
73.398        45.61167
73.39948      45.60689
73.40645      45.60173
73.40853      45.59764
73.4082       45.59128
73.40791      45.5855
73.41448      45.573
73.41811      45.56939
73.42153      45.56603
73.43017      45.56064
73.42997      45.56039
73.42764      45.55764
73.40386      45.5685
73.38895      45.58775
73.38617      45.58853
73.38042      45.59014
73.37231      45.58886
73.35664      45.58978
73.33422      45.58739
73.32153      45.58767
73.31495      45.58917
73.28928      45.58692
73.27161      45.58381
73.25656      45.58117
73.24278      45.57409
73.23631      45.57284
73.22715      45.57428
 1 
 1             177           
1
 -9999.0   ,   9990.0
   7
 42 
73.09367      45.59039
73.12148      45.59636
73.13353      45.59678
73.15373      45.58728
73.16675      45.58728
73.18097      45.59139
73.18881      45.59083
73.19605      45.5882
73.21328      45.58939
73.21828      45.58628
73.22715      45.57428
73.21581      45.56267
73.19736      45.55939
73.18145      45.5477
73.18253      45.5445
73.1648       45.5392
73.16975      45.5475
73.17997      45.55295
73.18533      45.55806
73.18615      45.56356
73.17242      45.56473
73.16845      45.56695
73.16931      45.57039
73.17445      45.57228
73.1825       45.57223
73.18422      45.57223
73.19408      45.56942
73.20025      45.56975
73.20556      45.56731
73.21203      45.56809
73.21489      45.57067
73.20795      45.58314
73.20139      45.58486
73.19236      45.5822
73.18056      45.58453
73.17147      45.583
73.15095      45.58333
73.13111      45.59148
73.1262       45.59186
73.10489      45.58645
73.09773      45.58612
73.09367      45.59039
 1 
 1             178           
1
 -9999.0   ,   9990.0
   7
 64 
73.22715      45.57428
73.23631      45.57284
73.24278      45.57409
73.25656      45.58117
73.27161      45.58381
73.28928      45.58692
73.31495      45.58917
73.32153      45.58767
73.33422      45.58739
73.35664      45.58978
73.37231      45.58886
73.38042      45.59014
73.38617      45.58853
73.38895      45.58775
73.40386      45.5685
73.42764      45.55764
73.43261      45.55406
73.4245       45.55347
73.4235       45.55375
73.41367      45.55653
73.40428      45.55509
73.39875      45.55425
73.38347      45.56434
73.37617      45.56464
73.3637       45.56175
73.3592       45.55917
73.34975      45.5597
73.34673      45.56242
73.34822      45.56656
73.3575       45.57264
73.36653      45.5755
73.37922      45.57592
73.38403      45.57806
73.38264      45.58125
73.36411      45.57984
73.36114      45.58092
73.35567      45.57925
73.35139      45.58034
73.32145      45.57942
73.30817      45.57692
73.30531      45.57459
73.29916      45.57314
73.29231      45.5735
73.28906      45.57367
73.2725       45.57159
73.25195      45.57308
73.24848      45.56983
73.26273      45.56206
73.25955      45.55903
73.24658      45.55722
73.24308      45.55464
73.23759      45.55409
73.23295      45.55609
73.22881      45.56333
73.22328      45.56325
73.22175      45.56003
73.22583      45.55459
73.22334      45.55136
73.19597      45.55184
73.18253      45.5445
73.18145      45.5477
73.19736      45.55939
73.21581      45.56267
73.22715      45.57428
 1 
 1             179           
1
 -9999.0   ,   9990.0
   7
 8 
74.55275      45.60625
74.54915      45.60784
74.54747      45.61056
74.54314      45.62245
74.54339      45.62862
74.54567      45.62978
74.55436      45.60786
74.55275      45.60625
 1 
 1             180           
1
 -9999.0   ,   9990.0
   7
 9 
77.22539      45.62145
77.21598      45.62278
77.21286      45.62647
77.21556      45.62917
77.23553      45.63111
77.24572      45.6245
77.242        45.62139
77.2307       45.62411
77.22539      45.62145
 1 
 1             181           
1
 -9999.0   ,   9990.0
   7
 12 
77.26286      45.62053
77.25833      45.62178
77.2522       45.63195
77.25325      45.63423
77.2565       45.63392
77.26348      45.62853
77.27133      45.62931
77.27795      45.63239
77.28772      45.63175
77.29056      45.62939
77.27298      45.62103
77.26286      45.62053
 1 
 1             182           
1
 -9999.0   ,   9990.0
   7
 9 
74.43111      45.61317
74.4272       45.6145
74.42511      45.62548
74.42826      45.63486
74.43639      45.63584
74.44164      45.63198
74.43522      45.62278
74.43564      45.61595
74.43111      45.61317
 1 
 1             183           
1
 -9999.0   ,   9990.0
   7
 6 
76.66295      45.61839
76.64384      45.63512
76.65173      45.63798
76.65498      45.63725
76.66595      45.62042
76.66295      45.61839
 1 
 1             184           
1
 -9999.0   ,   9990.0
   7
 8 
77.31281      45.63106
77.30209      45.63264
77.29958      45.6352
77.30161      45.63675
77.33066      45.63803
77.33189      45.6355
77.32753      45.63236
77.31281      45.63106
 1 
 1             185           
1
 -9999.0   ,   9990.0
   7
 36 
77.36122      45.59872
77.36584      45.59389
77.36117      45.59148
77.35081      45.59325
77.35042      45.59378
77.34367      45.60278
77.34781      45.60842
77.35503      45.60967
77.3574       45.61189
77.35723      45.61625
77.35022      45.62095
77.34272      45.62064
77.33731      45.61767
77.33308      45.619
77.33442      45.62314
77.34092      45.62433
77.34231      45.63506
77.3499       45.63853
77.35725      45.64186
77.36425      45.63761
77.36539      45.6337
77.36364      45.63053
77.3499       45.6292
77.36684      45.62017
77.3722       45.61528
77.39117      45.61698
77.39398      45.61392
77.39381      45.60978
77.39353      45.60272
77.3912       45.60073
77.38523      45.60656
77.3832       45.6072
77.37653      45.60925
77.36867      45.6087
77.35736      45.60275
77.36122      45.59872
 1 
 1             186           
1
 -9999.0   ,   9990.0
   7
 9 
74.5607       45.62642
74.55345      45.63414
74.56053      45.64378
74.57941      45.6432
74.58141      45.63953
74.57917      45.63564
74.56942      45.63492
74.5672       45.62689
74.5607       45.62642
 1 
 1             187           
1
 -9999.0   ,   9990.0
   7
 20 
74.35484      45.59167
74.34428      45.6012
74.34986      45.6052
74.34675      45.60945
74.3415       45.61353
74.33403      45.61211
74.32845      45.61345
74.32611      45.61848
74.32767      45.62306
74.3414       45.62175
74.34495      45.62361
74.34781      45.62753
74.34545      45.63484
74.3502       45.6447
74.35345      45.64653
74.35641      45.642
74.35316      45.61728
74.36017      45.60725
74.3584       45.5935
74.35484      45.59167
 1 
 1             188           
1
 -9999.0   ,   9990.0
   7
 9 
73.09722      45.63734
73.09456      45.63889
73.09628      45.64603
73.0985       45.64742
73.11359      45.64539
73.12136      45.64689
73.12311      45.64328
73.12086      45.64231
73.09722      45.63734
 1 
 1             189           
1
 -9999.0   ,   9990.0
   7
 8 
74.30586      45.64325
74.30453      45.64531
74.3097       45.64947
74.31331      45.64834
74.326        45.64889
74.32606      45.64659
74.32378      45.64545
74.30586      45.64325
 1 
 1             190           
1
 -9999.0   ,   9990.0
   7
 11 
74.37761      45.64325
74.37495      45.64692
74.37653      45.64967
74.38403      45.65039
74.38136      45.65517
74.38264      45.65634
74.3905       45.65409
74.3935       45.65
74.39059      45.64722
74.38609      45.64378
74.37761      45.64325
 1 
 1             191           
1
 -9999.0   ,   9990.0
   7
 15 
72.55314      45.66258
72.54598      45.66098
72.53176      45.65084
72.5112       45.64442
72.48991      45.63778
72.46011      45.62359
72.46098      45.62936
72.48356      45.64197
72.50784      45.64506
72.50981      45.64531
72.51878      45.64903
72.52611      45.65628
72.54447      45.66528
72.54872      45.66539
72.55314      45.66258
 1 
 1             192           
1
 -9999.0   ,   9990.0
   7
 16 
72.46011      45.62359
72.48991      45.63778
72.5112       45.64442
72.53176      45.65084
72.54598      45.66098
72.55314      45.66258
72.55386      45.65956
72.54761      45.65392
72.53645      45.64795
72.52145      45.64247
72.50981      45.63822
72.50328      45.63098
72.49623      45.62831
72.48486      45.62736
72.46909      45.62314
72.46011      45.62359
 1 
 1             193           
1
 -9999.0   ,   9990.0
   7
 8 
74.28778      45.65411
74.28178      45.66253
74.27495      45.66247
74.27553      45.66614
74.27973      45.6687
74.28531      45.66806
74.29034      45.65711
74.28778      45.65411
 1 
 1             194           
1
 -9999.0   ,   9990.0
   7
 13 
77.26206      45.65211
77.2587       45.65814
77.24748      45.66361
77.24823      45.66633
77.26234      45.66881
77.26714      45.67467
77.27201      45.67389
77.2795       45.66531
77.28416      45.66795
77.2887       45.66695
77.29291      45.65772
77.29186      45.65547
77.26206      45.65211
 1 
 1             195           
1
 -9999.0   ,   9990.0
   7
 14 
74.54861      45.6602
74.54728      45.66247
74.55114      45.66914
74.5547       45.6712
74.56384      45.67261
74.57134      45.6715
74.57914      45.67475
74.58698      45.6725
74.58505      45.66997
74.57595      45.66742
74.57273      45.66284
74.56948      45.66236
74.56258      45.66484
74.54861      45.6602
 1 
 1             196           
1
 -9999.0   ,   9990.0
   7
 9 
74.54009      45.66586
74.528        45.66581
74.51847      45.67195
74.51878      45.67514
74.52367      45.67586
74.52825      45.67383
74.53903      45.67342
74.542        45.66956
74.54009      45.66586
 1 
 1             197           
1
 -9999.0   ,   9990.0
   7
 14 
74.42481      45.64973
74.41595      45.65356
74.4152       45.66292
74.41255      45.66358
74.40445      45.66033
74.40017      45.66353
74.41015      45.67456
74.41725      45.67964
74.43398      45.67448
74.43628      45.67128
74.43022      45.65981
74.43195      45.65298
74.4297       45.65045
74.42481      45.64973
 1 
 1             198           
1
 -9999.0   ,   9990.0
   7
 6 
74.67406      45.67489
74.67175      45.67878
74.67823      45.68545
74.68281      45.68431
74.67828      45.67628
74.67406      45.67489
 1 
 1             199           
1
 -9999.0   ,   9990.0
   7
 8 
74.77717      45.67431
74.77225      45.67797
74.77578      45.6862
74.78389      45.685
74.78447      45.68436
74.78584      45.68278
74.78755      45.68075
74.77717      45.67431
 1 
 1             200           
1
 -9999.0   ,   9990.0
   7
 7 
76.53425      45.67425
76.52717      45.67867
76.52275      45.68467
76.52478      45.68695
76.53611      45.68336
76.53736      45.68128
76.53425      45.67425
 1 
 1             201           
1
 -9999.0   ,   9990.0
   7
 12 
74.61831      45.67331
74.59703      45.67872
74.57225      45.6777
74.56308      45.68061
74.55814      45.68609
74.56039      45.68814
74.564        45.68795
74.57678      45.68136
74.58853      45.68303
74.6055       45.68011
74.61564      45.67697
74.61831      45.67331
 1 
 1             202           
1
 -9999.0   ,   9990.0
   7
 12 
73.14506      45.68825
73.14778      45.68508
73.13533      45.67686
73.13067      45.67017
73.1217       45.6652
73.11636      45.66834
73.11789      45.67156
73.125        45.67372
73.12645      45.679
73.13386      45.68142
73.1392       45.68792
73.14506      45.68825
 1 
 1             203           
1
 -9999.0   ,   9990.0
   7
 10 
73.34167      45.67328
73.33828      45.67781
73.33939      45.68331
73.33791      45.68922
73.3407       45.69409
73.34561      45.69348
73.34866      45.69031
73.34883      45.68414
73.34583      45.67609
73.34167      45.67328
 1 
 1             204           
1
 -9999.0   ,   9990.0
   7
 8 
77.70011      45.68009
77.68428      45.6912
77.6812       45.69492
77.68225      45.69673
77.6894       45.69611
77.70245      45.68828
77.7035       45.68275
77.70011      45.68009
 1 
 1             205           
1
 -9999.0   ,   9990.0
   7
 10 
74.77311      45.6935
74.77209      45.69306
74.76986      45.69214
74.76334      45.69303
74.76009      45.6905
74.75684      45.69095
74.74995      45.69642
74.75592      45.69667
74.76722      45.69714
74.77311      45.6935
 1 
 1             206           
1
 -9999.0   ,   9990.0
   7
 7 
74.50473      45.67667
74.49906      45.68831
74.50417      45.69817
74.50745      45.69773
74.51056      45.68175
74.50831      45.67739
74.50473      45.67667
 1 
 1             207           
1
 -9999.0   ,   9990.0
   7
 8 
74.5422       45.68189
74.53923      45.68439
74.54305      45.69264
74.54725      45.69884
74.55084      45.69931
74.55217      45.69634
74.54481      45.68236
74.5422       45.68189
 1 
 1             208           
1
 -9999.0   ,   9990.0
   7
 11 
77.2202       45.69453
77.2167       45.69664
77.21242      45.69603
77.20936      45.69311
77.20417      45.69345
77.20106      45.69806
77.20523      45.70486
77.20889      45.70661
77.21983      45.70231
77.22522      45.69808
77.2202       45.69453
 1 
 1             209           
1
 -9999.0   ,   9990.0
   7
 14 
74.73025      45.70984
74.73453      45.70667
74.73683      45.70095
74.73642      45.6995
74.73589      45.69775
74.73197      45.69864
74.72986      45.7017
74.72867      45.70345
74.72608      45.70364
74.72281      45.70389
74.7205       45.70617
74.72275      45.70984
74.72764      45.71145
74.73025      45.70984
 1 
 1             210           
1
 -9999.0   ,   9990.0
   7
 15 
74.44878      45.69078
74.44453      45.6917
74.43545      45.68775
74.42892      45.6877
74.42364      45.69112
74.42116      45.70664
74.42633      45.71078
74.4332       45.7115
74.43909      45.70948
74.44505      45.7022
74.45289      45.70203
74.46011      45.69795
74.46539      45.69272
74.46345      45.69086
74.44878      45.69078
 1 
 1             211           
1
 -9999.0   ,   9990.0
   7
 8 
77.08036      45.71
77.0743       45.71445
77.08192      45.71775
77.08947      45.71853
77.10411      45.71736
77.10664      45.71506
77.09834      45.71061
77.08036      45.71
 1 
 1             212           
1
 -9999.0   ,   9990.0
   7
 11 
74.70184      45.71386
74.694        45.71317
74.69106      45.7152
74.69136      45.71795
74.69659      45.71867
74.70445      45.71411
74.71322      45.71734
74.71686      45.71256
74.71428      45.70659
74.70678      45.70589
74.70184      45.71386
 1 
 1             213           
1
 -9999.0   ,   9990.0
   7
 7 
74.32833      45.71684
74.32503      45.71908
74.32564      45.72161
74.339        45.72375
74.34295      45.72195
74.33942      45.71803
74.32833      45.71684
 1 
 1             214           
1
 -9999.0   ,   9990.0
   7
 7 
76.62436      45.71472
76.61483      45.72447
76.61911      45.726
76.62586      45.72225
76.63236      45.72125
76.63325      45.71736
76.62436      45.71472
 1 
 1             215           
1
 -9999.0   ,   9990.0
   7
 33 
74.39286      45.6747
74.385        45.67556
74.37645      45.68122
74.37608      45.68489
74.3813       45.68445
74.38453      45.68722
74.38022      45.69314
74.35478      45.71609
74.35108      45.72292
74.35136      45.72681
74.35492      45.72956
74.35917      45.73028
74.37839      45.72542
74.38147      45.72128
74.37241      45.71595
74.37278      45.71323
74.38158      45.71258
74.39198      45.717
74.39853      45.71498
74.40211      45.71614
74.40273      45.72047
74.40756      45.72578
74.41375      45.7265
74.42523      45.72131
74.42495      45.71742
74.41656      45.7112
74.41309      45.7002
74.40048      45.69211
74.40117      45.68892
74.40908      45.68028
74.40784      45.67775
74.40328      45.67545
74.39286      45.6747
 1 
 1             216           
1
 -9999.0   ,   9990.0
   7
 12 
77.1245       45.72136
77.11736      45.72264
77.11295      45.72728
77.11467      45.73022
77.13264      45.7297
77.14091      45.73323
77.16766      45.7325
77.1689       45.72975
77.16556      45.72775
77.1508       45.72617
77.14122      45.72292
77.1245       45.72136
 1 
 1             217           
1
 -9999.0   ,   9990.0
   7
 8 
76.6569       45.72209
76.64684      45.72473
76.63883      45.73147
76.6399       45.73397
76.64867      45.73247
76.65545      45.72898
76.65823      45.72389
76.6569       45.72209
 1 
 1             218           
1
 -9999.0   ,   9990.0
   7
 74 
77.22058      45.6872
77.23286      45.684
77.23473      45.68075
77.23164      45.6767
77.22764      45.67472
77.20355      45.67675
77.20186      45.67472
77.20514      45.6662
77.21253      45.66264
77.22034      45.66181
77.22242      45.65697
77.22136      45.65422
77.2167       45.65136
77.21181      45.65167
77.20386      45.65753
77.18914      45.66556
77.18461      45.66656
77.18065      45.67337
77.18031      45.67395
77.17611      45.67586
77.16881      45.67164
77.15998      45.67134
77.15925      45.67161
77.14353      45.67736
77.13525      45.68323
77.13386      45.68964
77.12597      45.68864
77.12092      45.6837
77.11628      45.6817
77.112        45.69047
77.09842      45.69345
77.09558      45.6967
77.0999       45.69847
77.12625      45.69642
77.1315       45.69747
77.1317       45.70295
77.12722      45.706
77.12175      45.7077
77.11325      45.70761
77.10958      45.70561
77.10772      45.70861
77.11361      45.71498
77.1142       45.71561
77.1275       45.71378
77.13617      45.70906
77.14564      45.70981
77.15173      45.70603
77.17078      45.70045
77.17633      45.70034
77.17966      45.70211
77.17083      45.71073
77.17059      45.71303
77.19117      45.7225
77.19505      45.73111
77.205        45.73484
77.20986      45.72467
77.21764      45.72317
77.21986      45.72106
77.221        45.71648
77.21948      45.7132
77.21886      45.71192
77.2129       45.70861
77.2055       45.71239
77.19375      45.71261
77.18881      45.70217
77.18606      45.68942
77.16722      45.69158
77.16453      45.68956
77.16536      45.6852
77.17333      45.68003
77.19195      45.68017
77.19953      45.68122
77.21098      45.68281
77.22058      45.6872
 1 
 1             219           
1
 -9999.0   ,   9990.0
   7
 9 
73.03831      45.71595
73.03395      45.71884
73.04436      45.72909
73.04923      45.73009
73.0575       45.73572
73.06056      45.73256
73.05586      45.727
73.04856      45.72114
73.03831      45.71595
 1 
 1             220           
1
 -9999.0   ,   9990.0
   7
 8 
74.6812       45.72317
74.67103      45.72703
74.66903      45.73184
74.67161      45.73595
74.67489      45.7355
74.67592      45.72933
74.68281      45.725
74.6812       45.72317
 1 
 1             221           
1
 -9999.0   ,   9990.0
   7
 9 
76.63189      45.72767
76.62861      45.72772
76.62348      45.73097
76.61536      45.73292
76.61445      45.73498
76.62531      45.73873
76.62984      45.73709
76.63206      45.73384
76.63189      45.72767
 1 
 1             222           
1
 -9999.0   ,   9990.0
   7
 9 
74.70789      45.73334
74.70558      45.73447
74.70526      45.73767
74.70883      45.7395
74.71992      45.7407
74.72483      45.73864
74.72386      45.73636
74.71864      45.73681
74.70789      45.73334
 1 
 1             223           
1
 -9999.0   ,   9990.0
   7
 8 
74.31186      45.72678
74.30922      45.72836
74.31015      45.73295
74.30778      45.7375
74.30839      45.7407
74.31133      45.74095
74.31667      45.73389
74.31186      45.72678
 1 
 1             224           
1
 -9999.0   ,   9990.0
   7
 6 
74.89239      45.73175
74.88064      45.7347
74.88028      45.74109
74.89142      45.73564
74.8937       45.73242
74.89239      45.73175
 1 
 1             225           
1
 -9999.0   ,   9990.0
   7
 10 
77.08764      45.7227
77.08014      45.72281
77.06225      45.73522
77.064        45.73864
77.07003      45.74242
77.07495      45.74325
77.08139      45.74086
77.08964      45.73364
77.09206      45.72786
77.08764      45.7227
 1 
 1             226           
1
 -9999.0   ,   9990.0
   7
 13 
72.86061      45.72481
72.85733      45.7252
72.85681      45.73022
72.86528      45.73908
72.87203      45.74242
72.88592      45.74589
72.8867       45.7427
72.88358      45.7392
72.88006      45.73731
72.87286      45.73764
72.87033      45.73506
72.87311      45.73078
72.86061      45.72481
 1 
 1             227           
1
 -9999.0   ,   9990.0
   7
 6 
74.68364      45.744
74.68034      45.74764
74.68586      45.75042
74.69664      45.75136
74.68984      45.74425
74.68364      45.744
 1 
 1             228           
1
 -9999.0   ,   9990.0
   7
 8 
72.3294       45.73958
72.31825      45.74047
72.31353      45.74378
72.31384      45.75045
72.31765      45.75328
72.33223      45.74903
72.33434      45.74589
72.3294       45.73958
 1 
 1             229           
1
 -9999.0   ,   9990.0
   7
 8 
74.36364      45.73717
74.3607       45.73806
74.3577       45.74239
74.36895      45.75458
74.37417      45.75736
74.37581      45.75464
74.36884      45.74064
74.36364      45.73717
 1 
 1             230           
1
 -9999.0   ,   9990.0
   7
 7 
74.67386      45.74306
74.67025      45.74303
74.66625      45.75492
74.6662       45.75856
74.66881      45.75925
74.67578      45.74764
74.67386      45.74306
 1 
 1             231           
1
 -9999.0   ,   9990.0
   7
 8 
77.1972       45.74503
77.19306      45.74786
77.18841      45.75548
77.18955      45.76003
77.19417      45.76086
77.19989      45.75667
77.20201      45.75111
77.1972       45.74503
 1 
 1             232           
1
 -9999.0   ,   9990.0
   7
 19 
74.34961      45.73664
74.33289      45.74156
74.32692      45.74814
74.31873      45.74992
74.31606      45.75334
74.31697      45.75814
74.32411      45.7607
74.32105      45.76961
74.32395      45.77306
74.32853      45.77261
74.3349       45.76145
74.3434       45.7622
74.35028      45.75928
74.35328      45.75381
74.35233      45.75128
74.34483      45.75145
74.34358      45.74711
74.3512       45.73939
74.34961      45.73664
 1 
 1             233           
1
 -9999.0   ,   9990.0
   7
 10 
77.07956      45.75417
77.06181      45.76086
77.05167      45.76012
77.04881      45.76292
77.05183      45.77567
77.05514      45.77609
77.06116      45.77117
77.07425      45.77142
77.07345      45.76639
77.07956      45.75417
 1 
 1             234           
1
 -9999.0   ,   9990.0
   7
 12 
77.99215      45.77622
77.99667      45.77542
78            45.77314
78            45.7375
77.9903       45.74584
77.97305      45.74742
77.96731      45.75031
77.96592      45.75536
77.96878      45.76012
77.98517      45.77389
77.98617      45.77423
77.99215      45.77622
 1 
 1             235           
1
 -9999.0   ,   9990.0
   7
 7 
72.89105      45.7572
72.872        45.75934
72.87456      45.7777
72.87906      45.77936
72.87867      45.7725
72.89295      45.75884
72.89105      45.7572
 1 
 1             236           
1
 -9999.0   ,   9990.0
   7
 9 
73.093        45.76628
73.08875      45.76689
73.09303      45.77545
73.09184      45.78092
73.1042       45.78317
73.10523      45.77267
73.10303      45.76945
73.09683      45.76909
73.093        45.76628
 1 
 1             237           
1
 -9999.0   ,   9990.0
   7
 12 
74.49325      45.78456
74.49636      45.78481
74.50034      45.78161
74.5095       45.77892
74.5115       45.77642
74.5057       45.76884
74.50175      45.76928
74.4922       45.777
74.485        45.77833
74.48625      45.782
74.49017      45.78431
74.49325      45.78456
 1 
 1             238           
1
 -9999.0   ,   9990.0
   7
 13 
74.44853      45.76603
74.44167      45.76714
74.43933      45.77033
74.43961      45.77467
74.4422       45.7772
74.45231      45.77772
74.4555       45.78481
74.46728      45.78464
74.46992      45.78192
74.46183      45.77525
74.46256      45.76884
74.458        45.76678
74.44853      45.76603
 1 
 1             239           
1
 -9999.0   ,   9990.0
   7
 9 
72.98092      45.7657
72.976        45.76606
72.97192      45.77081
72.96936      45.77783
72.97075      45.78428
72.97397      45.78595
72.97595      45.78528
72.98248      45.76825
72.98092      45.7657
 1 
 1             240           
1
 -9999.0   ,   9990.0
   7
 7 
72.80595      45.77659
72.80231      45.77745
72.7973       45.78786
72.79811      45.79222
72.80409      45.79006
72.80805      45.781
72.80595      45.77659
 1 
 1             241           
1
 -9999.0   ,   9990.0
   7
 17 
74.35767      45.76823
74.34978      45.77139
74.34611      45.77639
74.3379       45.78136
74.33317      45.79164
74.33242      45.79872
74.33531      45.8017
74.3415       45.80311
74.35139      45.79839
74.35958      45.79684
74.36981      45.79003
74.37214      45.78548
74.38136      45.7812
74.38336      45.77731
74.38081      45.7732
74.37167      45.77267
74.35767      45.76823
 1 
 1             242           
1
 -9999.0   ,   9990.0
   7
 12 
74.47453      45.80231
74.47753      45.80347
74.48081      45.80256
74.48281      45.79778
74.4795       45.79423
74.477        45.79156
74.46983      45.78878
74.46003      45.7885
74.45806      45.79122
74.46031      45.79445
74.47073      45.79634
74.47453      45.80231
 1 
 1             243           
1
 -9999.0   ,   9990.0
   7
 8 
74.43053      45.79542
74.42692      45.797
74.42689      45.79975
74.43695      45.80531
74.44186      45.806
74.44453      45.80123
74.44261      45.79686
74.43053      45.79542
 1 
 1             244           
1
 -9999.0   ,   9990.0
   7
 7 
74.4112       45.80034
74.40659      45.80328
74.41175      45.80722
74.41928      45.80747
74.42159      45.80475
74.41967      45.80109
74.4112       45.80034
 1 
 1             245           
1
 -9999.0   ,   9990.0
   7
 11 
77.12881      45.78947
77.09914      45.79181
77.08542      45.80164
77.08395      45.80625
77.0897       45.81256
77.09466      45.81428
77.1002       45.8135
77.10342      45.80225
77.12967      45.79495
77.1325       45.79214
77.12881      45.78947
 1 
 1             246           
1
 -9999.0   ,   9990.0
   7
 21 
73.36653      45.8205
73.364        45.81795
73.34781      45.81289
73.33503      45.81409
73.3243       45.81139
73.3135       45.81192
73.30575      45.80814
73.303        45.81267
73.30586      45.81547
73.30945      45.81575
73.3112       45.82217
73.31541      45.82339
73.32373      45.81964
73.32764      45.81992
73.3305       45.8227
73.32961      45.83
73.33505      45.83375
73.34241      45.82814
73.35031      45.82667
73.35767      45.8222
73.36653      45.8205
 1 
 1             247           
1
 -9999.0   ,   9990.0
   7
 19 
73.30575      45.80814
73.3135       45.81192
73.3243       45.81139
73.33503      45.81409
73.34781      45.81289
73.364        45.81795
73.36653      45.8205
73.36964      45.81506
73.36915      45.81092
73.36498      45.80811
73.35645      45.80845
73.3547       45.80178
73.35181      45.80014
73.34417      45.80347
73.34175      45.808
73.3277       45.80756
73.3219       45.8052
73.31461      45.80784
73.30575      45.80814
 1 
 1             248           
1
 -9999.0   ,   9990.0
   7
 11 
72.99531      45.83617
72.93933      45.81695
72.93467      45.81336
72.92595      45.81045
72.91753      45.80823
72.90933      45.80831
72.93695      45.82028
72.95481      45.82611
72.962        45.83086
72.97858      45.83472
72.99531      45.83617
 1 
 1             249           
1
 -9999.0   ,   9990.0
   7
 15 
72.90933      45.80831
72.91753      45.80823
72.92595      45.81045
72.93467      45.81336
72.93933      45.81695
72.99531      45.83617
72.99122      45.83045
72.98486      45.82595
72.96909      45.82367
72.94397      45.81378
72.93045      45.80431
72.92347      45.80208
72.91503      45.80178
72.91061      45.80361
72.90933      45.80831
 1 
 1             250           
1
 -9999.0   ,   9990.0
   7
 7 
73.03736      45.83145
73.03247      45.84028
73.03461      45.8442
73.0385       45.84542
73.04486      45.84139
73.04414      45.83406
73.03736      45.83145
 1 
 1             251           
1
 -9999.0   ,   9990.0
   7
 29 
74.33361      45.80742
74.31786      45.81098
74.31253      45.81781
74.31247      45.82192
74.31731      45.82583
74.32053      45.82628
74.32253      45.82656
74.32814      45.82339
74.33236      45.825
74.33036      45.8282
74.3215       45.83181
74.31683      45.83725
74.31965      45.84781
74.32484      45.84897
74.32784      45.84695
74.32525      45.84325
74.32595      45.84006
74.33117      45.84125
74.33633      45.84586
74.34123      45.84703
74.3527       45.8455
74.35965      45.84075
74.36234      45.83503
74.36045      45.82931
74.3622       45.82086
74.35931      45.81628
74.35381      45.81303
74.34792      45.81253
74.33361      45.80742
 1 
 1             252           
1
 -9999.0   ,   9990.0
   7
 6 
72.68298      45.83934
72.66409      45.84445
72.6682       45.85572
72.67178      45.85581
72.68711      45.84217
72.68298      45.83934
 1 
 1             253           
1
 -9999.0   ,   9990.0
   7
 8 
72.83103      45.83634
72.82823      45.84061
72.82361      45.8417
72.83189      45.85556
72.83545      45.857
72.83714      45.85498
72.83422      45.83845
72.83103      45.83634
 1 
 1             254           
1
 -9999.0   ,   9990.0
   7
 7 
74.351        45.85142
74.34765      45.85828
74.34953      45.86239
74.35345      45.86447
74.35903      45.86131
74.35616      45.85536
74.351        45.85142
 1 
 1             255           
1
 -9999.0   ,   9990.0
   7
 7 
74.34423      45.86761
74.34061      45.86783
74.33331      45.87625
74.33522      45.87945
74.33947      45.87995
74.34517      45.87036
74.34423      45.86761
 1 
 1             256           
1
 -9999.0   ,   9990.0
   7
 11 
73.02711      45.86145
73.0205       45.86292
73.01903      45.86748
73.00911      45.87875
73.00864      45.88309
73.01183      45.88497
73.02206      45.88309
73.02445      45.88061
73.02306      45.87395
73.02931      45.864
73.02711      45.86145
 1 
 1             257           
1
 -9999.0   ,   9990.0
   7
 27 
77.9207       45.82739
77.91489      45.82889
77.90045      45.84136
77.87586      45.84789
77.86903      45.85561
77.85956      45.8627
77.83591      45.87561
77.83528      45.87645
77.83158      45.8812
77.83273      45.88459
77.83833      45.88539
77.84383      45.88417
77.84456      45.884
77.85925      45.87711
77.87028      45.87481
77.87442      45.87242
77.87473      45.86486
77.8785       45.86203
77.89809      45.86064
77.90483      45.85775
77.91925      45.84458
77.94636      45.83684
77.9524       45.83259
77.94898      45.8297
77.92595      45.83389
77.92108      45.82786
77.9207       45.82739
 1 
 1             258           
1
 -9999.0   ,   9990.0
   7
 10 
72.90286      45.86561
72.90014      45.86831
72.90158      45.87314
72.89792      45.88336
72.89878      45.88634
72.90136      45.88753
72.90859      45.88697
72.91231      45.88386
72.90678      45.86614
72.90286      45.86561
 1 
 1             259           
1
 -9999.0   ,   9990.0
   7
 8 
74.31525      45.87842
74.31228      45.88045
74.32103      45.88759
74.32658      45.88786
74.32892      45.88536
74.32633      45.88283
74.32083      45.87889
74.31525      45.87842
 1 
 1             260           
1
 -9999.0   ,   9990.0
   7
 19 
73.34356      45.8652
73.33261      45.87031
73.3162       45.87097
73.28681      45.879
73.28515      45.88056
73.27295      45.88245
73.26731      45.88508
73.25083      45.88736
73.2563       45.89042
73.26881      45.889
73.2754       45.88798
73.28106      45.88461
73.30503      45.8827
73.31075      45.87775
73.3144       45.87667
73.32653      45.87595
73.33828      45.87703
73.34539      45.87003
73.34356      45.8652
 1 
 1             261           
1
 -9999.0   ,   9990.0
   7
 16 
73.25083      45.88736
73.26731      45.88508
73.27295      45.88245
73.28515      45.88056
73.28681      45.879
73.3162       45.87097
73.33261      45.87031
73.34356      45.8652
73.32792      45.86361
73.31008      45.86767
73.29733      45.86748
73.28181      45.87206
73.27811      45.87475
73.2553       45.88078
73.25065      45.88414
73.25083      45.88736
 1 
 1             262           
1
 -9999.0   ,   9990.0
   7
 9 
73.16341      45.88686
73.14461      45.87192
73.1135       45.86795
73.11259      45.87023
73.13011      45.87464
73.13216      45.88109
73.14361      45.88195
73.16261      45.89097
73.16341      45.88686
 1 
 1             263           
1
 -9999.0   ,   9990.0
   7
 13 
73.1135       45.86795
73.14461      45.87192
73.16341      45.88686
73.16514      45.88414
73.1624       45.87862
73.15148      45.87247
73.1427       45.87075
73.13633      45.86514
73.13523      45.85939
73.13064      45.85911
73.12425      45.86381
73.11473      45.86478
73.1135       45.86795
 1 
 1             264           
1
 -9999.0   ,   9990.0
   7
 8 
73.24122      45.89025
73.22445      45.89378
73.20736      45.89445
73.19811      45.89725
73.21536      45.9005
73.23581      45.8965
73.24084      45.89314
73.24122      45.89025
 1 
 1             265           
1
 -9999.0   ,   9990.0
   7
 11 
73.19811      45.89725
73.20736      45.89445
73.22445      45.89378
73.24122      45.89025
73.23155      45.88659
73.225        45.88603
73.22083      45.88367
73.21461      45.88334
73.19534      45.89264
73.19358      45.89537
73.19811      45.89725
 1 
 1             266           
1
 -9999.0   ,   9990.0
   7
 8 
72.71581      45.89147
72.71386      45.89875
72.71784      45.90547
72.72236      45.90695
72.73575      45.90767
72.73748      45.90612
72.72525      45.90059
72.71581      45.89147
 1 
 1             267           
1
 -9999.0   ,   9990.0
   7
 12 
74.4565       45.89572
74.45386      45.89595
74.44695      45.9007
74.44072      45.90114
74.43642      45.90386
74.43736      45.90728
74.44711      45.91442
74.45233      45.91492
74.45765      45.91083
74.45441      45.90578
74.45842      45.89873
74.4565       45.89572
 1 
 1             268           
1
 -9999.0   ,   9990.0
   7
 18 
73.47633      45.91625
73.47673      45.91378
73.48441      45.90817
73.47975      45.90008
73.48214      45.89648
73.48125      45.89325
73.47728      45.89411
73.47109      45.90453
73.46795      45.90322
73.46203      45.90075
73.46095      45.90417
73.46503      45.90995
73.46828      45.91136
73.4722       45.92264
73.47708      45.92361
73.47915      45.92067
73.4763       45.9165
73.47633      45.91625
 1 
 1             269           
1
 -9999.0   ,   9990.0
   7
 7 
76.54691      45.91195
76.53595      45.91939
76.53378      45.92353
76.53484      45.92673
76.54422      45.92225
76.54961      45.91489
76.54691      45.91195
 2 
 1             270           
1
 -9999.0   ,   9990.0
   7
 68 
74.3307       45.92242
74.33553      45.92703
74.3424       45.93025
74.34928      45.92917
74.35889      45.92167
74.36878      45.91672
74.40253      45.91622
74.41133      45.914
74.41203      45.91384
74.42228      45.90767
74.43625      45.89036
74.4335       45.88278
74.42928      45.87112
74.42611      45.83703
74.42914      45.82973
74.43573      45.8252
74.4472       45.82434
74.46428      45.81895
74.47056      45.81325
74.46598      45.81278
74.45842      45.81503
74.4558       45.81661
74.4492       45.8207
74.43283      45.82197
74.42428      45.82603
74.4189       45.83745
74.42261      45.85575
74.42122      45.86056
74.41303      45.86303
74.4097       45.86597
74.40898      45.87192
74.40531      45.8767
74.39111      45.88803
74.38925      45.90311
74.38261      45.90995
74.37486      45.91139
74.3672       45.91281
74.35928      45.91575
74.34528      45.92634
74.33953      45.92292
74.3383       45.91767
74.3435       45.8962
74.36889      45.88334
74.3782       45.87264
74.37534      45.86575
74.37141      45.86458
74.37009      45.86686
74.37167      45.87214
74.36898      45.87784
74.35897      45.88353
74.35523      45.88564
74.34586      45.89095
74.33964      45.89281
74.336        45.89386
74.3355       45.89961
74.33445      45.91214
74.33145      45.916
74.32523      45.91575
74.31156      45.90903
74.29864      45.895
74.2875       45.89561
74.28781      45.89767
74.29567      45.89772
74.29923      45.90003
74.30825      45.91061
74.31506      45.91567
74.32681      45.91942
74.3307       45.92242
 1             270           2 
1
 -9999.0   ,   9990.0
   7
 14 
74.4182       45.86717
74.42215      45.86787
74.42478      45.87586
74.4297       45.89078
74.42703      45.89603
74.41973      45.90398
74.40295      45.90914
74.39278      45.91
74.39698      45.88945
74.40366      45.88242
74.40598      45.88
74.41397      45.87158
74.41736      45.86806
74.4182       45.86717
 1 
 1             271           
1
 -9999.0   ,   9990.0
   7
 26 
73.43745      45.85697
73.42215      45.86545
73.40598      45.88053
73.38686      45.89467
73.37392      45.9002
73.3632       45.90872
73.34636      45.91258
73.33833      45.9175
73.33389      45.92361
73.34008      45.92461
73.34609      45.93156
73.35501      45.92964
73.3574       45.92647
73.35592      45.92097
73.36328      45.91606
73.36506      45.91173
73.39442      45.89431
73.42298      45.881
73.43089      45.87884
73.44336      45.87786
73.44286      45.87306
73.43575      45.86975
73.4339       45.86584
73.43664      45.86175
73.44097      45.85953
73.43745      45.85697
 1 
 1             272           
1
 -9999.0   ,   9990.0
   7
 40 
73.33389      45.92361
73.33833      45.9175
73.34636      45.91258
73.3632       45.90872
73.37392      45.9002
73.38686      45.89467
73.40598      45.88053
73.42215      45.86545
73.43745      45.85697
73.43995      45.85561
73.44942      45.8505
73.44916      45.85014
73.44628      45.84611
73.44678      45.84528
73.44833      45.8427
73.44483      45.84111
73.44414      45.84081
73.43986      45.84167
73.43803      45.84434
73.43772      45.84478
73.43645      45.84667
73.43556      45.84692
73.42753      45.84906
73.4257       45.85589
73.423        45.85858
73.41606      45.86031
73.40803      45.86639
73.40628      45.86978
73.4          45.8722
73.39848      45.87906
73.39022      45.88098
73.38286      45.88684
73.35467      45.88756
73.34525      45.8952
73.34036      45.8942
73.33736      45.89575
73.33128      45.90161
73.33165      45.9117
73.32125      45.91884
73.33389      45.92361
 1 
 1             273           
1
 -9999.0   ,   9990.0
   7
 7 
76.50336      45.92595
76.50075      45.92736
76.50034      45.9365
76.50461      45.93737
76.51195      45.9295
76.50992      45.92656
76.50336      45.92595
 1 
 1             274           
1
 -9999.0   ,   9990.0
   7
 15 
73.07556      45.93525
73.09881      45.92628
73.08736      45.92584
73.07909      45.92823
73.0722       45.92834
73.06939      45.92395
73.06523      45.92136
73.06033      45.92058
73.05111      45.92203
73.04511      45.92511
73.04158      45.9317
73.044        45.93767
73.0528       45.93897
73.06147      45.93478
73.07556      45.93525
 1 
 1             275           
1
 -9999.0   ,   9990.0
   7
 17 
73.09881      45.92628
73.07556      45.93525
73.08172      45.93672
73.08864      45.93592
73.09765      45.93175
73.10286      45.93206
73.1092       45.92964
73.11708      45.92886
73.13665      45.92211
73.15173      45.9125
73.16397      45.90884
73.16597      45.90747
73.16611      45.90428
73.16178      45.90581
73.14833      45.90675
73.1292       45.91947
73.09881      45.92628
 1 
 1             276           
1
 -9999.0   ,   9990.0
   7
 7 
73.14833      45.90675
73.16178      45.90581
73.16611      45.90428
73.16228      45.90125
73.15475      45.90114
73.15109      45.90267
73.14833      45.90675
 1 
 1             277           
1
 -9999.0   ,   9990.0
   7
 9 
74.34981      45.93764
74.33048      45.93795
74.3275       45.93956
74.32814      45.94161
74.33334      45.94417
74.34545      45.94628
74.3507       45.94586
74.35236      45.94359
74.34981      45.93764
 1 
 1             278           
1
 -9999.0   ,   9990.0
   7
 6 
76.56425      45.93733
76.56133      45.93875
76.56159      45.94811
76.56517      45.94762
76.5725       45.93953
76.56425      45.93733
 1 
 1             279           
1
 -9999.0   ,   9990.0
   7
 10 
74.37628      45.94328
74.37103      45.94348
74.36708      45.94597
74.36373      45.9512
74.36498      45.95534
74.36989      45.95698
74.37448      45.95631
74.37422      45.95172
74.3792       45.94603
74.37628      45.94328
 1 
 1             280           
1
 -9999.0   ,   9990.0
   7
 12 
74.27781      45.93234
74.27056      45.93389
74.26622      45.93889
74.26942      45.94533
74.27558      45.94834
74.30661      45.95634
74.31578      45.95706
74.31748      45.95481
74.31486      45.95225
74.30836      45.94925
74.2902       45.93609
74.27781      45.93234
 1 
 1             281           
1
 -9999.0   ,   9990.0
   7
 9 
74.33197      45.9485
74.32198      45.96078
74.32523      45.96125
74.34661      45.95681
74.34891      45.95478
74.34666      45.9527
74.34045      45.9522
74.33656      45.94897
74.33197      45.9485
 1 
 1             282           
1
 -9999.0   ,   9990.0
   7
 23 
73.34609      45.93156
73.34008      45.92461
73.33389      45.92361
73.32125      45.91884
73.31492      45.92242
73.30933      45.923
73.29591      45.93195
73.28803      45.93323
73.26942      45.94117
73.26786      45.94823
73.26117      45.95314
73.26534      45.95595
73.26031      45.95953
73.26217      45.96253
73.26936      45.96311
73.27506      45.95909
73.28464      45.95717
73.29986      45.95214
73.3079       45.9477
73.31315      45.94731
73.3327       45.94075
73.34136      45.93609
73.34609      45.93156
 1 
 1             283           
1
 -9999.0   ,   9990.0
   7
 11 
74.49203      45.93981
74.47761      45.9402
74.47553      45.9482
74.48528      45.95739
74.49965      45.96409
74.50653      45.96297
74.51017      45.95867
74.50731      45.95225
74.50175      45.95017
74.50017      45.94511
74.49203      45.93981
 1 
 1             284           
1
 -9999.0   ,   9990.0
   7
 8 
72.1484       45.95417
72.14134      45.95695
72.13986      45.96011
72.14125      45.9652
72.1505       45.96381
72.15708      45.95711
72.15522      45.95478
72.1484       45.95417
 1 
 1             285           
1
 -9999.0   ,   9990.0
   7
 8 
76.58464      45.96567
76.57447      45.96581
76.56992      45.96745
76.57031      45.9695
76.57755      45.97125
76.58608      45.97114
76.58767      45.96884
76.58464      45.96567
 1 
 1             286           
1
 -9999.0   ,   9990.0
   7
 32 
73.03156      45.97314
73.03547      45.97389
73.0392       45.97053
73.0309       45.96467
73.02686      45.95798
73.03501      45.95034
73.0355       45.94575
73.02925      45.94656
73.01884      45.95325
73.01306      45.94972
72.99736      45.94875
72.99323      45.94548
72.98436      45.94531
72.97539      45.94906
72.97128      45.95378
72.97183      45.95609
72.97798      45.95825
72.98015      45.9617
72.9732       45.96342
72.9572       45.96153
72.94666      45.96247
72.93331      45.96039
72.93128      45.96173
72.93731      45.96711
72.97109      45.9675
72.97459      45.97053
72.97165      45.97848
72.9897       45.97811
73.00367      45.97289
73.01681      45.97264
73.02475      45.97098
73.03156      45.97314
 1 
 1             287           
1
 -9999.0   ,   9990.0
   7
 13 
73.28464      45.95717
73.27506      45.95909
73.26936      45.96311
73.26217      45.96253
73.26031      45.95953
73.25567      45.96039
73.25253      45.96628
73.25298      45.97292
73.24986      45.97745
73.26         45.97853
73.26634      45.9752
73.27814      45.96553
73.28464      45.95717
 1 
 1             288           
1
 -9999.0   ,   9990.0
   7
 12 
72.86092      45.9905
72.86161      45.98995
72.8667       45.97745
72.86417      45.97558
72.86086      45.97575
72.85778      45.97911
72.85315      45.98011
72.85284      45.98017
72.85142      45.98267
72.85631      45.99192
72.85858      45.99239
72.86092      45.9905
 1 
 1             289           
1
 -9999.0   ,   9990.0
   7
 11 
72.69783      45.98353
72.69117      45.98592
72.67897      45.98681
72.672        45.98895
72.66925      45.99186
72.67242      45.99467
72.69473      45.99445
72.70245      45.99095
72.70592      45.98598
72.70467      45.98436
72.69783      45.98353
 1 
 1             290           
1
 -9999.0   ,   9990.0
   7
 12 
72.35176      45.99053
72.35883      45.99767
72.37016      45.99403
72.38233      45.99317
72.3887       45.99078
72.39117      45.98698
72.3864       45.98411
72.3802       45.98306
72.37209      45.98814
72.36103      45.98606
72.35653      45.9912
72.35176      45.99053
 1 
 1             291           
1
 -9999.0   ,   9990.0
   7
 57 
74.25792      45.94617
74.24611      45.94675
74.24115      45.94992
74.23645      45.95628
74.23608      45.95903
74.24122      45.96639
74.24008      45.97623
74.24555      45.98381
74.25628      45.99042
74.27481      46.00184
74.2908       46.00606
74.29861      46.01023
74.30648      46.01234
74.33605      46.00798
74.3407       46.00525
74.34789      46.00622
74.36584      46.01433
74.3724       46.0155
74.37406      46.0137
74.3742       46.00317
74.38865      46.00281
74.39028      46.00145
74.38942      45.99345
74.38981      45.99217
74.3925       45.98361
74.38766      45.97558
74.38711      45.96803
74.38286      45.9662
74.36745      45.96678
74.31586      45.97492
74.30665      45.97828
74.30328      45.98214
74.30878      45.98903
74.31192      45.9975
74.31153      46.003
74.30686      46.00756
74.30336      46.00089
74.30378      45.99792
74.30445      45.99336
74.30158      45.98761
74.29764      45.98736
74.29234      45.99145
74.28845      45.98867
74.29017      45.98228
74.28826      45.97883
74.27661      45.96847
74.27861      45.9662
74.29553      45.97478
74.30209      45.97573
74.30933      45.97325
74.31167      45.97031
74.31039      45.96664
74.30489      45.9625
74.28         45.95981
74.26956      45.95631
74.26411      45.9485
74.25792      45.94617
 1 
 1             292           
1
 -9999.0   ,   9990.0
   7
 7 
74.6347       46.00517
74.62942      46.00631
74.62578      46.01017
74.63261      46.01592
74.63756      46.01525
74.63986      46.01206
74.6347       46.00517
 1 
 1             293           
1
 -9999.0   ,   9990.0
   7
 10 
72.54811      46.00714
72.5482       46.01286
72.5572       46.01695
72.56795      46.01903
72.58586      46.01459
72.5893       46.011
72.58745      46.00845
72.5654       46.01003
72.56022      46.00811
72.54811      46.00714
 1 
 1             294           
1
 -9999.0   ,   9990.0
   7
 9 
74.47667      45.99256
74.47273      45.99367
74.4667       46.00417
74.45572      46.01645
74.45834      46.01945
74.46161      46.01878
74.46758      46.01309
74.47764      45.99439
74.47667      45.99256
 1 
 1             295           
1
 -9999.0   ,   9990.0
   7
 15 
73.23636      45.99872
73.23001      46.01303
73.22322      46.01886
73.22373      46.02414
73.22691      46.02648
73.24136      46.02625
73.24609      46.02267
73.24298      46.01714
73.24736      46.01375
73.25559      46.01298
73.25733      46.01025
73.25386      46.00586
73.24533      46.00528
73.23998      45.99903
73.23636      45.99872
 1 
 1             296           
1
 -9999.0   ,   9990.0
   7
 22 
72.7522       46.00978
72.74975      46.01339
72.74541      46.01467
72.73358      46.01489
72.73084      46.01781
72.73203      46.02106
72.73558      46.02247
72.74084      46.02192
72.74792      46.01792
72.7535       46.01758
72.75855      46.02225
72.75642      46.02634
72.76031      46.028
72.77045      46.02867
72.77314      46.02689
72.7727       46.02209
72.78075      46.01745
72.7809       46.014
72.77836      46.01189
72.76322      46.01298
72.76033      46.01086
72.7522       46.00978
 1 
 1             297           
1
 -9999.0   ,   9990.0
   7
 12 
73.61961      46.034
73.62628      46.0335
73.638        46.02428
73.63739      46.0222
73.63147      46.02214
73.62761      46.01956
73.62133      46.02178
73.61853      46.0277
73.6125       46.0322
73.61291      46.03375
73.61311      46.03448
73.61961      46.034
 1 
 1             298           
1
 -9999.0   ,   9990.0
   7
 19 
72.91711      46.00584
72.91072      46.00961
72.90659      46.00656
72.90295      46.0072
72.89925      46.01786
72.88736      46.0197
72.88531      46.02172
72.88717      46.02497
72.89625      46.02764
72.89664      46.03428
72.89989      46.03503
72.90422      46.0335
72.90647      46.02648
72.91161      46.02083
72.92681      46.01814
72.92866      46.01248
72.92245      46.01259
72.922        46.00731
72.91711      46.00584
 1 
 1             299           
1
 -9999.0   ,   9990.0
   7
 122 
72.35176      45.99053
72.34883      45.98689
72.35173      45.97508
72.3522       45.9737
72.35323      45.97059
72.35826      45.95534
72.36097      45.95311
72.37006      45.95514
72.37373      45.95408
72.38301      45.94492
72.38773      45.94272
72.39647      45.95139
72.4077       45.95028
72.41306      45.95475
72.41834      45.9542
72.42275      45.95061
72.41033      45.94281
72.38628      45.93828
72.38531      45.93811
72.3807       45.9387
72.37365      45.94242
72.36239      45.94398
72.35956      45.94208
72.35614      45.93103
72.35245      45.92636
72.34323      45.92706
72.34036      45.92539
72.34589      45.91273
72.34348      45.90145
72.34033      45.89886
72.34015      45.88948
72.32816      45.86895
72.3247       45.86303
72.31436      45.85206
72.30461      45.83189
72.29366      45.82181
72.29234      45.81581
72.2892       45.81278
72.28206      45.81145
72.28045      45.80478
72.28315      45.79636
72.28191      45.78812
72.27295      45.77737
72.27253      45.77278
72.27756      45.77061
72.27656      45.76395
72.27216      45.7602
72.26691      45.76053
72.2625       45.75722
72.25858      45.75733
72.25764      45.7635
72.25422      45.76617
72.24531      45.76136
72.23976      45.75506
72.23203      45.75236
72.22678      45.75292
72.2282       45.75731
72.2314       45.75875
72.2362       45.76712
72.24067      45.7695
72.24514      45.78448
72.24892      45.78731
72.25414      45.78767
72.25795      45.78959
72.26406      45.78517
72.26798      45.78572
72.27295      45.80392
72.27133      45.81028
72.27295      45.81742
72.30331      45.84536
72.30473      45.84848
72.31514      45.87103
72.323        45.87528
72.32311      45.87533
72.33097      45.88925
72.33156      45.91078
72.33567      45.91384
72.33673      45.91892
72.32473      45.9232
72.31425      45.92272
72.302        45.92517
72.30006      45.93153
72.31528      45.92847
72.32376      45.92956
72.33256      45.9307
72.33628      45.93514
72.33581      45.93764
72.33111      45.94028
72.33128      45.94348
72.33686      45.94339
72.3442       45.94036
72.34773      45.94203
72.35025      45.95103
72.34634      45.96442
72.34311      45.96925
72.3414       45.97181
72.34136      45.97187
72.34311      45.97647
72.3308       46.00683
72.32633      46.01086
72.31089      46.01117
72.30503      46.01723
72.306        46.01803
72.3107       46.02192
72.30639      46.02914
72.30883      46.03286
72.31275      46.03342
72.32245      46.03023
72.32442      46.02339
72.32778      46.02186
72.33248      46.02656
72.33295      46.03045
72.33759      46.03606
72.34115      46.03728
72.3445       46.03553
72.33995      46.02125
72.3405       46.01692
72.34323      46.01492
72.34778      46.01547
72.35056      46.01234
72.34714      45.99486
72.35176      45.99053
 1 
 1             300           
1
 -9999.0   ,   9990.0
   7
 10 
73.1912       46.03392
73.18539      46.03084
73.16803      46.03034
73.16528      46.03372
73.16586      46.03603
73.17139      46.03747
73.17503      46.03617
73.18453      46.0377
73.18715      46.0375
73.1912       46.03392
 1 
 1             301           
1
 -9999.0   ,   9990.0
   7
 42 
74.44786      45.93228
74.44164      45.93384
74.43139      45.9395
74.42081      45.94834
74.41653      45.949
74.41634      45.93917
74.41114      45.93434
74.40428      45.93386
74.39572      45.93631
74.3927       45.94064
74.39256      45.94134
74.39131      45.94747
74.39578      45.95645
74.41272      45.96592
74.4217       45.98334
74.42064      45.98767
74.40706      45.99972
74.40725      46.00931
74.39792      46.02114
74.40048      46.02597
74.41525      46.02536
74.41783      46.02836
74.4148       46.03384
74.41642      46.03773
74.42         46.03842
74.42264      46.03734
74.43089      46.03392
74.43165      46.02636
74.42581      46.01995
74.43248      46.01245
74.43061      46.00464
74.43264      45.99987
74.44289      45.99192
74.44425      45.98917
74.4404       45.98161
74.43322      45.97906
74.43195      45.97562
74.44009      45.95325
74.45231      45.94464
74.45665      45.93825
74.4544       45.93458
74.44786      45.93228
 1 
 1             302           
1
 -9999.0   ,   9990.0
   7
 22 
72.85378      46.01873
72.85122      46.02078
72.83628      46.0327
72.83345      46.03789
72.83461      46.04181
72.84047      46.04328
72.84953      46.03867
72.86639      46.03533
72.86706      46.03334
72.86853      46.02898
72.86975      46.02531
72.87698      46.01653
72.87936      46.01609
72.88889      46.01425
72.89167      46.01064
72.89114      46.0072
72.88723      46.00645
72.87859      46.00903
72.87436      46.00847
72.87041      46.00795
72.86342      46.01103
72.85378      46.01873
 1 
 1             303           
1
 -9999.0   ,   9990.0
   7
 10 
72.5435       46.03678
72.53453      46.03911
72.52015      46.03767
72.51739      46.04056
72.51889      46.04381
72.53453      46.0462
72.53953      46.04447
72.55006      46.04425
72.55123      46.04017
72.5435       46.03678
 1 
 1             304           
1
 -9999.0   ,   9990.0
   7
 7 
74.6715       46.038
74.66783      46.04211
74.66978      46.04623
74.67372      46.04717
74.68261      46.04148
74.67839      46.03825
74.6715       46.038
 1 
 1             305           
1
 -9999.0   ,   9990.0
   7
 7 
73.42259      46.0372
73.41125      46.04342
73.41011      46.04822
73.412        46.05075
73.41836      46.04742
73.42486      46.03836
73.42259      46.0372
 1 
 1             306           
1
 -9999.0   ,   9990.0
   7
 8 
72.69831      46.04964
72.69556      46.05234
72.69803      46.05581
72.71086      46.06361
72.71295      46.06092
72.70959      46.05467
72.70386      46.05022
72.69831      46.04964
 1 
 1             307           
1
 -9999.0   ,   9990.0
   7
 11 
73.47434      46.05928
73.47345      46.061
73.50489      46.06509
73.50625      46.06281
73.50467      46.06072
73.50008      46.06045
73.49392      46.05761
73.48634      46.05912
73.47598      46.05897
73.4745       46.05895
73.47434      46.05928
 1 
 1             308           
1
 -9999.0   ,   9990.0
   7
 11 
72.97283      46.03431
72.947        46.04825
72.93681      46.06053
72.93391      46.06403
72.93445      46.06792
72.93903      46.06778
72.94386      46.06461
72.94578      46.06333
72.9629       46.04534
72.97428      46.03959
72.97283      46.03431
 1 
 1             309           
1
 -9999.0   ,   9990.0
   7
 7 
72.48478      46.05656
72.47525      46.05656
72.47153      46.059
72.46878      46.06831
72.47503      46.0687
72.48703      46.05775
72.48478      46.05656
 1 
 1             310           
1
 -9999.0   ,   9990.0
   7
 13 
72.38517      46.07147
72.3694       46.06492
72.36089      46.06359
72.35675      46.06098
72.35022      46.06036
72.34775      46.0635
72.34978      46.06906
72.35678      46.074
72.37722      46.07264
72.38595      46.07606
72.39167      46.07275
72.38914      46.07064
72.38517      46.07147
 1 
 1             311           
1
 -9999.0   ,   9990.0
   7
 20 
72.63736      46.07583
72.63803      46.06875
72.64153      46.06356
72.63811      46.05914
72.63455      46.0577
72.62991      46.05853
72.62614      46.06189
72.63142      46.06909
72.62953      46.07498
72.61961      46.07639
72.61689      46.07084
72.61173      46.06889
72.59914      46.0707
72.59406      46.07425
72.61861      46.08392
72.62953      46.08253
72.63597      46.08542
72.64225      46.08464
72.64333      46.08236
72.63736      46.07583
 1 
 1             312           
1
 -9999.0   ,   9990.0
   7
 7 
73.62525      46.07214
73.62095      46.07345
73.61183      46.08295
73.61436      46.08686
73.61831      46.086
73.62681      46.07603
73.62525      46.07214
 1 
 1             313           
1
 -9999.0   ,   9990.0
   7
 14 
72.2843       46.07072
72.28225      46.0725
72.28555      46.07828
72.28142      46.08895
72.28416      46.09358
72.2907       46.0942
72.29567      46.08678
72.29775      46.09139
72.30092      46.09353
72.30489      46.09317
72.30681      46.0875
72.30592      46.07923
72.29083      46.07178
72.2843       46.07072
 1 
 1             314           
1
 -9999.0   ,   9990.0
   7
 11 
72.42803      46.0825
72.42264      46.08536
72.41258      46.08261
72.4117       46.08739
72.4155       46.09
72.41431      46.09456
72.4158       46.09756
72.4217       46.09814
72.42516      46.09434
72.42925      46.08484
72.42803      46.0825
 1 
 1             315           
1
 -9999.0   ,   9990.0
   7
 8 
74.83503      46.09039
74.83373      46.09197
74.83859      46.10639
74.84153      46.10686
74.8557       46.10278
74.85767      46.09981
74.85408      46.09567
74.83503      46.09039
 1 
 1             316           
1
 -9999.0   ,   9990.0
   7
 9 
73.23839      46.10647
73.23466      46.10961
73.2362       46.11331
73.24175      46.11453
73.25761      46.11248
73.25898      46.11067
73.25841      46.1077
73.2485       46.1087
73.23839      46.10647
 1 
 1             317           
1
 -9999.0   ,   9990.0
   7
 12 
77.17308      46.10731
77.17061      46.11167
77.175        46.11481
77.18095      46.11539
77.18772      46.11206
77.19275      46.11473
77.19561      46.11217
77.19286      46.10878
77.18789      46.10725
77.1837       46.10961
77.1778       46.11042
77.17308      46.10731
 1 
 1             318           
1
 -9999.0   ,   9990.0
   7
 11 
73.57075      46.09545
73.55873      46.10192
73.55583      46.11148
73.54815      46.11597
73.54875      46.11803
73.55361      46.12036
73.56316      46.11936
73.56653      46.11733
73.57556      46.09961
73.574        46.09617
73.57075      46.09545
 1 
 1             319           
1
 -9999.0   ,   9990.0
   7
 9 
72.6457       46.11145
72.63741      46.11267
72.635        46.11536
72.63517      46.119
72.63866      46.12206
72.64461      46.1215
72.65106      46.11684
72.65053      46.11384
72.6457       46.11145
 1 
 1             320           
1
 -9999.0   ,   9990.0
   7
 7 
72.42416      46.1085
72.41092      46.11759
72.4127       46.12195
72.42031      46.121
72.425        46.12589
72.42741      46.1232
72.42416      46.1085
 1 
 1             321           
1
 -9999.0   ,   9990.0
   7
 18 
72.88758      46.10609
72.8645       46.1
72.85661      46.10008
72.85025      46.10295
72.84503      46.11039
72.83767      46.11345
72.83381      46.11934
72.83459      46.12437
72.83998      46.12928
72.85128      46.12628
72.85395      46.11764
72.86111      46.11048
72.87565      46.10959
72.88753      46.11122
72.89298      46.11198
72.89503      46.1095
72.89345      46.10764
72.88758      46.10609
 1 
 1             322           
1
 -9999.0   ,   9990.0
   7
 20 
73.09086      46.13195
73.07911      46.12947
73.069        46.12995
73.06856      46.12997
73.0522       46.12764
73.04981      46.12917
73.03939      46.13589
73.03081      46.13686
73.02042      46.13303
73.00964      46.13148
73.00689      46.13439
73.02167      46.14403
73.03411      46.14561
73.04048      46.143
73.04936      46.14245
73.0627       46.13473
73.06281      46.13467
73.07436      46.13625
73.08776      46.13581
73.09086      46.13195
 1 
 1             323           
1
 -9999.0   ,   9990.0
   7
 17 
74.85731      46.10506
74.84348      46.11373
74.8372       46.11622
74.829        46.11575
74.82667      46.11781
74.82923      46.1322
74.82653      46.14522
74.8285       46.14867
74.84103      46.13725
74.84731      46.13681
74.85589      46.12678
74.8612       46.1172
74.86975      46.11606
74.87141      46.11378
74.87109      46.11081
74.86222      46.10597
74.85731      46.10506
 1 
 1             324           
1
 -9999.0   ,   9990.0
   7
 10 
72.45309      46.15122
72.45795      46.15295
72.46892      46.15045
72.47847      46.1502
72.48161      46.14636
72.47747      46.14331
72.46436      46.14212
72.45675      46.14353
72.45295      46.14734
72.45309      46.15122
 1 
 1             325           
1
 -9999.0   ,   9990.0
   7
 12 
73.3047       46.14089
73.3004       46.14173
73.29864      46.14467
73.2995       46.14925
73.30339      46.15114
73.31184      46.15425
73.325        46.15467
73.33006      46.15064
73.32653      46.14714
73.31245      46.14603
73.30925      46.14256
73.3047       46.14089
 1 
 1             326           
1
 -9999.0   ,   9990.0
   7
 6 
77.22861      46.15114
77.23534      46.15489
77.23753      46.15211
77.23514      46.14986
77.2312       46.14947
77.22861      46.15114
 1 
 1             327           
1
 -9999.0   ,   9990.0
   7
 23 
72.77497      46.15867
72.7789       46.15942
72.7819       46.15834
72.78316      46.15625
72.7907       46.14411
72.79533      46.14328
72.80117      46.14522
72.80811      46.15267
72.81203      46.15345
72.81384      46.14981
72.80959      46.14059
72.81242      46.13606
72.81908      46.13392
72.82117      46.13098
72.81511      46.12606
72.81184      46.12622
72.80123      46.13608
72.7922       46.13933
72.78495      46.14011
72.77495      46.13534
72.77108      46.14075
72.77589      46.15228
72.77497      46.15867
 1 
 1             328           
1
 -9999.0   ,   9990.0
   7
 7 
72.58561      46.16098
72.57795      46.16312
72.57456      46.16556
72.57615      46.16672
72.58466      46.16714
72.59141      46.16361
72.58561      46.16098
 1 
 1             329           
1
 -9999.0   ,   9990.0
   7
 7 
72.61073      46.15853
72.60178      46.16039
72.59931      46.16378
72.59981      46.16722
72.60336      46.16911
72.61161      46.16131
72.61073      46.15853
 1 
 1             330           
1
 -9999.0   ,   9990.0
   7
 20 
72.30545      46.14189
72.29853      46.14186
72.29195      46.14181
72.28259      46.145
72.27572      46.15034
72.25995      46.14997
72.25958      46.15728
72.25753      46.15884
72.24741      46.15697
72.24136      46.17287
72.24423      46.17498
72.25083      46.17422
72.26406      46.167
72.26691      46.16203
72.27634      46.15836
72.28616      46.15884
72.29884      46.14928
72.30483      46.14761
72.30695      46.14492
72.30545      46.14189
 1 
 1             331           
1
 -9999.0   ,   9990.0
   7
 7 
72.44436      46.17597
72.44328      46.178
72.44611      46.18081
72.45289      46.17662
72.4524       46.17339
72.4472       46.1717
72.44436      46.17597
 1 
 1             332           
1
 -9999.0   ,   9990.0
   7
 8 
72.59255      46.17484
72.58859      46.17567
72.58683      46.17817
72.5887       46.18072
72.60078      46.18281
72.6025       46.18122
72.60095      46.17892
72.59255      46.17484
 1 
 1             333           
1
 -9999.0   ,   9990.0
   7
 45 
74.82461      46.16845
74.82589      46.16656
74.85315      46.15534
74.85911      46.14212
74.85814      46.13845
74.8542       46.13798
74.84775      46.14323
74.84714      46.14373
74.83903      46.14639
74.82941      46.15872
74.81917      46.1667
74.81325      46.16761
74.80995      46.16964
74.80761      46.174
74.80891      46.17742
74.81911      46.18042
74.82933      46.17586
74.83791      46.16973
74.84483      46.16973
74.85139      46.17159
74.85831      46.17023
74.86591      46.16475
74.87348      46.16431
74.87478      46.16911
74.87178      46.17917
74.87339      46.18397
74.87867      46.18511
74.88184      46.18292
74.88689      46.17942
74.89811      46.17534
74.89948      46.16572
74.90873      46.15409
74.90678      46.1495
74.90053      46.14492
74.891        46.14537
74.8864       46.14786
74.88108      46.15403
74.87581      46.15608
74.8742       46.15403
74.87617      46.14945
74.8752       46.14625
74.8663       46.15081
74.86264      46.15948
74.8587       46.16292
74.82461      46.16845
 1 
 1             334           
1
 -9999.0   ,   9990.0
   7
 8 
73.00547      46.16364
72.98511      46.17106
72.96528      46.18214
72.96542      46.18717
72.97953      46.17987
72.99823      46.17289
73.00498      46.16867
73.00547      46.16364
 1 
 1             335           
1
 -9999.0   ,   9990.0
   7
 13 
73.39892      46.16856
73.39333      46.16847
73.38961      46.17209
73.38398      46.17314
73.38311      46.18
73.38006      46.1827
73.37278      46.1842
73.36839      46.188
73.37123      46.19173
73.3745       46.19267
73.38778      46.18875
73.4005       46.17042
73.39892      46.16856
 1 
 1             336           
1
 -9999.0   ,   9990.0
   7
 7 
73.79533      46.19706
73.80014      46.19336
73.80103      46.19011
73.79742      46.18953
73.78278      46.19975
73.78664      46.20125
73.79533      46.19706
 1 
 1             337           
1
 -9999.0   ,   9990.0
   7
 8 
73.56531      46.19803
73.56164      46.20006
73.56223      46.20233
73.57166      46.20611
73.57923      46.20667
73.58058      46.20464
73.57681      46.19886
73.56531      46.19803
 1 
 1             338           
1
 -9999.0   ,   9990.0
   7
 12 
72.45328      46.21047
72.4568       46.20575
72.46533      46.20639
72.46645      46.20392
72.46322      46.20245
72.46186      46.19603
72.4587       46.19322
72.44986      46.19208
72.4485       46.19322
72.43872      46.19781
72.44873      46.20945
72.45328      46.21047
 1 
 1             339           
1
 -9999.0   ,   9990.0
   7
 11 
73.84461      46.19378
73.84255      46.19673
73.84348      46.20061
73.85381      46.2092
73.86097      46.21225
73.87642      46.21422
73.87845      46.21242
73.87617      46.21056
73.86567      46.20953
73.85686      46.20556
73.84461      46.19378
 1 
 1             340           
1
 -9999.0   ,   9990.0
   7
 36 
73.29514      46.21003
73.295        46.2075
73.28267      46.20137
73.26491      46.20109
73.25114      46.19928
73.23976      46.19522
73.23055      46.19392
73.22095      46.19584
73.2102       46.19247
73.20866      46.18878
73.2127       46.18678
73.21415      46.18339
73.21164      46.17875
73.20255      46.17495
73.19745      46.17075
73.18695      46.169
73.18536      46.17764
73.17811      46.18692
73.18217      46.19383
73.18706      46.19553
73.19217      46.20017
73.19675      46.20095
73.20142      46.19873
73.2087       46.19814
73.21841      46.20289
73.22495      46.20436
73.24311      46.20281
73.25742      46.20853
73.2612       46.21339
73.26678      46.21417
73.26978      46.2135
73.27673      46.21203
73.28456      46.21498
73.28811      46.21631
73.29542      46.21459
73.29514      46.21003
 1 
 1             341           
1
 -9999.0   ,   9990.0
   7
 18 
72.14983      46.19806
72.14453      46.19861
72.13428      46.20567
72.12092      46.20306
72.11842      46.20642
72.11958      46.2092
72.12828      46.21309
72.13414      46.21436
72.13814      46.21356
72.15109      46.21823
72.15253      46.21575
72.15114      46.21067
72.15464      46.20664
72.16417      46.20734
72.16758      46.20514
72.16553      46.20006
72.15334      46.20045
72.14983      46.19806
 1 
 1             342           
1
 -9999.0   ,   9990.0
   7
 11 
73.94006      46.21053
73.92384      46.21448
73.88795      46.21411
73.88692      46.21617
73.89178      46.22034
73.91583      46.21897
73.92106      46.22153
73.92731      46.22159
73.93628      46.21781
73.94431      46.21217
73.94006      46.21053
 1 
 1             343           
1
 -9999.0   ,   9990.0
   7
 23 
72.75786      46.18989
72.74992      46.19108
72.74372      46.19762
72.73803      46.2
72.7252       46.19931
72.7119       46.20292
72.69967      46.20314
72.6897       46.20545
72.68283      46.2117
72.68433      46.21539
72.68955      46.21642
72.70541      46.20759
72.71433      46.20731
72.7195       46.20925
72.72947      46.20739
72.73817      46.21214
72.74375      46.22047
72.74765      46.2217
72.75036      46.2197
72.74956      46.21636
72.74728      46.20706
72.75758      46.19675
72.75786      46.18989
 1 
 1             344           
1
 -9999.0   ,   9990.0
   7
 10 
72.22756      46.21117
72.22123      46.21261
72.2197       46.21692
72.21415      46.22228
72.21531      46.2255
72.22023      46.22608
72.23023      46.22359
72.23197      46.22159
72.23133      46.2147
72.22756      46.21117
 1 
 1             345           
1
 -9999.0   ,   9990.0
   7
 13 
72.16828      46.21703
72.15898      46.21842
72.15286      46.22192
72.14453      46.22995
72.12358      46.23356
72.1237       46.23767
72.13053      46.23967
72.14755      46.23553
72.15884      46.22734
72.17408      46.22564
72.17584      46.22386
72.1754       46.21997
72.16828      46.21703
 1 
 1             346           
1
 -9999.0   ,   9990.0
   7
 7 
72.25484      46.2322
72.24375      46.23672
72.24548      46.24134
72.25814      46.23889
72.26128      46.23531
72.25875      46.23297
72.25484      46.2322
 1 
 1             347           
1
 -9999.0   ,   9990.0
   7
 18 
72.44141      46.22461
72.43345      46.23267
72.43151      46.23925
72.44714      46.24328
72.45922      46.25245
72.47336      46.253
72.4765       46.24987
72.47339      46.24545
72.46117      46.23923
72.46436      46.2345
72.47041      46.23167
72.481        46.23053
72.48283      46.22692
72.47622      46.22014
72.46941      46.2177
72.46145      46.21934
72.44991      46.22573
72.44141      46.22461
 1 
 1             348           
1
 -9999.0   ,   9990.0
   7
 16 
72.31765      46.23528
72.29686      46.24211
72.28678      46.23958
72.27634      46.24414
72.27101      46.24492
72.26617      46.24939
72.26836      46.25195
72.2817       46.25548
72.28616      46.25192
72.28306      46.24817
72.28817      46.24442
72.291        46.24723
72.30114      46.24906
72.31431      46.24298
72.31886      46.23736
72.31765      46.23528
 1 
 1             349           
1
 -9999.0   ,   9990.0
   7
 14 
73.51614      46.24861
73.51214      46.2497
73.511        46.25586
73.51553      46.25798
73.52281      46.25714
73.53406      46.26781
73.54125      46.2702
73.54366      46.26634
73.53989      46.25967
73.53997      46.256
73.53675      46.25345
73.53014      46.25428
73.52623      46.25331
73.51614      46.24861
 1 
 1             350           
1
 -9999.0   ,   9990.0
   7
 69 
73.16845      46.19911
73.172        46.19253
73.16925      46.18653
73.16336      46.18553
73.15736      46.1875
73.14817      46.18711
73.14608      46.18739
73.13558      46.18872
73.10958      46.18831
73.10081      46.1852
73.09158      46.18525
73.06531      46.19259
73.06008      46.19158
73.02842      46.19331
73.026        46.19625
73.02914      46.19998
73.03725      46.204
73.0517       46.19786
73.05231      46.19762
73.07353      46.20209
73.07442      46.20531
73.06478      46.21703
73.02856      46.23403
73.04211      46.24181
73.0545       46.24545
73.06245      46.24511
73.06611      46.24336
73.08095      46.21595
73.08306      46.213
73.08405      46.21164
73.08739      46.21034
73.08975      46.20009
73.09381      46.19673
73.12981      46.19389
73.13736      46.1947
73.14611      46.19875
73.14503      46.20125
73.13567      46.20567
73.11981      46.21636
73.10823      46.22692
73.10611      46.23056
73.10733      46.2427
73.10486      46.24723
73.10011      46.25125
73.09506      46.25264
73.08847      46.25447
73.07073      46.2622
73.06228      46.26775
73.06578      46.27148
73.08086      46.27378
73.11584      46.26342
73.127        46.26472
73.13236      46.26231
73.14467      46.24995
73.151        46.24753
73.15892      46.24697
73.16611      46.2487
73.18214      46.25625
73.18925      46.25639
73.20728      46.24981
73.21436      46.24511
73.21081      46.24322
73.18895      46.24608
73.18205      46.24506
73.17347      46.23622
73.15642      46.23367
73.15491      46.22998
73.16111      46.2127
73.16845      46.19911
 1 
 1             351           
1
 -9999.0   ,   9990.0
   7
 16 
73.25006      46.2617
73.24247      46.26203
73.24045      46.26359
73.2399       46.27045
73.23492      46.27128
73.23153      46.2742
73.23341      46.27698
73.23736      46.27725
73.24672      46.28289
73.24909      46.28178
73.24965      46.2747
73.25573      46.27048
73.26756      46.27156
73.26895      46.26931
73.25992      46.26275
73.25006      46.2617
 1 
 1             352           
1
 -9999.0   ,   9990.0
   7
 11 
73.16634      46.29075
73.16295      46.293
73.16578      46.29717
73.17061      46.3002
73.19186      46.30603
73.19686      46.30475
73.19864      46.30089
73.19456      46.29464
73.19133      46.29275
73.18042      46.29373
73.16634      46.29075
 1 
 1             353           
1
 -9999.0   ,   9990.0
   7
 5 
77.89967      46.30234
77.89684      46.30492
77.90645      46.3127
77.91031      46.311
77.89967      46.30234
 1 
 1             354           
1
 -9999.0   ,   9990.0
   7
 13 
73.85578      46.31322
73.86459      46.30303
73.8637       46.298
73.86816      46.29003
73.85778      46.28239
73.84765      46.27886
73.82359      46.27883
73.8172       46.28311
73.81106      46.29217
73.81553      46.29886
73.82903      46.29945
73.84492      46.31198
73.85578      46.31322
 1 
 1             355           
1
 -9999.0   ,   9990.0
   7
 14 
72.48536      46.28598
72.4814       46.28656
72.47183      46.29345
72.4702       46.30003
72.4765       46.31367
72.48016      46.31261
72.48753      46.30317
72.49484      46.3022
72.49966      46.30525
72.50616      46.30678
72.50728      46.30475
72.5043       46.29714
72.48978      46.29064
72.48536      46.28598
 1 
 1             356           
1
 -9999.0   ,   9990.0
   7
 24 
75.20597      46.30528
75.20364      46.303
75.19542      46.30142
75.19078      46.29614
75.1687       46.29159
75.15417      46.29481
75.14989      46.29731
75.14         46.31059
75.13966      46.31333
75.14264      46.31697
75.15089      46.31881
75.15747      46.32406
75.16475      46.32542
75.17036      46.32292
75.173        46.31536
75.17892      46.31445
75.18256      46.31695
75.18816      46.3172
75.19278      46.31536
75.20203      46.31673
75.20531      46.31442
75.20666      46.31175
75.20795      46.30917
75.20597      46.30528
 1 
 1             357           
1
 -9999.0   ,   9990.0
   7
 7 
73.58439      46.32036
73.56956      46.32017
73.56583      46.32334
73.56903      46.32703
73.58717      46.32703
73.58958      46.32342
73.58439      46.32036
 1 
 1             358           
1
 -9999.0   ,   9990.0
   7
 20 
73.85578      46.31322
73.84492      46.31198
73.82903      46.29945
73.81553      46.29886
73.81106      46.29217
73.80775      46.29306
73.80798      46.29717
73.8127       46.30684
73.81256      46.313
73.80781      46.31845
73.81258      46.32603
73.81748      46.32928
73.8225       46.32592
73.83109      46.32509
73.8312       46.32028
73.84145      46.31948
73.84666      46.32159
73.85031      46.32095
73.85706      46.31506
73.85578      46.31322
 1 
 1             359           
1
 -9999.0   ,   9990.0
   7
 13 
75.62773      46.32225
75.6307       46.32617
75.63786      46.3305
75.64145      46.32967
75.6492       46.32286
75.64889      46.32142
75.64381      46.31956
75.63189      46.31811
75.63011      46.31233
75.62503      46.31275
75.61728      46.32203
75.61878      46.3237
75.62773      46.32225
 1 
 1             360           
1
 -9999.0   ,   9990.0
   7
 33 
77.21601      46.31075
77.21191      46.30761
77.20745      46.31136
77.20245      46.31053
77.19561      46.3127
77.19266      46.30453
77.19522      46.30242
77.19511      46.29945
77.18986      46.29109
77.18483      46.28842
77.1819       46.28892
77.17934      46.30086
77.18536      46.31242
77.18456      46.31747
77.17717      46.31417
77.17408      46.31995
77.17772      46.3297
77.18008      46.33058
77.18442      46.32273
77.19489      46.32939
77.20116      46.32975
77.20131      46.32789
77.20161      46.32378
77.19891      46.32247
77.20106      46.31717
77.2047       46.31759
77.20928      46.32572
77.21528      46.32745
77.22711      46.32609
77.22698      46.3222
77.21628      46.31872
77.21416      46.31489
77.21601      46.31075
 1 
 1             361           
1
 -9999.0   ,   9990.0
   7
 24 
73.13472      46.29825
73.12967      46.30181
73.12503      46.30197
73.12067      46.30442
73.11411      46.31209
73.10603      46.31675
73.09903      46.31914
73.0827       46.31922
73.07823      46.31925
73.07478      46.32284
73.07667      46.32609
73.09545      46.32686
73.095        46.33006
73.08767      46.33222
73.07611      46.33225
73.06973      46.33534
73.07128      46.33789
73.08736      46.3402
73.11331      46.32578
73.13092      46.32195
73.13873      46.31661
73.14356      46.31028
73.13934      46.299
73.13472      46.29825
 1 
 1             362           
1
 -9999.0   ,   9990.0
   7
 6 
77.9227       46.34111
77.9202       46.34439
77.92106      46.34825
77.93025      46.3542
77.9345       46.35298
77.9227       46.34111
 1 
 1             363           
1
 -9999.0   ,   9990.0
   7
 17 
77.22353      46.33603
77.231        46.33333
77.22931      46.33153
77.2097       46.33714
77.18692      46.33686
77.17381      46.34006
77.16945      46.34678
77.1518       46.34295
77.14989      46.34506
77.16728      46.35092
77.1747       46.35559
77.18314      46.35134
77.19275      46.35231
77.20181      46.34864
77.21025      46.34522
77.21633      46.33864
77.22353      46.33603
 1 
 1             364           
1
 -9999.0   ,   9990.0
   7
 8 
77.13953      46.35047
77.13564      46.35331
77.13736      46.35534
77.16358      46.35875
77.16483      46.35692
77.16278      46.3542
77.15011      46.35123
77.13953      46.35047
 1 
 1             365           
1
 -9999.0   ,   9990.0
   7
 6 
77.217        46.35959
77.22123      46.35456
77.21117      46.34692
77.21017      46.35039
77.21278      46.35836
77.217        46.35959
 1 
 1             366           
1
 -9999.0   ,   9990.0
   7
 19 
77.95267      46.35984
77.9587       46.36153
77.96378      46.35753
77.96556      46.35359
77.96098      46.34775
77.9635       46.34517
77.96711      46.34486
77.96825      46.34095
77.95881      46.33728
77.95355      46.33786
77.94742      46.33367
77.94483      46.33489
77.94542      46.34011
77.94286      46.34178
77.93483      46.33992
77.93336      46.34339
77.9432       46.3555
77.95156      46.35736
77.95267      46.35984
 1 
 1             367           
1
 -9999.0   ,   9990.0
   7
 21 
72.18828      46.36003
72.19089      46.36033
72.19742      46.35592
72.20233      46.35603
72.20695      46.36323
72.21239      46.35992
72.21375      46.35264
72.21005      46.34775
72.20453      46.34556
72.20133      46.33084
72.19639      46.3305
72.18825      46.33464
72.18281      46.33131
72.1805       46.33147
72.17415      46.33956
72.17547      46.34578
72.18567      46.3467
72.18911      46.35023
72.18381      46.35673
72.18533      46.35928
72.18828      46.36003
 1 
 1             368           
1
 -9999.0   ,   9990.0
   7
 22 
74.96864      46.36767
74.97161      46.36606
74.97265      46.36059
74.9677       46.34914
74.97036      46.34297
74.97861      46.34
74.98492      46.33453
74.9889       46.32792
74.99316      46.32539
75            46.32953
75.00075      46.32997
75.0077       46.32861
75.00803      46.31992
75            46.31878
74.99186      46.31764
74.98925      46.31603
74.96447      46.3297
74.9575       46.34089
74.95583      46.34683
74.95678      46.35667
74.96105      46.36309
74.96864      46.36767
 1 
 1             369           
1
 -9999.0   ,   9990.0
   7
 9 
72.36875      46.35103
72.35031      46.35678
72.34751      46.36017
72.34766      46.36336
72.35367      46.36875
72.35856      46.37025
72.3619       46.36942
72.37125      46.35409
72.36875      46.35103
 1 
 1             370           
1
 -9999.0   ,   9990.0
   7
 7 
77.1622       46.36586
77.1457       46.36684
77.14245      46.36828
77.14428      46.3735
77.15715      46.37258
77.16386      46.36631
77.1622       46.36586
 1 
 1             371           
1
 -9999.0   ,   9990.0
   7
 17 
73.01114      46.34175
73.00803      46.33428
72.99961      46.32978
72.98361      46.32561
72.97791      46.32733
72.9795       46.32859
72.98434      46.33248
72.98356      46.33545
72.97334      46.33525
72.98908      46.35195
72.99748      46.36083
72.99906      46.37092
73.00489      46.37467
73.0112       46.37389
73.01292      46.37139
73.015        46.35108
73.01114      46.34175
 1 
 1             372           
1
 -9999.0   ,   9990.0
   7
 12 
73.80311      46.35017
73.79733      46.35742
73.79581      46.36609
73.80092      46.37367
73.81758      46.38164
73.82661      46.39042
73.83156      46.39092
73.83048      46.38086
73.82256      46.36659
73.81308      46.36192
73.80703      46.35203
73.80311      46.35017
 1 
 1             373           
1
 -9999.0   ,   9990.0
   7
 21 
72.88536      46.3855
72.88981      46.38631
72.9207       46.38209
72.92098      46.3822
72.92233      46.3827
72.94445      46.39097
72.95008      46.39086
72.95851      46.38711
72.96159      46.38353
72.95939      46.38072
72.95389      46.37789
72.9377       46.37759
72.93481      46.37697
72.92653      46.37517
72.92167      46.37411
72.89906      46.37509
72.88586      46.37567
72.874        46.3762
72.86856      46.3802
72.87141      46.383
72.88536      46.3855
 1 
 1             374           
1
 -9999.0   ,   9990.0
   7
 10 
77.74061      46.38189
77.73336      46.38228
77.73214      46.38414
77.73717      46.39295
77.74122      46.39514
77.74361      46.38983
77.74692      46.38953
77.74783      46.38767
77.7464       46.38497
77.74061      46.38189
 1 
 1             375           
1
 -9999.0   ,   9990.0
   7
 7 
75.27541      46.38611
75.27378      46.38953
75.27545      46.39411
75.28239      46.39753
75.28436      46.395
75.28039      46.38909
75.27541      46.38611
 1 
 1             376           
1
 -9999.0   ,   9990.0
   7
 9 
75.68411      46.39739
75.68211      46.3967
75.68439      46.39212
75.67445      46.3885
75.67081      46.38875
75.66753      46.39242
75.67589      46.40039
75.68017      46.40084
75.68411      46.39739
 1 
 1             377           
1
 -9999.0   ,   9990.0
   7
 10 
75.60208      46.3877
75.59386      46.38864
75.59025      46.39186
75.59295      46.39917
75.59725      46.40167
75.6032       46.40028
75.60781      46.39706
75.60645      46.39339
75.60806      46.38881
75.60208      46.3877
 1 
 1             378           
1
 -9999.0   ,   9990.0
   7
 49 
75.20806      46.3967
75.21036      46.39031
75.215        46.39075
75.22391      46.39578
75.23217      46.39622
75.23648      46.39281
75.23614      46.38892
75.23016      46.38389
75.23578      46.37795
75.23511      46.37428
75.23047      46.37178
75.22092      46.37108
75.21828      46.3727
75.22092      46.37589
75.21895      46.37842
75.20606      46.37728
75.20108      46.37339
75.20175      46.37112
75.20309      46.36656
75.20175      46.35922
75.19414      46.34964
75.17828      46.34575
75.17664      46.34164
75.16409      46.3387
75.15881      46.3332
75.15056      46.33253
75.13966      46.33708
75.1364       46.34145
75.13603      46.34625
75.14528      46.36133
75.1443       46.36611
75.14386      46.3682
75.14364      46.36934
75.12978      46.38098
75.13517      46.38445
75.13903      46.38692
75.14167      46.39081
75.14728      46.39264
75.14958      46.39606
75.14661      46.40156
75.14925      46.40406
75.16975      46.40267
75.17403      46.39789
75.17866      46.39672
75.18561      46.39834
75.19123      46.39489
75.19717      46.399
75.20211      46.3997
75.20806      46.3967
 1 
 1             379           
1
 -9999.0   ,   9990.0
   7
 6 
75.57308      46.39467
75.56948      46.39767
75.57547      46.40542
75.58045      46.40584
75.58175      46.404
75.57308      46.39467
 1 
 1             380           
1
 -9999.0   ,   9990.0
   7
 13 
72.13181      46.39706
72.12861      46.39492
72.11073      46.39609
72.10423      46.39361
72.0944       46.38606
72.09189      46.38942
72.09372      46.39245
72.10453      46.40073
72.11264      46.40345
72.12473      46.4065
72.13595      46.40678
72.14003      46.40459
72.13181      46.39706
 1 
 1             381           
1
 -9999.0   ,   9990.0
   7
 8 
77.86011      46.39975
77.87403      46.40745
77.88095      46.40681
77.88445      46.40422
77.8812       46.39836
77.87511      46.40239
77.8687       46.40003
77.86011      46.39975
 1 
 1             382           
1
 -9999.0   ,   9990.0
   7
 19 
73.07545      46.36928
73.05497      46.36914
73.03067      46.374
73.02345      46.37823
73.01514      46.38309
73.01         46.38803
73.01553      46.39042
73.02578      46.39059
73.03325      46.39347
73.04325      46.40028
73.04881      46.40175
73.06636      46.40089
73.07359      46.40217
73.08033      46.40753
73.08428      46.40784
73.09008      46.38461
73.09805      46.37378
73.09683      46.371
73.07545      46.36928
 1 
 1             383           
1
 -9999.0   ,   9990.0
   7
 13 
77.64411      46.38125
77.6429       46.38334
77.65222      46.39297
77.65715      46.40703
77.66686      46.41025
77.67242      46.40853
77.67323      46.39664
77.66936      46.39167
77.66689      46.40317
77.66328      46.40348
77.65747      46.39239
77.64841      46.38183
77.64411      46.38125
 1 
 1             384           
1
 -9999.0   ,   9990.0
   7
 9 
75.64948      46.40237
75.64586      46.40625
75.63861      46.40673
75.638        46.41245
75.64034      46.41611
75.64233      46.417
75.65645      46.4062
75.65445      46.4037
75.64948      46.40237
 1 
 1             385           
1
 -9999.0   ,   9990.0
   7
 48 
73.10442      46.34347
73.09839      46.34611
73.09692      46.34953
73.09586      46.35203
73.09661      46.35889
73.1          46.36581
73.12361      46.3797
73.12397      46.38837
73.12717      46.39164
73.1364       46.3927
73.1419       46.39575
73.17031      46.40514
73.17655      46.40592
73.19131      46.40023
73.19861      46.39897
73.21273      46.40217
73.2273       46.40109
73.22798      46.40103
73.24298      46.40653
73.25156      46.40689
73.2695       46.40372
73.27545      46.40428
73.27897      46.40708
73.27866      46.41645
73.28095      46.41761
73.289        46.41456
73.29291      46.40523
73.29764      46.40233
73.30456      46.40311
73.3099       46.40206
73.30942      46.39542
73.29034      46.38303
73.28539      46.38272
73.28347      46.38064
73.26891      46.38086
73.2657       46.37853
73.26505      46.37609
73.26336      46.36959
73.252        46.3637
73.227        46.36009
73.20889      46.35911
73.20431      46.35745
73.19733      46.34886
73.18153      46.34795
73.15245      46.34884
73.14264      46.34592
73.1162       46.34664
73.10442      46.34347
 1 
 1             386           
1
 -9999.0   ,   9990.0
   7
 10 
75.68061      46.41064
75.68195      46.4127
75.6777       46.41639
75.68003      46.41867
75.69916      46.4172
75.70316      46.41923
75.70545      46.41739
75.69548      46.41081
75.68222      46.40723
75.68061      46.41064
 1 
 1             387           
1
 -9999.0   ,   9990.0
   7
 21 
73.88328      46.41683
73.88853      46.41506
73.89728      46.41434
73.90308      46.41384
73.93065      46.40886
73.93367      46.40567
73.93108      46.40336
73.92811      46.40289
73.92145      46.40534
73.9155       46.40481
73.91436      46.39659
73.91072      46.39631
73.89731      46.40623
73.88866      46.40889
73.88142      46.40922
73.87195      46.40967
73.86881      46.40983
73.8677       46.416
73.86925      46.42012
73.87486      46.41973
73.88328      46.41683
 1 
 1             388           
1
 -9999.0   ,   9990.0
   7
 14 
75.6275       46.42095
75.62978      46.41958
75.63236      46.41156
75.63036      46.40836
75.62573      46.40589
75.62466      46.40178
75.62761      46.39672
75.62595      46.39445
75.62197      46.394
75.61703      46.39609
75.61245      46.40092
75.61711      46.40523
75.62183      46.41664
75.6275       46.42095
 1 
 1             389           
1
 -9999.0   ,   9990.0
   7
 29 
72.2324       46.42789
72.2369       46.43028
72.24433      46.42703
72.25128      46.4272
72.25708      46.42983
72.27472      46.4282
72.28584      46.43075
72.28792      46.42875
72.28536      46.42662
72.2792       46.42442
72.27258      46.4245
72.26325      46.41947
72.25914      46.42234
72.2542       46.42178
72.24753      46.41659
72.23981      46.41845
72.23256      46.41806
72.22806      46.41589
72.21928      46.41911
72.20572      46.41923
72.19265      46.41639
72.17897      46.41834
72.17903      46.42361
72.18161      46.42506
72.20641      46.42498
72.21091      46.42736
72.21956      46.42689
72.22305      46.42287
72.2324       46.42789
 1 
 1             390           
1
 -9999.0   ,   9990.0
   7
 9 
75.12711      46.41345
75.11158      46.42281
75.10961      46.42625
75.11158      46.43081
75.11686      46.43425
75.12448      46.43492
75.12481      46.42395
75.13275      46.41459
75.12711      46.41345
 1 
 1             391           
1
 -9999.0   ,   9990.0
   7
 47 
77.06489      46.36959
77.05534      46.37978
77.06016      46.38611
77.05703      46.3912
77.0599       46.39778
77.05161      46.39678
77.04483      46.40237
77.0407       46.4077
77.03692      46.41256
77.0205       46.41581
77.01381      46.41292
77.01256      46.415
77.01336      46.42025
77.01614      46.42342
77.03498      46.42333
77.0367       46.42559
77.032        46.43367
77.03442      46.43636
77.03803      46.43609
77.05811      46.4232
77.05475      46.42142
77.0492       46.42378
77.04522      46.42339
77.04206      46.4182
77.0459       46.41334
77.0528       46.41275
77.05942      46.40328
77.0615       46.40597
77.06084      46.40892
77.06006      46.41242
77.06472      46.41392
77.06925      46.42047
77.09458      46.40772
77.09614      46.4045
77.09406      46.40178
77.08942      46.40117
77.08383      46.40242
77.0755       46.40964
77.07156      46.41017
77.06783      46.40795
77.06561      46.39128
77.0688       46.38825
77.08228      46.38528
77.08608      46.38133
77.08847      46.37331
77.08608      46.3715
77.06489      46.36959
 1 
 1             392           
1
 -9999.0   ,   9990.0
   7
 10 
77.0982       46.41611
77.09465      46.41892
77.09653      46.42528
77.09228      46.43634
77.094        46.43792
77.10339      46.4325
77.10216      46.42564
77.10503      46.42264
77.1015       46.41628
77.0982       46.41611
 1 
 1             393           
1
 -9999.0   ,   9990.0
   7
 13 
73.81042      46.41973
73.78975      46.4275
73.78516      46.42561
73.78086      46.42603
73.77781      46.42967
73.7807       46.43267
73.78661      46.43408
73.79411      46.43853
73.79847      46.43628
73.80465      46.4272
73.81558      46.42481
73.81306      46.42
73.81042      46.41973
 1 
 1             394           
1
 -9999.0   ,   9990.0
   7
 16 
77.08625      46.41517
77.08056      46.42189
77.07633      46.42425
77.07003      46.42345
77.06861      46.43056
77.04964      46.43681
77.04941      46.43978
77.05278      46.44203
77.06036      46.44097
77.06509      46.44364
77.0687       46.44267
77.0737       46.43458
77.07642      46.43636
77.0797       46.43609
77.08945      46.42128
77.08625      46.41517
 1 
 1             395           
1
 -9999.0   ,   9990.0
   7
 10 
75.83348      46.42834
75.82823      46.42928
75.823        46.43753
75.82436      46.44028
75.8383       46.44431
75.83928      46.442
75.83525      46.43836
75.8359       46.43631
75.84517      46.43648
75.83348      46.42834
 1 
 1             396           
1
 -9999.0   ,   9990.0
   7
 22 
73.32056      46.41936
73.31428      46.4195
73.30728      46.4217
73.29742      46.4197
73.2865       46.42023
73.28242      46.42359
73.28191      46.42861
73.27756      46.43061
73.27158      46.43098
73.26111      46.43789
73.24561      46.4365
73.23411      46.44433
73.23936      46.44556
73.24572      46.44361
73.26722      46.44303
73.26995      46.44078
73.30936      46.42881
73.32855      46.4387
73.33125      46.4425
73.33425      46.43581
73.31934      46.42645
73.32056      46.41936
 1 
 1             397           
1
 -9999.0   ,   9990.0
   7
 12 
72.35242      46.44214
72.34586      46.44084
72.33131      46.44097
72.32515      46.43831
72.31553      46.43878
72.31089      46.43889
72.30711      46.44156
72.31355      46.44536
72.326        46.44792
72.33475      46.44448
72.34695      46.44567
72.35242      46.44214
 1 
 1             398           
1
 -9999.0   ,   9990.0
   7
 11 
75.93491      46.42561
75.93303      46.43178
75.92975      46.43364
75.92198      46.44581
75.92303      46.45014
75.92697      46.4485
75.93083      46.43959
75.93736      46.4352
75.93995      46.43059
75.93825      46.42717
75.93491      46.42561
 1 
 1             399           
1
 -9999.0   ,   9990.0
   7
 10 
74.0547       46.45036
74.05642      46.45048
74.06106      46.4487
74.05717      46.44522
74.05323      46.44428
74.04967      46.44506
74.04625      46.44581
74.04422      46.44831
74.04517      46.4497
74.0547       46.45036
 1 
 1             400           
1
 -9999.0   ,   9990.0
   7
 11 
75.75764      46.43867
75.75406      46.43473
75.74778      46.43412
75.74631      46.44136
75.75378      46.44278
75.75736      46.45
75.76156      46.45228
75.76456      46.45206
75.77289      46.44278
75.76961      46.44009
75.75764      46.43867
 1 
 1             401           
1
 -9999.0   ,   9990.0
   7
 10 
77.44511      46.43609
77.4349       46.43675
77.42122      46.45028
77.43628      46.45434
77.44183      46.45284
77.44356      46.44617
77.45258      46.44897
77.45417      46.44689
77.44984      46.43806
77.44511      46.43609
 1 
 1             402           
1
 -9999.0   ,   9990.0
   7
 11 
77.02128      46.43886
77.0197       46.44164
77.01414      46.44334
77.01861      46.44828
77.01747      46.45403
77.02047      46.45445
77.02464      46.45095
77.03075      46.45517
77.03233      46.45309
77.02492      46.43928
77.02128      46.43886
 1 
 1             403           
1
 -9999.0   ,   9990.0
   7
 24 
75.96698      46.4247
75.96236      46.42656
75.96672      46.43039
75.96711      46.43406
75.95492      46.43667
75.95595      46.44009
75.9479       46.45339
75.94825      46.45636
75.95056      46.45659
75.95742      46.45059
75.96336      46.44961
75.96478      46.45556
75.96806      46.45347
75.96966      46.4505
75.96195      46.44208
75.96386      46.43842
75.96948      46.4377
75.97816      46.4445
75.98214      46.44378
75.98341      46.44103
75.98206      46.43828
75.97839      46.43695
75.97095      46.42603
75.96698      46.4247
 3 
 1             404           
1
 -9999.0   ,   9990.0
   7
 223 
73.59184      46.39956
73.59458      46.39834
73.59822      46.3967
73.6072       46.39267
73.60945      46.39231
73.61517      46.39139
73.61778      46.39281
73.631        46.39273
73.63981      46.39628
73.64589      46.40389
73.65283      46.40442
73.66448      46.40161
73.66586      46.39864
73.66114      46.38945
73.66353      46.38606
73.66656      46.38495
73.67611      46.3855
73.67717      46.38233
73.65875      46.36725
73.65916      46.36359
73.67125      46.3562
73.69625      46.35922
73.68989      46.35
73.67783      46.34325
73.66472      46.33942
73.65192      46.33723
73.64806      46.33328
73.64917      46.32873
73.64858      46.32642
73.65128      46.3235
73.64858      46.32642
73.64917      46.32873
73.64806      46.33328
73.65192      46.33723
73.66472      46.33942
73.67783      46.34325
73.68989      46.35
73.69625      46.35922
73.70403      46.36528
73.70845      46.37356
73.71206      46.3745
73.71553      46.38048
73.72708      46.38061
73.73045      46.37884
73.73116      46.37586
73.72608      46.3685
73.71831      46.36245
73.70973      46.36236
73.7062       46.3582
73.71578      46.34439
73.72314      46.34056
73.72659      46.34042
73.72708      46.34039
73.7575       46.32472
73.76058      46.32064
73.762        46.31986
73.76442      46.31853
73.76767      46.31673
73.7823       46.30856
73.78906      46.302
73.79158      46.29264
73.78903      46.27525
73.78506      46.27164
73.7842       46.27087
73.78289      46.2697
73.77991      46.27081
73.77942      46.27178
73.77817      46.27423
73.7797       46.27973
73.78091      46.28317
73.78081      46.30258
73.77458      46.30092
73.7725       46.29131
73.75881      46.28498
73.76358      46.27795
73.76025      46.27228
73.75823      46.26886
73.74617      46.24848
73.74189      46.24797
73.73781      46.25295
73.73317      46.25497
73.72325      46.25553
73.71631      46.24333
73.70589      46.23917
73.70392      46.23839
73.70328      46.23678
73.69542      46.23648
73.68716      46.23614
73.68228      46.23378
73.687        46.22881
73.68753      46.22864
73.70064      46.22439
73.70623      46.2247
73.71231      46.21858
73.71695      46.21728
73.73795      46.22095
73.74039      46.21525
73.73561      46.20859
73.73383      46.19986
73.72564      46.18559
73.72975      46.17811
73.72816      46.17603
73.72225      46.17642
73.71295      46.17972
73.71989      46.191
73.71423      46.20787
73.70445      46.21667
73.69681      46.21978
73.68078      46.22192
73.67961      46.22209
73.67195      46.2252
73.66856      46.22883
73.672        46.23617
73.67681      46.24128
73.67778      46.24925
73.67861      46.25592
73.67872      46.25683
73.67695      46.26161
73.66961      46.26606
73.66666      46.26784
73.65986      46.27192
73.65266      46.28328
73.65386      46.28808
73.6587       46.29203
73.66728      46.29145
73.67086      46.29334
73.66908      46.29833
73.66109      46.30189
73.65631      46.30847
73.64864      46.31134
73.62878      46.31384
73.60059      46.33159
73.59539      46.33486
73.5932       46.33625
73.58089      46.33998
73.57647      46.33845
73.5727       46.33714
73.56541      46.3382
73.56198      46.34339
73.55565      46.34561
73.54311      46.34545
73.53406      46.35012
73.53111      46.34939
73.5135       46.36495
73.49914      46.37023
73.48986      46.37125
73.47884      46.37659
73.47464      46.38384
73.47065      46.39636
73.47156      46.39867
73.46545      46.40453
73.45914      46.40511
73.45461      46.40278
73.45189      46.40056
73.43716      46.38837
73.40895      46.37173
73.3937       46.35161
73.38081      46.34114
73.36908      46.33595
73.35792      46.33442
73.35356      46.33664
73.35803      46.34128
73.36586      46.34458
73.37003      46.34831
73.37033      46.35808
73.37036      46.35906
73.37539      46.36737
73.37197      46.3712
73.36283      46.36695
73.35953      46.36781
73.35648      46.37028
73.35965      46.37492
73.36381      46.37839
73.37597      46.38039
73.3899       46.37947
73.39936      46.38281
73.41361      46.3917
73.41639      46.39881
73.41111      46.40903
73.40431      46.41578
73.39589      46.42092
73.37434      46.42314
73.38047      46.41637
73.39153      46.41173
73.39461      46.40878
73.39539      46.40492
73.3792       46.39417
73.36633      46.39284
73.35806      46.39386
73.3533       46.39745
73.35186      46.40131
73.35728      46.40803
73.35515      46.41303
73.35817      46.42153
73.37106      46.42239
73.37061      46.42559
73.35523      46.432
73.34673      46.43872
73.34831      46.44103
73.35195      46.44131
73.36503      46.43559
73.36925      46.43792
73.35909      46.44578
73.36291      46.4497
73.371        46.45578
73.37722      46.45792
73.38392      46.45503
73.3868       46.44709
73.39325      46.44192
73.40139      46.43586
73.41209      46.43214
73.4197       46.43156
73.45865      46.42228
73.47559      46.41997
73.49203      46.41128
73.51117      46.38914
73.52461      46.38064
73.53361      46.37778
73.539        46.37678
73.54391      46.37586
73.56464      46.37842
73.5767       46.3845
73.59184      46.39956
 1             404           2 
1
 -9999.0   ,   9990.0
   7
 8 
73.37339      46.40003
73.37914      46.40628
73.37636      46.41059
73.37167      46.41281
73.36542      46.41203
73.3649       46.40767
73.36892      46.40567
73.37339      46.40003
 1             404           3 
1
 -9999.0   ,   9990.0
   7
 41 
73.38975      46.43798
73.39701      46.42781
73.40273      46.424
73.42614      46.41542
73.44078      46.41173
73.45966      46.41061
73.475        46.40534
73.48123      46.39628
73.4848       46.3865
73.49156      46.38178
73.50728      46.37492
73.52325      46.37056
73.528        46.37047
73.53911      46.37031
73.54547      46.36672
73.55803      46.355
73.59367      46.34175
73.59914      46.33972
73.60439      46.33778
73.61481      46.33103
73.62103      46.33248
73.61481      46.33103
73.60439      46.33778
73.59914      46.33972
73.59367      46.34175
73.55803      46.355
73.54547      46.36672
73.53911      46.37031
73.528        46.37047
73.52325      46.37056
73.50728      46.37492
73.49156      46.38178
73.4848       46.3865
73.48123      46.39628
73.475        46.40534
73.45966      46.41061
73.44078      46.41173
73.42614      46.41542
73.40273      46.424
73.39701      46.42781
73.38975      46.43798
 1 
 1             405           
1
 -9999.0   ,   9990.0
   7
 11 
77.38853      46.44359
77.38372      46.44711
77.38108      46.45609
77.3832       46.45925
77.38983      46.45981
77.39439      46.45767
77.4069       46.45603
77.40939      46.45256
77.40386      46.44628
77.39781      46.44364
77.38853      46.44359
 1 
 1             406           
1
 -9999.0   ,   9990.0
   7
 8 
75.09406      46.45183
75.08778      46.45367
75.08248      46.45756
75.08348      46.46031
75.08645      46.46097
75.09703      46.45709
75.09934      46.45345
75.09406      46.45183
 1 
 1             407           
1
 -9999.0   ,   9990.0
   7
 7 
75.98842      46.44395
75.9814       46.46022
75.98372      46.4625
75.99167      46.462
75.99492      46.45809
75.99339      46.44528
75.98842      46.44395
 1 
 1             408           
1
 -9999.0   ,   9990.0
   7
 16 
76.01361      46.44811
76.00584      46.45822
76.00589      46.46189
76.01745      46.46064
76.02641      46.46422
76.03339      46.46442
76.04036      46.46711
76.04498      46.46614
76.04825      46.46361
76.04716      46.45859
76.04878      46.45539
76.04378      46.45289
76.03723      46.45661
76.02067      46.45536
76.01859      46.44853
76.01361      46.44811
 1 
 1             409           
1
 -9999.0   ,   9990.0
   7
 8 
72.7402       46.47103
72.74298      46.46812
72.73766      46.46045
72.73303      46.46036
72.72286      46.46586
72.72545      46.46797
72.73573      46.4675
72.7402       46.47103
 1 
 1             410           
1
 -9999.0   ,   9990.0
   7
 8 
75.85764      46.45536
75.85506      46.46134
75.86248      46.47203
75.87141      46.47381
75.86633      46.46448
75.85934      46.45992
75.86128      46.45695
75.85764      46.45536
 1 
 1             411           
1
 -9999.0   ,   9990.0
   7
 10 
76.13925      46.46672
76.13631      46.46858
76.13766      46.47017
76.14298      46.47106
76.14701      46.47423
76.15033      46.47486
76.15686      46.47025
76.15283      46.46731
76.14723      46.46828
76.13925      46.46672
 1 
 1             412           
1
 -9999.0   ,   9990.0
   7
 7 
76.61753      46.46411
76.61065      46.46672
76.60811      46.47109
76.60886      46.47497
76.61716      46.47534
76.62023      46.46636
76.61753      46.46411
 1 
 1             413           
1
 -9999.0   ,   9990.0
   7
 17 
75.66236      46.43978
75.6575       46.45031
75.65953      46.45395
75.66714      46.45392
75.67509      46.45661
75.68203      46.45567
75.68633      46.45748
75.67623      46.47009
75.67789      46.47423
75.68222      46.4767
75.69373      46.4675
75.70228      46.4645
75.70611      46.45122
75.69915      46.44781
75.68955      46.44878
75.67758      46.4422
75.66236      46.43978
 1 
 1             414           
1
 -9999.0   ,   9990.0
   7
 32 
73.2047       46.4537
73.19534      46.45698
73.17811      46.45695
73.15131      46.45039
73.14817      46.45303
73.1315       46.45617
73.09636      46.46747
73.08156      46.475
73.07945      46.47839
73.08505      46.47872
73.08936      46.47742
73.10578      46.47245
73.11042      46.47272
73.11725      46.47606
73.13986      46.48236
73.14291      46.47992
73.13945      46.47481
73.1399       46.47209
73.14291      46.47053
73.1512       46.47022
73.16223      46.4672
73.1677       46.47161
73.17261      46.47283
73.18214      46.46522
73.1915       46.46195
73.19878      46.46275
73.20709      46.46106
73.21564      46.46234
73.22117      46.45603
73.21825      46.45392
73.211        46.45267
73.2047       46.4537
 1 
 1             415           
1
 -9999.0   ,   9990.0
   7
 33 
73.07945      46.47839
73.08156      46.475
73.09636      46.46747
73.1315       46.45617
73.14817      46.45303
73.15131      46.45039
73.14064      46.45039
73.13678      46.44781
73.12978      46.44906
73.12153      46.44845
73.11633      46.44586
73.10995      46.43889
73.107        46.43839
73.09789      46.44053
73.09433      46.44139
73.08578      46.44031
73.07936      46.44387
73.07823      46.44773
73.08351      46.4485
73.09184      46.44659
73.10076      46.44653
73.10558      46.45003
73.10641      46.45439
73.1033       46.45889
73.08161      46.46403
73.06664      46.46583
73.05908      46.46478
73.04405      46.45928
73.03809      46.45961
73.04317      46.46564
73.06478      46.4722
73.06728      46.47839
73.07945      46.47839
 1 
 1             416           
1
 -9999.0   ,   9990.0
   7
 10 
73.15131      46.45039
73.17811      46.45695
73.19534      46.45698
73.2047       46.4537
73.1972       46.45061
73.18486      46.45361
73.18056      46.45331
73.17115      46.44881
73.15567      46.44673
73.15131      46.45039
 1 
 1             417           
1
 -9999.0   ,   9990.0
   7
 23 
75.91286      46.45592
75.90923      46.45595
75.903        46.46056
75.90405      46.46398
75.91611      46.47512
75.91975      46.476
75.92433      46.47253
75.92928      46.47203
75.93065      46.47453
75.92841      46.48142
75.93048      46.48528
75.93411      46.48572
75.93672      46.48228
75.94625      46.47856
75.94722      46.47695
75.9392       46.46992
75.9414       46.46281
75.939        46.45781
75.9347       46.45692
75.9272       46.4645
75.92161      46.46753
75.91634      46.46686
75.91286      46.45592
 1 
 1             418           
1
 -9999.0   ,   9990.0
   7
 9 
73.83166      46.47298
73.82036      46.47631
73.81628      46.48106
73.8185       46.4845
73.82581      46.48367
73.82972      46.48667
73.83903      46.48472
73.84172      46.482
73.83166      46.47298
 1 
 1             419           
1
 -9999.0   ,   9990.0
   7
 10 
76.00761      46.46759
75.9978       46.47475
75.99572      46.46789
75.99208      46.4677
75.98853      46.47459
75.99239      46.48759
75.99667      46.48664
76.01265      46.47098
76.01095      46.46825
76.00761      46.46759
 1 
 1             420           
1
 -9999.0   ,   9990.0
   7
 9 
74.13725      46.48184
74.13364      46.4772
74.13033      46.47739
74.1295       46.48698
74.13308      46.49045
74.13697      46.49145
74.14495      46.4935
74.14598      46.49214
74.13725      46.48184
 1 
 1             421           
1
 -9999.0   ,   9990.0
   7
 12 
75.7152       46.49711
75.71217      46.49256
75.70059      46.49237
75.69656      46.48736
75.69292      46.48695
75.69128      46.48831
75.68898      46.49039
75.69167      46.49333
75.69928      46.49511
75.70561      46.49945
75.71159      46.50122
75.7152       46.49711
 1 
 1             422           
1
 -9999.0   ,   9990.0
   7
 15 
76.39306      46.49761
76.39391      46.49372
76.38991      46.49331
76.38367      46.49523
76.37764      46.49117
76.37334      46.49075
76.3694       46.49239
76.37283      46.49573
76.37783      46.50053
76.37172      46.50814
76.3728       46.51248
76.37611      46.51289
76.38258      46.50598
76.3909       46.50748
76.39306      46.49761
 1 
 1             423           
1
 -9999.0   ,   9990.0
   7
 9 
76.71633      46.49667
76.71173      46.49717
76.70959      46.50362
76.706        46.50572
76.70558      46.51509
76.70803      46.51917
76.71064      46.518
76.71872      46.49914
76.71633      46.49667
 1 
 1             424           
1
 -9999.0   ,   9990.0
   7
 50 
72.98461      46.54464
73.00522      46.54225
73.00995      46.54006
73.0192       46.53223
73.02375      46.52523
73.02711      46.52389
73.02842      46.5222
73.03928      46.50834
73.04442      46.49448
73.06728      46.47839
73.0515       46.48225
73.01522      46.49603
73.0515       46.48225
73.06728      46.47839
73.05031      46.47836
73.03826      46.48225
73.0297       46.48097
73.02353      46.47767
73.03133      46.47275
73.03139      46.47095
73.01522      46.46975
72.98272      46.46278
72.957        46.46047
72.94473      46.45408
72.94111      46.4522
72.92761      46.45059
72.93205      46.4557
72.94148      46.46042
72.96011      46.47425
72.98425      46.48406
72.99931      46.49711
73.0082       46.50733
73.00978      46.51859
73.00453      46.52578
73.0009       46.52528
72.99714      46.51972
72.99325      46.50314
72.98622      46.493
72.96306      46.48392
72.95517      46.48286
72.95145      46.48531
72.95295      46.48923
72.95878      46.49228
72.96278      46.49992
72.97861      46.51047
72.98109      46.51534
72.9897       46.52347
72.99178      46.53014
72.98475      46.54075
72.98461      46.54464
 1 
 1             425           
1
 -9999.0   ,   9990.0
   7
 11 
72.17325      46.53483
72.16986      46.53659
72.17031      46.54048
72.16622      46.54883
72.16945      46.55097
72.17828      46.55281
72.182        46.5515
72.18151      46.54831
72.1772       46.54225
72.17655      46.53536
72.17325      46.53483
 1 
 1             426           
1
 -9999.0   ,   9990.0
   7
 10 
72.4039       46.5485
72.40178      46.54434
72.37864      46.54267
72.37425      46.54462
72.37511      46.54739
72.37998      46.54978
72.38795      46.5495
72.39575      46.55242
72.40334      46.55306
72.4039       46.5485
 1 
 1             427           
1
 -9999.0   ,   9990.0
   7
 11 
73.69845      46.54761
73.6917       46.55325
73.69425      46.55717
73.7037       46.56367
73.71133      46.56283
73.71803      46.5595
73.72145      46.55542
73.71986      46.55267
73.70472      46.54928
73.70375      46.54789
73.69845      46.54761
 1 
 1             428           
1
 -9999.0   ,   9990.0
   7
 17 
72.32803      46.53442
72.33998      46.54086
72.343        46.54642
72.33041      46.55986
72.3322       46.57086
72.33908      46.57239
72.34548      46.57025
72.34964      46.5667
72.3415       46.56378
72.3407       46.55964
72.34789      46.555
72.35215      46.54914
72.3525       46.54183
72.34978      46.53675
72.34458      46.53456
72.337        46.53348
72.32803      46.53442
 1 
 1             429           
1
 -9999.0   ,   9990.0
   7
 16 
72.41611      46.61142
72.40856      46.61011
72.39986      46.61175
72.39445      46.60706
72.4049       46.60387
72.4105       46.59737
72.40895      46.59503
72.40203      46.59442
72.37458      46.60614
72.35533      46.60592
72.35189      46.60906
72.35889      46.6147
72.38016      46.61428
72.40295      46.61639
72.41098      46.61497
72.41611      46.61142
 1 
 1             430           
1
 -9999.0   ,   9990.0
   7
 7 
74.52666      46.63442
74.52464      46.63786
74.5262       46.64678
74.53083      46.64908
74.5322       46.64589
74.52998      46.63492
74.52666      46.63442
 1 
 1             431           
1
 -9999.0   ,   9990.0
   7
 8 
75.47417      46.64436
75.4692       46.64484
75.46425      46.65078
75.46492      46.65398
75.48023      46.65714
75.48386      46.65484
75.47884      46.65142
75.47417      46.64436
 1 
 1             432           
1
 -9999.0   ,   9990.0
   7
 26 
72.15436      46.63636
72.14672      46.64281
72.15058      46.64495
72.16751      46.64559
72.16934      46.64817
72.16814      46.65225
72.17164      46.65509
72.177        46.65428
72.18361      46.6485
72.1979       46.64817
72.20492      46.65359
72.20683      46.66142
72.21045      46.66264
72.22381      46.66092
72.22595      46.658
72.21923      46.65303
72.22156      46.64645
72.22536      46.64381
72.22775      46.63608
72.22317      46.63436
72.19461      46.641
72.18234      46.64117
72.17606      46.64031
72.16309      46.63475
72.15642      46.63503
72.15436      46.63636
 1 
 1             433           
1
 -9999.0   ,   9990.0
   7
 15 
74.2162       46.65759
74.21731      46.6575
74.22078      46.65589
74.22125      46.65492
74.22251      46.65248
74.21956      46.64947
74.21495      46.64923
74.20431      46.64867
74.18928      46.65381
74.18586      46.65928
74.19011      46.66364
74.19505      46.66528
74.20714      46.65831
74.21264      46.65786
74.2162       46.65759
 1 
 1             434           
1
 -9999.0   ,   9990.0
   7
 8 
73.06106      46.66553
73.05081      46.6642
73.04767      46.66803
73.05053      46.67175
73.06572      46.67383
73.06853      46.67
73.06697      46.667
73.06106      46.66553
 1 
 1             435           
1
 -9999.0   ,   9990.0
   7
 12 
72.70936      46.68256
72.69939      46.68281
72.69628      46.68572
72.69814      46.68875
72.7037       46.69045
72.71428      46.69158
72.74489      46.69858
72.75383      46.69897
72.75628      46.69606
72.74303      46.68759
72.72481      46.68653
72.70936      46.68256
 1 
 1             436           
1
 -9999.0   ,   9990.0
   7
 85 
72.92059      46.60636
72.91665      46.60536
72.91089      46.608
72.90567      46.61478
72.89747      46.62034
72.88067      46.6262
72.87167      46.62672
72.86486      46.62292
72.85925      46.62214
72.85406      46.62731
72.83542      46.62878
72.8304       46.63128
72.81645      46.63825
72.81803      46.64011
72.82331      46.64089
72.83125      46.63864
72.83542      46.63748
72.84101      46.63848
72.84417      46.64267
72.84745      46.64295
72.85533      46.63872
72.86715      46.63233
72.87845      46.63187
72.88328      46.63517
72.88047      46.63878
72.88203      46.64178
72.8897       46.64078
72.89484      46.63697
72.89792      46.64275
72.87847      46.66456
72.86964      46.66942
72.85008      46.66836
72.84751      46.6665
72.83334      46.66406
72.81917      46.66161
72.81331      46.65853
72.81006      46.65497
72.80886      46.65364
72.80092      46.65281
72.79053      46.65511
72.77409      46.65136
72.76553      46.64139
72.75925      46.64081
72.75381      46.64411
72.74717      46.64422
72.7399       46.64339
72.73542      46.63964
72.7245       46.63853
72.71672      46.64178
72.75008      46.65364
72.7562       46.65834
72.7577       46.66273
72.76089      46.66506
72.76522      46.66514
72.76898      46.66295
72.76798      46.65945
72.76781      46.65881
72.77092      46.65567
72.78956      46.66289
72.7985       46.67128
72.80575      46.67278
72.8225       46.669
72.83239      46.67078
72.83306      46.67131
72.83981      46.67664
72.85547      46.68334
72.86881      46.69889
72.86908      46.70806
72.86483      46.71528
72.86673      46.71784
72.86936      46.71789
72.88115      46.7097
72.8943       46.7005
72.89684      46.69597
72.89364      46.6925
72.88311      46.69003
72.87891      46.68628
72.88314      46.68086
72.88172      46.67445
72.89433      46.65822
72.90256      46.65128
72.91195      46.64917
72.91078      46.62789
72.92053      46.61642
72.92059      46.60636
 1 
 1             437           
1
 -9999.0   ,   9990.0
   7
 11 
74.00339      46.70573
73.99741      46.70636
73.9947       46.70886
73.99825      46.71436
74.0022       46.71556
74.00941      46.72109
74.01342      46.71975
74.0182       46.71434
74.01559      46.71086
74.00995      46.70992
74.00339      46.70573
 1 
 1             438           
1
 -9999.0   ,   9990.0
   7
 8 
73.98925      46.73189
73.97856      46.73545
73.97314      46.73973
73.97375      46.74203
73.97673      46.7432
73.98675      46.74078
73.99489      46.73239
73.98925      46.73189
 1 
 1             439           
1
 -9999.0   ,   9990.0
   7
 22 
72.75678      46.76395
72.75864      46.76328
72.76283      46.76178
72.77786      46.76025
72.78064      46.75778
72.77523      46.75175
72.76859      46.75184
72.75711      46.75572
72.74278      46.75659
72.746        46.75142
72.74553      46.74684
72.75145      46.73986
72.75025      46.73731
72.74311      46.73262
72.73565      46.73633
72.73566      46.74389
72.729        46.75197
72.73109      46.75798
72.7352       46.76309
72.7475       46.76242
72.75275      46.76456
72.75678      46.76395
 1 
 1             440           
1
 -9999.0   ,   9990.0
   7
 20 
72.37233      46.72772
72.36811      46.7322
72.3649       46.744
72.36772      46.74681
72.37542      46.74608
72.37728      46.74864
72.37545      46.75225
72.36992      46.75645
72.36028      46.75648
72.35353      46.75836
72.35756      46.76464
72.36953      46.76445
72.38697      46.75481
72.3912       46.75009
72.39206      46.73892
72.39059      46.73498
72.38836      46.73289
72.37945      46.73153
72.37628      46.7285
72.37233      46.72772
 1 
 1             441           
1
 -9999.0   ,   9990.0
   7
 10 
72.67917      46.75853
72.6723       46.75542
72.6667       46.75486
72.66461      46.75642
72.66517      46.75895
72.67033      46.76292
72.69608      46.76712
72.69986      46.7642
72.69597      46.76206
72.67917      46.75853
 1 
 1             442           
1
 -9999.0   ,   9990.0
   7
 12 
72.60614      46.75653
72.60442      46.75631
72.59728      46.75981
72.58026      46.76153
72.576        46.76739
72.57886      46.77017
72.58548      46.77078
72.60261      46.76653
72.61106      46.76445
72.61286      46.76106
72.61073      46.75714
72.60614      46.75653
 1 
 1             443           
1
 -9999.0   ,   9990.0
   7
 5 
78            46.77195
78            46.74431
77.99975      46.74448
77.99523      46.76012
78            46.77195
 1 
 1             444           
1
 -9999.0   ,   9990.0
   7
 10 
74.55522      46.76298
74.5515       46.76867
74.55181      46.77186
74.55614      46.77098
74.56175      46.7735
74.56842      46.77378
74.57108      46.7715
74.56978      46.76875
74.56284      46.76461
74.55522      46.76298
 1 
 1             445           
1
 -9999.0   ,   9990.0
   7
 9 
74.78926      46.76975
74.77458      46.77292
74.76131      46.7715
74.76061      46.77561
74.77089      46.77997
74.7789       46.77934
74.78486      46.7775
74.78856      46.77408
74.78926      46.76975
 1 
 1             446           
1
 -9999.0   ,   9990.0
   7
 10 
74.99775      46.7667
74.99175      46.76828
74.98478      46.77331
74.9957       46.78498
75            46.78517
75.0087       46.77925
75.01136      46.77423
75.00606      46.76736
75            46.76686
74.99775      46.7667
 1 
 1             447           
1
 -9999.0   ,   9990.0
   7
 12 
73.87266      46.78425
73.87317      46.78487
73.87536      46.78745
73.88095      46.7907
73.88795      46.79053
73.8917       46.78533
73.89075      46.78281
73.8875       46.78025
73.88353      46.77953
73.87878      46.78359
73.87522      46.77853
73.87266      46.78425
 1 
 1             448           
1
 -9999.0   ,   9990.0
   7
 8 
72.54075      46.78858
72.53636      46.78986
72.53173      46.79661
72.53359      46.79984
72.53723      46.80017
72.542        46.7975
72.54531      46.79072
72.54075      46.78858
 1 
 1             449           
1
 -9999.0   ,   9990.0
   7
 29 
72.32073      46.75603
72.31731      46.75753
72.31228      46.7652
72.30911      46.78889
72.31301      46.79081
72.32134      46.79034
72.33111      46.79592
72.333        46.797
72.35995      46.80425
72.36872      46.8017
72.3712       46.79878
72.36972      46.79486
72.36345      46.79381
72.35989      46.79145
72.36745      46.78703
72.36856      46.78433
72.35767      46.78247
72.35581      46.7797
72.35122      46.77845
72.33681      46.78747
72.33283      46.78692
72.32814      46.78089
72.32156      46.77914
72.32066      46.77706
72.32478      46.76823
72.33186      46.76634
72.33258      46.76475
72.32498      46.75725
72.32073      46.75603
 1 
 1             450           
1
 -9999.0   ,   9990.0
   7
 9 
74.40283      46.79647
74.39484      46.79686
74.39281      46.79914
74.39478      46.80189
74.40206      46.80514
74.41103      46.80633
74.4134       46.80453
74.40845      46.79878
74.40283      46.79647
 1 
 1             451           
1
 -9999.0   ,   9990.0
   7
 8 
72.91264      46.80142
72.90195      46.80236
72.89114      46.80628
72.8887       46.80897
72.89161      46.81109
72.91233      46.8085
72.91617      46.80422
72.91264      46.80142
 1 
 1             452           
1
 -9999.0   ,   9990.0
   7
 11 
72.40761      46.81653
72.41095      46.8095
72.40606      46.80025
72.40598      46.795
72.41198      46.78142
72.41089      46.77614
72.40695      46.77514
72.39967      46.78092
72.39375      46.79334
72.40334      46.8155
72.40761      46.81653
 1 
 1             453           
1
 -9999.0   ,   9990.0
   7
 8 
76.00159      46.8095
75.99865      46.81272
76.00103      46.81634
76.00603      46.817
76.01         46.81558
76.01361      46.8117
76.00858      46.80967
76.00159      46.8095
 1 
 1             454           
1
 -9999.0   ,   9990.0
   7
 7 
72.53028      46.81372
72.52489      46.81475
72.5197       46.8192
72.5245       46.82367
72.53826      46.8212
72.54078      46.81692
72.53028      46.81372
 1 
 1             455           
1
 -9999.0   ,   9990.0
   7
 8 
74.68186      46.80828
74.67753      46.81008
74.67681      46.81511
74.68506      46.82428
74.69106      46.82567
74.69445      46.81562
74.6928       46.81172
74.68186      46.80828
 1 
 1             456           
1
 -9999.0   ,   9990.0
   7
 7 
72.45597      46.80092
72.45445      46.81895
72.45905      46.82681
72.4637       46.82784
72.46516      46.81025
72.46091      46.8017
72.45597      46.80092
 1 
 1             457           
1
 -9999.0   ,   9990.0
   7
 12 
74.8367       46.7895
74.83336      46.79064
74.83497      46.80162
74.82728      46.81028
74.8302       46.82467
74.84241      46.83886
74.85208      46.83797
74.85545      46.83478
74.84586      46.81948
74.84364      46.79706
74.84101      46.7925
74.8367       46.7895
 1 
 1             458           
1
 -9999.0   ,   9990.0
   7
 14 
72.45645      46.84709
72.45825      46.85103
72.46316      46.85295
72.47611      46.85414
72.48092      46.85792
72.48645      46.86809
72.49133      46.87073
72.496        46.87059
72.49811      46.86811
72.49611      46.86075
72.4869       46.85142
72.47248      46.84653
72.4642       46.84545
72.45645      46.84709
 1 
 1             459           
1
 -9999.0   ,   9990.0
   7
 21 
74.40908      46.89795
74.40889      46.8945
74.40716      46.89103
74.40661      46.88992
74.39706      46.88325
74.39578      46.87845
74.39281      46.87706
74.39083      46.87995
74.3877       46.88456
74.38766      46.88798
74.39098      46.88822
74.39461      46.891
74.39247      46.89842
74.3917       46.90111
74.39111      46.90309
74.39411      46.90378
74.40114      46.90131
74.40511      46.90431
74.40945      46.90481
74.4092       46.9002
74.40908      46.89795
 1 
 1             460           
1
 -9999.0   ,   9990.0
   7
 12 
75.14508      46.88209
75.13675      46.89809
75.13008      46.89786
75.12508      46.90175
75.12708      46.90678
75.13208      46.90928
75.13975      46.9102
75.14542      46.90745
75.14809      46.90425
75.14875      46.891
75.15575      46.88689
75.14508      46.88209
 1 
 1             461           
1
 -9999.0   ,   9990.0
   7
 8 
73.73506      46.90542
73.73233      46.90767
73.73458      46.91045
73.74153      46.9135
73.75051      46.91428
73.75391      46.91159
73.749        46.90764
73.73506      46.90542
 1 
 1             462           
1
 -9999.0   ,   9990.0
   7
 8 
75.85623      46.91742
75.84959      46.91997
75.84465      46.92389
75.849        46.92684
75.85367      46.92681
75.86642      46.93175
75.86936      46.92875
75.85623      46.91742
 1 
 1             463           
1
 -9999.0   ,   9990.0
   7
 78 
72.35706      46.87642
72.32581      46.89511
72.32395      46.89897
72.31983      46.90114
72.29875      46.90911
72.29211      46.9085
72.28264      46.91103
72.27228      46.91147
72.26659      46.91889
72.26397      46.92792
72.26375      46.92864
72.26451      46.93347
72.26945      46.93425
72.27292      46.93161
72.27345      46.92934
72.27506      46.9225
72.27828      46.91803
72.28392      46.91884
72.28761      46.92356
72.2908       46.92767
72.29439      46.92936
72.30339      46.92981
72.30531      46.9182
72.3122       46.91378
72.31723      46.9132
72.32236      46.91698
72.31664      46.92484
72.32011      46.92906
72.32628      46.93217
72.34023      46.93362
72.34642      46.92987
72.34116      46.92131
72.34272      46.91722
72.3665       46.90131
72.36984      46.89453
72.37933      46.89109
72.38275      46.88978
72.3937       46.89095
72.39628      46.88553
72.39445      46.88206
72.38714      46.88145
72.38272      46.87653
72.38261      46.87173
72.38575      46.86906
72.39175      46.86898
72.39333      46.87061
72.40011      46.8687
72.40531      46.86447
72.41061      46.86506
72.41153      46.87375
72.41403      46.87723
72.42031      46.87806
72.42398      46.87128
72.42139      46.86278
72.42325      46.85847
72.42703      46.85603
72.44375      46.85459
72.44403      46.84911
72.43706      46.84872
72.41497      46.85028
72.40614      46.85398
72.3975       46.86042
72.38475      46.86242
72.37883      46.86045
72.36536      46.84961
72.35761      46.85173
72.34639      46.84942
72.33786      46.85334
72.33353      46.86009
72.33534      46.87112
72.33286      46.87356
72.33514      46.87475
72.3485       46.87392
72.35706      46.87642
72.36056      46.87284
72.36941      46.86914
72.36056      46.87284
72.35706      46.87642
 1 
 1             464           
1
 -9999.0   ,   9990.0
   7
 18 
72.27228      46.91147
72.28264      46.91103
72.29211      46.9085
72.29875      46.90911
72.31983      46.90114
72.32395      46.89897
72.32581      46.89511
72.35706      46.87642
72.3485       46.87392
72.33514      46.87475
72.33286      46.87356
72.32803      46.87711
72.33066      46.8845
72.3295       46.88789
72.31525      46.89258
72.30656      46.89992
72.28264      46.90464
72.27228      46.91147
 1 
 1             465           
1
 -9999.0   ,   9990.0
   7
 8 
73.61823      46.923
73.6145       46.92525
73.618        46.93122
73.63355      46.93645
73.636        46.9317
73.63441      46.9287
73.62422      46.92331
73.61823      46.923
 1 
 1             466           
1
 -9999.0   ,   9990.0
   7
 14 
75.10809      46.915
75.10475      46.91225
75.09309      46.90836
75.07475      46.91453
75.0644       46.92367
75.06239      46.92892
75.0644       46.93373
75.07005      46.93897
75.07506      46.94081
75.08573      46.93967
75.09639      46.93578
75.10841      46.92528
75.11142      46.91911
75.10809      46.915
 1 
 1             467           
1
 -9999.0   ,   9990.0
   7
 11 
74.84528      46.93139
74.84125      46.93892
74.84489      46.94533
74.8412       46.95128
74.8425       46.95539
74.84617      46.95609
74.85183      46.95425
74.85956      46.94856
74.86325      46.94217
74.85358      46.93781
74.84528      46.93139
 1 
 1             468           
1
 -9999.0   ,   9990.0
   7
 8 
73.73281      46.96958
73.72511      46.96975
73.7157       46.97283
73.7245       46.9807
73.72953      46.98031
73.73903      46.97378
73.73678      46.97056
73.73281      46.96958
 1 
 1             469           
1
 -9999.0   ,   9990.0
   7
 7 
75.19817      46.97639
75.19583      46.97756
75.20417      46.98486
75.2122       46.9837
75.21586      46.98072
75.21384      46.97661
75.19817      46.97639
 1 
 1             470           
1
 -9999.0   ,   9990.0
   7
 11 
75.7945       46.97125
75.78684      46.9715
75.78886      46.97403
75.79864      46.98286
75.8037       46.98581
75.80803      46.986
75.80831      46.98212
75.81301      46.98278
75.81498      46.98095
75.8022       46.97348
75.7945       46.97125
 1 
 1             471           
1
 -9999.0   ,   9990.0
   7
 20 
74.66514      46.9807
74.68075      46.98964
74.68909      46.98989
74.70075      46.9945
74.70411      46.99134
74.69978      46.98789
74.69886      46.97942
74.69256      46.97506
74.70198      46.96459
74.70908      46.95
74.71553      46.93473
74.71259      46.929
74.69453      46.93578
74.69311      46.94448
74.68941      46.94742
74.67436      46.95309
74.671        46.95764
74.67592      46.96997
74.67286      46.975
74.66514      46.9807
 1 
 1             472           
1
 -9999.0   ,   9990.0
   7
 8 
75.48953      46.979
75.4869       46.98245
75.49195      46.99111
75.49866      46.99542
75.50298      46.99175
75.50561      46.98559
75.50325      46.98262
75.48953      46.979
 1 
 1             473           
1
 -9999.0   ,   9990.0
   7
 13 
74.44534      46.99431
74.43628      46.99792
74.43692      47.00067
74.44528      47.00095
74.44691      47.00278
74.4452       47.00711
74.44817      47.00939
74.4605       47.01084
74.46556      47.00811
74.46861      47.00403
74.46764      47.00083
74.45433      46.99528
74.44534      46.99431
 1 
 1             474           
1
 -9999.0   ,   9990.0
   7
 13 
74.42733      47.01981
74.43039      47.01617
74.42809      47.01272
74.41978      47.00878
74.41323      46.99939
74.40591      46.99684
74.4002       47
74.39909      47.00189
74.39611      47.00683
74.40106      47.01189
74.40753      47.0145
74.416        47.01789
74.42733      47.01981
 1 
 1             475           
1
 -9999.0   ,   9990.0
   7
 8 
74.77739      47.01623
74.7754       47.01758
74.77603      47.01986
74.78336      47.02423
74.7897       47.0247
74.78906      47.02037
74.78306      47.01692
74.77739      47.01623
 1 
 1             476           
1
 -9999.0   ,   9990.0
   7
 8 
75.46042      47.01931
75.45639      47.0207
75.45675      47.0232
75.47014      47.02703
75.4718       47.0252
75.47011      47.0227
75.46675      47.0202
75.46042      47.01931
 1 
 1             477           
1
 -9999.0   ,   9990.0
   7
 17 
73.5125       47.01692
73.52891      47.02675
73.5323       47.02473
73.53633      47.02456
73.54261      47.02714
73.54531      47.02603
73.5467       47.02447
73.54217      47.0187
73.54995      47.00373
73.54439      46.99931
73.53603      46.99964
73.53495      47.00214
73.54017      47.00656
73.53323      47.01606
73.52748      47.0185
73.51822      47.01542
73.5125       47.01692
 1 
 1             478           
1
 -9999.0   ,   9990.0
   7
 9 
75.57328      47.0187
75.57131      47.02145
75.5787       47.02597
75.57636      47.0285
75.5774       47.0317
75.58439      47.02914
75.58703      47.02595
75.57964      47.02003
75.57328      47.0187
 1 
 1             479           
1
 -9999.0   ,   9990.0
   7
 13 
75.15011      47.05203
75.14478      47.05386
75.13709      47.05203
75.13409      47.05386
75.13341      47.05912
75.11806      47.06348
75.12705      47.06667
75.13675      47.06506
75.14178      47.06072
75.15114      47.06142
75.15547      47.05981
75.15747      47.05614
75.15011      47.05203
 1 
 1             480           
1
 -9999.0   ,   9990.0
   7
 11 
75.46931      47.08309
75.46578      47.08209
75.46039      47.07503
75.45739      47.07711
75.45575      47.08189
75.4567       47.08506
75.45711      47.08647
75.46447      47.08806
75.47986      47.088
75.47617      47.08503
75.46931      47.08309
 1 
 1             481           
1
 -9999.0   ,   9990.0
   7
 11 
74.98731      47.08192
74.97925      47.08511
74.98058      47.08831
74.98628      47.089
74.99061      47.09403
74.99428      47.09447
75            47.09234
75.00166      47.08834
75            47.08547
74.999        47.08375
74.98731      47.08192
 1 
 1             482           
1
 -9999.0   ,   9990.0
   7
 27 
75.10733      47.07122
75.10031      47.07489
75.09497      47.07397
75.09164      47.07147
75.08978      47.07164
75.08695      47.07192
75.08325      47.08014
75.07022      47.08242
75.0662       47.0815
75.0592       47.08242
75.05651      47.0895
75.05114      47.09017
75.04281      47.08697
75.03678      47.08697
75.03408      47.08925
75.03978      47.09542
75.04847      47.09978
75.05714      47.10184
75.06653      47.10161
75.07153      47.09728
75.08358      47.09475
75.08795      47.09133
75.09028      47.08517
75.09364      47.0822
75.10667      47.07764
75.10966      47.07397
75.10733      47.07122
 5 
 1             483           
1
 -9999.0   ,   9990.0
   7
 638 
72.97945      46.89258
72.97911      46.89997
72.97498      46.91245
72.97573      46.9447
72.97311      46.95217
72.97611      46.97828
72.9727       46.9892
72.96198      47.00831
72.95797      47.01547
72.9537       47.02314
72.95056      47.0345
72.95228      47.04206
72.96281      47.06397
72.9642       47.07106
72.95789      47.08192
72.95634      47.08464
72.95511      47.107
72.9587       47.11825
72.94975      47.14186
72.95548      47.14106
72.97542      47.12792
72.98634      47.11609
72.9995       47.10184
73.00786      47.08348
73.0053       47.07631
73.00515      47.07589
72.98425      47.0625
72.97403      47.05067
72.9745       47.04659
72.97148      47.03947
72.96989      47.03575
72.97266      47.02484
72.97491      47.02103
72.98016      47.01217
72.98475      46.99717
72.99709      46.98847
72.99965      46.98303
72.99555      46.97656
72.99061      46.9742
72.99006      46.97167
72.99792      46.96656
72.99975      46.9627
72.99786      46.9597
72.99095      46.95706
72.99206      46.95389
72.99558      46.94892
73.00225      46.94903
73.00814      46.95211
73.01645      46.95361
73.0215       46.95211
73.02214      46.95028
73.02261      46.94895
73.01195      46.94031
73.0172       46.93309
73.02925      46.923
73.03259      46.92306
73.03572      46.92884
73.04106      46.92892
73.05648      46.91775
73.06106      46.91053
73.05856      46.90614
73.04539      46.91025
73.04122      46.90606
73.03856      46.88842
73.0398       46.88137
73.03711      46.87309
73.03345      46.87075
73.028        46.86722
73.03061      46.8595
73.0477       46.85706
73.05386      46.85236
73.05228      46.85028
73.04234      46.84917
73.03453      46.84425
73.0392       46.8345
73.04403      46.83025
73.04698      46.83167
73.05036      46.83881
73.05406      46.83842
73.05628      46.83206
73.06139      46.82917
73.07559      46.83239
73.09056      46.82303
73.101        46.82025
73.10697      46.82078
73.10889      46.82289
73.10953      46.82358
73.10533      46.829
73.10684      46.83406
73.11916      46.83356
73.12756      46.83186
73.14333      46.81864
73.15345      46.8147
73.17328      46.80931
73.2067       46.80572
73.21014      46.80212
73.20756      46.80025
73.19522      46.80075
73.18798      46.79811
73.18153      46.79253
73.17453      46.79286
73.17333      46.79595
73.17086      46.80242
73.14872      46.80731
73.13206      46.80817
73.12645      46.80648
73.11553      46.79556
73.13115      46.76795
73.14125      46.76445
73.16465      46.75159
73.18789      46.74987
73.2003       46.74895
73.21753      46.75081
73.22842      46.7535
73.23428      46.75703
73.23553      46.75978
73.23061      46.7677
73.23075      46.7732
73.2185       46.79059
73.21972      46.79428
73.22305      46.79434
73.23358      46.78742
73.24061      46.78661
73.24381      46.79031
73.24592      46.79742
73.24464      46.80564
73.24039      46.81333
73.2332       46.81747
73.23189      46.81822
73.22186      46.82928
73.21303      46.83461
73.2034       46.83378
73.20284      46.83103
73.19953      46.83006
73.19408      46.83342
73.19666      46.84556
73.19089      46.8585
73.18716      46.86003
73.17191      46.87714
73.1697       46.88353
73.17031      46.905
73.18114      46.90953
73.18148      46.91036
73.18575      46.92125
73.18161      46.92506
73.16545      46.92961
73.169        46.93264
73.17628      46.93458
73.17886      46.93737
73.16566      46.94264
73.1662       46.94606
73.17692      46.9547
73.17866      46.96181
73.1744       46.9702
73.14186      46.9932
73.13575      46.99584
73.12605      46.99739
73.11895      46.99856
73.1152       47.00053
73.1023       47.01586
73.10358      47.01792
73.10545      47.02095
73.11345      47.02153
73.12123      47.01936
73.15464      47.00003
73.1855       46.98659
73.1947       46.98103
73.20548      46.96862
73.20914      46.96892
73.21108      46.97078
73.205        46.98212
73.20092      46.98456
73.20042      46.98958
73.16395      47.01114
73.15691      47.02042
73.17017      47.02428
73.17303      47.02798
73.17147      47.03411
73.16803      47.0375
73.17056      47.04164
73.18408      47.03728
73.19753      47.035
73.21633      47.03773
73.22972      47.03139
73.23911      47.03062
73.24216      47.02861
73.24686      47.02822
73.25373      47.02309
73.25625      47.01739
73.24353      46.998
73.24709      46.99167
73.25428      46.98675
73.26706      46.98353
73.27639      46.98411
73.27595      46.988
73.26014      47.001
73.26575      47.00292
73.2789       46.9997
73.28373      47.00081
73.29678      47.00384
73.30289      47.0012
73.30431      46.99825
73.29608      46.99422
73.28389      46.97967
73.26845      46.97211
73.2692       46.96961
73.26603      46.96453
73.26203      46.96425
73.25528      46.96689
73.23473      46.96247
73.21375      46.95098
73.21114      46.94953
73.2034       46.94164
73.20158      46.93567
73.204        46.93172
73.20656      46.92753
73.20316      46.919
73.19864      46.91506
73.20015      46.90983
73.19873      46.90272
73.20056      46.89772
73.20531      46.89506
73.20914      46.88986
73.20934      46.88436
73.20486      46.87858
73.2099       46.86839
73.20881      46.86128
73.20358      46.858
73.2078       46.85075
73.2143       46.84606
73.24         46.83436
73.25336      46.83584
73.25661      46.8362
73.26028      46.83559
73.26373      46.83245
73.27631      46.81434
73.27278      46.81039
73.26036      46.80289
73.25522      46.79734
73.24986      46.77853
73.24886      46.75861
73.25042      46.75225
73.25515      46.74981
73.26508      46.75042
73.26461      46.7447
73.2695       46.73792
73.2734       46.73434
73.28458      46.72397
73.29453      46.72459
73.29845      46.72647
73.30906      46.72778
73.31948      46.72359
73.32298      46.71884
73.32345      46.71359
73.32073      46.70578
73.3222       46.70145
73.3265       46.70175
73.34614      46.71073
73.35247      46.70967
73.35395      46.70534
73.33915      46.69028
73.33731      46.68589
73.33742      46.68203
73.33975      46.67778
73.34211      46.67353
73.34306      46.67181
73.35761      46.66242
73.37506      46.65697
73.39103      46.65584
73.39408      46.65336
73.39283      46.65106
73.38628      46.648
73.3694       46.64683
73.36784      46.64361
73.37192      46.64047
73.37986      46.64081
73.3995       46.62853
73.40158      46.62559
73.39631      46.62437
73.3832       46.63011
73.37686      46.6307
73.3757       46.62567
73.37942      46.6222
73.37978      46.62184
73.4069       46.61423
73.43892      46.6085
73.4605       46.59556
73.47722      46.59098
73.50053      46.58786
73.51473      46.58942
73.52739      46.58753
73.53761      46.5895
73.53584      46.59358
73.53108      46.59442
73.52983      46.59464
73.52811      46.59714
73.52411      46.59731
73.51636      46.60203
73.52711      46.62067
73.52603      46.62431
73.52928      46.63831
73.52245      46.64506
73.52822      46.65153
73.52966      46.65886
73.53195      46.66095
73.53826      46.66103
73.54251      46.66361
73.54175      46.66656
73.53536      46.6697
73.53356      46.67422
73.53564      46.67895
73.537        46.68206
73.53584      46.6882
73.52311      46.69147
73.51984      46.69383
73.51939      46.69417
73.53528      46.71908
73.53878      46.72459
73.53558      46.73208
73.5305       46.73509
73.52917      46.73589
73.51908      46.73939
73.50841      46.74039
73.50473      46.74242
73.50364      46.74536
73.50553      46.74859
73.51317      46.7487
73.52103      46.75292
73.52397      46.75645
73.52586      46.7587
73.52314      46.77284
73.51753      46.7772
73.51564      46.77867
73.50473      46.77714
73.50034      46.77914
73.49958      46.78036
73.49895      46.78142
73.49997      46.80336
73.4978       46.80858
73.48903      46.81328
73.49178      46.82131
73.49039      46.82425
73.47097      46.83886
73.47517      46.84325
73.49286      46.84142
73.50198      46.84178
73.50608      46.84195
73.51017      46.84211
73.518        46.84795
73.51695      46.8502
73.50353      46.85736
73.50022      46.85911
73.49561      46.86159
73.49555      46.86167
73.4935       46.86436
73.49216      46.86609
73.4902       46.86739
73.48164      46.87303
73.47931      46.873
73.472        46.88298
73.46091      46.88578
73.45241      46.89162
73.43025      46.897
73.4267       46.90497
73.42925      46.90864
73.43681      46.91242
73.43008      46.92511
73.43295      46.92995
73.43153      46.93267
73.4257       46.93739
73.40986      46.94289
73.40784      46.94939
73.40764      46.94995
73.3974       46.95756
73.40065      46.96034
73.4057       46.9595
73.41786      46.95395
73.42086      46.95447
73.42115      46.95653
73.4132       46.96464
73.41172      46.96942
73.41436      46.97081
73.43361      46.96286
73.43506      46.959
73.432        46.95028
73.44045      46.93508
73.45306      46.92658
73.4555       46.92295
73.44883      46.91167
73.44989      46.9082
73.47678      46.89056
73.48441      46.88673
73.49825      46.87978
73.51228      46.87275
73.51575      46.86778
73.51783      46.85409
73.52189      46.85142
73.52475      46.84506
73.52489      46.83956
73.51708      46.82142
73.51566      46.81317
73.51828      46.80292
73.53439      46.77503
73.53953      46.76914
73.55508      46.7602
73.56186      46.75442
73.56325      46.75323
73.56341      46.7112
73.56558      46.70528
73.57686      46.69331
73.57745      46.6725
73.5755       46.66342
73.57331      46.65325
73.56606      46.63239
73.56575      46.6315
73.56286      46.6232
73.56164      46.62189
73.55256      46.61209
73.55153      46.60156
73.55503      46.59545
73.55803      46.59478
73.56828      46.57092
73.57122      46.56
73.56948      46.55197
73.57161      46.5465
73.57936      46.54137
73.58764      46.53797
73.59292      46.53583
73.59845      46.53359
73.60333      46.5245
73.60381      46.51925
73.61245      46.50589
73.61525      46.48764
73.61895      46.48561
73.62561      46.496
73.63056      46.49742
73.63589      46.49589
73.63861      46.49317
73.63773      46.48881
73.62711      46.47681
73.62353      46.47517
73.61875      46.46778
73.61578      46.46731
73.60853      46.47095
73.60684      46.47181
73.59803      46.47623
73.59075      46.47611
73.58816      46.47381
73.59147      46.46128
73.60208      46.44814
73.6022       46.44403
73.59861      46.44195
73.5879       46.44684
73.58628      46.44909
73.57623      46.46314
73.56239      46.47278
73.56145      46.48306
73.56472      46.49545
73.5625       46.50478
73.55136      46.51197
73.5502       46.51859
73.55489      46.52848
73.55411      46.53281
73.54561      46.5407
73.54467      46.55006
73.54778      46.55764
73.55356      46.56067
73.55759      46.56278
73.55978      46.56739
73.55933      46.57103
73.55525      46.57511
73.53761      46.57761
73.51816      46.57325
73.488        46.57397
73.47778      46.57156
73.47083      46.5717
73.46239      46.56586
73.45873      46.56603
73.44595      46.57203
73.43367      46.57256
73.42225      46.57786
73.40878      46.58084
73.39389      46.58411
73.3807       46.59236
73.37895      46.59531
73.3647       46.60564
73.35939      46.606
73.34525      46.60214
73.344        46.60006
73.33867      46.60023
73.32931      46.59278
73.32525      46.59478
73.32267      46.59312
73.31517      46.57814
73.29981      46.57153
73.29703      46.56486
73.301        46.55553
73.304        46.55167
73.3103       46.54356
73.30348      46.53981
73.30064      46.53498
73.30236      46.52286
73.30583      46.51836
73.31192      46.51456
73.31689      46.51395
73.32539      46.50722
73.32784      46.50314
73.33061      46.48809
73.33678      46.48156
73.34967      46.4717
73.36711      46.46395
73.3653       46.45842
73.35692      46.45122
73.351        46.45022
73.35042      46.4477
73.34095      46.44437
73.33297      46.44492
73.3217       46.44589
73.31375      46.4467
73.30345      46.44792
73.28436      46.45517
73.28031      46.45809
73.28222      46.46017
73.28684      46.4607
73.29003      46.46372
73.28861      46.46667
73.28156      46.46997
73.27223      46.47214
73.26661      46.47228
73.2627       46.47061
73.25831      46.47306
73.25303      46.47228
73.25161      46.4757
73.23711      46.48347
73.23428      46.4887
73.24425      46.49775
73.23428      46.4887
73.23711      46.48347
73.25161      46.4757
73.25303      46.47228
73.24811      46.47153
73.23011      46.47514
73.20914      46.46931
73.20648      46.46973
73.20175      46.47217
73.1982       46.47989
73.19583      46.481
73.1932       46.48025
73.19114      46.47292
73.18656      46.47125
73.18386      46.47325
73.18264      46.47942
73.17045      46.47831
73.16903      46.48056
73.17384      46.48522
73.18391      46.49039
73.19117      46.4912
73.19311      46.49306
73.19611      46.49198
73.2058       46.47933
73.2102       46.47664
73.22836      46.47831
73.22173      46.48873
73.22359      46.49264
73.23722      46.4997
73.23745      46.50336
73.23534      46.50722
73.22931      46.50942
73.222        46.50975
73.21789      46.51359
73.21745      46.51745
73.21965      46.52114
73.2334       46.52617
73.23781      46.53239
73.23864      46.53723
73.2347       46.54584
73.2417       46.55509
73.24316      46.56014
73.242        46.56584
73.24603      46.57367
73.25553      46.57611
73.26411      46.57828
73.26422      46.58539
73.25736      46.59236
73.25953      46.59698
73.26348      46.59795
73.27153      46.59464
73.27753      46.59428
73.28036      46.5982
73.27895      46.60184
73.26131      46.61323
73.25022      46.62745
73.25547      46.63895
73.25058      46.64642
73.24667      46.66489
73.24215      46.66956
73.23842      46.67345
73.22636      46.67847
73.21045      46.68511
73.20278      46.6962
73.19906      46.69773
73.18831      46.71128
73.17783      46.71636
73.16683      46.71709
73.16326      46.715
73.14601      46.71448
73.14075      46.71234
73.13142      46.70395
73.123        46.70703
73.12745      46.71234
73.13795      46.71742
73.13181      46.72111
73.11845      46.72248
73.1045       46.73186
73.09272      46.73531
73.08925      46.73958
73.09178      46.74306
73.10603      46.74489
73.10914      46.75089
73.10464      46.75539
73.07592      46.75881
73.06778      46.76348
73.05403      46.76689
73.04208      46.77489
73.03714      46.78214
73.03753      46.78297
73.04175      46.7925
73.03408      46.80242
73.02284      46.80931
73.02139      46.81203
73.02411      46.81961
73.02225      46.82506
72.99703      46.83995
72.99216      46.86339
72.98548      46.87311
72.97833      46.87642
72.98067      46.88492
72.97945      46.89258
 1             483           2 
1
 -9999.0   ,   9990.0
   7
 31 
73.26297      46.67825
73.2792       46.66539
73.3024       46.63556
73.31047      46.63133
73.31533      46.63484
73.32236      46.6365
73.32556      46.63728
73.34023      46.63497
73.3533       46.63106
73.36056      46.63187
73.36217      46.6337
73.3577       46.63867
73.33875      46.65028
73.33175      46.66184
73.3227       46.66489
73.32025      46.66828
73.32166      46.67789
73.32245      46.68317
73.31866      46.68678
73.314        46.68761
73.30728      46.67975
73.30064      46.67942
73.27689      46.70489
73.27116      46.70825
73.26706      46.71067
73.26559      46.71522
73.25864      46.71445
73.24375      46.70209
73.24289      46.6982
73.24611      46.69161
73.26297      46.67825
 1             483           3 
1
 -9999.0   ,   9990.0
   7
 23 
73.086        46.7745
73.09658      46.77584
73.10375      46.78028
73.10875      46.78975
73.11073      46.79984
73.10889      46.80459
73.09922      46.80489
73.08645      46.80856
73.08134      46.81167
73.06866      46.8117
73.06153      46.81614
73.05389      46.81534
73.0507       46.81183
73.04806      46.80242
73.05114      46.79975
73.0654       46.80181
73.0675       46.79864
73.06653      46.78881
73.07295      46.78978
73.07511      46.79009
73.07831      46.78467
73.07961      46.77645
73.086        46.7745
 1             483           4 
1
 -9999.0   ,   9990.0
   7
 9 
73.18861      46.87628
73.19192      46.87747
73.19575      46.88233
73.19505      46.89261
73.18953      46.89892
73.18556      46.89795
73.1835       46.88945
73.18516      46.88011
73.18861      46.87628
 1             483           5 
1
 -9999.0   ,   9990.0
   7
 12 
73.24717      46.73003
73.25278      46.73056
73.25506      46.7322
73.25525      46.73633
73.25153      46.73878
73.24789      46.73803
73.2405       46.74045
73.2335       46.74034
73.23098      46.73686
73.2334       46.73392
73.23814      46.73125
73.24717      46.73003
 1 
 1             484           
1
 -9999.0   ,   9990.0
   7
 53 
72.95228      47.04206
72.95056      47.0345
72.9537       47.02314
72.95797      47.01547
72.96198      47.00831
72.9727       46.9892
72.97611      46.97828
72.97311      46.95217
72.97573      46.9447
72.97498      46.91245
72.97911      46.89997
72.97945      46.89258
72.96539      46.91022
72.95331      46.92075
72.9489       46.92228
72.94328      46.92103
72.93161      46.91258
72.92695      46.91228
72.92353      46.91472
72.92758      46.92167
72.93984      46.93217
72.942        46.937
72.92925      46.95536
72.9254       46.96092
72.922        46.962
72.91791      46.95531
72.91225      46.9552
72.90936      46.96108
72.91873      46.96903
72.9337       46.97022
72.94551      46.96723
72.95983      46.95859
72.96259      46.98331
72.95836      46.98847
72.95275      47.00256
72.94814      47.01414
72.9469       47.01731
72.93231      47.02275
72.92983      47.02614
72.93439      47.02964
72.93092      47.033
72.90878      47.04356
72.89964      47.04614
72.88766      47.053
72.88486      47.05661
72.88536      47.06072
72.89795      47.06348
72.90508      47.06086
72.91845      47.05267
72.91956      47.04995
72.92909      47.04531
72.94597      47.04128
72.95228      47.04206
 1 
 1             485           
1
 -9999.0   ,   9990.0
   7
 45 
72.97945      46.89258
72.98067      46.88492
72.97833      46.87642
72.97364      46.86856
72.97066      46.86806
72.96723      46.85336
72.97483      46.8455
72.97698      46.8417
72.97545      46.83914
72.97142      46.8395
72.96342      46.84803
72.9554       46.84903
72.95286      46.85425
72.94806      46.85828
72.93467      46.85964
72.92353      46.85439
72.91617      46.8552
72.91172      46.85808
72.905        46.86822
72.91395      46.86978
72.9217       46.86761
72.93542      46.86611
72.94311      46.86528
72.94603      46.86761
72.94025      46.87892
72.93647      46.88137
72.92614      46.88187
72.9182       46.88906
72.91631      46.8945
72.91745      46.89931
72.92225      46.9042
72.92975      46.90045
72.93581      46.8905
72.94189      46.88811
72.94653      46.88864
72.94847      46.89028
72.94836      46.89278
72.94365      46.89431
72.94156      46.897
72.94311      46.89956
72.94742      46.90031
72.96636      46.89311
72.9715       46.88978
72.9765       46.88939
72.97945      46.89258
 1 
 1             486           
1
 -9999.0   ,   9990.0
   7
 98 
73.59845      46.53359
73.59292      46.53583
73.58764      46.53797
73.57936      46.54137
73.57161      46.5465
73.56948      46.55197
73.57122      46.56
73.56828      46.57092
73.55803      46.59478
73.55503      46.59545
73.55153      46.60156
73.55256      46.61209
73.56164      46.62189
73.56286      46.6232
73.56575      46.6315
73.56606      46.63239
73.57331      46.65325
73.5755       46.66342
73.57745      46.6725
73.57686      46.69331
73.56558      46.70528
73.56341      46.7112
73.56325      46.75323
73.56186      46.75442
73.55508      46.7602
73.53953      46.76914
73.53439      46.77503
73.51828      46.80292
73.51566      46.81317
73.51708      46.82142
73.52489      46.83956
73.52475      46.84506
73.52189      46.85142
73.51783      46.85409
73.51575      46.86778
73.52761      46.86153
73.5335       46.85317
73.5347       46.84609
73.53139      46.83417
73.52309      46.8215
73.52064      46.8137
73.52245      46.80845
73.53036      46.79989
73.53047      46.79553
73.54373      46.77356
73.55791      46.76706
73.56125      46.76556
73.56648      46.75739
73.57953      46.75411
73.58158      46.75117
73.58         46.74911
73.57142      46.74695
73.56925      46.7412
73.57139      46.73598
73.57841      46.73378
73.58491      46.72722
73.59098      46.72456
73.5965       46.72898
73.60014      46.72948
73.60356      46.72564
73.59411      46.71842
73.59592      46.7132
73.59448      46.70609
73.58491      46.68997
73.58958      46.68003
73.5927       46.67339
73.583        46.66345
73.58266      46.66217
73.58089      46.65542
73.58534      46.63925
73.59108      46.6352
73.60478      46.63172
73.62683      46.61281
73.63658      46.60742
73.64211      46.59903
73.65048      46.59709
73.65542      46.59761
73.65395      46.60375
73.6552       46.60584
73.65823      46.60495
73.66131      46.60153
73.66573      46.59659
73.6655       46.59225
73.66228      46.589
73.65473      46.58639
73.64542      46.58673
73.63809      46.5887
73.63328      46.59458
73.62756      46.59772
73.61615      46.59072
73.60655      46.5897
73.60472      46.58442
73.60895      46.57486
73.62028      46.55992
73.62178      46.55308
73.6163       46.54753
73.60228      46.53936
73.59845      46.53359
 1 
 1             487           
1
 -9999.0   ,   9990.0
   7
 19 
73.2627       46.47061
73.26661      46.47228
73.27223      46.47214
73.28156      46.46997
73.28861      46.46667
73.29003      46.46372
73.28684      46.4607
73.28222      46.46017
73.28031      46.45809
73.28436      46.45517
73.30345      46.44792
73.31375      46.4467
73.31186      46.443
73.30791      46.44295
73.29992      46.44442
73.27917      46.45211
73.27378      46.455
73.26842      46.46728
73.2627       46.47061
 1 
 1             488           
1
 -9999.0   ,   9990.0
   7
 10 
73.52414      47.14731
73.52417      47.14622
73.52423      47.14409
73.51806      47.13786
73.50478      47.13334
73.50166      47.13695
73.50456      47.14134
73.51434      47.14698
73.51708      47.14856
73.52414      47.14731
 1 
 1             489           
1
 -9999.0   ,   9990.0
   7
 10 
74.42356      47.13375
74.42039      47.14675
74.421        47.15064
74.427        47.1525
74.43173      47.14978
74.43383      47.14317
74.43356      47.13722
74.42997      47.12989
74.42726      47.13286
74.42356      47.13375
 1 
 1             490           
1
 -9999.0   ,   9990.0
   7
 10 
74.19161      47.1345
74.18556      47.13675
74.18106      47.14539
74.18197      47.14928
74.19197      47.15278
74.20042      47.14873
74.2005       47.14373
74.20458      47.13986
74.20464      47.13553
74.19161      47.1345
 1 
 1             491           
1
 -9999.0   ,   9990.0
   7
 13 
74.58361      47.16081
74.58698      47.16106
74.5937       47.15606
74.60005      47.15562
74.60378      47.15245
74.60486      47.14331
74.59991      47.1362
74.59426      47.13253
74.59078      47.14759
74.58339      47.14961
74.57861      47.15803
74.58028      47.16033
74.58361      47.16081
 1 
 1             492           
1
 -9999.0   ,   9990.0
   7
 6 
73.91386      47.17825
73.90978      47.18025
73.92367      47.18884
73.9285       47.18228
73.92389      47.17925
73.91386      47.17825
 1 
 1             493           
1
 -9999.0   ,   9990.0
   7
 11 
75.00845      47.19728
75.0195       47.19886
75.02556      47.19459
75.02789      47.19295
75.03561      47.19045
75.04265      47.18381
75.03965      47.18083
75.03528      47.18153
75.02517      47.18667
75.0128       47.19292
75.00845      47.19728
 1 
 1             494           
1
 -9999.0   ,   9990.0
   7
 13 
74.13575      47.21611
74.13661      47.21609
74.14073      47.21153
74.14911      47.20956
74.1505       47.20837
74.1515       47.2075
74.15192      47.20317
74.12853      47.19981
74.12648      47.20161
74.12978      47.20484
74.13061      47.21353
74.13292      47.21628
74.13575      47.21611
 1 
 1             495           
1
 -9999.0   ,   9990.0
   7
 12 
74.39564      47.22153
74.39755      47.22906
74.40358      47.22956
74.40933      47.2257
74.41031      47.22581
74.41703      47.22645
74.41973      47.22508
74.41711      47.22164
74.41642      47.22072
74.41275      47.21978
74.39936      47.21925
74.39564      47.22153
 1 
 1             496           
1
 -9999.0   ,   9990.0
   7
 12 
74.45492      47.2262
74.4609       47.23056
74.45951      47.23556
74.46283      47.23742
74.46792      47.23197
74.47128      47.23061
74.47564      47.23156
74.4807       47.22792
74.47473      47.22445
74.46398      47.2267
74.45828      47.22414
74.45492      47.2262
 1 
 1             497           
1
 -9999.0   ,   9990.0
   7
 17 
74.11673      47.24595
74.10308      47.23409
74.09064      47.23648
74.08297      47.23367
74.07928      47.23478
74.07958      47.23661
74.0852       47.24031
74.08275      47.24692
74.086        47.25197
74.09167      47.25362
74.09842      47.25184
74.10189      47.24503
74.10523      47.24597
74.10917      47.25081
74.11422      47.24992
74.1167       47.24717
74.11673      47.24595
 1 
 1             498           
1
 -9999.0   ,   9990.0
   7
 8 
73.81389      47.25534
73.80817      47.25617
73.80678      47.25845
73.82273      47.26525
73.82909      47.266
73.83217      47.26328
73.82986      47.26097
73.81389      47.25534
 1 
 1             499           
1
 -9999.0   ,   9990.0
   7
 8 
73.73973      47.28398
73.7444       47.28495
73.75955      47.28261
73.76503      47.279
73.76542      47.27581
73.76211      47.27373
73.74558      47.27811
73.73973      47.28398
 1 
 1             500           
1
 -9999.0   ,   9990.0
   7
 20 
74.0172       47.3067
74.01309      47.30912
74.01434      47.31348
74.0247       47.31584
74.03948      47.31667
74.04542      47.3215
74.06903      47.33359
74.07675      47.33411
74.0808       47.33164
74.08256      47.32845
74.08172      47.32581
74.0797       47.3195
74.06934      47.31692
74.05736      47.31042
74.04901      47.30945
74.04058      47.31092
74.03416      47.31206
74.02223      47.30684
74.0192       47.30553
74.0172       47.3067
 1 
 1             501           
1
 -9999.0   ,   9990.0
   7
 10 
74.46481      47.32489
74.4547       47.32733
74.45625      47.32867
74.46036      47.33217
74.46736      47.33564
74.47239      47.33634
74.47511      47.335
74.47511      47.33248
74.46703      47.32653
74.46481      47.32489
 1 
 1             502           
1
 -9999.0   ,   9990.0
   7
 16 
75.67633      47.348
75.66934      47.3542
75.65728      47.35928
75.65036      47.37278
75.65173      47.37506
75.65508      47.37459
75.66905      47.36153
75.67311      47.36331
75.67756      47.3697
75.68295      47.37217
75.68898      47.36942
75.69295      47.3637
75.69126      47.36028
75.68547      47.35481
75.68273      47.34934
75.67633      47.348
 1 
 1             503           
1
 -9999.0   ,   9990.0
   7
 11 
75.64031      47.38917
75.64245      47.39042
75.65286      47.39036
75.65553      47.38556
75.65448      47.38281
75.65078      47.38353
75.64506      47.37967
75.63897      47.37923
75.63564      47.38131
75.63739      47.38748
75.64031      47.38917
 1 
 1             504           
1
 -9999.0   ,   9990.0
   7
 11 
73.64658      47.40484
73.64278      47.40845
73.64336      47.41167
73.65166      47.41542
73.65739      47.41617
73.67033      47.40992
73.67378      47.40631
73.67216      47.404
73.6648       47.40278
73.64897      47.4035
73.64658      47.40484
 1 
 1             505           
1
 -9999.0   ,   9990.0
   7
 8 
75.72148      47.4875
75.71645      47.48892
75.71814      47.49142
75.73517      47.50753
75.7382       47.50753
75.7405       47.50362
75.73845      47.49839
75.72148      47.4875
 1 
 1             506           
1
 -9999.0   ,   9990.0
   7
 24 
75.80653      47.55964
75.80514      47.55556
75.79803      47.55284
75.80942      47.54547
75.8175       47.54589
75.82051      47.54314
75.81772      47.5372
75.8062       47.53156
75.80011      47.52909
75.78965      47.52778
75.77765      47.53903
75.77295      47.54089
75.7635       47.54117
75.7615       47.54256
75.76081      47.54906
75.76028      47.5542
75.76366      47.55578
75.7782       47.55706
75.78833      47.56045
75.79522      47.57089
75.80172      47.57289
75.80536      47.57403
75.80795      47.56464
75.80653      47.55964
 1 
 1             507           
1
 -9999.0   ,   9990.0
   7
 10 
73.69295      47.56409
73.68686      47.56356
73.67865      47.5687
73.66891      47.56675
73.65505      47.56798
73.65967      47.57214
73.67408      47.57528
73.68353      47.57514
73.68831      47.57314
73.69295      47.56409
 1 
 1             508           
1
 -9999.0   ,   9990.0
   7
 8 
76.75245      47.6135
76.72823      47.61656
76.72356      47.61845
76.72431      47.62073
76.73583      47.62239
76.75061      47.62014
76.75553      47.61481
76.75245      47.6135
 1 
 1             509           
1
 -9999.0   ,   9990.0
   7
 18 
74.32008      47.6012
74.31564      47.60436
74.31161      47.60459
74.30172      47.60975
74.29898      47.61317
74.28841      47.61881
74.28978      47.62017
74.29716      47.62114
74.30803      47.6187
74.31475      47.62056
74.3177       47.62583
74.32275      47.62586
74.3255       47.62406
74.328        47.61403
74.33314      47.60881
74.33086      47.60264
74.32684      47.60103
74.32008      47.6012
 1 
 1             510           
1
 -9999.0   ,   9990.0
   7
 7 
76.43628      47.76436
76.43186      47.76442
76.43345      47.77423
76.43958      47.7762
76.4412       47.77231
76.439        47.76617
76.43628      47.76436
 1 
 1             511           
1
 -9999.0   ,   9990.0
   7
 13 
74.06047      47.93817
74.05539      47.93859
74.0525       47.94723
74.05045      47.95
74.04761      47.95381
74.04547      47.95903
74.0463       47.96886
74.04867      47.96908
74.05314      47.96639
74.05606      47.95547
74.05959      47.95
74.06308      47.94459
74.06047      47.93817
 1 
 1             512           
1
 -9999.0   ,   9990.0
   7
 12 
77.81115      48.01475
77.80465      48.01534
77.80031      48.02489
77.80009      48.0315
77.8024       48.03472
77.80642      48.03636
77.81778      48.0315
77.8192       48.02947
77.81823      48.02761
77.81147      48.02639
77.80883      48.02295
77.81115      48.01475
 1 
 1             513           
1
 -9999.0   ,   9990.0
   7
 11 
76.48389      48.05967
76.46364      48.06237
76.45905      48.065
76.46167      48.06711
76.47473      48.06539
76.48109      48.06692
76.48236      48.0745
76.48786      48.07373
76.49106      48.07153
76.48714      48.0625
76.48389      48.05967
 1 
 1             514           
1
 -9999.0   ,   9990.0
   7
 128 
78            48.03395
78            48.01697
77.99636      48.01589
77.96623      48.01097
77.92958      48
77.92934      47.99872
77.92115      47.99778
77.91645      47.99217
77.91225      47.99
77.907        47.99422
77.90242      47.99089
77.89373      47.98759
77.88717      47.98509
77.87314      47.98311
77.84897      47.97567
77.83714      47.97731
77.83525      47.98009
77.84658      47.98212
77.85183      47.98542
77.85978      48
77.86006      48.0035
77.866        48.0102
77.86197      48.01953
77.85503      48.02536
77.8499       48.0262
77.84395      48.03161
77.83508      48.03309
77.82764      48.03095
77.81936      48.03775
77.81858      48.03836
77.81484      48.03923
77.7982       48.03831
77.79339      48.03986
77.77911      48.0392
77.77186      48.04275
77.76473      48.04334
77.759        48.04122
77.74672      48.0415
77.73867      48.0382
77.73283      48.04039
77.72945      48.03989
77.7262       48.03528
77.71975      48.0345
77.70433      48.03817
77.69898      48.03559
77.69389      48.03506
77.69092      48.04256
77.6853       48.04842
77.6717       48.04798
77.6624       48.0515
77.66145      48.04995
77.66015      48.04781
77.65745      48.04709
77.6562       48.04342
77.63623      48.05147
77.6355       48.05178
77.63648      48.05409
77.63934      48.05434
77.64291      48.05464
77.6472       48.05881
77.6507       48.05567
77.66361      48.05586
77.66697      48.05728
77.65481      48.06531
77.65097      48.06595
77.64967      48.06617
77.64495      48.06495
77.63431      48.06822
77.62748      48.06856
77.62125      48.07122
77.61428      48.07637
77.61795      48.07892
77.64086      48.07539
77.64778      48.07161
77.65434      48.07022
77.65661      48.06975
77.66595      48.06778
77.67492      48.064
77.68686      48.0635
77.70384      48.05347
77.71203      48.05267
77.72236      48.04917
77.73683      48.05347
77.73834      48.04914
77.74178      48.04828
77.75017      48.05184
77.74906      48.055
77.75647      48.05672
77.76434      48.05592
77.76531      48.05706
77.76389      48.05886
77.75841      48.06017
77.74858      48.06983
77.75295      48.0722
77.76009      48.07275
77.769        48.06967
77.77139      48.06708
77.77959      48.05817
77.79742      48.05292
77.80461      48.05142
77.8097       48.05217
77.81292      48.05839
77.82361      48.05303
77.81667      48.04611
77.8267       48.04053
77.83559      48.0395
77.84042      48.03636
77.85275      48.03309
77.88892      48.01667
77.89848      48.01542
77.90095      48.01225
77.90339      48.0112
77.90611      48.01003
77.91292      48.00942
77.91925      48.01406
77.9223       48.01456
77.9275       48.01097
77.93467      48.0097
77.93816      48.01817
77.94228      48.01753
77.95061      48.011
77.95623      48.01678
77.96667      48.02011
77.97314      48.0195
77.97956      48.02139
77.98383      48.02695
77.98859      48.02722
78            48.03395
 1 
 1             515           
1
 -9999.0   ,   9990.0
   7
 7 
77.46467      48.09092
77.46356      48.0932
77.46686      48.09553
77.48608      48.10108
77.49395      48.10031
77.48592      48.09584
77.46467      48.09092
 1 
 1             516           
1
 -9999.0   ,   9990.0
   7
 18 
77.78278      48.07578
77.77831      48.07756
77.77853      48.08145
77.78625      48.08497
77.7887       48.09484
77.78686      48.09892
77.79142      48.10559
77.80548      48.11423
77.80959      48.11314
77.81033      48.11109
77.79895      48.10456
77.79608      48.09745
77.79723      48.09403
77.79256      48.09009
77.79583      48.08372
77.7929       48.07936
77.78786      48.07631
77.78278      48.07578
 2 
 1             517           
1
 -9999.0   ,   9990.0
   7
 42 
76.16015      48.11589
76.15823      48.11078
76.14723      48.09689
76.14261      48.10461
76.13711      48.10536
76.1342       48.103
76.13358      48.09636
76.131        48.094
76.12125      48.09211
76.1185       48.08725
76.12325      48.07686
76.10956      48.06209
76.05145      48.03456
76.05092      48.03225
76.02973      48.0282
76.02548      48.02578
76.01859      48.02695
76.01253      48.02586
75.997        48.01922
75.98783      48.00867
75.96081      48
75.96         48
75.97239      48.01073
75.98309      48.01836
75.99583      48.03131
76.01753      48.04314
76.0224       48.05197
76.02678      48.05256
76.03028      48.05084
76.03403      48.05095
76.04078      48.05686
76.04761      48.05639
76.06064      48.06567
76.09345      48.07945
76.10486      48.08886
76.12061      48.10192
76.12853      48.11175
76.13461      48.11239
76.13986      48.11025
76.14798      48.11139
76.1569       48.116
76.16015      48.11589
 1             517           2 
1
 -9999.0   ,   9990.0
   7
 8 
76.07986      48.053
76.09483      48.05823
76.10153      48.06528
76.09834      48.06747
76.0922       48.06728
76.06906      48.06181
76.06617      48.05897
76.07986      48.053
 1 
 1             518           
1
 -9999.0   ,   9990.0
   7
 23 
76.14723      48.09689
76.15823      48.11078
76.16015      48.11589
76.16489      48.11303
76.16836      48.10673
76.17516      48.10189
76.17333      48.09842
76.17516      48.09639
76.18066      48.09564
76.18373      48.10123
76.19081      48.10234
76.20178      48.10103
76.18847      48.09609
76.17111      48.08486
76.16503      48.07897
76.15628      48.07736
76.14159      48.07809
76.12325      48.07686
76.13016      48.0805
76.14066      48.0817
76.15183      48.08797
76.15295      48.09189
76.14723      48.09689
 1 
 1             519           
1
 -9999.0   ,   9990.0
   7
 46 
76.05092      48.03225
76.05145      48.03456
76.10956      48.06209
76.12325      48.07686
76.14159      48.07809
76.15628      48.07736
76.16503      48.07897
76.17111      48.08486
76.18847      48.09609
76.20178      48.10103
76.20272      48.10792
76.20436      48.10889
76.21306      48.10639
76.21709      48.11245
76.22011      48.1132
76.22314      48.10847
76.22228      48.10572
76.21598      48.10303
76.21515      48.0995
76.21067      48.09534
76.20464      48.09381
76.19403      48.09442
76.18381      48.08886
76.18083      48.08217
76.18408      48.07358
76.1835       48.06736
76.18328      48.06486
76.18075      48.06161
76.17533      48.06098
76.16665      48.06964
76.14828      48.07439
76.13275      48.07234
76.12617      48.0685
76.12548      48.06367
76.12814      48.05895
76.1269       48.05731
76.12253      48.05628
76.11589      48.05884
76.10828      48.05542
76.10381      48.05095
76.10178      48.04539
76.09708      48.04434
76.09634      48.0457
76.07872      48.03878
76.05736      48.03267
76.05092      48.03225
 1 
 1             520           
1
 -9999.0   ,   9990.0
   7
 9 
75.98783      48.00867
75.997        48.01922
76.01253      48.02586
76.01859      48.02695
76.02548      48.02578
76.01131      48.01875
75.99958      48.01061
75.99431      48.00842
75.98783      48.00867
 1 
 1             521           
1
 -9999.0   ,   9990.0
   7
 40 
77.42856      48.1182
77.43328      48.11942
77.44873      48.11647
77.47381      48.12009
77.48439      48.11978
77.48186      48.12364
77.48417      48.12595
77.49975      48.11845
77.5179       48.11645
77.52753      48.11339
77.5572       48.11272
77.56464      48.11397
77.57159      48.1102
77.57667      48.1112
77.58186      48.10831
77.58445      48.10286
77.58495      48.10253
77.59003      48.09906
77.59828      48.09645
77.60733      48.0902
77.60903      48.08039
77.60531      48.07989
77.59991      48.08847
77.56436      48.10234
77.5548       48.10264
77.54689      48.1057
77.52666      48.099
77.5215       48.10075
77.5295       48.10567
77.52739      48.1077
77.52092      48.10803
77.51217      48.1047
77.50603      48.10531
77.50528      48.10689
77.50992      48.11061
77.50198      48.11392
77.467        48.11083
77.4442       48.11045
77.43767      48.11172
77.42856      48.1182
 1 
 1             522           
1
 -9999.0   ,   9990.0
   7
 8 
77.55155      48.14711
77.54622      48.13425
77.5365       48.13959
77.54823      48.14548
77.54633      48.1507
77.55245      48.15148
77.55456      48.14945
77.55155      48.14711
 1 
 1             523           
1
 -9999.0   ,   9990.0
   7
 7 
76.46811      48.15728
76.46142      48.161
76.45914      48.16461
76.46273      48.16789
76.47173      48.15967
76.4708       48.15759
76.46811      48.15728
 1 
 1             524           
1
 -9999.0   ,   9990.0
   7
 7 
76.54716      48.17689
76.54378      48.17039
76.54125      48.17283
76.54616      48.18897
76.55         48.18745
76.55117      48.18475
76.54716      48.17689
 1 
 1             525           
1
 -9999.0   ,   9990.0
   7
 10 
76.37348      48.19414
76.38116      48.19114
76.38965      48.19228
76.39181      48.19006
76.3842       48.18598
76.38423      48.18003
76.37361      48.1802
76.37         48.18378
76.37422      48.18731
76.37348      48.19414
 1 
 1             526           
1
 -9999.0   ,   9990.0
   7
 8 
77.83836      48.20167
77.83556      48.20392
77.8402       48.20878
77.84695      48.21228
77.85408      48.21261
77.8562       48.21034
77.85353      48.20825
77.83836      48.20167
 1 
 1             527           
1
 -9999.0   ,   9990.0
   7
 6 
77.86328      48.21386
77.86114      48.21703
77.8617       48.22136
77.86664      48.22739
77.872        48.21923
77.86328      48.21386
 1 
 1             528           
1
 -9999.0   ,   9990.0
   7
 10 
77.92931      48.22039
77.92133      48.22486
77.92128      48.22692
77.93259      48.22545
77.9447       48.23223
77.9515       48.23323
77.954        48.22914
77.95167      48.22636
77.93781      48.22164
77.92931      48.22039
 1 
 1             529           
1
 -9999.0   ,   9990.0
   7
 14 
77.93428      48.2385
77.9305       48.23914
77.91761      48.24881
77.90703      48.24845
77.89753      48.24603
77.8899       48.25098
77.88997      48.25111
77.89217      48.25464
77.91639      48.25609
77.93214      48.25106
77.93222      48.25103
77.9417       48.2427
77.9404       48.23947
77.93428      48.2385
 1 
 1             530           
1
 -9999.0   ,   9990.0
   7
 26 
76.31597      48.23078
76.30561      48.23406
76.28531      48.24045
76.273        48.24034
76.25136      48.23678
76.24536      48.23434
76.23514      48.21736
76.23275      48.20961
76.23145      48.20539
76.2239       48.19489
76.21716      48.18809
76.21653      48.18903
76.21         48.19861
76.21616      48.21273
76.21716      48.21503
76.22495      48.22189
76.22578      48.22512
76.26225      48.25345
76.27731      48.26514
76.28861      48.25356
76.2888       48.25342
76.29825      48.24653
76.31361      48.24167
76.31623      48.23795
76.31658      48.23742
76.31597      48.23078
 1 
 1             531           
1
 -9999.0   ,   9990.0
   7
 33 
76.21653      48.18903
76.21716      48.18809
76.2239       48.19489
76.23145      48.20539
76.23275      48.20961
76.23514      48.21736
76.24536      48.23434
76.25136      48.23678
76.273        48.24034
76.28531      48.24045
76.30561      48.23406
76.31597      48.23078
76.30825      48.22828
76.29972      48.2307
76.29576      48.23184
76.28926      48.23189
76.27848      48.22906
76.25745      48.23214
76.24997      48.23173
76.2467       48.22911
76.24184      48.21411
76.24211      48.20984
76.24256      48.2025
76.23436      48.19153
76.23425      48.18742
76.2423       48.17872
76.24181      48.17573
76.2395       48.17453
76.23256      48.17662
76.22364      48.18439
76.22023      48.18362
76.2105       48.18142
76.21653      48.18903
 1 
 1             532           
1
 -9999.0   ,   9990.0
   7
 10 
76.21         48.19861
76.21653      48.18903
76.2105       48.18142
76.20298      48.16917
76.19453      48.16231
76.17703      48.15314
76.17553      48.16086
76.18825      48.16989
76.19973      48.1885
76.21         48.19861
 1 
 1             533           
1
 -9999.0   ,   9990.0
   7
 12 
76.17703      48.15314
76.19453      48.16231
76.20298      48.16917
76.2105       48.18142
76.21572      48.1782
76.21889      48.1712
76.21814      48.16661
76.21359      48.16331
76.21259      48.15734
76.20123      48.14809
76.1937       48.14834
76.17703      48.15314
 1 
 1             534           
1
 -9999.0   ,   9990.0
   7
 11 
77.59953      48.2705
77.59639      48.2725
77.5987       48.27528
77.59586      48.27798
77.59686      48.27936
77.6023       48.27967
77.60697      48.28317
77.61191      48.27822
77.60975      48.27181
77.60256      48.27261
77.59953      48.2705
 1 
 1             535           
1
 -9999.0   ,   9990.0
   7
 32 
78            48.24383
77.99316      48.24559
77.978        48.25098
77.95215      48.26017
77.93151      48.26586
77.90998      48.27659
77.88886      48.28681
77.87383      48.28709
77.8649       48.28881
77.86278      48.28978
77.85761      48.29214
77.83495      48.29573
77.80214      48.29484
77.80886      48.29903
77.82725      48.30178
77.83753      48.30123
77.8465       48.2977
77.86915      48.29547
77.88192      48.29061
77.88275      48.29048
77.89222      48.28892
77.89786      48.28495
77.90892      48.28045
77.91773      48.28192
77.92184      48.28106
77.93923      48.27006
77.94611      48.26834
77.9558       48.2632
77.96881      48.26264
77.97784      48.25706
78            48.25095
78            48.24383
 1 
 1             536           
1
 -9999.0   ,   9990.0
   7
 25 
77.80214      48.29484
77.83495      48.29573
77.85761      48.29214
77.86278      48.28978
77.8649       48.28881
77.87383      48.28709
77.88886      48.28681
77.90998      48.27659
77.93151      48.26586
77.95215      48.26017
77.978        48.25098
77.99316      48.24559
78            48.24383
78            48.23756
77.97483      48.24195
77.96895      48.24392
77.96311      48.24592
77.95247      48.25103
77.93439      48.25973
77.893        48.27384
77.8727       48.27839
77.8602       48.286
77.82853      48.28858
77.80947      48.29014
77.80214      48.29484
 1 
 1             537           
1
 -9999.0   ,   9990.0
   7
 7 
77.60648      48.29756
77.60333      48.30003
77.60425      48.30323
77.60986      48.30925
77.61903      48.311
77.6215       48.30828
77.60648      48.29756
 1 
 1             538           
1
 -9999.0   ,   9990.0
   7
 43 
77.58603      48.24608
77.5737       48.24728
77.5625       48.24459
77.55111      48.24784
77.54611      48.25159
77.54095      48.25545
77.5342       48.26311
77.53395      48.26325
77.4955       48.28398
77.49022      48.28845
77.48764      48.29364
77.49245      48.3022
77.48775      48.30897
77.46786      48.32514
77.457        48.33395
77.44711      48.33525
77.45341      48.34039
77.46164      48.34006
77.46761      48.33581
77.46467      48.33281
77.47381      48.32728
77.47864      48.32434
77.49533      48.30725
77.5035       48.30897
77.51053      48.30361
77.51297      48.2927
77.5179       48.28934
77.51936      48.28595
77.51886      48.28067
77.52214      48.27503
77.52775      48.27075
77.53672      48.26886
77.54536      48.26333
77.5535       48.25814
77.55705      48.25386
77.56431      48.2517
77.56758      48.25156
77.5722       48.25136
77.57273      48.25156
77.57858      48.25373
77.58225      48.25153
77.58417      48.25039
77.58603      48.24608
 1 
 1             539           
1
 -9999.0   ,   9990.0
   7
 112 
77.44711      48.33525
77.457        48.33395
77.46786      48.32514
77.48775      48.30897
77.49245      48.3022
77.48764      48.29364
77.49022      48.28845
77.4955       48.28398
77.53395      48.26325
77.5342       48.26311
77.54095      48.25545
77.54611      48.25159
77.55111      48.24784
77.5625       48.24459
77.5737       48.24728
77.58603      48.24608
77.61245      48.24283
77.62256      48.24664
77.63384      48.24658
77.66206      48.24995
77.68298      48.24753
77.68716      48.25139
77.69861      48.26192
77.70853      48.27142
77.71308      48.2702
77.72403      48.2675
77.7305       48.2685
77.74523      48.26734
77.74503      48.26231
77.74033      48.2595
77.73489      48.25853
77.72698      48.26092
77.71945      48.26128
77.71789      48.26084
77.71267      48.25936
77.70775      48.25289
77.70084      48.25136
77.69553      48.2502
77.68584      48.24345
77.65095      48.24545
77.64425      48.24147
77.621        48.24228
77.60245      48.23537
77.58953      48.23334
77.58381      48.23075
77.5772       48.22495
77.57681      48.21603
77.58234      48.20925
77.58714      48.20339
77.58591      48.1995
77.58776      48.19564
77.59255      48.19456
77.61089      48.19714
77.61203      48.19439
77.60939      48.19139
77.60464      48.19086
77.60378      48.18584
77.5997       48.18531
77.59209      48.18839
77.58434      48.18622
77.57486      48.19339
77.57195      48.19906
77.57225      48.20956
77.5654       48.21036
77.56392      48.21378
77.565        48.222
77.5692       48.22892
77.56284      48.23545
77.55736      48.23537
77.55178      48.23786
77.54695      48.24
77.53741      48.23895
77.53428      48.24139
77.5375       48.24625
77.5357       48.24964
77.53256      48.25098
77.52811      48.25089
77.52214      48.24623
77.50253      48.24089
77.49198      48.23981
77.48611      48.24109
77.46731      48.25131
77.46772      48.25172
77.47028      48.25431
77.47539      48.25417
77.48131      48.2517
77.48961      48.24822
77.49614      48.24764
77.51067      48.25164
77.51078      48.25167
77.51642      48.25323
77.52133      48.25925
77.52011      48.26317
77.51978      48.26425
77.51915      48.26472
77.5142       48.26828
77.50011      48.26964
77.49492      48.27206
77.49261      48.27842
77.48881      48.2802
77.48475      48.27875
77.4772       48.2702
77.47303      48.27195
77.48125      48.29059
77.47308      48.29845
77.47573      48.30123
77.48225      48.30042
77.48317      48.30386
77.4765       48.30786
77.46316      48.32639
77.45717      48.33175
77.44711      48.33525
 1 
 1             540           
1
 -9999.0   ,   9990.0
   7
 21 
77.69861      48.26192
77.68716      48.25139
77.68298      48.24753
77.66206      48.24995
77.63384      48.24658
77.62256      48.24664
77.61245      48.24283
77.58603      48.24608
77.59541      48.25147
77.60336      48.24864
77.6112       48.24875
77.61892      48.25147
77.61931      48.25161
77.62192      48.25147
77.63609      48.25072
77.63865      48.25145
77.64117      48.25217
77.6647       48.25342
77.68273      48.25572
77.6867       48.25945
77.69861      48.26192
 1 
 1             541           
1
 -9999.0   ,   9990.0
   7
 6 
76.95742      48.33345
76.95341      48.34142
76.95734      48.34253
76.96545      48.33792
76.9622       48.3342
76.95742      48.33345
 1 
 1             542           
1
 -9999.0   ,   9990.0
   7
 7 
72.50058      48.34964
72.506        48.35023
72.51458      48.34295
72.50925      48.3417
72.50678      48.3372
72.50328      48.33767
72.50058      48.34964
 1 
 1             543           
1
 -9999.0   ,   9990.0
   7
 28 
77.39686      48.35178
77.38997      48.35259
77.37534      48.35942
77.36881      48.3602
77.36411      48.35739
77.36225      48.35234
77.35878      48.35364
77.35861      48.355
77.35781      48.36117
77.33767      48.36833
77.34225      48.37322
77.35173      48.37636
77.36259      48.37061
77.37573      48.36672
77.38225      48.36636
77.38239      48.37164
77.38648      48.37261
77.39316      48.3677
77.40192      48.37175
77.40306      48.36856
77.39572      48.36342
77.39716      48.36114
77.3942       48.35836
77.39603      48.35542
77.40915      48.36203
77.41061      48.35886
77.40703      48.354
77.39686      48.35178
 1 
 1             544           
1
 -9999.0   ,   9990.0
   7
 19 
77.57983      48.35678
77.57181      48.36122
77.56015      48.37131
77.54559      48.37659
77.54723      48.37867
77.5524       48.37784
77.55406      48.37945
77.54916      48.38211
77.55217      48.384
77.5625       48.38231
77.57406      48.38525
77.576        48.37864
77.57139      48.37309
77.58278      48.37075
77.58636      48.36625
77.59184      48.36586
77.59573      48.3625
77.58631      48.35756
77.57983      48.35678
 1 
 1             545           
1
 -9999.0   ,   9990.0
   7
 7 
76.93345      48.42725
76.92958      48.42878
76.92631      48.43306
76.92717      48.4365
76.93181      48.44003
76.93716      48.43559
76.93345      48.42725
 1 
 1             546           
1
 -9999.0   ,   9990.0
   7
 14 
77.21628      48.46167
77.22311      48.46247
77.22767      48.45981
77.23489      48.45125
77.25066      48.44334
77.25511      48.4352
77.25422      48.43198
77.24845      48.4305
77.24378      48.43545
77.2337       48.43914
77.23106      48.44433
77.22475      48.44767
77.21545      48.45731
77.21628      48.46167
 1 
 1             547           
1
 -9999.0   ,   9990.0
   7
 10 
76.97498      48.44092
76.97186      48.44134
76.9655       48.44553
76.96536      48.4485
76.97434      48.45464
76.97139      48.45892
76.97703      48.46292
76.98131      48.45959
76.97691      48.45103
76.97498      48.44092
 1 
 1             548           
1
 -9999.0   ,   9990.0
   7
 23 
77.925        48.40728
77.91323      48.40839
77.8892       48.41347
77.8877       48.41378
77.87497      48.4157
77.87366      48.41567
77.86395      48.41784
77.83806      48.43578
77.81006      48.46648
77.81239      48.46903
77.8155       48.4677
77.82761      48.45278
77.83145      48.451
77.83331      48.44578
77.86517      48.42311
77.87783      48.41756
77.89014      48.41678
77.89217      48.41667
77.89997      48.41645
77.90656      48.41381
77.91614      48.41436
77.92306      48.41239
77.925        48.40728
 1 
 1             549           
1
 -9999.0   ,   9990.0
   7
 19 
77.81006      48.46648
77.83806      48.43578
77.86395      48.41784
77.84814      48.419
77.80798      48.43242
77.78655      48.44881
77.76583      48.45728
77.77392      48.45848
77.78914      48.45434
77.79831      48.44425
77.80326      48.4415
77.80908      48.44181
77.82478      48.43286
77.82886      48.43339
77.82148      48.44014
77.81914      48.449
77.80828      48.45709
77.80673      48.46347
77.81006      48.46648
 1 
 1             550           
1
 -9999.0   ,   9990.0
   7
 34 
77.86395      48.41784
77.87366      48.41567
77.87497      48.4157
77.8877       48.41378
77.8892       48.41347
77.91323      48.40839
77.925        48.40728
77.95081      48.39947
77.99242      48.39334
77.99561      48.3895
77.98084      48.39184
77.96298      48.39253
77.92256      48.40553
77.89375      48.40634
77.8875       48.40764
77.87617      48.41
77.8714       48.40903
77.85865      48.41136
77.84875      48.40964
77.84592      48.41328
77.83798      48.415
77.82339      48.4212
77.8155       48.42178
77.80078      48.433
77.79459      48.43362
77.78965      48.44214
77.77725      48.44959
77.77078      48.44975
77.76514      48.45378
77.76583      48.45728
77.78655      48.44881
77.80798      48.43242
77.84814      48.419
77.86395      48.41784
 1 
 1             551           
1
 -9999.0   ,   9990.0
   7
 13 
77.925        48.40728
77.92306      48.41239
77.93092      48.40736
77.939        48.40573
77.96615      48.40264
77.97375      48.39953
77.99059      48.39881
78            48.39672
78            48.38939
77.99561      48.3895
77.99242      48.39334
77.95081      48.39947
77.925        48.40728
 1 
 1             552           
1
 -9999.0   ,   9990.0
   7
 13 
76.88741      48.49872
76.89467      48.49797
76.90017      48.49122
76.90539      48.4895
76.90664      48.4852
76.90436      48.48264
76.89806      48.48478
76.89467      48.48425
76.891        48.48875
76.88692      48.4882
76.88409      48.48997
76.888        48.49417
76.88741      48.49872
 1 
 1             553           
1
 -9999.0   ,   9990.0
   7
 10 
77.59395      48.48492
77.58867      48.48895
77.58645      48.49372
77.58795      48.49989
77.59297      48.50295
77.59775      48.5037
77.59703      48.49547
77.6065       48.48923
77.60384      48.48645
77.59395      48.48492
 1 
 1             554           
1
 -9999.0   ,   9990.0
   7
 11 
76.9008       48.50586
76.89701      48.5067
76.88675      48.52681
76.89236      48.53858
76.895        48.54048
76.89958      48.53806
76.89841      48.53414
76.90517      48.52973
76.90066      48.52323
76.90234      48.51023
76.9008       48.50586
 1 
 1             555           
1
 -9999.0   ,   9990.0
   7
 21 
72.12011      48.54267
72.12636      48.53739
72.13541      48.53453
72.1419       48.52806
72.14173      48.52461
72.13626      48.51736
72.13766      48.51472
72.14303      48.51806
72.14601      48.51664
72.14425      48.51445
72.13636      48.51186
72.12406      48.51337
72.11636      48.50942
72.10678      48.50903
72.10022      48.50653
72.09483      48.50803
72.08992      48.5155
72.09255      48.53036
72.09689      48.53361
72.11089      48.53706
72.12011      48.54267
 1 
 1             556           
1
 -9999.0   ,   9990.0
   7
 7 
72.11498      48.54903
72.10965      48.55236
72.11225      48.55345
72.12006      48.55212
72.12111      48.54967
72.12597      48.547
72.12011      48.54267
 1 
 1             557           
1
 -9999.0   ,   9990.0
   7
 14 
77.49245      48.528
77.48661      48.52895
77.47265      48.53533
77.46823      48.53345
77.45389      48.54028
77.43422      48.55184
77.43242      48.55386
77.4077       48.5617
77.41861      48.56392
77.43156      48.5582
77.45625      48.55106
77.46225      48.54636
77.48186      48.53639
77.49245      48.528
 1 
 1             558           
1
 -9999.0   ,   9990.0
   7
 19 
77.46823      48.53345
77.47265      48.53533
77.48661      48.52895
77.49245      48.528
77.4985       48.5232
77.52523      48.51584
77.53641      48.50961
77.54211      48.504
77.54291      48.50134
77.54639      48.48967
77.54266      48.49131
77.53941      48.49275
77.53858      48.49686
77.53103      48.50681
77.52503      48.51128
77.51598      48.51525
77.50081      48.51662
77.47659      48.53039
77.46823      48.53345
 1 
 1             559           
1
 -9999.0   ,   9990.0
   7
 22 
77.54639      48.48967
77.54291      48.50134
77.54211      48.504
77.53641      48.50961
77.52523      48.51584
77.4985       48.5232
77.49245      48.528
77.51881      48.52214
77.52603      48.52203
77.53025      48.51889
77.53786      48.51742
77.53941      48.51264
77.54611      48.50795
77.54616      48.5075
77.54745      48.4995
77.55172      48.495
77.56395      48.48881
77.57017      48.48753
77.57625      48.48009
77.56889      48.46511
77.56136      48.48373
77.54639      48.48967
 1 
 1             560           
1
 -9999.0   ,   9990.0
   7
 8 
77.3242       48.58675
77.31748      48.59098
77.31233      48.59067
77.30947      48.59358
77.3097       48.59656
77.3127       48.59867
77.3282       48.58956
77.3242       48.58675
 1 
 1             561           
1
 -9999.0   ,   9990.0
   7
 13 
76.61972      48.58953
76.61756      48.59131
76.61941      48.59525
76.63497      48.60042
76.69175      48.60723
76.69289      48.6052
76.68998      48.6017
76.67472      48.597
76.66092      48.59806
76.64975      48.59436
76.63561      48.59473
76.62691      48.59039
76.61972      48.58953
 1 
 1             562           
1
 -9999.0   ,   9990.0
   7
 8 
72.32117      48.67256
72.32906      48.67614
72.33798      48.6742
72.34047      48.67136
72.3393       48.66992
72.33141      48.67172
72.3237       48.67008
72.32117      48.67256
 1 
 1             563           
1
 -9999.0   ,   9990.0
   7
 8 
72.318        48.67108
72.31389      48.67337
72.31008      48.68048
72.31136      48.68606
72.31517      48.68606
72.31775      48.68256
72.31686      48.67675
72.32117      48.67256
 1 
 1             564           
1
 -9999.0   ,   9990.0
   7
 16 
77.31242      48.69153
77.31095      48.67678
77.30256      48.64578
77.30681      48.63542
77.3087       48.62703
77.31284      48.62528
77.338        48.60253
77.33673      48.60047
77.3178       48.60881
77.31525      48.61242
77.30006      48.62223
77.3022       48.62864
77.29403      48.64314
77.29281      48.64792
77.30556      48.68195
77.31242      48.69153
 1 
 1             565           
1
 -9999.0   ,   9990.0
   7
 21 
77.33673      48.60047
77.338        48.60253
77.31284      48.62528
77.3087       48.62703
77.30681      48.63542
77.30256      48.64578
77.31095      48.67678
77.31242      48.69153
77.319        48.69042
77.32191      48.68681
77.31084      48.63689
77.31384      48.62939
77.32406      48.62422
77.34231      48.60695
77.35145      48.60256
77.36281      48.59336
77.37478      48.5865
77.38303      48.57772
77.38247      48.57406
77.362        48.58742
77.33673      48.60047
 1 
 1             566           
1
 -9999.0   ,   9990.0
   7
 6 
73.19245      48.77492
73.19631      48.78017
73.20411      48.78131
73.20639      48.77981
73.20609      48.77684
73.19245      48.77492
 1 
 1             567           
1
 -9999.0   ,   9990.0
   7
 17 
72.07095      48.79567
72.07806      48.79222
72.07611      48.78889
72.08275      48.78634
72.07533      48.78495
72.07461      48.78284
72.07667      48.78067
72.07561      48.77831
72.07198      48.77714
72.0547       48.779
72.04553      48.78228
72.04058      48.78945
72.04242      48.7915
72.05675      48.79314
72.06147      48.79161
72.06692      48.79242
72.07095      48.79567
 1 
 1             568           
1
 -9999.0   ,   9990.0
   7
 8 
72.73131      48.85311
72.72759      48.85495
72.7283       48.86256
72.73148      48.86733
72.7352       48.8655
72.73773      48.8597
72.73575      48.85361
72.73131      48.85311
 1 
 1             569           
1
 -9999.0   ,   9990.0
   7
 30 
77.89095      48.82392
77.8852       48.81906
77.87939      48.81714
77.86248      48.81647
77.85345      48.8175
77.84811      48.82292
77.83564      48.8237
77.83066      48.82842
77.83361      48.83417
77.83942      48.83631
77.83717      48.84245
77.83197      48.84284
77.82725      48.85078
77.81883      48.85478
77.8035       48.85778
77.79961      48.86092
77.79916      48.86434
77.80289      48.86737
77.82741      48.86792
77.83134      48.86534
77.84683      48.85514
77.85095      48.85634
77.84939      48.86203
77.85215      48.8632
77.86411      48.85581
77.87195      48.84789
77.878        48.85322
77.8822       48.85192
77.89447      48.83378
77.89095      48.82392
 1 
 1             570           
1
 -9999.0   ,   9990.0
   7
 10 
76.59895      49.08056
76.59233      49.08084
76.58978      49.08261
76.59241      49.08542
76.61075      49.08723
76.61264      49.09072
76.61503      49.09145
76.6173       49.08167
76.60783      49.08328
76.59895      49.08056
 1 
 1             571           
1
 -9999.0   ,   9990.0
   7
 11 
73.45625      49.14625
73.46139      49.14698
73.46692      49.14178
73.47236      49.13998
73.4747       49.13506
73.4805       49.13034
73.47711      49.12372
73.47295      49.1235
73.47058      49.12592
73.46433      49.14003
73.45625      49.14625
 1 
 1             572           
1
 -9999.0   ,   9990.0
   7
 12 
76.72536      49.12258
76.72336      49.12073
76.72056      49.12134
76.71328      49.13397
76.70333      49.14428
76.69583      49.14775
76.69534      49.15073
76.70328      49.15159
76.71028      49.14467
76.72742      49.143
76.7302       49.13642
76.72536      49.12258
 1 
 1             573           
1
 -9999.0   ,   9990.0
   7
 10 
76.76773      49.13086
76.7627       49.1342
76.75611      49.13336
76.7532       49.13581
76.7575       49.14
76.7567       49.14228
76.7488       49.14645
76.75333      49.15342
76.77081      49.13183
76.76773      49.13086
 1 
 1             574           
1
 -9999.0   ,   9990.0
   7
 21 
72.08695      49.20378
72.08466      49.20503
72.07936      49.20306
72.07395      49.20408
72.07064      49.21675
72.07331      49.2245
72.06986      49.22887
72.06965      49.23253
72.07233      49.23567
72.0795       49.23453
72.087        49.23825
72.0902       49.2357
72.08703      49.23111
72.09006      49.2272
72.0892       49.22139
72.09808      49.21575
72.09678      49.21292
72.09914      49.20872
72.09775      49.20634
72.09206      49.20711
72.08695      49.20378
 1 
 1             575           
1
 -9999.0   ,   9990.0
   7
 8 
72.97117      49.25306
72.96745      49.25195
72.96095      49.25578
72.9572       49.258
72.95861      49.26061
72.96664      49.25809
72.96711      49.25756
72.97117      49.25306
 1 
 1             576           
1
 -9999.0   ,   9990.0
   7
 6 
77.50992      49.25581
77.50114      49.25728
77.5          49.26047
77.50933      49.27225
77.5115       49.27
77.50992      49.25581
 1 
 1             577           
1
 -9999.0   ,   9990.0
   7
 5 
73.49728      49.28317
73.49342      49.29192
73.49775      49.29672
73.50103      49.29278
73.49728      49.28317
 1 
 1             578           
1
 -9999.0   ,   9990.0
   7
 8 
76.74261      49.29081
76.73164      49.29353
76.73036      49.29809
76.73517      49.30003
76.74415      49.2952
76.75642      49.29434
76.75547      49.29225
76.74261      49.29081
 1 
 1             579           
1
 -9999.0   ,   9990.0
   7
 8 
72.4342       49.32281
72.44417      49.30711
72.44497      49.30142
72.44048      49.29128
72.43028      49.30123
72.42717      49.30814
72.42792      49.31278
72.4342       49.32281
 1 
 1             580           
1
 -9999.0   ,   9990.0
   7
 9 
74.90358      49.32347
74.90442      49.32189
74.91008      49.32142
74.91314      49.31856
74.90875      49.31681
74.90691      49.31397
74.90378      49.31361
74.89772      49.31867
74.90358      49.32347
 1 
 1             581           
1
 -9999.0   ,   9990.0
   7
 10 
74.89772      49.31867
74.89181      49.31842
74.88086      49.32692
74.88056      49.32742
74.87842      49.33073
74.891        49.33853
74.89464      49.33708
74.89575      49.32864
74.89861      49.32675
74.90358      49.32347
 1 
 1             582           
1
 -9999.0   ,   9990.0
   7
 8 
75.40175      49.353
75.39678      49.35375
75.39408      49.35686
75.39741      49.36317
75.40189      49.36423
75.40745      49.36053
75.4057       49.35589
75.40175      49.353
 1 
 1             583           
1
 -9999.0   ,   9990.0
   7
 6 
75.08815      49.36531
75.09441      49.35753
75.09125      49.35375
75.08325      49.35322
75.08023      49.35564
75.08815      49.36531
 1 
 1             584           
1
 -9999.0   ,   9990.0
   7
 10 
73.62731      49.36434
73.6327       49.36622
73.63795      49.3635
73.64373      49.36495
73.64595      49.36392
73.64384      49.36106
73.62791      49.35934
73.625        49.36033
73.62465      49.36328
73.62731      49.36434
 1 
 1             585           
1
 -9999.0   ,   9990.0
   7
 12 
75.08325      49.35322
75.09125      49.35375
75.09441      49.35753
75.08815      49.36531
75.09108      49.37162
75.09475      49.37359
75.09761      49.36909
75.09973      49.35706
75.09661      49.34845
75.1027       49.34297
75.0962       49.34111
75.08325      49.35322
 1 
 1             586           
1
 -9999.0   ,   9990.0
   7
 8 
75.51195      49.37117
75.50736      49.37147
75.50542      49.3785
75.49978      49.38336
75.50198      49.38639
75.50936      49.3862
75.52323      49.37911
75.51195      49.37117
 1 
 1             587           
1
 -9999.0   ,   9990.0
   7
 8 
75.10795      49.38895
75.11234      49.39278
75.1125       49.39245
75.11405      49.38917
75.10945      49.38189
75.10425      49.38125
75.10191      49.38367
75.10795      49.38895
 1 
 1             588           
1
 -9999.0   ,   9990.0
   7
 24 
76.7297       49.44259
76.74656      49.4217
76.75056      49.41242
76.75561      49.40956
76.77514      49.4107
76.79125      49.39709
76.78764      49.39289
76.7819       49.39572
76.773        49.39142
76.75264      49.3992
76.75         49.39617
76.74906      49.38748
76.74489      49.38714
76.73425      49.38986
76.72867      49.39614
76.72261      49.39809
76.72061      49.40283
76.72661      49.40822
76.72745      49.41236
76.7252       49.4155
76.72439      49.42372
76.71989      49.42956
76.72236      49.43534
76.7297       49.44259
 1 
 1             589           
1
 -9999.0   ,   9990.0
   7
 7 
76.54165      49.435
76.53836      49.4372
76.54266      49.44189
76.55289      49.44695
76.55517      49.44378
76.54928      49.43634
76.54165      49.435
 1 
 1             590           
1
 -9999.0   ,   9990.0
   7
 7 
76.91536      49.44961
76.90715      49.446
76.8962       49.4547
76.902        49.45756
76.9057       49.45375
76.90992      49.45336
76.91536      49.44961
 1 
 1             591           
1
 -9999.0   ,   9990.0
   7
 16 
77.58947      49.4655
77.59375      49.46353
77.59859      49.45558
77.59636      49.45392
77.59686      49.44834
77.59792      49.44483
77.60247      49.44467
77.60541      49.44036
77.60273      49.43737
77.59886      49.43753
77.59383      49.44134
77.58536      49.44281
77.59125      49.45006
77.59211      49.45428
77.58611      49.46181
77.58947      49.4655
 1 
 1             592           
1
 -9999.0   ,   9990.0
   7
 16 
72.28845      49.45289
72.28495      49.4552
72.28826      49.46136
72.29295      49.46533
72.30497      49.46495
72.31478      49.46761
72.32598      49.46808
72.33286      49.46667
72.33722      49.46328
72.33578      49.46112
72.32164      49.46162
72.31823      49.45842
72.31133      49.45984
72.30406      49.45914
72.29711      49.45367
72.28845      49.45289
 1 
 1             593           
1
 -9999.0   ,   9990.0
   7
 19 
77.15317      49.47512
77.15459      49.47445
77.15308      49.46873
77.15573      49.46442
77.1505       49.46409
77.12703      49.45586
77.12348      49.45695
77.12045      49.46214
77.11453      49.46136
77.112        49.46267
77.11081      49.46631
77.11975      49.46992
77.11742      49.47512
77.12164      49.48231
77.13695      49.47734
77.13773      49.47528
77.14267      49.47447
77.15134      49.47645
77.15317      49.47512
 1 
 1             594           
1
 -9999.0   ,   9990.0
   7
 18 
77.73184      49.47278
77.72798      49.47342
77.72248      49.47014
77.72103      49.47172
77.72442      49.47542
77.72364      49.47747
77.71359      49.48489
77.70423      49.482
77.70028      49.4847
77.70717      49.488
77.71295      49.49356
77.71608      49.49428
77.719        49.49089
77.72217      49.49073
77.72478      49.4855
77.73473      49.48175
77.73658      49.47811
77.73184      49.47278
 1 
 1             595           
1
 -9999.0   ,   9990.0
   7
 8 
75.21083      49.48656
75.20528      49.49003
75.19736      49.49225
75.19673      49.49589
75.22017      49.49653
75.2237       49.49231
75.22183      49.48947
75.21083      49.48656
 1 
 1             596           
1
 -9999.0   ,   9990.0
   7
 9 
76.73114      49.46162
76.72422      49.46648
76.72525      49.47336
76.72311      49.48086
76.71686      49.48622
76.72248      49.49939
76.72311      49.49367
76.73423      49.47608
76.73114      49.46162
 1 
 1             597           
1
 -9999.0   ,   9990.0
   7
 11 
75.23511      49.49431
75.22833      49.49545
75.2314       49.50103
75.24267      49.50464
75.24564      49.5027
75.25303      49.5025
75.25425      49.5005
75.25231      49.49836
75.24886      49.49778
75.24592      49.49514
75.23511      49.49431
 1 
 1             598           
1
 -9999.0   ,   9990.0
   7
 7 
77.0179       49.4972
77.00661      49.49811
77.0037       49.50033
77.00981      49.50458
77.01466      49.50584
77.02116      49.50184
77.0179       49.4972
 1 
 1             599           
1
 -9999.0   ,   9990.0
   7
 5 
76.91203      49.51259
76.92516      49.50698
76.91439      49.5047
76.9093       49.50633
76.91203      49.51259
 1 
 1             600           
1
 -9999.0   ,   9990.0
   7
 36 
77.44189      49.30945
77.44311      49.34345
77.44209      49.36125
77.44995      49.38473
77.44283      49.39672
77.44536      49.40383
77.45895      49.41195
77.46486      49.42064
77.47206      49.42897
77.471        49.439
77.50311      49.47887
77.5142       49.48245
77.5289       49.4935
77.54161      49.49892
77.54464      49.50172
77.54339      49.50611
77.54645      49.5122
77.55092      49.51545
77.55483      49.51345
77.55714      49.508
77.55486      49.5025
77.54906      49.4985
77.53095      49.49058
77.5203       49.47956
77.49945      49.46483
77.49511      49.45928
77.4935       49.446
77.47606      49.42331
77.46878      49.41873
77.45778      49.3997
77.45825      49.38714
77.45423      49.36445
77.4554       49.36056
77.45158      49.33
77.44631      49.31492
77.44189      49.30945
 1 
 1             601           
1
 -9999.0   ,   9990.0
   7
 47 
77.54339      49.50611
77.54464      49.50172
77.54161      49.49892
77.5289       49.4935
77.5142       49.48245
77.50311      49.47887
77.471        49.439
77.47206      49.42897
77.46486      49.42064
77.45895      49.41195
77.44536      49.40383
77.44283      49.39672
77.44995      49.38473
77.44209      49.36125
77.44311      49.34345
77.44189      49.30945
77.43715      49.31684
77.43941      49.32306
77.43525      49.3322
77.43772      49.33872
77.43716      49.34381
77.4295       49.35214
77.42136      49.35498
77.4152       49.34278
77.407        49.33761
77.40408      49.34053
77.41081      49.34728
77.40992      49.35228
77.41336      49.35348
77.4187       49.3602
77.41975      49.3872
77.42478      49.39345
77.43283      49.3987
77.43739      49.40167
77.44236      49.40928
77.45878      49.41962
77.45695      49.44014
77.44908      49.45328
77.45164      49.45972
77.45886      49.46372
77.47595      49.46561
77.48436      49.47512
77.50411      49.48184
77.51422      49.49147
77.52625      49.49886
77.53667      49.50153
77.54339      49.50611
 1 
 1             602           
1
 -9999.0   ,   9990.0
   7
 9 
77.59514      49.51509
77.59578      49.51564
77.59931      49.50914
77.59592      49.50614
77.59292      49.50764
77.58295      49.50153
77.58117      49.50289
77.58311      49.50703
77.59514      49.51509
 1 
 1             603           
1
 -9999.0   ,   9990.0
   7
 43 
72.84758      49.46075
72.83678      49.46264
72.82961      49.46636
72.81786      49.46728
72.81475      49.47467
72.80556      49.47506
72.79586      49.48161
72.78781      49.48139
72.77853      49.4875
72.7732       49.48786
72.76836      49.48461
72.75736      49.48533
72.75031      49.48286
72.74258      49.47761
72.73759      49.4757
72.73434      49.4762
72.73297      49.47817
72.73084      49.48128
72.73286      49.50228
72.73842      49.50536
72.74042      49.50536
72.74403      49.50534
72.7497       49.50534
72.76214      49.512
72.76742      49.51714
72.77003      49.51614
72.78253      49.51734
72.78695      49.51597
72.78848      49.51261
72.79283      49.5115
72.79456      49.50931
72.79         49.50653
72.79308      49.50464
72.80197      49.50906
72.80903      49.509
72.82105      49.50328
72.82933      49.49159
72.83647      49.47525
72.84233      49.471
72.85208      49.46903
72.85611      49.46537
72.85273      49.46173
72.84758      49.46075
 1 
 1             604           
1
 -9999.0   ,   9990.0
   7
 8 
72.7174       49.50206
72.71228      49.49831
72.70489      49.49581
72.69283      49.504
72.69975      49.51778
72.70533      49.52064
72.71439      49.52139
72.7174       49.50206
 1 
 1             605           
1
 -9999.0   ,   9990.0
   7
 7 
77.62839      49.53517
77.63033      49.53103
77.62947      49.52553
77.62531      49.52456
77.62195      49.52745
77.61998      49.53034
77.62839      49.53517
 1 
 1             606           
1
 -9999.0   ,   9990.0
   7
 8 
76.95736      49.54034
76.95261      49.54139
76.94628      49.54856
76.94936      49.5507
76.96895      49.54492
76.97011      49.54264
76.96809      49.541
76.95736      49.54034
 1 
 1             607           
1
 -9999.0   ,   9990.0
   7
 9 
76.91078      49.56542
76.91511      49.56842
76.9255       49.56467
76.93733      49.56467
76.94164      49.56345
76.9295       49.5615
76.92831      49.55711
76.92159      49.55836
76.91078      49.56542
 1 
 1             608           
1
 -9999.0   ,   9990.0
   7
 20 
77.8878       49.54542
77.88353      49.54767
77.88042      49.54556
77.87722      49.54667
77.87566      49.55167
77.86998      49.55503
77.88028      49.56295
77.88116      49.56867
77.88355      49.57053
77.88578      49.5662
77.89108      49.56511
77.89367      49.56103
77.89755      49.55995
77.89978      49.55564
77.89775      49.55286
77.89422      49.55372
77.88831      49.55206
77.88658      49.55045
77.88917      49.54614
77.8878       49.54542
 1 
 1             609           
1
 -9999.0   ,   9990.0
   7
 15 
76.91511      49.56842
76.91078      49.56542
76.88528      49.56125
76.87425      49.564
76.87156      49.5685
76.87211      49.5715
76.87595      49.57203
76.87828      49.56772
76.8885       49.56681
76.89108      49.57145
76.90089      49.57234
76.90628      49.57703
76.90906      49.57731
76.91033      49.57275
76.91511      49.56842
 1 
 1             610           
1
 -9999.0   ,   9990.0
   7
 7 
77.17053      49.58267
77.16514      49.58534
77.16922      49.58792
77.17997      49.59131
77.18353      49.59025
77.18367      49.58728
77.17053      49.58267
 1 
 1             611           
1
 -9999.0   ,   9990.0
   7
 7 
77.70267      49.58303
77.69783      49.59145
77.69753      49.60034
77.70848      49.59911
77.70411      49.59267
77.71131      49.5875
77.70267      49.58303
 1 
 1             612           
1
 -9999.0   ,   9990.0
   7
 7 
77.0702       49.62514
77.06975      49.61964
77.07461      49.61356
77.07159      49.61009
77.0603       49.61831
77.06089      49.62131
77.0702       49.62514
 1 
 1             613           
1
 -9999.0   ,   9990.0
   7
 9 
77.72984      49.61175
77.72622      49.6147
77.72958      49.61975
77.74064      49.62583
77.74836      49.62642
77.74948      49.62483
77.74741      49.6225
77.73976      49.62036
77.72984      49.61175
 1 
 1             614           
1
 -9999.0   ,   9990.0
   7
 8 
76.55864      49.62936
76.55428      49.632
76.57183      49.63883
76.57992      49.63856
76.58178      49.637
76.57342      49.63567
76.57053      49.63078
76.55864      49.62936
 1 
 1             615           
1
 -9999.0   ,   9990.0
   7
 9 
76.84817      49.64875
76.85516      49.64936
76.85501      49.64614
76.86036      49.6442
76.86117      49.64217
76.8564       49.63909
76.84573      49.64136
76.84539      49.648
76.84817      49.64875
 1 
 1             616           
1
 -9999.0   ,   9990.0
   7
 38 
72.44781      49.61172
72.44209      49.60725
72.43208      49.61423
72.43151      49.61464
72.43406      49.61639
72.43664      49.62297
72.44828      49.62047
72.4537       49.6222
72.457        49.63111
72.46195      49.63347
72.46903      49.64081
72.46695      49.64778
72.47645      49.64561
72.48561      49.6457
72.49116      49.64881
72.49578      49.64862
72.49906      49.64561
72.49514      49.64078
72.51508      49.63717
72.51595      49.63859
72.50803      49.64453
72.51017      49.65178
72.50464      49.65834
72.5053       49.66114
72.51317      49.66045
72.51586      49.65647
72.51573      49.65006
72.5245       49.64531
72.52386      49.63998
72.52842      49.62786
72.525        49.62467
72.51714      49.62533
72.5037       49.62064
72.48973      49.61956
72.48345      49.61664
72.45578      49.61267
72.45006      49.61325
72.44781      49.61172
 1 
 1             617           
1
 -9999.0   ,   9990.0
   7
 7 
76.50816      49.6627
76.51331      49.65914
76.51773      49.64964
76.51278      49.64997
76.50948      49.6522
76.50598      49.65784
76.50816      49.6627
 1 
 1             618           
1
 -9999.0   ,   9990.0
   7
 8 
77.96303      49.66953
77.9575       49.66559
77.94514      49.66795
77.94114      49.67248
77.94561      49.67573
77.94959      49.67211
77.9552       49.67311
77.96303      49.66953
 1 
 1             619           
1
 -9999.0   ,   9990.0
   7
 8 
75.91275      49.67567
75.91817      49.67211
75.91281      49.66831
75.90211      49.67003
75.89515      49.67395
75.89678      49.67584
75.9075       49.67339
75.91275      49.67567
 1 
 1             620           
1
 -9999.0   ,   9990.0
   7
 7 
77.07647      49.69525
77.07003      49.69739
77.07097      49.69995
77.07547      49.70183
77.08286      49.70175
77.08975      49.69756
77.07647      49.69525
 1 
 1             621           
1
 -9999.0   ,   9990.0
   7
 6 
77.36753      49.70803
77.36386      49.70248
77.36003      49.70128
77.34483      49.70309
77.34509      49.70581
77.36753      49.70803
 1 
 1             622           
1
 -9999.0   ,   9990.0
   7
 11 
77.60036      49.70686
77.59642      49.70864
77.59875      49.71281
77.59578      49.71686
77.59917      49.72081
77.61511      49.71784
77.62014      49.71517
77.61992      49.71173
77.61476      49.70822
77.60866      49.71089
77.60036      49.70686
 1 
 1             623           
1
 -9999.0   ,   9990.0
   7
 8 
77.16345      49.72731
77.15117      49.71036
77.14267      49.71136
77.12836      49.70837
77.12686      49.70992
77.12878      49.71453
77.15353      49.72803
77.16345      49.72731
 1 
 1             624           
1
 -9999.0   ,   9990.0
   7
 13 
75.14486      49.72134
75.15058      49.72017
75.15773      49.73167
75.16341      49.72295
75.16358      49.717
75.16086      49.71162
75.15345      49.7077
75.14345      49.70114
75.14011      49.70286
75.14161      49.70589
75.13953      49.7097
75.14316      49.71236
75.14486      49.72134
 1 
 1             625           
1
 -9999.0   ,   9990.0
   7
 15 
76.26417      49.73036
76.27381      49.72834
76.28889      49.72942
76.29561      49.73461
76.30375      49.73436
76.30856      49.73084
76.30275      49.72772
76.30973      49.71761
76.29511      49.71448
76.28572      49.71812
76.28336      49.72239
76.27975      49.72367
76.26634      49.724
76.26334      49.72689
76.26417      49.73036
 1 
 1             626           
1
 -9999.0   ,   9990.0
   7
 16 
74.73534      49.74272
74.73522      49.73631
74.73511      49.73011
74.70825      49.70864
74.71531      49.7087
74.719        49.707
74.71575      49.70414
74.70614      49.70489
74.70136      49.70309
74.69736      49.70431
74.69786      49.70661
74.71572      49.72267
74.71748      49.72642
74.71684      49.733
74.71675      49.73395
74.73534      49.74272
 1 
 1             627           
1
 -9999.0   ,   9990.0
   7
 6 
76.78195      49.73786
76.77617      49.7405
76.77084      49.74792
76.77831      49.7465
76.7843       49.73997
76.78195      49.73786
 1 
 1             628           
1
 -9999.0   ,   9990.0
   7
 8 
76.25381      49.73358
76.2427       49.73506
76.23428      49.74008
76.229        49.74542
76.22915      49.74864
76.24315      49.74467
76.24633      49.73903
76.25381      49.73358
 1 
 1             629           
1
 -9999.0   ,   9990.0
   7
 11 
76.873        49.74259
76.87011      49.74367
76.87411      49.74878
76.88201      49.75284
76.88623      49.75314
76.8892       49.75025
76.89484      49.74989
76.89601      49.74809
76.8943       49.7467
76.8782       49.74453
76.873        49.74259
 1 
 1             630           
1
 -9999.0   ,   9990.0
   7
 18 
75.15773      49.73167
75.15058      49.72017
75.14486      49.72134
75.13695      49.72311
75.13686      49.72814
75.13059      49.73136
75.12959      49.73453
75.13936      49.74792
75.16795      49.76431
75.17364      49.76361
75.17811      49.761
75.18181      49.7552
75.18183      49.75061
75.17839      49.7457
75.16836      49.74739
75.15798      49.74084
75.16028      49.73472
75.15773      49.73167
 1 
 1             631           
1
 -9999.0   ,   9990.0
   7
 9 
76.16283      49.77031
76.16309      49.76653
76.15448      49.76309
76.14906      49.76522
76.14167      49.76456
76.13728      49.76695
76.14516      49.77059
76.16095      49.77195
76.16283      49.77031
 1 
 1             632           
1
 -9999.0   ,   9990.0
   7
 13 
74.77734      49.76712
74.77623      49.76542
74.75615      49.75753
74.74709      49.75625
74.74645      49.75695
74.74511      49.75845
74.74811      49.76773
74.7539       49.7737
74.75739      49.77406
74.76031      49.76959
74.77609      49.77067
74.77808      49.76825
74.77734      49.76712
 1 
 1             633           
1
 -9999.0   ,   9990.0
   7
 16 
73.10828      49.74886
73.1035       49.74964
73.09781      49.75056
73.09225      49.75509
73.09495      49.7577
73.10356      49.76075
73.109        49.7675
73.10995      49.76867
73.12414      49.77381
73.12575      49.77403
73.13561      49.77536
73.13753      49.77408
73.13675      49.77198
73.12833      49.76325
73.11398      49.75122
73.10828      49.74886
 1 
 1             634           
1
 -9999.0   ,   9990.0
   7
 6 
75.59392      49.7657
75.5907       49.76628
75.59095      49.76745
75.6055       49.7757
75.61491      49.77256
75.59392      49.7657
 1 
 1             635           
1
 -9999.0   ,   9990.0
   7
 7 
76.1002       49.77806
76.08742      49.77403
76.08211      49.77412
76.07806      49.77675
76.08242      49.78006
76.09611      49.78114
76.1002       49.77806
 1 
 1             636           
1
 -9999.0   ,   9990.0
   7
 15 
75.63703      49.76503
75.63133      49.76553
75.6407       49.77684
75.64878      49.77731
75.64675      49.78092
75.65165      49.78153
75.66353      49.77848
75.67511      49.77931
75.67672      49.77684
75.67484      49.77381
75.66558      49.76984
75.65828      49.7687
75.65033      49.77095
75.64403      49.76572
75.63703      49.76503
 1 
 1             637           
1
 -9999.0   ,   9990.0
   7
 11 
75.02147      49.77306
75.02072      49.77192
75.01445      49.77122
75.01303      49.77214
75.0118       49.77295
75.01336      49.77531
75.0182       49.77639
75.02042      49.78336
75.0237       49.78211
75.0254       49.77895
75.02147      49.77306
 1 
 1             638           
1
 -9999.0   ,   9990.0
   7
 14 
76.2015       49.76161
76.18433      49.76503
76.17261      49.77222
76.17011      49.7777
76.17531      49.78448
76.17858      49.7832
76.18175      49.77778
76.18633      49.77792
76.18889      49.77636
76.18772      49.77292
76.18958      49.77114
76.19564      49.77039
76.20272      49.76461
76.2015       49.76161
 1 
 1             639           
1
 -9999.0   ,   9990.0
   7
 7 
75.52116      49.78392
75.51564      49.7867
75.5203       49.79028
75.53872      49.78953
75.541        49.78778
75.53803      49.78492
75.52116      49.78392
 1 
 1             640           
1
 -9999.0   ,   9990.0
   7
 9 
77.38803      49.79528
77.38991      49.79186
77.39453      49.79172
77.39536      49.78831
77.38709      49.78359
77.37673      49.78661
77.3727       49.79045
77.37542      49.79322
77.38803      49.79528
 1 
 1             641           
1
 -9999.0   ,   9990.0
   7
 7 
74.93383      49.79517
74.93039      49.79411
74.92772      49.78875
74.91597      49.79722
74.91578      49.79928
74.91998      49.79992
74.93383      49.79517
 1 
 1             642           
1
 -9999.0   ,   9990.0
   7
 13 
75.0537       49.79031
75.0417       49.79423
75.04245      49.7977
75.03953      49.7985
75.03275      49.79528
75.0295       49.79628
75.02959      49.79928
75.04017      49.80334
75.05041      49.80325
75.06059      49.8002
75.06336      49.79686
75.06153      49.79359
75.0537       49.79031
 1 
 1             643           
1
 -9999.0   ,   9990.0
   7
 14 
75.07861      49.79217
75.07214      49.79353
75.08708      49.80028
75.08945      49.80561
75.09558      49.80814
75.09016      49.81345
75.09067      49.81575
75.10478      49.81603
75.10772      49.81478
75.10245      49.81045
75.10342      49.80728
75.11173      49.80531
75.11266      49.80258
75.07861      49.79217
 1 
 1             644           
1
 -9999.0   ,   9990.0
   7
 20 
75.27966      49.79578
75.2797       49.79581
75.28501      49.79964
75.29795      49.80123
75.31823      49.81636
75.31983      49.81414
75.3178       49.80881
75.32203      49.80461
75.33089      49.80011
75.33553      49.79523
75.33403      49.7922
75.32592      49.79628
75.31461      49.79608
75.30759      49.79998
75.30131      49.79495
75.29576      49.79795
75.28986      49.79209
75.28956      49.79178
75.28492      49.79231
75.27966      49.79578
 1 
 1             645           
1
 -9999.0   ,   9990.0
   7
 37 
75.89661      49.81198
75.8977       49.81658
75.90161      49.82084
75.90531      49.81361
75.90895      49.81211
75.91458      49.8125
75.92592      49.81697
75.93222      49.81784
75.95734      49.81814
75.95903      49.81817
75.9705       49.81597
75.97061      49.81592
75.97889      49.81211
75.98348      49.80722
75.98509      49.78917
75.9807       49.78128
75.97425      49.7772
75.9665       49.7772
75.96539      49.77783
75.94586      49.78942
75.93878      49.78989
75.93611      49.78753
75.94389      49.78225
75.94714      49.77639
75.94603      49.77225
75.93841      49.76495
75.93222      49.76248
75.92059      49.76259
75.91689      49.76498
75.90753      49.78256
75.90534      49.78339
75.9017       49.78009
75.89831      49.7832
75.89767      49.78706
75.90178      49.78878
75.89601      49.80556
75.89661      49.81198
 1 
 1             646           
1
 -9999.0   ,   9990.0
   7
 16 
75.42261      49.77992
75.41686      49.78108
75.41103      49.79645
75.41686      49.79436
75.41947      49.79697
75.41975      49.80225
75.42531      49.80747
75.42353      49.81634
75.42533      49.82028
75.42741      49.82084
75.43228      49.81756
75.43186      49.80517
75.42503      49.79373
75.427        49.7867
75.43183      49.78389
75.42261      49.77992
 1 
 1             647           
1
 -9999.0   ,   9990.0
   7
 9 
75.14725      49.81942
75.13308      49.81159
75.12767      49.81298
75.12839      49.81667
75.134        49.82122
75.1412       49.824
75.1467       49.82559
75.15117      49.823
75.14725      49.81942
 1 
 1             648           
1
 -9999.0   ,   9990.0
   7
 20 
75.00933      49.81203
75.00909      49.80331
75.00311      49.79872
75            49.7977
74.99145      49.79486
74.98331      49.795
74.96572      49.80578
74.96136      49.81089
74.96411      49.82278
74.96447      49.82617
74.96714      49.82795
74.97014      49.82781
74.97236      49.82598
74.98061      49.82489
74.98289      49.82706
74.99697      49.82759
75            49.82667
75.0017       49.82617
75.00736      49.82225
75.00933      49.81203
 1 
 1             649           
1
 -9999.0   ,   9990.0
   7
 8 
74.97014      49.82781
74.96714      49.82795
74.96447      49.82617
74.96411      49.82278
74.9557       49.83058
74.95845      49.83139
74.96128      49.83514
74.97014      49.82781
 1 
 1             650           
1
 -9999.0   ,   9990.0
   7
 12 
77.76566      49.83608
77.76328      49.83353
77.75456      49.83089
77.75916      49.82981
77.76064      49.828
77.75928      49.82639
77.754        49.82609
77.74928      49.82992
77.7488       49.83378
77.75298      49.83614
77.76         49.83736
77.76566      49.83608
 1 
 1             651           
1
 -9999.0   ,   9990.0
   7
 9 
72.85598      49.82767
72.85581      49.83156
72.85953      49.83545
72.86756      49.83889
72.87761      49.83534
72.88656      49.82964
72.87428      49.8207
72.87048      49.82025
72.85598      49.82767
 1 
 1             652           
1
 -9999.0   ,   9990.0
   7
 24 
75.00933      49.81203
75.00736      49.82225
75.0017       49.82617
75            49.82667
74.99697      49.82759
74.98289      49.82706
74.98123      49.83364
74.98383      49.836
74.98828      49.83389
74.99942      49.8357
75            49.83628
75.00786      49.84425
75.01178      49.84373
75.02056      49.83259
75.02409      49.82103
75.02214      49.81914
75.01733      49.82147
75.01808      49.82472
75.01217      49.83181
75.00936      49.83147
75.00816      49.82892
75.01497      49.81612
75.0135       49.81309
75.00933      49.81203
 1 
 1             653           
1
 -9999.0   ,   9990.0
   7
 51 
75.22995      49.80317
75.22942      49.80109
75.22073      49.7992
75.2194       49.79839
75.2167       49.79675
75.21475      49.79072
75.21291      49.79098
75.21081      49.79128
75.20811      49.78567
75.20298      49.788
75.19708      49.78667
75.19581      49.78936
75.20047      49.79228
75.19984      49.79345
75.19922      49.79453
75.19231      49.79703
75.1935       49.79959
75.2015       49.801
75.204        49.805
75.19967      49.80986
75.203        49.81639
75.20145      49.81817
75.19353      49.81972
75.1922       49.81764
75.18553      49.81806
75.18211      49.82092
75.18205      49.8255
75.17641      49.82139
75.17156      49.82317
75.16839      49.82431
75.15895      49.82306
75.15606      49.82386
75.16095      49.82861
75.16223      49.83417
75.16001      49.83936
75.16228      49.84584
75.16791      49.85017
75.16861      49.84664
75.17042      49.83767
75.1747       49.83325
75.17834      49.83178
75.18845      49.8335
75.19289      49.83117
75.19764      49.83361
75.2005       49.83303
75.20467      49.82587
75.21206      49.822
75.21428      49.81681
75.21864      49.81536
75.22498      49.80323
75.22995      49.80317
 1 
 1             654           
1
 -9999.0   ,   9990.0
   7
 10 
75.60315      49.88006
75.60531      49.87386
75.6105       49.87061
75.60978      49.86647
75.60183      49.85911
75.5934       49.86342
75.59739      49.87086
75.59553      49.87678
75.60108      49.8822
75.60315      49.88006
 1 
 1             655           
1
 -9999.0   ,   9990.0
   7
 9 
77.74098      49.89109
77.74392      49.887
77.74261      49.88356
77.74592      49.87973
77.73675      49.87889
77.73389      49.8807
77.73375      49.88481
77.73573      49.88895
77.74098      49.89109
 1 
 1             656           
1
 -9999.0   ,   9990.0
   7
 12 
76.65491      49.88736
76.64975      49.89136
76.64875      49.89636
76.65183      49.90467
76.65391      49.90542
76.65461      49.90547
76.65745      49.90573
76.66114      49.90261
76.66248      49.89784
76.65764      49.88903
76.65625      49.88817
76.65491      49.88736
 1 
 1             657           
1
 -9999.0   ,   9990.0
   7
 17 
77.81289      49.90895
77.81453      49.91308
77.81875      49.91403
77.82205      49.91042
77.8284       49.91142
77.82989      49.90778
77.82383      49.89809
77.82823      49.89359
77.83383      49.89503
77.83497      49.89206
77.83009      49.89064
77.82195      49.89006
77.81253      49.89795
77.80183      49.90078
77.80953      49.90339
77.81367      49.90689
77.81289      49.90895
 1 
 1             658           
1
 -9999.0   ,   9990.0
   7
 7 
76.63575      49.91414
76.63042      49.91447
76.62311      49.91842
76.62678      49.92264
76.63845      49.92245
76.64322      49.91981
76.63575      49.91414
 1 
 1             659           
1
 -9999.0   ,   9990.0
   7
 11 
73.32895      49.93687
73.33045      49.93903
73.338        49.93825
73.34161      49.935
73.348        49.93489
73.35386      49.93061
73.3527       49.92872
73.34084      49.93267
73.32895      49.93114
73.32686      49.93378
73.32895      49.93687
 5 
 1             660           
1
 -9999.0   ,   9990.0
   7
 113 
75.31823      49.81636
75.29795      49.80123
75.28501      49.79964
75.2797       49.79581
75.27966      49.79578
75.27101      49.79822
75.27039      49.79922
75.26605      49.80631
75.25464      49.81183
75.24861      49.81209
75.242        49.80681
75.22995      49.80317
75.22498      49.80323
75.21864      49.81536
75.21428      49.81681
75.21206      49.822
75.20467      49.82587
75.2005       49.83303
75.19764      49.83361
75.19289      49.83117
75.18845      49.8335
75.17834      49.83178
75.1747       49.83325
75.17042      49.83767
75.16861      49.84664
75.16791      49.85017
75.17286      49.85514
75.17311      49.85539
75.17895      49.85745
75.18825      49.85617
75.21183      49.84923
75.22391      49.85286
75.2327       49.85364
75.23791      49.863
75.2529       49.86581
75.2642       49.86597
75.28641      49.85831
75.30434      49.85572
75.31458      49.85561
75.32247      49.85864
75.33736      49.86078
75.34133      49.86136
75.35047      49.86647
75.35195      49.86997
75.33736      49.87931
75.33842      49.8837
75.3542       49.89845
75.38361      49.91089
75.37756      49.9155
75.38084      49.91881
75.38506      49.91895
75.38766      49.92156
75.39175      49.93222
75.3892       49.93764
75.39281      49.94097
75.39872      49.94256
75.409        49.94245
75.41686      49.93928
75.42         49.938
75.43305      49.93867
75.43964      49.9405
75.45241      49.94
75.4684       49.93964
75.4837       49.92987
75.5065       49.92831
75.52139      49.92356
75.53311      49.92325
75.55103      49.92522
75.55914      49.92114
75.56631      49.92
75.57606      49.91778
75.58992      49.91686
75.59272      49.91284
75.59995      49.91078
75.60208      49.90606
75.60122      49.89892
75.60564      49.89242
75.60501      49.88692
75.60108      49.8822
75.59553      49.87678
75.59739      49.87086
75.5934       49.86342
75.59003      49.86103
75.59295      49.85517
75.59167      49.84917
75.58559      49.85012
75.5842       49.84528
75.57814      49.84117
75.57256      49.84031
75.56555      49.84375
75.56042      49.85067
75.55991      49.85111
75.54442      49.86525
75.53523      49.86975
75.525        49.87812
75.52045      49.89559
75.50955      49.90781
75.49315      49.90933
75.48836      49.9117
75.47881      49.91161
75.47436      49.91834
75.47028      49.92047
75.45931      49.92056
75.44261      49.91245
75.43367      49.90987
75.42731      49.90484
75.41441      49.90233
75.39764      49.89078
75.38341      49.87448
75.3728       49.87
75.36542      49.84389
75.35047      49.83673
75.31823      49.81636
 1             660           2 
1
 -9999.0   ,   9990.0
   7
 13 
75.27881      49.84384
75.2842       49.847
75.28533      49.85025
75.28308      49.85153
75.28034      49.85075
75.27781      49.84722
75.27289      49.85095
75.27033      49.85611
75.26736      49.85762
75.26389      49.85703
75.26422      49.85317
75.27192      49.84586
75.27881      49.84384
 1             660           3 
1
 -9999.0   ,   9990.0
   7
 9 
75.55161      49.90439
75.56272      49.90706
75.57408      49.90673
75.57611      49.90795
75.57378      49.91061
75.5582       49.91056
75.55016      49.90892
75.54972      49.9057
75.55161      49.90439
 1             660           4 
1
 -9999.0   ,   9990.0
   7
 7 
75.59248      49.89772
75.59489      49.89847
75.59714      49.90589
75.59436      49.90992
75.59045      49.91003
75.58895      49.9022
75.59248      49.89772
 1             660           5 
1
 -9999.0   ,   9990.0
   7
 7 
75.57675      49.84984
75.57723      49.85306
75.57214      49.85906
75.57298      49.86206
75.56917      49.86103
75.56734      49.85731
75.57675      49.84984
 1 
 1             661           
1
 -9999.0   ,   9990.0
   7
 12 
72.04836      49.93861
72.04089      49.93859
72.03164      49.94328
72.02986      49.94775
72.03347      49.95211
72.05241      49.9515
72.05878      49.94936
72.0617       49.94659
72.06184      49.94336
72.05814      49.9397
72.05158      49.94064
72.04836      49.93861
 1 
 1             662           
1
 -9999.0   ,   9990.0
   7
 10 
76.64103      49.95292
76.64303      49.94839
76.63795      49.93798
76.64828      49.92425
76.644        49.92439
76.6364       49.92789
76.63116      49.93278
76.63084      49.9385
76.6345       49.94911
76.64103      49.95292
 1 
 1             663           
1
 -9999.0   ,   9990.0
   7
 6 
73.60456      49.94414
73.60195      49.94814
73.60367      49.95145
73.6074       49.953
73.61061      49.94972
73.60456      49.94414
 1 
 1             664           
1
 -9999.0   ,   9990.0
   7
 6 
76.98116      50
77.01128      50
77.00911      49.99398
77.00153      49.9895
76.9857       49.99467
76.98116      50
 45 
 1             665           
1
 -9999.0   ,   9990.0
   7
 2635 
74.08483      45.0102
74.08691      45.00312
74.08559      45
74.00833      45
74.0027       45.00578
74.0052       45.00925
74.01289      45.01184
74.01023      45.01592
74.00281      45.017
73.99361      45.02378
73.98931      45.02945
73.99461      45.03959
74.00073      45.04122
74.01448      45.04186
74.02586      45.04239
74.03711      45.04409
74.04481      45.04714
74.04506      45.0517
74.04275      45.05375
74.033        45.05778
74.02966      45.06209
74.00972      45.07564
74.00708      45.07903
74.00833      45.08067
74.01605      45.08256
74.01698      45.08531
74.01056      45.09945
74.01361      45.10931
74.00811      45.13334
74.00795      45.13395
74.02255      45.13067
74.03206      45.12525
74.03625      45.12553
74.0375       45.12714
74.03584      45.13034
74.027        45.13597
74.01334      45.14064
73.99845      45.15745
73.99839      45.16086
74.00903      45.16189
74.01031      45.16325
74.00861      45.16714
74.00108      45.17186
73.98556      45.17172
73.9797       45.17328
73.97314      45.17892
73.97065      45.18989
73.96966      45.19031
73.9612       45.19392
73.96276      45.19645
73.9708       45.19834
73.98345      45.19756
73.99922      45.20137
74.01256      45.19739
74.0187       45.19767
74.01995      45.19998
74.00961      45.21564
74.00342      45.21812
73.9882       45.2182
73.98295      45.22203
73.97681      45.2222
73.973        45.21736
73.97603      45.21211
73.97445      45.21006
73.9555       45.2115
73.95206      45.21175
73.94786      45.21208
73.94081      45.20925
73.93322      45.21537
73.91186      45.21583
73.909        45.21328
73.90972      45.20942
73.9072       45.20734
73.89408      45.21428
73.8877       45.21056
73.88045      45.21642
73.87072      45.21725
73.86808      45.21995
73.87217      45.22528
73.86659      45.22909
73.86684      45.23253
73.87295      45.23442
73.87158      45.23714
73.85892      45.23908
73.85625      45.24248
73.86692      45.24306
73.87009      45.24628
73.86967      45.25134
73.85541      45.25139
73.84875      45.25978
73.84186      45.26361
73.83473      45.26467
73.82097      45.2707
73.81125      45.27014
73.805        45.27461
73.80366      45.27553
73.79823      45.27342
73.79045      45.27334
73.78486      45.2767
73.78547      45.27853
73.79422      45.27886
73.79608      45.28208
73.79467      45.28756
73.79166      45.29028
73.78031      45.29153
73.77731      45.2947
73.78536      45.29731
73.8004       45.29267
73.80622      45.2925
73.8103       45.29803
73.82195      45.29931
73.82545      45.30162
73.82731      45.306
73.82561      45.3092
73.81911      45.31003
73.81331      45.30836
73.80681      45.30897
73.80508      45.31331
73.80628      45.31789
73.80395      45.32084
73.79992      45.32089
73.78384      45.32109
73.77905      45.31806
73.77611      45.31917
73.77475      45.3212
73.77881      45.32789
73.77423      45.32989
73.7655       45.32886
73.7465       45.33667
73.73184      45.3397
73.718        45.34775
73.70922      45.34903
73.70201      45.35192
73.69828      45.35875
73.69883      45.36195
73.70111      45.3622
73.7208       45.35306
73.72858      45.3527
73.74817      45.34833
73.75725      45.34775
73.75941      45.34814
73.76728      45.34947
73.77211      45.35114
73.77139      45.35342
73.7594       45.35442
73.75391      45.35231
73.74775      45.35247
73.7369       45.35828
73.72456      45.35836
73.72125      45.36106
73.72217      45.36314
73.7283       45.36458
73.73116      45.36737
73.72853      45.36939
73.72461      45.36981
73.7143       45.3667
73.71231      45.36828
73.71547      45.37175
73.71415      45.37334
73.68036      45.38645
73.67581      45.39986
73.6732       45.40097
73.67728      45.40631
73.68083      45.40747
73.68166      45.41297
73.67856      45.42095
73.67253      45.42728
73.67817      45.4365
73.67678      45.439
73.67159      45.43939
73.66748      45.43456
73.66392      45.43428
73.66206      45.43059
73.6712       45.41628
73.66983      45.40575
73.66791      45.40459
73.65481      45.43461
73.64911      45.44142
73.64259      45.45484
73.64381      45.45806
73.65134      45.45561
73.65553      45.45681
73.65806      45.45959
73.6415       45.4722
73.64105      45.47608
73.64384      45.48206
73.64214      45.48456
73.61653      45.49383
73.61308      45.49961
73.61178      45.50178
73.60653      45.504
73.6037       45.51245
73.59133      45.51228
73.58072      45.51922
73.57484      45.52122
73.5665       45.52842
73.55534      45.53195
73.54936      45.53598
73.54789      45.54261
73.53692      45.5507
73.5277       45.55445
73.51703      45.56322
73.49315      45.5677
73.48341      45.56189
73.47903      45.55928
73.4722       45.5592
73.46531      45.56114
73.45133      45.55981
73.44411      45.56222
73.42973      45.57506
73.42392      45.58481
73.41639      45.61878
73.4187       45.65039
73.42173      45.65736
73.42389      45.66236
73.43784      45.67673
73.44266      45.68939
73.44725      45.68967
73.44828      45.68764
73.44614      45.68303
73.45853      45.67153
73.4664       45.67073
73.47136      45.66784
73.47611      45.66173
73.48306      45.65839
73.48759      45.65959
73.4925       45.65898
73.50347      45.66323
73.51231      45.66175
73.51776      45.66617
73.51583      45.68067
73.51566      45.68192
73.513        45.68395
73.50686      45.68136
73.49966      45.68239
73.50314      45.68611
73.50898      45.68778
73.51117      45.69078
73.51136      45.69628
73.51703      45.70297
73.50542      45.7097
73.50425      45.71678
73.52353      45.728
73.54117      45.72756
73.54564      45.73173
73.54681      45.73678
73.55428      45.73756
73.56364      45.74203
73.57066      45.74761
73.5719       45.75083
73.57117      45.75356
73.56928      45.75367
73.55448      45.7545
73.54972      45.74961
73.54256      45.74839
73.5362       45.74211
73.52911      45.73861
73.52834      45.7427
73.53242      45.74895
73.5317       45.75122
73.52706      45.7532
73.52536      45.75595
73.53014      45.75989
73.54125      45.76073
73.54378      45.76328
73.54208      45.76553
73.53195      45.76586
73.52675      45.76442
73.52164      45.7607
73.51542      45.76106
73.5094       45.76647
73.50642      45.76689
73.49839      45.76197
73.4915       45.76303
73.48503      45.76064
73.47825      45.76075
73.47653      45.76075
73.47186      45.76414
73.46303      45.76448
73.45328      45.76228
73.44311      45.76372
73.43214      45.77067
73.42356      45.77306
73.40698      45.78175
73.40141      45.79195
73.40397      45.80503
73.40686      45.80714
73.43117      45.80311
73.439        45.80414
73.44578      45.807
73.45089      45.81072
73.45336      45.81603
73.45289      45.81759
73.44975      45.82786
73.45631      45.83825
73.45528      45.84028
73.45683      45.84306
73.45886      45.84386
73.46103      45.84473
73.46128      45.84456
73.47036      45.83867
73.48933      45.83892
73.49316      45.8422
73.49678      45.84223
73.4988       45.8402
73.50073      45.83017
73.5053       45.82953
73.51145      45.83236
73.5167       45.83198
73.5197       45.82973
73.51915      45.82675
73.51522      45.826
73.51141      45.82139
73.52995      45.80264
73.53423      45.80203
73.54208      45.81264
73.54892      45.81389
73.55323      45.81233
73.55525      45.81008
73.5545       45.80734
73.55228      45.79928
73.55503      45.79384
73.55964      45.79275
73.56278      45.79736
73.5664       45.79764
73.56775      45.79492
73.56564      45.78873
73.56766      45.78578
73.57411      45.78928
73.57528      45.79456
73.58239      45.79831
73.58614      45.80431
73.59742      45.81131
73.59595      45.817
73.59198      45.81878
73.58956      45.82334
73.58706      45.83109
73.59211      45.83778
73.59397      45.85381
73.59805      45.86025
73.59945      45.86106
73.60289      45.86306
73.60845      45.86406
73.61178      45.86159
73.61633      45.86209
73.62014      45.86695
73.61745      45.87011
73.60661      45.87112
73.60195      45.87425
73.60176      45.88133
73.5965       45.8822
73.59548      45.884
73.59903      45.88567
73.60592      45.88484
73.61716      45.87995
73.62409      45.87889
73.63186      45.88242
73.63633      45.8987
73.64741      45.90136
73.64931      45.90459
73.64553      45.91139
73.6453       45.91939
73.64303      45.92486
73.63517      45.94375
73.63731      45.94947
73.6432       45.95
73.64578      45.95233
73.64564      45.95759
73.6512       45.97022
73.65442      45.97303
73.66745      45.97614
73.67323      45.98147
73.6689       45.98439
73.66198      45.985
73.64406      45.98089
73.6372       45.98242
73.63675      45.98253
73.63053      45.98392
73.62586      45.98639
73.63239      45.98806
73.63792      45.98814
73.63908      45.98814
73.64747      45.98825
73.65111      45.9902
73.65459      45.992
73.66439      45.99303
73.66753      45.99856
73.676        46.00095
73.68815      46.00134
73.704        45.99739
73.7077       45.99311
73.70611      45.99078
73.70092      45.98912
73.67361      45.99248
73.67267      45.99017
73.67503      45.98836
73.70908      45.97734
73.71316      45.97167
73.71872      45.97195
73.7255       45.97684
73.73008      45.9762
73.73128      45.97545
73.73742      45.97148
73.74295      45.97339
73.74316      45.9782
73.74733      45.98212
73.74597      45.98395
73.73645      45.9852
73.73389      45.98173
73.7257       45.98212
73.71391      45.99339
73.71615      45.99731
73.72786      46.00064
73.73231      46.0062
73.73445      46.01353
73.73001      46.02081
73.73081      46.02767
73.72839      46.0322
73.71845      46.03645
73.70961      46.03542
73.70158      46.0415
73.69603      46.04359
73.68801      46.04659
73.67741      46.04898
73.66922      46.04867
73.6645       46.05339
73.65659      46.05445
73.65158      46.05759
73.64153      46.07828
73.64295      46.08653
73.65481      46.09786
73.65375      46.10106
73.64948      46.10123
73.64242      46.09431
73.6372       46.09308
73.63583      46.08164
73.63978      46.06978
73.63786      46.06795
73.63636      46.06845
73.63586      46.06861
73.62545      46.0895
73.63081      46.09803
73.62908      46.10145
73.62481      46.10117
73.61747      46.09353
73.6145       46.0935
73.61414      46.09531
73.61789      46.10222
73.62272      46.10525
73.627        46.106
73.6392       46.10387
73.64864      46.10764
73.6495       46.11222
73.6453       46.12267
73.64031      46.12492
73.63672      46.12417
73.63355      46.11934
73.62959      46.1195
73.62622      46.12223
73.628        46.13
73.62748      46.13111
73.62314      46.14025
73.62465      46.14553
73.6295       46.14856
73.64492      46.14942
73.65009      46.15383
73.65825      46.16856
73.66748      46.16822
73.67006      46.17078
73.67333      46.17103
73.68191      46.16975
73.7012       46.17547
73.7067       46.1792
73.71295      46.17972
73.72225      46.17642
73.72816      46.17603
73.72975      46.17811
73.72564      46.18559
73.73383      46.19986
73.73561      46.20859
73.74039      46.21525
73.73795      46.22095
73.71695      46.21728
73.71231      46.21858
73.70623      46.2247
73.70064      46.22439
73.68753      46.22864
73.687        46.22881
73.68228      46.23378
73.68716      46.23614
73.69542      46.23648
73.70328      46.23678
73.70392      46.23839
73.70589      46.23917
73.71631      46.24333
73.72325      46.25553
73.73317      46.25497
73.73781      46.25295
73.74189      46.24797
73.74617      46.24848
73.75823      46.26886
73.76025      46.27228
73.76358      46.27795
73.75881      46.28498
73.7725       46.29131
73.77458      46.30092
73.78081      46.30258
73.78091      46.28317
73.7797       46.27973
73.77241      46.28034
73.76575      46.27214
73.76297      46.26873
73.76153      46.26695
73.76297      46.26217
73.7682       46.2645
73.77414      46.26411
73.77617      46.26139
73.7707       46.25561
73.75445      46.24697
73.75855      46.24061
73.75636      46.23511
73.76009      46.2315
73.76867      46.23067
73.76889      46.22106
73.77589      46.21795
73.77825      46.21522
73.77241      46.21106
73.77         46.20256
73.77636      46.19762
73.78289      46.19561
73.78797      46.19409
73.80683      46.176
73.8209       46.16631
73.829        46.15612
73.83461      46.15503
73.83981      46.17337
73.85767      46.19825
73.86511      46.20473
73.88089      46.20558
73.8865       46.20742
73.89823      46.21125
73.91534      46.21142
73.95333      46.20517
73.95736      46.20245
73.95914      46.19584
73.96283      46.192
73.97511      46.18778
73.98583      46.17736
73.99545      46.17425
74.00105      46.17406
74.00495      46.17617
74.00575      46.18553
74.01745      46.19945
74.02184      46.20467
74.029        46.20861
74.04214      46.21078
74.05261      46.21453
74.05861      46.22853
74.0585       46.2347
74.05545      46.23881
74.04886      46.23784
74.04533      46.23345
74.04391      46.222
74.03741      46.21736
74.03117      46.21617
74.02108      46.22728
74.00198      46.22667
73.99664      46.22959
73.99331      46.23253
73.99253      46.23589
73.99186      46.23867
73.98781      46.24345
73.98908      46.24597
74.00283      46.25045
74.00536      46.25525
73.99295      46.26658
73.98766      46.26745
73.97139      46.25722
73.95486      46.25936
73.9515       46.26275
73.95456      46.274
73.96136      46.27931
73.95866      46.28295
73.94808      46.28489
73.94903      46.28673
73.95686      46.29048
73.95648      46.2932
73.9462       46.29781
73.9365       46.30217
73.9414       46.30564
73.94831      46.30503
73.9545       46.30897
73.96083      46.30514
73.97178      46.30273
73.97467      46.30642
73.97417      46.31486
73.97815      46.31514
73.98665      46.31909
73.9862       46.32345
73.97289      46.34525
73.97706      46.35125
73.99017      46.35684
74.00036      46.35786
74.00903      46.35383
74.01497      46.35342
74.01703      46.35489
74.01859      46.35597
74.01933      46.36739
74.0222       46.37292
74.02231      46.38456
74.02517      46.39009
74.03245      46.38992
74.03536      46.39223
74.03748      46.40392
74.04234      46.40875
74.04661      46.40834
74.05036      46.40264
74.055        46.40178
74.05603      46.41803
74.05964      46.41942
74.0719       46.43575
74.07845      46.43878
74.08978      46.44056
74.10153      46.44242
74.11628      46.44984
74.13806      46.45017
74.15898      46.44697
74.18428      46.43667
74.18833      46.43098
74.19197      46.43078
74.19786      46.43473
74.20314      46.43545
74.21445      46.43186
74.22139      46.4317
74.223        46.43467
74.21655      46.44378
74.2175       46.44811
74.22203      46.45386
74.23722      46.4595
74.24275      46.46156
74.24889      46.47028
74.26017      46.47428
74.26403      46.47564
74.27395      46.47617
74.2802       46.4792
74.28928      46.49
74.29986      46.49075
74.30742      46.49378
74.31836      46.4927
74.32961      46.4937
74.33581      46.49967
74.34131      46.50931
74.3499       46.51097
74.36125      46.50211
74.36322      46.50259
74.3645       46.50648
74.36203      46.51789
74.36795      46.52181
74.38336      46.51942
74.38486      46.51917
74.3878       46.52195
74.38431      46.53631
74.38511      46.55047
74.3922       46.56562
74.39378      46.56673
74.39681      46.56883
74.41465      46.57397
74.43317      46.57659
74.44542      46.57598
74.45925      46.58428
74.46456      46.58339
74.47086      46.58456
74.4804       46.59009
74.4915       46.59
74.49797      46.58995
74.50553      46.59547
74.51148      46.59756
74.52108      46.59806
74.53336      46.59606
74.53931      46.59884
74.5412       46.60914
74.54908      46.61556
74.54772      46.61787
74.54442      46.61875
74.53545      46.61848
74.53375      46.62167
74.53911      46.64912
74.54275      46.64981
74.55109      46.64756
74.55506      46.64806
74.54733      46.65739
74.54761      46.66059
74.54995      46.6622
74.55653      46.66678
74.55055      46.69945
74.55211      46.70767
74.56992      46.72192
74.57906      46.73842
74.59403      46.73686
74.59866      46.73986
74.59797      46.74192
74.5883       46.7437
74.58497      46.74575
74.59058      46.7485
74.60423      46.74925
74.60489      46.74889
74.60989      46.74608
74.61228      46.7397
74.6057       46.73417
74.6064       46.73123
74.61872      46.72647
74.63331      46.7295
74.64616      46.74028
74.6494       46.75331
74.64736      46.75742
74.64436      46.75717
74.63848      46.74686
74.6355       46.74617
74.62981      46.74959
74.61853      46.74839
74.6112       46.75042
74.60917      46.75384
74.61145      46.75934
74.61916      46.76731
74.62164      46.76989
74.62731      46.77059
74.62967      46.7665
74.64098      46.76609
74.65125      46.76886
74.65925      46.76636
74.66495      46.76275
74.66634      46.75659
74.66967      46.7527
74.67865      46.75297
74.69286      46.76261
74.70481      46.76745
74.71741      46.77045
74.7304       46.76959
74.7454       46.76345
74.7537       46.76395
74.75733      46.76784
74.761        46.76761
74.7657       46.76478
74.767        46.76398
74.77631      46.76675
74.78261      46.76586
74.79065      46.76084
74.80831      46.75336
74.81792      46.75703
74.82422      46.7575
74.83123      46.75592
74.83451      46.76186
74.83916      46.76348
74.85914      46.75895
74.86178      46.7617
74.86503      46.77495
74.85831      46.78911
74.86158      46.79961
74.86689      46.80467
74.86886      46.80498
74.87853      46.8065
74.89516      46.80289
74.9345       46.78764
74.9405       46.7865
74.95245      46.79611
74.95108      46.79975
74.95672      46.80548
74.94839      46.81028
74.94639      46.81484
74.94836      46.821
74.95136      46.82284
74.96433      46.82308
74.97498      46.82492
74.98131      46.82447
74.98665      46.8215
74.98753      46.82022
74.99797      46.80531
74.9927       46.79181
74.98939      46.78928
74.9814       46.79089
74.97542      46.78906
74.97275      46.78289
74.97678      46.77559
74.97414      46.77078
74.97448      46.76642
74.9838       46.76211
75            46.76314
75.00175      46.76325
75.0094       46.76075
75.03728      46.78453
75.03664      46.78578
75.03561      46.78773
75.03031      46.78681
75.02467      46.7802
75.01767      46.77539
75.01466      46.77925
75.02331      46.79183
75.02695      46.79458
75.03328      46.79939
75.05822      46.80281
75.0612       46.80625
75.05155      46.81789
75.05053      46.82339
75.05553      46.83136
75.07547      46.83936
75.0828       46.83503
75.09045      46.83536
75.09314      46.8355
75.09648      46.83433
75.09745      46.82795
75.09214      46.82361
75.08815      46.81675
75.09848      46.80009
75.09648      46.79642
75.0915       46.79575
75.0905       46.79164
75.10247      46.7825
75.11114      46.76834
75.12078      46.76284
75.12206      46.76178
75.1364       46.74981
75.1457       46.7457
75.16033      46.74295
75.16517      46.74708
75.17139      46.75242
75.17398      46.75458
75.18195      46.753
75.18659      46.75003
75.18992      46.74248
75.19622      46.73811
75.20851      46.73356
75.22645      46.73078
75.22975      46.72975
75.23509      46.72803
75.26795      46.70859
75.27225      46.70789
75.27891      46.71131
75.28623      46.71084
75.29251      46.70167
75.30411      46.69756
75.30465      46.69753
75.33366      46.69636
75.36356      46.69767
75.37653      46.70036
75.38284      46.69989
75.39978      46.70442
75.40975      46.70486
75.42039      46.7085
75.4337       46.70936
75.44366      46.71256
75.45995      46.71295
75.47628      46.7177
75.48164      46.71739
75.4889       46.71697
75.50153      46.71989
75.52245      46.71778
75.54208      46.72342
75.5388       46.72845
75.56748      46.73931
75.57878      46.73995
75.58776      46.74242
75.60111      46.74967
75.61742      46.75053
75.63981      46.75753
75.64408      46.75886
75.65173      46.75792
75.657        46.75514
75.65995      46.74898
75.66292      46.74803
75.66939      46.76422
75.68417      46.77922
75.6885       46.78047
75.6905       46.78047
75.69178      46.78003
75.70309      46.77595
75.71408      46.77864
75.71678      46.78045
75.71814      46.78139
75.71945      46.78225
75.73214      46.787
75.73956      46.79517
75.75395      46.80264
75.76659      46.80212
75.77453      46.79864
75.77742      46.79086
75.78911      46.79331
75.79475      46.79236
75.80925      46.78086
75.81315      46.77192
75.82105      46.76823
75.82978      46.77412
75.82914      46.77639
75.81564      46.78697
75.818        46.78995
75.82398      46.78853
75.82656      46.78348
75.83089      46.783
75.83859      46.78661
75.84856      46.78564
75.85161      46.79156
75.84967      46.79431
75.84353      46.79558
75.83839      46.79667
75.84108      46.80075
75.84911      46.80323
75.86476      46.80472
75.87648      46.80945
75.88678      46.80961
75.88561      46.82173
75.89428      46.82189
75.89523      46.8187
75.89211      46.80867
75.89342      46.80684
75.89675      46.80725
75.90048      46.81136
75.90289      46.81798
75.90197      46.82528
75.90466      46.82822
75.90764      46.82522
75.92136      46.82995
75.92931      46.82828
75.93784      46.82822
75.94661      46.82817
75.95353      46.82286
75.96183      46.82028
75.97173      46.81473
75.97366      46.81014
75.96965      46.80811
75.96034      46.81047
75.95467      46.80847
75.94103      46.809
75.92928      46.80134
75.9272       46.79678
75.93314      46.79331
75.9384       46.78686
75.96122      46.77964
75.96748      46.77478
75.9684       46.76884
75.97397      46.76536
75.97228      46.76331
75.9682       46.76353
75.962        46.76387
75.95272      46.76758
75.94642      46.76739
75.93603      46.76153
75.93467      46.75856
75.93598      46.75742
75.94395      46.75828
75.95423      46.75478
75.96286      46.75495
75.97825      46.76259
75.98425      46.76209
75.98991      46.76411
75.9992       46.76175
76.00853      46.76236
76.01511      46.75867
76.0179       46.76528
76.01397      46.77078
76.02842      46.77936
76.03553      46.78753
76.03731      46.79573
76.04398      46.79684
76.05489      46.79217
76.05497      46.79675
76.05734      46.799
76.07025      46.79478
76.06289      46.79233
76.05814      46.78758
76.05805      46.78208
76.06956      46.77331
76.0719       46.77375
76.07359      46.77648
76.0737       46.78197
76.07941      46.78695
76.07653      46.792
76.08123      46.79447
76.10316      46.79497
76.11278      46.79192
76.12175      46.79186
76.12583      46.7942
76.13586      46.79995
76.14523      46.80261
76.15622      46.8032
76.16392      46.80542
76.17356      46.80533
76.19209      46.79809
76.20556      46.78928
76.21347      46.786
76.23211      46.7872
76.23942      46.78622
76.24633      46.7825
76.2662       46.77772
76.27703      46.77078
76.2862       46.76686
76.28856      46.76586
76.30264      46.75475
76.31323      46.75192
76.32142      46.74634
76.35278      46.70647
76.35833      46.70209
76.36367      46.70225
76.36536      46.70406
76.34336      46.7315
76.34181      46.73609
76.33525      46.74025
76.33495      46.74231
76.3367       46.74239
76.33861      46.7425
76.35361      46.73633
76.36431      46.73195
76.36967      46.72625
76.37406      46.72156
76.38239      46.7165
76.38292      46.7162
76.38103      46.7062
76.38316      46.69792
76.38042      46.69339
76.37341      46.69186
76.37031      46.68664
76.38609      46.66453
76.38806      46.64934
76.39291      46.64411
76.39701      46.63356
76.40873      46.638
76.40683      46.64261
76.39703      46.64981
76.39416      46.65509
76.39723      46.65734
76.4147       46.65325
76.4237       46.65409
76.43686      46.65003
76.45078      46.64897
76.46615      46.63806
76.48759      46.63322
76.49392      46.62814
76.50547      46.61886
76.51223      46.60986
76.51683      46.60889
76.51089      46.63753
76.51381      46.64825
76.51922      46.65206
76.52851      46.6515
76.54953      46.65558
76.58275      46.67003
76.59192      46.67008
76.59503      46.67012
76.61681      46.66481
76.63995      46.66131
76.65906      46.65603
76.66536      46.65573
76.67215      46.66111
76.68073      46.65917
76.69011      46.6627
76.69442      46.66267
76.70331      46.66025
76.70545      46.66503
76.7105       46.66839
76.70472      46.67531
76.70786      46.68075
76.71217      46.68025
76.71506      46.67609
76.71867      46.67536
76.72739      46.67797
76.72886      46.67617
76.73058      46.67406
76.72853      46.67134
76.71817      46.66897
76.71198      46.66128
76.7132       46.65761
76.72273      46.65336
76.72495      46.64992
76.72386      46.64717
76.71861      46.64931
76.7067       46.65061
76.70233      46.64884
76.69822      46.64386
76.70047      46.64109
76.70128      46.63423
76.70811      46.62978
76.72131      46.62686
76.73114      46.62261
76.73939      46.62184
76.74953      46.61642
76.7552       46.61681
76.76798      46.61114
76.76928      46.61078
76.80842      46.60006
76.82581      46.59364
76.83245      46.594
76.85031      46.58139
76.89136      46.56889
76.89545      46.56198
76.902        46.55961
76.90878      46.55403
76.91673      46.55345
76.92184      46.55061
76.92356      46.54967
76.92853      46.54936
76.93158      46.55231
76.92942      46.55667
76.91766      46.56256
76.9165       46.56714
76.91189      46.56859
76.91003      46.57206
76.90411      46.57397
76.90192      46.57834
76.89481      46.5837
76.88936      46.59042
76.8813       46.60884
76.87666      46.60845
76.87328      46.6062
76.86733      46.60675
76.8598       46.6105
76.85692      46.61375
76.85592      46.6245
76.83553      46.62984
76.83517      46.6305
76.83331      46.63397
76.8352       46.64106
76.82795      46.65372
76.82186      46.65061
76.81292      46.65142
76.80673      46.65473
76.80383      46.65795
76.80953      46.65948
76.80895      46.66223
76.80189      46.67147
76.78781      46.67806
76.75198      46.67878
76.74572      46.68048
76.75081      46.68428
76.75814      46.68511
76.76009      46.68325
76.77389      46.68286
76.77734      46.68278
76.79034      46.68489
76.79531      46.68458
76.79989      46.68222
76.80075      46.67764
76.80808      46.67823
76.81361      46.68547
76.82428      46.68692
76.8362       46.68606
76.84573      46.68181
76.85047      46.67442
76.85758      46.66792
76.85995      46.65872
76.86764      46.66022
76.8752       46.65784
76.87876      46.65436
76.88553      46.63778
76.89391      46.63367
76.89992      46.63072
76.90978      46.6285
76.92845      46.6305
76.93236      46.62908
76.93364      46.62747
76.92783      46.62228
76.93178      46.62086
76.94517      46.62431
76.95131      46.61986
76.96231      46.62108
76.96395      46.63064
76.9712       46.63922
76.9824       46.64706
76.99375      46.64961
77.00639      46.65034
77.013        46.64931
77.02641      46.64517
77.05045      46.63772
77.05592      46.63239
77.06697      46.62625
77.07275      46.62023
77.08089      46.6162
77.0872       46.60628
77.09417      46.58717
77.11042      46.578
77.12023      46.56434
77.12967      46.55984
77.13111      46.55342
77.12895      46.55153
77.12358      46.54692
77.11314      46.55167
77.1072       46.552
77.10533      46.54631
77.11165      46.5462
77.11684      46.54292
77.12314      46.54373
77.13086      46.53673
77.14864      46.53392
77.15534      46.53609
77.16361      46.54486
77.17353      46.544
77.1842       46.54656
77.22503      46.54837
77.23261      46.54753
77.23597      46.54861
77.24192      46.55698
77.2382       46.56367
77.23836      46.57736
77.26642      46.5992
77.26739      46.59995
77.28436      46.61014
77.28378      46.61267
77.26497      46.60661
77.26311      46.60961
77.26911      46.61956
77.27556      46.62334
77.28159      46.62437
77.28584      46.6227
77.28886      46.61531
77.33466      46.61631
77.36142      46.61284
77.36872      46.61314
77.37109      46.61375
77.4227       46.62697
77.43764      46.62714
77.45861      46.63678
77.47131      46.63928
77.48456      46.63831
77.49045      46.63639
77.49592      46.63214
77.50592      46.63309
77.51178      46.6307
77.51448      46.62356
77.5197       46.62184
77.52456      46.627
77.52817      46.62681
77.53714      46.62628
77.5457       46.63206
77.55203      46.63283
77.56541      46.62823
77.57208      46.62878
77.59025      46.62681
77.59842      46.63098
77.60578      46.63242
77.61136      46.63161
77.6207       46.62456
77.62528      46.62356
77.63175      46.62684
77.64315      46.62981
77.64931      46.63356
77.6474       46.63564
77.63211      46.63506
77.62656      46.63748
77.62353      46.64392
77.61628      46.645
77.61495      46.64559
77.60586      46.64956
77.59295      46.65075
77.58256      46.66353
77.58497      46.66553
77.60253      46.66472
77.60965      46.66753
77.62786      46.65917
77.63606      46.64961
77.64701      46.64892
77.66548      46.63939
77.67208      46.63833
77.67581      46.64009
77.67492      46.64236
77.66566      46.65081
77.66834      46.65422
77.66883      46.65486
77.68603      46.66067
77.69197      46.66006
77.69356      46.65111
77.69583      46.64992
77.72639      46.64286
77.741        46.6357
77.74803      46.63689
77.76714      46.64858
77.77453      46.65025
77.78415      46.65003
77.7907       46.64806
77.80264      46.6407
77.8188       46.63756
77.824        46.63656
77.83575      46.64614
77.84047      46.64784
77.84848      46.64811
77.85501      46.64567
77.86065      46.64578
77.8762       46.65159
77.8805       46.6515
77.89422      46.64683
77.913        46.63725
77.92206      46.62536
77.93006      46.61948
77.93598      46.61842
77.94373      46.62053
77.95526      46.61934
77.96895      46.62256
77.97106      46.62306
77.97816      46.61948
77.99873      46.59909
78            46.59878
78            46.33998
77.99467      46.34122
77.99128      46.33925
77.98842      46.33217
77.98822      46.33167
77.98705      46.32106
77.97311      46.3127
77.97656      46.30895
77.97281      46.30675
77.96695      46.30803
77.95875      46.31625
77.951        46.31917
77.95011      46.32147
77.95811      46.32997
77.96931      46.33589
77.97556      46.34192
77.97825      46.34323
77.98061      46.33723
77.98328      46.33784
77.98964      46.34614
77.98845      46.3487
77.96495      46.36325
77.94583      46.37511
77.92603      46.38931
77.91245      46.39556
77.89481      46.40673
77.85625      46.42272
77.83266      46.42806
77.81514      46.42778
77.78536      46.42731
77.76495      46.42206
77.747        46.42039
77.74392      46.41772
77.74717      46.41628
77.77431      46.41681
77.78083      46.41553
77.7975       46.41834
77.80833      46.4165
77.81641      46.41242
77.82336      46.41273
77.83742      46.41653
77.84642      46.4165
77.85992      46.41645
77.86539      46.41381
77.86723      46.41033
77.86239      46.40634
77.8492       46.4
77.84503      46.40239
77.83972      46.3952
77.84058      46.39245
77.84789      46.3932
77.85406      46.39097
77.8682       46.39636
77.87573      46.39459
77.88008      46.39587
77.87975      46.38925
77.88167      46.38759
77.89198      46.38895
77.89506      46.39139
77.88925      46.39381
77.88806      46.39659
77.88983      46.39931
77.89515      46.39964
77.90286      46.39556
77.90736      46.38928
77.90936      46.38647
77.91925      46.38603
77.92078      46.38347
77.91292      46.37773
77.90195      46.383
77.90048      46.38053
77.90722      46.36984
77.92356      46.37953
77.93117      46.37934
77.94006      46.37228
77.93989      46.36861
77.93114      46.35897
77.92786      46.35953
77.92286      46.36536
77.9287       46.36956
77.92783      46.37208
77.90239      46.36412
77.89195      46.36083
77.88906      46.35825
77.8868       46.35881
77.89781      46.36706
77.8997       46.37017
77.89658      46.37464
77.89428      46.37467
77.89325      46.36748
77.87798      46.35886
77.85914      46.34489
77.85083      46.34373
77.84631      46.34589
77.83964      46.34467
77.83736      46.34564
77.8395       46.34878
77.8572       46.36003
77.87341      46.3672
77.87536      46.36867
77.89159      46.38098
77.89073      46.38372
77.88414      46.38411
77.88061      46.37961
77.87434      46.37931
77.87233      46.3725
77.8685       46.36822
77.85709      46.36414
77.8495       46.36478
77.84934      46.36822
77.85564      46.37561
77.85211      46.38486
77.84         46.38697
77.83886      46.38425
77.84675      46.37606
77.84361      46.3727
77.83356      46.36995
77.8274       46.36484
77.82345      46.36561
77.82214      46.36759
77.82097      46.36934
77.81392      46.36675
77.81278      46.3702
77.82078      46.39311
77.82075      46.39953
77.81741      46.39914
77.81367      46.38939
77.81073      46.39014
77.80825      46.39386
77.80217      46.39081
77.79039      46.37939
77.78478      46.37908
77.78655      46.37467
77.78411      46.372
77.77758      46.37375
77.77364      46.35989
77.77648      46.35661
77.77503      46.35459
77.76311      46.35395
77.76211      46.3522
77.76061      46.34967
77.75795      46.34925
77.75414      46.35231
77.74883      46.3522
77.74772      46.35681
77.74175      46.35625
77.7385       46.35747
77.74333      46.3617
77.75305      46.3647
77.75328      46.36995
77.75034      46.37
77.7475       46.36642
77.74403      46.3697
77.74076      46.37023
77.7317       46.367
77.72511      46.36783
77.73217      46.37064
77.73673      46.37603
77.74625      46.37467
77.75716      46.3822
77.7652       46.38478
77.77378      46.39123
77.77865      46.40367
77.77711      46.40603
77.75573      46.40831
77.74572      46.4067
77.73661      46.40256
77.7287       46.38856
77.72478      46.38933
77.71278      46.38709
77.71516      46.382
77.71347      46.38067
77.69691      46.37986
77.69086      46.37773
77.6839       46.36964
77.68125      46.3697
77.6795       46.37475
77.67245      46.37195
77.671        46.37656
77.67392      46.38311
77.68447      46.38998
77.68608      46.39234
77.69014      46.39831
77.68758      46.40042
77.67936      46.39397
77.67828      46.39903
77.68166      46.40834
77.68595      46.40778
77.68903      46.4107
77.68716      46.41303
77.65503      46.41142
77.65158      46.40831
77.64736      46.39511
77.64261      46.39247
77.6325       46.3952
77.63095      46.39775
77.63503      46.39997
77.63464      46.40614
77.63795      46.40631
77.64142      46.40278
77.64453      46.40592
77.643        46.4087
77.63489      46.41189
77.63195      46.41306
77.59255      46.41914
77.58183      46.37753
77.57398      46.35745
77.57367      46.35667
77.57222      46.35642
77.57         46.35606
77.56856      46.35839
77.56786      46.35953
77.57711      46.38384
77.58125      46.3947
77.58156      46.40178
77.579        46.40411
77.57478      46.39537
77.57122      46.40039
77.56914      46.40023
77.5675       46.38995
77.56481      46.38931
77.56139      46.4022
77.55775      46.40181
77.55328      46.39756
77.5497       46.39878
77.54816      46.40156
77.55478      46.40964
77.55497      46.41397
77.54881      46.41709
77.53398      46.41809
77.52858      46.42367
77.53386      46.43089
77.53042      46.43553
77.52595      46.43903
77.52336      46.44006
77.48656      46.4547
77.45672      46.46925
77.41848      46.49742
77.411        46.50122
77.40214      46.503
77.3905       46.50161
77.3727       46.49534
77.3582       46.49675
77.35245      46.49389
77.33795      46.48661
77.32056      46.48236
77.2994       46.47409
77.28772      46.46825
77.28478      46.46681
77.27548      46.46217
77.25645      46.45772
77.24008      46.448
77.23817      46.44684
77.23317      46.44578
77.21711      46.45042
77.212        46.45531
77.20806      46.46475
77.20634      46.46539
77.2035       46.46645
77.20233      46.47103
77.18772      46.46992
77.1795       46.47142
77.17306      46.46628
77.1667       46.46478
77.15317      46.4657
77.14961      46.46806
77.15078      46.47237
77.16811      46.48533
77.16586      46.48767
77.14578      46.48139
77.14003      46.47759
77.13586      46.47217
77.12678      46.46753
77.12375      46.46622
77.12164      46.46258
77.12967      46.45584
77.12226      46.44247
77.11361      46.43945
77.11222      46.43897
77.10758      46.43892
77.10428      46.43889
77.0893       46.44622
77.07615      46.44803
77.0672       46.44773
77.05998      46.44945
77.0437       46.45703
76.9612       46.4627
76.9349       46.46864
76.92208      46.47153
76.91153      46.47214
76.90808      46.46761
76.90156      46.47047
76.89978      46.46706
76.9145       46.45036
76.9138       46.43942
76.91015      46.43786
76.90739      46.44567
76.89833      46.452
76.89725      46.45978
76.89017      46.46628
76.88301      46.46936
76.87539      46.46995
76.86764      46.46525
76.8657       46.46598
76.86417      46.47078
76.86022      46.47153
76.85911      46.47075
76.85245      46.46595
76.84686      46.4667
76.84231      46.4695
76.84108      46.47295
76.84411      46.47428
76.8557       46.47481
76.85415      46.47803
76.84592      46.47953
76.81711      46.47925
76.81028      46.48323
76.79181      46.50817
76.78501      46.51261
76.77284      46.51531
76.76056      46.51503
76.74811      46.52
76.72134      46.52128
76.70692      46.5272
76.70253      46.52428
76.70056      46.52453
76.69906      46.53025
76.69183      46.53195
76.63431      46.53567
76.62434      46.53489
76.61467      46.53184
76.61158      46.52798
76.61181      46.52362
76.60553      46.52484
76.60616      46.51356
76.60623      46.51295
76.60436      46.50567
76.60103      46.50478
76.5985       46.50847
76.5997       46.51647
76.59675      46.51878
76.60047      46.52172
76.5972       46.52311
76.58659      46.52189
76.56814      46.526
76.537        46.52592
76.4974       46.53028
76.46592      46.52995
76.46342      46.53031
76.44808      46.53245
76.43106      46.54042
76.42014      46.54122
76.4022       46.53845
76.39325      46.53878
76.38206      46.54253
76.3738       46.54286
76.36166      46.54825
76.34975      46.54883
76.33898      46.55648
76.30928      46.56228
76.29633      46.56148
76.29559      46.56214
76.29017      46.56703
76.27533      46.57106
76.26653      46.57847
76.24464      46.57845
76.24295      46.57664
76.24914      46.57042
76.25414      46.57264
76.26209      46.57189
76.27216      46.56242
76.27914      46.56372
76.28475      46.56136
76.28131      46.55548
76.28225      46.55339
76.29148      46.55078
76.29831      46.54386
76.30423      46.54175
76.30517      46.53923
76.30075      46.53425
76.29581      46.5352
76.29391      46.53781
76.29034      46.54281
76.2772       46.54933
76.26878      46.55856
76.25961      46.56436
76.25467      46.56486
76.25225      46.561
76.27803      46.52942
76.28103      46.52575
76.28415      46.52439
76.28603      46.52775
76.27961      46.53767
76.28328      46.53831
76.28917      46.53414
76.29398      46.52653
76.28781      46.52064
76.2862       46.51909
76.29145      46.5172
76.29478      46.51708
76.30203      46.51686
76.30483      46.52347
76.31178      46.52317
76.31667      46.5197
76.32328      46.5187
76.32561      46.51959
76.32975      46.52709
76.32723      46.53375
76.32336      46.53814
76.29978      46.55139
76.30211      46.5525
76.31239      46.55242
76.34053      46.53659
76.34147      46.53336
76.33706      46.52883
76.33714      46.52336
76.33736      46.51125
76.34795      46.51181
76.35403      46.51747
76.358        46.51742
76.36245      46.50822
76.36736      46.50567
76.36659      46.50089
76.35475      46.49786
76.35195      46.49714
76.34873      46.50131
76.35039      46.50384
76.35215      46.50653
76.34964      46.50664
76.34586      46.50681
76.33614      46.50098
76.3294       46.51064
76.32253      46.51414
76.32081      46.51095
76.32367      46.50614
76.3157       46.50392
76.31298      46.50145
76.3247       46.4977
76.34323      46.49175
76.34517      46.48923
76.34314      46.48742
76.33517      46.48834
76.32367      46.48967
76.32005      46.49131
76.31606      46.49045
76.31997      46.48698
76.3355       46.48561
76.3369       46.48345
76.3372       46.48264
76.33536      46.48017
76.32545      46.47959
76.31623      46.48245
76.30475      46.48875
76.29725      46.49292
76.28308      46.49625
76.28117      46.49992
76.27589      46.50089
76.2702       46.49684
76.26656      46.49708
76.2635       46.50303
76.26223      46.50553
76.25475      46.52006
76.24889      46.52425
76.24525      46.5245
76.24453      46.522
76.25136      46.51623
76.25128      46.51097
76.24609      46.49959
76.24709      46.49681
76.24828      46.49339
76.24686      46.48906
76.24153      46.48683
76.23722      46.48686
76.23495      46.48895
76.23834      46.49233
76.23673      46.49511
76.22414      46.49431
76.22861      46.4865
76.22659      46.48353
76.21926      46.48156
76.20883      46.48942
76.20156      46.48995
76.1992       46.48722
76.20008      46.48511
76.20078      46.48356
76.1914       46.47747
76.18695      46.46997
76.18945      46.46217
76.18573      46.45717
76.18075      46.45631
76.1762       46.46025
76.17139      46.4685
76.16648      46.47198
76.16822      46.47745
76.16697      46.48111
76.15542      46.48145
76.15017      46.484
76.14091      46.48522
76.13416      46.49717
76.12991      46.50064
76.12197      46.50025
76.11964      46.49845
76.12125      46.49662
76.12883      46.49517
76.13108      46.4915
76.12973      46.48614
76.13384      46.47798
76.13281      46.47595
76.1282       46.47642
76.12197      46.48106
76.12078      46.48839
76.11547      46.48772
76.11048      46.48459
76.11664      46.47881
76.11595      46.477
76.10803      46.47845
76.09775      46.47623
76.09573      46.4742
76.09934      46.47278
76.10315      46.46317
76.10014      46.46158
76.09517      46.46162
76.08903      46.469
76.08206      46.46814
76.07811      46.46931
76.07931      46.46131
76.09181      46.45753
76.09636      46.45408
76.09597      46.45064
76.09153      46.44745
76.09064      46.44681
76.086        46.44731
76.08278      46.45122
76.07747      46.45103
76.0729       46.45428
76.06992      46.45384
76.06817      46.44858
76.06423      46.44886
76.0603       46.453
76.05653      46.46422
76.06298      46.47447
76.0634       46.47881
76.05531      46.49053
76.05106      46.49398
76.04481      46.49608
76.03733      46.50461
76.03306      46.506
76.0323       46.50236
76.03586      46.49708
76.05314      46.48025
76.05326      46.47931
76.05372      46.475
76.0517       46.4725
76.04422      46.48147
76.03795      46.4822
76.03239      46.48614
76.02942      46.48592
76.01806      46.50111
76.01605      46.5002
76.01631      46.49381
76.02178      46.48484
76.02042      46.48234
76.0149       46.48717
76.00581      46.50028
76.00186      46.50236
75.99856      46.5017
75.99316      46.49511
75.98714      46.49198
75.98386      46.49245
75.98358      46.49678
75.98991      46.50039
75.99164      46.50428
75.99003      46.50725
75.98075      46.50687
75.97556      46.51331
75.96958      46.51197
75.96853      46.50764
75.97073      46.50056
75.97464      46.49639
75.97165      46.49503
75.96733      46.49553
75.96698      46.49211
75.981        46.47784
75.98158      46.47417
75.97992      46.47259
75.97397      46.47309
75.96909      46.47792
75.96525      46.48823
75.95641      46.49425
75.94981      46.49612
75.94558      46.50117
75.94164      46.50259
75.93628      46.49828
75.93003      46.50106
75.92333      46.50156
75.9222       46.50842
75.91597      46.51395
75.91908      46.524
75.92606      46.52486
75.92903      46.52347
75.9302       46.5242
75.93303      46.52595
75.95223      46.50584
75.95456      46.50339
75.9582       46.50314
75.9599       46.50564
75.95828      46.50736
75.94814      46.51808
75.94984      46.52103
75.95936      46.51433
75.96133      46.51433
75.9617       46.51662
75.95253      46.52397
75.94711      46.53864
75.94514      46.54039
75.94353      46.54186
75.93359      46.5415
75.93234      46.54697
75.92083      46.553
75.9165       46.55303
75.91314      46.54781
75.9177       46.54272
75.91336      46.54003
75.90639      46.5387
75.89678      46.53945
75.8902       46.54178
75.87348      46.55378
75.86256      46.55703
75.85953      46.55295
75.86081      46.54998
75.86808      46.54695
75.87323      46.53617
75.87086      46.53322
75.85758      46.52942
75.85489      46.52717
75.84578      46.51556
75.83739      46.50486
75.83011      46.50286
75.8215       46.5027
75.81261      46.50661
75.80439      46.51261
75.80217      46.51925
75.79789      46.52156
75.79192      46.52045
75.76292      46.5037
75.75598      46.50284
75.74631      46.49786
75.74003      46.49903
75.73908      46.5027
75.75342      46.51245
75.75845      46.51903
75.75584      46.52133
75.75153      46.52297
75.73155      46.5112
75.72128      46.51078
75.71373      46.51448
75.7145       46.52589
75.71091      46.53139
75.70531      46.53303
75.70098      46.53259
75.69366      46.52853
75.67975      46.52836
75.67575      46.52586
75.673        46.5165
75.667        46.5097
75.65992      46.49531
75.66114      46.48525
75.66061      46.48192
75.65972      46.47636
75.65273      46.46997
75.64909      46.47022
75.64415      46.473
75.6409       46.47759
75.63525      46.47714
75.62128      46.46692
75.6163       46.46695
75.61303      46.47109
75.61214      46.48273
75.62181      46.48864
75.6205       46.49231
75.60295      46.48873
75.5992       46.47753
75.5962       46.47456
75.59092      46.47436
75.58798      46.4785
75.59231      46.48486
75.59233      46.489
75.58898      46.48973
75.58178      46.49131
75.57811      46.48906
75.5837       46.48217
75.5767       46.47603
75.56378      46.47425
75.55548      46.46881
75.55084      46.46858
75.54161      46.4725
75.53103      46.473
75.51148      46.46873
75.50983      46.47103
75.51183      46.47467
75.5165       46.47761
75.54864      46.48323
75.55528      46.48731
75.55795      46.49186
75.56441      46.49775
75.57695      46.50917
75.57303      46.51489
75.55453      46.51931
75.53442      46.53286
75.52553      46.54159
75.50345      46.55834
75.49198      46.57414
75.47481      46.58631
75.47111      46.58959
75.45797      46.60123
75.45372      46.60808
75.4544       46.6122
75.46941      46.6277
75.47208      46.62884
75.487        46.62831
75.48736      46.63473
75.49106      46.6395
75.49965      46.63353
75.50181      46.61022
75.50542      46.60425
75.51103      46.60128
75.516        46.60195
75.51736      46.60353
75.51214      46.61067
75.50784      46.61659
75.50686      46.62345
75.50706      46.6237
75.50567      46.6317
75.50381      46.63831
75.49675      46.64953
75.49415      46.65778
75.49756      46.67306
75.49628      46.67742
75.49064      46.67928
75.46036      46.67067
75.44705      46.66159
75.44536      46.65839
75.45991      46.64828
75.4629       46.64417
75.46253      46.64097
75.45458      46.64464
75.44436      46.65586
75.43736      46.65222
75.43303      46.64561
75.40206      46.62606
75.39941      46.62286
75.39803      46.61442
75.3925       46.6055
75.3887       46.59934
75.39061      46.58656
75.38589      46.57033
75.38653      46.56395
75.39081      46.5557
75.40403      46.54675
75.42189      46.54464
75.43181      46.53845
75.43672      46.53158
75.44095      46.51786
75.45481      46.508
75.46128      46.50798
75.47931      46.50792
75.47728      46.50267
75.46864      46.49836
75.45803      46.49542
75.46133      46.49084
75.46728      46.49011
75.46892      46.48806
75.46889      46.48395
75.46556      46.48053
75.45697      46.48078
75.451        46.47647
75.44573      46.47875
75.4352       46.49478
75.42367      46.50556
75.41905      46.50534
75.41506      46.50331
75.41306      46.50011
75.42558      46.48978
75.42633      46.48797
75.42723      46.48589
75.42586      46.482
75.41861      46.48548
75.4097       46.48731
75.40336      46.48231
75.3977       46.47159
75.39011      46.4732
75.3805       46.47209
75.37686      46.46911
75.37283      46.45906
75.35625      46.44448
75.35361      46.44472
75.35228      46.44678
75.35498      46.45659
75.35336      46.46392
75.35803      46.4742
75.35506      46.47945
75.35275      46.48106
75.34945      46.48084
75.34864      46.47956
75.34078      46.46692
75.3302       46.46533
75.32003      46.48592
75.322        46.49047
75.32864      46.49573
75.3257       46.49917
75.31709      46.50009
75.31411      46.50239
75.32475      46.5147
75.33139      46.51834
75.33798      46.514
75.33895      46.50553
75.34225      46.50234
75.34656      46.50347
75.3552       46.51442
75.35481      46.5177
75.35456      46.51967
75.35061      46.52495
75.34497      46.52609
75.3417       46.52883
75.34136      46.53548
75.33839      46.538
75.32681      46.53823
75.31156      46.52845
75.30128      46.52458
75.28273      46.52347
75.27478      46.51867
75.26548      46.50611
75.25586      46.50134
75.25386      46.49723
75.25716      46.49425
75.26511      46.49172
75.27636      46.49078
75.277        46.48645
75.27603      46.48561
75.27403      46.48395
75.25781      46.48306
75.25317      46.481
75.24189      46.47095
75.23231      46.46981
75.23031      46.46456
75.23495      46.45861
75.24286      46.45656
75.25445      46.46064
75.25975      46.46064
75.26436      46.45767
75.27028      46.44622
75.26764      46.44028
75.25376      46.43642
75.22992      46.41725
75.21139      46.41225
75.20478      46.41295
75.20215      46.415
75.19986      46.43786
75.19425      46.44289
75.19192      46.44245
75.18995      46.43878
75.19289      46.42231
75.19123      46.41639
75.17173      46.41045
75.1615       46.41114
75.141        46.418
75.1334       46.42211
75.13301      46.42495
75.13075      46.44086
75.12317      46.44156
75.10036      46.43425
75.07786      46.43242
75.07589      46.43356
75.07523      46.43745
75.07686      46.44314
75.10067      46.44589
75.11058      46.44842
75.1129       46.45117
75.10364      46.46211
75.10495      46.46442
75.11322      46.46487
75.11984      46.47356
75.11908      46.47545
75.11686      46.48109
75.11356      46.48314
75.10761      46.4827
75.08808      46.47378
75.0557       46.45
75.04286      46.41228
75.03725      46.40109
75.0277       46.3965
75.0237       46.39214
75.02078      46.38895
75.01153      46.38278
75            46.38222
74.99733      46.38209
74.99106      46.37956
74.98311      46.38595
74.97386      46.38961
74.96528      46.39028
74.95409      46.39375
74.9414       46.39767
74.92625      46.40233
74.91534      46.4085
74.91331      46.41695
74.90967      46.41742
74.88298      46.40272
74.87605      46.39403
74.88039      46.38925
74.89956      46.38881
74.91078      46.38473
74.91378      46.37856
74.92139      46.37353
74.92367      46.36497
74.91947      46.358
74.92014      46.35433
74.92347      46.34864
74.93573      46.33814
74.93606      46.33425
74.93214      46.32692
74.94172      46.32192
74.94503      46.31759
74.93686      46.29906
74.9382       46.29059
74.94183      46.28533
74.95803      46.27553
74.96267      46.2705
74.96103      46.26272
74.96303      46.25542
74.96206      46.252
74.96636      46.24287
74.97561      46.23853
74.98714      46.23625
74.99306      46.23761
74.99633      46.2415
75            46.24253
75.00128      46.24289
75.00755      46.24039
75.01053      46.23489
75.00923      46.23034
75.01153      46.22553
75.01511      46.22345
75.01747      46.22209
75.03889      46.22256
75.04845      46.21847
75.06195      46.21642
75.06458      46.21092
75.03558      46.21775
75.01483      46.2182
75.00858      46.22072
75.00331      46.22484
75.00395      46.23581
75.00195      46.23831
75            46.238
74.99766      46.23764
74.99175      46.23192
74.98286      46.23212
74.97872      46.23317
74.96572      46.23645
74.9558       46.25109
74.95528      46.25709
74.95441      46.26731
74.94089      46.2755
74.93325      46.28897
74.93092      46.30086
74.93845      46.31573
74.93678      46.31895
74.93381      46.32122
74.9292       46.32189
74.92455      46.32736
74.93045      46.33448
74.9179       46.34473
74.91389      46.35158
74.91289      46.35614
74.91805      46.36656
74.91845      46.36737
74.91745      46.37034
74.90089      46.38356
74.87942      46.38581
74.87678      46.38261
74.87717      46.37186
74.87489      46.36181
74.86214      46.33525
74.85558      46.32656
74.85336      46.31714
74.8557       46.30189
74.85564      46.29995
74.85486      46.27103
74.85128      46.26325
74.83686      46.24836
74.81911      46.23825
74.80731      46.22909
74.7887       46.20092
74.78547      46.18947
74.79653      46.15797
74.80617      46.1422
74.80983      46.12986
74.79616      46.10858
74.787        46.10008
74.77556      46.09436
74.75981      46.08995
74.74856      46.08948
74.73681      46.08898
74.72667      46.08392
74.7119       46.0802
74.69942      46.08017
74.69945      46.07514
74.72048      46.07567
74.73167      46.07114
74.73497      46.06681
74.72945      46.06106
74.73209      46.05695
74.73803      46.05448
74.7423       46.0547
74.74753      46.05862
74.75105      46.07164
74.75564      46.0735
74.75861      46.06848
74.75706      46.05984
74.75672      46.05795
74.76072      46.04881
74.75584      46.04081
74.73945      46.04098
74.7362       46.03411
74.73292      46.03203
74.72931      46.03295
74.72892      46.043
74.72364      46.04411
74.71714      46.03681
74.7122       46.03723
74.70856      46.04203
74.70286      46.05778
74.70575      46.06717
74.70278      46.07011
74.69456      46.07009
74.69         46.06506
74.68442      46.06342
74.68022      46.06675
74.6778       46.06867
74.66928      46.06956
74.66661      46.07228
74.6689       46.0755
74.67872      46.07828
74.68165      46.08239
74.67966      46.08492
74.67572      46.08581
74.66786      46.08053
74.66001      46.07753
74.65806      46.07431
74.66206      46.06747
74.65915      46.06381
74.65258      46.06331
74.64925      46.06606
74.65117      46.07406
74.65017      46.07542
74.64492      46.07517
74.64034      46.07195
74.63455      46.05753
74.6313       46.05522
74.62078      46.0552
74.61753      46.0515
74.6238       46.04506
74.63211      46.03647
74.6279       46.03006
74.63092      46.02367
74.62731      46.02183
74.61747      46.02203
74.602        46.02722
74.59414      46.02581
74.58989      46.02284
74.58475      46.0125
74.57333      46.00514
74.56973      46.00514
74.56609      46.00856
74.565        46.01814
74.56103      46.02042
74.55578      46.02017
74.55164      46.00939
74.55045      45.99612
74.5449       45.99381
74.53603      45.9947
74.53017      45.99122
74.5299       45.98664
74.5355       45.98303
74.53641      45.98067
74.53684      45.97959
74.53         45.97567
74.52606      45.97589
74.50761      45.98381
74.51011      45.99547
74.50645      46.00025
74.49423      46.0075
74.47511      46.01564
74.44998      46.03058
74.44266      46.03786
74.4472       46.04523
74.44386      46.04839
74.426        46.04561
74.42091      46.04484
74.40491      46.03812
74.38995      46.02889
74.37686      46.02378
74.3595       46.02206
74.34742      46.01808
74.33365      46.01734
74.33         46.01936
74.32928      46.02392
74.3377       46.03289
74.33698      46.03611
74.32941      46.03697
74.31706      46.02864
74.29811      46.02264
74.28178      46.01745
74.23528      45.99058
74.23303      45.98759
74.23375      45.98256
74.22808      45.96836
74.226        45.95508
74.23261      45.92998
74.23995      45.92248
74.26945      45.89914
74.27761      45.87839
74.28298      45.84822
74.28558      45.84917
74.28872      45.85811
74.29295      45.86064
74.3057       45.86006
74.30861      45.86167
74.3105       45.86764
74.31766      45.8695
74.32108      45.86061
74.31922      45.85375
74.31433      45.85073
74.29961      45.85134
74.29706      45.84742
74.29775      45.84492
74.303        45.84403
74.30666      45.83856
74.30539      45.83673
74.3005       45.83509
74.29195      45.8387
74.28803      45.83797
74.28403      45.84253
74.28247      45.83795
74.28767      45.81739
74.29305      45.80784
74.30031      45.80286
74.30983      45.80017
74.31347      45.797
74.3145       45.79425
74.30964      45.79103
74.3182       45.7865
74.32053      45.78264
74.31734      45.77942
74.31015      45.77867
74.30164      45.77975
74.28845      45.787
74.28516      45.78673
74.28295      45.78375
74.28528      45.77942
74.29353      45.77514
74.29815      45.76778
74.30123      45.76284
74.30098      45.75733
74.29065      45.74789
74.26953      45.73997
74.26366      45.73947
74.26003      45.7415
74.25801      45.74653
74.2702       45.76125
74.27306      45.76653
74.27233      45.77109
74.269        45.77656
74.25978      45.78153
74.25159      45.78239
74.2464       45.77984
74.23583      45.75909
74.23309      45.75367
74.22405      45.72525
74.23036      45.7175
74.23592      45.71823
74.24045      45.72011
74.24814      45.72953
74.25728      45.72983
74.26389      45.72484
74.27206      45.72397
74.27666      45.72081
74.28106      45.71217
74.29251      45.71042
74.30539      45.69998
74.31192      45.70025
74.32         45.70486
74.33833      45.70087
74.33783      45.69011
74.34378      45.68536
74.34541      45.68114
74.34264      45.67345
74.33206      45.66014
74.32461      45.65528
74.31581      45.65431
74.3102       45.65998
74.29739      45.66561
74.29536      45.67064
74.29978      45.68209
74.29936      45.68828
74.29314      45.68892
74.28992      45.68683
74.29291      45.68136
74.2907       45.67792
74.28709      45.67834
74.27692      45.68309
74.26386      45.68389
74.26056      45.68572
74.25556      45.69345
74.24664      45.69956
74.24142      45.69998
74.23722      45.69584
74.23665      45.69239
74.2372       45.678
74.24103      45.66225
74.24597      45.65795
74.24956      45.65864
74.25148      45.66164
74.24848      45.6662
74.24873      45.67031
74.25395      45.67056
74.2592       45.66856
74.27178      45.63272
74.27206      45.62406
74.27241      45.61192
74.26403      45.58442
74.26083      45.58097
74.25758      45.58117
74.25491      45.58389
74.25383      45.5912
74.26309      45.605
74.26203      45.60956
74.25166      45.60445
74.24108      45.59478
74.2217       45.58411
74.21206      45.5765
74.20236      45.57117
74.19653      45.56998
74.19158      45.57267
74.17723      45.59497
74.17395      45.59634
74.16875      45.59559
74.16047      45.58911
74.1505       45.57578
74.14439      45.5707
74.13842      45.55945
74.12622      45.54928
74.1025       45.54634
74.09603      45.544
74.08223      45.53359
74.065        45.51489
74.06103      45.5
74.06223      45.49497
74.06316      45.49109
74.0767       45.47887
74.07941      45.47248
74.07833      45.44342
74.06836      45.41978
74.06914      45.41247
74.08414      45.37417
74.08522      45.36822
74.08083      45.35903
74.07442      45.35509
74.06245      45.35292
74.05573      45.34875
74.05326      45.34209
74.05628      45.33595
74.06056      45.33256
74.07811      45.32973
74.08475      45.32692
74.0997       45.32053
74.10717      45.32014
74.12528      45.32281
74.1317       45.32583
74.13486      45.33089
74.13311      45.33845
74.12317      45.35047
74.12375      45.35392
74.13211      45.35786
74.13633      45.35814
74.14436      45.36392
74.14825      45.36281
74.15531      45.32992
74.15534      45.3252
74.15559      45.294
74.15345      45.28531
74.131        45.23364
74.14056      45.20264
74.14233      45.19692
74.14036      45.16006
74.1419       45.14703
74.13956      45.1317
74.14098      45.1237
74.13697      45.11311
74.13965      45.1072
74.14453      45.1045
74.15676      45.10917
74.16389      45.10673
74.17292      45.0997
74.18539      45.095
74.20208      45.08095
74.212        45.06636
74.22056      45.0575
74.22189      45.05339
74.22065      45.05134
74.2129       45.05173
74.19206      45.06256
74.18816      45.06253
74.18639      45.05428
74.18317      45.05289
74.17831      45.05397
74.17395      45.0587
74.15981      45.08036
74.13723      45.07928
74.13355      45.06711
74.12631      45.06059
74.12306      45.05764
74.11792      45.0567
74.1075       45.06117
74.10428      45.06092
74.09286      45.04939
74.08061      45.04792
74.07606      45.04992
74.07145      45.05561
74.05617      45.06098
74.05264      45.06047
74.04923      45.05359
74.05365      45.04034
74.05861      45.03375
74.07003      45.02745
74.08278      45.01728
74.08366      45.01422
74.08483      45.0102
 1             665           2 
1
 -9999.0   ,   9990.0
   7
 43 
73.74917      45.4012
73.7575       45.40634
73.76659      45.40711
73.77008      45.40945
73.77131      45.41312
73.76891      45.41789
73.76265      45.42309
73.75816      45.43242
73.7584       45.43767
73.76023      45.44228
73.76759      45.44762
73.77306      45.4495
73.77617      45.4555
73.77695      45.46328
73.78256      45.47409
73.77786      45.47975
73.77856      45.49167
73.77656      45.49439
73.76322      45.49448
73.75948      45.49786
73.75723      45.49989
73.75331      45.50031
73.72833      45.48467
73.71956      45.48436
73.69731      45.48936
73.68855      45.48903
73.6847       45.48667
73.68547      45.48212
73.6925       45.47306
73.69239      45.46481
73.68881      45.4522
73.69295      45.44309
73.69886      45.43995
73.71091      45.4385
73.71817      45.43897
73.71936      45.43906
73.72961      45.43095
73.73881      45.42739
73.74017      45.42467
73.73525      45.41295
73.73661      45.41067
73.74381      45.4087
73.74917      45.4012
 1             665           3 
1
 -9999.0   ,   9990.0
   7
 28 
74.08795      46.24525
74.09211      46.25078
74.102        46.252
74.10458      46.25431
74.10609      46.26209
74.09061      46.29787
74.09036      46.31248
74.08698      46.31656
74.07536      46.31945
74.054        46.31581
74.04048      46.31617
74.03456      46.31406
74.03073      46.30784
74.03111      46.30736
74.03545      46.30217
74.05072      46.29681
74.05409      46.29364
74.0597       46.27609
74.05742      46.27403
74.04986      46.27211
74.04828      46.26959
74.05425      46.26692
74.06386      46.26517
74.06922      46.26042
74.06839      46.25172
74.07108      46.24853
74.08065      46.2477
74.08795      46.24525
 1             665           4 
1
 -9999.0   ,   9990.0
   7
 28 
75.54006      46.62653
75.5447       46.62742
75.54772      46.63039
75.53783      46.63911
75.5372       46.64231
75.53953      46.64528
75.5528       46.64409
75.55878      46.64589
75.56242      46.6452
75.56734      46.63695
75.572        46.63945
75.56973      46.64606
75.57214      46.65681
75.57017      46.66
75.55691      46.66189
75.54898      46.66489
75.53345      46.67592
75.52317      46.67983
75.50989      46.67989
75.50664      46.67884
75.50359      46.67786
75.50014      46.65867
75.50273      46.64928
75.51097      46.64264
75.51392      46.63647
75.51856      46.63392
75.52981      46.63228
75.54006      46.62653
 1             665           5 
1
 -9999.0   ,   9990.0
   7
 24 
73.88167      45.35645
73.88973      45.35836
73.89315      45.36525
73.89515      45.37856
73.89895      45.38203
73.91283      45.38581
73.9157       45.38906
73.9124       45.39131
73.90395      45.39192
73.89523      45.38953
73.8832       45.391
73.87378      45.39045
73.86236      45.39284
73.8527       45.39
73.84067      45.39011
73.8352       45.38775
73.83334      45.38475
73.83939      45.37475
73.8437       45.37114
73.84617      45.37131
73.85503      45.37195
73.87311      45.36161
73.87645      45.35686
73.88167      45.35645
 1             665           6 
1
 -9999.0   ,   9990.0
   7
 23 
76.83815      46.529
76.84986      46.53339
76.86242      46.53231
76.86453      46.53709
76.86303      46.54211
76.85678      46.54289
76.85386      46.55667
76.84566      46.55906
76.84058      46.56645
76.83292      46.56542
76.81986      46.56081
76.81514      46.55767
76.80717      46.55756
76.7987       46.56225
76.7817       46.55884
76.78361      46.55675
76.7962       46.55611
76.80339      46.55306
76.80548      46.55073
76.80917      46.54656
76.8177       46.54347
76.83351      46.52953
76.83815      46.529
 1             665           7 
1
 -9999.0   ,   9990.0
   7
 12 
75.80031      46.58828
75.803        46.59078
75.79715      46.60017
75.7772       46.62406
75.75895      46.65364
75.7563       46.65547
75.75267      46.65503
75.75131      46.65209
75.76236      46.63214
75.76395      46.6255
75.77717      46.61198
75.80031      46.58828
 1             665           8 
1
 -9999.0   ,   9990.0
   7
 25 
76.22034      46.50347
76.21792      46.51448
76.21367      46.51773
76.2137       46.51956
76.22425      46.51761
76.2283       46.52148
76.22972      46.52648
76.22845      46.52833
76.22381      46.52859
76.22103      46.53914
76.21045      46.53947
76.21389      46.53006
76.21778      46.52567
76.21145      46.52367
76.20851      46.52439
76.2027       46.53245
76.19673      46.5325
76.19114      46.53461
76.19011      46.53303
76.20414      46.52214
76.20592      46.51139
76.20765      46.51106
76.21186      46.5102
76.2177       46.50306
76.22034      46.50347
 1             665           9 
1
 -9999.0   ,   9990.0
   7
 11 
75.77745      46.52922
75.78745      46.53464
75.79017      46.54056
75.78789      46.54539
75.77103      46.548
75.74611      46.53989
75.74408      46.53786
75.7447       46.53375
75.75433      46.5362
75.75931      46.53595
75.77745      46.52922
 1             665           10 
1
 -9999.0   ,   9990.0
   7
 18 
73.94653      45.34086
73.94847      45.34203
73.94747      45.34362
73.94158      45.34517
73.94023      45.34833
73.94272      45.35272
73.95181      45.35328
73.95889      45.35653
73.96078      45.35931
73.95911      45.36133
73.93903      45.35934
73.9319       45.35995
73.92142      45.36395
73.91656      45.36345
73.91531      45.36114
73.92364      45.35092
73.93581      45.34214
73.94653      45.34086
 1             665           11 
1
 -9999.0   ,   9990.0
   7
 24 
76.09214      46.49731
76.09778      46.49817
76.10156      46.50637
76.10611      46.50153
76.10978      46.50195
76.11117      46.50698
76.10795      46.51225
76.1127       46.51817
76.11042      46.52139
76.10711      46.52142
76.10203      46.51436
76.09323      46.52175
76.09115      46.51584
76.08881      46.5147
76.08078      46.52986
76.07747      46.53103
76.07373      46.5235
76.08158      46.51978
76.08408      46.50973
76.09497      46.50756
76.09489      46.50303
76.08891      46.50214
76.0892       46.49917
76.09214      46.49731
 1             665           12 
1
 -9999.0   ,   9990.0
   7
 15 
75.99706      46.55542
75.99942      46.55792
75.99681      46.56092
75.97639      46.56998
75.94947      46.58778
75.92531      46.61309
75.92033      46.61311
75.92031      46.61083
75.94611      46.58367
75.95531      46.57836
75.9645       46.57303
75.9717       46.56658
75.97931      46.56447
75.98814      46.5587
75.99706      46.55542
 1             665           13 
1
 -9999.0   ,   9990.0
   7
 16 
76.04073      46.51178
76.04467      46.50842
76.04622      46.50295
76.05084      46.50106
76.05328      46.50473
76.05131      46.51045
76.01764      46.53697
76.01136      46.53795
76.01         46.53498
76.01675      46.5235
76.01733      46.51734
76.02028      46.5157
76.023        46.52048
76.02566      46.52161
76.02998      46.52089
76.04073      46.51178
 1             665           14 
1
 -9999.0   ,   9990.0
   7
 14 
76.26442      46.52564
76.25333      46.53106
76.2477       46.53134
76.24766      46.52928
76.26764      46.51859
76.27231      46.51922
76.2717       46.52311
76.25884      46.54153
76.24841      46.55031
76.2399       46.55495
76.23756      46.55428
76.23683      46.55225
76.24136      46.54603
76.26442      46.52564
 1             665           15 
1
 -9999.0   ,   9990.0
   7
 11 
73.91791      45.23559
73.92081      45.23767
73.91814      45.24128
73.90289      45.24275
73.90056      45.24547
73.89083      45.24514
73.88595      45.24758
73.87631      45.24406
73.88386      45.23864
73.89592      45.23559
73.91791      45.23559
 1             665           16 
1
 -9999.0   ,   9990.0
   7
 19 
76.06464      46.49534
76.05842      46.49828
76.05736      46.49531
76.06123      46.48912
76.06745      46.48517
76.07014      46.48667
76.07148      46.48742
76.0735       46.49128
76.08145      46.491
76.08283      46.49395
76.07958      46.49764
76.081        46.50356
76.07715      46.5107
76.07353      46.513
76.0709       46.51256
76.073        46.50067
76.06831      46.49728
76.06728      46.49409
76.06464      46.49534
 1             665           17 
1
 -9999.0   ,   9990.0
   7
 17 
76.06016      46.52523
76.06091      46.53003
76.06323      46.5307
76.06917      46.52836
76.0712       46.53108
76.06828      46.53453
76.0465       46.5402
76.04984      46.542
76.05745      46.54103
76.05914      46.54442
76.05722      46.5472
76.04958      46.54656
76.03858      46.54253
76.03755      46.54025
76.0507       46.53331
76.05753      46.52525
76.06016      46.52523
 1             665           18 
1
 -9999.0   ,   9990.0
   7
 11 
77.56917      46.40614
77.57217      46.40653
77.57906      46.41303
77.57553      46.41584
77.56178      46.41864
77.54728      46.42786
77.54039      46.42914
77.53861      46.42597
77.54242      46.42178
77.56514      46.41239
77.56917      46.40614
 1             665           19 
1
 -9999.0   ,   9990.0
   7
 12 
75.51023      46.62812
75.51548      46.62114
75.52375      46.61906
75.5297       46.61447
75.53533      46.61375
75.54366      46.61945
75.5417       46.62242
75.53539      46.6245
75.52478      46.62522
75.51686      46.6312
75.51322      46.63098
75.51023      46.62812
 1             665           20 
1
 -9999.0   ,   9990.0
   7
 12 
73.66198      46.13933
73.66489      46.14053
73.67086      46.15181
73.6695       46.15406
73.66323      46.15422
73.66053      46.15647
73.65825      46.156
73.65486      46.14703
73.6487       46.14353
73.6494       46.14195
73.65567      46.14178
73.66198      46.13933
 1             665           21 
1
 -9999.0   ,   9990.0
   7
 10 
75.59686      46.63798
75.59658      46.64253
75.58636      46.65195
75.58373      46.654
75.57875      46.65289
75.57639      46.64742
75.57833      46.64239
75.58265      46.64397
75.59223      46.63798
75.59686      46.63798
 1             665           22 
1
 -9999.0   ,   9990.0
   7
 13 
76.95831      46.60012
76.96133      46.60097
76.96478      46.6055
76.9629       46.60803
76.9568       46.60495
76.95492      46.6077
76.95834      46.61131
76.95481      46.61503
76.94561      46.61767
76.94486      46.61495
76.9477       46.61011
76.94522      46.60534
76.95831      46.60012
 1             665           23 
1
 -9999.0   ,   9990.0
   7
 12 
76.15339      46.49836
76.15673      46.49972
76.15845      46.50336
76.15681      46.50497
76.1512       46.50572
76.14731      46.50917
76.14034      46.509
76.13666      46.50653
76.13626      46.50312
76.1405       46.49917
76.14384      46.50145
76.15339      46.49836
 1             665           24 
1
 -9999.0   ,   9990.0
   7
 9 
76.06195      46.51242
76.06561      46.51306
76.06267      46.51653
76.05578      46.52022
76.04436      46.53106
76.03941      46.532
76.0387       46.52906
76.0449       46.52145
76.06195      46.51242
 1             665           25 
1
 -9999.0   ,   9990.0
   7
 9 
73.49014      45.78747
73.49261      45.79278
73.49122      45.7962
73.48492      45.79909
73.47815      45.80722
73.47428      45.80511
73.47373      45.80212
73.48417      45.79106
73.49014      45.78747
 1             665           26 
1
 -9999.0   ,   9990.0
   7
 9 
77.82542      46.37906
77.83228      46.38486
77.83203      46.39356
77.83598      46.39986
77.83445      46.40217
77.829        46.39912
77.82578      46.39392
77.8232       46.38139
77.82542      46.37906
 1             665           27 
1
 -9999.0   ,   9990.0
   7
 7 
73.46698      45.80889
73.47186      45.80942
73.47373      45.81333
73.4675       45.82467
73.46228      45.82439
73.45911      45.82114
73.46698      45.80889
 1             665           28 
1
 -9999.0   ,   9990.0
   7
 9 
77.82936      46.40686
77.84101      46.40845
77.85153      46.40706
77.85858      46.40964
77.85672      46.41242
77.84686      46.41312
77.82753      46.40967
77.82515      46.40834
77.82936      46.40686
 1             665           29 
1
 -9999.0   ,   9990.0
   7
 10 
76.23651      46.50014
76.23983      46.50103
76.23875      46.51337
76.23375      46.51206
76.23015      46.51392
76.22875      46.51095
76.2307       46.5082
76.22573      46.50822
76.22536      46.50617
76.23651      46.50014
 1             665           30 
1
 -9999.0   ,   9990.0
   7
 7 
74.67433      46.09425
74.69172      46.09706
74.69728      46.10028
74.69531      46.10256
74.67528      46.09953
74.67036      46.09539
74.67433      46.09425
 1             665           31 
1
 -9999.0   ,   9990.0
   7
 9 
76.30283      46.50656
76.30945      46.5072
76.31184      46.51036
76.31022      46.51267
76.30158      46.51023
76.28939      46.51333
76.2867       46.51039
76.29092      46.50714
76.30283      46.50656
 1             665           32 
1
 -9999.0   ,   9990.0
   7
 9 
76.16072      46.51981
76.16311      46.52275
76.15923      46.52759
76.16028      46.5317
76.15442      46.53653
76.15434      46.53173
76.15125      46.52742
76.15581      46.52167
76.16072      46.51981
 1             665           33 
1
 -9999.0   ,   9990.0
   7
 7 
76.12461      46.5185
76.127        46.52239
76.12145      46.527
76.1157       46.53961
76.11175      46.54125
76.10845      46.54084
76.12461      46.5185
 1             665           34 
1
 -9999.0   ,   9990.0
   7
 10 
76.1667       46.50147
76.17203      46.50392
76.17928      46.50181
76.17995      46.50317
76.17703      46.50595
76.17242      46.50736
76.17056      46.51353
76.16695      46.51542
76.16489      46.51267
76.1667       46.50147
 1             665           35 
1
 -9999.0   ,   9990.0
   7
 6 
73.83656      45.26859
73.84295      45.27278
73.84192      45.2755
73.82733      45.27581
73.82675      45.2735
73.83656      45.26859
 1             665           36 
1
 -9999.0   ,   9990.0
   7
 9 
73.69566      45.39784
73.69795      45.39809
73.69981      45.40131
73.69634      45.41111
73.69497      45.4127
73.68981      45.41239
73.68923      45.40987
73.6935       45.40695
73.69566      45.39784
 1             665           37 
1
 -9999.0   ,   9990.0
   7
 6 
75.51915      46.61436
75.51465      46.61589
75.51486      46.61214
75.52697      46.60433
75.5289       46.61011
75.51915      46.61436
 1             665           38 
1
 -9999.0   ,   9990.0
   7
 7 
76.20131      46.54756
76.20467      46.55025
76.2024       46.55256
76.18853      46.5552
76.18716      46.55292
76.18911      46.55109
76.20131      46.54756
 1             665           39 
1
 -9999.0   ,   9990.0
   7
 7 
76.10555      46.52759
76.10828      46.53123
76.10633      46.53331
76.09348      46.53661
76.09278      46.53433
76.09734      46.53062
76.10555      46.52759
 1             665           40 
1
 -9999.0   ,   9990.0
   7
 9 
75.54453      46.60161
75.54816      46.60367
75.5462       46.60525
75.53761      46.60825
75.53661      46.60986
75.53298      46.60828
75.53261      46.60486
75.53458      46.60325
75.54453      46.60161
 1             665           41 
1
 -9999.0   ,   9990.0
   7
 9 
76.16611      46.54284
76.16981      46.54578
76.17775      46.545
76.18011      46.54775
76.17786      46.55142
76.17184      46.54828
76.16489      46.54811
76.16217      46.54425
76.16611      46.54284
 1             665           42 
1
 -9999.0   ,   9990.0
   7
 7 
76.14081      46.51678
76.14711      46.51695
76.14686      46.52175
76.14298      46.52728
76.14         46.52775
76.13865      46.52481
76.14081      46.51678
 1             665           43 
1
 -9999.0   ,   9990.0
   7
 7 
73.63653      46.13103
73.63703      46.13675
73.63455      46.14311
73.63092      46.14467
73.629        46.14236
73.63184      46.13442
73.63653      46.13103
 1             665           44 
1
 -9999.0   ,   9990.0
   7
 6 
77.77311      46.38653
77.77131      46.38098
77.77417      46.37862
77.78139      46.3915
77.77934      46.39397
77.77311      46.38653
 1             665           45 
1
 -9999.0   ,   9990.0
   7
 6 
76.1887       46.50995
76.19736      46.51284
76.19681      46.51856
76.19111      46.51586
76.18684      46.5175
76.1887       46.50995
