 802 
 1 
 1             1             
1
 -9999.0   ,   9990.0
   7
 6 
-90            50
-89.99017      50
-89.98831      49.99859
-89.98776      49.99493
-90            49.99895
-90            50
 1 
 1             2             
1
 -9999.0   ,   9990.0
   7
 7 
-89.95704      50
-89.9493       50
-89.94718      49.99834
-89.95192      49.99545
-89.95579      49.99597
-89.95714      49.99782
-89.95704      50
 1 
 1             3             
1
 -9999.0   ,   9990.0
   7
 5 
-89.91476      50
-89.90282      50
-89.9136       49.99592
-89.91962      49.99602
-89.91476      50
 1 
 1             4             
1
 -9999.0   ,   9990.0
   7
 36 
-89.81011      50
-89.79494      50
-89.79298      49.99713
-89.80676      49.99831
-89.82315      49.98855
-89.83782      49.96963
-89.83646      49.96846
-89.82369      49.96875
-89.84606      49.95972
-89.85172      49.95982
-89.86016      49.95358
-89.87134      49.94898
-89.87762      49.94293
-89.884        49.94281
-89.88567      49.94535
-89.87746      49.95458
-89.87202      49.95768
-89.8723       49.95928
-89.88394      49.96041
-89.89794      49.95632
-89.90553      49.96103
-89.90505      49.964
-89.90774      49.96747
-89.91628      49.97493
-89.90741      49.98323
-89.8902       49.98773
-89.90232      49.97788
-89.90398      49.97243
-89.90099      49.9678
-89.89262      49.96468
-89.87306      49.96477
-89.85256      49.96487
-89.84749      49.96729
-89.82957      49.98776
-89.81818      49.9967
-89.81011      50
 1 
 1             5             
1
 -9999.0   ,   9990.0
   7
 13 
-89.66136      50
-89.64992      50
-89.66417      49.99143
-89.66543      49.98734
-89.65832      49.98034
-89.66951      49.97622
-89.67223      49.97856
-89.68238      49.98151
-89.67729      49.98392
-89.6746       49.98844
-89.66803      49.99219
-89.66309      49.99895
-89.66136      50
 1 
 1             6             
1
 -9999.0   ,   9990.0
   7
 10 
-89.62346      50
-89.58984      50
-89.58683      49.99923
-89.57916      49.98947
-89.58244      49.98771
-89.59831      49.99673
-89.60704      49.9921
-89.61263      49.99382
-89.62482      49.99841
-89.62346      50
 1 
 1             7             
1
 -9999.0   ,   9990.0
   7
 5 
-89.43241      50
-89.40642      50
-89.40988      49.99863
-89.43229      49.9973
-89.43241      50
 1 
 1             8             
1
 -9999.0   ,   9990.0
   7
 57 
-89.23749      50
-89.22743      50
-89.23298      49.99684
-89.23482      49.98934
-89.23848      49.9876
-89.2465       49.98985
-89.27982      49.984
-89.29927      49.97851
-89.30558      49.97363
-89.31043      49.96276
-89.31764      49.96064
-89.32395      49.95553
-89.32875      49.95838
-89.33265      49.95847
-89.34478      49.95052
-89.36981      49.93988
-89.38355      49.92808
-89.39012      49.92457
-89.40337      49.92189
-89.41332      49.91457
-89.41819      49.90302
-89.42282      49.90244
-89.42692      49.90504
-89.43381      49.91548
-89.43933      49.91812
-89.41196      49.92689
-89.40821      49.93069
-89.39397      49.9386
-89.39169      49.94152
-89.39538      49.94527
-89.40338      49.94796
-89.40503      49.95028
-89.39892      49.95175
-89.39716      49.95811
-89.39071      49.95956
-89.38585      49.95763
-89.38291      49.95322
-89.3861       49.94643
-89.38479      49.94434
-89.37976      49.94583
-89.37145      49.95524
-89.35271      49.96099
-89.33887      49.96136
-89.32806      49.96454
-89.31528      49.96494
-89.31257      49.96899
-89.31381      49.97222
-89.31836      49.97324
-89.31892      49.97576
-89.31073      49.98289
-89.30274      49.98614
-89.28553      49.98989
-89.27904      49.9913
-89.27061      49.98996
-89.25803      49.99287
-89.24173      49.9927
-89.23749      50
 1 
 1             9             
1
 -9999.0   ,   9990.0
   7
 17 
-89.18236      50
-89.16228      50
-89.15566      49.99658
-89.13151      49.99712
-89.12012      50
-89.11472      50
-89.11767      49.99129
-89.11732      49.98533
-89.12222      49.97448
-89.12839      49.97212
-89.13474      49.97274
-89.14231      49.97658
-89.1611       49.98253
-89.17163      49.98439
-89.18187      49.99127
-89.18505      49.99752
-89.18236      50
 33 
 1             10            
1
 -9999.0   ,   9990.0
   7
 823 
-88.90926      50
-88.62572      50
-88.62689      49.99884
-88.62392      49.99555
-88.62452      49.99214
-88.62254      49.99001
-88.61304      49.98882
-88.61142      49.98672
-88.61456      49.98247
-88.60841      49.97908
-88.60924      49.9775
-88.62536      49.97366
-88.63178      49.9697
-88.63646      49.96366
-88.64305      49.96065
-88.63988      49.95529
-88.62728      49.9531
-88.62465      49.95005
-88.63129      49.94635
-88.63082      49.94291
-88.62402      49.93883
-88.62271      49.93238
-88.61583      49.92943
-88.61408      49.93418
-88.61742      49.94206
-88.61393      49.9463
-88.60901      49.9457
-88.59231      49.95619
-88.57971      49.97869
-88.5754       49.97948
-88.57478      49.97935
-88.56911      49.97814
-88.56018      49.98886
-88.55252      49.99183
-88.54971      49.99632
-88.55132      50
-88.46532      50
-88.45661      49.99808
-88.45486      50
-88.40701      50
-88.39806      49.99329
-88.39554      49.98909
-88.36023      49.96808
-88.35638      49.96269
-88.35368      49.96101
-88.34621      49.96123
-88.34603      49.95893
-88.35052      49.95587
-88.34799      49.95191
-88.34132      49.95101
-88.33444      49.95285
-88.32108      49.96066
-88.31908      49.96356
-88.32107      49.97004
-88.31205      49.98576
-88.31319      49.98946
-88.31596      49.99024
-88.32606      49.98804
-88.33026      49.98886
-88.33482      49.99427
-88.32881      50
-88.20749      50
-88.20524      49.99922
-88.22621      49.9855
-88.23046      49.98106
-88.22518      49.97608
-88.21918      49.97566
-88.21291      49.97866
-88.20792      49.97895
-88.19925      49.97637
-88.19106      49.98114
-88.17883      49.98325
-88.17603      49.99162
-88.17855      49.99559
-88.17688      49.99874
-88.17778      50
-88.10715      50
-88.08656      49.99205
-88.08053      49.98772
-88.07867      49.98011
-88.07626      49.97911
-88.06634      49.979
-88.05242      49.98424
-88.04696      49.99023
-88.04369      49.99103
-88.02822      49.98936
-88.02337      49.9837
-88.02868      49.97953
-88.02571      49.97692
-88.01299      49.97624
-88.00796      49.97264
-88.00681      49.96527
-88.00478      49.96406
-88.0049       49.96269
-87.98979      49.95668
-87.98857      49.95434
-87.99275      49.95106
-88.00768      49.94631
-88.00574      49.94419
-88.00222      49.94383
-87.99638      49.94592
-87.99152      49.94461
-87.98828      49.94106
-87.99172      49.93798
-88.01032      49.93176
-88.02132      49.93168
-88.02842      49.92712
-88.03377      49.92685
-88.03576      49.92852
-88.03723      49.9407
-88.04331      49.93999
-88.05788      49.93111
-88.06993      49.93107
-88.07169      49.93548
-88.07299      49.93539
-88.07633      49.93518
-88.08168      49.93056
-88.07347      49.9225
-88.06856      49.91317
-88.07494      49.9047
-88.07958      49.90417
-88.08296      49.90612
-88.08569      49.9117
-88.11576      49.91684
-88.11772      49.92308
-88.12534      49.92539
-88.13142      49.92469
-88.13756      49.91872
-88.13171      49.91669
-88.13509      49.91429
-88.14036      49.91492
-88.14549      49.91281
-88.16084      49.91126
-88.17148      49.90681
-88.17263      49.90663
-88.18224      49.90511
-88.1838       49.90333
-88.18118      49.89615
-88.18232      49.8907
-88.17972      49.88787
-88.17482      49.88702
-88.17274      49.89107
-88.12766      49.89665
-88.12278      49.89145
-88.11757      49.89013
-88.09946      49.89066
-88.08166      49.88754
-88.07381      49.88818
-88.06803      49.88524
-88.06248      49.87956
-88.06696      49.87674
-88.07691      49.87639
-88.08118      49.87433
-88.08824      49.86328
-88.07261      49.85108
-88.08022      49.84882
-88.09174      49.85081
-88.0943       49.84976
-88.09527      49.84659
-88.08768      49.83557
-88.07435      49.82551
-88.08306      49.82283
-88.08582      49.81927
-88.08355      49.81255
-88.0846       49.80824
-88.08072      49.80376
-88.09127      49.79154
-88.09724      49.79197
-88.10228      49.79534
-88.10958      49.79674
-88.12884      49.79464
-88.13398      49.7923
-88.14021      49.78061
-88.13988      49.77603
-88.13201      49.77279
-88.1243       49.76337
-88.10674      49.74905
-88.10306      49.74747
-88.10094      49.74657
-88.09948      49.74285
-88.09117      49.74074
-88.08397      49.73386
-88.08579      49.72889
-88.09244      49.72523
-88.09628      49.71712
-88.09181      49.71125
-88.09212      49.70737
-88.09411      49.70469
-88.10049      49.70423
-88.10399      49.70022
-88.10324      49.69219
-88.10033      49.68889
-88.08867      49.68917
-88.0856       49.68793
-88.08508      49.68562
-88.09932      49.67536
-88.10816      49.66193
-88.1069       49.66006
-88.09357      49.65937
-88.09046      49.64989
-88.09402      49.62782
-88.09844      49.6211
-88.10754      49.61295
-88.11303      49.61039
-88.12749      49.6102
-88.12901      49.60865
-88.12396      49.60596
-88.12441      49.60026
-88.13406      49.59852
-88.13802      49.59294
-88.1504       49.59222
-88.16518      49.57898
-88.16475      49.57554
-88.16279      49.57365
-88.15828      49.5728
-88.1561       49.5693
-88.16491      49.54695
-88.15378      49.54016
-88.14982      49.53775
-88.14862      49.53084
-88.15162      49.52843
-88.14429      49.51469
-88.15719      49.50277
-88.16318      49.48925
-88.16998      49.4833
-88.1654       49.47902
-88.16312      49.47232
-88.15431      49.46401
-88.14238      49.46407
-88.13897      49.45389
-88.14069      49.45006
-88.13404      49.42787
-88.13396      49.42009
-88.12937      49.4117
-88.13201      49.4095
-88.13672      49.39434
-88.13741      49.38132
-88.14294      49.3735
-88.14609      49.39557
-88.15312      49.40404
-88.1514       49.4081
-88.15183      49.42024
-88.15521      49.4263
-88.15379      49.43083
-88.15896      49.44084
-88.16823      49.44778
-88.17651      49.45836
-88.18056      49.46032
-88.19446      49.46216
-88.20726      49.46007
-88.21057      49.45812
-88.20874      49.45463
-88.21335      49.44952
-88.21316      49.44845
-88.21214      49.44262
-88.21652      49.4359
-88.20934      49.42903
-88.21874      49.40761
-88.22987      49.39974
-88.24209      49.38666
-88.27258      49.36845
-88.28717      49.35635
-88.29045      49.35005
-88.28978      49.34329
-88.28946      49.34019
-88.29593      49.31958
-88.30272      49.3086
-88.30912      49.30263
-88.31654      49.3063
-88.31328      49.31237
-88.31443      49.31561
-88.31747      49.31708
-88.32381      49.31637
-88.32811      49.32429
-88.32452      49.33012
-88.33         49.33167
-88.33048      49.33465
-88.32782      49.34189
-88.32245      49.34354
-88.31802      49.35118
-88.31423      49.35037
-88.31371      49.34349
-88.30759      49.34101
-88.30473      49.34183
-88.30364      49.34705
-88.29743      49.35028
-88.29606      49.35458
-88.31087      49.36695
-88.31642      49.36759
-88.31878      49.36424
-88.31754      49.35757
-88.31921      49.35741
-88.32494      49.35689
-88.33718      49.34791
-88.33873      49.35047
-88.33501      49.35333
-88.33822      49.35709
-88.33221      49.36261
-88.33152      49.38089
-88.3573       49.39681
-88.36349      49.39838
-88.37089      49.39771
-88.37472      49.39348
-88.37421      49.39095
-88.38494      49.38329
-88.39615      49.36442
-88.40089      49.36183
-88.4092       49.34426
-88.41175      49.34297
-88.42211      49.34489
-88.42511      49.34682
-88.42704      49.35397
-88.43256      49.35025
-88.43713      49.34994
-88.43948      49.35139
-88.44352      49.35837
-88.44526      49.36804
-88.44412      49.37394
-88.4481       49.38184
-88.44941      49.39263
-88.44444      49.3982
-88.44676      49.4001
-88.46099      49.39711
-88.46688      49.39821
-88.47005      49.40745
-88.46036      49.42019
-88.45871      49.42837
-88.44656      49.44583
-88.44556      49.44992
-88.4507       49.45145
-88.46285      49.44839
-88.47192      49.44433
-88.48148      49.43822
-88.48495      49.43399
-88.49342      49.4331
-88.49828      49.4289
-88.50131      49.421
-88.50489      49.41996
-88.50766      49.42531
-88.51041      49.42608
-88.50474      49.43185
-88.50098      49.44499
-88.50442      49.45082
-88.50395      49.45261
-88.50149      49.46216
-88.49704      49.46546
-88.48654      49.50379
-88.48851      49.50567
-88.49513      49.50634
-88.49782      49.51282
-88.49719      49.51669
-88.50059      49.51817
-88.50952      49.51615
-88.51814      49.51848
-88.5189       49.52262
-88.52715      49.53476
-88.52095      49.5428
-88.51851      49.55234
-88.52501      49.55334
-88.53138      49.55433
-88.5466       49.56256
-88.55079      49.56292
-88.56069      49.55727
-88.56358      49.55118
-88.56236      49.53377
-88.55646      49.52787
-88.5532       49.51451
-88.55409      49.50196
-88.53934      49.50197
-88.53607      49.49867
-88.5309       49.49737
-88.53004      49.4946
-88.53325      49.48898
-88.52884      49.47695
-88.52998      49.47523
-88.53398      49.4691
-88.53331      49.45879
-88.52111      49.45773
-88.51891      49.45424
-88.52011      49.45222
-88.53456      49.44625
-88.53347      49.44187
-88.53568      49.44034
-88.54545      49.44109
-88.55044      49.43507
-88.56722      49.43077
-88.58097      49.42478
-88.58482      49.41987
-88.59611      49.4138
-88.60305      49.40486
-88.60882      49.40252
-88.62646      49.40076
-88.63492      49.40009
-88.64906      49.40325
-88.65339      49.40658
-88.65755      49.41744
-88.66012      49.41569
-88.66253      49.40616
-88.66556      49.40785
-88.68754      49.4197
-88.6877       49.42244
-88.68347      49.42781
-88.69123      49.42712
-88.69468      49.43317
-88.70102      49.43266
-88.70371      49.42931
-88.70182      49.42605
-88.70479      49.42362
-88.71361      49.42274
-88.71523      49.41958
-88.71388      49.4136
-88.71712      49.41232
-88.72818      49.41469
-88.74092      49.42329
-88.74451      49.42728
-88.74353      49.43136
-88.75695      49.42992
-88.76642      49.43499
-88.76966      49.4392
-88.7669       49.44369
-88.75446      49.45134
-88.74841      49.46306
-88.75381      49.46641
-88.76801      49.45333
-88.78132      49.44821
-88.7876       49.44885
-88.79809      49.45463
-88.80079      49.46156
-88.8066       49.46378
-88.8089       49.47688
-88.79605      49.48544
-88.79         49.48664
-88.78294      49.49262
-88.76864      49.49656
-88.74184      49.51387
-88.73976      49.51884
-88.74231      49.52257
-88.73508      49.53608
-88.74058      49.5431
-88.73739      49.55376
-88.73343      49.55524
-88.72967      49.55376
-88.72313      49.57233
-88.71569      49.58355
-88.71176      49.58459
-88.70626      49.5723
-88.70255      49.56991
-88.68762      49.57222
-88.68049      49.57888
-88.66836      49.58127
-88.66564      49.58508
-88.66843      49.60071
-88.66506      49.60358
-88.66006      49.59955
-88.65642      49.60653
-88.65166      49.60914
-88.64108      49.60952
-88.63873      49.60785
-88.64719      49.6026
-88.64924      49.59832
-88.64569      49.59185
-88.64362      49.58809
-88.63992      49.5857
-88.63604      49.58581
-88.63304      49.58344
-88.62219      49.58769
-88.6195       49.586
-88.6169       49.57793
-88.61052      49.57363
-88.60571      49.57691
-88.59934      49.57764
-88.58655      49.58435
-88.58553      49.57883
-88.58734      49.57316
-88.58409      49.56941
-88.57062      49.57586
-88.56733      49.58263
-88.56745      49.59566
-88.56058      49.60827
-88.55998      49.61652
-88.56831      49.62314
-88.57754      49.63211
-88.57899      49.63649
-88.58272      49.63843
-88.60038      49.63782
-88.60966      49.631
-88.61198      49.6329
-88.59842      49.64553
-88.60114      49.64699
-88.62701      49.63449
-88.63932      49.63462
-88.64311      49.63084
-88.64375      49.62675
-88.65488      49.62867
-88.65515      49.61976
-88.65816      49.61687
-88.65856      49.61722
-88.6658       49.6235
-88.67219      49.62277
-88.67805      49.61951
-88.68146      49.61069
-88.70351      49.59715
-88.70592      49.59265
-88.71353      49.58943
-88.71602      49.59408
-88.71393      49.59905
-88.71813      49.5994
-88.72102      49.60337
-88.72678      49.61703
-88.72418      49.62427
-88.73025      49.62833
-88.73663      49.64315
-88.73934      49.64483
-88.74258      49.63838
-88.74422      49.63513
-88.75463      49.62171
-88.75038      49.61175
-88.75236      49.60838
-88.75674      49.60599
-88.76088      49.59147
-88.75441      49.58305
-88.75346      49.57617
-88.74531      49.57205
-88.74216      49.56647
-88.74551      49.56382
-88.75072      49.56991
-88.75382      49.57092
-88.77008      49.55903
-88.77263      49.55247
-88.77806      49.5501
-88.78283      49.54477
-88.79439      49.53181
-88.80591      49.52756
-88.81346      49.53555
-88.81837      49.53568
-88.83318      49.52946
-88.84348      49.51694
-88.85298      49.51126
-88.87691      49.50505
-88.87984      49.50308
-88.88261      49.50384
-88.8878       49.50489
-88.91654      49.50018
-88.9466       49.49116
-88.95531      49.48659
-88.96176      49.47327
-88.9664       49.47202
-88.96961      49.48239
-88.97932      49.48997
-88.97937      49.50597
-88.98324      49.51134
-88.97873      49.51625
-88.98189      49.52181
-88.98202      49.52446
-88.9822       49.52823
-88.99116      49.54217
-88.99512      49.54068
-88.99834      49.53413
-89.00312      49.5306
-89.00162      49.52645
-89.00544      49.52152
-89.01156      49.51916
-89.02246      49.51899
-89.03022      49.52399
-89.03513      49.52983
-89.03488      49.53394
-89.02845      49.54155
-89.03122      49.54208
-89.03483      49.54057
-89.04096      49.5437
-89.04391      49.54721
-89.04364      49.5632
-89.04631      49.56556
-89.05639      49.56742
-89.06138      49.57212
-89.06176      49.57739
-89.05818      49.58438
-89.05122      49.58878
-89.04211      49.58832
-89.03637      49.59594
-89.03036      49.59647
-89.02437      49.59083
-89.01268      49.58487
-89.00971      49.58336
-89.00272      49.58249
-88.99783      49.57642
-88.99198      49.55729
-88.98222      49.54469
-88.97066      49.53867
-88.96546      49.5319
-88.94202      49.53036
-88.9373       49.53275
-88.93269      49.53903
-88.92726      49.54163
-88.92028      49.54098
-88.91538      49.53491
-88.91616      49.5283
-88.92089      49.52019
-88.91559      49.5194
-88.90577      49.52596
-88.90612      49.53145
-88.90159      49.53636
-88.90596      49.53945
-88.91086      49.55079
-88.91952      49.55285
-88.9225       49.55567
-88.92029      49.56271
-88.91326      49.55726
-88.90871      49.55691
-88.90102      49.56173
-88.90096      49.57362
-88.89346      49.58096
-88.89761      49.58747
-88.89924      49.59468
-88.89953      49.59599
-88.89921      49.60101
-88.89251      49.60677
-88.89539      49.61668
-88.89382      49.62464
-88.90186      49.63103
-88.9141       49.63228
-88.92758      49.63081
-88.92917      49.63337
-88.92522      49.64012
-88.92263      49.64211
-88.91343      49.64278
-88.91002      49.64657
-88.91053      49.64956
-88.91582      49.64948
-88.91841      49.65297
-88.91124      49.66605
-88.91167      49.6704
-88.91786      49.67263
-88.92254      49.67115
-88.92865      49.66281
-88.93025      49.66061
-88.93522      49.66006
-88.93788      49.66264
-88.93815      49.6695
-88.93506      49.67377
-88.92379      49.67919
-88.9327       49.68308
-88.94071      49.69015
-88.94626      49.69168
-88.94957      49.69496
-88.94581      49.69876
-88.93399      49.70164
-88.9313       49.71071
-88.9263       49.71721
-88.91663      49.71947
-88.91436      49.72192
-88.91585      49.72631
-88.9051       49.73997
-88.90643      49.74663
-88.90321      49.75361
-88.90151      49.75725
-88.90977      49.76067
-88.91755      49.76042
-88.93         49.76441
-88.93287      49.76929
-88.93706      49.76986
-88.94819      49.76147
-88.95016      49.75832
-88.94531      49.75133
-88.94656      49.74816
-88.95576      49.74223
-88.95848      49.73819
-88.95566      49.73263
-88.95759      49.72993
-88.96326      49.72962
-88.96406      49.72805
-88.95925      49.72037
-88.96561      49.72032
-88.97564      49.71783
-88.98224      49.71938
-88.99229      49.71667
-88.99179      49.71323
-88.99589      49.70967
-88.99451      49.70769
-88.98974      49.70082
-88.99768      49.69234
-89.00755      49.69214
-89.01302      49.69503
-89.01791      49.70133
-89.02198      49.70989
-89.02449      49.72619
-89.03212      49.73393
-89.03618      49.74273
-89.03918      49.73983
-89.03799      49.73043
-89.04436      49.71847
-89.04473      49.71254
-89.04021      49.70579
-89.0404       49.70259
-89.04532      49.70272
-89.04694      49.70225
-89.05394      49.7002
-89.05724      49.70394
-89.05779      49.72385
-89.05076      49.74082
-89.05118      49.75135
-89.06593      49.76979
-89.07239      49.76812
-89.07442      49.76382
-89.07369      49.75832
-89.07944      49.74497
-89.0839       49.7412
-89.10214      49.74304
-89.10571      49.74221
-89.11131      49.74898
-89.11218      49.75792
-89.09489      49.78126
-89.09736      49.78727
-89.09602      49.79204
-89.10199      49.79837
-89.08819      49.81631
-89.08978      49.81932
-89.09658      49.82955
-89.09528      49.83364
-89.07702      49.84324
-89.0656       49.84501
-89.06687      49.84733
-89.078        49.85035
-89.08099      49.85363
-89.07869      49.85654
-89.07069      49.86023
-89.06574      49.8601
-89.05788      49.84984
-89.04636      49.84726
-89.04374      49.84399
-89.05358      49.82755
-89.04811      49.81872
-89.04198      49.79775
-89.04434      49.79393
-89.04135      49.79065
-89.03124      49.78856
-89.02132      49.78899
-89.01337      49.78627
-88.99825      49.78519
-88.99382      49.78256
-88.98997      49.7708
-88.99071      49.76958
-88.99312      49.76563
-88.98879      49.76139
-88.98352      49.76102
-88.97397      49.76695
-88.96476      49.76739
-88.96383      49.77103
-88.96866      49.77847
-88.96671      49.78139
-88.95471      49.7868
-88.95416      49.78998
-88.96471      49.79072
-88.96765      49.79446
-88.9653       49.79805
-88.95736      49.80081
-88.94964      49.79993
-88.94074      49.79557
-88.93221      49.79626
-88.92477      49.80224
-88.91758      49.8041
-88.91569      49.80611
-88.92064      49.8115
-88.91873      49.81374
-88.92586      49.81827
-88.92462      49.81978
-88.92126      49.82387
-88.92519      49.82878
-88.93634      49.83136
-88.94244      49.84662
-88.94684      49.8497
-88.95392      49.84966
-88.96152      49.84689
-88.96822      49.84706
-88.97251      49.85198
-88.98074      49.873
-88.97394      49.88563
-88.96955      49.88781
-88.96354      49.88764
-88.94869      49.88199
-88.9423       49.88228
-88.93578      49.88463
-88.93166      49.8889
-88.92782      49.89287
-88.92236      49.89525
-88.90522      49.89181
-88.90009      49.89465
-88.86995      49.89543
-88.86628      49.89739
-88.85907      49.91024
-88.85376      49.91558
-88.84572      49.91925
-88.84579      49.91285
-88.84261      49.91276
-88.83248      49.9214
-88.83454      49.92237
-88.84175      49.92051
-88.84271      49.92214
-88.83542      49.93063
-88.83666      49.93318
-88.84849      49.93648
-88.85252      49.94002
-88.85164      49.95326
-88.85523      49.95267
-88.85972      49.9489
-88.86241      49.94051
-88.8665       49.93743
-88.87292      49.93691
-88.87944      49.94006
-88.88504      49.94662
-88.89453      49.95328
-88.89571      49.96794
-88.89294      49.96999
-88.88045      49.9792
-88.87475      49.9795
-88.8664       49.97699
-88.85929      49.97725
-88.85556      49.98012
-88.85707      49.98405
-88.86344      49.98971
-88.87179      49.99223
-88.90031      49.99552
-88.90926      50
 1             10            2 
1
 -9999.0   ,   9990.0
   7
 7 
-88.46332      49.96969
-88.45909      49.97413
-88.46021      49.97829
-88.4662       49.9787
-88.47224      49.97385
-88.47171      49.97132
-88.46332      49.96969
 1             10            3 
1
 -9999.0   ,   9990.0
   7
 8 
-88.72754      49.95896
-88.71195      49.96926
-88.71933      49.97542
-88.73286      49.97466
-88.73621      49.97224
-88.73822      49.96361
-88.73454      49.96053
-88.72754      49.95896
 1             10            4 
1
 -9999.0   ,   9990.0
   7
 8 
-88.26703      49.958
-88.25989      49.95846
-88.25403      49.96101
-88.25279      49.96326
-88.25566      49.96724
-88.26171      49.96698
-88.2684       49.96308
-88.26703      49.958
 1             10            5 
1
 -9999.0   ,   9990.0
   7
 10 
-88.03376      49.94401
-88.02541      49.94647
-88.02409      49.9494
-88.02749      49.95547
-88.03253      49.95884
-88.03605      49.95919
-88.04511      49.95264
-88.04661      49.9472
-88.04331      49.94434
-88.03376      49.94401
 1             10            6 
1
 -9999.0   ,   9990.0
   7
 8 
-88.39727      49.94248
-88.38105      49.94609
-88.37818      49.95126
-88.37908      49.95335
-88.38711      49.95039
-88.39379      49.95106
-88.39953      49.94552
-88.39727      49.94248
 1             10            7 
1
 -9999.0   ,   9990.0
   7
 25 
-88.67868      49.92234
-88.67508      49.92315
-88.66151      49.94494
-88.66752      49.96044
-88.67353      49.96084
-88.67751      49.95959
-88.68061      49.96608
-88.68491      49.96552
-88.69141      49.95861
-88.69354      49.95341
-88.68891      49.94871
-88.69186      49.94696
-88.70177      49.94725
-88.70683      49.95082
-88.71359      49.95056
-88.71633      49.94675
-88.71378      49.94256
-88.70371      49.93952
-88.70002      49.93141
-88.69536      49.9322
-88.69231      49.934
-88.68982      49.93547
-88.68773      49.93495
-88.68278      49.92452
-88.67868      49.92234
 1             10            8 
1
 -9999.0   ,   9990.0
   7
 13 
-88.81161      49.91557
-88.80522      49.91585
-88.79889      49.92048
-88.79242      49.92189
-88.79634      49.92681
-88.79647      49.9355
-88.79177      49.94224
-88.79338      49.94479
-88.81183      49.94439
-88.82658      49.93565
-88.82719      49.93178
-88.81678      49.92326
-88.81161      49.91557
 1             10            9 
1
 -9999.0   ,   9990.0
   7
 14 
-88.35972      49.89097
-88.35476      49.89104
-88.35091      49.89503
-88.34694      49.89605
-88.34367      49.90647
-88.33225      49.90748
-88.32844      49.91102
-88.32944      49.91631
-88.33759      49.91634
-88.34409      49.91952
-88.34734      49.91871
-88.35608      49.90618
-88.35474      49.90064
-88.35972      49.89097
 1             10            10 
1
 -9999.0   ,   9990.0
   7
 10 
-88.83058      49.88041
-88.82446      49.88207
-88.83002      49.88886
-88.85751      49.89624
-88.86081      49.8945
-88.86166      49.89224
-88.85797      49.88917
-88.84449      49.88423
-88.83673      49.88378
-88.83058      49.88041
 1             10            11 
1
 -9999.0   ,   9990.0
   7
 7 
-88.40424      49.86857
-88.40098      49.86962
-88.40911      49.87445
-88.41722      49.87493
-88.41951      49.87271
-88.41306      49.86908
-88.40424      49.86857
 1             10            12 
1
 -9999.0   ,   9990.0
   7
 8 
-88.94901      49.85456
-88.9433       49.85533
-88.93993      49.85821
-88.94432      49.86153
-88.94546      49.8659
-88.95222      49.86516
-88.95568      49.86091
-88.94901      49.85456
 1             10            13 
1
 -9999.0   ,   9990.0
   7
 82 
-88.71054      49.89169
-88.73136      49.88222
-88.73624      49.87824
-88.74376      49.87685
-88.74755      49.87307
-88.74671      49.86985
-88.75502      49.86733
-88.76349      49.85705
-88.76225      49.8545
-88.75692      49.85481
-88.7498       49.86078
-88.72516      49.84865
-88.71336      49.84008
-88.69761      49.8378
-88.68146      49.84122
-88.67841      49.8393
-88.69309      49.8315
-88.69774      49.82545
-88.69407      49.82237
-88.68708      49.82126
-88.68046      49.81608
-88.67122      49.81531
-88.66872      49.81066
-88.65579      49.80869
-88.64075      49.81649
-88.63977      49.82035
-88.65145      49.83532
-88.66848      49.8397
-88.66976      49.84157
-88.65834      49.84307
-88.65349      49.84156
-88.63841      49.82968
-88.63281      49.82883
-88.62449      49.83156
-88.62356      49.8297
-88.62766      49.8216
-88.62523      49.81603
-88.61744      49.81123
-88.58317      49.80106
-88.57836      49.79429
-88.56921      49.79356
-88.56412      49.79569
-88.56136      49.79973
-88.56354      49.80368
-88.57362      49.80604
-88.57888      49.81432
-88.57998      49.81607
-88.58579      49.82882
-88.58802      49.84215
-88.59708      49.85912
-88.60605      49.86235
-88.60941      49.85994
-88.61083      49.85472
-88.61444      49.85368
-88.61735      49.85765
-88.61364      49.87013
-88.61529      49.87177
-88.62373      49.87248
-88.62894      49.87904
-88.63788      49.88273
-88.62635      49.89063
-88.62112      49.89962
-88.62243      49.90153
-88.62305      49.90242
-88.62724      49.90324
-88.63398      49.89794
-88.63849      49.89922
-88.64489      49.90398
-88.67012      49.90265
-88.67351      49.89977
-88.67261      49.89746
-88.67451      49.89569
-88.67873      49.90107
-88.68417      49.90443
-88.68458      49.91382
-88.68801      49.92055
-88.69341      49.92459
-88.69785      49.92174
-88.69765      49.91442
-88.70187      49.90974
-88.70141      49.90607
-88.71054      49.89169
 1             10            14 
1
 -9999.0   ,   9990.0
   7
 16 
-88.52853      49.82848
-88.51198      49.83736
-88.51003      49.83981
-88.5119       49.8433
-88.51988      49.84537
-88.53554      49.85385
-88.53775      49.85758
-88.53316      49.86224
-88.53444      49.86411
-88.54253      49.86481
-88.54901      49.8634
-88.55424      49.85464
-88.55136      49.85043
-88.54514      49.84842
-88.54159      49.83871
-88.52853      49.82848
 1             10            15 
1
 -9999.0   ,   9990.0
   7
 11 
-88.68521      49.81507
-88.6998       49.81613
-88.69999      49.8134
-88.69396      49.80865
-88.68764      49.80801
-88.68226      49.79893
-88.67712      49.7965
-88.67069      49.79769
-88.66354      49.80388
-88.66481      49.80598
-88.68521      49.81507
 1             10            16 
1
 -9999.0   ,   9990.0
   7
 12 
-88.3312       49.70865
-88.30684      49.71336
-88.29603      49.73017
-88.30199      49.73974
-88.30583      49.74032
-88.31126      49.73866
-88.32678      49.72956
-88.33549      49.7264
-88.33642      49.72345
-88.33         49.71502
-88.33318      49.71031
-88.3312       49.70865
 1             10            17 
1
 -9999.0   ,   9990.0
   7
 21 
-88.84979      49.65752
-88.84414      49.65782
-88.84389      49.66147
-88.84836      49.66868
-88.84471      49.67064
-88.83872      49.66521
-88.83546      49.66649
-88.8278       49.68664
-88.83039      49.69014
-88.84731      49.69564
-88.85228      49.69509
-88.85499      49.69127
-88.85121      49.68431
-88.85315      49.68162
-88.85837      49.68267
-88.86618      49.68724
-88.86946      49.68572
-88.86948      49.67978
-88.86445      49.67049
-88.85097      49.65855
-88.84979      49.65752
 1             10            18 
1
 -9999.0   ,   9990.0
   7
 10 
-88.62038      49.64367
-88.61252      49.64526
-88.60024      49.65474
-88.60454      49.65852
-88.61316      49.6613
-88.62799      49.66081
-88.63136      49.65794
-88.63063      49.65335
-88.62551      49.64588
-88.62038      49.64367
 1             10            19 
1
 -9999.0   ,   9990.0
   7
 11 
-88.34046      49.6195
-88.33377      49.62867
-88.33756      49.63451
-88.33171      49.64645
-88.33264      49.64808
-88.33764      49.64709
-88.3462       49.64119
-88.3479       49.63736
-88.34952      49.62986
-88.34495      49.62057
-88.34046      49.6195
 1             10            20 
1
 -9999.0   ,   9990.0
   7
 11 
-88.36611      49.60134
-88.36152      49.60165
-88.35989      49.60457
-88.36553      49.6091
-88.36699      49.61303
-88.37152      49.61363
-88.37956      49.60977
-88.38047      49.60706
-88.37784      49.60446
-88.37086      49.60378
-88.36611      49.60134
 1             10            21 
1
 -9999.0   ,   9990.0
   7
 10 
-88.7814       49.60028
-88.78017      49.60299
-88.78189      49.60875
-88.77977      49.61418
-88.78767      49.6224
-88.79135      49.61999
-88.79313      49.61433
-88.78785      49.60915
-88.78622      49.60179
-88.7814       49.60028
 1             10            22 
1
 -9999.0   ,   9990.0
   7
 56 
-88.46845      49.59265
-88.46103      49.59311
-88.45589      49.59615
-88.44824      49.59477
-88.44341      49.59828
-88.43363      49.59729
-88.42274      49.60176
-88.38229      49.59682
-88.38007      49.59835
-88.38713      49.60269
-88.39211      49.61132
-88.38697      49.61893
-88.38864      49.6295
-88.38471      49.63967
-88.36896      49.65221
-88.36821      49.65372
-88.36648      49.65716
-88.3653       49.6681
-88.37212      49.67587
-88.37379      49.69102
-88.38157      49.69081
-88.39329      49.685
-88.4028       49.68507
-88.42262      49.67929
-88.43037      49.66512
-88.42748      49.65657
-88.43342      49.6476
-88.43139      49.64182
-88.4319       49.63018
-88.43232      49.62933
-88.44225      49.60922
-88.44551      49.60795
-88.44659      49.61234
-88.44321      49.62001
-88.44216      49.63919
-88.44697      49.65031
-88.44664      49.65946
-88.45213      49.66625
-88.46494      49.65979
-88.4742       49.65847
-88.47736      49.65377
-88.47406      49.64109
-88.47614      49.63681
-88.47911      49.63893
-88.48082      49.64015
-88.48442      49.63911
-88.49049      49.63313
-88.48969      49.62967
-88.49206      49.62609
-88.49001      49.6203
-88.48378      49.61897
-88.48203      49.60908
-88.48371      49.60548
-88.47994      49.59438
-88.47182      49.59482
-88.46845      49.59265
 1             10            23 
1
 -9999.0   ,   9990.0
   7
 7 
-88.34834      49.5898
-88.34125      49.59048
-88.33494      49.59485
-88.33648      49.59765
-88.34854      49.60101
-88.35011      49.5942
-88.34834      49.5898
 1             10            24 
1
 -9999.0   ,   9990.0
   7
 9 
-88.78296      49.56625
-88.77474      49.57357
-88.77298      49.579
-88.77447      49.58293
-88.78318      49.58935
-88.78747      49.58833
-88.79119      49.57997
-88.78609      49.56679
-88.78296      49.56625
 1             10            25 
1
 -9999.0   ,   9990.0
   7
 10 
-88.30312      49.5554
-88.29036      49.5614
-88.29395      49.56951
-88.29962      49.56901
-88.29991      49.56536
-88.30351      49.5641
-88.30964      49.56682
-88.31181      49.56598
-88.31137      49.56253
-88.30312      49.5554
 1             10            26 
1
 -9999.0   ,   9990.0
   7
 10 
-88.62939      49.5401
-88.62271      49.54517
-88.61532      49.56028
-88.6172       49.56353
-88.62634      49.56357
-88.63505      49.55971
-88.63889      49.55502
-88.63958      49.55024
-88.63565      49.54098
-88.62939      49.5401
 1             10            27 
1
 -9999.0   ,   9990.0
   7
 17 
-88.45326      49.50756
-88.44828      49.50832
-88.43908      49.51398
-88.43096      49.52402
-88.42479      49.53618
-88.42778      49.53855
-88.43274      49.53802
-88.43715      49.53542
-88.43991      49.53619
-88.43975      49.54305
-88.44241      49.54518
-88.45154      49.54524
-88.45494      49.54672
-88.45756      49.54452
-88.46066      49.53592
-88.44941      49.52162
-88.45326      49.50756
 1             10            28 
1
 -9999.0   ,   9990.0
   7
 7 
-88.67454      49.47626
-88.67135      49.48691
-88.67356      49.49063
-88.68024      49.49037
-88.68342      49.48497
-88.6794       49.47708
-88.67454      49.47626
 1             10            29 
1
 -9999.0   ,   9990.0
   7
 10 
-88.68494      49.45758
-88.68009      49.46178
-88.67847      49.47019
-88.67998      49.47367
-88.68893      49.48125
-88.69259      49.47907
-88.69362      49.4743
-88.692        49.46213
-88.68943      49.45862
-88.68494      49.45758
 1             10            30 
1
 -9999.0   ,   9990.0
   7
 57 
-88.34493      49.4584
-88.34696      49.46418
-88.35224      49.46389
-88.35284      49.46048
-88.35062      49.45743
-88.34584      49.45568
-88.34888      49.44343
-88.35484      49.43881
-88.35672      49.42877
-88.36066      49.4079
-88.36636      49.40213
-88.36253      49.40178
-88.34993      49.40618
-88.34025      49.4045
-88.33689      49.40713
-88.33099      49.40649
-88.32359      49.41151
-88.32198      49.40505
-88.3057       49.39332
-88.29771      49.39237
-88.29199      49.38944
-88.28921      49.38455
-88.28922      49.3706
-88.2839       49.37157
-88.28168      49.37767
-88.27775      49.37868
-88.27674      49.37824
-88.27266      49.37646
-88.26707      49.38085
-88.2615       49.38044
-88.25524      49.38435
-88.25906      49.38928
-88.25352      49.39756
-88.24201      49.40587
-88.23466      49.40563
-88.22902      49.42397
-88.22416      49.42792
-88.22581      49.43827
-88.22892      49.43883
-88.23179      49.43344
-88.24181      49.43537
-88.2437       49.43818
-88.23771      49.44758
-88.24077      49.44883
-88.25108      49.44254
-88.25571      49.44155
-88.25881      49.44691
-88.26149      49.46209
-88.26589      49.4643
-88.27352      49.45631
-88.28218      49.45317
-88.28425      49.44911
-88.29432      49.45493
-88.33013      49.46387
-88.33834      49.46207
-88.34212      49.45854
-88.34493      49.4584
 1             10            31 
1
 -9999.0   ,   9990.0
   7
 7 
-88.22678      49.44757
-88.22254      49.44411
-88.21685      49.44964
-88.21859      49.45428
-88.22162      49.45597
-88.22476      49.45608
-88.22678      49.44757
 1             10            32 
1
 -9999.0   ,   9990.0
   7
 6 
-88.40542      49.40932
-88.39774      49.41845
-88.40136      49.43572
-88.40554      49.43608
-88.41005      49.4273
-88.40542      49.40932
 1             10            33 
1
 -9999.0   ,   9990.0
   7
 10 
-88.43732      49.4046
-88.42778      49.41048
-88.41632      49.43733
-88.41675      49.44101
-88.42029      49.44043
-88.42878      49.43475
-88.43536      49.4265
-88.43916      49.41289
-88.43954      49.40764
-88.43732      49.4046
 1 
 1             11            
1
 -9999.0   ,   9990.0
   7
 10 
-87.54668      50
-87.52887      50
-87.53198      49.99653
-87.53854      49.99472
-87.55278      49.9868
-87.55889      49.9859
-87.56513      49.98751
-87.56411      49.9909
-87.55873      49.99528
-87.54668      50
 2 
 1             12            
1
 -9999.0   ,   9990.0
   7
 62 
-87.51646      50
-87.47106      50
-87.46753      49.99835
-87.45983      49.99713
-87.45682      50
-87.4213       50
-87.42315      49.99819
-87.42036      49.99396
-87.43959      49.98602
-87.44411      49.97956
-87.45683      49.97274
-87.46221      49.97227
-87.48444      49.96239
-87.48386      49.96099
-87.47388      49.96151
-87.47398      49.96037
-87.48405      49.95528
-87.48631      49.9501
-87.49387      49.94902
-87.50097      49.94518
-87.50598      49.94103
-87.50236      49.93791
-87.51386      49.93264
-87.52692      49.91938
-87.52797      49.91831
-87.52846      49.92062
-87.51422      49.93631
-87.51352      49.93995
-87.51977      49.93767
-87.5311       49.93789
-87.55567      49.92534
-87.56705      49.9212
-87.57634      49.92042
-87.58282      49.92318
-87.58635      49.92721
-87.58491      49.93128
-87.58046      49.93339
-87.57494      49.93936
-87.57028      49.93986
-87.56849      49.93614
-87.56432      49.93529
-87.55914      49.93761
-87.55479      49.94247
-87.55584      49.94641
-87.56256      49.94667
-87.56415      49.94764
-87.56658      49.94911
-87.56204      49.95214
-87.55522      49.95302
-87.55271      49.95705
-87.54172      49.96463
-87.54318      49.96789
-87.56748      49.95853
-87.57675      49.95797
-87.5841       49.95528
-87.59163      49.95832
-87.56996      49.97007
-87.55037      49.97457
-87.54292      49.98207
-87.51784      49.99493
-87.51345      49.99718
-87.51646      50
 1             12            2 
1
 -9999.0   ,   9990.0
   7
 6 
-87.57579      49.92635
-87.56121      49.93059
-87.56173      49.93267
-87.57604      49.9289
-87.57723      49.92662
-87.57579      49.92635
 1 
 1             13            
1
 -9999.0   ,   9990.0
   7
 4 
-87.41351      50
-87.40629      50
-87.40816      49.99896
-87.41351      50
 1 
 1             14            
1
 -9999.0   ,   9990.0
   7
 5 
-87.32419      50
-87.30157      50
-87.30526      49.99433
-87.32644      49.99566
-87.32419      50
 1 
 1             15            
1
 -9999.0   ,   9990.0
   7
 4 
-87.07544      50
-87.07149      50
-87.07509      49.99772
-87.07544      50
 1 
 1             16            
1
 -9999.0   ,   9990.0
   7
 21 
-86.98251      50
-86.96912      50
-86.97612      49.99616
-86.99101      49.99316
-87.00777      49.98587
-87.03919      49.96731
-87.05639      49.9692
-87.06082      49.96412
-87.07232      49.95936
-87.08321      49.95021
-87.08893      49.94976
-87.09392      49.95296
-87.09074      49.95626
-87.08122      49.95906
-87.06845      49.96926
-87.04933      49.97554
-87.03919      49.98083
-87.03473      49.98957
-87.01954      49.99554
-86.99433      49.99536
-86.98251      50
 1 
 1             17            
1
 -9999.0   ,   9990.0
   7
 6 
-86.69909      50
-86.67286      50
-86.67392      49.99761
-86.6897       49.9933
-86.69477      49.9956
-86.69909      50
 1 
 1             18            
1
 -9999.0   ,   9990.0
   7
 14 
-86.45478      50
-86.428        50
-86.4181       50
-86.40559      50
-86.4001       49.99872
-86.37878      49.98369
-86.38519      49.98355
-86.40545      49.99257
-86.41513      49.99487
-86.44562      49.99247
-86.45271      49.9896
-86.46066      49.98243
-86.46249      49.98504
-86.45478      50
 1 
 1             19            
1
 -9999.0   ,   9990.0
   7
 34 
-86.24766      50
-86.22996      50
-86.23538      49.99671
-86.23174      49.99148
-86.21853      49.99196
-86.21707      49.98937
-86.22452      49.98654
-86.22774      49.98349
-86.22305      49.97821
-86.23334      49.96956
-86.23636      49.9594
-86.24335      49.94979
-86.24872      49.94238
-86.25506      49.92826
-86.25752      49.91371
-86.27531      49.90452
-86.27873      49.90561
-86.28114      49.90917
-86.27677      49.91308
-86.26979      49.91502
-86.2624       49.93505
-86.26618      49.93615
-86.27169      49.93162
-86.27566      49.93113
-86.27902      49.93267
-86.28116      49.93553
-86.27856      49.94823
-86.28312      49.95465
-86.27092      49.95564
-86.26779      49.95801
-86.26604      49.96365
-86.26894      49.96907
-86.25151      49.98973
-86.24766      50
 1 
 1             20            
1
 -9999.0   ,   9990.0
   7
 8 
-86.21765      50
-86.19422      50
-86.19781      49.99572
-86.20471      49.99447
-86.20644      49.99776
-86.20881      49.9988
-86.2143       49.99748
-86.21765      50
 1 
 1             21            
1
 -9999.0   ,   9990.0
   7
 6 
-85.96406      50
-85.95172      50
-85.95278      49.99859
-85.96875      49.99049
-85.9709       49.99312
-85.96406      50
 1 
 1             22            
1
 -9999.0   ,   9990.0
   7
 25 
-87.17302      49.99891
-87.16539      49.99355
-87.16426      49.99076
-87.17711      49.98306
-87.17817      49.97967
-87.16728      49.97852
-87.16362      49.97608
-87.16517      49.97477
-87.17868      49.97465
-87.19458      49.96845
-87.21284      49.95616
-87.21456      49.96036
-87.20932      49.96655
-87.21256      49.96966
-87.20945      49.97227
-87.20281      49.97131
-87.20123      49.97628
-87.19746      49.97842
-87.19155      49.97725
-87.18718      49.97844
-87.18631      49.98345
-87.17954      49.99071
-87.17973      49.99576
-87.17809      49.99798
-87.17302      49.99891
 1 
 1             23            
1
 -9999.0   ,   9990.0
   7
 72 
-86.60415      49.92056
-86.61296      49.92739
-86.61722      49.92737
-86.61794      49.92098
-86.62229      49.91707
-86.62801      49.91665
-86.63645      49.92048
-86.64512      49.92226
-86.65363      49.92862
-86.66544      49.94979
-86.67074      49.95325
-86.68994      49.95299
-86.70265      49.96321
-86.70729      49.96296
-86.71502      49.95095
-86.71237      49.94923
-86.70482      49.95323
-86.70447      49.95276
-86.70296      49.95085
-86.70671      49.94598
-86.71228      49.94372
-86.72446      49.94589
-86.72491      49.95141
-86.72761      49.95268
-86.73216      49.95014
-86.7428       49.93413
-86.74245      49.92771
-86.74658      49.91598
-86.75301      49.90597
-86.74951      49.89596
-86.7518       49.89125
-86.76216      49.90661
-86.75922      49.92367
-86.76126      49.92765
-86.76984      49.92392
-86.77478      49.91773
-86.77798      49.91765
-86.78038      49.92166
-86.76523      49.94639
-86.75958      49.94934
-86.74984      49.95072
-86.74563      49.95351
-86.74366      49.95846
-86.73606      49.95971
-86.73046      49.96541
-86.71919      49.97072
-86.71584      49.97229
-86.7116       49.97851
-86.71462      49.98965
-86.71288      49.99254
-86.70909      49.99145
-86.70341      49.97444
-86.70164      49.96911
-86.69531      49.96538
-86.68062      49.96333
-86.66842      49.95497
-86.65734      49.95239
-86.65304      49.94967
-86.65039      49.93534
-86.64661      49.93104
-86.64459      49.93644
-86.64166      49.93722
-86.63133      49.93124
-86.62548      49.92959
-86.62029      49.93164
-86.61801      49.93611
-86.61465      49.93755
-86.59682      49.9351
-86.59368      49.92534
-86.59608      49.92293
-86.59998      49.92288
-86.60415      49.92056
 1 
 1             24            
1
 -9999.0   ,   9990.0
   7
 24 
-87.26972      49.96952
-87.26986      49.97525
-87.26418      49.98234
-87.26413      49.98646
-87.2576       49.99145
-87.25434      49.99201
-87.25353      49.98945
-87.25635      49.98614
-87.253        49.98417
-87.24412      49.98769
-87.24296      49.98513
-87.24952      49.9799
-87.24421      49.97968
-87.22721      49.9863
-87.21917      49.99215
-87.21639      49.99158
-87.21706      49.98839
-87.2261       49.98328
-87.23929      49.97215
-87.26186      49.95935
-87.26939      49.95851
-87.27229      49.96161
-87.26942      49.96539
-87.26972      49.96952
 1 
 1             25            
1
 -9999.0   ,   9990.0
   7
 6 
-90            49.992
-89.98619      49.99191
-89.98631      49.9869
-89.99275      49.98541
-90            49.98638
-90            49.992
 1 
 1             26            
1
 -9999.0   ,   9990.0
   7
 14 
-89.6929       49.98377
-89.69736      49.97952
-89.6881       49.97293
-89.6896       49.97136
-89.69492      49.97124
-89.70309      49.97826
-89.71121      49.9791
-89.71774      49.9758
-89.72511      49.98486
-89.72289      49.98688
-89.71758      49.98677
-89.70493      49.98424
-89.69708      49.98523
-89.6929       49.98377
 1 
 1             27            
1
 -9999.0   ,   9990.0
   7
 16 
-86.48269      49.98556
-86.47794      49.9867
-86.47603      49.98477
-86.48112      49.98067
-86.49011      49.97675
-86.49202      49.97248
-86.48784      49.96564
-86.48014      49.9616
-86.48366      49.95879
-86.4987       49.95471
-86.49997      49.95912
-86.50526      49.95938
-86.50771      49.96591
-86.50685      49.97022
-86.50058      49.9784
-86.48269      49.98556
 1 
 1             28            
1
 -9999.0   ,   9990.0
   7
 23 
-85.93358      49.94025
-85.93588      49.93899
-85.94258      49.93934
-85.96119      49.94788
-85.96238      49.94843
-85.96332      49.95214
-85.96016      49.95748
-85.95198      49.9575
-85.9439       49.96235
-85.93305      49.96384
-85.90314      49.97806
-85.8981       49.97573
-85.88334      49.97447
-85.88051      49.97157
-85.88163      49.96842
-85.88942      49.96586
-85.89587      49.96001
-85.9046       49.96117
-85.92208      49.95798
-85.92821      49.95441
-85.93036      49.94879
-85.93597      49.94381
-85.93358      49.94025
 1 
 1             29            
1
 -9999.0   ,   9990.0
   7
 9 
-88.98143      49.96358
-88.98914      49.96516
-88.99392      49.96802
-89.00135      49.97393
-89.00014      49.97619
-88.99019      49.97661
-88.98602      49.97513
-88.97919      49.96536
-88.98143      49.96358
 1 
 1             30            
1
 -9999.0   ,   9990.0
   7
 10 
-89.67566      49.9736
-89.67344      49.96807
-89.67541      49.96422
-89.66866      49.95723
-89.66074      49.95227
-89.66369      49.95005
-89.68258      49.95499
-89.68387      49.95776
-89.67852      49.97297
-89.67566      49.9736
 1 
 1             31            
1
 -9999.0   ,   9990.0
   7
 9 
-86.12597      49.96431
-86.12694      49.95932
-86.14885      49.91712
-86.15382      49.91715
-86.15504      49.92455
-86.1513       49.93467
-86.13161      49.9646
-86.12724      49.96552
-86.12597      49.96431
 1 
 1             32            
1
 -9999.0   ,   9990.0
   7
 6 
-90            49.95383
-90            49.96275
-89.99796      49.96218
-89.99347      49.95091
-89.99664      49.95119
-90            49.95383
 1 
 1             33            
1
 -9999.0   ,   9990.0
   7
 13 
-89.44656      49.95555
-89.44234      49.96163
-89.43773      49.96175
-89.42775      49.95605
-89.42868      49.95195
-89.41638      49.95008
-89.43349      49.94154
-89.44462      49.93195
-89.4489       49.93136
-89.45192      49.93463
-89.4484       49.94758
-89.44075      49.95153
-89.44656      49.95555
 1 
 1             34            
1
 -9999.0   ,   9990.0
   7
 8 
-89.75016      49.94946
-89.75696      49.94799
-89.76467      49.94974
-89.76703      49.9523
-89.75889      49.95968
-89.75652      49.95735
-89.75703      49.95393
-89.75016      49.94946
 1 
 1             35            
1
 -9999.0   ,   9990.0
   7
 13 
-87.31484      49.9368
-87.31682      49.93825
-87.31346      49.94361
-87.31733      49.95109
-87.31434      49.95258
-87.30911      49.95167
-87.30129      49.95548
-87.29428      49.9545
-87.28299      49.95747
-87.28682      49.94733
-87.29371      49.94234
-87.30699      49.93716
-87.31484      49.9368
 1 
 1             36            
1
 -9999.0   ,   9990.0
   7
 10 
-88.97601      49.94286
-88.98561      49.94219
-89.0119       49.94676
-89.02084      49.95134
-89.02787      49.9522
-89.03216      49.95735
-89.01554      49.95669
-88.9924       49.94694
-88.98251      49.94646
-88.97601      49.94286
 1 
 1             37            
1
 -9999.0   ,   9990.0
   7
 14 
-89.1685       49.95321
-89.16395      49.94029
-89.16569      49.93485
-89.16156      49.92675
-89.16559      49.92456
-89.17572      49.93898
-89.18184      49.94325
-89.19217      49.94853
-89.20303      49.95063
-89.20216      49.95334
-89.19639      49.95503
-89.17489      49.94696
-89.17321      49.95149
-89.1685       49.95321
 1 
 1             38            
1
 -9999.0   ,   9990.0
   7
 31 
-87.39596      49.95245
-87.39554      49.9458
-87.39767      49.94222
-87.4057       49.93613
-87.41429      49.92434
-87.4225       49.92009
-87.45734      49.91164
-87.46563      49.90647
-87.4754       49.90434
-87.47731      49.9067
-87.47127      49.91059
-87.46072      49.91337
-87.45305      49.91948
-87.45674      49.92169
-87.44836      49.92776
-87.44401      49.92873
-87.44136      49.9268
-87.43688      49.92914
-87.4329       49.92623
-87.43152      49.92714
-87.43025      49.92796
-87.43068      49.93461
-87.43267      49.93607
-87.44019      49.93522
-87.44221      49.93645
-87.43614      49.94055
-87.42039      49.94565
-87.41516      49.94475
-87.41253      49.94259
-87.40144      49.95084
-87.39596      49.95245
 1 
 1             39            
1
 -9999.0   ,   9990.0
   7
 11 
-86.05233      49.94789
-86.0474       49.91645
-86.06244      49.89271
-86.07363      49.8855
-86.07928      49.88579
-86.08008      49.88789
-86.07458      49.90068
-86.06374      49.91638
-86.06419      49.92695
-86.05918      49.94435
-86.05233      49.94789
 1 
 1             40            
1
 -9999.0   ,   9990.0
   7
 20 
-86.98048      49.92147
-86.98862      49.9216
-86.99111      49.92491
-86.98832      49.92776
-86.96513      49.93568
-86.96939      49.93907
-86.96771      49.94152
-86.96293      49.94314
-86.94531      49.93526
-86.93787      49.93516
-86.92896      49.93889
-86.90448      49.94215
-86.89529      49.94174
-86.92111      49.93258
-86.93112      49.93188
-86.95339      49.926
-86.96298      49.92917
-86.96768      49.92845
-86.97659      49.92129
-86.98048      49.92147
 1 
 1             41            
1
 -9999.0   ,   9990.0
   7
 15 
-89.96561      49.931
-89.96508      49.9351
-89.96074      49.93709
-89.94548      49.93819
-89.9375       49.94239
-89.93041      49.94273
-89.92731      49.94061
-89.92608      49.93625
-89.93124      49.93154
-89.94777      49.92566
-89.953        49.91912
-89.95459      49.92349
-89.94828      49.93046
-89.94851      49.93344
-89.96561      49.931
 1 
 1             42            
1
 -9999.0   ,   9990.0
   7
 15 
-89.32132      49.93901
-89.31819      49.93802
-89.31228      49.92965
-89.31781      49.92566
-89.32602      49.92448
-89.32915      49.91929
-89.33488      49.91806
-89.33529      49.92332
-89.33776      49.92361
-89.34427      49.92124
-89.35712      49.91285
-89.35871      49.91608
-89.3556       49.92127
-89.33562      49.93019
-89.32132      49.93901
 1 
 1             43            
1
 -9999.0   ,   9990.0
   7
 18 
-87.21921      49.9388
-87.21564      49.93544
-87.20614      49.93459
-87.19966      49.93569
-87.19891      49.93245
-87.20813      49.92551
-87.21629      49.92539
-87.22654      49.91872
-87.23198      49.91758
-87.23517      49.91404
-87.23223      49.90797
-87.23396      49.90484
-87.24331      49.89996
-87.24498      49.90461
-87.24074      49.91497
-87.23569      49.923
-87.22582      49.92946
-87.21921      49.9388
 1 
 1             44            
1
 -9999.0   ,   9990.0
   7
 13 
-87.33331      49.92198
-87.33231      49.92492
-87.32274      49.93209
-87.31797      49.93372
-87.31292      49.92733
-87.31644      49.92404
-87.32211      49.92405
-87.32706      49.92059
-87.32827      49.91193
-87.33291      49.90801
-87.33644      49.90815
-87.33728      49.91047
-87.33331      49.92198
 1 
 1             45            
1
 -9999.0   ,   9990.0
   7
 6 
-88.96138      49.9331
-88.95047      49.92641
-88.95377      49.92467
-88.95801      49.92478
-88.96691      49.92981
-88.96138      49.9331
 1 
 1             46            
1
 -9999.0   ,   9990.0
   7
 8 
-89.97636      49.92798
-89.97309      49.9213
-89.9757       49.91814
-89.98314      49.91781
-89.98786      49.92384
-89.98734      49.92794
-89.97837      49.93053
-89.97636      49.92798
 1 
 1             47            
1
 -9999.0   ,   9990.0
   7
 10 
-89.02826      49.92295
-89.02322      49.9299
-89.01508      49.92992
-89.00746      49.92698
-88.99951      49.91831
-89.00293      49.91452
-89.00649      49.91415
-89.01861      49.91858
-89.01961      49.92524
-89.02826      49.92295
 1 
 1             48            
1
 -9999.0   ,   9990.0
   7
 11 
-85.90859      49.9247
-85.90561      49.92293
-85.90602      49.91975
-85.91396      49.91604
-85.91559      49.91154
-85.91868      49.90965
-85.92371      49.91198
-85.93439      49.92562
-85.93124      49.92797
-85.92404      49.92598
-85.90859      49.9247
 1 
 1             49            
1
 -9999.0   ,   9990.0
   7
 12 
-87.94249      49.92069
-87.92976      49.912
-87.93166      49.91046
-87.94075      49.91193
-87.9689       49.90171
-87.97567      49.90126
-87.97317      49.90575
-87.9757       49.90927
-87.97121      49.91209
-87.96144      49.91448
-87.95499      49.91952
-87.94249      49.92069
 1 
 1             50            
1
 -9999.0   ,   9990.0
   7
 9 
-87.34497      49.9188
-87.34893      49.91094
-87.3575       49.90671
-87.37812      49.90229
-87.37992      49.90579
-87.37758      49.90798
-87.35966      49.91366
-87.3485       49.91894
-87.34497      49.9188
 1 
 1             51            
1
 -9999.0   ,   9990.0
   7
 11 
-89.20734      49.88853
-89.22189      49.88774
-89.22854      49.88904
-89.23852      49.88791
-89.24045      49.89755
-89.22656      49.91117
-89.23074      49.91859
-89.21353      49.91612
-89.20602      49.91136
-89.20889      49.90457
-89.20734      49.88853
 1 
 1             52            
1
 -9999.0   ,   9990.0
   7
 9 
-86.9873       49.89039
-86.99384      49.89228
-86.99613      49.89742
-86.98694      49.91396
-86.97751      49.91263
-86.97497      49.90977
-86.98108      49.90225
-86.98379      49.89344
-86.9873       49.89039
 1 
 1             53            
1
 -9999.0   ,   9990.0
   7
 9 
-90            49.90364
-89.99114      49.90424
-89.97102      49.91143
-89.96788      49.9107
-89.97539      49.90008
-89.98596      49.89272
-89.99599      49.89838
-90            49.89824
-90            49.90364
 1 
 1             54            
1
 -9999.0   ,   9990.0
   7
 10 
-89.77386      49.89619
-89.78641      49.89254
-89.79099      49.88531
-89.79314      49.88467
-89.79517      49.88676
-89.78889      49.90013
-89.78874      49.91133
-89.78555      49.91127
-89.78204      49.90298
-89.77386      49.89619
 1 
 1             55            
1
 -9999.0   ,   9990.0
   7
 10 
-85.79679      49.89962
-85.80294      49.89606
-85.81882      49.8967
-85.82152      49.90052
-85.82076      49.90368
-85.81296      49.90899
-85.79598      49.91128
-85.79239      49.90879
-85.80084      49.90397
-85.79679      49.89962
 1 
 1             56            
1
 -9999.0   ,   9990.0
   7
 47 
-85.86568      49.83641
-85.87312      49.83911
-85.87743      49.83865
-85.88468      49.83468
-85.89193      49.83347
-85.89411      49.83588
-85.88996      49.84047
-85.8929       49.84246
-85.89979      49.84398
-85.90634      49.84822
-85.91312      49.8479
-85.92347      49.84456
-85.92717      49.84613
-85.92985      49.85017
-85.92776      49.85258
-85.92149      49.85179
-85.90735      49.8625
-85.90028      49.8706
-85.88856      49.89543
-85.88192      49.90286
-85.88099      49.90337
-85.87504      49.90662
-85.86868      49.9065
-85.87176      49.90185
-85.88137      49.89618
-85.88848      49.8796
-85.88627      49.87741
-85.88455      49.87854
-85.87658      49.88377
-85.87153      49.88167
-85.88709      49.86829
-85.88712      49.86531
-85.88272      49.86095
-85.88448      49.85004
-85.87961      49.84931
-85.87471      49.84607
-85.87292      49.84895
-85.874        49.85704
-85.86299      49.86539
-85.86232      49.84861
-85.85534      49.85053
-85.849        49.85018
-85.84674      49.84846
-85.84545      49.84472
-85.84789      49.84233
-85.86013      49.84093
-85.86568      49.83641
 1 
 1             57            
1
 -9999.0   ,   9990.0
   7
 12 
-87.68649      49.90585
-87.68678      49.89876
-87.69295      49.89717
-87.70571      49.89718
-87.71791      49.89535
-87.72635      49.89613
-87.72724      49.89799
-87.72214      49.89963
-87.71148      49.89992
-87.70077      49.90478
-87.69318      49.90633
-87.68649      49.90585
 1 
 1             58            
1
 -9999.0   ,   9990.0
   7
 29 
-87.16659      49.90499
-87.16623      49.90154
-87.18003      49.88426
-87.17882      49.87871
-87.18396      49.87343
-87.18608      49.86642
-87.20322      49.85455
-87.20821      49.8543
-87.2163       49.85831
-87.22016      49.85869
-87.2257       49.85641
-87.2472       49.83967
-87.24661      49.8456
-87.23874      49.85432
-87.22391      49.87076
-87.21414      49.88684
-87.20573      49.8929
-87.20146      49.89317
-87.20099      49.8872
-87.21488      49.87244
-87.21293      49.87076
-87.20005      49.87548
-87.18849      49.88118
-87.18609      49.88383
-87.18981      49.89268
-87.18841      49.89606
-87.1744       49.90486
-87.17036      49.90629
-87.16659      49.90499
 1 
 1             59            
1
 -9999.0   ,   9990.0
   7
 5 
-89.338        49.88085
-89.33539      49.90229
-89.32391      49.90522
-89.32602      49.89247
-89.338        49.88085
 1 
 1             60            
1
 -9999.0   ,   9990.0
   7
 15 
-89.87801      49.87733
-89.87756      49.87937
-89.87141      49.8827
-89.86342      49.89535
-89.85338      49.89836
-89.84672      49.89687
-89.84019      49.9004
-89.8367       49.89943
-89.83196      49.89477
-89.83342      49.89342
-89.84085      49.89356
-89.84813      49.88912
-89.85778      49.88701
-89.86122      49.8809
-89.87801      49.87733
 1 
 1             61            
1
 -9999.0   ,   9990.0
   7
 13 
-89.04976      49.89582
-89.04215      49.8986
-89.03433      49.89909
-89.02464      49.8842
-89.0287       49.88133
-89.04201      49.88351
-89.05214      49.89154
-89.05881      49.88668
-89.06527      49.87358
-89.06996      49.87804
-89.07068      49.88356
-89.06022      49.89243
-89.04976      49.89582
 1 
 1             62            
1
 -9999.0   ,   9990.0
   7
 11 
-87.5402       49.88605
-87.53886      49.88898
-87.53261      49.89148
-87.52765      49.89151
-87.50667      49.88474
-87.50521      49.88148
-87.51195      49.87762
-87.52048      49.87727
-87.52172      49.87915
-87.51882      49.88362
-87.5402       49.88605
 1 
 1             63            
1
 -9999.0   ,   9990.0
   7
 11 
-85.53573      49.88737
-85.53916      49.88046
-85.53848      49.87239
-85.54668      49.8669
-85.55231      49.86722
-85.55486      49.86943
-85.55616      49.87546
-85.55299      49.88056
-85.54935      49.88379
-85.53954      49.88805
-85.53573      49.88737
 1 
 1             64            
1
 -9999.0   ,   9990.0
   7
 12 
-87.39477      49.88784
-87.39831      49.88043
-87.39222      49.87378
-87.39814      49.86761
-87.4033       49.86552
-87.41201      49.86702
-87.43778      49.86782
-87.43941      49.86926
-87.42526      49.87281
-87.41744      49.88051
-87.40152      49.88766
-87.39477      49.88784
 1 
 1             65            
1
 -9999.0   ,   9990.0
   7
 15 
-89.61297      49.87929
-89.62018      49.88378
-89.62412      49.88272
-89.62461      49.87998
-89.62789      49.87799
-89.63429      49.87744
-89.64117      49.88146
-89.65632      49.87537
-89.658        49.87723
-89.64878      49.88505
-89.64372      49.887
-89.63034      49.88582
-89.61362      49.88776
-89.60893      49.88218
-89.61297      49.87929
 1 
 1             66            
1
 -9999.0   ,   9990.0
   7
 35 
-88.02721      49.80123
-88.0211       49.81086
-88.02267      49.81755
-88.02085      49.81817
-88.01329      49.81974
-88.00258      49.82944
-87.99634      49.83631
-87.99306      49.84603
-87.97649      49.85369
-87.98759      49.86049
-87.98289      49.8617
-87.97387      49.85955
-87.96794      49.85431
-87.96188      49.85478
-87.93763      49.86948
-87.92061      49.87391
-87.90262      49.88228
-87.89959      49.88369
-87.88942      49.88653
-87.88492      49.88545
-87.88408      49.88291
-87.89233      49.87748
-87.91022      49.87125
-87.93974      49.85308
-87.94259      49.85272
-87.94404      49.85644
-87.94687      49.85654
-87.96966      49.84224
-87.99664      49.82854
-88.001        49.82297
-88.00779      49.8178
-88.01421      49.81291
-88.01893      49.803
-88.02411      49.80021
-88.02721      49.80123
 1 
 1             67            
1
 -9999.0   ,   9990.0
   7
 10 
-89.42298      49.88621
-89.40176      49.8727
-89.39511      49.87141
-89.3928       49.86838
-89.39614      49.86549
-89.40438      49.87025
-89.41309      49.8725
-89.42301      49.87889
-89.42533      49.88191
-89.42298      49.88621
 1 
 1             68            
1
 -9999.0   ,   9990.0
   7
 6 
-89.97823      49.8743
-89.98656      49.8781
-89.98782      49.88201
-89.98449      49.88537
-89.96997      49.87736
-89.97823      49.8743
 1 
 1             69            
1
 -9999.0   ,   9990.0
   7
 8 
-85.31119      49.8707
-85.3151       49.86818
-85.33401      49.86746
-85.33747      49.87064
-85.31996      49.88407
-85.30888      49.87952
-85.30588      49.87567
-85.31119      49.8707
 1 
 1             70            
1
 -9999.0   ,   9990.0
   7
 11 
-86.21161      49.87403
-86.22278      49.8668
-86.22366      49.85951
-86.22712      49.86015
-86.23264      49.87028
-86.24319      49.87976
-86.24156      49.88151
-86.23592      49.88122
-86.23167      49.87826
-86.21686      49.8775
-86.21161      49.87403
 1 
 1             71            
1
 -9999.0   ,   9990.0
   7
 7 
-89.51624      49.87521
-89.51924      49.87893
-89.51701      49.88117
-89.50321      49.8811
-89.49982      49.87828
-89.50454      49.87588
-89.51624      49.87521
 1 
 1             72            
1
 -9999.0   ,   9990.0
   7
 11 
-87.55469      49.85984
-87.56131      49.86101
-87.56489      49.86435
-87.56242      49.86815
-87.56731      49.87268
-87.56129      49.88023
-87.55808      49.88057
-87.54844      49.87744
-87.55568      49.872
-87.55178      49.86453
-87.55469      49.85984
 1 
 1             73            
1
 -9999.0   ,   9990.0
   7
 8 
-88.68158      49.88056
-88.67744      49.87885
-88.6748       49.87099
-88.67546      49.86667
-88.67909      49.86517
-88.68615      49.87063
-88.68235      49.87442
-88.68158      49.88056
 1 
 1             74            
1
 -9999.0   ,   9990.0
   7
 16 
-86.76754      49.87388
-86.76472      49.86734
-86.76778      49.85877
-86.77628      49.84909
-86.782        49.84545
-86.79183      49.8333
-86.80312      49.82717
-86.80172      49.82047
-86.80606      49.81655
-86.81254      49.81547
-86.81782      49.8122
-86.83189      49.80352
-86.79474      49.84557
-86.78065      49.85455
-86.77209      49.87111
-86.76754      49.87388
 1 
 1             75            
1
 -9999.0   ,   9990.0
   7
 9 
-89.82588      49.87248
-89.82719      49.86679
-89.83049      49.86411
-89.83471      49.86465
-89.83916      49.86016
-89.83975      49.85468
-89.8533       49.85196
-89.84099      49.86659
-89.82588      49.87248
 1 
 1             76            
1
 -9999.0   ,   9990.0
   7
 7 
-85.30186      49.85891
-85.30625      49.85045
-85.31184      49.84849
-85.3162       49.85035
-85.31678      49.85382
-85.30829      49.8586
-85.30186      49.85891
 1 
 1             77            
1
 -9999.0   ,   9990.0
   7
 7 
-89.64549      49.85801
-89.63731      49.84458
-89.63654      49.83839
-89.6405       49.83687
-89.64729      49.84273
-89.6496       49.85352
-89.64549      49.85801
 2 
 1             78            
1
 -9999.0   ,   9990.0
   7
 13 
-86.07577      49.8542
-86.06455      49.84468
-86.07564      49.83815
-86.0721       49.83246
-86.0767       49.82972
-86.12069      49.82353
-86.13122      49.8243
-86.12861      49.82829
-86.13094      49.83231
-86.12518      49.83591
-86.10873      49.84284
-86.08871      49.84708
-86.07577      49.8542
 1             78            2 
1
 -9999.0   ,   9990.0
   7
 6 
-86.11369      49.83142
-86.08809      49.84063
-86.08708      49.8431
-86.109        49.83782
-86.114        49.83464
-86.11369      49.83142
 1 
 1             79            
1
 -9999.0   ,   9990.0
   7
 66 
-89.97384      49.85228
-89.97038      49.85039
-89.97165      49.84538
-89.96626      49.83066
-89.95661      49.81655
-89.95711      49.81268
-89.95389      49.80531
-89.95081      49.80319
-89.94515      49.80332
-89.93936      49.80665
-89.93059      49.80535
-89.91921      49.80698
-89.91408      49.81146
-89.91063      49.82603
-89.9078       49.82598
-89.90538      49.80856
-89.91184      49.80616
-89.92042      49.79534
-89.92135      49.7901
-89.92455      49.78947
-89.93118      49.79142
-89.93705      49.78604
-89.9402       49.78678
-89.94254      49.78979
-89.9543       49.78663
-89.95611      49.78615
-89.96411      49.78057
-89.96678      49.78427
-89.96382      49.78742
-89.94297      49.79643
-89.94538      49.79807
-89.96174      49.79493
-89.97184      49.78985
-89.97681      49.78079
-89.97392      49.77366
-89.9803       49.76462
-89.98212      49.76329
-89.98692      49.76657
-90            49.7533
-90            49.76187
-89.99619      49.76421
-89.99429      49.76761
-89.99724      49.77314
-89.99058      49.78057
-89.98338      49.78411
-89.98136      49.79024
-89.98429      49.80469
-89.98775      49.80658
-89.99093      49.80641
-89.99526      49.79551
-90            49.79155
-90            49.81037
-89.97939      49.81237
-89.97469      49.81481
-89.97095      49.81977
-89.97076      49.82434
-89.97486      49.82761
-89.9812       49.82818
-89.98466      49.83007
-89.98698      49.83354
-89.98411      49.83486
-89.98704      49.84085
-89.98221      49.84648
-89.98316      49.84924
-89.97982      49.85307
-89.97384      49.85228
 1 
 1             80            
1
 -9999.0   ,   9990.0
   7
 6 
-89.27459      49.8508
-89.27385      49.84507
-89.27832      49.83466
-89.28287      49.84185
-89.2826       49.84665
-89.27459      49.8508
 1 
 1             81            
1
 -9999.0   ,   9990.0
   7
 22 
-86.04372      49.8468
-86.03012      49.85066
-86.02889      49.84923
-86.03049      49.84722
-86.03309      49.84395
-86.02861      49.83729
-86.03676      49.82603
-86.04086      49.81318
-86.04614      49.80773
-86.05649      49.80712
-86.07142      49.80102
-86.07761      49.80249
-86.07956      49.80672
-86.07864      49.81126
-86.07499      49.81496
-86.06274      49.81661
-86.05801      49.82049
-86.06051      49.82315
-86.06529      49.82454
-86.06531      49.8273
-86.04918      49.83723
-86.04372      49.8468
 1 
 1             82            
1
 -9999.0   ,   9990.0
   7
 19 
-89.90044      49.84116
-89.88265      49.84381
-89.87628      49.84415
-89.86696      49.84695
-89.85078      49.84506
-89.84391      49.84859
-89.84094      49.84373
-89.83678      49.84205
-89.83557      49.83747
-89.83782      49.83453
-89.8462       49.83674
-89.85275      49.84052
-89.87614      49.83912
-89.8796       49.84078
-89.88316      49.84017
-89.89232      49.83279
-89.89581      49.83376
-89.89526      49.8381
-89.90044      49.84116
 1 
 1             83            
1
 -9999.0   ,   9990.0
   7
 15 
-89.93805      49.82926
-89.9414       49.83366
-89.93937      49.83979
-89.93459      49.84405
-89.93516      49.84726
-89.92525      49.84777
-89.91942      49.84333
-89.90994      49.84224
-89.91853      49.83943
-89.92662      49.84025
-89.92994      49.83711
-89.92837      49.83251
-89.93063      49.82913
-89.93528      49.82807
-89.93805      49.82926
 1 
 1             84            
1
 -9999.0   ,   9990.0
   7
 8 
-89.61814      49.84602
-89.61729      49.84166
-89.62245      49.83742
-89.62331      49.83424
-89.62652      49.83362
-89.62912      49.83847
-89.62454      49.84523
-89.61814      49.84602
 1 
 1             85            
1
 -9999.0   ,   9990.0
   7
 8 
-89.39319      49.83501
-89.39692      49.83784
-89.41044      49.84272
-89.40718      49.84447
-89.39737      49.84265
-89.38986      49.84431
-89.38852      49.84268
-89.39319      49.83501
 1 
 1             86            
1
 -9999.0   ,   9990.0
   7
 13 
-85.649        49.83941
-85.64468      49.83733
-85.64169      49.83052
-85.63427      49.83032
-85.63322      49.82751
-85.63647      49.82448
-85.64577      49.82386
-85.65464      49.82642
-85.66098      49.83205
-85.66702      49.83193
-85.66921      49.83411
-85.66607      49.83646
-85.649        49.83941
 1 
 1             87            
1
 -9999.0   ,   9990.0
   7
 12 
-85.05835      49.83716
-85.06244      49.82616
-85.06618      49.82249
-85.07689      49.82199
-85.09108      49.81712
-85.09619      49.81858
-85.09652      49.82113
-85.08689      49.8288
-85.08304      49.83821
-85.07594      49.83823
-85.07298      49.83415
-85.05835      49.83716
 1 
 1             88            
1
 -9999.0   ,   9990.0
   7
 22 
-86.33119      49.78128
-86.33255      49.78478
-86.32957      49.78899
-86.33109      49.79411
-86.32686      49.80556
-86.32062      49.82246
-86.32062      49.82841
-86.32299      49.82878
-86.32064      49.83117
-86.31709      49.83718
-86.31424      49.83726
-86.31308      49.83514
-86.31574      49.83069
-86.31024      49.82629
-86.30178      49.81418
-86.30836      49.80649
-86.31689      49.80325
-86.32329      49.79417
-86.32172      49.78653
-86.3247       49.78233
-86.32986      49.78149
-86.33119      49.78128
 1 
 1             89            
1
 -9999.0   ,   9990.0
   7
 20 
-86.32394      49.82892
-86.32953      49.82496
-86.33714      49.82351
-86.34137      49.82074
-86.34654      49.81
-86.35079      49.807
-86.3532       49.80758
-86.35461      49.81361
-86.35848      49.81678
-86.36268      49.81722
-86.36677      49.81558
-86.36875      49.81981
-86.36696      49.82509
-86.36331      49.83581
-86.35914      49.83514
-86.35334      49.82729
-86.3467       49.8265
-86.33082      49.8319
-86.3263       49.83122
-86.32394      49.82892
 1 
 1             90            
1
 -9999.0   ,   9990.0
   7
 12 
-87.91149      49.815
-87.91713      49.81521
-87.92373      49.81247
-87.92757      49.81306
-87.92884      49.81471
-87.92716      49.81785
-87.91986      49.82469
-87.91348      49.82492
-87.90595      49.83014
-87.90062      49.83041
-87.89803      49.82757
-87.91149      49.815
 1 
 1             91            
1
 -9999.0   ,   9990.0
   7
 10 
-87.556        49.81914
-87.54248      49.82388
-87.53451      49.82952
-87.53286      49.82831
-87.53689      49.82297
-87.53616      49.81951
-87.55188      49.80639
-87.55684      49.80635
-87.55942      49.80897
-87.556        49.81914
 1 
 1             92            
1
 -9999.0   ,   9990.0
   7
 20 
-85.87718      49.80218
-85.85754      49.80067
-85.84516      49.8032
-85.83764      49.81472
-85.83764      49.82022
-85.834        49.82644
-85.82951      49.82826
-85.82114      49.81084
-85.82872      49.79887
-85.83092      49.7983
-85.86246      49.79542
-85.88664      49.79742
-85.90922      49.79267
-85.92381      49.79207
-85.93659      49.78909
-85.94026      49.7909
-85.92742      49.79983
-85.91116      49.79965
-85.89198      49.80275
-85.87718      49.80218
 1 
 1             93            
1
 -9999.0   ,   9990.0
   7
 8 
-85.40386      49.82474
-85.41804      49.81959
-85.42372      49.81442
-85.42715      49.81531
-85.42961      49.8205
-85.4232       49.82586
-85.41064      49.82696
-85.40386      49.82474
 1 
 1             94            
1
 -9999.0   ,   9990.0
   7
 8 
-85.66507      49.82265
-85.66396      49.81777
-85.6673       49.8113
-85.67458      49.80712
-85.67651      49.81136
-85.6751       49.81655
-85.66907      49.82195
-85.66507      49.82265
 1 
 1             95            
1
 -9999.0   ,   9990.0
   7
 12 
-89.75202      49.81759
-89.75421      49.80849
-89.7649       49.79864
-89.77324      49.794
-89.77998      49.79321
-89.77333      49.79972
-89.76946      49.80718
-89.77201      49.81318
-89.76501      49.81921
-89.76472      49.81784
-89.75913      49.81659
-89.75202      49.81759
 1 
 1             96            
1
 -9999.0   ,   9990.0
   7
 16 
-84.04573      49.77532
-84.04737      49.77613
-84.04878      49.78887
-84.04279      49.79281
-84.04291      49.79627
-84.04581      49.79808
-84.04788      49.80903
-84.03858      49.8178
-84.03605      49.81808
-84.03858      49.80309
-84.03662      49.80203
-84.02627      49.80866
-84.02517      49.80467
-84.03528      49.79734
-84.03862      49.78379
-84.04573      49.77532
 1 
 1             97            
1
 -9999.0   ,   9990.0
   7
 10 
-84.15629      49.80833
-84.14912      49.80232
-84.14621      49.79637
-84.14853      49.79309
-84.15887      49.78852
-84.16772      49.78867
-84.18158      49.81008
-84.17588      49.81658
-84.17194      49.81677
-84.15629      49.80833
 1 
 1             98            
1
 -9999.0   ,   9990.0
   7
 14 
-87.47332      49.79186
-87.47461      49.79328
-87.50493      49.79425
-87.50683      49.79661
-87.50545      49.79999
-87.50941      49.80679
-87.50838      49.81018
-87.50092      49.81424
-87.48725      49.81668
-87.48636      49.81114
-87.47431      49.81135
-87.47259      49.80717
-87.46391      49.80545
-87.47332      49.79186
 1 
 1             99            
1
 -9999.0   ,   9990.0
   7
 17 
-87.91771      49.80424
-87.91466      49.80276
-87.90823      49.80345
-87.89586      49.80758
-87.88769      49.80797
-87.8872       49.80544
-87.90571      49.79581
-87.91472      49.79361
-87.92346      49.7866
-87.93006      49.78386
-87.93567      49.78429
-87.9392       49.79265
-87.93795      49.79489
-87.93188      49.79148
-87.92478      49.79191
-87.92218      49.79342
-87.91771      49.80424
 1 
 1             100           
1
 -9999.0   ,   9990.0
   7
 6 
-89.24152      49.79835
-89.26127      49.79882
-89.25646      49.80259
-89.24221      49.80477
-89.24024      49.80221
-89.24152      49.79835
 1 
 1             101           
1
 -9999.0   ,   9990.0
   7
 14 
-86.93868      49.78427
-86.96151      49.77909
-86.97465      49.77853
-86.97618      49.78089
-86.97379      49.7833
-86.96322      49.78627
-86.96021      49.78797
-86.96035      49.79004
-86.95713      49.79035
-86.94981      49.79598
-86.94721      49.79381
-86.94958      49.78819
-86.94366      49.78723
-86.93868      49.78427
 1 
 1             102           
1
 -9999.0   ,   9990.0
   7
 16 
-85.81121      49.78645
-85.80716      49.79036
-85.80282      49.79103
-85.78847      49.78704
-85.78329      49.78332
-85.78444      49.77994
-85.78231      49.7773
-85.77239      49.77194
-85.77274      49.76921
-85.777        49.76647
-85.78112      49.76738
-85.79086      49.77685
-85.79783      49.78045
-85.81403      49.7811
-85.81564      49.78234
-85.81121      49.78645
 1 
 1             103           
1
 -9999.0   ,   9990.0
   7
 20 
-89.64933      49.75682
-89.65251      49.75688
-89.65697      49.75217
-89.66052      49.75156
-89.65912      49.75861
-89.64962      49.77259
-89.65196      49.77562
-89.65108      49.77902
-89.64132      49.78363
-89.63398      49.78965
-89.62599      49.78675
-89.62399      49.78442
-89.62484      49.78146
-89.6345       49.77892
-89.63569      49.77597
-89.62686      49.76893
-89.63609      49.76798
-89.64348      49.76104
-89.64771      49.76113
-89.64933      49.75682
 2 
 1             104           
1
 -9999.0   ,   9990.0
   7
 125 
-86.85905      49.68954
-86.86263      49.68902
-86.86235      49.69496
-86.86597      49.69742
-86.87138      49.69308
-86.88085      49.6903
-86.87995      49.68872
-86.87936      49.68771
-86.86697      49.68486
-86.86696      49.68166
-86.87565      49.67633
-86.89048      49.65982
-86.89666      49.65803
-86.90809      49.65992
-86.91756      49.65714
-86.93578      49.65497
-86.95989      49.64711
-86.98406      49.63193
-86.99944      49.62643
-87.00608      49.62694
-86.99924      49.63168
-86.9767       49.64488
-86.97562      49.6485
-86.95316      49.66078
-86.94411      49.6629
-86.93972      49.66774
-86.93052      49.66802
-86.92268      49.66446
-86.91302      49.66335
-86.90012      49.66529
-86.89385      49.66775
-86.89251      49.67044
-86.89592      49.67151
-86.89458      49.6742
-86.89614      49.6761
-86.90348      49.67345
-86.91223      49.67407
-86.92212      49.67062
-86.92439      49.67255
-86.9199       49.67831
-86.9201       49.68313
-86.92432      49.68652
-86.93786      49.68873
-86.95432      49.69656
-86.96754      49.69509
-86.98574      49.68651
-86.99506      49.69859
-86.98793      49.70263
-86.98071      49.70414
-86.96501      49.70323
-86.96422      49.70318
-86.94794      49.70017
-86.93201      49.70061
-86.93033      49.6994
-86.91134      49.68571
-86.89125      49.6855
-86.88779      49.68809
-86.88683      49.69377
-86.88861      49.69706
-86.89382      49.69775
-86.89509      49.69919
-86.89095      49.70152
-86.89066      49.70425
-86.89761      49.70525
-86.90956      49.70258
-86.91731      49.7027
-86.91786      49.7041
-86.90901      49.71103
-86.89731      49.71142
-86.88838      49.7156
-86.87648      49.71786
-86.87469      49.71819
-86.86871      49.72113
-86.86177      49.73334
-86.85957      49.7372
-86.8523       49.73573
-86.84819      49.73784
-86.84299      49.74997
-86.83718      49.75474
-86.83434      49.75484
-86.8338       49.75322
-86.84052      49.7336
-86.84848      49.7319
-86.85221      49.72679
-86.85044      49.72351
-86.84487      49.7228
-86.82961      49.72669
-86.81923      49.73446
-86.80302      49.73395
-86.78199      49.74215
-86.77381      49.74269
-86.76722      49.74468
-86.76182      49.74878
-86.75605      49.76272
-86.74954      49.76723
-86.73916      49.76835
-86.73212      49.77123
-86.71681      49.78495
-86.70937      49.78827
-86.70748      49.78612
-86.71194      49.78203
-86.72244      49.77239
-86.72815      49.76876
-86.74974      49.76219
-86.74889      49.76032
-86.74119      49.75951
-86.74067      49.75788
-86.75384      49.75391
-86.75514      49.75168
-86.7522       49.74628
-86.76254      49.73576
-86.77871      49.72688
-86.78304      49.72063
-86.78501      49.71778
-86.78975      49.71639
-86.78928      49.72393
-86.77329      49.73763
-86.77334      49.74038
-86.79149      49.72953
-86.80033      49.72861
-86.81294      49.7273
-86.82204      49.72474
-86.8389       49.71268
-86.83819      49.70944
-86.85905      49.68954
 1             104           2 
1
 -9999.0   ,   9990.0
   7
 7 
-86.88068      49.69853
-86.86896      49.70236
-86.85811      49.71469
-86.86353      49.71677
-86.87351      49.71264
-86.88136      49.702
-86.88068      49.69853
 2 
 1             105           
1
 -9999.0   ,   9990.0
   7
 205 
-86.54973      49.78257
-86.5455       49.78237
-86.54244      49.77512
-86.54303      49.77458
-86.55312      49.76532
-86.54611      49.75856
-86.55061      49.75626
-86.55873      49.75642
-86.56135      49.75518
-86.56244      49.75179
-86.58256      49.73648
-86.60348      49.71411
-86.6253       49.6995
-86.62679      49.6985
-86.64172      49.6756
-86.65755      49.66032
-86.66774      49.65438
-86.67202      49.6539
-86.67931      49.64874
-86.67883      49.64666
-86.67478      49.64509
-86.67405      49.64208
-86.67674      49.63694
-86.68131      49.63394
-86.68948      49.63342
-86.69803      49.62946
-86.71266      49.63106
-86.72271      49.62626
-86.72154      49.62414
-86.71319      49.62307
-86.72107      49.6187
-86.73609      49.61039
-86.7413       49.60468
-86.75876      49.59334
-86.75755      49.59146
-86.75228      49.59144
-86.74934      49.58924
-86.76048      49.58724
-86.78686      49.57151
-86.79276      49.56583
-86.80178      49.55089
-86.80565      49.53458
-86.81181      49.52375
-86.81478      49.51851
-86.83118      49.50346
-86.85187      49.49089
-86.86329      49.48591
-86.86462      49.48345
-86.86324      49.48316
-86.84402      49.4887
-86.84134      49.48744
-86.88866      49.46233
-86.90158      49.44986
-86.90752      49.45013
-86.91335      49.4481
-86.91554      49.44408
-86.91408      49.43463
-86.91549      49.43125
-86.93584      49.41133
-86.96004      49.39478
-86.96969      49.38628
-86.97206      49.38043
-86.98416      49.3662
-86.99324      49.35551
-86.99828      49.34084
-87.0053       49.33383
-87.01673      49.31144
-87.03302      49.28927
-87.04889      49.28126
-87.05227      49.27569
-87.06969      49.26615
-87.07542      49.25931
-87.08005      49.25378
-87.07956      49.2414
-87.07204      49.2294
-87.06811      49.2132
-87.06213      49.20332
-87.06122      49.19848
-87.06411      49.18395
-87.06278      49.17314
-87.05292      49.15004
-87.05038      49.14077
-87.05207      49.13787
-87.05524      49.13412
-87.06036      49.13183
-87.05774      49.14384
-87.06284      49.15538
-87.06993      49.17139
-87.07083      49.18654
-87.07972      49.23294
-87.09102      49.24213
-87.09253      49.24792
-87.09128      49.25336
-87.07723      49.26762
-87.06937      49.27213
-87.0646       49.27486
-87.056        49.28707
-87.03828      49.30278
-87.03595      49.31183
-87.02012      49.32945
-87.01818      49.33806
-87.01243      49.34628
-87.0124       49.34994
-87.01741      49.35566
-87.0105       49.37161
-87.00008      49.3842
-86.98879      49.39148
-86.99128      49.39457
-86.98911      49.39859
-86.97767      49.4006
-86.96426      49.40802
-86.96502      49.4108
-86.96714      49.41067
-86.97301      49.40497
-86.97749      49.40563
-86.97872      49.40729
-86.96511      49.41676
-86.95526      49.43029
-86.93493      49.44999
-86.93059      49.45781
-86.93281      49.47004
-86.92988      49.47449
-86.91352      49.48247
-86.9032       49.48749
-86.88755      49.49251
-86.88268      49.49871
-86.88798      49.50169
-86.88238      49.50807
-86.87397      49.51434
-86.86654      49.51469
-86.85553      49.519
-86.85427      49.52421
-86.85039      49.52426
-86.83992      49.52997
-86.83469      49.53614
-86.83528      49.54052
-86.84466      49.54484
-86.84662      49.5463
-86.84572      49.54809
-86.83832      49.54821
-86.83419      49.55055
-86.83121      49.55865
-86.82708      49.56098
-86.82349      49.56624
-86.82039      49.57075
-86.81053      49.57397
-86.81066      49.57604
-86.81664      49.57608
-86.81792      49.57728
-86.79594      49.58842
-86.78853      49.59815
-86.7816       49.60356
-86.78058      49.60649
-86.78751      49.60429
-86.79304      49.60523
-86.79027      49.60808
-86.77219      49.6155
-86.76224      49.61618
-86.75559      49.61907
-86.75787      49.62079
-86.76209      49.62076
-86.76488      49.62432
-86.75228      49.62672
-86.74368      49.63113
-86.73984      49.63512
-86.73651      49.63858
-86.73089      49.64153
-86.72318      49.64117
-86.69743      49.64753
-86.69261      49.6528
-86.68434      49.65425
-86.67671      49.65938
-86.68328      49.66382
-86.65763      49.67223
-86.65064      49.67786
-86.64348      49.68508
-86.64502      49.69019
-86.65313      49.69035
-86.67846      49.67848
-86.68401      49.67744
-86.68531      49.6772
-86.68825      49.6794
-86.68569      49.68019
-86.67801      49.68258
-86.67384      49.68522
-86.64228      49.70518
-86.63987      49.70782
-86.64006      49.71241
-86.63598      49.71726
-86.60675      49.73832
-86.60277      49.74226
-86.60142      49.74792
-86.59266      49.75346
-86.59029      49.76183
-86.59133      49.76829
-86.58926      49.77094
-86.58712      49.77107
-86.58513      49.7685
-86.58434      49.7675
-86.58097      49.76917
-86.58334      49.77638
-86.57895      49.78076
-86.56768      49.78343
-86.56567      49.78242
-86.54973      49.78257
 1             105           2 
1
 -9999.0   ,   9990.0
   7
 12 
-86.91611      49.46517
-86.91099      49.467
-86.90557      49.4718
-86.90423      49.47449
-86.90664      49.47826
-86.91296      49.47831
-86.91855      49.47536
-86.91991      49.47244
-86.91599      49.47296
-86.91552      49.47064
-86.91941      49.46715
-86.91611      49.46517
 1 
 1             106           
1
 -9999.0   ,   9990.0
   7
 20 
-89.28567      49.74178
-89.29384      49.747
-89.30511      49.74726
-89.30748      49.74915
-89.30378      49.75226
-89.29338      49.75522
-89.28622      49.75071
-89.28238      49.75633
-89.28378      49.76277
-89.28174      49.76775
-89.27503      49.774
-89.26974      49.77386
-89.26715      49.7761
-89.26221      49.77598
-89.25629      49.7747
-89.25501      49.77215
-89.26193      49.76843
-89.27659      49.75254
-89.28018      49.74531
-89.28567      49.74178
 1 
 1             107           
1
 -9999.0   ,   9990.0
   7
 7 
-89.28813      49.77339
-89.29081      49.76339
-89.29414      49.7605
-89.30117      49.76112
-89.30561      49.76374
-89.29638      49.77106
-89.28813      49.77339
 1 
 1             108           
1
 -9999.0   ,   9990.0
   7
 10 
-85.75037      49.74826
-85.75459      49.74574
-85.76196      49.74615
-85.77462      49.75212
-85.77656      49.75635
-85.77388      49.76056
-85.76946      49.76192
-85.75941      49.76023
-85.75412      49.75741
-85.75037      49.74826
 1 
 1             109           
1
 -9999.0   ,   9990.0
   7
 49 
-87.14331      49.76134
-87.14146      49.75165
-87.12791      49.74603
-87.1304       49.73538
-87.1284       49.72727
-87.13079      49.72463
-87.13515      49.72344
-87.14523      49.72502
-87.15425      49.71968
-87.16168      49.71953
-87.1625       49.71499
-87.16648      49.71401
-87.17229      49.71586
-87.17513      49.71919
-87.17026      49.72341
-87.16353      49.72923
-87.16398      49.73177
-87.16988      49.72927
-87.18102      49.72036
-87.18922      49.71956
-87.19423      49.71542
-87.19223      49.71076
-87.19426      49.70809
-87.20419      49.7076
-87.21243      49.70291
-87.21636      49.70605
-87.22999      49.70021
-87.23568      49.69999
-87.23514      49.7018
-87.2284       49.70564
-87.20279      49.71807
-87.20184      49.72055
-87.20876      49.72198
-87.20806      49.72539
-87.20097      49.72921
-87.20267      49.7334
-87.19969      49.73488
-87.18754      49.7362
-87.17403      49.7441
-87.16796      49.74132
-87.16409      49.74116
-87.15546      49.74606
-87.15449      49.74167
-87.15725      49.73538
-87.15331      49.73246
-87.14765      49.74642
-87.14784      49.75146
-87.1512       49.75321
-87.14331      49.76134
 1 
 1             110           
1
 -9999.0   ,   9990.0
   7
 9 
-89.88785      49.75659
-89.88194      49.75465
-89.88029      49.75165
-89.88644      49.74834
-89.89208      49.74021
-89.89459      49.73934
-89.89924      49.74582
-89.89546      49.75193
-89.88785      49.75659
 1 
 1             111           
1
 -9999.0   ,   9990.0
   7
 11 
-89.12286      49.73281
-89.13582      49.74616
-89.14341      49.74315
-89.14682      49.74506
-89.14777      49.75309
-89.14585      49.75555
-89.14126      49.75567
-89.12438      49.74267
-89.12012      49.73731
-89.12029      49.73457
-89.12286      49.73281
 1 
 1             112           
1
 -9999.0   ,   9990.0
   7
 12 
-84.04366      49.74967
-84.03315      49.75306
-84.02902      49.75231
-84.01976      49.75464
-84.02083      49.74622
-84.02552      49.74149
-84.03086      49.74141
-84.0364       49.7464
-84.04367      49.74324
-84.04912      49.74453
-84.04618      49.74938
-84.04366      49.74967
 1 
 1             113           
1
 -9999.0   ,   9990.0
   7
 16 
-87.65103      49.73929
-87.65825      49.73335
-87.66922      49.73308
-87.69333      49.72804
-87.70779      49.72813
-87.72672      49.72175
-87.74374      49.72101
-87.74644      49.72225
-87.74599      49.72338
-87.72676      49.72541
-87.69497      49.73337
-87.69318      49.73341
-87.67976      49.73371
-87.65556      49.73966
-87.65434      49.74137
-87.65103      49.73929
 1 
 1             114           
1
 -9999.0   ,   9990.0
   7
 9 
-89.71133      49.7288
-89.71473      49.73915
-89.71358      49.74118
-89.70655      49.74059
-89.70174      49.73798
-89.70364      49.73504
-89.70248      49.72976
-89.70441      49.72615
-89.71133      49.7288
 1 
 1             115           
1
 -9999.0   ,   9990.0
   7
 13 
-89.72479      49.72769
-89.73032      49.72231
-89.73898      49.71836
-89.74071      49.71131
-89.74361      49.70954
-89.74743      49.71076
-89.75173      49.7321
-89.75644      49.73699
-89.75352      49.73922
-89.74755      49.73865
-89.74308      49.73627
-89.73708      49.72861
-89.72479      49.72769
 1 
 1             116           
1
 -9999.0   ,   9990.0
   7
 9 
-89.27982      49.73912
-89.27386      49.73853
-89.26907      49.7359
-89.26356      49.72731
-89.26649      49.72532
-89.27501      49.73056
-89.28288      49.72868
-89.28519      49.73148
-89.27982      49.73912
 1 
 1             117           
1
 -9999.0   ,   9990.0
   7
 50 
-86.15417      49.67811
-86.15809      49.67487
-86.16499      49.6734
-86.17155      49.67465
-86.17838      49.68233
-86.18577      49.68546
-86.18852      49.69179
-86.18081      49.69712
-86.15506      49.70543
-86.12724      49.71889
-86.09995      49.72801
-86.09095      49.72938
-86.08866      49.72788
-86.09497      49.72546
-86.09666      49.72326
-86.09542      49.72182
-86.08842      49.72122
-86.08668      49.7218
-86.04896      49.73429
-86.01619      49.73899
-85.99198      49.73748
-85.98942      49.73528
-85.99159      49.73493
-85.99783      49.72747
-86.00434      49.73194
-86.01058      49.73296
-86.0193       49.73113
-86.02884      49.73117
-86.03372      49.72879
-86.03562      49.72786
-86.05389      49.72309
-86.07294      49.72065
-86.07211      49.71877
-86.06834      49.71788
-86.06789      49.7158
-86.09094      49.71242
-86.09984      49.70898
-86.10076      49.70445
-86.09584      49.69846
-86.09554      49.69524
-86.10022      49.69158
-86.10612      49.6896
-86.13613      49.68978
-86.13917      49.6881
-86.13432      49.68442
-86.13363      49.6814
-86.13828      49.68095
-86.14329      49.68328
-86.1494       49.68244
-86.15417      49.67811
 1 
 1             118           
1
 -9999.0   ,   9990.0
   7
 20 
-87.34499      49.72992
-87.35181      49.72516
-87.36276      49.72149
-87.36982      49.72154
-87.3762       49.72502
-87.38406      49.71297
-87.38734      49.71196
-87.39018      49.71551
-87.41604      49.71449
-87.44411      49.7163
-87.44346      49.71948
-87.39029      49.72535
-87.38993      49.72168
-87.38681      49.72109
-87.37776      49.7308
-87.36434      49.73071
-87.35016      49.73494
-87.34413      49.73515
-87.34121      49.73252
-87.34499      49.72992
 1 
 1             119           
1
 -9999.0   ,   9990.0
   7
 34 
-87.60117      49.72819
-87.59995      49.72608
-87.60886      49.72139
-87.60621      49.71946
-87.59751      49.72187
-87.58532      49.72002
-87.58541      49.72301
-87.59153      49.72553
-87.58927      49.72704
-87.58358      49.72751
-87.56486      49.72381
-87.56471      49.72324
-87.56434      49.72173
-87.5719       49.72019
-87.57512      49.71208
-87.57907      49.71131
-87.59088      49.71337
-87.60201      49.71128
-87.61706      49.705
-87.62166      49.70495
-87.62214      49.70726
-87.61178      49.71258
-87.61327      49.71561
-87.61916      49.71675
-87.63152      49.70899
-87.63804      49.70717
-87.64079      49.70797
-87.6459       49.71388
-87.6447       49.71544
-87.63412      49.71527
-87.62945      49.72012
-87.61901      49.72613
-87.60911      49.7262
-87.60117      49.72819
 1 
 1             120           
1
 -9999.0   ,   9990.0
   7
 9 
-85.89238      49.70877
-85.87988      49.71796
-85.86815      49.71847
-85.84886      49.72545
-85.85032      49.71957
-85.87617      49.7111
-85.88336      49.70462
-85.88807      49.70372
-85.89238      49.70877
 1 
 1             121           
1
 -9999.0   ,   9990.0
   7
 11 
-89.20618      49.71931
-89.20298      49.71374
-89.2042       49.70463
-89.21293      49.70621
-89.21845      49.702
-89.2217       49.69453
-89.22629      49.69441
-89.22886      49.69882
-89.22779      49.71754
-89.22344      49.71949
-89.20618      49.71931
 1 
 1             122           
1
 -9999.0   ,   9990.0
   7
 9 
-85.92897      49.70729
-85.92534      49.71077
-85.91912      49.7125
-85.90586      49.7111
-85.90291      49.70934
-85.90929      49.70647
-85.92087      49.70434
-85.9264       49.70532
-85.92897      49.70729
 1 
 1             123           
1
 -9999.0   ,   9990.0
   7
 11 
-89.27103      49.68222
-89.27714      49.68648
-89.28138      49.69252
-89.27934      49.6975
-89.27982      49.7078
-89.27497      49.71249
-89.27109      49.7124
-89.26908      49.71075
-89.266        49.69033
-89.26772      49.68465
-89.27103      49.68222
 1 
 1             124           
1
 -9999.0   ,   9990.0
   7
 7 
-89.61916      49.71026
-89.61978      49.70478
-89.61698      49.69718
-89.61953      49.69541
-89.62489      49.701
-89.62572      49.70559
-89.61916      49.71026
 1 
 1             125           
1
 -9999.0   ,   9990.0
   7
 19 
-87.81066      49.70655
-87.83413      49.70031
-87.85959      49.68728
-87.86208      49.68714
-87.86293      49.68946
-87.86021      49.69234
-87.86115      49.69374
-87.86429      49.69409
-87.87231      49.69118
-87.87397      49.69238
-87.86971      49.6968
-87.87067      49.69798
-87.87735      49.69822
-87.87828      49.69963
-87.87312      49.70219
-87.84138      49.70218
-87.82429      49.70796
-87.81539      49.70878
-87.81066      49.70655
 1 
 1             126           
1
 -9999.0   ,   9990.0
   7
 16 
-84.05752      49.68813
-84.06121      49.68724
-84.06744      49.68814
-84.07221      49.68297
-84.07609      49.683
-84.08047      49.6886
-84.08958      49.69131
-84.09775      49.69119
-84.10142      49.68823
-84.10854      49.68804
-84.10481      49.69559
-84.09852      49.69929
-84.0893       49.69933
-84.08079      49.69299
-84.06313      49.6906
-84.05752      49.68813
 1 
 1             127           
1
 -9999.0   ,   9990.0
   7
 10 
-89.87445      49.68343
-89.87842      49.68145
-89.88962      49.68302
-89.89568      49.6813
-89.89997      49.68801
-89.89761      49.69368
-89.89395      49.69681
-89.88902      49.69673
-89.88407      49.68909
-89.87445      49.68343
 1 
 1             128           
1
 -9999.0   ,   9990.0
   7
 7 
-84.2096       49.68082
-84.22513      49.68764
-84.22804      49.69151
-84.22436      49.69448
-84.21647      49.69508
-84.21062      49.69192
-84.2096       49.68082
 1 
 1             129           
1
 -9999.0   ,   9990.0
   7
 9 
-85.66127      49.68392
-85.64431      49.68388
-85.64114      49.68119
-85.64316      49.67924
-85.65164      49.67925
-85.66412      49.67582
-85.66929      49.6768
-85.67039      49.67916
-85.66127      49.68392
 1 
 1             130           
1
 -9999.0   ,   9990.0
   7
 47 
-89.6801       49.68132
-89.67437      49.68326
-89.66988      49.68134
-89.66296      49.6716
-89.65822      49.6747
-89.64689      49.67607
-89.64627      49.65983
-89.64159      49.66202
-89.63557      49.66259
-89.63585      49.65688
-89.63876      49.65488
-89.65303      49.65106
-89.65565      49.64791
-89.65102      49.64164
-89.65151      49.63891
-89.65788      49.63813
-89.65938      49.6361
-89.65805      49.63447
-89.64405      49.63282
-89.63874      49.62631
-89.64194      49.62569
-89.64632      49.62943
-89.65228      49.63001
-89.65811      49.62578
-89.66199      49.62564
-89.66726      49.63328
-89.67215      49.63407
-89.6729       49.62563
-89.6706       49.62215
-89.67281      49.62014
-89.69071      49.62849
-89.7037       49.62921
-89.70922      49.63892
-89.70198      49.64336
-89.70399      49.65276
-89.70234      49.65776
-89.70401      49.65985
-89.70934      49.65881
-89.72052      49.65309
-89.72711      49.65528
-89.72392      49.65567
-89.69464      49.67178
-89.68978      49.67785
-89.68494      49.67592
-89.68068      49.67653
-89.67843      49.67945
-89.6801       49.68132
 1 
 1             131           
1
 -9999.0   ,   9990.0
   7
 10 
-86.85554      49.68275
-86.84944      49.68041
-86.8453       49.67633
-86.84592      49.66719
-86.85131      49.66308
-86.85655      49.66355
-86.86118      49.66971
-86.86718      49.66976
-86.86814      49.67392
-86.85554      49.68275
 1 
 1             132           
1
 -9999.0   ,   9990.0
   7
 11 
-86.48199      49.68009
-86.48653      49.6652
-86.49092      49.66083
-86.49422      49.65984
-86.49776      49.66276
-86.50507      49.66059
-86.50599      49.66476
-86.49689      49.67028
-86.49366      49.67997
-86.48874      49.68272
-86.48199      49.68009
 1 
 1             133           
1
 -9999.0   ,   9990.0
   7
 21 
-89.95538      49.65197
-89.95975      49.64839
-89.96706      49.65034
-89.96834      49.65334
-89.96468      49.65693
-89.9677       49.66041
-89.96819      49.66568
-89.97059      49.66686
-89.97456      49.66487
-89.98094      49.65516
-89.98818      49.65048
-89.99776      49.66573
-89.99321      49.67365
-89.98921      49.67678
-89.98222      49.67529
-89.97536      49.67929
-89.97039      49.68034
-89.96172      49.66854
-89.95647      49.66799
-89.95879      49.663
-89.95538      49.65197
 1 
 1             134           
1
 -9999.0   ,   9990.0
   7
 11 
-84.28985      49.67071
-84.27934      49.67872
-84.27223      49.67893
-84.27166      49.67153
-84.26669      49.66729
-84.26836      49.64833
-84.27319      49.64476
-84.2949       49.64831
-84.29728      49.6533
-84.28972      49.66496
-84.28985      49.67071
 1 
 1             135           
1
 -9999.0   ,   9990.0
   7
 8 
-89.55475      49.66617
-89.55639      49.66849
-89.55371      49.67277
-89.54933      49.67588
-89.54473      49.67624
-89.54312      49.67324
-89.54597      49.66575
-89.55475      49.66617
 1 
 1             136           
1
 -9999.0   ,   9990.0
   7
 8 
-88.39919      49.65316
-88.40477      49.65403
-88.40722      49.65891
-88.40743      49.66555
-88.40113      49.6697
-88.39992      49.66234
-88.39609      49.65696
-88.39919      49.65316
 1 
 1             137           
1
 -9999.0   ,   9990.0
   7
 7 
-89.37546      49.66658
-89.38469      49.65879
-89.39556      49.65972
-89.39724      49.66113
-89.39535      49.6636
-89.3871       49.66639
-89.37546      49.66658
 1 
 1             138           
1
 -9999.0   ,   9990.0
   7
 6 
-89.25892      49.65953
-89.27388      49.65051
-89.27798      49.65266
-89.26974      49.66138
-89.26103      49.66598
-89.25892      49.65953
 1 
 1             139           
1
 -9999.0   ,   9990.0
   7
 11 
-85.76251      49.61525
-85.76501      49.62044
-85.75799      49.63082
-85.761        49.64291
-85.75454      49.64646
-85.75421      49.65171
-85.74104      49.66588
-85.73947      49.66167
-85.74608      49.65172
-85.7515       49.63459
-85.76251      49.61525
 1 
 1             140           
1
 -9999.0   ,   9990.0
   7
 15 
-89.7543       49.65352
-89.74073      49.66537
-89.73914      49.65391
-89.74919      49.64222
-89.74791      49.63945
-89.74204      49.63705
-89.73941      49.63289
-89.74161      49.63087
-89.75072      49.63174
-89.75915      49.62459
-89.76276      49.63014
-89.75686      49.63619
-89.75686      49.64374
-89.76062      49.6461
-89.7543       49.65352
 2 
 1             141           
1
 -9999.0   ,   9990.0
   7
 80 
-86.34911      49.66026
-86.34471      49.66231
-86.342        49.66358
-86.33719      49.66241
-86.33482      49.65863
-86.33933      49.65335
-86.34631      49.64938
-86.35447      49.64472
-86.36818      49.63922
-86.37028      49.63634
-86.36936      49.63217
-86.40741      49.62054
-86.42394      49.60279
-86.42348      49.60071
-86.41819      49.60068
-86.392        49.60763
-86.38743      49.60961
-86.37825      49.61359
-86.37368      49.61955
-86.36591      49.61962
-86.35589      49.61477
-86.35052      49.61543
-86.32814      49.62576
-86.29979      49.62984
-86.2958       49.6278
-86.30149      49.62442
-86.31771      49.62157
-86.34152      49.61108
-86.35128      49.60935
-86.36673      49.6066
-86.39741      49.60354
-86.41282      49.59835
-86.44645      49.57595
-86.45478      49.57705
-86.46051      49.57618
-86.49282      49.5679
-86.50192      49.56022
-86.50257      49.55967
-86.50746      49.56014
-86.50825      49.56544
-86.51195      49.567
-86.51971      49.56692
-86.52738      49.56454
-86.52932      49.55982
-86.53276      49.55747
-86.53589      49.55785
-86.5383       49.5614
-86.54445      49.56307
-86.54626      49.56568
-86.54107      49.56795
-86.53008      49.56856
-86.5162       49.57293
-86.50086      49.58067
-86.50709      49.58166
-86.52644      49.57641
-86.50878      49.5854
-86.49609      49.58845
-86.49265      49.5908
-86.49581      49.59394
-86.51236      49.59309
-86.48668      49.60288
-86.48312      49.60615
-86.48471      49.61379
-86.48171      49.61845
-86.47734      49.61961
-86.47677      49.61844
-86.47915      49.61008
-86.47572      49.60922
-86.47031      49.61033
-86.42503      49.62667
-86.40992      49.62914
-86.40612      49.63147
-86.40212      49.64158
-86.39956      49.64238
-86.39848      49.63957
-86.40114      49.63489
-86.39696      49.63446
-86.36286      49.65132
-86.35838      49.65424
-86.34911      49.66026
 1             141           2 
1
 -9999.0   ,   9990.0
   7
 19 
-86.49084      49.57285
-86.48362      49.57433
-86.46654      49.58197
-86.44655      49.5842
-86.43796      49.58836
-86.43411      49.59413
-86.43542      49.59809
-86.44288      49.59754
-86.44351      49.60123
-86.42668      49.61255
-86.42598      49.61549
-86.43652      49.6128
-86.4581       49.60309
-86.47031      49.60118
-86.47338      49.59903
-86.47566      49.58837
-86.47882      49.58599
-86.49303      49.57524
-86.49084      49.57285
 1 
 1             142           
1
 -9999.0   ,   9990.0
   7
 17 
-86.42727      49.65886
-86.42882      49.65459
-86.42712      49.64809
-86.42914      49.64589
-86.43256      49.64675
-86.43504      49.65283
-86.44195      49.65409
-86.48184      49.63862
-86.4938       49.63897
-86.49631      49.64161
-86.47848      49.64945
-86.47183      49.6489
-86.46656      49.65483
-86.45129      49.65866
-86.44234      49.66281
-86.43392      49.66239
-86.42727      49.65886
 1 
 1             143           
1
 -9999.0   ,   9990.0
   7
 18 
-87.05489      49.65266
-87.05775      49.64889
-87.05185      49.64452
-87.06044      49.63985
-87.06143      49.63372
-87.0656       49.63092
-87.07458      49.62925
-87.07615      49.63114
-87.07072      49.63595
-87.07039      49.63914
-87.08176      49.63826
-87.08429      49.64112
-87.08116      49.64419
-87.07436      49.64504
-87.06802      49.64842
-87.06142      49.65433
-87.05681      49.65458
-87.05489      49.65266
 1 
 1             144           
1
 -9999.0   ,   9990.0
   7
 7 
-89.48748      49.64575
-89.48431      49.64591
-89.47417      49.65141
-89.46079      49.65134
-89.47292      49.62783
-89.47981      49.63096
-89.48748      49.64575
 1 
 1             145           
1
 -9999.0   ,   9990.0
   7
 12 
-89.55499      49.64743
-89.55027      49.65031
-89.54494      49.65133
-89.53934      49.65053
-89.5166       49.64775
-89.50601      49.64844
-89.50011      49.64648
-89.50736      49.64253
-89.51224      49.64355
-89.52778      49.6425
-89.54745      49.64338
-89.55499      49.64743
 1 
 1             146           
1
 -9999.0   ,   9990.0
   7
 21 
-89.24284      49.63903
-89.22592      49.64548
-89.2217       49.64538
-89.21831      49.64324
-89.2228       49.63855
-89.21654      49.63108
-89.21512      49.61275
-89.20545      49.6036
-89.19925      49.60139
-89.18781      49.59243
-89.19817      49.58971
-89.20571      49.58692
-89.21695      49.59336
-89.22229      49.5983
-89.22465      49.60635
-89.23089      49.61405
-89.23091      49.61976
-89.23502      49.62192
-89.2343       49.62831
-89.2427       49.63536
-89.24284      49.63903
 1 
 1             147           
1
 -9999.0   ,   9990.0
   7
 11 
-86.57746      49.64163
-86.58352      49.63779
-86.58203      49.63543
-86.57509      49.63441
-86.57554      49.63054
-86.59334      49.62589
-86.60952      49.6262
-86.61241      49.62886
-86.59194      49.6414
-86.58296      49.64281
-86.57746      49.64163
 1 
 1             148           
1
 -9999.0   ,   9990.0
   7
 17 
-85.96448      49.61681
-85.97032      49.61529
-85.98125      49.61817
-85.98697      49.61755
-85.99992      49.61274
-86.00559      49.61258
-86.01686      49.61272
-86.01803      49.61461
-86.01453      49.61718
-86.0226       49.62036
-86.01743      49.62215
-86.00589      49.61856
-86.00052      49.61919
-85.98926      49.62455
-85.97273      49.62688
-85.97352      49.62348
-85.96448      49.61681
 1 
 1             149           
1
 -9999.0   ,   9990.0
   7
 9 
-89.72792      49.62283
-89.73572      49.61385
-89.73888      49.60636
-89.7375       49.60588
-89.74493      49.60488
-89.74506      49.60968
-89.74046      49.61782
-89.73248      49.62316
-89.72792      49.62283
 1 
 1             150           
1
 -9999.0   ,   9990.0
   7
 16 
-86.89161      49.59884
-86.88462      49.59909
-86.8777       49.60451
-86.87452      49.60459
-86.87238      49.60152
-86.86819      49.6011
-86.8462       49.60904
-86.83809      49.60913
-86.83732      49.60634
-86.84212      49.60106
-86.85839      49.59401
-86.86262      49.59398
-86.86761      49.59672
-86.88496      49.5927
-86.88866      49.59424
-86.89161      49.59884
 1 
 1             151           
1
 -9999.0   ,   9990.0
   7
 8 
-88.94296      49.59349
-88.95562      49.60457
-88.95583      49.60687
-88.9526       49.60792
-88.94548      49.60362
-88.93856      49.60184
-88.93742      49.59769
-88.94296      49.59349
 1 
 1             152           
1
 -9999.0   ,   9990.0
   7
 15 
-84.56438      49.58098
-84.56614      49.58776
-84.57166      49.58858
-84.57393      49.59217
-84.56334      49.60342
-84.55735      49.60555
-84.55008      49.60461
-84.54813      49.60126
-84.55209      49.59854
-84.56021      49.59632
-84.56277      49.5935
-84.56292      49.5903
-84.55731      49.58557
-84.55801      49.58332
-84.56438      49.58098
 1 
 1             153           
1
 -9999.0   ,   9990.0
   7
 13 
-84.62058      49.58743
-84.62303      49.58989
-84.61812      49.59416
-84.62074      49.60007
-84.61979      49.60391
-84.60853      49.60363
-84.60539      49.60113
-84.59772      49.6004
-84.59689      49.59896
-84.60257      49.59199
-84.60771      49.59302
-84.6153       49.58731
-84.62058      49.58743
 1 
 1             154           
1
 -9999.0   ,   9990.0
   7
 13 
-86.12869      49.60116
-86.12487      49.59775
-86.11817      49.59488
-86.10909      49.59418
-86.10926      49.59281
-86.11645      49.58883
-86.12981      49.58907
-86.14314      49.58678
-86.14598      49.58945
-86.13589      49.59695
-86.13701      49.60227
-86.13094      49.60288
-86.12869      49.60116
 1 
 1             155           
1
 -9999.0   ,   9990.0
   7
 9 
-86.89594      49.59868
-86.8975       49.59395
-86.90346      49.58757
-86.90791      49.58548
-86.91673      49.58863
-86.91778      49.59211
-86.91404      49.59744
-86.90079      49.59936
-86.89594      49.59868
 1 
 1             156           
1
 -9999.0   ,   9990.0
   7
 8 
-85.25781      49.56744
-85.26212      49.57435
-85.26074      49.57909
-85.25651      49.58412
-85.25262      49.58411
-85.24831      49.5772
-85.25357      49.56994
-85.25781      49.56744
 1 
 1             157           
1
 -9999.0   ,   9990.0
   7
 16 
-89.7469       49.57749
-89.74664      49.57566
-89.75506      49.56828
-89.75485      49.56507
-89.75176      49.56341
-89.73419      49.56353
-89.73147      49.56165
-89.73328      49.56031
-89.7506       49.55813
-89.75857      49.56058
-89.76676      49.55821
-89.77108      49.57133
-89.76846      49.57471
-89.75867      49.57383
-89.75289      49.57715
-89.7469       49.57749
 1 
 1             158           
1
 -9999.0   ,   9990.0
   7
 12 
-85.09784      49.51256
-85.09989      49.51544
-85.09588      49.52368
-85.09661      49.53084
-85.10378      49.54459
-85.11713      49.55711
-85.11629      49.56049
-85.09918      49.54959
-85.09056      49.53368
-85.08744      49.5211
-85.09249      49.51544
-85.09784      49.51256
 1 
 1             159           
1
 -9999.0   ,   9990.0
   7
 7 
-84.60131      49.55241
-84.61088      49.55672
-84.60965      49.55778
-84.59309      49.55761
-84.58925      49.55507
-84.59282      49.55255
-84.60131      49.55241
 1 
 1             160           
1
 -9999.0   ,   9990.0
   7
 10 
-84.90345      49.54936
-84.91989      49.54558
-84.92358      49.53732
-84.92802      49.53828
-84.93104      49.54169
-84.93016      49.5453
-84.92389      49.5495
-84.91538      49.55218
-84.90794      49.5524
-84.90345      49.54936
 1 
 1             161           
1
 -9999.0   ,   9990.0
   7
 8 
-84.58942      49.54038
-84.57594      49.55212
-84.57051      49.54625
-84.55852      49.54615
-84.55748      49.54379
-84.57286      49.54021
-84.58359      49.53931
-84.58942      49.54038
 1 
 1             162           
1
 -9999.0   ,   9990.0
   7
 39 
-89.86885      49.51306
-89.87403      49.52321
-89.87251      49.52593
-89.86468      49.5283
-89.85623      49.52882
-89.84726      49.53323
-89.83739      49.53419
-89.83768      49.52757
-89.83416      49.52773
-89.82411      49.53257
-89.81474      49.53011
-89.81149      49.53233
-89.81991      49.54026
-89.81329      49.54699
-89.80831      49.54849
-89.78         49.54522
-89.75946      49.54117
-89.78875      49.5303
-89.79999      49.53028
-89.80357      49.52875
-89.81441      49.51388
-89.82321      49.50558
-89.84723      49.49392
-89.86241      49.49169
-89.8723       49.48227
-89.8819       49.47925
-89.89882      49.47704
-89.91004      49.46902
-89.92363      49.46286
-89.92814      49.45563
-89.92989      49.46411
-89.92551      49.46815
-89.91447      49.47207
-89.90785      49.47926
-89.87701      49.48693
-89.8722       49.49255
-89.86647      49.49519
-89.86099      49.50012
-89.86885      49.51306
 1 
 1             163           
1
 -9999.0   ,   9990.0
   7
 12 
-84.63001      49.54029
-84.63154      49.54177
-84.6285       49.54318
-84.61788      49.54339
-84.61037      49.54635
-84.60432      49.54664
-84.60202      49.54328
-84.60486      49.54093
-84.61142      49.53953
-84.61663      49.5401
-84.62041      49.53851
-84.63001      49.54029
 1 
 1             164           
1
 -9999.0   ,   9990.0
   7
 18 
-86.59147      49.53028
-86.59449      49.53157
-86.59548      49.53528
-86.59207      49.53741
-86.5572       49.54078
-86.53368      49.54629
-86.52746      49.5453
-86.52461      49.53325
-86.52778      49.5302
-86.54836      49.51951
-86.55248      49.52039
-86.55483      49.5244
-86.55168      49.52745
-86.53391      49.53507
-86.53218      49.53797
-86.53909      49.53899
-86.5505       49.53709
-86.59147      49.53028
 1 
 1             165           
1
 -9999.0   ,   9990.0
   7
 8 
-90            49.53694
-89.98694      49.54328
-89.97536      49.54307
-89.98858      49.53782
-89.99226      49.53377
-89.99104      49.52895
-90            49.52874
-90            49.53694
 1 
 1             166           
1
 -9999.0   ,   9990.0
   7
 26 
-87.222        49.51535
-87.22009      49.51687
-87.21091      49.51717
-87.20471      49.51943
-87.20052      49.51925
-87.19619      49.51678
-87.19222      49.51776
-87.18917      49.52014
-87.19165      49.52346
-87.18392      49.53388
-87.17886      49.53527
-87.1691       49.5344
-87.15655      49.54027
-87.15068      49.53911
-87.14303      49.54175
-87.15186      49.53435
-87.16204      49.53112
-87.16523      49.52736
-87.16479      49.52483
-87.17879      49.5149
-87.18347      49.51738
-87.20009      49.50939
-87.20688      49.5083
-87.21191      49.5108
-87.22269      49.51195
-87.222        49.51535
 1 
 1             167           
1
 -9999.0   ,   9990.0
   7
 10 
-84.31599      49.52456
-84.30556      49.53672
-84.29838      49.5353
-84.29191      49.53164
-84.28833      49.52542
-84.2939       49.51501
-84.29892      49.51443
-84.29944      49.51998
-84.31045      49.51959
-84.31599      49.52456
 1 
 1             168           
1
 -9999.0   ,   9990.0
   7
 7 
-89.92614      49.52781
-89.92972      49.52605
-89.93991      49.526
-89.94121      49.52831
-89.93528      49.53597
-89.93284      49.53547
-89.92614      49.52781
 1 
 1             169           
1
 -9999.0   ,   9990.0
   7
 8 
-84.84789      49.50591
-84.8543       49.52192
-84.86141      49.52857
-84.85602      49.53397
-84.85036      49.53407
-84.83563      49.51477
-84.83659      49.5107
-84.84789      49.50591
 1 
 1             170           
1
 -9999.0   ,   9990.0
   7
 12 
-84.59948      49.51877
-84.59359      49.5294
-84.59069      49.5299
-84.58812      49.52606
-84.59196      49.52172
-84.59085      49.51981
-84.58499      49.51896
-84.57788      49.51482
-84.57809      49.51346
-84.58691      49.51565
-84.59194      49.51506
-84.59948      49.51877
 1 
 1             171           
1
 -9999.0   ,   9990.0
   7
 14 
-86.3091       49.52513
-86.30579      49.52634
-86.30038      49.52446
-86.29043      49.5164
-86.28626      49.51596
-86.28063      49.51889
-86.27538      49.51564
-86.27722      49.51206
-86.27395      49.5041
-86.27544      49.50052
-86.29318      49.51401
-86.30738      49.51886
-86.31216      49.52299
-86.3091       49.52513
 1 
 1             172           
1
 -9999.0   ,   9990.0
   7
 8 
-89.91053      49.52342
-89.90599      49.52288
-89.90292      49.52077
-89.90244      49.51573
-89.90501      49.51304
-89.90996      49.51221
-89.91164      49.51384
-89.91053      49.52342
 1 
 1             173           
1
 -9999.0   ,   9990.0
   7
 10 
-90            49.50201
-90            49.51577
-89.99791      49.51559
-89.98689      49.51905
-89.97118      49.51695
-89.96671      49.51459
-89.98252      49.50572
-89.98764      49.50924
-89.99185      49.50931
-90            49.50201
 1 
 1             174           
1
 -9999.0   ,   9990.0
   7
 9 
-87.99601      49.50637
-88.01311      49.50765
-88.01291      49.51016
-88.00669      49.51315
-87.99251      49.51471
-87.98204      49.518
-87.97964      49.51723
-87.98399      49.51143
-87.99601      49.50637
 1 
 1             175           
1
 -9999.0   ,   9990.0
   7
 19 
-89.33219      49.49277
-89.34037      49.5037
-89.33597      49.50725
-89.33072      49.50667
-89.32854      49.50822
-89.33531      49.51295
-89.3358       49.51662
-89.33197      49.51608
-89.32654      49.51252
-89.32188      49.50167
-89.31111      49.49342
-89.30481      49.49304
-89.30428      49.48983
-89.29928      49.48514
-89.30436      49.48206
-89.31028      49.48288
-89.31326      49.48615
-89.32181      49.49024
-89.33219      49.49277
 1 
 1             176           
1
 -9999.0   ,   9990.0
   7
 15 
-87.58708      49.47887
-87.59231      49.48319
-87.6053       49.48324
-87.60586      49.48486
-87.60136      49.48788
-87.58892      49.48946
-87.59474      49.49496
-87.58975      49.49957
-87.56341      49.5109
-87.55855      49.51025
-87.55891      49.50638
-87.56555      49.49908
-87.56852      49.48982
-87.57238      49.48608
-87.58708      49.47887
 1 
 1             177           
1
 -9999.0   ,   9990.0
   7
 12 
-86.61556      49.50073
-86.61622      49.4916
-86.61201      49.48842
-86.62039      49.48585
-86.63348      49.47891
-86.63512      49.48311
-86.64103      49.48362
-86.64295      49.48532
-86.64087      49.48819
-86.62767      49.49306
-86.62273      49.49948
-86.61556      49.50073
 1 
 1             178           
1
 -9999.0   ,   9990.0
   7
 40 
-84.64046      49.48863
-84.62877      49.49273
-84.62779      49.49308
-84.61886      49.49386
-84.60786      49.492
-84.59336      49.48553
-84.58688      49.48419
-84.57927      49.48553
-84.57694      49.48238
-84.55632      49.47665
-84.53059      49.47449
-84.52443      49.47109
-84.52848      49.46998
-84.56384      49.47371
-84.57236      49.47106
-84.57249      49.47473
-84.58006      49.47593
-84.58204      49.47445
-84.58181      49.47145
-84.58742      49.4693
-84.59062      49.47594
-84.60084      49.48051
-84.64857      49.47492
-84.65538      49.47192
-84.66329      49.46165
-84.66968      49.45678
-84.67431      49.4564
-84.67612      49.46065
-84.66818      49.46885
-84.66936      49.47031
-84.68575      49.46679
-84.70218      49.46533
-84.71606      49.46668
-84.72232      49.47068
-84.72408      49.4718
-84.72702      49.47566
-84.71956      49.47839
-84.6929       49.47758
-84.67606      49.47947
-84.64046      49.48863
 1 
 1             179           
1
 -9999.0   ,   9990.0
   7
 6 
-88.8849       49.48995
-88.89019      49.48415
-88.90494      49.48935
-88.90016      49.49288
-88.89559      49.49299
-88.8849       49.48995
 1 
 1             180           
1
 -9999.0   ,   9990.0
   7
 15 
-85.54704      49.46028
-85.55385      49.46457
-85.55873      49.46485
-85.56609      49.46252
-85.57203      49.47065
-85.56716      49.47542
-85.5572       49.47623
-85.55119      49.47909
-85.54386      49.48647
-85.53944      49.48782
-85.53558      49.48256
-85.53715      49.47875
-85.54756      49.46948
-85.54334      49.4642
-85.54704      49.46028
 1 
 1             181           
1
 -9999.0   ,   9990.0
   7
 53 
-84.98414      49.43255
-84.97578      49.42721
-84.97781      49.41105
-84.97036      49.40668
-84.97096      49.40259
-84.97767      49.40002
-84.98549      49.38261
-84.99726      49.37669
-85            49.37633
-85.01841      49.37388
-85.02813      49.37471
-85.04169      49.38289
-85.04929      49.39346
-85.05474      49.39472
-85.05746      49.40016
-85.06852      49.40635
-85.07324      49.40779
-85.08691      49.40565
-85.09203      49.40665
-85.09496      49.41073
-85.08617      49.41318
-85.0682       49.42308
-85.06892      49.42542
-85.07632      49.4229
-85.08262      49.42306
-85.08645      49.42581
-85.08814      49.43119
-85.07709      49.44429
-85.07667      49.45206
-85.07352      49.45186
-85.06994      49.44751
-85.05991      49.45355
-85.0551       49.46243
-85.04837      49.46752
-85.04436      49.4636
-85.02961      49.46338
-85.02709      49.46562
-85.00937      49.4814
-85.00187      49.4869
-85            49.48678
-84.99908      49.48673
-85            49.48554
-85.01598      49.46506
-85.01338      49.45159
-85.02589      49.43584
-85.02693      49.43109
-85.02476      49.4243
-85.02172      49.42342
-85.0141       49.42501
-85.00491      49.43018
-85            49.43162
-84.99461      49.43321
-84.98414      49.43255
 1 
 1             182           
1
 -9999.0   ,   9990.0
   7
 17 
-87.69266      49.4804
-87.69269      49.47606
-87.70481      49.47423
-87.70745      49.46815
-87.71084      49.46553
-87.71543      49.46525
-87.72116      49.47187
-87.73682      49.46948
-87.7394       49.4721
-87.73673      49.47452
-87.72646      49.4755
-87.72387      49.47701
-87.73444      49.48061
-87.73134      49.48369
-87.72748      49.48378
-87.71038      49.47855
-87.69266      49.4804
 1 
 1             183           
1
 -9999.0   ,   9990.0
   7
 11 
-84.96894      49.45937
-84.97444      49.45788
-84.97864      49.46044
-84.96741      49.46731
-84.96099      49.47747
-84.95796      49.47888
-84.95338      49.47653
-84.95184      49.47024
-84.95346      49.46644
-84.95863      49.4624
-84.96894      49.45937
 1 
 1             184           
1
 -9999.0   ,   9990.0
   7
 31 
-89.35195      49.47151
-89.34196      49.46808
-89.33638      49.46772
-89.33227      49.47219
-89.32726      49.47391
-89.32602      49.47731
-89.32069      49.47855
-89.31877      49.47531
-89.32812      49.46478
-89.32761      49.46134
-89.31415      49.44457
-89.31298      49.44043
-89.31412      49.43863
-89.31723      49.43962
-89.32001      49.44631
-89.32283      49.44614
-89.32602      49.4389
-89.32857      49.43736
-89.33551      49.43867
-89.33772      49.43026
-89.34052      49.43033
-89.34526      49.43341
-89.35883      49.42869
-89.36148      49.43149
-89.35598      49.43617
-89.35509      49.43958
-89.36127      49.442
-89.36739      49.45837
-89.36361      49.46995
-89.36001      49.47169
-89.35195      49.47151
 1 
 1             185           
1
 -9999.0   ,   9990.0
   7
 9 
-89.98978      49.45694
-89.98433      49.46165
-89.96336      49.46836
-89.95536      49.47531
-89.94622      49.47583
-89.95215      49.46839
-89.97766      49.4533
-89.98259      49.4527
-89.98978      49.45694
 1 
 1             186           
1
 -9999.0   ,   9990.0
   7
 8 
-84.76852      49.46686
-84.76796      49.4705
-84.76054      49.473
-84.74188      49.47525
-84.73525      49.47482
-84.76216      49.46461
-84.76708      49.4647
-84.76852      49.46686
 1 
 1             187           
1
 -9999.0   ,   9990.0
   7
 13 
-87.46113      49.45513
-87.46203      49.4158
-87.46741      49.39954
-87.46821      49.37623
-87.47223      49.367
-87.47604      49.36738
-87.47716      49.37041
-87.47323      49.37872
-87.46695      49.44918
-87.46677      49.45856
-87.46135      49.47505
-87.45791      49.47056
-87.46113      49.45513
 1 
 1             188           
1
 -9999.0   ,   9990.0
   7
 11 
-86.49604      49.4542
-86.50079      49.4526
-86.51018      49.45352
-86.51715      49.45706
-86.51769      49.46465
-86.51508      49.47208
-86.5106       49.47438
-86.50814      49.47129
-86.50865      49.46375
-86.50446      49.45736
-86.49604      49.4542
 1 
 1             189           
1
 -9999.0   ,   9990.0
   7
 35 
-87.66876      49.46119
-87.66482      49.46195
-87.66422      49.46079
-87.67178      49.45101
-87.67134      49.44802
-87.6679       49.4472
-87.62626      49.4575
-87.62781      49.45962
-87.63683      49.46088
-87.6372       49.46234
-87.62858      49.46674
-87.61592      49.46694
-87.595        49.47299
-87.59043      49.47305
-87.58767      49.45715
-87.59096      49.44812
-87.59818      49.442
-87.60098      49.4421
-87.60589      49.45374
-87.60842      49.45292
-87.61286      49.4389
-87.61518      49.44037
-87.61649      49.44911
-87.61939      49.45197
-87.62745      49.45205
-87.64429      49.44835
-87.64885      49.44052
-87.65408      49.43705
-87.66255      49.43646
-87.67987      49.43896
-87.69542      49.43383
-87.70036      49.43356
-87.68224      49.44774
-87.6783       49.45652
-87.66876      49.46119
 1 
 1             190           
1
 -9999.0   ,   9990.0
   7
 8 
-84.77164      49.46477
-84.76803      49.45145
-84.77496      49.44753
-84.78187      49.44843
-84.78536      49.45325
-84.78106      49.46308
-84.77556      49.46915
-84.77164      49.46477
 1 
 1             191           
1
 -9999.0   ,   9990.0
   7
 44 
-87.29072      49.39896
-87.29796      49.39308
-87.30185      49.39279
-87.30438      49.39564
-87.30027      49.40531
-87.29581      49.40787
-87.29632      49.41339
-87.30028      49.41607
-87.30969      49.41303
-87.31889      49.41593
-87.33758      49.41853
-87.34118      49.42119
-87.33615      49.42602
-87.33734      49.43546
-87.33066      49.44274
-87.32543      49.45328
-87.32083      49.45455
-87.31533      49.45606
-87.31137      49.45338
-87.31883      49.44889
-87.32929      49.42803
-87.32829      49.42387
-87.32377      49.42345
-87.31503      49.41942
-87.30831      49.42007
-87.29667      49.42782
-87.29395      49.44122
-87.28076      49.45761
-87.28211      49.46178
-87.29074      49.46329
-87.28972      49.46645
-87.28606      49.46813
-87.26811      49.46852
-87.26261      49.45662
-87.2515       49.45524
-87.24899      49.45216
-87.26341      49.43421
-87.26152      49.42476
-87.26526      49.41896
-87.26956      49.418
-87.27645      49.42286
-87.28308      49.42337
-87.29066      49.4104
-87.29072      49.39896
 1 
 1             192           
1
 -9999.0   ,   9990.0
   7
 16 
-85.35554      49.44823
-85.35789      49.44905
-85.36079      49.4561
-85.34419      49.46407
-85.33991      49.46451
-85.33953      49.45967
-85.32272      49.45913
-85.3124       49.46242
-85.3097       49.46156
-85.30707      49.45774
-85.30727      49.45385
-85.31108      49.45431
-85.32151      49.45011
-85.32307      49.4541
-85.34356      49.45348
-85.35554      49.44823
 1 
 1             193           
1
 -9999.0   ,   9990.0
   7
 15 
-87.43744      49.45304
-87.42277      49.45977
-87.41828      49.4589
-87.41846      49.45341
-87.41336      49.45161
-87.39356      49.46408
-87.39559      49.45752
-87.40475      49.44622
-87.41063      49.44348
-87.41952      49.44224
-87.42284      49.44421
-87.42477      49.44978
-87.42776      49.4515
-87.43494      49.44997
-87.43744      49.45304
 1 
 1             194           
1
 -9999.0   ,   9990.0
   7
 6 
-88.86701      49.46272
-88.85999      49.452
-88.86229      49.44887
-88.87298      49.45716
-88.87098      49.46099
-88.86701      49.46272
 1 
 1             195           
1
 -9999.0   ,   9990.0
   7
 7 
-87.03465      49.4535
-87.05765      49.44168
-87.06748      49.44165
-87.06869      49.44353
-87.04836      49.46027
-87.04313      49.45981
-87.03465      49.4535
 1 
 1             196           
1
 -9999.0   ,   9990.0
   7
 6 
-89.78427      49.45868
-89.77801      49.44965
-89.78705      49.44365
-89.79019      49.44394
-89.79121      49.45241
-89.78427      49.45868
 1 
 1             197           
1
 -9999.0   ,   9990.0
   7
 12 
-87.36197      49.42754
-87.36841      49.44085
-87.36731      49.44493
-87.34849      49.45812
-87.34821      49.45375
-87.34395      49.44694
-87.3452       49.44494
-87.3514       49.44244
-87.35108      49.43854
-87.35512      49.43664
-87.35979      49.42837
-87.36197      49.42754
 1 
 1             198           
1
 -9999.0   ,   9990.0
   7
 11 
-87.17116      49.45802
-87.17071      49.45548
-87.17902      49.44966
-87.18641      49.43899
-87.18971      49.43752
-87.19907      49.43884
-87.20159      49.43459
-87.20935      49.43423
-87.19701      49.44882
-87.18732      49.45437
-87.17116      49.45802
 1 
 1             199           
1
 -9999.0   ,   9990.0
   7
 23 
-87.50089      49.44665
-87.50491      49.44108
-87.50016      49.43563
-87.4998       49.43196
-87.51439      49.42224
-87.53422      49.39762
-87.54026      49.39671
-87.54488      49.39987
-87.54359      49.40622
-87.53882      49.41221
-87.53068      49.41667
-87.53509      49.41847
-87.54639      49.41389
-87.55238      49.41366
-87.55366      49.41486
-87.54147      49.42536
-87.54119      49.42833
-87.53542      49.43382
-87.52619      49.43117
-87.52102      49.43394
-87.50899      49.44628
-87.50418      49.44906
-87.50089      49.44665
 1 
 1             200           
1
 -9999.0   ,   9990.0
   7
 12 
-88.26328      49.43905
-88.26509      49.43819
-88.26598      49.42679
-88.26371      49.41985
-88.26562      49.41785
-88.27259      49.41831
-88.27762      49.42122
-88.27979      49.42495
-88.28077      49.43962
-88.27782      49.44136
-88.26731      49.44124
-88.26328      49.43905
 1 
 1             201           
1
 -9999.0   ,   9990.0
   7
 10 
-87.81593      49.42369
-87.81871      49.42402
-87.82156      49.42756
-87.82971      49.42671
-87.83189      49.42977
-87.82656      49.43873
-87.82193      49.43947
-87.81049      49.43791
-87.80692      49.43457
-87.81593      49.42369
 1 
 1             202           
1
 -9999.0   ,   9990.0
   7
 19 
-89.99916      49.39015
-89.99158      49.39573
-89.97808      49.40052
-89.9562       49.40471
-89.94864      49.40937
-89.94124      49.41061
-89.93758      49.41444
-89.93801      49.4293
-89.93995      49.43321
-89.93444      49.43906
-89.93235      49.43879
-89.93141      49.42804
-89.92335      49.41144
-89.93868      49.40486
-89.94749      49.40364
-89.96171      49.39841
-89.9705       49.39765
-89.98754      49.39178
-89.99916      49.39015
 1 
 1             203           
1
 -9999.0   ,   9990.0
   7
 13 
-87.16464      49.40761
-87.16816      49.40753
-87.17175      49.4102
-87.18194      49.40995
-87.18089      49.41357
-87.16306      49.42677
-87.15421      49.43807
-87.14957      49.43878
-87.14288      49.43553
-87.15224      49.42974
-87.1583       49.42176
-87.16111      49.41135
-87.16464      49.40761
 1 
 1             204           
1
 -9999.0   ,   9990.0
   7
 13 
-87.75261      49.4099
-87.75345      49.40833
-87.76821      49.40407
-87.77177      49.40741
-87.77375      49.42076
-87.76171      49.43403
-87.75744      49.43479
-87.75574      49.43016
-87.76089      49.42348
-87.75985      49.41933
-87.76806      49.41368
-87.76525      49.40969
-87.75261      49.4099
 1 
 1             205           
1
 -9999.0   ,   9990.0
   7
 21 
-89.91735      49.41247
-89.91082      49.41761
-89.89267      49.42437
-89.8917       49.42252
-89.90137      49.41767
-89.90108      49.41629
-89.88946      49.41745
-89.87482      49.41581
-89.86178      49.42586
-89.8544       49.43441
-89.85278      49.4314
-89.85962      49.41896
-89.85869      49.41643
-89.85177      49.41447
-89.85081      49.41217
-89.85547      49.40997
-89.86698      49.4111
-89.87347      49.40665
-89.87769      49.40626
-89.88239      49.41093
-89.91735      49.41247
 1 
 1             206           
1
 -9999.0   ,   9990.0
   7
 9 
-85.35275      49.43292
-85.34983      49.43114
-85.35112      49.42434
-85.3576       49.4183
-85.36526      49.41875
-85.36559      49.42152
-85.35762      49.42564
-85.35534      49.43193
-85.35275      49.43292
 1 
 1             207           
1
 -9999.0   ,   9990.0
   7
 12 
-86.56566      49.42596
-86.57559      49.41888
-86.58047      49.41293
-86.58616      49.41229
-86.59071      49.41548
-86.60057      49.41527
-86.60456      49.41729
-86.60068      49.42054
-86.5897       49.42139
-86.5758       49.42943
-86.56992      49.42869
-86.56566      49.42596
 1 
 1             208           
1
 -9999.0   ,   9990.0
   7
 48 
-88.86546      49.37282
-88.87237      49.37415
-88.87715      49.37062
-88.87106      49.36199
-88.87438      49.35385
-88.86798      49.33905
-88.85956      49.33401
-88.84089      49.33053
-88.81685      49.31843
-88.81325      49.31467
-88.81218      49.30435
-88.80617      49.30007
-88.78917      49.29273
-88.78641      49.28694
-88.78828      49.28493
-88.79932      49.2873
-88.80861      49.28413
-88.83874      49.28291
-88.85384      49.28722
-88.87023      49.30413
-88.87523      49.31341
-88.88538      49.32421
-88.88523      49.32649
-88.89707      49.34373
-88.89005      49.36046
-88.89025      49.36824
-88.89355      49.37152
-88.89976      49.37284
-88.90448      49.37571
-88.91397      49.39174
-88.91988      49.39784
-88.91583      49.40093
-88.91536      49.40847
-88.91806      49.40785
-88.92247      49.40683
-88.93819      49.41868
-88.94441      49.41999
-88.95109      49.4252
-88.95122      49.42886
-88.92982      49.42898
-88.92245      49.42375
-88.90906      49.41927
-88.8987       49.41145
-88.88548      49.40994
-88.87975      49.40636
-88.86443      49.38856
-88.86121      49.37887
-88.86546      49.37282
 1 
 1             209           
1
 -9999.0   ,   9990.0
   7
 6 
-89.98697      49.42284
-89.98776      49.4208
-90            49.41757
-90            49.42146
-89.99571      49.42322
-89.98697      49.42284
 1 
 1             210           
1
 -9999.0   ,   9990.0
   7
 15 
-88.03402      49.38165
-88.05259      49.37314
-88.0596       49.37316
-88.05866      49.3761
-88.06351      49.38107
-88.05493      49.38741
-88.05899      49.3935
-88.05339      49.402
-88.03902      49.41041
-88.03678      49.41217
-88.03002      49.4133
-88.02879      49.4112
-88.03374      49.40657
-88.0373       49.39731
-88.03402      49.38165
 1 
 1             211           
1
 -9999.0   ,   9990.0
   7
 12 
-86.63414      49.37564
-86.63661      49.38492
-86.63482      49.40087
-86.62792      49.40924
-86.6231       49.41154
-86.61465      49.41182
-86.60999      49.40954
-86.62379      49.3992
-86.62639      49.39474
-86.62419      49.38616
-86.62657      49.38055
-86.63414      49.37564
 1 
 1             212           
1
 -9999.0   ,   9990.0
   7
 10 
-88.53927      49.4098
-88.53554      49.40809
-88.52848      49.40879
-88.52582      49.40665
-88.53625      49.40308
-88.54432      49.40287
-88.55302      49.40862
-88.55218      49.41065
-88.5479       49.41167
-88.53927      49.4098
 1 
 1             213           
1
 -9999.0   ,   9990.0
   7
 13 
-89.85007      49.4053
-89.84398      49.40839
-89.83562      49.40731
-89.83128      49.41044
-89.82743      49.41036
-89.82658      49.40577
-89.83096      49.40197
-89.83591      49.40069
-89.83925      49.39641
-89.84599      49.39448
-89.84941      49.39638
-89.84636      49.40203
-89.85007      49.4053
 1 
 1             214           
1
 -9999.0   ,   9990.0
   7
 42 
-87.8412       49.40723
-87.83245      49.40302
-87.82692      49.39801
-87.82556      49.39595
-87.81949      49.38675
-87.82347      49.3853
-87.82893      49.39099
-87.83532      49.3942
-87.84126      49.39442
-87.84708      49.39189
-87.85834      49.39139
-87.88688      49.37732
-87.89305      49.37892
-87.90334      49.37334
-87.92429      49.36998
-87.93791      49.37047
-87.94366      49.37296
-87.94864      49.372
-87.96042      49.3651
-87.96879      49.36974
-87.95906      49.37305
-87.95822      49.37364
-87.95348      49.37697
-87.94048      49.37742
-87.92519      49.38008
-87.91531      49.38499
-87.90576      49.38602
-87.89548      49.39159
-87.87789      49.39233
-87.87426      49.39379
-87.87224      49.39693
-87.88703      49.39609
-87.88546      49.39809
-87.87648      49.40074
-87.86279      49.40893
-87.85724      49.40827
-87.85542      49.40501
-87.85717      49.40095
-87.85465      49.39766
-87.8491       49.39699
-87.8467       49.40446
-87.8412       49.40723
 1 
 1             215           
1
 -9999.0   ,   9990.0
   7
 9 
-88.68164      49.39826
-88.67858      49.39702
-88.67686      49.38623
-88.67927      49.38172
-88.68304      49.38298
-88.68567      49.3906
-88.69517      49.40025
-88.69221      49.40245
-88.68164      49.39826
 1 
 1             216           
1
 -9999.0   ,   9990.0
   7
 13 
-87.25974      49.38233
-87.25621      49.38974
-87.25073      49.39546
-87.24364      49.39631
-87.23609      49.39462
-87.22709      49.38989
-87.23424      49.38492
-87.24121      49.37126
-87.25639      49.37007
-87.25826      49.37243
-87.25398      49.37683
-87.25494      49.38122
-87.25974      49.38233
 2 
 1             217           
1
 -9999.0   ,   9990.0
   7
 66 
-87.78869      49.39019
-87.78458      49.39324
-87.77859      49.39348
-87.77454      49.39585
-87.77151      49.39436
-87.7709       49.3893
-87.77611      49.36981
-87.77286      49.36695
-87.76661      49.36627
-87.76572      49.3644
-87.77208      49.35983
-87.77421      49.35556
-87.77302      49.353
-87.76826      49.35145
-87.75989      49.35503
-87.75806      49.34398
-87.77964      49.32946
-87.77232      49.32506
-87.77187      49.3223
-87.78216      49.32062
-87.7855       49.31846
-87.78184      49.31627
-87.77101      49.31609
-87.76884      49.31281
-87.77329      49.31
-87.78558      49.30955
-87.79175      49.30702
-87.80168      49.30945
-87.80442      49.30612
-87.80196      49.30214
-87.78419      49.28935
-87.78499      49.28824
-87.78956      49.28795
-87.80017      49.2912
-87.80489      49.29264
-87.82252      49.29101
-87.82734      49.29187
-87.82556      49.29638
-87.81216      49.29749
-87.80986      49.29992
-87.81274      49.303
-87.82097      49.3049
-87.82354      49.30752
-87.81808      49.31006
-87.80819      49.31107
-87.79994      49.3174
-87.80116      49.3195
-87.81693      49.32329
-87.82352      49.31987
-87.83076      49.31304
-87.83759      49.31101
-87.84483      49.31219
-87.84879      49.31508
-87.84922      49.31807
-87.83534      49.32899
-87.83629      49.33018
-87.822        49.34155
-87.81552      49.3436
-87.80072      49.34465
-87.79336      49.34873
-87.78349      49.35751
-87.78057      49.36289
-87.78206      49.37393
-87.78014      49.37981
-87.78086      49.38372
-87.78869      49.39019
 1             217           2 
1
 -9999.0   ,   9990.0
   7
 7 
-87.81806      49.33454
-87.8071       49.33574
-87.80224      49.33921
-87.8042       49.34089
-87.81085      49.34091
-87.81934      49.33596
-87.81806      49.33454
 1 
 1             218           
1
 -9999.0   ,   9990.0
   7
 12 
-87.14124      49.38921
-87.13535      49.39193
-87.12937      49.39213
-87.12881      49.39073
-87.13788      49.38082
-87.14149      49.36587
-87.14658      49.36059
-87.15345      49.36203
-87.16269      49.35716
-87.16563      49.35935
-87.14869      49.37099
-87.14124      49.38921
 1 
 1             219           
1
 -9999.0   ,   9990.0
   7
 8 
-89.33674      49.39046
-89.33352      49.39153
-89.32622      49.39068
-89.31994      49.3839
-89.32288      49.38146
-89.32746      49.38088
-89.33121      49.38279
-89.33674      49.39046
 1 
 1             220           
1
 -9999.0   ,   9990.0
   7
 13 
-87.56402      49.34432
-87.56822      49.34815
-87.56229      49.35936
-87.55815      49.3624
-87.5532       49.36289
-87.55116      49.36602
-87.54892      49.38652
-87.54544      49.39005
-87.54086      49.39033
-87.53561      49.38257
-87.54463      49.36462
-87.55496      49.35152
-87.56402      49.34432
 1 
 1             221           
1
 -9999.0   ,   9990.0
   7
 4 
-89.99916      49.39015
-90            49.38965
-90            49.3903
-89.99916      49.39015
 1 
 1             222           
1
 -9999.0   ,   9990.0
   7
 9 
-84.37714      49.37185
-84.38314      49.37617
-84.39301      49.37821
-84.39532      49.38135
-84.39454      49.38406
-84.38704      49.387
-84.37703      49.38356
-84.37386      49.37485
-84.37714      49.37185
 1 
 1             223           
1
 -9999.0   ,   9990.0
   7
 8 
-88.84776      49.37576
-88.84867      49.37784
-88.84094      49.38357
-88.8357       49.38343
-88.83355      49.37879
-88.83833      49.37527
-88.84609      49.37456
-88.84776      49.37576
 1 
 1             224           
1
 -9999.0   ,   9990.0
   7
 8 
-89.34152      49.37983
-89.33594      49.37947
-89.33366      49.37622
-89.34174      49.36932
-89.34533      49.36781
-89.34808      49.36856
-89.35036      49.37181
-89.34152      49.37983
 1 
 1             225           
1
 -9999.0   ,   9990.0
   7
 9 
-89.19885      49.37895
-89.1996       49.376
-89.21177      49.36532
-89.21529      49.36495
-89.21789      49.36844
-89.21932      49.37396
-89.21531      49.37684
-89.20502      49.37911
-89.19885      49.37895
 1 
 1             226           
1
 -9999.0   ,   9990.0
   7
 6 
-88.61582      49.37254
-88.61176      49.36556
-88.61311      49.36126
-88.61628      49.3609
-88.62422      49.3625
-88.61582      49.37254
 1 
 1             227           
1
 -9999.0   ,   9990.0
   7
 10 
-86.62804      49.37054
-86.62668      49.36704
-86.62819      49.36299
-86.63474      49.36079
-86.64598      49.34804
-86.64842      49.34815
-86.6509       49.35422
-86.64751      49.35956
-86.63421      49.36556
-86.62804      49.37054
 1 
 1             228           
1
 -9999.0   ,   9990.0
   7
 11 
-89.01036      49.34492
-89.02239      49.34272
-89.03114      49.34843
-89.03496      49.3547
-89.02799      49.36001
-89.02772      49.36435
-89.02091      49.36692
-89.01149      49.36643
-89.00921      49.36364
-89.01381      49.35141
-89.01036      49.34492
 1 
 1             229           
1
 -9999.0   ,   9990.0
   7
 15 
-88.38426      49.35948
-88.37578      49.36058
-88.36695      49.36624
-88.36294      49.3636
-88.36504      49.35429
-88.36328      49.34532
-88.37023      49.34119
-88.37344      49.33581
-88.38964      49.32489
-88.39204      49.32565
-88.39056      49.33132
-88.39459      49.33373
-88.39623      49.34453
-88.38814      49.34977
-88.38426      49.35948
 1 
 1             230           
1
 -9999.0   ,   9990.0
   7
 11 
-84.764        49.3596
-84.78169      49.34949
-84.78736      49.34917
-84.79857      49.35173
-84.80265      49.35497
-84.80029      49.35665
-84.79016      49.35623
-84.78686      49.35947
-84.77664      49.36432
-84.77136      49.36444
-84.764        49.3596
 1 
 1             231           
1
 -9999.0   ,   9990.0
   7
 41 
-89.83288      49.35036
-89.85119      49.33974
-89.87296      49.33763
-89.87524      49.34132
-89.87379      49.34244
-89.88352      49.34399
-89.89492      49.33917
-89.89549      49.34215
-89.88574      49.34929
-89.89696      49.34858
-89.90159      49.3466
-89.91074      49.34563
-89.91385      49.33814
-89.91994      49.33459
-89.92201      49.33555
-89.91961      49.34259
-89.92156      49.34605
-89.92823      49.34548
-89.92895      49.34514
-89.93572      49.34196
-89.93841      49.33607
-89.94387      49.33937
-89.93899      49.3475
-89.91655      49.3487
-89.91227      49.35068
-89.91353      49.3539
-89.91202      49.35662
-89.90736      49.35927
-89.89789      49.35979
-89.89141      49.36401
-89.88792      49.36395
-89.88728      49.36234
-89.89315      49.35605
-89.88904      49.35391
-89.86974      49.35539
-89.86089      49.35774
-89.85754      49.35425
-89.84629      49.35564
-89.84092      49.35851
-89.83563      49.35133
-89.83288      49.35036
 1 
 1             232           
1
 -9999.0   ,   9990.0
   7
 8 
-89.35095      49.36085
-89.35126      49.34874
-89.35785      49.33038
-89.36196      49.33208
-89.36099      49.33708
-89.3631       49.3433
-89.35766      49.35986
-89.35095      49.36085
 1 
 1             233           
1
 -9999.0   ,   9990.0
   7
 21 
-87.47926      49.292
-87.48413      49.29608
-87.48555      49.31078
-87.48262      49.31959
-87.47619      49.32482
-87.4723       49.33267
-87.47749      49.34455
-87.47649      49.34772
-87.47209      49.34983
-87.46921      49.3543
-87.46934      49.36048
-87.45408      49.3514
-87.45547      49.3478
-87.46044      49.34708
-87.46321      49.34376
-87.46452      49.33351
-87.47774      49.31573
-87.47734      49.31251
-87.47088      49.30676
-87.47545      49.30282
-87.47926      49.292
 1 
 1             234           
1
 -9999.0   ,   9990.0
   7
 7 
-89.72311      49.35648
-89.72427      49.35422
-89.74046      49.35202
-89.74212      49.35388
-89.74012      49.35932
-89.73345      49.35988
-89.72311      49.35648
 1 
 1             235           
1
 -9999.0   ,   9990.0
   7
 51 
-86.35779      49.34795
-86.34345      49.34173
-86.35409      49.3347
-86.3631       49.32072
-86.36642      49.31929
-86.3691       49.32034
-86.37089      49.32592
-86.37725      49.32555
-86.38696      49.31963
-86.39876      49.31242
-86.39495      49.30903
-86.38833      49.30844
-86.38844      49.30749
-86.38855      49.30665
-86.39492      49.3033
-86.40686      49.3
-86.41562      49.29998
-86.42119      49.29727
-86.42349      49.29257
-86.42321      49.28736
-86.42282      49.28017
-86.43172      49.26985
-86.43315      49.26052
-86.43664      49.25749
-86.44179      49.25843
-86.44378      49.26243
-86.43796      49.27038
-86.44385      49.2709
-86.4694       49.26483
-86.48151      49.24779
-86.48013      49.24452
-86.4736       49.24351
-86.47279      49.24141
-86.50568      49.22607
-86.51186      49.22706
-86.51079      49.23022
-86.50252      49.24149
-86.49077      49.24939
-86.48189      49.2627
-86.48103      49.26319
-86.46881      49.27007
-86.46064      49.27105
-86.45176      49.27519
-86.43618      49.27671
-86.43126      49.29503
-86.4227       49.30239
-86.40939      49.30837
-86.40389      49.31955
-86.38578      49.32926
-86.36125      49.3424
-86.35779      49.34795
 1 
 1             236           
1
 -9999.0   ,   9990.0
   7
 13 
-87.39844      49.33977
-87.39621      49.33739
-87.39868      49.3336
-87.41414      49.32553
-87.42116      49.32536
-87.43001      49.328
-87.43198      49.33312
-87.44051      49.33186
-87.44271      49.33447
-87.43709      49.33836
-87.42439      49.34311
-87.41771      49.34329
-87.39844      49.33977
 1 
 1             237           
1
 -9999.0   ,   9990.0
   7
 14 
-89.74508      49.32765
-89.74758      49.32656
-89.75523      49.32717
-89.75881      49.32564
-89.76258      49.32709
-89.76104      49.33025
-89.76427      49.33625
-89.76168      49.33918
-89.75332      49.33856
-89.74228      49.34291
-89.73565      49.34255
-89.73306      49.33794
-89.73427      49.33453
-89.74508      49.32765
 1 
 1             238           
1
 -9999.0   ,   9990.0
   7
 13 
-89.96937      49.32313
-89.98711      49.31682
-89.99162      49.31735
-89.98976      49.32029
-89.99486      49.32381
-90            49.32074
-90            49.32788
-89.97699      49.34178
-89.97646      49.33788
-89.98275      49.32931
-89.98251      49.32656
-89.97449      49.32596
-89.96937      49.32313
 1 
 1             239           
1
 -9999.0   ,   9990.0
   7
 18 
-87.86389      49.32661
-87.87224      49.32117
-87.87354      49.32033
-87.87191      49.31478
-87.88572      49.31277
-87.88668      49.31394
-87.88402      49.31636
-87.8853       49.31778
-87.91202      49.31212
-87.92649      49.32316
-87.92104      49.32548
-87.91016      49.32166
-87.90127      49.3234
-87.86825      49.34119
-87.86018      49.34135
-87.85892      49.3397
-87.86986      49.33049
-87.86389      49.32661
 1 
 1             240           
1
 -9999.0   ,   9990.0
   7
 7 
-88.57335      49.33926
-88.56547      49.33696
-88.56431      49.3335
-88.56899      49.32678
-88.57209      49.32733
-88.57722      49.33389
-88.57335      49.33926
 1 
 1             241           
1
 -9999.0   ,   9990.0
   7
 11 
-84.43763      49.31188
-84.44259      49.31383
-84.44417      49.31944
-84.43404      49.3346
-84.42875      49.3347
-84.42473      49.32685
-84.40631      49.32331
-84.40632      49.32101
-84.41138      49.32021
-84.42986      49.32329
-84.43763      49.31188
 1 
 1             242           
1
 -9999.0   ,   9990.0
   7
 8 
-89.28632      49.33374
-89.29562      49.32367
-89.29695      49.31228
-89.30328      49.30534
-89.30558      49.30813
-89.30689      49.32234
-89.29942      49.33085
-89.28632      49.33374
 1 
 1             243           
1
 -9999.0   ,   9990.0
   7
 13 
-89.93394      49.32616
-89.92996      49.32106
-89.93008      49.31809
-89.93505      49.31613
-89.93446      49.3136
-89.93738      49.31069
-89.94192      49.31077
-89.94948      49.31387
-89.95566      49.31649
-89.96098      49.32299
-89.95236      49.32855
-89.94043      49.3297
-89.93394      49.32616
 1 
 1             244           
1
 -9999.0   ,   9990.0
   7
 8 
-88.99216      49.32798
-88.98719      49.32923
-88.97818      49.32807
-88.96616      49.32432
-88.96333      49.31922
-88.96924      49.31412
-88.98292      49.32477
-88.99216      49.32798
 1 
 1             245           
1
 -9999.0   ,   9990.0
   7
 10 
-89.82336      49.3127
-89.8264       49.31505
-89.82577      49.32144
-89.84039      49.31486
-89.8417       49.31693
-89.83673      49.32644
-89.81844      49.32906
-89.81291      49.31959
-89.81809      49.31329
-89.82336      49.3127
 1 
 1             246           
1
 -9999.0   ,   9990.0
   7
 11 
-84.77384      49.31777
-84.77261      49.31425
-84.77796      49.31138
-84.79784      49.3099
-84.8016       49.31061
-84.80421      49.31422
-84.79273      49.32518
-84.78919      49.32542
-84.78619      49.32201
-84.77826      49.32104
-84.77384      49.31777
 1 
 1             247           
1
 -9999.0   ,   9990.0
   7
 9 
-89.47359      49.32385
-89.46601      49.31499
-89.46374      49.30489
-89.46668      49.30221
-89.47233      49.30096
-89.47929      49.30157
-89.48872      49.31526
-89.48717      49.3182
-89.47359      49.32385
 1 
 1             248           
1
 -9999.0   ,   9990.0
   7
 55 
-86.74054      49.32317
-86.74206      49.31889
-86.74771      49.31526
-86.7677       49.29521
-86.78937      49.27345
-86.80188      49.26785
-86.81509      49.25884
-86.81769      49.25416
-86.81659      49.24815
-86.82058      49.24353
-86.83534      49.23642
-86.83808      49.23357
-86.83967      49.2286
-86.83869      49.20177
-86.84277      49.18843
-86.84621      49.17716
-86.84626      49.16365
-86.85018      49.15971
-86.86207      49.15613
-86.86645      49.15107
-86.87029      49.13796
-86.87635      49.12679
-86.87075      49.10731
-86.8742       49.10105
-86.88291      49.09458
-86.89437      49.07839
-86.89872      49.07676
-86.89858      49.08477
-86.88922      49.09418
-86.88229      49.10692
-86.87964      49.1155
-86.88294      49.13053
-86.87221      49.1527
-86.87528      49.15674
-86.88597      49.15127
-86.8916       49.15084
-86.89314      49.15274
-86.8882       49.15664
-86.87431      49.15921
-86.86052      49.16087
-86.85631      49.16434
-86.85279      49.17769
-86.8536       49.19306
-86.85036      49.20368
-86.85148      49.21289
-86.84142      49.24814
-86.84158      49.2564
-86.83789      49.26149
-86.83114      49.25592
-86.80473      49.2705
-86.78147      49.2882
-86.76856      49.30066
-86.75566      49.31953
-86.74866      49.32263
-86.74054      49.32317
 1 
 1             249           
1
 -9999.0   ,   9990.0
   7
 8 
-89.01358      49.321
-88.99664      49.31781
-88.99471      49.31502
-89.00022      49.31082
-89.00626      49.31487
-89.01541      49.31397
-89.01668      49.31605
-89.01358      49.321
 1 
 1             250           
1
 -9999.0   ,   9990.0
   7
 12 
-89.89457      49.30649
-89.88881      49.31049
-89.88711      49.31732
-89.88141      49.31996
-89.87878      49.31625
-89.87148      49.3152
-89.8654       49.31029
-89.8808       49.30989
-89.88701      49.30361
-89.89198      49.30164
-89.89439      49.3026
-89.89457      49.30649
 1 
 1             251           
1
 -9999.0   ,   9990.0
   7
 8 
-84.61708      49.31421
-84.62102      49.30001
-84.62471      49.29886
-84.63156      49.30001
-84.63548      49.30417
-84.6279       49.3078
-84.62542      49.31246
-84.61708      49.31421
 1 
 1             252           
1
 -9999.0   ,   9990.0
   7
 10 
-88.66025      49.29177
-88.66403      49.29782
-88.66403      49.30285
-88.65915      49.30271
-88.65376      49.29981
-88.65196      49.29037
-88.64419      49.28649
-88.65181      49.28237
-88.65582      49.29003
-88.66025      49.29177
 1 
 1             253           
1
 -9999.0   ,   9990.0
   7
 9 
-89.53252      49.2993
-89.52752      49.30148
-89.52342      49.29956
-89.51776      49.28733
-89.52174      49.28445
-89.52512      49.28657
-89.53077      49.28555
-89.5348       49.29569
-89.53252      49.2993
 1 
 1             254           
1
 -9999.0   ,   9990.0
   7
 10 
-89.92856      49.29613
-89.9326       49.29118
-89.94972      49.29125
-89.95381      49.29384
-89.96077      49.29442
-89.96411      49.29813
-89.96297      49.3004
-89.95035      49.30132
-89.94216      49.29683
-89.92856      49.29613
 1 
 1             255           
1
 -9999.0   ,   9990.0
   7
 28 
-89.30918      49.29977
-89.29461      49.29782
-89.29518      49.29372
-89.30349      49.28889
-89.30218      49.28726
-89.29448      49.28753
-89.29223      49.28405
-89.29594      49.27362
-89.30432      49.27382
-89.30859      49.27232
-89.31127      49.26804
-89.30548      49.25923
-89.31082      49.25729
-89.31634      49.24576
-89.32429      49.24069
-89.33919      49.23647
-89.3469       49.22933
-89.34939      49.23488
-89.34807      49.2465
-89.34096      49.24885
-89.32336      49.26421
-89.32359      49.2665
-89.3299       49.27236
-89.32188      49.27835
-89.31838      49.28512
-89.31891      49.2881
-89.31581      49.29375
-89.30918      49.29977
 1 
 1             256           
1
 -9999.0   ,   9990.0
   7
 17 
-86.38116      49.23824
-86.38574      49.2529
-86.3805       49.26349
-86.37245      49.27973
-86.37385      49.28575
-86.37704      49.28545
-86.38478      49.2792
-86.38889      49.27986
-86.38994      49.28587
-86.38851      49.28923
-86.37075      49.29728
-86.36476      49.29767
-86.3629       49.29254
-86.37352      49.26466
-86.37426      49.24637
-86.37701      49.24078
-86.38116      49.23824
 1 
 1             257           
1
 -9999.0   ,   9990.0
   7
 21 
-89.63018      49.28879
-89.62077      49.29545
-89.61311      49.29483
-89.6159       49.28781
-89.61394      49.28503
-89.60944      49.28424
-89.59882      49.28699
-89.59575      49.28556
-89.60003      49.27651
-89.61079      49.27079
-89.61644      49.26953
-89.624        49.27198
-89.62949      49.26683
-89.63268      49.26599
-89.63749      49.26745
-89.64499      49.27127
-89.64717      49.27679
-89.64559      49.28065
-89.63651      49.28069
-89.63416      49.28589
-89.63018      49.28879
 1 
 1             258           
1
 -9999.0   ,   9990.0
   7
 8 
-89.3319       49.28681
-89.33449      49.28436
-89.34465      49.28368
-89.35258      49.28569
-89.35661      49.28876
-89.35139      49.29481
-89.33731      49.29037
-89.3319       49.28681
 1 
 1             259           
1
 -9999.0   ,   9990.0
   7
 12 
-85.39754      49.26905
-85.40032      49.27174
-85.39985      49.27515
-85.38879      49.28161
-85.36187      49.29378
-85.35118      49.29246
-85.34856      49.28863
-85.35361      49.28503
-85.37302      49.2816
-85.37975      49.27855
-85.39267      49.26876
-85.39754      49.26905
 1 
 1             260           
1
 -9999.0   ,   9990.0
   7
 37 
-88.55563      49.27332
-88.54018      49.28429
-88.5409       49.28889
-88.53744      49.29335
-88.53479      49.29121
-88.53155      49.27785
-88.53307      49.27127
-88.52786      49.26105
-88.52578      49.25115
-88.52299      49.24604
-88.51437      49.24463
-88.51364      49.23523
-88.50594      49.22105
-88.50871      49.21153
-88.50682      49.20872
-88.50181      49.2104
-88.50211      49.20149
-88.5054       49.19931
-88.51124      49.20063
-88.51462      49.19227
-88.52059      49.19177
-88.53871      49.19713
-88.54138      49.20361
-88.54351      49.20802
-88.54004      49.21752
-88.53194      49.22344
-88.52946      49.23366
-88.53056      49.23781
-88.53799      49.23644
-88.54293      49.23087
-88.54531      49.23185
-88.54702      49.24219
-88.54382      49.24782
-88.54431      49.2508
-88.55199      49.25081
-88.55886      49.26725
-88.55563      49.27332
 1 
 1             261           
1
 -9999.0   ,   9990.0
   7
 8 
-84.07964      49.26736
-84.08742      49.27342
-84.08913      49.28641
-84.08615      49.29171
-84.08434      49.29204
-84.07961      49.28458
-84.07758      49.27135
-84.07964      49.26736
 1 
 1             262           
1
 -9999.0   ,   9990.0
   7
 9 
-86.3054       49.2901
-86.29919      49.28932
-86.29686      49.28531
-86.30112      49.28186
-86.31084      49.2796
-86.32236      49.27996
-86.32516      49.28285
-86.31836      49.28709
-86.3054       49.2901
 1 
 1             263           
1
 -9999.0   ,   9990.0
   7
 10 
-88.56142      49.27556
-88.56758      49.27735
-88.57256      49.27613
-88.57901      49.27883
-88.57303      49.28437
-88.56478      49.28252
-88.55746      49.2871
-88.55141      49.28852
-88.54981      49.28641
-88.56142      49.27556
 1 
 1             264           
1
 -9999.0   ,   9990.0
   7
 8 
-88.11204      49.28736
-88.11266      49.28395
-88.12156      49.27328
-88.12779      49.2696
-88.13074      49.27199
-88.12136      49.28013
-88.11951      49.28578
-88.11204      49.28736
 1 
 1             265           
1
 -9999.0   ,   9990.0
   7
 12 
-85.92119      49.27954
-85.91558      49.27838
-85.90888      49.28421
-85.89876      49.28389
-85.89114      49.28599
-85.88852      49.28448
-85.88789      49.28123
-85.89391      49.27515
-85.90456      49.27687
-85.91896      49.27375
-85.92322      49.27605
-85.92119      49.27954
 1 
 1             266           
1
 -9999.0   ,   9990.0
   7
 10 
-88.58344      49.28057
-88.58844      49.27889
-88.58888      49.27273
-88.5933       49.26943
-88.5967       49.27571
-88.59481      49.28273
-88.59044      49.28535
-88.58659      49.28546
-88.58326      49.28308
-88.58344      49.28057
 1 
 1             267           
1
 -9999.0   ,   9990.0
   7
 7 
-89.95119      49.27277
-89.95094      49.27871
-89.94693      49.28275
-89.93743      49.2844
-89.93575      49.28278
-89.94378      49.27447
-89.95119      49.27277
 1 
 1             268           
1
 -9999.0   ,   9990.0
   7
 13 
-88.37199      49.26623
-88.37329      49.27222
-88.36906      49.27278
-88.36471      49.27012
-88.36218      49.27141
-88.3604       49.27638
-88.35599      49.27922
-88.35256      49.27842
-88.35144      49.27473
-88.35509      49.26798
-88.36174      49.26316
-88.36701      49.26288
-88.37199      49.26623
 1 
 1             269           
1
 -9999.0   ,   9990.0
   7
 19 
-89.49432      49.2603
-89.50122      49.26206
-89.51392      49.25273
-89.51953      49.25217
-89.52701      49.25622
-89.53345      49.25316
-89.53835      49.2528
-89.54068      49.25514
-89.53948      49.25809
-89.53451      49.25981
-89.5327       49.26799
-89.52764      49.27132
-89.51852      49.27203
-89.50965      49.27481
-89.50317      49.27879
-89.50138      49.27257
-89.49279      49.27673
-89.48811      49.26565
-89.49432      49.2603
 1 
 1             270           
1
 -9999.0   ,   9990.0
   7
 10 
-85.51506      49.26811
-85.50894      49.27188
-85.50291      49.27245
-85.49759      49.27031
-85.49308      49.25973
-85.4984       49.2566
-85.50175      49.25771
-85.505        49.26478
-85.51218      49.2661
-85.51506      49.26811
 1 
 1             271           
1
 -9999.0   ,   9990.0
   7
 18 
-84.07759      49.25435
-84.07401      49.24628
-84.08013      49.24533
-84.08285      49.23955
-84.08905      49.24022
-84.09492      49.24294
-84.09759      49.24588
-84.10812      49.25007
-84.11089      49.25463
-84.10648      49.26006
-84.09866      49.26066
-84.09337      49.26718
-84.08891      49.2687
-84.08801      49.26565
-84.09213      49.25767
-84.08991      49.252
-84.08659      49.25085
-84.07759      49.25435
 1 
 1             272           
1
 -9999.0   ,   9990.0
   7
 6 
-89.92351      49.25834
-89.91268      49.26683
-89.90778      49.26697
-89.90776      49.2592
-89.91479      49.24995
-89.92351      49.25834
 1 
 1             273           
1
 -9999.0   ,   9990.0
   7
 16 
-88.42284      49.24018
-88.42329      49.23402
-88.42623      49.23205
-88.42888      49.23397
-88.42914      49.23992
-88.43286      49.24164
-88.43813      49.24112
-88.43936      49.24345
-88.44516      49.25483
-88.45326      49.25394
-88.45751      49.25796
-88.45844      49.26439
-88.45551      49.26613
-88.44725      49.2597
-88.43937      49.25762
-88.42284      49.24018
 1 
 1             274           
1
 -9999.0   ,   9990.0
   7
 37 
-87.46195      49.25696
-87.44926      49.26516
-87.43449      49.26594
-87.43478      49.26297
-87.44182      49.26234
-87.44961      49.25762
-87.45581      49.25123
-87.45874      49.24243
-87.45777      49.23781
-87.4647       49.23099
-87.45251      49.22684
-87.45159      49.22177
-87.457        49.21627
-87.47799      49.20841
-87.48362      49.20796
-87.48487      49.2096
-87.48177      49.21292
-87.46179      49.21738
-87.46136      49.21775
-87.45951      49.21934
-87.46032      49.22189
-87.47711      49.23287
-87.48307      49.23265
-87.48856      49.22989
-87.50072      49.21939
-87.50731      49.21623
-87.51222      49.21596
-87.50259      49.2332
-87.50954      49.24103
-87.50683      49.24389
-87.49619      49.24553
-87.49042      49.25125
-87.48313      49.25439
-87.47334      49.25445
-87.46165      49.25238
-87.46029      49.25295
-87.46195      49.25696
 1 
 1             275           
1
 -9999.0   ,   9990.0
   7
 14 
-87.16221      49.2365
-87.16631      49.23737
-87.16846      49.24044
-87.16126      49.25677
-87.16315      49.25852
-87.17617      49.25771
-87.17733      49.26005
-87.17319      49.26307
-87.15022      49.26529
-87.14899      49.2602
-87.15383      49.25377
-87.1492       49.24419
-87.15275      49.24022
-87.16221      49.2365
 1 
 1             276           
1
 -9999.0   ,   9990.0
   7
 8 
-88.47852      49.24764
-88.48626      49.25176
-88.49054      49.26013
-88.48928      49.26306
-88.48328      49.26402
-88.47585      49.25556
-88.47519      49.25028
-88.47852      49.24764
 1 
 1             277           
1
 -9999.0   ,   9990.0
   7
 15 
-88.92228      49.24954
-88.92525      49.24116
-88.92814      49.23964
-88.94101      49.24044
-88.95261      49.23344
-88.9551       49.2383
-88.96057      49.24028
-88.96448      49.24473
-88.95961      49.25008
-88.95782      49.25621
-88.95268      49.26041
-88.94599      49.26114
-88.94016      49.25939
-88.92983      49.25157
-88.92228      49.24954
 1 
 1             278           
1
 -9999.0   ,   9990.0
   7
 18 
-88.67057      49.25846
-88.66721      49.25653
-88.65318      49.23714
-88.667        49.23412
-88.67152      49.23448
-88.67628      49.23119
-88.6816       49.22997
-88.68609      49.22553
-88.6943       49.22806
-88.70202      49.22737
-88.69812      49.23846
-88.69176      49.2449
-88.69271      49.2463
-88.69531      49.25438
-88.68864      49.2599
-88.68306      49.25974
-88.67569      49.25518
-88.67057      49.25846
 1 
 1             279           
1
 -9999.0   ,   9990.0
   7
 23 
-85.08206      49.23993
-85.08299      49.23104
-85.08923      49.22661
-85.09533      49.2256
-85.09336      49.23233
-85.09189      49.23732
-85.09461      49.24277
-85.09888      49.24234
-85.11478      49.21946
-85.11758      49.21941
-85.11856      49.22245
-85.11554      49.23121
-85.1168       49.2322
-85.13199      49.2313
-85.13407      49.23395
-85.13011      49.23715
-85.11959      49.23719
-85.11392      49.24006
-85.10998      49.24555
-85.09167      49.25589
-85.08854      49.2557
-85.09261      49.247
-85.08206      49.23993
 1 
 1             280           
1
 -9999.0   ,   9990.0
   7
 16 
-87.93536      49.21756
-87.95164      49.2199
-87.96711      49.22214
-87.97069      49.22523
-87.96691      49.22876
-87.95523      49.23063
-87.93889      49.22959
-87.91977      49.2369
-87.91639      49.25211
-87.90877      49.24726
-87.90799      49.24403
-87.9134       49.22958
-87.90163      49.22412
-87.90392      49.22192
-87.92003      49.22136
-87.93536      49.21756
 1 
 1             281           
1
 -9999.0   ,   9990.0
   7
 28 
-88.33992      49.25126
-88.34027      49.2467
-88.34681      49.2341
-88.3458       49.22444
-88.34479      49.21459
-88.34091      49.20578
-88.31956      49.18359
-88.31686      49.17779
-88.32065      49.16922
-88.31741      49.16134
-88.32662      49.15478
-88.33045      49.16405
-88.32656      49.17879
-88.32936      49.17865
-88.33354      49.17398
-88.34109      49.15832
-88.34586      49.14843
-88.34855      49.14794
-88.34367      49.15991
-88.34031      49.17672
-88.34428      49.19811
-88.35329      49.20824
-88.36136      49.21239
-88.36439      49.21843
-88.36058      49.23203
-88.35249      49.23749
-88.34809      49.24489
-88.33992      49.25126
 1 
 1             282           
1
 -9999.0   ,   9990.0
   7
 11 
-89.36964      49.24769
-89.37806      49.24056
-89.37611      49.23778
-89.37022      49.23696
-89.36894      49.23487
-89.38956      49.2278
-89.39094      49.23469
-89.39392      49.23773
-89.38572      49.24097
-89.37486      49.24826
-89.36964      49.24769
 1 
 1             283           
1
 -9999.0   ,   9990.0
   7
 14 
-84.10038      49.23965
-84.09332      49.23133
-84.0962       49.22878
-84.10476      49.23007
-84.1067       49.2247
-84.11061      49.22222
-84.11836      49.22208
-84.12414      49.22524
-84.1266       49.23162
-84.12348      49.23783
-84.11673      49.2447
-84.11111      49.24477
-84.10443      49.24269
-84.10038      49.23965
 1 
 1             284           
1
 -9999.0   ,   9990.0
   7
 13 
-89.71293      49.24476
-89.69629      49.2346
-89.70131      49.23196
-89.69354      49.22655
-89.69642      49.22455
-89.70547      49.22518
-89.71191      49.2292
-89.72345      49.22851
-89.72822      49.22358
-89.73164      49.22502
-89.73492      49.22965
-89.72493      49.2418
-89.71293      49.24476
 1 
 1             285           
1
 -9999.0   ,   9990.0
   7
 8 
-88.41328      49.24194
-88.41106      49.24347
-88.40798      49.24269
-88.39799      49.23139
-88.40208      49.22329
-88.40772      49.22735
-88.4092       49.23563
-88.41328      49.24194
 1 
 1             286           
1
 -9999.0   ,   9990.0
   7
 15 
-89.74906      49.2409
-89.74811      49.23859
-89.75077      49.23385
-89.74846      49.23106
-89.74924      49.22902
-89.75496      49.22616
-89.75262      49.21629
-89.76283      49.19889
-89.76562      49.19872
-89.76604      49.21266
-89.77559      49.21742
-89.77441      49.22037
-89.76441      49.22543
-89.75832      49.23673
-89.74906      49.2409
 1 
 1             287           
1
 -9999.0   ,   9990.0
   7
 15 
-88.5645       49.20729
-88.56562      49.20137
-88.56804      49.20167
-88.57311      49.20892
-88.58145      49.2094
-88.59098      49.20305
-88.59481      49.20797
-88.59519      49.21255
-88.58714      49.2178
-88.57817      49.21638
-88.57457      49.21788
-88.58275      49.22567
-88.57461      49.23709
-88.57186      49.23655
-88.5645       49.20729
 2 
 1             288           
1
 -9999.0   ,   9990.0
   7
 29 
-89.64457      49.16362
-89.63783      49.17331
-89.63865      49.17813
-89.63637      49.18196
-89.62662      49.18907
-89.62347      49.19655
-89.62434      49.2
-89.62935      49.20467
-89.63042      49.21132
-89.63497      49.21827
-89.61471      49.23316
-89.60018      49.2308
-89.60035      49.22006
-89.59171      49.21851
-89.58962      49.21116
-89.58519      49.20901
-89.58328      49.20531
-89.58512      49.20166
-89.59317      49.19569
-89.59084      49.19336
-89.58159      49.19019
-89.58038      49.18651
-89.58409      49.18178
-89.57836      49.17778
-89.58229      49.17581
-89.59901      49.17616
-89.61874      49.17177
-89.62746      49.1715
-89.64457      49.16362
 1             288           2 
1
 -9999.0   ,   9990.0
   7
 5 
-89.61464      49.17717
-89.60851      49.18139
-89.60378      49.19271
-89.61732      49.17951
-89.61464      49.17717
 1 
 1             289           
1
 -9999.0   ,   9990.0
   7
 8 
-88.63521      49.2142
-88.64376      49.21674
-88.65317      49.22708
-88.64968      49.23224
-88.64874      49.23061
-88.64255      49.22928
-88.63582      49.22565
-88.63521      49.2142
 1 
 1             290           
1
 -9999.0   ,   9990.0
   7
 18 
-88.89746      49.2116
-88.90442      49.2063
-88.90398      49.19669
-88.90007      49.19247
-88.89974      49.18674
-88.90196      49.18475
-88.91048      49.18772
-88.92221      49.19536
-88.9244       49.1993
-88.92311      49.20315
-88.92695      49.20875
-88.92547      49.21556
-88.91966      49.21907
-88.91326      49.22643
-88.90732      49.2265
-88.90014      49.22425
-88.89992      49.2167
-88.89746      49.2116
 1 
 1             291           
1
 -9999.0   ,   9990.0
   7
 28 
-87.65814      49.22464
-87.65628      49.22594
-87.65216      49.2251
-87.65288      49.21323
-87.64542      49.21454
-87.63008      49.21441
-87.62501      49.21238
-87.62448      49.21053
-87.63337      49.20882
-87.63567      49.20272
-87.63861      49.20101
-87.66264      49.20949
-87.66702      49.20737
-87.66943      49.19991
-87.67278      49.19775
-87.67807      49.19704
-87.6865       49.18866
-87.691        49.18906
-87.70635      49.19697
-87.70057      49.19927
-87.69674      49.19912
-87.69834      49.20467
-87.69568      49.20709
-87.70039      49.21299
-87.69874      49.2159
-87.68817      49.21298
-87.67667      49.21277
-87.65814      49.22464
 1 
 1             292           
1
 -9999.0   ,   9990.0
   7
 8 
-84.00616      49.21341
-84.00775      49.20594
-84.01434      49.20642
-84.02155      49.21152
-84.02627      49.21899
-84.02424      49.22068
-84.01068      49.21787
-84.00616      49.21341
 1 
 1             293           
1
 -9999.0   ,   9990.0
   7
 11 
-89.26508      49.21986
-89.25552      49.21598
-89.25192      49.21178
-89.25342      49.20999
-89.26148      49.20927
-89.26812      49.20279
-89.27444      49.20203
-89.27711      49.20415
-89.27427      49.2114
-89.2685       49.21469
-89.26508      49.21986
 1 
 1             294           
1
 -9999.0   ,   9990.0
   7
 8 
-89.37482      49.20324
-89.36667      49.21219
-89.34465      49.21945
-89.34374      49.21692
-89.34814      49.2129
-89.35894      49.20676
-89.36965      49.2022
-89.37482      49.20324
 1 
 1             295           
1
 -9999.0   ,   9990.0
   7
 14 
-89.06379      49.20161
-89.06634      49.19984
-89.0799       49.20042
-89.08638      49.19716
-89.08767      49.19308
-89.09095      49.19065
-89.09322      49.19367
-89.09212      49.20028
-89.08806      49.20406
-89.08276      49.20529
-89.07566      49.21311
-89.06918      49.21066
-89.06849      49.2047
-89.06379      49.20161
 1 
 1             296           
1
 -9999.0   ,   9990.0
   7
 8 
-89.14059      49.20059
-89.14511      49.20093
-89.14771      49.20419
-89.14748      49.20807
-89.14028      49.21178
-89.13649      49.211
-89.13569      49.20686
-89.14059      49.20059
 1 
 1             297           
1
 -9999.0   ,   9990.0
   7
 17 
-84.86274      49.20895
-84.86162      49.20704
-84.86689      49.20462
-84.87878      49.2024
-84.88503      49.19797
-84.8898       49.18474
-84.89422      49.18318
-84.90189      49.18344
-84.90649      49.18787
-84.90527      49.19376
-84.90978      49.20115
-84.90754      49.20446
-84.90296      49.20463
-84.89717      49.19875
-84.893        49.2033
-84.89094      49.21005
-84.86274      49.20895
 1 
 1             298           
1
 -9999.0   ,   9990.0
   7
 9 
-89.22369      49.19898
-89.22874      49.19613
-89.23369      49.19488
-89.23679      49.19564
-89.23832      49.20551
-89.23684      49.20707
-89.23019      49.20737
-89.22783      49.20594
-89.22369      49.19898
 1 
 1             299           
1
 -9999.0   ,   9990.0
   7
 13 
-87.03282      49.14183
-87.03391      49.14485
-87.02149      49.16376
-87.01572      49.169
-87.01472      49.17193
-87.01894      49.17166
-87.0202       49.17629
-87.01525      49.18706
-87.01093      49.20519
-87.00912      49.20579
-87.0071       49.19494
-87.01018      49.16852
-87.03282      49.14183
 1 
 1             300           
1
 -9999.0   ,   9990.0
   7
 24 
-87.28059      49.20193
-87.27988      49.19847
-87.28371      49.19497
-87.27676      49.19101
-87.28364      49.18855
-87.28501      49.18518
-87.30832      49.17882
-87.31845      49.17879
-87.32556      49.18115
-87.33054      49.18021
-87.3479       49.17383
-87.35214      49.16966
-87.36346      49.17172
-87.38866      49.17093
-87.38482      49.17466
-87.37485      49.17677
-87.35571      49.17621
-87.31856      49.18841
-87.31719      49.19178
-87.31315      49.1939
-87.30286      49.18844
-87.29813      49.1903
-87.28921      49.20297
-87.28059      49.20193
 1 
 1             301           
1
 -9999.0   ,   9990.0
   7
 9 
-84.04669      49.18897
-84.05932      49.19308
-84.06411      49.19595
-84.06296      49.19863
-84.05205      49.20106
-84.04861      49.19853
-84.04058      49.20048
-84.03722      49.19748
-84.04669      49.18897
 1 
 1             302           
1
 -9999.0   ,   9990.0
   7
 10 
-84.43638      49.16437
-84.43836      49.16956
-84.43747      49.1819
-84.43488      49.18724
-84.4223       49.19809
-84.41984      49.19816
-84.42496      49.18564
-84.42429      49.17664
-84.43183      49.16659
-84.43638      49.16437
 1 
 1             303           
1
 -9999.0   ,   9990.0
   7
 8 
-85.74391      49.16809
-85.75632      49.17749
-85.75755      49.18146
-85.74354      49.18709
-85.74164      49.19088
-85.73843      49.19139
-85.73261      49.18236
-85.74391      49.16809
 1 
 1             304           
1
 -9999.0   ,   9990.0
   7
 7 
-88.09728      49.17111
-88.09953      49.18217
-88.09838      49.18785
-88.09394      49.1909
-88.09118      49.18188
-88.09353      49.17442
-88.09728      49.17111
 2 
 1             305           
1
 -9999.0   ,   9990.0
   7
 97 
-85.09422      49.18952
-85.08562      49.186
-85.09201      49.1708
-85.09592      49.17035
-85.10218      49.17555
-85.10592      49.17625
-85.11136      49.17498
-85.11503      49.17864
-85.11891      49.17842
-85.11338      49.16822
-85.11276      49.1683
-85.10482      49.16929
-85.10396      49.16557
-85.09608      49.15958
-85.08876      49.15936
-85.08687      49.15304
-85.09249      49.14559
-85.09378      49.13902
-85.09848      49.13312
-85.10046      49.12659
-85.11636      49.11082
-85.11564      49.10114
-85.1222       49.09925
-85.12345      49.10759
-85.13146      49.10533
-85.1322       49.10996
-85.13519      49.11106
-85.14172      49.1094
-85.15255      49.11672
-85.15331      49.12364
-85.16479      49.12894
-85.17557      49.1195
-85.17903      49.11971
-85.18136      49.12306
-85.17674      49.12852
-85.16032      49.13577
-85.1559       49.13986
-85.15768      49.14203
-85.15843      49.14197
-85.16406      49.1415
-85.17892      49.13278
-85.18069      49.13518
-85.16533      49.15466
-85.16206      49.16777
-85.16841      49.17732
-85.16292      49.18387
-85.15538      49.18777
-85.14975      49.18788
-85.14819      49.18412
-85.15919      49.17814
-85.15663      49.17156
-85.1536       49.17069
-85.13891      49.18539
-85.13679      49.18548
-85.13706      49.18365
-85.13803      49.17684
-85.13519      49.16979
-85.12821      49.16477
-85.12518      49.15908
-85.12973      49.15661
-85.13203      49.1478
-85.14014      49.14004
-85.14541      49.13004
-85.14391      49.12582
-85.13866      49.12596
-85.13304      49.13341
-85.12653      49.13737
-85.12431      49.14068
-85.12514      49.14715
-85.11781      49.15679
-85.11418      49.15771
-85.11327      49.15192
-85.11967      49.13789
-85.11989      49.13742
-85.12629      49.12932
-85.12466      49.12853
-85.11992      49.12985
-85.11704      49.12073
-85.11461      49.12058
-85.1146       49.13526
-85.11128      49.13895
-85.10639      49.13888
-85.10211      49.14435
-85.10638      49.14875
-85.10149      49.15349
-85.10499      49.16082
-85.10882      49.16335
-85.12171      49.1662
-85.12628      49.17589
-85.12575      49.17953
-85.12247      49.18048
-85.12021      49.184
-85.11557      49.18464
-85.11059      49.18273
-85.10488      49.18352
-85.09876      49.18957
-85.09422      49.18952
 1             305           2 
1
 -9999.0   ,   9990.0
   7
 7 
-85.12781      49.11382
-85.12511      49.12535
-85.12974      49.12472
-85.1347       49.12182
-85.13516      49.11862
-85.13259      49.11457
-85.12781      49.11382
 1 
 1             306           
1
 -9999.0   ,   9990.0
   7
 10 
-89.43058      49.18439
-89.43108      49.1812
-89.43882      49.17315
-89.44454      49.17053
-89.44921      49.17452
-89.44493      49.17649
-89.44254      49.18215
-89.43781      49.18592
-89.4329       49.1865
-89.43058      49.18439
 1 
 1             307           
1
 -9999.0   ,   9990.0
   7
 9 
-84.06066      49.16814
-84.07594      49.16899
-84.08041      49.17161
-84.08364      49.18172
-84.0808       49.18404
-84.07526      49.18158
-84.07007      49.18328
-84.06426      49.18241
-84.06066      49.16814
 1 
 1             308           
1
 -9999.0   ,   9990.0
   7
 10 
-89.49166      49.183
-89.50573      49.17348
-89.51206      49.16562
-89.53116      49.15987
-89.53598      49.16111
-89.52292      49.17111
-89.51555      49.17233
-89.51076      49.17748
-89.49723      49.1829
-89.49166      49.183
 1 
 1             309           
1
 -9999.0   ,   9990.0
   7
 11 
-88.57263      49.15128
-88.57149      49.15765
-88.57498      49.16759
-88.57485      49.17422
-88.57111      49.17799
-88.56628      49.17716
-88.56123      49.16465
-88.56437      49.15972
-88.56071      49.15229
-88.56405      49.14942
-88.57263      49.15128
 1 
 1             310           
1
 -9999.0   ,   9990.0
   7
 8 
-89.18235      49.1598
-89.19507      49.16286
-89.19588      49.16699
-89.18841      49.17572
-89.17897      49.17617
-89.17596      49.17404
-89.18256      49.16826
-89.18235      49.1598
 1 
 1             311           
1
 -9999.0   ,   9990.0
   7
 13 
-85.01424      49.14738
-85.01979      49.14773
-85.02367      49.15233
-85.02354      49.15806
-85.01034      49.16939
-85            49.17391
-84.99839      49.17461
-84.99948      49.16711
-85            49.16666
-85.00509      49.16218
-85.00839      49.15642
-85.00839      49.15161
-85.01424      49.14738
 1 
 1             312           
1
 -9999.0   ,   9990.0
   7
 10 
-88.61546      49.14685
-88.62338      49.14823
-88.62722      49.15314
-88.63128      49.16516
-88.62905      49.17218
-88.62542      49.17413
-88.62086      49.16462
-88.61646      49.16769
-88.61414      49.16602
-88.61546      49.14685
 1 
 1             313           
1
 -9999.0   ,   9990.0
   7
 8 
-84.04025      49.17288
-84.03764      49.17385
-84.03236      49.17186
-84.02927      49.16727
-84.03371      49.16162
-84.04029      49.16209
-84.04659      49.16851
-84.04025      49.17288
 1 
 1             314           
1
 -9999.0   ,   9990.0
   7
 7 
-89.47083      49.16083
-89.46149      49.16634
-89.45587      49.16713
-89.45351      49.16548
-89.46255      49.15928
-89.4692       49.15874
-89.47083      49.16083
 1 
 1             315           
1
 -9999.0   ,   9990.0
   7
 7 
-85.26158      49.15155
-85.26804      49.1579
-85.26595      49.1603
-85.24987      49.16278
-85.24896      49.1618
-85.25556      49.15463
-85.26158      49.15155
 1 
 1             316           
1
 -9999.0   ,   9990.0
   7
 12 
-88.41611      49.13249
-88.42222      49.13954
-88.42977      49.13155
-88.43244      49.13324
-88.43381      49.13831
-88.43115      49.15081
-88.42634      49.15934
-88.42198      49.16172
-88.41595      49.15375
-88.41798      49.1497
-88.4134       49.13629
-88.41611      49.13249
 1 
 1             317           
1
 -9999.0   ,   9990.0
   7
 20 
-87.39045      49.12295
-87.39542      49.12201
-87.4064       49.12749
-87.41001      49.12626
-87.40373      49.11159
-87.40685      49.11172
-87.41838      49.12248
-87.42144      49.14549
-87.41772      49.14786
-87.41214      49.1442
-87.40859      49.14497
-87.40912      49.15026
-87.40372      49.15576
-87.40096      49.15175
-87.40072      49.14694
-87.40684      49.13758
-87.40642      49.13459
-87.40234      49.12984
-87.39461      49.12678
-87.39045      49.12295
 1 
 1             318           
1
 -9999.0   ,   9990.0
   7
 14 
-90            49.14808
-89.99241      49.15217
-89.98749      49.15322
-89.98373      49.15133
-89.98446      49.1422
-89.97996      49.13299
-89.97589      49.13017
-89.98376      49.12506
-89.98114      49.12113
-89.98611      49.1187
-89.98909      49.12241
-89.99464      49.12297
-90            49.12766
-90            49.14808
 1 
 1             319           
1
 -9999.0   ,   9990.0
   7
 13 
-89.37622      49.15116
-89.36868      49.1487
-89.36712      49.14547
-89.36041      49.14074
-89.36272      49.13668
-89.37449      49.13147
-89.38113      49.13093
-89.38477      49.13467
-89.39246      49.13394
-89.39679      49.13769
-89.39524      49.14062
-89.38746      49.14296
-89.37622      49.15116
 1 
 1             320           
1
 -9999.0   ,   9990.0
   7
 16 
-88.97147      49.14913
-88.97309      49.1398
-88.98283      49.13434
-88.98451      49.12982
-88.98248      49.12314
-88.97608      49.11976
-88.97093      49.11276
-88.97391      49.10965
-88.98264      49.11491
-88.9924       49.11471
-88.99706      49.11826
-88.99951      49.12381
-88.99569      49.13491
-88.98965      49.14253
-88.97989      49.14821
-88.97147      49.14913
 1 
 1             321           
1
 -9999.0   ,   9990.0
   7
 19 
-84.52998      49.14336
-84.51453      49.1437
-84.50839      49.14719
-84.50381      49.14734
-84.50099      49.14302
-84.50454      49.13821
-84.51209      49.13917
-84.51901      49.13298
-84.53032      49.13442
-84.53612      49.12861
-84.54731      49.12867
-84.55189      49.12622
-84.56182      49.11403
-84.56432      49.11373
-84.5688       49.11863
-84.56828      49.12203
-84.56044      49.12748
-84.53797      49.137
-84.52998      49.14336
 1 
 1             322           
1
 -9999.0   ,   9990.0
   7
 21 
-88.86583      49.10649
-88.86669      49.11474
-88.86429      49.12496
-88.85496      49.14551
-88.85207      49.14726
-88.83849      49.13614
-88.83504      49.13558
-88.8306       49.1398
-88.82604      49.14014
-88.81884      49.13307
-88.83502      49.13055
-88.83766      49.12766
-88.83318      49.12136
-88.83561      49.11617
-88.83492      49.11066
-88.83932      49.10736
-88.84536      49.10547
-88.84731      49.10209
-88.85019      49.10057
-88.85623      49.10417
-88.86583      49.10649
 1 
 1             323           
1
 -9999.0   ,   9990.0
   7
 16 
-84.60788      49.14648
-84.61         49.14409
-84.62989      49.13531
-84.63509      49.12647
-84.643        49.12056
-84.64266      49.11825
-84.64671      49.11461
-84.66167      49.11054
-84.66638      49.11177
-84.67028      49.11593
-84.65716      49.11943
-84.64698      49.12656
-84.64499      49.13263
-84.62441      49.14366
-84.61768      49.14643
-84.60788      49.14648
 1 
 1             324           
1
 -9999.0   ,   9990.0
   7
 7 
-89.28759      49.13469
-89.27614      49.1463
-89.27196      49.14643
-89.27104      49.14413
-89.27645      49.13466
-89.27894      49.13357
-89.28759      49.13469
 1 
 1             325           
1
 -9999.0   ,   9990.0
   7
 15 
-89.48779      49.1427
-89.47556      49.14335
-89.47082      49.14072
-89.468        49.14135
-89.46573      49.14495
-89.45389      49.14469
-89.45186      49.14374
-89.46518      49.13534
-89.48856      49.12763
-89.50332      49.12475
-89.51546      49.1257
-89.51816      49.12759
-89.51489      49.13026
-89.50262      49.13182
-89.48779      49.1427
 1 
 1             326           
1
 -9999.0   ,   9990.0
   7
 19 
-86.31119      49.0991
-86.32225      49.11181
-86.31937      49.11853
-86.32094      49.11999
-86.32726      49.11962
-86.32902      49.12246
-86.31551      49.13048
-86.30962      49.13018
-86.30702      49.13738
-86.29971      49.14021
-86.28572      49.13446
-86.2826       49.13132
-86.28357      49.12908
-86.2947       49.12347
-86.2993       49.11408
-86.30434      49.11273
-86.30673      49.10139
-86.30911      49.099
-86.31119      49.0991
 1 
 1             327           
1
 -9999.0   ,   9990.0
   7
 7 
-89.77049      49.13758
-89.77592      49.13288
-89.78224      49.13163
-89.79039      49.13636
-89.78331      49.13896
-89.77456      49.13994
-89.77049      49.13758
 1 
 1             328           
1
 -9999.0   ,   9990.0
   7
 17 
-89.2273       49.1353
-89.21612      49.12977
-89.21592      49.12702
-89.2264       49.12659
-89.22137      49.1171
-89.22111      49.10932
-89.23436      49.10896
-89.24088      49.11689
-89.23525      49.12407
-89.24101      49.12695
-89.24626      49.13279
-89.25422      49.13343
-89.25443      49.13596
-89.24628      49.1385
-89.23861      49.13854
-89.23673      49.13484
-89.2273       49.1353
 1 
 1             329           
1
 -9999.0   ,   9990.0
   7
 18 
-86.53519      49.08917
-86.55397      49.07727
-86.55779      49.07745
-86.55786      49.0796
-86.55803      49.08456
-86.54979      49.09584
-86.53914      49.10059
-86.53706      49.10346
-86.53928      49.11777
-86.52388      49.13672
-86.51992      49.13767
-86.5198       49.12965
-86.51107      49.1235
-86.50911      49.11928
-86.51271      49.11212
-86.51138      49.10542
-86.51729      49.09952
-86.53519      49.08917
 1 
 1             330           
1
 -9999.0   ,   9990.0
   7
 9 
-88.25802      49.12646
-88.27943      49.11985
-88.28102      49.12196
-88.28076      49.12996
-88.27656      49.13005
-88.27292      49.13221
-88.26306      49.13349
-88.25896      49.13244
-88.25802      49.12646
 1 
 1             331           
1
 -9999.0   ,   9990.0
   7
 16 
-88.74478      49.08914
-88.75843      49.09844
-88.76311      49.10659
-88.76152      49.10951
-88.74688      49.11
-88.73044      49.12119
-88.72211      49.12095
-88.71753      49.11647
-88.71618      49.11072
-88.71876      49.10348
-88.7145       49.09947
-88.71438      49.09604
-88.72078      49.0889
-88.72739      49.08887
-88.73248      49.09084
-88.74478      49.08914
 1 
 1             332           
1
 -9999.0   ,   9990.0
   7
 6 
-89.42844      49.1119
-89.40954      49.12061
-89.40296      49.12001
-89.39721      49.11668
-89.4093       49.11193
-89.42844      49.1119
 1 
 1             333           
1
 -9999.0   ,   9990.0
   7
 20 
-85.07908      49.06631
-85.08071      49.06228
-85.08908      49.05752
-85.09297      49.05707
-85.09706      49.06513
-85.10256      49.06286
-85.10336      49.06253
-85.10907      49.06656
-85.11099      49.07264
-85.10971      49.07669
-85.10164      49.0794
-85.09844      49.08472
-85.09863      49.0955
-85.08374      49.10192
-85.0781       49.11924
-85.07434      49.11625
-85.07082      49.10433
-85.07522      49.09314
-85.08666      49.07917
-85.07908      49.06631
 1 
 1             334           
1
 -9999.0   ,   9990.0
   7
 27 
-88.28903      49.11742
-88.28184      49.11581
-88.26456      49.11845
-88.26379      49.11499
-88.26718      49.11167
-88.27312      49.11141
-88.28112      49.1023
-88.28058      49.08216
-88.27354      49.06957
-88.27454      49.06092
-88.27259      49.05468
-88.26289      49.04041
-88.25536      49.03445
-88.25113      49.02607
-88.25491      49.02038
-88.25782      49.01601
-88.27098      49.02582
-88.28833      49.04445
-88.28904      49.05339
-88.29228      49.05647
-88.28895      49.06368
-88.29356      49.07618
-88.29174      49.08641
-88.29694      49.09138
-88.3002       49.09881
-88.29558      49.11375
-88.28903      49.11742
 1 
 1             335           
1
 -9999.0   ,   9990.0
   7
 7 
-89.30175      49.09892
-89.30759      49.1066
-89.29159      49.11285
-89.28419      49.11427
-89.28117      49.11237
-89.28198      49.11033
-89.30175      49.09892
 1 
 1             336           
1
 -9999.0   ,   9990.0
   7
 41 
-85.19584      49.10468
-85.20544      49.09357
-85.20897      49.09332
-85.21532      49.09784
-85.22127      49.09774
-85.23952      49.08967
-85.24087      49.09251
-85.24565      49.09325
-85.26138      49.08571
-85.2679       49.079
-85.27502      49.07805
-85.28028      49.07539
-85.28471      49.07107
-85.29058      49.06912
-85.29579      49.06922
-85.29831      49.07119
-85.30432      49.07064
-85.31112      49.0644
-85.31789      49.0609
-85.32374      49.05392
-85.33041      49.05111
-85.33626      49.051
-85.34051      49.05377
-85.34067      49.05767
-85.32695      49.06603
-85.30596      49.07395
-85.29871      49.07833
-85.28719      49.0758
-85.28275      49.08012
-85.28419      49.0848
-85.28221      49.08651
-85.27308      49.08689
-85.26034      49.10308
-85.23159      49.11373
-85.22633      49.11387
-85.2227       49.10494
-85.21899      49.10402
-85.21696      49.10513
-85.20536      49.11145
-85.20095      49.1105
-85.19584      49.10468
 1 
 1             337           
1
 -9999.0   ,   9990.0
   7
 10 
-85.48252      49.10778
-85.47402      49.10866
-85.46238      49.11211
-85.46324      49.10573
-85.47749      49.10106
-85.48044      49.09481
-85.4869       49.08831
-85.49081      49.08785
-85.48676      49.10482
-85.48252      49.10778
 1 
 1             338           
1
 -9999.0   ,   9990.0
   7
 9 
-89.14708      49.10726
-89.14724      49.10453
-89.1543       49.09693
-89.15928      49.095
-89.16406      49.09672
-89.16671      49.10501
-89.16414      49.10723
-89.15351      49.1104
-89.14708      49.10726
 1 
 1             339           
1
 -9999.0   ,   9990.0
   7
 9 
-87.36244      49.10966
-87.35612      49.11009
-87.35018      49.10664
-87.33269      49.10363
-87.3358       49.09667
-87.33953      49.09407
-87.34374      49.09379
-87.36365      49.10789
-87.36244      49.10966
 1 
 1             340           
1
 -9999.0   ,   9990.0
   7
 7 
-84.20109      49.10385
-84.19709      49.09186
-84.21146      49.07655
-84.21358      49.07647
-84.21541      49.08028
-84.2117       49.09449
-84.20109      49.10385
 1 
 1             341           
1
 -9999.0   ,   9990.0
   7
 8 
-89.63168      49.09115
-89.63904      49.08993
-89.64361      49.09642
-89.64203      49.10028
-89.63672      49.10199
-89.63294      49.10123
-89.62765      49.09541
-89.63168      49.09115
 1 
 1             342           
1
 -9999.0   ,   9990.0
   7
 8 
-89.29657      49.09194
-89.28654      49.09696
-89.28062      49.09704
-89.27554      49.09464
-89.27499      49.09212
-89.28428      49.08136
-89.28774      49.08807
-89.29657      49.09194
 1 
 1             343           
1
 -9999.0   ,   9990.0
   7
 13 
-89.25931      49.06111
-89.26421      49.06077
-89.26691      49.06221
-89.27108      49.06848
-89.27136      49.07603
-89.26661      49.08003
-89.2627       49.08771
-89.25988      49.08855
-89.25291      49.08221
-89.24984      49.07505
-89.24429      49.07469
-89.24131      49.0721
-89.25931      49.06111
 1 
 1             344           
1
 -9999.0   ,   9990.0
   7
 25 
-86.53022      49.02527
-86.53108      49.02394
-86.53802      49.02405
-86.54502      49.02072
-86.5515       49.00959
-86.5548       49.01112
-86.5557       49.01552
-86.54072      49.0496
-86.54158      49.05743
-86.53551      49.06171
-86.53706      49.0666
-86.53304      49.07121
-86.53902      49.07379
-86.52829      49.08243
-86.52583      49.08254
-86.5165       49.07567
-86.51584      49.06922
-86.51141      49.06832
-86.50189      49.08778
-86.50028      49.08655
-86.49933      49.07345
-86.50963      49.05953
-86.51232      49.045
-86.52562      49.03214
-86.53022      49.02527
 1 
 1             345           
1
 -9999.0   ,   9990.0
   7
 16 
-86.72744      49.04961
-86.73362      49.05356
-86.73709      49.06334
-86.73359      49.06982
-86.72307      49.07367
-86.71712      49.08026
-86.71368      49.07987
-86.71349      49.07207
-86.707        49.06765
-86.70612      49.06303
-86.69856      49.06199
-86.69639      49.05959
-86.69963      49.05539
-86.70778      49.05097
-86.71553      49.0534
-86.72744      49.04961
 1 
 1             346           
1
 -9999.0   ,   9990.0
   7
 27 
-89.21001      49.05969
-89.20662      49.06417
-89.19846      49.06718
-89.19855      49.06555
-89.19873      49.06238
-89.19583      49.05842
-89.19667      49.04976
-89.19065      49.05167
-89.18605      49.0591
-89.18169      49.06242
-89.1772       49.06185
-89.17523      49.0538
-89.18669      49.04791
-89.18275      49.04393
-89.19334      49.03505
-89.20127      49.02405
-89.20523      49.02163
-89.21004      49.02244
-89.21828      49.01829
-89.22614      49.02054
-89.24153      49.01246
-89.24888      49.00533
-89.25306      49.0052
-89.24734      49.0142
-89.21554      49.03583
-89.22002      49.04279
-89.21001      49.05969
 1 
 1             347           
1
 -9999.0   ,   9990.0
   7
 26 
-85.12539      49.05242
-85.13668      49.04188
-85.14243      49.04063
-85.14449      49.0458
-85.15965      49.03733
-85.16774      49.02704
-85.17119      49.02725
-85.17181      49.03027
-85.16701      49.03709
-85.16798      49.04013
-85.17281      49.04043
-85.18094      49.03725
-85.18478      49.03726
-85.18806      49.04113
-85.18478      49.0446
-85.192        49.05031
-85.18847      49.05308
-85.18309      49.05413
-85.18044      49.0581
-85.1662       49.0625
-85.16196      49.05788
-85.1568       49.05986
-85.15193      49.06461
-85.14239      49.0654
-85.12699      49.05596
-85.12539      49.05242
 1 
 1             348           
1
 -9999.0   ,   9990.0
   7
 10 
-88.98022      49.03576
-88.98316      49.03881
-88.98328      49.04247
-88.97946      49.04808
-88.98166      49.0518
-88.96702      49.06352
-88.96558      49.05891
-88.97266      49.0399
-88.97601      49.03633
-88.98022      49.03576
 1 
 1             349           
1
 -9999.0   ,   9990.0
   7
 8 
-88.64046      49.03192
-88.64668      49.03759
-88.64609      49.05128
-88.65583      49.0614
-88.65534      49.06345
-88.63928      49.05428
-88.63704      49.03616
-88.64046      49.03192
 1 
 1             350           
1
 -9999.0   ,   9990.0
   7
 38 
-84.40431      49.0529
-84.41171      49.04812
-84.42712      49.04343
-84.44114      49.03635
-84.4457       49.03184
-84.44945      49.0213
-84.45494      49.01524
-84.46993      49.00639
-84.47629      48.99924
-84.47365      48.99378
-84.47608      48.99165
-84.48053      48.99218
-84.48288      48.99524
-84.48778      49.00162
-84.48904      49.00699
-84.48511      49.012
-84.48138      49.01359
-84.46889      49.01527
-84.46823      49.01729
-84.47258      49.0185
-84.47542      49.0226
-84.47251      49.02562
-84.46456      49.02737
-84.4644       49.03058
-84.45724      49.03836
-84.46076      49.04273
-84.46487      49.04324
-84.46692      49.04567
-84.45494      49.05749
-84.45095      49.06066
-84.44397      49.06065
-84.43974      49.05646
-84.43393      49.05561
-84.42945      49.053
-84.42568      49.05252
-84.41709      49.05607
-84.4101       49.05605
-84.40431      49.0529
 1 
 1             351           
1
 -9999.0   ,   9990.0
   7
 17 
-85.01826      49.02833
-85.03151      49.02595
-85.03949      49.02622
-85.03996      49.02786
-85.03159      49.03261
-85.02098      49.04571
-85.01779      49.05561
-85.00921      49.05461
-85.00104      49.058
-85            49.05793
-84.99654      49.05772
-84.99608      49.05608
-84.99691      49.0504
-85            49.0495
-85.00857      49.047
-85.01788      49.03336
-85.01826      49.02833
 1 
 1             352           
1
 -9999.0   ,   9990.0
   7
 21 
-84.92313      49.04413
-84.93408      49.03611
-84.93657      49.03658
-84.94325      49.03784
-84.97239      49.02224
-84.97379      49.02462
-84.96492      49.03278
-84.95345      49.03963
-84.95451      49.04199
-84.97001      49.03379
-84.97034      49.03634
-84.96394      49.0419
-84.96094      49.04813
-84.9466       49.05067
-84.93648      49.05783
-84.93158      49.05797
-84.931        49.05473
-84.93468      49.05106
-84.93391      49.04918
-84.92574      49.04774
-84.92313      49.04413
 1 
 1             353           
1
 -9999.0   ,   9990.0
   7
 13 
-85.92676      49.02918
-85.92778      49.03222
-85.91908      49.04595
-85.91891      49.05557
-85.91589      49.05747
-85.91124      49.05561
-85.90968      49.04865
-85.91221      49.03962
-85.91061      49.03289
-85.9122       49.03137
-85.9163       49.03205
-85.92344      49.02786
-85.92676      49.02918
 1 
 1             354           
1
 -9999.0   ,   9990.0
   7
 7 
-88.7796       49.04144
-88.77782      49.05259
-88.77419      49.055
-88.76096      49.05508
-88.76541      49.04035
-88.76873      49.03747
-88.7796       49.04144
 1 
 1             355           
1
 -9999.0   ,   9990.0
   7
 35 
-84.22449      49.02418
-84.22881      49.02333
-84.23164      49.02743
-84.24144      49.0295
-84.24346      49.0278
-84.23898      49.02312
-84.24439      49.01983
-84.25179      49.00863
-84.27224      48.9965
-84.28339      48.98786
-84.29338      48.98649
-84.30668      48.98626
-84.31195      48.98823
-84.31631      48.98716
-84.32092      48.98885
-84.32498      48.99625
-84.30924      49.01606
-84.30803      49.01713
-84.29162      49.01714
-84.28959      49.01871
-84.28849      49.02358
-84.29421      49.0249
-84.29625      49.02963
-84.27842      49.05366
-84.27254      49.03809
-84.26825      49.03435
-84.26012      49.03493
-84.25292      49.0319
-84.25003      49.03469
-84.2544       49.04441
-84.25248      49.04772
-84.24649      49.04799
-84.22969      49.04384
-84.22629      49.04107
-84.22449      49.02418
 1 
 1             356           
1
 -9999.0   ,   9990.0
   7
 9 
-89.58151      49.03594
-89.57419      49.04333
-89.57291      49.0481
-89.55953      49.0517
-89.55862      49.04894
-89.56479      49.04382
-89.56223      49.03919
-89.56443      49.03696
-89.58151      49.03594
 1 
 1             357           
1
 -9999.0   ,   9990.0
   7
 18 
-89.41108      49.00547
-89.36397      49.02039
-89.35454      49.02337
-89.35642      49.0273
-89.34962      49.03103
-89.34912      49.03376
-89.34264      49.03795
-89.33992      49.04314
-89.32471      49.04804
-89.32491      49.04439
-89.33143      49.03952
-89.32599      49.03733
-89.33424      49.0325
-89.33625      49.02751
-89.34278      49.02241
-89.3948       49.00464
-89.40529      49.00329
-89.41108      49.00547
 1 
 1             358           
1
 -9999.0   ,   9990.0
   7
 8 
-89.75522      49.02143
-89.76201      49.03276
-89.7583       49.03794
-89.74681      49.04617
-89.74417      49.04292
-89.749        49.03617
-89.75131      49.02365
-89.75522      49.02143
 1 
 1             359           
1
 -9999.0   ,   9990.0
   7
 7 
-89.06988      49.04199
-89.07966      49.03539
-89.08385      49.03504
-89.08614      49.03738
-89.07944      49.04498
-89.07318      49.04482
-89.06988      49.04199
 1 
 1             360           
1
 -9999.0   ,   9990.0
   7
 14 
-86.93964      49.00287
-86.94004      49.00727
-86.93292      49.02313
-86.93388      49.0273
-86.92509      49.03812
-86.9087       49.04493
-86.90578      49.03633
-86.90685      49.03271
-86.90947      49.031
-86.9228       49.03001
-86.92579      49.02808
-86.92819      49.01514
-86.93236      49.00846
-86.93964      49.00287
 1 
 1             361           
1
 -9999.0   ,   9990.0
   7
 26 
-87.01499      48.94602
-87.01864      48.94435
-87.02934      48.94505
-87.03252      48.94794
-87.0335       48.95531
-87.02438      48.97642
-87.02274      48.98573
-87.02506      48.99361
-87.02422      48.99838
-87.01688      49.00881
-87.01469      49.01994
-87.01494      49.02273
-87.01599      49.03441
-87.01178      49.04155
-87.00962      49.04214
-87.00681      49.03903
-87.00611      49.0255
-86.99857      49.02448
-86.99705      49.02235
-86.99945      49.01926
-87.0041       49.01809
-87.00719      49.01502
-87.01265      48.99924
-87.0121       48.9674
-87.01564      48.95657
-87.01499      48.94602
 1 
 1             362           
1
 -9999.0   ,   9990.0
   7
 13 
-87.07266      49.03852
-87.06944      49.02922
-87.07149      49.02267
-87.09212      48.99771
-87.09678      48.99631
-87.10191      48.98874
-87.10158      49.00041
-87.09918      49.00352
-87.09482      49.00195
-87.09098      49.00545
-87.08591      49.01438
-87.07537      49.02559
-87.07266      49.03852
 1 
 1             363           
1
 -9999.0   ,   9990.0
   7
 16 
-85.49154      49.03585
-85.48738      49.03056
-85.47771      49.03504
-85.47396      49.03184
-85.48074      49.02559
-85.49874      48.99546
-85.50276      48.99409
-85.50851      48.99534
-85.51214      48.98385
-85.51902      48.98197
-85.52489      48.9901
-85.50274      49.00968
-85.49602      49.01823
-85.49589      49.01934
-85.49431      49.03349
-85.49154      49.03585
 1 
 1             364           
1
 -9999.0   ,   9990.0
   7
 10 
-88.70787      49.02223
-88.71182      49.0203
-88.7194       49.02143
-88.72585      49.01841
-88.73056      49.02083
-88.73418      49.02894
-88.7312       49.03206
-88.72419      49.02774
-88.71657      49.02729
-88.70787      49.02223
 1 
 1             365           
1
 -9999.0   ,   9990.0
   7
 6 
-84.31181      49.01968
-84.33382      49.01523
-84.34096      49.01641
-84.31985      49.03057
-84.31681      49.0299
-84.31181      49.01968
 1 
 1             366           
1
 -9999.0   ,   9990.0
   7
 8 
-86.71736      49.00792
-86.72159      49.01384
-86.71659      49.02139
-86.70164      49.02755
-86.69568      49.02796
-86.69516      49.02633
-86.70929      49.01807
-86.71736      49.00792
 1 
 1             367           
1
 -9999.0   ,   9990.0
   7
 17 
-85.41013      49.01411
-85.42021      49.0092
-85.42958      49.007
-85.43522      49.00389
-85.44036      48.99686
-85.47089      48.97985
-85.47409      48.97935
-85.47494      48.98077
-85.46109      48.99303
-85.46035      48.99849
-85.44024      49.0106
-85.42563      49.01295
-85.42066      49.0161
-85.41728      49.02301
-85.41498      49.02406
-85.41065      49.01942
-85.41013      49.01411
 1 
 1             368           
1
 -9999.0   ,   9990.0
   7
 9 
-88.90663      49.02304
-88.89979      49.01576
-88.90499      49.01042
-88.90446      49.00241
-88.91371      48.999
-88.91934      49.00876
-88.91834      49.01375
-88.91382      49.01912
-88.90663      49.02304
 1 
 1             369           
1
 -9999.0   ,   9990.0
   7
 9 
-88.84616      49.02297
-88.83628      49.01995
-88.82439      49.01024
-88.82457      49.00751
-88.8374       49.00787
-88.84269      49.00664
-88.84708      49.0086
-88.84986      49.01416
-88.84616      49.02297
 1 
 1             370           
1
 -9999.0   ,   9990.0
   7
 5 
-89.02153      49.01948
-89.01086      49.01783
-89.01806      49.00796
-89.02678      49.01322
-89.02153      49.01948
 1 
 1             371           
1
 -9999.0   ,   9990.0
   7
 6 
-90            49.00822
-90            49.01821
-89.99326      49.01944
-89.99198      49.0169
-89.99605      49.01058
-90            49.00822
 1 
 1             372           
1
 -9999.0   ,   9990.0
   7
 8 
-88.84276      48.96253
-88.84812      48.96017
-88.85784      48.97095
-88.86218      48.98456
-88.86339      49.00905
-88.86141      49.01288
-88.85775      49.01026
-88.84276      48.96253
 5 
 1             373           
1
 -9999.0   ,   9990.0
   7
 211 
-84.36065      49.01111
-84.35536      49.00707
-84.35642      49.00255
-84.3629       48.99473
-84.36981      48.9952
-84.37382      48.98744
-84.37304      48.98142
-84.36867      48.97377
-84.36309      48.97155
-84.35741      48.97438
-84.35218      48.97218
-84.34931      48.97267
-84.34499      48.98225
-84.34035      48.98078
-84.33912      48.97312
-84.32174      48.96617
-84.32108      48.96384
-84.32388      48.9615
-84.32951      48.9612
-84.33033      48.95827
-84.32399      48.95646
-84.31829      48.95721
-84.30655      48.96332
-84.30271      48.96532
-84.29215      48.96367
-84.28769      48.96107
-84.28651      48.95754
-84.31241      48.94601
-84.30952      48.94444
-84.30102      48.94753
-84.29167      48.9471
-84.28736      48.94359
-84.29292      48.94145
-84.29802      48.93354
-84.30392      48.92935
-84.309        48.91501
-84.31429      48.90803
-84.32016      48.90614
-84.32386      48.90915
-84.32287      48.91321
-84.3299       48.91278
-84.34281      48.90863
-84.35046      48.90617
-84.36548      48.90811
-84.3767       48.90544
-84.37805      48.90347
-84.37081      48.89861
-84.37091      48.89357
-84.37352      48.8903
-84.3684       48.88306
-84.37109      48.88142
-84.38375      48.88504
-84.38656      48.8827
-84.38346      48.87813
-84.37881      48.87666
-84.37776      48.87452
-84.40628      48.87464
-84.41043      48.87699
-84.41356      48.88363
-84.41877      48.8771
-84.42608      48.87485
-84.43618      48.87485
-84.43924      48.87358
-84.44622      48.87071
-84.44537      48.8695
-84.42889      48.87251
-84.42178      48.86675
-84.43619      48.85028
-84.43034      48.84989
-84.42734      48.85129
-84.42442      48.84994
-84.42485      48.84721
-84.42955      48.84386
-84.42848      48.83966
-84.44201      48.83759
-84.44731      48.83267
-84.45399      48.82992
-84.45851      48.81438
-84.46322      48.80644
-84.45953      48.79885
-84.45508      48.79624
-84.45074      48.79929
-84.44493      48.80336
-84.44176      48.8036
-84.44116      48.80081
-84.44545      48.79559
-84.43868      48.78113
-84.43958      48.77981
-84.44391      48.78102
-84.45426      48.78815
-84.46994      48.7945
-84.47618      48.80135
-84.47865      48.80106
-84.47864      48.79441
-84.48124      48.79113
-84.48831      48.79254
-84.48931      48.81739
-84.49339      48.82249
-84.49724      48.82229
-84.50163      48.81639
-84.50562      48.81707
-84.51448      48.82553
-84.51853      48.82625
-84.52533      48.80927
-84.5293       48.80609
-84.53134      48.81082
-84.52572      48.82468
-84.51704      48.82914
-84.50464      48.83289
-84.48856      48.83341
-84.47923      48.84196
-84.48036      48.84364
-84.49002      48.84637
-84.49098      48.84918
-84.48147      48.85887
-84.48328      48.8606
-84.48836      48.85934
-84.49154      48.86116
-84.48753      48.86685
-84.48128      48.87125
-84.46131      48.87885
-84.46021      48.8885
-84.45858      48.903
-84.46395      48.90198
-84.46657      48.90308
-84.46678      48.90838
-84.46944      48.90924
-84.47406      48.90864
-84.48133      48.89995
-84.48511      48.89355
-84.48449      48.88639
-84.49166      48.88734
-84.49734      48.88428
-84.49739      48.88175
-84.49284      48.8819
-84.49106      48.87995
-84.49491      48.87309
-84.50831      48.88318
-84.51015      48.88927
-84.50686      48.89249
-84.50001      48.88951
-84.49694      48.89136
-84.49149      48.90542
-84.48879      48.91239
-84.47998      48.92649
-84.47589      48.92369
-84.47116      48.92497
-84.46151      48.93098
-84.45126      48.94084
-84.44931      48.94161
-84.44382      48.94378
-84.44386      48.95021
-84.4391       48.95608
-84.43708      48.96674
-84.43361      48.97109
-84.44158      48.9714
-84.4456       48.97466
-84.45167      48.97599
-84.45481      48.97827
-84.4565       48.98527
-84.45269      48.99397
-84.44757      48.99546
-84.4439       48.98993
-84.44041      48.99658
-84.43748      48.99752
-84.43535      48.99555
-84.43041      48.9959
-84.42477      48.9985
-84.4235       48.99543
-84.43304      48.98804
-84.42649      48.9853
-84.42156      48.979
-84.42008      48.97357
-84.41824      48.96683
-84.41393      48.96539
-84.41012      48.96742
-84.41064      48.97297
-84.40919      48.97333
-84.40401      48.96861
-84.40393      48.96471
-84.40708      48.9624
-84.41354      48.96123
-84.4158       48.95794
-84.41188      48.94963
-84.40811      48.94709
-84.39812      48.94847
-84.39556      48.94485
-84.40314      48.941
-84.40262      48.93982
-84.39614      48.93892
-84.39142      48.93354
-84.37932      48.93294
-84.37674      48.93162
-84.37619      48.93066
-84.38792      48.92917
-84.38728      48.9266
-84.37706      48.91855
-84.37024      48.91763
-84.36139      48.9216
-84.34586      48.92858
-84.3478       48.93169
-84.35668      48.9307
-84.36176      48.93381
-84.36516      48.95631
-84.37518      48.96573
-84.37918      48.96692
-84.38341      48.96215
-84.38759      48.96657
-84.38932      48.98873
-84.3806       48.99755
-84.36065      49.01111
 1             373           2 
1
 -9999.0   ,   9990.0
   7
 9 
-84.42897      48.92739
-84.42437      48.93006
-84.41824      48.9425
-84.42126      48.94982
-84.43473      48.94844
-84.43829      48.93904
-84.43746      48.93325
-84.43366      48.92862
-84.42897      48.92739
 1             373           3 
1
 -9999.0   ,   9990.0
   7
 9 
-84.39536      48.90856
-84.37992      48.91369
-84.37956      48.91597
-84.38858      48.91843
-84.39056      48.92132
-84.40735      48.91649
-84.40774      48.914
-84.40108      48.90987
-84.39536      48.90856
 1             373           4 
1
 -9999.0   ,   9990.0
   7
 8 
-84.46591      48.84932
-84.45513      48.85823
-84.45512      48.86052
-84.47297      48.8576
-84.47839      48.85407
-84.47958      48.85094
-84.47055      48.85078
-84.46591      48.84932
 1             373           5 
1
 -9999.0   ,   9990.0
   7
 7 
-84.46433      48.83269
-84.45979      48.83283
-84.4485       48.84056
-84.44852      48.84263
-84.45354      48.84389
-84.46563      48.83553
-84.46433      48.83269
 1 
 1             374           
1
 -9999.0   ,   9990.0
   7
 16 
-88.82319      48.9805
-88.82694      48.98175
-88.83579      48.97902
-88.8406       48.97984
-88.84383      48.98359
-88.84171      48.9897
-88.83503      48.99615
-88.82097      48.99872
-88.81734      49.00114
-88.81624      49.00727
-88.81081      49.01078
-88.80489      49.01084
-88.804        49.00853
-88.80686      49.00199
-88.80569      48.99326
-88.82319      48.9805
 78 
 1             375           
1
 -9999.0   ,   9990.0
   7
 2152 
-88.08742      48.98621
-88.07526      48.97755
-88.06671      48.99327
-88.05866      49.00236
-88.04878      49.00865
-88.03944      49.00374
-88.0383       48.99639
-88.04269      48.98511
-88.04146      48.97888
-88.03629      48.97413
-88.02368      48.97117
-88.01014      48.96082
-88.00051      48.95709
-87.99681      48.95146
-87.99008      48.94894
-87.98229      48.94226
-87.9764       48.94205
-87.96185      48.93329
-87.94974      48.92874
-87.94311      48.92919
-87.93502      48.92615
-87.91911      48.92557
-87.91004      48.93028
-87.90306      48.93071
-87.88874      48.92767
-87.85259      48.91059
-87.84202      48.9056
-87.83086      48.90632
-87.80704      48.9171
-87.79668      48.91649
-87.78094      48.90995
-87.77533      48.90654
-87.77459      48.90308
-87.77836      48.89567
-87.77141      48.89175
-87.76628      48.89087
-87.74852      48.89958
-87.73406      48.89834
-87.71758      48.89245
-87.68926      48.88725
-87.68197      48.88331
-87.66574      48.85913
-87.65778      48.85127
-87.65572      48.8504
-87.65244      48.84901
-87.64312      48.84841
-87.62711      48.85305
-87.61591      48.8581
-87.59917      48.85928
-87.59369      48.86227
-87.59324      48.86728
-87.587        48.87115
-87.57832      48.87127
-87.57196      48.86873
-87.56201      48.86765
-87.55552      48.85504
-87.55696      48.84956
-87.56299      48.82629
-87.55818      48.8222
-87.55105      48.82055
-87.53471      48.82493
-87.52809      48.82535
-87.52532      48.82913
-87.51549      48.83423
-87.49713      48.83418
-87.48656      48.83604
-87.44567      48.83232
-87.43588      48.82964
-87.42431      48.82368
-87.41697      48.82063
-87.40764      48.8056
-87.40044      48.80119
-87.38076      48.79328
-87.36554      48.79312
-87.35008      48.79545
-87.33663      48.79489
-87.32674      48.79699
-87.31164      48.79544
-87.30036      48.79405
-87.29611      48.79136
-87.29438      48.78786
-87.30836      48.77196
-87.30807      48.76784
-87.29884      48.7631
-87.28702      48.76009
-87.26617      48.75738
-87.26461      48.75914
-87.27102      48.76444
-87.26871      48.76686
-87.26421      48.7669
-87.24706      48.76097
-87.23408      48.75647
-87.22022      48.75657
-87.20655      48.75483
-87.20438      48.75932
-87.19659      48.76104
-87.19383      48.76802
-87.19075      48.76765
-87.18704      48.76315
-87.18408      48.76508
-87.18552      48.76811
-87.18228      48.77278
-87.18127      48.7796
-87.15978      48.77638
-87.15266      48.76784
-87.14979      48.76886
-87.13963      48.76658
-87.1377       48.76856
-87.13189      48.76785
-87.12435      48.76363
-87.123        48.77021
-87.12015      48.771
-87.11735      48.7679
-87.1045       48.77168
-87.09564      48.77038
-87.09113      48.77384
-87.08552      48.77451
-87.07252      48.77302
-87.06576      48.77822
-87.05482      48.78025
-87.04856      48.78387
-87.03951      48.78438
-87.04241      48.78657
-87.04219      48.78862
-87.03465      48.78783
-87.03359      48.79144
-87.03079      48.79177
-87.02039      48.78513
-87.02372      48.77613
-87.02091      48.77325
-87.00893      48.7718
-87.00135      48.7749
-86.99752      48.78182
-86.99966      48.78618
-87.00554      48.7982
-87.00552      48.80506
-87.00002      48.80802
-86.99389      48.80363
-86.98606      48.80236
-86.97975      48.80299
-86.97022      48.80805
-86.96517      48.81332
-86.96138      48.81315
-86.95741      48.81801
-86.96413      48.80664
-86.97158      48.80171
-86.97598      48.79596
-86.97509      48.79111
-86.96242      48.78299
-86.95461      48.77485
-86.94842      48.77434
-86.94097      48.76943
-86.926        48.77079
-86.91756      48.77157
-86.90446      48.77097
-86.89721      48.76744
-86.89424      48.76272
-86.89479      48.75748
-86.88084      48.7486
-86.86459      48.74511
-86.85914      48.74761
-86.83286      48.75074
-86.80352      48.76609
-86.80523      48.7696
-86.79886      48.77731
-86.79348      48.77912
-86.78203      48.77927
-86.76777      48.77334
-86.75046      48.77963
-86.74372      48.78434
-86.74239      48.79023
-86.73609      48.78765
-86.73127      48.79062
-86.72996      48.79308
-86.73451      48.79581
-86.71329      48.79985
-86.7089       48.80192
-86.70587      48.80751
-86.69517      48.79761
-86.69482      48.79439
-86.69456      48.79048
-86.68462      48.78635
-86.67363      48.78857
-86.66401      48.78788
-86.65118      48.78475
-86.64074      48.78837
-86.6374       48.78729
-86.62014      48.7773
-86.62152      48.75539
-86.62323      48.7525
-86.63161      48.75176
-86.63468      48.74916
-86.64235      48.73602
-86.64207      48.73234
-86.63831      48.72873
-86.63116      48.7277
-86.60236      48.73157
-86.59188      48.72924
-86.58504      48.72546
-86.57814      48.72833
-86.56308      48.72691
-86.56108      48.72718
-86.55429      48.72808
-86.55091      48.72746
-86.54553      48.72285
-86.54101      48.72308
-86.5389       48.72642
-86.54224      48.73368
-86.54134      48.73867
-86.54318      48.74379
-86.53828      48.75043
-86.53826      48.75683
-86.53433      48.75481
-86.52812      48.74534
-86.52206      48.74688
-86.50791      48.75877
-86.50079      48.76049
-86.48583      48.77028
-86.48358      48.75963
-86.48044      48.75674
-86.47522      48.75693
-86.46899      48.76303
-86.45903      48.76231
-86.45409      48.76502
-86.44794      48.7684
-86.44352      48.76772
-86.43611      48.76277
-86.43404      48.77183
-86.4298       48.77253
-86.42699      48.76987
-86.42699      48.75773
-86.42069      48.75535
-86.42129      48.7531
-86.42971      48.75214
-86.42751      48.74723
-86.4325       48.7429
-86.44598      48.74013
-86.44909      48.73708
-86.44904      48.73456
-86.44089      48.73622
-86.43141      48.73437
-86.42678      48.73551
-86.41594      48.74848
-86.41406      48.7489
-86.41344      48.74904
-86.41167      48.74345
-86.40897      48.74286
-86.40466      48.74722
-86.3948       48.73963
-86.38838      48.72923
-86.38769      48.72324
-86.38863      48.721
-86.39342      48.7185
-86.4011       48.72094
-86.4075       48.71943
-86.41051      48.71432
-86.40816      48.71076
-86.39366      48.70752
-86.38182      48.69913
-86.37522      48.68437
-86.36017      48.67102
-86.3583       48.66564
-86.35472      48.65539
-86.34981      48.65308
-86.34901      48.65098
-86.35586      48.65156
-86.35718      48.64911
-86.35081      48.64741
-86.34851      48.6434
-86.34371      48.64316
-86.33173      48.64804
-86.3071       48.65182
-86.30583      48.65084
-86.30716      48.64243
-86.31014      48.64052
-86.31738      48.64067
-86.33178      48.63533
-86.32933      48.63006
-86.31818      48.62789
-86.31465      48.62564
-86.3174       48.62281
-86.34078      48.62208
-86.34096      48.61989
-86.33166      48.61896
-86.32952      48.61656
-86.33586      48.61253
-86.30914      48.60475
-86.30392      48.59922
-86.30194      48.59545
-86.30393      48.59029
-86.29842      48.58726
-86.28501      48.59275
-86.27909      48.59313
-86.27486      48.59085
-86.27456      48.58763
-86.27644      48.58792
-86.28337      48.589
-86.28596      48.58753
-86.28103      48.58544
-86.28195      48.58343
-86.29192      48.58371
-86.29871      48.58177
-86.29819      48.58037
-86.25689      48.57939
-86.25119      48.57795
-86.25038      48.57608
-86.25288      48.57529
-86.27072      48.57621
-86.28094      48.57445
-86.28468      48.57189
-86.28124      48.56897
-86.27709      48.56898
-86.27236      48.57103
-86.26909      48.56949
-86.26681      48.56547
-86.2685       48.55984
-86.27698      48.55524
-86.27378      48.54728
-86.26881      48.5484
-86.26691      48.53823
-86.25974      48.52297
-86.24376      48.50062
-86.248        48.4997
-86.25305      48.50065
-86.25301      48.49515
-86.24945      48.48443
-86.23614      48.46886
-86.23597      48.46152
-86.23276      48.45655
-86.233        48.4458
-86.22116      48.42663
-86.22345      48.42469
-86.23571      48.42578
-86.23529      48.42348
-86.22809      48.42035
-86.22653      48.41318
-86.2174       48.40605
-86.21585      48.4011
-86.21565      48.40047
-86.21208      48.39868
-86.20242      48.40184
-86.18544      48.3943
-86.18438      48.39173
-86.19104      48.38475
-86.20271      48.37918
-86.20004      48.37561
-86.19465      48.37464
-86.19368      48.36543
-86.18369      48.35987
-86.18288      48.35799
-86.18842      48.35759
-86.19079      48.35497
-86.18293      48.33441
-86.17916      48.32704
-86.17079      48.31069
-86.16956      48.30829
-86.16673      48.30608
-86.15905      48.3043
-86.157        48.29274
-86.15038      48.28208
-86.15016      48.27246
-86.14796      48.27074
-86.14311      48.27117
-86.1313       48.26092
-86.13251      48.25938
-86.14         48.26276
-86.14302      48.2604
-86.13968      48.25107
-86.14627      48.24752
-86.14691      48.24504
-86.12935      48.23426
-86.12922      48.23242
-86.13274      48.23169
-86.134        48.2297
-86.12265      48.22154
-86.1187       48.21446
-86.11727      48.21209
-86.10419      48.20407
-86.11556      48.19781
-86.10271      48.19071
-86.10149      48.18377
-86.09493      48.18136
-86.09008      48.17332
-86.08836      48.16773
-86.08307      48.16332
-86.08772      48.15876
-86.07159      48.14782
-86.0645       48.13576
-86.05336      48.13172
-86.04656      48.12014
-86.04128      48.11573
-86.04117      48.11091
-86.03252      48.10335
-86.01589      48.09397
-86.004        48.09057
-85.98633      48.08137
-85.98683      48.08002
-85.99744      48.08266
-86.01307      48.08901
-86.03281      48.08963
-86.03244      48.08708
-86.02083      48.08142
-86.02671      48.08082
-86.02831      48.07885
-86.02596      48.07778
-86.00663      48.06897
-85.99608      48.06862
-85.98168      48.06348
-85.97418      48.0578
-85.96985      48.05688
-85.96788      48.05631
-85.96489      48.04996
-85.96193      48.04882
-85.93719      48.03928
-85.93514      48.03642
-85.95173      48.03756
-85.95082      48.03385
-85.94268      48.02791
-85.94994      48.02441
-85.94951      48.02233
-85.93493      48.01877
-85.92979      48.01895
-85.93307      48.0228
-85.93222      48.02412
-85.91759      48.02377
-85.90719      48.01403
-85.91123      48.01174
-85.91061      48.0085
-85.90465      48.00703
-85.89832      48.003
-85.89473      48
-85.88722      47.99662
-85.88125      47.98846
-85.87642      47.98599
-85.85192      47.97093
-85.81135      47.95191
-85.78664      47.94232
-85.75759      47.93597
-85.73878      47.93066
-85.72211      47.9308
-85.70358      47.92274
-85.69548      47.92555
-85.66681      47.92054
-85.62832      47.9172
-85.60657      47.91828
-85.59736      47.91653
-85.5785       47.91609
-85.56776      47.91584
-85.55447      47.91388
-85.53139      47.91679
-85.52216      47.91389
-85.47624      47.91352
-85.44028      47.91924
-85.4049       47.91901
-85.39437      47.92016
-85.39166      47.92046
-85.34732      47.93739
-85.32696      47.94207
-85.28484      47.94755
-85.26442      47.9481
-85.25256      47.95114
-85.24506      47.95094
-85.23378      47.94597
-85.21916      47.94724
-85.2059       47.94839
-85.19881      47.95276
-85.18282      47.9542
-85.14742      47.9532
-85.13616      47.95005
-85.11237      47.95288
-85.06099      47.9533
-85.03171      47.9527
-85.01642      47.95526
-85            47.95467
-84.99294      47.95442
-84.98477      47.95581
-84.98036      47.95811
-84.96468      47.95358
-84.95214      47.96252
-84.92522      47.95527
-84.91324      47.94297
-84.90574      47.93888
-84.90166      47.93934
-84.90441      47.94596
-84.90988      47.94983
-84.90921      47.95234
-84.90241      47.95441
-84.89084      47.95557
-84.87449      47.95241
-84.86089      47.95266
-84.85271      47.95039
-84.84623      47.94469
-84.84652      47.93419
-84.84414      47.93169
-84.84108      47.93169
-84.84241      47.92415
-84.83558      47.91593
-84.83624      47.91068
-84.84508      47.90998
-84.85018      47.90769
-84.86439      47.89168
-84.87626      47.88595
-84.89621      47.86262
-84.90296      47.8521
-84.90974      47.8498
-84.92298      47.84886
-84.92738      47.84634
-84.93049      47.83816
-84.93374      47.82965
-84.94218      47.8189
-84.93739      47.81411
-84.93702      47.80771
-84.92818      47.80385
-84.91658      47.79154
-84.91046      47.78974
-84.89893      47.79135
-84.89078      47.78908
-84.89348      47.78497
-84.89922      47.78107
-84.9104       47.77717
-84.91682      47.77213
-84.93329      47.74331
-84.94228      47.73809
-84.94276      47.73781
-84.94576      47.72935
-84.95728      47.72841
-84.97118      47.72974
-84.97456      47.72813
-84.98061      47.71966
-84.99311      47.71324
-85            47.70495
-85.00454      47.6995
-85.00079      47.69585
-85            47.69565
-84.9862       47.69201
-84.98178      47.68951
-84.97426      47.67697
-84.97622      47.66736
-84.98328      47.65798
-84.99116      47.65197
-85            47.64525
-85.01158      47.63642
-85.01524      47.62865
-85.01146      47.61906
-85.0148       47.61288
-85.00967      47.60445
-85.0127       47.60238
-85.02251      47.60395
-85.03062      47.60324
-85.03157      47.59341
-85.03664      47.59249
-85.03966      47.58951
-85.03491      47.58609
-85.02544      47.58589
-85.01356      47.57885
-85.00342      47.57956
-85            47.57862
-84.98954      47.57572
-84.98209      47.57391
-84.96716      47.56367
-84.95466      47.56393
-84.94618      47.55778
-84.94548      47.55368
-84.95351      47.54063
-84.95416      47.53561
-84.95076      47.53127
-84.94264      47.52809
-84.93588      47.52765
-84.93148      47.52446
-84.92942      47.52013
-84.91962      47.51717
-84.9142       47.5133
-84.90238      47.51264
-84.88109      47.49831
-84.87328      47.49785
-84.86516      47.49238
-84.83206      47.48512
-84.82463      47.4833
-84.81584      47.47737
-84.78749      47.47307
-84.78004      47.46257
-84.76348      47.44841
-84.75774      47.44476
-84.74695      47.44271
-84.73985      47.43335
-84.72534      47.42582
-84.71758      47.42057
-84.71084      47.41921
-84.70509      47.4071
-84.69801      47.39955
-84.69935      47.38996
-84.69598      47.3831
-84.70035      47.37898
-84.70068      47.36962
-84.69764      47.36642
-84.68619      47.35911
-84.6808       47.35843
-84.67339      47.35409
-84.65117      47.35752
-84.64208      47.35592
-84.63333      47.34929
-84.62458      47.34175
-84.61348      47.33649
-84.59903      47.30471
-84.59668      47.3022
-84.58659      47.30059
-84.58323      47.29808
-84.58323      47.29442
-84.58659      47.29168
-84.58862      47.28071
-84.59838      47.27569
-84.60376      47.26792
-84.61386      47.26015
-84.62259      47.25855
-84.62918      47.25134
-84.63032      47.2501
-84.64443      47.24233
-84.65216      47.23341
-84.65552      47.22084
-84.66122      47.2165
-84.66189      47.2101
-84.66727      47.20621
-84.67398      47.20392
-84.67599      47.19638
-84.68304      47.19181
-84.69009      47.19044
-84.69646      47.18426
-84.70384      47.18175
-84.70752      47.17511
-84.70517      47.17214
-84.69309      47.17032
-84.69074      47.16735
-84.69777      47.15454
-84.71034      47.14691
-84.72224      47.13967
-84.73565      47.13715
-84.73832      47.13395
-84.73462      47.13075
-84.72625      47.1303
-84.72389      47.12755
-84.72758      47.12276
-84.72858      47.11681
-84.72085      47.10698
-84.71247      47.10608
-84.70945      47.10219
-84.70944      47.09694
-84.71512      47.08893
-84.73353      47.07337
-84.73721      47.06697
-84.74959      47.06125
-84.7535       47.05736
-84.76296      47.04798
-84.77032      47.04705
-84.776        47.04293
-84.77966      47.03538
-84.77965      47.02875
-84.77762      47.0219
-84.77058      47.01207
-84.77994      47.01138
-84.78427      47.00314
-84.78961      46.99994
-84.79061      46.99422
-84.78388      46.978
-84.77717      46.97046
-84.76044      46.96773
-84.75217      46.96239
-84.72999      46.94809
-84.71629      46.94764
-84.70159      46.96205
-84.69558      46.96457
-84.68555      46.9648
-84.67017      46.96183
-84.65812      46.95338
-84.65211      46.92205
-84.64776      46.91428
-84.61404      46.88523
-84.60969      46.88569
-84.59834      46.89757
-84.59399      46.89826
-84.59166      46.90077
-84.59966      46.90809
-84.60333      46.91449
-84.60068      46.92375
-84.59998      46.92616
-84.59531      46.92889
-84.58829      46.9289
-84.58294      46.93232
-84.57458      46.94192
-84.57357      46.94306
-84.56689      46.94351
-84.55019      46.93916
-84.53282      46.93091
-84.52715      46.92656
-84.51648      46.91764
-84.51114      46.91717
-84.50678      46.92288
-84.49239      46.93155
-84.47569      46.93153
-84.43896      46.92438
-84.43396      46.91934
-84.43131      46.91476
-84.42598      46.91201
-84.42114      46.91162
-84.39992      46.9099
-84.3896       46.90303
-84.3803       46.89248
-84.36364      46.88558
-84.35833      46.88008
-84.35503      46.8707
-84.35639      46.8659
-84.36611      46.85906
-84.37115      46.85222
-84.37387      46.84033
-84.37957      46.83463
-84.39228      46.82665
-84.3974       46.8212
-84.39999      46.81844
-84.39601      46.81431
-84.39668      46.8118
-84.41502      46.81183
-84.41701      46.8155
-84.41599      46.8203
-84.42931      46.82558
-84.43396      46.82902
-84.43594      46.8352
-84.4396       46.83887
-84.45695      46.83821
-84.46994      46.84143
-84.47962      46.84122
-84.48596      46.83825
-84.50003      46.81655
-84.50436      46.81655
-84.51278      46.82148
-84.51336      46.82182
-84.53536      46.82619
-84.5447       46.82505
-84.55238      46.82072
-84.55672      46.8118
-84.55206      46.80745
-84.54239      46.80699
-84.53874      46.80195
-84.53943      46.79029
-84.54145      46.77611
-84.54779      46.76972
-84.55114      46.76263
-84.55781      46.75715
-84.55582      46.75371
-84.54584      46.74593
-84.54185      46.73952
-84.54219      46.73518
-84.54519      46.73312
-84.55185      46.73427
-84.55851      46.73359
-84.5635       46.73795
-84.56716      46.73749
-84.57049      46.73451
-84.5725       46.72331
-84.57188      46.69495
-84.56756      46.68649
-84.56125      46.68237
-84.55559      46.68076
-84.54494      46.68098
-84.52963      46.68623
-84.52164      46.69057
-84.5193       46.69331
-84.51874      46.70236
-84.51828      46.71
-84.50992      46.71868
-84.49821      46.74451
-84.48421      46.75181
-84.46289      46.75201
-84.43994      46.74236
-84.4383       46.73596
-84.42899      46.73022
-84.42968      46.72657
-84.43369      46.72292
-84.43706      46.71103
-84.44172      46.70875
-84.44274      46.70372
-84.43843      46.69868
-84.42084      46.68606
-84.42053      46.68149
-84.42388      46.67624
-84.43187      46.67443
-84.4372       46.67032
-84.46284      46.6619
-84.46818      46.65665
-84.47915      46.65735
-84.48414      46.65575
-84.49116      46.64204
-84.49982      46.6352
-84.5118       46.6288
-84.51222      46.62845
-84.55074      46.59636
-84.56736      46.587
-84.58896      46.57032
-84.59229      46.56299
-84.59529      46.54287
-84.58966      46.5296
-84.58407      46.52599
-84.57972      46.52318
-84.55882      46.51723
-84.53995      46.50075
-84.53034      46.50096
-84.52735      46.4989
-84.52538      46.48975
-84.52606      46.48038
-84.52376      46.47442
-84.51681      46.4687
-84.48634      46.46111
-84.47142      46.4588
-84.46976      46.46292
-84.45948      46.46816
-84.45846      46.47113
-84.46012      46.47365
-84.46674      46.47732
-84.47535      46.47871
-84.47932      46.48168
-84.47267      46.48739
-84.46702      46.49013
-84.45243      46.49354
-84.4448       46.49375
-84.4355       46.49831
-84.42885      46.50334
-84.42088      46.50606
-84.41126      46.50696
-84.4          46.50282
-84.39337      46.50281
-84.38837      46.50828
-84.38172      46.51216
-84.37674      46.5126
-84.36912      46.50938
-84.35287      46.51186
-84.35224      46.50454
-84.34725      46.50321
-84.34528      46.50269
-84.34261      46.50658
-84.33929      46.50748
-84.32606      46.49943
-84.31414      46.49735
-84.29722      46.49776
-84.28235      46.49176
-84.27406      46.49059
-84.2631       46.49376
-84.25478      46.49854
-84.23504      46.52203
-84.22871      46.52727
-84.21971      46.53204
-84.21042      46.53292
-84.20642      46.5352
-84.19674      46.54156
-84.1868       46.54107
-84.18081      46.54265
-84.17085      46.5426
-84.1669       46.53939
-84.16496      46.53275
-84.16601      46.5268
-84.16238      46.52404
-84.1521       46.524
-84.14739      46.53061
-84.14343      46.52831
-84.12749      46.52962
-84.11061      46.52588
-84.10269      46.52173
-84.09942      46.51576
-84.10083      46.50777
-84.07546      46.49163
-84.07048      46.49252
-84.07635      46.5017
-84.07432      46.50535
-84.05213      46.50273
-84.05115      46.50158
-84.04792      46.49287
-84.05461      46.4881
-84.06323      46.487
-84.0669       46.48496
-84.09104      46.45671
-84.096        46.42379
-84.09638      46.41921
-84.10174      46.41146
-84.10414      46.40278
-84.11044      46.40258
-84.11114      46.39846
-84.12009      46.39645
-84.12278      46.39257
-84.11729      46.37722
-84.11865      46.37288
-84.12464      46.36901
-84.12534      46.36536
-84.1211       46.35847
-84.11288      46.35317
-84.10527      46.35114
-84.09554      46.35101
-84.0931       46.34432
-84.08753      46.33891
-84.08388      46.32791
-84.08012      46.32984
-84.08069      46.33781
-84.07818      46.33996
-84.07042      46.33238
-84.0622       46.32754
-84.05077      46.3149
-84.04386      46.31235
-84.03394      46.31161
-84.02664      46.31432
-84.02136      46.31429
-84.01014      46.31194
-84.00286      46.31327
-84            46.31448
-84            46.29776
-84.01029      46.29845
-84.0206       46.29209
-84.03388      46.28713
-84.03469      46.2871
-84.04445      46.28673
-84.05271      46.28723
-84.06554      46.29141
-84.07409      46.29626
-84.0819       46.30842
-84.08879      46.31348
-84.09771      46.31375
-84.10302      46.31195
-84.10602      46.30876
-84.10246      46.26642
-84.09036      46.25355
-84.09106      46.24989
-84.08976      46.24691
-84.09482      46.23526
-84.09291      46.22954
-84.08106      46.22513
-84.07516      46.22076
-84.06716      46.19669
-84.05411      46.18198
-84.02227      46.16855
-84.00392      46.15838
-84            46.15734
-84            46.08927
-84.00642      46.08197
-84.00284      46.07783
-84            46.07647
-84            46.038
-84.00197      46.03823
-84.00787      46.04032
-84.02189      46.05161
-84.03032      46.0631
-84.04449      46.07399
-84.05612      46.08291
-84.06197      46.09026
-84.06289      46.09667
-84.06052      46.10284
-84.05521      46.10762
-84.04562      46.11146
-84.03831      46.11646
-84.03173      46.11643
-84.01748      46.12413
-84.02205      46.1285
-84.03548      46.13612
-84.05883      46.13967
-84.06606      46.14245
-84.08383      46.14414
-84.08682      46.1452
-84.09369      46.14762
-84.1048       46.15774
-84.10405      46.16712
-84.10698      46.17148
-84.12181      46.17246
-84.12286      46.16492
-84.12782      46.16288
-84.13209      46.16564
-84.13759      46.17597
-84.14255      46.17576
-84.15084      46.1703
-84.15809      46.1701
-84.16335      46.17195
-84.16921      46.18159
-84.17383      46.18115
-84.17655      46.17041
-84.18279      46.17432
-84.18576      46.17342
-84.18809      46.17114
-84.18816      46.17057
-84.18914      46.16291
-84.20465      46.16091
-84.21948      46.16142
-84.2428       46.17386
-84.24344      46.17592
-84.23746      46.18368
-84.2381       46.1862
-84.24403      46.18599
-84.24966      46.18372
-84.26541      46.19613
-84.2667       46.19933
-84.26438      46.20116
-84.25349      46.20204
-84.25018      46.20408
-84.24653      46.20705
-84.25143      46.21278
-84.24482      46.21436
-84.24084      46.21824
-84.23589      46.21891
-84.22996      46.21569
-84.21768      46.22754
-84.20841      46.22956
-84.20541      46.23504
-84.20735      46.23963
-84.20634      46.24191
-84.1915       46.24094
-84.18623      46.23817
-84.18198      46.23289
-84.17738      46.23127
-84.17532      46.23912
-84.17439      46.24473
-84.18799      46.26678
-84.21032      46.28197
-84.21391      46.28838
-84.21702      46.31585
-84.21354      46.33758
-84.21774      46.35223
-84.22728      46.35867
-84.22691      46.3637
-84.23741      46.37609
-84.24852      46.39672
-84.25075      46.41022
-84.26118      46.43428
-84.28818      46.45975
-84.29409      46.46824
-84.29636      46.47739
-84.29996      46.48358
-84.31882      46.4905
-84.3281       46.49121
-84.33404      46.49557
-84.35626      46.49677
-84.36291      46.49313
-84.3692       46.49383
-84.37194      46.49158
-84.3742       46.48972
-84.38513      46.49089
-84.38848      46.48449
-84.40405      46.48521
-84.416        46.48158
-84.4356       46.47201
-84.44756      46.46425
-84.45022      46.45922
-84.44928      46.44595
-84.46722      46.42814
-84.47649      46.42884
-84.48343      46.43411
-84.48971      46.43618
-84.49004      46.43869
-84.49766      46.43962
-84.50198      46.43139
-84.50961      46.42888
-84.51722      46.42866
-84.54375      46.41497
-84.55501      46.41223
-84.56924      46.41086
-84.57918      46.41019
-84.5858       46.4118
-84.59539      46.42026
-84.59738      46.42781
-84.59306      46.43535
-84.58743      46.4349
-84.58148      46.42597
-84.57681      46.42421
-84.57419      46.42322
-84.56824      46.42322
-84.57121      46.42825
-84.58312      46.43947
-84.60067      46.45206
-84.60928      46.46373
-84.61491      46.477
-84.62153      46.48066
-84.64739      46.47998
-84.65965      46.48112
-84.67026      46.48546
-84.67358      46.48478
-84.68518      46.477
-84.68715      46.4763
-84.70074      46.4715
-84.71367      46.46464
-84.73354      46.45936
-84.75671      46.44996
-84.77162      46.44858
-84.78917      46.44421
-84.82958      46.44142
-84.83489      46.443
-84.8392       46.44643
-84.84088      46.45283
-84.84502      46.45614
-84.85517      46.46425
-84.8618       46.46491
-84.88831      46.46236
-84.90454      46.46255
-84.9238       46.47029
-84.92812      46.4737
-84.92982      46.48216
-84.93249      46.48353
-84.93811      46.48169
-84.94376      46.48305
-84.95332      46.47502
-84.95993      46.4718
-84.96622      46.47109
-84.98182      46.4738
-84.99641      46.47444
-85.03229      46.53426
-85.02302      46.53795
-85.02072      46.54162
-85.02173      46.54391
-85.03106      46.54868
-85.03834      46.54705
-85.04466      46.54795
-85.03938      46.55163
-85.03907      46.55574
-85.0311       46.55531
-85.02616      46.55179
-85.02343      46.54985
-85.02146      46.55351
-85.03134      46.59054
-85.02671      46.64224
-85.02251      46.66101
-85.02558      46.67152
-85.02334      46.68547
-85.01649      46.70517
-85.01187      46.71227
-85            46.72455
-84.9917       46.73314
-84.9748       46.74714
-84.97003      46.75014
-84.94891      46.76344
-84.94593      46.76642
-84.94995      46.77053
-84.96226      46.76775
-84.99657      46.7656
-85            46.76445
-85.03246      46.7536
-85.04677      46.75104
-85.08662      46.75215
-85.11273      46.75286
-85.15274      46.75682
-85.16839      46.75653
-85.19534      46.75297
-85.20996      46.74947
-85.24458      46.74771
-85.25552      46.74308
-85.26528      46.74058
-85.28009      46.73678
-85.33812      46.71633
-85.39149      46.69955
-85.40278      46.69787
-85.42266      46.6918
-85.43059      46.68763
-85.46767      46.67481
-85.50349      46.66793
-85.5324       46.66611
-85.60738      46.66933
-85.64557      46.67094
-85.65491      46.67247
-85.69946      46.67163
-85.72038      46.66962
-85.75139      46.67322
-85.77565      46.67208
-85.78566      46.67382
-85.84442      46.68376
-85.87772      46.68549
-85.96402      46.67226
-85.97026      46.67284
-85.98123      46.67248
-86.01064      46.66438
-86.02159      46.66334
-86.07612      46.64921
-86.08998      46.64721
-86.09169      46.64696
-86.10301      46.64751
-86.11072      46.65016
-86.12831      46.66138
-86.13503      46.66405
-86.1417       46.66465
-86.15495      46.66265
-86.19         46.64299
-86.23734      46.62339
-86.24391      46.61961
-86.27036      46.60441
-86.33337      46.57792
-86.36544      46.56214
-86.38546      46.55453
-86.39687      46.55187
-86.43259      46.54354
-86.45752      46.54454
-86.47611      46.53419
-86.48701      46.52281
-86.51047      46.50941
-86.52729      46.49633
-86.54428      46.48874
-86.55208      46.48404
-86.56076      46.47589
-86.58186      46.46274
-86.59398      46.44881
-86.6028       46.44501
-86.6244       46.41811
-86.63341      46.41064
-86.64062      46.40869
-86.64992      46.40922
-86.65334      46.41213
-86.65419      46.41761
-86.65252      46.42137
-86.64836      46.43075
-86.64982      46.43485
-86.6566       46.43908
-86.67641      46.43714
-86.69629      46.43727
-86.72224      46.45809
-86.72486      46.46606
-86.73193      46.46937
-86.74699      46.47299
-86.77514      46.47204
-86.78337      46.47055
-86.78633      46.47001
-86.79589      46.45977
-86.81448      46.43426
-86.83149      46.42869
-86.83254      46.43004
-86.8601       46.43159
-86.87113      46.43413
-86.87725      46.43814
-86.88469      46.45035
-86.89262      46.45799
-86.91395      46.45938
-86.91987      46.45976
-86.92824      46.46189
-86.93536      46.46588
-86.96548      46.51335
-86.97576      46.52116
-86.99073      46.52224
-86.99685      46.52578
-87.01647      46.52676
-87.02019      46.52051
-87.03079      46.51984
-87.03421      46.51761
-87.03692      46.51583
-87.05597      46.5111
-87.07682      46.50976
-87.10921      46.49148
-87.12461      46.48727
-87.13722      46.48747
-87.14828      46.48998
-87.15915      46.4957
-87.16516      46.49649
-87.17022      46.49112
-87.18364      46.48695
-87.19445      46.48592
-87.2302       46.48252
-87.29264      46.48435
-87.33536      46.49003
-87.35933      46.49865
-87.3686       46.50508
-87.37897      46.51377
-87.3828       46.52444
-87.38212      46.53086
-87.37362      46.5338
-87.37079      46.53707
-87.37204      46.5423
-87.38482      46.5594
-87.38507      46.56467
-87.38201      46.56999
-87.37269      46.57662
-87.37231      46.58235
-87.37583      46.58662
-87.38143      46.58557
-87.38409      46.57865
-87.38836      46.57763
-87.39437      46.57841
-87.40463      46.58435
-87.41884      46.58288
-87.42691      46.58476
-87.43272      46.58805
-87.43875      46.59569
-87.45036      46.60205
-87.45564      46.60788
-87.45777      46.6173
-87.45904      46.62291
-87.46461      46.62781
-87.49284      46.64042
-87.50392      46.65571
-87.51651      46.66777
-87.52018      46.67455
-87.51816      46.68078
-87.51928      46.68304
-87.55438      46.70531
-87.56336      46.71307
-87.56519      46.71465
-87.57865      46.73035
-87.58509      46.74529
-87.58756      46.76079
-87.58492      46.77413
-87.5864       46.77684
-87.60097      46.78128
-87.61623      46.79258
-87.63032      46.80664
-87.63678      46.809
-87.64097      46.80615
-87.64896      46.80595
-87.6629       46.81704
-87.66924      46.82947
-87.67562      46.8364
-87.68231      46.83669
-87.68578      46.83294
-87.68898      46.82417
-87.69549      46.82103
-87.70175      46.81972
-87.71456      46.82191
-87.72408      46.82533
-87.72858      46.8282
-87.73168      46.83612
-87.73243      46.84983
-87.73413      46.85642
-87.73694      46.8591
-87.74361      46.85892
-87.74951      46.85678
-87.75376      46.85523
-87.7732       46.86251
-87.77671      46.86562
-87.77884      46.87403
-87.79038      46.87716
-87.80378      46.87772
-87.81453      46.88477
-87.81961      46.886
-87.83516      46.88331
-87.85582      46.8823
-87.86632      46.88499
-87.87732      46.89019
-87.89611      46.90319
-87.90258      46.9053
-87.95723      46.90243
-87.98231      46.90266
-87.98486      46.90285
-87.99137      46.90333
-88.00564      46.90727
-88.02506      46.90764
-88.04922      46.91475
-88.06645      46.91769
-88.08349      46.91766
-88.11904      46.9084
-88.14436      46.90698
-88.15944      46.90242
-88.16068      46.90235
-88.17477      46.90152
-88.18002      46.89999
-88.19151      46.89118
-88.20158      46.89203
-88.20509      46.88941
-88.20537      46.88322
-88.22966      46.86579
-88.23372      46.85606
-88.25328      46.83281
-88.26919      46.82066
-88.2761       46.81908
-88.27699      46.82018
-88.27828      46.82176
-88.25279      46.85137
-88.24164      46.87551
-88.23394      46.88581
-88.22465      46.89316
-88.21771      46.89865
-88.21219      46.90133
-88.20426      46.90271
-88.17728      46.92021
-88.16459      46.92584
-88.14281      46.94136
-88.13472      46.9512
-88.12731      46.95576
-88.12456      46.95996
-88.12564      46.96131
-88.13958      46.9593
-88.14343      46.96216
-88.14744      46.96205
-88.15653      46.95766
-88.16008      46.9565
-88.18637      46.94786
-88.20052      46.93875
-88.23387      46.92678
-88.25592      46.91078
-88.28423      46.89872
-88.3071       46.88343
-88.30826      46.88265
-88.32285      46.87076
-88.32941      46.86873
-88.34665      46.85653
-88.3538       46.85356
-88.36447      46.85323
-88.36827      46.85517
-88.37016      46.85855
-88.36825      46.86502
-88.37046      46.86816
-88.37418      46.86873
-88.39536      46.85067
-88.40118      46.84271
-88.39666      46.8401
-88.38808      46.84151
-88.38321      46.83869
-88.38327      46.83457
-88.38596      46.83112
-88.38912      46.82706
-88.41319      46.80754
-88.42128      46.79858
-88.45181      46.7516
-88.45569      46.74988
-88.45944      46.75091
-88.46558      46.74819
-88.47325      46.74818
-88.48419      46.75218
-88.48689      46.75759
-88.48528      46.76053
-88.48334      46.76411
-88.4705       46.77643
-88.46325      46.7778
-88.46008      46.78522
-88.4608       46.79092
-88.46591      46.7974
-88.46658      46.80722
-88.47405      46.81912
-88.47604      46.82867
-88.47428      46.84223
-88.46674      46.86902
-88.46884      46.87537
-88.46866      46.87632
-88.46686      46.8855
-88.45698      46.90252
-88.44209      46.93962
-88.44479      46.95487
-88.43924      46.98182
-88.44406      46.99861
-88.47173      47.01169
-88.47489      47.01869
-88.48043      47.02126
-88.48582      47.02177
-88.48452      47.02731
-88.49291      47.0275
-88.4975       47.03078
-88.50191      47.03156
-88.5057       47.02823
-88.50193      47.02217
-88.50402      47.01845
-88.50912      47.01462
-88.51329      47.01678
-88.51451      47.01994
-88.51076      47.03356
-88.51076      47.03551
-88.51093      47.06057
-88.50786      47.09385
-88.51096      47.09992
-88.52397      47.10866
-88.55401      47.11593
-88.57437      47.11436
-88.59289      47.11562
-88.60169      47.11621
-88.611        47.1198
-88.6179       47.12712
-88.63023      47.15441
-88.6359       47.15857
-88.63761      47.16355
-88.63576      47.17071
-88.62777      47.17646
-88.61659      47.18941
-88.61398      47.19522
-88.62264      47.22263
-88.63011      47.22352
-88.63589      47.2199
-88.65231      47.2189
-88.66931      47.21216
-88.67122      47.21109
-88.70001      47.19512
-88.72021      47.18162
-88.75579      47.14906
-88.75968      47.1471
-88.79407      47.13974
-88.80876      47.1342
-88.81014      47.1334
-88.82034      47.12739
-88.83359      47.11137
-88.83939      47.10819
-88.85243      47.10751
-88.88126      47.09369
-88.89572      47.08082
-88.89862      47.07041
-88.90298      47.06591
-88.91641      47.03957
-88.91962      47.03327
-88.94192      47.00936
-88.95046      47.00265
-88.95821      46.99893
-88.97854      46.99317
-88.99146      46.99133
-89.01314      46.99009
-89.02849      46.99365
-89.04086      46.99343
-89.06229      46.9851
-89.06947      46.98231
-89.09322      46.98189
-89.10141      46.98388
-89.115        46.99047
-89.12062      46.98958
-89.13295      46.98454
-89.14091      46.97944
-89.14634      46.97191
-89.15327      46.96638
-89.16704      46.96289
-89.17377      46.95897
-89.18372      46.94119
-89.19616      46.9295
-89.23441      46.90195
-89.24665      46.89621
-89.27177      46.88838
-89.31776      46.87033
-89.32024      46.86932
-89.37433      46.84728
-89.4238       46.83547
-89.46234      46.83302
-89.49124      46.83582
-89.49907      46.83658
-89.51171      46.83584
-89.53828      46.83018
-89.55953      46.82862
-89.5821       46.82312
-89.60578      46.81504
-89.62544      46.81446
-89.64359      46.82332
-89.65249      46.8257
-89.66412      46.82534
-89.74544      46.82271
-89.76584      46.81909
-89.79808      46.80992
-89.83352      46.79579
-89.83718      46.79349
-89.86478      46.7761
-89.94649      46.71454
-89.96684      46.70533
-89.974        46.70209
-89.97976      46.69955
-90            46.6825
-90            47.81789
-89.99631      47.81948
-89.97294      47.82416
-89.9563       47.83152
-89.94195      47.83443
-89.93054      47.83973
-89.91339      47.8526
-89.90586      47.85567
-89.86743      47.86326
-89.84962      47.86971
-89.84306      47.87208
-89.83223      47.86911
-89.82369      47.87244
-89.8227       47.87638
-89.81946      47.87812
-89.80873      47.87995
-89.78588      47.88685
-89.76444      47.89805
-89.7539       47.89826
-89.74562      47.90089
-89.70518      47.92796
-89.69834      47.93038
-89.67811      47.93754
-89.67572      47.9413
-89.68138      47.94725
-89.67903      47.95146
-89.67064      47.95661
-89.6584       47.96077
-89.65256      47.96032
-89.64552      47.95786
-89.64019      47.95167
-89.63592      47.94979
-89.63329      47.95081
-89.63092      47.95479
-89.63782      47.97076
-89.63498      47.97705
-89.61299      47.98664
-89.60581      47.98647
-89.60392      47.98448
-89.60591      47.98113
-89.60807      47.97745
-89.60717      47.97497
-89.60391      47.97282
-89.59742      47.97285
-89.5783       47.97637
-89.56068      47.98142
-89.54991      47.98689
-89.52479      47.98834
-89.50999      47.99076
-89.50582      47.99367
-89.50772      47.99588
-89.5374       47.99584
-89.56453      47.99019
-89.56758      47.99205
-89.56679      47.9965
-89.56834      48
-89.57521      48.00616
-89.57111      48.00653
-89.56278      48.00316
-89.55041      48.00563
-89.54618      48.0085
-89.55119      48.01046
-89.55732      48.01012
-89.56033      48.01132
-89.55852      48.01356
-89.54374      48.01667
-89.53731      48.01607
-89.51228      48.01985
-89.50364      48.0224
-89.50318      48.0249
-89.51268      48.02557
-89.51929      48.02937
-89.51799      48.03505
-89.51373      48.03861
-89.49638      48.03844
-89.49614      48.02954
-89.49314      48.02833
-89.47328      48.03062
-89.46805      48.03324
-89.45792      48.03165
-89.45542      48.03387
-89.45633      48.0428
-89.46625      48.04188
-89.48262      48.04796
-89.47946      48.05017
-89.46025      48.0527
-89.45392      48.05667
-89.44531      48.05876
-89.43582      48.05763
-89.41869      48.05974
-89.41441      48.06352
-89.40645      48.06586
-89.40738      48.0677
-89.42774      48.06931
-89.43192      48.06735
-89.44251      48.06691
-89.44576      48.06311
-89.45807      48.06224
-89.46397      48.0601
-89.46903      48.06089
-89.46342      48.06419
-89.45724      48.06519
-89.43974      48.07439
-89.43929      48.07643
-89.44605      48.07749
-89.44732      48.07912
-89.44546      48.08242
-89.42624      48.08504
-89.42549      48.07976
-89.42388      48.0779
-89.42014      48.07781
-89.40694      48.08276
-89.4005       48.08216
-89.3788       48.08644
-89.36819      48.09396
-89.36235      48.09474
-89.35065      48.09035
-89.3454       48.09296
-89.34374      48.09863
-89.33124      48.10907
-89.35599      48.10532
-89.35927      48.10791
-89.35801      48.11244
-89.35178      48.11412
-89.34663      48.12108
-89.33967      48.12388
-89.33484      48.12491
-89.33079      48.12413
-89.32423      48.11917
-89.32109      48.12047
-89.30744      48.13339
-89.31001      48.13642
-89.3201       48.13895
-89.32364      48.14291
-89.31332      48.15728
-89.29585      48.16462
-89.2911       48.17045
-89.29298      48.17346
-89.29964      48.17682
-89.31382      48.17967
-89.31548      48.18578
-89.31582      48.18703
-89.31264      48.19517
-89.30592      48.19958
-89.29908      48.19964
-89.29626      48.19501
-89.30614      48.18268
-89.29323      48.18169
-89.27747      48.18884
-89.27375      48.19446
-89.27706      48.20253
-89.27184      48.22319
-89.27365      48.23374
-89.26514      48.25127
-89.26093      48.25992
-89.24398      48.27595
-89.23963      48.28635
-89.24129      48.29449
-89.24178      48.29691
-89.23907      48.30278
-89.22131      48.29595
-89.21371      48.2969
-89.21189      48.30508
-89.20541      48.30469
-89.20324      48.30669
-89.21074      48.31944
-89.20713      48.32894
-89.21544      48.33349
-89.21892      48.3386
-89.21737      48.34176
-89.21926      48.35094
-89.22929      48.34936
-89.24322      48.36387
-89.24899      48.36469
-89.25798      48.36354
-89.24418      48.38353
-89.23324      48.3892
-89.22176      48.39212
-89.22128      48.39462
-89.22511      48.39951
-89.22629      48.40913
-89.23154      48.41977
-89.21802      48.43428
-89.20285      48.44168
-89.19273      48.44439
-89.18738      48.44814
-89.18183      48.45061
-89.17328      48.45441
-89.16226      48.46715
-89.14452      48.47676
-89.11768      48.48339
-89.09613      48.48169
-89.08529      48.48484
-89.06628      48.48685
-89.05766      48.49303
-89.02635      48.49949
-89.01451      48.50193
-88.99688      48.50923
-88.98013      48.50742
-88.97522      48.50911
-88.96146      48.5092
-88.95676      48.51295
-88.962        48.51721
-88.9574       48.51937
-88.95188      48.51967
-88.94466      48.52519
-88.93373      48.51827
-88.93061      48.51864
-88.92724      48.52312
-88.92931      48.52866
-88.91391      48.53829
-88.88583      48.54162
-88.88139      48.54105
-88.8768       48.53749
-88.86972      48.54598
-88.85299      48.55488
-88.82841      48.55693
-88.81872      48.56328
-88.80752      48.56594
-88.80223      48.56905
-88.79679      48.57226
-88.77614      48.57212
-88.76173      48.56074
-88.75996      48.55635
-88.77586      48.52893
-88.80713      48.4976
-88.8219       48.48706
-88.82659      48.48169
-88.8334       48.4739
-88.84411      48.45684
-88.83645      48.44771
-88.84232      48.4408
-88.8628       48.41669
-88.86732      48.40494
-88.86611      48.40239
-88.85834      48.40035
-88.85788      48.39691
-88.8753       48.37638
-88.87656      48.37253
-88.87631      48.37195
-88.87206      48.36235
-88.87465      48.35945
-88.87974      48.36028
-88.88798      48.36553
-88.89689      48.36555
-88.90938      48.35767
-88.92011      48.34495
-88.93374      48.31837
-88.94641      48.30181
-88.94389      48.29831
-88.93876      48.29817
-88.92988      48.30341
-88.92392      48.30934
-88.91492      48.3183
-88.9098       48.31793
-88.90424      48.31367
-88.90052      48.31288
-88.89734      48.30891
-88.89251      48.30969
-88.88724      48.31731
-88.87195      48.32077
-88.85654      48.32056
-88.8356       48.33208
-88.83082      48.33172
-88.824        48.32604
-88.82031      48.32479
-88.81683      48.32561
-88.80667      48.33446
-88.79958      48.33288
-88.79442      48.33845
-88.79076      48.33674
-88.79055      48.32942
-88.77745      48.3359
-88.77844      48.34187
-88.77338      48.34584
-88.76716      48.34131
-88.76166      48.34161
-88.75421      48.34551
-88.75265      48.34843
-88.75373      48.35281
-88.74527      48.35119
-88.73992      48.35424
-88.7394       48.35696
-88.74614      48.35876
-88.74731      48.36176
-88.74624      48.36426
-88.74529      48.3665
-88.7378       48.37085
-88.73405      48.37577
-88.72526      48.37894
-88.72784      48.38678
-88.72148      48.39459
-88.72162      48.40282
-88.70932      48.41754
-88.70089      48.43641
-88.69883      48.441
-88.69928      48.44466
-88.69099      48.46064
-88.69201      48.47118
-88.69428      48.47308
-88.70118      48.47283
-88.70582      48.47525
-88.70727      48.4794
-88.70254      48.48841
-88.69401      48.4925
-88.68317      48.49538
-88.67831      48.49089
-88.67806      48.48448
-88.66838      48.48533
-88.66286      48.49568
-88.64374      48.50379
-88.64182      48.50671
-88.64562      48.51162
-88.64421      48.51729
-88.65213      48.51707
-88.6533       48.52008
-88.63972      48.53773
-88.64456      48.54244
-88.64292      48.55633
-88.63749      48.57034
-88.63045      48.57767
-88.62871      48.5879
-88.63379      48.59422
-88.63416      48.59903
-88.62788      48.61005
-88.61871      48.61822
-88.61663      48.61839
-88.60591      48.61898
-88.59602      48.61731
-88.58906      48.61824
-88.58007      48.62368
-88.57179      48.62389
-88.56381      48.62936
-88.55146      48.62852
-88.54239      48.6399
-88.54324      48.64244
-88.55123      48.64657
-88.55424      48.65283
-88.55549      48.6547
-88.54925      48.66502
-88.56192      48.67615
-88.55976      48.68248
-88.55276      48.68867
-88.54386      48.69251
-88.53776      48.69385
-88.52562      48.69652
-88.52091      48.6998
-88.52087      48.71009
-88.52571      48.71481
-88.53761      48.71746
-88.54528      48.72638
-88.55192      48.73024
-88.55366      48.73487
-88.54939      48.74663
-88.54918      48.75942
-88.54242      48.77178
-88.53279      48.78086
-88.53166      48.78722
-88.51961      48.79599
-88.49733      48.80765
-88.49122      48.81569
-88.48936      48.83186
-88.49182      48.83148
-88.49933      48.82325
-88.50194      48.82539
-88.49612      48.83436
-88.47542      48.84285
-88.45911      48.84326
-88.43568      48.8416
-88.41282      48.83219
-88.40397      48.83077
-88.38611      48.82814
-88.37334      48.82292
-88.36466      48.82333
-88.34177      48.81459
-88.33289      48.80534
-88.3302       48.80255
-88.32812      48.79791
-88.33316      48.78618
-88.33688      48.78265
-88.34648      48.7793
-88.33969      48.77748
-88.30996      48.76348
-88.30421      48.75712
-88.30372      48.75001
-88.32329      48.7102
-88.32937      48.70285
-88.33349      48.69864
-88.33362      48.69807
-88.33601      48.68798
-88.33988      48.68239
-88.34261      48.66899
-88.37357      48.65628
-88.38919      48.64558
-88.40272      48.63985
-88.42729      48.6244
-88.45051      48.60657
-88.45357      48.60421
-88.46276      48.59147
-88.5025       48.56552
-88.52775      48.54437
-88.54783      48.53287
-88.55059      48.53273
-88.55103      48.5412
-88.5549       48.53995
-88.56183      48.52721
-88.5703       48.51163
-88.56876      48.50404
-88.57149      48.49932
-88.58532      48.49335
-88.59686      48.48548
-88.60316      48.47881
-88.60191      48.47717
-88.5868       48.47694
-88.57706      48.4835
-88.57366      48.48294
-88.57131      48.47738
-88.57242      48.46622
-88.58021      48.45297
-88.5744       48.45256
-88.57428      48.44465
-88.57415      48.43633
-88.57107      48.43624
-88.56847      48.43212
-88.56797      48.43134
-88.56145      48.43137
-88.55862      48.42763
-88.56542      48.41367
-88.56174      48.40739
-88.55601      48.41086
-88.54307      48.42418
-88.53969      48.42338
-88.53751      48.42012
-88.53132      48.42518
-88.52886      48.43081
-88.53323      48.43713
-88.52644      48.44583
-88.52886      48.45048
-88.52267      48.46034
-88.51268      48.46551
-88.50724      48.46466
-88.50242      48.45993
-88.49526      48.45925
-88.49209      48.4603
-88.49277      48.47494
-88.50162      48.48093
-88.50626      48.49319
-88.49849      48.50575
-88.48588      48.51861
-88.4814       48.51869
-88.47795      48.50921
-88.47528      48.50799
-88.47174      48.50947
-88.45858      48.52506
-88.45641      48.53347
-88.45572      48.53617
-88.44341      48.54926
-88.44006      48.55761
-88.42702      48.56634
-88.42016      48.56612
-88.42432      48.54682
-88.42122      48.54193
-88.42061      48.53619
-88.41759      48.53518
-88.40861      48.54038
-88.39677      48.54228
-88.39552      48.54042
-88.40532      48.52885
-88.40354      48.52491
-88.39967      48.52615
-88.39388      48.53465
-88.39242      48.53572
-88.38734      48.53947
-88.38576      48.53736
-88.38989      48.52812
-88.38782      48.52805
-88.3778       48.53802
-88.36709      48.55252
-88.33593      48.57345
-88.33251      48.56854
-88.33456      48.56404
-88.33373      48.55669
-88.33031      48.55178
-88.32656      48.55143
-88.32369      48.55294
-88.32324      48.55886
-88.31825      48.57036
-88.3161       48.57143
-88.31409      48.57068
-88.31405      48.57015
-88.31337      48.56197
-88.30763      48.56497
-88.30368      48.5717
-88.30372      48.57582
-88.31262      48.58571
-88.31602      48.58628
-88.32245      48.5833
-88.33101      48.58403
-88.33484      48.58805
-88.33503      48.60405
-88.33978      48.61426
-88.33745      48.61785
-88.34263      48.62693
-88.34462      48.63728
-88.34284      48.64271
-88.32812      48.64566
-88.32551      48.64374
-88.32471      48.64126
-88.32328      48.63681
-88.31669      48.63248
-88.31145      48.62431
-88.30324      48.61878
-88.29986      48.61341
-88.29846      48.59531
-88.2964       48.59523
-88.29016      48.60029
-88.2871       48.59973
-88.28757      48.589
-88.28088      48.59083
-88.27756      48.58913
-88.27504      48.59064
-88.2727       48.59879
-88.26654      48.6027
-88.26116      48.61007
-88.24774      48.61876
-88.23447      48.61648
-88.23873      48.6148
-88.24463      48.61431
-88.25096      48.60813
-88.25611      48.59938
-88.25462      48.59179
-88.2609       48.58171
-88.2602       48.57735
-88.25252      48.57869
-88.2389       48.57663
-88.21436      48.59546
-88.20986      48.59577
-88.20459      48.59262
-88.20366      48.58687
-88.1993       48.58969
-88.19828      48.594
-88.20209      48.60259
-88.19659      48.6135
-88.19518      48.6163
-88.16756      48.62999
-88.16404      48.6397
-88.15494      48.65013
-88.14211      48.65975
-88.12611      48.67452
-88.11837      48.68499
-88.11187      48.68865
-88.10656      48.69464
-88.1061       48.70034
-88.10012      48.71043
-88.1069       48.73154
-88.10732      48.73285
-88.10824      48.74295
-88.09421      48.77584
-88.09941      48.78448
-88.10785      48.7914
-88.11325      48.79319
-88.12711      48.79299
-88.13392      48.79436
-88.16246      48.81433
-88.1771       48.82191
-88.18329      48.82235
-88.22009      48.83022
-88.22126      48.83103
-88.22633      48.83455
-88.24154      48.85289
-88.24346      48.86416
-88.24889      48.87463
-88.24209      48.89086
-88.22933      48.90347
-88.22956      48.91857
-88.23207      48.92185
-88.23949      48.92462
-88.24599      48.9349
-88.25583      48.94231
-88.26044      48.94567
-88.26184      48.95898
-88.27088      48.97253
-88.26856      48.97566
-88.26238      48.97911
-88.26039      48.98248
-88.26442      48.99793
-88.26228      49.00769
-88.25822      49.01076
-88.25543      49.00632
-88.25802      48.9952
-88.25746      48.99268
-88.25311      48.97332
-88.24617      48.9596
-88.24162      48.95556
-88.23487      48.95304
-88.22696      48.95209
-88.21819      48.95775
-88.20932      48.9602
-88.19611      48.96043
-88.18387      48.95705
-88.17574      48.94991
-88.17015      48.95041
-88.16769      48.9597
-88.15909      48.96741
-88.14521      48.97608
-88.13672      48.97351
-88.13751      48.97673
-88.13024      48.98518
-88.11757      48.9916
-88.11436      48.99263
-88.10541      48.99164
-88.09108      48.98839
-88.08742      48.98621
 1             375           2 
1
 -9999.0   ,   9990.0
   7
 6 
-88.55601      48.14994
-88.55724      48.1518
-88.55812      48.15388
-88.56477      48.15158
-88.56423      48.1495
-88.55601      48.14994
 1             375           3 
1
 -9999.0   ,   9990.0
   7
 11 
-88.13038      48.90468
-88.12341      48.90513
-88.11791      48.91752
-88.12749      48.92791
-88.13152      48.92965
-88.14118      48.93044
-88.15859      48.92966
-88.16292      48.92752
-88.16492      48.92416
-88.16213      48.91995
-88.13038      48.90468
 1             375           4 
1
 -9999.0   ,   9990.0
   7
 6 
-88.1853       48.89878
-88.1831       48.90031
-88.18624      48.90453
-88.19449      48.90984
-88.19926      48.90657
-88.1853       48.89878
 1             375           5 
1
 -9999.0   ,   9990.0
   7
 24 
-88.02029      48.88506
-88.01413      48.89674
-88.0254       48.92023
-88.02638      48.93376
-88.0306       48.93734
-88.05604      48.94464
-88.07594      48.94327
-88.08171      48.94073
-88.08806      48.93501
-88.09739      48.93122
-88.10076      48.92813
-88.10074      48.92401
-88.08863      48.91476
-88.08538      48.91228
-88.07803      48.91728
-88.07419      48.9176
-88.07041      48.9129
-88.06179      48.91214
-88.05338      48.90041
-88.04438      48.89598
-88.03598      48.89682
-88.03193      48.89119
-88.02407      48.88543
-88.02029      48.88506
 1             375           6 
1
 -9999.0   ,   9990.0
   7
 10 
-88.11353      48.87666
-88.10446      48.87749
-88.10222      48.87947
-88.11031      48.88662
-88.11321      48.8938
-88.11672      48.89324
-88.12221      48.8852
-88.11658      48.88203
-88.11716      48.87908
-88.11353      48.87666
 1             375           7 
1
 -9999.0   ,   9990.0
   7
 11 
-87.58478      48.8581
-87.5884       48.85826
-87.59116      48.85665
-87.59151      48.8529
-87.60388      48.84551
-87.60191      48.84429
-87.59599      48.84451
-87.58439      48.85023
-87.57709      48.8504
-87.57414      48.85234
-87.58478      48.8581
 1             375           8 
1
 -9999.0   ,   9990.0
   7
 7 
-87.49772      48.82357
-87.50501      48.82319
-87.50502      48.8174
-87.50331      48.81612
-87.47958      48.81792
-87.47978      48.81952
-87.49772      48.82357
 1             375           9 
1
 -9999.0   ,   9990.0
   7
 7 
-87.51732      48.81051
-87.51176      48.81463
-87.51144      48.81805
-87.52271      48.81988
-87.52476      48.8163
-87.52285      48.81073
-87.51732      48.81051
 1             375           10 
1
 -9999.0   ,   9990.0
   7
 8 
-87.50505      48.80803
-87.51235      48.80436
-87.51196      48.80114
-87.47185      48.79679
-87.48794      48.81002
-87.49333      48.81161
-87.49928      48.81093
-87.50505      48.80803
 1             375           11 
1
 -9999.0   ,   9990.0
   7
 29 
-87.58044      48.77139
-87.57334      48.77339
-87.56548      48.77239
-87.5622       48.7741
-87.56427      48.77807
-87.56436      48.7847
-87.56251      48.786
-87.55781      48.78239
-87.55216      48.77804
-87.54775      48.77695
-87.54112      48.77761
-87.53669      48.78063
-87.54357      48.78868
-87.56426      48.80094
-87.57199      48.80353
-87.57451      48.80249
-87.57279      48.79853
-87.57478      48.79564
-87.58593      48.80637
-87.59492      48.8065
-87.6027       48.80475
-87.60426      48.80275
-87.59994      48.80075
-87.60042      48.79162
-87.59559      48.78754
-87.59381      48.78061
-87.58888      48.77767
-87.58493      48.77156
-87.58044      48.77139
 1             375           12 
1
 -9999.0   ,   9990.0
   7
 9 
-87.54488      48.76288
-87.54209      48.76323
-87.53933      48.77067
-87.54184      48.77351
-87.54525      48.77411
-87.54851      48.77241
-87.55072      48.76723
-87.54924      48.76443
-87.54488      48.76288
 1             375           13 
1
 -9999.0   ,   9990.0
   7
 8 
-87.76935      48.7597
-87.76626      48.76348
-87.76742      48.76604
-87.77229      48.76965
-87.77683      48.76913
-87.78031      48.76492
-87.77609      48.76178
-87.76935      48.7597
 1             375           14 
1
 -9999.0   ,   9990.0
   7
 20 
-87.43846      48.77128
-87.44006      48.7701
-87.43748      48.76816
-87.42765      48.76433
-87.42112      48.76177
-87.4022       48.76054
-87.39901      48.754
-87.39423      48.75334
-87.38499      48.75594
-87.36451      48.75304
-87.35686      48.75341
-87.35584      48.75679
-87.36685      48.7648
-87.37437      48.7658
-87.38775      48.77436
-87.40283      48.77955
-87.43318      48.77714
-87.43817      48.77551
-87.4357       48.77288
-87.43846      48.77128
 1             375           15 
1
 -9999.0   ,   9990.0
   7
 32 
-87.46393      48.75162
-87.45892      48.75348
-87.46174      48.75657
-87.46053      48.75835
-87.45556      48.75975
-87.45326      48.76583
-87.44715      48.77199
-87.44783      48.7759
-87.454        48.78393
-87.46666      48.78925
-87.47194      48.79026
-87.4881       48.79332
-87.4984       48.7942
-87.50443      48.79261
-87.50957      48.79327
-87.51076      48.79538
-87.51901      48.79594
-87.52949      48.79498
-87.53065      48.79366
-87.52444      48.78902
-87.52462      48.78381
-87.50958      48.77062
-87.50902      48.76534
-87.50249      48.76119
-87.49327      48.76356
-87.48988      48.76274
-87.49802      48.75712
-87.47871      48.75268
-87.47349      48.75293
-87.47076      48.75625
-87.46802      48.75591
-87.46393      48.75162
 1             375           16 
1
 -9999.0   ,   9990.0
   7
 7 
-87.55409      48.7493
-87.5409       48.74969
-87.53696      48.75113
-87.5413       48.75291
-87.55708      48.75445
-87.55926      48.75316
-87.55409      48.7493
 1             375           17 
1
 -9999.0   ,   9990.0
   7
 8 
-87.48521      48.74219
-87.47931      48.74241
-87.47871      48.74513
-87.48351      48.74944
-87.4983       48.75027
-87.49201      48.74727
-87.49097      48.74357
-87.48521      48.74219
 1             375           18 
1
 -9999.0   ,   9990.0
   7
 8 
-87.86631      48.74205
-87.85902      48.74247
-87.85643      48.74444
-87.85802      48.7461
-87.87835      48.75096
-87.88167      48.74857
-87.87811      48.74569
-87.86631      48.74205
 1             375           19 
1
 -9999.0   ,   9990.0
   7
 93 
-87.80686      48.79016
-87.79108      48.77653
-87.77766      48.77168
-87.76472      48.77325
-87.75459      48.78224
-87.761        48.79209
-87.76276      48.80771
-87.76681      48.81702
-87.76448      48.8199
-87.75726      48.82329
-87.75511      48.82801
-87.76076      48.83874
-87.76892      48.83654
-87.78383      48.8416
-87.79013      48.84374
-87.81216      48.84936
-87.82656      48.85128
-87.88686      48.85121
-87.9141       48.85289
-87.92859      48.85777
-87.96902      48.85359
-87.97124      48.85336
-87.98151      48.85487
-87.99057      48.85428
-88.02641      48.83108
-88.04099      48.82657
-88.04786      48.82292
-88.06032      48.82291
-88.08074      48.81013
-88.08752      48.80327
-88.08932      48.79808
-88.08573      48.78675
-88.08082      48.77767
-88.07729      48.77114
-88.07768      48.76634
-88.08458      48.75355
-88.08691      48.73306
-88.08431      48.72679
-88.07608      48.7217
-88.07158      48.71309
-88.06876      48.70521
-88.07193      48.70006
-88.06914      48.69608
-88.04894      48.68531
-88.03479      48.68527
-88.02692      48.68865
-88.02321      48.6876
-88.02087      48.68488
-88.02037      48.6843
-88.01586      48.6846
-88.00864      48.69257
-88.01135      48.69747
-88.00991      48.70244
-88.01097      48.70637
-88.01997      48.7147
-88.01835      48.71761
-88.01086      48.72054
-88.01048      48.7251
-88.00804      48.72959
-87.99636      48.73718
-87.98259      48.73645
-87.98109      48.738
-87.98239      48.74308
-87.97946      48.74938
-87.97695      48.75043
-87.96588      48.75048
-87.96066      48.74664
-87.95444      48.74665
-87.93967      48.75389
-87.93266      48.755
-87.92062      48.75411
-87.91595      48.75211
-87.91176      48.75264
-87.91545      48.75804
-87.91389      48.76026
-87.86108      48.75489
-87.85351      48.75027
-87.84942      48.74555
-87.83383      48.74177
-87.82751      48.73879
-87.81958      48.73872
-87.81813      48.73935
-87.82167      48.74246
-87.81947      48.74398
-87.80872      48.74426
-87.80059      48.75036
-87.79564      48.75155
-87.79401      48.75446
-87.80307      48.76578
-87.79866      48.76882
-87.80369      48.78272
-87.80907      48.78864
-87.80686      48.79016
 1             375           20 
1
 -9999.0   ,   9990.0
   7
 55 
-87.62966      48.75503
-87.61023      48.74808
-87.59818      48.74738
-87.5963       48.74914
-87.60036      48.75387
-87.6165       48.76297
-87.63407      48.7831
-87.63932      48.78628
-87.64992      48.78783
-87.65521      48.79056
-87.66214      48.80226
-87.66611      48.81591
-87.67936      48.82671
-87.68036      48.82794
-87.68936      48.83899
-87.69505      48.84127
-87.70775      48.84267
-87.73843      48.83652
-87.74562      48.83359
-87.74942      48.82962
-87.74886      48.80833
-87.74633      48.8016
-87.74116      48.79729
-87.73665      48.78957
-87.73009      48.78543
-87.73106      48.78226
-87.72825      48.77873
-87.72429      48.77652
-87.71778      48.77581
-87.717        48.77281
-87.72044      48.77154
-87.72594      48.7695
-87.72892      48.7632
-87.74002      48.75882
-87.75646      48.7567
-87.75796      48.75539
-87.74918      48.75299
-87.74262      48.74885
-87.73079      48.74566
-87.72892      48.75131
-87.72466      48.75252
-87.71405      48.74731
-87.70184      48.73678
-87.69326      48.73599
-87.68442      48.73817
-87.67058      48.73831
-87.6645       48.7406
-87.65045      48.73913
-87.65054      48.74211
-87.64484      48.74259
-87.64113      48.74289
-87.63774      48.74596
-87.62472      48.74454
-87.62106      48.74691
-87.62966      48.75503
 1             375           21 
1
 -9999.0   ,   9990.0
   7
 10 
-87.97058      48.71865
-87.96806      48.71993
-87.97461      48.72428
-87.98376      48.72644
-87.99049      48.73285
-87.99488      48.73415
-87.99879      48.72858
-87.99398      48.72406
-87.98064      48.72244
-87.97058      48.71865
 1             375           22 
1
 -9999.0   ,   9990.0
   7
 8 
-86.43206      48.71654
-86.42296      48.72043
-86.42129      48.72287
-86.42366      48.72642
-86.43073      48.72815
-86.43303      48.72621
-86.43471      48.71759
-86.43206      48.71654
 1             375           23 
1
 -9999.0   ,   9990.0
   7
 8 
-87.96896      48.69206
-87.9634       48.69254
-87.94562      48.69877
-87.94444      48.70054
-87.95031      48.70053
-87.96301      48.69733
-87.97058      48.69349
-87.96896      48.69206
 1             375           24 
1
 -9999.0   ,   9990.0
   7
 26 
-86.63994      48.68875
-86.62019      48.70175
-86.61785      48.70096
-86.6157       48.69536
-86.61055      48.6919
-86.59693      48.68689
-86.59236      48.68759
-86.59134      48.69052
-86.59875      48.70484
-86.6046       48.7113
-86.61535      48.71732
-86.62946      48.718
-86.63721      48.72295
-86.6433       48.71798
-86.64259      48.71497
-86.63714      48.71105
-86.64696      48.70351
-86.65326      48.70639
-86.65421      48.70683
-86.65991      48.71168
-86.66305      48.71137
-86.66394      48.70959
-86.65824      48.70473
-86.65814      48.69626
-86.64537      48.68969
-86.63994      48.68875
 1             375           25 
1
 -9999.0   ,   9990.0
   7
 20 
-87.02184      48.67947
-86.99253      48.67884
-86.98895      48.68005
-86.98973      48.68044
-86.9975       48.68432
-87.00498      48.69221
-87.00906      48.69285
-87.01171      48.69068
-87.02965      48.69103
-87.03855      48.68845
-87.04158      48.68241
-87.05876      48.6834
-87.06869      48.68086
-87.07986      48.66946
-87.07604      48.66632
-87.06879      48.66622
-87.03664      48.6767
-87.03436      48.68209
-87.03117      48.68286
-87.02184      48.67947
 1             375           26 
1
 -9999.0   ,   9990.0
   7
 10 
-88.06655      48.64661
-88.05579      48.64737
-88.04189      48.65305
-88.03961      48.65549
-88.0445       48.65909
-88.05168      48.66003
-88.05732      48.6584
-88.06655      48.65095
-88.06811      48.64871
-88.06655      48.64661
 1             375           27 
1
 -9999.0   ,   9990.0
   7
 7 
-88.15722      48.63421
-88.15269      48.63496
-88.14299      48.64424
-88.13886      48.65735
-88.15666      48.6415
-88.1587       48.63746
-88.15722      48.63421
 1             375           28 
1
 -9999.0   ,   9990.0
   7
 25 
-88.12009      48.6327
-88.10072      48.64209
-88.09551      48.65127
-88.08784      48.6565
-88.0846       48.66255
-88.08244      48.66362
-88.07834      48.65891
-88.07299      48.66101
-88.07134      48.66438
-88.07795      48.66804
-88.06439      48.67351
-88.06219      48.67937
-88.06354      48.68422
-88.07167      48.69046
-88.08867      48.69814
-88.09324      48.69715
-88.10228      48.68329
-88.09876      48.68019
-88.09228      48.67448
-88.09451      48.6725
-88.10156      48.67069
-88.12396      48.65364
-88.1278       48.64874
-88.12382      48.63351
-88.12009      48.6327
 1             375           29 
1
 -9999.0   ,   9990.0
   7
 45 
-87.03091      48.665
-87.04055      48.65856
-87.05701      48.65632
-87.0604       48.65349
-87.06108      48.65192
-87.06222      48.64923
-87.06069      48.64046
-87.05638      48.63524
-87.04917      48.63149
-87.04397      48.63171
-87.03947      48.6386
-87.03674      48.63825
-87.03646      48.63092
-87.03231      48.62753
-87.02588      48.62633
-87.01192      48.63119
-86.99854      48.63037
-86.99104      48.63278
-86.98949      48.63111
-87.00258      48.6246
-87.00259      48.62117
-86.9965       48.61998
-86.97626      48.62547
-86.97296      48.62738
-86.97168      48.63305
-86.96557      48.63495
-86.95884      48.63704
-86.96091      48.64377
-86.95961      48.64966
-86.96446      48.66293
-86.96976      48.66844
-86.97805      48.67178
-86.99458      48.67573
-86.99828      48.67338
-86.99256      48.66854
-86.99413      48.66656
-87.00996      48.6604
-87.01463      48.66542
-87.02278      48.66006
-87.02829      48.65344
-87.03336      48.65115
-87.03613      48.65447
-87.02528      48.66269
-87.02573      48.665
-87.03091      48.665
 1             375           30 
1
 -9999.0   ,   9990.0
   7
 9 
-88.16776      48.60096
-88.16281      48.60262
-88.1604       48.60688
-88.16211      48.61151
-88.17859      48.61665
-88.18221      48.61449
-88.18058      48.6046
-88.17426      48.60164
-88.16776      48.60096
 1             375           31 
1
 -9999.0   ,   9990.0
   7
 8 
-88.35321      48.54476
-88.34419      48.54584
-88.33819      48.54769
-88.33702      48.54949
-88.34024      48.55256
-88.34704      48.5537
-88.35368      48.54774
-88.35321      48.54476
 1             375           32 
1
 -9999.0   ,   9990.0
   7
 10 
-88.36359      48.52544
-88.35518      48.52745
-88.34665      48.52648
-88.33498      48.53068
-88.33288      48.53586
-88.33334      48.54342
-88.33669      48.54468
-88.34236      48.54257
-88.36369      48.52864
-88.36359      48.52544
 1             375           33 
1
 -9999.0   ,   9990.0
   7
 11 
-88.30628      48.52333
-88.29583      48.52962
-88.28831      48.53805
-88.28648      48.54416
-88.28769      48.55083
-88.29154      48.55004
-88.29566      48.55475
-88.30004      48.55604
-88.30362      48.5541
-88.309        48.52845
-88.30628      48.52333
 1             375           34 
1
 -9999.0   ,   9990.0
   7
 11 
-88.86009      48.51898
-88.84767      48.51954
-88.82914      48.52428
-88.83038      48.52637
-88.84512      48.52724
-88.85585      48.52617
-88.86642      48.52761
-88.87236      48.52617
-88.87492      48.52373
-88.86998      48.52039
-88.86009      48.51898
 1             375           35 
1
 -9999.0   ,   9990.0
   7
 7 
-88.35899      48.50381
-88.35609      48.50577
-88.35156      48.51591
-88.35237      48.5189
-88.35689      48.51836
-88.36304      48.50965
-88.35899      48.50381
 1             375           36 
1
 -9999.0   ,   9990.0
   7
 8 
-88.46219      48.50346
-88.45909      48.50359
-88.45361      48.50799
-88.45407      48.516
-88.45714      48.51633
-88.46038      48.51438
-88.46337      48.50624
-88.46219      48.50346
 1             375           37 
1
 -9999.0   ,   9990.0
   7
 8 
-88.4065       48.49848
-88.38862      48.51254
-88.38669      48.51544
-88.38996      48.51784
-88.39592      48.5162
-88.40688      48.50741
-88.40949      48.49995
-88.4065       48.49848
 1             375           38 
1
 -9999.0   ,   9990.0
   7
 7 
-88.38581      48.47588
-88.37598      48.48333
-88.37565      48.49246
-88.37801      48.49299
-88.38269      48.49018
-88.38864      48.4794
-88.38581      48.47588
 1             375           39 
1
 -9999.0   ,   9990.0
   7
 9 
-88.40003      48.47405
-88.39658      48.47417
-88.39222      48.47746
-88.39034      48.48905
-88.3834       48.49934
-88.3879       48.5036
-88.39853      48.49457
-88.40171      48.48873
-88.40003      48.47405
 1             375           40 
1
 -9999.0   ,   9990.0
   7
 6 
-88.37959      48.46699
-88.36872      48.47921
-88.37029      48.48132
-88.38225      48.47279
-88.3826       48.468
-88.37959      48.46699
 1             375           41 
1
 -9999.0   ,   9990.0
   7
 9 
-88.4823       48.42925
-88.48988      48.41886
-88.48718      48.41832
-88.47902      48.42195
-88.47459      48.42638
-88.47411      48.42897
-88.47235      48.43842
-88.47847      48.4345
-88.4823       48.42925
 1             375           42 
1
 -9999.0   ,   9990.0
   7
 8 
-88.64852      48.41322
-88.63274      48.42326
-88.62885      48.42977
-88.63109      48.43212
-88.63806      48.43073
-88.65271      48.41723
-88.65156      48.414
-88.64852      48.41322
 1             375           43 
1
 -9999.0   ,   9990.0
   7
 6 
-88.57756      48.3921
-88.56496      48.3956
-88.56342      48.39807
-88.56466      48.40496
-88.58259      48.39363
-88.57756      48.3921
 1             375           44 
1
 -9999.0   ,   9990.0
   7
 9 
-89.23122      48.37614
-89.21782      48.37672
-89.21526      48.37939
-89.21971      48.3859
-89.22686      48.38676
-89.23872      48.38317
-89.24376      48.37873
-89.24316      48.37734
-89.23122      48.37614
 1             375           45 
1
 -9999.0   ,   9990.0
   7
 7 
-89.12449      48.35997
-89.11871      48.36531
-89.12061      48.36787
-89.12646      48.36756
-89.13495      48.36298
-89.13098      48.3606
-89.12449      48.35997
 1             375           46 
1
 -9999.0   ,   9990.0
   7
 9 
-89.22479      48.35633
-89.21962      48.35666
-89.21691      48.3623
-89.21854      48.36988
-89.22251      48.37249
-89.24582      48.37238
-89.24874      48.36925
-89.23497      48.36412
-89.22479      48.35633
 1             375           47 
1
 -9999.0   ,   9990.0
   7
 27 
-88.64919      48.35269
-88.61566      48.37681
-88.6118       48.38309
-88.61179      48.39315
-88.60437      48.39635
-88.59651      48.40594
-88.59085      48.41833
-88.59202      48.42111
-88.60471      48.41144
-88.61671      48.40655
-88.62696      48.40732
-88.64511      48.40284
-88.64662      48.40221
-88.65287      48.39964
-88.65911      48.39366
-88.65876      48.38862
-88.65612      48.38694
-88.64189      48.38949
-88.64167      48.38765
-88.66248      48.36908
-88.65894      48.36555
-88.64651      48.37203
-88.64447      48.37174
-88.64994      48.36185
-88.66227      48.35697
-88.65666      48.35383
-88.64919      48.35269
 1             375           48 
1
 -9999.0   ,   9990.0
   7
 9 
-88.64955      48.33716
-88.64348      48.34087
-88.63244      48.35196
-88.63088      48.35465
-88.63212      48.35675
-88.63739      48.35485
-88.64679      48.34759
-88.65214      48.33953
-88.64955      48.33716
 1             375           49 
1
 -9999.0   ,   9990.0
   7
 10 
-88.36826      48.21959
-88.36165      48.22577
-88.35442      48.22645
-88.34248      48.23062
-88.34096      48.23263
-88.34288      48.23452
-88.35049      48.2334
-88.36208      48.22921
-88.37295      48.22088
-88.36826      48.21959
 1             375           50 
1
 -9999.0   ,   9990.0
   7
 32 
-89.12466      48.20306
-89.06306      48.22224
-89.05216      48.22744
-89.03709      48.23937
-89.03518      48.24275
-89.0364       48.2453
-89.04786      48.24811
-89.05432      48.25445
-89.05627      48.26203
-89.06704      48.26506
-89.07498      48.26961
-89.08459      48.26895
-89.09036      48.26668
-89.10315      48.26166
-89.11799      48.26524
-89.12418      48.26472
-89.16244      48.24765
-89.17581      48.2352
-89.17862      48.2275
-89.17607      48.2183
-89.16834      48.21011
-89.16284      48.21066
-89.14829      48.22011
-89.14383      48.22045
-89.13891      48.2169
-89.13485      48.21738
-89.12618      48.2184
-89.12316      48.21741
-89.12233      48.21396
-89.12931      48.20547
-89.12805      48.2036
-89.12466      48.20306
 1             375           51 
1
 -9999.0   ,   9990.0
   7
 9 
-89.25082      48.20144
-89.2315       48.20484
-89.22547      48.2088
-89.22308      48.21491
-89.22809      48.22303
-89.23451      48.22456
-89.24142      48.22313
-89.25202      48.2106
-89.25082      48.20144
 1             375           52 
1
 -9999.0   ,   9990.0
   7
 5 
-88.61728      48.14245
-88.60214      48.14427
-88.59508      48.14772
-88.59769      48.14939
-88.61728      48.14245
 1             375           53 
1
 -9999.0   ,   9990.0
   7
 13 
-89.20669      48.14142
-89.19341      48.14703
-89.18376      48.155
-89.17193      48.15882
-89.16238      48.16474
-89.15443      48.16637
-89.14691      48.17257
-89.15052      48.17517
-89.17651      48.16236
-89.19606      48.15463
-89.20399      48.14706
-89.21139      48.14291
-89.20669      48.14142
 1             375           54 
1
 -9999.0   ,   9990.0
   7
 7 
-89.2898       48.13776
-89.26924      48.14571
-89.26706      48.14817
-89.27002      48.15007
-89.29684      48.14021
-89.29559      48.13813
-89.2898       48.13776
 1             375           55 
1
 -9999.0   ,   9990.0
   7
 10 
-88.66511      48.13156
-88.65678      48.1336
-88.63711      48.14191
-88.61594      48.14721
-88.59769      48.15442
-88.60238      48.1557
-88.62058      48.14918
-88.66332      48.1379
-88.66734      48.13391
-88.66511      48.13156
 1             375           56 
1
 -9999.0   ,   9990.0
   7
 8 
-89.28434      48.10018
-89.27438      48.10153
-89.24868      48.11643
-89.24786      48.11869
-89.26572      48.11639
-89.28375      48.10473
-89.28596      48.10181
-89.28434      48.10018
 1             375           57 
1
 -9999.0   ,   9990.0
   7
 9 
-86.04675      48.09588
-86.04129      48.09581
-86.03938      48.09754
-86.05196      48.10646
-86.0631       48.1105
-86.06854      48.1108
-86.06881      48.10852
-86.05462      48.0986
-86.04675      48.09588
 1             375           58 
1
 -9999.0   ,   9990.0
   7
 11 
-89.35652      48.06948
-89.33811      48.07635
-89.34099      48.07962
-89.3371       48.08249
-89.32415      48.08241
-89.32052      48.08666
-89.32141      48.08897
-89.32754      48.08911
-89.36148      48.07896
-89.35724      48.07521
-89.35652      48.06948
 1             375           59 
1
 -9999.0   ,   9990.0
   7
 6 
-89.57864      47.96491
-89.57451      47.9644
-89.56258      47.97219
-89.56478      47.97394
-89.57376      47.97129
-89.57864      47.96491
 1             375           60 
1
 -9999.0   ,   9990.0
   7
 6 
-88.80531      47.92902
-88.80729      47.92704
-88.80292      47.92576
-88.78421      47.93264
-88.78312      47.93698
-88.80531      47.92902
 1             375           61 
1
 -9999.0   ,   9990.0
   7
 6 
-88.80109      47.92419
-88.81989      47.916
-88.81665      47.91382
-88.80898      47.91592
-88.80244      47.91957
-88.80109      47.92419
 1             375           62 
1
 -9999.0   ,   9990.0
   7
 10 
-89.2102       47.87817
-89.22542      47.87431
-89.23458      47.86962
-89.24772      47.86821
-89.25428      47.86522
-89.25475      47.86268
-89.25256      47.86094
-89.22944      47.86524
-89.21074      47.87624
-89.2102       47.87817
 1             375           63 
1
 -9999.0   ,   9990.0
   7
 56 
-85.81444      47.69606
-85.80772      47.69864
-85.80916      47.70251
-85.80381      47.70598
-85.78761      47.70956
-85.78655      47.70729
-85.79055      47.70405
-85.78951      47.70246
-85.75936      47.70274
-85.7454       47.69921
-85.69631      47.70079
-85.68146      47.70411
-85.67172      47.70899
-85.66672      47.7136
-85.66195      47.71519
-85.65898      47.71618
-85.62008      47.71992
-85.60426      47.72621
-85.59084      47.73431
-85.58885      47.7373
-85.58932      47.74437
-85.59482      47.74958
-85.61016      47.75358
-85.62216      47.76079
-85.65949      47.76277
-85.67153      47.76515
-85.6806       47.76693
-85.69179      47.76684
-85.70485      47.77587
-85.71509      47.77875
-85.72439      47.78643
-85.73362      47.79024
-85.75159      47.78916
-85.782        47.78271
-85.84255      47.7841
-85.84548      47.78417
-85.85662      47.78155
-85.86433      47.77759
-85.87199      47.77088
-85.89862      47.76353
-85.92796      47.74176
-85.94081      47.74025
-85.94449      47.73793
-85.94708      47.73265
-85.9489       47.72372
-85.94436      47.71805
-85.94494      47.71371
-85.94251      47.71145
-85.93059      47.70906
-85.92591      47.7088
-85.90278      47.70752
-85.88982      47.70422
-85.84848      47.7035
-85.84226      47.69808
-85.83341      47.6961
-85.81444      47.69606
 1             375           64 
1
 -9999.0   ,   9990.0
   7
 11 
-84.93408      47.44059
-84.92264      47.44588
-84.91291      47.45687
-84.91126      47.46281
-84.91263      47.46738
-84.92748      47.47032
-84.93656      47.46321
-84.93955      47.45612
-84.93951      47.44812
-84.93812      47.4415
-84.93408      47.44059
 1             375           65 
1
 -9999.0   ,   9990.0
   7
 7 
-84.79986      47.43329
-84.79514      47.43353
-84.79077      47.43947
-84.7928       47.44107
-84.80426      47.44037
-84.80492      47.43694
-84.79986      47.43329
 1             375           66 
1
 -9999.0   ,   9990.0
   7
 19 
-87.61492      47.40245
-87.59711      47.40357
-87.59587      47.40566
-87.59939      47.40855
-87.59849      47.41063
-87.58643      47.41206
-87.58383      47.41395
-87.58936      47.41634
-87.61103      47.4181
-87.61766      47.42228
-87.62335      47.42145
-87.63454      47.41615
-87.64756      47.41377
-87.64915      47.4119
-87.64567      47.40993
-87.63181      47.40936
-87.62361      47.40727
-87.62105      47.40344
-87.61492      47.40245
 1             375           67 
1
 -9999.0   ,   9990.0
   7
 13 
-85.79961      47.34087
-85.79322      47.34161
-85.78792      47.34578
-85.78571      47.35288
-85.78965      47.3645
-85.79594      47.37542
-85.8004       47.37949
-85.80444      47.37899
-85.81844      47.356
-85.81564      47.35146
-85.80748      47.34742
-85.80401      47.34243
-85.79961      47.34087
 1             375           68 
1
 -9999.0   ,   9990.0
   7
 12 
-84.73558      47.29738
-84.72516      47.30036
-84.71978      47.30448
-84.71341      47.31933
-84.71577      47.32276
-84.72351      47.32527
-84.74841      47.32548
-84.75311      47.32228
-84.75412      47.31816
-84.75039      47.30422
-84.74601      47.29966
-84.73558      47.29738
 1             375           69 
1
 -9999.0   ,   9990.0
   7
 199 
-88.60847      47.19334
-88.61596      47.18051
-88.62269      47.17438
-88.62638      47.17102
-88.62773      47.16639
-88.62144      47.15836
-88.61637      47.13885
-88.61168      47.12939
-88.60288      47.12373
-88.59534      47.12145
-88.54125      47.1207
-88.51421      47.1131
-88.50591      47.10871
-88.49993      47.10554
-88.49304      47.10782
-88.4962       47.09514
-88.49479      47.08922
-88.48738      47.07894
-88.48265      47.0784
-88.47974      47.0801
-88.47239      47.08056
-88.44212      47.08906
-88.42764      47.08815
-88.42371      47.08965
-88.4121       47.10168
-88.40898      47.11001
-88.40626      47.12564
-88.40558      47.12957
-88.40638      47.1364
-88.41055      47.14361
-88.42003      47.14971
-88.42848      47.1506
-88.43466      47.14765
-88.45399      47.12577
-88.46045      47.1219
-88.4674       47.12054
-88.47125      47.12293
-88.46874      47.1253
-88.46049      47.12762
-88.45191      47.13452
-88.4396       47.15116
-88.42654      47.1571
-88.41908      47.1605
-88.41836      47.16487
-88.41279      47.17213
-88.39882      47.18424
-88.39349      47.18486
-88.3877       47.17863
-88.39242      47.16384
-88.40354      47.14428
-88.39923      47.13503
-88.3971       47.1232
-88.40372      47.10674
-88.40677      47.1014
-88.41423      47.08834
-88.4232       47.08211
-88.43639      47.07872
-88.45945      47.06769
-88.46501      47.06065
-88.46809      47.05163
-88.46601      47.04071
-88.46927      47.02962
-88.46829      47.02508
-88.46098      47.01615
-88.44531      47.00431
-88.43956      47.0015
-88.43709      46.99951
-88.43466      46.99341
-88.42822      46.9872
-88.42823      46.97736
-88.42469      46.9745
-88.41526      46.97365
-88.40811      46.97685
-88.39041      46.9925
-88.37132      47.00388
-88.36205      47.0094
-88.34813      47.03706
-88.34435      47.06121
-88.33826      47.07055
-88.33216      47.07463
-88.31706      47.07966
-88.30079      47.08725
-88.28764      47.09657
-88.28111      47.10538
-88.27416      47.12672
-88.26522      47.13385
-88.25774      47.13751
-88.24633      47.13762
-88.24286      47.1359
-88.23981      47.13026
-88.23405      47.12929
-88.22474      47.14124
-88.22532      47.14511
-88.23252      47.14741
-88.23438      47.15033
-88.23186      47.16871
-88.22708      47.18304
-88.22152      47.19037
-88.22087      47.19123
-88.20772      47.201
-88.19987      47.20443
-88.16458      47.20958
-88.1499       47.21687
-88.13388      47.22946
-88.12276      47.23458
-88.11252      47.24837
-88.08991      47.25794
-88.08262      47.26523
-88.07627      47.27159
-88.05926      47.28511
-88.04843      47.28954
-88.02748      47.29378
-88.00992      47.30387
-87.99668      47.30767
-87.96937      47.32398
-87.95178      47.32835
-87.94024      47.33254
-87.93604      47.33563
-87.93595      47.33646
-87.93494      47.3455
-87.93714      47.34864
-87.95938      47.36016
-87.96099      47.36446
-87.95907      47.37183
-87.95502      47.37742
-87.94746      47.38084
-87.93         47.382
-87.92146      47.38566
-87.87243      47.38903
-87.84656      47.38764
-87.83524      47.38704
-87.81707      47.3818
-87.81099      47.3815
-87.79276      47.387
-87.76788      47.3881
-87.75495      47.39827
-87.75032      47.39998
-87.74094      47.40091
-87.72757      47.39691
-87.72012      47.39618
-87.71381      47.39794
-87.70959      47.40102
-87.70783      47.40587
-87.71404      47.4144
-87.71315      47.42288
-87.71727      47.4365
-87.72474      47.44339
-87.75556      47.4577
-87.79968      47.468
-87.83594      47.47026
-87.84828      47.47359
-87.85769      47.47289
-87.85996      47.47123
-87.85882      47.46897
-87.85714      47.46874
-87.85031      47.46783
-87.85081      47.46461
-87.88464      47.466
-87.89136      47.47131
-87.90867      47.47268
-87.92642      47.47609
-87.96864      47.47631
-88.01975      47.47252
-88.03722      47.47122
-88.04531      47.46551
-88.06006      47.46372
-88.08939      47.46312
-88.1054       47.45992
-88.14239      47.4575
-88.16006      47.45401
-88.18356      47.45196
-88.19746      47.44673
-88.19806      47.44651
-88.2152       47.44532
-88.21715      47.44411
-88.21802      47.43677
-88.22643      47.43103
-88.24064      47.42627
-88.26071      47.42361
-88.29941      47.41171
-88.3203       47.40101
-88.33748      47.39568
-88.35488      47.3923
-88.36811      47.38972
-88.40619      47.36933
-88.42012      47.36592
-88.43739      47.34709
-88.45611      47.33506
-88.47904      47.3052
-88.48023      47.30364
-88.49015      47.29601
-88.49826      47.29163
-88.52797      47.26849
-88.55295      47.2551
-88.57248      47.24097
-88.60384      47.23263
-88.61188      47.22733
-88.61291      47.22294
-88.60847      47.19334
 1             375           70 
1
 -9999.0   ,   9990.0
   7
 8 
-87.96161      46.94282
-87.95696      46.9434
-87.95645      46.94616
-87.95996      46.94881
-87.96872      46.94994
-87.97134      46.94896
-87.97186      46.94643
-87.96161      46.94282
 1             375           71 
1
 -9999.0   ,   9990.0
   7
 31 
-84.51994      46.8591
-84.51594      46.86116
-84.50924      46.87052
-84.50089      46.87417
-84.48418      46.87803
-84.47083      46.87893
-84.45982      46.878
-84.45384      46.87067
-84.44348      46.875
-84.43913      46.87522
-84.4328       46.8711
-84.4308       46.87155
-84.42208      46.88342
-84.42406      46.88594
-84.43609      46.88368
-84.43909      46.88483
-84.44641      46.89284
-84.45677      46.89102
-84.45941      46.88609
-84.47182      46.88373
-84.48082      46.88443
-84.49316      46.89382
-84.50281      46.90618
-84.50948      46.91031
-84.51682      46.91192
-84.53221      46.90141
-84.54494      46.88199
-84.54162      46.8669
-84.53763      46.86301
-84.52562      46.85934
-84.51994      46.8591
 1             375           72 
1
 -9999.0   ,   9990.0
   7
 14 
-84.71388      46.63801
-84.70624      46.64694
-84.72124      46.67003
-84.72058      46.67598
-84.71428      46.68947
-84.72329      46.70936
-84.72895      46.71028
-84.73725      46.69677
-84.73723      46.68145
-84.73076      46.66695
-84.72754      46.65973
-84.72286      46.64258
-84.71854      46.63892
-84.71388      46.63801
 1             375           73 
1
 -9999.0   ,   9990.0
   7
 9 
-86.73694      46.49719
-86.73298      46.49772
-86.73109      46.5005
-86.7353       46.5066
-86.74002      46.50881
-86.74495      46.50758
-86.7455       46.50436
-86.74064      46.49873
-86.73694      46.49719
 1             375           74 
1
 -9999.0   ,   9990.0
   7
 41 
-86.67138      46.44456
-86.66194      46.44951
-86.65203      46.45975
-86.64231      46.46609
-86.63768      46.4664
-86.6399       46.454
-86.63642      46.44948
-86.63106      46.44774
-86.62446      46.44854
-86.60313      46.46445
-86.60104      46.47089
-86.60247      46.48368
-86.60691      46.48727
-86.61019      46.48631
-86.62077      46.47583
-86.62848      46.47459
-86.63472      46.47674
-86.63787      46.48127
-86.63808      46.48721
-86.63568      46.49457
-86.62335      46.51194
-86.62169      46.52158
-86.62504      46.53182
-86.64232      46.55143
-86.64775      46.55478
-86.66261      46.55224
-86.66929      46.5535
-86.67337      46.55618
-86.68431      46.55554
-86.69424      46.55115
-86.69509      46.55078
-86.70184      46.54448
-86.70521      46.53688
-86.69946      46.52461
-86.69856      46.49969
-86.68632      46.49143
-86.68307      46.48417
-86.68516      46.45942
-86.68318      46.45007
-86.67636      46.4447
-86.67138      46.44456
 1             375           75 
1
 -9999.0   ,   9990.0
   7
 9 
-84.11241      46.34827
-84.11521      46.34612
-84.10997      46.33726
-84.10034      46.33314
-84.09509      46.32751
-84.08979      46.32836
-84.09655      46.34045
-84.10212      46.34608
-84.11241      46.34827
 1             375           76 
1
 -9999.0   ,   9990.0
   7
 40 
-84.15716      46.31951
-84.18657      46.32054
-84.20015      46.31716
-84.20481      46.31352
-84.20499      46.31247
-84.2055       46.30963
-84.20023      46.30572
-84.19727      46.30571
-84.19362      46.30897
-84.19119      46.30897
-84.19231      46.30592
-84.20532      46.28858
-84.18926      46.27319
-84.18198      46.27385
-84.17611      46.26582
-84.16673      46.24259
-84.15165      46.22911
-84.14676      46.22246
-84.14912      46.21697
-84.15605      46.21677
-84.15672      46.21471
-84.15246      46.21195
-84.14159      46.20985
-84.13789      46.21715
-84.14014      46.22403
-84.13913      46.227
-84.12722      46.229
-84.12587      46.2338
-84.12189      46.23516
-84.11368      46.23101
-84.10937      46.23373
-84.09996      46.25062
-84.09828      46.25404
-84.10056      46.25703
-84.11341      46.26052
-84.11663      46.269
-84.11939      46.29235
-84.13309      46.31185
-84.14032      46.31692
-84.15716      46.31951
 1             375           77 
1
 -9999.0   ,   9990.0
   7
 7 
-84.06931      46.31615
-84.06686      46.32076
-84.06864      46.32622
-84.07044      46.32875
-84.07468      46.32876
-84.07473      46.32205
-84.06931      46.31615
 1             375           78 
1
 -9999.0   ,   9990.0
   7
 72 
-84.11762      46.34082
-84.12844      46.35141
-84.13364      46.3615
-84.14288      46.3652
-84.14842      46.37369
-84.15001      46.38216
-84.16548      46.39161
-84.16777      46.39528
-84.17994      46.4047
-84.18674      46.42326
-84.17972      46.43215
-84.17751      46.44119
-84.17697      46.44335
-84.1716       46.4518
-84.16526      46.45749
-84.14767      46.46108
-84.14566      46.46312
-84.13613      46.49122
-84.12939      46.50332
-84.12138      46.509
-84.11374      46.50942
-84.11273      46.51148
-84.11469      46.51492
-84.12524      46.52183
-84.13918      46.52143
-84.14817      46.51758
-84.15425      46.51727
-84.15647      46.51716
-84.16474      46.51925
-84.18099      46.51977
-84.18661      46.52231
-84.19054      46.52919
-84.20248      46.52878
-84.23382      46.50853
-84.24122      46.49369
-84.24522      46.49096
-84.24987      46.4896
-84.26147      46.49055
-84.26647      46.48577
-84.28374      46.4817
-84.28179      46.47438
-84.27987      46.4643
-84.27559      46.45949
-84.26939      46.45611
-84.268        46.45535
-84.26208      46.44847
-84.25744      46.44868
-84.25376      46.45324
-84.25536      46.46309
-84.25236      46.46399
-84.24676      46.46031
-84.24084      46.45251
-84.23766      46.43466
-84.22816      46.42044
-84.22435      46.39732
-84.21978      46.38884
-84.21419      46.38447
-84.20236      46.37868
-84.19771      46.37641
-84.17962      46.36101
-84.17038      46.36028
-84.16908      46.35731
-84.17152      46.34061
-84.16829      46.33191
-84.15939      46.32889
-84.15249      46.32384
-84.13893      46.32423
-84.12016      46.31706
-84.11092      46.31564
-84.10855      46.32135
-84.11469      46.33694
-84.11762      46.34082
 1 
 1             376           
1
 -9999.0   ,   9990.0
   7
 17 
-89.08261      49.00918
-89.08006      49.00546
-89.08183      48.99888
-89.07522      48.98156
-89.07625      48.97016
-89.07793      48.96518
-89.08438      48.96192
-89.08518      48.95417
-89.08916      48.95152
-89.09706      48.95882
-89.09472      48.9631
-89.08724      48.96633
-89.08268      48.97307
-89.08763      48.97731
-89.08839      48.9995
-89.08628      49.00585
-89.08261      49.00918
 1 
 1             377           
1
 -9999.0   ,   9990.0
   7
 12 
-87.28013      48.98496
-87.2938       48.99811
-87.29068      49.00165
-87.26921      49.00075
-87.26021      49.00379
-87.25425      49.00423
-87.25274      49.00188
-87.25626      48.99791
-87.26349      48.99501
-87.27731      48.99605
-87.27968      48.99317
-87.28013      48.98496
 1 
 1             378           
1
 -9999.0   ,   9990.0
   7
 7 
-89.31488      48.9989
-89.30888      49.00082
-89.30732      48.99736
-89.31567      48.98453
-89.31837      48.98596
-89.32028      48.9956
-89.31488      48.9989
 1 
 1             379           
1
 -9999.0   ,   9990.0
   7
 9 
-89.79388      48.98814
-89.79837      48.98868
-89.79892      48.99189
-89.79372      48.99979
-89.78882      49.00038
-89.78305      48.99753
-89.78044      48.99382
-89.78686      48.98983
-89.79388      48.98814
 1 
 1             380           
1
 -9999.0   ,   9990.0
   7
 20 
-89.23042      48.9754
-89.2321       48.98252
-89.23624      48.98308
-89.24069      48.97793
-89.24506      48.98056
-89.25022      48.98136
-89.25535      48.97669
-89.26024      48.97589
-89.26254      48.97846
-89.25558      48.98492
-89.2454       48.98696
-89.23849      48.99251
-89.22776      48.99796
-89.22218      48.99828
-89.21992      48.99525
-89.22538      48.99105
-89.22629      48.98695
-89.22388      48.98072
-89.22546      48.97711
-89.23042      48.9754
 1 
 1             381           
1
 -9999.0   ,   9990.0
   7
 11 
-87.4121       48.968
-87.41061      48.97641
-87.41494      48.99199
-87.41289      48.99641
-87.40926      48.99809
-87.40628      48.99659
-87.40887      48.99121
-87.40436      48.98005
-87.40619      48.97165
-87.40864      48.96786
-87.4121       48.968
 1 
 1             382           
1
 -9999.0   ,   9990.0
   7
 9 
-88.8797       48.97658
-88.88171      48.97778
-88.88071      48.98255
-88.88693      48.99393
-88.88568      48.99732
-88.88113      48.99765
-88.87756      48.9939
-88.87493      48.98605
-88.8797       48.97658
 1 
 1             383           
1
 -9999.0   ,   9990.0
   7
 6 
-89.13775      48.9811
-89.13243      48.99491
-89.12991      48.99644
-89.12477      48.98923
-89.13185      48.98095
-89.13775      48.9811
 1 
 1             384           
1
 -9999.0   ,   9990.0
   7
 7 
-89.17461      48.97997
-89.17557      48.98753
-89.17351      48.99319
-89.16814      48.99603
-89.16432      48.99594
-89.16516      48.9875
-89.17461      48.97997
 1 
 1             385           
1
 -9999.0   ,   9990.0
   7
 13 
-86.95662      48.93585
-86.95938      48.94948
-86.95538      48.96463
-86.94923      48.97351
-86.94664      48.99171
-86.94347      48.99546
-86.93975      48.98773
-86.94185      48.97432
-86.94639      48.96743
-86.94676      48.95395
-86.95263      48.94757
-86.95319      48.9389
-86.95662      48.93585
 1 
 1             386           
1
 -9999.0   ,   9990.0
   7
 10 
-88.91641      48.99473
-88.91229      48.98844
-88.91161      48.97723
-88.91461      48.96268
-88.91832      48.95867
-88.92042      48.9585
-88.92377      48.96042
-88.92379      48.96567
-88.91879      48.9788
-88.91641      48.99473
 1 
 1             387           
1
 -9999.0   ,   9990.0
   7
 7 
-88.18782      48.98188
-88.18315      48.97508
-88.18409      48.97192
-88.21051      48.9895
-88.20889      48.99242
-88.18975      48.984
-88.18782      48.98188
 1 
 1             388           
1
 -9999.0   ,   9990.0
   7
 12 
-88.67413      48.93576
-88.67105      48.94023
-88.67086      48.94823
-88.67361      48.95883
-88.68152      48.97529
-88.67879      48.98481
-88.66991      48.97746
-88.65932      48.95452
-88.65968      48.94424
-88.66412      48.92998
-88.66804      48.92849
-88.67413      48.93576
 1 
 1             389           
1
 -9999.0   ,   9990.0
   7
 37 
-89.28099      48.9837
-89.27262      48.98442
-89.27129      48.98325
-89.27543      48.97763
-89.28229      48.97277
-89.28922      48.97293
-89.29182      48.9698
-89.28769      48.96307
-89.28931      48.95877
-89.28081      48.94942
-89.29231      48.94832
-89.29431      48.94358
-89.30276      48.93509
-89.30088      48.93139
-89.29559      48.93286
-89.29072      48.9396
-89.28764      48.93885
-89.28638      48.93653
-89.29251      48.92594
-89.2964       48.92443
-89.30074      48.9275
-89.3066       48.9281
-89.31099      48.92409
-89.31967      48.92384
-89.32165      48.92571
-89.31376      48.93055
-89.31094      48.93757
-89.30521      48.94086
-89.30112      48.94579
-89.30132      48.94854
-89.30407      48.94906
-89.3113       48.94374
-89.31512      48.94361
-89.31602      48.94637
-89.30228      48.95633
-89.29609      48.97424
-89.28099      48.9837
 1 
 1             390           
1
 -9999.0   ,   9990.0
   7
 20 
-89.60782      48.97344
-89.61144      48.97054
-89.62757      48.96699
-89.63097      48.96135
-89.63553      48.9603
-89.64738      48.95917
-89.65427      48.96023
-89.65933      48.96308
-89.65816      48.96602
-89.65362      48.96639
-89.64681      48.96374
-89.64297      48.96435
-89.64414      48.96894
-89.63135      48.97507
-89.62476      48.98202
-89.62198      48.98218
-89.61936      48.97916
-89.61558      48.97817
-89.61366      48.9747
-89.60782      48.97344
 1 
 1             391           
1
 -9999.0   ,   9990.0
   7
 7 
-88.71539      48.97239
-88.72256      48.96918
-88.72635      48.96951
-88.72915      48.97439
-88.72631      48.98048
-88.72114      48.97987
-88.71539      48.97239
 1 
 1             392           
1
 -9999.0   ,   9990.0
   7
 7 
-89.79068      48.96683
-89.80392      48.96526
-89.808        48.96739
-89.80891      48.97038
-89.80316      48.97484
-89.79626      48.97379
-89.79068      48.96683
 1 
 1             393           
1
 -9999.0   ,   9990.0
   7
 8 
-89.98894      48.97162
-89.98802      48.96886
-89.99199      48.96482
-89.99837      48.96173
-90            48.96185
-90            48.97095
-89.99902      48.97134
-89.98894      48.97162
 1 
 1             394           
1
 -9999.0   ,   9990.0
   7
 7 
-87.50167      48.97092
-87.49268      48.9573
-87.4988       48.93994
-87.50286      48.94491
-87.50176      48.96042
-87.50324      48.96712
-87.50167      48.97092
 1 
 1             395           
1
 -9999.0   ,   9990.0
   7
 20 
-85.08766      48.94824
-85.08514      48.9318
-85.08671      48.92571
-85.09017      48.9234
-85.0939       48.92409
-85.10036      48.93
-85.10564      48.92963
-85.1164       48.9225
-85.12082      48.92324
-85.12303      48.92727
-85.11844      48.94235
-85.11441      48.94623
-85.10565      48.9466
-85.09914      48.95079
-85.09712      48.95755
-85.09128      48.9643
-85.0804       48.96729
-85.07677      48.96592
-85.08527      48.95521
-85.08766      48.94824
 1 
 1             396           
1
 -9999.0   ,   9990.0
   7
 8 
-87.27779      48.94689
-87.28243      48.9505
-87.28082      48.95638
-87.2759       48.96181
-87.26376      48.9639
-87.26128      48.96082
-87.27512      48.95431
-87.27779      48.94689
 1 
 1             397           
1
 -9999.0   ,   9990.0
   7
 7 
-89.19444      48.94892
-89.19389      48.93428
-89.19651      48.93092
-89.20566      48.93457
-89.20209      48.94248
-89.198        48.94741
-89.19444      48.94892
 1 
 1             398           
1
 -9999.0   ,   9990.0
   7
 17 
-89.25362      48.90192
-89.24862      48.90454
-89.24738      48.90817
-89.26398      48.93394
-89.27004      48.93705
-89.26731      48.94247
-89.26321      48.94763
-89.25765      48.94772
-89.25381      48.94192
-89.24678      48.91889
-89.24004      48.91553
-89.23878      48.91322
-89.24119      48.90733
-89.23439      48.89871
-89.23765      48.89628
-89.24368      48.90008
-89.25362      48.90192
 1 
 1             399           
1
 -9999.0   ,   9990.0
   7
 8 
-86.62316      48.94528
-86.62852      48.92721
-86.63322      48.9224
-86.63756      48.92078
-86.64094      48.92332
-86.64046      48.93106
-86.62786      48.94573
-86.62316      48.94528
 1 
 1             400           
1
 -9999.0   ,   9990.0
   7
 11 
-86.71627      48.91844
-86.71954      48.91675
-86.72128      48.92087
-86.71791      48.92644
-86.71605      48.92613
-86.70816      48.93605
-86.70409      48.93838
-86.69895      48.93767
-86.69698      48.93346
-86.70271      48.92549
-86.71627      48.91844
 1 
 1             401           
1
 -9999.0   ,   9990.0
   7
 4 
-90            48.92699
-90            48.93106
-89.99861      48.92998
-90            48.92699
 1 
 1             402           
1
 -9999.0   ,   9990.0
   7
 8 
-86.16009      48.91791
-86.16005      48.92684
-86.15654      48.92711
-86.14839      48.91683
-86.15158      48.8934
-86.15367      48.89329
-86.15708      48.89667
-86.16009      48.91791
 1 
 1             403           
1
 -9999.0   ,   9990.0
   7
 9 
-85.50312      48.9267
-85.49962      48.92169
-85.50518      48.91147
-85.50908      48.90826
-85.51541      48.90771
-85.51837      48.91155
-85.51658      48.91717
-85.51033      48.92483
-85.50312      48.9267
 1 
 1             404           
1
 -9999.0   ,   9990.0
   7
 4 
-90            48.91665
-90            48.92485
-89.99699      48.91853
-90            48.91665
 1 
 1             405           
1
 -9999.0   ,   9990.0
   7
 9 
-86.45886      48.90359
-86.44026      48.9203
-86.4376       48.91627
-86.44012      48.9125
-86.44569      48.90935
-86.45966      48.89355
-86.46599      48.88974
-86.46706      48.89255
-86.45886      48.90359
 1 
 1             406           
1
 -9999.0   ,   9990.0
   7
 9 
-84            48.90325
-84.00394      48.90126
-84.02018      48.89163
-84.04225      48.88449
-84.04424      48.88509
-84.01266      48.89913
-84.00087      48.91138
-84            48.91245
-84            48.90325
 1 
 1             407           
1
 -9999.0   ,   9990.0
   7
 23 
-86.88233      48.90569
-86.87354      48.90666
-86.87132      48.90473
-86.87534      48.89622
-86.87908      48.87396
-86.87454      48.86436
-86.87861      48.85539
-86.87952      48.84674
-86.87369      48.83617
-86.87876      48.8277
-86.87856      48.81968
-86.88076      48.81521
-86.88574      48.81406
-86.89012      48.81518
-86.89222      48.81825
-86.88662      48.82211
-86.88396      48.83092
-86.88743      48.83748
-86.88556      48.84541
-86.89239      48.85625
-86.89384      48.88539
-86.88921      48.90303
-86.88233      48.90569
 6 
 1             408           
1
 -9999.0   ,   9990.0
   7
 261 
-89.6431       48.85262
-89.63261      48.85469
-89.62898      48.85827
-89.62712      48.86806
-89.61487      48.86369
-89.60848      48.86698
-89.60512      48.86462
-89.60422      48.86186
-89.60741      48.86033
-89.6154       48.85981
-89.61759      48.85735
-89.61537      48.85319
-89.62219      48.8483
-89.62167      48.84464
-89.61328      48.84629
-89.61192      48.83849
-89.60862      48.83523
-89.57639      48.84345
-89.56529      48.85099
-89.55969      48.84492
-89.55001      48.8518
-89.55126      48.86142
-89.55082      48.86386
-89.54742      48.88305
-89.54201      48.88727
-89.51559      48.89606
-89.50946      48.90073
-89.49738      48.90663
-89.49496      48.90635
-89.49439      48.90406
-89.50059      48.89802
-89.50725      48.89657
-89.52296      48.88709
-89.52842      48.88195
-89.53174      48.87105
-89.53064      48.86532
-89.52696      48.86273
-89.51867      48.86232
-89.51095      48.86443
-89.50486      48.86841
-89.50139      48.86834
-89.50419      48.854
-89.51197      48.84412
-89.51065      48.84272
-89.49922      48.84293
-89.49796      48.84061
-89.49979      48.83803
-89.50019      48.83747
-89.5029       48.83181
-89.5086       48.82851
-89.50784      48.82301
-89.51902      48.81389
-89.51615      48.80903
-89.52796      48.80814
-89.53124      48.80479
-89.52722      48.80219
-89.51886      48.80338
-89.52161      48.79681
-89.53305      48.79615
-89.54882      48.78506
-89.54241      48.78195
-89.53526      48.77266
-89.5328       48.77352
-89.53368      48.78359
-89.52532      48.79164
-89.52156      48.79087
-89.52099      48.78957
-89.51752      48.78164
-89.49517      48.78618
-89.49209      48.78565
-89.49059      48.78105
-89.47631      48.78325
-89.47376      48.78594
-89.47689      48.79217
-89.48251      48.79732
-89.47547      48.79968
-89.47162      48.80714
-89.46826      48.80546
-89.46274      48.79163
-89.45942      48.78904
-89.4409       48.79274
-89.43728      48.79586
-89.43561      48.8013
-89.42768      48.80775
-89.42278      48.80878
-89.42211      48.81042
-89.42039      48.81466
-89.42413      48.82251
-89.42299      48.82455
-89.41955      48.82424
-89.40464      48.81156
-89.39984      48.80414
-89.39709      48.80385
-89.38902      48.81257
-89.38648      48.82143
-89.38668      48.83057
-89.38224      48.82955
-89.37912      48.82308
-89.37578      48.82095
-89.37282      48.80489
-89.37787      48.80113
-89.37018      48.79615
-89.36113      48.80371
-89.3511       48.8037
-89.34541      48.80014
-89.3402       48.80047
-89.33488      48.80309
-89.32756      48.79766
-89.32134      48.79751
-89.31765      48.80177
-89.30371      48.81012
-89.2926       48.81077
-89.28646      48.81565
-89.2823       48.81555
-89.27868      48.81227
-89.28326      48.81078
-89.28684      48.80241
-89.29111      48.80023
-89.30487      48.80147
-89.3143       48.79347
-89.31806      48.78784
-89.3281       48.78762
-89.33796      48.79083
-89.34122      48.78793
-89.34641      48.78783
-89.35551      48.79238
-89.36151      48.79023
-89.36376      48.78686
-89.36313      48.78341
-89.36242      48.77952
-89.37051      48.78336
-89.37606      48.78303
-89.38108      48.78612
-89.38581      48.78166
-89.39046      48.78519
-89.3937       48.78298
-89.39682      48.77597
-89.41248      48.7809
-89.41328      48.77864
-89.41014      48.77262
-89.40049      48.77217
-89.3996       48.76278
-89.39549      48.75561
-89.39733      48.75336
-89.39974      48.75342
-89.40559      48.76063
-89.41339      48.7567
-89.41276      48.76217
-89.41791      48.76937
-89.42788      48.77051
-89.42939      48.77409
-89.43158      48.77927
-89.43666      48.78122
-89.4413       48.77835
-89.44617      48.77778
-89.45022      48.77284
-89.45337      48.77223
-89.45856      48.77874
-89.46688      48.77847
-89.47972      48.77053
-89.48709      48.76841
-89.49097      48.76004
-89.49518      48.75877
-89.50308      48.75963
-89.51105      48.75249
-89.50804      48.75036
-89.49903      48.75085
-89.48827      48.74513
-89.48579      48.73959
-89.48008      48.7365
-89.48136      48.73173
-89.47775      48.72777
-89.47858      48.72527
-89.48388      48.72247
-89.48375      48.71853
-89.48692      48.71723
-89.50138      48.72508
-89.49389      48.72949
-89.50357      48.73633
-89.5115       48.7365
-89.52274      48.73287
-89.52321      48.73036
-89.51549      48.72586
-89.52196      48.72074
-89.52106      48.71799
-89.50936      48.71727
-89.50741      48.71494
-89.51808      48.70855
-89.51767      48.70306
-89.50646      48.69253
-89.50766      48.68936
-89.52684      48.67836
-89.53745      48.67996
-89.55027      48.67887
-89.55762      48.68359
-89.56486      48.68375
-89.57309      48.67776
-89.57691      48.67715
-89.58472      48.6796
-89.60588      48.6917
-89.61209      48.6916
-89.61411      48.69279
-89.61264      48.69459
-89.6025       48.69734
-89.59645      48.70109
-89.59941      48.70413
-89.61159      48.7021
-89.6201       48.69726
-89.62497      48.69644
-89.63329      48.70301
-89.63136      48.70708
-89.61362      48.71722
-89.60602      48.71729
-89.60278      48.71996
-89.60332      48.72317
-89.6094       48.72604
-89.61496      48.72525
-89.61591      48.72709
-89.61434      48.73094
-89.61457      48.73173
-89.61611      48.73715
-89.60955      48.74433
-89.60633      48.73945
-89.59364      48.73051
-89.58478      48.72826
-89.5819       48.73049
-89.58311      48.73417
-89.58051      48.73777
-89.5694       48.73913
-89.55541      48.74957
-89.56037      48.75401
-89.56899      48.76859
-89.58108      48.76862
-89.58778      48.7731
-89.59365      48.773
-89.59634      48.77465
-89.59027      48.77864
-89.59315      48.78349
-89.59025      48.78584
-89.58846      48.78728
-89.59869      48.79024
-89.58588      48.79774
-89.57798      48.79688
-89.57992      48.80652
-89.5774       48.8156
-89.58151      48.82369
-89.58826      48.82703
-89.60882      48.83112
-89.61749      48.83084
-89.62151      48.81905
-89.62524      48.82072
-89.63169      48.83045
-89.6405       48.83429
-89.64558      48.8296
-89.64865      48.83766
-89.64647      48.8399
-89.64129      48.83956
-89.63112      48.83501
-89.62792      48.837
-89.63157      48.84759
-89.6431       48.85262
 1             408           2 
1
 -9999.0   ,   9990.0
   7
 7 
-89.52908      48.84815
-89.52219      48.85417
-89.52817      48.85932
-89.53304      48.85874
-89.5309       48.85322
-89.53242      48.8505
-89.52908      48.84815
 1             408           3 
1
 -9999.0   ,   9990.0
   7
 8 
-89.54477      48.83181
-89.54006      48.83605
-89.54193      48.8402
-89.55615      48.83959
-89.55978      48.83625
-89.55714      48.83368
-89.5498       48.83512
-89.54477      48.83181
 1             408           4 
1
 -9999.0   ,   9990.0
   7
 8 
-89.54459      48.80759
-89.5379       48.80996
-89.53354      48.8142
-89.53686      48.81679
-89.54384      48.81557
-89.54674      48.81289
-89.54729      48.80902
-89.54459      48.80759
 1             408           5 
1
 -9999.0   ,   9990.0
   7
 9 
-89.41144      48.7875
-89.39678      48.79013
-89.39699      48.79265
-89.40647      48.79653
-89.41072      48.80119
-89.41457      48.80036
-89.41731      48.79426
-89.41451      48.78826
-89.41144      48.7875
 1             408           6 
1
 -9999.0   ,   9990.0
   7
 15 
-89.54411      48.6849
-89.52806      48.68866
-89.51908      48.6887
-89.51728      48.69026
-89.52505      48.70048
-89.53446      48.70548
-89.53966      48.70491
-89.55451      48.69792
-89.55786      48.69297
-89.55521      48.69062
-89.54689      48.69136
-89.53952      48.69394
-89.5383       48.69071
-89.54505      48.68675
-89.54411      48.6849
 1 
 1             409           
1
 -9999.0   ,   9990.0
   7
 9 
-89.13195      48.88429
-89.13841      48.88056
-89.16071      48.87838
-89.15874      48.88222
-89.14804      48.88766
-89.14816      48.89155
-89.15413      48.90221
-89.14961      48.90233
-89.13195      48.88429
 1 
 1             410           
1
 -9999.0   ,   9990.0
   7
 21 
-84.92526      48.89904
-84.90711      48.88756
-84.90638      48.88315
-84.90956      48.88037
-84.90685      48.87515
-84.91078      48.86967
-84.91693      48.85148
-84.91818      48.83825
-84.91981      48.83422
-84.92304      48.83351
-84.92616      48.84542
-84.93014      48.84911
-84.93392      48.86839
-84.93109      48.87348
-84.93218      48.87791
-84.94593      48.87902
-84.95175      48.88443
-84.94853      48.88744
-84.93466      48.88954
-84.93062      48.8957
-84.92526      48.89904
 1 
 1             411           
1
 -9999.0   ,   9990.0
   7
 12 
-88.68597      48.89427
-88.67909      48.88835
-88.66754      48.8695
-88.66064      48.86404
-88.64885      48.85911
-88.62816      48.85781
-88.62275      48.85582
-88.64292      48.84957
-88.66615      48.86443
-88.67693      48.87412
-88.68836      48.88954
-88.68597      48.89427
 1 
 1             412           
1
 -9999.0   ,   9990.0
   7
 15 
-85.76265      48.89409
-85.75668      48.89192
-85.74017      48.89329
-85.73767      48.89109
-85.73998      48.88938
-85.75197      48.88799
-85.75822      48.88537
-85.76496      48.87887
-85.77138      48.86685
-85.77445      48.8645
-85.77862      48.8645
-85.78222      48.87158
-85.78696      48.87528
-85.77036      48.88558
-85.76265      48.89409
 1 
 1             413           
1
 -9999.0   ,   9990.0
   7
 13 
-89.25619      48.86817
-89.25046      48.87168
-89.24882      48.87621
-89.25101      48.88655
-89.24914      48.88902
-89.24461      48.88959
-89.24261      48.88817
-89.24138      48.87923
-89.24289      48.87081
-89.25735      48.85996
-89.26582      48.85697
-89.27098      48.85778
-89.25619      48.86817
 1 
 1             414           
1
 -9999.0   ,   9990.0
   7
 11 
-87.37604      48.85761
-87.37241      48.86661
-87.36408      48.87405
-87.35781      48.88523
-87.35619      48.8767
-87.36259      48.86781
-87.36234      48.86322
-87.3719       48.85378
-87.37508      48.85322
-87.37699      48.8549
-87.37604      48.85761
 1 
 1             415           
1
 -9999.0   ,   9990.0
   7
 11 
-87.1772       48.85563
-87.1811       48.85831
-87.18759      48.8698
-87.18471      48.87083
-87.17837      48.86582
-87.17551      48.86681
-87.17245      48.87996
-87.16932      48.88257
-87.16483      48.88233
-87.17114      48.86086
-87.1772       48.85563
 1 
 1             416           
1
 -9999.0   ,   9990.0
   7
 6 
-88.91272      48.88241
-88.90165      48.86016
-88.90382      48.85862
-88.91849      48.86771
-88.91484      48.88178
-88.91272      48.88241
 1 
 1             417           
1
 -9999.0   ,   9990.0
   7
 8 
-85.97711      48.84357
-85.9798       48.85264
-85.97799      48.85599
-85.97245      48.85866
-85.96906      48.85802
-85.9675       48.85381
-85.97122      48.84622
-85.97711      48.84357
 1 
 1             418           
1
 -9999.0   ,   9990.0
   7
 16 
-87.38505      48.85775
-87.38442      48.85338
-87.37499      48.84315
-87.37292      48.83575
-87.37512      48.83081
-87.37834      48.82979
-87.38294      48.8325
-87.38534      48.84358
-87.38887      48.8467
-87.39234      48.84661
-87.39526      48.84147
-87.39776      48.84066
-87.40365      48.84433
-87.39253      48.85189
-87.38815      48.85788
-87.38505      48.85775
 1 
 1             419           
1
 -9999.0   ,   9990.0
   7
 9 
-86.48389      48.83315
-86.48469      48.83525
-86.46989      48.85558
-86.46584      48.85768
-86.45923      48.85781
-86.45771      48.8559
-86.46939      48.84778
-86.47384      48.83609
-86.48389      48.83315
 1 
 1             420           
1
 -9999.0   ,   9990.0
   7
 15 
-85.02735      48.85709
-85.01735      48.83971
-85.01402      48.82666
-85.01704      48.82501
-85.02621      48.83362
-85.03339      48.83453
-85.04465      48.82629
-85.0482       48.82812
-85.04752      48.83289
-85.04282      48.83902
-85.03339      48.84416
-85.03801      48.85065
-85.03708      48.85472
-85.03004      48.85771
-85.02735      48.85709
 1 
 1             421           
1
 -9999.0   ,   9990.0
   7
 128 
-85.57439      48.84075
-85.58099      48.83288
-85.58661      48.82977
-85.59468      48.82909
-85.60176      48.82285
-85.60293      48.81925
-85.60134      48.81549
-85.59512      48.81789
-85.59062      48.81258
-85.58365      48.82065
-85.57945      48.82087
-85.57218      48.81816
-85.56642      48.82493
-85.56136      48.82648
-85.54743      48.82154
-85.54068      48.81496
-85.53763      48.80653
-85.54146      48.80125
-85.5581       48.79878
-85.56722      48.79539
-85.57415      48.79283
-85.59385      48.79076
-85.59936      48.78581
-85.6158       48.7769
-85.62527      48.77607
-85.62708      48.77021
-85.63071      48.7663
-85.62392      48.7494
-85.63274      48.74028
-85.62659      48.7264
-85.62682      48.72206
-85.63414      48.70851
-85.62945      48.70205
-85.63026      48.70079
-85.63204      48.69807
-85.63131      48.69574
-85.62513      48.69011
-85.62967      48.68716
-85.63938      48.68703
-85.64017      48.68891
-85.63357      48.69174
-85.63831      48.69522
-85.64224      48.6943
-85.64767      48.6898
-85.6502       48.68101
-85.65287      48.6791
-85.66404      48.67836
-85.67616      48.67034
-85.70751      48.66067
-85.71256      48.65637
-85.70993      48.65003
-85.71272      48.64447
-85.71667      48.64607
-85.71935      48.6547
-85.73596      48.65472
-85.73644      48.65635
-85.72641      48.65899
-85.72252      48.66116
-85.71598      48.66482
-85.70022      48.66622
-85.71322      48.67268
-85.71115      48.67531
-85.69033      48.67047
-85.684        48.67125
-85.65043      48.69248
-85.65131      48.69895
-85.65702      48.71097
-85.63952      48.72554
-85.6389       48.73032
-85.64084      48.73355
-85.64601      48.74219
-85.64606      48.747
-85.64069      48.75105
-85.64138      48.75636
-85.64432      48.75768
-85.65396      48.75296
-85.66002      48.76224
-85.65296      48.76322
-85.64767      48.77185
-85.64876      48.77673
-85.65944      48.7826
-85.66136      48.78913
-85.66706      48.7906
-85.68008      48.78653
-85.68785      48.78812
-85.69241      48.78242
-85.69369      48.78318
-85.69539      48.8021
-85.69391      48.80817
-85.68532      48.81822
-85.68281      48.81877
-85.68194      48.81699
-85.69034      48.80361
-85.68902      48.79505
-85.68328      48.7913
-85.67739      48.79119
-85.66692      48.79701
-85.65885      48.7977
-85.6547       48.80021
-85.65474      48.80525
-85.64989      48.81048
-85.65164      48.83946
-85.65001      48.84395
-85.64486      48.84617
-85.63909      48.84516
-85.63835      48.84429
-85.63278      48.83769
-85.62966      48.82445
-85.62566      48.82056
-85.62319      48.82087
-85.62043      48.82598
-85.62127      48.83015
-85.62722      48.83508
-85.62416      48.8372
-85.61871      48.83643
-85.6111       48.83095
-85.60378      48.83121
-85.59641      48.83446
-85.59264      48.83928
-85.59729      48.84872
-85.60516      48.84963
-85.61783      48.84051
-85.61931      48.84242
-85.60843      48.85647
-85.59846      48.85566
-85.58328      48.85227
-85.57733      48.84734
-85.57439      48.84075
 1 
 1             422           
1
 -9999.0   ,   9990.0
   7
 12 
-85.73738      48.81017
-85.74173      48.81133
-85.74477      48.81471
-85.73909      48.82104
-85.74636      48.84
-85.74528      48.84568
-85.73688      48.84887
-85.73309      48.84866
-85.72856      48.84611
-85.73245      48.84014
-85.73306      48.82207
-85.73738      48.81017
 1 
 1             423           
1
 -9999.0   ,   9990.0
   7
 8 
-89.36754      48.83904
-89.38078      48.83752
-89.38175      48.83868
-89.37444      48.84605
-89.36849      48.84729
-89.36514      48.84515
-89.36438      48.84011
-89.36754      48.83904
 1 
 1             424           
1
 -9999.0   ,   9990.0
   7
 14 
-89.16059      48.83222
-89.16528      48.82891
-89.17719      48.82646
-89.19838      48.819
-89.20322      48.81911
-89.19632      48.82466
-89.18532      48.82941
-89.17626      48.83078
-89.17156      48.83409
-89.17039      48.84252
-89.16749      48.84473
-89.16335      48.8444
-89.15793      48.83649
-89.16059      48.83222
 1 
 1             425           
1
 -9999.0   ,   9990.0
   7
 39 
-87.16877      48.82529
-87.1728       48.81264
-87.17173      48.80596
-87.16925      48.80398
-87.14492      48.81075
-87.14008      48.8142
-87.14732      48.81795
-87.14294      48.82371
-87.14189      48.83419
-87.13838      48.83816
-87.12637      48.84381
-87.12107      48.84473
-87.11737      48.84365
-87.12765      48.83792
-87.13448      48.83204
-87.13551      48.82865
-87.13144      48.81039
-87.11677      48.79917
-87.1183       48.7924
-87.12516      48.80051
-87.12907      48.80297
-87.13774      48.80289
-87.14166      48.80878
-87.15842      48.80513
-87.16946      48.80083
-87.17028      48.79606
-87.17496      48.79077
-87.19784      48.79404
-87.20388      48.79613
-87.20507      48.79802
-87.20345      48.8039
-87.19884      48.8085
-87.19461      48.80924
-87.1872       48.80709
-87.18261      48.80804
-87.18148      48.81599
-87.17672      48.81853
-87.17123      48.82493
-87.16877      48.82529
 1 
 1             426           
1
 -9999.0   ,   9990.0
   7
 7 
-86.95741      48.81801
-86.95869      48.82241
-86.95486      48.83918
-86.95106      48.84244
-86.94708      48.84066
-86.94634      48.82117
-86.95741      48.81801
 1 
 1             427           
1
 -9999.0   ,   9990.0
   7
 17 
-88.8791       48.83897
-88.86421      48.81731
-88.85954      48.80369
-88.85338      48.80261
-88.84746      48.79238
-88.84696      48.76243
-88.84862      48.75814
-88.85108      48.75752
-88.85306      48.75895
-88.85442      48.77567
-88.86291      48.79259
-88.87468      48.816
-88.88325      48.82811
-88.89498      48.83964
-88.89381      48.84166
-88.88792      48.84173
-88.8791       48.83897
 1 
 1             428           
1
 -9999.0   ,   9990.0
   7
 14 
-87.32052      48.82556
-87.32385      48.82341
-87.32474      48.8358
-87.32308      48.83871
-87.31818      48.83919
-87.31043      48.8368
-87.29052      48.82407
-87.28821      48.8194
-87.28892      48.81554
-87.29369      48.81643
-87.29732      48.82184
-87.30935      48.83013
-87.31986      48.83341
-87.32052      48.82556
 1 
 1             429           
1
 -9999.0   ,   9990.0
   7
 14 
-88.69437      48.82114
-88.70025      48.81606
-88.70878      48.81265
-88.71053      48.8175
-88.72019      48.81801
-88.72547      48.82182
-88.72621      48.82641
-88.72268      48.83248
-88.71984      48.83354
-88.71578      48.83228
-88.71197      48.83743
-88.70682      48.83659
-88.70186      48.83325
-88.69437      48.82114
 1 
 1             430           
1
 -9999.0   ,   9990.0
   7
 12 
-89.10481      48.80956
-89.1025       48.81955
-89.10819      48.82884
-89.09995      48.83343
-89.09481      48.83261
-89.09114      48.81858
-89.08369      48.80421
-89.07319      48.79434
-89.07339      48.79115
-89.0765       48.79123
-89.09134      48.80327
-89.10481      48.80956
 1 
 1             431           
1
 -9999.0   ,   9990.0
   7
 27 
-85.31835      48.83116
-85.31798      48.82885
-85.32838      48.8164
-85.32781      48.81293
-85.3388       48.79869
-85.33861      48.79248
-85.34243      48.78744
-85.34356      48.78659
-85.35404      48.77873
-85.35563      48.7747
-85.35212      48.76739
-85.3589       48.76343
-85.36228      48.7641
-85.36348      48.76818
-85.36851      48.76928
-85.36992      48.77166
-85.36591      48.77555
-85.36079      48.77753
-85.35309      48.79565
-85.34822      48.80086
-85.35536      48.80701
-85.34894      48.81076
-85.34603      48.8092
-85.34509      48.80594
-85.34181      48.80712
-85.3388       48.81634
-85.31835      48.83116
 1 
 1             432           
1
 -9999.0   ,   9990.0
   7
 9 
-87.81365      48.8078
-87.84364      48.8176
-87.85108      48.82382
-87.8622       48.82744
-87.86066      48.82921
-87.85412      48.82874
-87.84198      48.82486
-87.81415      48.8101
-87.81365      48.8078
 1 
 1             433           
1
 -9999.0   ,   9990.0
   7
 14 
-87.97148      48.77493
-87.97764      48.77149
-87.98482      48.77678
-87.98849      48.78263
-87.99626      48.82293
-87.99554      48.82747
-87.99161      48.82893
-87.98758      48.82742
-87.98338      48.81103
-87.97574      48.80298
-87.97291      48.79533
-87.97795      48.78454
-87.97604      48.77829
-87.97148      48.77493
 1 
 1             434           
1
 -9999.0   ,   9990.0
   7
 19 
-90            48.80574
-90            48.80927
-89.99515      48.80954
-89.99011      48.82293
-89.98614      48.82674
-89.98094      48.82711
-89.97791      48.82522
-89.97766      48.82271
-89.98158      48.81981
-89.98652      48.80893
-89.98506      48.80228
-89.9897       48.7987
-89.98939      48.78934
-89.99494      48.78875
-89.99721      48.784
-90            48.78498
-90            48.79759
-89.99761      48.79976
-90            48.80574
 1 
 1             435           
1
 -9999.0   ,   9990.0
   7
 7 
-87.91709      48.80886
-87.92078      48.8186
-87.91988      48.82109
-87.90835      48.82227
-87.90513      48.81941
-87.91115      48.80956
-87.91709      48.80886
 1 
 1             436           
1
 -9999.0   ,   9990.0
   7
 10 
-86.37577      48.80531
-86.36785      48.81384
-86.36379      48.81592
-86.34786      48.81581
-86.33478      48.82086
-86.33001      48.82017
-86.33003      48.81696
-86.33346      48.81439
-86.35212      48.8119
-86.37577      48.80531
 1 
 1             437           
1
 -9999.0   ,   9990.0
   7
 34 
-84.76182      48.72882
-84.7572       48.73425
-84.75089      48.73705
-84.7513       48.73891
-84.76497      48.73797
-84.76771      48.74044
-84.76425      48.74274
-84.74787      48.74328
-84.7351       48.74978
-84.73164      48.75667
-84.72621      48.76044
-84.72151      48.77092
-84.72647      48.7818
-84.72492      48.78514
-84.71688      48.79012
-84.71827      48.79939
-84.71352      48.80321
-84.70706      48.80462
-84.70396      48.81359
-84.70018      48.81564
-84.68872      48.80869
-84.66956      48.80673
-84.66592      48.80328
-84.67277      48.79937
-84.67848      48.79149
-84.68308      48.78858
-84.68704      48.7877
-84.69556      48.78871
-84.70068      48.78699
-84.71729      48.77133
-84.72074      48.75526
-84.72421      48.74838
-84.74868      48.73094
-84.76182      48.72882
 1 
 1             438           
1
 -9999.0   ,   9990.0
   7
 22 
-85.05731      48.81309
-85.04867      48.80796
-85.03962      48.80808
-85.03561      48.80462
-85.03895      48.8007
-85.03818      48.79882
-85.03202      48.7982
-85.02523      48.79221
-85.02469      48.78398
-85.01831      48.77532
-85.02402      48.77178
-85.02803      48.76561
-85.02392      48.7532
-85.02354      48.74858
-85.02572      48.74551
-85.03036      48.74947
-85.0334       48.75723
-85.04588      48.77178
-85.06091      48.79772
-85.06427      48.80573
-85.06337      48.80957
-85.05731      48.81309
 1 
 1             439           
1
 -9999.0   ,   9990.0
   7
 7 
-86.91568      48.81268
-86.91062      48.80146
-86.91717      48.79513
-86.92148      48.79372
-86.92517      48.80808
-86.92208      48.81114
-86.91568      48.81268
 1 
 1             440           
1
 -9999.0   ,   9990.0
   7
 15 
-89.12764      48.80968
-89.12111      48.80906
-89.11608      48.80642
-89.11162      48.79968
-89.11485      48.79176
-89.12061      48.79396
-89.12245      48.79195
-89.11593      48.78516
-89.11161      48.77637
-89.11289      48.77229
-89.12182      48.77914
-89.12973      48.7798
-89.13151      48.79081
-89.1267       48.79618
-89.12764      48.80968
 1 
 1             441           
1
 -9999.0   ,   9990.0
   7
 10 
-89.95733      48.80407
-89.93281      48.80318
-89.93123      48.79972
-89.93384      48.79497
-89.94619      48.78903
-89.94956      48.79137
-89.94721      48.79795
-89.95514      48.79832
-89.95779      48.80111
-89.95733      48.80407
 1 
 1             442           
1
 -9999.0   ,   9990.0
   7
 11 
-85.48786      48.77153
-85.47547      48.78364
-85.46072      48.78759
-85.45572      48.79372
-85.45234      48.79306
-85.44996      48.79016
-85.45182      48.78661
-85.46608      48.77873
-85.47924      48.7685
-85.48444      48.76858
-85.48786      48.77153
 1 
 1             443           
1
 -9999.0   ,   9990.0
   7
 18 
-85.78768      48.74791
-85.7908       48.74785
-85.79274      48.75438
-85.78926      48.76266
-85.78629      48.76685
-85.77234      48.7702
-85.77609      48.77613
-85.77424      48.7797
-85.76631      48.78475
-85.74488      48.79303
-85.74574      48.78566
-85.7549       48.78182
-85.76166      48.77235
-85.77002      48.76663
-85.7768       48.76517
-85.77972      48.75594
-85.78474      48.75462
-85.78768      48.74791
 1 
 1             444           
1
 -9999.0   ,   9990.0
   7
 9 
-86.04681      48.77629
-86.04829      48.78118
-86.04197      48.79024
-86.03874      48.78274
-86.02734      48.78235
-86.02725      48.78028
-86.0335       48.78016
-86.04095      48.77598
-86.04681      48.77629
 1 
 1             445           
1
 -9999.0   ,   9990.0
   7
 10 
-85.20998      48.76198
-85.20978      48.76588
-85.20529      48.77064
-85.19346      48.77589
-85.18317      48.78488
-85.17966      48.78512
-85.17739      48.78155
-85.18831      48.77052
-85.19729      48.7658
-85.20998      48.76198
 1 
 1             446           
1
 -9999.0   ,   9990.0
   7
 14 
-89.01814      48.74972
-89.0125       48.76305
-89.00856      48.76523
-89.00004      48.76317
-88.99455      48.76829
-88.99369      48.77101
-89.00157      48.77784
-89.00073      48.78034
-88.99681      48.78229
-88.99001      48.78028
-88.98205      48.78052
-88.98651      48.76419
-89.00837      48.75129
-89.01814      48.74972
 1 
 1             447           
1
 -9999.0   ,   9990.0
   7
 9 
-89.27264      48.77122
-89.28063      48.7769
-89.27812      48.77844
-89.26849      48.77775
-89.26276      48.77487
-89.25458      48.76667
-89.25708      48.76536
-89.26704      48.76629
-89.27264      48.77122
 1 
 1             448           
1
 -9999.0   ,   9990.0
   7
 7 
-88.95289      48.77677
-88.94982      48.776
-88.94016      48.75905
-88.94418      48.75551
-88.95332      48.76421
-88.95811      48.76503
-88.95289      48.77677
 1 
 1             449           
1
 -9999.0   ,   9990.0
   7
 7 
-87.64434      48.76108
-87.67046      48.75912
-87.67004      48.7678
-87.66756      48.76839
-87.66365      48.76572
-87.65968      48.76763
-87.64434      48.76108
 1 
 1             450           
1
 -9999.0   ,   9990.0
   7
 12 
-84.95794      48.75132
-84.95664      48.74596
-84.96013      48.74343
-84.97721      48.74291
-84.98584      48.7407
-84.98452      48.74564
-84.97207      48.75199
-84.96471      48.76207
-84.95892      48.76606
-84.95755      48.76597
-84.96011      48.75936
-84.95794      48.75132
 1 
 1             451           
1
 -9999.0   ,   9990.0
   7
 5 
-88.7049       48.73643
-88.70773      48.74063
-88.70102      48.74797
-88.69143      48.74152
-88.7049       48.73643
 1 
 1             452           
1
 -9999.0   ,   9990.0
   7
 7 
-88.77709      48.72618
-88.78377      48.73506
-88.78155      48.73727
-88.76451      48.73381
-88.76359      48.73196
-88.77188      48.72671
-88.77709      48.72618
 1 
 1             453           
1
 -9999.0   ,   9990.0
   7
 6 
-89.15079      48.73258
-89.15021      48.73051
-89.15858      48.72317
-89.16741      48.72591
-89.15548      48.73498
-89.15079      48.73258
 1 
 1             454           
1
 -9999.0   ,   9990.0
   7
 5 
-84            48.7332
-84            48.7173
-84.00798      48.71733
-84.00921      48.72454
-84            48.7332
 1 
 1             455           
1
 -9999.0   ,   9990.0
   7
 8 
-88.26794      48.72048
-88.25409      48.72985
-88.24882      48.73104
-88.24751      48.73009
-88.24652      48.71588
-88.25431      48.7134
-88.25975      48.71906
-88.26794      48.72048
 1 
 1             456           
1
 -9999.0   ,   9990.0
   7
 9 
-88.96021      48.72532
-88.95754      48.72388
-88.95778      48.72
-88.97406      48.71358
-88.97854      48.7137
-88.98448      48.7182
-88.98011      48.72197
-88.96632      48.7216
-88.96021      48.72532
 2 
 1             457           
1
 -9999.0   ,   9990.0
   7
 124 
-84.4686       48.71843
-84.46351      48.71992
-84.4531       48.7199
-84.44321      48.7144
-84.43779      48.71358
-84.43591      48.71382
-84.43318      48.71418
-84.41199      48.72329
-84.40579      48.7208
-84.40319      48.71741
-84.40777      48.71038
-84.40728      48.7069
-84.39759      48.71335
-84.39271      48.71347
-84.39032      48.71101
-84.40386      48.70436
-84.40401      48.70116
-84.39985      48.69675
-84.40652      48.69399
-84.41328      48.69514
-84.41856      48.69023
-84.42908      48.69163
-84.43606      48.68913
-84.45406      48.66924
-84.45527      48.66861
-84.46538      48.66336
-84.48811      48.65756
-84.49086      48.65316
-84.48836      48.64244
-84.49296      48.63516
-84.49979      48.63127
-84.52281      48.62572
-84.53132      48.62216
-84.54272      48.611
-84.55202      48.59556
-84.54981      48.58738
-84.54708      48.5849
-84.53982      48.58487
-84.53832      48.58289
-84.53781      48.58221
-84.5411       48.56981
-84.54012      48.56493
-84.53439      48.55719
-84.53401      48.54845
-84.53812      48.54872
-84.54007      48.54726
-84.53707      48.542
-84.53629      48.53139
-84.53339      48.52546
-84.52848      48.52376
-84.52502      48.52604
-84.5202       48.53489
-84.51671      48.53512
-84.51463      48.53291
-84.5212       48.52165
-84.52648      48.5188
-84.52683      48.51423
-84.51981      48.4993
-84.52153      48.49483
-84.53174      48.49804
-84.53231      48.50106
-84.52925      48.50521
-84.53191      48.50815
-84.53554      48.50473
-84.53968      48.50477
-84.5454       48.51251
-84.55713      48.51261
-84.57419      48.5094
-84.57861      48.50993
-84.57131      48.51472
-84.56081      48.51561
-84.55732      48.51813
-84.56132      48.51909
-84.56097      48.52136
-84.55399      48.5241
-84.54549      48.5412
-84.54824      48.55033
-84.5455       48.56139
-84.54771      48.56727
-84.55458      48.5721
-84.55651      48.57751
-84.5669       48.58647
-84.57941      48.58387
-84.58626      48.57744
-84.60267      48.57048
-84.59831      48.57797
-84.59687      48.58045
-84.59676      48.58572
-84.58418      48.59107
-84.58061      48.59405
-84.58224      48.5992
-84.58121      48.60143
-84.57689      48.60252
-84.57942      48.60636
-84.57179      48.61778
-84.56658      48.62248
-84.56         48.62249
-84.55656      48.62456
-84.55926      48.62726
-84.56495      48.62856
-84.56539      48.6302
-84.56024      48.63444
-84.55561      48.63528
-84.54684      48.63147
-84.53442      48.63568
-84.53302      48.63352
-84.54234      48.62474
-84.54214      48.62152
-84.52772      48.63071
-84.50798      48.64331
-84.50315      48.64986
-84.50245      48.6544
-84.48842      48.66217
-84.47034      48.68045
-84.46232      48.68518
-84.45009      48.68802
-84.44744      48.69174
-84.44728      48.7039
-84.45094      48.70484
-84.45906      48.70172
-84.46547      48.70284
-84.46691      48.70478
-84.46481      48.71152
-84.4686       48.71843
 1             457           2 
1
 -9999.0   ,   9990.0
   7
 9 
-84.47188      48.66609
-84.46781      48.66559
-84.45789      48.67134
-84.45431      48.6766
-84.45397      48.68094
-84.45638      48.68111
-84.46058      48.67634
-84.47375      48.67026
-84.47188      48.66609
 1 
 1             458           
1
 -9999.0   ,   9990.0
   7
 13 
-89.18098      48.71802
-89.18222      48.7144
-89.19378      48.71149
-89.2056       48.70401
-89.21415      48.70537
-89.2198       48.70299
-89.22709      48.69609
-89.23335      48.69532
-89.23533      48.69697
-89.22845      48.70275
-89.21711      48.70795
-89.1921       48.7167
-89.18098      48.71802
 1 
 1             459           
1
 -9999.0   ,   9990.0
   7
 9 
-85.71086      48.71769
-85.69714      48.71668
-85.6925       48.71504
-85.69838      48.70713
-85.70363      48.70399
-85.71111      48.7051
-85.71757      48.70868
-85.7189       48.71173
-85.71086      48.71769
 1 
 1             460           
1
 -9999.0   ,   9990.0
   7
 13 
-85.80076      48.71335
-85.78519      48.71317
-85.78259      48.71188
-85.77773      48.70656
-85.7843       48.7012
-85.78622      48.69169
-85.7956       48.69405
-85.80532      48.69115
-85.81176      48.6922
-85.81616      48.69565
-85.80652      48.70886
-85.80248      48.71345
-85.80076      48.71335
 1 
 1             461           
1
 -9999.0   ,   9990.0
   7
 11 
-85.04532      48.69835
-85.04808      48.70334
-85.05486      48.70674
-85.0547       48.7127
-85.04061      48.7047
-85.0264       48.70473
-85.02226      48.70217
-85.02116      48.69774
-85.02416      48.69381
-85.03807      48.69583
-85.04532      48.69835
 1 
 1             462           
1
 -9999.0   ,   9990.0
   7
 21 
-84.51378      48.70888
-84.51352      48.70713
-84.51311      48.70424
-84.51874      48.69475
-84.52682      48.68727
-84.52379      48.68224
-84.52932      48.67779
-84.52859      48.66902
-84.53056      48.66526
-84.53442      48.66276
-84.54011      48.66177
-84.54796      48.66253
-84.55299      48.66585
-84.55362      48.67071
-84.54377      48.68749
-84.54424      48.69349
-84.53872      48.7
-84.53612      48.70787
-84.53097      48.7121
-84.52712      48.7123
-84.51378      48.70888
 1 
 1             463           
1
 -9999.0   ,   9990.0
   7
 17 
-89.11589      48.70313
-89.11678      48.69972
-89.1383       48.68588
-89.15428      48.67211
-89.16198      48.65197
-89.17626      48.64342
-89.1838       48.63218
-89.19496      48.62378
-89.19476      48.62743
-89.18484      48.6441
-89.16772      48.65417
-89.16503      48.6589
-89.16803      48.66675
-89.16378      48.67487
-89.13578      48.69358
-89.1197       48.703
-89.11589      48.70313
 1 
 1             464           
1
 -9999.0   ,   9990.0
   7
 58 
-84.21203      48.69447
-84.21722      48.69171
-84.21516      48.68711
-84.23969      48.68126
-84.24741      48.68065
-84.24897      48.67525
-84.25749      48.67401
-84.26276      48.67139
-84.26672      48.66616
-84.26538      48.66147
-84.26082      48.65748
-84.26659      48.65605
-84.27395      48.66207
-84.27769      48.66257
-84.27897      48.66105
-84.27709      48.65541
-84.28311      48.65468
-84.28662      48.65217
-84.29113      48.64123
-84.29964      48.63127
-84.29465      48.62128
-84.29618      48.61817
-84.30343      48.61615
-84.30424      48.61632
-84.3088       48.61722
-84.31578      48.61035
-84.33021      48.60218
-84.33438      48.59558
-84.33462      48.58963
-84.34234      48.578
-84.34439      48.56942
-84.34655      48.56888
-84.35012      48.57693
-84.33967      48.59273
-84.34023      48.60012
-84.34848      48.59174
-84.35899      48.5865
-84.36609      48.57873
-84.37231      48.57663
-84.37344      48.5914
-84.36834      48.59748
-84.33926      48.61291
-84.33371      48.61734
-84.32805      48.62682
-84.31913      48.63286
-84.30202      48.65118
-84.29049      48.65612
-84.28669      48.66044
-84.28216      48.66931
-84.2852       48.67847
-84.28084      48.68621
-84.27056      48.68985
-84.26516      48.69544
-84.25622      48.69275
-84.22926      48.69866
-84.22215      48.69541
-84.21742      48.69898
-84.21203      48.69447
 1 
 1             465           
1
 -9999.0   ,   9990.0
   7
 20 
-89.45001      48.68305
-89.48621      48.67015
-89.48676      48.67291
-89.47849      48.67935
-89.48015      48.68075
-89.51121      48.67345
-89.51594      48.67538
-89.50951      48.67981
-89.48716      48.68525
-89.47681      48.68525
-89.46948      48.68692
-89.45821      48.68461
-89.44009      48.69494
-89.43178      48.69543
-89.42472      48.69847
-89.41888      48.69788
-89.42056      48.69221
-89.42926      48.69081
-89.44131      48.68468
-89.45001      48.68305
 1 
 1             466           
1
 -9999.0   ,   9990.0
   7
 9 
-88.19134      48.68796
-88.19613      48.68857
-88.2003       48.6926
-88.19661      48.69568
-88.18126      48.69767
-88.17719      48.69685
-88.17769      48.6948
-88.18511      48.69255
-88.19134      48.68796
 1 
 1             467           
1
 -9999.0   ,   9990.0
   7
 10 
-85.82312      48.69535
-85.82677      48.6912
-85.84184      48.68425
-85.84596      48.68722
-85.85178      48.68503
-85.85799      48.68515
-85.85761      48.6881
-85.83759      48.69593
-85.82911      48.69729
-85.82312      48.69535
 1 
 1             468           
1
 -9999.0   ,   9990.0
   7
 9 
-86.03629      48.6841
-86.03962      48.68795
-86.03855      48.6911
-86.02988      48.69131
-86.02462      48.68897
-86.02126      48.6826
-86.0233       48.68054
-86.03279      48.68029
-86.03629      48.6841
 1 
 1             469           
1
 -9999.0   ,   9990.0
   7
 11 
-89.36414      48.66966
-89.37274      48.68289
-89.37251      48.68722
-89.36851      48.69101
-89.36508      48.69093
-89.36571      48.68546
-89.36129      48.68422
-89.35471      48.67813
-89.3463       48.67427
-89.34677      48.67177
-89.36414      48.66966
 1 
 1             470           
1
 -9999.0   ,   9990.0
   7
 8 
-85.10658      48.67695
-85.10451      48.672
-85.10891      48.67022
-85.12344      48.68259
-85.12239      48.68504
-85.11901      48.6869
-85.11433      48.68569
-85.10658      48.67695
 1 
 1             471           
1
 -9999.0   ,   9990.0
   7
 5 
-89.37037      48.66912
-89.38214      48.66825
-89.38721      48.67683
-89.37626      48.6752
-89.37037      48.66912
 1 
 1             472           
1
 -9999.0   ,   9990.0
   7
 10 
-86.01934      48.67288
-86.01221      48.67181
-86.01017      48.66872
-86.01259      48.66587
-86.02068      48.66196
-86.02799      48.66166
-86.03228      48.66327
-86.032        48.66555
-86.02336      48.66554
-86.01934      48.67288
 1 
 1             473           
1
 -9999.0   ,   9990.0
   7
 13 
-89.44439      48.67173
-89.44107      48.66914
-89.43341      48.65069
-89.42541      48.65188
-89.42443      48.64432
-89.42679      48.63867
-89.43027      48.63806
-89.44221      48.64701
-89.44226      48.6461
-89.44736      48.64758
-89.44782      48.66541
-89.44652      48.67063
-89.44439      48.67173
 1 
 1             474           
1
 -9999.0   ,   9990.0
   7
 5 
-89.60091      48.65893
-89.59354      48.64712
-89.60098      48.63609
-89.60511      48.64326
-89.60091      48.65893
 1 
 1             475           
1
 -9999.0   ,   9990.0
   7
 11 
-85.03298      48.64207
-85.03549      48.64384
-85.03592      48.64799
-85.02951      48.65171
-85.01958      48.65338
-85.01066      48.65764
-85.00623      48.65713
-85.00367      48.6533
-85.00673      48.64408
-85.0188       48.64439
-85.03298      48.64207
 1 
 1             476           
1
 -9999.0   ,   9990.0
   7
 7 
-89.09994      48.6456
-89.09917      48.65289
-89.09551      48.65645
-89.08926      48.6572
-89.08684      48.65143
-89.08925      48.64578
-89.09994      48.6456
 1 
 1             477           
1
 -9999.0   ,   9990.0
   7
 9 
-88.2201       48.63292
-88.22655      48.64777
-88.22391      48.65065
-88.21942      48.65073
-88.21091      48.65364
-88.20861      48.65219
-88.20734      48.6462
-88.21236      48.63929
-88.2201       48.63292
 1 
 1             478           
1
 -9999.0   ,   9990.0
   7
 12 
-85.19501      48.64138
-85.21056      48.6366
-85.21841      48.62745
-85.22328      48.62477
-85.2277       48.62527
-85.23209      48.62852
-85.2395       48.63241
-85.24218      48.63555
-85.24046      48.63797
-85.20513      48.64567
-85.19843      48.64411
-85.19501      48.64138
 1 
 1             479           
1
 -9999.0   ,   9990.0
   7
 11 
-88.75698      48.64355
-88.76016      48.63725
-88.77725      48.62882
-88.78586      48.62907
-88.78384      48.63359
-88.78505      48.63613
-88.77599      48.64296
-88.77094      48.64099
-88.76307      48.64533
-88.7586       48.6452
-88.75698      48.64355
 1 
 1             480           
1
 -9999.0   ,   9990.0
   7
 9 
-84.24031      48.64273
-84.2344       48.64507
-84.23457      48.6375
-84.22975      48.62867
-84.23454      48.62258
-84.25404      48.61752
-84.25326      48.62458
-84.24338      48.63009
-84.24031      48.64273
 1 
 1             481           
1
 -9999.0   ,   9990.0
   7
 9 
-88.16856      48.63917
-88.17365      48.63591
-88.19064      48.63032
-88.1965       48.63029
-88.19698      48.63305
-88.18676      48.6359
-88.17868      48.64226
-88.17346      48.64276
-88.16856      48.63917
 1 
 1             482           
1
 -9999.0   ,   9990.0
   7
 22 
-84.7052       48.59363
-84.70526      48.5955
-84.70538      48.59938
-84.69852      48.60351
-84.69746      48.60597
-84.70713      48.61074
-84.70844      48.61816
-84.70035      48.62589
-84.70121      48.63627
-84.69662      48.63918
-84.69079      48.63879
-84.68373      48.63282
-84.67544      48.63273
-84.67379      48.62987
-84.67392      48.62437
-84.67903      48.61576
-84.67383      48.60899
-84.67948      48.60363
-84.68784      48.60097
-84.69225      48.59231
-84.69657      48.59122
-84.7052       48.59363
 1 
 1             483           
1
 -9999.0   ,   9990.0
   7
 9 
-88.70718      48.63022
-88.71193      48.62625
-88.72712      48.62578
-88.7332       48.62253
-88.73513      48.62464
-88.73302      48.63051
-88.73051      48.63182
-88.71083      48.63239
-88.70718      48.63022
 1 
 1             484           
1
 -9999.0   ,   9990.0
   7
 7 
-89.37798      48.61653
-89.39262      48.62646
-89.39188      48.62736
-89.38084      48.62756
-89.37586      48.62424
-89.37393      48.62146
-89.37798      48.61653
 1 
 1             485           
1
 -9999.0   ,   9990.0
   7
 17 
-85.25894      48.60448
-85.27041      48.60655
-85.27209      48.60436
-85.26983      48.60079
-85.27154      48.59837
-85.28008      48.59912
-85.28466      48.601
-85.27836      48.6091
-85.28427      48.61634
-85.28324      48.6188
-85.27507      48.62036
-85.27033      48.61962
-85.27214      48.61651
-85.27099      48.61484
-85.26469      48.61537
-85.26539      48.61037
-85.25894      48.60448
 1 
 1             486           
1
 -9999.0   ,   9990.0
   7
 11 
-86.0622       48.61929
-86.04887      48.60964
-86.03733      48.60513
-86.03444      48.5949
-86.03858      48.59214
-86.04439      48.59543
-86.04688      48.60335
-86.05294      48.60459
-86.05608      48.61003
-86.06361      48.61616
-86.0622       48.61929
 1 
 1             487           
1
 -9999.0   ,   9990.0
   7
 7 
-85.65578      48.60387
-85.66627      48.61089
-85.66625      48.61363
-85.66296      48.61505
-85.648        48.61579
-85.64642      48.61204
-85.65578      48.60387
 1 
 1             488           
1
 -9999.0   ,   9990.0
   7
 13 
-85.94324      48.57849
-85.94505      48.5834
-85.93607      48.5946
-85.93611      48.60536
-85.92904      48.61208
-85.92518      48.60431
-85.91672      48.60018
-85.91271      48.59354
-85.91262      48.58873
-85.92622      48.5794
-85.93236      48.57721
-85.9397       48.57647
-85.94324      48.57849
 1 
 1             489           
1
 -9999.0   ,   9990.0
   7
 9 
-85.07601      48.60235
-85.07333      48.59691
-85.07788      48.59168
-85.06931      48.579
-85.06951      48.57282
-85.07698      48.57374
-85.08549      48.58918
-85.09121      48.59275
-85.07601      48.60235
 1 
 1             490           
1
 -9999.0   ,   9990.0
   7
 14 
-89.28229      48.58343
-89.28481      48.58166
-89.31242      48.58026
-89.31885      48.57608
-89.3234       48.58738
-89.32166      48.59419
-89.31564      48.59702
-89.31326      48.5965
-89.30694      48.59864
-89.3032       48.59786
-89.29992      48.58864
-89.30423      48.58532
-89.28905      48.58587
-89.28229      48.58343
 1 
 1             491           
1
 -9999.0   ,   9990.0
   7
 128 
-84.22722      48.54722
-84.22238      48.54297
-84.22193      48.53927
-84.23272      48.5258
-84.23696      48.51668
-84.23185      48.50324
-84.23538      48.49843
-84.24717      48.49812
-84.24921      48.4962
-84.24564      48.49044
-84.24809      48.47936
-84.23419      48.47126
-84.22642      48.46153
-84.21966      48.45853
-84.2096       48.45024
-84.20371      48.45257
-84.20285      48.45328
-84.19496      48.45976
-84.19342      48.45644
-84.19703      48.45118
-84.20499      48.4467
-84.19714      48.44614
-84.19649      48.4438
-84.2037       48.43972
-84.20246      48.43022
-84.20469      48.41844
-84.20279      48.41739
-84.1975       48.42023
-84.19164      48.42027
-84.19053      48.41859
-84.19264      48.41621
-84.20291      48.41235
-84.19798      48.41085
-84.19765      48.40647
-84.20522      48.40218
-84.20416      48.40027
-84.18854      48.39871
-84.18145      48.39567
-84.17875      48.38676
-84.17959      48.3836
-84.18349      48.38296
-84.18639      48.38611
-84.18936      48.38935
-84.19318      48.38916
-84.19753      48.3835
-84.20737      48.38879
-84.22851      48.38592
-84.23689      48.38307
-84.23857      48.38113
-84.23737      48.3714
-84.24028      48.3661
-84.24608      48.36215
-84.27718      48.35493
-84.27749      48.35954
-84.26652      48.36566
-84.26545      48.37247
-84.25662      48.37598
-84.25622      48.37847
-84.27628      48.37805
-84.28152      48.38186
-84.27871      48.38442
-84.26589      48.38489
-84.2565       48.38974
-84.24089      48.39254
-84.23416      48.39803
-84.22382      48.39799
-84.2147       48.40331
-84.21246      48.41302
-84.21641      48.41284
-84.22218      48.41257
-84.22466      48.41434
-84.21481      48.41984
-84.21654      48.4241
-84.2137       48.42895
-84.21757      48.43497
-84.21992      48.43536
-84.22416      48.43038
-84.22901      48.43027
-84.22994      48.43309
-84.22296      48.44223
-84.22476      48.44603
-84.22909      48.44703
-84.23154      48.44467
-84.23248      48.43877
-84.23811      48.43596
-84.24672      48.43817
-84.25425      48.43641
-84.25733      48.43869
-84.25414      48.44145
-84.25079      48.44948
-84.23679      48.45721
-84.23527      48.46239
-84.24033      48.46802
-84.26096      48.48095
-84.26379      48.48482
-84.26452      48.49108
-84.24975      48.5123
-84.24707      48.52038
-84.25018      48.52473
-84.25383      48.52568
-84.25891      48.5242
-84.26238      48.52627
-84.25706      48.53141
-84.25711      48.53761
-84.26299      48.54629
-84.26918      48.55085
-84.28098      48.5549
-84.28229      48.55752
-84.27884      48.56187
-84.28108      48.5673
-84.27997      48.57776
-84.27967      48.58052
-84.27472      48.58338
-84.27022      48.58123
-84.2661       48.57451
-84.26047      48.57297
-84.25228      48.56574
-84.24661      48.56443
-84.2307       48.58604
-84.22456      48.58973
-84.22363      48.58691
-84.23405      48.57157
-84.23548      48.55836
-84.24359      48.54653
-84.24258      48.54417
-84.23464      48.54843
-84.23074      48.54907
-84.22722      48.54722
 1 
 1             492           
1
 -9999.0   ,   9990.0
   7
 10 
-85.63854      48.58249
-85.63818      48.57994
-85.64743      48.57521
-85.6496       48.56914
-85.65465      48.56485
-85.66134      48.56386
-85.66412      48.56631
-85.65424      48.57857
-85.64726      48.58184
-85.63854      48.58249
 1 
 1             493           
1
 -9999.0   ,   9990.0
   7
 14 
-86.00215      48.56269
-86.00601      48.56496
-86.002        48.56955
-86.00024      48.57541
-85.98816      48.5782
-85.97919      48.57816
-85.95832      48.57382
-85.95792      48.56876
-85.96288      48.56491
-85.96971      48.56276
-85.97802      48.56527
-85.98755      48.57197
-85.98905      48.56816
-86.00215      48.56269
 1 
 1             494           
1
 -9999.0   ,   9990.0
   7
 14 
-85.01232      48.54513
-85.01053      48.548
-85            48.54932
-84.99716      48.54967
-84.99328      48.55746
-84.98236      48.56846
-84.97935      48.56781
-84.97734      48.56493
-84.98033      48.561
-84.98094      48.55438
-84.99037      48.5465
-84.99555      48.54407
-85            48.54436
-85.01232      48.54513
 1 
 1             495           
1
 -9999.0   ,   9990.0
   7
 8 
-84.19515      48.54885
-84.18446      48.53363
-84.18658      48.53126
-84.19284      48.53101
-84.19706      48.53269
-84.20561      48.53329
-84.20658      48.53589
-84.19515      48.54885
 1 
 1             496           
1
 -9999.0   ,   9990.0
   7
 12 
-84.32689      48.54227
-84.33041      48.53746
-84.34399      48.53244
-84.35157      48.51506
-84.36562      48.52016
-84.36788      48.5256
-84.37337      48.52804
-84.37244      48.52959
-84.36501      48.53068
-84.35237      48.53853
-84.34291      48.53718
-84.32689      48.54227
 1 
 1             497           
1
 -9999.0   ,   9990.0
   7
 18 
-85.02104      48.52528
-85.0153       48.52445
-85.00812      48.52629
-85.00474      48.52585
-85.00273      48.52297
-85.00602      48.51928
-85.01798      48.51293
-85.02921      48.50447
-85.04978      48.50301
-85.05396      48.50511
-85.05466      48.50745
-85.05776      48.50994
-85.05743      48.51221
-85.04688      48.51361
-85.03969      48.51797
-85.03384      48.51783
-85.02771      48.51974
-85.02104      48.52528
 1 
 1             498           
1
 -9999.0   ,   9990.0
   7
 8 
-84            48.51682
-84            48.50479
-84.00165      48.50168
-84.00556      48.50104
-84.00802      48.50283
-84.00744      48.51059
-84.00281      48.51347
-84            48.51682
 1 
 1             499           
1
 -9999.0   ,   9990.0
   7
 9 
-88.77229      48.49935
-88.7774       48.49493
-88.77905      48.49063
-88.78592      48.48534
-88.79379      48.48603
-88.79639      48.48815
-88.77872      48.5009
-88.77492      48.50125
-88.77229      48.49935
 1 
 1             500           
1
 -9999.0   ,   9990.0
   7
 9 
-85.72849      48.48199
-85.71139      48.47827
-85.71475      48.46563
-85.71989      48.46318
-85.72642      48.46332
-85.73102      48.4677
-85.7277       48.4721
-85.73088      48.47686
-85.72849      48.48199
 1 
 1             501           
1
 -9999.0   ,   9990.0
   7
 41 
-85.05141      48.47216
-85.04419      48.47446
-85.03848      48.47341
-85.03093      48.47798
-85.02376      48.47981
-85.01826      48.4797
-85.01872      48.47652
-85.02355      48.47407
-85.02108      48.47208
-85.01442      48.4728
-85.00497      48.47862
-85            48.47922
-84.99374      48.47998
-84.98321      48.47884
-84.97212      48.48158
-84.96671      48.48078
-84.96311      48.47711
-84.96298      48.4732
-84.97384      48.46724
-84.98299      48.46599
-84.98938      48.45997
-84.99664      48.45975
-85            48.45855
-85.0021       48.4578
-85.00656      48.45075
-85.01017      48.4496
-85.02138      48.45077
-85.02409      48.44865
-85.02385      48.44313
-85.02635      48.44008
-85.03157      48.43972
-85.03446      48.44128
-85.03491      48.44773
-85.03361      48.452
-85.0277       48.45713
-85.02881      48.45904
-85.04479      48.46303
-85.04891      48.46076
-85.0526       48.46145
-85.05469      48.46365
-85.05141      48.47216
 1 
 1             502           
1
 -9999.0   ,   9990.0
   7
 10 
-84.93229      48.45174
-84.93716      48.44908
-84.94031      48.45592
-84.94493      48.45737
-84.93819      48.46336
-84.92854      48.46572
-84.9187       48.46463
-84.9164       48.4615
-84.91806      48.45954
-84.93229      48.45174
 1 
 1             503           
1
 -9999.0   ,   9990.0
   7
 9 
-84.37942      48.44102
-84.38264      48.44469
-84.37164      48.45104
-84.36365      48.4514
-84.35105      48.46131
-84.34364      48.4624
-84.34009      48.46078
-84.34931      48.4527
-84.37942      48.44102
 1 
 1             504           
1
 -9999.0   ,   9990.0
   7
 13 
-84.43471      48.41156
-84.43964      48.41305
-84.44555      48.41276
-84.44539      48.41596
-84.43412      48.41978
-84.42747      48.43814
-84.41589      48.45937
-84.41338      48.45989
-84.41519      48.44166
-84.42116      48.43656
-84.42136      48.42418
-84.42835      48.41915
-84.43471      48.41156
 1 
 1             505           
1
 -9999.0   ,   9990.0
   7
 11 
-85.81844      48.45201
-85.82129      48.4485
-85.81966      48.43971
-85.82128      48.43499
-85.82399      48.43537
-85.82618      48.4426
-85.82982      48.44646
-85.83876      48.44925
-85.82687      48.4589
-85.82331      48.45985
-85.81844      48.45201
 1 
 1             506           
1
 -9999.0   ,   9990.0
   7
 9 
-85.80614      48.44857
-85.80145      48.45289
-85.79881      48.44656
-85.79412      48.44286
-85.79418      48.43965
-85.80206      48.43185
-85.80634      48.43072
-85.80943      48.43341
-85.80614      48.44857
 1 
 1             507           
1
 -9999.0   ,   9990.0
   7
 16 
-85.24682      48.45037
-85.24174      48.44731
-85.22901      48.44721
-85.2221       48.43739
-85.22263      48.43353
-85.22732      48.43198
-85.24191      48.41133
-85.24986      48.40608
-85.26345      48.40737
-85.26102      48.4125
-85.25528      48.41673
-85.25256      48.42137
-85.2544       48.43547
-85.2506       48.44303
-85.25066      48.44762
-85.24682      48.45037
 1 
 1             508           
1
 -9999.0   ,   9990.0
   7
 7 
-89.86638      48.43355
-89.85586      48.43084
-89.8492       48.42615
-89.85062      48.42503
-89.86843      48.4256
-89.87075      48.42747
-89.86638      48.43355
 1 
 1             509           
1
 -9999.0   ,   9990.0
   7
 23 
-85.08964      48.38743
-85.09546      48.39009
-85.10721      48.3922
-85.1061       48.39764
-85.10789      48.39958
-85.11568      48.40053
-85.13347      48.39889
-85.136        48.40042
-85.1323       48.40225
-85.12212      48.40368
-85.11017      48.41027
-85.10256      48.41048
-85.10137      48.4093
-85.10112      48.41337
-85.10842      48.42507
-85.10738      48.42752
-85.10406      48.42663
-85.09651      48.41194
-85.099        48.40693
-85.09716      48.40487
-85.08964      48.4044
-85.08494      48.39149
-85.08964      48.38743
 1 
 1             510           
1
 -9999.0   ,   9990.0
   7
 21 
-84.07986      48.40768
-84.06488      48.40867
-84.04146      48.41271
-84.03516      48.41111
-84.02518      48.41314
-84.02202      48.40924
-84.03072      48.40459
-84.05662      48.3959
-84.06908      48.38716
-84.07679      48.38633
-84.07816      48.3885
-84.08218      48.38925
-84.09348      48.38547
-84.10149      48.3849
-84.10643      48.38847
-84.07127      48.39696
-84.06734      48.39989
-84.06657      48.40465
-84.07089      48.40565
-84.07796      48.40456
-84.07986      48.40768
 1 
 1             511           
1
 -9999.0   ,   9990.0
   7
 9 
-85.49932      48.37066
-85.50919      48.36368
-85.51236      48.3657
-85.49761      48.38866
-85.49807      48.39556
-85.49391      48.40357
-85.48502      48.40304
-85.48409      48.39978
-85.49932      48.37066
 1 
 1             512           
1
 -9999.0   ,   9990.0
   7
 12 
-88.81665      48.35507
-88.82361      48.35893
-88.82574      48.36835
-88.81678      48.39049
-88.80313      48.39992
-88.79634      48.39882
-88.78789      48.40223
-88.78557      48.40102
-88.7901       48.38402
-88.80375      48.3691
-88.81178      48.36682
-88.81665      48.35507
 1 
 1             513           
1
 -9999.0   ,   9990.0
   7
 9 
-84.13268      48.38393
-84.14063      48.38587
-84.14492      48.38273
-84.14943      48.3826
-84.15085      48.39303
-84.14619      48.39844
-84.13051      48.39731
-84.12864      48.39397
-84.13268      48.38393
 1 
 1             514           
1
 -9999.0   ,   9990.0
   7
 10 
-85.09683      48.38284
-85.096        48.38142
-85.0989       48.37793
-85.10605      48.37608
-85.11196      48.37806
-85.11884      48.38537
-85.11318      48.38891
-85.10664      48.38896
-85.10437      48.38309
-85.09683      48.38284
 1 
 1             515           
1
 -9999.0   ,   9990.0
   7
 12 
-85.32389      48.37575
-85.32203      48.37174
-85.32566      48.3628
-85.32492      48.35817
-85.32653      48.35643
-85.33618      48.35381
-85.34046      48.35521
-85.33599      48.3577
-85.33451      48.36104
-85.33538      48.3698
-85.33189      48.37509
-85.32389      48.37575
 1 
 1             516           
1
 -9999.0   ,   9990.0
   7
 10 
-84.6662       48.36186
-84.65669      48.36328
-84.64636      48.36787
-84.62946      48.37041
-84.62302      48.36286
-84.62381      48.35993
-84.62968      48.35528
-84.63741      48.3542
-84.66351      48.35685
-84.6662       48.36186
 1 
 1             517           
1
 -9999.0   ,   9990.0
   7
 12 
-85.13246      48.32042
-85.13679      48.32112
-85.14013      48.33523
-85.13478      48.33489
-85.13375      48.33815
-85.11876      48.3567
-85.10658      48.36259
-85.10187      48.36183
-85.10076      48.35993
-85.11546      48.34595
-85.13029      48.3212
-85.13246      48.32042
 2 
 1             518           
1
 -9999.0   ,   9990.0
   7
 112 
-84.14512      48.34946
-84.14457      48.34437
-84.14687      48.34293
-84.16489      48.34009
-84.16737      48.33751
-84.16452      48.33593
-84.15126      48.33705
-84.14698      48.33582
-84.14583      48.3323
-84.16001      48.31908
-84.16601      48.32456
-84.17544      48.31719
-84.17558      48.31422
-84.17152      48.31164
-84.16146      48.31
-84.14764      48.31245
-84.13638      48.3183
-84.13305      48.31761
-84.13561      48.31457
-84.134        48.31171
-84.12129      48.31584
-84.12078      48.31482
-84.11999      48.31322
-84.12316      48.3107
-84.12254      48.30813
-84.11101      48.30914
-84.09971      48.31521
-84.09441      48.31391
-84.08787      48.30334
-84.08066      48.30575
-84.07362      48.31264
-84.06845      48.31272
-84.06705      48.31079
-84.07979      48.30382
-84.08746      48.29734
-84.10202      48.29242
-84.09796      48.28776
-84.09803      48.28524
-84.10214      48.28324
-84.11535      48.28236
-84.11736      48.2848
-84.11311      48.28771
-84.11682      48.29027
-84.12459      48.28946
-84.12591      48.28932
-84.13016      48.29077
-84.13108      48.29359
-84.12475      48.29658
-84.09972      48.30236
-84.10311      48.30489
-84.12311      48.30243
-84.14226      48.29462
-84.15031      48.28739
-84.14867      48.28475
-84.14255      48.28431
-84.14212      48.28268
-84.15057      48.27938
-84.15258      48.27539
-84.15156      48.26889
-84.15851      48.26204
-84.16126      48.26201
-84.16681      48.26815
-84.17342      48.26976
-84.18036      48.26728
-84.18166      48.26592
-84.19438      48.25267
-84.22048      48.23341
-84.22092      48.23063
-84.23958      48.22994
-84.23039      48.23801
-84.22479      48.25162
-84.21964      48.25814
-84.21539      48.26034
-84.19826      48.26924
-84.18777      48.28112
-84.17719      48.28702
-84.17627      48.29063
-84.17916      48.29405
-84.18236      48.29336
-84.19784      48.28046
-84.21004      48.27513
-84.21698      48.26827
-84.22114      48.26811
-84.22212      48.27484
-84.21658      48.27513
-84.19094      48.29351
-84.18851      48.29856
-84.18528      48.30527
-84.18966      48.30581
-84.19107      48.30775
-84.18436      48.31531
-84.17748      48.32812
-84.17985      48.33266
-84.17409      48.33638
-84.17396      48.33935
-84.17912      48.34363
-84.18348      48.34439
-84.20489      48.33972
-84.21345      48.34217
-84.22771      48.34983
-84.23058      48.35348
-84.22929      48.35729
-84.22634      48.35846
-84.21872      48.35654
-84.20946      48.35634
-84.18878      48.35854
-84.18632      48.35883
-84.17229      48.35186
-84.16548      48.35137
-84.15964      48.35555
-84.14974      48.35507
-84.14512      48.34946
 1             518           2 
1
 -9999.0   ,   9990.0
   7
 8 
-84.16651      48.2936
-84.15823      48.2937
-84.14267      48.30062
-84.13714      48.30504
-84.13824      48.30673
-84.15967      48.3062
-84.16811      48.29647
-84.16651      48.2936
 1 
 1             519           
1
 -9999.0   ,   9990.0
   7
 11 
-85.33704      48.32979
-85.34166      48.33122
-85.34445      48.33597
-85.34374      48.3412
-85.34693      48.34804
-85.34392      48.34992
-85.33342      48.34883
-85.33264      48.34695
-85.33958      48.33636
-85.33538      48.33198
-85.33704      48.32979
 1 
 1             520           
1
 -9999.0   ,   9990.0
   7
 16 
-84.97424      48.31867
-84.97191      48.32059
-84.967        48.32119
-84.9587       48.31676
-84.95012      48.31667
-84.94772      48.31423
-84.94911      48.31179
-84.97106      48.30976
-84.97664      48.30438
-84.98323      48.3016
-84.98946      48.30131
-84.99641      48.30312
-84.99482      48.30463
-84.98611      48.30545
-84.98356      48.31125
-84.97424      48.31867
 1 
 1             521           
1
 -9999.0   ,   9990.0
   7
 17 
-85.08683      48.31252
-85.08418      48.30937
-85.08579      48.30534
-85.10031      48.2925
-85.1079       48.29228
-85.11028      48.28763
-85.11282      48.28664
-85.12651      48.29918
-85.11974      48.30335
-85.10911      48.30314
-85.10607      48.30524
-85.10801      48.30858
-85.11695      48.31097
-85.11372      48.31443
-85.10389      48.31588
-85.0888       48.31562
-85.08683      48.31252
 1 
 1             522           
1
 -9999.0   ,   9990.0
   7
 37 
-84            48.29039
-84.01441      48.29387
-84.02668      48.29248
-84.03263      48.28969
-84.03668      48.27965
-84.04154      48.27725
-84.04559      48.27778
-84.04722      48.28249
-84.05127      48.28301
-84.05911      48.27922
-84.06836      48.27943
-84.07142      48.28171
-84.07215      48.28361
-84.05948      48.28751
-84.05559      48.29021
-84.05662      48.29235
-84.07034      48.29265
-84.07522      48.29439
-84.0839       48.29387
-84.07506      48.29953
-84.072        48.3015
-84.06119      48.30232
-84.05102      48.30986
-84.04246      48.31383
-84.04266      48.30833
-84.04646      48.30195
-84.0497       48.29897
-84.05822      48.29729
-84.05036      48.29488
-84.04406      48.29557
-84.01437      48.3088
-84.00832      48.30997
-84.00692      48.30596
-84.01458      48.3033
-84.01612      48.3002
-84            48.30342
-84            48.29039
 1 
 1             523           
1
 -9999.0   ,   9990.0
   7
 24 
-85.00669      48.27214
-85.00611      48.27603
-85.02206      48.28229
-85.0227       48.28508
-85.01819      48.28777
-85            48.28386
-84.99852      48.28354
-84.99451      48.28764
-84.98608      48.28893
-84.985        48.29162
-84.97234      48.29127
-84.96421      48.29763
-84.95462      48.29977
-84.95442      48.29402
-84.94476      48.29432
-84.94151      48.29067
-84.94378      48.28921
-84.95171      48.28903
-84.96631      48.27827
-84.98016      48.27274
-84.99617      48.27124
-85            48.26833
-85.00118      48.26743
-85.00669      48.27214
 1 
 1             524           
1
 -9999.0   ,   9990.0
   7
 44 
-89.30034      48.27115
-89.30868      48.26884
-89.31384      48.26188
-89.32261      48.25776
-89.32545      48.24321
-89.32832      48.23976
-89.33385      48.23313
-89.33401      48.23017
-89.32488      48.23451
-89.31953      48.23233
-89.31469      48.23336
-89.31271      48.23194
-89.32247      48.22212
-89.33449      48.22104
-89.34113      48.22463
-89.36507      48.22451
-89.37412      48.22129
-89.37845      48.22345
-89.38696      48.2241
-89.39088      48.22762
-89.38837      48.22985
-89.38461      48.22976
-89.38169      48.22672
-89.36974      48.22644
-89.35973      48.23488
-89.3556       48.23547
-89.34851      48.23333
-89.34112      48.25706
-89.33356      48.27035
-89.3312       48.26984
-89.32912      48.26408
-89.32739      48.26449
-89.32028      48.28853
-89.31709      48.29051
-89.31284      48.28676
-89.30839      48.28665
-89.29862      48.2903
-89.29568      48.29411
-89.28781      48.29415
-89.28599      48.28976
-89.28757      48.28592
-89.29249      48.2833
-89.29564      48.27584
-89.30034      48.27115
 3 
 1             525           
1
 -9999.0   ,   9990.0
   7
 25 
-85.07713      48.25482
-85.07576      48.25726
-85.06876      48.26017
-85.06044      48.26362
-85.04564      48.27347
-85.03726      48.27454
-85.03136      48.27737
-85.01476      48.27334
-85.01324      48.26958
-85.01377      48.26823
-85.00692      48.26573
-85.00716      48.26163
-85.01244      48.25647
-85.02392      48.24526
-85.02686      48.24385
-85.03783      48.24637
-85.04384      48.24515
-85.04726      48.23803
-85.05141      48.23532
-85.05679      48.23611
-85.05944      48.24407
-85.0665       48.24269
-85.07222      48.24351
-85.07666      48.24608
-85.07713      48.25482
 1             525           2 
1
 -9999.0   ,   9990.0
   7
 14 
-85.04797      48.25881
-85.04988      48.25585
-85.04715      48.25086
-85.04177      48.25255
-85.03323      48.24975
-85.02058      48.25422
-85.01831      48.25686
-85.01646      48.25901
-85.01582      48.26355
-85.02721      48.27275
-85.03086      48.27368
-85.03982      48.2637
-85.04591      48.26202
-85.04797      48.25881
 1             525           3 
1
 -9999.0   ,   9990.0
   7
 7 
-85.06892      48.24743
-85.05742      48.25105
-85.05573      48.25324
-85.05766      48.25657
-85.06277      48.2569
-85.0684       48.25106
-85.06892      48.24743
 1 
 1             526           
1
 -9999.0   ,   9990.0
   7
 21 
-84.29964      48.2608
-84.3284       48.25708
-84.33301      48.25396
-84.33112      48.25291
-84.30432      48.25287
-84.30264      48.25046
-84.32568      48.24817
-84.35236      48.24017
-84.36851      48.23349
-84.37347      48.23476
-84.35737      48.24327
-84.36         48.24621
-84.35961      48.24871
-84.35201      48.25116
-84.35162      48.25366
-84.34318      48.2549
-84.31924      48.26723
-84.30477      48.26966
-84.29749      48.27442
-84.29484      48.27378
-84.29964      48.2608
 1 
 1             527           
1
 -9999.0   ,   9990.0
   7
 9 
-89.57579      48.26944
-89.58272      48.26045
-89.59049      48.2556
-89.59525      48.25593
-89.61019      48.26538
-89.60805      48.26716
-89.59374      48.26617
-89.58714      48.26831
-89.57579      48.26944
 2 
 1             528           
1
 -9999.0   ,   9990.0
   7
 22 
-84.18977      48.23214
-84.18948      48.23396
-84.17644      48.23807
-84.16268      48.24467
-84.15947      48.24535
-84.15807      48.24342
-84.14909      48.24369
-84.14711      48.24102
-84.1353       48.24179
-84.12347      48.24484
-84.10215      48.25341
-84.09781      48.25263
-84.09618      48.24999
-84.10893      48.24333
-84.12189      48.23967
-84.12869      48.23374
-84.1745       48.2159
-84.18652      48.20941
-84.1918       48.20864
-84.20078      48.21479
-84.192        48.22243
-84.18977      48.23214
 1             528           2 
1
 -9999.0   ,   9990.0
   7
 8 
-84.17883      48.22103
-84.17227      48.22125
-84.16452      48.2246
-84.1616       48.22783
-84.16267      48.22974
-84.17288      48.22818
-84.18111      48.22395
-84.17883      48.22103
 1 
 1             529           
1
 -9999.0   ,   9990.0
   7
 11 
-84.05403      48.22169
-84.05732      48.22261
-84.05697      48.23108
-84.05431      48.23479
-84.02578      48.24534
-84.02132      48.24525
-84.02057      48.24358
-84.02456      48.2402
-84.02823      48.23244
-84.04262      48.22843
-84.05403      48.22169
 1 
 1             530           
1
 -9999.0   ,   9990.0
   7
 18 
-89.93267      48.21557
-89.94409      48.22035
-89.95092      48.22025
-89.95361      48.21299
-89.96218      48.21246
-89.96809      48.20983
-89.98079      48.208
-89.98993      48.20177
-90            48.19941
-90            48.22869
-89.99502      48.22834
-89.98186      48.23267
-89.95989      48.23502
-89.95138      48.23441
-89.93658      48.22866
-89.92858      48.22372
-89.92765      48.22142
-89.93267      48.21557
 1 
 1             531           
1
 -9999.0   ,   9990.0
   7
 8 
-84.20728      48.22788
-84.20911      48.22502
-84.20978      48.20786
-84.21333      48.20926
-84.22079      48.21851
-84.22389      48.22492
-84.22092      48.23063
-84.20728      48.22788
 1 
 1             532           
1
 -9999.0   ,   9990.0
   7
 10 
-84.10118      48.22969
-84.09744      48.22942
-84.09679      48.22708
-84.10634      48.22111
-84.13379      48.20633
-84.14385      48.2036
-84.14904      48.20765
-84.14769      48.20962
-84.12155      48.22266
-84.10118      48.22969
 2 
 1             533           
1
 -9999.0   ,   9990.0
   7
 66 
-84.36336      48.11703
-84.36625      48.11608
-84.38377      48.11799
-84.38861      48.11558
-84.4164       48.11086
-84.42527      48.10665
-84.42875      48.10185
-84.42513      48.09426
-84.4289       48.09199
-84.43638      48.09458
-84.44341      48.09116
-84.45191      48.10047
-84.45547      48.10186
-84.46913      48.09982
-84.5034       48.08176
-84.50927      48.08147
-84.49128      48.09412
-84.48548      48.09819
-84.47435      48.10155
-84.46354      48.10723
-84.45334      48.12007
-84.43128      48.13873
-84.42968      48.14688
-84.41922      48.15235
-84.40612      48.16383
-84.39494      48.16305
-84.37584      48.17549
-84.36602      48.17855
-84.34268      48.1858
-84.33912      48.18876
-84.34117      48.19097
-84.34946      48.19063
-84.36939      48.18606
-84.3716       48.18736
-84.37049      48.19003
-84.34386      48.19575
-84.32619      48.20552
-84.31617      48.2083
-84.30688      48.21266
-84.26749      48.22377
-84.26638      48.22128
-84.27071      48.21768
-84.29346      48.21286
-84.30181      48.20725
-84.30612      48.20434
-84.31201      48.20407
-84.32038      48.20099
-84.32667      48.19592
-84.31847      48.18915
-84.31582      48.18415
-84.31758      48.18174
-84.32404      48.1799
-84.33021      48.17552
-84.35191      48.17497
-84.35839      48.17244
-84.36288      48.17069
-84.3712       48.16347
-84.40389      48.14509
-84.4084       48.14036
-84.43215      48.1264
-84.42582      48.11633
-84.42126      48.11486
-84.39957      48.12437
-84.39166      48.12451
-84.36941      48.11997
-84.36336      48.11703
 1             533           2 
1
 -9999.0   ,   9990.0
   7
 9 
-84.45037      48.1038
-84.43253      48.11059
-84.43062      48.11413
-84.43301      48.11866
-84.43791      48.12015
-84.44529      48.11676
-84.44891      48.11104
-84.45462      48.10731
-84.45037      48.1038
 1 
 1             534           
1
 -9999.0   ,   9990.0
   7
 5 
-84            48.19675
-84.01871      48.18766
-84.02486      48.18995
-84            48.20958
-84            48.19675
 1 
 1             535           
1
 -9999.0   ,   9990.0
   7
 11 
-85.08643      48.1793
-85.08812      48.18674
-85.07591      48.18827
-85.06993      48.18697
-85.05731      48.18892
-85.056        48.18609
-85.06364      48.17809
-85.06856      48.17726
-85.06999      48.1817
-85.07998      48.17889
-85.08643      48.1793
 1 
 1             536           
1
 -9999.0   ,   9990.0
   7
 7 
-84.02164      48.18443
-84.0287       48.17485
-84.03757      48.16677
-84.03935      48.17264
-84.03264      48.18018
-84.02538      48.18471
-84.02164      48.18443
 1 
 1             537           
1
 -9999.0   ,   9990.0
   7
 29 
-84.12212      48.14673
-84.13084      48.14368
-84.13188      48.1394
-84.12811      48.13292
-84.12824      48.12789
-84.13171      48.12125
-84.13727      48.12073
-84.13714      48.1322
-84.14202      48.13599
-84.14066      48.14232
-84.14646      48.14251
-84.15498      48.13647
-84.16148      48.13441
-84.16445      48.13508
-84.15181      48.14335
-84.15041      48.14784
-84.15261      48.15764
-84.15058      48.15956
-84.14644      48.15972
-84.14464      48.15592
-84.14001      48.1549
-84.13555      48.16558
-84.13499      48.16693
-84.13016      48.16704
-84.12574      48.16259
-84.11589      48.15982
-84.11308      48.15594
-84.11521      48.15128
-84.12212      48.14673
 1 
 1             538           
1
 -9999.0   ,   9990.0
   7
 19 
-89.53004      48.12231
-89.53671      48.11857
-89.54431      48.11668
-89.54836      48.11745
-89.55041      48.12435
-89.55371      48.1267
-89.56046      48.12799
-89.56131      48.13144
-89.55869      48.13617
-89.54701      48.13798
-89.53846      48.14532
-89.53292      48.14703
-89.52514      48.14571
-89.52358      48.14271
-89.52489      48.13681
-89.52975      48.13531
-89.53824      48.12911
-89.53844      48.125
-89.53004      48.12231
 1 
 1             539           
1
 -9999.0   ,   9990.0
   7
 11 
-89.77828      48.13799
-89.77804      48.1357
-89.78159      48.13257
-89.78706      48.13222
-89.79598      48.13879
-89.80373      48.14077
-89.80669      48.14357
-89.80386      48.14556
-89.79908      48.14593
-89.78658      48.14317
-89.77828      48.13799
 1 
 1             540           
1
 -9999.0   ,   9990.0
   7
 7 
-89.76594      48.11605
-89.77889      48.11654
-89.78247      48.12026
-89.78362      48.12508
-89.77644      48.12562
-89.76553      48.11764
-89.76594      48.11605
 1 
 1             541           
1
 -9999.0   ,   9990.0
   7
 19 
-84.07684      48.12555
-84.07758      48.12101
-84.11618      48.0942
-84.13442      48.09367
-84.15296      48.09133
-84.16042      48.08751
-84.17892      48.06175
-84.18804      48.05392
-84.19081      48.05802
-84.18996      48.06117
-84.17371      48.07722
-84.17024      48.08179
-84.16892      48.08789
-84.15652      48.09687
-84.14705      48.09825
-84.12309      48.09814
-84.11175      48.10084
-84.08482      48.12291
-84.07684      48.12555
 1 
 1             542           
1
 -9999.0   ,   9990.0
   7
 14 
-88.68754      48.08678
-88.66692      48.08935
-88.65688      48.09659
-88.64398      48.101
-88.63681      48.10102
-88.63556      48.09938
-88.64127      48.09566
-88.64996      48.09318
-88.65821      48.08704
-88.66486      48.0845
-88.67525      48.08207
-88.68609      48.08308
-88.68836      48.08474
-88.68754      48.08678
 1 
 1             543           
1
 -9999.0   ,   9990.0
   7
 27 
-85.38791      48.07828
-85.38726      48.07549
-85.39993      48.07534
-85.40156      48.07338
-85.40062      48.07132
-85.39866      48.06702
-85.40392      48.06343
-85.40468      48.05523
-85.40863      48.05639
-85.41237      48.06669
-85.41703      48.06766
-85.42396      48.06441
-85.43015      48.06409
-85.43974      48.0665
-85.4477       48.07088
-85.44888      48.07484
-85.44379      48.08485
-85.44135      48.08516
-85.43805      48.08175
-85.43222      48.08186
-85.42842      48.07705
-85.42592      48.08034
-85.42593      48.08538
-85.42372      48.08662
-85.40389      48.08657
-85.39639      48.08131
-85.38791      48.07828
 1 
 1             544           
1
 -9999.0   ,   9990.0
   7
 74 
-84.43806      48.08368
-84.43066      48.08065
-84.42728      48.07146
-84.42024      48.06386
-84.41993      48.05925
-84.4229       48.05556
-84.42992      48.05215
-84.44552      48.04864
-84.45978      48.0338
-84.46329      48.02876
-84.46269      48.02597
-84.45419      48.01896
-84.45363      48.01594
-84.46231      48.01287
-84.46592      48.00715
-84.4782       48.00731
-84.48511      48.00458
-84.47392      48
-84.47521      47.99702
-84.47081      47.98582
-84.47321      47.9824
-84.48275      47.97899
-84.48649      47.97899
-84.48784      47.98219
-84.48102      47.98881
-84.48475      47.9936
-84.49085      47.9925
-84.49225      47.99224
-84.49736      47.9886
-84.49976      47.98427
-84.49602      47.97946
-84.49571      47.97147
-84.49096      47.96438
-84.48688      47.96416
-84.47666      47.96893
-84.45997      47.96913
-84.44804      47.97277
-84.44121      47.97755
-84.42896      47.98004
-84.42247      47.98437
-84.40916      47.98982
-84.40778      47.99621
-84.3983       48
-84.38303      48
-84.387        47.9964
-84.39551      47.99573
-84.39961      47.99392
-84.40237      47.98753
-84.41124      47.98161
-84.42011      47.97957
-84.42795      47.97502
-84.44431      47.97002
-84.44944      47.96273
-84.45353      47.96182
-84.4719       47.96345
-84.47668      47.9614
-84.48179      47.95478
-84.48554      47.95365
-84.49982      47.95709
-84.50661      47.96623
-84.51236      47.98427
-84.51099      47.98861
-84.50703      47.9891
-84.50553      47.98929
-84.50381      47.99728
-84.48938      48
-84.50076      48.00061
-84.48891      48.01103
-84.48127      48.02518
-84.46089      48.04878
-84.45288      48.0542
-84.43611      48.06083
-84.43229      48.06562
-84.43806      48.08368
 1 
 1             545           
1
 -9999.0   ,   9990.0
   7
 7 
-85.38486      48.08062
-85.38111      48.08314
-85.35964      48.08253
-85.35289      48.07936
-85.35008      48.07484
-85.35508      48.07331
-85.38486      48.08062
 1 
 1             546           
1
 -9999.0   ,   9990.0
   7
 9 
-84.55525      48.08072
-84.55387      48.07856
-84.56172      48.06739
-84.58372      48.05765
-84.5969       48.05877
-84.59577      48.06397
-84.58971      48.06792
-84.56858      48.07405
-84.55525      48.08072
 1 
 1             547           
1
 -9999.0   ,   9990.0
   7
 8 
-85.33405      48.07203
-85.33418      48.0686
-85.3445       48.05296
-85.35596      48.0516
-85.3616       48.05538
-85.34462      48.0697
-85.34484      48.07315
-85.33405      48.07203
 1 
 1             548           
1
 -9999.0   ,   9990.0
   7
 13 
-90            48.03911
-90            48.0636
-89.9885       48.05769
-89.97663      48.04812
-89.97222      48.04758
-89.96668      48.05022
-89.96159      48.04968
-89.96         48.04691
-89.96291      48.04217
-89.99399      48.03953
-89.99534      48.03856
-89.99679      48.03752
-90            48.03911
 1 
 1             549           
1
 -9999.0   ,   9990.0
   7
 11 
-89.60633      48.04565
-89.61137      48.04712
-89.62097      48.04573
-89.624        48.04648
-89.61729      48.05159
-89.59565      48.05546
-89.58698      48.0587
-89.57982      48.05878
-89.57855      48.05692
-89.58042      48.05354
-89.60633      48.04565
 1 
 1             550           
1
 -9999.0   ,   9990.0
   7
 12 
-88.70215      48.03102
-88.72046      48.03224
-88.72406      48.03441
-88.72085      48.0366
-88.71188      48.03839
-88.70752      48.04237
-88.69879      48.04576
-88.68839      48.04843
-88.68471      48.0474
-88.68349      48.04531
-88.68765      48.03904
-88.70215      48.03102
 1 
 1             551           
1
 -9999.0   ,   9990.0
   7
 8 
-89.60371      48.04354
-89.59866      48.04251
-89.58762      48.04547
-89.58093      48.04282
-89.59944      48.03317
-89.61244      48.03185
-89.61894      48.03815
-89.60371      48.04354
 1 
 1             552           
1
 -9999.0   ,   9990.0
   7
 18 
-84.76092      47.99184
-84.76536      47.99663
-84.76398      48
-84.75364      48.00701
-84.72905      48.01422
-84.69999      48.0281
-84.69129      48.02912
-84.68442      48.02706
-84.68868      48.02368
-84.70296      48.02188
-84.71207      48.01584
-84.72647      48.01084
-84.7306       48.00607
-84.73443      48
-84.73608      47.99916
-84.74391      47.99345
-84.75173      47.99048
-84.76092      47.99184
 1 
 1             553           
1
 -9999.0   ,   9990.0
   7
 5 
-88.74256      48.02239
-88.74258      48.02719
-88.72782      48.02904
-88.73064      48.02227
-88.74256      48.02239
 1 
 1             554           
1
 -9999.0   ,   9990.0
   7
 24 
-88.74939      48
-88.74959      48.00318
-88.75261      48.00395
-88.75769      48
-88.77731      47.98878
-88.78646      47.98801
-88.79949      47.9846
-88.81077      47.9849
-88.85223      47.96977
-88.86068      47.9688
-88.86393      47.9712
-88.86275      47.97353
-88.84776      47.97815
-88.84514      47.98419
-88.82187      47.99642
-88.81268      48
-88.7938       48.00902
-88.76501      48.01734
-88.75569      48.01935
-88.75389      48.01564
-88.74596      48.01198
-88.74186      48.00181
-88.73854      48
-88.74939      48
 1 
 1             555           
1
 -9999.0   ,   9990.0
   7
 12 
-89.96998      48.01034
-89.95646      48.00804
-89.95258      48.01139
-89.94071      48.01072
-89.92986      48.00162
-89.92912      48
-89.93128      48
-89.98928      48
-89.98358      48.00191
-89.97508      48.00198
-89.97045      48.00955
-89.96998      48.01034
 1 
 1             556           
1
 -9999.0   ,   9990.0
   7
 18 
-84.04238      48.00001
-84.03519      48
-84.02984      47.98781
-84.03058      47.98279
-84.03847      47.9778
-84.03907      47.9703
-84.03964      47.9632
-84.03668      47.9545
-84.04223      47.94494
-84.04942      47.93996
-84.05499      47.92856
-84.05941      47.92835
-84.06208      47.93408
-84.05095      47.95618
-84.04737      47.97259
-84.05002      47.97992
-84.04071      47.99234
-84.04238      48.00001
 1 
 1             557           
1
 -9999.0   ,   9990.0
   7
 6 
-85.58518      48
-85.57368      48
-85.57289      47.9987
-85.57384      47.99458
-85.57758      47.9941
-85.58518      48
 1 
 1             558           
1
 -9999.0   ,   9990.0
   7
 12 
-88.97235      47.96285
-88.99582      47.96225
-89.00752      47.96801
-89.00744      47.97122
-89.00284      47.97343
-88.98987      47.97321
-88.97584      47.97691
-88.97013      47.97368
-88.95422      47.97515
-88.95305      47.97314
-88.95716      47.9691
-88.97235      47.96285
 1 
 1             559           
1
 -9999.0   ,   9990.0
   7
 15 
-84.32962      47.90447
-84.33642      47.90517
-84.34115      47.91135
-84.34659      47.91205
-84.34896      47.91411
-84.34792      47.91639
-84.32886      47.91839
-84.32269      47.92705
-84.32332      47.93574
-84.31958      47.93824
-84.3114       47.93913
-84.30905      47.93341
-84.32141      47.91472
-84.32383      47.90674
-84.32962      47.90447
 1 
 1             560           
1
 -9999.0   ,   9990.0
   7
 17 
-84.54311      47.92265
-84.5455       47.91695
-84.54449      47.9117
-84.53806      47.90615
-84.54824      47.90599
-84.55129      47.90919
-84.55162      47.91421
-84.55537      47.91649
-84.57101      47.91674
-84.57884      47.914
-84.60354      47.91033
-84.61251      47.91142
-84.6057       47.91333
-84.57644      47.92062
-84.55059      47.92243
-84.54413      47.92425
-84.54311      47.92265
 1 
 1             561           
1
 -9999.0   ,   9990.0
   7
 9 
-84.41432      47.89484
-84.41159      47.89803
-84.40581      47.89893
-84.4014       47.89733
-84.39496      47.89183
-84.39769      47.8891
-84.40313      47.88865
-84.40856      47.89003
-84.41432      47.89484
 1 
 1             562           
1
 -9999.0   ,   9990.0
   7
 63 
-84.66549      47.77424
-84.67906      47.77585
-84.68855      47.77493
-84.69331      47.78063
-84.69839      47.78155
-84.70315      47.78451
-84.70213      47.78657
-84.69942      47.78817
-84.69399      47.78794
-84.68687      47.78314
-84.67533      47.78338
-84.66787      47.78726
-84.66651      47.79275
-84.66414      47.79457
-84.65566      47.79412
-84.65362      47.79663
-84.6509       47.80394
-84.64446      47.80828
-84.64004      47.80851
-84.63665      47.81422
-84.63088      47.81582
-84.62206      47.81558
-84.61628      47.8197
-84.60745      47.8286
-84.60439      47.83476
-84.59793      47.84024
-84.58706      47.84595
-84.57958      47.85371
-84.56632      47.86261
-84.56326      47.8674
-84.56869      47.87152
-84.57854      47.87358
-84.59374      47.88318
-84.59518      47.88409
-84.59551      47.88935
-84.57886      47.88454
-84.57072      47.87768
-84.56426      47.87631
-84.55645      47.87607
-84.54522      47.88155
-84.54182      47.88177
-84.53775      47.87743
-84.53709      47.87081
-84.54932      47.87128
-84.55681      47.86009
-84.56599      47.85279
-84.58162      47.84572
-84.58571      47.83955
-84.58401      47.83658
-84.5718       47.83041
-84.58028      47.82904
-84.58912      47.82357
-84.60848      47.81901
-84.62036      47.80896
-84.6319       47.80873
-84.64616      47.7996
-84.64921      47.79435
-84.65261      47.79024
-84.65599      47.79001
-84.65836      47.78612
-84.65768      47.78087
-84.66379      47.78018
-84.66549      47.77424
 1 
 1             563           
1
 -9999.0   ,   9990.0
   7
 13 
-84.24752      47.88002
-84.24528      47.86128
-84.23951      47.86035
-84.23954      47.85533
-84.26059      47.85699
-84.26194      47.85859
-84.2609       47.86111
-84.25512      47.86109
-84.25376      47.86336
-84.25543      47.86657
-84.25167      47.86975
-84.25196      47.87775
-84.24752      47.88002
 1 
 1             564           
1
 -9999.0   ,   9990.0
   7
 12 
-84.67198      47.8535
-84.67979      47.85395
-84.69236      47.86309
-84.69848      47.86468
-84.70154      47.86948
-84.69985      47.87724
-84.69203      47.87108
-84.67708      47.87154
-84.67538      47.86926
-84.67911      47.86423
-84.67368      47.86195
-84.67198      47.8535
 1 
 1             565           
1
 -9999.0   ,   9990.0
   7
 7 
-89.16991      47.84458
-89.1733       47.84445
-89.17771      47.84841
-89.15161      47.85372
-89.14878      47.85245
-89.15186      47.84844
-89.16991      47.84458
 1 
 1             566           
1
 -9999.0   ,   9990.0
   7
 12 
-84.7055       47.76396
-84.70211      47.7635
-84.70278      47.75802
-84.7004       47.75345
-84.70684      47.75184
-84.70718      47.74819
-84.70174      47.74317
-84.70989      47.74134
-84.71361      47.7434
-84.71599      47.75139
-84.7116       47.76076
-84.7055       47.76396
 1 
 1             567           
1
 -9999.0   ,   9990.0
   7
 13 
-84.11739      47.73266
-84.12151      47.72674
-84.12365      47.71601
-84.12705      47.71442
-84.13209      47.71879
-84.12795      47.72699
-84.13007      47.75464
-84.12525      47.76193
-84.12082      47.76374
-84.11887      47.75642
-84.12479      47.73817
-84.12145      47.73313
-84.11739      47.73266
 1 
 1             568           
1
 -9999.0   ,   9990.0
   7
 14 
-84.53195      47.71823
-84.5333       47.7212
-84.53025      47.72394
-84.51736      47.72872
-84.51189      47.7495
-84.50679      47.75475
-84.50411      47.73875
-84.50957      47.72848
-84.50518      47.71957
-84.5062       47.71729
-84.51095      47.71706
-84.51704      47.72072
-84.52212      47.72095
-84.53195      47.71823
 1 
 1             569           
1
 -9999.0   ,   9990.0
   7
 9 
-85.90194      47.73038
-85.90606      47.73285
-85.90339      47.73493
-85.90154      47.74295
-85.89682      47.74414
-85.89138      47.74305
-85.88858      47.73919
-85.89055      47.73643
-85.90194      47.73038
 1 
 1             570           
1
 -9999.0   ,   9990.0
   7
 10 
-84.14326      47.72089
-84.14624      47.71806
-84.15581      47.71934
-84.1616       47.72765
-84.16054      47.72975
-84.15326      47.73253
-84.15228      47.736
-84.14699      47.73273
-84.1502       47.72412
-84.14326      47.72089
 1 
 1             571           
1
 -9999.0   ,   9990.0
   7
 9 
-85.80238      47.71902
-85.80513      47.72059
-85.80313      47.72244
-85.78833      47.7276
-85.76299      47.73172
-85.76092      47.72991
-85.76325      47.72806
-85.78281      47.72286
-85.80238      47.71902
 1 
 1             572           
1
 -9999.0   ,   9990.0
   7
 30 
-84.67088      47.71668
-84.66512      47.71646
-84.66343      47.7144
-84.67562      47.70755
-84.69731      47.70365
-84.70068      47.7016
-84.69458      47.69247
-84.68645      47.68561
-84.67934      47.68562
-84.67121      47.69453
-84.66714      47.69476
-84.66647      47.68904
-84.66884      47.68539
-84.68001      47.68082
-84.68407      47.67374
-84.68813      47.67419
-84.69592      47.6815
-84.70472      47.67396
-84.70912      47.67327
-84.71218      47.68035
-84.71117      47.68378
-84.71388      47.68789
-84.72608      47.6929
-84.72913      47.69679
-84.72711      47.69953
-84.71491      47.69862
-84.70442      47.70822
-84.6929       47.70869
-84.68274      47.71417
-84.67088      47.71668
 1 
 1             573           
1
 -9999.0   ,   9990.0
   7
 9 
-84.65224      47.6991
-84.65089      47.71029
-84.63564      47.70252
-84.62684      47.69316
-84.6265       47.68836
-84.63091      47.68768
-84.64242      47.69042
-84.64513      47.69887
-84.65224      47.6991
 1 
 1             574           
1
 -9999.0   ,   9990.0
   7
 13 
-84.09889      47.68392
-84.09724      47.67911
-84.10238      47.6732
-84.10378      47.66841
-84.10986      47.6698
-84.11362      47.6664
-84.11732      47.6687
-84.11996      47.67556
-84.11858      47.67876
-84.11552      47.67897
-84.1098       47.67552
-84.10838      47.68328
-84.09889      47.68392
 1 
 1             575           
1
 -9999.0   ,   9990.0
   7
 7 
-84.66881      47.6509
-84.68236      47.65272
-84.68507      47.65592
-84.67593      47.66529
-84.6695       47.66003
-84.66781      47.65661
-84.66881      47.6509
 1 
 1             576           
1
 -9999.0   ,   9990.0
   7
 7 
-84.12471      47.63834
-84.12808      47.64064
-84.12698      47.64864
-84.12389      47.65319
-84.11813      47.65362
-84.11716      47.64905
-84.12471      47.63834
 1 
 1             577           
1
 -9999.0   ,   9990.0
   7
 13 
-84.68809      47.63444
-84.69282      47.62759
-84.70669      47.6237
-84.71176      47.62004
-84.71378      47.61135
-84.7175       47.60884
-84.73407      47.60952
-84.73306      47.61203
-84.7263       47.61592
-84.71516      47.62758
-84.69859      47.63489
-84.6925       47.63581
-84.68809      47.63444
 1 
 1             578           
1
 -9999.0   ,   9990.0
   7
 12 
-84.20012      47.51641
-84.18358      47.51589
-84.18121      47.51748
-84.17209      47.51608
-84.1596       47.51671
-84.1576       47.51396
-84.15899      47.50848
-84.15462      47.50641
-84.15836      47.50345
-84.17186      47.50442
-84.19071      47.51044
-84.20012      47.51641
 1 
 1             579           
1
 -9999.0   ,   9990.0
   7
 12 
-84.55846      47.44112
-84.56285      47.43473
-84.56825      47.43358
-84.57568      47.42925
-84.58376      47.43406
-84.58746      47.44594
-84.58002      47.45438
-84.5753       47.45462
-84.57429      47.4521
-84.57869      47.4457
-84.57599      47.44182
-84.55846      47.44112
 1 
 1             580           
1
 -9999.0   ,   9990.0
   7
 9 
-87.9782       47.43283
-87.98599      47.43331
-87.99022      47.44187
-87.97766      47.44634
-87.9729       47.44578
-87.95479      47.43621
-87.95768      47.43384
-87.97124      47.43485
-87.9782       47.43283
 1 
 1             581           
1
 -9999.0   ,   9990.0
   7
 10 
-84.09017      47.43552
-84.09523      47.43577
-84.11304      47.44157
-84.11369      47.44408
-84.10729      47.44383
-84.10289      47.44518
-84.09784      47.44424
-84.09551      47.44126
-84.0888       47.43803
-84.09017      47.43552
 2 
 1             582           
1
 -9999.0   ,   9990.0
   7
 95 
-84            47.36569
-84.00331      47.36539
-84.01145      47.3604
-84.02122      47.36
-84.03494      47.35522
-84.0665       47.34423
-84.07219      47.34723
-84.08128      47.34658
-84.08536      47.34363
-84.08304      47.33882
-84.08678      47.3361
-84.10966      47.33552
-84.10871      47.33048
-84.11278      47.32661
-84.12458      47.3253
-84.12496      47.31913
-84.13305      47.31756
-84.14954      47.31718
-84.18038      47.31924
-84.20063      47.32013
-84.23328      47.32275
-84.25279      47.32236
-84.26192      47.3169
-84.2845       47.31581
-84.29759      47.31518
-84.31477      47.31134
-84.32451      47.31434
-84.34504      47.31165
-84.34673      47.30914
-84.34574      47.30617
-84.35218      47.29864
-84.36329      47.29478
-84.3865       47.29347
-84.39258      47.28731
-84.39595      47.28617
-84.40469      47.28665
-84.41344      47.28369
-84.41884      47.27982
-84.41549      47.27433
-84.41454      47.26404
-84.41621      47.26564
-84.42526      47.27297
-84.42895      47.27321
-84.42824      47.28098
-84.42184      47.28783
-84.38578      47.30604
-84.37798      47.31676
-84.37022      47.32131
-84.36282      47.32221
-84.34432      47.32056
-84.32985      47.32167
-84.30462      47.31977
-84.2972       47.32295
-84.28333      47.32329
-84.28072      47.32336
-84.27261      47.32699
-84.26622      47.32743
-84.26118      47.32673
-84.24938      47.32897
-84.24746      47.33859
-84.24479      47.33711
-84.24029      47.32917
-84.22852      47.32959
-84.18902      47.32315
-84.18145      47.32324
-84.17942      47.32529
-84.19015      47.33036
-84.18709      47.33264
-84.17098      47.32892
-84.15953      47.32933
-84.15312      47.33113
-84.14666      47.33864
-84.13893      47.3377
-84.13855      47.34204
-84.13516      47.34545
-84.12946      47.34314
-84.12231      47.35134
-84.11624      47.35223
-84.10616      47.35058
-84.09903      47.35695
-84.08052      47.35572
-84.06669      47.35817
-84.06498      47.36113
-84.02785      47.36986
-84.0245       47.36779
-84.02214      47.36824
-84.01669      47.37323
-84.01061      47.37548
-84.00688      47.37821
-84.00819      47.38095
-84.02225      47.39046
-84.01914      47.39184
-84.00744      47.38667
-84            47.38488
-84            47.36569
 1             582           2 
1
 -9999.0   ,   9990.0
   7
 10 
-84.37336      47.29892
-84.36462      47.29936
-84.3609       47.30141
-84.35379      47.31167
-84.35646      47.31579
-84.36487      47.31536
-84.37094      47.31263
-84.37634      47.30738
-84.37703      47.3051
-84.37336      47.29892
 1 
 1             583           
1
 -9999.0   ,   9990.0
   7
 14 
-87.99976      47.36477
-88.01904      47.36584
-88.02301      47.3703
-88.02061      47.37517
-88.01671      47.37757
-88.00967      47.37821
-88.00008      47.37574
-87.99043      47.37783
-87.98689      47.37496
-87.97932      47.37242
-87.97508      47.3691
-87.97738      47.36813
-87.99258      47.36862
-87.99976      47.36477
 1 
 1             584           
1
 -9999.0   ,   9990.0
   7
 12 
-88.13651      47.33644
-88.14036      47.33885
-88.14273      47.34449
-88.14128      47.3482
-88.13711      47.35152
-88.11376      47.36088
-88.10472      47.36183
-88.10149      47.35848
-88.10325      47.35432
-88.11006      47.35
-88.11819      47.33993
-88.13651      47.33644
 1 
 1             585           
1
 -9999.0   ,   9990.0
   7
 9 
-88.02336      47.34261
-88.02908      47.34246
-88.03324      47.3444
-88.03637      47.35163
-88.03548      47.35372
-88.03216      47.35449
-88.02449      47.35013
-88.02087      47.34588
-88.02336      47.34261
 1 
 1             586           
1
 -9999.0   ,   9990.0
   7
 10 
-84.26075      47.24033
-84.27248      47.24471
-84.27688      47.24084
-84.2799       47.24108
-84.28222      47.2452
-84.28858      47.24956
-84.28453      47.25229
-84.26706      47.25178
-84.25872      47.24101
-84.26075      47.24033
 1 
 1             587           
1
 -9999.0   ,   9990.0
   7
 11 
-84.11749      47.14767
-84.12586      47.14816
-84.14289      47.15692
-84.15088      47.16472
-84.14411      47.1711
-84.13673      47.17038
-84.11723      47.17487
-84.11086      47.17415
-84.10958      47.16798
-84.11778      47.15224
-84.11749      47.14767
 1 
 1             588           
1
 -9999.0   ,   9990.0
   7
 11 
-88.28176      47.14548
-88.28287      47.15232
-88.27415      47.16814
-88.26791      47.17038
-88.26428      47.16614
-88.26975      47.15728
-88.26518      47.15399
-88.26673      47.15211
-88.27073      47.15154
-88.27644      47.14633
-88.28176      47.14548
 1 
 1             589           
1
 -9999.0   ,   9990.0
   7
 10 
-84.36594      47.0973
-84.36592      47.10165
-84.36089      47.10277
-84.35716      47.11031
-84.34579      47.10548
-84.34447      47.10251
-84.34751      47.09817
-84.35454      47.10025
-84.35857      47.0982
-84.36594      47.0973
 1 
 1             590           
1
 -9999.0   ,   9990.0
   7
 9 
-84            47.09539
-84.00101      47.09521
-84.00308      47.09133
-84.0131       47.09367
-84.01608      47.09712
-84.01336      47.1003
-84.00566      47.09934
-84            47.10043
-84            47.09539
 1 
 1             591           
1
 -9999.0   ,   9990.0
   7
 15 
-84.60222      47.07431
-84.59486      47.06676
-84.59419      47.06333
-84.59788      47.06082
-84.61061      47.05922
-84.62333      47.05991
-84.63237      47.06174
-84.63572      47.06495
-84.61829      47.07957
-84.61361      47.08026
-84.6126       47.0782
-84.61696      47.06974
-84.60959      47.06974
-84.60591      47.07339
-84.60222      47.07431
 1 
 1             592           
1
 -9999.0   ,   9990.0
   7
 10 
-84.60057      47.03933
-84.61028      47.02973
-84.61331      47.02219
-84.61564      47.02082
-84.61765      47.02287
-84.61832      47.02951
-84.61564      47.03476
-84.6076       47.04116
-84.60291      47.04139
-84.60057      47.03933
 1 
 1             593           
1
 -9999.0   ,   9990.0
   7
 8 
-84.18921      46.90425
-84.19254      46.90495
-84.2008       46.91733
-84.19639      46.92554
-84.19203      46.92735
-84.18871      46.92573
-84.18677      46.91727
-84.18921      46.90425
 1 
 1             594           
1
 -9999.0   ,   9990.0
   7
 8 
-88.55527      46.9218
-88.55826      46.91667
-88.57324      46.8965
-88.57646      46.89479
-88.58089      46.89602
-88.58169      46.90263
-88.56979      46.91904
-88.55527      46.9218
 1 
 1             595           
1
 -9999.0   ,   9990.0
   7
 10 
-87.8927       46.87879
-87.89886      46.87565
-87.90911      46.87949
-87.92278      46.87912
-87.92401      46.88298
-87.92043      46.88468
-87.90942      46.88475
-87.90493      46.88235
-87.89552      46.88146
-87.8927       46.87879
 1 
 1             596           
1
 -9999.0   ,   9990.0
   7
 12 
-87.8644       46.87475
-87.86542      46.869
-87.85554      46.86561
-87.84722      46.86033
-87.84429      46.85583
-87.84619      46.85395
-87.85653      46.85963
-87.87083      46.86451
-87.87961      46.87182
-87.8781       46.87461
-87.86884      46.87623
-87.8644       46.87475
 1 
 1             597           
1
 -9999.0   ,   9990.0
   7
 11 
-89.31776      46.87033
-89.31344      46.86661
-89.30964      46.85714
-89.30956      46.84798
-89.3124       46.84192
-89.31695      46.84037
-89.32018      46.84299
-89.31737      46.84951
-89.31676      46.85824
-89.32024      46.86932
-89.31776      46.87033
 1 
 1             598           
1
 -9999.0   ,   9990.0
   7
 9 
-84.22892      46.86278
-84.23458      46.86508
-84.24859      46.86559
-84.25258      46.86835
-84.25124      46.87017
-84.21986      46.87029
-84.21822      46.86708
-84.2209       46.86481
-84.22892      46.86278
 1 
 1             599           
1
 -9999.0   ,   9990.0
   7
 11 
-84.2623       46.81327
-84.26963      46.81352
-84.27295      46.81559
-84.27225      46.82107
-84.28421      46.82797
-84.28352      46.8314
-84.27618      46.83184
-84.27053      46.82884
-84.26624      46.82288
-84.25761      46.81669
-84.2623       46.81327
 1 
 1             600           
1
 -9999.0   ,   9990.0
   7
 12 
-87.67654      46.80366
-87.66582      46.79043
-87.67392      46.7861
-87.68328      46.78633
-87.69362      46.7927
-87.7119       46.7975
-87.71754      46.80307
-87.71506      46.8068
-87.70339      46.80686
-87.68688      46.81003
-87.6811       46.80789
-87.67654      46.80366
 1 
 1             601           
1
 -9999.0   ,   9990.0
   7
 12 
-88.70742      46.67522
-88.71104      46.67922
-88.70635      46.6835
-88.69598      46.68752
-88.68778      46.69397
-88.67131      46.71537
-88.66617      46.71805
-88.66272      46.71634
-88.66522      46.70939
-88.67999      46.69217
-88.68916      46.68523
-88.70742      46.67522
 1 
 1             602           
1
 -9999.0   ,   9990.0
   7
 9 
-84.25834      46.65774
-84.26166      46.65867
-84.26199      46.66073
-84.25799      46.66232
-84.25394      46.67123
-84.2446       46.67462
-84.24134      46.66524
-84.2437       46.66044
-84.25834      46.65774
 1 
 1             603           
1
 -9999.0   ,   9990.0
   7
 7 
-85.96402      46.67226
-85.95951      46.66838
-85.96244      46.66561
-85.97006      46.66438
-85.97276      46.66595
-85.97026      46.67284
-85.96402      46.67226
 1 
 1             604           
1
 -9999.0   ,   9990.0
   7
 10 
-85.63038      46.65849
-85.63937      46.65887
-85.64643      46.66339
-85.64649      46.66659
-85.6332       46.66785
-85.62652      46.66629
-85.61424      46.66708
-85.61152      46.66459
-85.61415      46.66228
-85.63038      46.65849
 1 
 1             605           
1
 -9999.0   ,   9990.0
   7
 14 
-87.82817      46.64091
-87.84704      46.64498
-87.85178      46.65241
-87.86344      46.6585
-87.85961      46.66135
-87.8529       46.66039
-87.84229      46.65518
-87.83725      46.6544
-87.81841      46.65673
-87.81334      46.65526
-87.81023      46.65328
-87.80928      46.64804
-87.82394      46.64834
-87.82817      46.64091
 1 
 1             606           
1
 -9999.0   ,   9990.0
   7
 10 
-84.16746      46.63065
-84.17342      46.63296
-84.17437      46.63983
-84.17233      46.64462
-84.17726      46.65219
-84.16035      46.64709
-84.15804      46.64365
-84.16074      46.63932
-84.16807      46.6382
-84.16746      46.63065
 1 
 1             607           
1
 -9999.0   ,   9990.0
   7
 7 
-86.02909      46.64358
-86.03134      46.62686
-86.04334      46.61437
-86.04633      46.61479
-86.04585      46.62211
-86.03435      46.64101
-86.02909      46.64358
 1 
 1             608           
1
 -9999.0   ,   9990.0
   7
 13 
-85.22779      46.63824
-85.22548      46.63939
-85.21684      46.6392
-85.21247      46.63511
-85.21378      46.63236
-85.22041      46.63187
-85.21838      46.62822
-85.22002      46.62592
-85.225        46.62521
-85.23101      46.6277
-85.23338      46.63135
-85.23044      46.63708
-85.22779      46.63824
 1 
 1             609           
1
 -9999.0   ,   9990.0
   7
 14 
-85.25937      46.60743
-85.27333      46.60782
-85.28302      46.61303
-85.28772      46.61712
-85.28876      46.62032
-85.28052      46.62676
-85.26691      46.62889
-85.25136      46.63446
-85.24669      46.6338
-85.25623      46.62437
-85.25118      46.61869
-85.25114      46.61434
-85.25474      46.60951
-85.25937      46.60743
 1 
 1             610           
1
 -9999.0   ,   9990.0
   7
 14 
-84.23272      46.61512
-84.24601      46.61494
-84.25331      46.61679
-84.26196      46.61544
-84.26527      46.6182
-84.26292      46.62071
-84.2556       46.6216
-84.24992      46.62547
-84.23596      46.62656
-84.23361      46.62999
-84.23028      46.63066
-84.22002      46.62422
-84.22305      46.61943
-84.23272      46.61512
 1 
 1             611           
1
 -9999.0   ,   9990.0
   7
 10 
-88.16956      46.61464
-88.16769      46.61126
-88.17267      46.60585
-88.17287      46.59828
-88.17441      46.59641
-88.17836      46.59583
-88.18189      46.59894
-88.18101      46.61155
-88.17558      46.61515
-88.16956      46.61464
 1 
 1             612           
1
 -9999.0   ,   9990.0
   7
 9 
-88.13846      46.59563
-88.14073      46.58939
-88.14853      46.5919
-88.15983      46.60256
-88.15812      46.60719
-88.15288      46.60849
-88.14975      46.60629
-88.14878      46.60128
-88.13846      46.59563
 1 
 1             613           
1
 -9999.0   ,   9990.0
   7
 41 
-87.75575      46.60023
-87.74801      46.60456
-87.74078      46.60612
-87.73112      46.60591
-87.70014      46.59846
-87.69387      46.59313
-87.66395      46.59297
-87.65374      46.58842
-87.63892      46.57849
-87.5918       46.56731
-87.57433      46.56315
-87.55778      46.55761
-87.55399      46.55495
-87.56226      46.5543
-87.58168      46.55725
-87.59296      46.56361
-87.60394      46.5638
-87.61502      46.56627
-87.62022      46.57026
-87.63364      46.57267
-87.64087      46.57135
-87.65588      46.56299
-87.66152      46.55984
-87.67007      46.55803
-87.67251      46.56025
-87.66779      46.56518
-87.65118      46.57155
-87.64874      46.5755
-87.65233      46.58068
-87.65845      46.58327
-87.67333      46.58198
-87.68009      46.58409
-87.68861      46.58182
-87.69591      46.58163
-87.70628      46.58892
-87.71559      46.58914
-87.72414      46.58732
-87.73058      46.59585
-87.73736      46.59819
-87.75332      46.59847
-87.75575      46.60023
 1 
 1             614           
1
 -9999.0   ,   9990.0
   7
 37 
-89.54236      46.40259
-89.54474      46.40764
-89.54426      46.42898
-89.5472       46.44009
-89.5535       46.44762
-89.57042      46.45907
-89.57839      46.47066
-89.58802      46.48973
-89.59422      46.49805
-89.5978       46.50285
-89.60575      46.52544
-89.61608      46.54471
-89.62586      46.5576
-89.62298      46.56275
-89.60334      46.57022
-89.58999      46.58108
-89.56441      46.58145
-89.55212      46.57783
-89.56488      46.57158
-89.57851      46.57147
-89.59039      46.56274
-89.59403      46.55502
-89.59344      46.55207
-89.57909      46.53616
-89.56385      46.50996
-89.55489      46.49454
-89.53689      46.48221
-89.5307       46.48361
-89.52792      46.48213
-89.52622      46.47784
-89.52678      46.46888
-89.52298      46.45552
-89.52154      46.43106
-89.52395      46.42042
-89.52919      46.41196
-89.53562      46.40573
-89.54236      46.40259
 1 
 1             615           
1
 -9999.0   ,   9990.0
   7
 12 
-86.3445       46.55031
-86.36142      46.5503
-86.36316      46.55256
-86.35992      46.55558
-86.35333      46.55705
-86.34229      46.56544
-86.3331       46.569
-86.32349      46.56983
-86.324        46.56433
-86.33399      46.55435
-86.33988      46.55107
-86.3445       46.55031
 1 
 1             616           
1
 -9999.0   ,   9990.0
   7
 15 
-88.46785      46.54481
-88.46357      46.54036
-88.46736      46.53245
-88.46792      46.53107
-88.47416      46.52995
-88.48049      46.5302
-88.48901      46.53337
-88.50576      46.53557
-88.50992      46.53819
-88.50978      46.54094
-88.50456      46.54225
-88.49409      46.53984
-88.48178      46.53955
-88.47764      46.5422
-88.46785      46.54481
 1 
 1             617           
1
 -9999.0   ,   9990.0
   7
 6 
-84            46.53581
-84.00633      46.5352
-84.00763      46.53841
-84.00626      46.54115
-84            46.54263
-84            46.53581
 1 
 1             618           
1
 -9999.0   ,   9990.0
   7
 9 
-88.17582      46.52288
-88.1802       46.52389
-88.18675      46.53309
-88.18546      46.53908
-88.18085      46.53967
-88.17578      46.53295
-88.17016      46.53335
-88.17046      46.52738
-88.17582      46.52288
 1 
 1             619           
1
 -9999.0   ,   9990.0
   7
 10 
-85.98041      46.5389
-85.97138      46.53603
-85.96042      46.53547
-85.95772      46.53344
-85.96062      46.53021
-85.97014      46.52529
-85.97642      46.52453
-85.98113      46.52746
-85.98428      46.53383
-85.98041      46.5389
 1 
 1             620           
1
 -9999.0   ,   9990.0
   7
 34 
-88.05314      46.52575
-88.04242      46.52512
-88.01916      46.52374
-88.01034      46.52628
-88.00168      46.52583
-87.99456      46.52329
-87.99234      46.51946
-87.99502      46.51435
-88.00377      46.51616
-88.01302      46.50995
-88.02747      46.50725
-88.03876      46.50189
-88.06314      46.4767
-88.06854      46.47815
-88.07292      46.48489
-88.06915      46.48957
-88.05532      46.50669
-88.05428      46.51152
-88.06111      46.51454
-88.05828      46.51736
-88.05939      46.51916
-88.09082      46.51757
-88.09591      46.51926
-88.10855      46.51958
-88.11204      46.52246
-88.10043      46.52806
-88.08821      46.5291
-88.07781      46.53283
-88.05161      46.53335
-88.04642      46.53006
-88.04963      46.52814
-88.06478      46.52781
-88.06401      46.52564
-88.05314      46.52575
 1 
 1             621           
1
 -9999.0   ,   9990.0
   7
 17 
-87.67679      46.51205
-87.68553      46.51186
-87.69009      46.51014
-87.69345      46.51097
-87.69301      46.5151
-87.69805      46.51634
-87.7002       46.51927
-87.69868      46.52182
-87.69314      46.52379
-87.67979      46.52253
-87.65846      46.52719
-87.65265      46.52391
-87.65579      46.52062
-87.67306      46.52087
-87.67996      46.51932
-87.68181      46.51676
-87.67679      46.51205
 1 
 1             622           
1
 -9999.0   ,   9990.0
   7
 12 
-88.41026      46.51298
-88.40494      46.52276
-88.40207      46.52468
-88.39539      46.52397
-88.39358      46.52174
-88.3968       46.51523
-88.39553      46.51115
-88.39751      46.50582
-88.40178      46.50522
-88.40586      46.5067
-88.41009      46.51046
-88.41026      46.51298
 1 
 1             623           
1
 -9999.0   ,   9990.0
   7
 6 
-87.67679      46.51205
-87.67503      46.51419
-87.66376      46.51446
-87.65869      46.51277
-87.66153      46.50995
-87.67679      46.51205
 1 
 1             624           
1
 -9999.0   ,   9990.0
   7
 4 
-84.99641      46.47444
-85            46.47394
-85            46.47952
-84.99641      46.47444
 1 
 1             625           
1
 -9999.0   ,   9990.0
   7
 6 
-87.8638       46.46553
-87.88144      46.46665
-87.87898      46.46992
-87.86954      46.47315
-87.86328      46.46806
-87.8638       46.46553
 1 
 1             626           
1
 -9999.0   ,   9990.0
   7
 19 
-87.82359      46.44028
-87.83204      46.4373
-87.83442      46.43861
-87.83633      46.44887
-87.84612      46.45204
-87.85284      46.46537
-87.85172      46.46906
-87.84612      46.46966
-87.84198      46.4668
-87.83783      46.46371
-87.82982      46.463
-87.81908      46.46649
-87.81499      46.45859
-87.80859      46.4567
-87.80845      46.45418
-87.82094      46.45225
-87.82469      46.44826
-87.82572      46.44297
-87.82359      46.44028
 1 
 1             627           
1
 -9999.0   ,   9990.0
   7
 14 
-88.32958      46.43099
-88.33729      46.4374
-88.33856      46.44171
-88.33399      46.45284
-88.33524      46.45693
-88.33322      46.46157
-88.32871      46.46354
-88.32269      46.46281
-88.31924      46.46085
-88.31785      46.45471
-88.32164      46.44658
-88.31835      46.43684
-88.31982      46.43382
-88.32958      46.43099
 1 
 1             628           
1
 -9999.0   ,   9990.0
   7
 6 
-87.80634      46.44005
-87.80593      46.43556
-87.81332      46.4346
-87.81671      46.43588
-87.81992      46.43992
-87.80634      46.44005
 1 
 1             629           
1
 -9999.0   ,   9990.0
   7
 10 
-86.8282       46.40335
-86.82386      46.40251
-86.82138      46.39797
-86.82416      46.39289
-86.834        46.39042
-86.83974      46.37636
-86.84344      46.38636
-86.84342      46.39437
-86.84096      46.39945
-86.8282       46.40335
 1 
 1             630           
1
 -9999.0   ,   9990.0
   7
 26 
-89.09582      46.37462
-89.10168      46.37738
-89.11364      46.37785
-89.11908      46.37948
-89.11451      46.38469
-89.12358      46.39031
-89.12653      46.39432
-89.12515      46.39781
-89.12264      46.3995
-89.11454      46.39775
-89.10701      46.39895
-89.09562      46.39754
-89.08954      46.40028
-89.08266      46.40123
-89.08053      46.39948
-89.08098      46.39671
-89.08566      46.39287
-89.08074      46.38939
-89.07013      46.38932
-89.06588      46.38582
-89.06849      46.38114
-89.07568      46.37973
-89.07468      46.37541
-89.07746      46.37279
-89.08771      46.37676
-89.09582      46.37462
 1 
 1             631           
1
 -9999.0   ,   9990.0
   7
 17 
-85.12469      46.35733
-85.12337      46.35878
-85.12239      46.35985
-85.11249      46.36218
-85.10891      46.36975
-85.08212      46.37145
-85.07359      46.3804
-85.06632      46.38226
-85.06136      46.38159
-85.05002      46.37087
-85.05266      46.36835
-85.07909      46.36345
-85.09027      46.35563
-85.09688      46.35469
-85.10716      46.35694
-85.12004      46.35552
-85.12469      46.35733
 1 
 1             632           
1
 -9999.0   ,   9990.0
   7
 10 
-88.64256      46.36939
-88.64497      46.35648
-88.64911      46.34947
-88.65466      46.34836
-88.65758      46.34277
-88.66434      46.34483
-88.66981      46.35656
-88.66317      46.36571
-88.65841      46.36862
-88.64256      46.36939
 1 
 1             633           
1
 -9999.0   ,   9990.0
   7
 13 
-88.54661      46.30798
-88.54673      46.31462
-88.54459      46.31721
-88.53742      46.31881
-88.53364      46.32169
-88.52831      46.33079
-88.52332      46.33531
-88.51452      46.33743
-88.51461      46.33376
-88.52088      46.32852
-88.52686      46.31916
-88.54169      46.3086
-88.54661      46.30798
 1 
 1             634           
1
 -9999.0   ,   9990.0
   7
 8 
-89.36179      46.32085
-89.36366      46.32353
-89.35741      46.33201
-89.34173      46.33058
-89.33923      46.32839
-89.34035      46.32582
-89.35188      46.32514
-89.36179      46.32085
 1 
 1             635           
1
 -9999.0   ,   9990.0
   7
 9 
-85.09718      46.30985
-85.10214      46.30983
-85.12901      46.32048
-85.13035      46.32299
-85.12673      46.32529
-85.11549      46.32602
-85.10256      46.32127
-85.09721      46.31305
-85.09718      46.30985
 1 
 1             636           
1
 -9999.0   ,   9990.0
   7
 12 
-89.92219      46.30006
-89.92249      46.30325
-89.91564      46.31158
-89.91574      46.31983
-89.91358      46.32153
-89.89917      46.32332
-89.89725      46.32042
-89.89922      46.31666
-89.90319      46.31305
-89.90841      46.31213
-89.91506      46.30175
-89.92219      46.30006
 1 
 1             637           
1
 -9999.0   ,   9990.0
   7
 11 
-86.85069      46.31711
-86.84728      46.3142
-86.85689      46.298
-86.86076      46.28144
-86.862        46.27616
-86.85056      46.24524
-86.85304      46.24108
-86.86203      46.24298
-86.87059      46.2847
-86.86267      46.30201
-86.85069      46.31711
 1 
 1             638           
1
 -9999.0   ,   9990.0
   7
 9 
-89.23099      46.31244
-89.2416       46.29622
-89.2485       46.29549
-89.25207      46.2988
-89.25341      46.3031
-89.24789      46.30858
-89.24163      46.31295
-89.23542      46.3141
-89.23099      46.31244
 1 
 1             639           
1
 -9999.0   ,   9990.0
   7
 12 
-86.14263      46.28462
-86.15033      46.28842
-86.15041      46.29161
-86.13889      46.29291
-86.12523      46.30154
-86.11978      46.30779
-86.11618      46.30966
-86.11187      46.30903
-86.10812      46.3045
-86.11002      46.30128
-86.12376      46.29607
-86.14263      46.28462
 1 
 1             640           
1
 -9999.0   ,   9990.0
   7
 9 
-88.9126       46.29061
-88.9171       46.28884
-88.93488      46.29645
-88.95559      46.29914
-88.96077      46.30193
-88.95399      46.30424
-88.93238      46.29837
-88.92128      46.29602
-88.9126       46.29061
 1 
 1             641           
1
 -9999.0   ,   9990.0
   7
 12 
-85.71599      46.27891
-85.71955      46.27545
-85.72645      46.27333
-85.74626      46.27246
-85.75091      46.27425
-85.75531      46.2797
-85.75508      46.28428
-85.74204      46.29378
-85.73482      46.29682
-85.72391      46.29646
-85.71646      46.28646
-85.71599      46.27891
 1 
 1             642           
1
 -9999.0   ,   9990.0
   7
 26 
-85.96786      46.27113
-85.97177      46.26857
-85.98098      46.26686
-85.98254      46.26319
-85.98548      46.26155
-85.99114      46.26332
-85.99419      46.26671
-85.99215      46.2784
-85.98519      46.27735
-85.98012      46.27282
-85.9702       46.27201
-85.96401      46.27598
-85.96473      46.27826
-85.97166      46.27841
-85.97344      46.28342
-85.98043      46.28586
-85.97428      46.29119
-85.96639      46.29288
-85.96339      46.292
-85.96066      46.28837
-85.94674      46.28669
-85.94437      46.28351
-85.94596      46.28121
-85.95449      46.2786
-85.96352      46.26912
-85.96786      46.27113
 1 
 1             643           
1
 -9999.0   ,   9990.0
   7
 11 
-85.89836      46.26501
-85.89974      46.26774
-85.90707      46.27019
-85.91113      46.27472
-85.92784      46.28347
-85.92689      46.2853
-85.91566      46.28497
-85.90267      46.28076
-85.89564      46.27602
-85.89222      46.27103
-85.89836      46.26501
 1 
 1             644           
1
 -9999.0   ,   9990.0
   7
 12 
-89.48229      46.26192
-89.48651      46.26496
-89.48783      46.2688
-89.48262      46.27383
-89.47733      46.27771
-89.46689      46.27951
-89.4618       46.27788
-89.45949      46.27408
-89.46153      46.27079
-89.4703       46.26883
-89.47573      46.26265
-89.48229      46.26192
 1 
 1             645           
1
 -9999.0   ,   9990.0
   7
 7 
-87.35724      46.26706
-87.36164      46.26925
-87.35885      46.27297
-87.33719      46.27621
-87.33469      46.27238
-87.33685      46.26913
-87.35724      46.26706
 1 
 1             646           
1
 -9999.0   ,   9990.0
   7
 6 
-85.97352      46.26531
-85.94869      46.27019
-85.94762      46.267
-85.95054      46.26446
-85.96042      46.2632
-85.97352      46.26531
 1 
 1             647           
1
 -9999.0   ,   9990.0
   7
 9 
-86.04449      46.25744
-86.04718      46.25901
-86.04659      46.26176
-86.04039      46.26527
-86.02001      46.26917
-86.01304      46.26765
-86.011        46.26538
-86.01324      46.26261
-86.04449      46.25744
 1 
 1             648           
1
 -9999.0   ,   9990.0
   7
 36 
-85.71931      46.26241
-85.72266      46.24774
-85.72021      46.24044
-85.72372      46.23354
-85.72198      46.22898
-85.72226      46.22849
-85.72549      46.22277
-85.72204      46.21502
-85.73559      46.21582
-85.74305      46.20911
-85.74768      46.20952
-85.75839      46.21767
-85.76435      46.21852
-85.79008      46.21782
-85.79896      46.21636
-85.80713      46.21239
-85.81206      46.21166
-85.83131      46.21718
-85.83404      46.22105
-85.83348      46.22563
-85.83805      46.23932
-85.84204      46.24088
-85.84451      46.24863
-85.84231      46.25346
-85.83351      46.25904
-85.82531      46.26187
-85.81178      46.26269
-85.80449      46.26116
-85.77773      46.24425
-85.7602       46.24259
-85.75528      46.24378
-85.7396       46.25284
-85.73412      46.25999
-85.72858      46.2637
-85.72199      46.26445
-85.71931      46.26241
 1 
 1             649           
1
 -9999.0   ,   9990.0
   7
 10 
-87.37804      46.24598
-87.38009      46.24731
-87.3806       46.25119
-87.37438      46.25225
-87.36802      46.25765
-87.35749      46.25835
-87.35607      46.25633
-87.36433      46.2495
-87.36982      46.24686
-87.37804      46.24598
 1 
 1             650           
1
 -9999.0   ,   9990.0
   7
 7 
-85.96149      46.25267
-85.96917      46.25624
-85.96658      46.25833
-85.95004      46.25691
-85.94767      46.25464
-85.94961      46.25302
-85.96149      46.25267
 1 
 1             651           
1
 -9999.0   ,   9990.0
   7
 18 
-89.99206      46.23641
-89.99106      46.23989
-89.98761      46.24188
-89.97142      46.24426
-89.96195      46.2506
-89.95602      46.25086
-89.95399      46.24682
-89.95975      46.23396
-89.9513       46.21783
-89.95214      46.21619
-89.95689      46.21757
-89.96544      46.22774
-89.97294      46.22649
-89.97404      46.23469
-89.96823      46.23633
-89.96554      46.23943
-89.96659      46.24095
-89.99206      46.23641
 1 
 1             652           
1
 -9999.0   ,   9990.0
   7
 54 
-89.45112      46.20698
-89.44973      46.20915
-89.43533      46.21088
-89.43286      46.21694
-89.43677      46.22412
-89.44168      46.22735
-89.44934      46.22819
-89.45405      46.23305
-89.45194      46.23542
-89.44937      46.24813
-89.44619      46.24964
-89.42904      46.23841
-89.43312      46.23183
-89.43025      46.22919
-89.42184      46.22747
-89.40965      46.22795
-89.4085       46.23396
-89.40392      46.23573
-89.39922      46.23754
-89.38941      46.23885
-89.38185      46.23549
-89.37849      46.23081
-89.37978      46.2264
-89.3943       46.21826
-89.40676      46.21708
-89.40839      46.21288
-89.41962      46.21266
-89.42206      46.21027
-89.41921      46.20787
-89.41092      46.20751
-89.3977       46.20346
-89.38752      46.20432
-89.38386      46.20791
-89.37896      46.20856
-89.37854      46.20354
-89.38379      46.1992
-89.38612      46.19448
-89.38227      46.18872
-89.38197      46.18506
-89.38441      46.18267
-89.38917      46.18432
-89.39421      46.19328
-89.39804      46.19565
-89.41921      46.19595
-89.42363      46.19348
-89.43575      46.1923
-89.4378       46.18511
-89.44792      46.18769
-89.45077      46.19009
-89.44957      46.19512
-89.44906      46.19726
-89.45247      46.1985
-89.4544       46.20186
-89.45112      46.20698
 1 
 1             653           
1
 -9999.0   ,   9990.0
   7
 15 
-86.01442      46.22896
-86.02904      46.23291
-86.03206      46.23493
-86.03148      46.23814
-86.02088      46.23666
-86.01209      46.24203
-86.01548      46.24519
-86.01192      46.24843
-86.00532      46.2492
-85.99503      46.24657
-85.99198      46.24317
-85.99423      46.24086
-86.00342      46.23846
-86.00948      46.22924
-86.01442      46.22896
 1 
 1             654           
1
 -9999.0   ,   9990.0
   7
 7 
-85.95069      46.24225
-85.96156      46.24145
-85.96526      46.24415
-85.96399      46.24646
-85.94981      46.24707
-85.94842      46.24434
-85.95069      46.24225
 1 
 1             655           
1
 -9999.0   ,   9990.0
   7
 14 
-89.31416      46.20815
-89.31811      46.21211
-89.31461      46.21775
-89.31786      46.22106
-89.32716      46.22161
-89.33434      46.23256
-89.33207      46.23723
-89.32712      46.23743
-89.31716      46.22865
-89.29949      46.2188
-89.29722      46.21523
-89.29894      46.21195
-89.30565      46.20917
-89.31416      46.20815
 1 
 1             656           
1
 -9999.0   ,   9990.0
   7
 7 
-86.85444      46.21771
-86.85845      46.21878
-86.85921      46.22151
-86.85991      46.23088
-86.8565       46.23667
-86.85343      46.23421
-86.85444      46.21771
 1 
 1             657           
1
 -9999.0   ,   9990.0
   7
 20 
-89.75501      46.18196
-89.76543      46.1877
-89.7622       46.1922
-89.76335      46.19765
-89.77394      46.20888
-89.78705      46.2113
-89.78987      46.21691
-89.78909      46.2229
-89.7814       46.2331
-89.77789      46.2344
-89.77149      46.23307
-89.76883      46.22928
-89.76936      46.22422
-89.76672      46.21677
-89.7577       46.21945
-89.75471      46.21567
-89.75686      46.20642
-89.74732      46.19215
-89.75011      46.18263
-89.75501      46.18196
 1 
 1             658           
1
 -9999.0   ,   9990.0
   7
 11 
-85.98898      46.21392
-86.00554      46.21648
-86.01124      46.2203
-86.0113       46.22282
-86.00901      46.22376
-85.99841      46.22204
-85.99622      46.22688
-85.98757      46.22423
-85.98516      46.21968
-85.98572      46.21578
-85.98898      46.21392
 1 
 1             659           
1
 -9999.0   ,   9990.0
   7
 10 
-89.82944      46.20487
-89.83467      46.20785
-89.84119      46.20688
-89.84471      46.20925
-89.84132      46.21559
-89.84569      46.21998
-89.84497      46.22299
-89.82922      46.22437
-89.82585      46.21993
-89.82944      46.20487
 1 
 1             660           
1
 -9999.0   ,   9990.0
   7
 11 
-89.52436      46.22399
-89.51852      46.2199
-89.51597      46.21471
-89.51726      46.21053
-89.51968      46.20791
-89.53024      46.20771
-89.53387      46.21145
-89.53059      46.21571
-89.53208      46.22249
-89.53222      46.22321
-89.52436      46.22399
 1 
 1             661           
1
 -9999.0   ,   9990.0
   7
 11 
-89.2125       46.18483
-89.21969      46.18799
-89.2213       46.1916
-89.21918      46.20634
-89.21346      46.22169
-89.20914      46.2214
-89.20738      46.21161
-89.20766      46.19876
-89.21181      46.19265
-89.20926      46.18564
-89.2125       46.18483
 1 
 1             662           
1
 -9999.0   ,   9990.0
   7
 8 
-89.33763      46.19622
-89.3492       46.20035
-89.35216      46.20413
-89.35158      46.20919
-89.34799      46.20979
-89.33673      46.20543
-89.33445      46.19772
-89.33763      46.19622
 1 
 1             663           
1
 -9999.0   ,   9990.0
   7
 15 
-89.72109      46.18319
-89.73069      46.18347
-89.73556      46.18624
-89.73558      46.19013
-89.72939      46.19109
-89.72872      46.19845
-89.72454      46.19978
-89.71187      46.19849
-89.70064      46.20607
-89.69885      46.20454
-89.69582      46.18886
-89.69739      46.1881
-89.70404      46.19217
-89.70804      46.19269
-89.72109      46.18319
 1 
 1             664           
1
 -9999.0   ,   9990.0
   7
 12 
-89.49516      46.1876
-89.50122      46.18895
-89.50823      46.19371
-89.50774      46.19579
-89.50143      46.19926
-89.49855      46.20419
-89.49472      46.20595
-89.48175      46.20098
-89.48174      46.19686
-89.49061      46.19626
-89.49146      46.19073
-89.49516      46.1876
 1 
 1             665           
1
 -9999.0   ,   9990.0
   7
 31 
-85.77682      46.14815
-85.79136      46.15008
-85.80238      46.15752
-85.80345      46.1614
-85.79324      46.1615
-85.78847      46.17024
-85.78323      46.17258
-85.76972      46.17293
-85.76711      46.17433
-85.76948      46.17706
-85.77938      46.1772
-85.78398      46.17851
-85.78634      46.17918
-85.7917       46.18371
-85.7911       46.18646
-85.77988      46.18657
-85.77269      46.18961
-85.76476      46.189
-85.76053      46.19179
-85.75604      46.19846
-85.74885      46.20196
-85.74159      46.20203
-85.73424      46.19729
-85.73214      46.19068
-85.73368      46.18494
-85.74475      46.17729
-85.74796      46.17314
-85.75062      46.15687
-85.75414      46.15157
-85.762        46.14898
-85.77682      46.14815
 1 
 1             666           
1
 -9999.0   ,   9990.0
   7
 24 
-88.07839      46.19623
-88.08023      46.19388
-88.09061      46.19083
-88.1009       46.19168
-88.10636      46.18923
-88.11428      46.17824
-88.11842      46.17582
-88.12732      46.17556
-88.1334       46.1779
-88.14099      46.18867
-88.15258      46.19452
-88.16092      46.1961
-88.15258      46.20001
-88.14659      46.19927
-88.13973      46.19512
-88.12869      46.18194
-88.12276      46.18211
-88.11794      46.18408
-88.10831      46.19421
-88.10478      46.19592
-88.09384      46.19509
-88.08972      46.19796
-88.08283      46.19861
-88.07839      46.19623
 1 
 1             667           
1
 -9999.0   ,   9990.0
   7
 45 
-88.1854       46.19698
-88.16508      46.19392
-88.17206      46.18936
-88.17409      46.18472
-88.17564      46.16704
-88.183        46.16339
-88.19417      46.16259
-88.20466      46.16686
-88.21616      46.16606
-88.21791      46.16234
-88.21529      46.15738
-88.21224      46.1561
-88.20208      46.15709
-88.19704      46.15586
-88.19426      46.15343
-88.19713      46.14647
-88.20318      46.14308
-88.20756      46.14456
-88.21182      46.14947
-88.22126      46.15262
-88.23487      46.15404
-88.23827      46.16608
-88.25891      46.17415
-88.26556      46.17487
-88.27154      46.17033
-88.2781       46.16967
-88.29944      46.17314
-88.31021      46.17648
-88.31336      46.18012
-88.3202       46.18807
-88.32015      46.19242
-88.3182       46.19295
-88.31208      46.19016
-88.30697      46.18253
-88.29982      46.17908
-88.28784      46.17762
-88.26809      46.17845
-88.26071      46.18166
-88.24926      46.17811
-88.24262      46.17763
-88.23654      46.18056
-88.22998      46.18121
-88.21044      46.1802
-88.18661      46.18984
-88.1854       46.19698
 1 
 1             668           
1
 -9999.0   ,   9990.0
   7
 11 
-85.03309      46.16936
-85.03806      46.17163
-85.04436      46.17802
-85.04472      46.18214
-85.03882      46.1865
-85.03025      46.18767
-85.02595      46.18471
-85.03215      46.17623
-85.02784      46.17189
-85.02948      46.16983
-85.03309      46.16936
 1 
 1             669           
1
 -9999.0   ,   9990.0
   7
 9 
-89.61904      46.16092
-89.62151      46.16265
-89.61985      46.16639
-89.62137      46.17251
-89.61758      46.17451
-89.61092      46.17387
-89.60792      46.16987
-89.60992      46.16612
-89.61904      46.16092
 1 
 1             670           
1
 -9999.0   ,   9990.0
   7
 12 
-85.50884      46.12522
-85.51449      46.12839
-85.51586      46.13204
-85.51462      46.13663
-85.52113      46.15328
-85.51957      46.15879
-85.51631      46.1611
-85.50647      46.1646
-85.5015       46.16304
-85.50045      46.15892
-85.50688      46.12638
-85.50884      46.12522
 1 
 1             671           
1
 -9999.0   ,   9990.0
   7
 15 
-89.75114      46.14247
-89.75608      46.14593
-89.76071      46.14596
-89.76607      46.1432
-89.77263      46.14269
-89.77586      46.1492
-89.78204      46.15192
-89.78467      46.15547
-89.78315      46.16057
-89.78019      46.1607
-89.75975      46.15379
-89.74681      46.15298
-89.74388      46.14989
-89.74728      46.14356
-89.75114      46.14247
 1 
 1             672           
1
 -9999.0   ,   9990.0
   7
 12 
-89.58058      46.13227
-89.58148      46.13888
-89.565        46.1508
-89.55454      46.15192
-89.53774      46.16018
-89.53151      46.16067
-89.52988      46.15707
-89.53982      46.14588
-89.55296      46.1451
-89.56261      46.14219
-89.57409      46.13369
-89.58058      46.13227
 1 
 1             673           
1
 -9999.0   ,   9990.0
   7
 32 
-89.10837      46.14142
-89.10615      46.13823
-89.10085      46.13797
-89.09929      46.13984
-89.09512      46.14484
-89.08731      46.14627
-89.06429      46.14736
-89.05849      46.14506
-89.05859      46.14372
-89.0588       46.14046
-89.07358      46.13945
-89.0745       46.13287
-89.07506      46.12886
-89.07195      46.12278
-89.07306      46.11999
-89.08674      46.122
-89.11291      46.11919
-89.11964      46.11664
-89.14492      46.11523
-89.14896      46.12034
-89.14475      46.13815
-89.13974      46.14155
-89.13515      46.14196
-89.13226      46.14556
-89.12704      46.15211
-89.12041      46.15603
-89.10848      46.15969
-89.10482      46.15937
-89.10366      46.15712
-89.11283      46.15196
-89.11284      46.14783
-89.10837      46.14142
 1 
 1             674           
1
 -9999.0   ,   9990.0
   7
 8 
-89.36402      46.13972
-89.36901      46.1402
-89.38014      46.14709
-89.37944      46.15056
-89.36839      46.1526
-89.36424      46.15047
-89.36221      46.14574
-89.36402      46.13972
 1 
 1             675           
1
 -9999.0   ,   9990.0
   7
 9 
-89.81742      46.13776
-89.81923      46.13952
-89.81822      46.143
-89.82159      46.14744
-89.81952      46.15005
-89.80679      46.15175
-89.79995      46.14907
-89.79904      46.14269
-89.81742      46.13776
 1 
 1             676           
1
 -9999.0   ,   9990.0
   7
 12 
-85.18874      46.13832
-85.19336      46.13853
-85.19932      46.14194
-85.20133      46.1449
-85.19874      46.14972
-85.19512      46.15019
-85.19081      46.14656
-85.17892      46.14523
-85.17659      46.1425
-85.17789      46.14112
-85.18349      46.14064
-85.18874      46.13832
 1 
 1             677           
1
 -9999.0   ,   9990.0
   7
 10 
-89.67235      46.12865
-89.67482      46.1306
-89.67258      46.13505
-89.67382      46.14165
-89.67155      46.14587
-89.66471      46.14685
-89.65856      46.14459
-89.65477      46.13902
-89.66074      46.13189
-89.67235      46.12865
 1 
 1             678           
1
 -9999.0   ,   9990.0
   7
 11 
-84.80979      46.13257
-84.80354      46.1351
-84.79694      46.13442
-84.78968      46.12917
-84.78671      46.12391
-84.78998      46.11635
-84.79688      46.11268
-84.80413      46.11313
-84.80908      46.11679
-84.81206      46.12319
-84.80979      46.13257
 1 
 1             679           
1
 -9999.0   ,   9990.0
   7
 10 
-89.37488      46.11934
-89.38178      46.11906
-89.38795      46.1218
-89.38842      46.1275
-89.38433      46.13386
-89.37811      46.13457
-89.37844      46.12653
-89.37219      46.12678
-89.36993      46.12343
-89.37488      46.11934
 1 
 1             680           
1
 -9999.0   ,   9990.0
   7
 12 
-89.28331      46.1131
-89.28982      46.11605
-89.2901       46.12361
-89.28536      46.12609
-89.28055      46.13201
-89.27664      46.13261
-89.27056      46.13079
-89.26759      46.12678
-89.26891      46.1226
-89.27579      46.1221
-89.27776      46.11378
-89.28331      46.1131
 1 
 1             681           
1
 -9999.0   ,   9990.0
   7
 57 
-89.76442      46.09902
-89.76776      46.09934
-89.77186      46.10467
-89.77899      46.10321
-89.79822      46.10788
-89.80777      46.11136
-89.81112      46.11557
-89.81708      46.11577
-89.82591      46.11126
-89.82868      46.1054
-89.82642      46.10229
-89.8196       46.09984
-89.80889      46.0799
-89.81318      46.07261
-89.82174      46.0824
-89.82495      46.08608
-89.82315      46.09166
-89.82561      46.09705
-89.83128      46.09772
-89.83442      46.09598
-89.84178      46.09703
-89.85853      46.10341
-89.87451      46.10132
-89.87459      46.10591
-89.86722      46.1083
-89.86388      46.11509
-89.85899      46.11577
-89.85526      46.11455
-89.8497       46.10792
-89.84602      46.10739
-89.84299      46.11028
-89.83581      46.11128
-89.83237      46.11693
-89.8343       46.12006
-89.83905      46.12146
-89.85228      46.12179
-89.86355      46.12524
-89.84462      46.12832
-89.83757      46.12702
-89.82315      46.13178
-89.82062      46.12937
-89.82239      46.12333
-89.79107      46.12378
-89.78527      46.12541
-89.77904      46.12957
-89.76694      46.13079
-89.76474      46.12836
-89.76966      46.12425
-89.77715      46.12324
-89.78221      46.12073
-89.78509      46.11601
-89.78285      46.11313
-89.77675      46.11133
-89.76292      46.1117
-89.76099      46.10857
-89.76189      46.10609
-89.76442      46.09902
 1 
 1             682           
1
 -9999.0   ,   9990.0
   7
 13 
-89.68342      46.11579
-89.68478      46.11986
-89.68022      46.12441
-89.66345      46.12513
-89.65673      46.12747
-89.65272      46.12696
-89.64944      46.12342
-89.63941      46.11812
-89.65189      46.11369
-89.65754      46.11415
-89.66459      46.11935
-89.67218      46.11925
-89.68342      46.11579
 1 
 1             683           
1
 -9999.0   ,   9990.0
   7
 11 
-88.95098      46.08005
-88.95206      46.08137
-88.94746      46.0859
-88.93829      46.10432
-88.93297      46.10819
-88.92974      46.10464
-88.93618      46.08928
-88.94249      46.08126
-88.94872      46.0791
-88.94988      46.0787
-88.95098      46.08005
 32 
 1             684           
1
 -9999.0   ,   9990.0
   7
 964 
-84.68549      46.02192
-84.68418      46.02696
-84.66445      46.04436
-84.65261      46.04848
-84.64899      46.04802
-84.6286       46.03383
-84.61545      46.0297
-84.60624      46.02078
-84.60262      46.02009
-84.59868      46.02466
-84.59407      46.02534
-84.58618      46.02077
-84.57698      46.01779
-84.57467      46.02282
-84.56876      46.02167
-84.56053      46.02418
-84.55428      46.02372
-84.55161      46.02201
-84.54639      46.01868
-84.53852      46.01089
-84.53558      46.00219
-84.5277       45.99303
-84.52772      45.98434
-84.53267      45.97336
-84.52842      45.96329
-84.52349      45.96305
-84.51954      45.96533
-84.51002      45.96509
-84.51198      45.9699
-84.50539      45.97676
-84.51261      45.98432
-84.50208      45.99003
-84.48334      45.98908
-84.48186      45.98658
-84.47288      45.97145
-84.46502      45.96434
-84.45944      45.96365
-84.45745      45.96616
-84.45842      45.97188
-84.45609      45.98057
-84.46232      45.98562
-84.45672      45.9879
-84.46492      45.99341
-84.46589      46.0005
-84.46391      46.00508
-84.45766      46.00484
-84.44354      45.99887
-84.43696      46.00114
-84.41856      45.9979
-84.40872      45.99285
-84.40725      45.99811
-84.38901      45.99258
-84.38048      45.98844
-84.37231      45.97766
-84.36446      45.97078
-84.3579       45.96756
-84.34576      45.96501
-84.35754      45.97442
-84.35095      45.97829
-84.35452      45.98632
-84.35319      45.98975
-84.34957      45.99134
-84.34134      45.99246
-84.32986      45.98992
-84.30884      45.98802
-84.29737      45.98136
-84.29048      45.97707
-84.29118      45.97241
-84.28655      45.96577
-84.27972      45.9662
-84.27806      45.9694
-84.28523      45.97834
-84.28784      45.98155
-84.29305      45.98867
-84.29106      45.99186
-84.27537      45.97946
-84.26946      45.97921
-84.26318      45.98331
-84.24582      45.97501
-84.23399      45.9752
-84.22481      45.97288
-84.2137       45.96483
-84.20942      45.96549
-84.21006      45.96779
-84.22691      45.98371
-84.21457      45.98062
-84.20131      45.97196
-84.20084      45.97164
-84.19264      45.96932
-84.19096      45.97321
-84.17686      45.96995
-84.17001      45.96397
-84.16476      45.96326
-84.16698      45.97334
-84.16009      45.97217
-84.15252      45.97351
-84.14631      45.96983
-84.14139      45.96911
-84.13412      45.97343
-84.10751      45.9724
-84.09872      45.9648
-84.0905       45.965
-84.08297      45.96221
-84.07477      45.96171
-84.07538      45.96607
-84.06919      45.97148
-84.07016      45.96215
-84.04033      45.95651
-84.019        45.95434
-84            45.94575
-84            45.48693
-84.01         45.4878
-84.02234      45.49198
-84.02625      45.49177
-84.03577      45.48564
-84.05403      45.48322
-84.06478      45.48397
-84.07131      45.48193
-84.07422      45.48469
-84.08689      45.48842
-84.09921      45.49557
-84.10598      45.50247
-84.10855      45.50847
-84.11492      45.52335
-84.11922      45.55221
-84.12986      45.56668
-84.14021      45.5768
-84.18996      45.61613
-84.19698      45.62166
-84.21584      45.63158
-84.24848      45.63513
-84.26315      45.63885
-84.28498      45.6499
-84.31239      45.65525
-84.32872      45.65575
-84.35252      45.6502
-84.35783      45.64896
-84.37157      45.64785
-84.39832      45.65569
-84.41136      45.6635
-84.41691      45.66489
-84.43001      45.65667
-84.42218      45.65505
-84.41207      45.64977
-84.40816      45.64587
-84.41046      45.64313
-84.41766      45.63971
-84.42485      45.63949
-84.43203      45.64134
-84.44017      45.64822
-84.4526       45.64458
-84.46076      45.64666
-84.47382      45.65263
-84.48262      45.65424
-84.49111      45.66295
-84.51037      45.66938
-84.52506      45.67993
-84.53714      45.68567
-84.55411      45.7024
-84.55954      45.70303
-84.56589      45.70377
-84.58746      45.71043
-84.63946      45.73356
-84.66269      45.74019
-84.67514      45.74821
-84.67678      45.74775
-84.67874      45.75049
-84.70952      45.76056
-84.71363      45.76371
-84.71608      45.76559
-84.70921      45.7704
-84.70888      45.7736
-84.72592      45.78572
-84.72953      45.78664
-84.7353       45.78565
-84.73992      45.78487
-84.74033      45.7848
-84.75113      45.77838
-84.75636      45.77791
-84.77209      45.78179
-84.77733      45.78156
-84.78714      45.77651
-84.78878      45.77422
-84.78219      45.76301
-84.77793      45.75912
-84.78674      45.74767
-84.79688      45.74239
-84.80669      45.741
-84.81979      45.74717
-84.82502      45.74579
-84.82895      45.74281
-84.83286      45.74005
-84.84236      45.74073
-84.85644      45.74574
-84.87676      45.74936
-84.88232      45.7489
-84.89406      45.74017
-84.90125      45.73947
-84.92553      45.75132
-84.96578      45.7503
-84.97987      45.75255
-84.99213      45.75688
-84.99791      45.75891
-85            45.7589
-85.0038       45.75889
-85.00608      45.75591
-85.00376      45.75294
-85            45.75248
-84.99099      45.75138
-84.97981      45.74248
-84.97294      45.74341
-84.96799      45.73679
-84.95063      45.73249
-84.9457       45.72884
-84.94501      45.72312
-84.93944      45.71947
-84.94262      45.70207
-84.94522      45.69886
-84.95142      45.69724
-84.95564      45.69059
-84.96217      45.68851
-84.96768      45.68025
-84.96864      45.67965
-84.97354      45.67658
-84.98596      45.677
-84.99149      45.67195
-85            45.65914
-85.00444      45.65245
-85.01258      45.6467
-85.06341      45.62937
-85.06829      45.62592
-85.07506      45.61376
-85.08383      45.60824
-85.08886      45.59804
-85.08994      45.59586
-85.09285      45.59241
-85.10259      45.58687
-85.11098      45.57403
-85.11702      45.55432
-85.1079       45.51635
-85.09599      45.49304
-85.09289      45.48002
-85.09262      45.47887
-85.06962      45.45376
-85.04999      45.43918
-85.03692      45.43281
-85.00791      45.42467
-85            45.42366
-84.99389      45.42288
-84.98379      45.41993
-84.98022      45.42063
-84.98316      45.42405
-84.98188      45.42566
-84.96364      45.42548
-84.92228      45.41872
-84.91412      45.41393
-84.90888      45.40661
-84.90754      45.39814
-84.91109      45.39173
-84.94616      45.38019
-84.95848      45.37353
-84.98251      45.36842
-85            45.36769
-85.01762      45.36694
-85.03091      45.36209
-85.09954      45.36528
-85.12462      45.37023
-85.13241      45.36904
-85.13303      45.3688
-85.15121      45.36164
-85.16419      45.35884
-85.18921      45.35781
-85.2025       45.35431
-85.22251      45.34002
-85.23452      45.3379
-85.24517      45.33098
-85.2506       45.32225
-85.24991      45.31836
-85.25244      45.31216
-85.26415      45.31348
-85.27744      45.31089
-85.28362      45.31131
-85.29636      45.31811
-85.30979      45.2988
-85.31302      45.29718
-85.32178      45.29668
-85.32532      45.29437
-85.3301       45.28655
-85.33752      45.28239
-85.34464      45.28052
-85.35362      45.2713
-85.36714      45.26206
-85.3721       45.24927
-85.37782      45.23452
-85.38324      45.20129
-85.37211      45.16677
-85.37158      45.15007
-85.36583      45.12535
-85.35824      45.09267
-85.36021      45.06907
-85.37002      45.05184
-85.37116      45.03902
-85.37461      45.0296
-85.3715       45.01382
-85.37296      45.00213
-85.37348      45
-85.61743      45
-85.59263      45.01819
-85.58919      45.026
-85.58715      45.03953
-85.58021      45.05035
-85.57666      45.05038
-85.57039      45.04241
-85.5655       45.04016
-85.56166      45.04271
-85.5589       45.05212
-85.56029      45.05853
-85.56844      45.06442
-85.57469      45.06894
-85.59171      45.10133
-85.60261      45.11406
-85.60399      45.11955
-85.60157      45.12964
-85.59334      45.14184
-85.58019      45.14996
-85.57018      45.15187
-85.56302      45.14963
-85.55631      45.13435
-85.55209      45.13393
-85.54987      45.13669
-85.55158      45.14263
-85.54748      45.15022
-85.54732      45.16052
-85.52487      45.17581
-85.51979      45.18294
-85.51893      45.19005
-85.52194      45.19689
-85.52721      45.20235
-85.53506      45.20664
-85.54318      45.20681
-85.54736      45.20495
-85.55601      45.19801
-85.56585      45.18511
-85.56942      45.18232
-85.57353      45.1791
-85.58548      45.17602
-85.59942      45.17614
-85.60788      45.17836
-85.61282      45.18336
-85.61736      45.18286
-85.66622      45.12337
-85.67063      45.11646
-85.67429      45.10613
-85.67989      45.09027
-85.69481      45.07434
-85.70886      45.06459
-85.71911      45.05878
-85.73746      45.05448
-85.74541      45.04685
-85.75729      45.0259
-85.77575      45.01061
-85.77646      45.00935
-85.77887      45.00508
-85.77769      45
-86.08912      45
-86.08707      45.00076
-86.08428      45.00584
-86.09165      45.01628
-86.09241      45.02085
-86.08806      45.028
-86.07259      45.0298
-86.07009      45.03349
-86.07245      45.03758
-86.08028      45.04024
-86.09162      45.04124
-86.1047       45.04704
-86.11568      45.04621
-86.12619      45.04012
-86.12662      45.0394
-86.14603      45.00689
-86.14402      45
-87.16074      45
-87.15215      45.00447
-87.14221      45.00629
-87.13444      45.01378
-87.1257       45.02863
-87.1197       45.05487
-87.11142      45.06582
-87.1051       45.06939
-87.09862      45.06906
-87.09362      45.06573
-87.09046      45.05205
-87.08527      45.05171
-87.08358      45.05666
-87.0795       45.06855
-87.08229      45.07331
-87.08963      45.07865
-87.09178      45.08341
-87.08873      45.08806
-87.0821       45.09209
-87.07658      45.09175
-87.0719       45.08818
-87.06706      45.08049
-87.06145      45.07809
-87.05696      45.0791
-87.05412      45.08878
-87.04666      45.08824
-87.04455      45.09218
-87.04837      45.09852
-87.04756      45.10999
-87.05046      45.11749
-87.0598       45.12417
-87.06609      45.12545
-87.06796      45.12583
-87.07136      45.12965
-87.07751      45.14487
-87.07713      45.15153
-87.07276      45.15528
-87.06658      45.15495
-87.05961      45.15097
-87.04702      45.13634
-87.03958      45.1365
-87.03451      45.13935
-87.03049      45.14424
-87.03166      45.1488
-87.04309      45.1591
-87.04369      45.16573
-87.03856      45.18278
-87.03874      45.19029
-87.03899      45.20133
-87.0324       45.21452
-87.03424      45.21976
-87.0403       45.22513
-87.04298      45.23492
-87.04712      45.24102
-87.04563      45.24426
-87.03871      45.24165
-87.03272      45.23032
-87.02944      45.22947
-87.02367      45.23097
-87.01741      45.2288
-87.00112      45.21126
-86.99627      45.21159
-86.99157      45.21558
-86.98374      45.21459
-86.98165      45.21819
-86.98131      45.21876
-86.98025      45.23253
-86.97277      45.24047
-86.97265      45.2455
-86.9793       45.2495
-86.98031      45.25841
-86.97862      45.26486
-86.97394      45.26976
-86.9722       45.27483
-86.97278      45.28123
-86.9798       45.28614
-86.98496      45.29336
-86.9925       45.29504
-87.00349      45.29368
-87.01362      45.2953
-87.01814      45.29452
-87.02662      45.28725
-87.03936      45.28533
-87.04244      45.28487
-87.05034      45.28746
-87.05444      45.29218
-87.05836      45.29302
-87.06121      45.29112
-87.06517      45.28486
-87.07471      45.25649
-87.07782      45.25321
-87.08622      45.25258
-87.09155      45.25568
-87.09579      45.25604
-87.10408      45.25221
-87.11024      45.24452
-87.1195       45.22577
-87.12377      45.21171
-87.12398      45.20924
-87.12528      45.1938
-87.12936      45.19051
-87.15439      45.18448
-87.16576      45.17736
-87.17095      45.17015
-87.17286      45.1543
-87.1763       45.15148
-87.18018      45.15139
-87.19105      45.15528
-87.19918      45.16312
-87.20574      45.16504
-87.21771      45.16455
-87.21997      45.1716
-87.22545      45.17079
-87.22904      45.16889
-87.23178      45.16744
-87.23601      45.15315
-87.24111      45.14387
-87.23952      45.13726
-87.24182      45.1308
-87.25101      45.12624
-87.25713      45.11831
-87.26006      45.08228
-87.27828      45.07019
-87.28142      45.06072
-87.2817       45.05563
-87.28195      45.05109
-87.28728      45.0473
-87.29119      45.0479
-87.29521      45.05079
-87.29941      45.05092
-87.3035       45.04831
-87.33299      45.01418
-87.34111      45.00804
-87.34522      45
-87.61933      45
-87.61858      45.00265
-87.62103      45.01267
-87.6205       45.02758
-87.61512      45.05544
-87.60581      45.06966
-87.59746      45.07743
-87.59136      45.07827
-87.58312      45.0755
-87.58082      45.08128
-87.58432      45.08647
-87.59386      45.08943
-87.59759      45.09278
-87.59462      45.09769
-87.60734      45.11246
-87.60138      45.13552
-87.59444      45.14555
-87.57936      45.16151
-87.53062      45.19702
-87.52334      45.20231
-87.46736      45.26531
-87.44573      45.28163
-87.43518      45.29174
-87.43179      45.30069
-87.42941      45.30699
-87.41519      45.32245
-87.40719      45.32516
-87.40368      45.34013
-87.39452      45.34585
-87.38593      45.36368
-87.36119      45.38419
-87.35504      45.39189
-87.34972      45.40347
-87.33664      45.40904
-87.32942      45.41493
-87.32648      45.42164
-87.33055      45.43231
-87.32643      45.4418
-87.31489      45.4577
-87.29395      45.48651
-87.26323      45.5424
-87.23948      45.57161
-87.21713      45.59907
-87.18721      45.63911
-87.16095      45.65891
-87.13671      45.67294
-87.12447      45.67732
-87.10111      45.6817
-87.09082      45.69359
-87.08124      45.69929
-87.06793      45.70162
-87.06542      45.7042
-87.0675       45.7069
-87.07241      45.70703
-87.08467      45.70288
-87.08708      45.70581
-87.07071      45.71324
-87.05228      45.73423
-87.04562      45.73826
-87.04366      45.73945
-87.04087      45.74317
-87.04921      45.74689
-87.05698      45.75268
-87.06183      45.759
-87.06174      45.77394
-87.05392      45.78115
-87.05226      45.80408
-87.04805      45.81332
-87.03586      45.82753
-87.02434      45.83463
-87.00169      45.84196
-86.99761      45.84639
-87.00104      45.84998
-87.01134      45.85344
-87.01412      45.85705
-87.00269      45.87291
-87.00139      45.8747
-86.97925      45.89506
-86.97521      45.90888
-86.96862      45.91374
-86.96119      45.90297
-86.96066      45.90239
-86.94746      45.88813
-86.94584      45.88061
-86.94855      45.87437
-86.97986      45.84537
-86.98891      45.83397
-87.00148      45.82868
-87.003        45.82503
-87.00476      45.82083
-87.00159      45.8154
-86.99455      45.81164
-86.98841      45.80582
-86.98215      45.78876
-86.98268      45.76929
-86.97652      45.75476
-86.97508      45.74357
-86.9806       45.71827
-86.98172      45.70517
-86.98216      45.70015
-86.98027      45.69401
-86.97355      45.68956
-86.96936      45.683
-86.96954      45.67132
-86.96606      45.66589
-86.96021      45.66692
-86.94966      45.68087
-86.94111      45.69615
-86.93346      45.70134
-86.92918      45.70073
-86.91812      45.69385
-86.91164      45.69535
-86.90091      45.7054
-86.89319      45.70875
-86.89004      45.70814
-86.86846      45.70395
-86.86314      45.71023
-86.85674      45.71402
-86.84078      45.71569
-86.83669      45.72012
-86.84471      45.73302
-86.84261      45.7381
-86.82396      45.74691
-86.81927      45.75272
-86.81458      45.76723
-86.81108      45.77028
-86.80297      45.77226
-86.80044      45.77459
-86.80022      45.77757
-86.80404      45.78346
-86.80326      45.78486
-86.80067      45.78947
-86.79421      45.79188
-86.77982      45.79283
-86.77162      45.81037
-86.7761       45.82495
-86.78119      45.82966
-86.78201      45.834
-86.77813      45.8533
-86.77316      45.86094
-86.75274      45.86772
-86.74781      45.86735
-86.74009      45.86245
-86.73489      45.85574
-86.72908      45.84822
-86.72198      45.84239
-86.71233      45.83867
-86.68838      45.83794
-86.67511      45.83382
-86.66524      45.83285
-86.64489      45.83205
-86.64117      45.83829
-86.63239      45.8405
-86.6286       45.84468
-86.62654      45.86097
-86.62051      45.86679
-86.61018      45.87178
-86.59686      45.87566
-86.58882      45.8806
-86.57748      45.89452
-86.57131      45.89623
-86.55514      45.89374
-86.54133      45.88776
-86.53882      45.88668
-86.52983      45.87263
-86.52694      45.86443
-86.52841      45.84907
-86.53707      45.84344
-86.53783      45.83679
-86.5475       45.83159
-86.55222      45.82579
-86.55431      45.81935
-86.55313      45.81365
-86.55811      45.80555
-86.57009      45.80124
-86.57422      45.79751
-86.57452      45.78697
-86.56554      45.7811
-86.55779      45.77602
-86.55634      45.77215
-86.55856      45.7696
-86.571        45.76963
-86.58631      45.77693
-86.60923      45.77678
-86.61495      45.78127
-86.62414      45.7818
-86.62829      45.77852
-86.62851      45.77532
-86.62404      45.76944
-86.63044      45.76498
-86.63258      45.76059
-86.61978      45.75967
-86.61609      45.75698
-86.61875      45.74869
-86.62199      45.74773
-86.62971      45.75332
-86.63216      45.749
-86.64298      45.72997
-86.64779      45.72714
-86.65664      45.72745
-86.66212      45.72506
-86.66976      45.71875
-86.67122      45.71414
-86.66601      45.7053
-86.66612      45.69912
-86.67204      45.69055
-86.67809      45.68609
-86.68592      45.6855
-86.70303      45.68864
-86.70983      45.68669
-86.71425      45.68203
-86.71307      45.66482
-86.71288      45.66213
-86.70543      45.64578
-86.69911      45.65161
-86.69448      45.65032
-86.68774      45.63533
-86.66821      45.61872
-86.66256      45.61607
-86.63438      45.61334
-86.62382      45.61031
-86.60734      45.59639
-86.60185      45.59809
-86.60122      45.60099
-86.60101      45.602
-86.61416      45.62398
-86.62124      45.64951
-86.61764      45.65895
-86.61255      45.66294
-86.60538      45.66351
-86.59318      45.66051
-86.58861      45.66059
-86.58604      45.66223
-86.58548      45.66453
-86.5893       45.67156
-86.58625      45.67803
-86.57961      45.68455
-86.58166      45.6971
-86.58104      45.69987
-86.57995      45.70469
-86.57649      45.70864
-86.57034      45.7108
-86.56348      45.71091
-86.54431      45.70527
-86.53908      45.70512
-86.5208       45.7164
-86.52219      45.71913
-86.52614      45.71975
-86.52752      45.72179
-86.52063      45.73129
-86.52238      45.73469
-86.53032      45.73777
-86.53114      45.74234
-86.51781      45.7453
-86.50651      45.75005
-86.48708      45.74647
-86.48089      45.74748
-86.48019      45.74803
-86.47578      45.75145
-86.47305      45.75859
-86.46786      45.75982
-86.45858      45.75607
-86.44808      45.75577
-86.44331      45.7602
-86.43414      45.7601
-86.42282      45.77539
-86.42364      45.78041
-86.41982      45.78436
-86.40199      45.79012
-86.38659      45.79035
-86.37748      45.79232
-86.35283      45.78947
-86.34703      45.79275
-86.3455       45.79485
-86.34482      45.79577
-86.35191      45.80276
-86.34327      45.82074
-86.34443      45.82667
-86.34136      45.83359
-86.33129      45.84838
-86.32518      45.85213
-86.32429      45.85557
-86.33198      45.8605
-86.33117      45.86647
-86.32376      45.88214
-86.31966      45.89936
-86.31296      45.90961
-86.31181      45.91138
-86.29831      45.92141
-86.29083      45.92426
-86.28002      45.92509
-86.27516      45.92722
-86.27382      45.938
-86.26379      45.9434
-86.24254      45.94667
-86.23229      45.94451
-86.22672      45.94505
-86.21714      45.95502
-86.2097       45.95924
-86.20056      45.96142
-86.17676      45.95623
-86.14614      45.95342
-86.13731      45.95513
-86.12341      45.96377
-86.10634      45.96445
-86.08788      45.9617
-86.06423      45.96198
-86.03394      45.95914
-86.02746      45.95776
-85.99926      45.95175
-85.97711      45.94537
-85.91473      45.91698
-85.90848      45.91637
-85.90524      45.91846
-85.90698      45.92279
-85.91801      45.93137
-85.92009      45.93661
-85.91921      45.94097
-85.91689      45.94385
-85.91089      45.95136
-85.90442      45.95577
-85.89307      45.96253
-85.88131      45.96563
-85.85038      45.96321
-85.83978      45.95919
-85.83226      45.9611
-85.82069      45.97357
-85.81028      45.97825
-85.78726      45.97801
-85.76609      45.97112
-85.7526       45.96987
-85.74688      45.96763
-85.73836      45.96429
-85.73177      45.96297
-85.71043      45.96431
-85.69194      45.95876
-85.68177      45.95976
-85.67171      45.96626
-85.64778      45.96966
-85.64626      45.977
-85.64114      45.98437
-85.62516      45.99205
-85.60836      46.0112
-85.59096      46.031
-85.53185      46.07952
-85.51714      46.08604
-85.5086       46.08724
-85.49018      46.08828
-85.47896      46.08654
-85.44666      46.08378
-85.4326       46.09143
-85.42277      46.09447
-85.40697      46.09503
-85.39476      46.09327
-85.38484      46.08967
-85.37914      46.08216
-85.37385      46.08013
-85.37014      46.07329
-85.36618      46.0724
-85.35414      46.08368
-85.34661      46.08693
-85.33739      46.08676
-85.32909      46.08412
-85.32252      46.08203
-85.30795      46.07502
-85.29501      46.06617
-85.28745      46.0669
-85.27521      46.06055
-85.25672      46.05516
-85.24091      46.05272
-85.22676      46.05348
-85.21951      46.05237
-85.21024      46.04624
-85.20036      46.0456
-85.19242      46.0406
-85.18951      46.04518
-85.1909       46.05387
-85.18706      46.0539
-85.16908      46.04253
-85.14802      46.04193
-85.11734      46.03084
-85.09357      46.01904
-85.05735      46.01345
-85.02969      46.0069
-85.02496      46.00537
-85.00169      45.99784
-85            45.99695
-84.99344      45.99351
-84.97298      45.97801
-84.96079      45.97186
-84.93404      45.94538
-84.91652      45.923
-84.90927      45.91706
-84.90631      45.91569
-84.90482      45.91592
-84.89254      45.91778
-84.87873      45.913
-84.87048      45.90158
-84.86062      45.8961
-84.8478       45.89155
-84.83959      45.89042
-84.83663      45.88653
-84.83757      45.87371
-84.83262      45.86594
-84.82638      45.86228
-84.80375      45.86003
-84.79061      45.85089
-84.78069      45.84589
-84.75254      45.83171
-84.74891      45.83221
-84.74599      45.83263
-84.74272      45.8395
-84.73715      45.84133
-84.73552      45.84123
-84.71519      45.83997
-84.70568      45.84227
-84.6988       45.84593
-84.69618      45.85074
-84.69717      45.85348
-84.70603      45.85943
-84.71554      45.86309
-84.71686      45.8656
-84.71194      45.86973
-84.71195      45.87567
-84.72266      45.89293
-84.72444      45.89581
-84.72806      45.90519
-84.72677      45.9132
-84.71035      45.91046
-84.7074       45.91344
-84.71496      45.92168
-84.72778      45.92899
-84.73337      45.93517
-84.73436      45.94158
-84.73109      45.94959
-84.71928      45.96081
-84.70779      45.96265
-84.70319      45.96791
-84.69925      45.96837
-84.68841      45.96425
-84.68217      45.96631
-84.68107      45.96776
-84.67921      45.97021
-84.68776      45.97959
-84.68776      45.98416
-84.68087      45.99126
-84.67759      46.00385
-84.68418      46.01529
-84.68549      46.02192
 1             684           2 
1
 -9999.0   ,   9990.0
   7
 7 
-84.41632      45.96968
-84.42326      45.97434
-84.42949      45.9771
-84.43311      45.97711
-84.43213      45.9739
-84.42295      45.96816
-84.41632      45.96968
 1             684           3 
1
 -9999.0   ,   9990.0
   7
 10 
-84.30231      45.97931
-84.32166      45.98669
-84.32267      45.9828
-84.31386      45.97111
-84.30306      45.96535
-84.30108      45.96557
-84.30237      45.97039
-84.29874      45.9722
-84.29839      45.97564
-84.30231      45.97931
 1             684           4 
1
 -9999.0   ,   9990.0
   7
 7 
-84.25634      45.95093
-84.26487      45.95747
-84.27721      45.9575
-84.28874      45.9632
-84.29272      45.9621
-84.28459      45.95168
-84.25634      45.95093
 1             684           5 
1
 -9999.0   ,   9990.0
   7
 13 
-84.63191      45.95053
-84.62402      45.95121
-84.61153      45.95556
-84.60924      45.96105
-84.60529      45.96265
-84.60824      45.9654
-84.62664      45.97341
-84.6319       45.97387
-84.63551      45.97181
-84.63617      45.96563
-84.63322      45.95785
-84.63453      45.95236
-84.63191      45.95053
 1             684           6 
1
 -9999.0   ,   9990.0
   7
 16 
-84.33041      45.94987
-84.32612      45.95329
-84.31461      45.95371
-84.3123       45.95691
-84.32342      45.96564
-84.32733      45.97114
-84.32567      45.97548
-84.33187      45.98237
-84.34236      45.98743
-84.34532      45.98721
-84.34534      45.98218
-84.33396      45.96201
-84.33528      45.95949
-84.34349      45.9602
-84.34745      45.95586
-84.33041      45.94987
 1             684           7 
1
 -9999.0   ,   9990.0
   7
 9 
-84.56491      45.94844
-84.55964      45.94912
-84.55734      45.95301
-84.55963      45.95942
-84.5731       45.96355
-84.57803      45.95898
-84.57771      45.95463
-84.57475      45.95096
-84.56491      45.94844
 1             684           8 
1
 -9999.0   ,   9990.0
   7
 42 
-84.43331      45.95568
-84.4204       45.95053
-84.4181       45.94961
-84.40401      45.93997
-84.37812      45.92687
-84.37386      45.92778
-84.37483      45.93075
-84.38759      45.94063
-84.38659      45.94429
-84.36365      45.93508
-84.35249      45.93391
-84.34361      45.93709
-84.34129      45.94074
-84.34357      45.94487
-84.35637      45.94581
-84.35997      45.94834
-84.35339      45.95038
-84.35436      45.95291
-84.35774      45.95457
-84.36649      45.95888
-84.3734       45.95684
-84.37963      45.95731
-84.38355      45.9619
-84.38321      45.9667
-84.36909      45.96416
-84.36842      45.96644
-84.38936      45.9864
-84.39791      45.98642
-84.39136      45.98137
-84.39696      45.97841
-84.40451      45.97934
-84.41664      45.98646
-84.42353      45.98784
-84.4242       45.9851
-84.41502      45.97913
-84.41307      45.97409
-84.41473      45.96861
-84.41573      45.96609
-84.41279      45.96059
-84.41808      45.95579
-84.43331      45.95738
-84.43331      45.95568
 1             684           9 
1
 -9999.0   ,   9990.0
   7
 7 
-84.85879      45.8485
-84.85717      45.85171
-84.86046      45.85536
-84.87261      45.86015
-84.87325      45.85671
-84.86503      45.84941
-84.85879      45.8485
 1             684           10 
1
 -9999.0   ,   9990.0
   7
 17 
-84.61619      45.83861
-84.61389      45.8393
-84.61159      45.84319
-84.60045      45.8441
-84.59782      45.84822
-84.60667      45.86264
-84.61519      45.86928
-84.61978      45.87546
-84.62634      45.88027
-84.63585      45.88256
-84.63979      45.88187
-84.64307      45.87775
-84.64536      45.86402
-84.64438      45.85395
-84.63717      45.84708
-84.62504      45.84411
-84.61619      45.83861
 1             684           11 
1
 -9999.0   ,   9990.0
   7
 8 
-84.58835      45.81617
-84.58736      45.818
-84.59096      45.82326
-84.60768      45.82854
-84.60669      45.82373
-84.60243      45.81801
-84.59752      45.8164
-84.58835      45.81617
 1             684           12 
1
 -9999.0   ,   9990.0
   7
 6 
-85.39844      45.77261
-85.3952       45.77584
-85.39818      45.77788
-85.41554      45.77845
-85.41714      45.77569
-85.39844      45.77261
 1             684           13 
1
 -9999.0   ,   9990.0
   7
 34 
-85.47011      45.77008
-85.46492      45.774
-85.45475      45.77201
-85.45182      45.77341
-85.45121      45.77638
-85.45752      45.78252
-85.45104      45.78737
-85.44912      45.79105
-85.45113      45.79447
-85.45312      45.79583
-85.46326      45.79484
-85.46624      45.79711
-85.46568      45.80398
-85.46836      45.80739
-85.51152      45.82448
-85.51742      45.82444
-85.52199      45.82234
-85.52382      45.81432
-85.51752      45.803
-85.51709      45.80224
-85.52358      45.79761
-85.52352      45.79441
-85.52088      45.79283
-85.50552      45.79546
-85.49327      45.78662
-85.49421      45.78364
-85.50038      45.7797
-85.50131      45.77626
-85.49631      45.77103
-85.48879      45.77109
-85.47968      45.77505
-85.47672      45.77437
-85.47372      45.77028
-85.47011      45.77008
 1             684           14 
1
 -9999.0   ,   9990.0
   7
 20 
-85.37216      45.76614
-85.35361      45.77472
-85.35103      45.7784
-85.35276      45.78593
-85.34568      45.7956
-85.35167      45.80357
-85.35138      45.80701
-85.3554       45.81385
-85.35803      45.81497
-85.37042      45.80987
-85.36999      45.80208
-85.37223      45.7975
-85.36988      45.79247
-85.37887      45.77846
-85.38765      45.77405
-85.38794      45.77107
-85.38529      45.76857
-85.37871      45.76633
-85.37356      45.76618
-85.37216      45.76614
 1             684           15 
1
 -9999.0   ,   9990.0
   7
 8 
-85.05355      45.75805
-85.05095      45.7608
-85.05228      45.76309
-85.05687      45.76422
-85.06832      45.76349
-85.07027      45.7605
-85.06796      45.75868
-85.05355      45.75805
 1             684           16 
1
 -9999.0   ,   9990.0
   7
 7 
-85.01622      45.75565
-85.01462      45.76229
-85.01629      45.76687
-85.02154      45.76776
-85.02216      45.7625
-85.02016      45.75701
-85.01622      45.75565
 1             684           17 
1
 -9999.0   ,   9990.0
   7
 48 
-84.41509      45.71158
-84.38824      45.71839
-84.38294      45.7344
-84.37671      45.73713
-84.36459      45.73871
-84.36262      45.7403
-84.36325      45.74648
-84.35896      45.75494
-84.34974      45.76453
-84.3507       45.76843
-84.37654      45.77444
-84.38372      45.77835
-84.39519      45.77723
-84.39879      45.77838
-84.40276      45.78439
-84.41637      45.80497
-84.41997      45.8052
-84.42129      45.79994
-84.41709      45.78689
-84.42006      45.78095
-84.43806      45.78327
-84.45867      45.79085
-84.48191      45.79661
-84.48813      45.79891
-84.49662      45.8051
-84.51875      45.80173
-84.5235       45.80101
-84.53889      45.80377
-84.551        45.80882
-84.56214      45.8086
-84.57131      45.81456
-84.57524      45.81387
-84.58442      45.80495
-84.58476      45.80221
-84.58116      45.7974
-84.56053      45.78777
-84.54581      45.78295
-84.53796      45.777
-84.51681      45.75541
-84.51214      45.75064
-84.5043       45.74537
-84.49844      45.73301
-84.4929       45.72727
-84.48342      45.72337
-84.46542      45.72449
-84.44908      45.72034
-84.42978      45.71985
-84.41509      45.71158
 1             684           18 
1
 -9999.0   ,   9990.0
   7
 20 
-85.69006      45.69326
-85.67768      45.69588
-85.67371      45.69386
-85.66915      45.69435
-85.66084      45.70564
-85.64955      45.71467
-85.64702      45.71927
-85.64854      45.73184
-85.64599      45.7353
-85.64014      45.73809
-85.64021      45.7413
-85.65327      45.73981
-85.68378      45.7439
-85.69255      45.74039
-85.6951       45.73648
-85.69433      45.73053
-85.69054      45.7235
-85.68587      45.71481
-85.69255      45.70468
-85.69006      45.69326
 1             684           19 
1
 -9999.0   ,   9990.0
   7
 8 
-85.83738      45.68591
-85.82932      45.69149
-85.82582      45.6961
-85.82888      45.70133
-85.83719      45.70811
-85.84008      45.70557
-85.84023      45.69733
-85.83738      45.68591
 1             684           20 
1
 -9999.0   ,   9990.0
   7
 11 
-86.68258      45.59099
-86.67746      45.59383
-86.67662      45.59819
-86.68206      45.60405
-86.67446      45.61082
-86.67551      45.61264
-86.69345      45.6121
-86.69632      45.61022
-86.69711      45.60471
-86.69459      45.59811
-86.68258      45.59099
 1             684           21 
1
 -9999.0   ,   9990.0
   7
 46 
-85.55431      45.56595
-85.54519      45.56694
-85.53481      45.57068
-85.52542      45.57602
-85.51772      45.585
-85.49278      45.59709
-85.48696      45.60171
-85.47692      45.62971
-85.47611      45.64093
-85.47981      45.64915
-85.49097      45.66322
-85.4928       45.66553
-85.49623      45.6765
-85.49437      45.68338
-85.48575      45.69763
-85.49398      45.72321
-85.50687      45.73227
-85.50957      45.73775
-85.50636      45.74211
-85.49748      45.73897
-85.49422      45.73992
-85.49232      45.74428
-85.49469      45.7493
-85.4993       45.7511
-85.52236      45.74631
-85.5267       45.7454
-85.55831      45.75661
-85.56354      45.75634
-85.56578      45.75289
-85.55859      45.73395
-85.56301      45.72292
-85.57731      45.6974
-85.59828      45.67984
-85.60396      45.67164
-85.60593      45.66879
-85.60774      45.65916
-85.60186      45.63975
-85.60335      45.63104
-85.61808      45.61375
-85.61692      45.603
-85.62064      45.59083
-85.61759      45.58468
-85.60306      45.57449
-85.57474      45.57157
-85.56346      45.56726
-85.55431      45.56595
 1             684           22 
1
 -9999.0   ,   9990.0
   7
 14 
-86.639        45.53907
-86.63282      45.53964
-86.62804      45.54315
-86.62089      45.55334
-86.61758      45.56164
-86.61969      45.56597
-86.62301      45.5675
-86.63085      45.56783
-86.63696      45.57437
-86.64961      45.58171
-86.65342      45.5789
-86.65134      45.55649
-86.64199      45.54062
-86.639        45.53907
 1             684           23 
1
 -9999.0   ,   9990.0
   7
 7 
-86.65977      45.5172
-86.65503      45.52162
-86.65814      45.52661
-86.66668      45.52852
-86.66848      45.52368
-86.66403      45.51804
-86.65977      45.5172
 1             684           24 
1
 -9999.0   ,   9990.0
   7
 12 
-86.76029      45.47512
-86.75445      45.47569
-86.75131      45.47918
-86.75238      45.49954
-86.7567       45.50175
-86.76358      45.50254
-86.76923      45.50565
-86.77638      45.50506
-86.78156      45.49512
-86.77731      45.48581
-86.76779      45.48414
-86.76029      45.47512
 1             684           25 
1
 -9999.0   ,   9990.0
   7
 14 
-85.76622      45.45676
-85.76297      45.45701
-85.75954      45.46461
-85.76404      45.47875
-85.76969      45.48419
-85.77526      45.48575
-85.78372      45.48521
-85.78694      45.48334
-85.78716      45.47785
-85.78418      45.47536
-85.77566      45.47292
-85.77134      45.46838
-85.76821      45.45811
-85.76622      45.45676
 1             684           26 
1
 -9999.0   ,   9990.0
   7
 11 
-86.82397      45.40068
-86.81208      45.40479
-86.80359      45.40426
-86.80018      45.40867
-86.80578      45.4191
-86.81507      45.42397
-86.81966      45.4248
-86.82516      45.42401
-86.82529      45.41004
-86.82733      45.40359
-86.82397      45.40068
 1             684           27 
1
 -9999.0   ,   9990.0
   7
 14 
-85.83359      45.37481
-85.82938      45.376
-85.82272      45.38431
-85.82056      45.39029
-85.82795      45.41723
-85.83168      45.42429
-85.84027      45.43107
-85.87009      45.44015
-85.87464      45.43988
-85.86901      45.42001
-85.85471      45.4068
-85.84844      45.40099
-85.83711      45.38806
-85.83359      45.37481
 1             684           28 
1
 -9999.0   ,   9990.0
   7
 38 
-86.86968      45.32813
-86.86653      45.33094
-86.86391      45.33878
-86.86306      45.35918
-86.85938      45.36497
-86.84842      45.3677
-86.84248      45.37399
-86.83904      45.38619
-86.84158      45.39302
-86.84951      45.3963
-86.85574      45.40626
-86.87642      45.41068
-86.89699      45.4041
-86.90236      45.40371
-86.90965      45.40317
-86.91478      45.40101
-86.91917      45.39681
-86.92404      45.39671
-86.91987      45.40641
-86.91976      45.41191
-86.92252      45.41598
-86.92974      45.41744
-86.94278      45.40963
-86.95045      45.38131
-86.94734      45.35228
-86.95564      45.34846
-86.95554      45.34571
-86.95368      45.34333
-86.94869      45.33691
-86.94371      45.33449
-86.93789      45.33529
-86.93424      45.34155
-86.92504      45.34745
-86.91982      45.34709
-86.90404      45.33435
-86.88484      45.3338
-86.8739       45.32828
-86.86968      45.32813
 1             684           29 
1
 -9999.0   ,   9990.0
   7
 10 
-86.94657      45.30008
-86.94431      45.30035
-86.94379      45.30357
-86.94653      45.30741
-86.95351      45.31116
-86.95804      45.31062
-86.96087      45.30827
-86.96005      45.30416
-86.95573      45.30173
-86.94657      45.30008
 1             684           30 
1
 -9999.0   ,   9990.0
   7
 14 
-86.89725      45.29325
-86.89281      45.30433
-86.89498      45.31001
-86.90662      45.31689
-86.91556      45.32977
-86.92223      45.33399
-86.92778      45.33457
-86.93059      45.33177
-86.92149      45.32347
-86.91859      45.31551
-86.90801      45.31091
-86.90364      45.30733
-86.90086      45.29433
-86.89725      45.29325
 1             684           31 
1
 -9999.0   ,   9990.0
   7
 18 
-87.32851      45.1561
-87.32639      45.15912
-87.33349      45.17271
-87.33002      45.18859
-87.33211      45.19885
-87.33031      45.20898
-87.33299      45.21097
-87.34039      45.20966
-87.34904      45.2003
-87.36432      45.20108
-87.37372      45.19399
-87.37637      45.1811
-87.37421      45.1768
-87.3682       45.17304
-87.36234      45.17227
-87.3579       45.1697
-87.33768      45.15795
-87.32851      45.1561
 1             684           32 
1
 -9999.0   ,   9990.0
   7
 29 
-85.99972      45.05242
-85.99199      45.05366
-85.98241      45.05903
-85.97564      45.06003
-85.96235      45.0588
-85.95851      45.06091
-85.96059      45.0673
-85.97762      45.07604
-85.9801       45.08563
-85.97709      45.10948
-85.97196      45.12557
-85.97348      45.13539
-85.97721      45.14268
-85.9813       45.14619
-85.98381      45.14833
-86.0252       45.15885
-86.03619      45.15779
-86.05086      45.14777
-86.05804      45.13692
-86.05852      45.12959
-86.0516       45.11135
-86.05174      45.10356
-86.04734      45.09606
-86.04041      45.09065
-86.03388      45.08821
-86.03129      45.08568
-86.00905      45.06399
-86.00267      45.05399
-85.99972      45.05242
 1 
 1             685           
1
 -9999.0   ,   9990.0
   7
 15 
-85.78128      46.05726
-85.80244      46.06255
-85.81771      46.06858
-85.81986      46.07703
-85.8272       46.08221
-85.83026      46.08699
-85.82871      46.09112
-85.82512      46.09322
-85.81985      46.09282
-85.81377      46.08532
-85.79628      46.08298
-85.78826      46.07779
-85.77842      46.06278
-85.77868      46.05912
-85.78128      46.05726
 1 
 1             686           
1
 -9999.0   ,   9990.0
   7
 11 
-88.76911      46.07207
-88.77166      46.07542
-88.76969      46.08007
-88.76324      46.08213
-88.75455      46.08953
-88.74939      46.09109
-88.74719      46.08795
-88.75162      46.08092
-88.75618      46.08008
-88.76522      46.07289
-88.76911      46.07207
 1 
 1             687           
1
 -9999.0   ,   9990.0
   7
 11 
-89.57705      46.07992
-89.58184      46.07812
-89.58733      46.08064
-89.59992      46.08126
-89.60412      46.08407
-89.60301      46.08641
-89.59662      46.08897
-89.58018      46.08942
-89.57542      46.08779
-89.57441      46.0837
-89.57705      46.07992
 1 
 1             688           
1
 -9999.0   ,   9990.0
   7
 14 
-88.48546      46.08275
-88.47858      46.07839
-88.48148      46.06753
-88.50038      46.04973
-88.50474      46.04111
-88.50861      46.04007
-88.51132      46.04113
-88.51317      46.05389
-88.51188      46.05921
-88.50812      46.06208
-88.50028      46.06302
-88.49509      46.06915
-88.4897       46.0723
-88.48546      46.08275
 1 
 1             689           
1
 -9999.0   ,   9990.0
   7
 12 
-89.04112      46.0435
-89.04152      46.04875
-89.02437      46.06566
-89.01301      46.07227
-88.99601      46.07839
-88.98784      46.07938
-88.98575      46.07785
-88.98684      46.07483
-89.00398      46.07054
-89.02526      46.05142
-89.03559      46.04439
-89.04112      46.0435
 1 
 1             690           
1
 -9999.0   ,   9990.0
   7
 29 
-89.66624      46.01015
-89.67126      46.01108
-89.67888      46.01535
-89.68873      46.01492
-89.69732      46.02648
-89.69641      46.0311
-89.67664      46.0386
-89.67239      46.04267
-89.6733       46.04561
-89.68015      46.04853
-89.66706      46.05711
-89.6707       46.06108
-89.67135      46.06473
-89.66708      46.06858
-89.66649      46.07318
-89.66338      46.07538
-89.65804      46.07469
-89.65293      46.06895
-89.65061      46.05368
-89.65252      46.05191
-89.65944      46.04552
-89.65921      46.04277
-89.65256      46.04214
-89.64995      46.03858
-89.64943      46.03264
-89.65344      46.01436
-89.65531      46.01314
-89.66009      46.01523
-89.66624      46.01015
 1 
 1             691           
1
 -9999.0   ,   9990.0
   7
 15 
-89.00229      46.03966
-89.00511      46.04208
-88.99658      46.05546
-88.98509      46.06481
-88.97642      46.06788
-88.96554      46.06782
-88.96028      46.07236
-88.95657      46.07113
-88.95506      46.06431
-88.9582       46.05778
-88.96297      46.05554
-88.98224      46.05323
-88.98893      46.05024
-88.99643      46.04056
-89.00229      46.03966
 1 
 1             692           
1
 -9999.0   ,   9990.0
   7
 11 
-89.84369      46.04903
-89.848        46.0493
-89.85582      46.05561
-89.86249      46.05646
-89.86638      46.05927
-89.86514      46.06368
-89.85841      46.06948
-89.85222      46.07044
-89.83999      46.06639
-89.83567      46.05878
-89.84369      46.04903
 1 
 1             693           
1
 -9999.0   ,   9990.0
   7
 42 
-88.21209      46.06907
-88.20666      46.06648
-88.19414      46.0664
-88.18698      46.06249
-88.18444      46.05867
-88.18408      46.05282
-88.18388      46.04976
-88.17188      46.0366
-88.16386      46.03478
-88.15953      46.02849
-88.16139      46.02111
-88.16539      46.01664
-88.18708      46.01072
-88.19667      46.00631
-88.19759      45.9946
-88.20668      45.98723
-88.2142       45.98654
-88.21629      45.99358
-88.22002      45.99553
-88.22643      45.99282
-88.22782      45.99392
-88.22954      46.00578
-88.22913      46.00734
-88.22794      46.01179
-88.21978      46.01272
-88.21654      46.01877
-88.20599      46.01863
-88.20322      46.01643
-88.20554      46.01131
-88.2033       46.00703
-88.19269      46.01651
-88.18608      46.01602
-88.18288      46.01749
-88.18162      46.02371
-88.17184      46.02515
-88.17028      46.02657
-88.18919      46.04502
-88.1925       46.05591
-88.19629      46.05855
-88.20837      46.06208
-88.21219      46.0654
-88.21209      46.06907
 1 
 1             694           
1
 -9999.0   ,   9990.0
   7
 10 
-88.78063      46.04441
-88.78278      46.04685
-88.78468      46.06397
-88.78302      46.06838
-88.77873      46.0683
-88.77505      46.06293
-88.76606      46.06164
-88.76384      46.05828
-88.77479      46.04575
-88.78063      46.04441
 1 
 1             695           
1
 -9999.0   ,   9990.0
   7
 24 
-89.16886      46.0215
-89.17331      46.02362
-89.17446      46.02976
-89.17179      46.03353
-89.16328      46.03432
-89.1612       46.03715
-89.16121      46.04562
-89.14969      46.05409
-89.14742      46.05485
-89.13749      46.05821
-89.11745      46.05897
-89.09785      46.06544
-89.08729      46.06538
-89.08242      46.06212
-89.08426      46.06022
-89.10354      46.054
-89.11177      46.04956
-89.13028      46.03351
-89.13809      46.0323
-89.14444      46.03343
-89.15158      46.03202
-89.15669      46.02586
-89.163        46.02241
-89.16886      46.0215
 1 
 1             696           
1
 -9999.0   ,   9990.0
   7
 8 
-89.48555      46.05069
-89.50597      46.05444
-89.5103       46.05885
-89.4926       46.06393
-89.49032      46.06035
-89.48659      46.05913
-89.48332      46.05559
-89.48555      46.05069
 1 
 1             697           
1
 -9999.0   ,   9990.0
   7
 8 
-89.46287      46.05139
-89.46716      46.05144
-89.47393      46.05758
-89.47462      46.0619
-89.47041      46.06277
-89.46233      46.0608
-89.46035      46.05676
-89.46287      46.05139
 1 
 1             698           
1
 -9999.0   ,   9990.0
   7
 8 
-89.42873      46.0452
-89.43591      46.04836
-89.44211      46.05544
-89.44112      46.05937
-89.42541      46.0568
-89.42278      46.05278
-89.42468      46.04789
-89.42873      46.0452
 1 
 1             699           
1
 -9999.0   ,   9990.0
   7
 12 
-89.31975      46.04222
-89.32486      46.04431
-89.32916      46.0485
-89.32976      46.05192
-89.32699      46.05431
-89.32212      46.05519
-89.31705      46.05356
-89.31416      46.05849
-89.31022      46.05887
-89.30653      46.05397
-89.30872      46.04839
-89.31975      46.04222
 1 
 1             700           
1
 -9999.0   ,   9990.0
   7
 14 
-89.80951      46.01361
-89.81108      46.0163
-89.80999      46.0262
-89.82232      46.03506
-89.81999      46.03837
-89.80958      46.04365
-89.79819      46.04529
-89.79201      46.04257
-89.79049      46.03668
-89.78639      46.03136
-89.79284      46.01869
-89.7994       46.01841
-89.80182      46.01601
-89.80951      46.01361
 1 
 1             701           
1
 -9999.0   ,   9990.0
   7
 12 
-89.63526      46.02499
-89.63832      46.02624
-89.63824      46.02899
-89.63088      46.03159
-89.62921      46.03877
-89.6261       46.04096
-89.61348      46.03599
-89.61061      46.03336
-89.61261      46.02984
-89.62379      46.0296
-89.63069      46.02564
-89.63526      46.02499
 1 
 1             702           
1
 -9999.0   ,   9990.0
   7
 16 
-89.48051      46.03783
-89.47269      46.03494
-89.47428      46.03067
-89.48378      46.02657
-89.48501      46.02335
-89.47972      46.02358
-89.46956      46.02875
-89.4656       46.02904
-89.46272      46.02228
-89.46522      46.01668
-89.47273      46.01201
-89.47619      46.01394
-89.48656      46.0158
-89.49851      46.02861
-89.49558      46.03286
-89.48051      46.03783
 1 
 1             703           
1
 -9999.0   ,   9990.0
   7
 18 
-89.34371      46.00483
-89.34806      46.0058
-89.35141      46.01049
-89.35071      46.01395
-89.34382      46.01835
-89.33543      46.02051
-89.32418      46.02784
-89.31966      46.02893
-89.31626      46.0277
-89.31024      46.01853
-89.31278      46.01729
-89.31816      46.01868
-89.32695      46.01742
-89.33         46.01042
-89.33356      46.00959
-89.33905      46.01235
-89.34062      46.00748
-89.34371      46.00483
 1 
 1             704           
1
 -9999.0   ,   9990.0
   7
 16 
-89.61196      46.00327
-89.61471      46.00476
-89.62461      46.0048
-89.62828      46.00923
-89.62582      46.01506
-89.61588      46.02191
-89.60878      46.02357
-89.60342      46.02266
-89.59641      46.01768
-89.59361      46.01206
-89.59555      46.00786
-89.59978      46.00722
-89.60378      46.01164
-89.61002      46.01137
-89.60809      46.00435
-89.61196      46.00327
 1 
 1             705           
1
 -9999.0   ,   9990.0
   7
 30 
-86.33644      45.94536
-86.34572      45.94798
-86.34948      45.95296
-86.34901      45.95938
-86.35685      45.99085
-86.35959      45.99448
-86.36518      45.99462
-86.36819      45.99641
-86.36999      46.00142
-86.36614      46.00445
-86.35759      46.00457
-86.35249      46.00653
-86.35076      46.00719
-86.34572      46.01459
-86.34089      46.01809
-86.33337      46.01957
-86.32052      46.01906
-86.31159      46.0169
-86.30321      46.01153
-86.29833      46.00221
-86.28951      45.99272
-86.29006      45.9886
-86.29258      45.98512
-86.30009      45.98319
-86.30686      45.97851
-86.31619      45.9603
-86.32459      45.95537
-86.32577      45.95101
-86.32929      45.94776
-86.33644      45.94536
 1 
 1             706           
1
 -9999.0   ,   9990.0
   7
 18 
-89.81912      45.99233
-89.82174      45.99588
-89.82765      45.99929
-89.85382      46.00089
-89.85748      46.00486
-89.85512      46.00794
-89.85157      46.00879
-89.83994      46.00769
-89.83851      46.01005
-89.84079      46.01339
-89.84005      46.01617
-89.83677      46.01631
-89.8306       46.01361
-89.82322      46.00498
-89.81256      45.99995
-89.81026      45.99638
-89.81258      45.99284
-89.81912      45.99233
 1 
 1             707           
1
 -9999.0   ,   9990.0
   7
 25 
-84.89935      45.97338
-84.91019      45.97336
-84.92238      45.97859
-84.93191      45.98064
-84.93721      45.98725
-84.95994      45.99864
-84.9629       46.00326
-84.96359      46.00435
-84.97116      46.00502
-84.97118      46.00982
-84.96364      46.01327
-84.95904      46.0126
-84.95868      46.0078
-84.92942      46.00718
-84.92184      46.00354
-84.91592      46.00263
-84.90311      46.00656
-84.88994      46.00063
-84.88202      45.99401
-84.8787       45.98464
-84.87311      45.98419
-84.87145      45.98144
-84.87472      45.97801
-84.88984      45.97889
-84.89935      45.97338
 1 
 1             708           
1
 -9999.0   ,   9990.0
   7
 17 
-89.49024      46.00488
-89.48901      45.99805
-89.49112      45.9959
-89.49599      45.99502
-89.51238      45.99801
-89.52738      45.99625
-89.54783      45.98898
-89.54971      45.99166
-89.54871      45.99536
-89.54556      45.9971
-89.52511      46.00436
-89.50854      46.00321
-89.50874      46.00939
-89.50675      46.01314
-89.5031       46.01284
-89.49731      46.00666
-89.49024      46.00488
 1 
 1             709           
1
 -9999.0   ,   9990.0
   7
 56 
-89.85902      45.92041
-89.87562      45.92219
-89.88147      45.92491
-89.88602      45.93159
-89.89203      45.93247
-89.89388      45.93468
-89.89398      45.94293
-89.90131      45.95476
-89.90657      45.95476
-89.91111      45.95043
-89.91863      45.94986
-89.92254      45.95313
-89.92157      45.95762
-89.92139      45.95845
-89.92846      45.96731
-89.94241      45.97219
-89.94396      45.97464
-89.94048      45.97618
-89.93208      45.97449
-89.92312      45.97718
-89.91455      45.9771
-89.90999      45.9741
-89.90836      45.96706
-89.90294      45.96547
-89.89617      45.97058
-89.89596      45.97908
-89.89167      45.98615
-89.88222      45.99092
-89.88192      45.99483
-89.88765      45.99619
-89.88849      45.99821
-89.88196      46.00607
-89.87654      46.00447
-89.875        45.99835
-89.87055      45.99805
-89.86472      45.99766
-89.86468      45.99353
-89.87712      45.98908
-89.88676      45.97925
-89.88861      45.97069
-89.88694      45.96686
-89.87822      45.96519
-89.87366      45.96195
-89.87598      45.95864
-89.88279      45.95742
-89.88761      45.95973
-89.89048      45.95868
-89.89069      45.95019
-89.8864       45.94648
-89.87714      45.94964
-89.87005      45.94766
-89.86525      45.94191
-89.86808      45.93674
-89.86819      45.93078
-89.8581       45.9248
-89.85902      45.92041
 1 
 1             710           
1
 -9999.0   ,   9990.0
   7
 4 
-84            45.99409
-84.00073      46.00161
-84            46.00279
-84            45.99409
 1 
 1             711           
1
 -9999.0   ,   9990.0
   7
 13 
-89.00415      45.96878
-89.00878      45.96907
-89.0113       45.97196
-89.01         45.97659
-89.00314      45.98142
-88.98851      45.99686
-88.984        45.99817
-88.98061      45.99692
-88.97802      45.99312
-88.9816       45.98382
-88.98906      45.97805
-88.99526      45.97736
-89.00415      45.96878
 1 
 1             712           
1
 -9999.0   ,   9990.0
   7
 12 
-85.95052      45.97496
-85.96136      45.97507
-85.97479      45.97309
-85.97911      45.9751
-85.98129      45.98377
-85.97723      45.9932
-85.9727       45.99623
-85.96184      45.99612
-85.95519      45.99208
-85.95209      45.98616
-85.95291      45.97882
-85.95052      45.97496
 1 
 1             713           
1
 -9999.0   ,   9990.0
   7
 16 
-88.27181      45.98732
-88.26053      45.97529
-88.24958      45.96852
-88.24159      45.96693
-88.23679      45.96387
-88.23578      45.95291
-88.22958      45.94828
-88.21441      45.9476
-88.20724      45.94323
-88.23248      45.94224
-88.23782      45.94345
-88.24342      45.949
-88.24951      45.96211
-88.27257      45.97836
-88.27625      45.98465
-88.27181      45.98732
 1 
 1             714           
1
 -9999.0   ,   9990.0
   7
 17 
-88.19455      45.95599
-88.2051       45.96185
-88.21404      45.96273
-88.21651      45.96563
-88.21468      45.96775
-88.20325      45.96901
-88.19195      45.97782
-88.19506      45.98025
-88.19228      45.98308
-88.18082      45.98411
-88.17639      45.98149
-88.18373      45.97257
-88.1894       45.96851
-88.19397      45.96791
-88.19669      45.96394
-88.19306      45.95855
-88.19455      45.95599
 1 
 1             715           
1
 -9999.0   ,   9990.0
   7
 22 
-89.82765      45.9227
-89.82774      45.93095
-89.8406       45.9313
-89.8415       45.93189
-89.84654      45.93517
-89.84845      45.94174
-89.85772      45.94958
-89.85256      45.96517
-89.84727      45.96862
-89.84364      45.96488
-89.84061      45.9641
-89.83739      45.9686
-89.83233      45.97088
-89.82651      45.96838
-89.81849      45.95979
-89.81638      45.95461
-89.81838      45.94398
-89.80696      45.93026
-89.80863      45.92697
-89.81637      45.92893
-89.82146      45.92344
-89.82765      45.9227
 1 
 1             716           
1
 -9999.0   ,   9990.0
   7
 12 
-89.49096      45.95877
-89.48679      45.96399
-89.47647      45.97037
-89.46366      45.97066
-89.46072      45.96712
-89.46208      45.96362
-89.46717      45.96158
-89.46837      45.95626
-89.47286      45.95493
-89.47946      45.95901
-89.48417      45.9563
-89.49096      45.95877
 1 
 1             717           
1
 -9999.0   ,   9990.0
   7
 8 
-84.85293      45.94715
-84.86771      45.94896
-84.88088      45.95717
-84.87991      45.95946
-84.86021      45.96064
-84.85428      45.95676
-84.85031      45.95036
-84.85293      45.94715
 1 
 1             718           
1
 -9999.0   ,   9990.0
   7
 91 
-89.17146      45.94599
-89.16929      45.94356
-89.17581      45.93437
-89.18892      45.93387
-89.19159      45.93009
-89.19034      45.92693
-89.18512      45.92324
-89.17977      45.92207
-89.17143      45.92468
-89.16903      45.9234
-89.16689      45.91403
-89.16602      45.91022
-89.17183      45.90473
-89.17063      45.90202
-89.16604      45.9022
-89.15818      45.91075
-89.15282      45.9137
-89.14695      45.91438
-89.14548      45.91238
-89.15102      45.90759
-89.1505       45.90508
-89.13635      45.90493
-89.13422      45.90295
-89.13464      45.89995
-89.1428       45.89919
-89.14748      45.89603
-89.15463      45.88659
-89.15884      45.88574
-89.16354      45.88716
-89.17009      45.89517
-89.1757       45.89541
-89.18041      45.89271
-89.19126      45.89275
-89.19358      45.88877
-89.19712      45.88794
-89.20085      45.8894
-89.20159      45.8906
-89.20388      45.89432
-89.20276      45.89689
-89.19901      45.89933
-89.18552      45.89916
-89.18241      45.90547
-89.17416      45.91335
-89.17504      45.91629
-89.17814      45.918
-89.18964      45.91802
-89.20284      45.92279
-89.20944      45.92712
-89.20508      45.93439
-89.20669      45.93822
-89.21641      45.93624
-89.21951      45.94208
-89.22429      45.94029
-89.22597      45.93656
-89.22522      45.93132
-89.22861      45.92431
-89.24439      45.91613
-89.27501      45.90852
-89.28128      45.9046
-89.28016      45.90309
-89.26734      45.90361
-89.26496      45.90212
-89.29486      45.89788
-89.29894      45.89955
-89.29206      45.90785
-89.29809      45.91334
-89.29769      45.91657
-89.29441      45.9167
-89.28751      45.91261
-89.28398      45.91367
-89.28558      45.9214
-89.28266      45.92587
-89.27418      45.93078
-89.26897      45.93145
-89.26812      45.92919
-89.2779       45.91987
-89.27792      45.91597
-89.26255      45.91703
-89.24962      45.91639
-89.23744      45.92374
-89.23334      45.93009
-89.23326      45.94132
-89.22116      45.9505
-89.21788      45.95063
-89.21488      45.94593
-89.20553      45.94423
-89.19691      45.93929
-89.18648      45.94038
-89.18641      45.93947
-89.17569      45.94538
-89.17146      45.94599
 1 
 1             719           
1
 -9999.0   ,   9990.0
   7
 10 
-89.00161      45.92235
-89.01182      45.92267
-89.01498      45.9253
-89.00484      45.93026
-88.99814      45.94173
-88.99316      45.94535
-88.98696      45.94604
-88.98531      45.94152
-88.99588      45.92486
-89.00161      45.92235
 1 
 1             720           
1
 -9999.0   ,   9990.0
   7
 13 
-84.77766      45.92345
-84.78325      45.92391
-84.78686      45.92711
-84.78854      45.94198
-84.78592      45.94564
-84.78198      45.94588
-84.77837      45.94314
-84.77932      45.93261
-84.77078      45.92872
-84.76487      45.92827
-84.76355      45.9253
-84.77307      45.92506
-84.77766      45.92345
 1 
 1             721           
1
 -9999.0   ,   9990.0
   7
 16 
-89.52699      45.92198
-89.53584      45.92161
-89.53813      45.92542
-89.53629      45.93077
-89.53108      45.93534
-89.52116      45.9385
-89.50611      45.93958
-89.49929      45.94055
-89.49196      45.93947
-89.48812      45.93688
-89.4899       45.93062
-89.49634      45.92508
-89.50612      45.92422
-89.51122      45.92607
-89.51874      45.92164
-89.52699      45.92198
 1 
 1             722           
1
 -9999.0   ,   9990.0
   7
 15 
-87.16319      45.8977
-87.18789      45.89213
-87.19882      45.89419
-87.20802      45.90177
-87.21132      45.90949
-87.20801      45.92353
-87.20776      45.94002
-87.20401      45.93712
-87.2014       45.92275
-87.2036       45.90576
-87.19974      45.90035
-87.19308      45.89797
-87.17712      45.90106
-87.16593      45.90039
-87.16319      45.8977
 1 
 1             723           
1
 -9999.0   ,   9990.0
   7
 14 
-89.63251      45.9178
-89.64678      45.91926
-89.64957      45.92098
-89.65313      45.9355
-89.64979      45.93863
-89.64491      45.93929
-89.63939      45.93632
-89.63707      45.92862
-89.6331       45.92833
-89.62932      45.93032
-89.62312      45.93081
-89.62061      45.9284
-89.62928      45.9184
-89.63251      45.9178
 1 
 1             724           
1
 -9999.0   ,   9990.0
   7
 176 
-88.12251      45.83053
-88.10868      45.83506
-88.09104      45.84726
-88.07485      45.86743
-88.07802      45.871
-88.09395      45.87398
-88.09913      45.87818
-88.10413      45.8959
-88.09381      45.90995
-88.09535      45.91379
-88.10443      45.91719
-88.11641      45.91596
-88.12181      45.91669
-88.12468      45.92049
-88.13444      45.92456
-88.13726      45.92768
-88.13689      45.93089
-88.1237       45.92625
-88.11685      45.92164
-88.10571      45.92197
-88.09804      45.92013
-88.09084      45.9153
-88.08891      45.90482
-88.09433      45.89664
-88.08881      45.88123
-88.08482      45.88043
-88.07996      45.88698
-88.07318      45.88351
-88.06794      45.87817
-88.06619      45.87089
-88.06584      45.86495
-88.07433      45.85874
-88.08082      45.8516
-88.0925       45.83874
-88.12358      45.82088
-88.12459      45.81604
-88.11772      45.80548
-88.10316      45.80041
-88.10131      45.79977
-88.08883      45.78845
-88.07864      45.78256
-88.06106      45.77895
-88.04729      45.7789
-88.03906      45.7833
-88.03554      45.78519
-88.02292      45.78807
-88.00526      45.78881
-87.99607      45.7941
-87.98799      45.79616
-87.98397      45.79468
-87.97276      45.77644
-87.97359      45.77389
-87.97867      45.77101
-87.95901      45.75965
-87.93763      45.75818
-87.91341      45.75863
-87.90391      45.75745
-87.89824      45.75676
-87.89348      45.75368
-87.88001      45.75291
-87.8729       45.7547
-87.84438      45.75434
-87.83358      45.74845
-87.83272      45.74503
-87.83825      45.7442
-87.85056      45.74753
-87.85442      45.7465
-87.85519      45.74259
-87.85078      45.72805
-87.82839      45.714
-87.80591      45.70979
-87.79942      45.70493
-87.7997       45.69804
-87.79588      45.69403
-87.78302      45.68612
-87.77648      45.68011
-87.77654      45.67744
-87.77658      45.67599
-87.78079      45.66923
-87.78491      45.66683
-87.79754      45.66466
-87.81356      45.6585
-87.81866      45.65012
-87.81686      45.64696
-87.80501      45.63972
-87.79454      45.62144
-87.7743       45.60985
-87.77214      45.5941
-87.77386      45.58351
-87.78553      45.56396
-87.79122      45.56061
-87.80032      45.55967
-87.81448      45.56204
-87.82096      45.56117
-87.82308      45.55814
-87.81923      45.55172
-87.80748      45.54734
-87.80197      45.54222
-87.80141      45.53786
-87.79917      45.52075
-87.77878      45.49954
-87.77428      45.48889
-87.77572      45.48542
-87.78284      45.48431
-87.78592      45.48102
-87.80126      45.47534
-87.80686      45.46442
-87.81975      45.45582
-87.82744      45.45333
-87.83933      45.44453
-87.84391      45.44363
-87.8461       45.4432
-87.84002      45.45115
-87.83635      45.4531
-87.81184      45.46612
-87.80587      45.47613
-87.79558      45.48466
-87.78529      45.48745
-87.78321      45.49118
-87.78408      45.49504
-87.79966      45.51181
-87.80877      45.54112
-87.82478      45.55328
-87.83107      45.55495
-87.83667      45.5619
-87.83622      45.56557
-87.83121      45.56938
-87.82173      45.56917
-87.79536      45.56462
-87.79029      45.5675
-87.77475      45.59881
-87.78         45.60649
-87.78478      45.61026
-87.79646      45.61475
-87.81168      45.63611
-87.82093      45.64387
-87.82536      45.65292
-87.82051      45.65992
-87.81406      45.66328
-87.80938      45.66572
-87.78754      45.67295
-87.78391      45.67855
-87.78978      45.68412
-87.79917      45.68844
-87.80894      45.70536
-87.81365      45.70775
-87.82485      45.70905
-87.84464      45.71768
-87.85621      45.72561
-87.86411      45.74395
-87.87012      45.74929
-87.88047      45.74946
-87.8879       45.74765
-87.89416      45.74839
-87.90323      45.75227
-87.95576      45.75447
-87.98566      45.76737
-87.98784      45.77097
-87.9826       45.77662
-87.98244      45.7796
-87.98683      45.78749
-87.99018      45.78855
-88.00269      45.78407
-88.0103       45.78335
-88.02029      45.78242
-88.04043      45.77359
-88.05131      45.77488
-88.06667      45.77398
-88.08706      45.78072
-88.09771      45.78888
-88.10413      45.79763
-88.11217      45.80037
-88.12373      45.80186
-88.13333      45.81418
-88.13357      45.81806
-88.12251      45.83053
 1 
 1             725           
1
 -9999.0   ,   9990.0
   7
 6 
-89.43303      45.92698
-89.4223       45.92856
-89.41714      45.92578
-89.41674      45.92099
-89.42366      45.92117
-89.43303      45.92698
 1 
 1             726           
1
 -9999.0   ,   9990.0
   7
 20 
-89.43458      45.92679
-89.43418      45.92548
-89.43718      45.92154
-89.44593      45.92004
-89.44948      45.9153
-89.44925      45.91256
-89.44257      45.90733
-89.44153      45.90279
-89.44313      45.89837
-89.45053      45.90036
-89.4518       45.90764
-89.45763      45.90672
-89.46406      45.90096
-89.47156      45.90019
-89.47371      45.9024
-89.46766      45.9086
-89.45565      45.91437
-89.45139      45.92234
-89.44702      45.92526
-89.43458      45.92679
 1 
 1             727           
1
 -9999.0   ,   9990.0
   7
 14 
-88.97889      45.89569
-88.98417      45.89595
-88.98691      45.90181
-89.0019       45.90883
-89.00184      45.91249
-88.99352      45.91967
-88.98714      45.9222
-88.97725      45.92188
-88.97458      45.91258
-88.96659      45.91127
-88.96276      45.90843
-88.96454      45.90584
-88.97127      45.90353
-88.97889      45.89569
 1 
 1             728           
1
 -9999.0   ,   9990.0
   7
 23 
-89.80191      45.89241
-89.81431      45.88774
-89.81766      45.89218
-89.82027      45.89184
-89.82511      45.88727
-89.82927      45.88594
-89.83299      45.88715
-89.83298      45.89059
-89.82239      45.89725
-89.81953      45.90196
-89.82099      45.90717
-89.81463      45.91685
-89.81008      45.91751
-89.80862      45.91597
-89.80889      45.9116
-89.8146       45.90562
-89.81333      45.90246
-89.80932      45.90172
-89.79984      45.90603
-89.79775      45.90475
-89.7974       45.90087
-89.80203      45.89745
-89.80191      45.89241
 1 
 1             729           
1
 -9999.0   ,   9990.0
   7
 15 
-86.96862      45.91374
-86.96692      45.91499
-86.96006      45.91582
-86.95029      45.90959
-86.94042      45.91734
-86.93763      45.91328
-86.94089      45.90428
-86.94539      45.90191
-86.94901      45.90206
-86.95504      45.90515
-86.95961      45.9046
-86.96026      45.90393
-86.96066      45.90239
-86.96119      45.90297
-86.96862      45.91374
 1 
 1             730           
1
 -9999.0   ,   9990.0
   7
 8 
-89.61489      45.9041
-89.626        45.90708
-89.6213       45.9098
-89.61844      45.91473
-89.60797      45.9154
-89.60081      45.90859
-89.60291      45.90621
-89.61489      45.9041
 1 
 1             731           
1
 -9999.0   ,   9990.0
   7
 13 
-89.99229      45.91314
-89.98905      45.90381
-89.98382      45.90061
-89.98176      45.89611
-89.98206      45.88876
-89.98575      45.87185
-89.99194      45.86056
-89.99481      45.85974
-89.99669      45.86929
-89.99069      45.87897
-89.98866      45.89259
-89.99494      45.90354
-89.99229      45.91314
 1 
 1             732           
1
 -9999.0   ,   9990.0
   7
 8 
-86.63871      45.8903
-86.65956      45.89521
-86.66226      45.89746
-86.65324      45.9118
-86.64703      45.9126
-86.64036      45.90973
-86.63492      45.89448
-86.63871      45.8903
 1 
 1             733           
1
 -9999.0   ,   9990.0
   7
 19 
-88.13401      45.88494
-88.14026      45.89049
-88.13902      45.89716
-88.14649      45.90106
-88.14698      45.9038
-88.14442      45.90479
-88.13842      45.90359
-88.1353       45.90621
-88.13041      45.90681
-88.12635      45.90487
-88.12359      45.89716
-88.11329      45.8954
-88.10918      45.89255
-88.11131      45.88973
-88.11392      45.88943
-88.11964      45.89155
-88.12487      45.89117
-88.12847      45.88557
-88.13401      45.88494
 1 
 1             734           
1
 -9999.0   ,   9990.0
   7
 32 
-87.06174      45.77394
-87.07557      45.78963
-87.09192      45.80248
-87.09658      45.80614
-87.09898      45.82395
-87.09364      45.84466
-87.09656      45.87506
-87.09893      45.87661
-87.11006      45.87569
-87.12167      45.87866
-87.12744      45.88335
-87.13492      45.89693
-87.13969      45.90095
-87.14899      45.90327
-87.14451      45.90588
-87.13567      45.90652
-87.12955      45.90162
-87.11764      45.88423
-87.1112       45.87956
-87.10776      45.88001
-87.09651      45.88147
-87.08946      45.87772
-87.08698      45.87319
-87.08893      45.86514
-87.08428      45.8483
-87.08444      45.83661
-87.09072      45.82252
-87.09126      45.81197
-87.08868      45.80538
-87.07318      45.79517
-87.06621      45.78524
-87.06174      45.77394
 1 
 1             735           
1
 -9999.0   ,   9990.0
   7
 14 
-89.51961      45.90097
-89.51096      45.89192
-89.51276      45.88612
-89.51689      45.88434
-89.51728      45.88112
-89.51361      45.87668
-89.51559      45.87293
-89.52029      45.87022
-89.52316      45.87698
-89.53401      45.87699
-89.53692      45.8803
-89.53644      45.88239
-89.52348      45.88843
-89.51961      45.90097
 1 
 1             736           
1
 -9999.0   ,   9990.0
   7
 93 
-89.6324       45.79904
-89.63246      45.80729
-89.64302      45.80799
-89.64655      45.81082
-89.63941      45.81938
-89.64264      45.82245
-89.64662      45.82297
-89.65302      45.82109
-89.65854      45.81643
-89.66189      45.81361
-89.66811      45.81335
-89.67308      45.81015
-89.68172      45.81139
-89.68633      45.81532
-89.67995      45.82109
-89.67876      45.83009
-89.68307      45.83426
-89.68484      45.83946
-89.68241      45.84552
-89.67071      45.85451
-89.66928      45.86053
-89.67191      45.86432
-89.6799       45.86558
-89.68832      45.8604
-89.69952      45.86084
-89.70526      45.85509
-89.70941      45.85377
-89.71482      45.86294
-89.72165      45.86299
-89.7255       45.8611
-89.72921      45.85475
-89.73704      45.85419
-89.74643      45.85997
-89.74599      45.86251
-89.73765      45.86471
-89.7403       45.86872
-89.73711      45.87344
-89.73289      45.87408
-89.72635      45.8707
-89.72297      45.87337
-89.7143       45.8719
-89.70941      45.87601
-89.7042       45.87669
-89.70181      45.86808
-89.69838      45.8664
-89.6916       45.86783
-89.68885      45.87024
-89.68929      45.87894
-89.68457      45.88143
-89.68064      45.87403
-89.67638      45.87421
-89.6679       45.87113
-89.66072      45.87322
-89.65957      45.87355
-89.64616      45.88192
-89.64289      45.88962
-89.63626      45.89655
-89.63081      45.89816
-89.62862      45.89183
-89.62448      45.89338
-89.62014      45.89265
-89.61585      45.89627
-89.60932      45.89677
-89.60883      45.89106
-89.61582      45.88824
-89.63148      45.8869
-89.64551      45.87438
-89.65405      45.87058
-89.65904      45.86372
-89.65338      45.85525
-89.65528      45.85081
-89.65814      45.85272
-89.65947      45.85361
-89.66341      45.85367
-89.66631      45.84919
-89.67778      45.84136
-89.67695      45.83934
-89.67132      45.83889
-89.66649      45.83245
-89.65697      45.83239
-89.64675      45.83581
-89.63831      45.83685
-89.63468      45.83288
-89.63062      45.82021
-89.61405      45.81839
-89.60626      45.8155
-89.60301      45.8122
-89.60786      45.81131
-89.61985      45.81333
-89.62292      45.8109
-89.62162      45.80339
-89.6259       45.79977
-89.6324       45.79904
 1 
 1             737           
1
 -9999.0   ,   9990.0
   7
 17 
-89.38766      45.8715
-89.39329      45.87998
-89.3989       45.88021
-89.40281      45.88373
-89.41822      45.88333
-89.42028      45.8844
-89.42029      45.89242
-89.40965      45.89101
-89.40404      45.89467
-89.39654      45.89544
-89.39538      45.89319
-89.39891      45.88824
-89.39706      45.88579
-89.38626      45.88233
-89.38296      45.8781
-89.38456      45.87368
-89.38766      45.8715
 1 
 1             738           
1
 -9999.0   ,   9990.0
   7
 16 
-89.90129      45.84675
-89.90785      45.84669
-89.90921      45.85075
-89.90814      45.85332
-89.89861      45.86063
-89.89291      45.87005
-89.88907      45.87848
-89.88806      45.89252
-89.88482      45.89312
-89.8813       45.87974
-89.87296      45.87484
-89.87494      45.87131
-89.88116      45.86737
-89.88385      45.86083
-89.89478      45.85461
-89.90129      45.84675
 1 
 1             739           
1
 -9999.0   ,   9990.0
   7
 6 
-89.44783      45.88373
-89.45172      45.87922
-89.46195      45.88082
-89.46207      45.88146
-89.45698      45.88314
-89.44783      45.88373
 1 
 1             740           
1
 -9999.0   ,   9990.0
   7
 20 
-89.61536      45.8525
-89.62068      45.85319
-89.62269      45.86136
-89.62722      45.86437
-89.63502      45.86336
-89.63622      45.86583
-89.63316      45.86848
-89.6196       45.87112
-89.61721      45.87397
-89.62017      45.87775
-89.61948      45.88121
-89.61214      45.87992
-89.60978      45.87543
-89.60531      45.8731
-89.6038       45.87087
-89.60568      45.86597
-89.59993      45.86025
-89.60129      45.85699
-89.61021      45.85753
-89.61536      45.8525
 1 
 1             741           
1
 -9999.0   ,   9990.0
   7
 36 
-89.46337      45.88104
-89.4817       45.87227
-89.48464      45.86873
-89.49392      45.85755
-89.49699      45.851
-89.49332      45.84657
-89.49161      45.83792
-89.48653      45.83607
-89.48465      45.83317
-89.48303      45.82567
-89.47289      45.82609
-89.46908      45.82372
-89.47151      45.82133
-89.48157      45.82
-89.48498      45.81756
-89.48921      45.81716
-89.49641      45.83246
-89.50241      45.83748
-89.50664      45.83708
-89.50934      45.83399
-89.51659      45.83438
-89.52158      45.83119
-89.53755      45.82984
-89.53854      45.83759
-89.53587      45.84091
-89.52177      45.84884
-89.52294      45.85108
-89.52759      45.85181
-89.53112      45.85464
-89.53066      45.85695
-89.52214      45.86487
-89.51147      45.86302
-89.50515      45.86993
-89.49802      45.87114
-89.49109      45.87853
-89.46337      45.88104
 1 
 1             742           
1
 -9999.0   ,   9990.0
   7
 91 
-89.12349      45.74406
-89.12496      45.74607
-89.12328      45.7498
-89.12926      45.75507
-89.1278       45.75742
-89.12221      45.75717
-89.11618      45.76382
-89.10698      45.76371
-89.10522      45.7663
-89.10819      45.77227
-89.11026      45.77642
-89.10924      45.78013
-89.10271      45.78473
-89.09911      45.79335
-89.10194      45.79599
-89.11082      45.79634
-89.11664      45.80369
-89.12486      45.80819
-89.11442      45.82164
-89.11671      45.82569
-89.12088      45.82438
-89.12538      45.81894
-89.13025      45.8183
-89.13074      45.82469
-89.13571      45.82932
-89.14217      45.83229
-89.14766      45.83116
-89.14968      45.82764
-89.14811      45.82426
-89.13787      45.82351
-89.1355       45.81833
-89.13672      45.81559
-89.13802      45.81273
-89.14594      45.81334
-89.15272      45.80781
-89.15916      45.80619
-89.16009      45.80959
-89.15272      45.81607
-89.15299      45.81949
-89.16356      45.82046
-89.16499      45.82201
-89.16136      45.82582
-89.16062      45.83318
-89.15739      45.83812
-89.14608      45.84451
-89.14284      45.84922
-89.14086      45.85755
-89.14481      45.86611
-89.13938      45.8764
-89.13547      45.87678
-89.12905      45.87037
-89.12982      45.86759
-89.13512      45.86396
-89.13434      45.86312
-89.12974      45.8582
-89.13711      45.83889
-89.13049      45.8341
-89.12005      45.8306
-89.10985      45.8303
-89.10066      45.83455
-89.09914      45.82772
-89.08889      45.83522
-89.08172      45.84443
-89.07491      45.84537
-89.07176      45.84297
-89.08095      45.83437
-89.09163      45.81541
-89.09625      45.81414
-89.09741      45.81381
-89.10232      45.81798
-89.10691      45.8178
-89.10937      45.81565
-89.11098      45.81101
-89.10819      45.80882
-89.09648      45.81018
-89.09072      45.80788
-89.08711      45.80366
-89.08714      45.79976
-89.09478      45.78388
-89.09466      45.77816
-89.0997       45.77132
-89.09848      45.76816
-89.09613      45.76756
-89.0902       45.77145
-89.08801      45.76855
-89.08969      45.76482
-89.09959      45.76147
-89.10514      45.7569
-89.10702      45.7472
-89.11493      45.74782
-89.12349      45.74406
 1 
 1             743           
1
 -9999.0   ,   9990.0
   7
 23 
-89.38664      45.86695
-89.37722      45.86579
-89.37402      45.8654
-89.37226      45.86386
-89.37452      45.85942
-89.37123      45.8474
-89.37313      45.84251
-89.37928      45.84135
-89.385        45.84318
-89.38924      45.84278
-89.39296      45.84011
-89.39583      45.83105
-89.39938      45.83045
-89.39921      45.84421
-89.39375      45.8497
-89.38528      45.8505
-89.38258      45.85359
-89.3902       45.85833
-89.39859      45.86051
-89.40804      45.85967
-89.40991      45.86235
-89.40763      45.86656
-89.38664      45.86695
 1 
 1             744           
1
 -9999.0   ,   9990.0
   7
 9 
-89.25354      45.82523
-89.25543      45.82837
-89.24886      45.84054
-89.24358      45.84442
-89.23406      45.84433
-89.23148      45.84077
-89.23616      45.82958
-89.24116      45.8264
-89.25354      45.82523
 1 
 1             745           
1
 -9999.0   ,   9990.0
   7
 17 
-89.20695      45.76745
-89.21646      45.77166
-89.22431      45.77136
-89.22647      45.77379
-89.22162      45.79117
-89.21881      45.79289
-89.21353      45.79264
-89.21168      45.79821
-89.20827      45.80063
-89.20067      45.80001
-89.19308      45.79526
-89.18975      45.79058
-89.19171      45.78614
-89.20135      45.77958
-89.19999      45.77482
-89.20308      45.76828
-89.20695      45.76745
 1 
 1             746           
1
 -9999.0   ,   9990.0
   7
 15 
-89.52911      45.77287
-89.52726      45.77043
-89.52363      45.77012
-89.51924      45.77259
-89.50511      45.77225
-89.50248      45.76824
-89.50879      45.76156
-89.51769      45.76189
-89.52254      45.76512
-89.52614      45.76497
-89.52989      45.76275
-89.53481      45.76277
-89.53799      45.76539
-89.53782      45.77113
-89.52911      45.77287
 1 
 1             747           
1
 -9999.0   ,   9990.0
   7
 60 
-89.84889      45.7578
-89.85261      45.75534
-89.86192      45.75676
-89.86598      45.75452
-89.8695       45.74266
-89.86518      45.73483
-89.86628      45.73249
-89.87622      45.73365
-89.87766      45.73863
-89.88142      45.7403
-89.88381      45.72689
-89.87341      45.72071
-89.86688      45.721
-89.85972      45.72521
-89.85451      45.72567
-89.84624      45.72122
-89.84281      45.71587
-89.84844      45.70553
-89.84851      45.6991
-89.84731      45.69663
-89.84421      45.69509
-89.83804      45.692
-89.83538      45.68065
-89.8321       45.67689
-89.84305      45.67847
-89.84693      45.68518
-89.85656      45.69026
-89.86186      45.69095
-89.87711      45.68935
-89.88681      45.69511
-89.89336      45.69504
-89.90121      45.69126
-89.90673      45.69078
-89.91132      45.69791
-89.92341      45.70471
-89.92662      45.70411
-89.93175      45.69562
-89.93519      45.69386
-89.93843      45.69348
-89.9494       45.69873
-89.94512      45.70212
-89.93708      45.70364
-89.93519      45.71207
-89.93336      45.72032
-89.92862      45.72236
-89.91628      45.71283
-89.90079      45.70825
-89.89432      45.70922
-89.89176      45.71347
-89.89336      45.7166
-89.89987      45.71976
-89.90141      45.72588
-89.89822      45.73405
-89.90071      45.75045
-89.89246      45.75724
-89.88109      45.75844
-89.86511      45.76304
-89.85576      45.76117
-89.85126      45.75896
-89.84889      45.7578
 1 
 1             748           
1
 -9999.0   ,   9990.0
   7
 15 
-84.42645      45.73564
-84.43462      45.73954
-84.44051      45.74047
-84.44608      45.73727
-84.46571      45.73662
-84.46899      45.73777
-84.4693       45.74166
-84.46537      45.74279
-84.46176      45.7476
-84.45651      45.74851
-84.44245      45.74459
-84.43329      45.7448
-84.42871      45.74342
-84.42383      45.73815
-84.42645      45.73564
 1 
 1             749           
1
 -9999.0   ,   9990.0
   7
 7 
-84.77851      45.728
-84.77591      45.73464
-84.76121      45.7461
-84.75598      45.74678
-84.75432      45.73557
-84.75856      45.73099
-84.77851      45.728
 1 
 1             750           
1
 -9999.0   ,   9990.0
   7
 9 
-84.4029       45.73398
-84.41206      45.734
-84.41533      45.73561
-84.4189       45.74249
-84.41824      45.74477
-84.41365      45.74545
-84.40711      45.74338
-84.40321      45.73994
-84.4029       45.73398
 1 
 1             751           
1
 -9999.0   ,   9990.0
   7
 6 
-89.68162      45.72402
-89.68594      45.72843
-89.68396      45.73195
-89.67718      45.73316
-89.67197      45.72971
-89.68162      45.72402
 1 
 1             752           
1
 -9999.0   ,   9990.0
   7
 46 
-89.41076      45.63878
-89.415        45.63861
-89.42018      45.64183
-89.42162      45.64197
-89.43338      45.64313
-89.43988      45.64653
-89.44298      45.65237
-89.44241      45.66133
-89.44509      45.66994
-89.45474      45.68353
-89.45998      45.68745
-89.47408      45.69168
-89.47871      45.68828
-89.48232      45.68836
-89.4852       45.69535
-89.49066      45.69788
-89.51636      45.73075
-89.51044      45.73053
-89.50176      45.72471
-89.48516      45.70268
-89.47963      45.69925
-89.46969      45.69782
-89.44686      45.68729
-89.43974      45.67635
-89.43604      45.65487
-89.43594      45.65426
-89.43198      45.65007
-89.42437      45.649
-89.42262      45.65159
-89.42503      45.657
-89.42208      45.66079
-89.41752      45.6612
-89.41158      45.65663
-89.4058       45.65801
-89.39659      45.65746
-89.38945      45.66211
-89.39466      45.6658
-89.40222      45.66618
-89.40667      45.66852
-89.40514      45.66973
-89.38916      45.6706
-89.38205      45.66768
-89.37914      45.66413
-89.37878      45.65979
-89.41041      45.64636
-89.41076      45.63878
 1 
 1             753           
1
 -9999.0   ,   9990.0
   7
 14 
-88.98552      45.65708
-88.98763      45.65906
-88.9894       45.66954
-88.98385      45.67846
-88.98241      45.68539
-88.97847      45.68965
-88.97428      45.6905
-88.97088      45.68879
-88.96849      45.67879
-88.96001      45.66604
-88.96042      45.66282
-88.96408      45.65925
-88.96858      45.65816
-88.98552      45.65708
 1 
 1             754           
1
 -9999.0   ,   9990.0
   7
 18 
-84.77317      45.68016
-84.77416      45.68405
-84.77122      45.68772
-84.76534      45.68841
-84.75716      45.68682
-84.74017      45.6882
-84.73068      45.6857
-84.72251      45.6802
-84.72118      45.6738
-84.72805      45.67356
-84.73296      45.67539
-84.73688      45.67424
-84.73359      45.66875
-84.73424      45.66371
-84.74012      45.66279
-84.75615      45.66965
-84.76204      45.6756
-84.77317      45.68016
 1 
 1             755           
1
 -9999.0   ,   9990.0
   7
 10 
-88.99281      45.6018
-88.99938      45.60224
-89.00319      45.60508
-89.00175      45.60765
-88.99245      45.61006
-88.97884      45.61606
-88.97156      45.61496
-88.97697      45.60857
-88.98086      45.6082
-88.99281      45.6018
 1 
 1             756           
1
 -9999.0   ,   9990.0
   7
 8 
-84.91724      45.59271
-84.92506      45.58834
-84.9293       45.58879
-84.93654      45.59953
-84.93493      45.60457
-84.91794      45.60324
-84.91434      45.59867
-84.91724      45.59271
 1 
 1             757           
1
 -9999.0   ,   9990.0
   7
 10 
-89.80916      45.59992
-89.8048       45.5914
-89.80521      45.58863
-89.80773      45.5876
-89.8085       45.5816
-89.81137      45.58079
-89.82068      45.58978
-89.82024      45.5921
-89.81579      45.59367
-89.80916      45.59992
 1 
 1             758           
1
 -9999.0   ,   9990.0
   7
 23 
-84.72169      45.56896
-84.71942      45.57468
-84.72368      45.58475
-84.71912      45.59368
-84.7152       45.59483
-84.71128      45.59231
-84.70896      45.5928
-84.70476      45.59369
-84.69202      45.58934
-84.68842      45.58316
-84.67798      45.58042
-84.66852      45.57332
-84.66264      45.57241
-84.65416      45.57814
-84.64992      45.57859
-84.64698      45.57676
-84.65546      45.56761
-84.65872      45.55936
-84.66264      45.55593
-84.66655      45.5557
-84.67406      45.56234
-84.70244      45.56164
-84.72169      45.56896
 1 
 1             759           
1
 -9999.0   ,   9990.0
   7
 9 
-88.99741      45.57183
-89.00304      45.57276
-89.00488      45.57545
-89.0022       45.57899
-88.99181      45.58418
-88.98498      45.58467
-88.98318      45.58244
-88.98428      45.57965
-88.99741      45.57183
 1 
 1             760           
1
 -9999.0   ,   9990.0
   7
 134 
-89.80062      45.56292
-89.79559      45.56153
-89.78958      45.55629
-89.78298      45.55566
-89.77311      45.56228
-89.7688       45.56155
-89.76129      45.55431
-89.75279      45.55422
-89.74973      45.55665
-89.74877      45.56059
-89.75062      45.5667
-89.74825      45.57323
-89.73587      45.55867
-89.73656      45.5703
-89.7349       45.57381
-89.73088      45.5726
-89.72921      45.56855
-89.72179      45.56589
-89.72006      45.56115
-89.71728      45.55921
-89.71237      45.55919
-89.7109       45.56109
-89.71523      45.56571
-89.71093      45.56888
-89.70309      45.56899
-89.69419      45.56433
-89.68712      45.55454
-89.67697      45.55429
-89.66932      45.55645
-89.67031      45.54907
-89.66731      45.54461
-89.66814      45.54297
-89.67568      45.54311
-89.67811      45.53727
-89.68179      45.53826
-89.68499      45.545
-89.68726      45.54436
-89.68786      45.54419
-89.69116      45.53717
-89.69494      45.5393
-89.69722      45.54677
-89.7005       45.55053
-89.70723      45.55276
-89.7147       45.55221
-89.71972      45.54993
-89.72318      45.54083
-89.73656      45.54071
-89.73881      45.53281
-89.73606      45.52009
-89.72556      45.50839
-89.72904      45.49975
-89.73314      45.4982
-89.74041      45.49169
-89.74514      45.47864
-89.74264      45.47623
-89.736        45.47491
-89.71936      45.47494
-89.70689      45.48167
-89.69379      45.48109
-89.68876      45.48337
-89.68419      45.48334
-89.67257      45.48109
-89.67069      45.48575
-89.66681      45.48615
-89.66457      45.47913
-89.65963      45.47866
-89.65472      45.48231
-89.64641      45.48427
-89.64245      45.48375
-89.63218      45.47823
-89.6286       45.47838
-89.62584      45.48423
-89.62762      45.48966
-89.62344      45.49419
-89.61998      45.48815
-89.60441      45.48927
-89.59641      45.48364
-89.59549      45.48047
-89.59602      45.47907
-89.60289      45.47924
-89.60739      45.48226
-89.62015      45.47874
-89.62393      45.46963
-89.62849      45.46944
-89.63464      45.47262
-89.63892      45.47312
-89.6416       45.47466
-89.6475       45.47803
-89.65285      45.47574
-89.6589       45.47021
-89.66378      45.47
-89.67774      45.47674
-89.68332      45.47719
-89.69219      45.47405
-89.70402      45.47492
-89.7112       45.47117
-89.71666      45.47024
-89.72489      45.47103
-89.73613      45.46894
-89.74771      45.47073
-89.75112      45.46874
-89.74783      45.46475
-89.72338      45.44633
-89.72145      45.44297
-89.72261      45.43764
-89.72804      45.43993
-89.72981      45.44536
-89.74863      45.45532
-89.76455      45.47298
-89.76912      45.47301
-89.77221      45.47103
-89.77778      45.47125
-89.78259      45.47402
-89.79082      45.47481
-89.79443      45.47878
-89.78651      45.48142
-89.77623      45.47958
-89.76119      45.47932
-89.75919      45.47998
-89.75485      45.48142
-89.74974      45.49381
-89.73776      45.50236
-89.7343       45.50755
-89.73452      45.51007
-89.74185      45.51547
-89.74543      45.54124
-89.75388      45.54065
-89.76376      45.54893
-89.77141      45.54676
-89.77832      45.54738
-89.78826      45.54511
-89.79162      45.54633
-89.80202      45.56033
-89.80062      45.56292
 1 
 1             761           
1
 -9999.0   ,   9990.0
   7
 9 
-88.69372      45.56458
-88.69546      45.56612
-88.6943       45.56823
-88.68548      45.57289
-88.68154      45.57257
-88.67775      45.56972
-88.67346      45.55978
-88.68327      45.5599
-88.69372      45.56458
 1 
 1             762           
1
 -9999.0   ,   9990.0
   7
 51 
-84.48253      45.57138
-84.46204      45.5528
-84.46076      45.54456
-84.46506      45.52328
-84.46346      45.51343
-84.47196      45.5052
-84.47815      45.50659
-84.47785      45.49605
-84.48405      45.49332
-84.48991      45.49309
-84.49675      45.49791
-84.51338      45.49335
-84.51535      45.48488
-84.51926      45.48123
-84.52611      45.48054
-84.53198      45.47437
-84.53655      45.47232
-84.54567      45.47279
-84.54829      45.46638
-84.54601      45.46019
-84.53822      45.45126
-84.53758      45.44668
-84.53921      45.44485
-84.54441      45.4444
-84.5506       45.44761
-84.55322      45.4309
-84.5659       45.44121
-84.57242      45.44167
-84.57731      45.43366
-84.58611      45.42634
-84.5887       45.43344
-84.57794      45.44831
-84.57729      45.45335
-84.58119      45.45839
-84.58704      45.46205
-84.58932      45.46847
-84.58801      45.47282
-84.57661      45.48013
-84.5541       45.49958
-84.54887      45.50896
-84.54071      45.51444
-84.53678      45.52383
-84.52908      45.53317
-84.52207      45.54167
-84.51945      45.55197
-84.5165       45.55585
-84.50411      45.55675
-84.50082      45.56408
-84.49756      45.5659
-84.49037      45.56681
-84.48253      45.57138
 1 
 1             763           
1
 -9999.0   ,   9990.0
   7
 12 
-88.77486      45.53907
-88.7765       45.5436
-88.77453      45.54801
-88.77516      45.55235
-88.77952      45.55403
-88.78169      45.55693
-88.77966      45.56044
-88.77609      45.5608
-88.76909      45.55875
-88.76169      45.55122
-88.76826      45.54709
-88.77486      45.53907
 1 
 1             764           
1
 -9999.0   ,   9990.0
   7
 10 
-88.89849      45.51517
-88.91362      45.52562
-88.91538      45.5361
-88.90802      45.5515
-88.90252      45.55216
-88.89732      45.54799
-88.88845      45.52951
-88.88878      45.52514
-88.8938       45.51786
-88.89849      45.51517
 1 
 1             765           
1
 -9999.0   ,   9990.0
   7
 12 
-88.84342      45.49835
-88.84496      45.50151
-88.84329      45.51005
-88.85052      45.53317
-88.84719      45.54131
-88.84338      45.54282
-88.84071      45.53742
-88.84123      45.53121
-88.83366      45.51222
-88.83454      45.50646
-88.83954      45.49895
-88.84342      45.49835
 1 
 1             766           
1
 -9999.0   ,   9990.0
   7
 10 
-84.39496      45.52475
-84.40862      45.53256
-84.40894      45.5353
-84.39688      45.53322
-84.39136      45.52772
-84.38129      45.52129
-84.37869      45.5183
-84.38033      45.51602
-84.38554      45.51671
-84.39496      45.52475
 1 
 1             767           
1
 -9999.0   ,   9990.0
   7
 46 
-84.72448      45.4625
-84.72286      45.468
-84.71895      45.46869
-84.71081      45.46664
-84.70429      45.46755
-84.70071      45.47076
-84.7043       45.47419
-84.70039      45.47694
-84.69062      45.47809
-84.67987      45.47008
-84.67336      45.46871
-84.66848      45.47169
-84.66684      45.47695
-84.67011      45.48382
-84.68346      45.49297
-84.6939       45.5051
-84.68251      45.52846
-84.67762      45.53166
-84.65839      45.53189
-84.65415      45.528
-84.64661      45.51104
-84.64176      45.50831
-84.63165      45.50923
-84.62872      45.50442
-84.63166      45.49435
-84.63036      45.46115
-84.62451      45.45612
-84.62385      45.45222
-84.63427      45.43963
-84.63818      45.4314
-84.63752      45.42452
-84.63232      45.41651
-84.61768      45.40392
-84.62159      45.40277
-84.62712      45.40026
-84.63492      45.39957
-84.65054      45.40095
-84.66518      45.40484
-84.67007      45.41285
-84.68114      45.42383
-84.68994      45.44123
-84.69678      45.44374
-84.7059       45.45175
-84.71763      45.45244
-84.71926      45.4593
-84.72448      45.4625
 1 
 1             768           
1
 -9999.0   ,   9990.0
   7
 28 
-89.1977       45.52181
-89.19496      45.52009
-89.19321      45.51443
-89.19546      45.50998
-89.19509      45.50518
-89.19091      45.50603
-89.18579      45.51563
-89.18288      45.51597
-89.18278      45.51248
-89.18269      45.50933
-89.18019      45.50667
-89.16542      45.50977
-89.15854      45.50957
-89.15598      45.50601
-89.15858      45.50155
-89.18137      45.48416
-89.18594      45.48421
-89.19333      45.48691
-89.19934      45.49287
-89.20851      45.4932
-89.21364      45.49621
-89.22279      45.49631
-89.22452      45.49761
-89.22618      45.50213
-89.22445      45.50908
-89.21984      45.51271
-89.20344      45.51586
-89.1977       45.52181
 1 
 1             769           
1
 -9999.0   ,   9990.0
   7
 24 
-84.29783      45.46589
-84.30172      45.46957
-84.30921      45.46913
-84.31213      45.4712
-84.31919      45.49068
-84.31235      45.49089
-84.30776      45.49591
-84.29471      45.49724
-84.28689      45.49699
-84.27098      45.48939
-84.24696      45.47558
-84.23918      45.4689
-84.22297      45.45923
-84.21878      45.45464
-84.2137       45.43516
-84.2222       45.43084
-84.23946      45.42999
-84.24699      45.42292
-84.2522       45.42248
-84.26781      45.42482
-84.27624      45.42828
-84.28952      45.43954
-84.29394      45.46267
-84.29783      45.46589
 1 
 1             770           
1
 -9999.0   ,   9990.0
   7
 28 
-89.08166      45.43067
-89.08503      45.42778
-89.08687      45.42198
-89.08407      45.41521
-89.07705      45.41295
-89.07552      45.41003
-89.07668      45.40815
-89.08639      45.40732
-89.08916      45.41365
-89.09572      45.41843
-89.09698      45.42206
-89.08399      45.43974
-89.08291      45.44689
-89.08539      45.45368
-89.09004      45.45487
-89.09137      45.45941
-89.08576      45.46696
-89.08884      45.47739
-89.09459      45.48015
-89.09289      45.48342
-89.08249      45.47969
-89.07847      45.47411
-89.07598      45.4671
-89.07793      45.45854
-89.07048      45.45058
-89.07046      45.44622
-89.07592      45.44074
-89.08166      45.43067
 1 
 1             771           
1
 -9999.0   ,   9990.0
   7
 12 
-89.23469      45.45709
-89.22905      45.45594
-89.22577      45.45148
-89.21789      45.45087
-89.21536      45.44776
-89.21774      45.44491
-89.23058      45.44235
-89.23615      45.44672
-89.24318      45.44897
-89.24636      45.45205
-89.24334      45.45515
-89.23469      45.45709
 1 
 1             772           
1
 -9999.0   ,   9990.0
   7
 148 
-89.72327      45.43395
-89.71669      45.43331
-89.70608      45.42758
-89.69439      45.42441
-89.69107      45.41997
-89.69936      45.3992
-89.69928      45.39438
-89.69151      45.39128
-89.6909       45.38809
-89.70111      45.38559
-89.71484      45.3749
-89.71939      45.3681
-89.71974      45.36758
-89.72159      45.35145
-89.72432      45.34559
-89.74809      45.33813
-89.75552      45.33368
-89.75931      45.32503
-89.77154      45.316
-89.78644      45.28943
-89.78622      45.26489
-89.78778      45.26196
-89.79375      45.25079
-89.79518      45.23765
-89.7899       45.22206
-89.78432      45.21405
-89.77506      45.20849
-89.76079      45.20888
-89.75471      45.20617
-89.74296      45.19063
-89.74417      45.18598
-89.74124      45.18221
-89.73423      45.18
-89.71512      45.1806
-89.70796      45.17655
-89.70181      45.17315
-89.68508      45.17479
-89.6756       45.17406
-89.66767      45.17256
-89.65516      45.16668
-89.64834      45.15917
-89.64364      45.14607
-89.63932      45.14098
-89.62455      45.13519
-89.62345      45.13256
-89.62594      45.10766
-89.62546      45.09661
-89.63341      45.08709
-89.62628      45.0796
-89.62656      45.07523
-89.63275      45.06808
-89.64611      45.0425
-89.65462      45.03594
-89.65859      45.02935
-89.65318      45.02293
-89.63416      45.02008
-89.62932      45.01661
-89.62175      45.00527
-89.61822      45
-89.62508      45
-89.63         45.00803
-89.63401      45.01457
-89.63808      45.0167
-89.65479      45.01896
-89.66413      45.0298
-89.6638       45.03348
-89.63527      45.07096
-89.63382      45.07675
-89.63759      45.07912
-89.63959      45.08362
-89.63854      45.09031
-89.63443      45.09531
-89.63123      45.10711
-89.63174      45.11257
-89.63475      45.118
-89.62953      45.12901
-89.63142      45.13214
-89.64222      45.13328
-89.64775      45.13718
-89.65393      45.15617
-89.65966      45.15868
-89.66464      45.16374
-89.67944      45.16976
-89.70619      45.16745
-89.71684      45.1741
-89.72953      45.17447
-89.74405      45.17908
-89.74857      45.18052
-89.75059      45.19259
-89.75714      45.20056
-89.76529      45.20456
-89.77759      45.20402
-89.78408      45.20763
-89.79399      45.21683
-89.80271      45.2419
-89.80044      45.25302
-89.79142      45.26489
-89.79549      45.28205
-89.7842       45.312
-89.77928      45.31887
-89.7675       45.32925
-89.76113      45.33825
-89.75119      45.34373
-89.73341      45.34519
-89.72996      45.34672
-89.72762      45.35347
-89.7296       45.36486
-89.72802      45.37295
-89.7173       45.38338
-89.71271      45.38784
-89.70311      45.40477
-89.69773      45.41785
-89.69887      45.41963
-89.70814      45.4213
-89.71836      45.42636
-89.74094      45.43088
-89.75464      45.43098
-89.75791      45.43474
-89.76536      45.43785
-89.77555      45.43878
-89.78416      45.43656
-89.79626      45.43695
-89.80211      45.42935
-89.80674      45.43006
-89.80906      45.43409
-89.81718      45.4374
-89.86559      45.43893
-89.89036      45.43506
-89.89601      45.43619
-89.89424      45.43833
-89.87572      45.44398
-89.84068      45.44485
-89.83629      45.44688
-89.83527      45.45358
-89.83166      45.45351
-89.82894      45.44858
-89.81806      45.44356
-89.81278      45.44287
-89.80836      45.44467
-89.79931      45.44553
-89.79155      45.44266
-89.78558      45.44522
-89.76541      45.44587
-89.75248      45.43978
-89.73985      45.44079
-89.73382      45.43532
-89.72909      45.43346
-89.72327      45.43395
 1 
 1             773           
1
 -9999.0   ,   9990.0
   7
 32 
-87.84893      45.44129
-87.8482       45.44035
-87.84682      45.43859
-87.85358      45.43108
-87.85416      45.42396
-87.84427      45.40407
-87.84464      45.39902
-87.84834      45.39525
-87.85296      45.38459
-87.86578      45.3753
-87.86923      45.36695
-87.87503      45.36015
-87.8784       45.35639
-87.87694      45.35345
-87.87234      45.35199
-87.86965      45.35113
-87.87669      45.34911
-87.88355      45.3496
-87.88706      45.35409
-87.88624      45.35709
-87.88094      45.36145
-87.87242      45.37168
-87.86878      45.38232
-87.86021      45.38622
-87.858        45.39338
-87.85098      45.40183
-87.85192      45.40707
-87.85909      45.41901
-87.86144      45.43201
-87.85883      45.43781
-87.85534      45.43951
-87.84893      45.44129
 1 
 1             774           
1
 -9999.0   ,   9990.0
   7
 9 
-88.93176      45.4179
-88.93966      45.42335
-88.95246      45.42884
-88.95471      45.43288
-88.95281      45.43799
-88.94629      45.438
-88.93609      45.43242
-88.93111      45.42664
-88.93176      45.4179
 1 
 1             775           
1
 -9999.0   ,   9990.0
   7
 21 
-87.81116      45.40589
-87.81576      45.40668
-87.81734      45.4119
-87.82001      45.41297
-87.82779      45.41231
-87.83599      45.41346
-87.83877      45.41659
-87.83702      45.42031
-87.83124      45.42183
-87.82758      45.42629
-87.82404      45.42707
-87.81802      45.42426
-87.80437      45.42462
-87.79677      45.42277
-87.79467      45.42008
-87.79586      45.41798
-87.80556      45.41658
-87.80644      45.41495
-87.80161      45.41004
-87.80501      45.40674
-87.81116      45.40589
 1 
 1             776           
1
 -9999.0   ,   9990.0
   7
 17 
-84.79078      45.4075
-84.80019      45.40062
-84.81191      45.39992
-84.81773      45.39144
-84.82163      45.38914
-84.82748      45.38983
-84.83956      45.39873
-84.8412       45.40583
-84.85195      45.40947
-84.84741      45.4136
-84.82789      45.41477
-84.82203      45.41318
-84.79502      45.41345
-84.78236      45.42377
-84.78396      45.41323
-84.78688      45.40911
-84.79078      45.4075
 1 
 1             777           
1
 -9999.0   ,   9990.0
   7
 15 
-88.92552      45.39956
-88.92218      45.4022
-88.91345      45.39932
-88.90148      45.3915
-88.88986      45.39307
-88.88322      45.39125
-88.88304      45.38438
-88.88645      45.3776
-88.89891      45.37875
-88.90323      45.38433
-88.90826      45.38621
-88.9187       45.38652
-88.92276      45.38866
-88.92668      45.38875
-88.92552      45.39956
 1 
 1             778           
1
 -9999.0   ,   9990.0
   7
 12 
-84.73673      45.38718
-84.74973      45.38007
-84.75754      45.38075
-84.7634       45.38486
-84.77316      45.38486
-84.77641      45.38691
-84.78166      45.40179
-84.77548      45.40179
-84.75594      45.39266
-84.74618      45.39381
-84.74064      45.39267
-84.73673      45.38718
 1 
 1             779           
1
 -9999.0   ,   9990.0
   7
 7 
-87.47154      45.39807
-87.46969      45.39354
-87.47263      45.38728
-87.48304      45.38039
-87.48642      45.38305
-87.48666      45.38786
-87.47154      45.39807
 1 
 1             780           
1
 -9999.0   ,   9990.0
   7
 22 
-87.67053      45.37524
-87.68521      45.38196
-87.69079      45.38296
-87.70728      45.37474
-87.73562      45.35086
-87.74532      45.34991
-87.75227      45.34583
-87.7685       45.3454
-87.81301      45.35071
-87.80859      45.35144
-87.80636      45.35174
-87.79366      45.35343
-87.76711      45.34956
-87.75735      45.34959
-87.73922      45.3574
-87.72656      45.37011
-87.69727      45.38852
-87.69046      45.38915
-87.67987      45.38576
-87.66972      45.37823
-87.67026      45.37621
-87.67053      45.37524
 1 
 1             781           
1
 -9999.0   ,   9990.0
   7
 9 
-84.29779      45.36218
-84.31852      45.37553
-84.32502      45.37577
-84.32761      45.37944
-84.32626      45.38814
-84.31394      45.38169
-84.3052       45.37434
-84.29648      45.3647
-84.29779      45.36218
 1 
 1             782           
1
 -9999.0   ,   9990.0
   7
 13 
-87.48178      45.37446
-87.47994      45.37016
-87.48462      45.35973
-87.49122      45.35476
-87.49868      45.35435
-87.50249      45.35907
-87.49928      45.36648
-87.50039      45.36943
-87.50304      45.37028
-87.49875      45.37565
-87.49388      45.37577
-87.48845      45.37132
-87.48178      45.37446
 1 
 1             783           
1
 -9999.0   ,   9990.0
   7
 60 
-87.64352      45.34981
-87.64525      45.33304
-87.68471      45.29193
-87.6886       45.28612
-87.69858      45.27118
-87.70701      45.2524
-87.70796      45.23978
-87.71088      45.23351
-87.71964      45.22732
-87.72108      45.21148
-87.73409      45.19991
-87.73509      45.18797
-87.72978      45.17367
-87.72605      45.17026
-87.72467      45.16899
-87.71079      45.16386
-87.67471      45.1373
-87.66818      45.12373
-87.65818      45.11849
-87.65187      45.10926
-87.64139      45.10701
-87.62714      45.10073
-87.61709      45.10053
-87.60398      45.09743
-87.59462      45.09769
-87.59759      45.09278
-87.60896      45.0934
-87.62045      45.09655
-87.6318       45.09672
-87.65648      45.10433
-87.67549      45.12125
-87.68162      45.13301
-87.68841      45.13901
-87.70158      45.14921
-87.73067      45.16573
-87.73434      45.16782
-87.74032      45.17683
-87.74374      45.18613
-87.74288      45.1944
-87.73909      45.2023
-87.72889      45.21196
-87.72622      45.21684
-87.72552      45.22786
-87.72292      45.23411
-87.71571      45.23889
-87.7112       45.25802
-87.70015      45.28196
-87.69954      45.2833
-87.68881      45.29549
-87.668        45.31413
-87.66141      45.32484
-87.65453      45.33029
-87.65221      45.33562
-87.65204      45.34502
-87.65711      45.36092
-87.66608      45.371
-87.66551      45.37238
-87.66492      45.37378
-87.64795      45.36642
-87.64352      45.34981
 1 
 1             784           
1
 -9999.0   ,   9990.0
   7
 22 
-88.30139      45.36182
-88.29303      45.36345
-88.28612      45.36756
-88.28067      45.35834
-88.27158      45.35358
-88.26214      45.35341
-88.2568       45.35128
-88.23771      45.35302
-88.23113      45.35184
-88.22966      45.34914
-88.23178      45.34655
-88.24015      45.34515
-88.24399      45.33885
-88.25751      45.3366
-88.26027      45.33903
-88.25854      45.34275
-88.26029      45.34453
-88.28501      45.35499
-88.29626      45.35626
-88.2978       45.35643
-88.30154      45.35906
-88.30139      45.36182
 1 
 1             785           
1
 -9999.0   ,   9990.0
   7
 12 
-87.84028      45.34346
-87.84801      45.3421
-87.85803      45.34687
-87.86358      45.35313
-87.86879      45.35322
-87.86854      45.35394
-87.86767      45.35646
-87.8639       45.35885
-87.86028      45.35803
-87.85432      45.35041
-87.84252      45.34457
-87.84028      45.34346
 1 
 1             786           
1
 -9999.0   ,   9990.0
   7
 7 
-87.83773      45.34445
-87.83532      45.34649
-87.83245      45.34894
-87.82499      45.34938
-87.82522      45.34869
-87.82583      45.34683
-87.83773      45.34445
 1 
 1             787           
1
 -9999.0   ,   9990.0
   7
 10 
-88.1782       45.32324
-88.18208      45.32409
-88.18601      45.32686
-88.18532      45.33147
-88.19222      45.34341
-88.19249      45.34775
-88.18754      45.34653
-88.17701      45.33928
-88.17602      45.33381
-88.1782       45.32324
 1 
 1             788           
1
 -9999.0   ,   9990.0
   7
 46 
-84.93449      45.25911
-84.94128      45.25337
-84.94679      45.25244
-84.95329      45.25494
-84.95849      45.25516
-84.96268      45.24988
-84.96624      45.24918
-84.9728       45.26221
-84.98029      45.26609
-84.98517      45.26699
-84.99651      45.26444
-85            45.26494
-85.00269      45.26533
-85.0105       45.26989
-85.01476      45.27492
-85.01381      45.27927
-85.01546      45.28315
-85.02329      45.28885
-85.02265      45.29137
-85.01584      45.29185
-85.01488      45.29415
-85.02929      45.31264
-85.03779      45.3204
-85.04863      45.33845
-85.04768      45.34074
-85.04246      45.33985
-85.03558      45.33048
-85.02482      45.32434
-85.00421      45.30105
-85.00541      45.28972
-85.00574      45.28662
-85.00408      45.28181
-85            45.27912
-84.99821      45.27794
-84.98552      45.2734
-84.96865      45.2739
-84.96774      45.28512
-84.97497      45.29953
-84.97271      45.30228
-84.96816      45.30252
-84.95606      45.28676
-84.96119      45.27461
-84.96084      45.2698
-84.9579       45.26706
-84.94132      45.26253
-84.93449      45.25911
 1 
 1             789           
1
 -9999.0   ,   9990.0
   7
 78 
-85.25244      45.31216
-85.24991      45.31836
-85.23396      45.31455
-85.22941      45.31503
-85.22134      45.32011
-85.21323      45.32198
-85.21094      45.32038
-85.20958      45.3133
-85.20534      45.3124
-85.2025       45.32043
-85.19664      45.31931
-85.19264      45.30857
-85.18738      45.3015
-85.16778      45.28922
-85.14519      45.28251
-85.12676      45.27703
-85.11702      45.27615
-85.10762      45.27779
-85.09852      45.27737
-85.09494      45.27532
-85.08812      45.27466
-85.08294      45.27766
-85.0784       45.27813
-85.07155      45.27358
-85.05549      45.25188
-85.05285      45.24502
-85.05341      45.23311
-85.05015      45.23015
-85.04104      45.22652
-85.02194      45.22194
-85.0118       45.21951
-85.00982      45.21357
-85.01466      45.20943
-85.02144      45.20666
-85.03442      45.20662
-85.04221      45.20888
-85.05849      45.21752
-85.07609      45.23029
-85.08137      45.24103
-85.08529      45.24444
-85.09602      45.24738
-85.12435      45.2601
-85.13292      45.2623
-85.13834      45.2637
-85.15946      45.2659
-85.1669       45.26381
-85.1701       45.25852
-85.16482      45.24916
-85.14812      45.23229
-85.14604      45.21582
-85.13981      45.20737
-85.13844      45.19982
-85.14383      45.18537
-85.14246      45.17599
-85.13865      45.16991
-85.12579      45.16026
-85.11792      45.14793
-85.12081      45.14425
-85.14398      45.16499
-85.1545       45.18258
-85.15668      45.20844
-85.16361      45.22284
-85.15879      45.22721
-85.15881      45.23041
-85.1743       45.25645
-85.18477      45.2651
-85.19071      45.27606
-85.19594      45.2797
-85.20341      45.28058
-85.20903      45.29017
-85.21456      45.29106
-85.22489      45.28575
-85.22976      45.28503
-85.23662      45.28935
-85.23959      45.2946
-85.23676      45.30286
-85.23974      45.30902
-85.25244      45.31216
 1 
 1             790           
1
 -9999.0   ,   9990.0
   7
 21 
-88.18794      45.27318
-88.20558      45.27471
-88.20972      45.2787
-88.21809      45.27731
-88.21955      45.28001
-88.21548      45.28243
-88.20554      45.28479
-88.20089      45.29364
-88.19521      45.29657
-88.19129      45.3015
-88.19041      45.3084
-88.18289      45.31298
-88.17854      45.32159
-88.17415      45.31898
-88.17456      45.31507
-88.18344      45.30609
-88.18068      45.30342
-88.17843      45.29318
-88.18073      45.2883
-88.18927      45.28437
-88.18794      45.27318
 1 
 1             791           
1
 -9999.0   ,   9990.0
   7
 6 
-86.98888      45.26145
-86.9961       45.26359
-86.99481      45.27186
-86.98065      45.27512
-86.97926      45.27263
-86.98888      45.26145
 1 
 1             792           
1
 -9999.0   ,   9990.0
   7
 9 
-84.54836      45.22415
-84.55904      45.22965
-84.55612      45.23149
-84.55385      45.23721
-84.54638      45.24155
-84.54119      45.24017
-84.53731      45.23353
-84.53991      45.22941
-84.54836      45.22415
 1 
 1             793           
1
 -9999.0   ,   9990.0
   7
 7 
-87.34338      45.18324
-87.34697      45.18362
-87.35146      45.18947
-87.34909      45.19434
-87.34142      45.19681
-87.33937      45.19456
-87.34338      45.18324
 1 
 1             794           
1
 -9999.0   ,   9990.0
   7
 11 
-84.76751      45.1804
-84.7727       45.182
-84.77628      45.18818
-84.77467      45.19093
-84.76882      45.18819
-84.76268      45.19209
-84.74646      45.19027
-84.74289      45.18844
-84.74386      45.18592
-84.76525      45.18521
-84.76751      45.1804
 1 
 1             795           
1
 -9999.0   ,   9990.0
   7
 9 
-85.20861      45.14753
-85.20439      45.1464
-85.19779      45.13269
-85.19572      45.12057
-85.19075      45.10823
-85.19164      45.09952
-85.1952       45.09951
-85.21051      45.14294
-85.20861      45.14753
 1 
 1             796           
1
 -9999.0   ,   9990.0
   7
 9 
-84.06198      45.14463
-84.06168      45.14165
-84.08399      45.11269
-84.08822      45.11019
-84.09535      45.10931
-84.09759      45.11138
-84.07931      45.12824
-84.06879      45.14352
-84.06198      45.14463
 1 
 1             797           
1
 -9999.0   ,   9990.0
   7
 6 
-87.75303      45.13524
-87.74838      45.13308
-87.74778      45.12783
-87.75554      45.1157
-87.75765      45.12481
-87.75303      45.13524
 1 
 1             798           
1
 -9999.0   ,   9990.0
   7
 12 
-84.01598      45.11531
-84.02471      45.11582
-84.03335      45.12639
-84.03201      45.1296
-84.02844      45.13118
-84.02455      45.13093
-84.01359      45.12629
-84.00482      45.12899
-84.00324      45.126
-84.00554      45.12166
-84.00882      45.11825
-84.01598      45.11531
 1 
 1             799           
1
 -9999.0   ,   9990.0
   7
 8 
-87.08444      45.10144
-87.08929      45.10156
-87.09519      45.11083
-87.09254      45.11707
-87.08798      45.11648
-87.08483      45.11082
-87.08317      45.10215
-87.08444      45.10144
 1 
 1             800           
1
 -9999.0   ,   9990.0
   7
 23 
-85.32044      45
-85.32259      45.0045
-85.32481      45.02852
-85.33045      45.04109
-85.34091      45.05087
-85.34267      45.06254
-85.34699      45.07167
-85.34704      45.07625
-85.34226      45.08292
-85.34855      45.09433
-85.34691      45.09545
-85.34278      45.09827
-85.33371      45.09786
-85.32685      45.09263
-85.32025      45.08214
-85.31725      45.0746
-85.31872      45.06154
-85.31602      45.05125
-85.31173      45.04441
-85.2974       45.03532
-85.29314      45.03031
-85.29087      45
-85.32044      45
 1 
 1             801           
1
 -9999.0   ,   9990.0
   7
 21 
-85.20102      45
-85.20598      45.00855
-85.20639      45.01816
-85.21126      45.01997
-85.22452      45.02059
-85.23165      45.02353
-85.24306      45.03287
-85.25259      45.04678
-85.25547      45.07539
-85.25329      45.08388
-85.24775      45.0791
-85.24586      45.05369
-85.24156      45.04295
-85.23141      45.03178
-85.22621      45.0286
-85.21616      45.02521
-85.20839      45.02434
-85.20222      45.02139
-85.19634      45.01454
-85.1934       45
-85.20102      45
 1 
 1             802           
1
 -9999.0   ,   9990.0
   7
 19 
-85.76262      45
-85.76333      45.0034
-85.76048      45.00686
-85.75214      45.00992
-85.74608      45.0141
-85.73929      45.03134
-85.73358      45.03689
-85.72902      45.04546
-85.72795      45.04747
-85.72314      45.04958
-85.7189       45.04779
-85.71624      45.04346
-85.71675      45.03635
-85.72176      45.02738
-85.73514      45.01672
-85.73794      45.01119
-85.73686      45.00525
-85.72965      45
-85.76262      45
