 80 
 1 
 1             1             
1
 -9999.0   ,   9990.0
   7
 443 
-54.72218     -25
-54.69075     -25
-54.65694     -25.01746
-54.62688     -25.02462
-54.62244     -25.02567
-54.60027     -25.03356
-54.57277     -25.04044
-54.53277     -25.05885
-54.51027     -25.06467
-54.50146     -25.06488
-54.49738     -25.06298
-54.49584     -25.06226
-54.4927      -25.05798
-54.49508     -25.0531
-54.52883     -25.036
-54.53002     -25.03344
-54.52841     -25.02981
-54.52327     -25.02626
-54.50342     -25.01894
-54.49288     -25.01093
-54.48487     -25
-54.39088     -25
-54.3813      -25.00827
-54.37158     -25.01216
-54.34348     -25.01533
-54.33249     -25.01856
-54.32109     -25.02524
-54.31383     -25.02656
-54.29712     -25.02616
-54.29392     -25.02609
-54.28816     -25.02713
-54.261       -25.03783
-54.22591     -25.06316
-54.21583     -25.07256
-54.21176     -25.08091
-54.21336     -25.08409
-54.22117     -25.08415
-54.22868     -25.08238
-54.23836     -25.07725
-54.25128     -25.07041
-54.27295     -25.06121
-54.29069     -25.05576
-54.30972     -25.05189
-54.35391     -25.04722
-54.37071     -25.04938
-54.37816     -25.05034
-54.38356     -25.05411
-54.38698     -25.05977
-54.38558     -25.06371
-54.38336     -25.06536
-54.37428     -25.06488
-54.35782     -25.06136
-54.35334     -25.06353
-54.35019     -25.06796
-54.3517      -25.0771
-54.34751     -25.09005
-54.34086     -25.09548
-54.31954     -25.10813
-54.30654     -25.1113
-54.29676     -25.11369
-54.29031     -25.11751
-54.28319     -25.12455
-54.27986     -25.1322
-54.28278     -25.13764
-54.29173     -25.14249
-54.29879     -25.14256
-54.31053     -25.13863
-54.34485     -25.12179
-54.36196     -25.10444
-54.3701      -25.09619
-54.37703     -25.09167
-54.38758     -25.09051
-54.39167     -25.09271
-54.39584     -25.09789
-54.39707     -25.10613
-54.38954     -25.13453
-54.38843     -25.1582
-54.39749     -25.18248
-54.40176     -25.19392
-54.40194     -25.20035
-54.40026     -25.2036
-54.39459     -25.20832
-54.37263     -25.20745
-54.35333     -25.20238
-54.34503     -25.20303
-54.33305     -25.20766
-54.32626     -25.20827
-54.30198     -25.1962
-54.29592     -25.19587
-54.29343     -25.19691
-54.29069     -25.19806
-54.27294     -25.21337
-54.26026     -25.22031
-54.25301     -25.22276
-54.2417      -25.22416
-54.23287     -25.22389
-54.2232      -25.22089
-54.20813     -25.21319
-54.17703     -25.18894
-54.16516     -25.17968
-54.16088     -25.17955
-54.15717     -25.18261
-54.15431     -25.1891
-54.15529     -25.1978
-54.15581     -25.19902
-54.16226     -25.21394
-54.17081     -25.22294
-54.18703     -25.23614
-54.20365     -25.24473
-54.21035     -25.25032
-54.21385     -25.25874
-54.21657     -25.28576
-54.21864     -25.28801
-54.22194     -25.28863
-54.22493     -25.28719
-54.22975     -25.281
-54.24085     -25.2593
-54.24962     -25.24717
-54.25528     -25.24199
-54.26326     -25.2386
-54.28191     -25.23796
-54.30061     -25.23938
-54.3161      -25.24293
-54.3295      -25.24424
-54.34169     -25.24763
-54.35237     -25.2506
-54.36035     -25.25639
-54.36252     -25.26208
-54.3609      -25.26739
-54.35128     -25.27519
-54.31061     -25.29263
-54.30093     -25.29859
-54.29603     -25.30421
-54.29127     -25.31487
-54.29117     -25.32061
-54.29508     -25.32535
-54.29689     -25.32545
-54.30065     -25.32568
-54.33385     -25.31185
-54.35516     -25.30678
-54.36387     -25.30221
-54.41085     -25.26716
-54.41621     -25.26552
-54.41735     -25.26517
-54.42595     -25.26589
-54.4332      -25.26343
-54.44079     -25.26417
-54.44644     -25.26771
-54.45483     -25.27922
-54.46073     -25.29147
-54.46304     -25.30175
-54.46245     -25.30796
-54.45768     -25.31771
-54.43999     -25.33489
-54.42382     -25.34678
-54.40807     -25.35835
-54.38863     -25.36753
-54.34105     -25.38216
-54.33513     -25.38734
-54.3315      -25.39339
-54.33259     -25.39635
-54.33747     -25.39945
-54.35719     -25.39992
-54.35873     -25.39955
-54.37927     -25.3946
-54.38332     -25.39497
-54.38851     -25.3999
-54.39215     -25.41267
-54.39524     -25.41489
-54.40153     -25.41383
-54.41949     -25.39666
-54.45189     -25.35612
-54.45389     -25.35361
-54.45965     -25.35187
-54.468       -25.35259
-54.48614     -25.35997
-54.4918      -25.36373
-54.4938      -25.37172
-54.47338     -25.40871
-54.46018     -25.42463
-54.45878     -25.42879
-54.46197     -25.43423
-54.46657     -25.43618
-54.46754     -25.43602
-54.47135     -25.43538
-54.47631     -25.43205
-54.48886     -25.42028
-54.50573     -25.40059
-54.51729     -25.38975
-54.52426     -25.38614
-54.53033     -25.38623
-54.53421     -25.38934
-54.5358      -25.39206
-54.53597     -25.39803
-54.53318     -25.40613
-54.51742     -25.42736
-54.5108      -25.43628
-54.50771     -25.44324
-54.50912     -25.44826
-54.51318     -25.44885
-54.51716     -25.44669
-54.5335      -25.42632
-54.53954     -25.42526
-54.54667     -25.42715
-54.5534      -25.43273
-54.55639     -25.44
-54.55659     -25.44711
-54.58788     -25.42822
-54.59517     -25.43561
-54.60181     -25.44647
-54.60778     -25.45183
-54.6113      -25.45955
-54.61196     -25.46504
-54.60898     -25.47522
-54.59797     -25.49638
-54.59573     -25.50608
-54.59391     -25.54453
-54.59245     -25.57526
-54.58936     -25.59072
-54.58253     -25.59066
-54.57106     -25.58795
-54.55898     -25.59009
-54.5452      -25.59478
-54.54271     -25.59622
-54.54033     -25.60133
-54.53926     -25.60824
-54.5447      -25.60292
-54.55392     -25.59893
-54.56399     -25.59685
-54.56919     -25.59328
-54.57088     -25.59359
-54.57339     -25.59405
-54.58141     -25.59551
-54.58885     -25.59923
-54.59201     -25.60328
-54.5947      -25.61722
-54.5923      -25.63014
-54.58693     -25.64588
-54.58511     -25.66131
-54.58604     -25.66726
-54.58968     -25.67038
-54.59045     -25.67056
-54.60039     -25.67288
-54.61455     -25.6723
-54.63542     -25.66742
-54.64507     -25.6681
-54.6497      -25.67074
-54.65237     -25.67526
-54.65426     -25.68762
-54.64614     -25.71262
-54.64744     -25.7144
-54.64818     -25.71317
-54.65729     -25.6973
-54.6595      -25.69345
-54.66103     -25.68538
-54.65943     -25.67525
-54.65676     -25.66964
-54.65053     -25.66452
-54.64159     -25.66199
-54.63196     -25.66154
-54.61112     -25.66756
-54.59999     -25.66807
-54.59411     -25.66591
-54.59094     -25.66163
-54.59106     -25.65703
-54.59822     -25.64239
-54.60345     -25.60892
-54.60036     -25.59458
-54.6001      -25.58873
-54.59958     -25.5767
-54.60239     -25.53484
-54.60687     -25.50649
-54.6135      -25.48291
-54.61991     -25.47724
-54.62338     -25.4666
-54.62561     -25.45644
-54.6234      -25.45007
-54.61157     -25.44324
-54.60685     -25.43739
-54.59856     -25.42175
-54.60375     -25.41795
-54.61496     -25.41576
-54.62384     -25.41401
-54.62136     -25.40673
-54.62321     -25.40094
-54.62837     -25.39646
-54.63961     -25.39204
-54.64331     -25.38897
-54.64535     -25.38134
-54.64353     -25.37955
-54.60434     -25.36927
-54.59682     -25.3628
-54.59672     -25.35913
-54.60221     -25.34843
-54.60158     -25.34432
-54.59897     -25.3391
-54.59783     -25.33684
-54.57992     -25.32029
-54.57413     -25.31217
-54.57163     -25.30442
-54.57371     -25.29771
-54.57838     -25.29324
-54.58886     -25.28931
-54.60573     -25.28821
-54.64207     -25.27973
-54.65198     -25.27583
-54.65454     -25.27483
-54.66862     -25.2646
-54.69003     -25.25511
-54.69739     -25.24827
-54.69876     -25.24341
-54.69686     -25.2391
-54.69351     -25.23666
-54.6892      -25.23585
-54.68098     -25.23927
-54.66817     -25.24946
-54.66437     -25.2491
-54.66278     -25.24662
-54.67563     -25.22073
-54.67824     -25.21547
-54.67583     -25.21071
-54.67134     -25.2122
-54.66571     -25.21808
-54.65143     -25.24644
-54.64679     -25.25161
-54.64207     -25.25425
-54.62254     -25.2591
-54.58236     -25.27409
-54.5802      -25.27508
-54.57389     -25.27797
-54.5556      -25.29104
-54.54589     -25.29563
-54.54059     -25.29553
-54.53594     -25.29174
-54.53649     -25.28484
-54.5405      -25.27511
-54.57029     -25.24959
-54.57704     -25.23887
-54.57905     -25.2301
-54.57697     -25.22879
-54.57623     -25.22833
-54.56915     -25.22781
-54.56041     -25.23078
-54.53709     -25.24397
-54.53005     -25.24483
-54.52467     -25.24221
-54.52047     -25.23634
-54.51247     -25.21243
-54.51579     -25.205
-54.53087     -25.19454
-54.54759     -25.18908
-54.55135     -25.18785
-54.57254     -25.18825
-54.5815      -25.18436
-54.5834      -25.18018
-54.58124     -25.17541
-54.57529     -25.17028
-54.56409     -25.16642
-54.55172     -25.16581
-54.53169     -25.17042
-54.51005     -25.18081
-54.50252     -25.18191
-54.49491     -25.18003
-54.4867      -25.17517
-54.47204     -25.15578
-54.46898     -25.14553
-54.47372     -25.13508
-54.48647     -25.12262
-54.50036     -25.11471
-54.50909     -25.11152
-54.53733     -25.11245
-54.54302     -25.11351
-54.57533     -25.11956
-54.59094     -25.1194
-54.60218     -25.11591
-54.64264     -25.0954
-54.65513     -25.09187
-54.67382     -25.09079
-54.67601     -25.09066
-54.68687     -25.09176
-54.6973      -25.09517
-54.71371     -25.10462
-54.72934     -25.12144
-54.73319     -25.12386
-54.73873     -25.12349
-54.7421      -25.11858
-54.73986     -25.11107
-54.72228     -25.08834
-54.71585     -25.07542
-54.71145     -25.07186
-54.69392     -25.06679
-54.68996     -25.0607
-54.69063     -25.0577
-54.69553     -25.05321
-54.7045      -25.05023
-54.72237     -25.04978
-54.73277     -25.05226
-54.74272     -25.05637
-54.76102     -25.07012
-54.77067     -25.08089
-54.77614     -25.08568
-54.78828     -25.09627
-54.80281     -25.10186
-54.80617     -25.09649
-54.80401     -25.09196
-54.79045     -25.07694
-54.78772     -25.07012
-54.78937     -25.06641
-54.79434     -25.06444
-54.79826     -25.06089
-54.7986      -25.0556
-54.79542     -25.05041
-54.79156     -25.04776
-54.77685     -25.0447
-54.76215     -25.03729
-54.75435     -25.03335
-54.73714     -25.03035
-54.72631     -25.03039
-54.7019      -25.03905
-54.68807     -25.04812
-54.65413     -25.07514
-54.64283     -25.08083
-54.61194     -25.09639
-54.5867      -25.10344
-54.57338     -25.10446
-54.5683      -25.10297
-54.5611      -25.0981
-54.55984     -25.08941
-54.5634      -25.08198
-54.57732     -25.06695
-54.58543     -25.06327
-54.59124     -25.06064
-54.60549     -25.05707
-54.62679     -25.04507
-54.63701     -25.0416
-54.70194     -25.03194
-54.7094      -25.02899
-54.7156      -25.02538
-54.71929     -25.02323
-54.72634     -25.01479
-54.72723     -25.01109
-54.72496     -25.00266
-54.72218     -25
 1 
 1             2             
1
 -9999.0   ,   9990.0
   7
 19 
-55           -25.34112
-54.99099     -25.35161
-54.98896     -25.35397
-54.97966     -25.35514
-54.9673      -25.37086
-54.97119     -25.37397
-54.97442     -25.38031
-54.9721      -25.39415
-54.97349     -25.39801
-54.97783     -25.3995
-54.98054     -25.39736
-54.9849      -25.38392
-54.98205     -25.37413
-54.98418     -25.36971
-54.98668     -25.36895
-54.99049     -25.3706
-54.99565     -25.37283
-55           -25.3737
-55           -25.34112
 1 
 1             3             
1
 -9999.0   ,   9990.0
   7
 13 
-54.84985     -25.42636
-54.85413     -25.42602
-54.85726     -25.42112
-54.86249     -25.41868
-54.86015     -25.41668
-54.84898     -25.4149
-54.84559     -25.41178
-54.84254     -25.41117
-54.84035     -25.41353
-54.84196     -25.4167
-54.84583     -25.41912
-54.84593     -25.42256
-54.84985     -25.42636
 2 
 1             4             
1
 -9999.0   ,   9990.0
   7
 829 
-53.32285     -25.48056
-53.30929     -25.48558
-53.30381     -25.4898
-53.30213     -25.4951
-53.30273     -25.50037
-53.32011     -25.5389
-53.32306     -25.5485
-53.32234     -25.55081
-53.31985     -25.55268
-53.29342     -25.5455
-53.28508     -25.54585
-53.2793      -25.54886
-53.27781     -25.54963
-53.27186     -25.55661
-53.26829     -25.56905
-53.26558     -25.58791
-53.26309     -25.59025
-53.25956     -25.59076
-53.25699     -25.58873
-53.25382     -25.58074
-53.25049     -25.5785
-53.23077     -25.57901
-53.213       -25.57513
-53.20812     -25.57084
-53.20569     -25.56169
-53.20816     -25.54983
-53.20967     -25.54259
-53.20748     -25.53275
-53.20178     -25.52457
-53.19589     -25.52051
-53.17604     -25.51253
-53.16415     -25.51178
-53.15177     -25.51218
-53.14448     -25.51504
-53.13878     -25.52177
-53.13174     -25.55538
-53.12731     -25.56301
-53.12276     -25.5633
-53.11791     -25.56085
-53.10838     -25.54973
-53.09826     -25.53357
-53.09313     -25.52904
-53.08833     -25.52911
-53.08081     -25.53288
-53.07407     -25.53894
-53.07113     -25.54471
-53.06993     -25.55254
-53.06883     -25.55967
-53.06268     -25.5703
-53.05718     -25.57474
-53.04812     -25.57761
-53.04401     -25.57307
-53.03878     -25.54606
-53.03443     -25.54221
-53.00775     -25.53429
-53.00518     -25.53134
-53.00641     -25.52903
-53.00891     -25.52716
-53.01623     -25.52592
-53.01822     -25.52406
-53.01588     -25.51996
-53.01136     -25.51986
-53.00248     -25.51967
-52.99681     -25.51216
-52.99478     -25.51196
-53.00003     -25.52498
-52.99808     -25.52959
-52.97846     -25.53649
-52.97799     -25.5388
-52.98109     -25.54335
-52.97945     -25.55209
-52.98508     -25.55661
-52.98589     -25.56027
-52.98392     -25.56351
-52.97692     -25.56888
-52.97009     -25.56896
-52.96539     -25.55915
-52.95777     -25.55695
-52.95278     -25.55296
-52.94686     -25.55479
-52.94327     -25.55093
-52.93999     -25.55143
-52.93403     -25.55954
-52.93053     -25.56188
-52.9212      -25.56382
-52.9121      -25.56416
-52.90853     -25.56191
-52.90471     -25.55567
-52.9018      -25.56573
-52.89998     -25.56743
-52.89698     -25.56779
-52.88852     -25.55986
-52.88675     -25.5601
-52.88656     -25.56447
-52.88999     -25.57453
-52.88852     -25.57821
-52.88351     -25.58126
-52.86429     -25.5835
-52.87142     -25.58553
-52.88586     -25.58674
-52.88742     -25.58971
-52.88698     -25.5943
-52.88351     -25.59985
-52.87499     -25.60523
-52.87545     -25.60756
-52.87607     -25.61073
-52.87283     -25.61375
-52.86726     -25.61358
-52.86342     -25.61064
-52.84441     -25.58929
-52.8393      -25.5859
-52.83449     -25.58527
-52.82794     -25.58764
-52.81923     -25.59807
-52.81041     -25.60069
-52.80606     -25.59707
-52.79816     -25.57329
-52.79304     -25.56852
-52.79        -25.56856
-52.78649     -25.57112
-52.78324     -25.57345
-52.78052     -25.57831
-52.77755     -25.58361
-52.76622     -25.60738
-52.75999     -25.6141
-52.75621     -25.61552
-52.73393     -25.61484
-52.72763     -25.61629
-52.72287     -25.62047
-52.71916     -25.62739
-52.71094     -25.65847
-52.70794     -25.66148
-52.70516     -25.66128
-52.70212     -25.65911
-52.6906      -25.65088
-52.68552     -25.64978
-52.66157     -25.65714
-52.64917     -25.65773
-52.63928     -25.65576
-52.63392     -25.65237
-52.62947     -25.6391
-52.62512     -25.61321
-52.61822     -25.60731
-52.61215     -25.60783
-52.6089      -25.61153
-52.60542     -25.61661
-52.60307     -25.6327
-52.59934     -25.63871
-52.59432     -25.64197
-52.57991     -25.64371
-52.5754      -25.64743
-52.56657     -25.67299
-52.55008     -25.69265
-52.54888     -25.69344
-52.54153     -25.69824
-52.53622     -25.69898
-52.53114     -25.69719
-52.52954     -25.68963
-52.55244     -25.65338
-52.54959     -25.64767
-52.54476     -25.64542
-52.53385     -25.64391
-52.52931     -25.64533
-52.52406     -25.65089
-52.51248     -25.65696
-52.50671     -25.66206
-52.50382     -25.66794
-52.49853     -25.67866
-52.49474     -25.67893
-52.48937     -25.67393
-52.48507     -25.67442
-52.47626     -25.67909
-52.47045     -25.67983
-52.45343     -25.67424
-52.44431     -25.67386
-52.43977     -25.6755
-52.41394     -25.70051
-52.41016     -25.70238
-52.40307     -25.7029
-52.39038     -25.70001
-52.38431     -25.70075
-52.37195     -25.70544
-52.36512     -25.70573
-52.36106     -25.70461
-52.34959     -25.69713
-52.34886     -25.69989
-52.35805     -25.70808
-52.36593     -25.71123
-52.37657     -25.7116
-52.39021     -25.70782
-52.39704     -25.70753
-52.40721     -25.71135
-52.41251     -25.71016
-52.4193      -25.70529
-52.44566     -25.68234
-52.45172     -25.68091
-52.45933     -25.68245
-52.46924     -25.68558
-52.47682     -25.68483
-52.48413     -25.68132
-52.4892      -25.6815
-52.49636     -25.68832
-52.50041     -25.68806
-52.50417     -25.68504
-52.51005     -25.66617
-52.51506     -25.66107
-52.52209     -25.65573
-52.53393     -25.65034
-52.5395      -25.65052
-52.54229     -25.65164
-52.54487     -25.65575
-52.54239     -25.66082
-52.53076     -25.67178
-52.52861     -25.6738
-52.5199      -25.68788
-52.51943     -25.69179
-52.52282     -25.70071
-52.52767     -25.7048
-52.53352     -25.70658
-52.54136     -25.70536
-52.55143     -25.70045
-52.55871     -25.69487
-52.58308     -25.65539
-52.58985     -25.64936
-52.59202     -25.64827
-52.6052      -25.64163
-52.61146     -25.63629
-52.61314     -25.62824
-52.61302     -25.61768
-52.61757     -25.61695
-52.62014     -25.62037
-52.62366     -25.64077
-52.62787     -25.65403
-52.63299     -25.65881
-52.64213     -25.6617
-52.66419     -25.66492
-52.67251     -25.66465
-52.67432     -25.66459
-52.6849      -25.66058
-52.68996     -25.66029
-52.69682     -25.66252
-52.70855     -25.66974
-52.71159     -25.66994
-52.71484     -25.66646
-52.72092     -25.6462
-52.72902     -25.6266
-52.73328     -25.62311
-52.75201     -25.62383
-52.75984     -25.62283
-52.76535     -25.61841
-52.76569     -25.61776
-52.78264     -25.58562
-52.78938     -25.57889
-52.79317     -25.57885
-52.79783     -25.5866
-52.80187     -25.60561
-52.80446     -25.6104
-52.80804     -25.61242
-52.81787     -25.60979
-52.83538     -25.59467
-52.83916     -25.59371
-52.84273     -25.59573
-52.84408     -25.59745
-52.85045     -25.60552
-52.84973     -25.60851
-52.84443     -25.60926
-52.84296     -25.61318
-52.8445      -25.61431
-52.85538     -25.61441
-52.86151     -25.61893
-52.86583     -25.62026
-52.87494     -25.61992
-52.88172     -25.61617
-52.89589     -25.61646
-52.89789     -25.6146
-52.89685     -25.613
-52.89279     -25.61191
-52.89022     -25.60872
-52.89241     -25.60273
-52.89838     -25.59554
-52.89956     -25.58933
-52.90252     -25.58402
-52.90799     -25.57752
-52.91326     -25.57619
-52.91656     -25.57536
-52.92207     -25.57139
-52.92942     -25.57245
-52.93464     -25.56642
-52.94476     -25.56675
-52.95181     -25.56414
-52.9551      -25.56479
-52.95692     -25.56821
-52.9562      -25.57051
-52.96494     -25.58027
-52.96654     -25.58576
-52.9651      -25.59083
-52.96694     -25.59586
-52.9712      -25.59282
-52.97703     -25.57691
-52.98032     -25.57664
-52.98167     -25.58282
-52.98496     -25.58301
-52.98715     -25.57724
-52.98918     -25.57699
-52.99397     -25.58117
-52.99681     -25.58033
-52.99641     -25.57001
-53.00034     -25.56262
-52.999       -25.55735
-52.99254     -25.54803
-52.99324     -25.54457
-52.99549     -25.54248
-52.99953     -25.54197
-53.00863     -25.54208
-53.01853     -25.54425
-53.02413     -25.54693
-53.02926     -25.55169
-53.03801     -25.5782
-53.04288     -25.5825
-53.04796     -25.58358
-53.05858     -25.58112
-53.06686     -25.5792
-53.07551     -25.58253
-53.10457     -25.58031
-53.10889     -25.58162
-53.11098     -25.5855
-53.10951     -25.5885
-53.10449     -25.5911
-53.06674     -25.58793
-53.05234     -25.58903
-53.04631     -25.59141
-53.04459     -25.59464
-53.04516     -25.59922
-53.0492      -25.60243
-53.06069     -25.60522
-53.0797      -25.60703
-53.08332     -25.61203
-53.08285     -25.61434
-53.07732     -25.61717
-53.06872     -25.61705
-53.05295     -25.61152
-53.04687     -25.61137
-53.04311     -25.61348
-53.03917     -25.62088
-53.03734     -25.63353
-53.03714     -25.6535
-53.03852     -25.66106
-53.04058     -25.66309
-53.04228     -25.65825
-53.04219     -25.63599
-53.04425     -25.62173
-53.05126     -25.61682
-53.05659     -25.61813
-53.06554     -25.62375
-53.07188     -25.62504
-53.08073     -25.62423
-53.08625     -25.62164
-53.09049     -25.61745
-53.09193     -25.61238
-53.08981     -25.60667
-53.08391     -25.6017
-53.07831     -25.59948
-53.06488     -25.6001
-53.05758     -25.60044
-53.05401     -25.59865
-53.05623     -25.59472
-53.06353     -25.59256
-53.07871     -25.59305
-53.09499     -25.59811
-53.10284     -25.59869
-53.10762     -25.59702
-53.11759     -25.58747
-53.11822     -25.57966
-53.11335     -25.5756
-53.0969      -25.5749
-53.08707     -25.5771
-53.07969     -25.57444
-53.07856     -25.56951
-53.07833     -25.56849
-53.08294     -25.5402
-53.08593     -25.5374
-53.08972     -25.53735
-53.09535     -25.54164
-53.1147      -25.56502
-53.12162     -25.57066
-53.12695     -25.57197
-53.13047     -25.57077
-53.1342      -25.56659
-53.1423      -25.53641
-53.14867     -25.5237
-53.15443     -25.51995
-53.17111     -25.52018
-53.18202     -25.52209
-53.18889     -25.52521
-53.193       -25.52882
-53.19643     -25.53749
-53.19733     -25.54575
-53.19308     -25.56371
-53.19369     -25.5699
-53.19603     -25.57399
-53.20167     -25.57851
-53.21792     -25.58086
-53.24199     -25.58436
-53.24812     -25.58748
-53.25736     -25.59561
-53.26144     -25.59716
-53.26572     -25.59595
-53.2731      -25.58367
-53.27772     -25.55905
-53.28046     -25.55602
-53.28521     -25.55343
-53.29381     -25.5533
-53.31186     -25.55854
-53.32728     -25.55854
-53.33129     -25.55641
-53.3309      -25.54861
-53.32824     -25.54131
-53.32093     -25.52726
-53.31462     -25.51512
-53.30982     -25.50073
-53.31272     -25.49311
-53.31671     -25.49029
-53.32503     -25.48925
-53.33364     -25.49004
-53.34485     -25.49538
-53.34542     -25.49881
-53.33693     -25.51822
-53.33757     -25.52579
-53.34588     -25.53828
-53.35665     -25.5445
-53.35866     -25.54566
-53.36296     -25.5456
-53.39296     -25.51323
-53.39901     -25.51244
-53.41779     -25.51628
-53.43726     -25.51643
-53.44161     -25.51935
-53.44775     -25.536
-53.4519      -25.54168
-53.45803     -25.54479
-53.45969     -25.54489
-53.46993     -25.54552
-53.4868      -25.5418
-53.48984     -25.54221
-53.49215     -25.54378
-53.49323     -25.54744
-53.49134     -25.55389
-53.49368     -25.55753
-53.49722     -25.55724
-53.51131     -25.5538
-53.51998     -25.5571
-53.53136     -25.55714
-53.5429      -25.55235
-53.54638     -25.54954
-53.54899     -25.54077
-53.55067     -25.52353
-53.55437     -25.51888
-53.55788     -25.51744
-53.56497     -25.51824
-53.56986     -25.52229
-53.57352     -25.52819
-53.57648     -25.5371
-53.57132     -25.55049
-53.56927     -25.55581
-53.5691      -25.56018
-53.57844     -25.57173
-53.58787     -25.57524
-53.59243     -25.57539
-53.59824     -25.57506
-53.60425     -25.57197
-53.6087      -25.56708
-53.61496     -25.55182
-53.61957     -25.54614
-53.62063     -25.54484
-53.6276      -25.53943
-53.64085     -25.53186
-53.6523      -25.52294
-53.67641     -25.5154
-53.68539     -25.53337
-53.6952      -25.5433
-53.70953     -25.55107
-53.71295     -25.55721
-53.70669     -25.5656
-53.69992     -25.57466
-53.69851     -25.57951
-53.70171     -25.58748
-53.70771     -25.59587
-53.71281     -25.59784
-53.71937     -25.59681
-53.73952     -25.58106
-53.74395     -25.57547
-53.75545     -25.56906
-53.76537     -25.55993
-53.76942     -25.56032
-53.77252     -25.56301
-53.77536     -25.57719
-53.77466     -25.57973
-53.7753      -25.59763
-53.78029     -25.60579
-53.79332     -25.6113
-53.80043     -25.61254
-53.80877     -25.61192
-53.81626     -25.60765
-53.82015     -25.6007
-53.81829     -25.58535
-53.79821     -25.55818
-53.79762     -25.55452
-53.79982     -25.55093
-53.80104     -25.54894
-53.80679     -25.54608
-53.81311     -25.54573
-53.82027     -25.5495
-53.83832     -25.56454
-53.85551     -25.57523
-53.88106     -25.59724
-53.88845     -25.59962
-53.89832     -25.59989
-53.90736     -25.59696
-53.91344     -25.59286
-53.92804     -25.58302
-53.93889     -25.58189
-53.95325     -25.58987
-53.97879     -25.58936
-53.98811     -25.5878
-53.99409     -25.58377
-54.0027      -25.57373
-54.01251     -25.57169
-54.02243     -25.57356
-54.03748     -25.58932
-54.04364     -25.59264
-54.06061     -25.59367
-54.06609     -25.58989
-54.07057     -25.58704
-54.07418     -25.57962
-54.07725     -25.5807
-54.07962     -25.58456
-54.07637     -25.60689
-54.07899     -25.62038
-54.08215     -25.6256
-54.08625     -25.62758
-54.10447     -25.62743
-54.11014     -25.62134
-54.12567     -25.58946
-54.13228     -25.57588
-54.13527     -25.56434
-54.13267     -25.55131
-54.11764     -25.52706
-54.10414     -25.51288
-54.10828     -25.5066
-54.11333     -25.50649
-54.12102     -25.51069
-54.13656     -25.52437
-54.13809     -25.52571
-54.15813     -25.54801
-54.16432     -25.55293
-54.17065     -25.5528
-54.18134     -25.54988
-54.18936     -25.54769
-54.19074     -25.54769
-54.19309     -25.54774
-54.19859     -25.54784
-54.20503     -25.55229
-54.20748     -25.55912
-54.20558     -25.56399
-54.18225     -25.57137
-54.17458     -25.5782
-54.17301     -25.58223
-54.17197     -25.58491
-54.17441     -25.59106
-54.17954     -25.59393
-54.18236     -25.59525
-54.20004     -25.59418
-54.20931     -25.59076
-54.21985     -25.58133
-54.22613     -25.57571
-54.23196     -25.57604
-54.23453     -25.57782
-54.2358      -25.58743
-54.235       -25.59572
-54.23695     -25.60256
-54.24112     -25.60706
-54.24673     -25.60877
-54.25278     -25.60772
-54.26126     -25.6034
-54.2704      -25.59471
-54.28044     -25.57268
-54.28412     -25.56823
-54.28762     -25.56677
-54.29499     -25.56799
-54.30279     -25.57064
-54.3172      -25.57553
-54.32416     -25.5802
-54.34096     -25.61218
-54.3446      -25.61555
-54.35022     -25.61772
-54.35579     -25.61759
-54.36659     -25.61459
-54.37334     -25.60571
-54.37801     -25.60652
-54.38265     -25.60963
-54.38583     -25.61484
-54.38542     -25.62747
-54.38599     -25.63243
-54.38708     -25.6419
-54.39372     -25.65322
-54.39842     -25.65817
-54.40537     -25.66237
-54.41709     -25.66485
-54.42076     -25.66936
-54.42124     -25.67784
-54.41802     -25.6894
-54.41804     -25.69904
-54.42021     -25.7045
-54.42436     -25.70785
-54.43406     -25.71061
-54.4419      -25.71019
-54.44537     -25.70736
-54.44701     -25.70273
-54.44581     -25.69587
-54.43741     -25.70341
-54.43462     -25.70348
-54.43177     -25.70102
-54.42987     -25.68752
-54.4312      -25.67165
-54.42849     -25.66528
-54.42222     -25.65853
-54.40496     -25.64769
-54.39899     -25.64231
-54.39419     -25.63347
-54.39271     -25.62593
-54.39358     -25.61121
-54.39244     -25.60688
-54.39174     -25.60631
-54.38804     -25.60331
-54.38064     -25.60118
-54.36825     -25.60123
-54.35372     -25.60661
-54.35093     -25.60645
-54.34574     -25.60174
-54.33605     -25.58015
-54.33188     -25.57589
-54.32234     -25.5733
-54.31675     -25.57178
-54.31113     -25.57025
-54.30112     -25.56097
-54.29576     -25.55902
-54.28769     -25.55989
-54.28229     -25.56322
-54.27997     -25.56465
-54.27577     -25.56819
-54.26146     -25.58701
-54.25181     -25.59971
-54.24651     -25.60051
-54.24342     -25.59829
-54.24126     -25.59328
-54.24256     -25.57535
-54.24013     -25.56943
-54.23755     -25.56742
-54.23096     -25.56711
-54.22296     -25.57072
-54.20911     -25.58296
-54.20035     -25.58733
-54.19849     -25.58827
-54.19601     -25.58908
-54.194       -25.58927
-54.18425     -25.59016
-54.18011     -25.58848
-54.17888     -25.58798
-54.17652     -25.58458
-54.17817     -25.58048
-54.17884     -25.57912
-54.18068     -25.5777
-54.18387     -25.57524
-54.19487     -25.57041
-54.20648     -25.56812
-54.20922     -25.56758
-54.2139      -25.56289
-54.21504     -25.55781
-54.21127     -25.54917
-54.20225     -25.54271
-54.17275     -25.54633
-54.1664      -25.54508
-54.15943     -25.53972
-54.14508     -25.52212
-54.12699     -25.50643
-54.11545     -25.50002
-54.10786     -25.49995
-54.10187     -25.50283
-54.09818     -25.50704
-54.09603     -25.51236
-54.09622     -25.51971
-54.09899     -25.52929
-54.10297     -25.53701
-54.1218      -25.56164
-54.1253      -25.57029
-54.11124     -25.60456
-54.10347     -25.61781
-54.09801     -25.62228
-54.08892     -25.62293
-54.0882      -25.62136
-54.0833      -25.61065
-54.08385     -25.60215
-54.08775     -25.5961
-54.08864     -25.59126
-54.08306     -25.58058
-54.08232     -25.57119
-54.07782     -25.56301
-54.06951     -25.56433
-54.06333     -25.5702
-54.05878     -25.58085
-54.05356     -25.58486
-54.04801     -25.58544
-54.04064     -25.58398
-54.03523     -25.57996
-54.03177     -25.57291
-54.02823     -25.56984
-54.02479     -25.56686
-54.01715     -25.56448
-54.00476     -25.56473
-53.99927     -25.56783
-53.99013     -25.57982
-53.98792     -25.58113
-53.98486     -25.58389
-53.97566     -25.58552
-53.96218     -25.58257
-53.93387     -25.5728
-53.92654     -25.57317
-53.92029     -25.57628
-53.90788     -25.58639
-53.90091     -25.59158
-53.89461     -25.59239
-53.88723     -25.59069
-53.86804     -25.57447
-53.85988     -25.56757
-53.8491      -25.56066
-53.83123     -25.55297
-53.8214      -25.54351
-53.81552     -25.54041
-53.80387     -25.53994
-53.79761     -25.54281
-53.79323     -25.55024
-53.79232     -25.55484
-53.7932      -25.56034
-53.80555     -25.58099
-53.80868     -25.58838
-53.81009     -25.5917
-53.80844     -25.59747
-53.80025     -25.60428
-53.78886     -25.60403
-53.78321     -25.60046
-53.78134     -25.59614
-53.7789      -25.56588
-53.77545     -25.55814
-53.77156     -25.55408
-53.76697     -25.55232
-53.75812     -25.55249
-53.74844     -25.5607
-53.74409     -25.57019
-53.74112     -25.573
-53.7386      -25.5742
-53.7321      -25.57729
-53.72417     -25.58478
-53.71765     -25.58766
-53.71183     -25.58753
-53.70644     -25.58396
-53.70538     -25.58145
-53.70606     -25.57776
-53.71581     -25.5606
-53.7179      -25.55207
-53.71624     -25.54544
-53.71054     -25.53889
-53.70316     -25.53673
-53.69698     -25.53156
-53.6885      -25.51312
-53.68259     -25.50863
-53.67044     -25.50793
-53.66416     -25.50987
-53.64644     -25.5212
-53.63064     -25.52745
-53.60149     -25.561
-53.59477     -25.5664
-53.58899     -25.56787
-53.58164     -25.56731
-53.57729     -25.56463
-53.57467     -25.56031
-53.57471     -25.55919
-53.57483     -25.55572
-53.5811      -25.54046
-53.58199     -25.53448
-53.57849     -25.52421
-53.57197     -25.51399
-53.56556     -25.50974
-53.55748     -25.5101
-53.5487      -25.51347
-53.54347     -25.51792
-53.53884     -25.52648
-53.54106     -25.53632
-53.54017     -25.5423
-53.53445     -25.54721
-53.51368     -25.54572
-53.50467     -25.55046
-53.49863     -25.55171
-53.49786     -25.54625
-53.49686     -25.53911
-53.48254     -25.53085
-53.47572     -25.53119
-53.46569     -25.53526
-53.45761     -25.53585
-53.45427     -25.53315
-53.44831     -25.51212
-53.44371     -25.5099
-53.41838     -25.50709
-53.39157     -25.50636
-53.38954     -25.5074
-53.38556     -25.50944
-53.3806      -25.5148
-53.36955     -25.53241
-53.36431     -25.5364
-53.35572     -25.53699
-53.35086     -25.53385
-53.34666     -25.52519
-53.34778     -25.51737
-53.35382     -25.5019
-53.35424     -25.49707
-53.35135     -25.49092
-53.34262     -25.48325
-53.33522     -25.47969
-53.32991     -25.47908
-53.32285     -25.48056
 1             4             2 
1
 -9999.0   ,   9990.0
   7
 9 
-54.1271      -25.55725
-54.12677     -25.56127
-54.11788     -25.5468
-54.11242     -25.54072
-54.11127     -25.5343
-54.11041     -25.52957
-54.12038     -25.54537
-54.12741     -25.55349
-54.1271      -25.55725
 1 
 1             5             
1
 -9999.0   ,   9990.0
   7
 93 
-54.59664     -25.82084
-54.59384     -25.82022
-54.58917     -25.82538
-54.58587     -25.83396
-54.58555     -25.8404
-54.59802     -25.87614
-54.60812     -25.89174
-54.61256     -25.90426
-54.61703     -25.91816
-54.6169      -25.93079
-54.61444     -25.94211
-54.6058      -25.95908
-54.6061      -25.96918
-54.60809     -25.97625
-54.60571     -25.98159
-54.62219     -25.98945
-54.64017     -25.98547
-54.6444      -25.98454
-54.66246     -25.98547
-54.66838     -25.9883
-54.67286     -25.9937
-54.67514     -26.00168
-54.67586     -26.00901
-54.6654      -26.03743
-54.65847     -26.04711
-54.64644     -26.06969
-54.64257     -26.08012
-54.64197     -26.08174
-54.6398      -26.10269
-54.64184     -26.11137
-54.64669     -26.1202
-54.65248     -26.12695
-54.67101     -26.14256
-54.67199     -26.14966
-54.66621     -26.16886
-54.66232     -26.17493
-54.65211     -26.1823
-54.6443      -26.1848
-54.64162     -26.18877
-54.6361      -26.1912
-54.61919     -26.20425
-54.61415     -26.21448
-54.62174     -26.22164
-54.62534     -26.2057
-54.63129     -26.20051
-54.65661     -26.18817
-54.66455     -26.18131
-54.66577     -26.17911
-54.674       -26.16431
-54.67685     -26.15918
-54.67745     -26.14516
-54.67292     -26.13861
-54.65383     -26.12094
-54.65011     -26.11552
-54.6466      -26.10046
-54.64587     -26.09312
-54.64818     -26.07676
-54.6637      -26.05203
-54.66934     -26.03798
-54.68076     -26.01969
-54.68269     -26.00682
-54.68287     -26.00562
-54.68144     -26.00105
-54.67837     -25.99127
-54.6749      -25.98561
-54.67261     -25.98391
-54.67095     -25.98268
-54.66892     -25.98117
-54.65744     -25.97916
-54.62926     -25.9794
-54.61513     -25.97401
-54.60904     -25.96812
-54.60853     -25.96528
-54.60844     -25.96227
-54.60839     -25.96062
-54.60946     -25.95909
-54.61315     -25.95378
-54.61394     -25.95264
-54.61499     -25.9507
-54.61758     -25.94595
-54.62382     -25.93315
-54.62337     -25.92894
-54.62194     -25.91557
-54.62179     -25.91419
-54.62053     -25.90992
-54.61855     -25.90421
-54.61695     -25.89957
-54.61671     -25.89887
-54.61233     -25.88796
-54.60273     -25.87236
-54.59249     -25.84344
-54.59146     -25.83428
-54.59664     -25.82084
 1 
 1             6             
1
 -9999.0   ,   9990.0
   7
 14 
-54.62174     -26.22164
-54.62186     -26.22577
-54.62659     -26.23048
-54.65461     -26.24839
-54.66236     -26.25187
-54.67544     -26.26372
-54.6773      -26.26345
-54.67646     -26.26121
-54.67388     -26.25434
-54.67459     -26.25225
-54.67152     -26.25187
-54.65805     -26.24417
-54.63182     -26.22667
-54.62174     -26.22164
 1 
 1             7             
1
 -9999.0   ,   9990.0
   7
 122 
-54.68246     -26.27629
-54.68103     -26.27687
-54.6666      -26.28277
-54.66164     -26.28703
-54.65776     -26.29356
-54.65042     -26.29511
-54.64646     -26.29889
-54.64366     -26.30745
-54.64549     -26.31752
-54.65004     -26.32475
-54.6613      -26.33481
-54.67168     -26.34971
-54.67453     -26.35951
-54.68161     -26.36623
-54.69129     -26.38275
-54.69395     -26.39463
-54.69235     -26.40914
-54.69249     -26.43876
-54.6997      -26.45765
-54.69877     -26.46089
-54.70314     -26.4617
-54.72403     -26.47771
-54.75626     -26.50514
-54.77441     -26.51409
-54.78957     -26.53079
-54.79582     -26.53766
-54.80091     -26.54557
-54.80385     -26.55767
-54.80323     -26.56228
-54.79962     -26.56926
-54.78648     -26.58177
-54.78342     -26.59012
-54.78036     -26.61455
-54.77918     -26.62583
-54.78094     -26.63291
-54.78866     -26.64545
-54.79906     -26.65679
-54.81164     -26.67485
-54.82237     -26.68261
-54.8316      -26.68351
-54.83867     -26.6808
-54.84864     -26.67257
-54.85109     -26.67055
-54.85919     -26.66717
-54.87242     -26.66545
-54.88267     -26.66655
-54.90882     -26.67272
-54.90998     -26.67332
-54.91791     -26.67707
-54.9245      -26.68211
-54.93218     -26.68798
-54.9372      -26.69267
-54.94155     -26.70059
-54.94177     -26.7015
-54.9439      -26.70995
-54.93889     -26.74431
-54.94114     -26.75826
-54.94766     -26.77761
-54.95684     -26.7923
-54.9616      -26.79699
-54.96285     -26.79604
-54.97878     -26.79791
-54.99573     -26.79714
-55           -26.79695
-55           -26.78956
-54.9788      -26.79102
-54.97341     -26.79048
-54.96666     -26.78744
-54.95849     -26.78008
-54.95217     -26.76693
-54.94865     -26.75324
-54.94855     -26.74727
-54.94837     -26.73693
-54.95107     -26.71044
-54.94725     -26.69516
-54.93924     -26.6848
-54.93303     -26.67922
-54.93081     -26.67722
-54.90513     -26.66573
-54.8889      -26.66134
-54.87222     -26.65925
-54.86026     -26.66094
-54.85117     -26.66417
-54.83268     -26.67751
-54.82709     -26.67858
-54.82299     -26.678
-54.81725     -26.67447
-54.81192     -26.66429
-54.80882     -26.65838
-54.79304     -26.63604
-54.78895     -26.62788
-54.78689     -26.61898
-54.78943     -26.60237
-54.80494     -26.57601
-54.80725     -26.5699
-54.80871     -26.56604
-54.80897     -26.56388
-54.80973     -26.55774
-54.80789     -26.54814
-54.80478     -26.53858
-54.79645     -26.52547
-54.77626     -26.5083
-54.76939     -26.50457
-54.75524     -26.4969
-54.74711     -26.48949
-54.72531     -26.46963
-54.71555     -26.45908
-54.71449     -26.45724
-54.70128     -26.43441
-54.69883     -26.42092
-54.7027      -26.38936
-54.70067     -26.38114
-54.67776     -26.34841
-54.67173     -26.34258
-54.66988     -26.34079
-54.66395     -26.33015
-54.65402     -26.32167
-54.65203     -26.31483
-54.65308     -26.30745
-54.66635     -26.2915
-54.67311     -26.28766
-54.68246     -26.27629
 1 
 1             8             
1
 -9999.0   ,   9990.0
   7
 10 
-51.39413     -26.41422
-51.40279     -26.41353
-51.40509     -26.411
-51.40381     -26.40985
-51.39642     -26.41078
-51.39438     -26.40963
-51.38623     -26.40482
-51.38648     -26.40895
-51.39056     -26.41377
-51.39413     -26.41422
 1 
 1             9             
1
 -9999.0   ,   9990.0
   7
 27 
-51.82579     -26.86373
-51.83143     -26.86646
-51.83731     -26.86529
-51.84547     -26.85998
-51.84905     -26.86042
-51.8524      -26.86385
-51.85853     -26.86291
-51.86977     -26.85735
-51.87461     -26.85319
-51.86512     -26.84841
-51.861       -26.84338
-51.85742     -26.84408
-51.84948     -26.84205
-51.8477      -26.84389
-51.85002     -26.84687
-51.85004     -26.85054
-51.84518     -26.85286
-51.8375      -26.85082
-51.83008     -26.85177
-51.8237      -26.85478
-51.81882     -26.85089
-51.81268     -26.85069
-51.81064     -26.85368
-51.81193     -26.85483
-51.81705     -26.85458
-51.81963     -26.86122
-51.82579     -26.86373
 1 
 1             10            
1
 -9999.0   ,   9990.0
   7
 11 
-51.94114     -26.94681
-51.94497     -26.94496
-51.95061     -26.94562
-51.95187     -26.94286
-51.9498      -26.93943
-51.94443     -26.93945
-51.93364     -26.93376
-51.93006     -26.9347
-51.93495     -26.94018
-51.93729     -26.94614
-51.94114     -26.94681
 1 
 1             11            
1
 -9999.0   ,   9990.0
   7
 1214 
-53.34853     -27.10604
-53.33771     -27.11769
-53.33058     -27.12032
-53.29982     -27.1217
-53.29319     -27.12409
-53.28865     -27.12806
-53.28541     -27.13362
-53.28296     -27.14008
-53.28308     -27.14651
-53.28631     -27.15497
-53.29504     -27.16999
-53.3121      -27.19087
-53.31663     -27.19999
-53.31783     -27.20939
-53.31689     -27.214
-53.31269     -27.21658
-53.29999     -27.20276
-53.288       -27.19261
-53.24115     -27.17009
-53.23188     -27.16861
-53.22346     -27.17148
-53.2014      -27.18695
-53.19503     -27.18957
-53.18632     -27.19038
-53.18115     -27.18861
-53.17777     -27.1859
-53.17326     -27.17747
-53.1718      -27.17265
-53.17028     -27.16763
-53.16991     -27.14559
-53.16646     -27.13898
-53.15595     -27.13958
-53.14602     -27.14408
-53.13921     -27.15152
-53.13013     -27.17644
-53.12347     -27.17746
-53.11935     -27.17659
-53.10689     -27.16757
-53.09383     -27.16351
-53.07852     -27.15876
-53.06969     -27.15221
-53.06807     -27.14718
-53.06974     -27.14261
-53.06999     -27.14189
-53.07185     -27.13679
-53.0779      -27.12018
-53.07979     -27.1096
-53.0755      -27.09817
-53.06616     -27.09117
-53.05762     -27.08669
-53.04294     -27.08228
-53.0301      -27.08203
-53.02883     -27.082
-53.02271     -27.08415
-53.01714     -27.08904
-53.01093     -27.10198
-53.01673     -27.11201
-53.02817     -27.1222
-53.03707     -27.13403
-53.03974     -27.14088
-53.0373      -27.14849
-53.03351     -27.15222
-53.0251      -27.156
-53.02076     -27.15402
-53.01988     -27.15225
-53.01382     -27.14007
-53.0029      -27.13056
-52.9967      -27.12788
-52.99209     -27.12839
-52.98701     -27.1319
-52.98366     -27.13954
-52.97808     -27.15222
-52.97874     -27.16163
-52.98193     -27.16917
-52.99446     -27.18325
-52.99766     -27.19079
-52.9975      -27.197
-52.99501     -27.20208
-52.98969     -27.20697
-52.98128     -27.21121
-52.97462     -27.21221
-52.97229     -27.21109
-52.97069     -27.2072
-52.97172     -27.18997
-52.97033     -27.17794
-52.96966     -27.17207
-52.96593     -27.16294
-52.96097     -27.15772
-52.9504      -27.1544
-52.94299     -27.15632
-52.93588     -27.16146
-52.93287     -27.16609
-52.9319      -27.18652
-52.93113     -27.18804
-52.92981     -27.18976
-52.92557     -27.19307
-52.91896     -27.19477
-52.91735     -27.19452
-52.90914     -27.19324
-52.9024      -27.18919
-52.89484     -27.18078
-52.88531     -27.17378
-52.87176     -27.16383
-52.86222     -27.16026
-52.85042     -27.1604
-52.84356     -27.16576
-52.84159     -27.17175
-52.84141     -27.19586
-52.80697     -27.19281
-52.78366     -27.19605
-52.76626     -27.2006
-52.75452     -27.20578
-52.75279     -27.21108
-52.75466     -27.23609
-52.75372     -27.24322
-52.74766     -27.25109
-52.74278     -27.25137
-52.73837     -27.24775
-52.72943     -27.23153
-52.72632     -27.22881
-52.71784     -27.22844
-52.71197     -27.23103
-52.70727     -27.23518
-52.7046      -27.23753
-52.70011     -27.24769
-52.6998      -27.26491
-52.69781     -27.26953
-52.69399     -27.27232
-52.68601     -27.27125
-52.68159     -27.26694
-52.67839     -27.25664
-52.67692     -27.24149
-52.673       -27.23602
-52.66574     -27.23081
-52.66086     -27.23063
-52.63963     -27.25022
-52.6347      -27.25477
-52.62676     -27.25669
-52.61186     -27.25637
-52.60233     -27.25371
-52.58703     -27.24053
-52.58239     -27.23897
-52.56622     -27.24004
-52.54486     -27.23518
-52.53793     -27.23571
-52.53215     -27.2477
-52.52733     -27.2528
-52.4925      -27.26206
-52.48556     -27.26166
-52.48282     -27.25965
-52.48221     -27.25657
-52.48208     -27.25601
-52.48252     -27.25239
-52.48396     -27.24648
-52.48522     -27.24131
-52.48608     -27.23778
-52.48476     -27.23388
-52.47932     -27.2298
-52.46413     -27.22511
-52.4472      -27.21626
-52.44425     -27.21471
-52.43319     -27.21297
-52.42859     -27.21461
-52.42528     -27.21785
-52.42508     -27.22314
-52.42875     -27.23539
-52.43517     -27.25681
-52.43473     -27.26347
-52.41357     -27.27949
-52.40206     -27.28487
-52.39826     -27.28426
-52.39805     -27.28351
-52.39663     -27.28101
-52.39738     -27.2783
-52.40203     -27.26159
-52.40277     -27.25894
-52.40207     -27.25691
-52.40097     -27.2525
-52.39838     -27.24999
-52.39221     -27.24913
-52.38657     -27.25055
-52.37739     -27.25728
-52.37668     -27.29013
-52.37314     -27.29658
-52.36545     -27.29802
-52.352       -27.28825
-52.34761     -27.28622
-52.34144     -27.28627
-52.33606     -27.28768
-52.32125     -27.29767
-52.31387     -27.30485
-52.30057     -27.31183
-52.29722     -27.31163
-52.29437     -27.30798
-52.2942      -27.30675
-52.29389     -27.30409
-52.294       -27.30355
-52.29534     -27.29958
-52.29642     -27.29639
-52.2971      -27.2946
-52.30645     -27.27987
-52.30768     -27.27343
-52.30529     -27.26426
-52.30011     -27.25994
-52.25923     -27.25426
-52.23923     -27.25785
-52.23232     -27.26111
-52.22802     -27.26964
-52.23089     -27.27467
-52.23915     -27.27966
-52.25949     -27.28549
-52.26518     -27.28958
-52.26752     -27.2937
-52.26705     -27.29853
-52.26399     -27.30062
-52.23777     -27.29919
-52.23009     -27.30315
-52.22681     -27.30979
-52.21973     -27.32412
-52.21564     -27.3269
-52.21178     -27.32647
-52.20736     -27.32029
-52.19973     -27.29807
-52.18805     -27.28276
-52.18055     -27.27569
-52.17153     -27.27184
-52.16331     -27.27098
-52.15436     -27.27655
-52.15132     -27.28277
-52.15612     -27.29273
-52.16123     -27.30337
-52.1605      -27.30797
-52.15459     -27.30754
-52.13087     -27.29736
-52.12034     -27.29765
-52.11009     -27.30047
-52.10319     -27.30602
-52.09811     -27.31478
-52.09661     -27.32145
-52.10211     -27.33588
-52.09959     -27.34256
-52.09445     -27.34328
-52.08427     -27.33831
-52.07537     -27.33397
-52.06869     -27.33447
-52.05075     -27.34215
-52.04279     -27.34334
-52.03559     -27.34246
-52.03017     -27.33927
-52.02189     -27.33036
-52.01545     -27.3281
-52.008       -27.32837
-52.00544     -27.33022
-52.00215     -27.33713
-52.00373     -27.344
-52.01124     -27.35315
-52.01281     -27.3582
-52.0108      -27.36487
-52.00386     -27.37085
-51.99929     -27.3748
-51.99312     -27.37552
-51.98668     -27.37326
-51.97561     -27.37033
-51.96405     -27.37084
-51.94942     -27.37642
-51.94353     -27.38036
-51.93945     -27.38704
-51.93999     -27.39071
-51.94283     -27.39391
-51.95082     -27.3964
-51.96163     -27.39749
-51.98451     -27.39669
-51.99481     -27.39917
-51.9979      -27.40122
-51.99896     -27.4058
-51.99436     -27.40996
-51.98507     -27.41025
-51.96762     -27.41078
-51.94296     -27.41618
-51.93016     -27.42795
-51.92712     -27.43532
-51.93078     -27.44724
-51.93724     -27.45273
-51.94989     -27.45909
-51.95273     -27.46229
-51.95379     -27.46711
-51.95098     -27.47172
-51.94558     -27.47151
-51.93545     -27.46447
-51.92853     -27.45965
-51.91512     -27.45374
-51.90766     -27.45355
-51.89944     -27.45726
-51.89637     -27.46003
-51.89306     -27.46716
-51.89217     -27.4938
-51.88761     -27.50898
-51.87941     -27.51682
-51.87452     -27.51638
-51.87269     -27.5118
-51.8798      -27.4911
-51.87718     -27.4817
-51.87642     -27.48086
-51.87278     -27.47689
-51.86556     -27.47302
-51.84549     -27.4731
-51.83855     -27.47588
-51.83548     -27.47957
-51.83475     -27.48876
-51.83814     -27.49931
-51.84697     -27.51558
-51.84391     -27.52087
-51.82173     -27.51132
-51.81246     -27.51158
-51.80681     -27.51459
-51.80409     -27.51782
-51.79733     -27.52587
-51.79322     -27.52681
-51.78729     -27.52568
-51.78984     -27.52039
-51.80267     -27.50932
-51.80598     -27.50058
-51.80388     -27.49186
-51.79948     -27.48614
-51.79587     -27.48454
-51.77889     -27.48644
-51.7709      -27.48394
-51.74466     -27.48426
-51.7367      -27.48888
-51.73553     -27.49059
-51.7262      -27.5043
-51.72158     -27.50822
-51.719       -27.50593
-51.71069     -27.4862
-51.70424     -27.48025
-51.69135     -27.47386
-51.68208     -27.47251
-51.67745     -27.47413
-51.66746     -27.48656
-51.6649      -27.49277
-51.66468     -27.50563
-51.66264     -27.51046
-51.65956     -27.51299
-51.65696     -27.5132
-51.65364     -27.51346
-51.65106     -27.51117
-51.64431     -27.4919
-51.63915     -27.48709
-51.63117     -27.48505
-51.62345     -27.48575
-51.61703     -27.49036
-51.61242     -27.50071
-51.61192     -27.50599
-51.62048     -27.53307
-51.61973     -27.54134
-51.61535     -27.54135
-51.60377     -27.53079
-51.59574     -27.52347
-51.58956     -27.5212
-51.57591     -27.52168
-51.57335     -27.52513
-51.57233     -27.53042
-51.57858     -27.5637
-51.57499     -27.57174
-51.57011     -27.57749
-51.56342     -27.57912
-51.5598      -27.57476
-51.55566     -27.56306
-51.55178     -27.55732
-51.5456      -27.55435
-51.54341     -27.55451
-51.52912     -27.55553
-51.51778     -27.55256
-51.50465     -27.55166
-51.48225     -27.55583
-51.47556     -27.56272
-51.47222     -27.56916
-51.46478     -27.59305
-51.45964     -27.59765
-51.44856     -27.60248
-51.4393      -27.61168
-51.43132     -27.61995
-51.42797     -27.62846
-51.42953     -27.64476
-51.4267      -27.65119
-51.42103     -27.65166
-51.41691     -27.64844
-51.41071     -27.63536
-51.40452     -27.63008
-51.38854     -27.62091
-51.38184     -27.62114
-51.36716     -27.63172
-51.36433     -27.63654
-51.36323     -27.6426
-51.36304     -27.64366
-51.36794     -27.65835
-51.36742     -27.66341
-51.3633      -27.67053
-51.35634     -27.67696
-51.3517      -27.67765
-51.33133     -27.66962
-51.32308     -27.66824
-51.3138      -27.671
-51.31097     -27.6733
-51.30607     -27.68294
-51.30477     -27.69465
-51.29807     -27.69971
-51.29652     -27.70315
-51.30064     -27.71211
-51.30064     -27.71279
-51.30064     -27.71509
-51.29754     -27.71946
-51.29212     -27.72198
-51.28439     -27.72244
-51.27665     -27.72014
-51.27098     -27.7206
-51.2653      -27.7245
-51.26401     -27.72933
-51.26658     -27.73943
-51.26271     -27.74655
-51.24077     -27.75733
-51.23818     -27.76032
-51.2374      -27.77134
-51.23043     -27.77524
-51.22399     -27.76582
-51.21934     -27.76605
-51.21414     -27.76774
-51.2116      -27.76857
-51.19869     -27.77614
-51.19224     -27.77545
-51.17959     -27.77773
-51.16874     -27.7876
-51.15014     -27.79906
-51.13        -27.80041
-51.12612     -27.805
-51.12557     -27.82406
-51.12427     -27.82842
-51.12117     -27.83048
-51.11652     -27.82979
-51.10621     -27.82427
-51.10001     -27.82288
-51.08943     -27.82401
-51.08013     -27.82698
-51.07573     -27.83111
-51.0726      -27.84213
-51.0767      -27.85614
-51.0754      -27.86027
-51.07229     -27.86394
-51.06764     -27.86554
-51.05266     -27.8646
-51.05097     -27.86625
-51.04774     -27.86941
-51.04696     -27.87193
-51.05207     -27.8933
-51.04946     -27.9011
-51.04454     -27.905
-51.02333     -27.91414
-51.01556     -27.92033
-51.01062     -27.93111
-51.01471     -27.94719
-51.01417     -27.9527
-51.01157     -27.95867
-51.00638     -27.96394
-51.00232     -27.96641
-51.0021      -27.96879
-51.00533     -27.96968
-51.0118      -27.96877
-51.01931     -27.96373
-51.02296     -27.95318
-51.02145     -27.9394
-51.02225     -27.93067
-51.03106     -27.92243
-51.05021     -27.91259
-51.05642     -27.90778
-51.06031     -27.90204
-51.06162     -27.89538
-51.05753     -27.87815
-51.05777     -27.87755
-51.05961     -27.87287
-51.079       -27.86694
-51.08185     -27.86373
-51.08182     -27.86063
-51.08179     -27.85785
-51.08174     -27.85321
-51.08169     -27.84765
-51.08211     -27.84287
-51.08218     -27.84205
-51.08267     -27.84136
-51.08501     -27.83801
-51.09379     -27.83252
-51.10232     -27.83276
-51.11909     -27.83852
-51.1258      -27.83807
-51.13149     -27.8344
-51.13356     -27.82889
-51.13253     -27.82402
-51.13171     -27.82012
-51.13075     -27.81557
-51.13308     -27.8096
-51.13467     -27.80952
-51.13718     -27.80939
-51.15064     -27.80871
-51.16174     -27.80458
-51.18311     -27.7877
-51.18991     -27.78233
-51.19392     -27.78195
-51.20643     -27.78074
-51.21546     -27.77638
-51.22011     -27.7757
-51.23068     -27.78167
-51.23945     -27.78144
-51.24773     -27.76468
-51.24975     -27.76297
-51.25341     -27.75986
-51.26915     -27.75436
-51.27405     -27.74908
-51.27638     -27.74242
-51.27432     -27.73392
-51.27716     -27.72933
-51.29677     -27.72864
-51.30115     -27.7268
-51.30812     -27.72129
-51.31044     -27.71762
-51.31018     -27.71302
-51.30735     -27.70774
-51.31328     -27.6981
-51.31638     -27.68662
-51.31509     -27.68202
-51.31664     -27.67904
-51.32283     -27.67674
-51.33391     -27.67674
-51.35454     -27.68408
-51.36046     -27.68293
-51.36459     -27.6804
-51.36692     -27.67826
-51.37003     -27.67541
-51.37387     -27.6719
-51.37567     -27.66727
-51.37799     -27.66133
-51.37726     -27.65741
-51.37581     -27.64968
-51.37438     -27.64205
-51.37669     -27.63538
-51.38107     -27.63171
-51.38597     -27.63078
-51.39937     -27.63629
-51.40504     -27.64134
-51.40943     -27.65419
-51.41227     -27.65832
-51.42207     -27.65877
-51.4298      -27.65647
-51.43258     -27.65288
-51.43443     -27.65049
-51.43515     -27.64774
-51.43657     -27.64222
-51.43714     -27.63849
-51.43777     -27.63439
-51.43799     -27.63101
-51.43828     -27.62638
-51.44162     -27.62178
-51.4435      -27.62033
-51.44474     -27.61836
-51.44786     -27.61484
-51.45485     -27.60697
-51.45548     -27.60625
-51.46763     -27.60522
-51.47252     -27.60338
-51.47689     -27.59717
-51.48023     -27.5889
-51.48166     -27.58146
-51.48252     -27.57702
-51.4827      -27.57637
-51.48442     -27.57399
-51.48574     -27.57165
-51.48768     -27.56868
-51.4942      -27.56453
-51.49753     -27.56241
-51.51188     -27.56267
-51.52914     -27.56678
-51.54588     -27.56675
-51.54923     -27.56904
-51.55106     -27.58075
-51.55442     -27.58533
-51.55776     -27.58694
-51.56549     -27.586
-51.57398     -27.583
-51.58119     -27.57747
-51.58477     -27.5692
-51.58523     -27.56007
-51.58551     -27.5545
-51.5816      -27.53246
-51.58314     -27.52764
-51.59293     -27.53198
-51.60893     -27.54779
-51.61486     -27.55053
-51.62335     -27.5489
-51.62771     -27.54246
-51.63026     -27.53235
-51.62247     -27.5039
-51.623       -27.50253
-51.62425     -27.4993
-51.62965     -27.49538
-51.63557     -27.49514
-51.63918     -27.49765
-51.64228     -27.50339
-51.64361     -27.51923
-51.64697     -27.5229
-51.65238     -27.52403
-51.65881     -27.52286
-51.67397     -27.51295
-51.67729     -27.50398
-51.67827     -27.48653
-51.68289     -27.48376
-51.69061     -27.48397
-51.69886     -27.48624
-51.70406     -27.49044
-51.70453     -27.49082
-51.71387     -27.51237
-51.7198      -27.51557
-51.72752     -27.51532
-51.73599     -27.50863
-51.74471     -27.49758
-51.75138     -27.49297
-51.75704     -27.4918
-51.77378     -27.49473
-51.78768     -27.49514
-51.79103     -27.4965
-51.79285     -27.50063
-51.78184     -27.5156
-51.77775     -27.52204
-51.77828     -27.52732
-51.78216     -27.53144
-51.78758     -27.53326
-51.79383     -27.53257
-51.80276     -27.53159
-51.81893     -27.51868
-51.82768     -27.51933
-51.83336     -27.52253
-51.84265     -27.52639
-51.84805     -27.52568
-51.85318     -27.52175
-51.85599     -27.51669
-51.85466     -27.50843
-51.84632     -27.48734
-51.8499      -27.48066
-51.86405     -27.47946
-51.86766     -27.48151
-51.87052     -27.48884
-51.86471     -27.51114
-51.86603     -27.51734
-51.86787     -27.51924
-51.86914     -27.52054
-51.87842     -27.52372
-51.88382     -27.523
-51.89101     -27.51907
-51.89818     -27.51284
-51.90226     -27.50501
-51.90349     -27.49261
-51.90158     -27.47195
-51.90526     -27.46369
-51.90815     -27.46108
-51.91284     -27.4611
-51.93059     -27.46709
-51.93208     -27.46759
-51.94511     -27.47955
-51.94612     -27.4796
-51.9536      -27.47997
-51.96336     -27.47556
-51.96615     -27.4682
-51.96379     -27.46086
-51.95964     -27.45583
-51.94185     -27.44834
-51.93719     -27.44308
-51.93689     -27.43573
-51.93867     -27.43274
-51.94687     -27.42604
-51.95944     -27.41955
-51.97253     -27.41627
-51.99282     -27.41807
-51.99698     -27.41844
-52.00288     -27.41589
-52.00722     -27.41104
-52.00975     -27.40276
-52.00842     -27.39657
-52.00325     -27.39223
-51.99423     -27.38952
-51.97905     -27.38753
-51.95515     -27.38972
-51.95103     -27.38767
-51.95281     -27.38399
-51.9569      -27.38098
-51.96563     -27.37795
-51.97951     -27.37857
-51.99153     -27.38377
-51.99369     -27.3847
-51.99883     -27.38376
-52.01113     -27.37727
-52.02698     -27.36317
-52.02748     -27.36041
-52.02486     -27.35239
-52.01399     -27.3412
-52.01424     -27.33959
-52.01938     -27.33979
-52.031       -27.34868
-52.03873     -27.35094
-52.04875     -27.34997
-52.0631      -27.34323
-52.07106     -27.34226
-52.07438     -27.34237
-52.08288     -27.34265
-52.08726     -27.34401
-52.09579     -27.35039
-52.10042     -27.35059
-52.10525     -27.34693
-52.10773     -27.34504
-52.11141     -27.34226
-52.11444     -27.33466
-52.10778     -27.31819
-52.10799     -27.31771
-52.10997     -27.31319
-52.11093     -27.31057
-52.11596     -27.30582
-52.13068     -27.30563
-52.14303     -27.30854
-52.15541     -27.31512
-52.16313     -27.31599
-52.16616     -27.31393
-52.17029     -27.31112
-52.17179     -27.3056
-52.16238     -27.28385
-52.16384     -27.27977
-52.16506     -27.27888
-52.16628     -27.27799
-52.17287     -27.27873
-52.17803     -27.28191
-52.18975     -27.30227
-52.20047     -27.32608
-52.20591     -27.33202
-52.21108     -27.3352
-52.21648     -27.33539
-52.22417     -27.33281
-52.2336      -27.32287
-52.24196     -27.30881
-52.24554     -27.30649
-52.26174     -27.3089
-52.27227     -27.30836
-52.2784      -27.30419
-52.28113     -27.29269
-52.27824     -27.28536
-52.26894     -27.27922
-52.24344     -27.27091
-52.24111     -27.26886
-52.24187     -27.26701
-52.24514     -27.26528
-52.24801     -27.26376
-52.25544     -27.26187
-52.28395     -27.26235
-52.28962     -27.26461
-52.29273     -27.26826
-52.29435     -27.27697
-52.28512     -27.30896
-52.28517     -27.31424
-52.28699     -27.31676
-52.29474     -27.32083
-52.30347     -27.321
-52.31218     -27.31703
-52.31774     -27.31355
-52.33517     -27.30262
-52.34024     -27.29478
-52.34161     -27.29402
-52.34279     -27.29337
-52.35024     -27.29309
-52.35359     -27.29444
-52.36423     -27.30561
-52.37067     -27.30717
-52.37681     -27.30482
-52.38191     -27.29996
-52.38224     -27.29853
-52.38256     -27.29717
-52.38394     -27.29121
-52.38404     -27.2876
-52.38357     -27.26987
-52.38349     -27.26673
-52.38333     -27.26068
-52.38613     -27.2579
-52.39012     -27.25733
-52.39067     -27.25725
-52.39334     -27.25968
-52.39372     -27.2613
-52.39468     -27.26541
-52.39102     -27.28588
-52.39287     -27.29069
-52.39623     -27.29319
-52.40138     -27.29406
-52.41009     -27.29216
-52.41674     -27.28888
-52.43812     -27.26942
-52.44242     -27.26249
-52.4449      -27.25329
-52.43777     -27.23428
-52.43663     -27.22281
-52.44151     -27.223
-52.45314     -27.23025
-52.46694     -27.23582
-52.47041     -27.23722
-52.47404     -27.24041
-52.47434     -27.24454
-52.47059     -27.25491
-52.47456     -27.26566
-52.48102     -27.26974
-52.48823     -27.27152
-52.49644     -27.27076
-52.51305     -27.26257
-52.52589     -27.26246
-52.53049     -27.26012
-52.54265     -27.24531
-52.5475      -27.24228
-52.55418     -27.24268
-52.56115     -27.2456
-52.57937     -27.24497
-52.5853      -27.24652
-52.59518     -27.25722
-52.60165     -27.26175
-52.61119     -27.26487
-52.62327     -27.26522
-52.63274     -27.2626
-52.64448     -27.25674
-52.64883     -27.25221
-52.66046     -27.24005
-52.66508     -27.23955
-52.6682      -27.2425
-52.67194     -27.2544
-52.67365     -27.26816
-52.67629     -27.27388
-52.68069     -27.27705
-52.68687     -27.27813
-52.69766     -27.27825
-52.70227     -27.2766
-52.70479     -27.27336
-52.70726     -27.26529
-52.70791     -27.24988
-52.70805     -27.24669
-52.7113      -27.23953
-52.71638     -27.23489
-52.71971     -27.23416
-52.72034     -27.2348
-52.7241      -27.23596
-52.732       -27.25149
-52.73772     -27.25671
-52.74159     -27.25851
-52.74929     -27.25842
-52.75312     -27.25632
-52.75545     -27.25374
-52.75607     -27.25305
-52.7592      -27.24959
-52.76243     -27.24152
-52.76411     -27.23209
-52.7613      -27.22042
-52.76058     -27.21743
-52.7616      -27.21183
-52.76558     -27.20727
-52.76728     -27.20643
-52.77109     -27.20457
-52.77374     -27.20328
-52.78935     -27.20087
-52.79778     -27.19957
-52.80059     -27.19944
-52.80936     -27.19903
-52.81365     -27.19903
-52.82144     -27.19953
-52.83665     -27.20442
-52.84229     -27.20389
-52.84585     -27.20156
-52.8473      -27.19534
-52.84728     -27.1873
-52.84728     -27.18563
-52.84724     -27.17238
-52.85078     -27.1682
-52.85161     -27.16808
-52.85616     -27.16745
-52.86219     -27.1682
-52.86464     -27.1685
-52.89424     -27.19273
-52.90303     -27.19653
-52.91564     -27.19914
-52.92872     -27.19829
-52.93482     -27.19432
-52.93782     -27.18831
-52.94012     -27.1706
-52.94339     -27.16597
-52.95104     -27.16243
-52.9572      -27.16258
-52.96085     -27.16644
-52.96113     -27.16766
-52.96277     -27.17469
-52.96406     -27.20981
-52.96825     -27.21527
-52.97497     -27.2184
-52.98524     -27.21851
-52.99468     -27.21425
-53.00202     -27.20727
-53.006       -27.19941
-53.00687     -27.18907
-53.00394     -27.18222
-52.99292     -27.16961
-52.98984     -27.16609
-52.98611     -27.15718
-52.99006     -27.14679
-52.9951      -27.14053
-52.99843     -27.14003
-53.00516     -27.14454
-53.01617     -27.15933
-53.0221      -27.16155
-53.0321      -27.16073
-53.03897     -27.1572
-53.04307     -27.15176
-53.04488     -27.14386
-53.04636     -27.13736
-53.04417     -27.1282
-53.03966     -27.11907
-53.03779     -27.11679
-53.02346     -27.09929
-53.0221      -27.09541
-53.02785     -27.08933
-53.03817     -27.08923
-53.05154     -27.09136
-53.05955     -27.09516
-53.06554     -27.10082
-53.06899     -27.10813
-53.0679      -27.12008
-53.05683     -27.15077
-53.05805     -27.15388
-53.05897     -27.15626
-53.06365     -27.15964
-53.11299     -27.18012
-53.12795     -27.18428
-53.13409     -27.18351
-53.13834     -27.17633
-53.14718     -27.15233
-53.14969     -27.14885
-53.15709     -27.14622
-53.16073     -27.14916
-53.16098     -27.15028
-53.16322     -27.16015
-53.1624      -27.17256
-53.16436     -27.18218
-53.18126     -27.19527
-53.18746     -27.19771
-53.19617     -27.19644
-53.22152     -27.17794
-53.23072     -27.17574
-53.24127     -27.1772
-53.2542      -27.18253
-53.26123     -27.18769
-53.27995     -27.20145
-53.28588     -27.2032
-53.30234     -27.21881
-53.30778     -27.22171
-53.31908     -27.22177
-53.32342     -27.22033
-53.32436     -27.21734
-53.3256      -27.21341
-53.32514     -27.20818
-53.32496     -27.20607
-53.32225     -27.1983
-53.32081     -27.19618
-53.31749     -27.19131
-53.31064     -27.18125
-53.30893     -27.17794
-53.3056      -27.17155
-53.30356     -27.16763
-53.30238     -27.16526
-53.2986      -27.1575
-53.29746     -27.15515
-53.29634     -27.15139
-53.29513     -27.14515
-53.29501     -27.14442
-53.29627     -27.13828
-53.29824     -27.13389
-53.30293     -27.12994
-53.30406     -27.12898
-53.31274     -27.12679
-53.32891     -27.12593
-53.32952     -27.1259
-53.33683     -27.12551
-53.34244     -27.12359
-53.34347     -27.12281
-53.34673     -27.12033
-53.34811     -27.11929
-53.36331     -27.10054
-53.36455     -27.10001
-53.37022     -27.09764
-53.3718      -27.09727
-53.37603     -27.09682
-53.38189     -27.10094
-53.38463     -27.10274
-53.39074     -27.11367
-53.39886     -27.13605
-53.40359     -27.14195
-53.41217     -27.14802
-53.42762     -27.15099
-53.44193     -27.1611
-53.44865     -27.16352
-53.45762     -27.16293
-53.46244     -27.16032
-53.46696     -27.15474
-53.4684      -27.15122
-53.46874     -27.15037
-53.47112     -27.14456
-53.47335     -27.14274
-53.47541     -27.14105
-53.47708     -27.14058
-53.48307     -27.13886
-53.4918      -27.13918
-53.49491     -27.14097
-53.49779     -27.14414
-53.50024     -27.15076
-53.49907     -27.15675
-53.49116     -27.17203
-53.48239     -27.18297
-53.48147     -27.18827
-53.48744     -27.20494
-53.49059     -27.20833
-53.49577     -27.21032
-53.50879     -27.2082
-53.51644     -27.20695
-53.51737     -27.20676
-53.52202     -27.20481
-53.52291     -27.20341
-53.53694     -27.19078
-53.54199     -27.18624
-53.5425      -27.18578
-53.54705     -27.18169
-53.55295     -27.17906
-53.55854     -27.17874
-53.56499     -27.18024
-53.57622     -27.1897
-53.58806     -27.19157
-53.59431     -27.1956
-53.61172     -27.19324
-53.61617     -27.19753
-53.62315     -27.21211
-53.63064     -27.21939
-53.63128     -27.22001
-53.64114     -27.22489
-53.6478      -27.22432
-53.6506      -27.22289
-53.65306     -27.2178
-53.65272     -27.21275
-53.65259     -27.21079
-53.65169     -27.19736
-53.65118     -27.18958
-53.65313     -27.18549
-53.65683     -27.17777
-53.66389     -27.17167
-53.67205     -27.16946
-53.6813      -27.16999
-53.69866     -27.1775
-53.71405     -27.18894
-53.73092     -27.19714
-53.73869     -27.19813
-53.74858     -27.19475
-53.75461     -27.18867
-53.76033     -27.16905
-53.76503     -27.16092
-53.77055     -27.15531
-53.77541     -27.15476
-53.78007     -27.15674
-53.80098     -27.17336
-53.81215     -27.17912
-53.82499     -27.17935
-53.83617     -27.17432
-53.83914     -27.17195
-53.84297     -27.1689
-53.84748     -27.16377
-53.85971     -27.13781
-53.8635      -27.13353
-53.86446     -27.13244
-53.87112     -27.13186
-53.87528     -27.13408
-53.87741     -27.13507
-53.88052     -27.13903
-53.88511     -27.15984
-53.8947      -27.17482
-53.90177     -27.18066
-53.90845     -27.18122
-53.91483     -27.17949
-53.91804     -27.17694
-53.91987     -27.17549
-53.9331      -27.15984
-53.9397      -27.15637
-53.94024     -27.1564
-53.94557     -27.15547
-53.95023     -27.15698
-53.95418     -27.16104
-53.95637     -27.16697
-53.95592     -27.16936
-53.95341     -27.18265
-53.9547      -27.19342
-53.95554     -27.19498
-53.95765     -27.19887
-53.96414     -27.20173
-53.97458     -27.2005
-53.98847     -27.19885
-53.99204     -27.19843
-54.00518     -27.2
-54.00563     -27.1977
-53.99939     -27.19438
-53.99218     -27.1936
-53.96761     -27.19661
-53.96166     -27.19489
-53.95981     -27.19263
-53.9578      -27.18371
-53.95948     -27.16829
-53.95774     -27.15982
-53.95483     -27.15621
-53.94703     -27.15199
-53.93522     -27.15177
-53.9261      -27.15676
-53.91361     -27.17147
-53.90932     -27.17408
-53.90443     -27.17395
-53.89764     -27.16879
-53.89414     -27.16174
-53.88769     -27.13843
-53.88341     -27.13071
-53.87741     -27.12646
-53.86892     -27.1257
-53.86433     -27.1267
-53.85826     -27.13049
-53.85375     -27.13563
-53.84696     -27.15275
-53.84078     -27.16297
-53.83399     -27.16884
-53.83044     -27.16983
-53.82359     -27.17432
-53.81461     -27.17449
-53.80709     -27.17118
-53.78276     -27.15049
-53.77705     -27.14784
-53.76882     -27.14707
-53.76476     -27.14898
-53.75904     -27.1569
-53.75064     -27.18323
-53.74666     -27.18927
-53.73692     -27.18991
-53.72737     -27.18778
-53.71675     -27.18337
-53.69382     -27.16747
-53.67803     -27.16109
-53.66751     -27.16104
-53.66387     -27.16258
-53.66013     -27.16416
-53.65029     -27.17191
-53.64634     -27.17955
-53.6435      -27.19063
-53.64567     -27.20874
-53.6445      -27.21404
-53.63942     -27.21642
-53.63345     -27.21354
-53.62583     -27.2054
-53.61859     -27.19059
-53.61258     -27.18541
-53.60923     -27.18478
-53.59491     -27.18732
-53.58975     -27.18626
-53.58867     -27.18562
-53.57339     -27.17666
-53.56123     -27.17227
-53.5507      -27.17175
-53.54688     -27.17319
-53.53725     -27.17956
-53.52447     -27.19515
-53.51816     -27.20031
-53.51179     -27.20294
-53.49974     -27.20359
-53.49431     -27.20184
-53.49221     -27.19935
-53.4887      -27.19045
-53.49098     -27.18193
-53.49427     -27.17929
-53.50043     -27.17372
-53.50744     -27.16488
-53.51038     -27.15771
-53.50947     -27.15084
-53.50897     -27.14969
-53.50541     -27.14151
-53.50332     -27.13924
-53.49967     -27.13538
-53.49346     -27.13272
-53.47934     -27.13203
-53.47274     -27.13558
-53.45798     -27.15534
-53.45418     -27.15747
-53.4516      -27.15682
-53.44222     -27.14962
-53.43357     -27.14727
-53.41901     -27.14332
-53.4118      -27.13991
-53.41133     -27.13969
-53.40837     -27.13649
-53.4077      -27.13525
-53.40304     -27.12761
-53.40241     -27.12628
-53.3994      -27.11986
-53.39649     -27.11329
-53.39554     -27.11113
-53.39465     -27.10911
-53.39047     -27.09966
-53.38396     -27.09379
-53.37931     -27.09203
-53.37006     -27.09148
-53.35859     -27.09533
-53.34853     -27.10604
 1 
 1             12            
1
 -9999.0   ,   9990.0
   7
 10 
-50.51726     -27.12109
-50.52776     -27.12275
-50.53187     -27.12255
-50.53367     -27.12072
-50.53344     -27.11797
-50.52602     -27.11539
-50.51884     -27.11558
-50.51497     -27.11786
-50.51444     -27.12061
-50.51726     -27.12109
 1 
 1             13            
1
 -9999.0   ,   9990.0
   7
 30 
-50.60945     -27.14363
-50.61101     -27.13996
-50.6077      -27.13604
-50.57825     -27.129
-50.56798     -27.12963
-50.55773     -27.1282
-50.53866     -27.14027
-50.53633     -27.14347
-50.53683     -27.14554
-50.54941     -27.14377
-50.55428     -27.14472
-50.56322     -27.1505
-50.56629     -27.15029
-50.56838     -27.14594
-50.56691     -27.13606
-50.56898     -27.13354
-50.57154     -27.13424
-50.57432     -27.14069
-50.57816     -27.14186
-50.57917     -27.14393
-50.57423     -27.15332
-50.57549     -27.15631
-50.57959     -27.15679
-50.58323     -27.15084
-50.58734     -27.1488
-50.58945     -27.14077
-50.59102     -27.14095
-50.59355     -27.14125
-50.59917     -27.14633
-50.60945     -27.14363
 1 
 1             14            
1
 -9999.0   ,   9990.0
   7
 11 
-51.47603     -27.31701
-51.47782     -27.31494
-51.47679     -27.31196
-51.47063     -27.31151
-51.45882     -27.31772
-51.45676     -27.31749
-51.45471     -27.32416
-51.456       -27.32783
-51.46602     -27.32529
-51.47063     -27.31839
-51.47603     -27.31701
 2 
 1             15            
1
 -9999.0   ,   9990.0
   7
 240 
-54.22903     -27.39292
-54.25472     -27.40133
-54.26018     -27.4035
-54.26313     -27.4078
-54.25926     -27.41731
-54.26392     -27.42777
-54.26553     -27.43968
-54.26822     -27.44399
-54.27894     -27.45065
-54.28542     -27.45211
-54.29182     -27.45082
-54.29712     -27.44703
-54.30895     -27.42794
-54.31947     -27.41737
-54.33009     -27.4107
-54.33067     -27.41061
-54.33547     -27.40989
-54.33736     -27.41307
-54.33695     -27.42752
-54.33086     -27.4479
-54.33052     -27.45457
-54.33572     -27.46571
-54.34461     -27.47056
-54.35567     -27.47032
-54.36252     -27.46694
-54.37105     -27.45894
-54.38555     -27.43073
-54.39269     -27.42285
-54.39996     -27.41626
-54.40887     -27.4126
-54.41531     -27.41315
-54.42668     -27.42392
-54.43244     -27.42746
-54.44433     -27.42948
-54.44621     -27.42937
-54.46308     -27.42836
-54.46583     -27.4345
-54.46396     -27.44097
-54.45594     -27.44828
-54.44883     -27.45189
-54.44118     -27.46332
-54.44004     -27.4684
-54.44313     -27.47729
-54.44842     -27.48245
-54.45729     -27.48638
-54.47033     -27.48815
-54.49176     -27.48558
-54.49805     -27.48957
-54.51747     -27.51094
-54.52242     -27.51289
-54.53309     -27.50804
-54.53927     -27.49916
-54.54889     -27.47776
-54.55067     -27.47549
-54.55324     -27.47208
-54.55441     -27.47052
-54.55511     -27.46949
-54.55967     -27.46629
-54.57498     -27.46179
-54.5791      -27.46192
-54.58425     -27.47075
-54.57985     -27.48717
-54.58283     -27.49215
-54.59418     -27.5013
-54.60377     -27.52059
-54.60954     -27.54135
-54.61355     -27.54631
-54.62022     -27.54842
-54.62239     -27.5491
-54.62394     -27.54966
-54.63438     -27.55339
-54.64259     -27.55227
-54.64739     -27.54917
-54.65331     -27.54075
-54.65957     -27.51785
-54.66231     -27.51435
-54.66378     -27.51247
-54.66521     -27.51212
-54.66777     -27.51151
-54.67102     -27.51344
-54.67373     -27.51773
-54.65976     -27.56632
-54.66435     -27.57333
-54.67222     -27.57773
-54.67975     -27.57961
-54.6939      -27.5788
-54.72014     -27.56942
-54.73424     -27.56699
-54.74073     -27.56844
-54.74546     -27.57471
-54.74906     -27.57949
-54.76018     -27.58909
-54.76827     -27.59233
-54.78311     -27.58873
-54.79061     -27.58165
-54.79447     -27.57328
-54.79679     -27.56518
-54.79784     -27.54149
-54.80082     -27.53815
-54.80805     -27.53847
-54.81256     -27.5425
-54.81561     -27.55735
-54.81681     -27.56009
-54.82617     -27.58143
-54.83086     -27.599
-54.84313     -27.62786
-54.84816     -27.63209
-54.85416     -27.63423
-54.87736     -27.63409
-54.89424     -27.63579
-54.89554     -27.63641
-54.90098     -27.63898
-54.89397     -27.62952
-54.88273     -27.62499
-54.86063     -27.62694
-54.85542     -27.62524
-54.84853     -27.61968
-54.84641     -27.61766
-54.83752     -27.59791
-54.83283     -27.58034
-54.83005     -27.5579
-54.81911     -27.53796
-54.81254     -27.53377
-54.80734     -27.53229
-54.80142     -27.53267
-54.79251     -27.53566
-54.78932     -27.54102
-54.7876      -27.54336
-54.78706     -27.54624
-54.78033     -27.58237
-54.77557     -27.58663
-54.77234     -27.58732
-54.7707      -27.58767
-54.76448     -27.58622
-54.75839     -27.58132
-54.75502     -27.57603
-54.75189     -27.57115
-54.74525     -27.56465
-54.74105     -27.56223
-54.73251     -27.56107
-54.70843     -27.56535
-54.69634     -27.56969
-54.69059     -27.57176
-54.67925     -27.57437
-54.67562     -27.57334
-54.67336     -27.57288
-54.67294     -27.57203
-54.67143     -27.56902
-54.67212     -27.55775
-54.67815     -27.536
-54.68003     -27.52171
-54.67951     -27.513
-54.67683     -27.50962
-54.6716      -27.50722
-54.66033     -27.50911
-54.65431     -27.51431
-54.64792     -27.52434
-54.64632     -27.52948
-54.64135     -27.54541
-54.63809     -27.54824
-54.63191     -27.54862
-54.62412     -27.54629
-54.61648     -27.54096
-54.61291     -27.53514
-54.61107     -27.53213
-54.60958     -27.52345
-54.60826     -27.51566
-54.59688     -27.49687
-54.59166     -27.47747
-54.58938     -27.46144
-54.58201     -27.45611
-54.57632     -27.45486
-54.56861     -27.45551
-54.55924     -27.46056
-54.537       -27.48314
-54.53312     -27.49127
-54.53163     -27.5021
-54.52709     -27.50519
-54.52011     -27.50444
-54.51567     -27.50225
-54.51521     -27.50148
-54.50512     -27.48458
-54.49592     -27.47836
-54.47628     -27.47537
-54.46216     -27.47685
-54.45492     -27.47587
-54.44761     -27.47213
-54.4454      -27.46759
-54.44538     -27.46669
-54.44591     -27.46442
-54.46791     -27.44387
-54.47035     -27.43945
-54.47073     -27.43825
-54.47161     -27.43548
-54.47225     -27.43343
-54.47127     -27.43004
-54.47095     -27.4289
-54.4708      -27.42841
-54.46789     -27.42549
-54.46113     -27.42289
-54.43746     -27.42321
-54.43278     -27.42148
-54.41412     -27.40743
-54.40562     -27.40717
-54.40002     -27.40913
-54.38625     -27.42277
-54.37078     -27.44907
-54.36635     -27.45467
-54.36282     -27.45913
-54.35012     -27.46538
-54.3442      -27.46506
-54.34001     -27.46239
-54.33617     -27.45628
-54.3359      -27.4545
-54.33533     -27.45147
-54.33674     -27.44832
-54.33969     -27.44173
-54.34688     -27.43169
-54.34778     -27.42708
-54.34493     -27.40784
-54.33966     -27.40314
-54.33448     -27.40187
-54.32635     -27.4055
-54.30921     -27.41851
-54.30857     -27.41917
-54.30395     -27.42391
-54.29334     -27.44045
-54.28781     -27.44517
-54.27983     -27.44511
-54.27362     -27.44058
-54.27312     -27.44001
-54.2707      -27.43612
-54.27272     -27.42
-54.27088     -27.40902
-54.26595     -27.39786
-54.26095     -27.39361
-54.25263     -27.39057
-54.24285     -27.39033
-54.23476     -27.39185
-54.22903     -27.39292
 1             15            2 
1
 -9999.0   ,   9990.0
   7
 6 
-54.34378     -27.42787
-54.3411      -27.43325
-54.33823     -27.43231
-54.34168     -27.42412
-54.34368     -27.42458
-54.34378     -27.42787
 3 
 1             16            
1
 -9999.0   ,   9990.0
   7
 386 
-52.73683     -27.54815
-52.72907     -27.54593
-52.72125     -27.5389
-52.71345     -27.55299
-52.71714     -27.55984
-52.72229     -27.55933
-52.72388     -27.56321
-52.72822     -27.56018
-52.73467     -27.5608
-52.73575     -27.5647
-52.73449     -27.56678
-52.72779     -27.56685
-52.72837     -27.5712
-52.73585     -27.57273
-52.73955     -27.58004
-52.74627     -27.58135
-52.74736     -27.58639
-52.73887     -27.58694
-52.72113     -27.58502
-52.71565     -27.58443
-52.71464     -27.58627
-52.71727     -27.59038
-52.70942     -27.60103
-52.7097      -27.60286
-52.71408     -27.60236
-52.72195     -27.59378
-52.72582     -27.59397
-52.72818     -27.59739
-52.72694     -27.60084
-52.72954     -27.60265
-52.73062     -27.60655
-52.73887     -27.60692
-52.74174     -27.60942
-52.73841     -27.61152
-52.72528     -27.61189
-52.7117      -27.61823
-52.71173     -27.62052
-52.7174      -27.62047
-52.72509     -27.61763
-52.73129     -27.61871
-52.73668     -27.61705
-52.7378      -27.61823
-52.73903     -27.61955
-52.7165      -27.63104
-52.70835     -27.63847
-52.6991      -27.64132
-52.69222     -27.64736
-52.68525     -27.64651
-52.68297     -27.65021
-52.68534     -27.65363
-52.6887      -27.65498
-52.69134     -27.65931
-52.70024     -27.64935
-52.70587     -27.6463
-52.71178     -27.64533
-52.71715     -27.64182
-52.72051     -27.64225
-52.72343     -27.64865
-52.71834     -27.65467
-52.71863     -27.65834
-52.71927     -27.66661
-52.70536     -27.66744
-52.70126     -27.66932
-52.68644     -27.68003
-52.68415     -27.68281
-52.68419     -27.68603
-52.68754     -27.68553
-52.70161     -27.67712
-52.7096      -27.67681
-52.71472     -27.67377
-52.7173      -27.67397
-52.72044     -27.67762
-52.7276      -27.67295
-52.73225     -27.67336
-52.74346     -27.68289
-52.7306      -27.68578
-52.7281      -27.68704
-52.72087     -27.6907
-52.71029     -27.69035
-52.70722     -27.69245
-52.71035     -27.69494
-52.71628     -27.69534
-52.71812     -27.69762
-52.71507     -27.7011
-52.70891     -27.70369
-52.70717     -27.70876
-52.69534     -27.7114
-52.68741     -27.71654
-52.68923     -27.71836
-52.70029     -27.71549
-52.7088      -27.71586
-52.71263     -27.71192
-52.7165      -27.71234
-52.72003     -27.70587
-52.72462     -27.70238
-52.72622     -27.70626
-52.72523     -27.70972
-52.72864     -27.71382
-52.72409     -27.71575
-52.72197     -27.71664
-52.72148     -27.71894
-52.72359     -27.72191
-52.72822     -27.72117
-52.73058     -27.72459
-52.72985     -27.72804
-52.73295     -27.72824
-52.7335      -27.73122
-52.73021     -27.73585
-52.73102     -27.7386
-52.72308     -27.74281
-52.71584     -27.74197
-52.71006     -27.7333
-52.70383     -27.72992
-52.701       -27.7311
-52.7003      -27.73684
-52.68741     -27.73767
-52.6776      -27.73662
-52.67711     -27.73892
-52.67998     -27.74187
-52.68748     -27.74318
-52.69348     -27.7484
-52.69908     -27.74214
-52.70268     -27.74187
-52.70296     -27.74248
-52.70428     -27.7453
-52.70302     -27.7483
-52.70021     -27.7504
-52.69897     -27.75454
-52.69435     -27.75597
-52.69205     -27.75829
-52.6957      -27.76077
-52.70213     -27.75933
-52.70797     -27.75192
-52.71013     -27.75925
-52.70838     -27.76363
-52.70303     -27.7692
-52.69174     -27.77437
-52.68496     -27.76915
-52.67644     -27.76878
-52.67174     -27.76355
-52.66734     -27.76313
-52.66582     -27.76475
-52.66714     -27.76772
-52.67813     -27.78002
-52.67763     -27.7814
-52.67248     -27.78191
-52.67054     -27.78116
-52.66262     -27.7781
-52.66241     -27.78224
-52.66477     -27.78474
-52.67615     -27.78669
-52.68848     -27.78175
-52.69184     -27.78286
-52.69374     -27.79042
-52.69872     -27.79634
-52.69825     -27.80002
-52.69307     -27.7987
-52.68524     -27.79166
-52.68189     -27.79169
-52.6801      -27.79332
-52.68324     -27.7965
-52.67475     -27.79888
-52.65969     -27.81258
-52.66205     -27.81554
-52.66695     -27.81526
-52.66826     -27.81709
-52.66546     -27.82056
-52.6642      -27.82075
-52.64923     -27.82302
-52.63837     -27.82175
-52.6379      -27.82566
-52.64517     -27.8288
-52.66582     -27.82882
-52.66383     -27.83482
-52.65789     -27.83441
-52.65177     -27.84091
-52.64773     -27.84898
-52.64438     -27.84925
-52.62674     -27.8423
-52.62237     -27.84441
-52.63644     -27.85461
-52.63765     -27.85849
-52.63993     -27.86582
-52.63869     -27.86974
-52.64132     -27.87385
-52.64164     -27.87913
-52.6383      -27.88031
-52.63415     -27.87874
-52.62834     -27.86801
-52.62447     -27.8685
-52.62375     -27.87356
-52.62844     -27.87673
-52.63639     -27.89365
-52.64453     -27.88346
-52.65153     -27.88477
-52.65383     -27.88291
-52.65036     -27.87422
-52.6454      -27.86945
-52.64353     -27.86487
-52.64397     -27.85752
-52.65769     -27.86083
-52.66022     -27.85667
-52.65599     -27.84844
-52.658       -27.84383
-52.66471     -27.8433
-52.66984     -27.84027
-52.67367     -27.83052
-52.67409     -27.82943
-52.67692     -27.82871
-52.68085     -27.83281
-52.68281     -27.84519
-52.68751     -27.84927
-52.69036     -27.84993
-52.69213     -27.84762
-52.69028     -27.84419
-52.69017     -27.83524
-52.68721     -27.82539
-52.68565     -27.82441
-52.67966     -27.82065
-52.67808     -27.81745
-52.68085     -27.81214
-52.68704     -27.81162
-52.68882     -27.80976
-52.68412     -27.80545
-52.68616     -27.8029
-52.68873     -27.80264
-52.69419     -27.80557
-52.69739     -27.81335
-52.69946     -27.81379
-52.70117     -27.80596
-52.70908     -27.79899
-52.70478     -27.78571
-52.70624     -27.77881
-52.71034     -27.77624
-52.7132      -27.77759
-52.72037     -27.79405
-52.7269      -27.79995
-52.73046     -27.80019
-52.73284     -27.80035
-52.73432     -27.7946
-52.72987     -27.78982
-52.72511     -27.78091
-52.72685     -27.77607
-52.72476     -27.77334
-52.72985     -27.76777
-52.72905     -27.76594
-52.7195      -27.76604
-52.71794     -27.76491
-52.7171      -27.75987
-52.71911     -27.75571
-52.72349     -27.75498
-52.73178     -27.75765
-52.73918     -27.75137
-52.74599     -27.73935
-52.75037     -27.73908
-52.75197     -27.74297
-52.74965     -27.76251
-52.75006     -27.76517
-52.75049     -27.76801
-52.7533      -27.76569
-52.75702     -27.7544
-52.76082     -27.74907
-52.76522     -27.75017
-52.77603     -27.76728
-52.78537     -27.77131
-52.78582     -27.76603
-52.77689     -27.75441
-52.7773      -27.74683
-52.776       -27.74524
-52.76798     -27.74394
-52.76433     -27.74077
-52.76192     -27.73413
-52.75469     -27.73421
-52.75157     -27.73218
-52.74917     -27.72623
-52.75016     -27.72278
-52.75143     -27.72174
-52.75501     -27.71882
-52.76047     -27.70223
-52.76279     -27.70243
-52.76776     -27.70743
-52.77344     -27.70829
-52.79336     -27.73196
-52.79643     -27.73055
-52.79563     -27.72826
-52.79764     -27.7241
-52.79681     -27.72021
-52.78875     -27.71524
-52.78815     -27.70882
-52.79119     -27.70465
-52.79841     -27.70434
-52.79912     -27.69974
-52.78931     -27.69893
-52.78773     -27.69665
-52.78437     -27.696
-52.78276     -27.69654
-52.77667     -27.69861
-52.77381     -27.6968
-52.77609     -27.69379
-52.77604     -27.69035
-52.77036     -27.68949
-52.7633      -27.68176
-52.76195     -27.67787
-52.76424     -27.67509
-52.76214     -27.67258
-52.7575      -27.67217
-52.75386     -27.66969
-52.75173     -27.66512
-52.75292     -27.65753
-52.74899     -27.65251
-52.74974     -27.65067
-52.75974     -27.64666
-52.76568     -27.64728
-52.76778     -27.65002
-52.76707     -27.65508
-52.76945     -27.65988
-52.77556     -27.65407
-52.78072     -27.65447
-52.78218     -27.66709
-52.78277     -27.66861
-52.78485     -27.67395
-52.7864      -27.67416
-52.78826     -27.65898
-52.79109     -27.65872
-52.79709     -27.66417
-52.80095     -27.66344
-52.80196     -27.66182
-52.8001      -27.65748
-52.79565     -27.65293
-52.79049     -27.65207
-52.78785     -27.6475
-52.78449     -27.64685
-52.77695     -27.64188
-52.76817     -27.6406
-52.76008     -27.63357
-52.75399     -27.62077
-52.75549     -27.61685
-52.76166     -27.61632
-52.76582     -27.61881
-52.77639     -27.61915
-52.77717     -27.62002
-52.7811      -27.62438
-52.7865      -27.62341
-52.79842     -27.62833
-52.79969     -27.6267
-52.79443     -27.61918
-52.799       -27.61408
-52.79846     -27.61225
-52.79665     -27.61181
-52.78875     -27.61833
-52.78195     -27.61128
-52.77679     -27.61065
-52.77158     -27.60634
-52.76642     -27.60571
-52.75939     -27.59981
-52.75728     -27.59616
-52.76187     -27.59244
-52.76778     -27.59123
-52.77556     -27.59551
-52.78042     -27.5927
-52.78946     -27.59444
-52.79047     -27.59282
-52.7892      -27.59165
-52.78578     -27.5885
-52.78573     -27.58552
-52.79474     -27.58473
-52.79677     -27.58241
-52.79184     -27.57994
-52.78816     -27.57424
-52.77873     -27.58215
-52.77256     -27.5829
-52.771       -27.58178
-52.77606     -27.57483
-52.77653     -27.57138
-52.77318     -27.57142
-52.76319     -27.57566
-52.75983     -27.57409
-52.75215     -27.57853
-52.75033     -27.57648
-52.75001     -27.57235
-52.75409     -27.56909
-52.75381     -27.56703
-52.74554     -27.56528
-52.74393     -27.55979
-52.739       -27.55708
-52.73683     -27.54815
 1             16            2 
1
 -9999.0   ,   9990.0
   7
 8 
-52.74153     -27.67303
-52.73684     -27.66941
-52.7355      -27.66552
-52.73675     -27.66275
-52.74037     -27.66317
-52.7451      -27.6707
-52.74513     -27.67254
-52.74153     -27.67303
 1             16            3 
1
 -9999.0   ,   9990.0
   7
 7 
-52.74108     -27.59863
-52.73977     -27.5968
-52.74255     -27.59264
-52.74845     -27.59097
-52.75237     -27.59483
-52.74777     -27.59764
-52.74108     -27.59863
 1 
 1             17            
1
 -9999.0   ,   9990.0
   7
 35 
-54.90316     -27.65822
-54.89774     -27.67376
-54.89609     -27.69425
-54.89865     -27.7252
-54.90037     -27.7295
-54.90202     -27.73361
-54.91825     -27.74834
-54.93578     -27.77889
-54.94133     -27.78288
-54.95044     -27.78517
-54.95818     -27.78496
-54.97531     -27.7799
-54.98538     -27.77986
-54.98908     -27.78252
-54.99934     -27.7958
-55           -27.79626
-55           -27.78756
-54.99274     -27.77599
-54.98642     -27.77249
-54.98249     -27.77075
-54.97527     -27.77095
-54.96459     -27.77583
-54.95534     -27.77699
-54.94858     -27.77579
-54.942       -27.77229
-54.93912     -27.77076
-54.93618     -27.75981
-54.93093     -27.74939
-54.91209     -27.7338
-54.90853     -27.72746
-54.9063      -27.71465
-54.90931     -27.68057
-54.90722     -27.66409
-54.90379     -27.65913
-54.90316     -27.65822
 1 
 1             18            
1
 -9999.0   ,   9990.0
   7
 27 
-53.51702     -27.81195
-53.52164     -27.8105
-53.52539     -27.80493
-53.52327     -27.80197
-53.52373     -27.79898
-53.53113     -27.79496
-53.52791     -27.78881
-53.5299      -27.7851
-53.53796     -27.78818
-53.54051     -27.78677
-53.54648     -27.77564
-53.54931     -27.77491
-53.55377     -27.77851
-53.55449     -27.77574
-53.55204     -27.76981
-53.54963     -27.76548
-53.54655     -27.76622
-53.53547     -27.77996
-53.5334      -27.7793
-53.53018     -27.77338
-53.52629     -27.77276
-53.521       -27.77881
-53.51928     -27.7832
-53.5228      -27.79142
-53.51875     -27.79539
-53.51628     -27.80094
-53.51702     -27.81195
 1 
 1             19            
1
 -9999.0   ,   9990.0
   7
 69 
-50.48078     -27.81141
-50.47692     -27.80978
-50.46944     -27.81019
-50.46115     -27.81336
-50.45466     -27.81814
-50.45203     -27.82432
-50.45304     -27.82685
-50.45613     -27.82779
-50.47115     -27.82191
-50.4745      -27.82262
-50.47704     -27.82746
-50.4757      -27.83434
-50.47823     -27.83987
-50.47745     -27.8417
-50.46145     -27.84
-50.45885     -27.84159
-50.45882     -27.84664
-50.44902     -27.8452
-50.44794     -27.84956
-50.45414     -27.84983
-50.45645     -27.85214
-50.45486     -27.85672
-50.4552      -27.85801
-50.45636     -27.86247
-50.45479     -27.8643
-50.44036     -27.86076
-50.43205     -27.86645
-50.42948     -27.8646
-50.4262      -27.85585
-50.42284     -27.85629
-50.41764     -27.86108
-50.41405     -27.85784
-50.41275     -27.85829
-50.41141     -27.86379
-50.40312     -27.86695
-50.40075     -27.87268
-50.40592     -27.8718
-50.41313     -27.87368
-50.41882     -27.87326
-50.42712     -27.8701
-50.43664     -27.87337
-50.4439      -27.86997
-50.44881     -27.86931
-50.45343     -27.87416
-50.45633     -27.87186
-50.45888     -27.86983
-50.46353     -27.8694
-50.4651      -27.8678
-50.46281     -27.86297
-50.46438     -27.86068
-50.476       -27.86144
-50.4773      -27.8603
-50.47218     -27.85453
-50.47555     -27.85248
-50.48509     -27.85438
-50.48697     -27.84497
-50.49007     -27.84545
-50.4944      -27.85236
-50.4975      -27.85284
-50.49907     -27.84964
-50.49502     -27.83882
-50.49068     -27.83351
-50.48944     -27.82661
-50.48715     -27.8227
-50.4807      -27.82174
-50.48229     -27.81739
-50.48617     -27.8158
-50.48567     -27.81327
-50.48078     -27.81141
 1 
 1             20            
1
 -9999.0   ,   9990.0
   7
 23 
-52.17381     -28.3431
-52.17175     -28.34517
-52.17203     -28.34816
-52.17774     -28.34789
-52.19249     -28.3432
-52.19717     -28.34432
-52.20085     -28.35004
-52.20709     -28.35206
-52.21534     -28.34581
-52.22079     -28.346
-52.22517     -28.34207
-52.22405     -28.33243
-52.22761     -28.32323
-52.22654     -28.31979
-52.22369     -28.32049
-52.21373     -28.33893
-52.21062     -28.33918
-52.20825     -28.33483
-52.20096     -28.3319
-52.18907     -28.33726
-52.18231     -28.335
-52.17816     -28.33572
-52.17381     -28.3431
 1 
 1             21            
1
 -9999.0   ,   9990.0
   7
 101 
-52.43897     -28.47502
-52.44782     -28.47679
-52.45118     -28.47492
-52.45613     -28.47649
-52.45984     -28.48334
-52.46374     -28.48377
-52.46784     -28.47914
-52.47381     -28.47864
-52.47487     -28.48023
-52.47313     -28.48737
-52.47473     -28.49148
-52.47931     -28.48226
-52.48265     -28.47948
-52.48528     -28.48221
-52.48247     -28.48637
-52.48406     -28.48957
-52.48925     -28.48884
-52.50162     -28.47977
-52.505       -28.4802
-52.50712     -28.48432
-52.50638     -28.48754
-52.50098     -28.49241
-52.50493     -28.49788
-52.50877     -28.50094
-52.51777     -28.5081
-52.52272     -28.50944
-52.52942     -28.5041
-52.53462     -28.50497
-52.53622     -28.50817
-52.53268     -28.51693
-52.5348      -28.52035
-52.54232     -28.5189
-52.54285     -28.52051
-52.54083     -28.52558
-52.5407      -28.53729
-52.53734     -28.53847
-52.52918     -28.53004
-52.52163     -28.5285
-52.51932     -28.53036
-52.51912     -28.53656
-52.51398     -28.54166
-52.51672     -28.55427
-52.5217      -28.55881
-52.52632     -28.55257
-52.52902     -28.53877
-52.53058     -28.53922
-52.53222     -28.54586
-52.53746     -28.54926
-52.53934     -28.55544
-52.54894     -28.55329
-52.55692     -28.54656
-52.55894     -28.54195
-52.55469     -28.53349
-52.55669     -28.52635
-52.55478     -28.51833
-52.54872     -28.51058
-52.54888     -28.50162
-52.54651     -28.49912
-52.53868     -28.49552
-52.53115     -28.4965
-52.52775     -28.49378
-52.5223      -28.49498
-52.51343     -28.46704
-52.51765     -28.45504
-52.52023     -28.44769
-52.51638     -28.42821
-52.51322     -28.42456
-52.5101      -28.42367
-52.50807     -28.42828
-52.50853     -28.44665
-52.50604     -28.45608
-52.49987     -28.46165
-52.497       -28.46144
-52.4876      -28.45647
-52.48517     -28.44754
-52.48042     -28.43977
-52.46912     -28.42724
-52.46447     -28.42623
-52.44987     -28.42304
-52.45198     -28.42647
-52.46008     -28.43191
-52.45208     -28.43634
-52.45863     -28.44179
-52.46197     -28.43832
-52.46664     -28.43782
-52.46849     -28.44171
-52.46725     -28.44677
-52.46836     -28.45365
-52.47568     -28.45841
-52.47832     -28.46206
-52.48531     -28.46085
-52.4885      -28.46749
-52.49215     -28.46884
-52.49147     -28.47757
-52.49017     -28.47826
-52.48207     -28.47282
-52.45947     -28.47302
-52.45266     -28.46779
-52.44538     -28.46716
-52.44125     -28.46926
-52.43897     -28.47502
 1 
 1             22            
1
 -9999.0   ,   9990.0
   7
 6 
-50.27009     -28.65364
-50.28262     -28.64983
-50.28421     -28.64709
-50.28373     -28.64249
-50.27143     -28.64975
-50.27009     -28.65364
 3 
 1             23            
1
 -9999.0   ,   9990.0
   7
 323 
-53.06101     -28.83173
-53.06138     -28.83793
-53.06588     -28.84269
-53.06813     -28.85299
-53.07289     -28.85707
-53.07734     -28.85816
-53.08027     -28.86179
-53.07536     -28.86484
-53.07489     -28.86806
-53.08145     -28.8705
-53.08337     -28.87645
-53.09616     -28.87743
-53.09933     -28.87968
-53.10259     -28.88814
-53.10732     -28.89014
-53.10879     -28.88392
-53.11188     -28.88182
-53.11501     -28.88178
-53.12213     -28.88674
-53.12684     -28.88805
-53.13257     -28.88752
-53.13463     -28.88588
-53.13636     -28.88035
-53.13598     -28.87895
-53.13303     -28.86822
-53.13428     -28.86522
-53.13767     -28.86541
-53.14117     -28.87179
-53.14745     -28.87308
-53.14908     -28.87719
-53.1476      -28.88203
-53.14897     -28.88615
-53.14643     -28.88985
-53.14279     -28.89059
-53.14128     -28.89383
-53.14183     -28.89566
-53.14731     -28.89604
-53.14946     -28.89946
-53.14967     -28.91208
-53.14524     -28.91214
-53.14357     -28.90574
-53.1362      -28.90193
-53.13341     -28.90656
-53.13003     -28.90729
-53.12657     -28.90321
-53.12007     -28.90421
-53.11376     -28.90131
-53.10836     -28.90118
-53.1075      -28.90116
-53.09998     -28.90356
-53.09639     -28.9075
-53.09694     -28.90888
-53.11231     -28.90799
-53.11498     -28.91162
-53.12207     -28.91429
-53.12288     -28.91634
-53.12084     -28.91935
-53.11251     -28.91992
-53.10655     -28.92253
-53.09796     -28.92356
-53.09511     -28.92497
-53.09283     -28.92867
-53.09495     -28.93094
-53.11266     -28.92933
-53.12071     -28.92716
-53.12365     -28.93149
-53.12306     -28.94297
-53.11597     -28.94008
-53.11524     -28.94331
-53.11594     -28.94405
-53.12268     -28.95124
-53.12378     -28.95467
-53.12176     -28.95883
-53.12339     -28.96271
-53.13183     -28.96834
-53.13991     -28.96732
-53.14311     -28.97164
-53.14057     -28.97557
-53.12889     -28.97986
-53.12472     -28.97969
-53.12327     -28.97121
-53.1079      -28.95694
-53.10237     -28.9538
-53.10003     -28.9543
-53.10539     -28.96318
-53.10411     -28.96457
-53.09942     -28.96509
-53.08735     -28.96089
-53.08345     -28.96163
-53.08192     -28.96394
-53.08327     -28.96622
-53.09295     -28.96793
-53.1001      -28.9745
-53.09908     -28.97612
-53.09154     -28.97759
-53.089       -28.98199
-53.09035     -28.98449
-53.0989      -28.98094
-53.10569     -28.98108
-53.10807     -28.98289
-53.10889     -28.98494
-53.10301     -28.99306
-53.10748     -28.99461
-53.11098     -29.00099
-53.11671     -29.00023
-53.11989     -29.0034
-53.1238      -29.00312
-53.13209     -28.9991
-53.13393     -29
-53.13608     -29.00388
-53.13432     -29.0078
-53.12651     -29.00882
-53.12401     -29.01329
-53.11966     -29.02108
-53.121       -29.02313
-53.12409     -29.02079
-53.12801     -29.02097
-53.13444     -29.01491
-53.13861     -29.01463
-53.14074     -29.0169
-53.13901     -29.02312
-53.14255     -29.03134
-53.13854     -29.04149
-53.14014     -29.04331
-53.14374     -29.04004
-53.14764     -29.03908
-53.1527      -29.04521
-53.15949     -29.04534
-53.16646     -29.04043
-53.17791     -29.03798
-53.19256     -29.02492
-53.19221     -29.01965
-53.19652     -29.01201
-53.20526     -29.00432
-53.20993     -29.00287
-53.2163      -29.00876
-53.21996     -29.00894
-53.22482     -29.00313
-53.22934     -29.00789
-53.23266     -29.00394
-53.22781     -28.99505
-53.23086     -28.99041
-53.23844     -28.991
-53.24042     -28.985
-53.23932     -28.98203
-53.2294      -28.98171
-53.22702     -28.98014
-53.22442     -28.97397
-53.22375     -28.97238
-53.2171      -28.96466
-53.21184     -28.96221
-53.20439     -28.96897
-53.20967     -28.9728
-53.21078     -28.97646
-53.20721     -28.9811
-53.20295     -28.97634
-53.19982     -28.97712
-53.19905     -28.97731
-53.19759     -28.98353
-53.19577     -28.98401
-53.19331     -28.97716
-53.1932      -28.97073
-53.1898      -28.97032
-53.18627     -28.97771
-53.1826      -28.99223
-53.17997     -28.99089
-53.17819     -28.97828
-53.17136     -28.97562
-53.17052     -28.97196
-53.17381     -28.9664
-53.18058     -28.96539
-53.19201     -28.94756
-53.1912      -28.94573
-53.18423     -28.95019
-53.18249     -28.94035
-53.17244     -28.94714
-53.16617     -28.94676
-53.16324     -28.94313
-53.16397     -28.9399
-53.1704      -28.93453
-53.17036     -28.93224
-53.1667      -28.9316
-53.1651      -28.92979
-53.16454     -28.9275
-53.16736     -28.92447
-53.17074     -28.9242
-53.17914     -28.92684
-53.18041     -28.92544
-53.18006     -28.91994
-53.1826      -28.91623
-53.18469     -28.91597
-53.19054     -28.92255
-53.19337     -28.92068
-53.19398     -28.91034
-53.1973      -28.90616
-53.20696     -28.90694
-53.20954     -28.90553
-53.20976     -28.90277
-53.20083     -28.89968
-53.19816     -28.89558
-53.19887     -28.89421
-53.20093     -28.89027
-53.19985     -28.88798
-53.19385     -28.88807
-53.18874     -28.89388
-53.18535     -28.89392
-53.18033     -28.88986
-53.1759      -28.89015
-53.17246     -28.90236
-53.17116     -28.90261
-53.16615     -28.89946
-53.15813     -28.88809
-53.15913     -28.88532
-53.17396     -28.88375
-53.1783      -28.87818
-53.18535     -28.879
-53.18765     -28.87575
-53.18695     -28.86566
-53.18898     -28.86242
-53.19621     -28.85842
-53.19089     -28.85304
-53.19037     -28.85253
-53.19477     -28.8504
-53.19525     -28.8481
-53.19023     -28.84426
-53.19173     -28.84057
-53.19014     -28.83898
-53.18111     -28.84439
-53.17967     -28.85175
-53.17208     -28.84933
-53.17055     -28.85142
-53.17089     -28.85647
-53.16753     -28.85789
-53.16514     -28.85539
-53.16226     -28.85497
-53.15636     -28.86033
-53.15479     -28.8599
-53.15339     -28.85417
-53.15711     -28.84333
-53.15627     -28.83967
-53.14983     -28.84412
-53.14636     -28.83957
-53.14304     -28.84306
-53.13753     -28.8413
-53.13355     -28.83676
-53.12671     -28.83295
-53.12765     -28.83246
-53.13446     -28.82894
-53.1352      -28.82641
-53.12591     -28.81643
-53.12718     -28.81411
-53.13216     -28.81588
-53.14285     -28.8162
-53.15375     -28.81376
-53.15658     -28.81143
-53.15539     -28.80318
-53.15692     -28.80109
-53.165       -28.80098
-53.16601     -28.79959
-53.16335     -28.79618
-53.15444     -28.79285
-53.15439     -28.7901
-53.16448     -28.78561
-53.16633     -28.77203
-53.16086     -28.77234
-53.15674     -28.77492
-53.15499     -28.77907
-53.15377     -28.77999
-53.1519      -28.78141
-53.14745     -28.78009
-53.14584     -28.77736
-53.14793     -28.7624
-53.15143     -28.75317
-53.15758     -28.74758
-53.15507     -28.73797
-53.1607      -28.73193
-53.17761     -28.73101
-53.18576     -28.73595
-53.1865      -28.73318
-53.18244     -28.72451
-53.1731      -28.72602
-53.16682     -28.72403
-53.16205     -28.71974
-53.15798     -28.70992
-53.14817     -28.71464
-53.14486     -28.71882
-53.15454     -28.7219
-53.15667     -28.7244
-53.1539      -28.73018
-53.14685     -28.72867
-53.14274     -28.73239
-53.14466     -28.73788
-53.14419     -28.74217
-53.14263     -28.75651
-53.139       -28.7577
-53.13533     -28.75591
-53.12863     -28.74475
-53.12446     -28.74435
-53.12165     -28.74806
-53.12355     -28.7524
-53.11817     -28.75821
-53.13537     -28.77428
-53.13259     -28.7796
-53.13586     -28.78782
-53.1357      -28.79379
-53.13244     -28.80165
-53.12961     -28.80375
-53.12442     -28.80497
-53.11344     -28.80281
-53.111       -28.80464
-53.10718     -28.81782
-53.11124     -28.82695
-53.11028     -28.83248
-53.11411     -28.84322
-53.10787     -28.86029
-53.10375     -28.8631
-53.09695     -28.86204
-53.09288     -28.86783
-53.08898     -28.86834
-53.08709     -28.86469
-53.08803     -28.85825
-53.08663     -28.8523
-53.06101     -28.83173
 1             23            2 
1
 -9999.0   ,   9990.0
   7
 6 
-53.1406      -28.96203
-53.13816     -28.95678
-53.1404      -28.95009
-53.14438     -28.95394
-53.14497     -28.95806
-53.1406      -28.96203
 1             23            3 
1
 -9999.0   ,   9990.0
   7
 10 
-53.16612     -29.02046
-53.15901     -29.00173
-53.16101     -28.99596
-53.16717     -28.99014
-53.16907     -28.99425
-53.16808     -28.99748
-53.1718      -29.00133
-53.17213     -29.00569
-53.17612     -29.00977
-53.16612     -29.02046
 1 
 1             24            
1
 -9999.0   ,   9990.0
   7
 15 
-50.56725     -29.2974
-50.56099     -29.29393
-50.55919     -29.29024
-50.55658     -29.28908
-50.55169     -29.27758
-50.54827     -29.28055
-50.54745     -29.2849
-50.55211     -29.29204
-50.55157     -29.29479
-50.54343     -29.29797
-50.53948     -29.30139
-50.55203     -29.30237
-50.55703     -29.29919
-50.5633      -29.30014
-50.56725     -29.2974
 1 
 1             25            
1
 -9999.0   ,   9990.0
   7
 28 
-50.61731     -29.32589
-50.60505     -29.31894
-50.59825     -29.31845
-50.58077     -29.3101
-50.58023     -29.31285
-50.58387     -29.31608
-50.5904      -29.31841
-50.59376     -29.32348
-50.59715     -29.32556
-50.59738     -29.32992
-50.59528     -29.33083
-50.59394     -29.33541
-50.58261     -29.34614
-50.57263     -29.34908
-50.56789     -29.35341
-50.56477     -29.35041
-50.55823     -29.34969
-50.55839     -29.36415
-50.5626      -29.36073
-50.56626     -29.36121
-50.56331     -29.37129
-50.5646      -29.37451
-50.56801     -29.37384
-50.57443     -29.35482
-50.59547     -29.34162
-50.60525     -29.32812
-50.61205     -29.32908
-50.61731     -29.32589
 1 
 1             26            
1
 -9999.0   ,   9990.0
   7
 19 
-50.67525     -29.31262
-50.65953     -29.31346
-50.63903     -29.32668
-50.63458     -29.32689
-50.63278     -29.3216
-50.62964     -29.32136
-50.62541     -29.32708
-50.63269     -29.33537
-50.63186     -29.34272
-50.63316     -29.34364
-50.63605     -29.34159
-50.63925     -29.33357
-50.64556     -29.32855
-50.64947     -29.33201
-50.65292     -29.32422
-50.65529     -29.3224
-50.66316     -29.31945
-50.67102     -29.3188
-50.67525     -29.31262
 1 
 1             27            
1
 -9999.0   ,   9990.0
   7
 7 
-51.95429     -29.47105
-51.94401     -29.46146
-51.93319     -29.44774
-51.93084     -29.44936
-51.94115     -29.46607
-51.94563     -29.46903
-51.95429     -29.47105
 13 
 1             28            
1
 -9999.0   ,   9990.0
   7
 471 
-51.97929     -29.53083
-51.97925     -29.52464
-51.98468     -29.51153
-51.98414     -29.50924
-51.97518     -29.50171
-51.98087     -29.48791
-51.97584     -29.4799
-51.97031     -29.4758
-51.96663     -29.4749
-51.97114     -29.48291
-51.9665      -29.49762
-51.97523     -29.50997
-51.97657     -29.51409
-51.96827     -29.5302
-51.96913     -29.54373
-51.97415     -29.54807
-51.97658     -29.55999
-51.98084     -29.5703
-51.98875     -29.57692
-51.98982     -29.58035
-51.98827     -29.58403
-51.98298     -29.58735
-51.97389     -29.59306
-51.9671      -29.59905
-51.96028     -29.60023
-51.95427     -29.60394
-51.93906     -29.60653
-51.93278     -29.61046
-51.93019     -29.61598
-51.93075     -29.62355
-51.93997     -29.62856
-51.95417     -29.63239
-51.96629     -29.6406
-51.97291     -29.64997
-51.97452     -29.65616
-51.97209     -29.66429
-51.9668      -29.6819
-51.93974     -29.72769
-51.93438     -29.75594
-51.93045     -29.75803
-51.91048     -29.75903
-51.90523     -29.76158
-51.90474     -29.76259
-51.90263     -29.76687
-51.90453     -29.77718
-51.91457     -29.78655
-51.91565     -29.79274
-51.91071     -29.80332
-51.90442     -29.80656
-51.89704     -29.80383
-51.88912     -29.7979
-51.88413     -29.7977
-51.87705     -29.80346
-51.86759     -29.8035
-51.85002     -29.81481
-51.83637     -29.81854
-51.83084     -29.82123
-51.82876     -29.82224
-51.80366     -29.85583
-51.7955      -29.8554
-51.77627     -29.84996
-51.76756     -29.8438
-51.75414     -29.84132
-51.74598     -29.84042
-51.72547     -29.84141
-51.71837     -29.84372
-51.71339     -29.84833
-51.71106     -29.85935
-51.71372     -29.86852
-51.71901     -29.8747
-51.73931     -29.88542
-51.74222     -29.89092
-51.74224     -29.89551
-51.73048     -29.91619
-51.72791     -29.93387
-51.7232      -29.94237
-51.72036     -29.94436
-51.71926     -29.94513
-51.71425     -29.94538
-51.70371     -29.94243
-51.68397     -29.94317
-51.64258     -29.92699
-51.61572     -29.92292
-51.59966     -29.92204
-51.58862     -29.9278
-51.58414     -29.92827
-51.58264     -29.92802
-51.57176     -29.92623
-51.56755     -29.92326
-51.56147     -29.9134
-51.55752     -29.91042
-51.54857     -29.91044
-51.537       -29.91872
-51.53226     -29.91988
-51.52594     -29.91943
-51.51646     -29.91463
-51.50566     -29.91143
-51.48723     -29.91123
-51.47908     -29.9133
-51.47014     -29.9202
-51.46228     -29.93014
-51.46015     -29.93283
-51.45757     -29.93975
-51.45254     -29.95326
-51.44333     -29.96107
-51.41147     -29.97119
-51.38697     -29.96846
-51.34905     -29.95241
-51.3463      -29.95173
-51.33167     -29.94806
-51.32008     -29.94669
-51.30518     -29.94746
-51.30244     -29.94761
-51.2927      -29.946
-51.28401     -29.94279
-51.27006     -29.9343
-51.24611     -29.92947
-51.23504     -29.93658
-51.23267     -29.93658
-51.23162     -29.93245
-51.22829     -29.93504
-51.22662     -29.93635
-51.22161     -29.94369
-51.2179      -29.96112
-51.21605     -29.96341
-51.21079     -29.96089
-51.20709     -29.9657
-51.21078     -29.96892
-51.2097      -29.99002
-51.21365     -29.9898
-51.2152      -30
-51.21908     -30
-51.22023     -29.996
-51.2226      -29.9976
-51.22181     -30
-51.23313     -30
-51.24318     -30
-51.24499     -29.99899
-51.24631     -29.99647
-51.24341     -29.99256
-51.23789     -29.9905
-51.23683     -29.98843
-51.23947     -29.98293
-51.24316     -29.98086
-51.25133     -29.98156
-51.25791     -29.98041
-51.26134     -29.97743
-51.26002     -29.97536
-51.25423     -29.97765
-51.24686     -29.97719
-51.24054     -29.97008
-51.23764     -29.96985
-51.23534     -29.97703
-51.2329      -29.97145
-51.23528     -29.96572
-51.23976     -29.96388
-51.25477     -29.96045
-51.28268     -29.96366
-51.28374     -29.96505
-51.27715     -29.97124
-51.2695      -29.98385
-51.26212     -29.9889
-51.25897     -30
-51.2656      -30
-51.26865     -29.99565
-51.27899     -29.98087
-51.28979     -29.97124
-51.29822     -29.96619
-51.30085     -29.96275
-51.30217     -29.95518
-51.3069      -29.95318
-51.31668     -29.95682
-51.33346     -29.96308
-51.34352     -29.96664
-51.35511     -29.97467
-51.38382     -29.98383
-51.39778     -29.99162
-51.40674     -29.99253
-51.42386     -29.9916
-51.43045     -29.98953
-51.43992     -29.98126
-51.45052     -29.96588
-51.45304     -29.96222
-51.4572      -29.95832
-51.4636      -29.95233
-51.50227     -29.93254
-51.54203     -29.93362
-51.56469     -29.9423
-51.56869     -29.9431
-51.58418     -29.94616
-51.59604     -29.94798
-51.61868     -29.94678
-51.62948     -29.94997
-51.66028     -29.94668
-51.67161     -29.94757
-51.69717     -29.95277
-51.71429     -29.95318
-51.72167     -29.95568
-51.72481     -29.95916
-51.73118     -29.96621
-51.74119     -29.96663
-51.76118     -29.95808
-51.77487     -29.95849
-51.7862      -29.96098
-51.79518     -29.96645
-51.79631     -29.96431
-51.79675     -29.96346
-51.79317     -29.95919
-51.79119     -29.95683
-51.79461     -29.95446
-51.83384     -29.95438
-51.85178     -29.96119
-51.86047     -29.96184
-51.86653     -29.9609
-51.88912     -29.95026
-51.89701     -29.94908
-51.91571     -29.94991
-51.91909     -29.94981
-51.93467     -29.94937
-51.94072     -29.94796
-51.94301     -29.94299
-51.94358     -29.94175
-51.94115     -29.93098
-51.94192     -29.92777
-51.94664     -29.92453
-51.95531     -29.92197
-51.95927     -29.92264
-51.96667     -29.9288
-51.97853     -29.93104
-51.98278     -29.93675
-51.987       -29.93811
-51.99726     -29.93599
-52.00569     -29.93664
-52.0065      -29.93939
-51.99944     -29.94814
-51.99711     -29.95504
-51.99639     -29.96582
-51.99482     -29.96767
-51.98981     -29.967
-51.98635     -29.96082
-51.98618     -29.95884
-51.98522     -29.94775
-51.9823      -29.94364
-51.96988     -29.93681
-51.96145     -29.93617
-51.95304     -29.93758
-51.95674     -29.94101
-51.97202     -29.94277
-51.97756     -29.94504
-51.98102     -29.95076
-51.98165     -29.96682
-51.98588     -29.97069
-51.99328     -29.97386
-51.99933     -29.97338
-52.00352     -29.96969
-52.00481     -29.9644
-52.00408     -29.96035
-52.00337     -29.95633
-52.00317     -29.95523
-52.0055      -29.94926
-52.01231     -29.94302
-52.01757     -29.94139
-52.021       -29.94298
-52.02266     -29.95605
-52.02689     -29.95809
-52.04372     -29.95411
-52.04503     -29.95295
-52.04342     -29.94929
-52.04656     -29.9456
-52.06388     -29.93725
-52.06888     -29.93653
-52.07629     -29.94223
-52.09476     -29.94786
-52.10055     -29.9476
-52.10764     -29.94458
-52.11074     -29.93698
-52.11467     -29.93375
-52.12465     -29.93071
-52.13649     -29.92926
-52.14597     -29.93012
-52.15521     -29.93374
-52.16423     -29.94148
-52.17168     -29.9513
-52.17233     -29.95356
-52.17465     -29.96161
-52.17382     -29.96609
-52.17137     -29.97929
-52.17245     -29.98319
-52.1759      -29.98661
-52.19046     -29.99454
-52.20762     -29.99948
-52.22579     -29.99936
-52.23971     -29.99376
-52.25358     -29.98334
-52.26383     -29.98052
-52.26959     -29.97681
-52.27819     -29.96551
-52.29438     -29.95025
-52.30354     -29.94376
-52.30763     -29.94254
-52.31142     -29.94141
-52.3293      -29.93967
-52.3338      -29.94171
-52.33461     -29.94399
-52.32823     -29.96607
-52.32997     -29.98257
-52.3332      -29.98989
-52.34302     -29.99854
-52.34936     -30
-52.38442     -29.99824
-52.38972     -29.998
-52.39283     -29.99819
-52.39518     -29.99814
-52.39811     -29.99945
-52.39934     -30
-52.4064      -30
-52.40254     -29.9967
-52.39541     -29.99401
-52.37327     -29.99372
-52.35221     -29.99434
-52.34349     -29.99234
-52.33685     -29.98665
-52.33469     -29.9807
-52.33565     -29.97499
-52.34043     -29.9467
-52.3393      -29.93914
-52.33399     -29.93459
-52.32557     -29.93419
-52.2917      -29.94545
-52.28385     -29.95033
-52.26061     -29.97412
-52.25546     -29.97611
-52.24854     -29.97879
-52.23075     -29.99359
-52.21681     -29.99552
-52.20134     -29.99151
-52.19437     -29.9897
-52.18061     -29.98176
-52.17926     -29.97833
-52.17993     -29.96341
-52.17827     -29.95309
-52.1647      -29.93505
-52.16464     -29.93449
-52.16442     -29.9323
-52.16862     -29.93021
-52.16703     -29.92907
-52.15199     -29.92503
-52.13277     -29.92423
-52.10833     -29.93126
-52.10444     -29.93863
-52.10104     -29.94208
-52.09762     -29.94257
-52.08284     -29.93829
-52.07306     -29.93238
-52.07093     -29.92918
-52.07456     -29.92044
-52.07744     -29.91882
-52.07982     -29.91949
-52.07697     -29.92639
-52.0804      -29.92706
-52.08543     -29.93116
-52.0848      -29.91671
-52.07898     -29.91261
-52.07372     -29.91333
-52.07084     -29.9161
-52.06226     -29.93129
-52.0376      -29.94473
-52.02897     -29.95441
-52.02658     -29.95076
-52.02838     -29.94478
-52.02678     -29.94089
-52.01699     -29.93406
-52.02276     -29.92989
-52.02415     -29.92957
-52.03879     -29.92614
-52.03931     -29.92476
-52.0372      -29.92386
-52.01586     -29.92783
-52.0096      -29.93134
-52.003       -29.92862
-51.99642     -29.92796
-51.98538     -29.93123
-51.9806      -29.92506
-51.96822     -29.9226
-51.96715     -29.91985
-51.96029     -29.91736
-51.95423     -29.91693
-51.93952     -29.92227
-51.93559     -29.92573
-51.93406     -29.93377
-51.93419     -29.93536
-51.9349      -29.94386
-51.9099      -29.94558
-51.90015     -29.94425
-51.90303     -29.94171
-51.92406     -29.93473
-51.92641     -29.93197
-51.92299     -29.93175
-51.9101      -29.93456
-51.87805     -29.94824
-51.8619      -29.95335
-51.86043     -29.95381
-51.85227     -29.95431
-51.83724     -29.94955
-51.81854     -29.94916
-51.81221     -29.94643
-51.80774     -29.9469
-51.80222     -29.95037
-51.79248     -29.95017
-51.77538     -29.95413
-51.76431     -29.95119
-51.74905     -29.95605
-51.74325     -29.9547
-51.73612     -29.94761
-51.73006     -29.94625
-51.731       -29.9431
-51.73682     -29.92351
-51.74885     -29.90397
-51.75223     -29.89249
-51.7509      -29.88699
-51.74587     -29.88196
-51.72953     -29.87398
-51.72056     -29.86758
-51.71817     -29.86116
-51.71973     -29.85726
-51.72552     -29.85609
-51.74512     -29.85732
-51.74657     -29.8574
-51.76974     -29.86306
-51.81237     -29.86406
-51.81788     -29.8606
-51.82311     -29.85392
-51.8338      -29.83186
-51.84296     -29.82287
-51.86101     -29.81702
-51.86659     -29.81521
-51.88495     -29.8048
-51.89656     -29.81141
-51.90077     -29.81208
-51.90681     -29.81136
-51.9118      -29.80882
-51.91938     -29.80029
-51.92144     -29.79271
-51.92034     -29.78423
-51.91109     -29.77555
-51.90949     -29.77143
-51.91262     -29.76751
-51.91839     -29.7645
-51.93651     -29.76167
-51.94149     -29.75798
-51.94333     -29.74886
-51.94762     -29.72766
-51.98167     -29.66439
-51.98346     -29.6568
-51.97943     -29.64283
-51.97045     -29.633
-51.96147     -29.62455
-51.9549      -29.62321
-51.94309     -29.62258
-51.94019     -29.62098
-51.93859     -29.61686
-51.94119     -29.61226
-51.96111     -29.60711
-51.97133     -29.60477
-51.98101     -29.59807
-51.99357     -29.5941
-52.00011     -29.58857
-52.00191     -29.58305
-52.00109     -29.578
-51.99026     -29.56589
-51.97929     -29.53083
 1             28            2 
1
 -9999.0   ,   9990.0
   7
 12 
-51.76762     -29.85734
-51.7526      -29.85165
-51.74496     -29.8503
-51.72367     -29.85311
-51.71919     -29.85267
-51.71866     -29.85084
-51.72102     -29.84853
-51.74995     -29.84684
-51.75758     -29.84819
-51.76839     -29.85343
-51.77209     -29.85594
-51.76762     -29.85734
 1             28            3 
1
 -9999.0   ,   9990.0
   7
 7 
-51.81051     -29.85925
-51.80787     -29.85788
-51.80996     -29.85374
-51.81835     -29.84683
-51.82097     -29.84636
-51.8189      -29.85233
-51.81051     -29.85925
 1             28            4 
1
 -9999.0   ,   9990.0
   7
 11 
-51.53149     -29.92768
-51.53017     -29.92607
-51.53332     -29.92332
-51.54017     -29.92285
-51.55094     -29.91548
-51.55673     -29.91502
-51.55858     -29.91616
-51.55938     -29.92098
-51.55702     -29.92511
-51.55307     -29.92718
-51.53149     -29.92768
 1             28            5 
1
 -9999.0   ,   9990.0
   7
 6 
-51.58548     -29.93722
-51.5631      -29.93634
-51.55651     -29.93406
-51.55677     -29.93199
-51.57204     -29.93196
-51.58548     -29.93722
 1             28            6 
1
 -9999.0   ,   9990.0
   7
 15 
-51.46437     -29.94338
-51.46463     -29.93879
-51.46805     -29.93374
-51.47726     -29.92799
-51.48304     -29.92179
-51.49146     -29.91787
-51.49751     -29.91672
-51.50857     -29.91716
-51.51489     -29.91968
-51.51858     -29.9238
-51.51359     -29.92794
-51.49437     -29.93003
-51.487       -29.93325
-51.48227     -29.93739
-51.46437     -29.94338
 1             28            7 
1
 -9999.0   ,   9990.0
   7
 14 
-51.64158     -29.94489
-51.60787     -29.94084
-51.59496     -29.93697
-51.59337     -29.93399
-51.6002      -29.92686
-51.60704     -29.92639
-51.63496     -29.93229
-51.64628     -29.93249
-51.66474     -29.93932
-51.66632     -29.94115
-51.66422     -29.94254
-51.65371     -29.94192
-51.6529      -29.94188
-51.64158     -29.94489
 1             28            8 
1
 -9999.0   ,   9990.0
   7
 7 
-51.34299     -29.96114
-51.32087     -29.95311
-51.32035     -29.95082
-51.3235      -29.95013
-51.34615     -29.95907
-51.34615     -29.96068
-51.34299     -29.96114
 1             28            9 
1
 -9999.0   ,   9990.0
   7
 10 
-51.2431      -29.95423
-51.26584     -29.94302
-51.27242     -29.94898
-51.29375     -29.95541
-51.29532     -29.95793
-51.29164     -29.96137
-51.28058     -29.95747
-51.26214     -29.95724
-51.2553      -29.95471
-51.2431      -29.95423
 1             28            10 
1
 -9999.0   ,   9990.0
   7
 5 
-51.24063     -29.95721
-51.2411      -29.95957
-51.23603     -29.96142
-51.23626     -29.95845
-51.24063     -29.95721
 1             28            11 
1
 -9999.0   ,   9990.0
   7
 6 
-51.7396      -29.9632
-51.73486     -29.96275
-51.72931     -29.95681
-51.74354     -29.9602
-51.74355     -29.96204
-51.7396      -29.9632
 1             28            12 
1
 -9999.0   ,   9990.0
   7
 14 
-51.42386     -29.98609
-51.42122     -29.98564
-51.42043     -29.98403
-51.42359     -29.98127
-51.41911     -29.98013
-51.41569     -29.98266
-51.39225     -29.98267
-51.38592     -29.97511
-51.41015     -29.97739
-51.42938     -29.9737
-51.43833     -29.96933
-51.4407      -29.96979
-51.42807     -29.98448
-51.42386     -29.98609
 1             28            13 
1
 -9999.0   ,   9990.0
   7
 15 
-51.22655     -29.99852
-51.22498     -29.99095
-51.22577     -29.98705
-51.22051     -29.97971
-51.22527     -29.96204
-51.22661     -29.94598
-51.24531     -29.93727
-51.26032     -29.93842
-51.26005     -29.94049
-51.25031     -29.94278
-51.23265     -29.95608
-51.22945     -29.96444
-51.22869     -29.9664
-51.2284      -29.98981
-51.22655     -29.99852
 1 
 1             29            
1
 -9999.0   ,   9990.0
   7
 10 
-54.7525      -29.55168
-54.76013     -29.55241
-54.76553     -29.54883
-54.76838     -29.53958
-54.76718     -29.53479
-54.76241     -29.53353
-54.7572      -29.5348
-54.75518     -29.53692
-54.752       -29.54435
-54.7525      -29.55168
 1 
 1             30            
1
 -9999.0   ,   9990.0
   7
 13 
-50           -29.59416
-50.00466     -29.59039
-50.01568     -29.58147
-50.02659     -29.56963
-50.03224     -29.55798
-50.03075     -29.55131
-50.02191     -29.54458
-50.01694     -29.54338
-50.01088     -29.54562
-50.00597     -29.53938
-50.00232     -29.53774
-50           -29.53726
-50           -29.59416
 1 
 1             31            
1
 -9999.0   ,   9990.0
   7
 9 
-50.02639     -29.62816
-50.03348     -29.62776
-50.03562     -29.62525
-50.03487     -29.62181
-50.03175     -29.61948
-50.02677     -29.61852
-50.02386     -29.62033
-50.0225      -29.62422
-50.02639     -29.62816
 1 
 1             32            
1
 -9999.0   ,   9990.0
   7
 40 
-50.04447     -29.6531
-50.03409     -29.66403
-50.03033     -29.67065
-50.02734     -29.67865
-50.02687     -29.68916
-50.02662     -29.69471
-50.03095     -29.70599
-50.03468     -29.72301
-50.04199     -29.73349
-50.05483     -29.75187
-50.06314     -29.76021
-50.06888     -29.7637
-50.07624     -29.764
-50.08362     -29.76199
-50.09817     -29.75386
-50.13293     -29.72593
-50.1382      -29.72436
-50.14028     -29.72645
-50.14073     -29.73288
-50.14519     -29.7336
-50.14812     -29.73041
-50.14815     -29.7272
-50.13699     -29.71517
-50.12753     -29.69215
-50.11761     -29.68702
-50.11711     -29.68403
-50.12158     -29.68384
-50.13323     -29.68857
-50.13832     -29.69063
-50.14332     -29.68976
-50.14573     -29.68565
-50.13306     -29.66741
-50.12682     -29.66185
-50.11167     -29.65507
-50.09058     -29.63951
-50.08403     -29.63808
-50.06903     -29.64093
-50.05591     -29.64586
-50.05532     -29.64609
-50.04447     -29.6531
 1 
 1             33            
1
 -9999.0   ,   9990.0
   7
 9 
-54.28095     -29.66701
-54.28273     -29.66491
-54.2824      -29.66262
-54.27627     -29.65931
-54.26889     -29.65855
-54.26739     -29.66133
-54.26877     -29.6636
-54.27463     -29.66669
-54.28095     -29.66701
 1 
 1             34            
1
 -9999.0   ,   9990.0
   7
 8 
-53.58952     -29.73905
-53.59602     -29.73597
-53.60169     -29.73082
-53.59506     -29.72772
-53.59061     -29.72848
-53.59016     -29.73216
-53.58708     -29.73588
-53.58952     -29.73905
 1 
 1             35            
1
 -9999.0   ,   9990.0
   7
 8 
-51.32932     -29.76037
-51.33405     -29.75578
-51.33326     -29.75027
-51.33011     -29.74477
-51.32906     -29.7388
-51.32485     -29.73674
-51.32432     -29.74752
-51.32932     -29.76037
 1 
 1             36            
1
 -9999.0   ,   9990.0
   7
 8 
-52.74571     -29.74989
-52.7486      -29.74917
-52.75116     -29.74432
-52.75111     -29.7402
-52.74872     -29.73838
-52.74636     -29.7391
-52.74251     -29.74602
-52.74571     -29.74989
 1 
 1             37            
1
 -9999.0   ,   9990.0
   7
 16 
-50.15059     -29.76761
-50.15877     -29.76515
-50.1617      -29.76173
-50.1612      -29.7592
-50.15127     -29.7543
-50.14453     -29.74599
-50.14059     -29.74527
-50.1361      -29.74684
-50.13236     -29.75277
-50.12787     -29.7548
-50.12572     -29.75822
-50.12728     -29.76053
-50.13567     -29.76221
-50.13641     -29.76635
-50.14905     -29.76392
-50.15059     -29.76761
 1 
 1             38            
1
 -9999.0   ,   9990.0
   7
 7 
-53.11561     -29.75383
-53.12347     -29.75212
-53.1258      -29.75002
-53.12574     -29.74681
-53.11709     -29.74807
-53.11451     -29.75086
-53.11561     -29.75383
 1 
 1             39            
1
 -9999.0   ,   9990.0
   7
 9 
-50.09719     -29.7706
-50.0993      -29.77062
-50.10222     -29.76743
-50.09859     -29.76327
-50.10046     -29.76076
-50.09969     -29.75915
-50.0968      -29.75913
-50.09411     -29.76392
-50.09719     -29.7706
 1 
 1             40            
1
 -9999.0   ,   9990.0
   7
 95 
-50.18486     -29.78515
-50.16606     -29.7955
-50.15502     -29.79472
-50.13852     -29.81249
-50.1375      -29.80904
-50.14158     -29.7976
-50.14247     -29.78888
-50.13988     -29.78473
-50.117       -29.78546
-50.11387     -29.78314
-50.11229     -29.77966
-50.11156     -29.77807
-50.10813     -29.77942
-50.1073      -29.78331
-50.10958     -29.79067
-50.10424     -29.79774
-50.112       -29.80859
-50.10324     -29.81517
-50.09471     -29.82543
-50.09112     -29.84008
-50.09096     -29.84456
-50.09072     -29.85155
-50.09731     -29.87317
-50.11165     -29.88431
-50.11567     -29.87838
-50.11784     -29.8778
-50.12068     -29.87704
-50.12153     -29.87713
-50.12594     -29.87755
-50.13379     -29.88174
-50.13878     -29.8827
-50.13985     -29.88111
-50.13779     -29.87719
-50.13257     -29.87324
-50.12784     -29.87229
-50.12638     -29.87243
-50.11256     -29.87376
-50.11022     -29.87168
-50.11716     -29.86348
-50.11774     -29.85866
-50.11618     -29.85727
-50.11222     -29.8577
-50.10877     -29.85996
-50.10642     -29.85925
-50.10948     -29.84483
-50.10848     -29.84023
-50.10379     -29.83629
-50.10698     -29.83333
-50.11353     -29.83591
-50.11541     -29.8318
-50.1147      -29.8256
-50.11818     -29.82012
-50.12136     -29.81808
-50.12636     -29.81789
-50.13001     -29.8209
-50.13932     -29.83429
-50.14459     -29.83378
-50.14591     -29.83366
-50.17293     -29.81598
-50.17776     -29.80753
-50.18144     -29.80687
-50.18509     -29.81034
-50.19775     -29.83155
-50.2144      -29.84912
-50.2194      -29.84847
-50.22285     -29.8462
-50.23322     -29.83504
-50.23776     -29.82888
-50.23758     -29.82732
-50.23728     -29.82474
-50.23258     -29.8208
-50.23245     -29.80795
-50.23091     -29.80473
-50.22251     -29.80352
-50.21522     -29.79658
-50.20919     -29.79515
-50.20789     -29.79331
-50.20844     -29.79125
-50.2124      -29.78967
-50.2208      -29.79111
-50.22135     -29.78813
-50.22007     -29.78537
-50.21457     -29.78349
-50.20935     -29.77909
-50.20015     -29.77948
-50.20228     -29.77651
-50.21048     -29.77245
-50.21182     -29.76948
-50.20976     -29.76602
-50.20323     -29.76183
-50.19955     -29.76158
-50.19522     -29.76987
-50.18989     -29.78009
-50.18537     -29.78487
-50.18486     -29.78515
 1 
 1             41            
1
 -9999.0   ,   9990.0
   7
 8 
-54.35182     -29.76717
-54.34901     -29.77021
-54.34485     -29.78109
-54.34737     -29.78632
-54.35099     -29.7844
-54.3552      -29.77512
-54.35508     -29.771
-54.35182     -29.76717
 1 
 1             42            
1
 -9999.0   ,   9990.0
   7
 8 
-54.86423     -29.77982
-54.86811     -29.77789
-54.86775     -29.77491
-54.86399     -29.77271
-54.85714     -29.77243
-54.85461     -29.77525
-54.85601     -29.77774
-54.86423     -29.77982
 1 
 1             43            
1
 -9999.0   ,   9990.0
   7
 19 
-50.07292     -29.79954
-50.07708     -29.79915
-50.08187     -29.7987
-50.08322     -29.79618
-50.08586     -29.79529
-50.0883      -29.78866
-50.09568     -29.78757
-50.09675     -29.78597
-50.08783     -29.78383
-50.08577     -29.78037
-50.08729     -29.77761
-50.08765     -29.77694
-50.08689     -29.77442
-50.08269     -29.77369
-50.0782      -29.77549
-50.07257     -29.78485
-50.07486     -29.79129
-50.07189     -29.79746
-50.07292     -29.79954
 1 
 1             44            
1
 -9999.0   ,   9990.0
   7
 7 
-55           -29.7739
-54.98975     -29.77404
-54.98087     -29.77588
-54.96902     -29.7755
-54.98004     -29.78233
-55           -29.78195
-55           -29.7739
 1 
 1             45            
1
 -9999.0   ,   9990.0
   7
 10 
-50.15878     -29.78741
-50.17036     -29.78727
-50.17197     -29.78407
-50.16857     -29.78198
-50.16678     -29.77761
-50.16362     -29.77781
-50.16226     -29.7817
-50.15856     -29.78397
-50.15695     -29.78694
-50.15878     -29.78741
 1 
 1             46            
1
 -9999.0   ,   9990.0
   7
 6 
-54.93857     -29.8004
-54.9485      -29.79854
-54.95052     -29.78838
-54.94663     -29.79009
-54.93771     -29.79836
-54.93857     -29.8004
 1 
 1             47            
1
 -9999.0   ,   9990.0
   7
 7 
-52.84797     -29.80593
-52.84974     -29.80086
-52.84732     -29.79722
-52.8439      -29.79703
-52.84476     -29.80184
-52.84273     -29.80737
-52.84797     -29.80593
 1 
 1             48            
1
 -9999.0   ,   9990.0
   7
 8 
-53.43749     -29.81399
-53.4405      -29.8066
-53.43783     -29.80411
-53.42964     -29.80263
-53.42703     -29.80382
-53.42839     -29.80563
-53.43288     -29.80694
-53.43749     -29.81399
 1 
 1             49            
1
 -9999.0   ,   9990.0
   7
 8 
-52.93595     -29.81526
-52.93988     -29.81452
-52.9422      -29.81128
-52.94082     -29.80717
-52.92893     -29.8034
-52.92926     -29.80776
-52.93218     -29.80956
-52.93595     -29.81526
 1 
 1             50            
1
 -9999.0   ,   9990.0
   7
 12 
-50.51681     -29.83117
-50.52158     -29.82729
-50.51818     -29.82406
-50.51821     -29.82108
-50.52189     -29.82064
-50.52402     -29.81813
-50.52351     -29.81583
-50.51959     -29.8126
-50.51408     -29.8105
-50.50792     -29.82469
-50.51287     -29.83069
-50.51681     -29.83117
 1 
 1             51            
1
 -9999.0   ,   9990.0
   7
 8 
-54.52105     -29.81639
-54.51964     -29.82193
-54.52395     -29.84272
-54.52679     -29.84105
-54.53007     -29.82766
-54.52883     -29.82149
-54.5253      -29.81767
-54.52105     -29.81639
 1 
 1             52            
1
 -9999.0   ,   9990.0
   7
 11 
-50.63515     -29.83591
-50.63856     -29.8373
-50.6441      -29.8348
-50.65304     -29.83439
-50.65517     -29.83026
-50.65309     -29.82727
-50.64783     -29.82679
-50.6444      -29.82815
-50.6436      -29.83113
-50.63596     -29.83247
-50.63515     -29.83591
 1 
 1             53            
1
 -9999.0   ,   9990.0
   7
 22 
-50.1392      -29.86825
-50.14448     -29.86669
-50.15226     -29.85854
-50.15274     -29.85804
-50.15589     -29.85852
-50.16238     -29.86591
-50.16633     -29.86572
-50.17295     -29.8621
-50.17432     -29.85683
-50.17289     -29.84351
-50.17719     -29.83506
-50.17488     -29.82976
-50.16937     -29.82903
-50.16514     -29.83106
-50.15952     -29.83927
-50.14519     -29.85063
-50.13546     -29.85009
-50.13096     -29.85212
-50.12906     -29.85761
-50.13187     -29.86521
-50.13448     -29.86729
-50.1392      -29.86825
 1 
 1             54            
1
 -9999.0   ,   9990.0
   7
 6 
-50.7608      -29.85136
-50.76607     -29.84955
-50.76767     -29.84519
-50.76664     -29.8406
-50.76347     -29.84357
-50.7608      -29.85136
 1 
 1             55            
1
 -9999.0   ,   9990.0
   7
 10 
-50.53836     -29.86892
-50.54284     -29.86848
-50.54601     -29.86644
-50.54736     -29.86208
-50.54294     -29.85426
-50.539       -29.85424
-50.53451     -29.85651
-50.53371     -29.85834
-50.53394     -29.86224
-50.53836     -29.86892
 1 
 1             56            
1
 -9999.0   ,   9990.0
   7
 14 
-50.23509     -29.88301
-50.23773     -29.8828
-50.24622     -29.87552
-50.24626     -29.87185
-50.24101     -29.87043
-50.24027     -29.86561
-50.23583     -29.86213
-50.23797     -29.85917
-50.23748     -29.85641
-50.23432     -29.8557
-50.23114     -29.85797
-50.22922     -29.86552
-50.23275     -29.88069
-50.23509     -29.88301
 1 
 1             57            
1
 -9999.0   ,   9990.0
   7
 13 
-50.1999      -29.87654
-50.20495     -29.87153
-50.2089      -29.87133
-50.2186      -29.87485
-50.22126     -29.87166
-50.21791     -29.86544
-50.21061     -29.85872
-50.20009     -29.85819
-50.19322     -29.86111
-50.19158     -29.86707
-50.19258     -29.87166
-50.19464     -29.87604
-50.1999      -29.87654
 1 
 1             58            
1
 -9999.0   ,   9990.0
   7
 31 
-50.41919     -29.92673
-50.42527     -29.8935
-50.42329     -29.87949
-50.42007     -29.87419
-50.41965     -29.8735
-50.40918     -29.86701
-50.40498     -29.86607
-50.40129     -29.86742
-50.39805     -29.87635
-50.38504     -29.88752
-50.38028     -29.8916
-50.37368     -29.89363
-50.35605     -29.89282
-50.34838     -29.89759
-50.33889     -29.89913
-50.32864     -29.89722
-50.32048     -29.89762
-50.31595     -29.90379
-50.3151      -29.90929
-50.3274      -29.94517
-50.33538     -29.95923
-50.34061     -29.96843
-50.35258     -29.9832
-50.36043     -29.98967
-50.36621     -29.99132
-50.38053     -29.98458
-50.38737     -29.98136
-50.39666     -29.97339
-50.40842     -29.95466
-50.41729     -29.93165
-50.41919     -29.92673
 1 
 1             59            
1
 -9999.0   ,   9990.0
   7
 6 
-50.69849     -29.88805
-50.70723     -29.87822
-50.6962      -29.87496
-50.69193     -29.88527
-50.69323     -29.8878
-50.69849     -29.88805
 1 
 1             60            
1
 -9999.0   ,   9990.0
   7
 6 
-52.83356     -29.8848
-52.83448     -29.89374
-52.83971     -29.89207
-52.84259     -29.89044
-52.83777     -29.88475
-52.83356     -29.8848
 1 
 1             61            
1
 -9999.0   ,   9990.0
   7
 12 
-50.16952     -29.91753
-50.18223     -29.90394
-50.18493     -29.89799
-50.18287     -29.89339
-50.17577     -29.89264
-50.16485     -29.90425
-50.16089     -29.9056
-50.15875     -29.90902
-50.16039     -29.91208
-50.16468     -29.92009
-50.16838     -29.91874
-50.16952     -29.91753
 1 
 1             62            
1
 -9999.0   ,   9990.0
   7
 10 
-50.14581     -29.91236
-50.14743     -29.90916
-50.14059     -29.90842
-50.14146     -29.90154
-50.13989     -29.9
-50.13885     -29.89899
-50.13383     -29.90102
-50.13664     -29.90884
-50.14002     -29.91277
-50.14581     -29.91236
 1 
 1             63            
1
 -9999.0   ,   9990.0
   7
 6 
-53.53111     -29.92772
-53.53368     -29.92493
-53.53151     -29.92175
-53.52062     -29.91711
-53.52068     -29.92009
-53.53111     -29.92772
 1 
 1             64            
1
 -9999.0   ,   9990.0
   7
 9 
-53.18553     -29.93557
-53.18945     -29.93391
-53.19351     -29.92513
-53.19319     -29.92169
-53.18998     -29.91898
-53.18576     -29.91858
-53.18611     -29.92385
-53.18256     -29.9317
-53.18553     -29.93557
 1 
 1             65            
1
 -9999.0   ,   9990.0
   7
 7 
-50.91277     -29.93859
-50.91383     -29.93607
-50.91255     -29.92758
-50.90913     -29.92734
-50.90674     -29.93054
-50.90829     -29.93835
-50.91277     -29.93859
 1 
 1             66            
1
 -9999.0   ,   9990.0
   7
 8 
-53.50852     -29.94346
-53.51166     -29.94272
-53.51158     -29.93882
-53.51779     -29.93344
-53.51245     -29.92963
-53.50855     -29.93221
-53.50553     -29.93868
-53.50852     -29.94346
 1 
 1             67            
1
 -9999.0   ,   9990.0
   7
 10 
-50.30554     -29.94525
-50.31426     -29.94232
-50.31589     -29.93706
-50.31462     -29.93223
-50.31148     -29.9306
-50.30883     -29.9315
-50.30801     -29.93494
-50.30401     -29.93973
-50.30318     -29.94454
-50.30554     -29.94525
 1 
 1             68            
1
 -9999.0   ,   9990.0
   7
 8 
-50.74054     -29.94444
-50.74211     -29.94651
-50.74894     -29.94883
-50.75342     -29.94816
-50.75081     -29.94448
-50.74556     -29.9417
-50.74056     -29.94191
-50.74054     -29.94444
 1 
 1             69            
1
 -9999.0   ,   9990.0
   7
 37 
-50.17012     -30
-50.17416     -29.99175
-50.17806     -29.9888
-50.18107     -29.98653
-50.18163     -29.98332
-50.17325     -29.97889
-50.16825     -29.97793
-50.15921     -29.98543
-50.15393     -29.98676
-50.15211     -29.98515
-50.15535     -29.97783
-50.16891     -29.96578
-50.17372     -29.95939
-50.17644     -29.9523
-50.1757      -29.94748
-50.17125     -29.94492
-50.1549      -29.94708
-50.15018     -29.94544
-50.14464     -29.94585
-50.14305     -29.94767
-50.14354     -29.9502
-50.14852     -29.95299
-50.14426     -29.95709
-50.1527      -29.95509
-50.15531     -29.95741
-50.14763     -29.96125
-50.14735     -29.96308
-50.15258     -29.96656
-50.15125     -29.9677
-50.14728     -29.96859
-50.14312     -29.96442
-50.13891     -29.9637
-50.13854     -29.96724
-50.13744     -29.97745
-50.14234     -29.98644
-50.15742     -30
-50.17012     -30
 1 
 1             70            
1
 -9999.0   ,   9990.0
   7
 11 
-51.53129     -29.96737
-51.53261     -29.96508
-51.52865     -29.95912
-51.52917     -29.95636
-51.53206     -29.95406
-51.53021     -29.95017
-51.52521     -29.94857
-51.5189      -29.95546
-51.52153     -29.95637
-51.52919     -29.96715
-51.53129     -29.96737
 1 
 1             71            
1
 -9999.0   ,   9990.0
   7
 7 
-53.61248     -29.96495
-53.61694     -29.96442
-53.621       -29.95701
-53.61855     -29.95338
-53.61441     -29.95666
-53.61138     -29.96314
-53.61248     -29.96495
 1 
 1             72            
1
 -9999.0   ,   9990.0
   7
 12 
-51.4997      -29.97453
-51.50207     -29.96971
-51.49784     -29.96375
-51.49968     -29.96123
-51.5068      -29.96236
-51.51021     -29.96029
-51.49835     -29.95435
-51.49599     -29.95595
-51.49072     -29.95505
-51.48941     -29.95757
-51.49073     -29.96101
-51.4997      -29.97453
 1 
 1             73            
1
 -9999.0   ,   9990.0
   7
 8 
-53.51258     -29.97483
-53.51428     -29.96792
-53.51313     -29.96289
-53.51044     -29.96018
-53.50808     -29.96068
-53.50689     -29.96689
-53.50889     -29.97443
-53.51258     -29.97483
 1 
 1             74            
1
 -9999.0   ,   9990.0
   7
 8 
-50.21097     -29.97345
-50.21757     -29.9719
-50.22156     -29.96872
-50.22266     -29.96368
-50.21607     -29.96409
-50.21183     -29.96703
-50.20996     -29.97
-50.21097     -29.97345
 1 
 1             75            
1
 -9999.0   ,   9990.0
   7
 6 
-50.62428     -29.96503
-50.62109     -29.96915
-50.6337      -29.97425
-50.63347     -29.96966
-50.63007     -29.96644
-50.62428     -29.96503
 1 
 1             76            
1
 -9999.0   ,   9990.0
   7
 7 
-51.55076     -29.97858
-51.5571      -29.96756
-51.55552     -29.96572
-51.54709     -29.96528
-51.5442      -29.96781
-51.54974     -29.97285
-51.55076     -29.97858
 1 
 1             77            
1
 -9999.0   ,   9990.0
   7
 6 
-51.706       -29.99313
-51.70941     -29.99197
-51.7136      -29.98415
-51.71228     -29.98186
-51.69964     -29.98328
-51.706       -29.99313
 1 
 1             78            
1
 -9999.0   ,   9990.0
   7
 10 
-50.3221      -30
-50.32241     -29.99859
-50.32907     -29.99107
-50.32752     -29.98784
-50.31965     -29.98389
-50.30781     -29.98289
-50.30384     -29.98515
-50.30188     -29.99615
-50.30305     -30
-50.3221      -30
 1 
 1             79            
1
 -9999.0   ,   9990.0
   7
 8 
-52.64389     -30
-52.65282     -29.99611
-52.65436     -29.99357
-52.64855     -29.99225
-52.64198     -29.99346
-52.6323      -29.99861
-52.63044     -30
-52.64389     -30
 1 
 1             80            
1
 -9999.0   ,   9990.0
   7
 5 
-51.54989     -30
-51.54716     -29.99763
-51.54241     -29.99557
-51.53952     -30
-51.54989     -30
