 452 
 1             1 
1
 -9999.0   ,   9990.0 
 12 
-74.67173      64.81592 
-74.6639       64.82046 
-74.66961      64.82521 
-74.68149      64.8271 
-74.68713      64.82979 
-74.69165      64.82679 
-74.68819      64.82422 
-74.69037      64.8225 
-74.69921      64.82135 
-74.69853      64.81908 
-74.68553      64.81886 
-74.67173      64.81592 
 1             2 
1
 -9999.0   ,   9990.0 
 19 
-74.78045      64.7545 
-74.77367      64.74961 
-74.76006      64.75609 
-74.73987      64.75511 
-74.73476      64.75241 
-74.74136      64.74929 
-74.73825      64.74418 
-74.7406       64.73946 
-74.7314       64.73561 
-74.72986      64.73224 
-74.73308      64.72678 
-74.72981      64.71938 
-74.73953      64.71955 
-74.76491      64.73265 
-74.77315      64.74046 
-74.7811       64.7437 
-74.78006      64.74743 
-74.7871       64.75301 
-74.78045      64.7545 
 1             3 
1
 -9999.0   ,   9990.0 
 105 
-78.04335      65 
-78.04975      64.9961 
-78.04507      64.98905 
-78.05552      64.98918 
-78.05514      64.98573 
-78.06091      64.9839 
-78.0703       64.9892 
-78.08187      64.98141 
-78.08854      64.97691 
-78.10451      64.97846 
-78.10395      64.97203 
-78.11283      64.97111 
-78.11471      64.96911 
-78.10859      64.96634 
-78.10868      64.96402 
-78.1182       64.96328 
-78.11526      64.96028 
-78.11891      64.95606 
-78.14004      64.96067 
-78.13673      64.95051 
-78.14889      64.94702 
-78.141        64.94138 
-78.14593      64.91993 
-78.13261      64.9131 
-78.12022      64.9122 
-78.11483      64.90729 
-78.11357      64.90183 
-78.11713      64.89947 
-78.11951      64.89791 
-78.1368       64.90258 
-78.14154      64.89966 
-78.1387       64.89688 
-78.14109      64.89229 
-78.1349       64.88929 
-78.12455      64.89056 
-78.1194       64.88495 
-78.1015       64.88262 
-78.10241      64.88093 
-78.1203       64.8807 
-78.11832      64.87483 
-78.13471      64.87496 
-78.1372       64.87314 
-78.12786      64.8704 
-78.10149      64.86989 
-78.09756      64.86834 
-78.10533      64.86612 
-78.10617      64.8605 
-78.09994      64.85612 
-78.09223      64.85973 
-78.08538      64.86025 
-78.06813      64.85557 
-78.05817      64.85008 
-78.07636      64.84683 
-78.07608      64.83852 
-78.06616      64.83443 
-78.06593      64.83005 
-78.07564      64.82605 
-78.06884      64.82288 
-78.06875      64.82011 
-78.0809       64.81037 
-78.083        64.80766 
-78.08381      64.80575 
-78.09706      64.8075 
-78.10097      64.80396 
-78.10857      64.80268 
-78.10981      64.8005 
-78.10216      64.79785 
-78.1024       64.7946 
-78.0913       64.79151 
-78.0987       64.78723 
-78.0996       64.783 
-78.10261      64.78115 
-78.11653      64.78191 
-78.12248      64.77936 
-78.12462      64.7755 
-78.13536      64.77396 
-78.14395      64.76866 
-78.15325      64.76887 
-78.1594       64.76168 
-78.1772       64.76144 
-78.17876      64.75878 
-78.17125      64.75519 
-78.18316      64.7501 
-78.18676      64.74588 
-78.1836       64.74357 
-78.17196      64.74171 
-78.18508      64.73188 
-78.18363      64.72853 
-78.16656      64.72916 
-78.16451      64.72816 
-78.17675      64.72258 
-78.18961      64.72226 
-78.19332      64.72081 
-78.19197      64.71768 
-78.17886      64.71616 
-78.17976      64.71447 
-78.19648      64.71432 
-78.21632      64.71218 
-78.22753      64.71095 
-78.23904      64.7075 
-78.25335      64.71053 
-78.2851       64.70756 
-78.29287      64.70301 
-78.29413      64.69967 
-78.28803      64.69593 
 1             4 
1
 -9999.0   ,   9990.0 
 8 
-74.05051      64.69201 
-74.06465      64.69476 
-74.06823      64.69413 
-74.07111      64.68893 
-74.0693       64.68421 
-74.06471      64.68306 
-74.06032      64.68466 
-74.05051      64.69201 
 1             5 
1
 -9999.0   ,   9990.0 
 18 
-74.10566      64.64848 
-74.09375      64.64793 
-74.09108      64.64601 
-74.09487      64.64421 
-74.10485      64.64348 
-74.1061       64.63631 
-74.11266      64.63485 
-74.12899      64.64183 
-74.13205      64.64717 
-74.14522      64.64445 
-74.1492       64.64723 
-74.14636      64.65058 
-74.13091      64.6587 
-74.12662      64.65868 
-74.12165      64.65411 
-74.10145      64.65466 
-74.09708      64.65235 
-74.10566      64.64848 
 1             6 
1
 -9999.0   ,   9990.0 
 7 
-73.60643      64.59406 
-73.60406      64.59738 
-73.60942      64.60171 
-73.62065      64.60395 
-73.62448      64.60216 
-73.61708      64.5961 
-73.60643      64.59406 
 1             7 
1
 -9999.0   ,   9990.0 
 10 
-74.11719      64.5984 
-74.108        64.6039 
-74.09378      64.60461 
-74.08607      64.60178 
-74.08985      64.59998 
-74.1042       64.59973 
-74.10986      64.59303 
-74.12108      64.5911 
-74.12403      64.5921 
-74.11719      64.5984 
 1             8 
1
 -9999.0   ,   9990.0 
 7 
-74.02315      64.58815 
-74.02078      64.59125 
-74.0261       64.59513 
-74.03319      64.59774 
-74.0401       64.59763 
-74.04055      64.59531 
-74.02315      64.58815 
 1             9 
1
 -9999.0   ,   9990.0 
 19 
-74.26835      64.58116 
-74.26621      64.5831 
-74.28367      64.59023 
-74.29877      64.59267 
-74.29925      64.59631 
-74.28429      64.59822 
-74.2821       64.59995 
-74.28576      64.6016 
-74.30371      64.60274 
-74.3088       64.60568 
-74.31493      64.60468 
-74.31991      64.60145 
-74.32793      64.6015 
-74.3264       64.59791 
-74.31789      64.59421 
-74.30473      64.58342 
-74.29675      64.58543 
-74.2865       64.58115 
-74.26835      64.58116 
 1             10 
1
 -9999.0   ,   9990.0 
 14 
-73.6356       64.57232 
-73.63465      64.57695 
-73.62318      64.57588 
-73.6245       64.57903 
-73.62203      64.57983 
-73.61093      64.57805 
-73.61031      64.58197 
-73.60171      64.58168 
-73.60466      64.58705 
-73.61449      64.58796 
-73.61757      64.59171 
-73.64453      64.57603 
-73.64332      64.57335 
-73.6356       64.57232 
 1             11 
1
 -9999.0   ,   9990.0 
 9 
-73.21896      64.56773 
-73.2058       64.57288 
-73.20725      64.57671 
-73.21258      64.57899 
-73.22037      64.57591 
-73.22638      64.57656 
-73.23115      64.56971 
-73.2264       64.56765 
-73.21896      64.56773 
 1             12 
1
 -9999.0   ,   9990.0 
 7 
-75.72618      64.57383 
-75.6948       64.56606 
-75.68881      64.56251 
-75.69458      64.56055 
-75.71121      64.5623 
-75.70455      64.56478 
-75.72618      64.57383 
 1             13 
1
 -9999.0   ,   9990.0 
 8 
-75.74416      64.54716 
-75.73855      64.54798 
-75.75202      64.55313 
-75.75577      64.55795 
-75.76635      64.56075 
-75.76686      64.55428 
-75.76086      64.55075 
-75.74416      64.54716 
 1             14 
1
 -9999.0   ,   9990.0 
 12 
-75.68023      64.5398 
-75.67208      64.5426 
-75.6595       64.54176 
-75.65754      64.54556 
-75.6633       64.55165 
-75.67311      64.55542 
-75.68223      64.55716 
-75.69271      64.55652 
-75.69241      64.55401 
-75.68246      64.54818 
-75.68584      64.54383 
-75.68023      64.5398 
 1             15 
1
 -9999.0   ,   9990.0 
 8 
-74.48508      64.53806 
-74.47635      64.53921 
-74.472        64.54265 
-74.46293      64.54266 
-74.46135      64.54458 
-74.46616      64.55213 
-74.48823      64.55098 
-74.48508      64.53806 
 1             16 
1
 -9999.0   ,   9990.0 
 17 
-75.75148      64.53383 
-75.74691      64.53457 
-75.74991      64.53876 
-75.74804      64.5428 
-75.75171      64.54417 
-75.76608      64.54236 
-75.77185      64.54362 
-75.76991      64.54581 
-75.76348      64.54736 
-75.78266      64.55353 
-75.78654      64.55237 
-75.78316      64.54706 
-75.78577      64.54207 
-75.78135      64.54004 
-75.77281      64.54011 
-75.76053      64.53535 
-75.75148      64.53383 
 1             17 
1
 -9999.0   ,   9990.0 
 8 
-75.7033       64.53357 
-75.70164      64.53505 
-75.72072      64.54745 
-75.72739      64.54658 
-75.72723      64.54291 
-75.71871      64.53653 
-75.7107       64.53334 
-75.7033       64.53357 
 1             18 
1
 -9999.0   ,   9990.0 
 9 
-74.34349      64.53305 
-74.3385       64.53422 
-74.33656      64.53685 
-74.34856      64.54356 
-74.35533      64.54481 
-74.36143      64.54381 
-74.36132      64.54153 
-74.35095      64.53495 
-74.34349      64.53305 
 1             19 
1
 -9999.0   ,   9990.0 
 9 
-75.45126      64.52071 
-75.45108      64.52348 
-75.45867      64.52717 
-75.4771       64.53297 
-75.48122      64.5325 
-75.47673      64.52518 
-75.4701       64.5212 
-75.45918      64.52209 
-75.45126      64.52071 
 1             20 
1
 -9999.0   ,   9990.0 
 7 
-75.7543       64.51825 
-75.7517       64.52002 
-75.76291      64.52485 
-75.77309      64.52652 
-75.77661      64.52423 
-75.76905      64.52079 
-75.7543       64.51825 
 1             21 
1
 -9999.0   ,   9990.0 
 12 
-74.32616      64.51674 
-74.32005      64.51774 
-74.32118      64.52181 
-74.33591      64.5307 
-74.34665      64.52715 
-74.3673       64.5286 
-74.36601      64.52592 
-74.34909      64.51877 
-74.34351      64.51975 
-74.34001      64.52246 
-74.33398      64.52185 
-74.32616      64.51674 
 1             22 
1
 -9999.0   ,   9990.0 
 8 
-73.28173      64.51623 
-73.27906      64.5184 
-73.29241      64.52308 
-73.3051       64.52504 
-73.31088      64.5225 
-73.29615      64.5165 
-73.2889       64.51728 
-73.28173      64.51623 
 1             23 
1
 -9999.0   ,   9990.0 
 13 
-78.08854      64.51445 
-78.08925      64.5174 
-78.08306      64.51927 
-78.08528      64.52326 
-78.09485      64.52553 
-78.10856      64.52491 
-78.11609      64.52872 
-78.13171      64.53004 
-78.13941      64.52666 
-78.13861      64.52348 
-78.12577      64.52241 
-78.1109       64.5127 
-78.08854      64.51445 
 1             24 
1
 -9999.0   ,   9990.0 
 9 
-73.83438      64.51071 
-73.83076      64.51111 
-73.82371      64.51673 
-73.82249      64.52021 
-73.82523      64.5226 
-73.83172      64.52298 
-73.8368       64.51998 
-73.8369       64.5122 
-73.83438      64.51071 
 1             25 
1
 -9999.0   ,   9990.0 
 10 
-75.70666      64.5099 
-75.70443      64.5128 
-75.71025      64.5159 
-75.7196       64.51831 
-75.72566      64.51725 
-75.7315       64.51873 
-75.73448      64.51647 
-75.73134      64.51345 
-75.73261      64.51085 
-75.70666      64.5099 
 1             26 
1
 -9999.0   ,   9990.0 
 30 
-74.54346      64.49438 
-74.52916      64.49651 
-74.52783      64.50117 
-74.53116      64.50535 
-74.52381      64.50758 
-74.52241      64.51017 
-74.52831      64.514 
-74.54861      64.51796 
-74.54756      64.52169 
-74.58185      64.52973 
-74.59018      64.52906 
-74.59445      64.52722 
-74.60916      64.52828 
-74.61439      64.53167 
-74.61478      64.53853 
-74.62331      64.5367 
-74.63086      64.53331 
-74.6245       64.52608 
-74.62693      64.5216 
-74.60883      64.51797 
-74.60115      64.52091 
-74.59177      64.52163 
-74.57762      64.51958 
-74.57675      64.51945 
-74.56968      64.51525 
-74.56969      64.51158 
-74.57612      64.50801 
-74.57311      64.50496 
-74.54856      64.49916 
-74.54346      64.49438 
 1             27 
1
 -9999.0   ,   9990.0 
 8 
-74.49126      64.48865 
-74.48888      64.49153 
-74.49595      64.49575 
-74.50551      64.4957 
-74.50973      64.48997 
-74.50646      64.48785 
-74.49905      64.48985 
-74.49126      64.48865 
 1             28 
1
 -9999.0   ,   9990.0 
 477 
-74.05051      64.69201 
-74.05005      64.69823 
-74.04065      64.69915 
-74.04927      64.70927 
-74.04106      64.71655 
-74.03045      64.72096 
-74.02942      64.72515 
-74.03734      64.72865 
-74.03975      64.72761 
-74.03738      64.72085 
-74.04896      64.72006 
-74.06019      64.72386 
-74.06493      64.72753 
-74.06174      64.73158 
-74.05493      64.7342 
-74.05891      64.73698 
-74.06433      64.73718 
-74.07326      64.73055 
-74.07945      64.73162 
-74.07485      64.74033 
-74.07859      64.74427 
-74.07646      64.74828 
-74.08683      64.74891 
-74.08466      64.75475 
-74.08686      64.75693 
-74.09345      64.75546 
-74.10891      64.74323 
-74.11343      64.74209 
-74.13175      64.74623 
-74.1372       64.74458 
-74.13848      64.73947 
-74.136        64.73432 
-74.12733      64.72811 
-74.09215      64.71907 
-74.08858      64.71581 
-74.0932       64.71306 
-74.10183      64.71126 
-74.10523      64.70605 
-74.10231      64.70321 
-74.09163      64.69939 
-74.09543      64.6976 
-74.1051       64.69963 
-74.11668      64.70479 
-74.12026      64.70416 
-74.11183      64.69678 
-74.09296      64.69244 
-74.09053      64.68546 
-74.1007       64.68541 
-74.10142      64.68217 
-74.09371      64.67544 
-74.0978       64.67271 
-74.10288      64.67178 
-74.109        64.67385 
-74.11055      64.67438 
-74.12066      64.67021 
-74.12957      64.67343 
-74.13769      64.68357 
-74.15258      64.68122 
-74.15187      64.67668 
-74.16631      64.65899 
-74.17243      64.65593 
-74.18398      64.65512 
-74.18982      64.6569 
-74.21453      64.67468 
-74.21906      64.6756 
-74.22145      64.67456 
-74.21489      64.66825 
-74.21815      64.66648 
-74.23245      64.67171 
-74.23344      64.66753 
-74.22196      64.65895 
-74.22367      64.65418 
-74.22892      64.63956 
-74.21511      64.63796 
-74.21333      64.62957 
-74.20157      64.62375 
-74.19271      64.61478 
-74.19878      64.60577 
-74.19698      64.59921 
-74.20208      64.58864 
-74.2106       64.5866 
-74.21288      64.58328 
-74.21078      64.57948 
-74.22196      64.57938 
-74.22132      64.56932 
-74.22603      64.56703 
-74.23166      64.56811 
-74.23787      64.57903 
-74.24341      64.57785 
-74.24946      64.58279 
-74.26135      64.59251 
-74.2602       64.59418 
-74.25581      64.59371 
-74.25693      64.5978 
-74.26503      64.60196 
-74.2806       64.60415 
-74.28503      64.60668 
-74.28368      64.60949 
-74.29216      64.61502 
-74.29837      64.62388 
-74.2943       64.62845 
-74.28443      64.62757 
-74.28364      64.63243 
-74.27291      64.6323 
-74.2711       64.63353 
-74.2796       64.63906 
-74.27741      64.64467 
-74.28155      64.6557 
-74.28845      64.6574 
-74.31506      64.676 
-74.32143      64.67775 
-74.33698      64.6797 
-74.32545      64.67295 
-74.33233      64.6699 
-74.33308      64.66957 
-74.31188      64.6608 
-74.30304      64.65024 
-74.30571      64.64253 
-74.31543      64.63516 
-74.31633      64.62503 
-74.32803      64.62098 
-74.33601      64.62653 
-74.33601      64.63227 
-74.34801      64.6312 
-74.35714      64.63325 
-74.38026      64.64696 
-74.3881       64.6539 
-74.38463      64.65867 
-74.38791      64.66079 
-74.4198       64.66373 
-74.42325      64.6608 
-74.42285      64.65371 
-74.413        64.64917 
-74.40608      64.64173 
-74.39174      64.63835 
-74.38545      64.635 
-74.3832       64.62892 
-74.36928      64.62506 
-74.36742      64.62033 
-74.37483      64.61628 
-74.3539       64.61025 
-74.35035      64.60333 
-74.33491      64.59013 
-74.33528      64.58576 
-74.34562      64.58453 
-74.34285      64.58033 
-74.34993      64.57515 
-74.36241      64.57588 
-74.36446      64.56797 
-74.38035      64.56945 
-74.38348      64.56538 
-74.40701      64.57885 
-74.4038       64.58635 
-74.40535      64.58995 
-74.43145      64.59913 
-74.4261       64.61041 
-74.40798      64.6125 
-74.40333      64.61688 
-74.41569      64.62656 
-74.42358      64.62798 
-74.42478      64.62445 
-74.42533      64.62285 
-74.43151      64.61816 
-74.45365      64.61518 
-74.4536       64.61128 
-74.45776      64.609 
-74.46993      64.61043 
-74.47321      64.61255 
-74.46943      64.61619 
-74.47826      64.6265 
-74.48136      64.62611 
-74.48237      64.62033 
-74.48793      64.61545 
-74.50866      64.61688 
-74.5207       64.61969 
-74.53022      64.62493 
-74.54262      64.63827 
-74.54398      64.64301 
-74.54081      64.64685 
-74.52228      64.64943 
-74.50576      64.65718 
-74.50746      64.6594 
-74.52998      64.65201 
-74.54045      64.65306 
-74.55764      64.66065 
-74.56232      64.662 
-74.56793      64.65919 
-74.57755      64.65913 
-74.5912       64.66185 
-74.60063      64.66663 
-74.60025      64.66783 
-74.5995       64.67013 
-74.60477      64.67353 
-74.61493      64.67344 
-74.62258      64.67579 
-74.62918      64.6837 
-74.64316      64.68571 
-74.65519      64.69562 
-74.65453      64.69887 
-74.67166      64.7115 
-74.6864       64.71782 
-74.67848      64.72376 
-74.67987      64.73033 
-74.68734      64.73016 
-74.69058      64.73206 
-74.67395      64.74305 
-74.68368      64.75056 
-74.67773      64.75409 
-74.66211      64.75217 
-74.65258      64.75636 
-74.64067      64.76158 
-74.6369       64.76521 
-74.64115      64.77233 
-74.63206      64.7781 
-74.62763      64.78682 
-74.61908      64.78521 
-74.61331      64.78575 
-74.5962       64.7972 
-74.57869      64.80365 
-74.57722      64.80786 
-74.58217      64.82112 
-74.57871      64.82222 
-74.56279      64.82123 
-74.56125      64.82888 
-74.55342      64.82791 
-74.55287      64.83161 
-74.56533      64.84291 
-74.56001      64.84317 
-74.55106      64.8402 
-74.54892      64.84398 
-74.5653       64.85208 
-74.55925      64.85354 
-74.52305      64.84029 
-74.51818      64.84215 
-74.51275      64.84198 
-74.49479      64.83396 
-74.47445      64.82882 
-74.46563      64.82813 
-74.46143      64.83041 
-74.48281      64.84101 
-74.49788      64.85215 
-74.50962      64.85546 
-74.53332      64.85903 
-74.54063      64.8582 
-74.54722      64.85486 
-74.5528       64.85548 
-74.55375      64.8563 
-74.5672       64.86781 
-74.58046      64.87262 
-74.57727      64.87462 
-74.54084      64.87378 
-74.54121      64.88064 
-74.5527       64.88671 
-74.56752      64.8912 
-74.58188      64.89595 
-74.59964      64.89755 
-74.60968      64.89862 
-74.62181      64.89568 
-74.63317      64.89945 
-74.64029      64.89792 
-74.64435      64.89151 
-74.63305      64.88063 
-74.61895      64.86946 
-74.6294       64.85353 
-74.64646      64.85835 
-74.651        64.86453 
-74.65723      64.86742 
-74.67232      64.86363 
-74.68381      64.86785 
-74.691        64.86654 
-74.70825      64.85918 
-74.70266      64.85306 
-74.70671      64.84848 
-74.71495      64.85263 
-74.7202       64.85212 
-74.73205      64.84483 
-74.7341       64.84265 
-74.72944      64.83785 
-74.73978      64.83455 
-74.74036      64.83107 
-74.73336      64.82203 
-74.72168      64.82083 
-74.70409      64.8142 
-74.69531      64.80825 
-74.68033      64.80857 
-74.67396      64.80525 
-74.67555      64.80332 
-74.68788      64.80496 
-74.69105      64.79744 
-74.70065      64.78982 
-74.69971      64.78665 
-74.69248      64.78405 
-74.69831      64.78007 
-74.68955      64.77411 
-74.69153      64.77171 
-74.6994       64.77106 
-74.70971      64.76225 
-74.7213       64.76323 
-74.7264       64.76162 
-74.72916      64.76075 
-74.73831      64.76255 
-74.7479       64.76225 
-74.74659      64.76508 
-74.7368       64.76653 
-74.73821      64.77127 
-74.74802      64.7735 
-74.74691      64.777 
-74.75208      64.77993 
-74.76615      64.78193 
-74.78592      64.78868 
-74.79909      64.79668 
-74.8069       64.7958 
-74.81615      64.7907 
-74.81653      64.78838 
-74.81108      64.78456 
-74.81395      64.7798 
-74.81088      64.77491 
-74.81658      64.76703 
-74.82143      64.76883 
-74.82598      64.77501 
-74.83327      64.776 
-74.83881      64.77293 
-74.84835      64.77241 
-74.85447      64.76956 
-74.85983      64.7695 
-74.86478      64.7715 
-74.88682      64.78041 
-74.89736      64.78143 
-74.90515      64.784 
-74.92301      64.79495 
-74.93193      64.79768 
-74.95026      64.79598 
-74.95904      64.79825 
-74.97204      64.79844 
-74.98328      64.80172 
-74.98641      64.79788 
-74.97169      64.79203 
-74.97996      64.79088 
-74.97972      64.78309 
-74.98181      64.77585 
-74.9736       64.77011 
-74.9693       64.77012 
-74.96934      64.77379 
-74.94153      64.77441 
-74.93866      64.77205 
-74.94205      64.76726 
-74.9377       64.76361 
-74.91015      64.75616 
-74.88751      64.75603 
-74.87975      64.76059 
-74.87326      64.76048 
-74.86576      64.75701 
-74.85932      64.74816 
-74.84285      64.73988 
-74.83771      64.73351 
-74.84034      64.72256 
-74.81663      64.70154 
-74.81547      64.70051 
-74.80853      64.69883 
-74.79625      64.69905 
-74.7922       64.69628 
-74.78611      64.69385 
-74.75936      64.69048 
-74.7538       64.68619 
-74.75516      64.6836 
-74.73276      64.67676 
-74.72148      64.67485 
-74.71094      64.68093 
-74.70427      64.68014 
-74.70293      64.67378 
-74.66178      64.66681 
-74.65021      64.65665 
-74.63512      64.65446 
-74.62905      64.6502 
-74.62886      64.64585 
-74.61318      64.64348 
-74.60692      64.64036 
-74.6118       64.63506 
-74.60752      64.63323 
-74.59415      64.63508 
-74.57426      64.62742 
-74.56413      64.62566 
-74.55941      64.61857 
-74.56245      64.61611 
-74.57363      64.6158 
-74.58048      64.61563 
-74.58445      64.61265 
-74.57371      64.6107 
-74.54666      64.61145 
-74.54128      64.60943 
-74.54406      64.6024 
-74.52816      64.59728 
-74.52291      64.59388 
-74.5158       64.58393 
-74.50968      64.58311 
-74.50401      64.5857 
-74.49928      64.58411 
-74.49735      64.57733 
-74.48081      64.57178 
-74.48117      64.5674 
-74.47632      64.56536 
-74.46152      64.56775 
-74.4437       64.56133 
-74.44878      64.55671 
-74.45686      64.55698 
-74.47436      64.56225 
-74.48071      64.55641 
-74.48594      64.55698 
-74.49063      64.5575 
-74.49936      64.55635 
-74.50286      64.55181 
-74.50026      64.54827 
-74.52468      64.54791 
-74.53001      64.54601 
-74.52918      64.54125 
-74.5177       64.54208 
-74.50703      64.53278 
-74.50921      64.52922 
-74.5211       64.52791 
-74.53119      64.52966 
-74.54006      64.52897 
-74.54372      64.53061 
-74.5338       64.53503 
-74.53465      64.53613 
-74.54343      64.53705 
-74.55898      64.54288 
-74.56858      64.53733 
-74.5752       64.53812 
-74.58216      64.54188 
-74.59186      64.54228 
-74.59541      64.54346 
-74.5864       64.5474 
-74.59198      64.55007 
-74.6172       64.55607 
-74.62475      64.55452 
-74.63203      64.55023 
-74.62173      64.54596 
-74.63099      64.5411 
-74.64321      64.53907 
-74.65155      64.5439 
-74.66033      64.54481 
-74.66178      64.54061 
-74.66571      64.53947 
-74.67753      64.53975 
-74.68995      64.54574 
-74.6956       64.54681 
-74.69894      64.54548 
-74.68651      64.53399 
-74.69852      64.53273 
-74.69996      64.53257 
-74.69521      64.52365 
-74.66621      64.51741 
-74.6611       64.51815 
-74.65808      64.52061 
-74.66911      64.52735 
-74.68073      64.53063 
-74.67988      64.53321 
-74.6747       64.53371 
-74.66558      64.53168 
-74.66105      64.53444 
-74.65324      64.53326 
-74.64976      64.53781 
-74.64431      64.53557 
-74.6371       64.52908 
-74.64568      64.52013 
-74.64366      64.5168 
-74.62818      64.51854 
-74.6211       64.51617 
-74.61218      64.5093 
-74.61487      64.50571 
-74.62326      64.50526 
-74.624        64.50041 
-74.63251      64.49491 
-74.62366      64.49378 
-74.61101      64.49606 
-74.60046      64.49272 
-74.59261      64.48763 
 1             29 
1
 -9999.0   ,   9990.0 
 13 
-75.65694      64.48696 
-75.65425      64.49011 
-75.66722      64.49553 
-75.67155      64.50055 
-75.68045      64.50323 
-75.68365      64.5081 
-75.70054      64.50913 
-75.70054      64.50591 
-75.6868       64.49824 
-75.68763      64.49589 
-75.67605      64.49315 
-75.66493      64.48693 
-75.65694      64.48696 
 1             30 
1
 -9999.0   ,   9990.0 
 12 
-73.67064      64.48366 
-73.66755      64.48403 
-73.66613      64.48685 
-73.6741       64.49311 
-73.68453      64.49652 
-73.6958       64.4969 
-73.71277      64.49473 
-73.7157       64.49161 
-73.71098      64.48978 
-73.70176      64.49113 
-73.69221      64.487 
-73.67064      64.48366 
 1             31 
1
 -9999.0   ,   9990.0 
 8 
-74.27455      64.47834 
-74.26901      64.48138 
-74.25858      64.48214 
-74.26041      64.48686 
-74.26597      64.48773 
-74.27617      64.48423 
-74.27825      64.48022 
-74.27455      64.47834 
 1             32 
1
 -9999.0   ,   9990.0 
 68 
-74.20601      64.47656 
-74.19947      64.47988 
-74.1913       64.47915 
-74.19023      64.48103 
-74.19657      64.48483 
-74.18441      64.50264 
-74.19355      64.50493 
-74.19815      64.51203 
-74.19448      64.51223 
-74.17575      64.504 
-74.16598      64.50335 
-74.16348      64.50392 
-74.16566      64.50611 
-74.181        64.51153 
-74.18218      64.514 
-74.17947      64.51573 
-74.16897      64.51236 
-74.15837      64.51363 
-74.1522       64.51225 
-74.15821      64.51978 
-74.17329      64.5243 
-74.17869      64.52265 
-74.19346      64.52603 
-74.1896       64.53253 
-74.18799      64.53524 
-74.1891       64.53931 
-74.19347      64.54161 
-74.21242      64.54272 
-74.22197      64.54063 
-74.23163      64.54863 
-74.24942      64.55323 
-74.25561      64.55245 
-74.2586       64.54978 
-74.23886      64.53946 
-74.24586      64.54034 
-74.26639      64.54709 
-74.2928       64.55193 
-74.30243      64.55786 
-74.3127       64.55641 
-74.32198      64.55915 
-74.33106      64.55915 
-74.3366       64.5561 
-74.3496       64.55681 
-74.35139      64.55558 
-74.33635      64.5522 
-74.33148      64.5511 
-74.34478      64.5472 
-74.33503      64.54473 
-74.3264       64.53668 
-74.31183      64.53605 
-74.30765      64.53443 
-74.30167      64.52441 
-74.291        64.52244 
-74.2901       64.51721 
-74.2845       64.51429 
-74.27581      64.51565 
-74.26885      64.51165 
-74.25896      64.51055 
-74.26605      64.50537 
-74.24976      64.49841 
-74.24018      64.49065 
-74.2276       64.49129 
-74.2229       64.4897 
-74.22332      64.48348 
-74.22038      64.48248 
-74.21481      64.48345 
-74.2124       64.47853 
-74.20601      64.47656 
 1             33 
1
 -9999.0   ,   9990.0 
 7 
-73.84708      64.47367 
-73.84815      64.47775 
-73.85393      64.48159 
-73.86402      64.48362 
-73.86647      64.48282 
-73.85871      64.47746 
-73.84708      64.47367 
 1             34 
1
 -9999.0   ,   9990.0 
 7 
-75.46205      64.47296 
-75.4644       64.47695 
-75.47065      64.4798 
-75.48392      64.4813 
-75.48625      64.48025 
-75.47063      64.47314 
-75.46205      64.47296 
 1             35 
1
 -9999.0   ,   9990.0 
 14 
-73.45276      64.47013 
-73.43055      64.4748 
-73.42215      64.47517 
-73.41825      64.47878 
-73.42759      64.48225 
-73.42356      64.48746 
-73.42878      64.48929 
-73.43422      64.48767 
-73.43585      64.48348 
-73.44857      64.48336 
-73.46173      64.48071 
-73.46531      64.47802 
-73.46556      64.47252 
-73.45276      64.47013 
 1             36 
1
 -9999.0   ,   9990.0 
 7 
-74.27543      64.47121 
-74.26003      64.46235 
-74.24121      64.46147 
-74.23555      64.46406 
-74.24969      64.46723 
-74.26094      64.46758 
-74.27543      64.47121 
 1             37 
1
 -9999.0   ,   9990.0 
 12 
-75.09801      64.44801 
-75.09616      64.45065 
-75.10685      64.456 
-75.11003      64.46111 
-75.12658      64.46131 
-75.13292      64.46463 
-75.13676      64.46325 
-75.13453      64.45948 
-75.12971      64.45768 
-75.11943      64.45713 
-75.10651      64.44798 
-75.09801      64.44801 
 1             38 
1
 -9999.0   ,   9990.0 
 10 
-73.92031      64.43896 
-73.9167       64.43937 
-73.91606      64.45109 
-73.9222       64.45423 
-73.94696      64.45555 
-73.94922      64.45405 
-73.93878      64.45067 
-73.93763      64.44225 
-73.92633      64.44165 
-73.92031      64.43896 
 1             39 
1
 -9999.0   ,   9990.0 
 9 
-75.60201      64.44133 
-75.59121      64.43922 
-75.58683      64.43558 
-75.58385      64.43621 
-75.58083      64.44168 
-75.58604      64.44459 
-75.59663      64.44441 
-75.60268      64.44268 
-75.60201      64.44133 
 1             40 
1
 -9999.0   ,   9990.0 
 9 
-73.78728      64.4353 
-73.7891       64.4485 
-73.79404      64.45125 
-73.80615      64.45296 
-73.81046      64.45115 
-73.80358      64.44095 
-73.79666      64.44081 
-73.79433      64.43588 
-73.78728      64.4353 
 1             41 
1
 -9999.0   ,   9990.0 
 35 
-74.08999      64.4306 
-74.08601      64.4395 
-74.075        64.43799 
-74.07366      64.45479 
-74.07913      64.45933 
-74.10426      64.46588 
-74.10799      64.46591 
-74.10992      64.46123 
-74.12403      64.46236 
-74.13165      64.46105 
-74.14388      64.46503 
-74.15771      64.46708 
-74.1521       64.46989 
-74.14035      64.47162 
-74.13973      64.47326 
-74.15141      64.47909 
-74.15076      64.48256 
-74.14246      64.48527 
-74.14222      64.49422 
-74.14785      64.49921 
-74.16323      64.49948 
-74.16815      64.49956 
-74.17941      64.49212 
-74.1792       64.48548 
-74.16161      64.46574 
-74.17591      64.45974 
-74.17641      64.45766 
-74.16476      64.45389 
-74.15878      64.44754 
-74.14816      64.44556 
-74.14293      64.44193 
-74.13268      64.4413 
-74.1168       64.43361 
-74.10196      64.43366 
-74.08999      64.4306 
 1             42 
1
 -9999.0   ,   9990.0 
 6 
-75.63636      64.42751 
-75.64215      64.43383 
-75.6408       64.43781 
-75.6566       64.44214 
-75.6567       64.4311 
-75.63636      64.42751 
 1             43 
1
 -9999.0   ,   9990.0 
 6 
-74.13881      64.42081 
-74.13258      64.42525 
-74.13575      64.42716 
-74.15201      64.4284 
-74.15453      64.42208 
-74.13881      64.42081 
 1             44 
1
 -9999.0   ,   9990.0 
 67 
-73.74945      64.42744 
-73.75556      64.43071 
-73.77168      64.43238 
-73.77413      64.4357 
-73.77209      64.43809 
-73.76021      64.43935 
-73.76294      64.44173 
-73.77616      64.44569 
-73.7606       64.4533 
-73.76503      64.46019 
-73.76303      64.46487 
-73.74818      64.46283 
-73.74491      64.46458 
-73.74683      64.47 
-73.74211      64.47228 
-73.74495      64.47511 
-73.7575       64.47635 
-73.76424      64.48611 
-73.76301      64.49373 
-73.75256      64.4924 
-73.7497       64.49367 
-73.7518       64.49565 
-73.77823      64.50537 
-73.77099      64.50618 
-73.76031      64.50394 
-73.76194      64.50821 
-73.79155      64.52398 
-73.78073      64.52953 
-73.76286      64.52626 
-73.7732       64.52303 
-73.76         64.5193 
-73.75581      64.5092 
-73.73923      64.51089 
-73.7005       64.50081 
-73.71924      64.49718 
-73.72708      64.49246 
-73.73436      64.49188 
-73.7314       64.48652 
-73.72528      64.48338 
-73.71831      64.48389 
-73.71641      64.48403 
-73.7117       64.48631 
-73.70272      64.48238 
-73.68464      64.48231 
-73.67575      64.47655 
-73.67832      64.47414 
-73.6831       64.47363 
-73.68393      64.47113 
-73.67422      64.46631 
-73.66471      64.456 
-73.66646      64.45454 
-73.6836       64.45511 
-73.6939       64.45393 
-73.7086       64.44706 
-73.70526      64.436 
-73.71971      64.4344 
-73.72455      64.42844 
-73.70959      64.428 
-73.70628      64.42541 
-73.7199       64.42477 
-73.72736      64.42076 
-73.7394       64.42225 
-73.74723      64.4216 
-73.75965      64.4206 
-73.76704      64.42253 
-73.76908      64.42633 
-73.74945      64.42744 
 1             45 
1
 -9999.0   ,   9990.0 
 10 
-73.77583      64.41547 
-73.77291      64.41858 
-73.78205      64.42937 
-73.7984       64.43317 
-73.80445      64.43196 
-73.81597      64.42523 
-73.80933      64.42211 
-73.80043      64.42047 
-73.79584      64.41496 
-73.77583      64.41547 
 1             46 
1
 -9999.0   ,   9990.0 
 7 
-74.38856      64.41468 
-74.37996      64.41994 
-74.39426      64.42745 
-74.41066      64.42911 
-74.41578      64.42655 
-74.41548      64.4236 
-74.38856      64.41468 
 1             47 
1
 -9999.0   ,   9990.0 
 90 
-74.24498      64.423 
-74.24178      64.43073 
-74.2304       64.42398 
-74.21789      64.42485 
-74.20555      64.42821 
-74.20201      64.43666 
-74.19668      64.43853 
-74.19043      64.43701 
-74.18375      64.4378 
-74.18119      64.43426 
-74.1742       64.43393 
-74.16631      64.43616 
-74.16437      64.43878 
-74.17575      64.44738 
-74.20057      64.45666 
-74.20498      64.4553 
-74.221        64.45563 
-74.25094      64.4486 
-74.26293      64.45165 
-74.27056      64.44462 
-74.27891      64.44671 
-74.29566      64.4509 
-74.31246      64.4521 
-74.30797      64.45508 
-74.28733      64.45728 
-74.29591      64.46143 
-74.29706      64.4694 
-74.29328      64.47303 
-74.30565      64.47355 
-74.30463      64.48138 
-74.28731      64.48411 
-74.27966      64.48725 
-74.27768      64.49356 
-74.28551      64.50071 
-74.29194      64.50084 
-74.29933      64.49681 
-74.3076       64.49591 
-74.33776      64.50101 
-74.34222      64.49986 
-74.34669      64.49298 
-74.34468      64.49148 
-74.33891      64.49216 
-74.33076      64.49311 
-74.32006      64.48908 
-74.32923      64.48953 
-74.32996      64.48261 
-74.34058      64.48251 
-74.34551      64.48112 
-74.34416      64.4782 
-74.33139      64.47818 
-74.32636      64.47729 
-74.3241       64.47488 
-74.33722      64.47238 
-74.33856      64.46955 
-74.33475      64.4654 
-74.34465      64.46465 
-74.34323      64.46335 
-74.32844      64.46181 
-74.34208      64.45928 
-74.35143      64.45468 
-74.37003      64.45852 
-74.37678      64.45794 
-74.37407      64.45396 
-74.37828      64.4519 
-74.40196      64.4587 
-74.41513      64.45824 
-74.42398      64.45571 
-74.43383      64.45596 
-74.43575      64.45601 
-74.43767      64.4534 
-74.42672      64.44846 
-74.43027      64.44598 
-74.39206      64.43284 
-74.36936      64.42187 
-74.35197      64.42231 
-74.34349      64.42046 
-74.33391      64.42416 
-74.32242      64.42292 
-74.31738      64.42387 
-74.31361      64.4275 
-74.30683      64.42602 
-74.30612      64.41963 
-74.2901       64.42115 
-74.28161      64.41539 
-74.26755      64.41635 
-74.24557      64.41357 
-74.2385       64.41485 
-74.23459      64.41803 
-74.2359       64.41865 
-74.24498      64.423 
 1             48 
1
 -9999.0   ,   9990.0 
 13 
-75.51448      64.41258 
-75.51297      64.41451 
-75.5282       64.4205 
-75.53337      64.42662 
-75.54632      64.42883 
-75.554        64.4279 
-75.55358      64.42333 
-75.56201      64.42305 
-75.56023      64.42086 
-75.54208      64.41575 
-75.5431       64.42052 
-75.52565      64.41261 
-75.51448      64.41258 
 1             49 
1
 -9999.0   ,   9990.0 
 10 
-73.87545      64.4093 
-73.83632      64.41371 
-73.84041      64.42336 
-73.84704      64.42236 
-73.849        64.41562 
-73.87169      64.41727 
-73.88078      64.41958 
-73.88589      64.41887 
-73.884        64.40957 
-73.87545      64.4093 
 1             50 
1
 -9999.0   ,   9990.0 
 143 
-77.83676      64.41738 
-77.84594      64.4176 
-77.85566      64.42171 
-77.87037      64.42105 
-77.874        64.42331 
-77.87283      64.43218 
-77.88163      64.4366 
-77.89115      64.43633 
-77.90353      64.4326 
-77.91804      64.425 
-77.92554      64.41471 
-77.93733      64.41217 
-77.94825      64.40555 
-77.9611       64.405 
-77.97388      64.41511 
-77.96897      64.4162 
-77.97773      64.41921 
-77.99295      64.41849 
-78.00166      64.42012 
-78.00782      64.42589 
-78.02126      64.42345 
-78.03567      64.43483 
-78.03288      64.43712 
-78.02081      64.43644 
-78.01176      64.43785 
-78.01284      64.43915 
-78.02296      64.44055 
-78.02991      64.44151 
-78.02901      64.44321 
-77.9833       64.44792 
-77.97436      64.45093 
-77.9637       64.44903 
-77.96156      64.45493 
-77.94948      64.4568 
-77.95815      64.4596 
-77.9783       64.46035 
-77.98381      64.462 
-77.98696      64.46568 
-77.9846       64.46772 
-77.96266      64.46526 
-77.95756      64.46588 
-77.9574       64.46937 
-77.99876      64.4849 
-78.00636      64.48638 
-78.01351      64.48167 
-78.03698      64.49025 
-78.07213      64.49976 
-78.07487      64.50371 
-78.06816      64.51581 
-78.06258      64.51787 
-78.0669       64.52068 
-78.06925      64.5222 
-78.06016      64.52361 
-78.04203      64.52278 
-78.05874      64.5279 
-78.07204      64.53772 
-78.08269      64.5362 
-78.09396      64.5374 
-78.10451      64.54073 
-78.1039       64.5431 
-78.09528      64.54308 
-78.09188      64.5452 
-78.10523      64.5484 
-78.12181      64.55234 
-78.12891      64.55133 
-78.14976      64.55478 
-78.1603       64.56181 
-78.1673       64.55802 
-78.17279      64.55829 
-78.17527      64.56156 
-78.19013      64.56734 
-78.192        64.57045 
-78.18521      64.57097 
-78.17316      64.56544 
-78.16898      64.56576 
-78.16929      64.57153 
-78.15815      64.5782 
-78.16511      64.5832 
-78.16603      64.5866 
-78.1603       64.58705 
-78.13835      64.57878 
-78.13217      64.58556 
-78.10879      64.57998 
-78.10031      64.58158 
-78.12313      64.58835 
-78.12886      64.5879 
-78.13831      64.59365 
-78.13192      64.59761 
-78.13591      64.59938 
-78.14924      64.59903 
-78.15636      64.60311 
-78.15618      64.6052 
-78.12396      64.60425 
-78.12825      64.6067 
-78.15791      64.60923 
-78.16148      64.61381 
-78.17378      64.61353 
-78.18444      64.62081 
-78.18203      64.624 
-78.16922      64.62686 
-78.17623      64.63441 
-78.1715       64.63594 
-78.15871      64.6351 
-78.15539      64.63745 
-78.1604       64.64028 
-78.18205      64.64156 
-78.19751      64.64246 
-78.20108      64.6445 
-78.19777      64.64685 
-78.19092      64.64599 
-78.18494      64.64716 
-78.19151      64.64988 
-78.19258      64.65235 
-78.15975      64.66024 
-78.15662      64.66303 
-78.15881      64.66565 
-78.16666      64.66503 
-78.19615      64.65692 
-78.20196      64.65785 
-78.19314      64.66248 
-78.19165      64.66655 
-78.17281      64.66801 
-78.17077      64.66956 
-78.17676      64.67095 
-78.19474      64.67 
-78.20113      64.67227 
-78.18836      64.67906 
-78.1719       64.67851 
-78.16162      64.67977 
-78.15735      64.68243 
-78.16099      64.6884 
-78.16815      64.69246 
-78.16445      64.699 
-78.17427      64.7017 
-78.21395      64.69952 
-78.21706      64.69673 
-78.23762      64.69418 
-78.24523      64.70053 
-78.25252      64.70111 
-78.26636      64.69932 
-78.27914      64.69506 
-78.28676      64.69515 
-78.28803      64.69593 
 1             51 
1
 -9999.0   ,   9990.0 
 8 
-75.6109       64.40331 
-75.60356      64.41341 
-75.60645      64.41576 
-75.62276      64.41523 
-75.62531      64.41324 
-75.6157       64.41153 
-75.6147       64.40353 
-75.6109       64.40331 
 1             52 
1
 -9999.0   ,   9990.0 
 15 
-74.11433      64.40279 
-74.11027      64.40345 
-74.11137      64.40753 
-74.11635      64.41025 
-74.10035      64.40991 
-74.0959       64.41311 
-74.09873      64.41572 
-74.11263      64.41617 
-74.11576      64.41991 
-74.12112      64.4201 
-74.1221       64.41386 
-74.13292      64.4108 
-74.1351       64.40702 
-74.13081      64.40494 
-74.11433      64.40279 
 1             53 
1
 -9999.0   ,   9990.0 
 9 
-77.91761      64.40075 
-77.91228      64.40208 
-77.90628      64.40694 
-77.90446      64.41032 
-77.90784      64.4133 
-77.91372      64.4133 
-77.91807      64.41088 
-77.92315      64.4038 
-77.91761      64.40075 
 1             54 
1
 -9999.0   ,   9990.0 
 13 
-73.76113      64.39945 
-73.7566       64.40035 
-73.75408      64.403 
-73.74688      64.4038 
-73.7425       64.4095 
-73.73198      64.40977 
-73.72709      64.41137 
-73.72871      64.41565 
-73.73825      64.41771 
-73.75506      64.41715 
-73.76233      64.41451 
-73.7721       64.40716 
-73.76113      64.39945 
 1             55 
1
 -9999.0   ,   9990.0 
 9 
-74.29763      64.39851 
-74.29463      64.40303 
-74.31081      64.40976 
-74.31826      64.40985 
-74.32653      64.40711 
-74.32775      64.40384 
-74.32172      64.39934 
-74.31285      64.39796 
-74.29763      64.39851 
 1             56 
1
 -9999.0   ,   9990.0 
 8 
-75.58169      64.39198 
-75.56926      64.39296 
-75.56403      64.39488 
-75.56223      64.39753 
-75.56869      64.40104 
-75.5813       64.3973 
-75.58421      64.39321 
-75.58169      64.39198 
 1             57 
1
 -9999.0   ,   9990.0 
 11 
-74.13635      64.39206 
-74.12748      64.39846 
-74.15671      64.40662 
-74.16706      64.40563 
-74.17603      64.40747 
-74.17462      64.39838 
-74.16829      64.39067 
-74.1539       64.39232 
-74.14978      64.39665 
-74.14338      64.39651 
-74.13635      64.39206 
 1             58 
1
 -9999.0   ,   9990.0 
 10 
-74.91366      64.39023 
-74.90283      64.3913 
-74.90116      64.39276 
-74.90936      64.39713 
-74.92571      64.40035 
-74.93876      64.39961 
-74.95068      64.40216 
-74.95288      64.40066 
-74.93398      64.39253 
-74.91366      64.39023 
 1             59 
1
 -9999.0   ,   9990.0 
 7 
-74.76609      64.39358 
-74.76208      64.38714 
-74.7658       64.38717 
-74.78902      64.39576 
-74.79145      64.39861 
-74.76898      64.39617 
-74.76609      64.39358 
 1             60 
1
 -9999.0   ,   9990.0 
 12 
-73.80268      64.386 
-73.79775      64.38739 
-73.79455      64.39143 
-73.78473      64.39236 
-73.78613      64.39573 
-73.79548      64.39918 
-73.80635      64.3982 
-73.8131       64.39971 
-73.81571      64.39753 
-73.80188      64.39108 
-73.80687      64.38786 
-73.80268      64.386 
 1             61 
1
 -9999.0   ,   9990.0 
 11 
-74.58318      64.38651 
-74.57176      64.38735 
-74.56973      64.38952 
-74.57475      64.39225 
-74.59682      64.39151 
-74.6051       64.39267 
-74.61536      64.39143 
-74.614        64.38853 
-74.60636      64.38596 
-74.59721      64.38736 
-74.58318      64.38651 
 1             62 
1
 -9999.0   ,   9990.0 
 9 
-74.86268      64.38296 
-74.85938      64.38614 
-74.86359      64.38958 
-74.8776       64.38673 
-74.89055      64.38922 
-74.8985       64.38924 
-74.902        64.38675 
-74.90008      64.38388 
-74.86268      64.38296 
 1             63 
1
 -9999.0   ,   9990.0 
 10 
-74.34682      64.37901 
-74.3398       64.38236 
-74.32948      64.38335 
-74.32801      64.38571 
-74.33386      64.3877 
-74.34707      64.38565 
-74.3526       64.38835 
-74.35775      64.38784 
-74.36142      64.38008 
-74.34682      64.37901 
 1             64 
1
 -9999.0   ,   9990.0 
 17 
-75.12885      64.37896 
-75.12211      64.38118 
-75.12106      64.38469 
-75.13066      64.39173 
-75.17926      64.40981 
-75.18063      64.41222 
-75.16016      64.40816 
-75.16016      64.41161 
-75.16552      64.4152 
-75.18004      64.41919 
-75.2014       64.42118 
-75.20173      64.41886 
-75.19127      64.40912 
-75.16255      64.39356 
-75.1415       64.38558 
-75.13658      64.37989 
-75.12885      64.37896 
 1             65 
1
 -9999.0   ,   9990.0 
 7 
-73.796        64.37854 
-73.78148      64.3797 
-73.7759       64.38683 
-73.7784       64.38831 
-73.78566      64.38775 
-73.79623      64.38357 
-73.796        64.37854 
 1             66 
1
 -9999.0   ,   9990.0 
 31 
-74.24171      64.37434 
-74.24011      64.37625 
-74.24588      64.37983 
-74.24175      64.38254 
-74.23216      64.3762 
-74.22985      64.37746 
-74.23133      64.38289 
-74.21947      64.37822 
-74.21455      64.37963 
-74.21388      64.38493 
-74.20961      64.38675 
-74.20845      64.39025 
-74.21102      64.39195 
-74.22126      64.38868 
-74.25743      64.39691 
-74.2595       64.39865 
-74.25631      64.40248 
-74.25936      64.40393 
-74.2862       64.39934 
-74.29132      64.39678 
-74.28986      64.39342 
-74.26539      64.38344 
-74.28073      64.38334 
-74.28945      64.38022 
-74.28771      64.37905 
-74.28381      64.37722 
-74.27213      64.37713 
-74.2659       64.37562 
-74.25696      64.37975 
-74.24659      64.37477 
-74.24171      64.37434 
 1             67 
1
 -9999.0   ,   9990.0 
 6 
-74.30331      64.373 
-74.29407      64.376 
-74.30593      64.3825 
-74.31483      64.38021 
-74.31682      64.37781 
-74.30331      64.373 
 1             68 
1
 -9999.0   ,   9990.0 
 9 
-74.59033      64.37259 
-74.58366      64.37341 
-74.5812       64.37583 
-74.59116      64.38105 
-74.60212      64.38045 
-74.61151      64.38178 
-74.61321      64.37847 
-74.60728      64.37445 
-74.59033      64.37259 
 1             69 
1
 -9999.0   ,   9990.0 
 8 
-75.07086      64.37148 
-75.07727      64.37686 
-75.09017      64.37566 
-75.1064       64.38028 
-75.10463      64.37783 
-75.08866      64.3707 
-75.07955      64.37213 
-75.07086      64.37148 
 1             70 
1
 -9999.0   ,   9990.0 
 10 
-73.81714      64.3702 
-73.80686      64.37138 
-73.79786      64.37548 
-73.80582      64.37967 
-73.81465      64.38108 
-73.81616      64.37871 
-73.81029      64.37648 
-73.82173      64.3757 
-73.82277      64.37359 
-73.81714      64.3702 
 1             71 
1
 -9999.0   ,   9990.0 
 8 
-74.50632      64.36973 
-74.5041       64.37123 
-74.50761      64.37425 
-74.51641      64.37722 
-74.53578      64.37642 
-74.53624      64.37433 
-74.5283       64.37062 
-74.50632      64.36973 
 1             72 
1
 -9999.0   ,   9990.0 
 10 
-75.99631      64.36828 
-75.98185      64.37104 
-75.98265      64.37812 
-75.98623      64.37928 
-76.0038       64.37931 
-76.01098      64.37701 
-76.0129       64.37482 
-76.00498      64.37188 
-76.00228      64.3686 
-75.99631      64.36828 
 1             73 
1
 -9999.0   ,   9990.0 
 6 
-74.35803      64.36788 
-74.34268      64.36982 
-74.34185      64.37445 
-74.34548      64.3761 
-74.361        64.37667 
-74.35803      64.36788 
 1             74 
1
 -9999.0   ,   9990.0 
 187 
-74.59261      64.48763 
-74.57859      64.487 
-74.5712       64.4835 
-74.57835      64.47876 
-74.57508      64.47853 
-74.56737      64.472 
-74.55606      64.46962 
-74.54341      64.4719 
-74.53371      64.4715 
-74.52365      64.46791 
-74.50923      64.47141 
-74.49916      64.46965 
-74.50645      64.46353 
-74.50411      64.46091 
-74.51355      64.46041 
-74.51387      64.45786 
-74.50211      64.45573 
-74.499        64.4504 
-74.50052      64.44641 
-74.53271      64.4438 
-74.54137      64.43691 
-74.56248      64.44015 
-74.5623       64.43623 
-74.56218      64.43351 
-74.5459       64.43048 
-74.5392       64.42372 
-74.52608      64.41868 
-74.527        64.41635 
-74.53001      64.41572 
-74.53842      64.41918 
-74.54229      64.416 
-74.55221      64.41729 
-74.55862      64.41925 
-74.55886      64.42566 
-74.56925      64.42855 
-74.57775      64.42855 
-74.58231      64.42785 
-74.58528      64.42516 
-74.57553      64.42454 
-74.56933      64.4196 
-74.57346      64.41731 
-74.58763      64.41678 
-74.58594      64.41458 
-74.55943      64.40728 
-74.54881      64.40165 
-74.54136      64.40158 
-74.53933      64.40376 
-74.54271      64.40816 
-74.53976      64.40901 
-74.53073      64.40546 
-74.52483      64.40315 
-74.49898      64.40176 
-74.49198      64.40328 
-74.48659      64.39921 
-74.47293      64.40155 
-74.46156      64.39321 
-74.46016      64.38638 
-74.46735      64.38555 
-74.47658      64.39195 
-74.48853      64.39108 
-74.49275      64.39476 
-74.4972       64.39544 
-74.50342      64.38938 
-74.49848      64.38505 
-74.50745      64.3793 
-74.52675      64.38195 
-74.54548      64.38073 
-74.55265      64.38355 
-74.56         64.39256 
-74.57281      64.39871 
-74.58131      64.40771 
-74.59848      64.41575 
-74.61108      64.42447 
-74.61088      64.4293 
-74.62134      64.43058 
-74.63415      64.43631 
-74.64095      64.43228 
-74.63749      64.42948 
-74.61167      64.41916 
-74.61011      64.41191 
-74.58204      64.40286 
-74.5827       64.39961 
-74.58564      64.39876 
-74.6047       64.406 
-74.6111       64.40428 
-74.6222       64.40415 
-74.62991      64.41061 
-74.65265      64.4103 
-74.66171      64.405 
-74.65525      64.39915 
-74.65911      64.3978 
-74.66765      64.39986 
-74.67477      64.39878 
-74.67274      64.39363 
-74.6807       64.39364 
-74.68526      64.38927 
-74.68926      64.39075 
-74.69121      64.39146 
-74.69721      64.39022 
-74.68996      64.38534 
-74.67403      64.38346 
-74.67038      64.38181 
-74.675        64.37766 
-74.66866      64.37227 
-74.67401      64.36877 
-74.68706      64.37358 
-74.69285      64.36615 
-74.69749      64.3675 
-74.6986       64.37133 
-74.70865      64.37308 
-74.71672      64.36805 
-74.72325      64.36861 
-74.7238       64.37593 
-74.73575      64.38055 
-74.73016      64.38499 
-74.7184       64.37921 
-74.71265      64.37952 
-74.72278      64.38516 
-74.7196       64.38877 
-74.7245       64.39103 
-74.73606      64.39063 
-74.75225      64.39246 
-74.75801      64.39311 
-74.78063      64.40158 
-74.76641      64.40366 
-74.77078      64.40594 
-74.79287      64.40702 
-74.79736      64.40425 
-74.8041       64.40549 
-74.8144       64.41158 
-74.81265      64.41466 
-74.83117      64.41983 
-74.86131      64.43722 
-74.85977      64.44097 
-74.84378      64.43543 
-74.83751      64.43761 
-74.83975      64.43978 
-74.85717      64.44296 
-74.87186      64.44765 
-74.88355      64.45296 
-74.88558      64.45974 
-74.88986      64.46157 
-74.89934      64.46128 
-74.9075       64.46541 
-74.9116       64.46311 
-74.91608      64.46035 
-74.89935      64.456 
-74.89305      64.44556 
-74.87448      64.44038 
-74.86303      64.4323 
-74.86         64.42742 
-74.86321      64.42219 
-74.85961      64.42078 
-74.83999      64.41911 
-74.82521      64.40868 
-74.77446      64.38417 
-74.76641      64.37841 
-74.77123      64.37677 
-74.78618      64.37894 
-74.78738      64.37983 
-74.79162      64.38301 
-74.80278      64.38308 
-74.80866      64.38504 
-74.81243      64.39057 
-74.82817      64.38465 
-74.84576      64.3885 
-74.85835      64.39515 
-74.86747      64.39373 
-74.87428      64.39518 
-74.87661      64.40125 
-74.89093      64.40298 
-74.90809      64.4142 
-74.91582      64.42225 
-74.9252       64.42516 
-74.96261      64.42768 
-74.95984      64.42552 
-74.9478       64.42436 
-74.94445      64.42202 
-74.94825      64.417 
-74.94427      64.41568 
-74.93584      64.41286 
-74.93483      64.40948 
-74.94475      64.40892 
-74.97258      64.42021 
-74.97718      64.42661 
-74.98853      64.42551 
-75            64.4307 
 1             75 
1
 -9999.0   ,   9990.0 
 8 
-75.85129      64.36525 
-75.84825      64.36566 
-75.85168      64.36798 
-75.86068      64.36948 
-75.87361      64.36845 
-75.87373      64.36407 
-75.85695      64.36628 
-75.85129      64.36525 
 1             76 
1
 -9999.0   ,   9990.0 
 6 
-75.10066      64.36312 
-75.09669      64.36404 
-75.11124      64.37515 
-75.11971      64.37511 
-75.11756      64.37157 
-75.10066      64.36312 
 1             77 
1
 -9999.0   ,   9990.0 
 16 
-74.26361      64.35762 
-74.2559       64.36238 
-74.24298      64.3596 
-74.23735      64.36035 
-74.23516      64.3639 
-74.24531      64.36429 
-74.25112      64.36812 
-74.24731      64.36969 
-74.25633      64.37358 
-74.28021      64.37373 
-74.28547      64.3698 
-74.29525      64.37067 
-74.30341      64.36956 
-74.29033      64.36245 
-74.27755      64.35828 
-74.26361      64.35762 
 1             78 
1
 -9999.0   ,   9990.0 
 8 
-75.63993      64.35716 
-75.63873      64.35838 
-75.65663      64.36442 
-75.67418      64.3629 
-75.67478      64.36146 
-75.66706      64.35895 
-75.65055      64.35881 
-75.63993      64.35716 
 1             79 
1
 -9999.0   ,   9990.0 
 8 
-74.45531      64.3504 
-74.44821      64.35147 
-74.4523       64.35469 
-74.46727      64.35712 
-74.47183      64.35641 
-74.47414      64.35331 
-74.47043      64.35144 
-74.45531      64.3504 
 1             80 
1
 -9999.0   ,   9990.0 
 9 
-75.5177       64.3501 
-75.51003      64.35263 
-75.49547      64.3519 
-75.49871      64.35538 
-75.51081      64.35833 
-75.53496      64.35917 
-75.53482      64.35711 
-75.52161      64.35401 
-75.5177       64.3501 
 1             81 
1
 -9999.0   ,   9990.0 
 473 
-75            64.4307 
-75.01563      64.43776 
-75.01278      64.44413 
-75.01681      64.44688 
-75.02288      64.44585 
-75.02653      64.44036 
-75.03308      64.44091 
-75.0391       64.44493 
-75.05417      64.44729 
-75.05503      64.45185 
-75.06153      64.454 
-75.07653      64.4543 
-75.08451      64.45775 
-75.08823      64.45431 
-75.09448      64.45556 
-75.0988       64.45922 
-75.1          64.46834 
-75.11642      64.47155 
-75.11991      64.47593 
-75.14935      64.48159 
-75.16548      64.48205 
-75.18444      64.49336 
-75.19987      64.49155 
-75.19552      64.48445 
-75.17546      64.47988 
-75.17311      64.47747 
-75.17858      64.4728 
-75.178        64.46916 
-75.1657       64.46388 
-75.171        64.45692 
-75.16203      64.45376 
-75.15628      64.4541 
-75.15238      64.45868 
-75.14565      64.4593 
-75.13749      64.45701 
-75.12335      64.44909 
-75.13868      64.44706 
-75.13711      64.44371 
-75.1315       64.44104 
-75.1406       64.43432 
-75.1438       64.43661 
-75.14743      64.43921 
-75.15972      64.43943 
-75.16732      64.44335 
-75.17158      64.45023 
-75.17506      64.45118 
-75.18053      64.4465 
-75.18893      64.44785 
-75.19172      64.44655 
-75.17167      64.43851 
-75.17171      64.4369 
-75.20318      64.44404 
-75.20331      64.44104 
-75.18772      64.43023 
-75.17995      64.42746 
-75.18058      64.42605 
-75.19026      64.42641 
-75.19857      64.42409 
-75.21503      64.43256 
-75.2115       64.43827 
-75.22836      64.4412 
-75.21988      64.44871 
-75.2192       64.44931 
-75.26135      64.47007 
-75.2667       64.47183 
-75.26735      64.46881 
-75.25436      64.45968 
-75.25672      64.45703 
-75.28408      64.46277 
-75.28651      64.4654 
-75.27868      64.4693 
-75.29738      64.47625 
-75.29806      64.4801 
-75.2853       64.48016 
-75.29636      64.48825 
-75.30978      64.49022 
-75.318        64.49089 
-75.3376       64.49746 
-75.34483      64.4999 
-75.35633      64.50082 
-75.36476      64.50722 
-75.38012      64.51023 
-75.37835      64.51469 
-75.38258      64.51628 
-75.39291      64.51521 
-75.4067       64.51991 
-75.42406      64.51911 
-75.43233      64.52161 
-75.42661      64.5254 
-75.43396      64.53001 
-75.44187      64.53139 
-75.45281      64.53051 
-75.46116      64.53323 
-75.46435      64.53648 
-75.4635       64.54045 
-75.48171      64.54396 
-75.49066      64.5485 
-75.49375      64.54646 
-75.49018      64.5437 
-75.4917       64.54176 
-75.5081       64.5479 
-75.51854      64.54383 
-75.51393      64.54242 
-75.50846      64.54076 
-75.49313      64.5396 
-75.49083      64.53744 
-75.49646      64.53503 
-75.4906       64.5301 
-75.49688      64.52973 
-75.52278      64.53714 
-75.53088      64.53575 
-75.5343       64.53806 
-75.53285      64.54343 
-75.53888      64.54721 
-75.55115      64.54877 
-75.55742      64.55161 
-75.55701      64.55693 
-75.55371      64.55988 
-75.54715      64.55614 
-75.54091      64.55674 
-75.52537      64.5517 
-75.52595      64.55511 
-75.5403       64.55977 
-75.54646      64.56721 
-75.5614       64.57368 
-75.56318      64.57748 
-75.57065      64.58231 
-75.57531      64.5802 
-75.56882      64.57506 
-75.57339      64.57433 
-75.59082      64.58018 
-75.59136      64.57693 
-75.56922      64.56976 
-75.56624      64.56718 
-75.57083      64.56322 
-75.58927      64.56073 
-75.60551      64.56458 
-75.61076      64.56426 
-75.60546      64.56113 
-75.57471      64.55218 
-75.58123      64.55086 
-75.62493      64.56341 
-75.63436      64.56285 
-75.63533      64.56095 
-75.60869      64.55635 
-75.60056      64.54947 
-75.58942      64.54646 
-75.58576      64.54346 
-75.59304      64.53958 
-75.60083      64.53888 
-75.61712      64.54618 
-75.62236      64.54585 
-75.62774      64.5476 
-75.62496      64.55213 
-75.6269       64.55478 
-75.63691      64.55923 
-75.64747      64.56043 
-75.65046      64.56258 
-75.65308      64.56446 
-75.6566       64.56218 
-75.66275      64.56295 
-75.67696      64.57197 
-75.68917      64.57491 
-75.70011      64.57401 
-75.71278      64.57668 
-75.731        64.58799 
-75.7427       64.59095 
-75.74441      64.59292 
-75.73025      64.59218 
-75.72912      64.59363 
-75.73288      64.59685 
-75.75035      64.60268 
-75.75471      64.60931 
-75.76237      64.61137 
-75.77002      64.61021 
-75.76687      64.60718 
-75.76905      64.60567 
-75.77948      64.60963 
-75.78676      64.61056 
-75.79856      64.61535 
-75.81192      64.61683 
-75.81717      64.6165 
-75.81603      64.61312 
-75.81047      64.60932 
-75.7986       64.60592 
-75.79725      64.60347 
-75.80895      64.60321 
-75.80788      64.60005 
-75.7808       64.58953 
-75.77575      64.5857 
-75.78588      64.58715 
-75.80683      64.59368 
-75.82726      64.60506 
-75.82533      64.60886 
-75.82916      64.6107 
-75.85131      64.61439 
-75.8646       64.61923 
-75.86646      64.61661 
-75.83475      64.60184 
-75.81085      64.58815 
-75.81796      64.58541 
-75.78433      64.56976 
-75.78636      64.5678 
-75.79152      64.56725 
-75.7901       64.56458 
-75.77788      64.56326 
-75.77593      64.56061 
-75.78131      64.55753 
-75.78993      64.5577 
-75.80701      64.56238 
-75.8142       64.56147 
-75.81066      64.5541 
-75.8057       64.5505 
-75.80925      64.54754 
-75.80873      64.54314 
-75.79775      64.54432 
-75.79505      64.54103 
-75.79802      64.53556 
-75.78506      64.53038 
-75.78513      64.529 
-75.81703      64.53485 
-75.81896      64.53266 
-75.77928      64.52108 
-75.77195      64.5151 
-75.76574      64.51731 
-75.75818      64.51226 
-75.74569      64.51165 
-75.73358      64.50411 
-75.73561      64.50053 
-75.73154      64.49893 
-75.72753      64.49898 
-75.72311      64.50315 
-75.71775      64.49818 
-75.7116       64.49554 
-75.70466      64.49256 
-75.71094      64.48895 
-75.72857      64.49223 
-75.72685      64.48866 
-75.72013      64.48608 
-75.71125      64.48503 
-75.69787      64.48653 
-75.67996      64.47428 
-75.6687       64.47083 
-75.65407      64.46851 
-75.66555      64.47425 
-75.66925      64.47715 
-75.66729      64.47805 
-75.64533      64.47111 
-75.63142      64.45632 
-75.62201      64.45851 
-75.61889      64.45547 
-75.62265      64.45065 
-75.62003      64.44921 
-75.61136      64.45363 
-75.60931      64.45065 
-75.60833      64.44922 
-75.6099       64.4459 
-75.60648      64.44343 
-75.62355      64.4453 
-75.62804      64.44273 
-75.63333      64.44265 
-75.65151      64.44774 
-75.64993      64.45105 
-75.6597       64.45645 
-75.66977      64.45468 
-75.6732       64.45538 
-75.67312      64.45998 
-75.6767       64.46115 
-75.6814       64.45925 
-75.70617      64.46808 
-75.72393      64.47021 
-75.72632      64.46937 
-75.71035      64.45655 
-75.70267      64.45265 
-75.67381      64.44591 
-75.66883      64.44047 
-75.67591      64.43935 
-75.6819       64.44086 
-75.70088      64.44563 
-75.72818      64.44925 
-75.74043      64.46045 
-75.73998      64.46232 
-75.73275      64.463 
-75.7364       64.47243 
-75.74858      64.47214 
-75.75903      64.47472 
-75.76104      64.47758 
-75.75052      64.47961 
-75.75769      64.48355 
-75.78945      64.48756 
-75.79438      64.48955 
-75.79626      64.49681 
-75.79986      64.49795 
-75.80836      64.49467 
-75.8163       64.49762 
-75.821        64.49572 
-75.80626      64.49158 
-75.80348      64.48646 
-75.80035      64.48586 
-75.7898       64.48385 
-75.77731      64.4752 
-75.75356      64.46953 
-75.74572      64.46358 
-75.74893      64.45878 
-75.75595      64.45904 
-75.76095      64.46448 
-75.76573      64.46602 
-75.78005      64.46422 
-75.78536      64.46895 
-75.79545      64.46878 
-75.8184       64.48001 
-75.82329      64.47073 
-75.84248      64.47069 
-75.85113      64.46946 
-75.85216      64.46778 
-75.83304      64.46323 
-75.82525      64.4575 
-75.82003      64.45621 
-75.81742      64.458 
-75.82288      64.46156 
-75.81655      64.46333 
-75.80199      64.46125 
-75.79332      64.45765 
-75.79345      64.44683 
-75.79962      64.443 
-75.78021      64.43431 
-75.774        64.42526 
-75.77646      64.42305 
-75.81055      64.43265 
-75.81396      64.43014 
-75.80673      64.42599 
-75.8076       64.42065 
-75.79165      64.41751 
-75.79071      64.41623 
-75.78971      64.41486 
-75.79342      64.41326 
-75.79991      64.41353 
-75.81981      64.41896 
-75.84011      64.4223 
-75.8445       64.42433 
-75.84056      64.42688 
-75.84326      64.42855 
-75.87175      64.43251 
-75.89481      64.43774 
-75.89672      64.43394 
-75.88806      64.43196 
-75.89171      64.43011 
-75.90206      64.42923 
-75.90182      64.42695 
-75.86075      64.42354 
-75.84717      64.42116 
-75.81181      64.40934 
-75.79833      64.40719 
-75.78775      64.40739 
-75.7642       64.39896 
-75.74955      64.39643 
-75.69255      64.3751 
-75.70607      64.37426 
-75.70897      64.37178 
-75.69151      64.3655 
-75.69649      64.3645 
-75.70912      64.3674 
-75.71351      64.363 
-75.73128      64.36052 
-75.73596      64.36345 
-75.74496      64.36496 
-75.72816      64.37198 
-75.73561      64.37359 
-75.75575      64.37027 
-75.76365      64.37323 
-75.77115      64.37346 
-75.77475      64.37945 
-75.78849      64.37767 
-75.80235      64.38256 
-75.80658      64.38253 
-75.80776      64.37808 
-75.81274      64.37548 
-75.79853      64.37428 
-75.79673      64.3721 
-75.8052       64.36881 
-75.8011       64.36608 
-75.81895      64.36543 
-75.8293       64.36777 
-75.83518      64.37108 
-75.86286      64.3728 
-75.87016      64.37556 
-75.87138      64.3824 
-75.87506      64.38538 
-75.88355      64.38692 
-75.90881      64.38303 
-75.92368      64.37196 
-75.92733      64.37175 
-75.93078      64.37566 
-75.92994      64.38261 
-75.9413       64.38788 
-75.94027      64.38955 
-75.92195      64.38887 
-75.91278      64.39635 
-75.94485      64.40307 
-75.9672       64.40303 
-75.98396      64.40542 
-76.00523      64.40223 
-76.00958      64.39942 
-76.00613      64.39711 
-75.99279      64.39543 
-75.9774       64.3971 
-75.9738       64.39433 
-75.97775      64.38718 
-75.97273      64.38336 
-75.98031      64.38218 
-75.98677      64.38868 
-75.99996      64.38991 
-76.00554      64.38288 
-76.01788      64.38163 
-76.03465      64.38402 
-76.04081      64.3834 
-76.04538      64.37965 
-76.0373       64.37465 
-76.03852      64.37203 
-76.05625      64.36408 
-76.05161      64.36061 
-76.06993      64.35667 
-76.08178      64.36488 
-76.08709      64.36178 
-76.09392      64.36618 
-76.1016       64.36683 
-76.10364      64.36969 
-76.0904       64.37446 
-76.0857       64.37936 
-76.09685      64.38395 
-76.123        64.38571 
-76.13165      64.38308 
-76.12451      64.3778 
-76.1222       64.37265 
-76.12587      64.36941 
-76.13323      64.36916 
-76.14461      64.37441 
-76.14706      64.3784 
-76.15501      64.37835 
-76.16493      64.3701 
-76.16492      64.3655 
-76.15825      64.36156 
-76.15093      64.36042 
-76.13365      64.3627 
-76.12908      64.36022 
-76.14413      64.35305 
-76.15241      64.3555 
-76.16034      64.35383 
-76.16463      64.3478 
-76.18865      64.34508 
-76.19136      64.34675 
-76.1893       64.35149 
-76.19731      64.35465 
-76.20763      64.35076 
-76.21411      64.35102 
-76.21622      64.3571 
-76.22325      64.35894 
-76.23606      64.35603 
-76.24951      64.35653 
-76.25736      64.35165 
-76.25024      64.34797 
-76.25072      64.34632 
-76.26068      64.3459 
-76.26805      64.35025 
-76.2733       64.34555 
-76.27673      64.34542 
-76.28012      64.34531 
-76.29436      64.35105 
-76.3075       64.35365 
-76.32425      64.35438 
-76.33847      64.35253 
-76.35785      64.35768 
-76.36843      64.35606 
 1             82 
1
 -9999.0   ,   9990.0 
 6 
-74.83785      64.34395 
-74.83545      64.34478 
-74.84749      64.35145 
-74.85598      64.35327 
-74.8619       64.34996 
-74.83785      64.34395 
 1             83 
1
 -9999.0   ,   9990.0 
 8 
-76.12793      64.33843 
-76.11673      64.33985 
-76.1152       64.34155 
-76.11925      64.34406 
-76.1275       64.3449 
-76.13974      64.34343 
-76.14268      64.34116 
-76.12793      64.33843 
 1             84 
1
 -9999.0   ,   9990.0 
 6 
-75.35019      64.33528 
-75.35185      64.33886 
-75.36186      64.34539 
-75.38382      64.34776 
-75.37396      64.34008 
-75.35019      64.33528 
 1             85 
1
 -9999.0   ,   9990.0 
 7 
-75.31516      64.33345 
-75.31491      64.33598 
-75.32183      64.33948 
-75.33351      64.34293 
-75.33746      64.342 
-75.32999      64.3351 
-75.31516      64.33345 
 1             86 
1
 -9999.0   ,   9990.0 
 6 
-75.82721      64.33133 
-75.82157      64.33191 
-75.81455      64.33948 
-75.83306      64.34085 
-75.83526      64.33795 
-75.82721      64.33133 
 1             87 
1
 -9999.0   ,   9990.0 
 13 
-74.66438      64.33006 
-74.661        64.333 
-74.6341       64.33514 
-74.64113      64.33934 
-74.63859      64.34155 
-74.64433      64.34491 
-74.66739      64.34412 
-74.67789      64.34561 
-74.68596      64.34426 
-74.69137      64.34098 
-74.6769       64.33673 
-74.67318      64.3312 
-74.66438      64.33006 
 1             88 
1
 -9999.0   ,   9990.0 
 20 
-76.26165      64.32443 
-76.25306      64.32568 
-76.24046      64.33065 
-76.2406       64.3341 
-76.2472       64.3332 
-76.26776      64.34037 
-76.28363      64.33864 
-76.2926       64.3415 
-76.30292      64.3376 
-76.30822      64.33909 
-76.30545      64.3448 
-76.31227      64.34758 
-76.31766      64.34629 
-76.32011      64.34268 
-76.32751      64.34105 
-76.32568      64.33886 
-76.31103      64.335 
-76.30658      64.32838 
-76.2881       64.32868 
-76.26165      64.32443 
 1             89 
1
 -9999.0   ,   9990.0 
 7 
-75.30708      64.3229 
-75.29318      64.32416 
-75.29173      64.32632 
-75.3005       64.33063 
-75.3097       64.33123 
-75.31869      64.32611 
-75.30708      64.3229 
 1             90 
1
 -9999.0   ,   9990.0 
 26 
-73.40899      64.32285 
-73.39878      64.32423 
-73.39561      64.32643 
-73.39893      64.33361 
-73.38355      64.34209 
-73.40273      64.35152 
-73.41076      64.3498 
-73.41335      64.34738 
-73.41881      64.35033 
-73.42878      64.34783 
-73.42955      64.35099 
-73.42175      64.35592 
-73.43218      64.36186 
-73.44151      64.36328 
-73.4463       64.36121 
-73.4575       64.36163 
-73.47058      64.35026 
-73.45784      64.34787 
-73.44221      64.34011 
-73.43441      64.33841 
-73.43966      64.33611 
-73.44843      64.33525 
-73.4506       64.33332 
-73.44831      64.33266 
-73.41537      64.32302 
-73.40899      64.32285 
 1             91 
1
 -9999.0   ,   9990.0 
 474 
-74.05051      64.69201 
-74.04393      64.69142 
-74.03931      64.68821 
-74.04094      64.6863 
-74.04988      64.68563 
-74.04996      64.67806 
-74.05743      64.67792 
-74.0632       64.67947 
-74.06353      64.67671 
-74.05811      64.67055 
-74.05925      64.66476 
-74.05381      64.66251 
-74.048        64.66281 
-74.04386      64.65338 
-74.0545       64.65515 
-74.0612       64.65023 
-74.05626      64.64382 
-74.05847      64.64211 
-74.06745      64.64166 
-74.06861      64.63015 
-74.07503      64.63212 
-74.07978      64.63189 
-74.07914      64.62756 
-74.08711      64.62144 
-74.08545      64.61923 
-74.07818      64.62005 
-74.06648      64.61628 
-74.05056      64.60675 
-74.03209      64.6056 
-74.02393      64.60301 
-74.02818      64.60097 
-74.02658      64.59898 
-74.01113      64.59103 
-74.00534      64.58842 
-74.00201      64.5869 
-73.98876      64.58526 
-73.98088      64.57968 
-73.9722       64.57713 
-73.97008      64.57516 
-73.97791      64.57456 
-73.9801       64.5607 
-73.98617      64.55949 
-73.99085      64.56705 
-73.99807      64.57013 
-73.99105      64.57781 
-74.02759      64.58678 
-74.0448       64.58525 
-74.05627      64.58629 
-74.06293      64.57931 
-74.06972      64.57875 
-74.07644      64.58393 
-74.10181      64.59091 
-74.10738      64.58861 
-74.1119       64.58674 
-74.12258      64.58483 
-74.13636      64.58643 
-74.13822      64.58543 
-74.13596      64.58301 
-74.14031      64.57936 
-74.13845      64.57647 
-74.12873      64.57605 
-74.1262       64.57456 
-74.12952      64.57302 
-74.14654      64.57286 
-74.15468      64.57726 
-74.16165      64.57738 
-74.15889      64.57316 
-74.16122      64.568 
-74.15156      64.56391 
-74.14771      64.55561 
-74.14014      64.55324 
-74.14201      64.54833 
-74.13907      64.54733 
-74.1315       64.54885 
-74.11623      64.54366 
-74.10554      64.54946 
-74.09009      64.55345 
-74.09668      64.5561 
-74.10759      64.5551 
-74.11433      64.55636 
-74.11494      64.55921 
-74.11632      64.56566 
-74.1125       64.56929 
-74.09873      64.56768 
-74.07281      64.55659 
-74.05109      64.5531 
-74.042        64.54895 
-74.04451      64.54447 
-74.03543      64.54034 
-74.02524      64.54611 
-74.02016      64.54705 
-73.98735      64.53582 
-73.97718      64.53564 
-73.96475      64.539 
-73.96703      64.53155 
-73.9645       64.52594 
-73.94161      64.51418 
-73.94047      64.51361 
-73.94391      64.51251 
-73.95402      64.51455 
-73.95728      64.51277 
-73.95089      64.50875 
-73.9534       64.50609 
-73.96185      64.50591 
-73.97116      64.50889 
-73.98181      64.52098 
-73.98776      64.52136 
-73.99458      64.51897 
-74.00114      64.52163 
-74.00878      64.52033 
-74.02251      64.52195 
-74.02587      64.51858 
-74.03199      64.5176 
-74.04377      64.52777 
-74.04854      64.53762 
-74.05313      64.54083 
-74.06166      64.54087 
-74.08046      64.53353 
-74.08881      64.53288 
-74.10472      64.53461 
-74.1118       64.53906 
-74.1198       64.5409 
-74.12086      64.54113 
-74.13105      64.54131 
-74.13318      64.53938 
-74.12966      64.53428 
-74.1172       64.52756 
-74.12151      64.52185 
-74.09631      64.50936 
-74.08411      64.49965 
-74.07309      64.49423 
-74.07006      64.49485 
-74.06968      64.49738 
-74.05528      64.49925 
-74.052        64.49689 
-74.05876      64.49036 
-74.05704      64.48793 
-74.04103      64.48368 
-74.0427       64.482 
-74.05003      64.48163 
-74.06808      64.48348 
-74.0691       64.48137 
-74.06206      64.47691 
-74.05103      64.47539 
-74.04521      64.47155 
-74.04703      64.46941 
-74.05328      64.46198 
-74.03907      64.45651 
-74.0427       64.4522 
-74.03561      64.44751 
-74.0382       64.44325 
-74.02307      64.43231 
-74.02648      64.42917 
-74.03955      64.42646 
-74.04955      64.42025 
-74.053        64.42121 
-74.04998      64.42778 
-74.05245      64.4311 
-74.07055      64.43523 
-74.07618      64.4345 
-74.0818       64.43169 
-74.08046      64.42671 
-74.0888       64.42218 
-74.07767      64.41036 
-74.06358      64.40922 
-74.0492       64.4048 
-74.04626      64.4039 
-74.03237      64.4055 
-74.02741      64.40277 
-74.01783      64.3966 
-74.01897      64.39495 
-74.02832      64.39425 
-74.0178       64.38651 
-74.01142      64.37446 
-74.0142       64.37295 
-74.01711      64.37395 
-74.02555      64.38178 
-74.03095      64.3822 
-74.03308      64.38621 
-74.03995      64.38817 
-74.04615      64.39748 
-74.05766      64.39897 
-74.06078      64.40272 
-74.08072      64.40791 
-74.086        64.40581 
-74.07792      64.40141 
-74.08095      64.3969 
-74.08888      64.39879 
-74.09465      64.40446 
-74.10018      64.40535 
-74.10216      64.40345 
-74.10398      64.4017 
-74.09777      64.39836 
-74.09763      64.39585 
-74.11033      64.39382 
-74.10738      64.39076 
-74.11833      64.38219 
-74.11544      64.37936 
-74.11231      64.37952 
-74.10533      64.38308 
-74.09762      64.38002 
-74.09         64.37926 
-74.08746      64.37572 
-74.08026      64.37448 
-74.0782       64.37275 
-74.08675      64.3691 
-74.07951      64.35984 
-74.1103       64.3622 
-74.1214       64.3582 
-74.13015      64.3573 
-74.13592      64.35907 
-74.13431      64.361 
-74.1233       64.36131 
-74.12         64.36286 
-74.13665      64.3657 
-74.13418      64.36833 
-74.11746      64.36917 
-74.11586      64.3711 
-74.11685      64.3719 
-74.11926      64.3739 
-74.13082      64.37355 
-74.1445       64.37515 
-74.1523       64.36879 
-74.15878      64.37123 
-74.164        64.37095 
-74.179        64.36767 
-74.18383      64.36398 
-74.17943      64.36146 
-74.1698       64.36493 
-74.15815      64.363 
-74.14485      64.35885 
-74.14102      64.35446 
-74.1258       64.35295 
-74.11485      64.3496 
-74.09582      64.34963 
-74.08321      64.34797 
-74.0734       64.34296 
-74.06973      64.33512 
-74.083        64.33331 
-74.09165      64.33998 
-74.08798      64.34406 
-74.08991      64.34535 
-74.09136      64.3452 
-74.11824      64.34255 
-74.1196       64.33973 
-74.11455      64.33471 
-74.12466      64.331 
-74.11595      64.32616 
-74.10474      64.3336 
-74.09891      64.3316 
-74.10115      64.32805 
-74.09814      64.32476 
-74.07775      64.32556 
-74.07331      64.32876 
-74.06875      64.32945 
-74.0545       64.32557 
-74.04166      64.33491 
-74.03171      64.3313 
-74.02268      64.33311 
-74.01762      64.332 
-74.0232       64.32713 
-74.00426      64.32143 
-73.99208      64.32135 
-73.98817      64.32451 
-73.99045      64.32715 
-73.99271      64.32793 
-73.99917      64.33016 
-74.0123       64.33981 
-74.01255      64.34278 
-73.99766      64.33848 
-73.99078      64.34043 
-73.9886       64.3442 
-73.99338      64.35427 
-73.98125      64.35441 
-73.97837      64.35753 
-73.97182      64.35878 
-73.97799      64.36213 
-73.97511      64.36525 
-73.98413      64.36733 
-73.98353      64.3731 
-73.97705      64.37661 
-73.99101      64.37936 
-73.98673      64.38118 
-73.97835      64.37953 
-73.97296      64.38116 
-73.98991      64.38721 
-74.00363      64.38906 
-74.00685      64.39118 
-74.00183      64.39418 
-73.98146      64.3898 
-73.97935      64.38933 
-73.97296      64.3892 
-73.96416      64.39603 
-73.95946      64.39626 
-73.9536       64.38808 
-73.94847      64.38673 
-73.93703      64.38751 
-73.9317       64.38938 
-73.93409      64.39247 
-73.9437       64.39475 
-73.94947      64.39859 
-73.94065      64.39926 
-73.93543      64.40156 
-73.95703      64.40716 
-73.96194      64.41173 
-73.96836      64.41393 
-73.97073      64.42091 
-73.98864      64.4205 
-73.98985      64.41906 
-73.98529      64.41585 
-73.9988       64.41679 
-74.01352      64.42431 
-74.0135       64.42955 
-74.00681      64.42986 
-74.00098      64.42105 
-73.99554      64.42451 
-73.97871      64.42305 
-73.97615      64.42936 
-73.96328      64.42885 
-73.9566       64.4317 
-73.95002      64.44095 
-73.96003      64.44871 
-73.95918      64.45356 
-73.97241      64.45544 
-73.96188      64.46581 
-73.95413      64.46665 
-73.95427      64.46916 
-73.96011      64.47116 
-73.95927      64.47601 
-73.96367      64.48061 
-73.96106      64.48281 
-73.94688      64.48143 
-73.94226      64.48442 
-73.93463      64.48936 
-73.92395      64.4892 
-73.93161      64.48401 
-73.92496      64.48296 
-73.91241      64.46959 
-73.91175      64.46298 
-73.90165      64.45683 
-73.8756       64.45672 
-73.85815      64.46718 
-73.86818      64.47105 
-73.86626      64.4739 
-73.87463      64.48151 
-73.8838       64.4861 
-73.90936      64.49036 
-73.90826      64.49225 
-73.9143       64.497 
-73.91069      64.49948 
-73.89668      64.4952 
-73.88931      64.49295 
-73.88364      64.48955 
-73.8788       64.48932 
-73.86756      64.49308 
-73.8376       64.47802 
-73.82273      64.47393 
-73.82051      64.46738 
-73.81485      64.46812 
-73.81292      64.46685 
-73.81752      64.46203 
-73.80907      64.45808 
-73.7948       64.46862 
-73.77842      64.46276 
-73.76268      64.46763 
-73.7659       64.46976 
-73.78215      64.469 
-73.78966      64.47138 
-73.78856      64.47327 
-73.77113      64.47364 
-73.76885      64.47512 
-73.7711       64.48062 
-73.77316      64.48569 
-73.78383      64.48999 
-73.78378      64.49388 
-73.79585      64.4995 
-73.80233      64.49987 
-73.80275      64.48908 
-73.80676      64.48821 
-73.8133       64.495 
-73.82315      64.49406 
-73.83221      64.50028 
-73.84446      64.49831 
-73.84796      64.49952 
-73.84038      64.50309 
-73.84763      64.50847 
-73.84583      64.51383 
-73.85409      64.52305 
-73.84773      64.52931 
-73.85142      64.5312 
-73.85703      64.53025 
-73.87165      64.53733 
-73.87255      64.54484 
-73.88301      64.54359 
-73.89505      64.55545 
-73.89464      64.55798 
-73.88671      64.56226 
-73.88486      64.57358 
-73.91146      64.5794 
-73.91421      64.58186 
-73.88758      64.5778 
-73.88232      64.58012 
-73.90346      64.58345 
-73.9122       64.5883 
-73.92534      64.58148 
-73.93121      64.58348 
-73.93403      64.58609 
-73.93183      64.58987 
-73.92351      64.59073 
-73.9167       64.59725 
-73.91655      64.6007 
-73.9289       64.60101 
-73.93096      64.60274 
-73.92195      64.60705 
-73.91816      64.60886 
-73.91013      64.60879 
-73.90213      64.6007 
-73.88409      64.60111 
-73.8685       64.59659 
-73.87095      64.59166 
-73.83145      64.5773 
-73.82671      64.57339 
-73.83987      64.57276 
-73.84098      64.57088 
-73.83225      64.56396 
-73.80738      64.55438 
-73.80036      64.54372 
-73.78797      64.54935 
-73.78195      64.54872 
-73.77313      64.5393 
-73.77025      64.53842 
-73.7639       64.53653 
-73.75746      64.53843 
-73.74883      64.53174 
-73.74579      64.53235 
-73.74997      64.5507 
-73.74833      64.55261 
-73.74015      64.54772 
-73.73283      64.55036 
-73.72643      64.56693 
-73.71699      64.57378 
-73.69482      64.57253 
-73.68547      64.56725 
-73.69445      64.56478 
-73.709        64.56958 
-73.721        64.56237 
-73.72417      64.5581 
-73.72061      64.55666 
-73.70996      64.55877 
-73.69898      64.55766 
-73.693        64.55705 
-73.67755      64.55915 
-73.65049      64.55537 
-73.63353      64.5557 
-73.63025      64.55746 
-73.63328      64.55891 
-73.64796      64.56007 
-73.64378      64.56461 
-73.64821      64.56738 
-73.66143      64.567 
-73.6754       64.57161 
-73.67842      64.57513 
-73.66655      64.57661 
-73.66295      64.5793 
-73.66527      64.58423 
-73.6567       64.58829 
-73.65985      64.59226 
-73.65685      64.59516 
-73.64525      64.59571 
-73.63156      64.59221 
-73.62791      64.59466 
-73.63824      64.60176 
-73.65798      64.60381 
-73.65901      64.60582 
 1             92 
1
 -9999.0   ,   9990.0 
 11 
-76.19462      64.32098 
-76.19062      64.3217 
-76.19798      64.32606 
-76.18866      64.32828 
-76.2015       64.33158 
-76.21063      64.33191 
-76.21915      64.33043 
-76.2286       64.33166 
-76.23808      64.32689 
-76.23678      64.32467 
-76.19462      64.32098 
 1             93 
1
 -9999.0   ,   9990.0 
 12 
-74.51335      64.31798 
-74.50618      64.31882 
-74.50218      64.32339 
-74.48876      64.32456 
-74.487        64.3258 
-74.49246      64.32826 
-74.50516      64.32828 
-74.51328      64.33083 
-74.51922      64.32936 
-74.51741      64.32488 
-74.5203       64.32013 
-74.51335      64.31798 
 1             94 
1
 -9999.0   ,   9990.0 
 18 
-74.34751      64.32051 
-74.3614       64.3191 
-74.36193      64.31723 
-74.35076      64.31506 
-74.34532      64.31833 
-74.33886      64.31408 
-74.33411      64.3141 
-74.33306      64.32172 
-74.32827      64.32357 
-74.34358      64.3292 
-74.36754      64.32978 
-74.37838      64.32692 
-74.38095      64.32473 
-74.37463      64.32299 
-74.3668       64.32523 
-74.35873      64.32474 
-74.34731      64.32166 
-74.34751      64.32051 
 1             95 
1
 -9999.0   ,   9990.0 
 12 
-75.97853      64.31281 
-75.96681      64.31424 
-75.95939      64.32208 
-75.96936      64.3249 
-75.98065      64.32533 
-75.98224      64.32063 
-76.00454      64.32381 
-76.01596      64.32308 
-76.00401      64.31602 
-75.99681      64.3151 
-75.98178      64.31766 
-75.97853      64.31281 
 1             96 
1
 -9999.0   ,   9990.0 
 7 
-75.6296       64.30712 
-75.61508      64.30696 
-75.60483      64.30965 
-75.60482      64.31126 
-75.62842      64.31051 
-75.6314       64.30826 
-75.6296       64.30712 
 1             97 
1
 -9999.0   ,   9990.0 
 11 
-73.42038      64.30448 
-73.42021      64.3125 
-73.40837      64.31373 
-73.40711      64.31721 
-73.40922      64.31941 
-73.43388      64.32104 
-73.43501      64.31046 
-73.44473      64.3114 
-73.44597      64.30996 
-73.43468      64.30475 
-73.42038      64.30448 
 1             98 
1
 -9999.0   ,   9990.0 
 7 
-73.9802       64.30428 
-73.97777      64.3051 
-73.98265      64.3076 
-73.99437      64.31 
-74.00588      64.3076 
-73.99335      64.3041 
-73.9802       64.30428 
 1             99 
1
 -9999.0   ,   9990.0 
 11 
-75.25812      64.30348 
-75.25351      64.30398 
-75.25194      64.30912 
-75.25771      64.31406 
-75.27807      64.3216 
-75.29278      64.3212 
-75.29032      64.31675 
-75.2854       64.31451 
-75.27835      64.31401 
-75.2614       64.30719 
-75.25812      64.30348 
 1             100 
1
 -9999.0   ,   9990.0 
 68 
-75.677        64.32293 
-75.69178      64.31951 
-75.67422      64.3015 
-75.66583      64.30338 
-75.65685      64.30831 
-75.629        64.31392 
-75.62473      64.32361 
-75.60928      64.32501 
-75.60491      64.32298 
-75.61332      64.31948 
-75.6108       64.31825 
-75.60235      64.31831 
-75.59678      64.31589 
-75.58564      64.31748 
-75.5809       64.31593 
-75.58723      64.31256 
-75.5684       64.30842 
-75.56976      64.30282 
-75.56725      64.30159 
-75.561        64.3052 
-75.55026      64.30308 
-75.54446      64.30525 
-75.54222      64.3061 
-75.53198      64.30718 
-75.53456      64.30863 
-75.55059      64.30904 
-75.55376      64.3123 
-75.56651      64.31405 
-75.56851      64.31531 
-75.56479      64.31691 
-75.54193      64.31669 
-75.53571      64.31385 
-75.5191       64.31324 
-75.51026      64.31378 
-75.50853      64.31825 
-75.498        64.31681 
-75.4953       64.31996 
-75.49993      64.32612 
-75.51103      64.32936 
-75.55696      64.33692 
-75.55722      64.34105 
-75.56278      64.34186 
-75.56658      64.34048 
-75.57285      64.33528 
-75.58696      64.33625 
-75.59761      64.33885 
-75.60885      64.3416 
-75.6269       64.34325 
-75.6297       64.347 
-75.643        64.3487 
-75.64736      64.35556 
-75.65241      64.3564 
-75.65948      64.35528 
-75.66269      64.35048 
-75.67175      64.35385 
-75.68335      64.35198 
-75.70089      64.34561 
-75.69265      64.34313 
-75.68261      64.34328 
-75.68315      64.34164 
-75.69465      64.33795 
-75.69168      64.33698 
-75.68343      64.33771 
-75.68388      64.33586 
-75.69288      64.33255 
-75.68612      64.32973 
-75.68294      64.32487 
-75.677        64.32293 
 1             101 
1
 -9999.0   ,   9990.0 
 8 
-75.63803      64.30703 
-75.64283      64.30756 
-75.65026      64.30596 
-75.66013      64.29891 
-75.64796      64.29736 
-75.64093      64.29848 
-75.62836      64.30385 
-75.63803      64.30703 
 1             102 
1
 -9999.0   ,   9990.0 
 5 
-75.76121      64.29705 
-75.75693      64.3049 
-75.7622       64.3064 
-75.78199      64.29896 
-75.76121      64.29705 
 1             103 
1
 -9999.0   ,   9990.0 
 7 
-75.22715      64.29403 
-75.2331       64.30126 
-75.23095      64.30461 
-75.24005      64.3066 
-75.24525      64.30125 
-75.23983      64.29743 
-75.22715      64.29403 
 1             104 
1
 -9999.0   ,   9990.0 
 9 
-76.1698       64.29221 
-76.16362      64.29584 
-76.1651       64.30011 
-76.16173      64.30265 
-76.16635      64.30372 
-76.17286      64.30261 
-76.17887      64.29853 
-76.17845      64.2958 
-76.1698       64.29221 
 1             105 
1
 -9999.0   ,   9990.0 
 9 
-76.53508      64.2873 
-76.52271      64.29275 
-76.52955      64.29551 
-76.53592      64.29554 
-76.53806      64.3 
-76.56108      64.29315 
-76.55973      64.29093 
-76.54241      64.28703 
-76.53508      64.2873 
 1             106 
1
 -9999.0   ,   9990.0 
 63 
-73.85682      64.2865 
-73.85261      64.29061 
-73.8423       64.29156 
-73.8422       64.29317 
-73.86032      64.29595 
-73.86248      64.29813 
-73.84365      64.29882 
-73.85508      64.30423 
-73.86231      64.3057 
-73.87552      64.30369 
-73.88016      64.3053 
-73.87461      64.31037 
-73.88796      64.315 
-73.87631      64.31693 
-73.87257      64.32491 
-73.8795       64.32916 
-73.87168      64.33366 
-73.862        64.33504 
-73.85893      64.33954 
-73.86143      64.34103 
-73.87581      64.33941 
-73.87621      64.34101 
-73.8666       64.34466 
-73.87091      64.35111 
-73.8824       64.35669 
-73.88848      64.35965 
-73.88336      64.36035 
-73.87017      64.35641 
-73.86595      64.36051 
-73.86961      64.36239 
-73.87535      64.36211 
-73.87956      64.3681 
-73.88578      64.36962 
-73.89693      64.36977 
-73.90246      64.37476 
-73.91581      64.3732 
-73.92141      64.37843 
-73.94783      64.37621 
-73.9502       64.37313 
-73.94611      64.36965 
-73.93808      64.3673 
-73.95083      64.36346 
-73.95307      64.35992 
-73.94393      64.35326 
-73.92368      64.34465 
-73.93537      64.3388 
-73.92576      64.33033 
-73.92678      64.3303 
-73.93678      64.33002 
-73.93832      64.32582 
-73.95176      64.3247 
-73.95285      64.32281 
-73.94605      64.31903 
-73.95293      64.3171 
-73.9517       64.3144 
-73.92527      64.30218 
-73.90906      64.3048 
-73.89944      64.3023 
-73.89012      64.30504 
-73.89425      64.29453 
-73.86864      64.28936 
-73.86464      64.28612 
-73.85682      64.2865 
 1             107 
1
 -9999.0   ,   9990.0 
 15 
-73.45312      64.28515 
-73.44733      64.28952 
-73.43875      64.28671 
-73.43959      64.2924 
-73.43394      64.29518 
-73.43567      64.30013 
-73.45703      64.30556 
-73.46843      64.30687 
-73.48925      64.30569 
-73.48761      64.3012 
-73.49551      64.29899 
-73.47338      64.29039 
-73.46596      64.29028 
-73.46138      64.28659 
-73.45312      64.28515 
 1             108 
1
 -9999.0   ,   9990.0 
 17 
-73.57805      64.2851 
-73.57093      64.29047 
-73.56885      64.29698 
-73.57115      64.29985 
-73.58407      64.29878 
-73.58586      64.29962 
-73.58085      64.30283 
-73.59455      64.307 
-73.61153      64.30529 
-73.61353      64.30268 
-73.60666      64.29843 
-73.59526      64.29712 
-73.60002      64.29507 
-73.61346      64.29398 
-73.61395      64.29166 
-73.6001       64.28476 
-73.57805      64.2851 
 1             109 
1
 -9999.0   ,   9990.0 
 10 
-75.79173      64.2788 
-75.77233      64.28416 
-75.77796      64.28679 
-75.78996      64.28627 
-75.79576      64.28936 
-75.80591      64.28804 
-75.81235      64.2851 
-75.81346      64.28205 
-75.80484      64.27845 
-75.79173      64.2788 
 1             110 
1
 -9999.0   ,   9990.0 
 36 
-73.95485      64.27002 
-73.94289      64.27268 
-73.92685      64.27186 
-73.92288      64.27481 
-73.9157       64.27561 
-73.91341      64.27893 
-73.8972       64.27745 
-73.90428      64.28236 
-73.90313      64.28401 
-73.88457      64.27553 
-73.88058      64.27641 
-73.87822      64.2795 
-73.88647      64.28689 
-73.90333      64.29088 
-73.91908      64.29263 
-73.926        64.29895 
-73.93706      64.29885 
-73.9514       64.3032 
-73.97456      64.30091 
-73.96844      64.2957 
-73.97346      64.29476 
-73.98473      64.29948 
-73.9894       64.2984 
-73.99146      64.29296 
-74.00108      64.29341 
-74.00533      64.29548 
-74.0122       64.29353 
-74.01265      64.29122 
-73.99657      64.2863 
-73.98282      64.29018 
-73.972        64.29117 
-73.97225      64.28612 
-73.95503      64.2808 
-73.95505      64.27483 
-73.95918      64.2705 
-73.95485      64.27002 
 1             111 
1
 -9999.0   ,   9990.0 
 13 
-73.58855      64.26584 
-73.58038      64.26691 
-73.57248      64.27116 
-73.57853      64.27431 
-73.5855       64.27056 
-73.59157      64.27165 
-73.5989       64.27566 
-73.61034      64.27718 
-73.6185       64.27611 
-73.62037      64.27305 
-73.60716      64.26657 
-73.59635      64.26753 
-73.58855      64.26584 
 1             112 
1
 -9999.0   ,   9990.0 
 16 
-76.51078      64.26545 
-76.50896      64.26926 
-76.51345      64.27288 
-76.52325      64.27359 
-76.5298       64.27706 
-76.5528       64.27758 
-76.55145      64.27974 
-76.54079      64.28254 
-76.54686      64.28466 
-76.5717       64.28436 
-76.57632      64.28543 
-76.57611      64.27161 
-76.56595      64.26701 
-76.543        64.26511 
-76.53201      64.26701 
-76.51078      64.26545 
 1             113 
1
 -9999.0   ,   9990.0 
 8 
-75.68006      64.26273 
-75.66694      64.26791 
-75.67886      64.2704 
-75.70198      64.26828 
-75.70265      64.26387 
-75.69754      64.2628 
-75.68636      64.26418 
-75.68006      64.26273 
 1             114 
1
 -9999.0   ,   9990.0 
 10 
-76.67463      64.26256 
-76.67057      64.26308 
-76.66576      64.27171 
-76.67002      64.27465 
-76.68339      64.2735 
-76.69728      64.27807 
-76.70939      64.26916 
-76.697        64.26426 
-76.68318      64.26567 
-76.67463      64.26256 
 1             115 
1
 -9999.0   ,   9990.0 
 12 
-73.65515      64.26248 
-73.64796      64.26328 
-73.64105      64.26933 
-73.64675      64.27526 
-73.64511      64.27715 
-73.63319      64.27794 
-73.63775      64.2814 
-73.64556      64.28309 
-73.65331      64.28043 
-73.65902      64.27375 
-73.65976      64.2641 
-73.65515      64.26248 
 1             116 
1
 -9999.0   ,   9990.0 
 13 
-77.11661      64.26121 
-77.10851      64.26365 
-77.09913      64.26408 
-77.10041      64.26745 
-77.11763      64.27221 
-77.12736      64.2699 
-77.1408       64.2717 
-77.15562      64.26601 
-77.15123      64.26563 
-77.14313      64.26807 
-77.13288      64.2635 
-77.12506      64.26383 
-77.11661      64.26121 
 1             117 
1
 -9999.0   ,   9990.0 
 115 
-73.7611       64.27302 
-73.76322      64.28346 
-73.76797      64.28346 
-73.77915      64.27147 
-73.76845      64.26259 
-73.76388      64.26121 
-73.76173      64.26933 
-73.75103      64.26458 
-73.74907      64.26512 
-73.74855      64.27133 
-73.74113      64.2733 
-73.73406      64.28073 
-73.72936      64.28095 
-73.7232       64.27116 
-73.70827      64.2705 
-73.70748      64.2694 
-73.71771      64.26616 
-73.72045      64.26443 
-73.71772      64.26204 
-73.723        64.25996 
-73.71305      64.25814 
-73.70125      64.25938 
-73.69232      64.26576 
-73.69186      64.2685 
-73.68918      64.2847 
-73.7092       64.28878 
-73.71197      64.2914 
-73.71063      64.29443 
-73.70206      64.29393 
-73.69673      64.29578 
-73.69681      64.30448 
-73.69148      64.30635 
-73.68713      64.30586 
-73.68364      64.31083 
-73.69015      64.31991 
-73.70665      64.32668 
-73.69661      64.32878 
-73.70437      64.3323 
-73.69716      64.33721 
-73.70553      64.35147 
-73.72103      64.35417 
-73.7266       64.35116 
-73.73257      64.3518 
-73.739        64.3553 
-73.73993      64.35579 
-73.73522      64.35808 
-73.71823      64.35775 
-73.71996      64.37919 
-73.71136      64.37868 
-73.7106       64.38192 
-73.72818      64.39483 
-73.72711      64.40106 
-73.7324       64.4031 
-73.73875      64.39685 
-73.76398      64.3961 
-73.77043      64.39236 
-73.7686       64.37481 
-73.7723       64.3728 
-73.77956      64.37635 
-73.78468      64.36946 
-73.79211      64.36956 
-73.79213      64.36601 
-73.79217      64.35743 
-73.80203      64.35465 
-73.81213      64.35486 
-73.81451      64.35177 
-73.79726      64.33816 
-73.78758      64.33542 
-73.76061      64.33535 
-73.74775      64.33252 
-73.73986      64.33266 
-73.73053      64.32923 
-73.73175      64.32778 
-73.74606      64.33008 
-73.76631      64.32865 
-73.77842      64.33266 
-73.78897      64.32848 
-73.80138      64.33155 
-73.82075      64.33085 
-73.82736      64.32985 
-73.82869      64.32681 
-73.82215      64.32143 
-73.82132      64.32075 
-73.82643      64.31592 
-73.82188      64.3127 
-73.811        64.31551 
-73.80828      64.31931 
-73.81066      64.3224 
-73.79646      64.32263 
-73.79628      64.3199 
-73.80468      64.31559 
-73.80016      64.31443 
-73.79303      64.31546 
-73.78405      64.31338 
-73.78236      64.31713 
-73.78503      64.32135 
-73.77605      64.32132 
-73.76961      64.31682 
-73.75896      64.31435 
-73.76163      64.3124 
-73.77165      64.31236 
-73.78185      64.30684 
-73.78886      64.30536 
-73.78308      64.30335 
-73.7698       64.30513 
-73.76871      64.29877 
-73.76425      64.29784 
-73.75283      64.30067 
-73.75186      64.29888 
-73.76223      64.29198 
-73.75288      64.28938 
-73.74747      64.28788 
-73.75893      64.28321 
-73.75171      64.27966 
-73.7611       64.27302 
 1             118 
1
 -9999.0   ,   9990.0 
 18 
-73.80003      64.25626 
-73.79644      64.25667 
-73.80026      64.25923 
-73.78961      64.26295 
-73.78701      64.2672 
-73.80246      64.27195 
-73.8105       64.27248 
-73.81768      64.2758 
-73.82533      64.28299 
-73.83678      64.28243 
-73.84378      64.27683 
-73.84314      64.27434 
-73.81547      64.26514 
-73.81876      64.26361 
-73.82634      64.26438 
-73.8275       64.26273 
-73.81621      64.25571 
-73.80003      64.25626 
 1             119 
1
 -9999.0   ,   9990.0 
 10 
-75.21615      64.25516 
-75.18882      64.25906 
-75.19856      64.26836 
-75.21675      64.27075 
-75.22441      64.26985 
-75.22861      64.26638 
-75.22573      64.2622 
-75.21686      64.26086 
-75.21923      64.2566 
-75.21615      64.25516 
 1             120 
1
 -9999.0   ,   9990.0 
 486 
-73.65901      64.60582 
-73.63019      64.60578 
-73.61993      64.61588 
-73.63485      64.62 
-73.63613      64.62292 
-73.63043      64.6257 
-73.64446      64.63261 
-73.66856      64.6308 
-73.68274      64.6361 
-73.68196      64.63935 
-73.67457      64.63968 
-73.64298      64.6352 
-73.6353       64.63647 
-73.63305      64.63818 
-73.6372       64.63982 
-73.64941      64.63948 
-73.65875      64.6489 
-73.64709      64.65562 
-73.63318      64.65558 
-73.63191      64.6543 
-73.63102      64.65338 
-73.64036      64.65227 
-73.64115      64.64903 
-73.63541      64.6454 
-73.62423      64.64135 
-73.59511      64.63603 
-73.58786      64.63271 
-73.59295      64.62743 
-73.58979      64.62551 
-73.5738       64.62351 
-73.57265      64.62103 
-73.58093      64.61151 
-73.57478      64.60399 
-73.58346      64.60245 
-73.58642      64.59935 
-73.57495      64.59826 
-73.57333      64.59684 
-73.57221      64.59586 
-73.5836       64.59236 
-73.58768      64.58736 
-73.58601      64.58286 
-73.58193      64.58145 
-73.55196      64.581 
-73.53665      64.58581 
-73.526        64.58586 
-73.5202       64.59046 
-73.50139      64.592 
-73.4913       64.5943 
-73.48617      64.59728 
-73.49443      64.60698 
-73.4924       64.61165 
-73.48495      64.61176 
-73.47847      64.60931 
-73.47203      64.60914 
-73.46487      64.61473 
-73.4504       64.61446 
-73.42591      64.6016 
-73.43207      64.59817 
-73.43528      64.59638 
-73.43401      64.59116 
-73.44438      64.59001 
-73.45548      64.5918 
-73.46545      64.59112 
-73.46983      64.58726 
-73.45315      64.5823 
-73.44601      64.57712 
-73.43484      64.57716 
-73.40394      64.57283 
-73.39195      64.56513 
-73.38163      64.56215 
-73.38208      64.55961 
-73.38666      64.55873 
-73.38817      64.55178 
-73.39717      64.55161 
-73.40236      64.54886 
-73.41547      64.54805 
-73.42761      64.54543 
-73.4304       64.55035 
-73.44002      64.55701 
-73.45164      64.56295 
-73.45524      64.56479 
-73.46825      64.56786 
-73.51485      64.56461 
-73.53416      64.56945 
-73.5436       64.56879 
-73.5464       64.56293 
-73.55768      64.56333 
-73.56523      64.55726 
-73.57228      64.55991 
-73.58691      64.55878 
-73.59415      64.55158 
-73.60158      64.55146 
-73.61401      64.55431 
-73.62086      64.554 
-73.62279      64.54475 
-73.6159       64.54278 
-73.59363      64.54312 
-73.58265      64.5418 
-73.5759       64.53823 
-73.5775       64.53608 
-73.58995      64.53752 
-73.59448      64.53805 
-73.6226       64.53766 
-73.64006      64.53937 
-73.64837      64.53646 
-73.65795      64.54059 
-73.65681      64.54248 
-73.64716      64.54431 
-73.6615       64.55257 
-73.67771      64.55136 
-73.68146      64.54728 
-73.6791       64.54213 
-73.66273      64.528 
-73.66893      64.52725 
-73.67814      64.53003 
-73.68196      64.52825 
-73.67585      64.51891 
-73.68493      64.51276 
-73.67142      64.50561 
-73.66186      64.50353 
-73.65542      64.50398 
-73.64148      64.50495 
-73.63575      64.49697 
-73.62928      64.49658 
-73.62226      64.49828 
-73.61348      64.49503 
-73.60066      64.49906 
-73.56066      64.49633 
-73.56032      64.49496 
-73.58146      64.4924 
-73.59905      64.48836 
-73.60778      64.4914 
-73.61186      64.49076 
-73.60463      64.4746 
-73.61079      64.46951 
-73.60592      64.46492 
-73.5989       64.46228 
-73.58224      64.46785 
-73.5772       64.46465 
-73.58131      64.45988 
-73.57476      64.45492 
-73.57521      64.45032 
-73.5575       64.44313 
-73.55584      64.44068 
-73.56975      64.44118 
-73.58038      64.44551 
-73.58631      64.44591 
-73.5988       64.44281 
-73.60298      64.44468 
-73.59618      64.44935 
-73.59623      64.45163 
-73.6045       64.45285 
-73.62245      64.4589 
-73.62633      64.45321 
-73.64422      64.4526 
-73.65846      64.44805 
-73.66622      64.4431 
-73.66656      64.43392 
-73.67541      64.43328 
-73.67815      64.43155 
-73.67438      64.42921 
-73.65256      64.42321 
-73.65161      64.42295 
-73.63768      64.40345 
-73.6388       64.40156 
-73.65826      64.40523 
-73.66036      64.40307 
-73.65111      64.39366 
-73.6364       64.38565 
-73.64898      64.37887 
-73.63263      64.37276 
-73.6391       64.36903 
-73.65629      64.36799 
-73.65938      64.36556 
-73.65278      64.36245 
-73.66013      64.35591 
-73.65235      64.35444 
-73.64028      64.35478 
-73.62911      64.35026 
-73.61978      64.34887 
-73.6091       64.35051 
-73.6083       64.34943 
-73.60748      64.3483 
-73.61386      64.34205 
-73.63251      64.34483 
-73.63945      64.33878 
-73.65539      64.33918 
-73.66352      64.33788 
-73.6629       64.33541 
-73.6509       64.3339 
-73.65463      64.32983 
-73.64305      64.31732 
-73.61062      64.3122 
-73.59648      64.31263 
-73.58776      64.31785 
-73.57916      64.31092 
-73.57191      64.3115 
-73.57015      64.315 
-73.56486      64.31708 
-73.54961      64.31733 
-73.54633      64.32115 
-73.53465      64.32512 
-73.53691      64.32791 
-73.53768      64.32888 
-73.55663      64.32433 
-73.56009      64.32555 
-73.57135      64.32411 
-73.57574      64.32688 
-73.57183      64.33026 
-73.5616       64.33372 
-73.57646      64.3383 
-73.57858      64.3405 
-73.57723      64.34352 
-73.57206      64.344 
-73.5554       64.3386 
-73.54518      64.33998 
-73.53796      64.34282 
-73.53956      64.34504 
-73.55817      64.34761 
-73.56353      64.35218 
-73.56067      64.35345 
-73.53689      64.35135 
-73.52939      64.35306 
-73.51283      64.36093 
-73.50901      64.36476 
-73.5095       64.36886 
-73.51787      64.37283 
-73.525        64.36856 
-73.53031      64.36538 
-73.5348       64.35785 
-73.54129      64.35847 
-73.54678      64.36142 
-73.54872      64.36499 
-73.54169      64.36646 
-73.5438       64.37071 
-73.53015      64.37112 
-73.52779      64.37443 
-73.52882      64.37645 
-73.5412       64.37518 
-73.55227      64.37719 
-73.55441      64.37938 
-73.54341      64.38195 
-73.5438       64.38354 
-73.55633      64.38502 
-73.5403       64.3908 
-73.55246      64.40145 
-73.56498      64.40065 
-73.56023      64.40498 
-73.5459       64.40702 
-73.52891      64.4133 
-73.5251       64.42356 
-73.52414      64.42326 
-73.5102       64.41897 
-73.50615      64.4219 
-73.51406      64.42818 
-73.5132       64.43119 
-73.49711      64.42826 
-73.49416      64.43138 
-73.49779      64.43533 
-73.49595      64.43862 
-73.48873      64.43941 
-73.48594      64.4432 
-73.49356      64.45041 
-73.49591      64.45786 
-73.48871      64.46093 
-73.48545      64.46703 
-73.49318      64.47263 
-73.48198      64.47887 
-73.4834       64.48247 
-73.49256      64.48296 
-73.49551      64.48855 
-73.51453      64.49455 
-73.51172      64.50041 
-73.5041       64.50396 
-73.49575      64.50457 
-73.47328      64.50399 
-73.4605       64.49955 
-73.45212      64.50221 
-73.43968      64.50345 
-73.42681      64.50083 
-73.41851      64.50166 
-73.41146      64.50541 
-73.41333      64.50876 
-73.39615      64.51458 
-73.37518      64.51803 
-73.34656      64.51839 
-73.32138      64.52638 
-73.28541      64.53163 
-73.27811      64.53447 
-73.286        64.54155 
-73.28201      64.54415 
-73.26583      64.53868 
-73.26276      64.53926 
-73.28613      64.55242 
-73.28428      64.56029 
-73.29349      64.56538 
-73.29685      64.57051 
-73.28726      64.58831 
-73.29162      64.59316 
-73.3126       64.60505 
-73.31089      64.60902 
-73.3168       64.61585 
-73.30925      64.62214 
-73.31409      64.62673 
-73.33721      64.63624 
-73.34076      64.63768 
-73.3365       64.63993 
-73.32228      64.63851 
-73.32265      64.64673 
-73.30743      64.6545 
-73.28303      64.65968 
-73.27268      64.65442 
-73.28581      64.64903 
-73.29405      64.63883 
-73.2927       64.63545 
-73.27798      64.63862 
-73.26899      64.63901 
-73.26275      64.63746 
-73.26166      64.63661 
-73.25945      64.63485 
-73.26746      64.63038 
-73.26798      64.62807 
-73.25772      64.6276 
-73.25348      64.61429 
-73.25536      64.611 
-73.26431      64.60603 
-73.27558      64.59295 
-73.2744       64.59025 
-73.25193      64.58986 
-73.23645      64.58756 
-73.21467      64.58783 
-73.20745      64.59111 
-73.19263      64.60733 
-73.1845       64.61135 
-73.1692       64.612 
-73.16271      64.61388 
-73.15808      64.6214 
-73.154        64.6154 
-73.15774      64.6109 
-73.16866      64.60516 
-73.15967      64.60096 
-73.1604       64.59498 
-73.17221      64.59081 
-73.17181      64.57778 
-73.14719      64.57953 
-73.13437      64.57711 
-73.15251      64.57495 
-73.16061      64.56866 
-73.17295      64.56446 
-73.19518      64.56167 
-73.22964      64.56108 
-73.23316      64.55795 
-73.24422      64.55748 
-73.24972      64.55151 
-73.25898      64.5502 
-73.26196      64.54708 
-73.25173      64.54204 
-73.2441       64.53458 
-73.27355      64.5198 
-73.27121      64.5167 
-73.2733       64.51203 
-73.27735      64.51041 
-73.28105      64.50893 
-73.30109      64.50828 
-73.30171      64.49978 
-73.30643      64.49728 
-73.31941      64.49602 
-73.34265      64.49773 
-73.3521       64.50166 
-73.37494      64.50385 
-73.38875      64.50163 
-73.38668      64.48867 
-73.40908      64.48034 
-73.41133      64.47428 
-73.42055      64.47296 
-73.42367      64.47052 
-73.42171      64.46466 
-73.42696      64.45572 
-73.42417      64.45081 
-73.41161      64.44932 
-73.41012      64.44756 
-73.41468      64.44231 
-73.434        64.43892 
-73.44258      64.44586 
-73.44401      64.4458 
-73.4494       64.44555 
-73.45475      64.43272 
-73.44625      64.4283 
-73.44616      64.42578 
-73.46078      64.42053 
-73.45451      64.41441 
-73.4582       64.4122 
-73.46855      64.41331 
-73.48118      64.40221 
-73.48001      64.39746 
-73.46375      64.38721 
-73.45008      64.38325 
-73.44388      64.37735 
-73.42844      64.37256 
-73.42599      64.36901 
-73.41407      64.36566 
-73.40426      64.35786 
-73.4006       64.35803 
-73.39605      64.36328 
-73.39226      64.36219 
-73.38357      64.35971 
-73.37369      64.36038 
-73.35475      64.37176 
-73.35916      64.38347 
-73.34966      64.38801 
-73.3453       64.40286 
-73.34115      64.40763 
-73.33565      64.40901 
-73.33018      64.40605 
-73.33353      64.40018 
-73.32468      64.39416 
-73.29857      64.38228 
-73.29208      64.38165 
-73.27452      64.37007 
-73.25475      64.36248 
-73.2481       64.35888 
-73.25328      64.3495 
-73.2585       64.34928 
-73.26658      64.3544 
-73.27348      64.36348 
-73.28008      64.36456 
-73.29221      64.37112 
-73.29912      64.37791 
-73.3254       64.38613 
-73.32958      64.38365 
-73.32743      64.3636 
-73.32975      64.35343 
-73.34759      64.34851 
-73.34906      64.34365 
-73.34495      64.3397 
-73.34986      64.33175 
-73.36186      64.33757 
-73.37022      64.33719 
-73.37103      64.32961 
-73.37731      64.32498 
-73.37525      64.32301 
-73.36991      64.32477 
-73.36789      64.32311 
-73.38174      64.3083 
-73.38341      64.2977 
-73.37966      64.29305 
-73.37292      64.29795 
-73.36198      64.29408 
-73.34678      64.29225 
-73.35555      64.28705 
-73.35268      64.28168 
-73.35565      64.28086 
-73.36813      64.28236 
-73.38002      64.27267 
-73.36338      64.26131 
-73.3392       64.25391 
-73.328        64.25326 
-73.27983      64.25656 
-73.26726      64.2546 
-73.25418      64.25495 
-73.24555      64.25854 
-73.24993      64.2659 
-73.2435       64.27442 
-73.25251      64.28363 
-73.26203      64.28826 
-73.2697       64.29615 
-73.27596      64.29815 
-73.29532      64.29753 
-73.30313      64.30152 
-73.31655      64.30252 
-73.31076      64.30707 
-73.30545      64.31126 
-73.25671      64.29923 
-73.24925      64.29888 
-73.23705      64.30079 
-73.23376      64.30255 
-73.23691      64.30469 
-73.25212      64.30883 
-73.25151      64.31296 
-73.24746      64.31589 
-73.23529      64.31575 
-73.21475      64.32488 
-73.21285      64.33251 
-73.21035      64.33308 
-73.20217      64.3275 
-73.18954      64.32988 
 1             121 
1
 -9999.0   ,   9990.0 
 7 
-77.21087      64.25093 
-77.20881      64.25246 
-77.21346      64.2549 
-77.23791      64.25358 
-77.23886      64.25051 
-77.23316      64.24955 
-77.21087      64.25093 
 1             122 
1
 -9999.0   ,   9990.0 
 7 
-76.29885      64.249 
-76.29188      64.25175 
-76.31025      64.25583 
-76.32495      64.25094 
-76.3172       64.24846 
-76.3103       64.25145 
-76.29885      64.249 
 1             123 
1
 -9999.0   ,   9990.0 
 10 
-73.60135      64.24738 
-73.59243      64.24963 
-73.58051      64.25041 
-73.57769      64.25605 
-73.56706      64.25563 
-73.56023      64.26211 
-73.56208      64.26318 
-73.60096      64.25221 
-73.60423      64.24839 
-73.60135      64.24738 
 1             124 
1
 -9999.0   ,   9990.0 
 8 
-73.79256      64.24357 
-73.77985      64.24533 
-73.77533      64.24433 
-73.77806      64.24862 
-73.78817      64.24905 
-73.7939       64.2529 
-73.79961      64.25056 
-73.79256      64.24357 
 1             125 
1
 -9999.0   ,   9990.0 
 38 
-73.4484       64.24187 
-73.42547      64.25367 
-73.4244       64.25578 
-73.42415      64.26563 
-73.42958      64.27065 
-73.44535      64.27268 
-73.43581      64.27677 
-73.43827      64.27826 
-73.45407      64.27823 
-73.46448      64.28416 
-73.47595      64.28364 
-73.48237      64.28838 
-73.50988      64.29307 
-73.5186       64.29633 
-73.5282       64.2968 
-73.53332      64.29405 
-73.52316      64.2849 
-73.527        64.279 
-73.53763      64.27301 
-73.53772      64.2699 
-73.53781      64.26728 
-73.54251      64.265 
-73.55065      64.266 
-73.55268      64.26133 
-73.54623      64.2566 
-73.55238      64.24738 
-73.54848      64.24436 
-73.54207      64.24396 
-73.53546      64.25778 
-73.53095      64.25867 
-73.52241      64.25609 
-73.51673      64.25865 
-73.50013      64.25758 
-73.49499      64.25163 
-73.47581      64.25068 
-73.46855      64.25331 
-73.45405      64.24779 
-73.4484       64.24187 
 1             126 
1
 -9999.0   ,   9990.0 
 14 
-73.80493      64.24046 
-73.79828      64.24123 
-73.80748      64.2463 
-73.81071      64.25071 
-73.82663      64.25727 
-73.83691      64.25838 
-73.85353      64.25734 
-73.8582       64.25505 
-73.84447      64.24473 
-73.83348      64.24503 
-73.82793      64.24186 
-73.81672      64.24126 
-73.81175      64.24242 
-73.80493      64.24046 
 1             127 
1
 -9999.0   ,   9990.0 
 8 
-73.35961      64.23583 
-73.35128      64.24055 
-73.36322      64.24871 
-73.36745      64.2444 
-73.37876      64.2455 
-73.3814       64.24331 
-73.36711      64.23641 
-73.35961      64.23583 
 1             128 
1
 -9999.0   ,   9990.0 
 18 
-74.02998      64.23514 
-74.04123      64.23985 
-74.03177      64.24192 
-74.04418      64.24703 
-74.02988      64.25668 
-74.03226      64.25771 
-74.04363      64.25485 
-74.05853      64.25342 
-74.0633       64.24951 
-74.06061      64.24736 
-74.06737      64.24702 
-74.0726       64.24882 
-74.07268      64.24125 
-74.06326      64.2415 
-74.0624       64.23627 
-74.05892      64.23507 
-74.04629      64.23708 
-74.02998      64.23514 
 1             129 
1
 -9999.0   ,   9990.0 
 13 
-73.70931      64.23085 
-73.70538      64.23195 
-73.72448      64.24295 
-73.71568      64.24771 
-73.71712      64.24925 
-73.72799      64.2485 
-73.73673      64.24144 
-73.72865      64.23862 
-73.73334      64.23635 
-73.73196      64.23296 
-73.72676      64.23115 
-73.71648      64.2321 
-73.70931      64.23085 
 1             130 
1
 -9999.0   ,   9990.0 
 31 
-73.19476      64.22806 
-73.1855       64.22893 
-73.18311      64.23223 
-73.17541      64.23303 
-73.16358      64.22965 
-73.15386      64.23077 
-73.15048      64.23663 
-73.14225      64.23974 
-73.14174      64.24662 
-73.1543       64.25088 
-73.1615       64.25698 
-73.17834      64.2615 
-73.18125      64.25816 
-73.18578      64.2573 
-73.2006       64.25983 
-73.20955      64.2599 
-73.21213      64.26642 
-73.22006      64.26881 
-73.22355      64.26798 
-73.22819      64.25633 
-73.23395      64.25173 
-73.2194       64.24803 
-73.21565      64.24545 
-73.22068      64.23996 
-73.21897      64.23912 
-73.21472      64.23703 
-73.22528      64.23496 
-73.23151      64.2301 
-73.21808      64.22887 
-73.20705      64.23118 
-73.19476      64.22806 
 1             131 
1
 -9999.0   ,   9990.0 
 8 
-73.86788      64.22526 
-73.86598      64.22605 
-73.87333      64.23416 
-73.88489      64.23406 
-73.88868      64.22837 
-73.8936       64.22698 
-73.8911       64.2255 
-73.86788      64.22526 
 1             132 
1
 -9999.0   ,   9990.0 
 23 
-73.59739      64.21872 
-73.59818      64.2219 
-73.60502      64.22615 
-73.63556      64.22838 
-73.63861      64.23006 
-73.62673      64.2352 
-73.62856      64.24038 
-73.62051      64.24191 
-73.61766      64.24524 
-73.61955      64.24653 
-73.63009      64.24443 
-73.64147      64.24573 
-73.64477      64.2442 
-73.64498      64.2387 
-73.6567       64.24135 
-73.66921      64.23458 
-73.66368      64.23346 
-73.65609      64.23473 
-73.65232      64.22598 
-73.62233      64.21961 
-73.61498      64.22179 
-73.60519      64.21836 
-73.59739      64.21872 
 1             133 
1
 -9999.0   ,   9990.0 
 22 
-73.82466      64.21683 
-73.8197       64.21798 
-73.82456      64.22256 
-73.81191      64.22248 
-73.81075      64.22621 
-73.80041      64.22693 
-73.81001      64.22945 
-73.80683      64.23143 
-73.801        64.23126 
-73.79695      64.23397 
-73.80233      64.23646 
-73.81596      64.23626 
-73.82602      64.23852 
-73.83805      64.23817 
-73.83798      64.23588 
-73.83065      64.23188 
-73.83445      64.23033 
-73.84033      64.23072 
-73.83981      64.2287 
-73.83213      64.2254 
-73.83496      64.22206 
-73.82466      64.21683 
 1             134 
1
 -9999.0   ,   9990.0 
 11 
-73.70624      64.21656 
-73.6996       64.21733 
-73.69791      64.22108 
-73.69358      64.22266 
-73.70067      64.22576 
-73.7255       64.22823 
-73.73053      64.22731 
-73.73105      64.22522 
-73.72176      64.22177 
-73.71021      64.2198 
-73.70624      64.21656 
 1             135 
1
 -9999.0   ,   9990.0 
 9 
-73.85676      64.21276 
-73.85278      64.21363 
-73.85423      64.21723 
-73.86151      64.221 
-73.87006      64.22149 
-73.87935      64.21875 
-73.87719      64.21244 
-73.86426      64.21536 
-73.85676      64.21276 
 1             136 
1
 -9999.0   ,   9990.0 
 42 
-76.61133      64.21231 
-76.60288      64.21818 
-76.59781      64.22613 
-76.59766      64.23305 
-76.56655      64.23632 
-76.55195      64.24285 
-76.5506       64.24501 
-76.57609      64.24811 
-76.58388      64.2462 
-76.5897       64.25202 
-76.60876      64.25788 
-76.60887      64.2611 
-76.60515      64.26249 
-76.62017      64.26884 
-76.62336      64.26448 
-76.64719      64.26584 
-76.65061      64.26216 
-76.63735      64.25775 
-76.63367      64.25284 
-76.63324      64.25228 
-76.6232       64.2509 
-76.63313      64.24468 
-76.64551      64.24521 
-76.64573      64.24727 
-76.63958      64.24931 
-76.6397       64.25253 
-76.64386      64.25523 
-76.67786      64.25543 
-76.68253      64.25373 
-76.68302      64.2507 
-76.67918      64.2489 
-76.6683       64.25103 
-76.66299      64.24955 
-76.66244      64.24658 
-76.68238      64.24313 
-76.68371      64.24098 
-76.66308      64.23525 
-76.64267      64.22283 
-76.6275       64.22041 
-76.63019      64.2147 
-76.62441      64.21186 
-76.61133      64.21231 
 1             137 
1
 -9999.0   ,   9990.0 
 7 
-73.79995      64.21276 
-73.79372      64.21512 
-73.7973       64.2209 
-73.77218      64.21318 
-73.77692      64.21111 
-73.79563      64.21021 
-73.79995      64.21276 
 1             138 
1
 -9999.0   ,   9990.0 
 17 
-74.0465       64.21003 
-74.03668      64.21075 
-74.04146      64.21486 
-74.0387       64.21638 
-74.0297       64.21613 
-74.02791      64.21737 
-74.03453      64.22048 
-74.0328       64.22194 
-74.02401      64.22055 
-74.01691      64.22159 
-74.01526      64.22328 
-74.02141      64.22663 
-74.02748      64.2277 
-74.04541      64.22383 
-74.04835      64.21703 
-74.0561       64.21253 
-74.0465       64.21003 
 1             139 
1
 -9999.0   ,   9990.0 
 11 
-73.09707      64.21013 
-73.0926       64.21353 
-73.09566      64.21546 
-73.10436      64.21668 
-73.1017       64.22343 
-73.10586      64.22553 
-73.11393      64.22404 
-73.11892      64.21833 
-73.11793      64.21403 
-73.11122      64.20998 
-73.09707      64.21013 
 1             140 
1
 -9999.0   ,   9990.0 
 6 
-73.63346      64.20306 
-73.62461      64.20555 
-73.64378      64.21288 
-73.64746      64.20858 
-73.64205      64.2038 
-73.63346      64.20306 
 1             141 
1
 -9999.0   ,   9990.0 
 13 
-73.86863      64.20641 
-73.81803      64.21142 
-73.80886      64.21668 
-73.80321      64.21152 
-73.80965      64.20748 
-73.81571      64.2065 
-73.82292      64.20798 
-73.8445       64.20396 
-73.84853      64.20124 
-73.85268      64.20105 
-73.85782      64.20565 
-73.86812      64.20433 
-73.86863      64.20641 
 1             142 
1
 -9999.0   ,   9990.0 
 11 
-73.53461      64.20081 
-73.52658      64.20874 
-73.53205      64.21605 
-73.54035      64.21771 
-73.54764      64.22173 
-73.55919      64.22165 
-73.56153      64.22039 
-73.55161      64.2101 
-73.542        64.20734 
-73.54106      64.2035 
-73.53461      64.20081 
 1             143 
1
 -9999.0   ,   9990.0 
 18 
-73.46831      64.1961 
-73.45929      64.20223 
-73.47052      64.20951 
-73.46237      64.21491 
-73.4673       64.21788 
-73.48247      64.21971 
-73.47906      64.21436 
-73.48416      64.21368 
-73.49048      64.2159 
-73.50045      64.21361 
-73.51057      64.21635 
-73.51491      64.21478 
-73.49853      64.20798 
-73.49611      64.20236 
-73.49058      64.20125 
-73.4784       64.20295 
-73.47246      64.1959 
-73.46831      64.1961 
 1             144 
1
 -9999.0   ,   9990.0 
 8 
-73.53776      64.1922 
-73.5352       64.1946 
-73.55243      64.20273 
-73.55653      64.20231 
-73.55618      64.1966 
-73.55296      64.19424 
-73.54293      64.19401 
-73.53776      64.1922 
 1             145 
1
 -9999.0   ,   9990.0 
 12 
-76.59731      64.18815 
-76.58963      64.19028 
-76.58783      64.1941 
-76.59103      64.1971 
-76.60998      64.20271 
-76.61618      64.20666 
-76.63043      64.20661 
-76.62783      64.19942 
-76.63456      64.1932 
-76.62731      64.1907 
-76.60636      64.19121 
-76.59731      64.18815 
 1             146 
1
 -9999.0   ,   9990.0 
 494 
-76.36843      64.35606 
-76.3714       64.35541 
-76.36556      64.34796 
-76.35418      64.34735 
-76.33998      64.34022 
-76.34793      64.33416 
-76.31635      64.33049 
-76.32096      64.32696 
-76.30627      64.32448 
-76.30572      64.32291 
-76.30911      64.322 
-76.32856      64.3218 
-76.33397      64.32173 
-76.3355       64.32001 
-76.33123      64.31846 
-76.3112       64.31886 
-76.28555      64.31686 
-76.26826      64.31755 
-76.2554       64.32023 
-76.24131      64.32093 
-76.22032      64.31401 
-76.21446      64.31393 
-76.20357      64.31925 
-76.19451      64.31455 
-76.16724      64.31241 
-76.16455      64.31074 
-76.16651      64.30877 
-76.18866      64.30687 
-76.21008      64.30133 
-76.2194       64.30371 
-76.22363      64.30067 
-76.22963      64.29958 
-76.23671      64.30165 
-76.24537      64.30063 
-76.23976      64.29823 
-76.22753      64.29811 
-76.22183      64.2955 
-76.22232      64.29386 
-76.23659      64.29522 
-76.24752      64.29311 
-76.25723      64.29663 
-76.25816      64.29473 
-76.24595      64.28861 
-76.25315      64.28492 
-76.27135      64.28695 
-76.27146      64.27819 
-76.27506      64.27635 
-76.28886      64.28096 
-76.29573      64.27935 
-76.29251      64.27473 
-76.2946       64.2716 
-76.3011       64.27048 
-76.31296      64.27108 
-76.32056      64.27311 
-76.31856      64.27646 
-76.30683      64.27471 
-76.30895      64.27779 
-76.31616      64.2817 
-76.3327       64.28446 
-76.34006      64.28931 
-76.35185      64.28968 
-76.34835      64.29476 
-76.35423      64.29643 
-76.3731       64.29426 
-76.37963      64.29475 
-76.392        64.29968 
-76.38973      64.30075 
-76.37286      64.30095 
-76.39311      64.30881 
-76.40276      64.3091 
-76.4066       64.31391 
-76.42471      64.31408 
-76.42544      64.3191 
-76.43339      64.32202 
-76.42808      64.32353 
-76.40126      64.3198 
-76.39519      64.32066 
-76.3956       64.32178 
-76.41356      64.3275 
-76.42605      64.32827 
-76.4393       64.3267 
-76.44153      64.32401 
-76.4398       64.31468 
-76.44422      64.3137 
-76.45703      64.31537 
-76.47201      64.30976 
-76.4887       64.30887 
-76.48736      64.30665 
-76.4797       64.30601 
-76.46585      64.30141 
-76.4515       64.30285 
-76.44856      64.30949 
-76.44465      64.31044 
-76.4434       64.31019 
-76.43951      64.3094 
-76.43878      64.30438 
-76.43328      64.30085 
-76.42422      64.30075 
-76.42757      64.30421 
-76.42346      64.3061 
-76.40843      64.30711 
-76.40373      64.30581 
-76.40603      64.30335 
-76.39993      64.29661 
-76.41041      64.29477 
-76.4095       64.29368 
-76.40204      64.2921 
-76.39307      64.28625 
-76.37036      64.28201 
-76.3614       64.27316 
-76.38278      64.26921 
-76.39637      64.27015 
-76.40449      64.26615 
-76.41298      64.27064 
-76.41951      64.27113 
-76.42408      64.2646 
-76.43871      64.26846 
-76.44519      64.26665 
-76.44738      64.26603 
-76.45348      64.26678 
-76.45611      64.26821 
-76.45496      64.27243 
-76.45811      64.27383 
-76.47645      64.27468 
-76.4852       64.26948 
-76.49166      64.26974 
-76.49716      64.27328 
-76.49721      64.2779 
-76.50402      64.28503 
-76.4943       64.28752 
-76.49129      64.29096 
-76.50119      64.2949 
-76.49802      64.29787 
-76.51931      64.29805 
-76.52758      64.30186 
-76.54036      64.30492 
-76.54705      64.30285 
-76.56053      64.30193 
-76.56196      64.29563 
-76.57083      64.29225 
-76.58083      64.29203 
-76.5874       64.2955 
-76.57909      64.30483 
-76.58055      64.30572 
-76.5859       64.30897 
-76.59801      64.3116 
-76.60078      64.3105 
-76.59711      64.30475 
-76.59827      64.29476 
-76.6052       64.28899 
-76.62103      64.28585 
-76.60995      64.28015 
-76.61197      64.27839 
-76.6349       64.27728 
-76.65823      64.28306 
-76.69068      64.28036 
-76.69306      64.2825 
-76.68885      64.28695 
-76.67312      64.28895 
-76.66822      64.29297 
-76.68106      64.29901 
-76.68083      64.30133 
-76.68476      64.30336 
-76.69866      64.30217 
-76.72808      64.29115 
-76.73185      64.28698 
-76.72509      64.27868 
-76.72856      64.26646 
-76.72635      64.26476 
-76.71741      64.26355 
-76.7154       64.26091 
-76.72628      64.25301 
-76.72376      64.24904 
-76.70648      64.2424 
-76.70445      64.23539 
-76.69445      64.22686 
-76.68735      64.22481 
-76.68226      64.2254 
-76.68715      64.23151 
-76.68486      64.23398 
-76.67357      64.23061 
-76.64493      64.21737 
-76.64851      64.21413 
-76.66668      64.21368 
-76.6695       64.2136 
-76.6721       64.21205 
-76.66185      64.2086 
-76.66739      64.20638 
-76.66586      64.2051 
-76.64028      64.20455 
-76.63815      64.19871 
-76.64736      64.19347 
-76.64201      64.19038 
-76.64567      64.18736 
-76.6571       64.18681 
-76.67381      64.19349 
-76.67913      64.19358 
-76.68428      64.18885 
-76.6903       64.18936 
-76.69966      64.19331 
-76.70606      64.19057 
-76.70998      64.19261 
-76.71255      64.19819 
-76.70235      64.20212 
-76.7079       64.20427 
-76.71632      64.20415 
-76.72834      64.1994 
-76.73651      64.1986 
-76.75306      64.20045 
-76.76023      64.19833 
-76.76351      64.20079 
-76.76898      64.20488 
-76.76315      64.2092 
-76.76415      64.2119 
-76.7568       64.21495 
-76.76572      64.21616 
-76.77568      64.22308 
-76.77801      64.22222 
-76.77499      64.21115 
-76.78361      64.2087 
-76.77876      64.20558 
-76.78287      64.20091 
-76.78908      64.19909 
-76.79511      64.20397 
-76.80541      64.20465 
-76.82415      64.20517 
-76.8265       64.20293 
-76.83104      64.20238 
-76.83259      64.20942 
-76.81585      64.21567 
-76.80683      64.21561 
-76.80478      64.22013 
-76.78875      64.22978 
-76.7874       64.23333 
-76.79558      64.23326 
-76.79902      64.23321 
-76.8048       64.23165 
-76.80892      64.2256 
-76.8194       64.22671 
-76.82681      64.22528 
-76.82762      64.22891 
-76.82423      64.2326 
-76.82833      64.23508 
-76.83477      64.23532 
-76.84403      64.2303 
-76.8602       64.23815 
-76.85543      64.2424 
-76.87363      64.25312 
-76.87635      64.24877 
-76.8724       64.24098 
-76.87796      64.2346 
-76.89077      64.23485 
-76.90062      64.23992 
-76.91186      64.24305 
-76.91604      64.24713 
-76.92467      64.24468 
-76.93207      64.24461 
-76.93587      64.25256 
-76.93698      64.25488 
-76.941        64.25713 
-76.95941      64.25951 
-76.96444      64.26585 
-76.96175      64.26858 
-76.98581      64.27748 
-76.98566      64.27426 
-76.97777      64.26883 
-76.98151      64.26187 
-76.97096      64.25778 
-76.96781      64.25225 
-76.97145      64.24921 
-76.98006      64.24675 
-76.98815      64.2471 
-76.99167      64.24938 
-77.00338      64.24948 
-77.00628      64.25296 
-77.00453      64.25678 
-77.01226      64.26038 
-77.0207       64.26024 
-77.02391      64.2547 
-77.02994      64.25521 
-77.05436      64.26221 
-77.05675      64.26712 
-77.08628      64.26939 
-77.10357      64.27991 
-77.11203      64.27838 
-77.11934      64.28086 
-77.11851      64.28177 
-77.11711      64.28333 
-77.10589      64.28598 
-77.11872      64.29036 
-77.12018      64.29695 
-77.13458      64.29985 
-77.13776      64.2943 
-77.14837      64.29423 
-77.14993      64.29273 
-77.14665      64.28558 
-77.16078      64.28502 
-77.16545      64.28053 
-77.18086      64.27918 
-77.19991      64.28311 
-77.2112       64.28345 
-77.21705      64.28073 
-77.2298       64.27933 
-77.23358      64.27675 
-77.23485      64.26905 
-77.24174      64.269 
-77.24597      64.27168 
-77.25122      64.27153 
-77.27205      64.26632 
-77.27573      64.26075 
-77.28646      64.25557 
-77.30257      64.25791 
-77.30335      64.25803 
-77.31717      64.25125 
-77.32817      64.24951 
-77.32582      64.24485 
-77.34311      64.24426 
-77.33776      64.24142 
-77.3394       64.24015 
-77.35213      64.24151 
-77.35803      64.23761 
-77.36711      64.24318 
-77.36716      64.24871 
-77.3759       64.25476 
-77.37466      64.26248 
-77.36618      64.26795 
-77.36008      64.26863 
-77.3557       64.27103 
-77.36825      64.27865 
-77.36761      64.28516 
-77.37918      64.29701 
-77.37677      64.29903 
-77.36464      64.302 
-77.36095      64.30482 
-77.36408      64.30736 
-77.38938      64.29995 
-77.39233      64.29396 
-77.40784      64.29281 
-77.4139       64.28659 
-77.41967      64.2864 
-77.42885      64.28941 
-77.44397      64.28598 
-77.44968      64.28833 
-77.45344      64.29245 
-77.4515       64.30366 
-77.45433      64.30614 
-77.45637      64.30793 
-77.45285      64.3098 
-77.43885      64.30668 
-77.42785      64.29364 
-77.42008      64.29283 
-77.41493      64.2946 
-77.41375      64.30508 
-77.40261      64.30383 
-77.39616      64.30776 
-77.39591      64.31794 
-77.4002       64.32478 
-77.40547      64.32601 
-77.4134       64.33258 
-77.42223      64.33609 
-77.42758      64.33615 
-77.43438      64.33311 
-77.4368       64.32577 
-77.43183      64.3199 
-77.43274      64.31683 
-77.43772      64.31461 
-77.44618      64.31446 
-77.45182      64.31796 
-77.46072      64.31892 
-77.46367      64.31665 
-77.46602      64.31483 
-77.48833      64.31201 
-77.49665      64.31416 
-77.48306      64.31887 
-77.48968      64.32346 
-77.48938      64.32671 
-77.49571      64.32925 
-77.51311      64.31409 
-77.52596      64.3129 
-77.53207      64.30551 
-77.53755      64.30326 
-77.54051      64.30535 
-77.53755      64.31526 
-77.52666      64.32 
-77.51465      64.3313 
-77.51223      64.33864 
-77.50138      64.33945 
-77.499        64.34286 
-77.48558      64.34801 
-77.49448      64.35567 
-77.51401      64.35515 
-77.51654      64.35749 
-77.53378      64.35389 
-77.53837      64.35471 
-77.5418       64.3593 
-77.5477       64.3607 
-77.55931      64.35637 
-77.58337      64.35918 
-77.59267      64.36242 
-77.59516      64.36593 
-77.59341      64.37091 
-77.58248      64.3796 
-77.59285      64.37881 
-77.60028      64.3734 
-77.61594      64.37384 
-77.61411      64.36798 
-77.62916      64.36822 
-77.63761      64.37197 
-77.62683      64.37302 
-77.62483      64.38265 
-77.62823      64.38447 
-77.64073      64.38237 
-77.64527      64.38434 
-77.65094      64.39176 
-77.6573       64.39429 
-77.66198      64.39395 
-77.66403      64.38848 
-77.65938      64.38489 
-77.66348      64.38181 
-77.65721      64.36633 
-77.64243      64.36145 
-77.63691      64.357 
-77.64421      64.34998 
-77.63385      64.34938 
-77.63333      64.34549 
-77.63823      64.33911 
-77.64595      64.33576 
-77.65778      64.33601 
-77.65816      64.32906 
-77.66182      64.32623 
-77.67305      64.32631 
-77.67381      64.32163 
-77.67963      64.31888 
-77.69379      64.32358 
-77.69279      64.33821 
-77.70296      64.33699 
-77.70855      64.33633 
-77.72744      64.34344 
-77.73231      64.34099 
-77.73423      64.32998 
-77.7377       64.32671 
-77.74418      64.32691 
-77.75391      64.33773 
-77.75         64.34773 
-77.75383      64.34928 
-77.76427      64.34872 
-77.76718      64.34017 
-77.77357      64.34015 
-77.78         64.34545 
-77.7882       64.3485 
-77.78326      64.35212 
-77.79415      64.35916 
-77.78806      64.36516 
-77.78886      64.36972 
-77.79484      64.3739 
-77.8049       64.37497 
-77.81465      64.374 
-77.81959      64.37601 
-77.82748      64.37925 
-77.83577      64.37861 
-77.83631      64.37603 
-77.82722      64.3721 
-77.82753      64.36376 
-77.83304      64.36287 
-77.8367       64.36398 
-77.84983      64.37383 
-77.85855      64.36646 
-77.8581       64.35886 
-77.86313      64.35685 
-77.87025      64.36115 
-77.87036      64.36531 
-77.87703      64.36595 
-77.88824      64.3711 
-77.87777      64.37422 
-77.88161      64.37577 
-77.8892       64.37473 
-77.89375      64.3767 
-77.88271      64.38101 
-77.88448      64.38272 
-77.89648      64.38457 
-77.8937       64.38686 
-77.88338      64.38814 
-77.90178      64.3948 
-77.90196      64.3955 
-77.9038       64.40228 
-77.89266      64.40638 
-77.89043      64.41001 
-77.8777       64.40383 
-77.8724       64.40262 
-77.86004      64.4038 
-77.85128      64.39938 
-77.84818      64.40356 
-77.83588      64.41005 
-77.83676      64.41738 
 1             147 
1
 -9999.0   ,   9990.0 
 14 
-73.19431      64.18553 
-73.16945      64.196 
-73.1772       64.19773 
-73.17945      64.20288 
-73.18773      64.20915 
-73.20677      64.21198 
-73.22622      64.20975 
-73.2263       64.20333 
-73.21579      64.20334 
-73.21173      64.2017 
-73.21328      64.19705 
-73.20343      64.19313 
-73.19967      64.18598 
-73.19431      64.18553 
 1             148 
1
 -9999.0   ,   9990.0 
 21 
-73.58391      64.177 
-73.58159      64.17645 
-73.57975      64.17925 
-73.58345      64.18573 
-73.58259      64.19081 
-73.58948      64.19528 
-73.58692      64.1977 
-73.5802       64.19596 
-73.57261      64.19081 
-73.56896      64.19303 
-73.57473      64.1994 
-73.56613      64.20713 
-73.56876      64.2093 
-73.59073      64.21308 
-73.59561      64.20942 
-73.59576      64.20368 
-73.61172      64.20019 
-73.6111       64.1977 
-73.59603      64.192 
-73.58953      64.18063 
-73.58391      64.177 
 1             149 
1
 -9999.0   ,   9990.0 
 30 
-76.4848       64.17506 
-76.48116      64.17968 
-76.48933      64.18627 
-76.4777       64.18775 
-76.48078      64.19192 
-76.47313      64.19866 
-76.48431      64.20481 
-76.48203      64.21026 
-76.49647      64.21366 
-76.50308      64.21736 
-76.49588      64.2342 
-76.50055      64.2369 
-76.5263       64.23929 
-76.53985      64.23721 
-76.55755      64.23048 
-76.58037      64.22916 
-76.58272      64.21726 
-76.58336      64.21398 
-76.57136      64.20858 
-76.58266      64.2062 
-76.57008      64.19622 
-76.55518      64.19448 
-76.54621      64.2004 
-76.53653      64.19851 
-76.54377      64.19363 
-76.52966      64.19114 
-76.51705      64.18693 
-76.50717      64.18 
-76.49115      64.1751 
-76.4848       64.17506 
 1             150 
1
 -9999.0   ,   9990.0 
 13 
-73.75209      64.17338 
-73.74598      64.17413 
-73.74227      64.18438 
-73.7455       64.18881 
-73.7546       64.19158 
-73.75922      64.18906 
-73.75398      64.18497 
-73.75634      64.18394 
-73.76746      64.18844 
-73.7741       64.18766 
-73.78039      64.18346 
-73.7609       64.17914 
-73.75209      64.17338 
 1             151 
1
 -9999.0   ,   9990.0 
 20 
-73.63743      64.18318 
-73.64809      64.18588 
-73.65075      64.18393 
-73.64716      64.17586 
-73.64176      64.17313 
-73.63195      64.17383 
-73.6296       64.18126 
-73.62712      64.18184 
-73.61268      64.17657 
-73.60553      64.17736 
-73.60273      64.18093 
-73.60968      64.18563 
-73.61992      64.18881 
-73.61772      64.19052 
-73.60353      64.1905 
-73.61889      64.19733 
-73.63081      64.19242 
-73.64516      64.19313 
-73.64473      64.18925 
-73.63743      64.18318 
 1             152 
1
 -9999.0   ,   9990.0 
 8 
-72.94768      64.17855 
-72.97338      64.18318 
-72.9795       64.18246 
-72.97964      64.17605 
-72.96285      64.169 
-72.94036      64.17154 
-72.94303      64.17646 
-72.94768      64.17855 
 1             153 
1
 -9999.0   ,   9990.0 
 6 
-73.70443      64.16765 
-73.68615      64.17218 
-73.68758      64.17371 
-73.70195      64.1744 
-73.71301      64.1725 
-73.70443      64.16765 
 1             154 
1
 -9999.0   ,   9990.0 
 11 
-73.42561      64.16715 
-73.41962      64.17063 
-73.40752      64.1705 
-73.40438      64.1727 
-73.41465      64.17612 
-73.41786      64.18078 
-73.43342      64.17778 
-73.4346       64.17613 
-73.42547      64.17311 
-73.42962      64.16856 
-73.42561      64.16715 
 1             155 
1
 -9999.0   ,   9990.0 
 6 
-72.93809      64.15906 
-72.92588      64.16072 
-72.92641      64.1655 
-72.94873      64.16684 
-72.94926      64.16455 
-72.93809      64.15906 
 1             156 
1
 -9999.0   ,   9990.0 
 35 
-76.56984      64.1603 
-76.56407      64.16485 
-76.544        64.16483 
-76.53949      64.16698 
-76.55586      64.17139 
-76.57632      64.17391 
-76.57388      64.17592 
-76.56232      64.17464 
-76.5536       64.17685 
-76.5505       64.18143 
-76.55336      64.18354 
-76.58295      64.18498 
-76.58388      64.18169 
-76.62628      64.1864 
-76.64         64.179 
-76.64785      64.18168 
-76.65376      64.18196 
-76.66148      64.17706 
-76.66791      64.1773 
-76.66405      64.18264 
-76.66676      64.18431 
-76.67436      64.18428 
-76.69106      64.18423 
-76.6968       64.17969 
-76.70586      64.17699 
-76.69631      64.17396 
-76.69382      64.1686 
-76.68673      64.16655 
-76.67455      64.16648 
-76.66491      64.15885 
-76.65881      64.1595 
-76.65898      64.16433 
-76.6418       64.16504 
-76.64061      64.1603 
-76.56984      64.1603 
 1             157 
1
 -9999.0   ,   9990.0 
 18 
-73.6392       64.15654 
-73.63205      64.15733 
-73.62918      64.1648 
-73.64311      64.16803 
-73.64615      64.17178 
-73.66026      64.17157 
-73.65754      64.17536 
-73.66387      64.17758 
-73.67151      64.17035 
-73.68806      64.16728 
-73.68865      64.16542 
-73.68121      64.1651 
-73.67669      64.15958 
-73.6666       64.1612 
-73.65751      64.15843 
-73.64763      64.16301 
-73.64388      64.16273 
-73.6392       64.15654 
 1             158 
1
 -9999.0   ,   9990.0 
 12 
-73.76335      64.15773 
-73.77026      64.1622 
-73.79198      64.16299 
-73.794        64.1606 
-73.78461      64.15876 
-73.78748      64.15564 
-73.7717       64.15755 
-73.76721      64.1564 
-73.76133      64.15393 
-73.75516      64.15445 
-73.75505      64.15606 
-73.76335      64.15773 
 1             159 
1
 -9999.0   ,   9990.0 
 7 
-73.66088      64.15094 
-73.65638      64.1539 
-73.65965      64.15649 
-73.68373      64.15626 
-73.683        64.15126 
-73.67119      64.15228 
-73.66088      64.15094 
 1             160 
1
 -9999.0   ,   9990.0 
 30 
-73.12103      64.14756 
-73.11563      64.14916 
-73.11953      64.15472 
-73.1173       64.1587 
-73.12825      64.16075 
-73.12591      64.16427 
-73.11148      64.16536 
-73.10738      64.17035 
-73.11231      64.17356 
-73.13314      64.17745 
-73.12722      64.18366 
-73.14454      64.19275 
-73.15171      64.19197 
-73.16141      64.18629 
-73.16089      64.17945 
-73.18961      64.17887 
-73.18258      64.17118 
-73.16591      64.17168 
-73.16144      64.1705 
-73.16923      64.16787 
-73.16751      64.16497 
-73.15995      64.16156 
-73.14995      64.15705 
-73.15114      64.15541 
-73.16868      64.15417 
-73.17283      64.1517 
-73.16551      64.14951 
-73.14568      64.1522 
-73.1299       64.1474 
-73.12103      64.14756 
 1             161 
1
 -9999.0   ,   9990.0 
 8 
-74.00288      64.14027 
-73.99023      64.14205 
-73.9859       64.14753 
-73.98901      64.14943 
-74.00163      64.14949 
-74.0016       64.14537 
-74.0055       64.1422 
-74.00288      64.14027 
 1             162 
1
 -9999.0   ,   9990.0 
 9 
-73.19811      64.13869 
-73.1934       64.14095 
-73.18515      64.14155 
-73.18266      64.1444 
-73.203        64.14397 
-73.21013      64.14754 
-73.21395      64.14371 
-73.21078      64.14135 
-73.19811      64.13869 
 1             163 
1
 -9999.0   ,   9990.0 
 13 
-73.83873      64.13645 
-73.81921      64.13808 
-73.82456      64.14056 
-73.81668      64.14668 
-73.82325      64.14773 
-73.84231      64.14635 
-73.85084      64.1489 
-73.87227      64.15061 
-73.8853       64.1502 
-73.88695      64.14851 
-73.87818      64.14505 
-73.85589      64.14202 
-73.83873      64.13645 
 1             164 
1
 -9999.0   ,   9990.0 
 13 
-73.84355      64.13071 
-73.83878      64.13255 
-73.84402      64.13458 
-73.86061      64.13583 
-73.87483      64.14225 
-73.9097       64.14717 
-73.911        64.14413 
-73.89164      64.14027 
-73.88482      64.13213 
-73.87797      64.13201 
-73.86716      64.13483 
-73.85143      64.13078 
-73.84355      64.13071 
 1             165 
1
 -9999.0   ,   9990.0 
 16 
-76.53991      64.12986 
-76.51576      64.13311 
-76.51828      64.1387 
-76.51525      64.14052 
-76.50553      64.14141 
-76.50243      64.14899 
-76.50728      64.15073 
-76.52428      64.14958 
-76.53319      64.15381 
-76.56178      64.15256 
-76.57168      64.15073 
-76.58747      64.14181 
-76.58658      64.13935 
-76.57856      64.13758 
-76.56116      64.13762 
-76.53991      64.12986 
 1             166 
1
 -9999.0   ,   9990.0 
 122 
-73.30628      64.16843 
-73.31264      64.17527 
-73.30718      64.17892 
-73.30777      64.18141 
-73.31941      64.1818 
-73.32318      64.18438 
-73.319        64.18663 
-73.30863      64.18503 
-73.30059      64.18653 
-73.2977       64.18986 
-73.3084       64.19511 
-73.2983       64.20128 
-73.31423      64.2175 
-73.33296      64.2233 
-73.33776      64.23017 
-73.34846      64.23541 
-73.34723      64.23684 
-73.3389       64.23721 
-73.33072      64.236 
-73.32345      64.23196 
-73.31751      64.23131 
-73.30091      64.22336 
-73.29336      64.22138 
-73.29193      64.22103 
-73.2883       64.22118 
-73.29063      64.22885 
-73.26393      64.22936 
-73.2588       64.22318 
-73.25992      64.219 
-73.27546      64.2158 
-73.26023      64.20915 
-73.26318      64.20605 
-73.27766      64.20289 
-73.27631      64.20158 
-73.25053      64.20365 
-73.23542      64.19745 
-73.22246      64.19596 
-73.22048      64.19421 
-73.23413      64.18743 
-73.21938      64.17596 
-73.22716      64.17561 
-73.24666      64.17818 
-73.24804      64.17931 
-73.25835      64.18773 
-73.27558      64.18513 
-73.28099      64.18581 
-73.28456      64.18313 
-73.2816       64.18166 
-73.26315      64.18135 
-73.25685      64.1791 
-73.26173      64.17088 
-73.26781      64.16993 
-73.27655      64.17136 
-73.28032      64.1696 
-73.27625      64.16565 
-73.25421      64.16114 
-73.2574       64.1546 
-73.26127      64.15328 
-73.26968      64.15336 
-73.25921      64.14675 
-73.27026      64.14693 
-73.28215      64.13953 
-73.29363      64.14154 
-73.30297      64.13448 
-73.30058      64.13322 
-73.29343      64.134 
-73.28875      64.13178 
-73.28635      64.13066 
-73.29043      64.12795 
-73.29811      64.12715 
-73.31615      64.12818 
-73.31928      64.13032 
-73.31652      64.14303 
-73.3059       64.14466 
-73.2974       64.14411 
-73.29898      64.14862 
-73.29661      64.15193 
-73.29979      64.15431 
-73.30313      64.15507 
-73.31495      64.14746 
-73.32696      64.15171 
-73.35001      64.15159 
-73.35765      64.14621 
-73.36415      64.14706 
-73.37332      64.15261 
-73.37261      64.154 
-73.35753      64.15335 
-73.35408      64.15518 
-73.35928      64.15701 
-73.37722      64.15791 
-73.3765       64.15932 
-73.3589       64.1607 
-73.35591      64.16095 
-73.34486      64.1564 
-73.32975      64.15456 
-73.32711      64.15674 
-73.32833      64.16401 
-73.34449      64.16146 
-73.35991      64.1667 
-73.3892       64.16195 
-73.39616      64.1669 
-73.40266      64.16774 
-73.40061      64.17012 
-73.39025      64.17288 
-73.38303      64.17343 
-73.37096      64.17123 
-73.37172      64.17441 
-73.38016      64.17676 
-73.38132      64.18381 
-73.39395      64.18392 
-73.39575      64.18705 
-73.39348      64.18853 
-73.38443      64.18802 
-73.37901      64.19171 
-73.36851      64.19171 
-73.35254      64.19083 
-73.35178      64.19063 
-73.32728      64.18396 
-73.33216      64.18238 
-73.34109      64.18243 
-73.34268      64.18029 
-73.3069       64.16637 
 1             167 
1
 -9999.0   ,   9990.0 
 11 
-73.70571      64.12683 
-73.69898      64.12921 
-73.70213      64.13135 
-73.70817      64.13243 
-73.72585      64.13181 
-73.73603      64.13478 
-73.74105      64.13385 
-73.74311      64.12963 
-73.73857      64.12617 
-73.71336      64.12806 
-73.70571      64.12683 
 1             168 
1
 -9999.0   ,   9990.0 
 11 
-73.35084      64.12203 
-73.34956      64.12323 
-73.35896      64.13196 
-73.36666      64.13346 
-73.37126      64.13735 
-73.37683      64.13436 
-73.37346      64.12901 
-73.375        64.12666 
-73.3697       64.12645 
-73.36541      64.12825 
-73.35084      64.12203 
 1             169 
1
 -9999.0   ,   9990.0 
 13 
-73.51953      64.11133 
-73.51572      64.11288 
-73.51764      64.11645 
-73.52642      64.1181 
-73.51767      64.12515 
-73.52065      64.12661 
-73.52593      64.12683 
-73.53368      64.12418 
-73.54028      64.11906 
-73.55344      64.12142 
-73.55584      64.11628 
-73.54691      64.1119 
-73.51953      64.11133 
 1             170 
1
 -9999.0   ,   9990.0 
 14 
-73.6435       64.10849 
-73.62593      64.11161 
-73.62197      64.11042 
-73.61795      64.11107 
-73.61976      64.11419 
-73.62925      64.11443 
-73.63458      64.11692 
-73.64616      64.11501 
-73.66719      64.1195 
-73.68307      64.12012 
-73.70212      64.1167 
-73.69161      64.11445 
-73.65193      64.11084 
-73.6435       64.10849 
 1             171 
1
 -9999.0   ,   9990.0 
 6 
-73.7555       64.11695 
-73.73481      64.10918 
-73.73901      64.10714 
-73.75063      64.1075 
-73.75609      64.11045 
-73.7555       64.11695 
 1             172 
1
 -9999.0   ,   9990.0 
 36 
-73.10541      64.09998 
-73.11998      64.09957 
-73.1249       64.10278 
-73.12445      64.10761 
-73.12895      64.10901 
-73.13418      64.10902 
-73.13832      64.10655 
-73.13546      64.10095 
-73.14256      64.09995 
-73.15173      64.10115 
-73.1635       64.10681 
-73.17724      64.10965 
-73.1966       64.12091 
-73.20998      64.12216 
-73.21081      64.12349 
-73.19386      64.12493 
-73.18926      64.12764 
-73.18397      64.12742 
-73.17047      64.12115 
-73.16762      64.11785 
-73.16238      64.11785 
-73.16095      64.12065 
-73.17303      64.12767 
-73.17045      64.13008 
-73.14996      64.12982 
-73.14513      64.13111 
-73.14057      64.1323 
-73.13621      64.13157 
-73.13279      64.12577 
-73.10951      64.12473 
-73.09904      64.12244 
-73.1079       64.11771 
-73.10153      64.11273 
-73.10806      64.10695 
-73.10231      64.1024 
-73.10541      64.09998 
 1             173 
1
 -9999.0   ,   9990.0 
 12 
-73.63901      64.0968 
-73.64291      64.09776 
-73.63156      64.10471 
-73.61296      64.10788 
-73.59871      64.11381 
-73.57341      64.11316 
-73.5643       64.11016 
-73.56212      64.10775 
-73.57717      64.10291 
-73.60149      64.10385 
-73.62878      64.09774 
-73.63901      64.0968 
 1             174 
1
 -9999.0   ,   9990.0 
 8 
-73.15809      64.09471 
-73.15483      64.09645 
-73.16048      64.10054 
-73.18193      64.09823 
-73.18347      64.09587 
-73.17943      64.09421 
-73.1669       64.09661 
-73.15809      64.09471 
 1             175 
1
 -9999.0   ,   9990.0 
 56 
-72.99458      64.08623 
-72.98768      64.08812 
-72.98061      64.09391 
-72.97273      64.09608 
-72.97158      64.09796 
-72.98151      64.10028 
-72.97708      64.10618 
-72.96526      64.10714 
-72.96253      64.11366 
-72.9685       64.12165 
-72.96438      64.12662 
-72.95646      64.12398 
-72.95388      64.13118 
-72.94282      64.13325 
-72.93543      64.12831 
-72.93123      64.12825 
-72.92991      64.13174 
-72.93537      64.13745 
-72.92985      64.1409 
-72.93543      64.14477 
-72.96895      64.1541 
-72.97845      64.15438 
-72.99506      64.15186 
-73.00581      64.15024 
-73.00702      64.14858 
-72.9982       64.14668 
-72.99671      64.14468 
-72.999        64.14321 
-73.01061      64.14363 
-73.01186      64.14221 
-73.00737      64.13851 
-73.01773      64.1287 
-73.02551      64.12836 
-73.02531      64.12516 
-73.0143       64.1158 
-73.0169       64.11341 
-73.04628      64.11832 
-73.05379      64.11685 
-73.05645      64.11239 
-73.04926      64.10606 
-73.05165      64.10276 
-73.07228      64.09455 
-73.06446      64.09237 
-73.05943      64.09328 
-73.05269      64.09814 
-73.03985      64.09686 
-73.03948      64.1032 
-73.03941      64.1042 
-73.03305      64.10608 
-73.02099      64.09905 
-73.0252       64.09452 
-73.03318      64.09281 
-73.03054      64.0904 
-73.02025      64.08878 
-73.00118      64.09006 
-72.99458      64.08623 
 1             176 
1
 -9999.0   ,   9990.0 
 7 
-73.42048      64.08271 
-73.40645      64.08747 
-73.4131       64.09336 
-73.42023      64.09256 
-73.41843      64.08944 
-73.42506      64.08433 
-73.42048      64.08271 
 1             177 
1
 -9999.0   ,   9990.0 
 17 
-73.5855       64.073 
-73.57861      64.0811 
-73.59535      64.08535 
-73.59351      64.09278 
-73.59993      64.09545 
-73.60913      64.09661 
-73.61386      64.09455 
-73.63115      64.09465 
-73.63238      64.09116 
-73.6294       64.0897 
-73.61463      64.08925 
-73.61574      64.08736 
-73.62431      64.08605 
-73.61267      64.08133 
-73.60256      64.08273 
-73.59718      64.07795 
-73.5855       64.073 
 1             178 
1
 -9999.0   ,   9990.0 
 40 
-73.67173      64.07052 
-73.66804      64.07253 
-73.68007      64.07882 
-73.67696      64.08103 
-73.66633      64.08245 
-73.66195      64.08587 
-73.65463      64.08805 
-73.64986      64.08781 
-73.64691      64.09276 
-73.64886      64.09427 
-73.65956      64.09308 
-73.67475      64.08892 
-73.67882      64.09056 
-73.67582      64.09323 
-73.65631      64.09896 
-73.65048      64.10289 
-73.65461      64.10476 
-73.67111      64.10581 
-73.68161      64.11011 
-73.69485      64.10857 
-73.71658      64.11165 
-73.72072      64.10939 
-73.72136      64.1057 
-73.7369       64.10289 
-73.74305      64.10031 
-73.74524      64.09655 
-73.73999      64.09397 
-73.73926      64.09362 
-73.71146      64.08923 
-73.70572      64.08927 
-73.69996      64.09345 
-73.6902       64.09002 
-73.6847       64.0848 
-73.69057      64.08313 
-73.69843      64.08528 
-73.7161       64.08397 
-73.71125      64.08214 
-73.69954      64.08133 
-73.68481      64.07265 
-73.67173      64.07052 
 1             179 
1
 -9999.0   ,   9990.0 
 7 
-73.31347      64.06811 
-73.30346      64.07223 
-73.32315      64.08027 
-73.32599      64.07466 
-73.3213       64.07028 
-73.32232      64.06795 
-73.31347      64.06811 
 1             180 
1
 -9999.0   ,   9990.0 
 36 
-73.21619      64.0656 
-73.20333      64.07098 
-73.2108       64.07613 
-73.20616      64.0832 
-73.20897      64.08628 
-73.21368      64.08631 
-73.21481      64.08213 
-73.22137      64.07886 
-73.23353      64.07948 
-73.22775      64.08385 
-73.21943      64.08628 
-73.22788      64.08888 
-73.24786      64.08936 
-73.25482      64.09225 
-73.28435      64.09323 
-73.31318      64.09124 
-73.31507      64.08818 
-73.30945      64.08431 
-73.29813      64.08735 
-73.29367      64.08617 
-73.29032      64.08083 
-73.27796      64.08161 
-73.27124      64.0842 
-73.26835      64.08408 
-73.25805      64.08365 
-73.24001      64.08033 
-73.23855      64.07856 
-73.24916      64.07695 
-73.25826      64.07791 
-73.25818      64.07083 
-73.26695      64.06586 
-73.25701      64.06585 
-73.24813      64.07036 
-73.23528      64.06681 
-73.22231      64.06945 
-73.21619      64.0656 
 1             181 
1
 -9999.0   ,   9990.0 
 20 
-73.16394      64.06562 
-73.16043      64.07081 
-73.16091      64.07741 
-73.15511      64.07951 
-73.14083      64.07647 
-73.1326       64.07706 
-73.12515      64.07876 
-73.12235      64.08255 
-73.12871      64.08525 
-73.13685      64.08419 
-73.14679      64.0888 
-73.15881      64.08873 
-73.1702       64.09051 
-73.18345      64.08445 
-73.19551      64.0823 
-73.18301      64.07805 
-73.1831       64.07164 
-73.17978      64.06858 
-73.16963      64.06537 
-73.16394      64.06562 
 1             182 
1
 -9999.0   ,   9990.0 
 17 
-73.0417       64.0634 
-73.0374       64.06518 
-73.03738      64.06976 
-73.03035      64.06869 
-73.02765      64.07063 
-73.03401      64.07561 
-73.02586      64.08123 
-73.0317       64.08395 
-73.04316      64.07682 
-73.05594      64.07788 
-73.05445      64.07131 
-73.05766      64.06935 
-73.06563      64.0722 
-73.06858      64.07138 
-73.06948      64.06837 
-73.06528      64.06603 
-73.0417       64.0634 
 1             183 
1
 -9999.0   ,   9990.0 
 10 
-72.95445      64.0629 
-72.96387      64.0681 
-72.96022      64.07283 
-72.97751      64.08238 
-72.99361      64.07965 
-72.99653      64.07631 
-72.98282      64.06409 
-72.97338      64.05925 
-72.96793      64.0629 
-72.95445      64.0629 
 1             184 
1
 -9999.0   ,   9990.0 
 17 
-73.42378      64.05075 
-73.41981      64.05161 
-73.42229      64.05539 
-73.41968      64.05757 
-73.40466      64.05597 
-73.39857      64.05671 
-73.39339      64.0613 
-73.38235      64.05883 
-73.38028      64.06326 
-73.38753      64.06956 
-73.40735      64.06935 
-73.41445      64.07063 
-73.42256      64.06958 
-73.43347      64.06495 
-73.43023      64.06236 
-73.43848      64.0597 
-73.42378      64.05075 
 1             185 
1
 -9999.0   ,   9990.0 
 14 
-73.2431       64.04656 
-73.23696      64.04935 
-73.2346       64.05266 
-73.2371       64.05438 
-73.24671      64.05532 
-73.28121      64.0643 
-73.28696      64.06428 
-73.2947       64.06164 
-73.28418      64.05915 
-73.2782       64.05369 
-73.26501      64.05313 
-73.25542      64.04785 
-73.24776      64.04864 
-73.2431       64.04656 
 1             186 
1
 -9999.0   ,   9990.0 
 10 
-73.48342      64.04457 
-73.48103      64.04766 
-73.4836       64.0496 
-73.49203      64.04989 
-73.49883      64.0521 
-73.50985      64.05227 
-73.51446      64.04977 
-73.50589      64.04673 
-73.49556      64.04721 
-73.48342      64.04457 
 1             187 
1
 -9999.0   ,   9990.0 
 8 
-73.57616      64.04139 
-73.56628      64.0437 
-73.55986      64.04307 
-73.55663      64.04483 
-73.56344      64.04702 
-73.57875      64.04768 
-73.582        64.04386 
-73.57616      64.04139 
 1             188 
1
 -9999.0   ,   9990.0 
 11 
-72.98236      64.04103 
-72.97879      64.0414 
-72.97504      64.04796 
-72.96505      64.05227 
-72.97825      64.05766 
-72.99115      64.05459 
-72.98103      64.04908 
-72.98326      64.04738 
-72.99438      64.04805 
-72.9962       64.04682 
-72.98236      64.04103 
 1             189 
1
 -9999.0   ,   9990.0 
 6 
-77.54398      64.03644 
-77.54753      64.0401 
-77.572        64.04332 
-77.57547      64.04145 
-77.57321      64.03838 
-77.54398      64.03644 
 1             190 
1
 -9999.0   ,   9990.0 
 8 
-72.93107      64.03565 
-72.93578      64.04276 
-72.93338      64.04607 
-72.94852      64.0484 
-72.95235      64.04687 
-72.95046      64.04306 
-72.9364       64.03611 
-72.93107      64.03565 
 1             191 
1
 -9999.0   ,   9990.0 
 7 
-77.776        64.03393 
-77.76135      64.03553 
-77.75395      64.04072 
-77.75663      64.04213 
-77.77832      64.03837 
-77.78031      64.03546 
-77.776        64.03393 
 1             192 
1
 -9999.0   ,   9990.0 
 20 
-73.07238      64.03928 
-73.07716      64.03785 
-73.08657      64.0379 
-73.08776      64.03624 
-73.08249      64.03373 
-73.08503      64.03111 
-73.08957      64.03045 
-73.09856      64.03326 
-73.10865      64.03396 
-73.11303      64.0372 
-73.1121       64.04456 
-73.11639      64.04735 
-73.12865      64.0507 
-73.13092      64.0538 
-73.12617      64.05584 
-73.12033      64.05541 
-73.10533      64.0492 
-73.09561      64.05008 
-73.09056      64.0439 
-73.07238      64.03928 
 1             193 
1
 -9999.0   ,   9990.0 
 9 
-73.60115      64.03038 
-73.59625      64.03176 
-73.5933       64.03669 
-73.58693      64.0363 
-73.58468      64.03778 
-73.59645      64.04525 
-73.60513      64.04231 
-73.60688      64.0388 
-73.60115      64.03038 
 1             194 
1
 -9999.0   ,   9990.0 
 14 
-73.06981      64.04006 
-73.04896      64.02855 
-73.04038      64.03441 
-73.03236      64.0359 
-73.02728      64.03886 
-73.01493      64.03962 
-73.01353      64.04265 
-73.01708      64.04685 
-73.01168      64.05303 
-73.01725      64.0569 
-73.03071      64.05175 
-73.03836      64.05326 
-73.04551      64.04563 
-73.06981      64.04006 
 1             195 
1
 -9999.0   ,   9990.0 
 19 
-72.95336      64.00681 
-72.93862      64.01086 
-72.9281       64.0104 
-72.9243       64.01445 
-72.90728      64.01768 
-72.90163      64.02043 
-72.89898      64.0226 
-72.90888      64.02493 
-72.90983      64.02923 
-72.91513      64.03198 
-72.9221       64.03283 
-72.92208      64.02803 
-72.93301      64.02322 
-72.95683      64.02244 
-72.96108      64.02043 
-72.9586       64.01161 
-72.96023      64.00888 
-72.96485      64.00828 
-72.95336      64.00681 
 1             196 
1
 -9999.0   ,   9990.0 
 13 
-77.5578       64.00606 
-77.55653      64.00823 
-77.55938      64.0101 
-77.56518      64.01012 
-77.57893      64.01693 
-77.58996      64.01816 
-77.59616      64.02185 
-77.60076      64.02012 
-77.59959      64.01721 
-77.59212      64.01431 
-77.57123      64.00943 
-77.56503      64.00575 
-77.5578       64.00606 
 1             197 
1
 -9999.0   ,   9990.0 
 232 
-73.18954      64.32988 
-73.17951      64.32986 
-73.17591      64.32796 
-73.18644      64.32566 
-73.18685      64.32061 
-73.21018      64.3189 
-73.21388      64.3144 
-73.21078      64.31018 
-73.22013      64.30954 
-73.21242      64.30141 
-73.22394      64.29885 
-73.2256       64.29466 
-73.22229      64.29183 
-73.2106       64.28914 
-73.20935      64.286 
-73.2138       64.28031 
-73.20008      64.28022 
-73.18678      64.27738 
-73.17885      64.27726 
-73.14533      64.28263 
-73.1409       64.28395 
-73.13581      64.29149 
-73.13141      64.29305 
-73.12361      64.29131 
-73.1203       64.29056 
-73.1128       64.29455 
-73.09333      64.29013 
-73.0851       64.2818 
-73.09051      64.2779 
-73.12113      64.27131 
-73.12999      64.27093 
-73.13243      64.26785 
-73.12894      64.26411 
-73.13227      64.2603 
-73.12899      64.25747 
-73.11836      64.25931 
-73.11315      64.25724 
-73.10215      64.26435 
-73.09486      64.2601 
-73.09752      64.25563 
-73.11695      64.2509 
-73.10706      64.24676 
-73.09778      64.24761 
-73.08871      64.25166 
-73.08503      64.24931 
-73.09846      64.23912 
-73.09773      64.23595 
-73.08623      64.23621 
-73.07083      64.22636 
-73.06951      64.22595 
-73.0584       64.22255 
-73.05326      64.223 
-73.06036      64.22887 
-73.05978      64.23324 
-73.07785      64.23635 
-73.06513      64.24742 
-73.06054      64.24808 
-73.04633      64.24343 
-73.03513      64.24733 
-73.02675      64.24746 
-73.01093      64.24265 
-73.00943      64.24066 
-73.01646      64.23693 
-73.0094       64.23357 
-73.00546      64.23008 
-73.00802      64.22516 
-73.01625      64.22435 
-73.02075      64.23262 
-73.02965      64.23247 
-73.03163      64.23421 
-73.02583      64.23881 
-73.02905      64.24142 
-73.03513      64.24276 
-73.04567      64.23819 
-73.04891      64.23393 
-73.02621      64.21501 
-73.02623      64.21271 
-73.02972      64.2096 
-73.03664      64.20998 
-73.04031      64.21463 
-73.04573      64.21532 
-73.05036      64.2126 
-73.03323      64.2019 
-73.03173      64.19762 
-73.0335       64.19617 
-73.04546      64.19795 
-73.05055      64.19728 
-73.06101      64.19248 
-73.06507      64.19265 
-73.07426      64.19305 
-73.07865      64.18691 
-73.07096      64.18083 
-73.0474       64.17178 
-73.03923      64.17282 
-73.03569      64.17572 
-73.04554      64.18216 
-73.03987      64.18491 
-73.03109      64.18553 
-73.02711      64.19347 
-73.02368      64.19453 
-73.00702      64.18815 
-72.99707      64.18126 
-72.98866      64.18116 
-72.98686      64.18718 
-72.97974      64.18817 
-72.92794      64.1771 
-72.91835      64.173 
-72.90941      64.16918 
-72.89685      64.16926 
-72.88921      64.17506 
-72.8807       64.1745 
-72.87153      64.171 
-72.88003      64.16676 
-72.87773      64.16342 
-72.8672       64.16089 
-72.85126      64.16224 
-72.84551      64.15996 
-72.86117      64.15726 
-72.86528      64.15693 
-72.89775      64.15435 
-72.89973      64.15153 
-72.89277      64.1461 
-72.8955       64.14187 
-72.8924       64.13972 
-72.87985      64.1398 
-72.8791       64.13638 
-72.88916      64.13688 
-72.89261      64.13353 
-72.89013      64.13181 
-72.8822       64.13146 
-72.8841       64.12818 
-72.87828      64.12316 
-72.88245      64.1207 
-72.89354      64.12115 
-72.9051       64.11426 
-72.92388      64.11165 
-72.92966      64.10705 
-72.92098      64.1033 
-72.92645      64.09964 
-72.91766      64.09773 
-72.90476      64.0985 
-72.89048      64.10253 
-72.88641      64.10544 
-72.88845      64.10754 
-72.89048      64.10961 
-72.88941      64.11196 
-72.87273      64.11699 
-72.8636       64.11348 
-72.84876      64.10313 
-72.86059      64.10218 
-72.86436      64.0979 
-72.85461      64.09396 
-72.86286      64.0911 
-72.86435      64.0883 
-72.86049      64.08503 
-72.84633      64.08722 
-72.84486      64.09003 
-72.84817      64.09561 
-72.84398      64.10035 
-72.83911      64.09964 
-72.8365       64.09724 
-72.8379       64.09169 
-72.8319       64.08576 
-72.83338      64.08296 
-72.84601      64.08335 
-72.85328      64.08076 
-72.8655       64.08162 
-72.86815      64.07466 
-72.87708      64.07788 
-72.91641      64.09206 
-72.92107      64.09186 
-72.92426      64.08739 
-72.93059      64.08529 
-72.93003      64.0828 
-72.9229       64.08127 
-72.92763      64.07901 
-72.92936      64.07505 
-72.93998      64.07346 
-72.94996      64.06663 
-72.95141      64.05674 
-72.9442       64.05247 
-72.92726      64.04908 
-72.917        64.04036 
-72.89667      64.04053 
-72.89443      64.04223 
-72.9023       64.04715 
-72.90016      64.0493 
-72.88226      64.05096 
-72.87857      64.05318 
-72.88248      64.05611 
-72.88608      64.05881 
-72.88559      64.06135 
-72.87645      64.06013 
-72.86601      64.05302 
-72.85992      64.05145 
-72.84948      64.05143 
-72.84282      64.04965 
-72.84012      64.05639 
-72.83103      64.0554 
-72.81851      64.05066 
-72.82728      64.04778 
-72.84571      64.0461 
-72.85218      64.03988 
-72.85828      64.03917 
-72.88011      64.04351 
-72.88111      64.04096 
-72.87107      64.03566 
-72.88461      64.03555 
-72.88652      64.02998 
-72.8591       64.03039 
-72.85866      64.02832 
-72.87921      64.02621 
-72.88063      64.02451 
-72.86666      64.02258 
-72.8631       64.02068 
-72.87003      64.01901 
-72.86964      64.01721 
-72.84316      64.01535 
-72.82235      64.00592 
-72.81441      64.00533 
-72.80963      64.00736 
-72.80033      64.00523 
-72.80165      64.02347 
-72.79592      64.02348 
-72.78575      64.01498 
-72.77534      64.01266 
-72.77336      64.01069 
-72.7773       64.00481 
-72.77258      64.00228 
-72.76798      64.0027 
-72.76361      64.00653 
-72.75186      64 
 1             198 
1
 -9999.0   ,   9990.0 
 10 
-72.85465      63.97509 
-72.81888      63.98772 
-72.83168      63.99256 
-72.84177      63.99318 
-72.84811      63.99537 
-72.8569       63.99308 
-72.85846      63.98727 
-72.84797      63.98323 
-72.86685      63.98156 
-72.85465      63.97509 
 1             199 
1
 -9999.0   ,   9990.0 
 5 
-72.7702       63.95997 
-72.77146      63.96472 
-72.79506      63.96511 
-72.79509      63.96327 
-72.7702       63.95997 
 1             200 
1
 -9999.0   ,   9990.0 
 26 
-78.03091      64 
-78.02985      64.0048 
-78.02414      64.00755 
-78.0363       64.00891 
-78.05481      64.01414 
-78.05249      64.01618 
-78.02404      64.01242 
-78.02348      64.01362 
-78.03689      64.01926 
-78.03331      64.0221 
-78.02504      64.02251 
-78.0179       64.02054 
-78.00937      64.01266 
-77.98783      64 
-77.99216      63.99093 
-77.99448      63.98349 
-77.98971      63.97194 
-77.99775      63.95956 
-78.01048      63.9624 
-78.02761      63.97124 
-78.0279       63.98551 
-78.03366      63.98884 
-78.03523      63.9956 
-78.03655      63.9965 
-78.04042      63.99913 
-78.03091      64 
 1             201 
1
 -9999.0   ,   9990.0 
 50 
-77.49827      64 
-77.49811      64.00157 
-77.49321      64.00518 
-77.49571      64.00753 
-77.51036      64.00596 
-77.51573      64.01156 
-77.52008      64.01192 
-77.53926      64 
-77.56007      63.99822 
-77.55567      63.99403 
-77.57211      63.99024 
-77.58145      63.98094 
-77.58181      63.97498 
-77.53419      63.98599 
-77.53023      63.98528 
-77.55233      63.97703 
-77.57948      63.97198 
-77.58189      63.97154 
-77.59275      63.96717 
-77.59061      63.96404 
-77.59291      63.96188 
-77.58322      63.95621 
-77.5786       63.95753 
-77.57574      63.96471 
-77.5728       63.96567 
-77.56679      63.96483 
-77.55625      63.95703 
-77.53521      63.95731 
-77.53138      63.9658 
-77.53863      63.96925 
-77.5373       63.97171 
-77.53298      63.97212 
-77.52616      63.96892 
-77.51567      63.96895 
-77.50668      63.96285 
-77.49993      63.96265 
-77.50087      63.96777 
-77.4961       63.96954 
-77.49093      63.97726 
-77.49157      63.98167 
-77.48445      63.98421 
-77.48796      63.98788 
-77.4823       63.99073 
-77.48573      63.99303 
-77.49373      63.99262 
-77.50218      63.98925 
-77.50556      63.99015 
-77.50481      63.99402 
-77.49626      64 
-77.49827      64 
 1             202 
1
 -9999.0   ,   9990.0 
 21 
-72.72992      64 
-72.72636      63.99339 
-72.7271       63.98831 
-72.73484      63.98402 
-72.72073      63.96434 
-72.71623      63.96211 
-72.70692      63.95749 
-72.69705      63.9557 
-72.68633      63.95854 
-72.67527      63.95818 
-72.66962      63.96443 
-72.65892      63.96543 
-72.65078      63.96424 
-72.64535      63.96543 
-72.63535      63.97303 
-72.62825      63.97385 
-72.62438      63.97703 
-72.63504      63.98978 
-72.63502      63.99368 
-72.64233      63.9917 
-72.65163      64 
 1             203 
1
 -9999.0   ,   9990.0 
 8 
-72.69191      63.9461 
-72.68602      63.95145 
-72.69158      63.95277 
-72.69758      63.95177 
-72.70475      63.95324 
-72.70875      63.95258 
-72.70513      63.9468 
-72.69191      63.9461 
 1             204 
1
 -9999.0   ,   9990.0 
 14 
-72.86215      63.9449 
-72.85039      63.94574 
-72.84773      63.94748 
-72.85693      63.95067 
-72.86913      63.95141 
-72.88798      63.95547 
-72.9039       63.96221 
-72.92178      63.96081 
-72.94157      63.96252 
-72.96126      63.96011 
-72.96277      63.95796 
-72.9281       63.94947 
-72.8816       63.94732 
-72.86215      63.9449 
 1             205 
1
 -9999.0   ,   9990.0 
 24 
-72.80971      63.94968 
-72.82351      63.94277 
-72.83038      63.94701 
-72.83656      63.94669 
-72.83755      63.94457 
-72.83367      63.94179 
-72.8439       63.93714 
-72.83124      63.93275 
-72.81067      63.93771 
-72.80698      63.93951 
-72.81001      63.94302 
-72.78453      63.94136 
-72.7545       63.94611 
-72.7712       63.95006 
-72.78277      63.95039 
-72.78086      63.95301 
-72.76908      63.95384 
-72.77707      63.95641 
-72.7973       63.95788 
-72.82031      63.95418 
-72.824        63.95456 
-72.82621      63.95479 
-72.83287      63.95238 
-72.80971      63.94968 
 1             206 
1
 -9999.0   ,   9990.0 
 136 
-77.9451       64 
-77.9449       64.00456 
-77.95295      64.00879 
-77.95057      64.01198 
-77.9394       64.01171 
-77.94183      64.01383 
-77.93823      64.01921 
-77.9302       64.02145 
-77.92123      64.02146 
-77.90618      64.01686 
-77.89466      64.01707 
-77.87833      64.01325 
-77.87381      64.01638 
-77.88346      64.01933 
-77.89292      64.01928 
-77.90227      64.0241 
-77.89785      64.0249 
-77.88398      64.02322 
-77.87697      64.02931 
-77.8644       64.02821 
-77.84585      64.03059 
-77.83546      64.02839 
-77.82603      64.02336 
-77.81742      64.03073 
-77.81206      64.03183 
-77.80497      64.03122 
-77.79692      64.02306 
-77.78278      64.0207 
-77.77533      64.01526 
-77.77235      64.01573 
-77.77376      64.01792 
-77.77101      64.02022 
-77.76225      64.01812 
-77.751        64.01899 
-77.76168      64.02325 
-77.75924      64.02506 
-77.76303      64.03054 
-77.74348      64.0383 
-77.73425      64.03761 
-77.72348      64.03313 
-77.70663      64.03188 
-77.70175      64.0355 
-77.69681      64.03634 
-77.67513      64.03615 
-77.66561      64.03342 
-77.6562       64.0376 
-77.65193      64.03747 
-77.64238      64.03335 
-77.63095      64.03907 
-77.62026      64.03873 
-77.60609      64.03357 
-77.58867      64.03351 
-77.57196      64.03524 
-77.5572       64.0299 
-77.54552      64.03101 
-77.53693      64.02796 
-77.53508      64.02326 
-77.52316      64.02508 
-77.52074      64.02296 
-77.52198      64.0194 
-77.52816      64.01639 
-77.53858      64.01745 
-77.54152      64.01422 
-77.5541       64.01673 
-77.55388      64.01883 
-77.56671      64.02594 
-77.59875      64.02836 
-77.61028      64.02425 
-77.61246      64.02177 
-77.6067       64.0139 
-77.59458      64.00858 
-77.58038      64.00596 
-77.57609      64 
-77.5774       63.99816 
-77.59465      63.98223 
-77.6036       63.97889 
-77.60638      63.97515 
-77.6092       63.97423 
-77.6099       63.97399 
-77.6176       63.97448 
-77.62178      63.97613 
-77.62428      63.9749 
-77.62215      63.97017 
-77.62582      63.96856 
-77.63593      63.96805 
-77.63651      63.96464 
-77.62742      63.96361 
-77.6261       63.96122 
-77.6513       63.95131 
-77.66471      63.9487 
-77.67794      63.93688 
-77.68995      63.93373 
-77.68466      63.92902 
-77.72345      63.92386 
-77.73254      63.9265 
-77.73093      63.92824 
-77.72011      63.93101 
-77.72217      63.93275 
-77.73075      63.93214 
-77.74485      63.92565 
-77.75523      63.92584 
-77.75619      63.9261 
-77.77012      63.92999 
-77.77306      63.93224 
-77.76788      63.93536 
-77.78406      63.93545 
-77.79328      63.9443 
-77.80858      63.94225 
-77.81233      63.94363 
-77.81823      63.93986 
-77.82754      63.9402 
-77.83035      63.94451 
-77.8338       63.94519 
-77.84293      63.94115 
-77.85423      63.94345 
-77.85516      63.94333 
-77.87282      63.94092 
-77.87386      63.94259 
-77.86753      63.94772 
-77.88313      63.94638 
-77.89232      63.95039 
-77.89758      63.95531 
-77.90719      63.95636 
-77.917        63.95511 
-77.93266      63.94688 
-77.93948      63.94683 
-77.95885      63.95514 
-77.95776      63.96196 
-77.97415      63.97652 
-77.97296      63.98035 
-77.96255      63.98179 
-77.95707      63.98421 
-77.9646       63.98697 
-77.96736      63.9915 
-77.96081      63.9957 
-77.9451       64 
 1             207 
1
 -9999.0   ,   9990.0 
 7 
-72.80307      63.91518 
-72.7972       63.92053 
-72.80821      63.92271 
-72.81266      63.92179 
-72.82007      63.91636 
-72.81662      63.91517 
-72.80307      63.91518 
 1             208 
1
 -9999.0   ,   9990.0 
 8 
-73.02778      63.90407 
-73.02301      63.9057 
-73.02796      63.91231 
-73.03709      63.91136 
-73.04451      63.90616 
-73.04946      63.9052 
-73.04799      63.90368 
-73.02778      63.90407 
 1             209 
1
 -9999.0   ,   9990.0 
 6 
-72.25003      63.90085 
-72.24115      63.907 
-72.24362      63.9149 
-72.24836      63.91513 
-72.2551       63.90244 
-72.25003      63.90085 
 1             210 
1
 -9999.0   ,   9990.0 
 16 
-72.65726      63.89561 
-72.64668      63.90097 
-72.64631      63.90946 
-72.65052      63.9136 
-72.66116      63.91444 
-72.66911      63.9209 
-72.66555      63.92315 
-72.66706      63.92697 
-72.68         63.93456 
-72.6902       63.93565 
-72.69038      63.93243 
-72.68561      63.93015 
-72.69466      63.92098 
-72.67736      63.90078 
-72.67835      63.8966 
-72.65726      63.89561 
 1             211 
1
 -9999.0   ,   9990.0 
 10 
-72.81713      63.89176 
-72.79875      63.89317 
-72.7977       63.89506 
-72.8096       63.89673 
-72.83393      63.89616 
-72.8557       63.89388 
-72.86742      63.89097 
-72.85107      63.89022 
-72.82885      63.89276 
-72.81713      63.89176 
 1             212 
1
 -9999.0   ,   9990.0 
 25 
-72.74076      63.89043 
-72.73096      63.89277 
-72.71115      63.89264 
-72.69161      63.89753 
-72.6906       63.89965 
-72.69804      63.90614 
-72.70915      63.91268 
-72.71942      63.91215 
-72.71896      63.9163 
-72.73575      63.91476 
-72.74413      63.90905 
-72.73953      63.90745 
-72.73223      63.90737 
-72.73226      63.90554 
-72.74408      63.90103 
-72.7388       63.89878 
-72.74351      63.89694 
-72.7564       63.89834 
-72.76853      63.89702 
-72.77074      63.89553 
-72.76352      63.89384 
-72.76954      63.89101 
-72.76307      63.8902 
-72.75271      63.89234 
-72.74076      63.89043 
 1             213 
1
 -9999.0   ,   9990.0 
 7 
-72.91035      63.88414 
-72.88206      63.88929 
-72.87856      63.89177 
-72.88041      63.89282 
-72.90892      63.89041 
-72.91386      63.88556 
-72.91035      63.88414 
 1             214 
1
 -9999.0   ,   9990.0 
 12 
-72.9607       63.87782 
-72.95745      63.8812 
-72.94628      63.88225 
-72.93597      63.88073 
-72.92872      63.88661 
-72.93716      63.88892 
-72.94482      63.88645 
-72.97163      63.88549 
-72.97981      63.883 
-72.97867      63.88076 
-72.96845      63.87763 
-72.9607       63.87782 
 1             215 
1
 -9999.0   ,   9990.0 
 9 
-72.72221      63.8735 
-72.70922      63.87554 
-72.70335      63.88088 
-72.70537      63.88262 
-72.71084      63.88165 
-72.7116       63.87863 
-72.72175      63.87765 
-72.72515      63.87473 
-72.72221      63.8735 
 1             216 
1
 -9999.0   ,   9990.0 
 10 
-72.67325      63.87326 
-72.66831      63.87626 
-72.6568       63.87799 
-72.64886      63.88343 
-72.64677      63.88537 
-72.6523       63.89059 
-72.67758      63.88977 
-72.68333      63.88787 
-72.67656      63.874 
-72.67325      63.87326 
 1             217 
1
 -9999.0   ,   9990.0 
 14 
-72.73383      63.86236 
-72.73193      63.86498 
-72.74203      63.86974 
-72.7576       63.86962 
-72.75383      63.87302 
-72.74751      63.87472 
-72.75563      63.87981 
-72.76318      63.8808 
-72.76747      63.87347 
-72.773        63.87272 
-72.77593      63.87005 
-72.76757      63.86406 
-72.74672      63.86193 
-72.73383      63.86236 
 1             218 
1
 -9999.0   ,   9990.0 
 11 
-72.84214      63.86088 
-72.83508      63.86171 
-72.82878      63.86731 
-72.84427      63.8688 
-72.85536      63.87326 
-72.86775      63.86711 
-72.86605      63.86078 
-72.86163      63.85987 
-72.85205      63.86289 
-72.84686      63.86293 
-72.84214      63.86088 
 1             219 
1
 -9999.0   ,   9990.0 
 8 
-72.67258      63.85289 
-72.66289      63.85361 
-72.66072      63.85922 
-72.66536      63.86105 
-72.69123      63.85859 
-72.69468      63.85589 
-72.68891      63.85366 
-72.67258      63.85289 
 1             220 
1
 -9999.0   ,   9990.0 
 6 
-72.85209      63.85319 
-72.8333       63.85383 
-72.8304       63.85233 
-72.8435       63.85131 
-72.85023      63.85164 
-72.85209      63.85319 
 1             221 
1
 -9999.0   ,   9990.0 
 5 
-72.84695      63.84871 
-72.84713      63.84759 
-72.83047      63.84791 
-72.83214      63.84948 
-72.84695      63.84871 
 1             222 
1
 -9999.0   ,   9990.0 
 8 
-72.70511      63.84022 
-72.69493      63.84098 
-72.68561      63.84512 
-72.68246      63.84895 
-72.70146      63.85004 
-72.70443      63.84553 
-72.70098      63.84227 
-72.70511      63.84022 
 1             223 
1
 -9999.0   ,   9990.0 
 10 
-72.81385      63.82705 
-72.7944       63.83012 
-72.79615      63.83278 
-72.80786      63.83768 
-72.81856      63.83689 
-72.83266      63.83135 
-72.83128      63.83004 
-72.82121      63.83125 
-72.82048      63.82854 
-72.81385      63.82705 
 1             224 
1
 -9999.0   ,   9990.0 
 7 
-72.65003      63.8263 
-72.62918      63.83195 
-72.63545      63.83415 
-72.65123      63.83289 
-72.64989      63.82975 
-72.65584      63.8267 
-72.65003      63.8263 
 1             225 
1
 -9999.0   ,   9990.0 
 8 
-72.754        63.8345 
-72.74765      63.83208 
-72.74143      63.83217 
-72.74265      63.8289 
-72.76858      63.82481 
-72.7731       63.82618 
-72.76622      63.82768 
-72.754        63.8345 
 1             226 
1
 -9999.0   ,   9990.0 
 6 
-72.77407      63.81421 
-72.74893      63.81734 
-72.7404       63.82236 
-72.74401      63.82424 
-72.77479      63.81692 
-72.77407      63.81421 
 1             227 
1
 -9999.0   ,   9990.0 
 20 
-72.61892      63.80657 
-72.61293      63.81146 
-72.59811      63.81037 
-72.57798      63.81483 
-72.56583      63.812 
-72.54933      63.81443 
-72.54435      63.8172 
-72.53474      63.81219 
-72.50906      63.82539 
-72.53611      63.83366 
-72.54438      63.83348 
-72.57026      63.82713 
-72.57854      63.82099 
-72.60164      63.81798 
-72.62738      63.81714 
-72.62991      63.81636 
-72.63795      63.81385 
-72.6465       63.80884 
-72.63822      63.80696 
-72.61892      63.80657 
 1             228 
1
 -9999.0   ,   9990.0 
 20 
-72.31976      63.8054 
-72.30904      63.81439 
-72.29953      63.81577 
-72.27828      63.81589 
-72.27041      63.8197 
-72.24143      63.84102 
-72.2457       63.85617 
-72.25443      63.85368 
-72.2696       63.8541 
-72.28246      63.84523 
-72.28236      63.84065 
-72.29269      63.83832 
-72.30147      63.83813 
-72.31379      63.83134 
-72.31779      63.82657 
-72.32828      63.82491 
-72.32923      63.8231 
-72.33251      63.81692 
-72.32688      63.80894 
-72.31976      63.8054 
 1             229 
1
 -9999.0   ,   9990.0 
 13 
-72.76365      63.79251 
-72.74961      63.79438 
-72.7456       63.79688 
-72.71689      63.80019 
-72.72141      63.80156 
-72.73842      63.80115 
-72.7451       63.80287 
-72.76725      63.80218 
-72.76989      63.80044 
-72.76486      63.79909 
-72.76529      63.79678 
-72.77228      63.79573 
-72.76365      63.79251 
 1             230 
1
 -9999.0   ,   9990.0 
 17 
-72.65411      63.78438 
-72.65428      63.78896 
-72.6409       63.78734 
-72.6284       63.79119 
-72.62171      63.79932 
-72.62593      63.80163 
-72.6539       63.80342 
-72.66831      63.80291 
-72.67823      63.79919 
-72.68925      63.79175 
-72.68836      63.78836 
-72.68412      63.78606 
-72.67843      63.78612 
-72.6743       63.78816 
-72.66566      63.78883 
-72.66489      63.78589 
-72.65411      63.78438 
 1             231 
1
 -9999.0   ,   9990.0 
 9 
-72.58542      63.78145 
-72.59981      63.78095 
-72.59921      63.78465 
-72.57591      63.79682 
-72.56738      63.79794 
-72.55136      63.7921 
-72.5683       63.78942 
-72.57685      63.78234 
-72.58542      63.78145 
 1             232 
1
 -9999.0   ,   9990.0 
 14 
-72.28209      63.77905 
-72.25959      63.78861 
-72.2583       63.80013 
-72.26151      63.80891 
-72.26508      63.8108 
-72.27853      63.80854 
-72.28502      63.80961 
-72.29208      63.80674 
-72.29791      63.80096 
-72.3059       63.79965 
-72.31472      63.79144 
-72.30449      63.78781 
-72.30355      63.77984 
-72.28209      63.77905 
 1             233 
1
 -9999.0   ,   9990.0 
 12 
-72.52236      63.77614 
-72.49558      63.77885 
-72.49406      63.781 
-72.5017       63.78451 
-72.51361      63.78644 
-72.53316      63.78591 
-72.53823      63.78337 
-72.54975      63.78187 
-72.55179      63.7797 
-72.54221      63.77674 
-72.52749      63.77795 
-72.52236      63.77614 
 1             234 
1
 -9999.0   ,   9990.0 
 198 
-72.58556      64 
-72.5785       63.99927 
-72.5754       63.99736 
-72.59175      63.99196 
-72.59786      63.99142 
-72.59576      63.97938 
-72.5865       63.97389 
-72.58171      63.96749 
-72.5746       63.96623 
-72.56447      63.96744 
-72.55368      63.96202 
-72.57523      63.95865 
-72.58733      63.95506 
-72.58835      63.95295 
-72.56199      63.95587 
-72.553        63.95334 
-72.55221      63.94834 
-72.56555      63.94951 
-72.58729      63.94887 
-72.62358      63.94201 
-72.6288       63.93808 
-72.63098      63.93247 
-72.63868      63.93001 
-72.63966      63.92584 
-72.63466      63.92266 
-72.61431      63.92253 
-72.61571      63.91995 
-72.61101      63.91789 
-72.61625      63.91602 
-72.62147      63.91805 
-72.62335      63.91727 
-72.62359      63.91221 
-72.62136      63.90968 
-72.60951      63.8962 
-72.60038      63.88108 
-72.59671      63.87301 
-72.61968      63.86933 
-72.62136      63.85778 
-72.62978      63.85026 
-72.63126      63.84399 
-72.63596      63.84604 
-72.63845      63.84362 
-72.6322       63.83959 
-72.62048      63.84247 
-72.61666      63.84175 
-72.61891      63.83843 
-72.6152       63.83816 
-72.60229      63.84247 
-72.59275      63.85373 
-72.58581      63.85706 
-72.58345      63.87001 
-72.57601      63.87543 
-72.5643       63.88037 
-72.55778      63.87932 
-72.55733      63.87594 
-72.55725      63.87522 
-72.56399      63.86915 
-72.55825      63.86303 
-72.56461      63.8595 
-72.56333      63.85659 
-72.55134      63.85444 
-72.55303      63.85092 
-72.54218      63.84711 
-72.53793      63.84274 
-72.53273      63.8407 
-72.50675      63.84269 
-72.49385      63.84104 
-72.48748      63.84457 
-72.47503      63.83854 
-72.4867       63.83338 
-72.48732      63.83174 
-72.47968      63.83029 
-72.48109      63.8277 
-72.49106      63.82606 
-72.49005      63.81809 
-72.45696      63.81652 
-72.45208      63.82181 
-72.46086      63.82572 
-72.46201      63.82819 
-72.45841      63.82837 
-72.44451      63.82677 
-72.44226      63.81588 
-72.43741      63.81314 
-72.42602      63.81324 
-72.42465      63.81193 
-72.43108      63.80864 
-72.43768      63.80809 
-72.4422       63.80947 
-72.44702      63.80808 
-72.44854      63.79976 
-72.4552       63.79943 
-72.45951      63.796 
-72.4823       63.79785 
-72.4873       63.7976 
-72.48895      63.79752 
-72.49451      63.79495 
-72.51171      63.79524 
-72.51545      63.79367 
-72.48393      63.78196 
-72.47768      63.78181 
-72.46284      63.78667 
-72.44572      63.78867 
-72.43476      63.79448 
-72.42446      63.79476 
-72.42308      63.79346 
-72.4278       63.78956 
-72.43946      63.78852 
-72.4497       63.78389 
-72.48676      63.77677 
-72.4859       63.77544 
-72.46911      63.77261 
-72.4633       63.77015 
-72.45893      63.77128 
-72.45775      63.77478 
-72.44756      63.77346 
-72.44783      63.77655 
-72.44808      63.77961 
-72.43455      63.77937 
-72.4291       63.78445 
-72.41915      63.78196 
-72.42078      63.77822 
-72.41821      63.77628 
-72.39859      63.77862 
-72.39512      63.77307 
-72.3863       63.77098 
-72.38073      63.77355 
-72.37556      63.78594 
-72.37214      63.7868 
-72.35991      63.77938 
-72.35923      63.7746 
-72.34791      63.77493 
-72.33863      63.7834 
-72.34841      63.78934 
-72.34625      63.7931 
-72.35233      63.7967 
-72.36526      63.79653 
-72.37215      63.79917 
-72.37303      63.80398 
-72.37351      63.80666 
-72.38376      63.80615 
-72.39464      63.81021 
-72.39475      63.81272 
-72.38878      63.81576 
-72.37106      63.81961 
-72.35773      63.82439 
-72.34565      63.83414 
-72.33003      63.83399 
-72.32004      63.8418 
-72.32454      63.84525 
-72.32385      63.84872 
-72.30895      63.85563 
-72.30048      63.87162 
-72.31141      63.88002 
-72.30963      63.89156 
-72.30054      63.89268 
-72.29525      63.89076 
-72.27824      63.8846 
-72.28167      63.88169 
-72.2778       63.8766 
-72.26453      63.86923 
-72.24258      63.86662 
-72.2295       63.86839 
-72.2248       63.87458 
-72.2152       63.87572 
-72.22071      63.87912 
-72.21965      63.88536 
-72.22625      63.89306 
-72.23555      63.89284 
-72.25141      63.89597 
-72.25957      63.89947 
-72.26497      63.90654 
-72.2602       63.92715 
-72.25121      63.93276 
-72.24668      63.93559 
-72.23671      63.95004 
-72.23745      63.95298 
-72.2539       63.96044 
-72.26697      63.97103 
-72.28121      63.9779 
-72.2843       63.97776 
-72.30353      63.95874 
-72.30251      63.95054 
-72.2976       63.94757 
-72.3079       63.94707 
-72.31511      63.94878 
-72.3234       63.95479 
-72.31416      63.96372 
-72.31381      63.96854 
-72.3172       63.96953 
-72.30905      63.9747 
-72.30549      63.97696 
-72.30009      63.98455 
-72.29933      63.99191 
-72.3023       63.99338 
-72.30741      63.9929 
-72.31531      63.98908 
-72.33656      63.99882 
-72.33847      64 
 1             235 
1
 -9999.0   ,   9990.0 
 7 
-72.96075      63.75971 
-72.95543      63.76113 
-72.95991      63.76617 
-72.9783       63.76704 
-72.98721      63.76358 
-72.97805      63.76039 
-72.96075      63.75971 
 1             236 
1
 -9999.0   ,   9990.0 
 5 
-72.97895      63.74658 
-72.9785       63.74867 
-73.00348      63.751 
-73.0065       63.74878 
-72.97895      63.74658 
 1             237 
1
 -9999.0   ,   9990.0 
 6 
-73.05161      63.74316 
-73.02502      63.74825 
-73.02745      63.7495 
-73.05285      63.74768 
-73.05899      63.74551 
-73.05161      63.74316 
 1             238 
1
 -9999.0   ,   9990.0 
 29 
-72.27442      63.74185 
-72.27418      63.74713 
-72.26424      63.7467 
-72.26158      63.7443 
-72.24855      63.74814 
-72.24735      63.74958 
-72.26251      63.75228 
-72.25886      63.75428 
-72.24841      63.75388 
-72.24613      63.75513 
-72.26381      63.77008 
-72.27285      63.77308 
-72.27961      63.77321 
-72.28426      63.77528 
-72.29542      63.77428 
-72.29446      63.77043 
-72.3051       63.76739 
-72.33564      63.76316 
-72.34748      63.75662 
-72.35088      63.75164 
-72.3489       63.74991 
-72.33003      63.75106 
-72.318        63.74844 
-72.31355      63.74841 
-72.3097       63.74839 
-72.29934      63.75049 
-72.29605      63.74767 
-72.30237      63.74393 
-72.27442      63.74185 
 1             239 
1
 -9999.0   ,   9990.0 
 6 
-72.39487      63.74123 
-72.3864       63.74257 
-72.37181      63.74832 
-72.39107      63.75287 
-72.39981      63.74236 
-72.39487      63.74123 
 1             240 
1
 -9999.0   ,   9990.0 
 7 
-72.43525      63.73717 
-72.43423      63.73928 
-72.43719      63.74074 
-72.45133      63.74142 
-72.46081      63.74003 
-72.46133      63.73794 
-72.43525      63.73717 
 1             241 
1
 -9999.0   ,   9990.0 
 15 
-72.87897      63.73513 
-72.85187      63.75192 
-72.86565      63.75693 
-72.87566      63.75755 
-72.88859      63.75549 
-72.88314      63.75257 
-72.90851      63.75055 
-72.90961      63.74888 
-72.90046      63.7457 
-72.9095       63.7427 
-72.90709      63.74145 
-72.88804      63.74383 
-72.8838       63.74153 
-72.89226      63.73833 
-72.87897      63.73513 
 1             242 
1
 -9999.0   ,   9990.0 
 8 
-72.90268      63.727 
-72.89515      63.72786 
-72.89428      63.73043 
-72.8984       63.73228 
-72.9189       63.73142 
-72.92267      63.73007 
-72.9197       63.72862 
-72.90268      63.727 
 1             243 
1
 -9999.0   ,   9990.0 
 6 
-72.32859      63.72455 
-72.32836      63.72777 
-72.33705      63.73353 
-72.34568      63.73494 
-72.33722      63.72596 
-72.32859      63.72455 
 1             244 
1
 -9999.0   ,   9990.0 
 7 
-72.98146      63.71961 
-72.97495      63.72042 
-72.97321      63.72739 
-72.9778       63.72898 
-72.991        63.72232 
-72.98981      63.71985 
-72.98146      63.71961 
 1             245 
1
 -9999.0   ,   9990.0 
 11 
-72.1258       63.71577 
-72.1096       63.71722 
-72.1098       63.72019 
-72.127        63.72717 
-72.12996      63.72657 
-72.13227      63.72119 
-72.14301      63.72068 
-72.1428       63.71771 
-72.13822      63.71587 
-72.13129      63.71711 
-72.1258       63.71577 
 1             246 
1
 -9999.0   ,   9990.0 
 45 
-72.73665      63.73154 
-72.7295       63.72801 
-72.7274       63.724 
-72.73231      63.72099 
-72.75511      63.71523 
-72.76247      63.7176 
-72.76041      63.7216 
-72.76318      63.72421 
-72.75494      63.7283 
-72.75464      63.73107 
-72.76345      63.73107 
-72.76785      63.73796 
-72.77326      63.73882 
-72.78646      63.73194 
-72.7961       63.73121 
-72.8189       63.73323 
-72.82396      63.74054 
-72.81675      63.74458 
-72.81966      63.74581 
-72.82943      63.74552 
-72.8416       63.7426 
-72.85148      63.73497 
-72.86418      63.73408 
-72.86453      63.73727 
-72.86207      63.73865 
-72.84561      63.74789 
-72.83888      63.74985 
-72.82055      63.75104 
-72.81717      63.75396 
-72.82869      63.75634 
-72.80931      63.76332 
-72.80172      63.7621 
-72.79673      63.76283 
-72.78617      63.76016 
-72.77414      63.7617 
-72.7379       63.75991 
-72.73175      63.75817 
-72.72973      63.75643 
-72.73666      63.75126 
-72.73038      63.74906 
-72.72853      63.74595 
-72.7331       63.73975 
-72.73888      63.73808 
-72.74201      63.73425 
-72.73665      63.73154 
 1             247 
1
 -9999.0   ,   9990.0 
 9 
-72.37906      63.71337 
-72.35817      63.71875 
-72.35795      63.7199 
-72.36141      63.72134 
-72.37594      63.72154 
-72.37861      63.71774 
-72.38605      63.71646 
-72.38673      63.71505 
-72.37906      63.71337 
 1             248 
1
 -9999.0   ,   9990.0 
 9 
-72.86671      63.71261 
-72.86045      63.71432 
-72.85456      63.72128 
-72.8655       63.72735 
-72.88224      63.72418 
-72.8856       63.72125 
-72.87258      63.71712 
-72.8745       63.71267 
-72.86671      63.71261 
 1             249 
1
 -9999.0   ,   9990.0 
 9 
-72.79565      63.71197 
-72.77715      63.71638 
-72.77363      63.72459 
-72.77825      63.72641 
-72.80371      63.72669 
-72.82491      63.72467 
-72.82616      63.72162 
-72.8089       63.71312 
-72.79565      63.71197 
 1             250 
1
 -9999.0   ,   9990.0 
 9 
-71.80063      63.71094 
-71.79142      63.72029 
-71.79378      63.72156 
-71.80216      63.71981 
-71.80677      63.72188 
-71.81332      63.72113 
-71.81932      63.71582 
-71.81035      63.71051 
-71.80063      63.71094 
 1             251 
1
 -9999.0   ,   9990.0 
 10 
-72.5487       63.70125 
-72.53705      63.70825 
-72.52838      63.70869 
-72.52679      63.7106 
-72.5334       63.71623 
-72.54715      63.71531 
-72.5532       63.71271 
-72.5608       63.7121 
-72.56428      63.70757 
-72.5487       63.70125 
 1             252 
1
 -9999.0   ,   9990.0 
 7 
-73.07228      63.6996 
-73.0671       63.70148 
-73.06841      63.70439 
-73.0784       63.70867 
-73.08674      63.70891 
-73.0886       63.70629 
-73.07228      63.6996 
 1             253 
1
 -9999.0   ,   9990.0 
 14 
-73.03786      63.6987 
-73.01925      63.70062 
-73.00856      63.70509 
-73.00347      63.7111 
-72.99658      63.71238 
-72.99554      63.71428 
-72.99921      63.71637 
-73.00808      63.71659 
-73.0122       63.71843 
-73.0186       63.71717 
-73.02887      63.70744 
-73.04515      63.70634 
-73.05359      63.70129 
-73.03786      63.6987 
 1             254 
1
 -9999.0   ,   9990.0 
 7 
-72.78695      63.69867 
-72.78221      63.70419 
-72.78775      63.70757 
-72.80375      63.70743 
-72.8148       63.70226 
-72.8148       63.69837 
-72.78695      63.69867 
 1             255 
1
 -9999.0   ,   9990.0 
 8 
-72.89204      63.69706 
-72.87216      63.70201 
-72.87895      63.70418 
-72.88693      63.70306 
-72.89181      63.70006 
-72.89997      63.69963 
-72.89987      63.69734 
-72.89204      63.69706 
 1             256 
1
 -9999.0   ,   9990.0 
 15 
-72.73725      63.6946 
-72.7322       63.69899 
-72.73916      63.70184 
-72.72628      63.70595 
-72.72477      63.70808 
-72.73563      63.71394 
-72.75806      63.71072 
-72.76148      63.70802 
-72.7546       63.70539 
-72.76428      63.701 
-72.77173      63.70175 
-72.77389      63.6982 
-72.76946      63.69316 
-72.7489       63.6956 
-72.73725      63.6946 
 1             257 
1
 -9999.0   ,   9990.0 
 12 
-72.38921      63.68995 
-72.38223      63.69099 
-72.3773       63.69398 
-72.3697       63.69458 
-72.36795      63.69581 
-72.3722       63.69836 
-72.42031      63.70262 
-72.42354      63.70109 
-72.42121      63.69387 
-72.41326      63.69105 
-72.39443      63.69222 
-72.38921      63.68995 
 1             258 
1
 -9999.0   ,   9990.0 
 9 
-72.89063      63.68796 
-72.86605      63.6927 
-72.8538       63.69334 
-72.85111      63.69485 
-72.85458      63.69628 
-72.86548      63.6964 
-72.90493      63.69111 
-72.90483      63.68882 
-72.89063      63.68796 
 1             259 
1
 -9999.0   ,   9990.0 
 9 
-77.35698      63.68786 
-77.34471      63.68729 
-77.32629      63.69275 
-77.31407      63.69356 
-77.31144      63.69523 
-77.31446      63.69865 
-77.32295      63.69967 
-77.35631      63.68989 
-77.35698      63.68786 
 1             260 
1
 -9999.0   ,   9990.0 
 42 
-72.66359      63.75318 
-72.65268      63.75304 
-72.62216      63.74727 
-72.60501      63.73301 
-72.60593      63.72861 
-72.60083      63.72291 
-72.59195      63.71854 
-72.60537      63.70846 
-72.61394      63.70757 
-72.62403      63.70064 
-72.63288      63.69881 
-72.63316      63.69398 
-72.64805      63.68955 
-72.67475      63.68888 
-72.68516      63.68719 
-72.68736      63.69167 
-72.67004      63.69923 
-72.66416      63.7018 
-72.66696      63.70463 
-72.67185      63.70553 
-72.68006      63.70328 
-72.70839      63.7048 
-72.71358      63.70682 
-72.70414      63.7103 
-72.70275      63.71289 
-72.70763      63.71768 
-72.70431      63.72084 
-72.70733      63.7264 
-72.70507      63.72767 
-72.68582      63.72728 
-72.68038      63.73421 
-72.68525      63.73694 
-72.69895      63.73784 
-72.7063       63.74021 
-72.70536      63.74256 
-72.69455      63.74678 
-72.6788       63.74598 
-72.68271      63.75495 
-72.67775      63.75773 
-72.66046      63.75701 
-72.65816      63.75621 
-72.66359      63.75318 
 1             261 
1
 -9999.0   ,   9990.0 
 8 
-71.72666      63.68338 
-71.71768      63.68928 
-71.71556      63.69349 
-71.72301      63.69682 
-71.72303      63.7014 
-71.72886      63.70205 
-71.73691      63.69665 
-71.72666      63.68338 
 1             262 
1
 -9999.0   ,   9990.0 
 7 
-72.8527       63.68147 
-72.84811      63.68561 
-72.86078      63.68655 
-72.8649       63.6884 
-72.87424      63.6847 
-72.8655       63.68103 
-72.8527       63.68147 
 1             263 
1
 -9999.0   ,   9990.0 
 6 
-72.64904      63.68148 
-72.65185      63.68432 
-72.66618      63.68381 
-72.67598      63.6817 
-72.6725       63.68028 
-72.64904      63.68148 
 1             264 
1
 -9999.0   ,   9990.0 
 7 
-77.25685      63.67989 
-77.25205      63.68026 
-77.24395      63.68433 
-77.24033      63.68893 
-77.24453      63.69036 
-77.25973      63.68837 
-77.25685      63.67989 
 1             265 
1
 -9999.0   ,   9990.0 
 10 
-73.00103      63.67934 
-72.98757      63.68121 
-72.98673      63.68378 
-72.99475      63.68473 
-72.99713      63.68781 
-73.00674      63.6889 
-73.0083       63.68698 
-73.00595      63.68596 
-73.01451      63.68321 
-73.00103      63.67934 
 1             266 
1
 -9999.0   ,   9990.0 
 16 
-72.13316      63.67373 
-72.12618      63.67475 
-72.1195       63.68125 
-72.10718      63.68367 
-72.10913      63.68748 
-72.0961       63.69336 
-72.10132      63.69792 
-72.09896      63.70307 
-72.10406      63.7136 
-72.12998      63.70961 
-72.14339      63.70096 
-72.14433      63.69634 
-72.13655      63.6919 
-72.14027      63.686 
-72.13531      63.68257 
-72.13316      63.67373 
 1             267 
1
 -9999.0   ,   9990.0 
 14 
-72.28243      63.66769 
-72.27908      63.67083 
-72.28308      63.6766 
-72.28063      63.67923 
-72.27412      63.68001 
-72.27275      63.68283 
-72.27461      63.68411 
-72.28205      63.68283 
-72.29501      63.69136 
-72.2992       63.69162 
-72.30387      63.68337 
-72.29696      63.6805 
-72.29075      63.6721 
-72.28243      63.66769 
 1             268 
1
 -9999.0   ,   9990.0 
 21 
-77.42886      63.66653 
-77.4227       63.66637 
-77.41555      63.67234 
-77.41865      63.67554 
-77.42663      63.67652 
-77.4256       63.67806 
-77.41413      63.67985 
-77.39875      63.68713 
-77.38095      63.68919 
-77.37887      63.69389 
-77.39041      63.69511 
-77.39865      63.69219 
-77.4059       63.6922 
-77.40915      63.69655 
-77.4207       63.69615 
-77.44223      63.69065 
-77.45191      63.68644 
-77.44293      63.68218 
-77.44493      63.6777 
-77.43122      63.67198 
-77.42886      63.66653 
 1             269 
1
 -9999.0   ,   9990.0 
 12 
-72.52026      63.66692 
-72.53461      63.66849 
-72.53951      63.67146 
-72.53572      63.67485 
-72.5122       63.67375 
-72.50419      63.67071 
-72.49597      63.67089 
-72.4917       63.66629 
-72.4939       63.66275 
-72.51559      63.66074 
-72.52661      63.6634 
-72.52026      63.66692 
 1             270 
1
 -9999.0   ,   9990.0 
 10 
-71.56467      63.65806 
-71.55193      63.66571 
-71.54995      63.66831 
-71.55233      63.66981 
-71.56583      63.66556 
-71.57593      63.66695 
-71.58248      63.66621 
-71.58446      63.6636 
-71.57926      63.66108 
-71.56467      63.65806 
 1             271 
1
 -9999.0   ,   9990.0 
 8 
-72.09925      63.65725 
-72.09693      63.65828 
-72.1018       63.66995 
-72.11431      63.67257 
-72.12633      63.67108 
-72.12833      63.6687 
-72.11767      63.66302 
-72.09925      63.65725 
 1             272 
1
 -9999.0   ,   9990.0 
 9 
-72.80911      63.65555 
-72.8078       63.65837 
-72.80147      63.65985 
-72.80705      63.66919 
-72.81553      63.66805 
-72.81823      63.66654 
-72.81661      63.66433 
-72.83227      63.65525 
-72.80911      63.65555 
 1             273 
1
 -9999.0   ,   9990.0 
 12 
-77.47718      63.65356 
-77.46637      63.65332 
-77.45555      63.65791 
-77.4459       63.6589 
-77.43788      63.66436 
-77.43888      63.66603 
-77.44861      63.66482 
-77.46791      63.66607 
-77.47365      63.66437 
-77.46699      63.66095 
-77.47775      63.65658 
-77.47718      63.65356 
 1             274 
1
 -9999.0   ,   9990.0 
 20 
-72.84551      63.65066 
-72.83816      63.65219 
-72.83685      63.65501 
-72.84316      63.65927 
-72.83276      63.66096 
-72.83207      63.66421 
-72.82481      63.66413 
-72.82218      63.66587 
-72.83124      63.66884 
-72.84938      63.66904 
-72.86708      63.67338 
-72.8883       63.67158 
-72.90435      63.66591 
-72.90815      63.66273 
-72.90568      63.66125 
-72.86419      63.65679 
-72.85831      63.65411 
-72.85035      63.65523 
-72.84584      63.65385 
-72.84551      63.65066 
 1             275 
1
 -9999.0   ,   9990.0 
 15 
-71.97545      63.642 
-71.96893      63.65147 
-71.97657      63.65981 
-71.99026      63.66536 
-72.00505      63.66673 
-72.00866      63.66244 
-72.01446      63.66514 
-72.01777      63.66384 
-72.01263      63.65309 
-72.01561      63.65043 
-72.00766      63.64737 
-71.99776      63.64692 
-71.99171      63.64972 
-71.98538      63.64475 
-71.97545      63.642 
 1             276 
1
 -9999.0   ,   9990.0 
 13 
-72.10756      63.64036 
-72.10165      63.64362 
-72.10783      63.64791 
-72.10713      63.65138 
-72.11838      63.65955 
-72.12625      63.66215 
-72.1323       63.66164 
-72.13288      63.65977 
-72.1202       63.6542 
-72.12033      63.65052 
-72.11255      63.64608 
-72.11277      63.64057 
-72.10756      63.64036 
 1             277 
1
 -9999.0   ,   9990.0 
 7 
-71.6895       63.64018 
-71.68588      63.64239 
-71.68456      63.64795 
-71.69008      63.65182 
-71.70008      63.64817 
-71.70105      63.64561 
-71.6895       63.64018 
 1             278 
1
 -9999.0   ,   9990.0 
 10 
-72.76313      63.63983 
-72.75408      63.64076 
-72.75955      63.65171 
-72.77066      63.65274 
-72.7751       63.65778 
-72.78675      63.65695 
-72.78361      63.65482 
-72.78756      63.65026 
-72.76788      63.64807 
-72.76313      63.63983 
 1             279 
1
 -9999.0   ,   9990.0 
 91 
-72.60385      63.63656 
-72.59688      63.6376 
-72.59278      63.64171 
-72.58293      63.64153 
-72.57791      63.64407 
-72.56188      63.64397 
-72.55368      63.64621 
-72.54296      63.65272 
-72.5391       63.65978 
-72.53152      63.66246 
-72.53726      63.66469 
-72.55272      63.6646 
-72.56089      63.66625 
-72.56579      63.66921 
-72.57076      63.66644 
-72.58605      63.66566 
-72.59593      63.66195 
-72.59935      63.66315 
-72.59428      63.66754 
-72.57623      63.67166 
-72.57167      63.67602 
-72.5604       63.67636 
-72.54891      63.67992 
-72.55611      63.68185 
-72.5502       63.6849 
-72.53917      63.68569 
-72.52938      63.6864 
-72.52526      63.69051 
-72.51755      63.69067 
-72.5103       63.68851 
-72.50774      63.6907 
-72.50975      63.6945 
-72.49742      63.69076 
-72.48506      63.69092 
-72.47488      63.68547 
-72.47708      63.68192 
-72.4727       63.67893 
-72.47474      63.67677 
-72.48268      63.67546 
-72.48254      63.67088 
-72.47709      63.66771 
-72.46478      63.66397 
-72.45006      63.66906 
-72.44795      63.68315 
-72.45261      63.69139 
-72.45009      63.70183 
-72.45312      63.70764 
-72.47016      63.70835 
-72.4782       63.70868 
-72.51047      63.7034 
-72.5185       63.69842 
-72.53126      63.69777 
-72.56651      63.6921 
-72.58075      63.68519 
-72.59576      63.68328 
-72.60385      63.68058 
-72.62005      63.6793 
-72.62694      63.67596 
-72.6464       63.67726 
-72.67426      63.67514 
-72.6906       63.67637 
-72.7164       63.67229 
-72.71953      63.66846 
-72.72049      63.66831 
-72.7369       63.66573 
-72.74997      63.66047 
-72.76545      63.66035 
-72.7639       63.65837 
-72.75611      63.65625 
-72.74833      63.65619 
-72.73999      63.65983 
-72.72647      63.66145 
-72.70555      63.66047 
-72.70255      63.66475 
-72.6995       63.66491 
-72.69458      63.66195 
-72.68454      63.66109 
-72.67096      63.66248 
-72.66459      63.66579 
-72.65796      63.66612 
-72.66373      63.67041 
-72.65983      63.6713 
-72.65238      63.66847 
-72.65053      63.66536 
-72.6559       63.65821 
-72.64957      63.65372 
-72.6455       63.65392 
-72.64195      63.65616 
-72.63375      63.6504 
-72.6242       63.64599 
-72.60385      63.63656 
 1             280 
1
 -9999.0   ,   9990.0 
 491 
-72.30492      64 
-72.30567      63.99848 
-72.29071      63.9992 
-72.27637      63.98569 
-72.2555       63.97319 
-72.24995      63.97391 
-72.23864      63.9662 
-72.2386       63.96186 
-72.23456      63.95816 
-72.22846      63.95651 
-72.22227      63.95485 
-72.21666      63.94482 
-72.22585      63.93436 
-72.22048      63.93413 
-72.21147      63.94222 
-72.2077       63.9212 
-72.21831      63.91359 
-72.22194      63.90723 
-72.20818      63.89575 
-72.2053       63.89039 
-72.18106      63.87644 
-72.17387      63.87678 
-72.17121      63.87439 
-72.17187      63.86862 
-72.18138      63.86497 
-72.18258      63.86256 
-72.18975      63.84831 
-72.18955      63.84328 
-72.19992      63.84325 
-72.20323      63.83346 
-72.20883      63.83091 
-72.2079       63.82294 
-72.21093      63.8205 
-72.2172       63.82066 
-72.22013      63.80723 
-72.23236      63.79795 
-72.24333      63.79833 
-72.24818      63.79283 
-72.23845      63.78276 
-72.24184      63.7755 
-72.23271      63.76792 
-72.23365      63.76123 
-72.22513      63.76026 
-72.22398      63.75888 
-72.22293      63.75762 
-72.22642      63.75287 
-72.2178       63.7494 
-72.22498      63.74493 
-72.2321       63.74435 
-72.24123      63.74575 
-72.25403      63.741 
-72.26576      63.73402 
-72.2724       63.7337 
-72.28835      63.73957 
-72.30448      63.73993 
-72.32205      63.73152 
-72.31769      63.72439 
-72.30985      63.72409 
-72.29775      63.72949 
-72.28963      63.72805 
-72.28613      63.72227 
-72.27915      63.72123 
-72.24951      63.72267 
-72.24343      63.72113 
-72.23497      63.72245 
-72.23192      63.72097 
-72.22556      63.71787 
-72.23864      63.71426 
-72.22986      63.7101 
-72.23804      63.70971 
-72.25323      63.7147 
-72.27095      63.71522 
-72.27348      63.71715 
-72.28086      63.71771 
-72.2862       63.71424 
-72.31203      63.71619 
-72.31856      63.71335 
-72.31192      63.71162 
-72.30244      63.713 
-72.2974       63.71141 
-72.29899      63.70744 
-72.28282      63.70685 
-72.27886      63.70544 
-72.28141      63.70325 
-72.29293      63.70178 
-72.30191      63.69836 
-72.29998      63.69684 
-72.27213      63.69706 
-72.25913      63.69884 
-72.25833      63.70392 
-72.25633      63.70395 
-72.25163      63.70401 
-72.24545      63.69995 
-72.23604      63.69949 
-72.23976      63.69565 
-72.24769      63.69435 
-72.25196      63.69071 
-72.25576      63.67678 
-72.24671      63.67149 
-72.24865      63.66887 
-72.24441      63.66633 
-72.2497       63.66263 
-72.24744      63.65977 
-72.24171      63.65959 
-72.23938      63.66474 
-72.2264       63.66445 
-72.21868      63.66872 
-72.20623      63.66428 
-72.19829      63.66558 
-72.18238      63.6723 
-72.17887      63.67911 
-72.18654      63.69569 
-72.18626      63.70013 
-72.18571      63.70925 
-72.17949      63.7155 
-72.18085      63.73376 
-72.16611      63.72851 
-72.1631       63.73094 
-72.16556      63.73472 
-72.16285      63.74058 
-72.17616      63.75482 
-72.18463      63.75763 
-72.17806      63.76046 
-72.18366      63.76432 
-72.19605      63.76625 
-72.19466      63.76906 
-72.18125      63.76924 
-72.17503      63.77137 
-72.1698       63.77116 
-72.16579      63.76747 
-72.16735      63.75479 
-72.16471      63.7524 
-72.15705      63.7507 
-72.12508      63.73207 
-72.11998      63.73231 
-72.10661      63.72837 
-72.09286      63.71642 
-72.08742      63.7153 
-72.06266      63.68967 
-72.06935      63.67882 
-72.06784      63.67683 
-72.06042      63.67604 
-72.05272      63.68052 
-72.0513       63.68746 
-72.06015      63.70285 
-72.05703      63.70711 
-72.05822      63.7121 
-72.06481      63.71156 
-72.06611      63.71264 
-72.0634       63.72348 
-72.05569      63.71627 
-72.0543       63.72373 
-72.05881      63.73176 
-72.0497       63.73906 
-72.05473      63.74707 
-72.05075      63.74771 
-72.04097      63.73718 
-72.04901      63.72536 
-72.045        63.7173 
-72.0345       63.70795 
-72.04269      63.7055 
-72.03989      63.70242 
-72.0458       63.70123 
-72.04725      63.69864 
-72.03002      63.68708 
-72.03243      63.68423 
-72.03857      63.68394 
-72.04021      63.67355 
-72.04946      63.67335 
-72.05005      63.67148 
-72.04203      63.6682 
-72.03783      63.66359 
-72.03205      63.66317 
-72.02361      63.66884 
-72.03296      63.67343 
-72.03038      63.67562 
-72.02108      63.67945 
-72.01407      63.67432 
-72.00762      63.6776 
-72.00446      63.68599 
-71.99043      63.68779 
-71.975        63.6924 
-71.97203      63.68759 
-71.95955      63.69037 
-71.9553       63.68988 
-71.95288      63.69274 
-71.95716      63.69987 
-71.94615      63.69924 
-71.94255      63.70147 
-71.94208      63.70607 
-71.94968      63.70984 
-71.96273      63.71038 
-71.97001      63.71714 
-71.96773      63.71839 
-71.95983      63.71555 
-71.95526      63.73339 
-71.94798      63.73327 
-71.93076      63.72672 
-71.92866      63.72592 
-71.9134       63.72251 
-71.91173      63.71983 
-71.92783      63.7136 
-71.93318      63.71656 
-71.93795      63.71267 
-71.92446      63.70368 
-71.93362      63.69868 
-71.93258      63.69768 
-71.92208      63.68913 
-71.9167       63.69259 
-71.92226      63.69747 
-71.90795      63.69047 
-71.90443      63.69315 
-71.9103       63.69838 
-71.90372      63.69891 
-71.89971      63.69726 
-71.89823      63.68428 
-71.90483      63.6794 
-71.90182      63.67541 
-71.90374      63.67258 
-71.90885      63.67234 
-71.91466      63.66635 
-71.9189       63.66684 
-71.92662      63.67335 
-71.93831      63.67258 
-71.95218      63.66576 
-71.9496       63.65695 
-71.95695      63.65752 
-71.9577       63.65634 
-71.95408      63.65193 
-71.9486       63.65058 
-71.94942      63.64527 
-71.9433       63.64556 
-71.93771      63.64376 
-71.92961      63.64436 
-71.92383      63.6483 
-71.91791      63.64878 
-71.91725      63.64883 
-71.9042       63.64371 
-71.90556      63.63631 
-71.90208      63.63464 
-71.89695      63.63694 
-71.88375      63.63777 
-71.88346      63.641 
-71.8992       63.65539 
-71.89262      63.65592 
-71.88887      63.65975 
-71.88198      63.65892 
-71.87714      63.66029 
-71.87478      63.66567 
-71.88115      63.67751 
-71.86474      63.67574 
-71.85931      63.67233 
-71.86501      63.6636 
-71.86223      63.66051 
-71.85311      63.66117 
-71.85015      63.66405 
-71.8495       63.67232 
-71.85548      63.68029 
-71.8563       63.68072 
-71.86902      63.68745 
-71.86946      63.69156 
-71.85993      63.69497 
-71.86719      63.70173 
-71.86294      63.70124 
-71.85002      63.70343 
-71.84961      63.71054 
-71.84498      63.71282 
-71.83102      63.71277 
-71.8367       63.7283 
-71.84173      63.7322 
-71.84986      63.7316 
-71.85736      63.72828 
-71.86463      63.72841 
-71.8807       63.73522 
-71.87687      63.73654 
-71.86727      63.73309 
-71.85942      63.73712 
-71.8523       63.73538 
-71.84017      63.73662 
-71.83262      63.73971 
-71.83106      63.74636 
-71.83028      63.74966 
-71.8153       63.76316 
-71.81941      63.76526 
-71.82693      63.76195 
-71.85598      63.75559 
-71.86346      63.74998 
-71.87278      63.75001 
-71.87942      63.74742 
-71.88634      63.74825 
-71.89125      63.74711 
-71.88575      63.74347 
-71.90015      63.74097 
-71.90738      63.73652 
-71.91203      63.73653 
-71.91426      63.73941 
-71.91925      63.74078 
-71.91983      63.74327 
-71.91247      63.74499 
-71.90415      63.75361 
-71.89111      63.75535 
-71.88365      63.76325 
-71.88753      63.76879 
-71.89215      63.76858 
-71.89655      63.77004 
-71.89944      63.771 
-71.90885      63.76255 
-71.91687      63.76149 
-71.9159       63.75513 
-71.92538      63.75584 
-71.93551      63.75491 
-71.93923      63.75314 
-71.93595      63.74802 
-71.93678      63.73837 
-71.94925      63.73642 
-71.95896      63.74032 
-71.96485      63.74554 
-71.96485      63.74989 
-71.95919      63.75222 
-71.95521      63.74851 
-71.94648      63.75532 
-71.95633      63.75761 
-71.95641      63.76013 
-71.94597      63.76634 
-71.94283      63.7793 
-71.92641      63.78876 
-71.92533      63.789 
-71.91756      63.79077 
-71.91161      63.79631 
-71.91958      63.80372 
-71.92131      63.82426 
-71.92503      63.83118 
-71.9216       63.843 
-71.92401      63.84885 
-71.92344      63.853 
-71.91459      63.85729 
-71.91393      63.86328 
-71.90573      63.86594 
-71.89371      63.85688 
-71.89714      63.84276 
-71.88784      63.83631 
-71.90259      63.81962 
-71.88105      63.80961 
-71.88552      63.80437 
-71.8778       63.80015 
-71.88423      63.79665 
-71.88301      63.79479 
-71.88101      63.79176 
-71.87158      63.79356 
-71.8523       63.78643 
-71.84925      63.78222 
-71.84243      63.78184 
-71.83943      63.7845 
-71.84177      63.79011 
-71.83718      63.80818 
-71.83325      63.81362 
-71.82523      63.81032 
-71.8284       63.80606 
-71.82411      63.80328 
-71.82826      63.78775 
-71.83435      63.78267 
-71.83041      63.77918 
-71.82441      63.77785 
-71.82253      63.78092 
-71.8193       63.78037 
-71.81138      63.78417 
-71.806        63.78327 
-71.78616      63.77363 
-71.793        63.76737 
-71.77782      63.76668 
-71.76776      63.76119 
-71.75858      63.75954 
-71.75947      63.75218 
-71.75629      63.74957 
-71.7339       63.7444 
-71.73173      63.73945 
-71.72532      63.73631 
-71.72742      63.73416 
-71.7378       63.73438 
-71.75436      63.74119 
-71.76946      63.74166 
-71.77236      63.73626 
-71.78699      63.73468 
-71.78948      63.73205 
-71.78225      63.72757 
-71.76895      63.72589 
-71.76514      63.72285 
-71.75796      63.72088 
-71.76885      63.71879 
-71.77018      63.71553 
-71.76778      63.7126 
-71.76657      63.71111 
-71.75776      63.70647 
-71.7509       63.70587 
-71.74336      63.71124 
-71.70984      63.70244 
-71.69012      63.71111 
-71.68696      63.71537 
-71.69081      63.72321 
-71.70203      63.73163 
-71.70173      63.73714 
-71.69058      63.73809 
-71.68233      63.73594 
-71.6718       63.73733 
-71.65803      63.74732 
-71.65116      63.749 
-71.64601      63.74671 
-71.64174      63.73935 
-71.63386      63.7342 
-71.63576      63.73114 
-71.63818      63.73057 
-71.66175      63.72496 
-71.66365      63.7219 
-71.65755      63.71095 
-71.6722       63.69131 
-71.67184      63.68285 
-71.68031      63.67927 
-71.69466      63.67657 
-71.69308      63.67412 
-71.68235      63.67002 
-71.66876      63.66697 
-71.65686      63.66681 
-71.65998      63.67834 
-71.64986      63.67696 
-71.64415      63.67447 
-71.64501      63.66917 
-71.64154      63.6652 
-71.6321       63.66218 
-71.62999      63.66021 
-71.62883      63.65912 
-71.63853      63.6587 
-71.63818      63.65482 
-71.62858      63.65341 
-71.63395      63.64974 
-71.6319       63.64755 
-71.62307      63.64725 
-71.61609      63.64138 
-71.60869      63.64056 
-71.6013       63.63288 
-71.59876      63.63299 
-71.59216      63.64266 
-71.57834      63.64075 
-71.5773       63.64767 
-71.59106      63.6585 
-71.59845      63.66848 
-71.60012      63.67596 
-71.61661      63.67591 
-71.6438       63.68661 
-71.63923      63.68977 
-71.63531      63.69248 
-71.62703      63.6901 
-71.621        63.69083 
-71.6166       63.69651 
-71.62262      63.70723 
-71.62037      63.71099 
-71.61413      63.71081 
-71.60032      63.71371 
-71.595        63.7176 
-71.58932      63.71762 
-71.5744       63.71324 
-71.56227      63.71217 
-71.55993      63.7109 
-71.56633      63.70719 
-71.56275      63.70506 
-71.58031      63.69811 
-71.60031      63.69517 
-71.59872      63.69272 
-71.5841       63.69199 
-71.5743       63.6851 
-71.56511      63.6855 
-71.55389      63.67913 
-71.5471       63.67874 
-71.54281      63.67572 
-71.53863      63.67545 
-71.53498      63.67995 
-71.5388       63.68322 
-71.52882      63.68938 
-71.5193       63.70466 
-71.48783      63.71175 
-71.47861      63.71215 
-71.47663      63.71017 
-71.48701      63.69874 
-71.48923      63.69773 
-71.4964       63.69445 
-71.50145      63.68461 
-71.51158      63.68372 
-71.514        63.67835 
-71.53163      63.67644 
-71.54336      63.66654 
-71.54567      63.66072 
-71.54283      63.65947 
 1             281 
1
 -9999.0   ,   9990.0 
 12 
-77.46701      63.62597 
-77.47127      63.63039 
-77.47656      63.63165 
-77.47653      63.63809 
-77.46579      63.63924 
-77.46498      63.64494 
-77.46088      63.6479 
-77.4551       63.6466 
-77.44876      63.63745 
-77.45125      63.633 
-77.46035      63.62738 
-77.46701      63.62597 
 1             282 
1
 -9999.0   ,   9990.0 
 59 
-72.50277      63.63273 
-72.51606      63.63023 
-72.52083      63.63274 
-72.51921      63.63443 
-72.50523      63.63834 
-72.48525      63.64095 
-72.47681      63.64022 
-72.47676      63.63587 
-72.46668      63.63684 
-72.46028      63.64013 
-72.46218      63.64348 
-72.44643      63.64655 
-72.43302      63.65272 
-72.43937      63.65539 
-72.42534      63.66112 
-72.41791      63.66241 
-72.41175      63.66042 
-72.41202      63.65743 
-72.40698      63.65585 
-72.39927      63.65806 
-72.37666      63.65849 
-72.36483      63.65655 
-72.34251      63.64986 
-72.33773      63.64691 
-72.33459      63.64498 
-72.3368       63.6435 
-72.34155      63.64395 
-72.34988      63.64216 
-72.37241      63.6477 
-72.37587      63.64501 
-72.3898       63.64913 
-72.39326      63.64438 
-72.39852      63.64481 
-72.39914      63.63905 
-72.41006      63.63942 
-72.42003      63.63801 
-72.42615      63.63977 
-72.42699      63.63698 
-72.4151       63.63482 
-72.41096      63.62861 
-72.42318      63.628 
-72.42645      63.61844 
-72.43515      63.61618 
-72.45416      63.61798 
-72.44806      63.62034 
-72.44831      63.62331 
-72.45594      63.62499 
-72.46288      63.61984 
-72.46781      63.62096 
-72.46585      63.62541 
-72.46637      63.62556 
-72.47026      63.62657 
-72.47725      63.61957 
-72.48262      63.61839 
-72.48825      63.62429 
-72.50138      63.62524 
-72.50575      63.62823 
-72.50084      63.63123 
-72.50277      63.63273 
 1             283 
1
 -9999.0   ,   9990.0 
 44 
-71.8096       63.69202 
-71.81355      63.6909 
-71.81133      63.68574 
-71.82487      63.68626 
-71.82422      63.68126 
-71.80815      63.66527 
-71.81037      63.66151 
-71.81746      63.66096 
-71.84378      63.67877 
-71.84571      63.67821 
-71.83674      63.66626 
-71.821        63.65393 
-71.82413      63.64967 
-71.83678      63.64863 
-71.83881      63.64625 
-71.83853      63.64283 
-71.82771      63.63394 
-71.82866      63.63137 
-71.83656      63.62987 
-71.83602      63.62947 
-71.8322       63.62663 
-71.83708      63.61656 
-71.82523      63.60543 
-71.81826      63.60643 
-71.78814      63.60528 
-71.77908      63.60615 
-71.77116      63.60308 
-71.7667       63.60603 
-71.76645      63.60947 
-71.7781       63.61536 
-71.76429      63.61804 
-71.75701      63.6289 
-71.75016      63.62829 
-71.74721      63.63117 
-71.74115      63.64747 
-71.74946      63.659 
-71.74906      63.66406 
-71.74755      63.66475 
-71.73785      63.66914 
-71.76103      63.68022 
-71.78526      63.68463 
-71.7946       63.68924 
-71.80376      63.68654 
-71.8096       63.69202 
 1             284 
1
 -9999.0   ,   9990.0 
 24 
-71.93978      63.59993 
-71.92953      63.60452 
-71.91999      63.60336 
-71.91888      63.60524 
-71.92555      63.60951 
-71.92477      63.61276 
-71.93076      63.61637 
-71.92894      63.61737 
-71.91701      63.617 
-71.91046      63.61983 
-71.90033      63.62053 
-71.90718      63.63006 
-71.91362      63.63113 
-71.92181      63.6287 
-71.94292      63.62863 
-71.95016      63.6244 
-71.95462      63.6258 
-71.95885      63.63064 
-71.98093      63.63899 
-71.9896       63.63859 
-71.99002      63.63606 
-71.95964      63.61869 
-71.95662      63.61584 
-71.93978      63.59993 
 1             285 
1
 -9999.0   ,   9990.0 
 34 
-72.26463      63.58928 
-72.2618       63.5924 
-72.26518      63.59567 
-72.26133      63.59677 
-72.25105      63.59475 
-72.24573      63.59616 
-72.23748      63.59404 
-72.22016      63.599 
-72.22002      63.60474 
-72.22542      63.60997 
-72.24615      63.61676 
-72.29355      63.62087 
-72.31945      63.62762 
-72.3268       63.62818 
-72.35103      63.62401 
-72.35454      63.62154 
-72.36393      63.62406 
-72.37593      63.62255 
-72.38861      63.61757 
-72.38965      63.61608 
-72.39125      63.61377 
-72.38588      63.60671 
-72.3645       63.60157 
-72.34855      63.60167 
-72.33481      63.60647 
-72.33068      63.60438 
-72.3075       63.60644 
-72.2868       63.60607 
-72.27748      63.60378 
-72.27506      63.60023 
-72.2806       63.59767 
-72.28959      63.59654 
-72.29107      63.59418 
-72.26463      63.58928 
 1             286 
1
 -9999.0   ,   9990.0 
 21 
-71.81135      63.58317 
-71.80326      63.58376 
-71.79874      63.58649 
-71.80527      63.58802 
-71.79881      63.59129 
-71.81185      63.59871 
-71.81996      63.6004 
-71.83945      63.59791 
-71.84177      63.60124 
-71.85916      63.60296 
-71.85755      63.60051 
-71.84913      63.59746 
-71.8542       63.59494 
-71.85264      63.59044 
-71.848        63.58813 
-71.83316      63.58629 
-71.83363      63.58833 
-71.8423       63.59022 
-71.84063      63.5919 
-71.83386      63.59152 
-71.81135      63.58317 
 1             287 
1
 -9999.0   ,   9990.0 
 13 
-72.12152      63.58289 
-72.11273      63.58697 
-72.11971      63.59031 
-72.15687      63.59495 
-72.16358      63.59714 
-72.1831       63.59483 
-72.18365      63.58862 
-72.1783       63.58567 
-72.16368      63.5827 
-72.15001      63.58153 
-72.14711      63.58442 
-72.13888      63.58229 
-72.12152      63.58289 
 1             288 
1
 -9999.0   ,   9990.0 
 10 
-72.44676      63.5764 
-72.43688      63.57805 
-72.44626      63.58056 
-72.44791      63.583 
-72.44126      63.58722 
-72.4429       63.59172 
-72.45143      63.59084 
-72.46147      63.58575 
-72.45575      63.57733 
-72.44676      63.5764 
 1             289 
1
 -9999.0   ,   9990.0 
 59 
-71.71146      63.58494 
-71.70592      63.59 
-71.72058      63.60467 
-71.71463      63.6125 
-71.69313      63.613 
-71.68538      63.61518 
-71.6788       63.61112 
-71.671        63.61079 
-71.66372      63.615 
-71.65445      63.61267 
-71.64496      63.614 
-71.63986      63.61652 
-71.64771      63.62396 
-71.64644      63.62516 
-71.62448      63.62133 
-71.6233       63.62526 
-71.61718      63.62553 
-71.61406      63.62773 
-71.62318      63.63397 
-71.62068      63.6366 
-71.6062       63.62945 
-71.6013       63.62384 
-71.59099      63.61204 
-71.60415      63.60643 
-71.61169      63.60564 
-71.61332      63.60145 
-71.61954      63.60391 
-71.6307       63.60319 
-71.63187      63.59925 
-71.64363      63.59896 
-71.6436       63.59644 
-71.62708      63.58481 
-71.63015      63.5801 
-71.64542      63.58171 
-71.65285      63.57817 
-71.65631      63.58214 
-71.65463      63.58611 
-71.66375      63.59234 
-71.66238      63.59538 
-71.66595      63.59751 
-71.67358      63.59488 
-71.68861      63.59764 
-71.6875       63.59265 
-71.69126      63.59111 
-71.68249      63.58876 
-71.68037      63.58876 
-71.67683      63.58878 
-71.67521      63.59069 
-71.66583      63.5879 
-71.66385      63.58364 
-71.66822      63.57566 
-71.69318      63.5837 
-71.69378      63.58184 
-71.68619      63.57783 
-71.68766      63.57525 
-71.69311      63.57432 
-71.69546      63.58016 
-71.70116      63.58037 
-71.71146      63.58494 
 1             290 
1
 -9999.0   ,   9990.0 
 8 
-71.70634      63.57372 
-71.70528      63.57583 
-71.7199       63.58364 
-71.72591      63.58291 
-71.72698      63.58081 
-71.71658      63.57807 
-71.71052      63.57399 
-71.70634      63.57372 
 1             291 
1
 -9999.0   ,   9990.0 
 10 
-72.34023      63.56404 
-72.33017      63.565 
-72.32775      63.56763 
-72.33242      63.56993 
-72.34638      63.57015 
-72.35321      63.56867 
-72.36111      63.57149 
-72.36326      63.56772 
-72.36118      63.56553 
-72.34023      63.56404 
 1             292 
1
 -9999.0   ,   9990.0 
 27 
-72.19506      63.55096 
-72.15362      63.56028 
-72.14356      63.56122 
-72.14015      63.56413 
-72.14651      63.56704 
-72.16404      63.57146 
-72.17827      63.57284 
-72.18947      63.57871 
-72.20092      63.58137 
-72.20901      63.57869 
-72.22273      63.58215 
-72.23258      63.5803 
-72.24182      63.58443 
-72.2621       63.58528 
-72.26821      63.58292 
-72.26631      63.57728 
-72.25605      63.57527 
-72.25159      63.57181 
-72.2268       63.57141 
-72.22293      63.56874 
-72.22246      63.56842 
-72.21698      63.56914 
-72.20261      63.56296 
-72.19311      63.56411 
-72.19162      63.56005 
-72.19939      63.55395 
-72.19506      63.55096 
 1             293 
1
 -9999.0   ,   9990.0 
 7 
-71.26913      63.54299 
-71.27078      63.53752 
-71.2685       63.53555 
-71.26315      63.5366 
-71.26216      63.54079 
-71.26461      63.54359 
-71.26913      63.54299 
 1             294 
1
 -9999.0   ,   9990.0 
 7 
-71.8248       63.53447 
-71.81875      63.53497 
-71.82315      63.53844 
-71.83645      63.54264 
-71.84448      63.5441 
-71.8479       63.54325 
-71.8248       63.53447 
 1             295 
1
 -9999.0   ,   9990.0 
 11 
-71.69247      63.52604 
-71.68673      63.53018 
-71.6754       63.5323 
-71.67469      63.53599 
-71.678        63.53928 
-71.68751      63.54275 
-71.69535      63.54102 
-71.70138      63.53594 
-71.69466      63.5335 
-71.69725      63.52903 
-71.69247      63.52604 
 1             296 
1
 -9999.0   ,   9990.0 
 9 
-71.76885      63.52557 
-71.7653       63.52802 
-71.77324      63.53132 
-71.79368      63.53314 
-71.80452      63.53562 
-71.80461      63.53379 
-71.78669      63.52728 
-71.77755      63.5254 
-71.76885      63.52557 
 1             297 
1
 -9999.0   ,   9990.0 
 28 
-71.71793      63.52512 
-71.71164      63.53136 
-71.71353      63.53288 
-71.72186      63.53342 
-71.72039      63.536 
-71.72548      63.53806 
-71.72473      63.54153 
-71.73633      63.54284 
-71.74458      63.5475 
-71.7543       63.54958 
-71.76885      63.5503 
-71.77001      63.54864 
-71.74638      63.53964 
-71.76571      63.54105 
-71.79696      63.54742 
-71.79781      63.5444 
-71.80511      63.5427 
-71.80583      63.54129 
-71.79981      63.53973 
-71.78481      63.53927 
-71.77061      63.53556 
-71.76735      63.5325 
-71.75346      63.53016 
-71.74995      63.52826 
-71.74511      63.53121 
-71.74184      63.5332 
-71.73013      63.52686 
-71.71793      63.52512 
 1             298 
1
 -9999.0   ,   9990.0 
 37 
-72.192        63.51719 
-72.15363      63.51996 
-72.14803      63.52229 
-72.14761      63.52483 
-72.151        63.52604 
-72.1611       63.52326 
-72.16776      63.52317 
-72.16521      63.52536 
-72.13951      63.53163 
-72.13272      63.53975 
-72.12623      63.54051 
-72.12761      63.54412 
-72.13583      63.54624 
-72.1326       63.54777 
-72.12088      63.54604 
-72.11993      63.55067 
-72.13996      63.5591 
-72.14495      63.55841 
-72.14693      63.55601 
-72.15258      63.55597 
-72.17451      63.55103 
-72.16963      63.54783 
-72.17426      63.54577 
-72.18978      63.54486 
-72.19605      63.54449 
-72.20156      63.5417 
-72.20883      63.54204 
-72.21239      63.53981 
-72.20952      63.53857 
-72.18972      63.53746 
-72.18902      63.53246 
-72.2033       63.532 
-72.20213      63.5293 
-72.18077      63.52598 
-72.18547      63.52209 
-72.19276      63.52036 
-72.192        63.51719 
 1             299 
1
 -9999.0   ,   9990.0 
 9 
-71.80033      63.52185 
-71.81015      63.52437 
-71.80894      63.5258 
-71.80218      63.52542 
-71.79098      63.52136 
-71.78468      63.52073 
-71.78141      63.51767 
-71.78481      63.51683 
-71.80033      63.52185 
 1             300 
1
 -9999.0   ,   9990.0 
 43 
-71.51984      63.53918 
-71.51585      63.53577 
-71.52731      63.54045 
-71.53235      63.53772 
-71.539        63.54223 
-71.53501      63.54973 
-71.5504       63.55661 
-71.5682       63.55583 
-71.5707       63.55091 
-71.56475      63.54957 
-71.56598      63.54814 
-71.58581      63.54727 
-71.58963      63.54367 
-71.58303      63.53938 
-71.57576      63.53902 
-71.58155      63.54196 
-71.58083      63.54337 
-71.57631      63.5438 
-71.57041      63.54269 
-71.56448      63.53905 
-71.56413      63.53518 
-71.57252      63.53366 
-71.57408      63.52673 
-71.58011      63.52852 
-71.59241      63.52844 
-71.61096      63.52418 
-71.60908      63.52266 
-71.59852      63.51901 
-71.58815      63.51881 
-71.5841       63.51873 
-71.5745       63.51938 
-71.57986      63.52281 
-71.57534      63.52324 
-71.54986      63.51475 
-71.53767      63.51528 
-71.53049      63.51995 
-71.51476      63.52544 
-71.5124       63.53104 
-71.5083       63.53099 
-71.50426      63.53368 
-71.51774      63.54362 
-71.52105      63.54233 
-71.51984      63.53918 
 1             301 
1
 -9999.0   ,   9990.0 
 9 
-71.96511      63.50873 
-71.96346      63.51042 
-71.96805      63.51249 
-71.97756      63.51365 
-72.00557      63.52356 
-72.01049      63.52264 
-72.00788      63.52024 
-71.98272      63.51158 
-71.96511      63.50873 
 1             302 
1
 -9999.0   ,   9990.0 
 9 
-72.25529      63.50725 
-72.25399      63.50823 
-72.26981      63.5141 
-72.28858      63.51525 
-72.29128      63.51374 
-72.27873      63.51068 
-72.26836      63.51028 
-72.26143      63.50717 
-72.25529      63.50725 
 1             303 
1
 -9999.0   ,   9990.0 
 8 
-72.09331      63.50611 
-72.09735      63.50799 
-72.09576      63.5099 
-72.08776      63.51074 
-72.06366      63.50661 
-72.06375      63.50477 
-72.0904       63.50465 
-72.09331      63.50611 
 1             304 
1
 -9999.0   ,   9990.0 
 8 
-71.66475      63.49866 
-71.66745      63.50152 
-71.66598      63.5041 
-71.68767      63.51161 
-71.69061      63.51101 
-71.69203      63.50592 
-71.67191      63.49857 
-71.66475      63.49866 
 1             305 
1
 -9999.0   ,   9990.0 
 7 
-72.07276      63.49312 
-72.0665       63.49915 
-72.07105      63.50099 
-72.0887       63.49969 
-72.08726      63.49587 
-72.0811       63.49364 
-72.07276      63.49312 
 1             306 
1
 -9999.0   ,   9990.0 
 9 
-71.46086      63.49231 
-71.45273      63.49975 
-71.45708      63.50323 
-71.47353      63.50344 
-71.47891      63.50228 
-71.48333      63.49431 
-71.47505      63.49398 
-71.47161      63.4923 
-71.46086      63.49231 
 1             307 
1
 -9999.0   ,   9990.0 
 7 
-71.6239       63.49018 
-71.6144       63.49129 
-71.62703      63.49509 
-71.65267      63.49967 
-71.6539       63.49824 
-71.63718      63.49234 
-71.6239       63.49018 
 1             308 
1
 -9999.0   ,   9990.0 
 14 
-72.03297      63.48539 
-72.00809      63.48863 
-72.01912      63.49406 
-72.01778      63.4971 
-72.04563      63.50197 
-72.05105      63.50102 
-72.05445      63.49811 
-72.06246      63.49728 
-72.06486      63.49441 
-72.05842      63.49106 
-72.0436       63.4913 
-72.03535      63.48894 
-72.03577      63.4864 
-72.03297      63.48539 
 1             309 
1
 -9999.0   ,   9990.0 
 15 
-71.58985      63.4846 
-71.58335      63.48534 
-71.5804       63.48822 
-71.56526      63.49164 
-71.57881      63.49493 
-71.58306      63.49795 
-71.59095      63.49874 
-71.5952       63.50176 
-71.60115      63.49852 
-71.61754      63.49848 
-71.61876      63.49705 
-71.59835      63.49292 
-71.61715      63.48751 
-71.61531      63.48622 
-71.58985      63.4846 
 1             310 
1
 -9999.0   ,   9990.0 
 7 
-76.68193      63.46707 
-76.66113      63.4732 
-76.65509      63.47277 
-76.65472      63.4709 
-76.67188      63.46667 
-76.67924      63.46566 
-76.68193      63.46707 
 1             311 
1
 -9999.0   ,   9990.0 
 9 
-77.84643      63.46078 
-77.81761      63.46081 
-77.81488      63.46294 
-77.81626      63.46509 
-77.82918      63.4666 
-77.84163      63.46462 
-77.84901      63.46738 
-77.85483      63.46522 
-77.84643      63.46078 
 1             312 
1
 -9999.0   ,   9990.0 
 8 
-71.98537      63.45968 
-71.98772      63.4653 
-72.00703      63.46897 
-72.02856      63.46681 
-72.02426      63.46381 
-72.01298      63.46159 
-72.00025      63.46197 
-71.98537      63.45968 
 1             313 
1
 -9999.0   ,   9990.0 
 7 
-72.02684      63.45956 
-72.02749      63.46228 
-72.04755      63.46477 
-72.05348      63.46815 
-72.05707      63.46386 
-72.04811      63.46062 
-72.02684      63.45956 
 1             314 
1
 -9999.0   ,   9990.0 
 9 
-72.08148      63.44803 
-72.07911      63.44884 
-72.08625      63.45514 
-72.10501      63.45859 
-72.10992      63.45767 
-72.11683      63.4523 
-72.1146       63.44943 
-72.10668      63.44844 
-72.08148      63.44803 
 1             315 
1
 -9999.0   ,   9990.0 
 45 
-78.55236      63.44487 
-78.53045      63.44429 
-78.52075      63.44763 
-78.51912      63.45328 
-78.51616      63.45288 
-78.51255      63.44578 
-78.4922       63.44689 
-78.45832      63.45388 
-78.44548      63.46094 
-78.43653      63.47581 
-78.44316      63.48309 
-78.43923      63.48952 
-78.44676      63.49548 
-78.44091      63.50318 
-78.44151      63.50643 
-78.44898      63.50548 
-78.45943      63.49777 
-78.468        63.49143 
-78.47473      63.49481 
-78.4719       63.50108 
-78.47872      63.50056 
-78.48877      63.48896 
-78.49364      63.48994 
-78.49636      63.49653 
-78.49054      63.50239 
-78.46548      63.50897 
-78.45686      63.51559 
-78.46423      63.51855 
-78.48552      63.51795 
-78.53501      63.49095 
-78.53427      63.48815 
-78.53961      63.48542 
-78.54151      63.48444 
-78.5347       63.48129 
-78.52641      63.4815 
-78.52687      63.47992 
-78.53669      63.47796 
-78.53836      63.47392 
-78.53177      63.46826 
-78.54742      63.46388 
-78.54947      63.46032 
-78.55631      63.45796 
-78.5666       63.45075 
-78.55391      63.4484 
-78.55236      63.44487 
 1             316 
1
 -9999.0   ,   9990.0 
 7 
-72.06488      63.41056 
-72.0644       63.41494 
-72.07128      63.41805 
-72.08956      63.41535 
-72.08947      63.41283 
-72.07285      63.40538 
-72.06488      63.41056 
 1             317 
1
 -9999.0   ,   9990.0 
 346 
-77.28457      63.61661 
-77.32851      63.61877 
-77.35612      63.61828 
-77.36893      63.62027 
-77.38525      63.61788 
-77.41538      63.61916 
-77.43872      63.63011 
-77.4396       63.63209 
-77.44051      63.63415 
-77.4317       63.64048 
-77.43297      63.6477 
-77.41351      63.65011 
-77.41081      63.65362 
-77.42223      63.65828 
-77.39081      63.67027 
-77.38158      63.67151 
-77.37486      63.67613 
-77.35835      63.68058 
-77.30673      63.68755 
-77.30076      63.6821 
-77.31365      63.67765 
-77.31323      63.67578 
-77.28892      63.67556 
-77.28409      63.67605 
-77.27656      63.67682 
-77.27116      63.67278 
-77.27167      63.66037 
-77.26895      63.65766 
-77.26206      63.66273 
-77.26155      63.66892 
-77.25495      63.6747 
-77.21264      63.68479 
-77.2083       63.68381 
-77.20438      63.67848 
-77.20111      63.67895 
-77.19771      63.68287 
-77.18888      63.68597 
-77.18184      63.68527 
-77.17643      63.68284 
-77.1725       63.67451 
-77.15721      63.68132 
-77.14972      63.68198 
-77.14274      63.67345 
-77.1307       63.67039 
-77.12793      63.66969 
-77.10703      63.66092 
-77.08705      63.64944 
-77.08327      63.65448 
-77.0878       63.66101 
-77.11518      63.67206 
-77.11657      63.67561 
-77.10651      63.6823 
-77.08256      63.67793 
-77.07746      63.6792 
-77.03768      63.67858 
-77.02623      63.67412 
-77.02403      63.66384 
-77.00722      63.66384 
-77.00378      63.66385 
-76.9957       63.66168 
-76.98236      63.66124 
-76.9811       63.65585 
-76.97758      63.654 
-76.9616       63.65222 
-76.94933      63.64562 
-76.96506      63.64209 
-76.98925      63.6412 
-77.0028       63.63798 
-77.02523      63.63605 
-77.02948      63.63426 
-76.99981      63.63455 
-76.98911      63.63705 
-76.96295      63.63918 
-76.95391      63.63833 
-76.93946      63.63365 
-76.92893      63.63708 
-76.9214       63.63634 
-76.8917       63.62923 
-76.87569      63.62905 
-76.8766       63.61897 
-76.87251      63.6173 
-76.85736      63.62363 
-76.84753      63.62203 
-76.84524      63.61519 
-76.82763      63.61812 
-76.81716      63.61693 
-76.81148      63.61239 
-76.81153      63.61129 
-76.81174      63.60573 
-76.79888      63.6099 
-76.79791      63.60523 
-76.78443      63.60083 
-76.78168      63.59534 
-76.76428      63.58582 
-76.77648      63.58207 
-76.77248      63.58017 
-76.7612       63.58285 
-76.7472       63.5814 
-76.74116      63.57937 
-76.73615      63.57302 
-76.72114      63.57151 
-76.71216      63.56466 
-76.69978      63.56748 
-76.69236      63.56649 
-76.68751      63.56408 
-76.68515      63.55907 
-76.687        63.55528 
-76.69441      63.55188 
-76.71225      63.55267 
-76.71523      63.5515 
-76.70286      63.54256 
-76.71225      63.53792 
-76.70956      63.53381 
-76.71727      63.52951 
-76.71515      63.5282 
-76.68566      63.53559 
-76.67568      63.52865 
-76.66416      63.52761 
-76.66291      63.52383 
-76.67376      63.51653 
-76.62853      63.51726 
-76.62556      63.51543 
-76.63362      63.51161 
-76.62068      63.51024 
-76.61843      63.50638 
-76.64565      63.49268 
-76.64734      63.49183 
-76.65816      63.4919 
-76.66243      63.48713 
-76.66783      63.48498 
-76.6817       63.48665 
-76.68528      63.48529 
-76.68476      63.48087 
-76.69567      63.47333 
-76.69463      63.47188 
-76.68501      63.47282 
-76.68488      63.47027 
-76.70521      63.46086 
-76.7291       63.45447 
-76.74285      63.4506 
-76.73894      63.4411 
-76.75166      63.43715 
-76.75078      63.43524 
-76.74177      63.433 
-76.73584      63.43374 
-76.72861      63.43968 
-76.71337      63.44345 
-76.69857      63.44449 
-76.69352      63.44712 
-76.69474      63.44952 
-76.7065       63.44689 
-76.7168       63.44692 
-76.70512      63.45671 
-76.69521      63.45993 
-76.67241      63.46316 
-76.62831      63.46534 
-76.6185       63.46533 
-76.60208      63.46071 
-76.57533      63.4648 
-76.57065      63.46054 
-76.57013      63.45474 
-76.55801      63.45111 
-76.55722      63.44897 
-76.57988      63.44182 
-76.5961       63.43975 
-76.61366      63.43962 
-76.61792      63.43457 
-76.61899      63.43331 
-76.61518      63.43096 
-76.60798      63.43091 
-76.60906      63.43514 
-76.60408      63.43755 
-76.5989       63.43326 
-76.60333      63.42804 
-76.60256      63.42292 
-76.61529      63.42336 
-76.62608      63.41905 
-76.65418      63.42266 
-76.66035      63.42564 
-76.67398      63.42499 
-76.67603      63.42351 
-76.6718       63.42091 
-76.68536      63.41749 
-76.67063      63.41691 
-76.65938      63.41081 
-76.64626      63.40711 
-76.64553      63.40336 
-76.6467       63.4024 
-76.64914      63.40039 
-76.67071      63.40054 
-76.67         63.39818 
-76.6742       63.39502 
-76.69324      63.39798 
-76.69487      63.39625 
-76.68971      63.39335 
-76.67279      63.39169 
-76.67426      63.38603 
-76.67865      63.3838 
-76.68745      63.38512 
-76.69677      63.38347 
-76.71064      63.38353 
-76.71761      63.38125 
-76.71041      63.37982 
-76.68726      63.3798 
-76.6828       63.37787 
-76.6778       63.3789 
-76.676        63.3767 
-76.68954      63.37327 
-76.71371      63.37475 
-76.71833      63.37185 
-76.70821      63.37136 
-76.70375      63.36943 
-76.71398      63.36808 
-76.71743      63.36633 
-76.72274      63.36363 
-76.73494      63.36402 
-76.74056      63.36857 
-76.78268      63.37315 
-76.78451      63.37673 
-76.77845      63.38092 
-76.77851      63.38369 
-76.78619      63.38377 
-76.79313      63.37711 
-76.7963       63.37687 
-76.80224      63.38051 
-76.83574      63.38032 
-76.84968      63.38314 
-76.86599      63.38358 
-76.87441      63.38601 
-76.86795      63.38833 
-76.86366      63.38734 
-76.85593      63.38887 
-76.84661      63.39353 
-76.85253      63.39578 
-76.87316      63.3986 
-76.87438      63.39845 
-76.88391      63.39727 
-76.88875      63.40268 
-76.9034       63.40346 
-76.91504      63.40104 
-76.94373      63.39841 
-76.96491      63.39965 
-76.95966      63.40296 
-76.96423      63.40467 
-76.98198      63.40542 
-76.9842       63.4095 
-76.99434      63.41296 
-77.00225      63.41396 
-77.014        63.41269 
-77.01777      63.41825 
-77.03115      63.41824 
-77.03691      63.42256 
-77.05099      63.42351 
-77.05383      63.42578 
-77.04356      63.43177 
-77.04196      63.4365 
-77.04811      63.43968 
-77.05651      63.44071 
-77.06513      63.44568 
-77.09275      63.44778 
-77.1007       63.45017 
-77.09859      63.45186 
-77.0726       63.45103 
-77.06855      63.45236 
-77.07475      63.45532 
-77.09722      63.45592 
-77.11373      63.46049 
-77.11281      63.46319 
-77.10105      63.46447 
-77.10589      63.47148 
-77.11238      63.47215 
-77.11577      63.4735 
-77.12921      63.47882 
-77.15735      63.48255 
-77.15871      63.48772 
-77.15645      63.48987 
-77.14388      63.4904 
-77.14239      63.4933 
-77.15528      63.49486 
-77.16676      63.49448 
-77.20358      63.50316 
-77.20132      63.50532 
-77.19591      63.5045 
-77.19279      63.50613 
-77.19635      63.50936 
-77.20034      63.50824 
-77.20524      63.50904 
-77.22161      63.52188 
-77.2317       63.52255 
-77.23651      63.52517 
-77.23561      63.52788 
-77.22677      63.52959 
-77.21378      63.52826 
-77.2013       63.53319 
-77.20547      63.53462 
-77.21135      63.53248 
-77.23216      63.53202 
-77.23633      63.53346 
-77.23204      63.53547 
-77.23355      63.53718 
-77.25498      63.53953 
-77.25841      63.5416 
-77.25643      63.54446 
-77.264        63.54658 
-77.27095      63.54589 
-77.27442      63.55095 
-77.28325      63.55084 
-77.29045      63.55409 
-77.29856      63.55301 
-77.30396      63.55383 
-77.3071       63.55841 
-77.31705      63.56114 
-77.30892      63.56383 
-77.30891      63.56544 
-77.33455      63.5692 
-77.33731      63.56708 
-77.34136      63.56735 
-77.34762      63.57191 
-77.34955      63.57387 
-77.34565      63.57477 
-77.32856      63.5748 
-77.32602      63.57624 
-77.34908      63.57845 
-77.36834      63.57649 
-77.38063      63.57845 
-77.38635      63.57675 
-77.39003      63.57815 
-77.39288      63.58362 
-77.39918      63.58496 
-77.40881      63.58397 
-77.41075      63.58594 
-77.404        63.58918 
-77.38703      63.5936 
-77.34721      63.59516 
-77.37071      63.59759 
-77.38302      63.59633 
-77.38901      63.59856 
-77.40732      63.60114 
-77.41603      63.60931 
-77.4013       63.61318 
-77.37441      63.61465 
-77.35696      63.61258 
-77.32246      63.61515 
-77.29251      63.61179 
-77.28226      63.61457 
-77.28457      63.61661 
 1             318 
1
 -9999.0   ,   9990.0 
 10 
-71.85926      63.3618 
-71.85336      63.36276 
-71.85231      63.36487 
-71.8572       63.36832 
-71.86979      63.36979 
-71.87745      63.36761 
-71.88373      63.36824 
-71.88621      63.36353 
-71.86681      63.36352 
-71.85926      63.3618 
 1             319 
1
 -9999.0   ,   9990.0 
 9 
-71.89736      63.36096 
-71.89348      63.36182 
-71.89335      63.36343 
-71.90006      63.36816 
-71.9155       63.37087 
-71.91715      63.36919 
-71.91024      63.36585 
-71.91191      63.36417 
-71.89736      63.36096 
 1             320 
1
 -9999.0   ,   9990.0 
 6 
-71.82923      63.3577 
-71.81565      63.36084 
-71.8174       63.36625 
-71.83023      63.36429 
-71.83686      63.35986 
-71.82923      63.3577 
 1             321 
1
 -9999.0   ,   9990.0 
 446 
-71.54283      63.65947 
-71.54079      63.65499 
-71.54442      63.65277 
-71.5551       63.65207 
-71.55663      63.64743 
-71.54336      63.63634 
-71.53759      63.6359 
-71.53602      63.63345 
-71.53971      63.63146 
-71.5308       63.62842 
-71.52608      63.63274 
-71.53207      63.64118 
-71.52431      63.63877 
-71.51835      63.63972 
-71.50934      63.62454 
-71.50083      63.62331 
-71.49118      63.61686 
-71.50943      63.61561 
-71.51143      63.61301 
-71.52136      63.61373 
-71.527        63.61178 
-71.52878      63.60829 
-71.53223      63.60852 
-71.53105      63.61084 
-71.54496      63.61729 
-71.54653      63.61547 
-71.53561      63.60837 
-71.53771      63.60385 
-71.51773      63.5926 
-71.52814      63.58848 
-71.53135      63.58903 
-71.52807      63.59283 
-71.53101      63.59453 
-71.53779      63.59493 
-71.53745      63.59106 
-71.54387      63.58985 
-71.54304      63.57913 
-71.55065      63.5717 
-71.54689      63.56866 
-71.5382       63.56653 
-71.52189      63.57182 
-71.51498      63.57075 
-71.5112       63.57228 
-71.50612      63.57022 
-71.5035       63.57468 
-71.51383      63.57491 
-71.51529      63.5792 
-71.50136      63.57661 
-71.49458      63.5785 
-71.48759      63.57749 
-71.48608      63.57727 
-71.47308      63.57188 
-71.46533      63.57405 
-71.46266      63.57119 
-71.45863      63.57159 
-71.4526       63.57689 
-71.44903      63.57704 
-71.4506       63.5724 
-71.44704      63.57026 
-71.43986      63.57034 
-71.43608      63.57188 
-71.44325      63.57409 
-71.43564      63.57693 
-71.43466      63.57949 
-71.44295      63.58692 
-71.43776      63.58668 
-71.43346      63.58343 
-71.42603      63.58238 
-71.41798      63.57609 
-71.41738      63.56857 
-71.40979      63.56912 
-71.40612      63.57591 
-71.3994       63.57094 
-71.39456      63.57 
-71.39346      63.57439 
-71.40235      63.58225 
-71.39335      63.58813 
-71.39413      63.59176 
-71.3963       63.59243 
-71.39799      63.59296 
-71.40463      63.59039 
-71.4097       63.58056 
-71.41446      63.59065 
-71.4125       63.59349 
-71.41641      63.59492 
-71.42388      63.5914 
-71.44036      63.59389 
-71.44121      63.59545 
-71.41996      63.59706 
-71.41545      63.60228 
-71.40738      63.60309 
-71.39736      63.60192 
-71.37022      63.60716 
-71.36828      63.60683 
-71.37942      63.60222 
-71.3796       63.60062 
-71.36781      63.60089 
-71.3633       63.59902 
-71.35728      63.59973 
-71.35088      63.60344 
-71.35675      63.60695 
-71.36445      63.61156 
-71.37081      63.61243 
-71.37631      63.61883 
-71.36401      63.63102 
-71.35768      63.63266 
-71.35478      63.63118 
-71.35906      63.62711 
-71.34973      63.62682 
-71.34156      63.63197 
-71.32665      63.62483 
-71.33172      63.6221 
-71.33203      63.61865 
-71.34323      63.61817 
-71.33906      63.61309 
-71.34158      63.61046 
-71.35377      63.6104 
-71.35451      63.60782 
-71.3479       63.6063 
-71.33725      63.60699 
-71.3291       63.61136 
-71.32691      63.60926 
-71.32827      63.60599 
-71.34044      63.60274 
-71.33631      63.59788 
-71.34226      63.59923 
-71.35087      63.59863 
-71.35492      63.59594 
-71.34956      63.59251 
-71.33359      63.59479 
-71.3275       63.59756 
-71.3226       63.60668 
-71.31731      63.60815 
-71.325        63.59309 
-71.3397       63.58492 
-71.33813      63.57996 
-71.34735      63.57979 
-71.34438      63.57557 
-71.35791      63.57637 
-71.36397      63.57107 
-71.36985      63.57448 
-71.37673      63.57305 
-71.36978      63.56465 
-71.36471      63.56378 
-71.35378      63.5619 
-71.33528      63.55467 
-71.32612      63.55506 
-71.32791      63.55865 
-71.31158      63.55912 
-71.30131      63.55428 
-71.29423      63.55481 
-71.28976      63.56278 
-71.29249      63.57319 
-71.30248      63.57666 
-71.30633      63.58267 
-71.2844       63.59801 
-71.27191      63.60219 
-71.26467      63.60684 
-71.25809      63.60734 
-71.24451      63.6015 
-71.23626      63.60139 
-71.2313       63.60709 
-71.22773      63.60724 
-71.22318      63.60034 
-71.209        63.59887 
-71.19483      63.59259 
-71.20275      63.59112 
-71.21225      63.59233 
-71.23405      63.58845 
-71.24178      63.58858 
-71.25225      63.59181 
-71.25615      63.58844 
-71.26704      63.5889 
-71.25443      63.58028 
-71.23233      63.57296 
-71.23255      63.57158 
-71.25405      63.57114 
-71.25763      63.5687 
-71.25104      63.56669 
-71.25444      63.56335 
-71.25193      63.56116 
-71.22301      63.55551 
-71.22868      63.55321 
-71.25033      63.55116 
-71.25933      63.54759 
-71.26147      63.54315 
-71.25713      63.53715 
-71.25698      63.53395 
-71.26322      63.52957 
-71.28502      63.52591 
-71.28678      63.52447 
-71.2732       63.52092 
-71.28803      63.51594 
-71.28928      63.52184 
-71.29323      63.5235 
-71.31765      63.52499 
-71.32879      63.52429 
-71.33345      63.52203 
-71.34293      63.52323 
-71.3529       63.52189 
-71.34855      63.5159 
-71.35142      63.51258 
-71.3488       63.50994 
-71.35536      63.50943 
-71.35935      63.51132 
-71.35783      63.51619 
-71.36075      63.52019 
-71.40193      63.53993 
-71.41572      63.53957 
-71.42495      63.54421 
-71.42855      63.54428 
-71.4317       63.53751 
-71.43787      63.53519 
-71.43991      63.53649 
-71.44561      63.54011 
-71.46143      63.53737 
-71.46252      63.53527 
-71.44957      63.53239 
-71.4476       63.53042 
-71.45168      63.52796 
-71.47595      63.52392 
-71.47745      63.51905 
-71.45253      63.52242 
-71.44752      63.52058 
-71.44291      63.51117 
-71.43691      63.51189 
-71.42898      63.50605 
-71.42186      63.50635 
-71.40753      63.51361 
-71.38959      63.51598 
-71.37881      63.51118 
-71.37432      63.50702 
-71.37638      63.50464 
-71.38817      63.5094 
-71.39565      63.5084 
-71.39663      63.50584 
-71.39544      63.5052 
-71.38793      63.50117 
-71.36713      63.49978 
-71.36193      63.50183 
-71.35472      63.50168 
-71.34957      63.50396 
-71.34478      63.49592 
-71.33508      63.49611 
-71.33784      63.48981 
-71.36979      63.49783 
-71.37165      63.49454 
-71.36666      63.49041 
-71.37891      63.48783 
-71.38755      63.48265 
-71.37897      63.47616 
-71.39041      63.47452 
-71.39691      63.4715 
-71.41188      63.472 
-71.44648      63.47806 
-71.46023      63.47769 
-71.47101      63.4731 
-71.47175      63.46941 
-71.47936      63.46908 
-71.48665      63.47196 
-71.49143      63.46809 
-71.48151      63.46486 
-71.48715      63.46256 
-71.48988      63.45893 
-71.49073      63.45782 
-71.48633      63.45412 
-71.49282      63.45338 
-71.5303       63.46319 
-71.54         63.4607 
-71.54052      63.45381 
-71.53278      63.44889 
-71.5362       63.44347 
-71.53003      63.441 
-71.52116      63.44024 
-71.52108      63.4375 
-71.52482      63.43825 
-71.53543      63.43526 
-71.54018      63.43597 
-71.54546      63.43437 
-71.54688      63.43156 
-71.55904      63.43102 
-71.56755      63.43247 
-71.57631      63.43049 
-71.5828       63.42745 
-71.58098      63.42616 
-71.57384      63.42625 
-71.56626      63.422 
-71.57046      63.41793 
-71.58161      63.41972 
-71.58763      63.41922 
-71.59655      63.41563 
-71.59935      63.40977 
-71.61007      63.40976 
-71.65882      63.41743 
-71.66818      63.4184 
-71.70176      63.4219 
-71.73161      63.4272 
-71.75345      63.42872 
-71.77711      63.43383 
-71.79491      63.43553 
-71.82545      63.43482 
-71.85723      63.43725 
-71.86881      63.44084 
-71.90223      63.44364 
-71.91444      63.4433 
-71.9367       63.43997 
-71.95002      63.44439 
-71.96258      63.44335 
-71.96445      63.44257 
-71.94414      63.43894 
-71.94255      63.43649 
-71.95677      63.43606 
-71.97833      63.43848 
-72.0148       63.44547 
-72.02151      63.44355 
-72.02372      63.43772 
-72.01926      63.43403 
-72.02103      63.43281 
-72.0298       63.43308 
-72.03358      63.43175 
-72.03525      63.42801 
-72.04204      63.4286 
-72.04283      63.43407 
-72.05256      63.43841 
-72.08131      63.43658 
-72.09945      63.43962 
-72.10645      63.43968 
-72.11536      63.43977 
-72.11216      63.43282 
-72.0981       63.42754 
-72.08382      63.42776 
-72.07695      63.42465 
-72.07058      63.42587 
-72.05966      63.42089 
-72.04025      63.42319 
-72.03254      63.41875 
-72.03376      63.41526 
-72.05223      63.41758 
-72.06047      63.41352 
-72.05797      63.40517 
-72.06031      63.40208 
-72.04558      63.3982 
-72.03475      63.39779 
-72.03035      63.40075 
-72.02675      63.40069 
-72.0241       63.39601 
-72.01519      63.3949 
-72.00145      63.39318 
-71.99533      63.38889 
-71.9729       63.38697 
-71.97065      63.38822 
-71.97525      63.39258 
-71.97468      63.39673 
-71.98407      63.40408 
-71.96945      63.405 
-71.96897      63.40731 
-71.97701      63.41106 
-71.98386      63.42494 
-71.96598      63.42074 
-71.95627      63.41203 
-71.96083      63.40747 
-71.95136      63.40195 
-71.94371      63.40208 
-71.93948      63.3993 
-71.94656      63.39897 
-71.94598      63.39648 
-71.93979      63.39402 
-71.93513      63.39378 
-71.9298       63.39723 
-71.93152      63.40002 
-71.93474      63.40525 
-71.91658      63.40632 
-71.8971       63.40174 
-71.89983      63.40024 
-71.90913      63.40072 
-71.92612      63.40336 
-71.9266       63.40105 
-71.91831      63.39617 
-71.91841      63.38998 
-71.9275       63.38956 
-71.93236      63.38406 
-71.92456      63.38351 
-71.91943      63.38123 
-71.91341      63.38609 
-71.90156      63.38573 
-71.89385      63.38769 
-71.89266      63.38476 
-71.9013       63.37795 
-71.89133      63.37681 
-71.88651      63.38024 
-71.87483      63.38055 
-71.87179      63.37405 
-71.86789      63.37263 
-71.85951      63.37393 
-71.85165      63.37289 
-71.85055      63.37275 
-71.82215      63.37359 
-71.81621      63.37227 
-71.81645      63.36882 
-71.79635      63.3702 
-71.78126      63.36677 
-71.77206      63.36673 
-71.764        63.37397 
-71.74181      63.3752 
-71.7343       63.38036 
-71.74983      63.38355 
-71.75806      63.39279 
-71.75509      63.39545 
-71.76797      63.40264 
-71.76403      63.40557 
-71.74395      63.40946 
-71.72816      63.40972 
-71.70603      63.40683 
-71.71013      63.40458 
-71.71519      63.40435 
-71.73362      63.40673 
-71.73696      63.40566 
-71.73259      63.40219 
-71.74057      63.40227 
-71.74489      63.40232 
-71.74883      63.3994 
-71.73733      63.39602 
-71.73696      63.39214 
-71.74191      63.38689 
-71.72595      63.37959 
-71.72837      63.37673 
-71.73701      63.37428 
-71.74033      63.36864 
-71.73471      63.36637 
-71.72546      63.3684 
-71.71869      63.36779 
-71.69968      63.36956 
-71.69503      63.36703 
-71.69806      63.3646 
-71.70605      63.36378 
-71.71422      63.35928 
-71.72553      63.3574 
-71.7277       63.3557 
-71.72512      63.35329 
-71.71366      63.35221 
-71.70375      63.349 
-71.71173      63.34589 
-71.70666      63.34383 
-71.68743      63.34447 
-71.67878      63.34234 
-71.67852      63.33892 
 1             322 
1
 -9999.0   ,   9990.0 
 8 
-71.93272      63.31761 
-71.92669      63.32019 
-71.93318      63.324 
-71.9438       63.3258 
-71.95711      63.3238 
-71.95365      63.32213 
-71.94498      63.32207 
-71.93272      63.31761 
 1             323 
1
 -9999.0   ,   9990.0 
 28 
-71.80804      63.2918 
-71.79806      63.29271 
-71.79345      63.29705 
-71.78356      63.29841 
-71.78086      63.29991 
-71.78208      63.30535 
-71.80703      63.3097 
-71.81993      63.30819 
-71.83742      63.31335 
-71.84725      63.31174 
-71.85648      63.312 
-71.8806       63.31706 
-71.88906      63.31621 
-71.89095      63.31338 
-71.88685      63.31105 
-71.89065      63.30767 
-71.88461      63.3036 
-71.87234      63.30118 
-71.86935      63.29927 
-71.8799       63.29419 
-71.87741      63.29225 
-71.86901      63.29332 
-71.8581       63.30574 
-71.85402      63.30702 
-71.84381      63.30114 
-71.83035      63.30474 
-71.81459      63.30042 
-71.80804      63.2918 
 1             324 
1
 -9999.0   ,   9990.0 
 6 
-71.84953      63.27063 
-71.84436      63.27248 
-71.84251      63.27554 
-71.85975      63.28184 
-71.86317      63.28123 
-71.84953      63.27063 
 1             325 
1
 -9999.0   ,   9990.0 
 7 
-71.81479      63.2656 
-71.80392      63.26702 
-71.79608      63.27058 
-71.80825      63.27483 
-71.8265       63.27445 
-71.82115      63.26668 
-71.81479      63.2656 
 1             326 
1
 -9999.0   ,   9990.0 
 6 
-71.7593       63.22944 
-71.75813      63.24003 
-71.76065      63.24221 
-71.78053      63.24243 
-71.78246      63.23525 
-71.7593       63.22944 
 1             327 
1
 -9999.0   ,   9990.0 
 9 
-70.928        63.12236 
-70.91615      63.1265 
-70.91465      63.12908 
-70.91841      63.13282 
-70.92868      63.13103 
-70.93084      63.1266 
-70.93711      63.12497 
-70.9347       63.12301 
-70.928        63.12236 
 1             328 
1
 -9999.0   ,   9990.0 
 353 
-77.93615      63.46016 
-77.93335      63.46091 
-77.93418      63.46487 
-77.94297      63.46472 
-77.9561       63.47059 
-77.9678       63.47269 
-77.98552      63.47195 
-77.99021      63.46672 
-77.99483      63.46677 
-77.99877      63.47069 
-78.01376      63.47047 
-78.01863      63.47812 
-78.03728      63.47604 
-78.04531      63.47331 
-78.05195      63.47349 
-78.05745      63.47061 
-78.05965      63.46339 
-78.07402      63.46519 
-78.08733      63.4637 
-78.09081      63.46919 
-78.0972       63.47188 
-78.11758      63.47082 
-78.13617      63.47402 
-78.148        63.4706 
-78.15406      63.47097 
-78.16693      63.47956 
-78.16131      63.48795 
-78.1702       63.48918 
-78.18069      63.48682 
-78.18911      63.48962 
-78.20613      63.48606 
-78.21895      63.48797 
-78.2296       63.48332 
-78.24453      63.4833 
-78.26165      63.4811 
-78.2642       63.47942 
-78.2695       63.48065 
-78.2726       63.48405 
-78.28577      63.47955 
-78.29426      63.47922 
-78.29513      63.47919 
-78.3019       63.47546 
-78.31106      63.47577 
-78.323        63.46844 
-78.34421      63.46625 
-78.34904      63.46906 
-78.35975      63.46762 
-78.37645      63.46149 
-78.38315      63.46142 
-78.39208      63.45551 
-78.40106      63.45467 
-78.41038      63.4474 
-78.41956      63.45116 
-78.42835      63.45098 
-78.43861      63.44745 
-78.44536      63.44899 
-78.45779      63.44512 
-78.46416      63.44618 
-78.48251      63.44312 
-78.49551      63.43722 
-78.49952      63.44112 
-78.51386      63.44028 
-78.51519      63.44019 
-78.52594      63.43852 
-78.5319       63.43565 
-78.54391      63.43497 
-78.54988      63.4321 
-78.54685      63.43008 
-78.51971      63.42805 
-78.51808      63.42658 
-78.52334      63.42435 
-78.52228      63.41556 
-78.5279       63.40854 
-78.51889      63.40595 
-78.52523      63.3946 
-78.52368      63.39107 
-78.51726      63.3884 
-78.50013      63.3874 
-78.4848       63.38191 
-78.49052      63.37627 
-78.48764      63.3738 
-78.4897       63.37025 
-78.48575      63.36795 
-78.47613      63.36578 
-78.45565      63.36573 
-78.44853      63.36026 
-78.43968      63.35721 
-78.43976      63.35515 
-78.42312      63.35073 
-78.4179       63.34582 
-78.40811      63.34249 
-78.39925      63.336 
-78.36495      63.32201 
-78.36103      63.31442 
-78.34925      63.31097 
-78.35011      63.30803 
-78.36431      63.30842 
-78.36215      63.3053 
-78.33839      63.3009 
-78.33161      63.29958 
-78.32285      63.29285 
-78.31666      63.2826 
-78.30735      63.27951 
-78.29742      63.27156 
-78.28835      63.26941 
-78.28693      63.26381 
-78.27721      63.25863 
-78.26162      63.24919 
-78.2434       63.24694 
-78.22293      63.24019 
-78.22728      63.23585 
-78.22373      63.23403 
-78.21341      63.22927 
-78.21468      63.22153 
-78.20136      63.22002 
-78.19558      63.2137 
-78.16311      63.2046 
-78.15847      63.20132 
-78.16162      63.19416 
-78.1597       63.19036 
-78.14543      63.18696 
-78.14354      63.18133 
-78.12166      63.17953 
-78.1116       63.17569 
-78.10571      63.17326 
-78.10278      63.1694 
-78.10241      63.16386 
-78.10536      63.16082 
-78.10178      63.15577 
-78.07038      63.15016 
-78.03966      63.14734 
-78.03635      63.14483 
-78.03923      63.14202 
-78.04643      63.14177 
-78.03205      63.1287 
-78.02102      63.12479 
-77.99406      63.12311 
-77.99375      63.12079 
-77.99979      63.11933 
-78.0139       63.11975 
-78.01687      63.11832 
-78.01336      63.11649 
-77.97118      63.1164 
-77.96471      63.1176 
-77.96312      63.12118 
-77.95848      63.11448 
-77.94908      63.11386 
-77.94526      63.11132 
-77.94916      63.11019 
-77.95932      63.11193 
-77.96185      63.11029 
-77.95682      63.10675 
-77.9619       63.10178 
-77.95877      63.09698 
-77.90172      63.09409 
-77.86274      63.09854 
-77.86491      63.10144 
-77.85356      63.10531 
-77.84016      63.10585 
-77.82481      63.11109 
-77.82428      63.1145 
-77.81075      63.11549 
-77.80342      63.11778 
-77.80251      63.12071 
-77.81641      63.12183 
-77.82178      63.12424 
-77.79827      63.1262 
-77.78845      63.12834 
-77.77143      63.12748 
-77.74571      63.1332 
-77.72515      63.14201 
-77.69892      63.14608 
-77.67834      63.15327 
-77.67256      63.15382 
-77.66685      63.15253 
-77.66976      63.14812 
-77.6632       63.14793 
-77.65002      63.1526 
-77.64783      63.16926 
-77.62815      63.17351 
-77.61837      63.17431 
-77.61245      63.1748 
-77.60108      63.17843 
-77.59102      63.17801 
-77.58496      63.17623 
-77.57875      63.17652 
-77.57546      63.17884 
-77.56825      63.17745 
-77.56575      63.1789 
-77.56875      63.18393 
-77.56631      63.18515 
-77.55596      63.18402 
-77.54931      63.18727 
-77.55088      63.18875 
-77.57366      63.18931 
-77.58258      63.19174 
-77.58016      63.19457 
-77.57579      63.19866 
-77.55037      63.19516 
-77.54715      63.19726 
-77.53986      63.19609 
-77.53572      63.19789 
-77.53001      63.1966 
-77.524        63.19943 
-77.52058      63.19737 
-77.51393      63.19739 
-77.50965      63.19964 
-77.513        63.20193 
-77.53115      63.20266 
-77.5345       63.20656 
-77.54642      63.20596 
-77.55341      63.20803 
-77.56436      63.20252 
-77.57229      63.20327 
-77.56885      63.20926 
-77.55691      63.21148 
-77.54661      63.21656 
-77.55211      63.22176 
-77.54531      63.22385 
-77.54652      63.22645 
-77.53343      63.23067 
-77.53713      63.23666 
-77.52846      63.23978 
-77.51695      63.24065 
-77.5053       63.23873 
-77.50021      63.24024 
-77.51249      63.24818 
-77.51291      63.25166 
-77.4998       63.25587 
-77.5239       63.26044 
-77.53005      63.2636 
-77.52855      63.26672 
-77.51666      63.2671 
-77.50209      63.2742 
-77.51339      63.28047 
-77.51805      63.28031 
-77.52092      63.27774 
-77.52986      63.28017 
-77.53797      63.27402 
-77.5372       63.27166 
-77.54106      63.27076 
-77.55287      63.27222 
-77.56046      63.27087 
-77.56182      63.27304 
-77.552        63.28298 
-77.54148      63.28068 
-77.53208      63.28606 
-77.53788      63.28874 
-77.5299       63.29444 
-77.53569      63.30034 
-77.53253      63.30382 
-77.53618      63.30682 
-77.5336       63.31172 
-77.5485       63.30992 
-77.5508       63.31237 
-77.54498      63.31614 
-77.54813      63.3175 
-77.55625      63.31457 
-77.56191      63.31609 
-77.55447      63.32024 
-77.55193      63.32166 
-77.5583       63.32736 
-77.56346      63.32724 
-77.57231      63.32367 
-77.58923      63.32522 
-77.59331      63.32687 
-77.5819       63.33212 
-77.58233      63.3356 
-77.58671      63.33634 
-77.59531      63.33345 
-77.59417      63.34349 
-77.5997       63.34708 
-77.62195      63.34966 
-77.63554      63.36665 
-77.63431      63.36887 
-77.62311      63.36861 
-77.61578      63.3755 
-77.6206       63.37973 
-77.63066      63.37876 
-77.63497      63.37973 
-77.63534      63.38505 
-77.64735      63.38927 
-77.63038      63.38933 
-77.62895      63.39223 
-77.63312      63.39687 
-77.64593      63.40022 
-77.67893      63.39819 
-77.68571      63.40277 
-77.70061      63.40602 
-77.6996       63.40756 
-77.69278      63.40805 
-77.69616      63.41195 
-77.69488      63.4144 
-77.67738      63.4096 
-77.6566       63.41195 
-77.65329      63.41588 
-77.65331      63.41728 
-77.65338      63.4221 
-77.66179      63.4231 
-77.67088      63.42852 
-77.67973      63.42816 
-77.68383      63.42658 
-77.68317      63.42217 
-77.68712      63.41942 
-77.69382      63.421 
-77.69715      63.42513 
-77.70009      63.42554 
-77.70548      63.42313 
-77.71714      63.42203 
-77.72188      63.42003 
-77.7138       63.41307 
-77.73259      63.41703 
-77.75264      63.41209 
-77.76047      63.40844 
-77.76536      63.40921 
-77.77708      63.41938 
-77.78738      63.42256 
-77.80158      63.42323 
-77.82529      63.41805 
-77.83608      63.41803 
-77.86239      63.42267 
-77.8832       63.42351 
-77.90522      63.43041 
-77.89883      63.43277 
-77.86789      63.42647 
-77.86127      63.42628 
-77.85395      63.42835 
-77.8448       63.42802 
-77.83678      63.42567 
-77.82357      63.43013 
-77.82439      63.43248 
-77.81671      63.43569 
-77.80355      63.43669 
-77.79787      63.44002 
-77.78865      63.4399 
-77.78723      63.4428 
-77.79035      63.44598 
-77.7864       63.44873 
-77.79377      63.45311 
-77.79866      63.45226 
-77.80308      63.45461 
-77.81187      63.45447 
-77.81923      63.45624 
-77.82478      63.45758 
-77.84122      63.45769 
-77.847        63.45898 
-77.86313      63.45837 
-77.87938      63.46237 
-77.89495      63.46197 
-77.91133      63.46391 
-77.91783      63.45948 
-77.92849      63.4583 
-77.93615      63.46016 
 1             329 
1
 -9999.0   ,   9990.0 
 6 
-71.52538      63.08174 
-71.51961      63.08314 
-71.53308      63.08689 
-71.5524       63.0874 
-71.5525       63.08557 
-71.52538      63.08174 
 1             330 
1
 -9999.0   ,   9990.0 
 21 
-71.44921      63.06129 
-71.44065      63.06373 
-71.43975      63.07613 
-71.42975      63.07657 
-71.42858      63.07822 
-71.44476      63.083 
-71.44024      63.0855 
-71.44588      63.08823 
-71.46505      63.09036 
-71.47656      63.08985 
-71.5057       63.0936 
-71.50525      63.09156 
-71.48986      63.08583 
-71.49403      63.08175 
-71.4882       63.07812 
-71.47735      63.07699 
-71.45941      63.07114 
-71.46457      63.06931 
-71.46353      63.06684 
-71.45089      63.06442 
-71.44921      63.06129 
 1             331 
1
 -9999.0   ,   9990.0 
 13 
-71.04805      63.0351 
-71.05576      63.03592 
-71.05358      63.04013 
-71.05818      63.04292 
-71.03907      63.04576 
-71.02961      63.0489 
-71.02929      63.05235 
-71.0177       63.04733 
-71.0166       63.0444 
-71.02465      63.03926 
-71.02898      63.03817 
-71.03985      63.03955 
-71.04805      63.0351 
 1             332 
1
 -9999.0   ,   9990.0 
 32 
-71.47006      63.01022 
-71.47332      63.01583 
-71.46973      63.01573 
-71.45673      63.0092 
-71.44271      63.0096 
-71.41147      63.00501 
-71.40106      63.00821 
-71.39063      63.0018 
-71.3691       63.00251 
-71.35946      62.99743 
-71.35468      62.99626 
-71.35142      62.99755 
-71.35437      63.002 
-71.36713      63.00511 
-71.3685       63.00918 
-71.36138      63.01131 
-71.36335      63.01352 
-71.3795       63.01831 
-71.4437       63.02631 
-71.4448       63.02645 
-71.44831      63.024 
-71.44249      63.01808 
-71.44491      63.01522 
-71.44901      63.01549 
-71.45636      63.02159 
-71.45876      63.02812 
-71.46973      63.03222 
-71.48328      63.03185 
-71.48271      63.02683 
-71.48577      63.02464 
-71.47655      63.01223 
-71.47006      63.01022 
 1             333 
1
 -9999.0   ,   9990.0 
 7 
-71.26781      62.9881 
-71.2658       62.99048 
-71.26863      62.99196 
-71.29175      62.99417 
-71.29232      62.99209 
-71.28308      62.98883 
-71.26781      62.9881 
 1             334 
1
 -9999.0   ,   9990.0 
 7 
-70.95855      62.96759 
-70.95445      62.96981 
-70.95994      62.97211 
-70.96942      62.97424 
-70.98195      62.97396 
-70.98204      62.9719 
-70.95855      62.96759 
 1             335 
1
 -9999.0   ,   9990.0 
 451 
-71.67852      63.33892 
-71.68483      63.33749 
-71.69978      63.33819 
-71.71933      63.3412 
-71.7278       63.34365 
-71.73298      63.34515 
-71.73909      63.34511 
-71.74105      63.3402 
-71.7565       63.33858 
-71.79818      63.3447 
-71.82333      63.34537 
-71.82221      63.34267 
-71.81048      63.34046 
-71.79372      63.34078 
-71.78717      63.33444 
-71.77352      63.33048 
-71.77412      63.32862 
-71.78851      63.32911 
-71.79077      63.32786 
-71.78581      63.32396 
-71.76071      63.31893 
-71.75193      63.3207 
-71.74046      63.31504 
-71.72459      63.31253 
-71.72248      63.31219 
-71.71231      63.3122 
-71.70673      63.30787 
-71.70885      63.30595 
-71.72425      63.30639 
-71.73275      63.30119 
-71.74328      63.30048 
-71.75965      63.29401 
-71.76395      63.28603 
-71.76198      63.28406 
-71.73796      63.27691 
-71.72258      63.27417 
-71.70268      63.27393 
-71.69829      63.27024 
-71.70221      63.26502 
-71.71157      63.26368 
-71.7208       63.26624 
-71.735        63.26605 
-71.74735      63.26892 
-71.75446      63.26883 
-71.76241      63.26572 
-71.77081      63.26464 
-71.77098      63.26335 
-71.77155      63.25888 
-71.76483      63.25621 
-71.74827      63.2572 
-71.72166      63.24971 
-71.70385      63.24961 
-71.69503      63.24428 
-71.69372      63.24983 
-71.68245      63.25401 
-71.66618      63.25635 
-71.69193      63.26686 
-71.69058      63.2699 
-71.6794       63.26995 
-71.66821      63.26541 
-71.66649      63.26 
-71.6396       63.26029 
-71.62715      63.26612 
-71.61991      63.26323 
-71.62993      63.25569 
-71.62773      63.25258 
-71.60471      63.24514 
-71.60779      63.24294 
-71.62857      63.24727 
-71.65626      63.24832 
-71.6696       63.24657 
-71.68404      63.23836 
-71.68394      63.23562 
-71.67769      63.2327 
-71.68398      63.23127 
-71.69275      63.23866 
-71.72145      63.24651 
-71.73197      63.24581 
-71.7411       63.2502 
-71.74547      63.24702 
-71.7424       63.24464 
-71.731        63.2415 
-71.72995      63.23903 
-71.75082      63.23693 
-71.75211      63.23366 
-71.75015      63.23169 
-71.74406      63.23174 
-71.74419      63.22555 
-71.7425       63.22335 
-71.7406       63.2209 
-71.72988      63.21842 
-71.69945      63.21636 
-71.68633      63.2236 
-71.68025      63.22365 
-71.67546      63.21585 
-71.67942      63.20857 
-71.67203      63.20501 
-71.67997      63.20191 
-71.67705      63.19792 
-71.67167      63.19655 
-71.66112      63.19703 
-71.63086      63.19107 
-71.62786      63.18891 
-71.6455       63.18835 
-71.6575       63.18987 
-71.67568      63.18722 
-71.69553      63.18746 
-71.69376      63.18181 
-71.69013      63.17923 
-71.67783      63.17635 
-71.67661      63.17091 
-71.66682      63.16563 
-71.6622       63.16767 
-71.64553      63.16796 
-71.64107      63.15694 
-71.63213      63.15551 
-71.62735      63.15602 
-71.6247       63.1563 
-71.62009      63.16064 
-71.6102       63.15719 
-71.61674      63.14086 
-71.62998      63.14118 
-71.63866      63.13919 
-71.64021      63.13706 
-71.63626      63.13517 
-71.62632      63.13608 
-71.61408      63.13343 
-71.60341      63.12863 
-71.58476      63.12672 
-71.57438      63.12787 
-71.5585       63.1224 
-71.53709      63.12404 
-71.52813      63.12238 
-71.52371      63.12303 
-71.51605      63.12039 
-71.50847      63.12279 
-71.50035      63.13208 
-71.49236      63.13495 
-71.4873       63.13495 
-71.47791      63.12895 
-71.48286      63.1214 
-71.48072      63.11852 
-71.47061      63.11622 
-71.46868      63.11425 
-71.47183      63.11404 
-71.48912      63.11288 
-71.49006      63.10552 
-71.47989      63.10528 
-71.467        63.09943 
-71.44873      63.0968 
-71.43485      63.0981 
-71.4262       63.0955 
-71.41171      63.09636 
-71.40515      63.09871 
-71.39509      63.10853 
-71.38972      63.10945 
-71.38578      63.11237 
-71.39446      63.11749 
-71.38958      63.12548 
-71.36741      63.13789 
-71.35655      63.14638 
-71.33709      63.15019 
-71.3413       63.14612 
-71.34959      63.14461 
-71.35221      63.14267 
-71.3482       63.13804 
-71.35053      63.13473 
-71.36236      63.13079 
-71.36828      63.12526 
-71.37878      63.12229 
-71.38362      63.11888 
-71.37089      63.1137 
-71.36763      63.10789 
-71.36055      63.10545 
-71.34453      63.10866 
-71.33633      63.10581 
-71.33937      63.10339 
-71.34675      63.10239 
-71.34983      63.10019 
-71.35585      63.09994 
-71.36343      63.10235 
-71.37661      63.09537 
-71.37124      63.09148 
-71.37653      63.08782 
-71.36822      63.082 
-71.37473      63.07691 
-71.38431      63.07443 
-71.41048      63.07397 
-71.40986      63.07102 
-71.40138      63.06682 
-71.39861      63.06327 
-71.39981      63.05704 
-71.39522      63.04968 
-71.35306      63.03892 
-71.34151      63.03927 
-71.33601      63.03943 
-71.32568      63.03827 
-71.31244      63.03289 
-71.30449      63.03346 
-71.30065      63.03202 
-71.2938       63.03301 
-71.29798      63.03855 
-71.27576      63.03607 
-71.27082      63.0317 
-71.26239      63.03 
-71.2433       63.03036 
-71.23199      63.02443 
-71.22037      63.0121 
-71.22763      63.01065 
-71.23141      63.01186 
-71.24267      63.01023 
-71.24193      63.00912 
-71.22901      63.0051 
-71.22616      63.00842 
-71.21108      63.00127 
-71.20436      63.00042 
-71.19393      62.99628 
-71.18703      62.99678 
-71.17903      62.99736 
-71.18323      63.00062 
-71.18093      63.00415 
-71.17566      63.00552 
-71.17717      63.00798 
-71.1836       63.00976 
-71.17615      63.01282 
-71.16438      63.01195 
-71.16751      63.01983 
-71.1789       63.02873 
-71.16473      63.04329 
-71.16307      63.05 
-71.16733      63.06836 
-71.16193      63.07408 
-71.14419      63.07871 
-71.14129      63.08433 
-71.14303      63.08792 
-71.1335       63.09815 
-71.1211       63.08197 
-71.12741      63.07323 
-71.1354       63.06784 
-71.14872      63.05884 
-71.14375      63.05676 
-71.11913      63.05984 
-71.09168      63.05892 
-71.0693       63.06306 
-71.06161      63.07253 
-71.06261      63.08003 
-71.05432      63.08404 
-71.05018      63.08101 
-71.05432      63.07397 
-71.05195      63.06972 
-71.03392      63.06291 
-71.00866      63.0628 
-71.00138      63.06677 
-70.99391      63.0673 
-70.98635      63.06079 
-70.98476      63.05943 
-70.98131      63.0598 
-70.9727       63.06473 
-70.9691       63.06945 
-70.96843      63.07886 
-70.95903      63.08496 
-70.94853      63.10094 
-70.96772      63.12122 
-70.96056      63.13364 
-70.95801      63.14632 
-70.93528      63.14907 
-70.91726      63.15528 
-70.9042       63.15581 
-70.90255      63.15863 
-70.88465      63.1646 
-70.86661      63.16302 
-70.85942      63.15988 
-70.86103      63.15776 
-70.8721       63.15732 
-70.87426      63.15288 
-70.88585      63.14739 
-70.90927      63.14554 
-70.91695      63.1434 
-70.92021      63.13938 
-70.91656      63.13632 
-70.89191      63.1293 
-70.91185      63.10974 
-70.86676      63.10926 
-70.85599      63.11106 
-70.85097      63.11904 
-70.83615      63.12603 
-70.83525      63.12631 
-70.81849      63.13153 
-70.80698      63.13222 
-70.80002      63.1302 
-70.80757      63.12739 
-70.81455      63.12688 
-70.81571      63.12501 
-70.81071      63.12269 
-70.82221      63.11675 
-70.82723      63.10877 
-70.83698      63.10427 
-70.86869      63.09843 
-70.9089       63.09728 
-70.91516      63.09314 
-70.92291      63.08116 
-70.92313      63.07199 
-70.92586      63.07051 
-70.92163      63.06125 
-70.92145      63.06085 
-70.92712      63.05376 
-70.94239      63.04673 
-70.95545      63.04392 
-70.98133      63.04721 
-70.98835      63.04693 
-70.99299      63.04491 
-70.9859       63.04222 
-70.98476      63.03907 
-70.99426      63.02334 
-71.00895      63.01862 
-71.0349       63.01985 
-71.0539       63.01906 
-71.07108      63.0243 
-71.08223      63.02453 
-71.09578      63.02923 
-71.10833      63.02894 
-71.1127       63.03019 
-71.11529      63.03094 
-71.12361      63.02968 
-71.12587      63.02592 
-71.12085      63.01858 
-71.10508      63.01282 
-71.11042      63.00688 
-71.09718      62.99873 
-71.10245      62.99737 
-71.09581      62.99192 
-71.09703      62.9905 
-71.10498      62.98994 
-71.11411      62.99276 
-71.11793      62.99169 
-71.11688      62.98899 
-71.10675      62.9862 
-71.11068      62.98077 
-71.10627      62.97638 
-71.08929      62.97205 
-71.07245      62.97344 
-71.07336      62.98049 
-71.06915      62.98204 
-71.05798      62.98159 
-71.05167      62.97773 
-71.05484      62.97348 
-71.05935      62.97282 
-71.06365      62.9722 
-71.0612       62.97001 
-71.05003      62.96704 
-71.0415       62.96717 
-71.03714      62.97055 
-71.02738      62.97209 
-71.01518      62.97145 
-71.01063      62.97392 
-71.0198       62.98202 
-71.01189      62.99036 
-70.999        62.99134 
-70.98315      62.98512 
-70.9674       62.98187 
-70.96461      62.98817 
-70.96869      62.99349 
-70.96736      62.9995 
-70.97071      63.00371 
-70.97834      63.00408 
-70.98306      63.00755 
-70.97827      63.01141 
-70.96886      63.01225 
-70.95881      63.01746 
-70.94539      63.01602 
-70.92791      63.01414 
-70.921        63.01488 
-70.91403      63.0179 
-70.8851       63.01426 
-70.87165      63.01503 
-70.86028      63.02143 
-70.84385      63.02506 
-70.84064      63.02931 
-70.84257      63.03929 
-70.84637      63.04326 
-70.85368      63.04457 
-70.85613      63.04676 
-70.84995      63.05136 
-70.81835      63.05831 
-70.80843      63.05631 
-70.81606      63.05614 
-70.83315      63.04539 
-70.83485      63.03846 
-70.82993      63.02607 
-70.83228      63.02254 
-70.8532       63.01547 
-70.86681      63.01087 
-70.87161      63.0045 
-70.88095      63.00321 
-70.89033      63.0049 
-70.89975      63.00406 
-70.91072      63.00614 
-70.92568      63.0053 
-70.93118      63.00257 
-70.9339       62.983 
-70.93118      62.97946 
-70.90145      62.9715 
-70.88628      62.97119 
-70.87989      62.96939 
-70.8767       62.96586 
-70.88821      62.96814 
-70.89356      62.96724 
-70.8983       62.96316 
-70.91953      62.96368 
-70.92163      62.96153 
-70.91785      62.95859 
-70.91155      62.9537 
-70.91256      62.95114 
-70.92145      62.95032 
-70.97125      62.9657 
-70.9777       62.9652 
-70.98648      62.95363 
-70.9829       62.95081 
-70.99393      62.94807 
-70.97694      62.9435 
-70.97031      62.94308 
-70.97266      62.94733 
-70.96482      62.94581 
-70.95648      62.94684 
-70.94642      62.94428 
-70.93985      62.94661 
-70.93418      62.94592 
-70.92395      62.92963 
-70.91348      62.92753 
-70.90639      62.92795 
-70.90106      62.92827 
-70.89551      62.93078 
-70.8933       62.94002 
-70.90211      62.94653 
-70.89925      62.94734 
-70.88648      62.94373 
-70.86856      62.94467 
-70.85928      62.94093 
-70.85009      62.94015 
-70.84805      62.94778 
-70.86701      62.94703 
-70.87358      62.94974 
-70.86037      62.9569 
-70.84998      62.95777 
-70.83093      62.9503 
-70.83698      62.94777 
-70.83187      62.94477 
-70.81995      62.94547 
-70.81334      62.95557 
-70.80335      62.95597 
-70.8006       62.9547 
 1             336 
1
 -9999.0   ,   9990.0 
 20 
-70.99215      62.90854 
-70.98846      62.91281 
-71.00924      62.92386 
-71.06122      62.93751 
-71.14511      62.95438 
-71.15985      62.95514 
-71.16441      62.95037 
-71.1716       62.9535 
-71.17344      62.95273 
-71.1737       62.94906 
-71.16528      62.94232 
-71.15275      62.93758 
-71.1515       62.9373 
-71.13116      62.93276 
-71.12146      62.93202 
-71.11315      62.92825 
-71.09766      62.92867 
-71.02248      62.9121 
-71.005        62.91259 
-70.99215      62.90854 
 1             337 
1
 -9999.0   ,   9990.0 
 9 
-71.09178      62.90694 
-71.07996      62.90812 
-71.07892      62.91045 
-71.09011      62.91365 
-71.12051      62.91741 
-71.14344      62.91897 
-71.15177      62.91793 
-71.15136      62.91589 
-71.09178      62.90694 
 1             338 
1
 -9999.0   ,   9990.0 
 7 
-70.62233      62.87198 
-70.62158      62.87338 
-70.64346      62.88054 
-70.65048      62.8805 
-70.65205      62.87815 
-70.64444      62.87501 
-70.62233      62.87198 
 1             339 
1
 -9999.0   ,   9990.0 
 17 
-70.70191      62.86592 
-70.69503      62.86664 
-70.70113      62.8751 
-70.73733      62.88352 
-70.74412      62.8876 
-70.75703      62.88687 
-70.76401      62.88407 
-70.7881       62.88404 
-70.79132      62.88254 
-70.77428      62.88001 
-70.7697       62.87699 
-70.75838      62.87812 
-70.73953      62.87131 
-70.71885      62.868 
-70.71813      62.87215 
-70.71419      62.87253 
-70.70191      62.86592 
 1             340 
1
 -9999.0   ,   9990.0 
 8 
-70.68135      62.86581 
-70.66504      62.86713 
-70.66285      62.86881 
-70.6818       62.87631 
-70.68688      62.87131 
-70.68297      62.86917 
-70.68702      62.86673 
-70.68135      62.86581 
 1             341 
1
 -9999.0   ,   9990.0 
 6 
-70.62902      62.86486 
-70.61923      62.86615 
-70.62912      62.8708 
-70.64841      62.87211 
-70.64758      62.87032 
-70.62902      62.86486 
 1             342 
1
 -9999.0   ,   9990.0 
 44 
-70.82651      62.84636 
-70.82416      62.84714 
-70.8246       62.85467 
-70.82878      62.85816 
-70.83998      62.86161 
-70.84193      62.86656 
-70.8472       62.87047 
-70.89087      62.88359 
-70.9096       62.88444 
-70.90818      62.88747 
-70.91794      62.8912 
-70.95386      62.89775 
-70.96685      62.90249 
-70.97186      62.9025 
-70.98066      62.89871 
-70.99302      62.89775 
-71.00668      62.90337 
-71.02431      62.90499 
-71.03585      62.90605 
-71.04925      62.90528 
-71.05636      62.90818 
-71.07488      62.90787 
-71.07661      62.90643 
-71.06066      62.89954 
-71.04386      62.8984 
-71.03101      62.89939 
-71.01485      62.8964 
-71.00457      62.8927 
-70.99843      62.88448 
-70.97731      62.87916 
-70.9765       62.87759 
-70.98279      62.87643 
-70.97311      62.87316 
-70.96118      62.87365 
-70.92479      62.8646 
-70.91565      62.86657 
-70.91071      62.86487 
-70.89845      62.86063 
-70.88886      62.86033 
-70.88198      62.8558 
-70.85963      62.84915 
-70.84193      62.84574 
-70.83753      62.84889 
-70.82651      62.84636 
 1             343 
1
 -9999.0   ,   9990.0 
 13 
-70.5636       62.83328 
-70.55717      62.83375 
-70.55712      62.83627 
-70.565        62.841 
-70.60983      62.8505 
-70.61782      62.84767 
-70.62981      62.85019 
-70.64478      62.84983 
-70.64386      62.84758 
-70.6306       62.84352 
-70.62038      62.84254 
-70.61309      62.84374 
-70.5636       62.83328 
 1             344 
1
 -9999.0   ,   9990.0 
 6 
-71.03078      62.81997 
-71.03005      62.82138 
-71.04121      62.82457 
-71.05403      62.82611 
-71.05458      62.82379 
-71.03078      62.81997 
 1             345 
1
 -9999.0   ,   9990.0 
 10 
-70.36433      62.80208 
-70.36546      62.80844 
-70.39125      62.81847 
-70.40158      62.82037 
-70.40391      62.81937 
-70.40326      62.81574 
-70.38137      62.80511 
-70.37725      62.80435 
-70.37396      62.80561 
-70.36433      62.80208 
 1             346 
1
 -9999.0   ,   9990.0 
 30 
-71.11163      62.79119 
-71.12168      62.79627 
-71.1173       62.79943 
-71.14427      62.81157 
-71.14577      62.81402 
-71.13965      62.8184 
-71.11951      62.8204 
-71.0692       62.81677 
-71.06613      62.81896 
-71.05995      62.81808 
-71.05909      62.82132 
-71.04486      62.81779 
-71.03624      62.81723 
-71.0344       62.81547 
-71.03796      62.81327 
-71.025        62.81106 
-71.02022      62.80713 
-71.01218      62.80448 
-71.01286      62.80286 
-71.0214       62.80296 
-71.02072      62.79703 
-71.02393      62.79554 
-71.03081      62.79557 
-71.07352      62.79576 
-71.08535      62.79985 
-71.09406      62.80086 
-71.09672      62.79915 
-71.08783      62.79471 
-71.08989      62.79256 
-71.11163      62.79119 
 1             347 
1
 -9999.0   ,   9990.0 
 6 
-70            62.78189 
-70.0112       62.78284 
-70.0256       62.79149 
-70.02605      62.79422 
-70.01351      62.79397 
-70            62.79756 
 1             348 
1
 -9999.0   ,   9990.0 
 14 
-71.0244       62.77766 
-71.02205      62.78096 
-71.03535      62.78499 
-71.04049      62.78821 
-71.06016      62.79151 
-71.07311      62.7912 
-71.07618      62.78902 
-71.07139      62.78761 
-71.06561      62.78877 
-71.0584       62.7877 
-71.05828      62.7845 
-71.04798      62.78057 
-71.0344       62.78022 
-71.0244       62.77766 
 1             349 
1
 -9999.0   ,   9990.0 
 5 
-70            62.77404 
-70.0076       62.77313 
-70.00978      62.7742 
-70.00688      62.77796 
-70            62.77864 
 1             350 
1
 -9999.0   ,   9990.0 
 9 
-70.93775      62.76932 
-70.93355      62.77338 
-70.93993      62.78044 
-70.96197      62.78321 
-70.96505      62.78102 
-70.9577       62.77926 
-70.96014      62.77642 
-70.94618      62.76897 
-70.93775      62.76932 
 1             351 
1
 -9999.0   ,   9990.0 
 9 
-71.04785      62.76227 
-71.05781      62.77215 
-71.0838       62.78206 
-71.09155      62.78334 
-71.10196      62.78038 
-71.08919      62.77405 
-71.07278      62.77199 
-71.06614      62.76379 
-71.04785      62.76227 
 1             352 
1
 -9999.0   ,   9990.0 
 11 
-70.25381      62.74984 
-70.24921      62.75206 
-70.24295      62.75046 
-70.23867      62.75176 
-70.24471      62.75497 
-70.25973      62.75809 
-70.28107      62.76601 
-70.28538      62.76494 
-70.28188      62.75912 
-70.26376      62.75543 
-70.25381      62.74984 
 1             353 
1
 -9999.0   ,   9990.0 
 2 
-70.89336      62.74137 
-70.89168      62.74304 
 1             354 
1
 -9999.0   ,   9990.0 
 171 
-70.8006       62.9547 
-70.79593      62.94345 
-70.80631      62.93732 
-70.80625      62.93434 
-70.79744      62.93035 
-70.7801       62.92897 
-70.74082      62.9312 
-70.7142       62.92859 
-70.70388      62.92441 
-70.71064      62.923 
-70.72235      62.92644 
-70.73951      62.92691 
-70.74333      62.92584 
-70.73698      62.92152 
-70.73911      62.91686 
-70.74288      62.91556 
-70.75905      62.92134 
-70.76729      62.92238 
-70.76785      62.92008 
-70.7638       62.91727 
-70.76837      62.91728 
-70.77938      62.91733 
-70.81886      62.92675 
-70.82325      62.92337 
-70.82139      62.92161 
-70.8265       62.91936 
-70.83858      62.91956 
-70.85299      62.92654 
-70.8611       62.9269 
-70.87308      62.9239 
-70.8769       62.92031 
-70.86972      62.91694 
-70.86058      62.91639 
-70.84176      62.90479 
-70.80516      62.89457 
-70.77075      62.89045 
-70.76476      62.89068 
-70.7563       62.89101 
-70.75396      62.89454 
-70.74431      62.89126 
-70.72678      62.89149 
-70.71713      62.88821 
-70.70984      62.8894 
-70.71634      62.89464 
-70.70958      62.89605 
-70.69981      62.89208 
-70.69171      62.89171 
-70.67953      62.8883 
-70.65868      62.88682 
-70.65742      62.88275 
-70.63434      62.88272 
-70.62038      62.87777 
-70.61605      62.87782 
-70.61809      62.88 
-70.6156       62.88697 
-70.61583      62.88298 
-70.61172      62.88245 
-70.60843      62.87823 
-70.59726      62.87477 
-70.58315      62.87439 
-70.582        62.87901 
-70.57425      62.8832 
-70.56228      62.87542 
-70.56163      62.88002 
-70.55606      62.88252 
-70.55195      62.87924 
-70.54506      62.87996 
-70.5371       62.87752 
-70.53436      62.8735 
-70.52663      62.87242 
-70.52925      62.8785 
-70.52145      62.87696 
-70.51505      62.87766 
-70.48611      62.86732 
-70.48561      62.87007 
-70.4934       62.87711 
-70.51031      62.88745 
-70.50288      62.88521 
-70.47511      62.87025 
-70.47346      62.86904 
-70.4653       62.86306 
-70.4596       62.86487 
-70.44306      62.86207 
-70.44688      62.85703 
-70.43626      62.85203 
-70.42171      62.84067 
-70.39669      62.82947 
-70.40473      62.82964 
-70.4234       62.83604 
-70.4263       62.83547 
-70.42325      62.83238 
-70.39143      62.82235 
-70.3837       62.81829 
-70.37877      62.8187 
-70.38341      62.82516 
-70.3823       62.82726 
-70.37016      62.82382 
-70.36671      62.81843 
-70.36602      62.81734 
-70.35495      62.81409 
-70.35398      62.81138 
-70.35943      62.81118 
-70.36022      62.81 
-70.34656      62.80342 
-70.34686      62.80798 
-70.34376      62.8074 
-70.33521      62.79857 
-70.32021      62.78997 
-70.31415      62.79248 
-70.29629      62.79038 
-70.2901       62.79495 
-70.29473      62.79867 
-70.29363      62.80101 
-70.28885      62.79934 
-70.26538      62.77641 
-70.25854      62.77606 
-70.23573      62.76078 
-70.23216      62.76176 
-70.23096      62.76209 
-70.21463      62.75422 
-70.19618      62.74848 
-70.17126      62.74867 
-70.17111      62.75371 
-70.15161      62.74457 
-70.16133      62.74605 
-70.17858      62.74476 
-70.17923      62.74268 
-70.16957      62.74165 
-70.15999      62.7381 
-70.15306      62.74132 
-70.14316      62.73892 
-70.13504      62.74401 
-70.13763      62.74758 
-70.15245      62.75849 
-70.1494       62.76111 
-70.16961      62.77137 
-70.16561      62.77426 
-70.15827      62.77521 
-70.1514       62.77293 
-70.14937      62.7698 
-70.15353      62.76782 
-70.12936      62.75473 
-70.13386      62.7548 
-70.13447      62.75249 
-70.12707      62.74703 
-70.111        62.74645 
-70.11024      62.75083 
-70.10283      62.75131 
-70.08284      62.74218 
-70.07833      62.74805 
-70.08596      62.76845 
-70.08284      62.77214 
-70.07719      62.76822 
-70.0773       62.76306 
-70.06691      62.75439 
-70.05328      62.7535 
-70.0569       62.75726 
-70.04698      62.75761 
-70.04723      62.76217 
-70.05391      62.76331 
-70.04661      62.76448 
-70.04274      62.76827 
-70.03481      62.76966 
-70.02818      62.77083 
-70.02651      62.76974 
-70.03562      62.76142 
-70.02413      62.76137 
-70.01788      62.75975 
-70.01218      62.74943 
-70.0075       62.75119 
-70            62.75094 
 1             355 
1
 -9999.0   ,   9990.0 
 10 
-70.02326      62.73785 
-70.01878      62.74097 
-70.00452      62.73918 
-70.00371      62.74035 
-70.02082      62.7473 
-70.03032      62.74743 
-70.03846      62.74532 
-70.03965      62.74345 
-70.03188      62.73869 
-70.02326      62.73785 
 1             356 
1
 -9999.0   ,   9990.0 
 7 
-70.89336      62.74137 
-70.89677      62.74351 
-70.90118      62.74311 
-70.89941      62.73654 
-70.8902       62.7328 
-70.88678      62.73316 
-70.89336      62.74137 
 1             357 
1
 -9999.0   ,   9990.0 
 148 
-74.55988      62.67882 
-74.57096      62.69006 
-74.61066      62.70608 
-74.62439      62.70977 
-74.62687      62.71283 
-74.61191      62.71636 
-74.60856      62.72004 
-74.59593      62.72457 
-74.5726       62.72866 
-74.55721      62.73083 
-74.51221      62.73311 
-74.50989      62.73533 
-74.51236      62.7384 
-74.52186      62.73985 
-74.50322      62.74131 
-74.49878      62.73999 
-74.4888       62.7418 
-74.47016      62.74003 
-74.48893      62.7358 
-74.49223      62.73351 
-74.49033      62.73225 
-74.4553       62.73432 
-74.45136      62.73136 
-74.42197      62.72568 
-74.4193       62.72356 
-74.41996      62.71506 
-74.42001      62.71453 
-74.40441      62.70633 
-74.36581      62.70983 
-74.3721       62.7056 
-74.36528      62.70474 
-74.36408      62.70251 
-74.37483      62.70158 
-74.37963      62.6992 
-74.3872       62.69939 
-74.38896      62.69697 
-74.38315      62.68952 
-74.364        62.67788 
-74.35201      62.67474 
-74.33909      62.67512 
-74.33558      62.67351 
-74.34043      62.67135 
-74.35765      62.66862 
-74.35666      62.66707 
-74.32058      62.66711 
-74.31768      62.67108 
-74.31706      62.67194 
-74.29915      62.67241 
-74.29241      62.67492 
-74.26858      62.67899 
-74.2638       62.68137 
-74.2536       62.68248 
-74.24838      62.67522 
-74.24221      62.6747 
-74.23403      62.67913 
-74.21147      62.68242 
-74.20186      62.68212 
-74.19988      62.68386 
-74.17408      62.68642 
-74.16285      62.68576 
-74.15383      62.68241 
-74.1473       62.68237 
-74.13956      62.67665 
-74.13618      62.67709 
-74.13376      62.6807 
-74.10945      62.67648 
-74.09399      62.67677 
-74.08957      62.67642 
-74.06011      62.67407 
-74.04598      62.67036 
-74.03847      62.6653 
-74.03413      62.66926 
-74.02533      62.66659 
-74.02222      62.66794 
-74.01106      62.66748 
-73.998        62.66899 
-73.98105      62.66591 
-73.97665      62.66457 
-73.96851      62.65565 
-73.97475      62.65135 
-73.97033      62.64656 
-73.9748       62.63961 
-73.9699       62.6383 
-73.96656      62.64058 
-73.95647      62.64029 
-73.95537      62.63483 
-73.96273      62.63438 
-73.96553      62.63029 
-73.97071      62.63089 
-73.97948      62.63517 
-73.99078      62.63447 
-73.99045      62.63391 
-73.98873      62.63091 
-73.9702       62.62747 
-73.94551      62.62509 
-73.9247       62.61557 
-73.92473      62.61396 
-73.93055      62.61337 
-73.93701      62.60813 
-73.95385      62.60755 
-73.9553       62.60401 
-73.97742      62.60446 
-73.97721      62.60034 
-73.99694      62.60118 
-74.01045      62.60355 
-74.01553      62.60288 
-74.00575      62.60037 
-74.01099      62.59799 
-74.01958      62.59999 
-74.05475      62.59892 
-74.0638       62.59743 
-74.09517      62.59706 
-74.11671      62.59892 
-74.12743      62.59962 
-74.15192      62.60128 
-74.16818      62.60047 
-74.18174      62.60237 
-74.18281      62.60921 
-74.18678      62.61079 
-74.20711      62.61019 
-74.22307      62.6117 
-74.22921      62.61544 
-74.23293      62.61451 
-74.25167      62.62022 
-74.26203      62.62139 
-74.26576      62.62046 
-74.27763      62.6266 
-74.29159      62.62478 
-74.3096       62.62476 
-74.33131      62.63026 
-74.3526       62.63763 
-74.35968      62.63786 
-74.36689      62.64176 
-74.3758       62.64303 
-74.37775      62.65096 
-74.38784      62.65445 
-74.40715      62.65365 
-74.4521       62.66291 
-74.46018      62.66629 
-74.47393      62.66377 
-74.4823       62.66483 
-74.49611      62.66415 
-74.50622      62.66602 
-74.52301      62.6732 
-74.54126      62.67383 
-74.55371      62.67831 
-74.55723      62.6786 
-74.55988      62.67882 
 1             358 
1
 -9999.0   ,   9990.0 
 11 
-70.08386      62.59534 
-70.0904       62.59579 
-70.10006      62.60323 
-70.10015      62.60963 
-70.10306      62.61228 
-70.08418      62.61225 
-70.07943      62.61059 
-70.0737       62.61193 
-70.05728      62.60885 
-70.0552       62.60526 
-70.08386      62.59534 
 1             359 
1
 -9999.0   ,   9990.0 
 8 
-73.97535      62.58895 
-73.97329      62.59046 
-73.98423      62.59368 
-74.04493      62.59448 
-74.04999      62.59301 
-74.02251      62.58968 
-73.99583      62.59065 
-73.97535      62.58895 
 1             360 
1
 -9999.0   ,   9990.0 
 12 
-70            62.5648 
-70.00817      62.56665 
-70.03188      62.56903 
-70.05552      62.56798 
-70.06903      62.56567 
-70.07249      62.56258 
-70.06752      62.55955 
-70.05313      62.55639 
-70.043        62.55218 
-70.01738      62.55009 
-70.00848      62.5472 
-70            62.54719 
 1             361 
1
 -9999.0   ,   9990.0 
 66 
-77.96534      62.54072 
-77.97284      62.54235 
-77.98191      62.54706 
-78.01533      62.55218 
-78.06341      62.55499 
-78.06602      62.5563 
-78.06261      62.56276 
-78.07495      62.56837 
-78.07838      62.56859 
-78.0801       62.56616 
-78.07391      62.56002 
-78.07948      62.55462 
-78.0878       62.55353 
-78.09011      62.55759 
-78.08586      62.56354 
-78.09056      62.56452 
-78.09963      62.55911 
-78.1061       62.55744 
-78.12433      62.55997 
-78.1277       62.56386 
-78.12486      62.56667 
-78.11721      62.56895 
-78.1156       62.57276 
-78.12947      62.57823 
-78.12185      62.58213 
-78.09605      62.57983 
-78.08623      62.57414 
-78.0828       62.57393 
-78.08033      62.57722 
-78.08915      62.58629 
-78.08249      62.59025 
-78.0764       62.59056 
-78.06572      62.58781 
-78.03554      62.59189 
-78.03218      62.59145 
-78.03325      62.58784 
-78.02553      62.58689 
-78.0187       62.58968 
-78.02035      62.59255 
-78.01204      62.59363 
-78.00635      62.59258 
-78.0023       62.58772 
-77.99465      62.5916 
-77.97709      62.59146 
-77.96972      62.59141 
-77.97301      62.5854 
-77.96532      62.58606 
-77.95248      62.59054 
-77.94458      62.59027 
-77.94031      62.58447 
-77.92886      62.58765 
-77.90639      62.5876 
-77.89249      62.59062 
-77.88562      62.59018 
-77.88156      62.58209 
-77.88116      62.5618 
-77.87092      62.56598 
-77.87466      62.57013 
-77.86193      62.5776 
-77.86068      62.55829 
-77.86         62.54755 
-77.86985      62.54634 
-77.88028      62.54148 
-77.89175      62.54153 
-77.90507      62.5387 
-77.96534      62.54072 
 1             362 
1
 -9999.0   ,   9990.0 
 11 
-70.14026      62.53778 
-70.12612      62.53919 
-70.12256      62.54161 
-70.12764      62.54531 
-70.1204       62.54946 
-70.12392      62.55276 
-70.1334       62.55609 
-70.13883      62.5559 
-70.1389       62.54743 
-70.145        62.53944 
-70.14026      62.53778 
 1             363 
1
 -9999.0   ,   9990.0 
 32 
-77.79393      62.5366 
-77.80778      62.53864 
-77.82805      62.54756 
-77.82928      62.5633 
-77.84366      62.58678 
-77.84122      62.58824 
-77.8178       62.59294 
-77.79883      62.59286 
-77.789        62.589 
-77.7835       62.59394 
-77.777        62.59398 
-77.7519       62.58935 
-77.74838      62.58452 
-77.74263      62.58369 
-77.73403      62.58565 
-77.72541      62.58601 
-77.68441      62.5877 
-77.67803      62.58406 
-77.6674       62.58774 
-77.64191      62.58767 
-77.64163      62.58535 
-77.65695      62.57784 
-77.65611      62.5741 
-77.65918      62.57061 
-77.69287      62.56016 
-77.72538      62.55677 
-77.74319      62.55079 
-77.74938      62.5452 
-77.74929      62.54059 
-77.76093      62.53514 
-77.76287      62.53522 
-77.79393      62.5366 
 1             364 
1
 -9999.0   ,   9990.0 
 10 
-70.55766      62.52943 
-70.55901      62.53144 
-70.5767       62.53602 
-70.58155      62.53538 
-70.60105      62.53897 
-70.6093       62.53796 
-70.61039      62.53586 
-70.59993      62.53558 
-70.57563      62.53011 
-70.55766      62.52943 
 1             365 
1
 -9999.0   ,   9990.0 
 404 
-70.89168      62.74304 
-70.88265      62.73768 
-70.87847      62.7367 
-70.87181      62.73835 
-70.86683      62.73329 
-70.85336      62.73337 
-70.83692      62.72831 
-70.81451      62.726 
-70.80387      62.72254 
-70.81906      62.72101 
-70.8283       62.72499 
-70.84746      62.72605 
-70.85009      62.72412 
-70.83308      62.71611 
-70.81425      62.71411 
-70.81198      62.7126 
-70.81601      62.70763 
-70.82554      62.70794 
-70.8283       62.70141 
-70.81603      62.69207 
-70.81689      62.68608 
-70.80957      62.67905 
-70.81054      62.67627 
-70.7856       62.6656 
-70.77988      62.6617 
-70.77885      62.65624 
-70.78622      62.65573 
-70.79298      62.65203 
-70.80326      62.65367 
-70.80525      62.65108 
-70.77894      62.63565 
-70.79159      62.63675 
-70.79483      62.63547 
-70.78458      62.6313 
-70.78363      62.62882 
-70.78803      62.62842 
-70.79487      62.63043 
-70.79258      62.62617 
-70.78107      62.6232 
-70.77817      62.62103 
-70.77988      62.61959 
-70.7882       62.6188 
-70.7968       62.61434 
-70.79446      62.60985 
-70.78146      62.60945 
-70.78765      62.60532 
-70.77991      62.60128 
-70.75456      62.59862 
-70.73614      62.59391 
-70.73212      62.59288 
-70.72365      62.59276 
-70.71198      62.58612 
-70.70454      62.58619 
-70.70185      62.5824 
-70.69234      62.57934 
-70.69393      62.57722 
-70.68992      62.57166 
-70.72281      62.58295 
-70.72974      62.58016 
-70.71941      62.57805 
-70.71743      62.57538 
-70.72246      62.57312 
-70.71391      62.5698 
-70.71135      62.56669 
-70.72695      62.5599 
-70.72129      62.55348 
-70.6827       62.54608 
-70.68042      62.54983 
-70.67266      62.54808 
-70.66786      62.54895 
-70.66763      62.55308 
-70.65861      62.55801 
-70.65647      62.55718 
-70.65773      62.55324 
-70.64958      62.54669 
-70.63693      62.54536 
-70.63193      62.54784 
-70.62475      62.54767 
-70.60253      62.54714 
-70.60197      62.55221 
-70.62014      62.56477 
-70.64519      62.5741 
-70.66908      62.58781 
-70.6642       62.58823 
-70.6445       62.57847 
-70.63406      62.57567 
-70.61723      62.56786 
-70.61301      62.56917 
-70.60741      62.56573 
-70.59866      62.56401 
-70.57906      62.54898 
-70.55611      62.54551 
-70.56365      62.54339 
-70.56181      62.5414 
-70.55188      62.53858 
-70.54457      62.53932 
-70.54338      62.54096 
-70.54925      62.54325 
-70.54305      62.54464 
-70.54203      62.54719 
-70.53665      62.54763 
-70.52295      62.54312 
-70.5234       62.54013 
-70.51597      62.53744 
-70.49927      62.53556 
-70.48776      62.54331 
-70.4817       62.53988 
-70.47423      62.53971 
-70.46608      62.53567 
-70.47335      62.53471 
-70.47552      62.53302 
-70.47367      62.53104 
-70.46108      62.53172 
-70.45993      62.53178 
-70.45405      62.53498 
-70.42166      62.52842 
-70.41521      62.53118 
-70.41012      62.53045 
-70.41203      62.52443 
-70.39104      62.52339 
-70.38798      62.52007 
-70.38305      62.52299 
-70.37696      62.52258 
-70.368        62.52196 
-70.35496      62.52679 
-70.3655       62.53326 
-70.36127      62.53456 
-70.35479      62.53434 
-70.347        62.52937 
-70.336        62.52886 
-70.33496      62.53142 
-70.32587      62.53335 
-70.35852      62.54153 
-70.36097      62.54418 
-70.35443      62.54648 
-70.3479       62.54603 
-70.33416      62.53831 
-70.3273       62.53879 
-70.312        62.5334 
-70.30538      62.53525 
-70.30033      62.54046 
-70.29438      62.54046 
-70.28288      62.53699 
-70.26413      62.54042 
-70.25892      62.54472 
-70.2548       62.5467 
-70.25541      62.55038 
-70.25         62.55089 
-70.23925      62.54566 
-70.22567      62.54455 
-70.22075      62.54771 
-70.22107      62.5525 
-70.2163       62.55656 
-70.20587      62.55648 
-70.20513      62.56382 
-70.20043      62.56536 
-70.19159      62.56293 
-70.1834       62.56437 
-70.17083      62.57511 
-70.17155      62.57943 
-70.17631      62.58264 
-70.17995      62.58508 
-70.17783      62.59019 
-70.1911       62.60115 
-70.20518      62.61093 
-70.22008      62.61383 
-70.23075      62.62397 
-70.25107      62.6381 
-70.25502      62.64665 
-70.27013      62.65639 
-70.2846       62.65655 
-70.29141      62.65859 
-70.29406      62.66239 
-70.30749      62.66807 
-70.3135       62.66831 
-70.33176      62.66169 
-70.33245      62.66174 
-70.34033      62.66229 
-70.34901      62.65785 
-70.3544       62.66017 
-70.35835      62.66003 
-70.36995      62.64953 
-70.37987      62.65214 
-70.36352      62.66395 
-70.36068      62.67046 
-70.33652      62.67181 
-70.32246      62.6769 
-70.32051      62.67995 
-70.32968      62.68968 
-70.34163      62.69541 
-70.38126      62.70539 
-70.39585      62.71409 
-70.40076      62.71702 
-70.41247      62.72116 
-70.41069      62.72237 
-70.39511      62.71883 
-70.38705      62.71844 
-70.37906      62.71553 
-70.37573      62.71932 
-70.36245      62.71752 
-70.34986      62.71112 
-70.34486      62.71107 
-70.34475      62.71611 
-70.36366      62.72159 
-70.36471      62.72476 
-70.37003      62.72662 
-70.38076      62.72805 
-70.3937       62.73352 
-70.39067      62.73615 
-70.41241      62.74335 
-70.416        62.7439 
-70.4159       62.74047 
-70.4423       62.75138 
-70.45146      62.75116 
-70.46019      62.75094 
-70.4546       62.75596 
-70.47293      62.7635 
-70.48252      62.76406 
-70.49615      62.77315 
-70.5124       62.77734 
-70.5223       62.77674 
-70.53056      62.77826 
-70.53738      62.77731 
-70.54536      62.78272 
-70.55893      62.78587 
-70.58058      62.78664 
-70.58508      62.78395 
-70.5816       62.78134 
-70.58213      62.77606 
-70.59988      62.77744 
-70.6024       62.77208 
-70.61478      62.76611 
-70.61746      62.75892 
-70.62573      62.76043 
-70.62582      62.76363 
-70.61566      62.77088 
-70.61431      62.77437 
-70.60831      62.77711 
-70.60737      62.78012 
-70.61425      62.7849 
-70.61156      62.7866 
-70.59791      62.7885 
-70.5939       62.79391 
-70.59793      62.79673 
-70.60765      62.79796 
-70.62472      62.80371 
-70.67647      62.81291 
-70.68042      62.80727 
-70.68666      62.81389 
-70.70371      62.8194 
-70.72463      62.82682 
-70.73281      62.82764 
-70.7751       62.83948 
-70.79553      62.8389 
-70.79899      62.83601 
-70.8122       62.83434 
-70.80839      62.83015 
-70.81025      62.82938 
-70.84105      62.83594 
-70.8871       62.85377 
-70.90028      62.85461 
-70.9008       62.84955 
-70.90745      62.8502 
-70.91695      62.85225 
-70.92263      62.85347 
-70.92578      62.8593 
-70.93753      62.85791 
-70.95077      62.85897 
-70.9982       62.86549 
-71.00936      62.8687 
-71.00836      62.87125 
-71.06237      62.87543 
-71.10474      62.88648 
-71.12597      62.88972 
-71.14662      62.89503 
-71.15808      62.89541 
-71.1709       62.89584 
-71.16645      62.89122 
-71.14883      62.89105 
-71.1405       62.88956 
-71.12795      62.8846 
-71.15822      62.88287 
-71.21309      62.88856 
-71.2136       62.88121 
-71.21005      62.87861 
-71.19578      62.8751 
-71.19776      62.87249 
-71.20379      62.87498 
-71.20768      62.87437 
-71.20236      62.87047 
-71.2032       62.86722 
-71.19676      62.86269 
-71.17518      62.86017 
-71.17218      62.85778 
-71.17826      62.85818 
-71.18895      62.85887 
-71.15992      62.85418 
-71.15561      62.85024 
-71.14662      62.85291 
-71.13386      62.8468 
-71.12715      62.84091 
-71.12295      62.83994 
-71.1145       62.84281 
-71.10945      62.84257 
-71.09641      62.8351 
-71.06569      62.8318 
-71.05114      62.83172 
-71.04206      62.82889 
-71.0268       62.83021 
-70.98213      62.82472 
-70.98128      62.82293 
-70.98661      62.82202 
-70.99563      62.82334 
-71.00982      62.82542 
-71.02526      62.82501 
-71.01805      62.82141 
-71.00761      62.81933 
-71.00035      62.82054 
-70.99023      62.81753 
-70.98011      62.81954 
-70.97231      62.81551 
-70.98247      62.81372 
-70.9524       62.80328 
-70.93673      62.80255 
-70.93273      62.79996 
-70.94373      62.79997 
-70.94446      62.79857 
-70.92928      62.79255 
-70.91922      62.79227 
-70.92633      62.79542 
-70.92741      62.79835 
-70.91745      62.79853 
-70.91841      62.80352 
-70.90766      62.80488 
-70.90647      62.80652 
-70.91265      62.81072 
-70.92279      62.81319 
-70.92016      62.81512 
-70.90421      62.81806 
-70.89902      62.81713 
-70.89241      62.81144 
-70.90052      62.79647 
-70.89526      62.79256 
-70.90006      62.78893 
-70.89768      62.78697 
-70.87411      62.78403 
-70.87101      62.78095 
-70.85616      62.78178 
-70.84552      62.7758 
-70.82232      62.77215 
-70.79924      62.7717 
-70.79698      62.76767 
-70.77945      62.76745 
-70.75893      62.76118 
-70.75823      62.76097 
-70.75366      62.76321 
-70.75736      62.76695 
-70.76764      62.77112 
-70.78464      62.77114 
-70.78837      62.77235 
-70.77338      62.77501 
-70.77183      62.77737 
-70.76632      62.77735 
-70.75602      62.77044 
-70.74849      62.77028 
-70.74141      62.77513 
-70.73206      62.77596 
-70.72816      62.77383 
-70.73026      62.77168 
-70.73559      62.77078 
-70.72965      62.76576 
-70.73203      62.76246 
-70.74434      62.76152 
-70.74641      62.75663 
-70.72851      62.75436 
-70.72898      62.74885 
-70.7333       62.74799 
-70.74536      62.75095 
-70.74893      62.74875 
-70.75636      62.74845 
-70.76406      62.74426 
-70.77298      62.74391 
-70.77589      62.74441 
-70.79003      62.74689 
-70.79374      62.75063 
-70.80421      62.75319 
-70.80801      62.75212 
-70.80856      62.74981 
-70.80404      62.74702 
-70.80527      62.7456 
-70.8148       62.74842 
-70.82376      62.74829 
-70.83765      62.753 
-70.84373      62.75344 
-70.84618      62.75059 
-70.83911      62.74493 
-70.84442      62.74403 
-70.85378      62.74594 
-70.85675      62.74056 
-70.86422      62.74048 
-70.87173      62.74316 
-70.8807       62.74303 
-70.89005      62.74494 
-70.89168      62.74304 
 1             366 
1
 -9999.0   ,   9990.0 
 7 
-78.01961      62.50734 
-78.01161      62.50913 
-78.00371      62.50886 
-78.00173      62.51219 
-78.01403      62.51274 
-78.0327       62.50863 
-78.01961      62.50734 
 1             367 
1
 -9999.0   ,   9990.0 
 7 
-77.74906      62.47748 
-77.74524      62.48022 
-77.75127      62.4866 
-77.75575      62.48827 
-77.75943      62.48598 
-77.75688      62.47798 
-77.74906      62.47748 
 1             368 
1
 -9999.0   ,   9990.0 
 9 
-77.9335       62.47192 
-77.9275       62.47199 
-77.91305      62.47705 
-77.91062      62.47851 
-77.91399      62.48057 
-77.94197      62.4819 
-77.9418       62.47913 
-77.93431      62.47589 
-77.9335       62.47192 
 1             369 
1
 -9999.0   ,   9990.0 
 14 
-78.07064      62.42357 
-78.06475      62.42504 
-78.06499      62.42758 
-78.0616       62.42898 
-78.03958      62.42782 
-78.02966      62.4311 
-78.0329       62.4336 
-78.04512      62.43599 
-78.07343      62.43778 
-78.08017      62.43682 
-78.06875      62.43173 
-78.08041      62.42925 
-78.08191      62.4275 
-78.07064      62.42357 
 1             370 
1
 -9999.0   ,   9990.0 
 12 
-78.0924       62.37292 
-78.07933      62.382 
-78.08591      62.39 
-78.09995      62.39297 
-78.10648      62.39269 
-78.11328      62.38644 
-78.11245      62.38248 
-78.10453      62.38405 
-78.10311      62.38212 
-78.11122      62.37642 
-78.1098       62.37448 
-78.0924       62.37292 
 1             371 
1
 -9999.0   ,   9990.0 
 34 
-78.06707      62.37132 
-78.05178      62.37104 
-78.04715      62.37328 
-78.04828      62.37956 
-78.05317      62.38149 
-78.04631      62.3829 
-78.0353       62.38151 
-78.03088      62.38306 
-78.03875      62.3884 
-78.0364       62.38963 
-78.02623      62.38875 
-78.02348      62.39134 
-78.03006      62.39429 
-78.0113       62.40069 
-78.0137       62.4043 
-78.01951      62.40651 
-78.04023      62.4053 
-78.04256      62.40245 
-78.03578      62.40018 
-78.03679      62.3984 
-78.06237      62.38737 
-78.06285      62.39085 
-78.05465      62.39677 
-78.0516       62.40211 
-78.05516      62.40348 
-78.06278      62.40268 
-78.06336      62.40262 
-78.06894      62.39883 
-78.0759       62.39881 
-78.0794       62.39535 
-78.0757       62.38591 
-78.06955      62.38322 
-78.07466      62.3725 
-78.06707      62.37132 
 1             372 
1
 -9999.0   ,   9990.0 
 12 
-73.0476       62.31486 
-73.03803      62.31609 
-73.0388       62.31904 
-73.04628      62.32114 
-73.04667      62.32457 
-73.05432      62.32735 
-73.06516      62.32719 
-73.06855      62.32126 
-73.07373      62.32028 
-73.07253      62.31759 
-73.06402      62.31531 
-73.0476       62.31486 
 1             373 
1
 -9999.0   ,   9990.0 
 10 
-75.53791      62.27941 
-75.53226      62.28028 
-75.52445      62.2908 
-75.53686      62.29657 
-75.54889      62.29545 
-75.57058      62.28921 
-75.56918      62.28515 
-75.55556      62.28456 
-75.54732      62.28078 
-75.53791      62.27941 
 1             374 
1
 -9999.0   ,   9990.0 
 26 
-73.09831      62.2465 
-73.09351      62.247 
-73.0904       62.25201 
-73.07618      62.25236 
-73.07668      62.25807 
-73.0675       62.26066 
-73.06638      62.26394 
-73.07013      62.26695 
-73.07875      62.26967 
-73.08158      62.27296 
-73.09136      62.27264 
-73.09778      62.2764 
-73.1055       62.27574 
-73.10388      62.27146 
-73.10911      62.2707 
-73.11633      62.27374 
-73.12083      62.2721 
-73.1157       62.26757 
-73.12171      62.26608 
-73.1271       62.26968 
-73.13105      62.26968 
-73.13255      62.26224 
-73.12965      62.25873 
-73.11376      62.25458 
-73.10273      62.25016 
-73.09831      62.2465 
 1             375 
1
 -9999.0   ,   9990.0 
 9 
-74.81763      62.22869 
-74.8056       62.22975 
-74.80195      62.23692 
-74.80711      62.24071 
-74.82301      62.24399 
-74.83136      62.24226 
-74.83295      62.23639 
-74.82991      62.23152 
-74.81763      62.22869 
 1             376 
1
 -9999.0   ,   9990.0 
 16 
-72.801        62.22708 
-72.80262      62.22742 
-72.817        62.22778 
-72.8252       62.231 
-72.8553       62.23509 
-72.86861      62.24285 
-72.86773      62.24519 
-72.86353      62.24612 
-72.85523      62.24451 
-72.83016      62.24474 
-72.82266      62.2424 
-72.81191      62.23495 
-72.80228      62.23222 
-72.7875       62.22802 
-72.79481      62.22578 
-72.801        62.22708 
 1             377 
1
 -9999.0   ,   9990.0 
 8 
-73.0018       62.18992 
-72.99713      62.19089 
-72.99578      62.19326 
-73.01785      62.19868 
-73.02313      62.19815 
-73.02496      62.19575 
-73.01221      62.19026 
-73.0018       62.18992 
 1             378 
1
 -9999.0   ,   9990.0 
 7 
-72.89215      62.18641 
-72.88343      62.19081 
-72.88751      62.19334 
-72.89545      62.19358 
-72.90791      62.19036 
-72.90605      62.18886 
-72.89215      62.18641 
 1             379 
1
 -9999.0   ,   9990.0 
 7 
-79.27888      62.13276 
-79.27536      62.15071 
-79.28298      62.14975 
-79.29651      62.14476 
-79.28664      62.141 
-79.28253      62.13388 
-79.27888      62.13276 
 1             380 
1
 -9999.0   ,   9990.0 
 497 
-78.09873      62.36481 
-78.09448      62.36408 
-78.09141      62.35928 
-78.08466      62.36714 
-78.08168      62.36718 
-78.0776       62.36416 
-78.05701      62.36332 
-78.05524      62.3609 
-78.05632      62.36001 
-78.06046      62.35663 
-78.05835      62.34522 
-78.04249      62.35871 
-78.04227      62.36285 
-78.03298      62.36409 
-78.02455      62.36747 
-78.01515      62.37746 
-77.96781      62.38986 
-77.96263      62.38561 
-77.95943      62.38633 
-77.95256      62.39441 
-77.94846      62.39484 
-77.94265      62.39101 
-77.94288      62.38688 
-77.9711       62.37339 
-77.97642      62.37084 
-77.9962       62.35254 
-77.99303      62.34819 
-77.98858      62.34813 
-77.97895      62.35558 
-77.97353      62.36214 
-77.97325      62.36649 
-77.9546       62.3775 
-77.93796      62.38173 
-77.93201      62.38503 
-77.92046      62.38382 
-77.91159      62.38026 
-77.90853      62.38052 
-77.93981      62.39744 
-77.94575      62.40064 
-77.95232      62.41534 
-77.94578      62.42229 
-77.93296      62.4286 
-77.92518      62.42972 
-77.92063      62.41999 
-77.90228      62.40983 
-77.88986      62.40649 
-77.88765      62.40727 
-77.89855      62.42063 
-77.90372      62.42166 
-77.90612      62.42526 
-77.90211      62.42869 
-77.89143      62.43284 
-77.88395      62.42959 
-77.87297      62.43303 
-77.86594      62.43326 
-77.8621       62.43117 
-77.84704      62.42997 
-77.84282      62.43407 
-77.83328      62.43437 
-77.83037      62.43579 
-77.83203      62.44189 
-77.82062      62.44668 
-77.8113       62.44791 
-77.79784      62.45786 
-77.77961      62.46381 
-77.77403      62.46414 
-77.7669       62.45975 
-77.7534       62.46648 
-77.74371      62.46722 
-77.73541      62.46506 
-77.71045      62.48485 
-77.70231      62.49191 
-77.70428      62.4985 
-77.70025      62.50352 
-77.69007      62.51069 
-77.6808       62.5133 
-77.66891      62.50975 
-77.66382      62.51011 
-77.64093      62.52127 
-77.63367      62.52056 
-77.61705      62.5259 
-77.60782      62.52668 
-77.5898       62.51396 
-77.58687      62.51699 
-77.58735      62.5267 
-77.5773       62.53179 
-77.5784       62.53463 
-77.57378      62.54146 
-77.557        62.54565 
-77.54377      62.55444 
-77.53236      62.55736 
-77.52851      62.56333 
-77.52928      62.5674 
-77.52984      62.5703 
-77.53002      62.57126 
-77.52784      62.57503 
-77.52085      62.57825 
-77.52173      62.58499 
-77.51767      62.58518 
-77.50725      62.58172 
-77.50321      62.58182 
-77.49969      62.58191 
-77.48836      62.57976 
-77.46525      62.58328 
-77.43453      62.58237 
-77.43062      62.58049 
-77.42367      62.57242 
-77.42271      62.56751 
-77.42751      62.56023 
-77.4224       62.55274 
-77.42041      62.5321 
-77.41606      62.52535 
-77.41175      62.52321 
-77.40306      62.52539 
-77.40033      62.52774 
-77.39881      62.54354 
-77.39131      62.55778 
-77.38346      62.56048 
-77.37045      62.56052 
-77.353        62.55564 
-77.34496      62.54795 
-77.3377       62.55324 
-77.33453      62.55553 
-77.32563      62.55838 
-77.31626      62.55797 
-77.30155      62.55397 
-77.30075      62.55331 
-77.29536      62.54878 
-77.29406      62.54769 
-77.29225      62.54861 
-77.28569      62.55196 
-77.27763      62.55372 
-77.26991      62.54977 
-77.26776      62.54866 
-77.23445      62.54659 
-77.22653      62.54167 
-77.21788      62.54061 
-77.19811      62.54455 
-77.18581      62.53931 
-77.17325      62.53799 
-77.16341      62.52669 
-77.1629       62.52366 
-77.17032      62.51772 
-77.16763      62.51061 
-77.16088      62.50991 
-77.14577      62.52914 
-77.14128      62.53484 
-77.12858      62.52934 
-77.12706      62.53707 
-77.09289      62.53307 
-77.0776       62.52024 
-77.08248      62.51297 
-77.07934      62.50421 
-77.07342      62.49942 
-77.06927      62.50904 
-77.07228      62.52424 
-77.06671      62.53216 
-77.0612       62.53062 
-77.05112      62.52022 
-77.04486      62.51955 
-77.04711      62.5294 
-77.04449      62.53129 
-77.036        62.52977 
-77.02711      62.53399 
-77.01242      62.53457 
-77.00589      62.53618 
-76.99018      62.5353 
-76.9823       62.53798 
-76.97211      62.53702 
-76.94286      62.53933 
-76.93301      62.53586 
-76.93318      62.5308 
-76.94193      62.52704 
-76.95071      62.51866 
-76.9691       62.51143 
-76.96638      62.50755 
-76.95621      62.5096 
-76.94282      62.51534 
-76.93342      62.52214 
-76.93295      62.52248 
-76.9122       62.53231 
-76.90178      62.53203 
-76.8983       62.52901 
-76.89806      62.52368 
-76.9085       62.51035 
-76.90628      62.49751 
-76.90076      62.48857 
-76.8957       62.48729 
-76.89435      62.49435 
-76.89986      62.50928 
-76.88301      62.52238 
-76.87279      62.52603 
-76.86633      62.52441 
-76.86262      62.51607 
-76.85865      62.51602 
-76.85601      62.51691 
-76.8547       62.51735 
-76.85215      62.52501 
-76.84695      62.52556 
-76.8331       62.52365 
-76.82712      62.52506 
-76.7938       62.52012 
-76.79083      62.51552 
-76.78578      62.51424 
-76.77814      62.51761 
-76.77096      62.51663 
-76.76781      62.5097 
-76.77203      62.50609 
-76.77254      62.50012 
-76.76315      62.50129 
-76.74511      62.50737 
-76.72698      62.50628 
-76.71845      62.50197 
-76.70965      62.49256 
-76.71174      62.48786 
-76.70594      62.48582 
-76.70665      62.4808 
-76.70182      62.47883 
-76.68169      62.48959 
-76.67337      62.4876 
-76.66006      62.48709 
-76.65411      62.48111 
-76.63941      62.47588 
-76.63969      62.47359 
-76.65476      62.46892 
-76.66835      62.46715 
-76.67316      62.46473 
-76.66852      62.45931 
-76.6732       62.44995 
-76.66718      62.43682 
-76.65726      62.45571 
-76.64415      62.46052 
-76.63328      62.46019 
-76.62541      62.45878 
-76.6093       62.45589 
-76.59243      62.44102 
-76.59293      62.43228 
-76.58925      62.42993 
-76.58469      62.43306 
-76.57941      62.4426 
-76.58315      62.45211 
-76.57737      62.45584 
-76.5663       62.45756 
-76.559        62.45702 
-76.54503      62.44975 
-76.54548      62.44263 
-76.53446      62.43696 
-76.5269       62.44009 
-76.52735      62.44313 
-76.52262      62.4467 
-76.51576      62.44781 
-76.50017      62.44527 
-76.4899       62.44604 
-76.46804      62.44149 
-76.45773      62.43378 
-76.44866      62.43264 
-76.43788      62.42491 
-76.4291       62.42864 
-76.41956      62.43023 
-76.40895      62.4292 
-76.40058      62.43319 
-76.38676      62.42846 
-76.37371      62.42725 
-76.36597      62.42227 
-76.35681      62.42135 
-76.34559      62.41495 
-76.34396      62.40536 
-76.32845      62.41689 
-76.31512      62.41935 
-76.29898      62.41558 
-76.29127      62.41199 
-76.28107      62.41122 
-76.27682      62.40488 
-76.25986      62.39643 
-76.24877      62.39535 
-76.23003      62.39761 
-76.22129      62.39694 
-76.20111      62.38777 
-76.17726      62.38339 
-76.16723      62.38632 
-76.15413      62.38531 
-76.12719      62.37962 
-76.11103      62.3762 
-76.0976       62.36221 
-76.10996      62.35415 
-76.11906      62.33982 
-76.12793      62.33589 
-76.1226       62.33409 
-76.0954       62.33637 
-76.07708      62.34305 
-76.05698      62.35327 
-76.04356      62.35732 
-76.03194      62.35641 
-76.01968      62.34343 
-76.02099      62.33979 
-76.02375      62.33218 
-76.03303      62.32157 
-76.02997      62.31486 
-76.02296      62.31084 
-76.0194       62.31658 
-76.01955      62.32584 
-76.00793      62.3277 
-76.00421      62.33528 
-76            62.33002 
-75.99617      62.33055 
-75.98843      62.33948 
-75.96906      62.35069 
-75.96195      62.3517 
-75.95638      62.35005 
-75.94192      62.35417 
-75.93352      62.35435 
-75.91423      62.34914 
-75.90586      62.34377 
-75.88713      62.34012 
-75.87964      62.33307 
-75.87238      62.33085 
-75.86741      62.32384 
-75.8539       62.324 
-75.85305      62.32402 
-75.84395      62.32078 
-75.83692      62.32201 
-75.82975      62.32001 
-75.82435      62.3202 
-75.81863      62.3167 
-75.80541      62.31586 
-75.79763      62.31068 
-75.77778      62.3108 
-75.77233      62.30659 
-75.76321      62.30613 
-75.739        62.31074 
-75.72988      62.31027 
-75.71211      62.30492 
-75.69975      62.30654 
-75.68938      62.30386 
-75.68242      62.29815 
-75.64701      62.30197 
-75.62838      62.29413 
-75.6252       62.29397 
-75.61325      62.29341 
-75.60424      62.29039 
-75.60801      62.28549 
-75.60258      62.28128 
-75.59503      62.27953 
-75.57868      62.2796 
-75.57333      62.28138 
-75.56443      62.27858 
-75.55855      62.27879 
-75.55392      62.27544 
-75.54941      62.27531 
-75.54767      62.27313 
-75.56881      62.26393 
-75.61955      62.25574 
-75.6322       62.25503 
-75.65306      62.24653 
-75.67296      62.24387 
-75.67585      62.23788 
-75.67672      62.2374 
-75.68336      62.23384 
-75.6867       62.2292 
-75.69776      62.22397 
-75.71243      62.22055 
-75.73753      62.2087 
-75.76719      62.20853 
-75.78231      62.20645 
-75.81323      62.19715 
-75.82267      62.18741 
-75.84447      62.18042 
-75.86021      62.17875 
-75.86561      62.1744 
-75.87758      62.17186 
-75.88233      62.16849 
-75.87078      62.16661 
-75.8362       62.16257 
-75.82865      62.16638 
-75.82295      62.16427 
-75.79348      62.1663 
-75.78548      62.16322 
-75.77103      62.15161 
-75.77165      62.13076 
-75.76664      62.12503 
-75.75352      62.10996 
-75.75615      62.10051 
-75.74536      62.09925 
-75.72312      62.09355 
-75.72635      62.09146 
-75.7238       62.0898 
-75.70893      62.08678 
-75.69363      62.08678 
-75.6961       62.0896 
-75.70593      62.09093 
-75.71381      62.09657 
-75.74721      62.10604 
-75.74676      62.11325 
-75.75947      62.12557 
-75.76415      62.13619 
-75.76035      62.14833 
-75.75948      62.15111 
-75.7724       62.1626 
-75.77693      62.16988 
-75.78356      62.1733 
-75.78731      62.17833 
-75.78543      62.18426 
-75.7809       62.1883 
-75.77246      62.19102 
-75.74273      62.19098 
-75.72685      62.18803 
-75.6872       62.20212 
-75.67481      62.21069 
-75.66279      62.20743 
-75.64129      62.21113 
-75.63483      62.21393 
-75.62884      62.22524 
-75.61908      62.23429 
-75.61593      62.23522 
-75.60908      62.22973 
-75.58667      62.23372 
-75.58565      62.23796 
-75.57676      62.24093 
-75.55586      62.24503 
-75.53588      62.25322 
-75.52113      62.25362 
-75.51094      62.25716 
-75.50923      62.26071 
-75.50312      62.27344 
-75.47288      62.29531 
-75.46483      62.29497 
-75.45386      62.30503 
-75.44486      62.30776 
-75.43955      62.30677 
-75.4297       62.29826 
-75.43029      62.29268 
-75.41543      62.2679 
-75.40713      62.2639 
-75.38055      62.26008 
-75.37206      62.26139 
-75.39551      62.26914 
-75.39931      62.27302 
-75.39975      62.28058 
-75.39991      62.28359 
-75.41031      62.2923 
-75.40743      62.30429 
-75.40263      62.31064 
-75.39248      62.31 
-75.37988      62.31531 
-75.36376      62.31903 
-75.34832      62.32038 
-75.32825      62.31977 
-75.32152      62.31749 
-75.3091       62.31747 
-75.28194      62.30905 
-75.26449      62.29992 
-75.2571       62.29861 
-75.23071      62.29983 
-75.22565      62.29821 
-75.22016      62.29643 
-75.20316      62.29604 
-75.18373      62.29282 
-75.17441      62.28865 
-75.15045      62.28667 
-75.12686      62.28882 
-75.09952      62.28108 
-75.09767      62.27244 
-75.10108      62.2602 
-75.10865      62.25158 
-75.10565      62.24395 
-75.11901      62.23492 
-75.12553      62.22615 
-75.1236       62.22328 
-75.10831      62.22645 
-75.10078      62.23668 
-75.08268      62.2449 
-75.0762       62.26589 
-75.06701      62.27416 
-75.0521       62.27706 
-75.0147       62.27025 
-75.00518      62.27061 
-75            62.27081 
-74.98631      62.27133 
-74.97683      62.26808 
-74.9647       62.26732 
-74.94815      62.26364 
-74.94012      62.26028 
-74.91786      62.25884 
-74.90784      62.25539 
-74.89223      62.24379 
-74.8656       62.23481 
-74.85935      62.22925 
-74.84553      62.22467 
-74.83915      62.21866 
-74.83895      62.21337 
-74.8545       62.19707 
-74.8537       62.19459 
-74.85025      62.19459 
-74.8351       62.20441 
-74.81972      62.20733 
-74.80743      62.20288 
-74.79501      62.19565 
 1             381 
1
 -9999.0   ,   9990.0 
 12 
-72.38558      62.06054 
-72.38129      62.06513 
-72.37414      62.06803 
-72.40113      62.07235 
-72.41054      62.07691 
-72.41828      62.07857 
-72.42301      62.07786 
-72.42311      62.07212 
-72.42703      62.07008 
-72.41848      62.06502 
-72.4086       62.06255 
-72.38558      62.06054 
 1             382 
1
 -9999.0   ,   9990.0 
 10 
-72.33411      62.05197 
-72.333        62.0534 
-72.33733      62.05524 
-72.34926      62.056 
-72.35813      62.06036 
-72.36888      62.06026 
-72.3693       62.05794 
-72.36415      62.05477 
-72.34782      62.05195 
-72.33411      62.05197 
 1             383 
1
 -9999.0   ,   9990.0 
 27 
-72.3397       62.00922 
-72.33203      62.01398 
-72.32045      62.01044 
-72.31531      62.01989 
-72.32868      62.02471 
-72.33201      62.01811 
-72.33968      62.01955 
-72.35894      62.02864 
-72.36603      62.02965 
-72.38192      62.03686 
-72.39525      62.04144 
-72.40705      62.04174 
-72.4142       62.04504 
-72.42226      62.046 
-72.42769      62.0503 
-72.43585      62.04758 
-72.4394       62.04395 
-72.4622       62.03908 
-72.46336      62.03373 
-72.4552       62.03026 
-72.43253      62.02755 
-72.42025      62.02314 
-72.41089      62.01675 
-72.40138      62.0138 
-72.3787       62.01293 
-72.35997      62.00816 
-72.3397       62.00922 
 1             384 
1
 -9999.0   ,   9990.0 
 13 
-72.25955      61.99247 
-72.25568      61.99473 
-72.25751      62.0068 
-72.2544       62.00811 
-72.26206      62.01162 
-72.26915      62.01057 
-72.27485      62.00568 
-72.28724      62.00436 
-72.29433      62.00123 
-72.29139      61.99703 
-72.27633      61.99321 
-72.26921      61.99197 
-72.25955      61.99247 
 1             385 
1
 -9999.0   ,   9990.0 
 7 
-72.21477      61.98467 
-72.20933      61.99068 
-72.2135       61.99391 
-72.22905      61.99151 
-72.23233      61.98882 
-72.22677      61.98589 
-72.21477      61.98467 
 1             386 
1
 -9999.0   ,   9990.0 
 12 
-72.15003      61.97488 
-72.15329      61.98481 
-72.1585       61.99051 
-72.16396      61.99299 
-72.16328      61.99646 
-72.16756      61.99808 
-72.17085      61.99745 
-72.17287      61.99139 
-72.17926      61.98945 
-72.17885      61.98558 
-72.16561      61.97891 
-72.15003      61.97488 
 1             387 
1
 -9999.0   ,   9990.0 
 7 
-72.40571      61.9477 
-72.38745      61.94888 
-72.38446      61.95064 
-72.38725      61.95211 
-72.4046       61.95326 
-72.41236      61.95102 
-72.40571      61.9477 
 1             388 
1
 -9999.0   ,   9990.0 
 96 
-78.09873      62.36481 
-78.10218      62.36318 
-78.10736      62.35223 
-78.12815      62.33697 
-78.12013      62.33555 
-78.11716      62.33213 
-78.12508      62.33218 
-78.14585      62.31691 
-78.1454       62.31504 
-78.11965      62.31503 
-78.11136      62.3129 
-78.11091      62.31103 
-78.1177       62.30984 
-78.10851      62.30397 
-78.11646      62.30217 
-78.12192      62.30551 
-78.14072      62.30554 
-78.15288      62.30286 
-78.1564       62.30607 
-78.16234      62.30437 
-78.16124      62.30131 
-78.17313      62.29952 
-78.17088      62.29708 
-78.16482      62.29578 
-78.16489      62.2921 
-78.17775      62.27841 
-78.18566      62.275 
-78.18135      62.27104 
-78.18138      62.26575 
-78.18436      62.26226 
-78.19097      62.25991 
-78.20191      62.25968 
-78.20424      62.25844 
-78.20185      62.25645 
-78.19033      62.25527 
-78.18139      62.25885 
-78.16859      62.2707 
-78.16569      62.27685 
-78.16098      62.2868 
-78.15495      62.29056 
-78.14136      62.29476 
-78.15338      62.28401 
-78.15391      62.27875 
-78.16721      62.26348 
-78.16665      62.25516 
-78.17218      62.25136 
-78.18306      62.24791 
-78.17921      62.24583 
-78.17951      62.24308 
-78.18708      62.23734 
-78.17108      62.23289 
-78.16912      62.22425 
-78.17266      62.22055 
-78.16216      62.21759 
-78.16867      62.20695 
-78.18716      62.19408 
-78.19079      62.18832 
-78.18643      62.18805 
-78.1865       62.18437 
-78.18246      62.18297 
-78.1798       62.17681 
-78.18743      62.17085 
-78.18107      62.16723 
-78.16706      62.16795 
-78.19396      62.15492 
-78.19696      62.14958 
-78.18993      62.14316 
-78.18907      62.13758 
-78.16986      62.12394 
-78.16701      62.10811 
-78.17095      62.08925 
-78.16565      62.08546 
-78.16658      62.08046 
-78.17219      62.0746 
-78.16531      62.07117 
-78.16053      62.0536 
-78.16423      62.04923 
-78.1584       62.03873 
-78.15656      62.02803 
-78.1604       62.02321 
-78.17174      62.0161 
-78.16328      62.00452 
-78.16535      62.00073 
-78.15861      61.99685 
-78.15126      62.0003 
-78.14713      61.99589 
-78.13883      61.99582 
-78.12614      61.9888 
-78.12908      61.98369 
-78.13633      61.98231 
-78.13037      61.97917 
-78.12455      61.97557 
-78.11048      61.9581 
-78.10882      61.9451 
-78.10174      61.94418 
-78.09909      61.94148 
 1             389 
1
 -9999.0   ,   9990.0 
 9 
-72.11323      61.90973 
-72.11346      61.91293 
-72.11993      61.91352 
-72.12484      61.92223 
-72.13125      61.92466 
-72.14068      61.92119 
-72.13321      61.91194 
-72.12435      61.9094 
-72.11323      61.90973 
 1             390 
1
 -9999.0   ,   9990.0 
 7 
-72.14342      61.87562 
-72.14008      61.88015 
-72.14636      61.88212 
-72.15801      61.88199 
-72.16321      61.87921 
-72.15986      61.87731 
-72.14342      61.87562 
 1             391 
1
 -9999.0   ,   9990.0 
 22 
-72.01044      61.85087 
-72.00381      61.85166 
-71.99698      61.8559 
-71.97993      61.85789 
-71.96391      61.858 
-71.95993      61.8598 
-71.95953      61.86234 
-71.96481      61.86644 
-71.98678      61.86902 
-71.99878      61.86613 
-72.02537      61.87628 
-72.03968      61.87718 
-72.08702      61.8865 
-72.12055      61.88412 
-72.12503      61.87816 
-72.1228       61.87483 
-72.12065      61.87451 
-72.1067       61.87243 
-72.0926       61.86603 
-72.04368      61.85173 
-72.01953      61.85455 
-72.01044      61.85087 
 1             392 
1
 -9999.0   ,   9990.0 
 7 
-72.18419      61.74801 
-72.16808      61.75388 
-72.16874      61.75889 
-72.17668      61.75757 
-72.18772      61.75287 
-72.18817      61.74849 
-72.18419      61.74801 
 1             393 
1
 -9999.0   ,   9990.0 
 498 
-74.79501      62.19565 
-74.77591      62.18453 
-74.76755      62.18465 
-74.74728      62.17521 
-74.7396       62.1649 
-74.74035      62.15793 
-74.7666       62.14113 
-74.76541      62.13891 
-74.75687      62.13996 
-74.73954      62.14599 
-74.72836      62.15276 
-74.72235      62.16033 
-74.71718      62.16114 
-74.69785      62.15302 
-74.68563      62.14394 
-74.6613       62.13708 
-74.65242      62.13077 
-74.64447      62.12739 
-74.6346       62.12576 
-74.63009      62.12238 
-74.62443      62.12 
-74.60458      62.12112 
-74.59656      62.11912 
-74.58092      62.1195 
-74.56222      62.11478 
-74.55877      62.11552 
-74.56875      62.12189 
-74.56496      62.12261 
-74.55727      62.11788 
-74.54526      62.11408 
-74.53795      62.11112 
-74.53813      62.10373 
-74.53571      62.10228 
-74.53295      62.10292 
-74.52485      62.11016 
-74.54584      62.12234 
-74.55771      62.12568 
-74.56153      62.13165 
-74.57995      62.13386 
-74.6183       62.14301 
-74.6332       62.14498 
-74.65161      62.1518 
-74.69316      62.18862 
-74.69535      62.19054 
-74.71402      62.20122 
-74.72666      62.20844 
-74.746        62.21335 
-74.72066      62.22546 
-74.71705      62.22963 
-74.71882      62.23527 
-74.71243      62.24009 
-74.71177      62.24428 
-74.70493      62.24613 
-74.708        62.25423 
-74.70579      62.25668 
-74.70075      62.25795 
-74.68618      62.25572 
-74.67436      62.25744 
-74.66568      62.25504 
-74.64671      62.2561 
-74.62888      62.25979 
-74.62023      62.26159 
-74.61039      62.26179 
-74.58584      62.25446 
-74.5706       62.25481 
-74.55646      62.25069 
-74.53673      62.24925 
-74.51885      62.24584 
-74.49511      62.24421 
-74.43835      62.24938 
-74.43191      62.24612 
-74.42263      62.24489 
-74.41323      62.24483 
-74.40373      62.24776 
-74.39736      62.24795 
-74.38226      62.25356 
-74.38198      62.25749 
-74.37678      62.25991 
-74.36591      62.25994 
-74.3572       62.25567 
-74.3411       62.26134 
-74.32792      62.27004 
-74.33206      62.27392 
-74.33197      62.28014 
-74.3224       62.28123 
-74.31879      62.284 
-74.30876      62.28028 
-74.31231      62.27568 
-74.31093      62.27277 
-74.30622      62.27193 
-74.29443      62.27546 
-74.29031      62.2831 
-74.28386      62.28306 
-74.27983      62.2877 
-74.28361      62.29045 
-74.28305      62.29348 
-74.27988      62.29497 
-74.25961      62.30445 
-74.25801      62.30894 
-74.26239      62.31694 
-74.24898      62.32012 
-74.24668      62.32395 
-74.23993      62.32462 
-74.23401      62.328 
-74.22277      62.32688 
-74.21464      62.32787 
-74.21163      62.33267 
-74.19674      62.33594 
-74.19234      62.33945 
-74.17872      62.34032 
-74.17419      62.3268 
-74.16621      62.32662 
-74.14981      62.32975 
-74.12913      62.33522 
-74.12083      62.33898 
-74.092        62.34036 
-74.07741      62.34636 
-74.07895      62.35155 
-74.07188      62.35615 
-74.04936      62.35712 
-74.04008      62.35426 
-74.02966      62.35929 
-74.02418      62.35918 
-74.02095      62.36169 
-74.01044      62.36304 
-74.00727      62.36577 
-74.00136      62.36592 
-73.99791      62.36429 
-74.00045      62.35769 
-73.99823      62.35691 
-73.99039      62.36062 
-73.97826      62.36323 
-73.96512      62.37257 
-73.96773      62.37471 
-73.96664      62.37777 
-73.95046      62.39375 
-73.95367      62.39792 
-73.95182      62.4001 
-73.94276      62.40136 
-73.93955      62.40571 
-73.93098      62.40694 
-73.91738      62.41307 
-73.91566      62.41917 
-73.91158      62.42218 
-73.91209      62.42906 
-73.89291      62.4383 
-73.88116      62.44065 
-73.86296      62.44983 
-73.859        62.45675 
-73.84957      62.46033 
-73.83964      62.46208 
-73.81847      62.45764 
-73.80462      62.4631 
-73.78873      62.46315 
-73.78508      62.46775 
-73.7652       62.46782 
-73.72951      62.47345 
-73.70842      62.4745 
-73.70625      62.48085 
-73.69323      62.48233 
-73.68076      62.47871 
-73.66656      62.47774 
-73.66438      62.477 
-73.65556      62.47403 
-73.63471      62.45298 
-73.62455      62.45221 
-73.61567      62.44539 
-73.60826      62.43848 
-73.61455      62.43258 
-73.60548      62.43036 
-73.60808      62.42721 
-73.6039       62.42471 
-73.5939       62.42623 
-73.59563      62.42176 
-73.58886      62.41711 
-73.59043      62.41379 
-73.60326      62.41003 
-73.60646      62.40731 
-73.6005       62.40375 
-73.58198      62.40671 
-73.57061      62.40509 
-73.56061      62.39948 
-73.55326      62.39624 
-73.55211      62.39034 
-73.54432      62.38551 
-73.54733      62.38027 
-73.53596      62.37865 
-73.52941      62.37997 
-73.51988      62.37961 
-73.50496      62.38303 
-73.49531      62.38936 
-73.48916      62.39041 
-73.4784       62.38737 
-73.45784      62.38652 
-73.44805      62.37974 
-73.43456      62.37755 
-73.43586      62.36966 
-73.44611      62.36192 
-73.44712      62.35658 
-73.44486      62.35372 
-73.43943      62.35381 
-73.43086      62.35685 
-73.42311      62.36467 
-73.41165      62.36626 
-73.4066       62.36955 
-73.37948      62.37183 
-73.3564       62.35801 
-73.3372       62.35476 
-73.31848      62.34413 
-73.31485      62.33973 
-73.30745      62.33076 
-73.27572      62.33053 
-73.25248      62.32315 
-73.22648      62.3258 
-73.20074      62.32015 
-73.18653      62.31499 
-73.18229      62.30283 
-73.19283      62.29693 
-73.19649      62.29489 
-73.1911       62.28762 
-73.19057      62.28006 
-73.19708      62.27669 
-73.2045       62.27673 
-73.20645      62.27478 
-73.20354      62.27127 
-73.19898      62.27084 
-73.1864       62.2718 
-73.15911      62.26187 
-73.15414      62.25618 
-73.14558      62.25553 
-73.1425       62.2495 
-73.12725      62.24209 
-73.10935      62.23783 
-73.09961      62.23264 
-73.10103      62.22866 
-73.09015      62.221 
-73.08825      62.21559 
-73.0839       62.214 
-73.06557      62.21367 
-73.05645      62.21074 
-73.0522       62.21144 
-73.04753      62.20871 
-73.05145      62.1954 
-73.04678      62.18692 
-73.03288      62.18266 
-73.02476      62.18358 
-73.01895      62.18207 
-73.01368      62.1826 
-73.00505      62.18538 
-73.00003      62.18497 
-72.99099      62.17859 
-72.97766      62.18026 
-72.95851      62.17467 
-72.95997      62.17275 
-72.98369      62.16935 
-72.96511      62.16787 
-72.95315      62.16532 
-72.94053      62.15638 
-72.9337       62.15653 
-72.9293       62.15861 
-72.91453      62.15852 
-72.91344      62.16387 
-72.90208      62.16174 
-72.8987       62.15619 
-72.89411      62.15552 
-72.89393      62.1452 
-72.87358      62.14242 
-72.87155      62.1409 
-72.86933      62.13921 
-72.8775       62.13278 
-72.8871       62.12995 
-72.8989       62.12999 
-72.90609      62.12545 
-72.92181      62.12549 
-72.93686      62.12097 
-72.88121      62.11259 
-72.86416      62.11308 
-72.85477      62.11475 
-72.8449       62.12035 
-72.83345      62.12168 
-72.83228      62.12679 
-72.81941      62.12635 
-72.81343      62.12956 
-72.81032      62.13122 
-72.80639      62.13121 
-72.80465      62.13015 
-72.81083      62.12545 
-72.81021      62.12296 
-72.78871      62.11748 
-72.78301      62.11044 
-72.77848      62.11 
-72.77303      62.11513 
-72.7778       62.11899 
-72.78346      62.13178 
-72.78913      62.13675 
-72.78733      62.13938 
-72.77898      62.13898 
-72.76943      62.13852 
-72.75945      62.14182 
-72.74973      62.14809 
-72.73579      62.14931 
-72.7126       62.1469 
-72.70285      62.1433 
-72.68963      62.14149 
-72.68703      62.13497 
-72.68537      62.13457 
-72.68235      62.13384 
-72.66458      62.1355 
-72.6482       62.1288 
-72.6268       62.12559 
-72.62158      62.12036 
-72.60026      62.11346 
-72.59683      62.10148 
-72.59101      62.09766 
-72.59925      62.09332 
-72.59398      62.08579 
-72.60803      62.08113 
-72.60084      62.07578 
-72.6041       62.07308 
-72.63127      62.07001 
-72.63505      62.06544 
-72.65766      62.06376 
-72.63984      62.05796 
-72.63105      62.05509 
-72.62163      62.06066 
-72.59928      62.0614 
-72.58386      62.06039 
-72.57426      62.05516 
-72.58333      62.04618 
-72.58935      62.04677 
-72.5997       62.04507 
-72.60966      62.04775 
-72.61503      62.04769 
-72.60256      62.03275 
-72.59718      62.03074 
-72.58816      62.03191 
-72.58451      62.03096 
-72.5974       62.02361 
-72.59406      62.02195 
-72.58446      62.0227 
-72.58288      62.02025 
-72.58795      62.01493 
-72.59876      62.01918 
-72.61004      62.02132 
-72.61051      62.01923 
-72.59801      62.0121 
-72.58861      62.00365 
-72.57581      61.99721 
-72.59336      61.98502 
-72.57405      61.98192 
-72.58673      61.9778 
-72.58821      61.97588 
-72.58158      61.97073 
-72.58441      61.96828 
-72.61992      61.96775 
-72.6288       61.96612 
-72.64626      61.96563 
-72.65886      61.96127 
-72.66925      61.95589 
-72.67015      61.95354 
-72.67215      61.94585 
-72.67605      61.9438 
-72.67348      61.94209 
-72.65094      61.92702 
-72.6513       61.91851 
-72.66884      61.89665 
-72.68395      61.88871 
-72.70036      61.88413 
-72.71263      61.87267 
-72.71302      61.87205 
-72.72249      61.85742 
-72.77181      61.84437 
-72.7848       61.8379 
-72.7928       61.82506 
-72.7867       61.82402 
-72.7685       61.8349 
-72.75791      61.83892 
-72.72801      61.85023 
-72.71285      61.84991 
-72.70829      61.85272 
-72.69891      61.85849 
-72.68756      61.87565 
-72.6799       61.8802 
-72.66223      61.88162 
-72.65649      61.884 
-72.64506      61.88508 
-72.6378       61.87927 
-72.63473      61.84476 
-72.63025      61.83835 
-72.62567      61.83354 
-72.61001      61.82911 
-72.60625      61.82564 
-72.60763      61.81729 
-72.60791      61.81246 
-72.59838      61.80516 
-72.59181      61.7961 
-72.59562      61.78579 
-72.58947      61.78245 
-72.58426      61.80708 
-72.59018      61.81548 
-72.58699      61.82438 
-72.61191      61.84692 
-72.61         61.85506 
-72.61498      61.86352 
-72.6113       61.87842 
-72.61943      61.88873 
-72.62398      61.8945 
-72.62316      61.89913 
-72.61049      61.9051 
-72.60306      61.91262 
-72.60168      61.92096 
-72.60548      61.92856 
-72.59983      61.93943 
-72.59365      61.94206 
-72.59111      61.94771 
-72.58365      61.9511 
-72.57246      61.95331 
-72.5611       61.9507 
-72.55561      61.94618 
-72.55719      61.94264 
-72.54978      61.93822 
-72.53928      61.93717 
-72.51655      61.92782 
-72.50863      61.92733 
-72.49558      61.93025 
-72.49382      61.93064 
-72.4896       61.92926 
-72.47781      61.92897 
-72.46576      61.92341 
-72.4664       61.91993 
-72.44385      61.91125 
-72.44512      61.90636 
-72.44009      61.90364 
-72.43944      61.89885 
-72.4335       61.89848 
-72.42523      61.90466 
-72.41978      61.90632 
-72.40881      61.90529 
-72.38267      61.89564 
-72.37833      61.88967 
-72.37102      61.88753 
-72.36674      61.89418 
-72.36252      61.89693 
-72.35723      61.8972 
-72.335        61.89171 
-72.33035      61.88851 
-72.32136      61.88585 
-72.3152       61.88402 
-72.30283      61.89154 
-72.27445      61.89094 
-72.26463      61.88847 
-72.25388      61.88833 
-72.24226      61.88227 
-72.22977      61.88086 
-72.22417      61.87769 
-72.20705      61.87306 
-72.1996       61.86817 
-72.19406      61.8673 
-72.18226      61.8562 
-72.17491      61.85382 
-72.17509      61.84188 
-72.17773      61.83854 
-72.19023      61.83583 
-72.17797      61.83324 
-72.17282      61.82983 
-72.16726      61.82811 
-72.15818      61.8253 
-72.15353      61.8198 
-72.10501      61.79633 
-72.1064       61.79397 
-72.12763      61.79771 
-72.1394       61.79826 
-72.15376      61.79317 
-72.1615       61.793 
-72.16935      61.78916 
-72.1798       61.78817 
-72.20375      61.79107 
-72.23939      61.78992 
-72.25868      61.78733 
-72.26066      61.78538 
-72.24806      61.78122 
-72.20731      61.78332 
-72.1962       61.7793 
-72.18386      61.77832 
-72.17603      61.77597 
-72.17726      61.77498 
-72.19276      61.77488 
-72.21228      61.76906 
-72.21641      61.76173 
-72.22046      61.76037 
-72.22218      61.7573 
-72.21789      61.75339 
-72.20613      61.75285 
-72.20322      61.7507 
-72.20665      61.74456 
-72.20246      61.74317 
-72.18795      61.74322 
-72.18518      61.74176 
 1             394 
1
 -9999.0   ,   9990.0 
 9 
-77.82643      61.66593 
-77.82005      61.6678 
-77.81495      61.6753 
-77.8172       61.67752 
-77.82851      61.67205 
-77.83483      61.67201 
-77.8361       61.66933 
-77.83201      61.66675 
-77.82643      61.66593 
 1             395 
1
 -9999.0   ,   9990.0 
 11 
-71.5756       61.65837 
-71.56678      61.66245 
-71.56581      61.66479 
-71.5728       61.66813 
-71.58718      61.66539 
-71.59588      61.66773 
-71.59741      61.66582 
-71.59211      61.66125 
-71.59313      61.65915 
-71.58992      61.65769 
-71.5756       61.65837 
 1             396 
1
 -9999.0   ,   9990.0 
 40 
-77.83708      61.63622 
-77.82945      61.64239 
-77.8171       61.64318 
-77.81434      61.64599 
-77.81676      61.65261 
-77.838        61.65955 
-77.84334      61.66452 
-77.85308      61.6677 
-77.85568      61.67041 
-77.85284      61.67183 
-77.84278      61.67139 
-77.84471      61.67475 
-77.85948      61.67734 
-77.8807       61.67782 
-77.88495      61.67488 
-77.89395      61.67893 
-77.89693      61.67705 
-77.89381      61.67109 
-77.89564      61.66983 
-77.90176      61.67046 
-77.90284      61.67675 
-77.9094       61.67926 
-77.93173      61.67751 
-77.94112      61.67567 
-77.94666      61.67457 
-77.94922      61.67244 
-77.94683      61.67067 
-77.92894      61.67041 
-77.88705      61.65935 
-77.88658      61.66762 
-77.87273      61.66854 
-77.86792      61.66339 
-77.87202      61.65766 
-77.86631      61.649 
-77.86975      61.64553 
-77.86111      61.64358 
-77.85726      61.63848 
-77.85325      61.6373 
-77.84396      61.63922 
-77.83708      61.63622 
 1             397 
1
 -9999.0   ,   9990.0 
 10 
-77.84281      61.61172 
-77.83448      61.6137 
-77.8283       61.61329 
-77.83097      61.61738 
-77.83956      61.62279 
-77.84143      61.62798 
-77.8507       61.63275 
-77.8553       61.62868 
-77.84675      61.61313 
-77.84281      61.61172 
 1             398 
1
 -9999.0   ,   9990.0 
 7 
-77.81016      61.61069 
-77.80473      61.61931 
-77.80773      61.62228 
-77.81608      61.62191 
-77.8185       61.61862 
-77.81418      61.61188 
-77.81016      61.61069 
 1             399 
1
 -9999.0   ,   9990.0 
 11 
-71.52228      61.58725 
-71.52661      61.58728 
-71.53413      61.59335 
-71.53321      61.59592 
-71.52645      61.59577 
-71.51955      61.60206 
-71.51296      61.60282 
-71.5116       61.59853 
-71.51628      61.59556 
-71.5232       61.59408 
-71.52228      61.58725 
 1             400 
1
 -9999.0   ,   9990.0 
 11 
-77.77414      61.58338 
-77.76828      61.58852 
-77.75885      61.58927 
-77.75826      61.59292 
-77.75475      61.59499 
-77.75605      61.59715 
-77.77726      61.59581 
-77.78385      61.59809 
-77.78961      61.59664 
-77.79204      61.58505 
-77.77414      61.58338 
 1             401 
1
 -9999.0   ,   9990.0 
 147 
-80            62.30739 
-79.99125      62.32184 
-79.97252      62.33467 
-79.9685       62.33929 
-79.97773      62.34641 
-79.96656      62.35204 
-79.96143      62.36142 
-79.92986      62.37406 
-79.89257      62.38343 
-79.88161      62.3838 
-79.86113      62.39102 
-79.84766      62.39148 
-79.83351      62.38641 
-79.78427      62.37859 
-79.77819      62.37762 
-79.74076      62.3874 
-79.73451      62.38662 
-79.73114      62.38415 
-79.73791      62.37441 
-79.72863      62.37393 
-79.71251      62.38549 
-79.6389       62.40967 
-79.60601      62.41461 
-79.59179      62.40789 
-79.55632      62.40304 
-79.54609      62.39424 
-79.53546      62.39116 
-79.51185      62.38799 
-79.51006      62.38774 
-79.4858       62.3837 
-79.46153      62.37575 
-79.45697      62.36816 
-79.46223      62.35283 
-79.45811      62.35146 
-79.4459       62.3469 
-79.43106      62.33692 
-79.40256      62.32827 
-79.39395      62.30324 
-79.39018      62.30051 
-79.3796       62.29741 
-79.32686      62.2872 
-79.3217       62.28417 
-79.32069      62.27836 
-79.27594      62.25226 
-79.26989      62.23516 
-79.27535      62.2311 
-79.30041      62.22351 
-79.30748      62.21885 
-79.31009      62.20843 
-79.29533      62.19269 
-79.29055      62.17842 
-79.29284      62.17119 
-79.30852      62.14978 
-79.33739      62.11668 
-79.33583      62.11109 
-79.32758      62.10282 
-79.33178      62.09777 
-79.3293       62.09006 
-79.34008      62.07227 
-79.34127      62.07145 
-79.35485      62.06206 
-79.35657      62.0571 
-79.35473      62.05263 
-79.34981      62.05076 
-79.33356      62.05308 
-79.32455      62.0519 
-79.32618      62.04142 
-79.32261      62.03801 
-79.30566      62.03134 
-79.33273      62.0071 
-79.33562      62.00726 
-79.33845      62.01362 
-79.33676      62.02042 
-79.34326      62.02973 
-79.34758      62.04221 
-79.34811      62.04378 
-79.35329      62.04658 
-79.36182      62.04774 
-79.37108      62.04595 
-79.37909      62.03927 
-79.40123      62.00098 
-79.41905      61.98013 
-79.46093      61.95255 
-79.46703      61.94552 
-79.46882      61.94218 
-79.44829      61.93027 
-79.44551      61.92369 
-79.453        61.88483 
-79.46408      61.87533 
-79.47934      61.86857 
-79.48905      61.8606 
-79.50067      61.8447 
-79.51658      61.83264 
-79.5411       61.81404 
-79.54201      61.81019 
-79.53281      61.79384 
-79.53391      61.78724 
-79.5679       61.74039 
-79.59611      61.7093 
-79.60686      61.70069 
-79.61493      61.69858 
-79.6543       61.6883 
-79.66991      61.67742 
-79.68233      61.65741 
-79.68253      61.64204 
-79.67655      61.6346 
-79.68618      61.61192 
-79.69418      61.60868 
-79.70345      61.60825 
-79.72325      61.5976 
-79.73376      61.59194 
-79.76756      61.57926 
-79.78391      61.57943 
-79.80061      61.57595 
-79.8068       61.57213 
-79.82911      61.57147 
-79.85553      61.57606 
-79.85793      61.57825 
-79.8497       61.58057 
-79.85102      61.58317 
-79.8702       61.59426 
-79.89145      61.59628 
-79.89406      61.59963 
-79.89401      61.60835 
-79.89853      61.6133 
-79.90523      61.62063 
-79.90898      61.63391 
-79.90545      61.64314 
-79.9111       61.64802 
-79.92121      61.65244 
-79.92653      61.66098 
-79.94128      61.65554 
-79.9458       61.65485 
-79.95361      61.65663 
-79.94037      61.65962 
-79.93631      61.66263 
-79.93906      61.66758 
-79.94723      61.66778 
-79.94865      61.67221 
-79.9624       61.67337 
-79.9703       61.68341 
-79.97601      61.686 
-79.97635      61.69313 
-79.98276      61.69852 
-79.98652      61.70168 
-79.98563      61.71425 
-80            61.72574 
 1             402 
1
 -9999.0   ,   9990.0 
 12 
-77.84701      61.56752 
-77.83422      61.5699 
-77.83574      61.57299 
-77.82958      61.57419 
-77.81982      61.57285 
-77.80133      61.57484 
-77.80351      61.57729 
-77.82461      61.57963 
-77.8433       61.57856 
-77.84897      61.57572 
-77.85016      61.57165 
-77.84701      61.56752 
 1             403 
1
 -9999.0   ,   9990.0 
 14 
-71.59351      61.53392 
-71.61698      61.53349 
-71.62898      61.54026 
-71.6275       61.5424 
-71.61573      61.54364 
-71.61159      61.54682 
-71.60063      61.54734 
-71.59402      61.5433 
-71.57688      61.5441 
-71.57321      61.54267 
-71.58107      61.54116 
-71.58317      61.53739 
-71.59503      61.53889 
-71.59351      61.53392 
 1             404 
1
 -9999.0   ,   9990.0 
 13 
-71.75633      61.52176 
-71.74655      61.52774 
-71.73693      61.52775 
-71.73484      61.52922 
-71.74381      61.53292 
-71.74233      61.53506 
-71.7483       61.53591 
-71.75581      61.53509 
-71.76046      61.53211 
-71.76632      61.53252 
-71.76745      61.52879 
-71.7631       61.52419 
-71.75633      61.52176 
 1             405 
1
 -9999.0   ,   9990.0 
 20 
-71.71513      61.50425 
-71.70705      61.50694 
-71.69549      61.50681 
-71.69097      61.51047 
-71.69451      61.51351 
-71.70316      61.51584 
-71.70369      61.51834 
-71.68666      61.51733 
-71.68533      61.52014 
-71.68823      61.52252 
-71.70804      61.52524 
-71.71527      61.52765 
-71.721        61.52737 
-71.74038      61.5191 
-71.7529       61.51918 
-71.7547       61.51634 
-71.74911      61.51271 
-71.72978      61.50767 
-71.71775      61.50757 
-71.71513      61.50425 
 1             406 
1
 -9999.0   ,   9990.0 
 10 
-71.75083      61.48693 
-71.74761      61.48984 
-71.74076      61.48925 
-71.73858      61.49028 
-71.74948      61.49411 
-71.76081      61.4931 
-71.77365      61.49477 
-71.77972      61.49401 
-71.77819      61.49134 
-71.75083      61.48693 
 1             407 
1
 -9999.0   ,   9990.0 
 10 
-77.62977      61.47217 
-77.60998      61.47865 
-77.61397      61.48469 
-77.62606      61.48782 
-77.62829      61.48521 
-77.62296      61.48047 
-77.62613      61.47792 
-77.63578      61.47788 
-77.63748      61.47546 
-77.62977      61.47217 
 1             408 
1
 -9999.0   ,   9990.0 
 9 
-77.76198      61.45396 
-77.75713      61.45732 
-77.75775      61.47166 
-77.76005      61.47365 
-77.77315      61.47339 
-77.77793      61.47025 
-77.77399      61.46561 
-77.77457      61.46034 
-77.76198      61.45396 
 1             409 
1
 -9999.0   ,   9990.0 
 10 
-71.70559      61.41824 
-71.7082       61.42155 
-71.70233      61.42321 
-71.71286      61.42546 
-71.72933      61.42627 
-71.73245      61.4252 
-71.72965      61.42327 
-71.72049      61.42302 
-71.71237      61.4186 
-71.70559      61.41824 
 1             410 
1
 -9999.0   ,   9990.0 
 6 
-71.51413      61.33011 
-71.49486      61.3317 
-71.49381      61.33359 
-71.53147      61.33319 
-71.52821      61.33128 
-71.51413      61.33011 
 1             411 
1
 -9999.0   ,   9990.0 
 8 
-71.62511      61.30099 
-71.60511      61.30585 
-71.6009       61.31087 
-71.60506      61.3125 
-71.61901      61.31298 
-71.63158      61.31146 
-71.63286      61.30842 
-71.62511      61.30099 
 1             412 
1
 -9999.0   ,   9990.0 
 38 
-71.55069      61.29651 
-71.56685      61.29849 
-71.5762       61.30218 
-71.57885      61.30573 
-71.57463      61.30845 
-71.5672       61.30949 
-71.56536      61.3121 
-71.57512      61.31783 
-71.57847      61.32249 
-71.57715      61.3253 
-71.5683       61.32641 
-71.55931      61.32453 
-71.55303      61.31956 
-71.54888      61.32022 
-71.54142      61.32814 
-71.53271      61.32992 
-71.52427      61.32367 
-71.51791      61.32764 
-71.50392      61.32692 
-71.51451      61.31794 
-71.50048      61.31241 
-71.48928      61.31362 
-71.49006      61.30808 
-71.49408      61.30674 
-71.49582      61.30697 
-71.498        61.30725 
-71.50658      61.31189 
-71.51269      61.31137 
-71.51335      61.30997 
-71.50114      61.30389 
-71.49424      61.30284 
-71.4953       61.30096 
-71.50361      61.29965 
-71.51055      61.30322 
-71.51825      61.30355 
-71.5307       61.30135 
-71.53713      61.29783 
-71.55069      61.29651 
 1             413 
1
 -9999.0   ,   9990.0 
 6 
-71.63797      61.28248 
-71.63581      61.28351 
-71.64836      61.28887 
-71.66541      61.28598 
-71.6606       61.28346 
-71.63797      61.28248 
 1             414 
1
 -9999.0   ,   9990.0 
 8 
-71.53972      61.22661 
-71.53415      61.22963 
-71.53427      61.2349 
-71.53143      61.23733 
-71.53458      61.23879 
-71.54496      61.2383 
-71.54767      61.23289 
-71.53972      61.22661 
 1             415 
1
 -9999.0   ,   9990.0 
 461 
-72.18518      61.74176 
-72.1812       61.74127 
-72.17554      61.74409 
-72.155        61.74537 
-72.15118      61.75199 
-72.14468      61.75471 
-72.13436      61.75904 
-72.12901      61.76322 
-72.11046      61.76691 
-72.08481      61.76063 
-72.07491      61.7554 
-72.09135      61.74883 
-72.08643      61.74633 
-72.06103      61.74325 
-72.05275      61.74734 
-72.04636      61.74697 
-72.04466      61.74155 
-72.03094      61.73214 
-72.02146      61.72871 
-72.01448      61.72998 
-72.00876      61.7282 
-72.00178      61.72075 
-72.01151      61.71017 
-72.01313      61.70871 
-72.00937      61.7027 
-72.01273      61.69175 
-72.01092      61.68794 
-71.99278      61.68678 
-71.98611      61.68505 
-71.9805       61.67936 
-71.98133      61.66349 
-71.99686      61.65078 
-71.99839      61.64665 
-72.00229      61.63606 
-72.0084       61.63093 
-72.03506      61.62936 
-72.03987      61.62063 
-72.05515      61.61343 
-72.05897      61.60245 
-72.06871      61.60288 
-72.11264      61.59881 
-72.12449      61.60004 
-72.13643      61.60379 
-72.15384      61.61254 
-72.1713       61.61716 
-72.18295      61.61747 
-72.186        61.61181 
-72.19248      61.60849 
-72.20821      61.60768 
-72.21663      61.60862 
-72.22294      61.60668 
-72.23586      61.60625 
-72.24503      61.60417 
-72.24959      61.59038 
-72.26602      61.58218 
-72.27165      61.5773 
-72.27119      61.57112 
-72.26591      61.56703 
-72.25993      61.56827 
-72.2507       61.57632 
-72.24128      61.57934 
-72.2349       61.58518 
-72.22487      61.58983 
-72.1962       61.59728 
-72.18971      61.60266 
-72.17143      61.60498 
-72.16106      61.60184 
-72.16565      61.59862 
-72.1629       61.59716 
-72.13451      61.59104 
-72.12418      61.58583 
-72.10298      61.58369 
-72.07644      61.58573 
-72.07081      61.58211 
-72.06591      61.58277 
-72.04882      61.58506 
-72.02056      61.58144 
-72.01403      61.58246 
-72.01647      61.59128 
-72.01271      61.59606 
-72.00761      61.59701 
-71.98175      61.59555 
-71.96831      61.59806 
-71.96191      61.60182 
-71.96138      61.61033 
-71.9506       61.6205 
-71.9496       61.62469 
-71.95011      61.63797 
-71.91363      61.65653 
-71.91231      61.65935 
-71.9223       61.68065 
-71.91816      61.68819 
-71.91921      61.69296 
-71.92552      61.69311 
-71.93602      61.69029 
-71.94383      61.69059 
-71.95436      61.70108 
-71.94284      61.70808 
-71.93587      61.70934 
-71.9225       61.70794 
-71.91165      61.7048 
-71.91141      61.70528 
-71.9093       61.70951 
-71.90286      61.70661 
-71.89501      61.70608 
-71.89225      61.70232 
-71.89661      61.69797 
-71.89028      61.69553 
-71.87751      61.69685 
-71.8629       61.70077 
-71.84648      61.70089 
-71.80801      61.69519 
-71.80371      61.69311 
-71.80298      61.68305 
-71.8082       61.67591 
-71.80494      61.67424 
-71.7984       61.67525 
-71.77453      61.68558 
-71.76673      61.68297 
-71.7677       61.67398 
-71.76303      61.67016 
-71.76241      61.66965 
-71.75725      61.67036 
-71.74341      61.6779 
-71.71445      61.66668 
-71.71138      61.66133 
-71.70345      61.66721 
-71.6716       61.65589 
-71.65034      61.65805 
-71.63945      61.65673 
-71.63222      61.65455 
-71.61326      61.64237 
-71.61045      61.63586 
-71.60305      61.63735 
-71.59154      61.63308 
-71.58023      61.63201 
-71.57497      61.62731 
-71.57193      61.6246 
-71.55143      61.6141 
-71.5492       61.60801 
-71.5511       61.59852 
-71.55607      61.59232 
-71.55483      61.59101 
-71.54778      61.5918 
-71.5364       61.58797 
-71.52479      61.57843 
-71.52911      61.56905 
-71.53727      61.5666 
-71.54401      61.56193 
-71.54915      61.56123 
-71.56334      61.56698 
-71.571        61.57373 
-71.5832       61.57225 
-71.59095      61.56546 
-71.60743      61.56834 
-71.61042      61.56988 
-71.61605      61.57275 
-71.61761      61.57107 
-71.61415      61.56826 
-71.62086      61.56358 
-71.60648      61.55922 
-71.60405      61.55681 
-71.60476      61.55574 
-71.60625      61.5535 
-71.61153      61.55118 
-71.62497      61.5533 
-71.65512      61.55025 
-71.6688       61.55121 
-71.67669      61.54532 
-71.69033      61.55063 
-71.69413      61.54816 
-71.70594      61.54713 
-71.70779      61.54452 
-71.71598      61.54459 
-71.72971      61.55035 
-71.73447      61.54782 
-71.74491      61.54709 
-71.7406       61.54271 
-71.77508      61.54425 
-71.77283      61.54046 
-71.77506      61.53966 
-71.80966      61.54394 
-71.81188      61.54085 
-71.80343      61.53736 
-71.82476      61.53816 
-71.83294      61.53592 
-71.84081      61.53003 
-71.83044      61.53195 
-71.82781      61.52997 
-71.81858      61.52951 
-71.80326      61.5321 
-71.79061      61.53134 
-71.7731       61.526 
-71.76908      61.52069 
-71.77698      61.51938 
-71.7732       61.51292 
-71.7632       61.51111 
-71.7459       61.50437 
-71.74851      61.5031 
-71.76113      61.50364 
-71.75788      61.49967 
-71.77115      61.50108 
-71.77731      61.49849 
-71.79715      61.49913 
-71.80446      61.4974 
-71.78364      61.48763 
-71.77132      61.48617 
-71.76518      61.48211 
-71.76196      61.48097 
-71.74391      61.47465 
-71.73283      61.4745 
-71.72788      61.47153 
-71.72266      61.47178 
-71.72016      61.4758 
-71.70906      61.46876 
-71.71173      61.46543 
-71.71898      61.46576 
-71.73101      61.47046 
-71.73728      61.47062 
-71.74986      61.46656 
-71.76539      61.46512 
-71.77265      61.46087 
-71.78351      61.45781 
-71.78851      61.45206 
-71.80311      61.4463 
-71.81645      61.44588 
-71.82418      61.44389 
-71.82955      61.44432 
-71.8235       61.4479 
-71.83573      61.44631 
-71.84164      61.44258 
-71.84691      61.44255 
-71.84308      61.43815 
-71.84639      61.43569 
-71.85926      61.43757 
-71.86135      61.4361 
-71.87083      61.43563 
-71.88325      61.44045 
-71.90286      61.4462 
-71.91625      61.44599 
-71.92908      61.44765 
-71.92801      61.44495 
-71.89305      61.43637 
-71.88575      61.4358 
-71.85671      61.42577 
-71.864        61.42174 
-71.8601       61.41918 
-71.84378      61.42136 
-71.81758      61.41761 
-71.80461      61.4242 
-71.77815      61.42596 
-71.76728      61.42442 
-71.76612      61.42127 
-71.78068      61.41987 
-71.78551      61.4178 
-71.78166      61.41546 
-71.76287      61.415 
-71.75164      61.41624 
-71.74131      61.41949 
-71.73722      61.41602 
-71.71856      61.40935 
-71.70415      61.40913 
-71.68466      61.40526 
-71.67598      61.40957 
-71.6719       61.40919 
-71.6711       61.40912 
-71.66673      61.40658 
-71.6398       61.40832 
-71.63975      61.41039 
-71.64492      61.41221 
-71.6427       61.4153 
-71.63121      61.41768 
-71.61613      61.41656 
-71.59721      61.41081 
-71.57758      61.41083 
-71.5699       61.40844 
-71.56721      61.40467 
-71.56935      61.40341 
-71.58181      61.40352 
-71.59291      61.40161 
-71.60699      61.40255 
-71.62358      61.40864 
-71.63202      61.40778 
-71.63634      61.40551 
-71.6343       61.40262 
-71.6335       61.40106 
-71.61311      61.39974 
-71.6097       61.39715 
-71.61174      61.39545 
-71.62368      61.39533 
-71.63662      61.39998 
-71.64857      61.40446 
-71.66033      61.40344 
-71.66455      61.40072 
-71.6618       61.39901 
-71.65658      61.39926 
-71.65411      61.40122 
-71.6482       61.40035 
-71.64762      61.39763 
-71.65521      61.39727 
-71.64667      61.39309 
-71.65416      61.39226 
-71.65501      61.38948 
-71.65046      61.38602 
-71.64065      61.38489 
-71.6418       61.38116 
-71.63848      61.37674 
-71.64989      61.37413 
-71.6668       61.37492 
-71.67116      61.37287 
-71.7155       61.36982 
-71.72828      61.37379 
-71.74733      61.37561 
-71.76358      61.3752 
-71.76686      61.37512 
-71.78289      61.38306 
-71.78543      61.37926 
-71.81407      61.38336 
-71.81761      61.37975 
-71.82721      61.37767 
-71.84015      61.37772 
-71.84868      61.37959 
-71.85206      61.38195 
-71.87097      61.38308 
-71.88845      61.38634 
-71.89511      61.3906 
-71.91061      61.39144 
-71.91001      61.38871 
-71.88933      61.37941 
-71.86076      61.37349 
-71.847        61.37623 
-71.834        61.37137 
-71.81236      61.37312 
-71.8056       61.37506 
-71.7963       61.37413 
-71.77866      61.36766 
-71.77025      61.36188 
-71.7745       61.35937 
-71.79087      61.35765 
-71.81433      61.351 
-71.82706      61.34349 
-71.84186      61.34345 
-71.84483      61.3431 
-71.85866      61.34147 
-71.86422      61.33844 
-71.87265      61.33986 
-71.87458      61.3377 
-71.87082      61.33582 
-71.86628      61.33467 
-71.85471      61.33868 
-71.82146      61.34193 
-71.8105       61.34431 
-71.79574      61.34457 
-71.76638      61.35266 
-71.74981      61.35347 
-71.70835      61.35181 
-71.70261      61.34957 
-71.68553      61.35016 
-71.67681      61.34737 
-71.68509      61.34353 
-71.69205      61.34251 
-71.68802      61.33926 
-71.69403      61.33828 
-71.68626      61.33315 
-71.68045      61.33274 
-71.67986      61.3318 
-71.67755      61.32807 
-71.67107      61.32677 
-71.6636       61.32759 
-71.66067      61.32957 
-71.65485      61.32915 
-71.64033      61.32366 
-71.64926      61.323 
-71.6573       61.32491 
-71.66246      61.32443 
-71.66397      61.32252 
-71.66066      61.32039 
-71.66828      61.31796 
-71.67806      61.31909 
-71.68871      61.32432 
-71.68786      61.3294 
-71.69576      61.33063 
-71.69926      61.32679 
-71.70858      61.32794 
-71.70933      61.32469 
-71.71647      61.32458 
-71.72854      61.32973 
-71.74302      61.3304 
-71.74769      61.32535 
-71.73093      61.32066 
-71.70221      61.32111 
-71.69618      61.3212 
-71.69328      61.31882 
-71.70132      61.31613 
-71.69508      61.31369 
-71.70278      61.30941 
-71.70806      61.30273 
-71.72208      61.29677 
-71.73026      61.29936 
-71.73866      61.29849 
-71.73976      61.29684 
-71.73516      61.29545 
-71.73411      61.29275 
-71.73723      61.29168 
-71.74385      61.29136 
-71.76088      61.29741 
-71.77836      61.29884 
-71.77357      61.29426 
-71.79968      61.28013 
-71.79866      61.27536 
-71.77956      61.28204 
-71.76445      61.29173 
-71.75428      61.29108 
-71.7486       61.28677 
-71.73707      61.28641 
-71.71826      61.2809 
-71.67623      61.27835 
-71.67296      61.27415 
-71.66729      61.27213 
-71.65568      61.27361 
-71.65286      61.27133 
-71.65166      61.27036 
-71.64311      61.27283 
-71.63414      61.27326 
-71.61588      61.26795 
-71.58776      61.25645 
-71.58092      61.25563 
-71.57207      61.24504 
-71.57533      61.24006 
-71.59279      61.23923 
-71.5968       61.23789 
-71.60351      61.22886 
-71.60898      61.22538 
-71.62611      61.19543 
-71.62123      61.19016 
-71.62282      61.18641 
-71.61458      61.18796 
-71.61028      61.20399 
-71.60018      61.21044 
-71.58572      61.21181 
-71.57228      61.2159 
-71.57256      61.21725 
-71.57535      61.21777 
-71.58345      61.21926 
-71.58145      61.22119 
-71.56308      61.21977 
-71.55666      61.22329 
-71.54549      61.21992 
-71.53685      61.21024 
-71.54953      61.19542 
-71.54788      61.19205 
-71.53745      61.1875 
-71.5392       61.18444 
-71.55542      61.17541 
-71.54968      61.17293 
-71.55078      61.17127 
-71.56495      61.17083 
-71.58867      61.16603 
-71.60918      61.16413 
-71.61564      61.16084 
-71.62191      61.15357 
 1             416 
1
 -9999.0   ,   9990.0 
 9 
-70.08327      61.0073 
-70.06984      61.00894 
-70.06941      61.01216 
-70.07264      61.01776 
-70.0912       61.02463 
-70.09661      61.02306 
-70.09828      61.01567 
-70.09078      61.00999 
-70.08327      61.0073 
 1             417 
1
 -9999.0   ,   9990.0 
 6 
-70.11208      60.99249 
-70.11673      60.99507 
-70.11905      61.00368 
-70.11245      61.00667 
-70.10782      61.00135 
-70.11208      60.99249 
 1             418 
1
 -9999.0   ,   9990.0 
 8 
-70            61.00718 
-70.00409      61.00493 
-70.0129       61.00392 
-70.02186      61.00085 
-70.02628      60.99588 
-70.02038      60.99129 
-70.01242      60.97647 
-70            60.96233 
 1             419 
1
 -9999.0   ,   9990.0 
 7 
-70.07896      60.97113 
-70.08141      60.96844 
-70.0788       60.96076 
-70.06839      60.95153 
-70.06512      60.95164 
-70.0653       60.95576 
-70.07896      60.97113 
 1             420 
1
 -9999.0   ,   9990.0 
 4 
-70            60.92954 
-70.00467      60.92936 
-70.00792      60.92604 
-70            60.92197 
 1             421 
1
 -9999.0   ,   9990.0 
 11 
-70.0278       60.87815 
-70.03971      60.87909 
-70.04515      60.88393 
-70.0556       60.90575 
-70.05342      60.91293 
-70.04687      60.91316 
-70.0408       60.90744 
-70.03804      60.89266 
-70.02681      60.88391 
-70.02524      60.87985 
-70.0278       60.87815 
 1             422 
1
 -9999.0   ,   9990.0 
 413 
-71.62191      61.15357 
-71.61611      61.15623 
-71.61075      61.15557 
-71.60176      61.16035 
-71.58957      61.16117 
-71.5771       61.16521 
-71.5558       61.16094 
-71.54868      61.16105 
-71.53705      61.16459 
-71.52594      61.16603 
-71.51908      61.16498 
-71.51116      61.16581 
-71.50291      61.16964 
-71.48935      61.17074 
-71.4883       61.17492 
-71.48017      61.17943 
-71.50456      61.18011 
-71.51236      61.18341 
-71.51785      61.19002 
-71.52117      61.19401 
-71.51873      61.20536 
-71.52214      61.21277 
-71.51881      61.21981 
-71.51451      61.22208 
-71.51023      61.22205 
-71.51573      61.21398 
-71.51418      61.21108 
-71.50536      61.21218 
-71.49613      61.22064 
-71.48631      61.22386 
-71.45216      61.22684 
-71.43885      61.22447 
-71.4317       61.21265 
-71.44058      61.20238 
-71.44488      61.19301 
-71.44283      61.19116 
-71.44197      61.19039 
-71.45019      61.18634 
-71.43473      61.1827 
-71.44191      61.17824 
-71.44242      61.17134 
-71.42801      61.16582 
-71.41987      61.16551 
-71.41275      61.17501 
-71.40463      61.17722 
-71.39711      61.17528 
-71.39785      61.17181 
-71.39186      61.16796 
-71.38861      61.16833 
-71.38581      61.16388 
-71.38702      61.16038 
-71.41348      61.1454 
-71.42343      61.14287 
-71.43238      61.13786 
-71.42696      61.13215 
-71.4345       61.1224 
-71.42806      61.12339 
-71.42185      61.1184 
-71.41358      61.12452 
-71.41313      61.12707 
-71.42096      61.13771 
-71.41651      61.14158 
-71.40314      61.14358 
-71.39473      61.14902 
-71.38635      61.14986 
-71.38068      61.1476 
-71.37919      61.14493 
-71.38537      61.14258 
-71.38742      61.13376 
-71.39308      61.13121 
-71.39585      61.12603 
-71.39291      61.12319 
-71.38469      61.12242 
-71.37345      61.11836 
-71.3722       61.12163 
-71.37556      61.12904 
-71.36761      61.14156 
-71.36151      61.14626 
-71.347        61.15742 
-71.34238      61.15808 
-71.33676      61.15605 
-71.32632      61.16089 
-71.31908      61.15549 
-71.31095      61.15517 
-71.30403      61.1587 
-71.29245      61.16014 
-71.28751      61.15188 
-71.28128      61.14919 
-71.26875      61.15801 
-71.25328      61.16147 
-71.21366      61.1628 
-71.21141      61.16107 
-71.22251      61.14727 
-71.22342      61.14218 
-71.21903      61.13665 
-71.21122      61.1331 
-71.20238      61.13396 
-71.19512      61.13819 
-71.19225      61.14542 
-71.18333      61.14353 
-71.18191      61.14107 
-71.20343      61.12956 
-71.20391      61.12472 
-71.1876       61.11147 
-71.17558      61.09826 
-71.16763      61.09632 
-71.17914      61.11185 
-71.17826      61.1245 
-71.17266      61.1275 
-71.16796      61.14009 
-71.16075      61.14454 
-71.14484      61.1457 
-71.14055      61.14315 
-71.14665      61.13784 
-71.14523      61.13537 
-71.12843      61.13933 
-71.11362      61.13632 
-71.11152      61.13275 
-71.1145       61.12597 
-71.11115      61.12337 
-71.10633      61.12794 
-71.10257      61.1281 
-71.0988       61.12322 
-71.0953       61.12224 
-71.0886       61.12941 
-71.08311      61.13056 
-71.06866      61.12937 
-71.04731      61.13443 
-71.041        61.13861 
-71.03803      61.13805 
-71.03516      61.1329 
-71.02558      61.13493 
-71.01301      61.13112 
-70.9989       61.13095 
-70.99257      61.13087 
-70.97902      61.12687 
-70.97676      61.1249 
-70.9801       61.11995 
-70.96881      61.12044 
-70.96472      61.11374 
-70.96071      61.11254 
-70.95375      61.1133 
-70.95223      61.11795 
-70.93035      61.11751 
-70.926        61.11197 
-70.91516      61.10716 
-70.91501      61.10374 
-70.90784      61.10083 
-70.90766      61.09717 
-70.92405      61.08593 
-70.93293      61.075 
-70.9391       61.05709 
-70.94688      61.05309 
-70.93448      61.04744 
-70.92456      61.07582 
-70.91986      61.07855 
-70.91371      61.07958 
-70.9125       61.07978 
-70.90935      61.07808 
-70.9132       61.07585 
-70.9115       61.07432 
-70.9038       61.07626 
-70.89688      61.07197 
-70.89443      61.07413 
-70.89965      61.08194 
-70.89138      61.08596 
-70.88471      61.08579 
-70.88051      61.08092 
-70.87193      61.0806 
-70.86127      61.07143 
-70.8523       61.07158 
-70.84555      61.07874 
-70.83798      61.08135 
-70.83162      61.08025 
-70.82354      61.07486 
-70.81081      61.07517 
-70.80652      61.0671 
-70.79743      61.06657 
-70.79498      61.06346 
-70.79473      61.05935 
-70.80076      61.05085 
-70.79491      61.04468 
-70.79255      61.0473 
-70.79373      61.05389 
-70.77611      61.05853 
-70.77207      61.0571 
-70.77001      61.05352 
-70.76036      61.0498 
-70.75168      61.03824 
-70.7436       61.03263 
-70.72995      61.01166 
-70.71875      61.00181 
-70.72103      61.01203 
-70.72239      61.0135 
-70.73271      61.0246 
-70.75385      61.05832 
-70.77088      61.07685 
-70.76767      61.08271 
-70.76256      61.08591 
-70.74644      61.08841 
-70.73645      61.08814 
-70.73156      61.08468 
-70.74121      61.07236 
-70.73776      61.07159 
-70.71956      61.08105 
-70.71479      61.08209 
-70.71181      61.08275 
-70.70866      61.08105 
-70.71478      61.0675 
-70.70865      61.06226 
-70.70408      61.06314 
-70.6959       61.0731 
-70.69151      61.07236 
-70.68436      61.0667 
-70.68705      61.06315 
-70.68242      61.06105 
-70.67695      61.0622 
-70.66687      61.05872 
-70.65149      61.06004 
-70.64843      61.05879 
-70.64341      61.05441 
-70.64843      61.04527 
-70.66263      61.04537 
-70.68039      61.0254 
-70.67748      61.02231 
-70.67288      61.02296 
-70.6629       61.01993 
-70.65753      61.02703 
-70.64503      61.03396 
-70.6379       61.03104 
-70.63533      61.03252 
-70.63651      61.0366 
-70.61708      61.04174 
-70.6121       61.03485 
-70.60071      61.02912 
-70.59143      61.01644 
-70.58536      61.01967 
-70.57888      61.02039 
-70.5743       61.02675 
-70.53115      61.01201 
-70.52848      61.01303 
-70.53086      61.02141 
-70.53931      61.02906 
-70.55606      61.04422 
-70.55452      61.04909 
-70.5483       61.05141 
-70.53828      61.04539 
-70.53508      61.04873 
-70.53035      61.04869 
-70.51773      61.04344 
-70.51631      61.04567 
-70.52095      61.04907 
-70.50971      61.04975 
-70.51597      61.05591 
-70.51788      61.06156 
-70.50395      61.06303 
-70.50235      61.06745 
-70.49583      61.07091 
-70.48917      61.07072 
-70.48058      61.05916 
-70.46023      61.04508 
-70.46088      61.04053 
-70.46218      61.03149 
-70.4552       61.02375 
-70.44422      61.02029 
-70.44711      61.02338 
-70.44628      61.02685 
-70.44068      61.03005 
-70.43356      61.02987 
-70.42579      61.02582 
-70.41781      61.01766 
-70.41811      61.01101 
-70.40635      61.00849 
-70.40565      61.01837 
-70.41101      61.0335 
-70.41855      61.03618 
-70.43006      61.05956 
-70.42835      61.07199 
-70.42015      61.07094 
-70.40169      61.0625 
-70.39792      61.05692 
-70.3814       61.05138 
-70.37805      61.04556 
-70.36813      61.04274 
-70.36505      61.04401 
-70.37068      61.04951 
-70.37093      61.05385 
-70.36403      61.05504 
-70.36449      61.05777 
-70.39896      61.07919 
-70.41305      61.08793 
-70.40928      61.09083 
-70.3824       61.09142 
-70.3763       61.08891 
-70.36927      61.08369 
-70.3628       61.07318 
-70.35856      61.07334 
-70.33842      61.05741 
-70.33318      61.05715 
-70.33252      61.06175 
-70.349        61.087 
-70.34725      61.09073 
-70.33448      61.08504 
-70.33053      61.08977 
-70.32338      61.09363 
-70.32141      61.0947 
-70.31223      61.08498 
-70.30952      61.08578 
-70.309        61.10274 
-70.303        61.10365 
-70.29001      61.09957 
-70.2931       61.09534 
-70.291        61.09404 
-70.28326      61.09594 
-70.27438      61.09376 
-70.27106      61.10236 
-70.25751      61.10059 
-70.25439      61.09888 
-70.2543       61.09544 
-70.24526      61.0951 
-70.23898      61.09144 
-70.23476      61.08588 
-70.23681      61.08099 
-70.24631      61.07834 
-70.23755      61.07387 
-70.24498      61.07015 
-70.24351      61.06403 
-70.23807      61.06835 
-70.23414      61.06163 
-70.23302      61.06053 
-70.22735      61.06349 
-70.22509      61.06999 
-70.22155      61.0715 
-70.21338      61.07067 
-70.21181      61.07851 
-70.20569      61.07874 
-70.19853      61.0813 
-70.19571      61.07843 
-70.1996       61.07324 
-70.19667      61.07267 
-70.18648      61.07694 
-70.17724      61.08713 
-70.1642       61.09426 
-70.15345      61.09513 
-70.14271      61.09026 
-70.13835      61.09248 
-70.13313      61.09244 
-70.12948      61.09029 
-70.14466      61.07279 
-70.14564      61.06405 
-70.14191      61.06144 
-70.13638      61.06233 
-70.13598      61.06252 
-70.1192       61.0703 
-70.11038      61.07131 
-70.10413      61.06468 
-70.11318      61.04717 
-70.1354       61.03832 
-70.13996      61.03427 
-70.14898      61.03164 
-70.14883      61.02478 
-70.15567      61.00552 
-70.1625       61.00091 
-70.15671      60.99724 
-70.14615      61.00198 
-70.13301      60.99652 
-70.12159      60.98969 
-70.1132       60.98466 
-70.11125      60.9813 
-70.11822      60.9657 
-70.11581      60.95938 
-70.10979      60.96304 
-70.10092      60.9636 
-70.09966      60.96754 
-70.10658      60.97255 
-70.10401      60.97444 
-70.09328      60.96594 
-70.08258      60.93978 
-70.08622      60.93301 
-70.09569      60.93037 
-70.097        60.92368 
-70.0809       60.89612 
-70.08321      60.88985 
-70.1148       60.89027 
-70.12828      60.89229 
-70.13616      60.89154 
-70.14093      60.88907 
-70.14104      60.8838 
-70.14154      60.88103 
-70.13586      60.87483 
-70.13095      60.87342 
-70.12443      60.87687 
-70.11278      60.87753 
-70.09668      60.88271 
-70.08729      60.88283 
-70.08233      60.88118 
-70.06894      60.87069 
-70.06279      60.87046 
-70.0596       60.86806 
-70.06385      60.86515 
-70.0782       60.86073 
-70.08057      60.85789 
-70.0745       60.85216 
-70.06467      60.84932 
-70.06572      60.84104 
-70.0698       60.837 
-70.06665      60.83483 
-70.062        60.8382 
-70.05068      60.83794 
-70.0454       60.84019 
-70.04605      60.84429 
-70.01573      60.84563 
-70            60.84379 
 1             423 
1
 -9999.0   ,   9990.0 
 491 
-78.09909      61.94148 
-78.09725      61.92916 
-78.10858      61.92206 
-78.10651      61.92078 
-78.09313      61.91969 
-78.09491      61.9152 
-78.09008      61.91328 
-78.09516      61.90416 
-78.09414      61.90087 
-78.10333      61.89778 
-78.10733      61.89067 
-78.09771      61.8714 
-78.10506      61.86957 
-78.09856      61.86501 
-78.09233      61.85447 
-78.07395      61.84201 
-78.07388      61.83717 
-78.0687       61.8297 
-78.06593      61.81225 
-78.05608      61.8024 
-78.05952      61.79893 
-78.0413       61.78947 
-78.04432      61.78068 
-78.02942      61.76313 
-78.03161      61.76043 
-78.03243      61.75941 
-78.03128      61.75496 
-78.03586      61.75088 
-78.03074      61.73995 
-78.03399      61.73372 
-78.03193      61.72737 
-78.01033      61.71467 
-78.01595      61.71366 
-78.01528      61.70923 
-78.00616      61.70381 
-77.99163      61.70033 
-77.97255      61.68572 
-77.95695      61.68262 
-77.914        61.68509 
-77.90486      61.68817 
-77.90117      61.68748 
-77.89278      61.68461 
-77.88171      61.68595 
-77.84423      61.68301 
-77.83227      61.68405 
-77.82345      61.68762 
-77.82356      61.69385 
-77.81653      61.6996 
-77.79941      61.7033 
-77.79753      61.7064 
-77.80047      61.70959 
-77.81041      61.71049 
-77.8218       61.7147 
-77.82558      61.72832 
-77.8349       61.73792 
-77.83179      61.74024 
-77.82578      61.73865 
-77.81488      61.72668 
-77.8194       61.72122 
-77.8153       61.71703 
-77.80181      61.71659 
-77.79409      61.71308 
-77.79176      61.70947 
-77.79335      61.70243 
-77.80286      61.69984 
-77.81391      61.69366 
-77.80946      61.6906 
-77.80069      61.69071 
-77.7985       61.68826 
-77.80269      61.68393 
-77.80165      61.68086 
-77.7945       61.67877 
-77.78814      61.67235 
-77.79151      61.66751 
-77.78755      61.66287 
-77.78765      61.65757 
-77.78323      61.65613 
-77.79616      61.65008 
-77.79051      61.64624 
-77.77888      61.64454 
-77.77173      61.64084 
-77.76075      61.63042 
-77.74817      61.62543 
-77.74211      61.61811 
-77.74614      61.611 
-77.7432       61.60619 
-77.7461       61.60132 
-77.734        61.59474 
-77.71685      61.59381 
-77.71202      61.5921 
-77.69466      61.59185 
-77.67806      61.58911 
-77.6624       61.59127 
-77.65983      61.59663 
-77.64606      61.59408 
-77.63841      61.59702 
-77.61408      61.59449 
-77.60392      61.58844 
-77.59773      61.58248 
-77.58276      61.57915 
-77.58811      61.57744 
-77.61467      61.57926 
-77.62971      61.58075 
-77.6407       61.58449 
-77.65161      61.58362 
-77.65723      61.57778 
-77.65363      61.57362 
-77.64258      61.5701 
-77.62016      61.56903 
-77.61663      61.56625 
-77.6081       61.56567 
-77.6016       61.56799 
-77.59286      61.56647 
-77.58439      61.56243 
-77.57688      61.56168 
-77.56346      61.56284 
-77.55317      61.56167 
-77.54004      61.55869 
-77.52935      61.55403 
-77.51168      61.55326 
-77.50682      61.55035 
-77.50432      61.54884 
-77.50513      61.54774 
-77.51867      61.54776 
-77.51767      61.54307 
-77.50273      61.53651 
-77.49395      61.5352 
-77.49185      61.53091 
-77.50444      61.53086 
-77.50277      61.5236 
-77.50623      61.52014 
-77.51286      61.52222 
-77.5205       61.52898 
-77.52873      61.53047 
-77.53196      61.53738 
-77.53745      61.53522 
-77.5399       61.53193 
-77.5449       61.53297 
-77.55361      61.54256 
-77.54705      61.54511 
-77.54798      61.5484 
-77.56362      61.54786 
-77.57818      61.54448 
-77.58895      61.54568 
-77.61934      61.5556 
-77.60979      61.55518 
-77.60762      61.55757 
-77.61155      61.5606 
-77.62977      61.55954 
-77.64067      61.55867 
-77.65985      61.5609 
-77.67311      61.55696 
-77.67305      61.55558 
-77.66323      61.55444 
-77.64831      61.55574 
-77.6433       61.55309 
-77.64371      61.55173 
-77.65055      61.55151 
-77.65474      61.5488 
-77.66355      61.54848 
-77.66807      61.54625 
-77.66713      61.54457 
-77.65168      61.54121 
-77.65093      61.53886 
-77.65763      61.53747 
-77.66805      61.53818 
-77.67267      61.54218 
-77.68781      61.54377 
-77.71018      61.54611 
-77.72349      61.54033 
-77.71163      61.5363 
-77.70541      61.53611 
-77.70126      61.53214 
-77.70368      61.524 
-77.71235      61.52574 
-77.7176       61.52103 
-77.70568      61.51561 
-77.69075      61.51713 
-77.6833       61.51617 
-77.67443      61.51026 
-77.63412      61.50451 
-77.6298       61.50606 
-77.63338      61.50861 
-77.64535      61.50897 
-77.6467       61.5109 
-77.63386      61.51348 
-77.61878      61.51222 
-77.62696      61.49942 
-77.60208      61.48733 
-77.58898      61.48597 
-77.58404      61.48309 
-77.57634      61.48302 
-77.5735       61.48122 
-77.57215      61.47927 
-77.575        61.47624 
-77.5852       61.47118 
-77.59385      61.4697 
-77.60654      61.46435 
-77.62881      61.46081 
-77.65636      61.46546 
-77.66872      61.46445 
-77.70647      61.46565 
-77.72599      61.46812 
-77.72646      61.46654 
-77.72058      61.46361 
-77.70794      61.46229 
-77.70085      61.45858 
-77.71495      61.45816 
-77.71339      61.45528 
-77.71986      61.45296 
-77.71747      61.44634 
-77.7163       61.43727 
-77.72026      61.43362 
-77.72438      61.43275 
-77.71883      61.42868 
-77.72051      61.42626 
-77.70296      61.42369 
-77.68905      61.41536 
-77.66794      61.40862 
-77.66026      61.40855 
-77.65298      61.41036 
-77.64084      61.40745 
-77.63733      61.39984 
-77.6277       61.39664 
-77.63557      61.39118 
-77.65422      61.3867 
-77.67254      61.38657 
-77.68061      61.38366 
-77.68655      61.38476 
-77.69078      61.38021 
-77.6986       61.38466 
-77.69888      61.38698 
-77.68663      61.38938 
-77.68032      61.40255 
-77.69124      61.40306 
-77.69738      61.40671 
-77.69698      61.40806 
-77.68498      61.40793 
-77.6875       61.41087 
-77.70395      61.41384 
-77.71833      61.42058 
-77.737        61.4177 
-77.74718      61.41908 
-77.74779      61.42028 
-77.73998      61.42392 
-77.7383       61.4247 
-77.73845      61.42748 
-77.74411      61.42786 
-77.74603      61.43283 
-77.73694      61.43752 
-77.73904      61.4402 
-77.78496      61.44952 
-77.78786      61.46101 
-77.78343      61.46302 
-77.78438      61.4647 
-77.80099      61.46397 
-77.80853      61.46125 
-77.81361      61.46366 
-77.81759      61.46324 
-77.8229       61.45991 
-77.82096      61.45333 
-77.82699      61.44589 
-77.82186      61.4338 
-77.81718      61.43164 
-77.81488      61.42135 
-77.81247      61.41976 
-77.80358      61.4139 
-77.79689      61.41207 
-77.79451      61.40868 
-77.79585      61.40739 
-77.80448      61.40751 
-77.80683      61.40605 
-77.79446      61.399 
-77.79785      61.39231 
-77.79513      61.38844 
-77.79848      61.38521 
-77.79401      61.38076 
-77.77824      61.37878 
-77.77365      61.37477 
-77.78033      61.36669 
-77.78638      61.36572 
-77.78213      61.36383 
-77.7824       61.35301 
-77.77616      61.35305 
-77.77546      61.35047 
-77.7837       61.34203 
-77.77548      61.34217 
-77.77258      61.33898 
-77.77827      61.33429 
-77.79063      61.33305 
-77.78678      61.32979 
-77.78845      61.32737 
-77.78614      61.32376 
-77.7807       61.3227 
-77.77438      61.32457 
-77.76628      61.3178 
-77.76378      61.31487 
-77.77298      61.31296 
-77.77485      61.31074 
-77.77592      61.30947 
-77.7681       61.30502 
-77.77191      61.30182 
-77.77087      61.29553 
-77.763        61.28969 
-77.77212      61.28962 
-77.77993      61.28254 
-77.77634      61.27515 
-77.7629       61.27032 
-77.75466      61.26077 
-77.76306      61.25005 
-77.76096      61.24737 
-77.76725      61.24388 
-77.76528      61.23913 
-77.78668      61.24128 
-77.79823      61.24437 
-77.8015       61.24136 
-77.7978       61.23927 
-77.78425      61.23812 
-77.77362      61.23187 
-77.7555       61.2251 
-77.74485      61.22552 
-77.74063      61.22362 
-77.74         61.22082 
-77.7321       61.22005 
-77.72034      61.21278 
-77.71308      61.20169 
-77.72303      61.19707 
-77.72208      61.19377 
-77.71699      61.19319 
-77.71605      61.19152 
-77.72306      61.18716 
-77.71815      61.18106 
-77.71881      61.17718 
-77.72491      61.18083 
-77.7312       61.18218 
-77.73249      61.18595 
-77.74         61.1897 
-77.74595      61.18733 
-77.7517       61.18727 
-77.76278      61.19356 
-77.77908      61.18844 
-77.77928      61.18615 
-77.77165      61.18609 
-77.76176      61.17735 
-77.76415      61.17405 
-77.7681       61.17363 
-77.77126      61.17753 
-77.77635      61.1765 
-77.78406      61.17956 
-77.79483      61.17868 
-77.7892       61.17507 
-77.79808      61.17406 
-77.81391      61.16061 
-77.81208      61.15703 
-77.81946      61.14969 
-77.82936      61.15013 
-77.83401      61.14723 
-77.83172      61.13531 
-77.83656      61.13011 
-77.83466      61.11684 
-77.82915      61.11117 
-77.84231      61.08532 
-77.8357       61.07519 
-77.83764      61.06679 
-77.83719      61.06008 
-77.84016      61.05636 
-77.85614      61.05376 
-77.85517      61.04885 
-77.85988      61.04571 
-77.86356      61.04781 
-77.86296      61.05491 
-77.87363      61.05747 
-77.8761       61.05719 
-77.87408      61.05428 
-77.8924       61.04676 
-77.90193      61.04671 
-77.90956      61.04331 
-77.91638      61.04446 
-77.92476      61.03673 
-77.92181      61.03538 
-77.9131       61.03594 
-77.91192      61.03171 
-77.89951      61.03019 
-77.91314      61.02742 
-77.91825      61.03122 
-77.9273       61.03114 
-77.92746      61.02723 
-77.9346       61.02725 
-77.93795      61.02378 
-77.9438       61.02326 
-77.94543      61.01922 
-77.97265      61.01206 
-77.96762      61.00965 
-77.9869       60.99527 
-77.99511      60.99306 
-77.99897      60.98778 
-78.0001       60.98209 
-77.99707      60.97936 
-77.9992       60.97351 
-78.00296      60.97192 
-78.00686      60.96987 
-78.02282      60.97048 
-78.02113      60.96806 
-78.01466      60.96578 
-78.01248      60.96172 
-78.01868      60.95822 
-78.02666      60.96359 
-78.03671      60.96495 
-78.03669      60.95826 
-78.04447      60.94911 
-78.05811      60.94103 
-78.0687       60.93874 
-78.07568      60.9392 
-78.08708      60.93235 
-78.10107      60.93144 
-78.09138      60.92711 
-78.10675      60.92467 
-78.1198       60.91517 
-78.1192       60.91052 
-78.12926      60.90151 
-78.13668      60.90039 
-78.14226      60.8973 
-78.14893      60.88346 
-78.1667       60.87564 
-78.17243      60.87026 
-78.19991      60.86147 
-78.20264      60.85497 
-78.20651      60.85292 
-78.2061       60.85242 
-78.2051       60.85121 
-78.19385      60.85255 
-78.193        60.84881 
-78.2051       60.84085 
-78.21355      60.82897 
-78.21828      60.8272 
-78.22159      60.82028 
-78.23236      60.812 
-78.22913      60.80994 
-78.22508      60.80922 
-78.21117      60.81522 
-78.19756      60.81663 
-78.19036      60.82053 
-78.18368      60.82078 
-78.18315      60.81752 
-78.19458      60.81206 
-78.20925      60.80841 
-78.22459      60.80757 
-78.23107      60.80455 
-78.23065      60.80267 
-78.21216      60.80469 
-78.1895       60.80988 
-78.18975      60.80552 
-78.19943      60.79948 
-78.21553      60.80099 
-78.22901      60.79312 
-78.23283      60.786 
-78.22758      60.78451 
-78.22653      60.78144 
-78.22063      60.7806 
-78.20738      60.78594 
-78.19846      60.78581 
-78.18978      60.7917 
-78.1415       60.79911 
-78.11297      60.81012 
-78.09896      60.81126 
-78.08977      60.81549 
-78.08367      60.81532 
-78.08781      60.80891 
-78.09616      60.8044 
-78.1019       60.79557 
-78.09597      60.7931 
-78.0755       60.79381 
-78.06054      60.79834 
-78.05214      60.79801 
-78.04708      60.79421 
-78.04647      60.78957 
-78.04117      60.78829 
-78.03491      60.79041 
-78.02365      60.7885 
-78.01826      60.7909 
-77.99727      60.78834 
-77.99007      60.78878 
-77.97831      60.79536 
-77.95133      60.80068 
-77.9493       60.80954 
-77.9439       60.81032 
-77.93936      60.80126 
-77.94388      60.79695 
-77.97158      60.79076 
-77.99265      60.78297 
-78.00439      60.78145 
 1             424 
1
 -9999.0   ,   9990.0 
 9 
-78.25988      60.77326 
-78.25123      60.77385 
-78.24433      60.77846 
-78.23666      60.77888 
-78.23471      60.78083 
-78.23904      60.78226 
-78.24839      60.7808 
-78.26123      60.77519 
-78.25988      60.77326 
 1             425 
1
 -9999.0   ,   9990.0 
 8 
-77.97138      60.773 
-77.959        60.77516 
-77.95623      60.77659 
-77.95751      60.77875 
-77.97753      60.77803 
-77.98001      60.77589 
-77.97833      60.77347 
-77.97138      60.773 
 1             426 
1
 -9999.0   ,   9990.0 
 6 
-77.81036      60.77357 
-77.80159      60.77619 
-77.7825       60.77534 
-77.79548      60.77116 
-77.80665      60.7717 
-77.81036      60.77357 
 1             427 
1
 -9999.0   ,   9990.0 
 6 
-77.79018      60.76826 
-77.79629      60.76176 
-77.81918      60.75919 
-77.8245       60.76209 
-77.82253      60.76402 
-77.79018      60.76826 
 1             428 
1
 -9999.0   ,   9990.0 
 11 
-78.01093      60.75469 
-78.00075      60.75908 
-77.98956      60.75694 
-77.98017      60.76184 
-77.96252      60.76595 
-77.96525      60.76798 
-77.97951      60.76756 
-78.00317      60.76224 
-78.01013      60.75925 
-78.01273      60.75666 
-78.01093      60.75469 
 1             429 
1
 -9999.0   ,   9990.0 
 10 
-78.1494       60.75333 
-78.14086      60.75691 
-78.08925      60.768 
-78.07008      60.77593 
-78.06892      60.77333 
-78.07533      60.76891 
-78.09471      60.76191 
-78.12874      60.75473 
-78.14547      60.75215 
-78.1494       60.75333 
 1             430 
1
 -9999.0   ,   9990.0 
 22 
-78.18133      60.75198 
-78.1651       60.75275 
-78.10636      60.76752 
-78.08048      60.77755 
-78.08281      60.77932 
-78.09211      60.77809 
-78.09498      60.77967 
-78.0998       60.7793 
-78.10555      60.77553 
-78.11315      60.77534 
-78.11528      60.77618 
-78.11363      60.78045 
-78.10871      60.78634 
-78.11085      60.78879 
-78.13661      60.78773 
-78.14672      60.78356 
-78.15443      60.77785 
-78.16828      60.77231 
-78.16926      60.77192 
-78.18521      60.76882 
-78.18643      60.7643 
-78.18133      60.75198 
 1             431 
1
 -9999.0   ,   9990.0 
 7 
-77.87314      60.7502 
-77.8496       60.75505 
-77.85332      60.75691 
-77.86283      60.75664 
-77.8739       60.75417 
-77.87526      60.75104 
-77.87314      60.7502 
 1             432 
1
 -9999.0   ,   9990.0 
 9 
-77.73984      60.73665 
-77.72546      60.74073 
-77.72335      60.73989 
-77.71828      60.74277 
-77.71928      60.74583 
-77.72601      60.74538 
-77.74025      60.74014 
-77.74341      60.73736 
-77.73984      60.73665 
 1             433 
1
 -9999.0   ,   9990.0 
 6 
-77.86483      60.73465 
-77.84178      60.74114 
-77.83856      60.74415 
-77.84556      60.7444 
-77.86756      60.7383 
-77.86483      60.73465 
 1             434 
1
 -9999.0   ,   9990.0 
 6 
-77.93529      60.73207 
-77.91966      60.73401 
-77.91043      60.74006 
-77.93796      60.73594 
-77.94335      60.73354 
-77.93529      60.73207 
 1             435 
1
 -9999.0   ,   9990.0 
 8 
-77.89513      60.72911 
-77.88461      60.733 
-77.87946      60.73288 
-77.87916      60.73563 
-77.88721      60.73549 
-77.9011       60.73136 
-77.90286      60.7301 
-77.89513      60.72911 
 1             436 
1
 -9999.0   ,   9990.0 
 86 
-78.66488      60.70679 
-78.67216      60.70771 
-78.6791       60.71366 
-78.68655      60.71574 
-78.68689      60.71806 
-78.68121      60.72185 
-78.68969      60.73273 
-78.68158      60.73683 
-78.67063      60.7373 
-78.65615      60.74054 
-78.64373      60.75035 
-78.62625      60.75961 
-78.62541      60.76647 
-78.60263      60.77977 
-78.58888      60.7819 
-78.57523      60.78725 
-78.56687      60.78857 
-78.55716      60.787 
-78.55059      60.78593 
-78.54653      60.78706 
-78.54585      60.79323 
-78.543        60.79512 
-78.52336      60.79273 
-78.51792      60.79008 
-78.49604      60.79261 
-78.48155      60.79928 
-78.47261      60.79918 
-78.46743      60.79563 
-78.4731       60.78493 
-78.47103      60.78204 
-78.45421      60.78327 
-78.44775      60.78631 
-78.44545      60.78962 
-78.45603      60.79237 
-78.4478       60.79852 
-78.45869      60.80013 
-78.46381      60.80391 
-78.43618      60.80966 
-78.42736      60.81149 
-78.41191      60.8128 
-78.40201      60.81631 
-78.3787       60.82057 
-78.36213      60.8172 
-78.32543      60.81507 
-78.29311      60.82287 
-78.28528      60.81867 
-78.27735      60.8253 
-78.27112      60.82213 
-78.26649      60.82528 
-78.26058      60.82443 
-78.25725      60.80718 
-78.26963      60.8009 
-78.28461      60.7933 
-78.29235      60.78735 
-78.32501      60.78164 
-78.33861      60.77492 
-78.36113      60.76832 
-78.37758      60.76846 
-78.40533      60.76333 
-78.41063      60.76114 
-78.41275      60.75852 
-78.40953      60.75647 
-78.38788      60.75461 
-78.37555      60.75843 
-78.35305      60.76158 
-78.34146      60.76724 
-78.34056      60.76768 
-78.3322       60.76898 
-78.32031      60.76591 
-78.31975      60.76449 
-78.36249      60.7562 
-78.38191      60.75054 
-78.3906       60.74972 
-78.40107      60.74579 
-78.43061      60.74446 
-78.4599       60.74058 
-78.4715       60.73764 
-78.47618      60.73771 
-78.47603      60.74184 
-78.486        60.74155 
-78.52365      60.73105 
-78.5505       60.72355 
-78.61843      60.70826 
-78.63768      60.712 
-78.64671      60.71164 
-78.66488      60.70679 
 1             437 
1
 -9999.0   ,   9990.0 
 10 
-77.8726       60.57267 
-77.87091      60.57532 
-77.87352      60.58103 
-77.88472      60.58457 
-77.89221      60.58462 
-77.89391      60.5769 
-77.89128      60.57464 
-77.88634      60.57384 
-77.87893      60.57518 
-77.8726       60.57267 
 1             438 
1
 -9999.0   ,   9990.0 
 6 
-77.79021      60.5656 
-77.7836       60.56584 
-77.76857      60.57079 
-77.78481      60.57468 
-77.7943       60.56774 
-77.79021      60.5656 
 1             439 
1
 -9999.0   ,   9990.0 
 6 
-77.84745      60.55388 
-77.8377       60.55689 
-77.83822      60.55832 
-77.86274      60.56277 
-77.86363      60.5596 
-77.84745      60.55388 
 1             440 
1
 -9999.0   ,   9990.0 
 8 
-77.76284      60.5531 
-77.74801      60.55253 
-77.74315      60.55311 
-77.7406       60.55547 
-77.74357      60.55821 
-77.75118      60.55783 
-77.76738      60.55526 
-77.76284      60.5531 
 1             441 
1
 -9999.0   ,   9990.0 
 9 
-77.71296      60.35292 
-77.70468      60.35418 
-77.69287      60.35311 
-77.69046      60.35502 
-77.69583      60.35747 
-77.70625      60.35683 
-77.71363      60.35873 
-77.71512      60.35514 
-77.71296      60.35292 
 1             442 
1
 -9999.0   ,   9990.0 
 13 
-77.64553      60.25197 
-77.63362      60.25136 
-77.62576      60.25449 
-77.62088      60.25207 
-77.61971      60.25291 
-77.61933      60.27041 
-77.61686      60.27416 
-77.62434      60.27399 
-77.62773      60.2687 
-77.63461      60.26573 
-77.64041      60.2666 
-77.64775      60.25559 
-77.64553      60.25197 
 1             443 
1
 -9999.0   ,   9990.0 
 20 
-77.68288      60.21057 
-77.67873      60.21213 
-77.68478      60.21693 
-77.67388      60.221 
-77.67603      60.22323 
-77.68846      60.22688 
-77.70288      60.22836 
-77.70783      60.23217 
-77.72263      60.23068 
-77.73487      60.235 
-77.74105      60.23451 
-77.74311      60.23212 
-77.73718      60.22848 
-77.73003      60.22751 
-77.7232       60.2238 
-77.69825      60.22181 
-77.70089      60.21738 
-77.69283      60.21474 
-77.68912      60.21147 
-77.68288      60.21057 
 1             444 
1
 -9999.0   ,   9990.0 
 18 
-77.69784      60.19226 
-77.68241      60.19601 
-77.67285      60.19371 
-77.66421      60.19471 
-77.65695      60.19743 
-77.6391       60.19501 
-77.63825      60.19956 
-77.65105      60.20347 
-77.65535      60.20631 
-77.66352      60.20689 
-77.67098      60.2035 
-77.68664      60.20553 
-77.70825      60.20291 
-77.72248      60.20346 
-77.73175      60.2018 
-77.73143      60.19971 
-77.71368      60.19361 
-77.69784      60.19226 
 1             445 
1
 -9999.0   ,   9990.0 
 7 
-77.54476      60.02722 
-77.54225      60.02796 
-77.54139      60.03573 
-77.5441       60.03755 
-77.55334      60.03753 
-77.55496      60.03511 
-77.54476      60.02722 
 1             446 
1
 -9999.0   ,   9990.0 
 6 
-77.57118      60.02682 
-77.55968      60.02668 
-77.57305      60.03641 
-77.57601      60.0357 
-77.57621      60.03179 
-77.57118      60.02682 
 1             447 
1
 -9999.0   ,   9990.0 
 454 
-78.00439      60.78145 
-77.99985      60.77745 
-77.9677       60.78612 
-77.94991      60.78561 
-77.91051      60.79308 
-77.89813      60.79017 
-77.8891       60.7937 
-77.87383      60.79428 
-77.86576      60.79949 
-77.86039      60.80004 
-77.86301      60.79584 
-77.87655      60.78639 
-77.89946      60.77712 
-77.89364      60.77603 
-77.88575      60.77895 
-77.88248      60.77711 
-77.88843      60.77464 
-77.89104      60.77355 
-77.89278      60.76906 
-77.91611      60.75659 
-77.92291      60.75589 
-77.93078      60.74974 
-77.9214       60.74957 
-77.90162      60.75283 
-77.88405      60.75994 
-77.86785      60.76551 
-77.8412       60.76969 
-77.82827      60.77364 
-77.82064      60.77888 
-77.78588      60.78986 
-77.78076      60.78628 
-77.77423      60.78606 
-77.74813      60.7898 
-77.72853      60.79559 
-77.71675      60.79708 
-77.69178      60.80503 
-77.67598      60.80577 
-77.66198      60.8094 
-77.65145      60.81214 
-77.64041      60.81275 
-77.63187      60.81769 
-77.61103      60.8243 
-77.56985      60.83248 
-77.54163      60.84156 
-77.5331       60.84004 
-77.52276      60.843 
-77.52576      60.83283 
-77.55345      60.82233 
-77.60878      60.811 
-77.6659       60.79331 
-77.70026      60.78717 
-77.71973      60.78184 
-77.73145      60.77774 
-77.77588      60.7622 
-77.77845      60.75984 
-77.7725       60.7592 
-77.75608      60.76544 
-77.74433      60.76694 
-77.731        60.77225 
-77.68761      60.7803 
-77.67765      60.78375 
-77.66614      60.78272 
-77.66759      60.78098 
-77.68979      60.77768 
-77.71508      60.77021 
-77.75523      60.75524 
-77.79341      60.74381 
-77.78515      60.74301 
-77.74348      60.75351 
-77.71868      60.76263 
-77.68608      60.76935 
-77.67583      60.76887 
-77.67033      60.76664 
-77.66161      60.76742 
-77.64174      60.77248 
-77.63368      60.77261 
-77.63189      60.77064 
-77.67626      60.7576 
-77.68068      60.75537 
-77.67685      60.75395 
-77.66703      60.75625 
-77.63585      60.76354 
-77.63023      60.76338 
-77.63366      60.75485 
-77.62548      60.75382 
-77.61715      60.75646 
-77.57898      60.75954 
-77.56973      60.75727 
-77.59536      60.75193 
-77.60949      60.75362 
-77.62078      60.75049 
-77.64779      60.75169 
-77.66336      60.74517 
-77.67043      60.74681 
-77.68409      60.74362 
-77.6881       60.74113 
-77.68408      60.73877 
-77.68875      60.73403 
-77.69896      60.72805 
-77.69328      60.7265 
-77.69248      60.72437 
-77.69663      60.72143 
-77.70436      60.72082 
-77.71837      60.71302 
-77.72628      60.71173 
-77.72047      60.70903 
-77.71533      60.7089 
-77.7115       60.70586 
-77.712        60.70082 
-77.72003      60.69424 
-77.74272      60.68405 
-77.7651       60.67823 
-77.77597      60.67967 
-77.80091      60.67309 
-77.81565      60.66258 
-77.8304       60.66198 
-77.84498      60.65698 
-77.84361      60.65021 
-77.84748      60.64656 
-77.8435       60.63407 
-77.83699      60.63546 
-77.83105      60.63159 
-77.83891      60.62706 
-77.83243      60.62178 
-77.82281      60.62088 
-77.81859      60.61759 
-77.82633      60.61513 
-77.82186      60.61436 
-77.80957      60.61628 
-77.80918      60.61441 
-77.81355      60.61218 
-77.81164      60.61066 
-77.81357      60.60388 
-77.80613      60.60198 
-77.81267      60.59713 
-77.80831      60.59268 
-77.7993       60.58975 
-77.77707      60.58867 
-77.76075      60.58339 
-77.74367      60.58243 
-77.73676      60.57872 
-77.72988      60.5651 
-77.70636      60.56181 
-77.6988       60.55739 
-77.6986       60.55162 
-77.69321      60.55078 
-77.68978      60.54477 
-77.68393      60.54228 
-77.66038      60.54109 
-77.65611      60.54287 
-77.65573      60.54584 
-77.65238      60.54606 
-77.65061      60.54409 
-77.63223      60.54442 
-77.6262       60.54745 
-77.62916      60.55181 
-77.62725      60.55352 
-77.61826      60.55542 
-77.6077       60.56275 
-77.60238      60.56329 
-77.57331      60.5617 
-77.55742      60.55826 
-77.53321      60.56092 
-77.51646      60.55881 
-77.51023      60.55767 
-77.49785      60.55194 
-77.48813      60.55147 
-77.45042      60.54738 
-77.43685      60.5441 
-77.41431      60.53787 
-77.4057       60.53378 
-77.39353      60.52574 
-77.38137      60.52094 
-77.3675       60.51878 
-77.35775      60.5153 
-77.36386      60.51367 
-77.37911      60.51593 
-77.40031      60.52347 
-77.41416      60.53047 
-77.43451      60.53932 
-77.45182      60.54103 
-77.47951      60.53932 
-77.49526      60.53998 
-77.51846      60.54557 
-77.52544      60.53938 
-77.53351      60.53741 
-77.58631      60.53955 
-77.59911      60.53262 
-77.60128      60.52839 
-77.59236      60.52683 
-77.58469      60.51937 
-77.5942       60.51566 
-77.60003      60.51008 
-77.5976       60.49745 
-77.60914      60.49804 
-77.6172       60.49607 
-77.62513      60.49617 
-77.63108      60.49982 
-77.6396       60.4995 
-77.6303       60.49124 
-77.63246      60.49023 
-77.64627      60.48775 
-77.66553      60.48749 
-77.67744      60.48187 
-77.69112      60.47983 
-77.68711      60.47748 
-77.67559      60.47851 
-77.67402      60.47586 
-77.68029      60.47192 
-77.67806      60.46992 
-77.6827       60.46679 
-77.6865       60.46659 
-77.69002      60.46246 
-77.69846      60.46236 
-77.70625      60.45968 
-77.70943      60.45183 
-77.71688      60.45189 
-77.72141      60.45405 
-77.73037      60.45376 
-77.73082      60.45217 
-77.72702      60.45075 
-77.7293       60.44607 
-77.7166       60.44149 
-77.71356      60.43413 
-77.71662      60.43158 
-77.72728      60.43186 
-77.73348      60.42976 
-77.74336      60.43115 
-77.7463       60.42905 
-77.74498      60.42549 
-77.75065      60.42197 
-77.75792      60.41279 
-77.76659      60.40855 
-77.77358      60.40858 
-77.77853      60.40593 
-77.78646      60.39611 
-77.78662      60.39415 
-77.78731      60.38648 
-77.76844      60.38724 
-77.75914      60.3806 
-77.74706      60.37883 
-77.72383      60.3802 
-77.7227       60.37597 
-77.73112      60.37587 
-77.73815      60.37244 
-77.7348       60.36782 
-77.69629      60.36235 
-77.68933      60.36717 
-77.67955      60.36717 
-77.66531      60.36478 
-77.65896      60.35764 
-77.65055      60.34804 
-77.65274      60.34197 
-77.6657       60.33575 
-77.66386      60.32916 
-77.66054      60.32777 
-77.65168      60.33106 
-77.64366      60.32657 
-77.63871      60.33245 
-77.63206      60.33129 
-77.62933      60.33271 
-77.61988      60.32511 
-77.60951      60.32392 
-77.61491      60.31807 
-77.61433      60.31526 
-77.60847      60.31462 
-77.60788      60.30696 
-77.60463      60.30535 
-77.60176      60.30399 
-77.60293      60.30154 
-77.6082       60.30099 
-77.61113      60.29889 
-77.60892      60.29527 
-77.62273      60.29579 
-77.62266      60.2944 
-77.61628      60.29233 
-77.60534      60.28187 
-77.60353      60.27689 
-77.59786      60.27557 
-77.59694      60.27873 
-77.59402      60.27922 
-77.58517      60.27443 
-77.57741      60.28518 
-77.5551       60.28197 
-77.5523       60.27877 
-77.55484      60.27641 
-77.56356      60.27519 
-77.57274      60.27077 
-77.57157      60.26838 
-77.56676      60.26896 
-77.54531      60.26604 
-77.53893      60.26235 
-77.55461      60.26278 
-77.55922      60.26127 
-77.57477      60.26377 
-77.58368      60.26348 
-77.58732      60.26051 
-77.59188      60.26084 
-77.59383      60.26375 
-77.59715      60.26352 
-77.59818      60.25829 
-77.59096      60.25593 
-77.59526      60.25393 
-77.59071      60.25037 
-77.58186      60.25205 
-77.56893      60.2502 
-77.5647       60.25197 
-77.56561      60.25527 
-77.57139      60.25453 
-77.58011      60.25654 
-77.57958      60.25835 
-77.56118      60.25772 
-77.55696      60.25465 
-77.54499      60.25263 
-77.54051      60.25047 
-77.54235      60.24899 
-77.54793      60.24892 
-77.55416      60.25145 
-77.55866      60.25038 
-77.55573      60.24764 
-77.53968      60.24533 
-77.53325      60.24187 
-77.52583      60.2418 
-77.52578      60.23879 
-77.52001      60.23307 
-77.52632      60.23053 
-77.54068      60.23064 
-77.54296      60.22919 
-77.53458      60.22605 
-77.54245      60.22292 
-77.52661      60.21671 
-77.51937      60.20326 
-77.51406      60.20403 
-77.5102       60.20768 
-77.50696      60.20767 
-77.50055      60.20098 
-77.52278      60.19474 
-77.53063      60.19485 
-77.5351       60.19702 
-77.54166      60.1968 
-77.54608      60.19273 
-77.57496      60.19711 
-77.57996      60.2007 
-77.58729      60.201 
-77.58821      60.19945 
-77.5823       60.19579 
-77.58295      60.18707 
-77.57627      60.18452 
-77.57388      60.17512 
-77.56454      60.17053 
-77.56325      60.16536 
-77.55113      60.15918 
-77.54809      60.15527 
-77.53553      60.14906 
-77.51173      60.1442 
-77.5093       60.1437 
-77.50878      60.14067 
-77.51546      60.13999 
-77.51546      60.13838 
-77.49927      60.13513 
-77.49378      60.13012 
-77.47909      60.1249 
-77.45016      60.11933 
-77.44888      60.1174 
-77.45814      60.11738 
-77.48901      60.12262 
-77.4931       60.1213 
-77.50274      60.12315 
-77.51497      60.12889 
-77.51783      60.1254 
-77.51298      60.12136 
-77.51798      60.11526 
-77.53546      60.11722 
-77.5413       60.11625 
-77.5492       60.11774 
-77.55645      60.1215 
-77.56035      60.12142 
-77.57646      60.1211 
-77.58131      60.11544 
-77.58728      60.11402 
-77.59718      60.10851 
-77.60781      60.11181 
-77.6128       60.11216 
-77.61602      60.11055 
-77.62716      60.11204 
-77.63073      60.11091 
-77.6236       60.10671 
-77.62703      60.1028 
-77.62036      60.09864 
-77.62987      60.09286 
-77.6188       60.09114 
-77.61201      60.08581 
-77.61291      60.08426 
-77.62572      60.08472 
-77.62735      60.08229 
-77.61809      60.0791 
-77.61194      60.07312 
-77.61808      60.07102 
-77.60916      60.06669 
-77.61006      60.06514 
-77.63961      60.06842 
-77.6437       60.06547 
-77.6528       60.06751 
-77.65455      60.06463 
-77.6418       60.05427 
-77.63269      60.06031 
-77.61368      60.05571 
-77.61226      60.051 
-77.581        60.0409 
-77.57518      60.04026 
-77.56334      60.04448 
-77.5598       60.04331 
-77.55617      60.04212 
-77.54996      60.04444 
-77.53938      60.04114 
-77.51937      60.03045 
-77.51698      60.03397 
-77.52025      60.04021 
-77.51836      60.04515 
-77.51383      60.04643 
-77.50841      60.04442 
-77.50111      60.04413 
-77.47906      60.03099 
-77.46692      60.03149 
-77.46035      60.0287 
-77.45569      60.02881 
-77.46087      60.0412 
-77.44976      60.03969 
-77.44452      60.04185 
-77.45019      60.04457 
-77.45295      60.051 
-77.44777      60.05132 
-77.44178      60.0465 
-77.42945      60.04605 
-77.43065      60.04984 
-77.43658      60.05327 
-77.4347       60.05498 
-77.42506      60.05474 
-77.42181      60.05796 
-77.41511      60.05562 
-77.39882      60.05443 
-77.38955      60.04982 
-77.38503      60.04949 
-77.39338      60.04618 
-77.40999      60.04624 
-77.41195      60.04431 
-77.40821      60.04127 
-77.39653      60.04018 
-77.38695      60.03186 
-77.38543      60.02759 
-77.3767       60.02118 
-77.35681      60.01972 
-77.34302      60.01639 
-77.34216      60.01703 
 1             448 
1
 -9999.0   ,   9990.0 
 8 
-77.337        60.0102 
-77.34626      60.00693 
-77.34261      60.00366 
-77.3371       60.00268 
-77.33603      60.00249 
-77.3245       60.00094 
-77.30538      60.0016 
-77.2989       60 
 1             449 
1
 -9999.0   ,   9990.0 
 3 
-77.26885      60 
-77.26596      60.00074 
-77.25913      60 
 1             450 
1
 -9999.0   ,   9990.0 
 13 
-70.64728      60 
-70.64571      60.00305 
-70.64744      60.00778 
-70.71475      60.00767 
-70.74076      60.00976 
-70.81305      60.02496 
-70.84526      60.03089 
-70.895        60.05025 
-70.91331      60.05516 
-70.95037      60.05971 
-70.97576      60.0682 
-70.98776      60.0711 
-70.9979       60.07133 
 1             451 
1
 -9999.0   ,   9990.0 
 16 
-70.99586      60.08541 
-70.98716      60.08557 
-70.91037      60.06446 
-70.8946       60.05829 
-70.88206      60.05746 
-70.81837      60.03963 
-70.80523      60.03791 
-70.7861       60.03072 
-70.77447      60.03077 
-70.69397      60.02277 
-70.64336      60.02698 
-70.62323      60.02714 
-70.6194       60.02616 
-70.60845      60.01287 
-70.602        60.00993 
-70.55735      60 
 1             452 
1
 -9999.0   ,   9990.0 
 42 
-70.47526      60 
-70.40832      60.00739 
-70.40291      60.00771 
-70.37113      60.00957 
-70.36151      60.00676 
-70.3515       60.00716 
-70.33668      60.0089 
-70.32725      60.01294 
-70.32176      60.01293 
-70.31897      60.00984 
-70.29905      60.00834 
-70.2891       60.00919 
-70.28575      60.01116 
-70.28682      60.01501 
-70.29195      60.01847 
-70.30955      60.02258 
-70.31403      60.02767 
-70.3483       60.02997 
-70.35791      60.03279 
-70.36468      60.03779 
-70.36738      60.04318 
-70.36128      60.0444 
-70.34936      60.03657 
-70.34167      60.03436 
-70.32513      60.0341 
-70.29895      60.02781 
-70.27491      60.02945 
-70.25         60.02837 
-70.21969      60.022 
-70.19321      60.02257 
-70.18498      60.01969 
-70.15026      60.02011 
-70.13495      60.01887 
-70.11058      60.01523 
-70.10242      60.01577 
-70.09941      60.02001 
-70.08365      60.02175 
-70.05336      60.01832 
-70.02009      60.01935 
-70.0122       60.01552 
-70.00093      60.01366 
-70            60.01373 
