 263
 1          1 
 1 
 -9999.0  ,   -9998.0
 37 
17.1948 , 37.3362
17.2672 , 37.3517
17.3655 , 37.3414
17.4793 , 37.3207
17.6293 , 37.3
17.7741 , 37.2793
17.9552 , 37.2483
18.1259 , 37.2121
18.3276 , 37.1914
18.5655 , 37.1604
18.7569 , 37.119
18.9431 , 37.0931
19.1552 , 37.0621
19.3776 , 37.0517
19.5741 , 37.031
19.7397 , 37.0052
19.8845 , 36.9897
20. , 36.9845
20. , 36.9069
19.8897 , 36.9224
19.7397 , 36.9276
19.5741 , 36.9483
19.3724 , 36.969
19.1603 , 36.9793
19.1603 , 36.9793
18.9534 , 37.
18.7517 , 37.0362
18.5655 , 37.0828
18.3328 , 37.1035
18.131 , 37.1241
17.9345 , 37.1655
17.7638 , 37.1966
17.619 , 37.2172
17.4638 , 37.2328
17.3397 , 37.269
17.2569 , 37.269
17.1845 , 37.2897
 1             2 
 1 
 -9999.0  ,   -9998.0
 61 
17.2621 , 37.3569
17.1276 , 37.3879
16.9517 , 37.4293
16.7655 , 37.4655
16.5586 , 37.5276
16.3724 , 37.5948
16.1759 , 37.6776
15.9793 , 37.7604
15.8293 , 37.8224
15.6897 , 37.9259
15.6276 , 37.9983
15.6069 , 38.0914
15.6172 , 38.1793
15.6224 , 38.231
15.6483 , 38.2569
15.7 , 38.2672
15.7207 , 38.35
15.7414 , 38.4845
15.7466 , 38.6086
15.7517 , 38.7431
15.7414 , 38.8569
15.7 , 39.0121
15.6379 , 39.1672
15.5655 , 39.281
15.4828 , 39.3638
15.431 , 39.3793
15.4 , 39.3535
15.4259 , 39.3121
15.4776 , 39.2655
15.519 , 39.2035
15.5603 , 39.1414
15.6069 , 39.069
15.6276 , 38.9759
15.6534 , 38.8724
15.6483 , 38.7535
15.6534 , 38.619
15.6586 , 38.5052
15.6586 , 38.4172
15.6586 , 38.3293
15.669 , 38.2879
15.6586 , 38.2672
15.5966 , 38.2362
15.581 , 38.1845
15.5552 , 38.0966
15.5552 , 38.0966
15.55 , 37.9983
15.6069 , 37.9052
15.6845 , 37.8172
15.7776 , 37.7604
15.9276 , 37.6983
16.0776 , 37.6414
16.2379 , 37.569
16.3776 , 37.5172
16.4966 , 37.4604
16.6103 , 37.4397
16.719 , 37.3983
16.8741 , 37.3672
17.0293 , 37.3362
17.1885 , 37.2889
17.2103 , 37.3052
17.2517 , 37.331
 1             3 
 1 
 -9999.0  ,   -9998.0
 17 
15.4707 , 39.3828
15.4241 , 39.4552
15.3724 , 39.5638
15.3155 , 39.6724
15.2793 , 39.7707
15.2586 , 39.8897
15.2172 , 40.
15.1034 , 40.
15.1241 , 39.9362
15.1655 , 39.8793
15.2017 , 39.7655
15.2379 , 39.6569
15.269 , 39.5483
15.3155 , 39.4759
15.3466 , 39.3983
15.3983 , 39.3414
15.4552 , 39.3414
 1             4 
 1 
 -9999.0  ,   -9998.0
 7
20. , 39.6321
19.9438 , 39.6383
19.8693 , 39.6383
19.8631 , 39.5824
19.9003 , 39.5638
19.95 , 39.5762
20. , 39.5762
 1             5 
 1 
 -9999.0  ,   -9998.0
 20
20. , 38.6983
19.9534 , 38.7707
19.9069 , 38.8483
19.8552 , 38.9517
19.819 , 39.1017
19.7724 , 39.2983
19.7569 , 39.4379
19.7569 , 39.5569
19.7879 , 39.5983
19.819 , 39.6397
19.7931 , 39.6759
19.7414 , 39.6604
19.7103 , 39.6086
19.6897 , 39.4328
19.6897 , 39.2776
19.7466 , 39.0914
19.7724 , 38.9052
19.8448 , 38.7914
19.9069 , 38.6983
20. , 38.6155
 1             6 
 1 
 -9999.0  ,   -9998.0
 37
20. , 37.0499
19.7598 , 37.1318
19.514 , 37.1691
19.1937 , 37.2361
18.9404 , 37.3106
18.6127 , 37.3329
18.3148 , 37.4
17.9424 , 37.4894
17.5402 , 37.5191
17.1231 , 37.5713
16.773 , 37.6234
16.4974 , 37.6607
16.1697 , 37.7277
15.8271 , 37.7649
15.5887 , 37.832
15.3727 , 37.8841
15.2684 , 37.9139
15.2014 , 37.8841
15.2014 , 37.832
15.2535 , 37.7947
15.3802 , 37.7947
15.5291 , 37.7649
15.7377 , 37.7054
15.9313 , 37.6607
16.1548 , 37.6383
16.4825 , 37.5713
16.7581 , 37.534
17.1231 , 37.467
17.5551 , 37.4223
17.9424 , 37.3925
18.2999 , 37.3031
18.5978 , 37.2361
18.9404 , 37.2138
19.1862 , 37.1244
19.4916 , 37.0723
19.7747 , 37.035
20. , 36.968
 1             7 
 2 
 -9998.0  ,   -9997.0
  -734.4  ,    -495.5
 47 
15.3337      37.8985 	
15.3315 , 37.8995
15.3214 , 37.9069
15.3104 , 37.913
15.2987 , 37.9176
15.2865 , 37.9207
15.2741 , 37.9223
15.2615 , 37.9223
15.2491 , 37.9207
15.2369 , 37.9176
15.2252 , 37.913
15.2142 , 37.9069
15.2041 , 37.8995
15.1949 , 37.8909
15.1869 , 37.8813
15.1802 , 37.8707
15.1748 , 37.8593
15.1709 , 37.8474
15.1686 , 37.835
15.1678 , 37.8225
15.1686 , 37.81
15.1709 , 37.7976
15.1748 , 37.7857
15.1802 , 37.7743
15.1869 , 37.7637
15.1949 , 37.754
15.2041 , 37.7454
 15.21139      37.73817 	
 15.21131      37.73878 	
 15.23322      37.77536 	
 15.25972      37.80536 	
 15.25925      37.80722 	
 15.26097      37.80717 	
 15.26653      37.81336 	
 15.28097      37.82409 	
 15.27767      37.82695 	
 15.27728      37.83017 	
 15.27878      37.83186 	
 15.29025      37.84483 	
 15.29653      37.84392 	
 15.29781      37.84461 	
 15.30131      37.8465 	
 15.30508      37.85209 	
 15.30428      37.85531 	
 15.30319      37.8595 	
 15.30725      37.87472 	
 15.32961      37.89225 	
 1             8 
 1 
 -9999.0  ,   -9998.0
 20
20. , 37.9035
19.8569 , 37.8828
19.7069 , 37.8517
19.5259 , 37.8207
19.3448 , 37.7793
19.1638 , 37.7328
18.9931 , 37.6914
18.8224 , 37.6552
18.6466 , 37.6138
18.6052 , 37.5828
18.6207 , 37.5466
18.6879 , 37.5362
18.8172 , 37.5828
18.9672 , 37.6138
19.1379 , 37.6604
19.3707 , 37.7172
19.5362 , 37.7586
19.7328 , 37.7897
19.8879 , 37.8207
20. , 37.8414
 1             9 
 1 
 -9999.0  ,   -9998.0
 50 
18.6241 , 37.6069
18.5155 , 37.5759
18.3914 , 37.5448
18.2362 , 37.5241
18.0655 , 37.4983
17.8845 , 37.4724
17.7034 , 37.4466
17.5328 , 37.4207
17.3724 , 37.4
17.2121 , 37.3793
17.031 , 37.3535
16.8707 , 37.3328
16.6845 , 37.3017
16.5086 , 37.281
16.3121 , 37.25
16.1362 , 37.2241
15.9448 , 37.1931
15.7586 , 37.1621
15.5931 , 37.1466
15.469 , 37.1414
15.35 , 37.131
15.2672 , 37.131
15.2362 , 37.1
15.2207 , 37.069
15.2414 , 37.0276
15.2983 , 37.0276
15.3707 , 37.0483
15.4845 , 37.0638
15.6293 , 37.0741
15.7741 , 37.1
15.9603 , 37.131
16.1569 , 37.1569
16.3328 , 37.1828
16.5397 , 37.2086
16.7103 , 37.2293
16.9017 , 37.2552
17.0621 , 37.2914
17.2224 , 37.3224
17.3983 , 37.3379
17.5534 , 37.3535
17.719 , 37.3845
17.9103 , 37.4052
18.0966 , 37.431
18.0966 , 37.431
18.2672 , 37.4517
18.4224 , 37.4879
18.5569 , 37.519
18.6603 , 37.5397
18.681 , 37.5759
18.6448 , 37.6017
 1             10 
 2 
 -9998.0  ,   -9997.0
   -733.5  ,   -715.5
 77 
 15.21503      37.15228 	
15.2154 , 37.1487
15.2063 , 37.1401
15.1983 , 37.1304
15.1915 , 37.1198
15.1862 , 37.1085
15.1823 , 37.0965
15.18 , 37.0842
15.1792 , 37.0716
15.18 , 37.0591
15.1823 , 37.0468
15.1862 , 37.0348
15.1915 , 37.0235
15.1983 , 37.0129
15.2063 , 37.0032
15.2154 , 36.9946
15.2256 , 36.9872
15.2366 , 36.9812
15.2483 , 36.9765
 15.26228      36.9735 	
 15.26467      36.98028 	
 15.26953      36.98539 	
 15.26692      37.00039 	
 15.26942      37.0042 	
 15.27561      37.00742 	
 15.28197      37.00878 	
 15.2875       37.00583 	
 15.29094      37.00617 	
 15.29742      37.01075 	
 15.30167      37.01381 	
 15.30967      37.01372 	
 15.31789      37.0077 	
 15.31814      37.00767 	
 15.33664      37.00586 	
 15.33886      37.00989 	
 15.32681      37.02364 	
 15.31967      37.03906 	
 15.30861      37.0422 	
 15.30672      37.04275 	
 15.29208      37.03664 	
 15.28814      37.03747 	
 15.28147      37.0462 	
 15.27714      37.05553 	
 15.28069      37.06297 	
 15.28333      37.06378 	
 15.29317      37.06067 	
 15.29686      37.0555 	
 15.29864      37.05633 	
 15.30078      37.06406 	
 15.29703      37.06833 	
 15.30311      37.08025 	
 15.30311      37.08047 	
 15.30278      37.08922 	
 15.3005       37.10514 	
 15.29756      37.1087 	
 15.29206      37.10967 	
 15.27945      37.11186 	
 15.26981      37.10833 	
 15.26097      37.10911 	
 15.25464      37.11323 	
 15.24528      37.1145 	
 15.24158      37.12036 	
 15.23075      37.12603 	
 15.22647      37.13144 	
 15.22347      37.13958 	
 15.22653      37.14819 	
 15.23147      37.14939 	
 15.24225      37.14786 	
 15.24464      37.14983 	
 15.24214      37.15417 	
 15.24153      37.15523 	
 15.23245      37.16197 	
 15.23008      37.1607 	
 15.23039      37.15564 	
 15.22764      37.15275 	
 15.223        37.15153 	
 15.21503      37.15228 	
 1             11 
 1 
 -9999.0  ,   -9998.0
 21
15.21 , 37.7721
15.1852 , 37.7307
15.1603 , 37.6728
15.1272 , 37.6148
15.0983 , 37.5776
15.0734 , 37.5238
15.0528 , 37.4659
15.0486 , 37.4079
15.0424 , 37.35
15.0424 , 37.3004
15.0403 , 37.2652
15.0217 , 37.2466
15. , 37.2383
15. , 37.5321
15.0217 , 37.5983
15.0548 , 37.6562
15.0859 , 37.7183
15.119 , 37.7845
15.1603 , 37.8279
15.2017 , 37.8341
15.2224 , 37.8052
 1             12 
2
 -9998.0  ,  -9997.0
  -729.5  ,   -496.5 
28
15.  ,  37.1862
15.0044 , 37.1857
15.0168 , 37.1873
15.029 , 37.1904
15.0407 , 37.195
15.0517 , 37.2011
15.0618 , 37.2085
15.071 , 37.217
15.079 , 37.2267
15.0857 , 37.2373
15.0911 , 37.2487
15.095 , 37.2606
15.0973 , 37.273
15.0981 , 37.2855
15.0973 , 37.298
15.0973 , 37.298
15.095 , 37.3104
15.0911 , 37.3223
15.0857 , 37.3337
15.079 , 37.3443
15.071 , 37.354
15.0618 , 37.3626
15.0517 , 37.3699
15.0407 , 37.376
15.029 , 37.3806
15.0168 , 37.3837
15.0044 , 37.3853
15.  ,  37.3854
 1             13 
 2 
 -9998.0  ,   -9997.0
  -726.5  ,    -484.5
 74 
15.1392 , 37.2942
15.1282 , 37.2882
15.118 , 37.2808
15.1089 , 37.2722
15.1009 , 37.2625
15.0941 , 37.2519
15.0888 , 37.2405
15.0849 , 37.2286
15.0826 , 37.2163
15.0818 , 37.2037
15.0826 , 37.1912
15.0849 , 37.1789
15.0888 , 37.1669
15.0941 , 37.1555
15.1009 , 37.1449
15.1089 , 37.1353
15.118 , 37.1267
15.1282 , 37.1193
15.1392 , 37.1132
15.1509 , 37.1086
15.163 , 37.1055
15.1755 , 37.1039
15.1862 , 37.1085
15.1915 , 37.1198
15.1983 , 37.1304
15.2063 , 37.1401
15.2154 , 37.1487
 15.21503      37.15228 
 15.20933      37.15822 
 15.20186      37.17317 
 15.20492      37.17672 
 15.19592      37.18439 
 15.19167      37.19075 
 15.18758      37.21014 
 15.18592      37.21114 
 15.19481      37.22183 
 15.19614      37.22522 
 15.19369      37.23264 
 15.1962       37.23667 
 15.21         37.24283 
 15.21539      37.24194 
 15.21981      37.23903 
 15.22134      37.23658 
 15.22245      37.23481 
 15.22261      37.22725 
 15.21956      37.21886 
 15.22167      37.21536 
 15.22508      37.21522 
 15.22819      37.2197 
 15.22864      37.23803 
 15.23103      37.23956 
 15.23694      37.23772 
 15.24347      37.23153 
 15.25183      37.23261 
 15.25325      37.2347 
 15.25808      37.24178 
 15.25178      37.24706 
 15.24272      37.25931 
 15.22889      37.26831 
 15.21908      37.27783 
 15.21395      37.28856 
 15.20789      37.29292 
 15.20161      37.29336 
 15.20106      37.28834 
 15.19472      37.28306 
 15.18758      37.28331 
 15.18825      37.28511 
 15.18445      37.2887 
 15.16983      37.29428 
 15.16608      37.28867 
 15.16358      37.28886 
 15.16008      37.28911 
 15.14319      37.30531 
15.1392 , 37.2942
 1             14 
 1 
 -9999.0  ,   -9998.0
 42 
17.2653 , 37.3519
17.178 , 37.3596
17.0727 , 37.3571
16.9212 , 37.3571
16.7825 , 37.3519
16.6541 , 37.3468
16.5462 , 37.3416
16.3638 , 37.3262
16.1969 , 37.316
16.0659 , 37.3083
15.9067 , 37.2903
15.7577 , 37.2697
15.6113 , 37.2595
15.5009 , 37.2441
15.3878 , 37.2338
15.2774 , 37.2261
15.2363 , 37.2235
15.1952 , 37.2286
15.1567 , 37.2286
15.1336 , 37.1978
15.149 , 37.1721
15.1824 , 37.167
15.2235 , 37.1721
15.3005 , 37.1773
15.3981 , 37.1773
15.5137 , 37.1747
15.6267 , 37.1798
15.768 , 37.1978
15.9169 , 37.2235
16.071 , 37.2312
16.1995 , 37.2466
16.3715 , 37.2569
16.5436 , 37.2697
16.6566 , 37.2774
16.7902 , 37.2877
16.9186 , 37.2954
17.0342 , 37.2928
17.1189 , 37.2903
17.1883 , 37.2826
17.2319 , 37.2826
17.2525 , 37.3031
17.2371 , 37.3391
 1             15 
 1 
 -9999.0  ,   -9998.0
 23 
15.2124 , 37.7538
15.2083 , 37.7207
15.2041 , 37.7
15.1938 , 37.671
15.1793 , 37.6379
15.1669 , 37.609
15.1648 , 37.5841
15.1421 , 37.5552
15.1152 , 37.5324
15.1152 , 37.5241
15.0986 , 37.5014
15.0883 , 37.4766
15.0572 , 37.4683
15.0262 , 37.4786
15.0221 , 37.5097
15.0283 , 37.549
15.0614 , 37.5924
15.0883 , 37.6338
15.1152 , 37.6897
15.1379 , 37.7476
15.1524 , 37.7848
15.1814 , 37.8076
15.2207 , 37.7952
 1             16 
 2 
 -9998.0  ,   -9997.0
  -728.5  ,    -496.5
 60 
15.169 , 37.5618
15.161 , 37.5715
15.1518 , 37.5801
15.1417 , 37.5874
15.1307 , 37.5935
15.119 , 37.5981
15.1068 , 37.6012
15.0944 , 37.6028
15.0818 , 37.6028
15.0694 , 37.6012
15.0572 , 37.5981
15.0455 , 37.5935
15.0345 , 37.5874
15.0244 , 37.5801
15.0152 , 37.5715
15.0072 , 37.5618
15.0005 , 37.5512
14.9951 , 37.5398
14.9912 , 37.5279
14.9889 , 37.5155
14.9881 , 37.503
14.9889 , 37.4905
14.9912 , 37.4781
14.9951 , 37.4662
15.0005 , 37.4548
15.0072 , 37.4442
15.0152 , 37.4345
15.0244 , 37.426
15.0345 , 37.4186
15.0455 , 37.4125
15.0572 , 37.4079
15.0694 , 37.4048
15.0818 , 37.4032
15.0944 , 37.4032
 15.0925       37.40225 
 15.09478      37.40745 
 15.09492      37.42053 
 15.09161      37.46061 
 15.09128      37.46467 
 15.09128      37.46675 
 15.09125      37.47028 
 15.09125      37.47053 
 15.09114      37.48314 
 15.09114      37.48395 
 15.09142      37.485 
 15.09297      37.49097 
 15.10006      37.49859 
 15.10247      37.5012 
 15.10864      37.50783 
 15.12044      37.52056 
 15.12167      37.52186 
 15.12264      37.52434 
 15.12081      37.52761 
 15.12381      37.52981 
 15.13136      37.53114 
 15.14425      37.541 
 15.14892      37.54222 
 15.16122      37.55645 
 15.17008      37.56094 
15.169 , 37.5618
 1             17 
 3 
 -9998.0  ,   -9997.0
  -723.5  ,    -494.2
  -489.7  ,    -392.4
  51
 15.49389      38.27973 
 15.516        38.29514 
 15.53122      38.30192 
 15.54153      38.30425 
 15.55081      38.30367 
 15.56383      38.29814 
 15.58717      38.28556 
 15.61467      38.27464 
 15.62328      38.27314 
 15.63378      38.27367 
 15.65508      38.27078 
 15.65731      38.26931 
 15.65653      38.26611 
 15.64989      38.26203 
 15.60808      38.25242 
 15.58919      38.24236 
 15.57822      38.22928 
 15.57203      38.21325 
 15.56945      38.20853 
 15.56128      38.19372 
 15.56197      38.19069 
 15.56625      38.18961 
 15.57303      38.196 
 15.5712       38.19953 
 15.57217      38.20109 
 15.57733      38.19998 
 15.58033      38.19689 
 15.57911      38.19119 
 15.57361      38.182 
 15.56275      38.17064 
 15.55131      38.15864 
 15.547        38.15414 
 15.53295      38.13245 
 15.51592      38.10444 
15.514 , 38.1018	
15.503 , 38.1079	
15.4929 , 38.1153	
15.4837 , 38.1238	
15.4757 , 38.1335	
15.469 , 38.1441	
15.4636 , 38.1555	
15.4597 , 38.1674	
15.4574 , 38.1798	
15.4566 , 38.1923	
15.4574 , 38.2048	
15.4597 , 38.2172	
15.4636 , 38.2291	
15.469 , 38.2405	
15.4757 , 38.2511	
15.4837 , 38.2608	
 15.49389      38.27973 
 1             18 
 1 
 -9999.0  ,   -9998.0
 41 
15.509 , 38.1626
15.5291 , 38.1553
15.5529  , 38.1559
15.5684 , 38.1621
15.5845 , 38.1771
15.599 , 38.1993
15.6114 , 38.2179
15.6224 , 38.231
15.6710 , 38.2455
15.7 , 38.2672
15.7207 , 38.35
15.7414 , 38.4845
15.7466 , 38.6086
15.7517 , 38.7431
15.7414 , 38.8569
15.7 , 39.0121
15.6379 , 39.1672
15.5655 , 39.281
15.4828 , 39.3638
15.431 , 39.3793
15.4 , 39.3535
15.4259 , 39.3121
15.4776 , 39.2655
15.519 , 39.2035
15.5603 , 39.1414
15.6069 , 39.069
15.6276 , 38.9759
15.6534 , 38.8724
15.6483 , 38.7535
15.6534 , 38.619
15.6586 , 38.5052
15.6586 , 38.4172
15.6586 , 38.3293
15.669 , 38.2879
15.6586 , 38.2672
15.5966 , 38.2362
15.5803 , 38.2366
15.5555 , 38.235
15.5271 , 38.2221
15.5064 , 38.2035
15.5017 , 38.1838
 1             19 
 2 
 -9998.0  ,   -9997.0
    -721.4  ,  -1.0
 51 
15.6533 , 38.0109
15.6657 , 38.0125
15.6779 , 38.0156
15.6896 , 38.0202
15.7006 , 38.0263
15.7107 , 38.0337
15.7199 , 38.0422
15.7279 , 38.0519
15.7346 , 38.0625
15.74 , 38.0739
15.7439 , 38.0858
15.7462 , 38.0982
15.747 , 38.1107
15.7462 , 38.1232
15.7439 , 38.1356
15.74 , 38.1475
15.7346 , 38.1589
15.7279 , 38.1695
15.7199 , 38.1792
15.7107 , 38.1878
15.7006 , 38.1951
15.6896 , 38.2012
15.6779 , 38.2058
15.6657 , 38.2089
15.6533 , 38.2105
15.6407 , 38.2105
 15.63372      38.20672 
 15.63558      38.1945 
 15.63983      38.18792 
 15.64686      38.17045 
 15.65597      38.15817 
 15.65439      38.132 
 15.65431      38.1312 
 15.65219      38.12509 
 15.64833      38.11903 
 15.63119      38.10389 
 15.63181      38.09975 
 15.63495      38.09497 
 15.63631      38.09292 
 15.63628      38.09181 
 15.63592      38.08192 
 15.63814      38.08031 
 15.64092      38.07828 
 15.65161      38.07306 
 15.65453      38.06881 
 15.65014      38.05889 
 15.65781      38.04233 
 15.65106      38.03136 
 15.64078      38.02397 
 15.638        38.01672 
15.6533 , 38.0109
 1             20 
 1 
 -9999.0  ,   -9998.0
 40 
17.2621 , 37.3569
17.1276 , 37.3879
16.9517 , 37.4293
16.7655 , 37.4655
16.5586 , 37.5276
16.3724 , 37.5948
16.1759 , 37.6776
15.9793 , 37.7604
15.8293 , 37.8224
15.6897 , 37.9259
15.6276 , 37.9983
15.6262 , 38.0135
15.6303 , 38.0383
15.6417 , 38.0621
15.6634 , 38.0735
15.6872 , 38.0859
15.6883 , 38.119
15.6717 , 38.1417
15.6366 , 38.1479
15.5952 , 38.1417
15.5693 , 38.1169
15.5507 , 38.0859
15.5414 , 38.0497
15.5414 , 38.0238
15.55 , 37.9983
15.6069 , 37.9052
15.6845 , 37.8172
15.7776 , 37.7604
15.9276 , 37.6983
16.0776 , 37.6414
16.2379 , 37.569
16.3776 , 37.5172
16.4966 , 37.4604
16.6103 , 37.4397
16.719 , 37.3983
16.8741 , 37.3672
17.0293 , 37.3362
17.1885 , 37.2889
17.2103 , 37.3052
17.2517 , 37.331
 1             21 
 2 
 -9998.0  ,   -9997.0
    -719.5  ,  -1.0
 46 
 16.55208      39.64786 
 16.53614      39.66025 
 16.52836      39.67092 
 16.52539      39.68273 
 16.52883      39.69722 
 16.5302       39.71939 
 16.52758      39.72384 
 16.52061      39.72847 
 16.50303      39.74008 
 16.495        39.75189 
 16.48811      39.77875 
 16.49322      39.8037 
 16.50117      39.81089 
16.4972 , 39.8155
16.4846 , 39.8155
16.4722 , 39.8139
16.46 , 39.8108
16.4483 , 39.8062
16.4373 , 39.8001
16.4272 , 39.7928
16.418 , 39.7842
16.41 , 39.7745
16.4033 , 39.7639
16.3979 , 39.7525
16.394 , 39.7406
16.3917 , 39.7282
16.3909 , 39.7157
16.3917 , 39.7032
16.394 , 39.6908
16.3979 , 39.6789
16.4033 , 39.6675
16.41 , 39.6569
16.418 , 39.6472
16.4272 , 39.6387
16.4373 , 39.6313
16.4483 , 39.6252
16.46 , 39.6206
16.4722 , 39.6175
16.4846 , 39.6159
16.4972 , 39.6159
16.5096 , 39.6175
16.5218 , 39.6206
16.5335 , 39.6252
16.5445 , 39.6313
16.5546 , 39.6387
 16.55208      39.64786 
 1             22 
 1 
 -9999.0  ,   -9998.0
 41 
20. , 38.6983
19.9062 , 38.7338
19.7717 , 38.7907
19.6062 , 38.8735
19.4407 , 38.951
19.2028 , 39.0648
18.97 , 39.1476
18.7269 , 39.251
18.4424 , 39.3597
18.189 , 39.4786
17.9562 , 39.5873
17.7079 , 39.6959
17.4752 , 39.789
17.2217 , 39.8459
16.989 , 39.8562
16.7614 , 39.8459
16.6217 , 39.8148
16.5028 , 39.7838
16.451 , 39.7683
16.42 , 39.7269
16.42 , 39.6752
16.4821 , 39.67
16.57 , 39.7062
16.6683 , 39.7476
16.7872 , 39.7631
16.9579 , 39.7786
17.1338 , 39.7683
17.3096 , 39.7528
17.4441 , 39.7217
17.6614 , 39.6235
17.92 , 39.5097
18.1372 , 39.4166
18.401 , 39.2873
18.7062 , 39.1786
18.9545 , 39.0804
19.1665 , 39.0028
19.4148 , 38.8786
19.5855 , 38.8062
19.7407 , 38.7286
19.8959 , 38.6717
20. , 38.6155
 1             23 
 3 
 -9998.0  ,   -9997.0
  -716.5  ,    -494.2
  -489.6  ,    -392.4
 50 
15.1664 , 38.1527
15.1675 , 38.1509
15.1766 , 38.1423
15.1868 , 38.1349
15.1978 , 38.1289
15.2095 , 38.1243
15.2216 , 38.1211
15.2341 , 38.1196
15.2467 , 38.1196
15.2591 , 38.1211
15.2713 , 38.1243
15.283 , 38.1289
15.294 , 38.1349
15.3041 , 38.1423
15.3133 , 38.1509
15.3213 , 38.1606
15.328 , 38.1712
15.3334 , 38.1826
15.3372 , 38.1945
15.3396 , 38.2068
 15.3404 , 38.2182
 15.33117      38.21723 	
 15.2985       38.20903 	
 15.29147      38.20814 	
 15.27878      38.20906 	
 15.25975      38.21134 	
 15.25022      38.21539 	
 15.24614      38.21711 	
 15.24797      38.21956 	
 15.24961      38.22178 	
 15.25014      38.22511 	
 15.25142      38.23317 	
 15.25367      38.24731 	
 15.23889      38.2735 	
 15.22756      38.27345 	
 15.22442      38.26944 	
 15.23558      38.26631 	
 15.23894      38.25906 	
 15.23703      38.25111 	
 15.23883      38.23661 	
 15.23264      38.22453 	
 15.22972      38.21884 	
 15.22956      38.21834 	
 15.22778      38.21214 	
 15.22683      38.20886 	
 15.22658      38.20853 	
 15.22586      38.20753 	
 15.21078      38.18628 	
 15.17167      38.15534 	
15.1664 , 38.1527
 1             24 
 1 
 -9999.0  ,   -9998.0
 19 
15.5672 , 38.2416
15.5206 , 38.2488
15.4658 , 38.2478
15.4068 , 38.2323
15.3613 , 38.2188
15.322 , 38.2085
15.2868 , 38.2033
15.2568 , 38.2105
15.2434 , 38.2126
15.2227 , 38.2002
15.2165 , 38.1785
15.2382 , 38.1588
15.2713 , 38.1505
15.3086 , 38.134
15.3654 , 38.135
15.4275 , 38.1526
15.5465 , 38.1712
15.5661 , 38.2002
15.5713 , 38.223
 1             25 
 2 
 -9998.0  ,   -9997.0
    -715.5  ,  -663.5
 26 
15.11375	36.82286
15.102 , 36.8288
15.0793 , 36.8267
15.0617 , 36.8226
15.0441 , 36.8205
15.0358 , 36.8278
15.0317 , 36.8453
15.0317 , 36.8681
15.042 , 36.8929
15.0514 , 36.9064
15.0669 , 36.9291
15.0772 , 36.9571
15.0886 , 36.9809
15.0979 , 37.0088
15.1083 , 37.0336
15.1196 , 37.0564
15.1331 , 37.074
15.1507 , 37.0833
15.1662 , 37.0967
15.1755 , 37.1039
15.1862 , 37.1085
15.1915 , 37.1198
15.1983 , 37.1304
15.2063 , 37.1401
15.2154 , 37.1487
 15.21503      37.15228 
 1             26 
 1 
 -9999.0  ,   -9998.0
 43 
20. , 38.6983
19.9062 , 38.7338
19.7717 , 38.7907
19.6062 , 38.8735
19.4407 , 38.951
19.2028 , 39.0648
18.97 , 39.1476
18.9147 , 39.1659
18.9147 , 39.1659
18.8164 , 39.1815
18.6871 , 39.1866
18.5474 , 39.1918
18.3716 , 39.2021
18.2164 , 39.2021
18.0302 , 39.2021
17.8647 , 39.2073
17.663 , 39.2021
17.4819 , 39.1918
17.3164 , 39.1711
17.1768 , 39.1608
17.1199 , 39.1401
17.0681 , 39.1142
17.0681 , 39.0573
17.1302 , 39.0573
17.1923 , 39.078
17.3164 , 39.1039
17.4974 , 39.1246
17.6733 , 39.1297
17.875 , 39.1504
18.0354 , 39.1452
18.2216 , 39.1452
18.3716 , 39.1401
18.5526 , 39.1401
18.6974 , 39.1297
18.7957 , 39.1194
18.8785 , 39.0987
18.9545 , 39.0804
19.1665 , 39.0028
19.4148 , 38.8786
19.5855 , 38.8062
19.7407 , 38.7286
19.8959 , 38.6717
20. , 38.6155
 1             27 
 2 
 -9998.0  ,   -9997.0
  -709.5  ,    -430.5
 58 
17.1343 , 39.181
17.1217 , 39.181
17.1093 , 39.1794
17.0971 , 39.1763
17.0854 , 39.1717
17.0744 , 39.1656
17.0643 , 39.1583
17.0551 , 39.1497
17.0471 , 39.14
17.0404 , 39.1294
17.035 , 39.118
17.0311 , 39.1061
17.0288 , 39.0937
17.028 , 39.0812
17.0288 , 39.0687
17.0311 , 39.0563
17.035 , 39.0444
17.0404 , 39.033
17.0471 , 39.0224
17.0551 , 39.0127
17.0643 , 39.0042
17.0744 , 38.9968
17.0854 , 38.9907
17.0971 , 38.9861
17.1093 , 38.983
17.1217 , 38.9814
17.1343 , 38.9814
17.1467 , 38.983
17.1589 , 38.9861
 17.163        38.98739 
 17.18464      39.01495 
 17.19633      39.02145 
 17.20778      39.02133 
 17.20842      39.02183 
 17.20875      39.02206 
 17.21372      39.02583 
 17.21264      39.03047 
 17.20867      39.03228 
 17.20083      39.03361 
 17.17711      39.03756 
 17.14283      39.05606 
 17.137        39.06759 
 17.13711      39.07606 
 17.14067      39.07978 
 17.14158      39.08383 
 17.13931      39.09197 
 17.13447      39.09384 
 17.13067      39.09059 
 17.12694      39.0917 
 17.12314      39.09556 
 17.12017      39.09867 
 17.11664      39.10939 
 17.11617      39.12525 
 17.11914      39.14 
 17.12236      39.15406 
 17.1277       39.16522 
17.1377 , 39.1809
17.1343 , 39.181
 1             28 
 1 
 -9999.0  ,   -9998.0
 27
20. , 37.4428
19.8441 , 37.5421
19.571 , 37.7241
19.2648 , 37.9559
19. , 38.1793
18.6524 , 38.4359
18.3628 , 38.7421
18.1393 , 38.9821
17.8828 , 39.28
17.6097 , 39.5366
17.4607 , 39.7269
17.3117 , 39.8676
17.1959 , 40.
17.3117 , 40.
17.411 , 39.9338
17.56 , 39.7848
17.6924 , 39.6441
17.9738 , 39.3462
18.2386 , 39.0317
18.4621 , 38.8083
18.7352 , 38.5186
19.0662 , 38.2621
19.3145 , 38.0469
19.3145 , 38.0469
19.6372 , 37.8566
19.9021 , 37.6414
20. , 37.5835
 1             29 
 1 
 -9999.0  ,   -9998.0
 7
20. , 36.4038
19.8696 , 36.441
19.7579 , 36.4472
19.6896 , 36.4038
19.7206 , 36.3541
19.8448 , 36.3541
20. , 36.3169
 1             30 
 1 
 -9999.0  ,   -9998.0
 41
19.7662 , 36.4555
19.6048 , 36.4927
19.3938 , 36.4865
19.1393 , 36.4989
18.8786 , 36.5176
18.5993 , 36.53
18.32 , 36.5362
17.9413 , 36.5424
17.6806 , 36.5548
17.3393 , 36.5548
17.0724 , 36.5734
16.7558 , 36.5796
16.52 , 36.6044
16.2531 , 36.592
15.9551 , 36.6044
15.6696 , 36.6044
15.4213 , 36.6107
15.2165 , 36.6169
15. , 36.632
15. , 36.5575
15.2351 , 36.5238
15.4338 , 36.5113
15.682 , 36.5176
15.9675 , 36.5051
16.2779 , 36.5051
16.5386 , 36.5176
16.762 , 36.5051
17.0786 , 36.4927
17.0786 , 36.4927
17.3579 , 36.4803
17.6993 , 36.4803
17.9538 , 36.4617
18.3386 , 36.4555
18.6179 , 36.4431
18.8972 , 36.4431
19.1331 , 36.4244
19.4 , 36.4058
19.6234 , 36.381
19.7289 , 36.3562
19.7848 , 36.381
19.791 , 36.4182
 1             31 
 2 
 -9998.0  ,   -9997.0
    -679.5  ,  -390.3
 37 
16.3172 , 38.2948
16.308 , 38.3034
16.2979 , 38.3107
16.2869 , 38.3168
16.2752 , 38.3214
16.263 , 38.3245
16.2506 , 38.3261
16.238 , 38.3261
16.2256 , 38.3245
16.2134 , 38.3214
16.2017 , 38.3168
16.1907 , 38.3107
16.1806 , 38.3034
16.1714 , 38.2948
16.1634 , 38.2851
16.1567 , 38.2745
16.1513 , 38.2631
16.1474 , 38.2512
16.1451 , 38.2388
16.1443 , 38.2263
16.1451 , 38.2138
16.1474 , 38.2014
16.1513 , 38.1895
16.1567 , 38.1781
16.1634 , 38.1675
16.1714 , 38.1578
16.1806 , 38.1493
16.1828 , 38.1469
 16.19331      38.15383 
 16.21156      38.17458 
 16.22825      38.18945 
 16.24006      38.20039 
 16.26345      38.22389 
 16.28428      38.24797 
 16.30986      38.26886 
 16.32094      38.28603 
16.3172 , 38.2948
 1             32 
 1 
 -9999.0  ,   -9998.0
 42 
20. , 38.6983
19.8898 , 38.7273
19.7398 , 38.7687
19.5536 , 38.7635
19.357 , 38.7428
19.1398 , 38.6808
18.9433 , 38.6135
18.7053 , 38.5566
18.4881 , 38.5153
18.276 , 38.4894
18.0226 , 38.4222
17.7898 , 38.3653
17.5467 , 38.3187
17.3295 , 38.2928
17.0812 , 38.2618
16.8433 , 38.2515
16.626 , 38.2411
16.4657 , 38.2411
16.3364 , 38.2463
16.2846 , 38.2928
16.2226 , 38.2928
16.1812 , 38.2308
16.2226 , 38.1791
16.3157 , 38.1584
16.4812 , 38.148
16.6519 , 38.148
16.8433 , 38.1584
17.0812 , 38.1635
17.3502 , 38.1946
17.5829 , 38.2411
17.826 , 38.2877
18.0743 , 38.3549
18.307 , 38.4066
18.5191 , 38.4325
18.7364 , 38.4791
18.9691 , 38.5308
19.1812 , 38.6135
19.3777 , 38.6653
19.5639 , 38.6963
19.7295 , 38.686
19.895 , 38.6601
20. , 38.6155
 1             33 
 1 
 -9999.0  ,   -9998.0
 16 
20. , 38.6983
19.961 , 38.741
19.9052 , 38.8155
19.8865 , 38.9148
19.8928 , 38.9831
19.8959 , 39.0266
19.8959 , 39.0607
19.8679 , 39.0824
19.8307 , 39.0607
19.8152 , 39.011
19.8028 , 38.9521
19.7997 , 38.89
19.8183 , 38.8062
19.8524 , 38.7193
19.9238 , 38.6635
20. , 38.6155
 1             34 
 1 
 -9999.0  ,   -9998.0
 8
19.899 , 39.6441
19.9517 , 39.6504
20. , 39.6441
20. , 39.5821
19.9486 , 39.5759
19.9052 , 39.5604
19.8741 , 39.579
19.871 , 39.6255
 1             35 
 1 
 -9999.0  ,   -9998.0
 12
20. , 39.1973
19.9703 , 39.1724
19.93 , 39.1228
19.9052 , 39.07
19.8928 , 39.0359
19.8648 , 39.0235
19.8338 , 39.0328
19.8183 , 39.0576
19.8307 , 39.1197
19.8679 , 39.1786
19.9238 , 39.2531
20. , 39.2904
 1             36 
 2 
 -9998.0  ,   -9997.0
  -663.5  ,    -485.5
 5 
15. , 37.1441
15.0176 , 37.1545
15.0414 , 37.1566
15.0672 , 37.1617
15.0921 , 37.1586
 1             37 
 2
 -9998.0  ,   -9997.0
  -663.5  ,    -485.5
 7 
15.11375	36.82286
15.102 , 36.8288
15.0793 , 36.8267
15.0617 , 36.8226
15.0441 , 36.8205
15.0279 , 36.8204
15. , 36.8224
 1             38 
 1 
 -9999.0  ,   -9998.0
 30 
20. , 38.6983
19.9062 , 38.7338
19.7717 , 38.7907
19.6062 , 38.8735
19.4407 , 38.951
19.2028 , 39.0648
18.97 , 39.1476
18.7269 , 39.251
18.4424 , 39.3597
18.189 , 39.4786
17.9562 , 39.5873
17.7079 , 39.6959
17.56 , 39.7848
17.411 , 39.9338
17.3117 , 40.
17.1959 , 40.
17.3117 , 39.8676
17.4607 , 39.7269
17.6614 , 39.6235
17.92 , 39.5097
18.1372 , 39.4166
18.401 , 39.2873
18.7062 , 39.1786
18.9545 , 39.0804
19.1665 , 39.0028
19.4148 , 38.8786
19.5855 , 38.8062
19.7407 , 38.7286
19.8959 , 38.6717
20. , 38.6155
 1             39 
 2 
 -9998.0  ,   -9997.0
  -649.5  ,    -430.5
 45 
16.509 , 38.37
16.5098 , 38.3825
16.509 , 38.395
16.5067 , 38.4074
16.5028 , 38.4193
16.4974 , 38.4307
16.4907 , 38.4413
16.4827 , 38.451
16.4735 , 38.4596
16.4634 , 38.4669
16.4524 , 38.473
16.4407 , 38.4776
16.4285 , 38.4807
16.4161 , 38.4823
16.4035 , 38.4823
16.3911 , 38.4807
16.3789 , 38.4776
16.3672 , 38.473
16.3562 , 38.4669
16.3461 , 38.4596
16.3369 , 38.451
16.3289 , 38.4413
16.3222 , 38.4307
16.3168 , 38.4193
16.3129 , 38.4074
16.3106 , 38.395
16.3098 , 38.3825
16.3106 , 38.37
16.3129 , 38.3576
16.3168 , 38.3457
16.3222 , 38.3343
16.3289 , 38.3237
16.3369 , 38.314
16.3461 , 38.3055
 16.3497       38.30217 
 16.36681      38.30186 
 16.37986      38.30953 
 16.39906      38.31395 
 16.41642      38.32095 
 16.45953      38.33436 
 16.46914      38.33898 
 16.47822      38.34336 
 16.50114      38.35959 
16.5085 , 38.3648
16.509 , 38.37
 1             40 
 1 
 -9999.0  ,   -9998.0
 41 
17.0817 , 39.126
17.1293 , 39.1405
17.1955 , 39.1467
17.2659 , 39.1178
17.2928 , 39.0722
17.3197 , 39.0205
17.3321 , 38.9398
17.3321 , 38.8447
17.2866 , 38.7495
17.239 , 38.6585
17.1893 , 38.5736
17.1334 , 38.4805
17.0445 , 38.4143
16.9266 , 38.3502
16.8314 , 38.3171
16.73 , 38.2943
16.6266 , 38.286
16.5293 , 38.2922
16.4672 , 38.3191
16.4341 , 38.3564
16.4238 , 38.3895
16.4445 , 38.4081
16.4797 , 38.4019
16.521 , 38.3791
16.5728 , 38.3647
16.6617 , 38.3647
16.761 , 38.375
16.8603 , 38.406
16.97 , 38.4516
17.0507 , 38.5157
17.1024 , 38.5922
17.1686 , 38.6874
17.2059 , 38.766
17.2576 , 38.8633
17.2576 , 38.944
17.2576 , 39.0164
17.2369 , 39.0516
17.1831 , 39.0722
17.1355 , 39.0516
17.0797 , 39.0598
17.0797 , 39.1012
 1             41 
 1 
 -9999.0  ,   -9998.0
 30
15.5302 , 38.2412
15.5716 , 38.236
15.5948 , 38.2464
15.6259 , 38.2567
15.6543 , 38.2671
15.6466 , 38.28
15.6078 , 38.3033
15.5379 , 38.3369
15.4526 , 38.3472
15.344 , 38.3472
15.2431 , 38.3317
15.15 , 38.3059
15.0569 , 38.2722
15. , 38.2464
15. , 38.3317
15.0672 , 38.355
15.1914 , 38.4041
15.2974 , 38.4171
15.4526 , 38.4145
15.5379 , 38.3964
15.6362 , 38.3472
15.6828 , 38.3162
15.7034 , 38.2981
15.7086 , 38.2722
15.6931 , 38.2567
15.6569 , 38.2464
15.631 , 38.2179
15.6 , 38.174
15.5069 , 38.1895
15.5095 , 38.2154
 1             42 
 2 
 -9998.0  ,   -9997.0
  -646.5  ,    -375.5
 52 
16.1699 , 38.7445
 16.16203      38.74047 
 16.14558      38.7265 
 16.13861      38.72292 
 16.13306      38.72314 
 16.13097      38.72667 
 16.12808      38.72725 
 16.12336      38.72631 
 16.11142      38.71856 
 16.06683      38.72458 
 16.05572      38.72847 
 16.03845      38.73242 
 16.02792      38.73242 
 16.02211      38.72831 
16.0116 , 38.7271
16.01 , 38.7238
16.0047 , 38.7124
16.0008 , 38.7005
15.9984 , 38.6881
15.9976 , 38.6756
15.9984 , 38.6631
16.0008 , 38.6507
16.0047 , 38.6388
16.01 , 38.6274
16.0167 , 38.6168
16.0248 , 38.6071
16.0339 , 38.5985
16.0441 , 38.5912
16.0551 , 38.5851
16.0667 , 38.5805
16.0789 , 38.5774
16.0914 , 38.5758
16.1039 , 38.5758
16.1164 , 38.5774
16.1285 , 38.5805
16.1402 , 38.5851
16.1512 , 38.5912
16.1614 , 38.5985
16.1705 , 38.6071
16.1785 , 38.6168
16.1853 , 38.6274
16.1906 , 38.6388
16.1945 , 38.6507
16.1969 , 38.6631
16.1976 , 38.6756
16.1969 , 38.6881
16.1945 , 38.7005
16.1906 , 38.7124
16.1853 , 38.7238
16.1785 , 38.7344
16.1705 , 38.744
16.1699 , 38.7445
 1             43 
 1 
 -9999.0  ,   -9998.0
 69 
16.2142 , 38.2569
16.1988 , 38.2286
16.2194 , 38.1926
16.2271 , 38.167
16.2091 , 38.1182
16.1834 , 38.0642
16.1731 , 38.
16.1269 , 37.9461
16.019 , 37.8999
15.9112 , 37.8947
15.8136 , 37.8999
15.7339 , 37.9127
15.6897 , 37.9259
15.6276 , 37.9983
15.6069 , 38.0914
15.6172 , 38.1793
15.6224 , 38.231
15.6483 , 38.2569
15.7 , 38.2672
15.7207 , 38.35
15.7414 , 38.4845
15.7466 , 38.6086
15.7536 , 38.6387
15.7716 , 38.6849
15.8178 , 38.7106
15.8872 , 38.7414
15.9488 , 38.7517
16.0207 , 38.7568
16.0464 , 38.7389
16.0567 , 38.7003
16.0541 , 38.6644
16.1261 , 38.6387
16.1492 , 38.6746
16.1517 , 38.7157
16.1286 , 38.7671
16.0875 , 38.8031
16.0156 , 38.8364
15.9334 , 38.8287
15.8564 , 38.8262
15.7768 , 38.8005
15.7177 , 38.762
15.6817 , 38.726
15.6586 , 38.6721
15.6534 , 38.619
15.6586 , 38.5052
15.6586 , 38.4172
15.6586 , 38.3293
15.669 , 38.2879
15.6586 , 38.2672
15.5966 , 38.2362
15.581 , 38.1845
15.5552 , 38.0966
15.55 , 37.9983
15.6069 , 37.9052
15.6261 , 37.8844
15.7057 , 37.8511
15.793 , 37.8433
15.9086 , 37.8331
16.0242 , 37.8382
16.1064 , 37.8536
16.1886 , 37.9153
16.2348 , 37.9872
16.2553 , 38.0617
16.2861 , 38.1207
16.3016 , 38.1875
16.3016 , 38.2235
16.3016 , 38.2492
16.2656 , 38.2748
16.2322 , 38.2851
 1             44 
 2 
 -9998.0  ,   -9997.0
  -638.5  ,    -390.6
 49 
15.8307 , 39.6679
15.8431 , 39.6695
15.8553 , 39.6726
15.867 , 39.6772
15.878 , 39.6833
15.8881 , 39.6907
15.8973 , 39.6993
15.9053 , 39.7089
15.912 , 39.7195
15.9174 , 39.7309
15.9213 , 39.7428
15.9236 , 39.7552
15.9244 , 39.7677
15.9236 , 39.7802
15.9213 , 39.7926
15.9174 , 39.8045
15.912 , 39.8159
15.9053 , 39.8265
15.8973 , 39.8362
15.8881 , 39.8448
15.878 , 39.8521
15.867 , 39.8582
15.8553 , 39.8628
15.8431 , 39.8659
15.8307 , 39.8675
15.8181 , 39.8675
15.8057 , 39.8659
15.7935 , 39.8628
 15.79269      39.85978 
 15.79172      39.85386 
 15.77675      39.83797 
 15.77339      39.83192 
 15.77986      39.82642 
 15.78025      39.81883 
 15.78822      39.8135 
 15.78883      39.81172 
 15.78939      39.8102 
 15.79128      39.80486 
 15.79447      39.79586 
 15.79561      39.77247 
 15.80606      39.74161 
 15.80589      39.72995 
 15.811        39.71739 
 15.80861      39.71267 
 15.81089      39.70664 
 15.81622      39.69314 
 15.81675      39.67389 
 15.82853      39.66861 
15.8307 , 39.6679
 1             45 
 1 
 -9999.0  ,   -9998.0
 27 
16.4574 , 39.7504
16.4181 , 39.7276
16.3333 , 39.7131
16.2671 , 39.6841
16.1802 , 39.6593
16.0912 , 39.6345
16.0229 , 39.651
15.9816 , 39.68
15.934 , 39.7338
15.9153 , 39.7752
15.8864 , 39.8062
15.8471 , 39.8145
15.7995 , 39.8041
15.8016 , 39.7793
15.816 , 39.7504
15.8429 , 39.7131
15.9029 , 39.6593
15.9609 , 39.6097
16.0312 , 39.5766
16.1078 , 39.5641
16.2029 , 39.5786
16.3022 , 39.6055
16.3953 , 39.6345
16.4574 , 39.6635
16.5112 , 39.6883
16.5174 , 39.7152
16.5009 , 39.7379
 1             46 
 1 
 -9999.0  ,   -9998.0
 19
16.5252 , 39.6976
16.5169 , 39.7224
16.5003 , 39.739
16.4693 , 39.7741
16.4507 , 39.8217
16.4238 , 39.8693
16.401 , 39.9169
16.3638 , 39.9769
16.3224 , 40.
16.2086 , 40.
16.2583 , 39.9645
16.3079 , 39.9169
16.3514 , 39.8548
16.3721 , 39.7928
16.3969 , 39.7514
16.4279 , 39.7224
16.4528 , 39.6935
16.4859 , 39.6852
16.5107 , 39.6935
 1             47 
 1 
 -9999.0  ,   -9998.0
 29  
15.1633 , 37.1677
15.2177 , 37.1705
15.2721 , 37.1677
15.3266 , 37.1362
15.3609 , 37.0846
15.3667 , 37.0072
15.3351 , 36.9385
15.3065 , 36.844
15.2664 , 36.7809
15.2206 , 36.6921
15.1547 , 36.6406
15.0773 , 36.632
15. , 36.632
15. , 36.5575
15.0945 , 36.5575
15.1862 , 36.5661
15.2979 , 36.6434
15.3552 , 36.7523
15.3924 , 36.8382
15.4211 , 36.9242
15.444 , 37.0072
15.444 , 37.0817
15.4211 , 37.1448
15.3724 , 37.2106
15.295 , 37.2393
15.2292 , 37.245
15.1805 , 37.245
15.1289 , 37.2307
15.1289 , 37.1935
 1             48 
 1 
 -9999.0  ,   -9998.0
 22
19.8941 , 39.5669
19.9231 , 39.5752
19.9562 , 39.6083
19.9645 , 39.6786
19.9728 , 39.7407
19.9686 , 39.7614
19.9769 , 39.7945
19.9728 , 39.8483
19.9107 , 39.8938
19.8279 , 39.9435
19.7493 , 40.
19.5217 , 40.
19.6417 , 39.9517
19.7576 , 39.8979
19.8486 , 39.8483
19.9024 , 39.8235
19.9521 , 39.7986
19.9562 , 39.7779
19.919 , 39.7324
19.8776 , 39.691
19.8652 , 39.6414
19.861 , 39.5876
 1             49 
 2 
 -9998.0  ,   -9997.0
  -614.5  ,    -400.1
 48 
15.8887 , 38.4392
15.8955 , 38.4286
15.9035 , 38.4189
15.9126 , 38.4103
15.9228 , 38.4029
15.9338 , 38.3969
15.9455 , 38.3922
15.9576 , 38.3891
15.9701 , 38.3875
15.9826 , 38.3875
15.9951 , 38.3891
16.0073 , 38.3922
16.0189 , 38.3969
16.03 , 38.4029
16.0401 , 38.4103
16.0493 , 38.4189
16.0573 , 38.4286
16.064 , 38.4392
16.0693 , 38.4505
16.0732 , 38.4625
16.0756 , 38.4748
16.0764 , 38.4873
16.0756 , 38.4999
16.0732 , 38.5122
16.0693 , 38.5241
16.064 , 38.5355
16.0573 , 38.5461
16.0493 , 38.5558
16.0401 , 38.5644
16.03 , 38.5718
16.0189 , 38.5778
16.0073 , 38.5824
15.9951 , 38.5856
15.9826 , 38.5871
15.9701 , 38.5871
15.9576 , 38.5856
15.9455 , 38.5824
15.9338 , 38.5778
15.9228 , 38.5718
15.9126 , 38.5644
15.9092 , 38.5613
 15.92731      38.54842 
 15.92836      38.5422 
 15.92642      38.52578 
 15.92011      38.50517 
 15.91292      38.48414 
 15.89603      38.44839 
 15.8752       38.42333 
 1             50 
 1 
 -9999.0  ,   -9998.0
 24 
16.2664 , 38.2466
16.2622 , 38.2757
16.2547 , 38.3032
16.2314 , 38.3266
16.2039 , 38.3599
16.1556 , 38.3982
16.1189 , 38.4366
16.0864 , 38.4682
16.0464 , 38.4949
16.0164 , 38.5216
15.9847 , 38.5232
15.9539 , 38.5141
15.9381 , 38.4832
15.9539 , 38.4482
15.9764 , 38.4249
16.0122 , 38.4074
16.0531 , 38.3782
16.0872 , 38.3516
16.1164 , 38.3149
16.1464 , 38.2807
16.1706 , 38.2399
16.2031 , 38.2149
16.2364 , 38.2149
16.2597 , 38.2324
 1             51 
 1 
 -9999.0  ,   -9998.0
 10 
15.0925 , 37.2792
15.0992 , 37.2708
15.1075 , 37.255
15.1142 , 37.2383
15.1092 , 37.2233
15.0933 , 37.2167
15.0767 , 37.2158
15.0517 , 37.215
15.0542 , 37.24
15.0683 , 37.2692
 1             52 
 1 
 -9999.0  ,   -9998.0
 12 
15.1108 , 37.2692
15.0967 , 37.2692
15.0758 , 37.2717
15.0617 , 37.27
15.0517 , 37.2633
15.0475 , 37.2492
15.0575 , 37.2325
15.0658 , 37.2233
15.0792 , 37.2125
15.09 , 37.21
15.1133 , 37.2292
15.1192 , 37.255
 1             53 
 1 
 -9999.0  ,   -9998.0
 41 
15.6519 , 38.1189
15.6403 , 38.1397
15.6294 , 38.1739
15.6261 , 38.1964
15.6211 , 38.2164
15.6224 , 38.231
15.6483 , 38.2569
15.7 , 38.2672
15.7207 , 38.35
15.7414 , 38.4845
15.7466 , 38.6086
15.7517 , 38.7431
15.7414 , 38.8569
15.7 , 39.0121
15.6379 , 39.1672
15.5655 , 39.281
15.4828 , 39.3638
15.431 , 39.3793
15.4 , 39.3535
15.4259 , 39.3121
15.4776 , 39.2655
15.519 , 39.2035
15.5603 , 39.1414
15.6069 , 39.069
15.6276 , 38.9759
15.6534 , 38.8724
15.6483 , 38.7535
15.6534 , 38.619
15.6586 , 38.5052
15.6586 , 38.4172
15.6586 , 38.3293
15.669 , 38.2879
15.6586 , 38.2672
15.5966 , 38.2362
15.5953 , 38.2231
15.5961 , 38.1947
15.5986 , 38.1647
15.6011 , 38.1331
15.6169 , 38.1097
15.6403 , 38.1039
15.6536 , 38.1097
 1             54 
 1 
 -9999.0  ,   -9998.0
 34
17.0917 , 39.1167
17.15 , 39.15
17.1875 , 39.2458
17.2042 , 39.3875
17.1667 , 39.4667
17.1042 , 39.525
16.9917 , 39.5875
16.9042 , 39.625
16.8 , 39.6708
16.6625 , 39.6833
16.475 , 39.675
16.4417 , 39.7167
16.4625 , 39.775
16.5292 , 39.775
16.625 , 39.775
16.6792 , 39.8458
16.7083 , 39.9458
16.7 , 40.
16.7917 , 40.
16.7875 , 39.9458
16.7667 , 39.8458
16.7208 , 39.7708
16.7958 , 39.75
16.9292 , 39.7
17.0417 , 39.6583
17.1583 , 39.5833
17.2625 , 39.5042
17.2875 , 39.3917
17.2833 , 39.2667
17.2542 , 39.1625
17.2167 , 39.1042
17.1375 , 39.0333
17.0833 , 39.05
17.0667 , 39.075
 1             55 
 1 
 -9999.0  ,   -9998.0
 31 
15.3458 , 39.4
15.375 , 39.3292
15.425 , 39.2292
15.4792 , 39.1333
15.5083 , 39.0042
15.5208 , 38.9125
15.5208 , 38.8208
15.525 , 38.6917
15.5 , 38.5917
15.5 , 38.5042
15.4458 , 38.4375
15.3417 , 38.425
15.2292 , 38.4208
15.1708 , 38.4042
15.15 , 38.3458
15.2042 , 38.3333
15.2958 , 38.3458
15.4 , 38.3542
15.5167 , 38.3875
15.5583 , 38.4625
15.5875 , 38.55
15.6 , 38.6625
15.6125 , 38.8167
15.6292 , 38.9208
15.6042 , 39.0167
15.5583 , 39.175
15.525 , 39.2625
15.5 , 39.3208
15.4708 , 39.3875
15.425 , 39.4042
15.3875 , 39.375
 1             56 
 2 
 -9998.0  ,   -9997.0
  -515.5  ,    -400.1
 46 
16.1905 , 38.9414
16.2022 , 38.946
16.2132 , 38.9521
16.2233 , 38.9595
16.2325 , 38.968
16.2405 , 38.9777
16.2472 , 38.9883
16.2526 , 38.9997
16.2565 , 39.0116
16.2588 , 39.024
16.2596 , 39.0365
16.2588 , 39.049
16.2565 , 39.0614
16.2526 , 39.0733
16.2472 , 39.0847
16.2405 , 39.0953
16.2325 , 39.105
16.2233 , 39.1136
16.2132 , 39.1209
16.2022 , 39.127
16.1905 , 39.1316
16.1783 , 39.1347
16.1659 , 39.1363
16.1533 , 39.1363
16.1409 , 39.1347
16.1287 , 39.1316
16.117 , 39.127
16.106 , 39.1209
16.0959 , 39.1136
16.0867 , 39.105
 16.08189      39.09744 
 16.08628      39.08008 
 16.09342      39.05983 
 16.09708      39.03197 
 16.1002       39.02586 
 16.11339      39.01317 
 16.12833      39.00453 
 16.13158      38.99614 
 16.13669      38.9895 
 16.13997      38.9805 
 16.14211      38.97461 
 16.14939      38.96536 
 16.15308      38.95511 
 16.15889      38.94983 
 16.172        38.94881 
 16.18167      38.94472 
 1             57 
 1 
 -9999.0  ,   -9998.0
 10
17.6128 , 35.
17.6078 , 35.2447
17.6078 , 35.4747
17.5928 , 35.6497
17.6378 , 35.7247
17.6828 , 35.7147
17.7128 , 35.6747
17.7278 , 35.4897
17.7378 , 35.2547
17.7278 , 35.
 1             58 
 1 
 -9999.0  ,   -9998.0
 35 
17.5778 , 35.6747
17.5911 , 35.8681
17.5844 , 36.1147
17.5844 , 36.5081
17.5778 , 36.7947
17.5711 , 37.1614
17.5778 , 37.4481
17.5844 , 37.8081
17.5978 , 38.0681
17.5711 , 38.3881
17.5644 , 38.6414
17.5178 , 38.9014
17.4244 , 39.0614
17.2644 , 39.2014
17.1378 , 39.2014
17.0445 , 39.2214
17.0378 , 39.2814
17.0911 , 39.3014
17.2444 , 39.3281
17.4378 , 39.2814
17.5711 , 39.1414
17.6844 , 38.9614
17.7111 , 38.6747
17.7111 , 38.4014
17.7311 , 38.0814
17.7311 , 37.8081
17.7311 , 37.4414
17.7111 , 37.1814
17.7178 , 36.8081
17.7111 , 36.5081
17.7044 , 36.1347
17.7178 , 35.8814
17.7245 , 35.7214
17.6978 , 35.6614
17.6378 , 35.6614
 1             59 
 1 
 -9999.0  ,   -9998.0
 19 
17.1183 , 39.3117
17.0958 , 39.3175
17.0675 , 39.3117
17.0475 , 39.3025
17.0267 , 39.2825
17.0208 , 39.26
17.0208 , 39.245
17.0275 , 39.2275
17.04 , 39.21
17.0608 , 39.2017
17.0758 , 39.1917
17.1083 , 39.1925
17.1342 , 39.1975
17.1492 , 39.2008
17.165 , 39.2158
17.1717 , 39.2392
17.1717 , 39.265
17.1692 , 39.2892
17.1425 , 39.3042
 1             60 
 1 
 -9999.0  ,   -9998.0
 44 
17.1225 , 39.3125
17.1408 , 39.3542
17.1558 , 39.3842
17.1608 , 39.4025
17.1492 , 39.4175
17.0875 , 39.4342
17.0642 , 39.4608
17.0392 , 39.5008
16.9775 , 39.5175
16.9242 , 39.5342
16.8808 , 39.5608
16.8458 , 39.5908
16.8125 , 39.6225
16.7808 , 39.6442
16.7158 , 39.6375
16.6675 , 39.6375
16.5958 , 39.6308
16.5458 , 39.6192
16.4742 , 39.6242
16.4725 , 39.6508
16.5342 , 39.6742
16.6042 , 39.6892
16.6675 , 39.6908
16.7092 , 39.6892
16.7675 , 39.6858
16.8142 , 39.6825
16.8458 , 39.6525
16.8808 , 39.6175
16.9058 , 39.5908
16.9442 , 39.5708
16.9925 , 39.5592
17.0358 , 39.5492
17.0608 , 39.5442
17.0925 , 39.5175
17.1125 , 39.4792
17.1375 , 39.4658
17.1725 , 39.4542
17.1975 , 39.4242
17.2042 , 39.3892
17.1875 , 39.3558
17.1675 , 39.3275
17.1558 , 39.2992
17.1342 , 39.2892
17.1208 , 39.3025
 1             61 
 1 
 -9999.0  ,   -9998.0
 57 
17.1325 , 39.0392
17.1642 , 39.0558
17.2008 , 39.0925
17.2375 , 39.1775
17.2408 , 39.2525
17.2408 , 39.3208
17.2508 , 39.3675
17.2508 , 39.4175
17.2325 , 39.4758
17.1858 , 39.5075
17.1558 , 39.5392
17.1342 , 39.5675
17.0908 , 39.5958
17.0158 , 39.6108
16.9642 , 39.6258
16.9158 , 39.6525
16.8875 , 39.6808
16.8542 , 39.7158
16.8008 , 39.7392
16.7592 , 39.7442
16.6942 , 39.7425
16.6475 , 39.7392
16.5908 , 39.7358
16.5508 , 39.7275
16.5225 , 39.7158
16.4908 , 39.6992
16.4725 , 39.6858
16.4725 , 39.6508
16.5342 , 39.6742
16.6042 , 39.6892
16.6675 , 39.6908
16.7092 , 39.6892
16.7675 , 39.6858
16.8142 , 39.6825
16.8458 , 39.6525
16.8808 , 39.6175
16.9058 , 39.5908
16.9442 , 39.5708
16.9925 , 39.5592
17.0358 , 39.5492
17.0608 , 39.5442
17.0925 , 39.5175
17.1125 , 39.4792
17.1375 , 39.4658
17.1725 , 39.4542
17.1975 , 39.4242
17.2042 , 39.3892
17.2025 , 39.3658
17.1975 , 39.3175
17.1975 , 39.2575
17.1975 , 39.2092
17.1842 , 39.1658
17.1675 , 39.1442
17.1408 , 39.1292
17.1142 , 39.1142
17.0858 , 39.0925
17.0908 , 39.0592
 1             62 
 1 
 -9999.0  ,   -9998.0
 87 
17.1544 , 39.325
17.1322 , 39.325
17.1144 , 39.3139
17.1144 , 39.2761
17.1522 , 39.2317
17.1611 , 39.1606
17.1789 , 39.105
17.2278 , 39.0583
17.2611 , 39.0183
17.2522 , 38.8606
17.1433 , 38.6606
17.05 , 38.5183
16.9567 , 38.4494
16.7967 , 38.3628
16.6522 , 38.2983
16.55 , 38.2494
16.4078 , 38.2117
16.2989 , 38.1894
16.2091 , 38.1182
16.1834 , 38.0642
16.1731 , 38.
16.1269 , 37.9461
16.019 , 37.8999
15.9112 , 37.8947
15.8136 , 37.8999
15.7339 , 37.9127
15.6897 , 37.9259
15.6276 , 37.9983
15.6069 , 38.0914
15.6172 , 38.1793
15.6224 , 38.231
15.6710 , 38.2455
15.7 , 38.2672
15.7033 , 38.2825
15.6983 , 38.3067
15.6617 , 38.3317
15.6058 , 38.3642
15.565 , 38.3833
15.52 , 38.4025
15.46 , 38.4158
15.4017 , 38.4183
15.3367 , 38.4192
15.2825 , 38.4175
15.2258 , 38.4108
15.1908 , 38.3983
15.1808 , 38.3725
15.195 , 38.3592
15.2258 , 38.3483
15.2733 , 38.3475
15.3367 , 38.3533
15.4067 , 38.3517
15.4708 , 38.3533
15.5275 , 38.3467
15.5775 , 38.3292
15.6167 , 38.3158
15.6417 , 38.3108
15.6608 , 38.3017
15.669 , 38.2879
15.6586 , 38.2672
15.5966 , 38.2362
15.581 , 38.1845
15.5552 , 38.0966
15.55 , 37.9983
15.6069 , 37.9052
15.6261 , 37.8844
15.7057 , 37.8511
15.793 , 37.8433
15.9086 , 37.8331
16.0242 , 37.8382
16.1064 , 37.8536
16.1886 , 37.9153
16.2348 , 37.9872
16.2553 , 38.0617
16.35 , 38.1228
16.4278 , 38.1517
16.5589 , 38.1917
16.6944 , 38.2517
16.8633 , 38.3317
17.0278 , 38.4072
17.1345 , 38.4828
17.3344 , 38.8428
17.3144 , 39.0228
17.2544 , 39.105
17.2167 , 39.1695
17.1967 , 39.2294
17.1611 , 39.2761
17.1544 , 39.3006
 1             63 
 1 
 -9999.0  ,   -9998.0
 11
15.2417 , 38.3525
15.2025 , 38.3392
15.1658 , 38.32
15.15 , 38.3059
15.0569 , 38.2722
15. , 38.2464
15. , 38.3317
15.0672 , 38.355
15.1914 , 38.4041
15.2175 , 38.4025
15.2433 , 38.3933
 1             64 
 2 
 -9998.0  ,   -9997.0
   663.5  ,    -1.0
 12 
15.0921 , 37.1586
15.1055 , 37.1379
15.1241 , 37.1214
15.1407 , 37.1141
15.1614 , 37.1048
15.1755 , 37.1039
15.1862 , 37.1085
15.1915 , 37.1198
15.1983 , 37.1304
15.2063 , 37.1401
15.2154 , 37.1487
 15.21503      37.15228 
 1             65 
 2 
 -9998.0  ,   -9997.0
  -496.5  ,    -484.5
 15
15.0921 , 37.1586
15.0888 , 37.1669
15.0849 , 37.1789
15.0826 , 37.1912
15.0818 , 37.2037
15.0826 , 37.2163
15.0849 , 37.2286
15.0888 , 37.2405
15.0941 , 37.2519
15.1009 , 37.2625
15.1089 , 37.2722
15.118 , 37.2808
15.1282 , 37.2882
15.1392 , 37.2942
 15.14319      37.30531 
 1             66 
 4 
 -9998.0  ,   -9997.0
  -496.5  ,    -495.5
  -466.5  ,    -397.6
  -288.5  ,    -1.0
 9 
15	37.7150
15.0198 , 37.7186
15.0406 , 37.7295
15.0673 , 37.7428
15.0898 , 37.7461
15.1198 , 37.7478
15.1539 , 37.7461
15.1898 , 37.7378
15.21139	37.73817
 1             67 
 1 
 -9999.0  ,   -9998.0
 12 
15.0867 , 37.73
15.115 , 37.7767
15.1567 , 37.8183
15.1983 , 37.85
15.2367 , 37.87
15.2783 , 37.865
15.2833 , 37.84
15.2517 , 37.8017
15.2183 , 37.7633
15.2017 , 37.715
15.14 , 37.695
15.1017 , 37.7083
 1             68 
 3 
 -9998.0  ,   -9997.0
  -495.5  ,    -392.5
  -288.5  ,    -1.0
 10 
15	37.7150
15.01 , 37.725
15.0192 , 37.7367
15.0308 , 37.7533
15.045 , 37.7792
15.0608 , 37.8142
15.0725 , 37.8492
15.0733 , 37.8742
15.0717 , 37.8942
15.0742 , 37.9033
 1             69 
 1 
 -9999.0  ,   -9998.0
 30 
17.2675 , 37.3583
17.195 , 37.3908
17.105 , 37.4533
17.03 , 37.5358
16.9425 , 37.6108
16.84 , 37.7008
16.7425 , 37.7883
16.63 , 37.8933
16.55 , 37.9933
16.4725 , 38.0833
16.405 , 38.1508
16.3425 , 38.2258
16.285 , 38.2658
16.26 , 38.2458
16.2325 , 38.2108
16.2775 , 38.1783
16.335 , 38.1083
16.415 , 38.0358
16.475 , 37.9633
16.57 , 37.8483
16.6775 , 37.7458
16.78 , 37.6533
16.88 , 37.5583
16.955 , 37.4858
17.015 , 37.4258
17.0725 , 37.3783
17.125 , 37.3308
17.18 , 37.2958
17.215 , 37.3008
17.28 , 37.3108
 1             70 
 1 
 -9999.0  ,   -9998.0
 33 
16.23 , 38.2058
16.2475 , 38.1533
16.2375 , 38.0783
16.205 , 38.0133
16.16 , 37.9333
16.065 , 37.8983
15.9475 , 37.8883
15.84 , 37.8783
15.71 , 37.8958
15.6375 , 37.9533
15.6 , 38.0258
15.5675 , 38.0658
15.525 , 38.0958
15.5 , 38.1133
15.4575 , 38.1108
15.4375 , 38.0908
15.44 , 38.0633
15.45 , 38.0308
15.515 , 37.9808
15.58 , 37.9183
15.65 , 37.8508
15.745 , 37.8158
15.845 , 37.8108
15.96 , 37.8208
16.0975 , 37.8358
16.17 , 37.8533
16.235 , 37.9158
16.265 , 38.0008
16.3025 , 38.0683
16.32 , 38.1458
16.3225 , 38.2183
16.29 , 38.2658
16.2575 , 38.2308
 1             71 
 1 
 -9999.0  ,   -9998.0
 23 
15.4492 , 38.0392
15.4383 , 38.0658
15.4375 , 38.0858
15.4375 , 38.1042
15.455 , 38.1425
15.4692 , 38.1742
15.4775 , 38.19
15.4992 , 38.2142
15.5192 , 38.2225
15.5442 , 38.225
15.5675 , 38.2208
15.5708 , 38.2158
15.5692 , 38.2075
15.5758 , 38.1942
15.5625 , 38.1767
15.5458 , 38.1567
15.5325 , 38.1358
15.52 , 38.1142
15.5108 , 38.0992
15.4942 , 38.0708
15.48 , 38.0533
15.4642 , 38.0417
15.4533 , 38.0325
 1             72 
 4 
 -9998.0  ,   -9997.0
  -495.5  ,    -494.2
  -489.5  ,    -392.5
  -288.5  ,    -1.0
 21 
15.0742 , 37.9033
15.0767 , 37.9192
15.0967 , 37.9433
15.1283 , 37.9592
15.1483 , 37.9708
15.1792 , 37.9883
15.2 , 37.9992
15.2267 , 38.0083
15.255 , 38.02
15.2783 , 38.0275
15.2917 , 38.0408
15.3183 , 38.0533
15.335 , 38.0658
15.3558 , 38.0742
15.3667 , 38.0808
15.38 , 38.0808
15.3958 , 38.075
15.4117 , 38.06
15.4267 , 38.0492
15.4408 , 38.0375
15.45375	38.03297 
 1             73 
 2 
 -9998.0  ,   -9997.0
  -494.2  ,   -489.5
 14 
15.16640	38.15270
15.1667 , 38.1492
15.17 , 38.1342
15.17 , 38.1142
15.1625 , 38.0975
15.155 , 38.0808
15.14 , 38.0608
15.1258 , 38.0408
15.1067 , 38.0175
15.0958 , 37.995
15.0908 , 37.9742
15.0825 , 37.9508
15.0775 , 37.9317
15.0742	37.9033
 1             74 
 1 
 -9999.0  ,   -9998.0
 7
15. , 36.885
15.035 , 36.885
15.0567 , 36.865
15.0617 , 36.84
15.0483 , 36.8133
15.0217 , 36.8067
15. , 36.8067
 1             75 
 1 
 -9999.0  ,   -9998.0
 21 
15.0333 , 36.89
15.0583 , 36.9033
15.0717 , 36.935
15.0833 , 36.9783
15.0833 , 37.0033
15.09 , 37.0333
15.1017 , 37.0567
15.125 , 37.065
15.155 , 37.0717
15.17 , 37.055
15.1767 , 37.0333
15.17 , 37.01
15.155 , 36.9717
15.15 , 36.93
15.14 , 36.905
15.1283 , 36.8783
15.0983 , 36.8483
15.09 , 36.825
15.05 , 36.8117
15.025 , 36.8317
15.0217 , 36.8617
 1             76 
 1 
 -9999.0  ,   -9998.0
 11 
15.1025 , 37.295
15.1158 , 37.285
15.1292 , 37.265
15.1408 , 37.2483
15.1342 , 37.2233
15.1275 , 37.195
15.1042 , 37.185
15.0808 , 37.185
15.0458 , 37.205
15.0442 , 37.2533
15.0592 , 37.29
 1             77 
 1 
 -9999.0  ,   -9998.0
 14 
15.4992 , 38.245
15.4475 , 38.2417
15.3942 , 38.225
15.3592 , 38.215
15.3175 , 38.2067
15.3058 , 38.1833
15.3142 , 38.1683
15.3358 , 38.1567
15.3658 , 38.1567
15.4025 , 38.1633
15.4325 , 38.1767
15.4858 , 38.1933
15.5108 , 38.2067
15.5125 , 38.2333
 1             78 
 1 
 -9999.0  ,   -9998.0
 17 
15.035 , 37.2517
15.085 , 37.2533
15.14 , 37.2567
15.1867 , 37.245
15.1867 , 37.2333
15.1783 , 37.23
15.1583 , 37.22
15.1567 , 37.2033
15.1667 , 37.19
15.1817 , 37.1817
15.1917 , 37.1783
15.1867 , 37.155
15.1517 , 37.1367
15.105 , 37.12
15.0633 , 37.1417
15.0467 , 37.1933
15.0633 , 37.24
 1             79 
 1 
 -9999.0  ,   -9998.0
 32 
16.26 , 38.315
16.2283 , 38.3533
16.2 , 38.425
16.1633 , 38.5033
16.14 , 38.5867
16.16 , 38.6417
16.1967 , 38.6833
16.25 , 38.7433
16.2883 , 38.7933
16.3067 , 38.8633
16.3033 , 38.935
16.2683 , 38.9933
16.2467 , 39.0383
16.1983 , 39.0717
16.145 , 39.08
16.12 , 39.06
16.13 , 39.0183
16.17 , 38.9717
16.2183 , 38.935
16.2367 , 38.8567
16.2167 , 38.795
16.18 , 38.7333
16.1267 , 38.7117
16.0717 , 38.675
16.065 , 38.62
16.06 , 38.5517
16.0967 , 38.4733
16.1133 , 38.3867
16.1467 , 38.32
16.1483 , 38.26
16.21 , 38.2617
16.2583 , 38.2917
 1             80 
 1 
 -9999.0  ,   -9998.0
 30 
17.03 , 39.0833
17.0133 , 39.0417
16.9683 , 38.9983
16.91 , 38.98
16.8467 , 38.9783
16.7433 , 38.9767
16.6567 , 38.9767
16.5433 , 38.9767
16.4617 , 38.9783
16.3867 , 38.9783
16.3333 , 38.98
16.285 , 38.9833
16.24 , 38.9733
16.2183 , 38.95
16.2183 , 38.9217
16.2367 , 38.8917
16.3067 , 38.895
16.3867 , 38.9
16.4783 , 38.8967
16.5567 , 38.8883
16.64 , 38.905
16.7233 , 38.91
16.7967 , 38.91
16.8667 , 38.93
16.9367 , 38.9417
16.9933 , 38.9483
17.07 , 38.9733
17.1267 , 38.9817
17.13 , 39.0217
17.0767 , 39.0683
 1             81 
 2 
 -9998.0  ,   -9997.0
  -480.5  ,    -1.0
 50 
16.3967 , 38.8883
16.3959 , 38.9008
16.3936 , 38.9132
16.3897 , 38.9251
16.3843 , 38.9365
16.3776 , 38.9471
16.3696 , 38.9568
16.3604 , 38.9654
16.3503 , 38.9727
16.3393 , 38.9788
16.3276 , 38.9834
16.3154 , 38.9865
16.303 , 38.9881
16.2904 , 38.9881
16.278 , 38.9865
16.2658 , 38.9834
16.2541 , 38.9788
16.2325 , 38.968
16.2233 , 38.9595
16.2132 , 38.9521
16.2022 , 38.946
16.1905 , 38.9414
 16.193        38.93483 
 16.20128      38.93586 
 16.20811      38.93303 
 16.22011      38.91192 
 16.22247      38.90378 
 16.22317      38.88864 
 16.22408      38.85558 
16.22 , 38.8228
16.2238 , 38.8199
16.233 , 38.8113
16.2431 , 38.8039
16.2541 , 38.7978
16.2658 , 38.7932
16.278 , 38.7901
16.2904 , 38.7885
16.303 , 38.7885
16.3154 , 38.7901
16.3276 , 38.7932
16.3393 , 38.7978
16.3503 , 38.8039
16.3604 , 38.8113
16.3696 , 38.8199
16.3776 , 38.8295
16.3843 , 38.8401
16.3897 , 38.8515
16.3936 , 38.8634
16.3959 , 38.8758
16.3967 , 38.8883
 1             82 
 1 
 -9999.0  ,   -9998.0
 84 
15.4707 , 39.3828
15.4241 , 39.4552
15.3724 , 39.5638
15.3155 , 39.6724
15.2793 , 39.7707
15.2586 , 39.8897
15.2172 , 40.
15.1034 , 40.
15.1241 , 39.9362
15.1655 , 39.8793
15.2017 , 39.7655
15.2379 , 39.6569
15.269 , 39.5483
15.3155 , 39.4759
15.3466 , 39.3983
15.3983 , 39.3414
15.4259 , 39.3121
15.4776 , 39.2655
15.519 , 39.2035
15.5603 , 39.1414
15.6069 , 39.069
15.6276 , 38.9759
15.6534 , 38.8724
15.6483 , 38.7535
15.6534 , 38.619
15.6586 , 38.5052
15.6586 , 38.4172
15.6586 , 38.3293
15.669 , 38.2879
15.6586 , 38.2672
15.5966 , 38.2362
15.581 , 38.1845
15.5552 , 38.0966
15.55 , 37.9983
15.5519 , 37.9803
15.5475 , 37.9292
15.5231 , 37.8692
15.4475 , 37.7892
15.3831 , 37.7292
15.3186 , 37.6625
15.2653 , 37.6047
15.2142 , 37.5247
15.1942 , 37.4581
15.1942 , 37.3914
15.2119 , 37.3381
15.2431 , 37.2936
15.2697 , 37.2558
15.2919 , 37.2003
15.3097 , 37.1514
15.3031 , 37.1136
15.2697 , 37.1047
15.2364 , 37.0558
15.2608 , 37.0269
15.3031 , 37.0358
15.3608 , 37.0581
15.3831 , 37.0981
15.3875 , 37.1603
15.3853 , 37.2225
15.3475 , 37.2803
15.3053 , 37.3558
15.2897 , 37.4314
15.3319 , 37.5247
15.3853 , 37.5958
15.4497 , 37.6669
15.4964 , 37.7403
15.5631 , 37.8047
15.6008 , 37.8603
15.6297 , 37.9269
15.6297 , 37.9847
15.6276 , 37.9983
15.6069 , 38.0914
15.6172 , 38.1793
15.6224 , 38.231
15.6483 , 38.2569
15.7 , 38.2672
15.7207 , 38.35
15.7414 , 38.4845
15.7466 , 38.6086
15.7517 , 38.7431
15.7414 , 38.8569
15.7 , 39.0121
15.6379 , 39.1672
15.5655 , 39.281
15.4828 , 39.3638
 1             83 
 1 
 -9999.0  ,   -9998.0
 77
17.1959 , 40.
17.1942 , 39.9683
17.1992 , 39.8933
17.2192 , 39.8008
17.2417 , 39.7033
17.2467 , 39.6058
17.2567 , 39.5008
17.2592 , 39.3858
17.2617 , 39.2808
17.2642 , 39.1858
17.2617 , 39.1058
17.2617 , 39.0008
17.2567 , 38.9258
17.2522 , 38.8606
17.1433 , 38.6606
17.05 , 38.5183
16.9567 , 38.4494
16.7967 , 38.3628
16.6522 , 38.2983
16.55 , 38.2494
16.4078 , 38.2117
16.2989 , 38.1894
16.2091 , 38.1182
16.1834 , 38.0642
16.1731 , 38.
16.1269 , 37.9461
16.019 , 37.8999
15.9112 , 37.8947
15.8136 , 37.8999
15.7339 , 37.9127
15.6897 , 37.9259
15.6276 , 37.9983
15.6262 , 38.0135
15.6303 , 38.0383
15.6417 , 38.0621
15.6634 , 38.0735
15.6872 , 38.0859
15.6883 , 38.119
15.6717 , 38.1417
15.6366 , 38.1479
15.5952 , 38.1417
15.5693 , 38.1169
15.5507 , 38.0859
15.5414 , 38.0497
15.5414 , 38.0238
15.55 , 37.9983
15.6069 , 37.9052
15.6261 , 37.8844
15.7057 , 37.8511
15.793 , 37.8433
15.9086 , 37.8331
16.0242 , 37.8382
16.1064 , 37.8536
16.1886 , 37.9153
16.2348 , 37.9872
16.2553 , 38.0617
16.35 , 38.1228
16.4278 , 38.1517
16.5589 , 38.1917
16.6944 , 38.2517
16.8633 , 38.3317
17.0278 , 38.4072
17.1345 , 38.4828
17.3344 , 38.8428
17.3317 , 38.9258
17.3467 , 39.0158
17.3592 , 39.0933
17.3542 , 39.1883
17.3542 , 39.2833
17.3467 , 39.3933
17.3467 , 39.4908
17.3392 , 39.6083
17.3342 , 39.7183
17.3217 , 39.8158
17.3142 , 39.9008
17.3117 , 39.9758
17.3117 , 40.
 1             84 
 1 
 -9999.0  ,   -9998.0
 32  
15.3667 , 37.0072
15.3351 , 36.9385
15.3065 , 36.844
15.2664 , 36.7809
15.2206 , 36.6921
15.1547 , 36.6406
15.0773 , 36.632
15. , 36.632
15. , 36.5575
15.0945 , 36.5575
15.1862 , 36.5661
15.2979 , 36.6434
15.3552 , 36.7523
15.3924 , 36.8382
15.4211 , 36.9242
15.444 , 37.0072
15.4442 , 37.0308
15.4433 , 37.06
15.4325 , 37.0925
15.41 , 37.1092
15.3792 , 37.1117
15.3442 , 37.1117
15.315 , 37.1075
15.28 , 37.1042
15.26 , 37.0842
15.2517 , 37.0583
15.2692 , 37.0333
15.2942 , 37.03
15.325 , 37.0383
15.3492 , 37.0442
15.365 , 37.035
15.3675 , 37.0225
 1             85 
 1 
 -9999.0  ,   -9998.0
 10
15. , 37.0858
15.0617 , 37.0708
15.1283 , 37.0492
15.1883 , 37.0358
15.225 , 37.0358
15.25 , 37.0525
15.2583 , 37.0792
15.1833 , 37.0992
15.0783 , 37.1175
15. , 37.1525
 1             86 
 1 
 -9999.0  ,   -9998.0
 11
15. , 37.2125
15.0725 , 37.195
15.1525 , 37.17
15.1975 , 37.1575
15.215 , 37.135
15.24 , 37.1125
15.2525 , 37.1
15.2583 , 37.0792
15.1833 , 37.0992
15.0783 , 37.1175
15. , 37.1525
 1             87 
 3 
 -9998.0  ,   -9997.0
  -466.5  ,    -397.6
  -288.5  ,    -1.0
 8 
15	37.14410
15.105 , 37.1583
15.1233 , 37.1575
15.1433 , 37.155
15.1683 , 37.1508
15.1908 , 37.1483
15.2058 , 37.1525
15.21503	37.15228
 1             88 
 3 
 -9998.0  ,   -9997.0
  -466.5  ,    -397.6
  -288.5  ,    -1.0
  15
 15.0925       37.40225 
 15.08281      37.40856 
 15.0777       37.40439 
 15.07389      37.39786 
 15.06911      37.3985 
 15.06608      37.39889 
 15.06528      37.399 
 15.06525      37.399 
 15.05964      37.39972 
 15.05195      37.4007 
 15.04872      37.39942 
15.035 , 37.4
15.0217 , 37.4
15.01 , 37.3975
15. , 37.3975
 1             89 
 1 
 -9999.0  ,   -9998.0
 9
15. , 37.5417
15.0317 , 37.5433
15.065 , 37.5417
15.07 , 37.5367
15.0783 , 37.53
15.0783 , 37.51
15.0717 , 37.4767
15.045 , 37.47
15. , 37.4667
 1             90 
 1 
 -9999.0  ,   -9998.0
 30 
15.1942 , 37.3914
15.2119 , 37.3381
15.2431 , 37.2936
15.2697 , 37.2558
15.2919 , 37.2003
15.3097 , 37.1514
15.3031 , 37.1136
15.2697 , 37.1047
15.2364 , 37.0558
15.2608 , 37.0269
15.3031 , 37.0358
15.3608 , 37.0581
15.3831 , 37.0981
15.3875 , 37.1603
15.3853 , 37.2225
15.3475 , 37.2803
15.3053 , 37.3558
15.2897 , 37.4314
15.2783 , 37.4533
15.2583 , 37.4783
15.2233 , 37.5067
15.175 , 37.53
15.1317 , 37.5417
15.0967 , 37.5417
15.0833 , 37.5333
15.0717 , 37.5083
15.0783 , 37.48
15.1133 , 37.47
15.1517 , 37.4567
15.1883 , 37.4283
 1             91 
 1 
 -9999.0  ,   -9998.0
 14 
16.2333 , 39.8433
16.2517 , 39.8033
16.2933 , 39.77
16.3333 , 39.7583
16.385 , 39.7483
16.3983 , 39.7283
16.3867 , 39.6967
16.3533 , 39.68
16.2967 , 39.6767
16.245 , 39.6767
16.1933 , 39.6767
16.1417 , 39.6683
16.1233 , 39.73
16.1617 , 39.7967
 1             92 
 1 
 -9999.0  ,   -9998.0
 21
18.5625 , 40.
18.54 , 39.9308
18.5125 , 39.8358
18.4625 , 39.7558
18.3475 , 39.7183
18.1825 , 39.7183
18.0525 , 39.7708
17.935 , 39.8483
17.8425 , 39.9358
17.775 , 40.
17.7075 , 40.
17.7975 , 39.9083
17.8925 , 39.8108
18.0225 , 39.7358
18.1375 , 39.6808
18.2675 , 39.6633
18.37 , 39.6708
18.5225 , 39.7258
18.5875 , 39.8283
18.605 , 39.9258
18.6225 , 40.
 1             93 
 1 
 -9999.0  ,   -9998.0
 18
16.48 , 39.7508
16.5083 , 39.7658
16.5517 , 39.7908
16.605 , 39.8308
16.635 , 39.8642
16.6617 , 39.9175
16.6667 , 39.9675
16.6733 , 40.
16.7383 , 40.
16.7317 , 39.9642
16.7167 , 39.9075
16.7033 , 39.8542
16.675 , 39.8108
16.6233 , 39.7725
16.5767 , 39.7408
16.5317 , 39.7142
16.4983 , 39.7008
16.4683 , 39.7142
 1             94 
 2 
 -9998.0  ,   -9997.0
  -436.5  ,    -436.5
 27 
16.0335	39.34203
16.0475 , 39.3567
16.0842 , 39.3667
16.1375 , 39.385
16.1942 , 39.4
16.2375 , 39.4117
16.2858 , 39.4167
16.3375 , 39.4167
16.3825 , 39.4067
16.4075 , 39.3883
16.4325 , 39.365
16.4742 , 39.3433
16.5058 , 39.3333
16.5542 , 39.3317
16.5925 , 39.3483
16.6375 , 39.36
16.6675 , 39.38
16.6858 , 39.38
16.7075 , 39.3767
16.7175 , 39.355
16.7375 , 39.3533
16.7708 , 39.375
16.8075 , 39.4
16.8458 , 39.4217
16.8792 , 39.4533
16.9192 , 39.48
16.95356	39.5002
 1             95 
 1 
 -9999.0  ,   -9998.0
 10 
16.4025 , 39.8183
16.4408 , 39.8067
16.4575 , 39.7633
16.4675 , 39.72
16.4625 , 39.6733
16.4242 , 39.6433
16.3692 , 39.635
16.3042 , 39.68
16.2842 , 39.7517
16.3308 , 39.805
 1             96 
 1 
 -9999.0  ,   -9998.0
 16
15.0586 , 37.1508
15.0494 , 37.1792
15.0178 , 37.2208
15. , 37.2317
15. , 37.2617
15.0186 , 37.2692
15.0253 , 37.2892
15.0119 , 37.31
15.0153 , 37.3225
15.0411 , 37.3108
15.0611 , 37.2875
15.0744 , 37.2533
15.0911 , 37.2108
15.1028 , 37.1825
15.1244 , 37.1458
15.1028 , 37.1325
 1             97 
 1 
 -9999.0  ,   -9998.0
 26 
15.3031 , 37.0358
15.3608 , 37.0581
15.3831 , 37.0981
15.3875 , 37.1603
15.3853 , 37.2225
15.3475 , 37.2803
15.3053 , 37.3558
15.2753 , 37.38
15.2353 , 37.4
15.1853 , 37.4067
15.1303 , 37.3933
15.0819 , 37.3867
15.0769 , 37.345
15.0969 , 37.325
15.1286 , 37.3233
15.1586 , 37.3333
15.1886 , 37.3433
15.2119 , 37.3381
15.2431 , 37.2936
15.2697 , 37.2558
15.2919 , 37.2003
15.3097 , 37.1514
15.3031 , 37.1136
15.2697 , 37.1047
15.2364 , 37.0558
15.2608 , 37.0269
 1             98 
 1 
 -9999.0  ,   -9998.0
 16  
15. , 36.5575
15.0945 , 36.5575
15.1862 , 36.5661
15.2979 , 36.6434
15.3552 , 36.7523
15.3924 , 36.8382
15.4211 , 36.9242
15.444 , 37.0072
15.3667 , 37.0072
15.3351 , 36.9385
15.3065 , 36.844
15.2664 , 36.7809
15.2206 , 36.6921
15.1547 , 36.6406
15.0773 , 36.632
15. , 36.632
 1             99 
 1 
 -9999.0  ,   -9998.0
 38 
15.55 , 37.9983
15.5519 , 37.9803
15.5475 , 37.9292
15.5231 , 37.8692
15.4475 , 37.7892
15.3831 , 37.7292
15.3186 , 37.6625
15.2653 , 37.6047
15.2142 , 37.5247
15.2116 , 37.4945
15.2199 , 37.4545
15.2749 , 37.4278
15.3349 , 37.3745
15.3699 , 37.3112
15.4116 , 37.2445
15.4183 , 37.1695
15.4049 , 37.1112
15.3766 , 37.0378
15.3667 , 37.0072
15.444 , 37.0072
15.4433 , 37.0378
15.4733 , 37.1078
15.4833 , 37.1728
15.4799 , 37.2595
15.4616 , 37.3012
15.4166 , 37.3595
15.3766 , 37.4195
15.3349 , 37.4578
15.3199 , 37.4945
15.3319 , 37.5247
15.3853 , 37.5958
15.4497 , 37.6669
15.4964 , 37.7403
15.5631 , 37.8047
15.6008 , 37.8603
15.6297 , 37.9269
15.6297 , 37.9847
15.6276 , 37.9983
 1             100 
 1 
 -9999.0  ,   -9998.0
 48 
15.6069 , 38.0914
15.6172 , 38.1793
15.6224 , 38.231
15.6710 , 38.2455
15.7 , 38.2672
15.7033 , 38.2825
15.6983 , 38.3067
15.6617 , 38.3317
15.6058 , 38.3642
15.565 , 38.3833
15.52 , 38.4025
15.46 , 38.4158
15.4017 , 38.4183
15.3367 , 38.4192
15.2825 , 38.4175
15.2258 , 38.4108
15.1983 , 38.417
15.1624 , 38.4278
15.1324 , 38.4578
15.0974 , 38.4912
15.0516 , 38.527
15.0274 , 38.5495
15. , 38.5662
15. , 38.4787
15.0091 , 38.4603
15.0124 , 38.437
15.0141 , 38.4012
15.0241 , 38.3828
15.0508 , 38.3712
15.1033 , 38.3628
15.1508 , 38.3595
15.1958 , 38.3537
15.2258 , 38.3483
15.2733 , 38.3475
15.3367 , 38.3533
15.4067 , 38.3517
15.4708 , 38.3533
15.5275 , 38.3467
15.5775 , 38.3292
15.6167 , 38.3158
15.6417 , 38.3108
15.6608 , 38.3017
15.669 , 38.2879
15.6586 , 38.2672
15.5966 , 38.2362
15.581 , 38.1845
15.5552 , 38.0966
15.55 , 37.9983
 1             101 
 1 
 -9999.0  ,   -9998.0
 40 
17.2621 , 37.3569
17.1276 , 37.3879
16.9517 , 37.4293
16.7655 , 37.4655
16.5586 , 37.5276
16.3724 , 37.5948
16.1759 , 37.6776
15.9793 , 37.7604
15.8293 , 37.8224
15.6897 , 37.9259
15.6276 , 37.9983
15.616 , 38.0366
15.6035 , 38.09
15.5969 , 38.1408
15.596 , 38.1875
15.5835 , 38.2175
15.5544 , 38.225
15.5227 , 38.2108
15.5202 , 38.1841
15.531 , 38.1508
15.536 , 38.1283
15.5377 , 38.0866
15.5394 , 38.0508
15.5414 , 38.0238
15.55 , 37.9983
15.6069 , 37.9052
15.6845 , 37.8172
15.7776 , 37.7604
15.9276 , 37.6983
16.0776 , 37.6414
16.2379 , 37.569
16.3776 , 37.5172
16.4966 , 37.4604
16.6103 , 37.4397
16.719 , 37.3983
16.8741 , 37.3672
17.0293 , 37.3362
17.1885 , 37.2889
17.2103 , 37.3052
17.2517 , 37.331
 1             102 
 1 
 -9999.0  ,   -9998.0
 21 
16.23 , 38.2058
16.2475 , 38.1533
16.2375 , 38.0783
16.205 , 38.0133
16.16 , 37.9333
16.065 , 37.8983
15.9475 , 37.8883
15.84 , 37.8783
15.71 , 37.8958
15.745 , 37.8158
15.845 , 37.8108
15.96 , 37.8208
16.0975 , 37.8358
16.17 , 37.8533
16.235 , 37.9158
16.265 , 38.0008
16.3025 , 38.0683
16.32 , 38.1458
16.3225 , 38.2183
16.29 , 38.2658
16.2575 , 38.2308
 1             103 
 1 
 -9999.0  ,   -9998.0
 34 
15.6069 , 38.0914
15.6172 , 38.1793
15.6224 , 38.231
15.6710 , 38.2455
15.7 , 38.2672
15.7033 , 38.2825
15.6983 , 38.3067
15.6617 , 38.3317
15.6058 , 38.3642
15.565 , 38.3833
15.52 , 38.4025
15.46 , 38.4158
15.4017 , 38.4183
15.3367 , 38.4192
15.2825 , 38.4175
15.2258 , 38.4108
15. , 38.3317
15. , 38.2464
15.2258 , 38.3483
15.2733 , 38.3475
15.3367 , 38.3533
15.4067 , 38.3517
15.4708 , 38.3533
15.5275 , 38.3467
15.5775 , 38.3292
15.6167 , 38.3158
15.6417 , 38.3108
15.6608 , 38.3017
15.669 , 38.2879
15.6586 , 38.2672
15.5966 , 38.2362
15.581 , 38.1845
15.5552 , 38.0966
15.55 , 37.9983
 1             104 
 1 
 -9999.0  ,   -9998.0
 10
20. , 39.5029
19.9753 , 39.5112
19.9395 , 39.5246
19.9245 , 39.5446
19.9161 , 39.5662
19.9228 , 39.5862
19.9395 , 39.5946
19.962 , 39.5954
19.9803 , 39.5879
20. , 39.5671
 1             105 
 1 
 -9999.0  ,   -9998.0
 54 
15.4475 , 37.7892
15.3831 , 37.7292
15.3186 , 37.6625
15.2653 , 37.6047
15.2142 , 37.5247
15.1942 , 37.4581
15.1942 , 37.3914
15.2119 , 37.3381
15.2431 , 37.2936
15.2697 , 37.2558
15.2919 , 37.2003
15.3097 , 37.1514
15.3031 , 37.1136
15.2697 , 37.1047
15.2364 , 37.0558
15.2608 , 37.0269
15.3031 , 37.0358
15.3608 , 37.0581
15.3831 , 37.0981
15.3875 , 37.1603
15.3853 , 37.2225
15.3475 , 37.2803
15.3053 , 37.3558
15.2897 , 37.4314
15.3319 , 37.5247
15.3853 , 37.5958
15.4497 , 37.6669
15.4964 , 37.7403
15.5631 , 37.8047
15.5636 , 37.8245
15.5694 , 37.8512
15.5602 , 37.897
15.5461 , 37.9437
15.5369 , 38.0062
15.5327 , 38.0312
15.5394 , 38.0645
15.5427 , 38.1012
15.5544 , 38.137
15.5594 , 38.1628
15.5694 , 38.1803
15.5794 , 38.1953
15.5677 , 38.222
15.5361 , 38.2153
15.5052 , 38.1903
15.4927 , 38.1537
15.4894 , 38.1162
15.4827 , 38.0687
15.4736 , 38.0278
15.4677 , 37.977
15.4644 , 37.9395
15.4669 , 37.9053
15.4702 , 37.8745
15.4686 , 37.842
15.4611 , 37.8112
 1             106 
 1 
 -9999.0  ,   -9998.0
 21 
16.1444 , 38.2045
16.0977 , 38.2178
16.0261 , 38.2345
15.9511 , 38.2428
15.8977 , 38.2312
15.8427 , 38.2028
15.8111 , 38.1762
15.7761 , 38.1628
15.7461 , 38.1612
15.7177 , 38.1745
15.7511 , 38.2245
15.7661 , 38.2478
15.8177 , 38.3045
15.8744 , 38.3278
15.9311 , 38.3628
15.9977 , 38.3512
16.0777 , 38.3228
16.1511 , 38.3178
16.2211 , 38.3212
16.2211 , 38.2828
16.1877 , 38.2178
 1             107 
 1 
 -9999.0  ,   -9998.0
 11 
15.5277 , 38.1445
15.5794 , 38.1562
15.6377 , 38.1878
15.7011 , 38.1945
15.7211 , 38.1828
15.7794 , 38.2678
15.7677 , 38.3062
15.7111 , 38.3095
15.6527 , 38.3112
15.6027 , 38.2795
15.5544 , 38.2378
 1             108 
 1 
 -9999.0  ,   -9998.0
 17 
15.6294 , 38.0928
15.5777 , 38.1095
15.5711 , 38.1545
15.5911 , 38.1995
15.6027 , 38.2345
15.6244 , 38.2512
15.6544 , 38.2628
15.6611 , 38.2845
15.6911 , 38.3045
15.7244 , 38.3112
15.7394 , 38.2978
15.7227 , 38.2712
15.7144 , 38.2595
15.6994 , 38.2078
15.6627 , 38.1378
15.6477 , 38.0945
15.6161 , 38.0845
 1             109 
 2 
 -9998.0  ,   -9997.0
  -430.5  ,    -1.0
 16 
17.14647	39.21839
17.1225 , 39.2125
17.0792 , 39.1958
17.0425 , 39.1642
17.0342 , 39.1142
17.0225 , 39.0658
16.9958 , 39.0175
16.9575 , 38.9875
16.8658 , 38.9708
16.7858 , 38.9642
16.7025 , 38.9575
16.6092 , 38.9525
16.5008 , 38.9092
16.4658 , 38.8525
16.4658 , 38.8008
 16.4675	38.7433
 1             110 
 1 
 -9999.0  ,   -9998.0
 73
20. , 39.3599
19.8535 , 39.3349
19.5935 , 39.3299
19.2585 , 39.3149
18.9635 , 39.3249
18.6535 , 39.3149
18.4835 , 39.3149
18.1935 , 39.3149
17.8985 , 39.2549
17.6035 , 39.2149
17.3335 , 39.1549
17.1985 , 39.1149
17.2035 , 39.0649
17.2035 , 38.9899
17.1035 , 38.9099
16.9485 , 38.8949
16.7835 , 38.8599
16.6585 , 38.7999
16.5685 , 38.6899
16.6035 , 38.5399
16.5885 , 38.4349
16.4735 , 38.3149
16.3185 , 38.2749
16.2285 , 38.1899
16.1935 , 38.0899
16.1335 , 37.9849
16.0585 , 37.9199
15.8635 , 37.9049
15.6885 , 37.9249
15.6235 , 38.0099
15.6285 , 38.0849
15.5735 , 38.1199
15.5035 , 38.0499
15.4185 , 37.8799
15.3235 , 37.7549
15.2485 , 37.5949
15.1635 , 37.5449
15.1085 , 37.5799
15.0435 , 37.5599
15.0335 , 37.4949
15.0985 , 37.4449
15.2235 , 37.4599
15.3485 , 37.5649
15.4185 , 37.6949
15.5035 , 37.8299
15.5535 , 37.9349
15.6435 , 37.8399
15.8335 , 37.7899
16.0635 , 37.8349
16.2235 , 37.8999
16.2835 , 38.0249
16.3535 , 38.1499
16.5185 , 38.2549
16.6685 , 38.3649
16.7285 , 38.5449
16.6935 , 38.6649
16.7335 , 38.7399
16.8335 , 38.7749
16.9735 , 38.8249
17.1035 , 38.8199
17.2285 , 38.8549
17.3085 , 38.9699
17.3785 , 39.0449
17.6335 , 39.1049
17.9135 , 39.1449
18.2135 , 39.2099
18.4785 , 39.2099
18.6835 , 39.1999
18.9735 , 39.2249
19.2685 , 39.2099
19.6135 , 39.2399
19.8535 , 39.2349
20. , 39.2699
 1             111 
 1 
 -9999.0  ,   -9998.0
 29
15.2199 , 37.4545
15.2749 , 37.4278
15.3349 , 37.3745
15.3699 , 37.3112
15.4116 , 37.2445
15.4183 , 37.1695
15.4049 , 37.1112
15.3766 , 37.0378
15.3667 , 37.0072
15.444 , 37.0072
15.4433 , 37.0378
15.4733 , 37.1078
15.4833 , 37.1728
15.4799 , 37.2595
15.4616 , 37.3012
15.4166 , 37.3595
15.3766 , 37.4195
15.3349 , 37.4578
15.2992 , 37.4842
15.2525 , 37.5017
15.2033 , 37.5175
15.1525 , 37.5308
15.1058 , 37.5467
15.0658 , 37.5408
15.0442 , 37.5075
15.0592 , 37.48
15.1042 , 37.4758
15.1425 , 37.475
15.19 , 37.4633
 1             112 
 1 
 -9999.0  ,   -9998.0
 47
15.5035 , 38.0499
15.4185 , 37.8799
15.3235 , 37.7549
15.2485 , 37.5949
15.1635 , 37.5449
15.1085 , 37.5799
15.0435 , 37.5599
15.0335 , 37.4949
15.0985 , 37.4449
15.2235 , 37.4599
15.3485 , 37.5649
15.4185 , 37.6949
15.5035 , 37.8299
15.5535 , 37.9349
15.6069 , 38.0914
15.6172 , 38.1793
15.6224 , 38.231
15.6710 , 38.2455
15.7 , 38.2672
15.7033 , 38.2825
15.6983 , 38.3067
15.6617 , 38.3317
15.6058 , 38.3642
15.565 , 38.3833
15.52 , 38.4025
15.46 , 38.4158
15.4017 , 38.4183
15.3367 , 38.4192
15.2825 , 38.4175
15.2258 , 38.4108
15. , 38.3317
15. , 38.2464
15.2258 , 38.3483
15.2733 , 38.3475
15.3367 , 38.3533
15.4067 , 38.3517
15.4708 , 38.3533
15.5275 , 38.3467
15.5775 , 38.3292
15.6167 , 38.3158
15.6417 , 38.3108
15.6608 , 38.3017
15.669 , 38.2879
15.6586 , 38.2672
15.5966 , 38.2362
15.581 , 38.1845
15.5552 , 38.0966
 1             113 
 1 
 -9999.0  ,   -9998.0
 10 
15.0233 , 37.3817
15.0183 , 37.4267
15.0233 , 37.465
15.0483 , 37.4767
15.0767 , 37.4717
15.08 , 37.44
15.08 , 37.4083
15.08 , 37.375
15.0583 , 37.3567
15.0283 , 37.3717
 1             114 
 1 
 -9999.0  ,   -9998.0
 37
15.0592 , 37.48
15.1042 , 37.4758
15.1425 , 37.475
15.19 , 37.4633
15.2199 , 37.4545
15.2749 , 37.4278
15.3349 , 37.3745
15.3699 , 37.3112
15.4116 , 37.2445
15.4183 , 37.1695
15.4142 , 37.151
15.4029 , 37.1164
15.3542 , 37.0826
15.3129 , 37.0582
15.282 , 37.0451
15.2548 , 37.0432
15.251 , 37.0273
15.2567 , 37.0095
15.2904 , 36.9954
15.3298 , 36.9907
15.3767 , 36.9973
15.4085 , 37.0357
15.4554 , 37.0957
15.4751 , 37.1464
15.4833 , 37.1728
15.4799 , 37.2595
15.4616 , 37.3012
15.4166 , 37.3595
15.3766 , 37.4195
15.3349 , 37.4578
15.2992 , 37.4842
15.2525 , 37.5017
15.2033 , 37.5175
15.1525 , 37.5308
15.1058 , 37.5467
15.0658 , 37.5408
15.0442 , 37.5075
 1             115 
 1 
 -9999.0  ,   -9998.0
 32 
15.0683 , 37.4658
15.14 , 37.4708
15.205 , 37.4842
15.3 , 37.5308
15.3733 , 37.5908
15.455 , 37.6708
15.5167 , 37.7625
15.57 , 37.8625
15.605 , 37.9575
15.61 , 38.0558
15.6033 , 38.1325
15.6167 , 38.1942
15.6 , 38.1975
15.5767 , 38.1842
15.5467 , 38.1492
15.5333 , 38.0825
15.5367 , 37.9925
15.4917 , 37.9358
15.4233 , 37.8475
15.34 , 37.8375
15.28 , 37.8675
15.21 , 37.8342
15.225 , 37.7925
15.28 , 37.7708
15.3517 , 37.7675
15.4183 , 37.7658
15.3867 , 37.7075
15.3033 , 37.6308
15.22 , 37.5775
15.145 , 37.5558
15.0967 , 37.5575
15.0467 , 37.5208
 1             116 
 1 
 -9999.0  ,   -9998.0
 24 
15.2883 , 37.0975
15.24 , 37.1092
15.19 , 37.1492
15.1667 , 37.2058
15.14 , 37.2642
15.0967 , 37.2958
15.0817 , 37.3442
15.08 , 37.3875
15.085 , 37.4475
15.0833 , 37.4808
15.1083 , 37.5125
15.0983 , 37.5375
15.0483 , 37.5442
15.0233 , 37.5192
15.0117 , 37.4675
15.015 , 37.4192
15.02 , 37.3708
15.0217 , 37.3192
15.0433 , 37.2592
15.0583 , 37.2025
15.1033 , 37.1558
15.1417 , 37.0892
15.2167 , 37.0525
15.255 , 37.0425
 1             117 
 1 
 -9999.0  ,   -9998.0
 29 
15.2733 , 37.8708
15.3133 , 37.8508
15.3583 , 37.8158
15.37 , 37.7542
15.385 , 37.6892
15.39 , 37.6258
15.385 , 37.5425
15.3883 , 37.4658
15.38 , 37.3908
15.3733 , 37.3175
15.3667 , 37.2508
15.3417 , 37.1908
15.3 , 37.1508
15.25 , 37.1342
15.205 , 37.1192
15.1817 , 37.1425
15.19 , 37.1725
15.2267 , 37.1958
15.2683 , 37.2375
15.2967 , 37.3258
15.3067 , 37.4108
15.315 , 37.4858
15.3167 , 37.5675
15.3083 , 37.6342
15.3133 , 37.6925
15.3 , 37.7558
15.26 , 37.7875
15.2167 , 37.8058
15.23 , 37.8575
 1             118 
 1 
 -9999.0  ,   -9998.0
 13 
15.2217 , 37.1358
15.2275 , 37.1242
15.2392 , 37.1133
15.2542 , 37.1075
15.2642 , 37.105
15.2642 , 37.0942
15.2533 , 37.0775
15.2317 , 37.0725
15.2067 , 37.0842
15.1842 , 37.1108
15.175 , 37.1392
15.1942 , 37.1608
15.2133 , 37.1508
 1             119 
 1 
 -9999.0  ,   -9998.0
 24 
15.2158 , 37.1008
15.2058 , 37.08
15.2067 , 37.0592
15.2208 , 37.045
15.2258 , 37.0325
15.2492 , 37.0192
15.2683 , 37.0108
15.28 , 37.0108
15.2875 , 37.0083
15.2983 , 37.0133
15.3067 , 37.0167
15.3167 , 37.0108
15.335 , 37.0083
15.3267 , 37.02
15.3192 , 37.0358
15.3067 , 37.0417
15.2883 , 37.0367
15.27 , 37.05
15.2567 , 37.06
15.2533 , 37.0792
15.2642 , 37.0933
15.2642 , 37.1058
15.2467 , 37.1142
15.225 , 37.115
 1             120 
 1 
 -9999.0  ,   -9998.0
 19 
15.2567 , 37.1667
15.2858 , 37.1667
15.325 , 37.1525
15.3475 , 37.1283
15.3575 , 37.0892
15.35 , 37.0642
15.33 , 37.0483
15.31 , 37.0458
15.295 , 37.0408
15.2842 , 37.0508
15.2942 , 37.0567
15.3058 , 37.0625
15.31 , 37.0875
15.2975 , 37.1158
15.2708 , 37.1233
15.2383 , 37.1292
15.2125 , 37.1333
15.2133 , 37.1625
15.2317 , 37.1708
 1             121 
 1 
 -9999.0  ,   -9998.0
 53
17.1959 , 40.
17.1942 , 39.9683
17.1992 , 39.8933
17.2192 , 39.8008
17.2417 , 39.7033
17.2467 , 39.6058
17.2567 , 39.5008
17.2592 , 39.3858
17.2617 , 39.2808
17.2642 , 39.1858
17.2617 , 39.1058
17.2617 , 39.0008
17.2567 , 38.9258
17.2522 , 38.8606
17.1433 , 38.6606
17.05 , 38.5183
16.9567 , 38.4494
16.7967 , 38.3628
16.6522 , 38.2983
16.55 , 38.2494
16.4078 , 38.2117
16.39 , 38.2158
16.3592 , 38.2192
16.3158 , 38.2308
16.2917 , 38.2417
16.2683 , 38.2442
16.2442 , 38.2308
16.2292 , 38.2133
16.2317 , 38.1933
16.2483 , 38.1708
16.2942 , 38.1617
16.3458 , 38.1525
16.3992 , 38.155
16.4278 , 38.1517
16.5589 , 38.1917
16.6944 , 38.2517
16.8633 , 38.3317
17.0278 , 38.4072
17.1345 , 38.4828
17.3344 , 38.8428
17.3317 , 38.9258
17.3467 , 39.0158
17.3592 , 39.0933
17.3542 , 39.1883
17.3542 , 39.2833
17.3467 , 39.3933
17.3467 , 39.4908
17.3392 , 39.6083
17.3342 , 39.7183
17.3217 , 39.8158
17.3142 , 39.9008
17.3117 , 39.9758
17.3117 , 40.
 1             122 
 1 
 -9999.0  ,   -9998.0
 22 
17.1959 , 40.
17.1875 , 39.975
17.1608 , 39.94
17.0475 , 39.8967
16.9342 , 39.8667
16.8442 , 39.8417
16.7308 , 39.8183
16.6308 , 39.7917
16.5408 , 39.7767
16.5008 , 39.76
16.5092 , 39.7467
16.5242 , 39.725
16.5442 , 39.695
16.6458 , 39.7167
16.7625 , 39.7567
16.8858 , 39.7817
16.9675 , 39.81
17.0825 , 39.8483
17.1925 , 39.8833
17.2692 , 39.9283
17.3125 , 39.97
17.3117 , 40.
 1             123 
 1 
 -9999.0  ,   -9998.0
 59 
16.2142 , 38.2569
16.1988 , 38.2286
16.2194 , 38.1926
16.2271 , 38.167
16.2091 , 38.1182
16.1834 , 38.0642
16.1731 , 38.
16.1269 , 37.9461
16.019 , 37.8999
15.9112 , 37.8947
15.8136 , 37.8999
15.7339 , 37.9127
15.6897 , 37.9259
15.6276 , 37.9983
15.6069 , 38.0914
15.6172 , 38.1793
15.6224 , 38.231
15.6483 , 38.2569
15.7 , 38.2672
15.7086 , 38.2722
15.7034 , 38.2981
15.6828 , 38.3162
15.6362 , 38.3472
15.5379 , 38.3964
15.4526 , 38.4145
15.2974 , 38.4171
15.1914 , 38.4041
15.0672 , 38.355
15. , 38.3317
15. , 38.2464
15.0569 , 38.2722
15.15 , 38.3059
15.2431 , 38.3317
15.344 , 38.3472
15.4526 , 38.3472
15.5379 , 38.3369
15.6078 , 38.3033
15.6466 , 38.28
15.6586 , 38.2672
15.5966 , 38.2362
15.581 , 38.1845
15.5552 , 38.0966
15.55 , 37.9983
15.6069 , 37.9052
15.6261 , 37.8844
15.7057 , 37.8511
15.793 , 37.8433
15.9086 , 37.8331
16.0242 , 37.8382
16.1064 , 37.8536
16.1886 , 37.9153
16.2348 , 37.9872
16.2553 , 38.0617
16.2861 , 38.1207
16.3016 , 38.1875
16.3016 , 38.2235
16.3016 , 38.2492
16.2656 , 38.2748
16.2322 , 38.2851
 1             124 
 1 
 -9999.0  ,   -9998.0
 22  
15. , 36.5575
15.0945 , 36.5575
15.1862 , 36.5661
15.2979 , 36.6434
15.3552 , 36.7523
15.3924 , 36.8382
15.4211 , 36.9242
15.444 , 37.0072
15.444 , 37.0817
15.4308 , 37.1008
15.3992 , 37.115
15.3733 , 37.0942
15.36 , 37.0667
15.3617 , 37.0392
15.3667 , 37.0072
15.3351 , 36.9385
15.3065 , 36.844
15.2664 , 36.7809
15.2206 , 36.6921
15.1547 , 36.6406
15.0773 , 36.632
15. , 36.632
 1             125 
 1 
 -9999.0  ,   -9998.0
 15 
15.2883 , 37.0342
15.2783 , 37.0475
15.2758 , 37.055
15.2825 , 37.0633
15.2967 , 37.075
15.3017 , 37.0867
15.2983 , 37.1008
15.295 , 37.1083
15.2792 , 37.11
15.2667 , 37.1067
15.2667 , 37.0942
15.2558 , 37.0825
15.2583 , 37.0617
15.2558 , 37.05
15.2687 , 37.0341
 1             126 
 1 
 -9999.0  ,   -9998.0
 19 
15.34 , 37.0117
15.3267 , 37.0283
15.3217 , 37.0417
15.3333 , 37.045
15.35 , 37.06
15.3608 , 37.0917
15.3533 , 37.1283
15.3292 , 37.1558
15.2883 , 37.175
15.2658 , 37.1908
15.2867 , 37.2225
15.3242 , 37.225
15.3642 , 37.21
15.3992 , 37.1833
15.4267 , 37.135
15.4375 , 37.09
15.4325 , 37.0383
15.405 , 37.0167
15.3708 , 37.0083
 1             127 
 1 
 -9999.0  ,   -9998.0
 52 
17.2653 , 37.3519
17.178 , 37.3596
17.0727 , 37.3571
16.9212 , 37.3571
16.7825 , 37.3519
16.6541 , 37.3468
16.5462 , 37.3416
16.3638 , 37.3262
16.1969 , 37.316
16.0659 , 37.3083
15.9067 , 37.2903
15.7577 , 37.2697
15.6113 , 37.2595
15.5009 , 37.2441
15.4663 , 37.2482
15.4222 , 37.2532
15.3697 , 37.2598
15.3147 , 37.2665
15.2713 , 37.2507
15.2563 , 37.2382
15.2313 , 37.2157
15.2155 , 37.1832
15.213 , 37.1632
15.213 , 37.1357
15.2363 , 37.1348
15.2572 , 37.1515
15.2638 , 37.1782
15.2605 , 37.1898
15.2713 , 37.2098
15.2838 , 37.2257
15.3188 , 37.2365
15.3722 , 37.2207
15.4088 , 37.1932
15.4538 , 37.1782
15.488 , 37.1748
15.5137 , 37.1747
15.6267 , 37.1798
15.768 , 37.1978
15.9169 , 37.2235
16.071 , 37.2312
16.1995 , 37.2466
16.3715 , 37.2569
16.5436 , 37.2697
16.6566 , 37.2774
16.7902 , 37.2877
16.9186 , 37.2954
17.0342 , 37.2928
17.1189 , 37.2903
17.1883 , 37.2826
17.2319 , 37.2826
17.2525 , 37.3031
17.2371 , 37.3391
 1             128 
 1 
 -9999.0  ,   -9998.0
 52 
15.213 , 37.1357
15.2363 , 37.1348
15.2572 , 37.1515
15.2638 , 37.1782
15.2605 , 37.1898
15.2713 , 37.2098
15.2838 , 37.2257
15.3188 , 37.2365
15.3705 , 37.2307
15.4855 , 37.2457
15.6905 , 37.2807
15.9755 , 37.3457
16.2205 , 37.4057
16.5005 , 37.5157
16.7905 , 37.6057
17.1305 , 37.7357
17.4305 , 37.8557
17.7005 , 37.9557
17.9955 , 38.0657
18.3305 , 38.1907
18.6105 , 38.3457
18.9005 , 38.5107
19.2255 , 38.7407
19.4755 , 38.8607
19.6555 , 38.9957
19.9005 , 39.1507
20. , 39.1973
20. , 39.2904
19.8955 , 39.2507
19.7405 , 39.1057
19.6205 , 39.0707
19.4405 , 38.9357
19.1805 , 38.8257
18.8655 , 38.6007
18.5505 , 38.4307
18.2755 , 38.2907
17.9455 , 38.1407
17.6705 , 38.0557
17.3955 , 37.9457
17.0805 , 37.8057
16.7555 , 37.6957
16.4955 , 37.5857
16.1955 , 37.4857
15.9705 , 37.4107
15.6755 , 37.3707
15.4755 , 37.3307
15.3147 , 37.2665
15.2713 , 37.2507
15.2563 , 37.2382
15.2313 , 37.2157
15.2155 , 37.1832
15.213 , 37.1632
 1             129 
 1 
 -9999.0  ,   -9998.0
 34 
20. , 36.4038
19.8634 , 36.4306
19.5551 , 36.4639
19.1467 , 36.4931
18.7759 , 36.5389
18.3592 , 36.5889
18.0176 , 36.6264
17.6801 , 36.6681
17.3676 , 36.7139
17.0426 , 36.7764
16.6759 , 36.8347
16.3259 , 36.8722
15.9842 , 36.9389
15.6592 , 36.9972
15.4926 , 37.0597
15.4342 , 37.0931
15.3717 , 37.0847
15.3467 , 37.0431
15.3759 , 36.9806
15.4926 , 36.9181
15.6676 , 36.8597
15.9801 , 36.8306
16.3176 , 36.7681
16.6801 , 36.7181
17.0259 , 36.6764
17.3592 , 36.6181
17.6842 , 36.5764
18.0217 , 36.5264
18.3592 , 36.4889
18.7759 , 36.4514
19.1467 , 36.4097
19.5592 , 36.3931
19.8592 , 36.3556
20. , 36.3169
 1             130 
 1 
 -9999.0  ,   -9998.0
 45 
18.6241 , 37.6069
18.5155 , 37.5759
18.3914 , 37.5448
18.2362 , 37.5241
18.0655 , 37.4983
17.8845 , 37.4724
17.7034 , 37.4466
17.5328 , 37.4207
17.3724 , 37.4
17.2121 , 37.3793
17.031 , 37.3535
16.8707 , 37.3328
16.6845 , 37.3017
16.5086 , 37.281
16.3121 , 37.25
16.1362 , 37.2241
15.9448 , 37.1931
15.7586 , 37.1621
15.5931 , 37.1466
15.469 , 37.1414
15.35 , 37.131
15.3707 , 37.0483
15.4845 , 37.0638
15.6293 , 37.0741
15.7741 , 37.1
15.9603 , 37.131
16.1569 , 37.1569
16.3328 , 37.1828
16.5397 , 37.2086
16.7103 , 37.2293
16.9017 , 37.2552
17.0621 , 37.2914
17.2224 , 37.3224
17.3983 , 37.3379
17.5534 , 37.3535
17.719 , 37.3845
17.9103 , 37.4052
18.0966 , 37.431
18.0966 , 37.431
18.2672 , 37.4517
18.4224 , 37.4879
18.5569 , 37.519
18.6603 , 37.5397
18.681 , 37.5759
18.6448 , 37.6017
 1             131 
 1 
 -9999.0  ,   -9998.0
 26 
20. , 39.2904
19.9365 , 39.2916
19.8065 , 39.2966
19.614 , 39.3216
19.4165 , 39.3791
19.1765 , 39.4366
18.9215 , 39.5191
18.649 , 39.6141
18.394 , 39.6791
18.204 , 39.7541
18.0015 , 39.8891
17.9265 , 39.9541
17.874 , 40.
17.764 , 40.
17.8315 , 39.9191
17.9365 , 39.8166
18.184 , 39.6616
18.3515 , 39.6016
18.6165 , 39.5366
18.889 , 39.4441
19.154 , 39.3541
19.404 , 39.2891
19.6065 , 39.2291
19.8165 , 39.1991
19.9415 , 39.1991
20. , 39.1973
 1             132 
 1 
 -9999.0  ,   -9998.0
 78
16.7917 , 40.
16.7875 , 39.9458
16.7667 , 39.8458
16.7208 , 39.7708
16.7958 , 39.75
16.9292 , 39.7
17.0417 , 39.6583
17.1583 , 39.5833
17.2625 , 39.5042
17.2875 , 39.3917
17.2833 , 39.2667
17.2542 , 39.1625
17.2549 , 39.12
17.3174 , 39.0408
17.3007 , 38.945
17.1382 , 38.8325
16.9507 , 38.7825
16.759 , 38.7408
16.684 , 38.6533
16.684 , 38.5241
16.684 , 38.37
16.634 , 38.2575
16.459 , 38.1658
16.334 , 38.1241
16.2507 , 37.9616
16.1049 , 37.8533
15.9215 , 37.8408
15.7257 , 37.8283
15.5924 , 37.9075
15.584 , 37.9575
15.5007 , 37.8575
15.4007 , 37.7575
15.2757 , 37.7741
15.1924 , 37.8158
15.234 , 37.9158
15.3757 , 37.9116
15.4632 , 37.9991
15.534 , 38.0825
15.6215 , 38.0866
15.6757 , 38.0575
15.6924 , 37.9866
15.7257 , 37.9325
15.9257 , 37.92
16.1007 , 37.9241
16.1507 , 38.0158
16.2424 , 38.1783
16.3757 , 38.2491
16.5174 , 38.3158
16.5757 , 38.3908
16.6007 , 38.4658
16.6007 , 38.5491
16.5924 , 38.6741
16.634 , 38.7991
16.759 , 38.8491
16.9007 , 38.8825
17.0507 , 38.9075
17.1215 , 38.8908
17.2049 , 38.9575
17.234 , 39.0408
17.234 , 39.0408
17.1674 , 39.1158
17.159 , 39.1908
17.1875 , 39.2458
17.2042 , 39.3875
17.1667 , 39.4667
17.1042 , 39.525
16.9917 , 39.5875
16.9042 , 39.625
16.8 , 39.6708
16.6625 , 39.6833
16.475 , 39.675
16.4417 , 39.7167
16.4625 , 39.775
16.5292 , 39.775
16.625 , 39.775
16.6792 , 39.8458
16.7083 , 39.9458
16.7 , 40.
 1             133 
 1 
 -9999.0  ,   -9998.0
 41 
15.2733 , 37.8708
15.3133 , 37.8508
15.3583 , 37.8158
15.37 , 37.7542
15.385 , 37.6892
15.39 , 37.6258
15.385 , 37.5425
15.3883 , 37.4658
15.38 , 37.3908
15.3733 , 37.3175
15.3622 , 37.292
15.343 , 37.2695
15.298 , 37.2411
15.2747 , 37.2203
15.2639 , 37.2053
15.2589 , 37.1878
15.2647 , 37.1661
15.268 , 37.1453
15.2672 , 37.1236
15.2614 , 37.107
15.2389 , 37.1061
15.2214 , 37.1128
15.2114 , 37.1311
15.2055 , 37.1453
15.213 , 37.1611
15.2147 , 37.192
15.2322 , 37.2145
15.2547 , 37.2311
15.2655 , 37.2486
15.2872 , 37.2803
15.2914 , 37.307
15.2967 , 37.3258
15.3067 , 37.4108
15.315 , 37.4858
15.3167 , 37.5675
15.3083 , 37.6342
15.3133 , 37.6925
15.3 , 37.7558
15.26 , 37.7875
15.2167 , 37.8058
15.23 , 37.8575
 1             134 
 1 
 -9999.0  ,   -9998.0
 10 
15.265 , 37.1075
15.2408 , 37.1108
15.2158 , 37.1008
15.2058 , 37.08
15.2067 , 37.0592
15.2208 , 37.045
15.2383 , 37.0458
15.2567 , 37.06
15.2533 , 37.0792
15.2642 , 37.0933
 1             135 
 1 
 -9999.0  ,   -9998.0
 14 
15.2878 , 37.035
15.2959 , 37.0362
15.3055 , 37.0407
15.3178 , 37.0365
15.3247 , 37.026
15.334 , 37.0149
15.3373 , 37.0101
15.3352 , 37.0056
15.3178 , 37.008
15.31 , 37.014
15.3004 , 37.0149
15.2908 , 37.0128
15.2768 , 37.0209
15.2684 , 37.0353
 1             136 
 1 
 -9999.0  ,   -9998.0
 14 
15.3511 , 37.061
15.3283 , 37.0584
15.3109 , 37.0569
15.3007 , 37.0548
15.2947 , 37.0569
15.2866 , 37.0584
15.2818 , 37.0527
15.2845 , 37.0464
15.2917 , 37.0407
15.3007 , 37.0419
15.31 , 37.044
15.3208 , 37.0422
15.3352 , 37.0422
15.3478 , 37.0533
 1             137 
 1 
 -9999.0  ,   -9998.0
 12 
15.2069 , 37.0812
15.1917 , 37.0737
15.18 , 37.0701
15.1689 , 37.0617
15.1599 , 37.0518
15.1614 , 37.0419
15.1689 , 37.0365
15.1815 , 37.032
15.1989 , 37.0341
15.2126 , 37.0383
15.2216 , 37.0449
15.2165 , 37.0734
 1             138 
 1 
 -9999.0  ,   -9998.0
 11 
15.2405 , 37.1102
15.2339 , 37.1177
15.2261 , 37.1255
15.218 , 37.1297
15.2072 , 37.1306
15.2042 , 37.121
15.2042 , 37.1108
15.2054 , 37.0916
15.2063 , 37.0803
15.2237 , 37.0848
15.2357 , 37.0979
 1             139 
 1 
 -9999.0  ,   -9998.0
 40 
15.2533 , 37.05
15.285 , 37.0225
15.3183 , 37.0117
15.3458 , 36.9992
15.3759 , 36.9806
15.4926 , 36.9181
15.6676 , 36.8597
15.9801 , 36.8306
16.3176 , 36.7681
16.6801 , 36.7181
17.0259 , 36.6764
17.3592 , 36.6181
17.6842 , 36.5764
18.0217 , 36.5264
18.3592 , 36.4889
18.7759 , 36.4514
19.1467 , 36.4097
19.5592 , 36.3931
19.8592 , 36.3556
20. , 36.3169
20. , 36.4038
19.8634 , 36.4306
19.5551 , 36.4639
19.1467 , 36.4931
18.7759 , 36.5389
18.3592 , 36.5889
18.0176 , 36.6264
17.6801 , 36.6681
17.3676 , 36.7139
17.0426 , 36.7764
16.6759 , 36.8347
16.3259 , 36.8722
15.9842 , 36.9389
15.6592 , 36.9972
15.4926 , 37.0597
15.4342 , 37.0931
15.395 , 37.1025
15.3383 , 37.1125
15.2825 , 37.1075
15.2433 , 37.0792
 1             140 
 1 
 -9999.0  ,   -9998.0
 32 
15.2508 , 37.1
15.2708 , 37.1375
15.2858 , 37.22
15.2483 , 37.3125
15.1683 , 37.39
15.1658 , 37.495
15.2033 , 37.565
15.2508 , 37.68
15.3133 , 37.7925
15.3708 , 37.91
15.4683 , 37.9925
15.5208 , 38.05
15.5283 , 38.1
15.5183 , 38.1325
15.5233 , 38.1625
15.5533 , 38.17
15.5733 , 38.155
15.5733 , 38.105
15.5683 , 38.0375
15.5258 , 37.965
15.4208 , 37.885
15.3633 , 37.775
15.3058 , 37.665
15.2633 , 37.55
15.2233 , 37.485
15.2183 , 37.4075
15.2933 , 37.345
15.3433 , 37.25
15.3533 , 37.135
15.3208 , 37.0775
15.2583 , 37.04
15.2333 , 37.065
 1             141 
 1 
 -9999.0  ,   -9998.0
 36
15.5691 , 38.1735
15.5829 , 38.1912
15.5814 , 38.2044
15.5844 , 38.2217
15.5916 , 38.24
15.5948 , 38.2464
15.6259 , 38.2567
15.6543 , 38.2671
15.6466 , 38.28
15.6078 , 38.3033
15.5379 , 38.3369
15.4526 , 38.3472
15.344 , 38.3472
15.2431 , 38.3317
15.15 , 38.3059
15.0569 , 38.2722
15. , 38.2464
15. , 38.3317
15.0672 , 38.355
15.1914 , 38.4041
15.2974 , 38.4171
15.4526 , 38.4145
15.5379 , 38.3964
15.6362 , 38.3472
15.6828 , 38.3162
15.7034 , 38.2981
15.7086 , 38.2722
15.6931 , 38.2567
15.6569 , 38.2464
15.6413 , 38.2412
15.6284 , 38.2298
15.612 , 38.2107
15.5982 , 38.1843
15.5889 , 38.1642
15.5745 , 38.1537
15.5598 , 38.1639
 1             142 
 1 
 -9999.0  ,   -9998.0
 39  
15. , 36.5575
15.0945 , 36.5575
15.1862 , 36.5661
15.2979 , 36.6434
15.3552 , 36.7523
15.3924 , 36.8382
15.4211 , 36.9242
15.444 , 37.0072
15.4442 , 37.0308
15.4433 , 37.06
15.4325 , 37.0925
15.41 , 37.1092
15.3792 , 37.1117
15.3442 , 37.1117
15.3317 , 37.1030
15.3273 , 37.0941
15.3243 , 37.0797
15.3191 , 37.0663
15.3057 , 37.0583
15.2978 , 37.0543
15.2921 , 37.0561
15.2879 , 37.0585
15.2801 , 37.0519
15.2864 , 37.0453
15.2939 , 37.0411
15.3044 , 37.0453
15.323 , 37.048
15.338 , 37.0474
15.3492 , 37.0442
15.365 , 37.035
15.3675 , 37.0225
15.3667 , 37.0072
15.3351 , 36.9385
15.3065 , 36.844
15.2664 , 36.7809
15.2206 , 36.6921
15.1547 , 36.6406
15.0773 , 36.632
15. , 36.632
 1             143 
 1 
 -9999.0  ,   -9998.0
 19
15. , 38.1372
15.0499 , 38.1272
15.1482 , 38.1138
15.2199 , 38.1138
15.2816 , 38.1138
15.3549 , 38.1672
15.4016 , 38.2055
15.4682 , 38.2372
15.5216 , 38.2505
15.5532 , 38.2322
15.5532 , 38.1922
15.5116 , 38.1688
15.4532 , 38.1572
15.3932 , 38.1272
15.3032 , 38.0888
15.2132 , 38.0622
15.1316 , 38.0622
15.0516 , 38.0738
15. , 38.0638
 1             144 
 1 
 -9999.0  ,   -9998.0
 23 
15.6 , 38.1975
15.5767 , 38.1842
15.5467 , 38.1492
15.5333 , 38.0825
15.5367 , 37.9925
15.4183 , 37.7658
15.3867 , 37.7075
15.3033 , 37.6308
15.22 , 37.5775
15.1925 , 37.5675
15.1758 , 37.5425
15.1692 , 37.5142
15.1842 , 37.4942
15.205 , 37.4842
15.3 , 37.5308
15.3733 , 37.5908
15.455 , 37.6708
15.5167 , 37.7625
15.57 , 37.8625
15.605 , 37.9575
15.61 , 38.0558
15.6033 , 38.1325
15.6167 , 38.1942
 1             145 
 1 
 -9999.0  ,   -9998.0
 33 
15.2889 , 37.0606
15.295 , 37.055
15.3024 , 37.0565
15.3065 , 37.071
15.3086 , 37.0917
15.3044 , 37.1093
15.29 , 37.1217
15.2755 , 37.132
15.2708 , 37.1375
15.2858 , 37.22
15.2483 , 37.3125
15.1683 , 37.39
15.1567 , 37.4108
15.1417 , 37.44
15.1308 , 37.4708
15.1225 , 37.4958
15.1333 , 37.5133
15.1583 , 37.515
15.1742 , 37.5017
15.1858 , 37.4833
15.1992 , 37.4517
15.2092 , 37.425
15.2183 , 37.4075
15.2933 , 37.345
15.3433 , 37.25
15.3533 , 37.135
15.352 , 37.1206
15.3531 , 37.0917
15.3531 , 37.0617
15.3355 , 37.0513
15.3086 , 37.0493
15.292 , 37.0482
15.2744 , 37.0575
 1             146 
 1 
 -9999.0  ,   -9998.0
 19
15.5317 , 38.1558
15.4967 , 38.1142
15.455 , 38.0625
15.4067 , 38.0108
15.3517 , 37.9675
15.2817 , 37.9342
15.1833 , 37.8958
15.0483 , 37.8858
15. , 37.8708
15. , 37.9692
15.08 , 37.9675
15.18 , 37.9758
15.2533 , 38.0058
15.315 , 38.0358
15.37 , 38.0958
15.4383 , 38.1325
15.4733 , 38.1992
15.5133 , 38.2092
15.5467 , 38.1842
 1             147 
 1 
 -9999.0  ,   -9998.0
 7
15. , 37.5892
15.0267 , 37.5742
15.06 , 37.5608
15.065 , 37.5308
15.045 , 37.5092
15.015 , 37.5092
15. , 37.5292
 1             148 
 1 
 -9999.0  ,   -9998.0
 24 
15.1925 , 37.4782
15.1775 , 37.4716
15.1589 , 37.4674
15.1371 , 37.4653
15.1215 , 37.4653
15.1071 , 37.4662
15.0891 , 37.4653
15.069 , 37.4728
15.0588 , 37.4848
15.0534 , 37.4974
15.0462 , 37.5093
15.0552 , 37.5294
15.0606 , 37.5432
15.096 , 37.5492
15.1167 , 37.5471
15.1397 , 37.5465
15.1607 , 37.5477
15.1751 , 37.5597
15.1919 , 37.5681
15.2183 , 37.5621
15.2363 , 37.548
15.2369 , 37.5249
15.227 , 37.5034
15.2048 , 37.4842
 1             149 
 1 
 -9999.0  ,   -9998.0
 34 
15.1193 , 37.5347
15.1548 , 37.5146
15.1759 , 37.4946
15.1915 , 37.4735
15.1992 , 37.4517
15.2092 , 37.425
15.2183 , 37.4075
15.2933 , 37.345
15.3433 , 37.25
15.3533 , 37.135
15.3466 , 37.0894
15.323 , 37.048
15.3044 , 37.0453
15.2939 , 37.0411
15.2864 , 37.0453
15.2801 , 37.0519
15.2879 , 37.0585
15.2921 , 37.0561
15.2978 , 37.0543
15.302 , 37.0591
15.305 , 37.0663
15.3074 , 37.0797
15.3016 , 37.1106
15.2885 , 37.1394
15.2858 , 37.22
15.2483 , 37.3125
15.1683 , 37.39
15.1567 , 37.4108
15.1417 , 37.44
15.1248 , 37.4513
15.0982 , 37.4691
15.0682 , 37.4835
15.0637 , 37.5146
15.0882 , 37.5369
 1             150 
 1 
 -9999.0  ,   -9998.0
 44
20. , 36.4038
19.8634 , 36.4306
19.5551 , 36.4639
19.1467 , 36.4931
18.7759 , 36.5389
18.3592 , 36.5889
18.0176 , 36.6264
17.6801 , 36.6681
17.3676 , 36.7139
17.0426 , 36.7764
16.6759 , 36.8347
16.3259 , 36.8722
15.9842 , 36.9389
15.6592 , 36.9972
15.5857 , 36.9971
15.5207 , 36.9971
15.4507 , 36.9997
15.3865 , 37.0113
15.3423 , 37.0238
15.3232 , 37.0405
15.2957 , 37.0405
15.2757 , 37.028
15.264 , 37.008
15.2715 , 36.9805
15.3073 , 36.9571
15.359 , 36.9563
15.4232 , 36.9421
15.504 , 36.9171
15.5673 , 36.8921
15.6307 , 36.8672
15.6676 , 36.8597
15.9801 , 36.8306
16.3176 , 36.7681
16.6801 , 36.7181
17.0259 , 36.6764
17.3592 , 36.6181
17.6842 , 36.5764
18.0217 , 36.5264
18.3592 , 36.4889
18.7759 , 36.4514
19.1467 , 36.4097
19.5592 , 36.3931
19.8592 , 36.3556
20. , 36.3169
 1             151 
 1 
 -9999.0  ,   -9998.0
 11 
15.2926 , 37.0971
15.2812 , 37.1013
15.2599 , 37.1004
15.244 , 37.0953
15.2341 , 37.083
15.2335 , 37.0677
15.2389 , 37.0566
15.2482 , 37.0458
15.2635 , 37.044
15.2791 , 37.0542
15.2884 , 37.0761
 1             152 
 1 
 -9999.0  ,   -9998.0
 14 
15.2761 , 37.0527
15.2824 , 37.0485
15.2908 , 37.0416
15.2986 , 37.0419
15.3106 , 37.0449
15.3199 , 37.047
15.3282 , 37.0548
15.3282 , 37.0644
15.3202 , 37.0698
15.3094 , 37.0701
15.3013 , 37.062
15.298 , 37.0548
15.2932 , 37.0584
15.2839 , 37.0632
 1             153 
 1 
 -9999.0  ,   -9998.0
 27 
15.6608 , 38.0667
15.6133 , 38.0717
15.5717 , 38.0958
15.5458 , 38.1217
15.5133 , 38.1433
15.5008 , 38.175
15.4942 , 38.1967
15.5058 , 38.2175
15.5208 , 38.2167
15.5325 , 38.2033
15.5342 , 38.1817
15.5467 , 38.1683
15.5667 , 38.1667
15.5825 , 38.1792
15.5858 , 38.2042
15.5692 , 38.2217
15.5433 , 38.2233
15.5142 , 38.235
15.5342 , 38.25
15.5608 , 38.2458
15.5908 , 38.245
15.6092 , 38.215
15.6308 , 38.1792
15.6308 , 38.1492
15.6558 , 38.1392
15.6742 , 38.1017
15.6708 , 38.0808
 1             154 
 2 
 -9998.0  ,   -9997.0
  -395.5  ,    -392.5
 30 
15. , 38.0522
15.0137 , 38.0476
15.0259 , 38.0445
15.0383 , 38.0429
15.0509 , 38.0429
15.0633 , 38.0445
15.0755 , 38.0476
15.0872 , 38.0522
15.0982 , 38.0583
15.1083 , 38.0657
15.1175 , 38.0743
15.1255 , 38.0839
15.1322 , 38.0945
15.1376 , 38.1059
15.1415 , 38.1178
15.1438 , 38.1302
15.1446 , 38.1427
 15.1415       38.14472 
 15.12428      38.13392 
 15.119        38.13059 
 15.10003      38.123 
 15.06519      38.13247 
 15.06125      38.13467 
 15.06167      38.14197 
 15.05233      38.15192 
 15.04583      38.15514 
 15.0257       38.15239 
 15.01642      38.15247 
 15.0087       38.15456 
 15            38.15456 
 1             155 
 2 
 -9998.0  ,   -9997.0
  -396.1  ,    -392.5
 41 
15.324 , 37.8909
15.3189 , 37.8946
15.3134 , 37.8976
15.3076 , 37.9
15.3015 , 37.9015
15.2952 , 37.9023
15.289 , 37.9023
15.2827 , 37.9015
15.2766 , 37.9
15.2708 , 37.8976
15.2653 , 37.8946
15.2602 , 37.8909
15.2557 , 37.8866
15.2516 , 37.8818
15.2483 , 37.8765
15.2456 , 37.8708
15.2437 , 37.8648
15.2425 , 37.8587
15.2421 , 37.8524
15.2425 , 37.8461
15.2437 , 37.84
15.2456 , 37.834
15.2483 , 37.8283
15.2516 , 37.823
15.2557 , 37.8182
15.2602 , 37.8139
 15.26653      37.81336 
 15.28097      37.82409 
 15.27767      37.82695 
 15.27728      37.83017 
 15.27878      37.83186 
 15.29025      37.84483 
 15.29653      37.84392 
 15.29781      37.84461 
 15.30131      37.8465 
 15.30508      37.85209 
 15.30428      37.85531 
 15.30319      37.8595 
 15.30725      37.87472 
 15.32961      37.89225 
15.324 , 37.8909
 1             156 
 1 
 -9999.0  ,   -9998.0
 12 
15.2463 , 37.7914
15.2577 , 37.8101
15.2711 , 37.8204
15.2742 , 37.8349
15.2815 , 37.8473
15.2753 , 37.8577
15.2711 , 37.868
15.2567 , 37.8763
15.2349 , 37.8763
15.208 , 37.8494
15.208 , 37.8256
15.2308 , 37.808
 1             157 
 1 
 -9999.0  ,   -9998.0
 46 
15.3031 , 37.0358
15.3608 , 37.0581
15.3831 , 37.0981
15.3875 , 37.1603
15.3853 , 37.2225
15.3475 , 37.2803
15.3053 , 37.3558
15.2897 , 37.4314
15.3319 , 37.5247
15.3853 , 37.5958
15.4497 , 37.6669
15.4964 , 37.7403
15.5631 , 37.8047
15.6008 , 37.8603
15.6297 , 37.9269
15.6297 , 37.9847
15.635 , 37.9978
15.655 , 38.0161
15.6817 , 38.0261
15.7008 , 38.0478
15.7042 , 38.0703
15.6875 , 38.0861
15.6592 , 38.0869
15.6183 , 38.0744
15.5908 , 38.0644
15.5625 , 38.0394
15.5583 , 38.0128
15.5519 , 37.9803
15.5475 , 37.9292
15.5231 , 37.8692
15.4475 , 37.7892
15.3831 , 37.7292
15.3186 , 37.6625
15.2653 , 37.6047
15.2142 , 37.5247
15.1942 , 37.4581
15.1942 , 37.3914
15.2119 , 37.3381
15.2431 , 37.2936
15.2697 , 37.2558
15.2919 , 37.2003
15.3097 , 37.1514
15.3031 , 37.1136
15.2697 , 37.1047
15.2364 , 37.0558
15.2608 , 37.0269
 1             158 
 1 
 -9999.0  ,   -9998.0
 54 
17.0817 , 39.126
17.1293 , 39.1405
17.1955 , 39.1467
17.2659 , 39.1178
17.2928 , 39.0722
17.3197 , 39.0205
17.3321 , 38.9398
17.3321 , 38.8447
17.2866 , 38.7495
17.239 , 38.6585
17.1893 , 38.5736
17.1334 , 38.4805
17.0445 , 38.4143
16.9266 , 38.3502
16.8314 , 38.3171
16.7804 , 38.2817
16.7137 , 38.21
16.6337 , 38.15
16.5504 , 38.0767
16.4537 , 37.9767
16.3204 , 37.9
16.137 , 37.86
15.962 , 37.8334
15.8237 , 37.835
15.6987 , 37.86
15.6404 , 37.9217
15.6354 , 37.95
15.6504 , 37.965
15.6804 , 37.96
15.712 , 37.9317
15.8237 , 37.9
15.9587 , 37.9034
16.1037 , 37.9184
16.2954 , 37.9717
16.402 , 38.0384
16.4887 , 38.1167
16.5804 , 38.2034
16.642 , 38.26
16.6987 , 38.3167
16.761 , 38.375
16.8603 , 38.406
16.97 , 38.4516
17.0507 , 38.5157
17.1024 , 38.5922
17.1686 , 38.6874
17.2059 , 38.766
17.2576 , 38.8633
17.2576 , 38.944
17.2576 , 39.0164
17.2369 , 39.0516
17.1831 , 39.0722
17.1355 , 39.0516
17.0797 , 39.0598
17.0797 , 39.1012
 1             159 
 1 
 -9999.0  ,   -9998.0
 19 
15.672 , 38.085
15.6462 , 38.0842
15.6162 , 38.0959
15.607 , 38.1234
15.6012 , 38.16
15.5912 , 38.1967
15.5737 , 38.2184
15.547 , 38.2217
15.5212 , 38.2017
15.5245 , 38.18
15.552 , 38.1575
15.5587 , 38.1217
15.5645 , 38.0792
15.572 , 38.055
15.5987 , 38.04
15.6337 , 38.0217
15.6654 , 38.0259
15.6862 , 38.045
15.6829 , 38.07
 1             160 
 1 
 -9999.0  ,   -9998.0
 15 
16.3133 , 39.9158
16.3583 , 39.89
16.4008 , 39.865
16.4408 , 39.8475
16.4683 , 39.8233
16.4725 , 39.7942
16.4817 , 39.7592
16.47 , 39.7375
16.45 , 39.7017
16.3967 , 39.6792
16.3158 , 39.6825
16.25 , 39.7208
16.2183 , 39.7608
16.2133 , 39.8142
16.2267 , 39.8808
 1             161 
 1 
 -9999.0  ,   -9998.0
 79
15.5167 , 38.151
15.5183 , 38.2002
15.5483 , 38.231
15.59 , 38.2302
15.6158 , 38.2077
15.6208 , 38.1685
15.6158 , 38.1377
15.615 , 38.1052
15.6215 , 38.0866
15.6757 , 38.0575
15.6924 , 37.9866
15.7257 , 37.9325
15.9257 , 37.92
16.1007 , 37.9241
16.1507 , 38.0158
16.2424 , 38.1783
16.3757 , 38.2491
16.5174 , 38.3158
16.5757 , 38.3908
16.6007 , 38.4658
16.6007 , 38.5491
16.5924 , 38.6741
16.634 , 38.7991
16.759 , 38.8491
16.9007 , 38.8825
17.0507 , 38.9075
17.1215 , 38.8908
17.2049 , 38.9575
17.234 , 39.0408
17.234 , 39.0408
17.1674 , 39.1158
17.159 , 39.1908
17.1875 , 39.2458
17.2042 , 39.3875
17.1667 , 39.4667
17.1042 , 39.525
16.9917 , 39.5875
16.9042 , 39.625
16.8 , 39.6708
16.6625 , 39.6833
16.6367 , 39.6827
16.5983 , 39.6744
16.5542 , 39.6635
16.5083 , 39.6477
16.4933 , 39.6777
16.5108 , 39.7069
16.5092 , 39.7344
16.4933 , 39.7535
16.505 , 39.7719
16.5292 , 39.775
16.7958 , 39.75
16.9292 , 39.7
17.0417 , 39.6583
17.1583 , 39.5833
17.2625 , 39.5042
17.2875 , 39.3917
17.2833 , 39.2667
17.2542 , 39.1625
17.2549 , 39.12
17.3174 , 39.0408
17.3007 , 38.945
17.1382 , 38.8325
16.9507 , 38.7825
16.759 , 38.7408
16.684 , 38.6533
16.684 , 38.5241
16.684 , 38.37
16.634 , 38.2575
16.459 , 38.1658
16.334 , 38.1241
16.2507 , 37.9616
16.1049 , 37.8533
15.9215 , 37.8408
15.7257 , 37.8283
15.5924 , 37.9075
15.584 , 37.9575
15.5667 , 38.0077
15.555 , 38.0644
15.5317 , 38.121
 1             162 
 1 
 -9999.0  ,   -9998.0
 44
15.5167 , 38.151
15.5183 , 38.2002
15.5483 , 38.231
15.59 , 38.2302
15.6158 , 38.2077
15.6208 , 38.1685
15.6158 , 38.1377
15.615 , 38.1052
15.6215 , 38.0866
15.6757 , 38.0575
15.6924 , 37.9866
15.7257 , 37.9325
15.9257 , 37.92
16.1007 , 37.9241
16.1507 , 38.0158
16.2424 , 38.1783
16.3757 , 38.2491
16.3758 , 38.2794
16.4008 , 38.326
16.3675 , 38.371
16.3658 , 38.4144
16.3892 , 38.426
16.3842 , 38.396
16.3942 , 38.3627
16.4308 , 38.3644
16.4375 , 38.396
16.4225 , 38.4277
16.4508 , 38.4444
16.4975 , 38.4144
16.5192 , 38.3844
16.5458 , 38.321
16.5292 , 38.2494
16.4975 , 38.1977
16.459 , 38.1658
16.334 , 38.1241
16.2507 , 37.9616
16.1049 , 37.8533
15.9215 , 37.8408
15.7257 , 37.8283
15.5924 , 37.9075
15.584 , 37.9575
15.5667 , 38.0077
15.555 , 38.0644
15.5317 , 38.121
 1             163 
 1 
 -9999.0  ,   -9998.0
 13 
16.4725 , 38.5235
16.4667 , 38.4935
16.455 , 38.471
16.4342 , 38.456
16.4292 , 38.4385
16.44 , 38.4169
16.4658 , 38.4069
16.495 , 38.4035
16.5317 , 38.4269
16.5492 , 38.461
16.5475 , 38.5002
16.5375 , 38.531
16.4983 , 38.5477
 1             164 
 1 
 -9999.0  ,   -9998.0
 10 
16.4483 , 38.446
16.415 , 38.446
16.3892 , 38.4377
16.3742 , 38.4177
16.3708 , 38.391
16.375 , 38.366
16.3967 , 38.3569
16.4358 , 38.356
16.4625 , 38.3785
16.4717 , 38.4227
 1             165 
 2 
 -9998.0  ,   -9997.0
  -430.5  ,    -390.3
 7 
16.4408	38.4942
16.3925 , 38.4825
16.3292 , 38.4492
16.2942 , 38.3975
16.2892 , 38.3508
16.3158 , 38.3242
16.32953	38.29253
 1             166 
 2 
 -9998.0  ,   -9997.0
  -390.3  ,    -1.0
 7 
16.58731	38.45781
16.5734 , 38.4545
16.5492 , 38.4603
16.5175 , 38.4778
16.495 , 38.4912
16.4684 , 38.4962
16.4408	38.4942
 1             167 
 2 
 -9998.0  ,   -9997.0
  -390.3  ,    -1.0
 20 
16.4408	38.4942
16.42 , 38.5045
16.3842 , 38.5112
16.3459 , 38.522
16.315 , 38.5295
16.29 , 38.5245
16.2684 , 38.5128
16.2417 , 38.4853
16.2142 , 38.4512
16.185 , 38.4312
16.1659 , 38.4087
16.1592 , 38.3728
16.1484 , 38.3403
16.13 , 38.317
16.1109 , 38.3012
16.0984 , 38.2678
16.1092 , 38.2337
16.1267 , 38.1978
16.16 , 38.167
16.1828	38.1469
 1             168 
 1 
 -9999.0  ,   -9998.0
 44 
15.6797 , 38.1078
15.6713 , 38.1328
15.6488 , 38.1486
15.633 , 38.177
15.6197 , 38.1986
15.6197 , 38.2186
15.6224 , 38.231
15.6710 , 38.2455
15.7 , 38.2672
15.7033 , 38.2825
15.6983 , 38.3067
15.6617 , 38.3317
15.6058 , 38.3642
15.565 , 38.3833
15.52 , 38.4025
15.46 , 38.4158
15.4017 , 38.4183
15.3367 , 38.4192
15.2825 , 38.4175
15.2258 , 38.4108
15.1908 , 38.3983
15.1808 , 38.3725
15.195 , 38.3592
15.2258 , 38.3483
15.2733 , 38.3475
15.3367 , 38.3533
15.4067 , 38.3517
15.4708 , 38.3533
15.5275 , 38.3467
15.5775 , 38.3292
15.6167 , 38.3158
15.6417 , 38.3108
15.6608 , 38.3017
15.669 , 38.2879
15.6586 , 38.2672
15.5966 , 38.2362
15.5947 , 38.2278
15.5938 , 38.2061
15.6005 , 38.177
15.6038 , 38.1553
15.6088 , 38.1236
15.6188 , 38.1086
15.6422 , 38.0886
15.6638 , 38.0911
 1             169 
 1 
 -9999.0  ,   -9998.0
 15 
15.2513 , 38.2378
15.2247 , 38.2511
15.218 , 38.2728
15.228 , 38.3111
15.2463 , 38.3511
15.258 , 38.3895
15.258 , 38.4145
15.2247 , 38.4161
15.193 , 38.4045
15.1697 , 38.3695
15.1497 , 38.3045
15.1697 , 38.2578
15.203 , 38.2045
15.228 , 38.1911
15.263 , 38.1978
 1             170 
 1 
 -9999.0  ,   -9998.0
 24 
15.1897 , 38.4078
15.2363 , 38.4678
15.3163 , 38.5261
15.398 , 38.5861
15.498 , 38.6328
15.5997 , 38.6845
15.7247 , 38.7311
15.8497 , 38.7728
15.9613 , 38.8095
16.073 , 38.8161
16.148 , 38.7945
16.1613 , 38.7578
16.1097 , 38.7345
16.0463 , 38.7461
15.9597 , 38.7411
15.8797 , 38.7078
15.753 , 38.6678
15.6363 , 38.6195
15.5363 , 38.5778
15.443 , 38.5211
15.3463 , 38.4645
15.2963 , 38.4195
15.2463 , 38.3578
15.198 , 38.3695
 1             171 
 1 
 -9999.0  ,   -9998.0
 28 
15.5713 , 38.2378
15.6113 , 38.2311
15.663 , 38.2345
15.7363 , 38.2511
15.808 , 38.2761
15.8397 , 38.3211
15.873 , 38.3845
15.903 , 38.4428
15.9363 , 38.4961
15.9647 , 38.5545
16.0047 , 38.6028
16.0263 , 38.6611
16.0697 , 38.7045
16.1113 , 38.7061
16.1413 , 38.6811
16.1297 , 38.6261
16.0813 , 38.5595
16.048 , 38.5028
16.008 , 38.4345
15.9547 , 38.3511
15.9097 , 38.2645
15.8613 , 38.2195
15.793 , 38.1945
15.7213 , 38.1878
15.643 , 38.1845
15.5813 , 38.1711
15.5263 , 38.1711
15.523 , 38.2011
 1             172 
 1 
 -9999.0  ,   -9998.0
 36 
16.1297 , 38.6261
16.0813 , 38.5595
16.048 , 38.5028
16.008 , 38.4345
15.9547 , 38.3511
15.9097 , 38.2645
15.8613 , 38.2195
15.8467 , 38.2075
15.8217 , 38.18
15.8033 , 38.1417
15.7717 , 38.0992
15.7317 , 38.065
15.6967 , 38.0575
15.6683 , 38.0575
15.6617 , 38.075
15.6492 , 38.0858
15.6608 , 38.0958
15.6708 , 38.1175
15.6625 , 38.1308
15.6633 , 38.1525
15.6575 , 38.1742
15.67 , 38.1942
15.6967 , 38.2142
15.7433 , 38.2375
15.7892 , 38.2633
15.808 , 38.2761
15.8397 , 38.3211
15.873 , 38.3845
15.903 , 38.4428
15.9363 , 38.4961
15.9647 , 38.5545
16.0047 , 38.6028
16.0263 , 38.6611
16.0697 , 38.7045
16.1113 , 38.7061
16.1413 , 38.6811
 1             173 
 1 
 -9999.0  ,   -9998.0
 40 
16.1286 , 38.7671
16.0875 , 38.8031
16.0156 , 38.8364
15.9334 , 38.8287
15.8564 , 38.8262
15.7768 , 38.8005
15.7177 , 38.762
15.6817 , 38.726
15.6586 , 38.6721
15.6534 , 38.619
15.6586 , 38.5052
15.6586 , 38.4172
15.6586 , 38.3293
15.669 , 38.2879
15.6586 , 38.2672
15.5966 , 38.2362
15.581 , 38.1845
15.5552 , 38.0966
15.55 , 37.9983
15.6276 , 37.9983
15.6217 , 38.0914
15.6342 , 38.1793
15.6224 , 38.231
15.6558 , 38.2483
15.7 , 38.2672
15.7207 , 38.35
15.7414 , 38.4845
15.7466 , 38.6086
15.7536 , 38.6387
15.7716 , 38.6849
15.8178 , 38.7106
15.8872 , 38.7414
15.9488 , 38.7517
16.0207 , 38.7568
16.0464 , 38.7389
16.0567 , 38.7003
16.0541 , 38.6644
16.1261 , 38.6387
16.1492 , 38.6746
16.1517 , 38.7157
 1             174 
 1 
 -9999.0  ,   -9998.0
 15 
15.7767 , 38.1408
15.7717 , 38.0992
15.7317 , 38.065
15.6967 , 38.0575
15.6683 , 38.0575
15.6617 , 38.075
15.6492 , 38.0858
15.6608 , 38.0958
15.6708 , 38.1175
15.6625 , 38.1308
15.6633 , 38.1525
15.6575 , 38.1742
15.67 , 38.1942
15.6967 , 38.2142
15.7333 , 38.2033
 1             175 
 1 
 -9999.0  ,   -9998.0
 17 
15.5552 , 38.0966
15.55 , 37.9983
15.6276 , 37.9983
15.6217 , 38.0914
15.6342 , 38.1793
15.6458 , 38.175
15.6617 , 38.1783
15.6783 , 38.1967
15.6717 , 38.21
15.6458 , 38.2217
15.6125 , 38.2233
15.5742 , 38.2233
15.5508 , 38.22
15.5292 , 38.2017
15.5392 , 38.18
15.5475 , 38.1608
15.555 , 38.13
 1             176 
 1 
 -9999.0  ,   -9998.0
 77 
15.2892 , 37.0892
15.3642 , 37.1117
15.4492 , 37.1392
15.5842 , 37.2292
15.6717 , 37.2967
15.7942 , 37.3892
15.8867 , 37.4817
15.9992 , 37.5792
16.0967 , 37.6842
16.2117 , 37.7967
16.3017 , 37.9067
16.3742 , 37.9842
16.402 , 38.0384
16.4887 , 38.1167
16.5804 , 38.2034
16.642 , 38.26
16.6987 , 38.3167
16.761 , 38.375
16.8603 , 38.406
16.97 , 38.4516
17.0507 , 38.5157
17.1024 , 38.5922
17.1686 , 38.6874
17.2059 , 38.766
17.2576 , 38.8633
17.3008 , 38.915
17.3708 , 38.9875
17.5208 , 39.07
17.6658 , 39.1525
17.8333 , 39.2375
17.9733 , 39.3375
18.1158 , 39.41
18.2383 , 39.5125
18.3533 , 39.595
18.4408 , 39.6775
18.5208 , 39.8075
18.5508 , 39.915
18.5625 , 40.
18.6225 , 40.
18.6183 , 39.9025
18.5933 , 39.77
18.4983 , 39.63
18.4108 , 39.54
18.2733 , 39.46
18.1533 , 39.36
18.0108 , 39.2875
17.8608 , 39.205
17.7033 , 39.1025
17.5658 , 39.0275
17.4308 , 38.955
17.3558 , 38.8875
17.3321 , 38.8447
17.2866 , 38.7495
17.239 , 38.6585
17.1893 , 38.5736
17.1334 , 38.4805
17.0445 , 38.4143
16.9266 , 38.3502
16.8314 , 38.3171
16.7804 , 38.2817
16.7137 , 38.21
16.6337 , 38.15
16.5504 , 38.0767
16.4537 , 37.9767
16.4192 , 37.9392
16.3617 , 37.8667
16.2792 , 37.7592
16.1567 , 37.6317
16.0517 , 37.5342
15.9492 , 37.4442
15.8517 , 37.3417
15.7217 , 37.2342
15.6217 , 37.1417
15.4967 , 37.0692
15.3967 , 37.0367
15.3167 , 37.0392
15.2692 , 37.0542
 1             177 
 1 
 -9999.0  ,   -9998.0
 89 
15.2892 , 37.0892
15.3642 , 37.1117
15.4492 , 37.1392
15.5842 , 37.2292
15.6717 , 37.2967
15.7942 , 37.3892
15.8867 , 37.4817
15.9992 , 37.5792
16.0967 , 37.6842
16.2117 , 37.7967
16.3017 , 37.9067
16.3742 , 37.9842
16.402 , 38.0384
16.4887 , 38.1167
16.5804 , 38.2034
16.642 , 38.26
16.6987 , 38.3167
16.761 , 38.375
16.8603 , 38.406
16.97 , 38.4516
17.0507 , 38.5157
17.1024 , 38.5922
17.1686 , 38.6874
17.2059 , 38.766
17.2576 , 38.8633
17.3008 , 38.915
17.3708 , 38.9875
17.5208 , 39.07
17.6658 , 39.1525
17.8333 , 39.2375
17.9733 , 39.3375
18.1158 , 39.41
18.2383 , 39.5125
18.3533 , 39.595
18.4017 , 39.6217
18.5067 , 39.6717
18.61 , 39.7217
18.7317 , 39.7633
18.9367 , 39.8367
19.0817 , 39.8883
19.2117 , 39.9183
19.3317 , 39.95
19.4417 , 39.9767
19.5217 , 40.
19.7493 , 40.
19.5717 , 39.9317
19.4583 , 39.9033
19.3633 , 39.8817
19.2417 , 39.8567
19.1333 , 39.8233
18.9617 , 39.7817
18.7617 , 39.7083
18.6233 , 39.66
18.505 , 39.595
18.4108 , 39.54
18.2733 , 39.46
18.1533 , 39.36
18.0108 , 39.2875
17.8608 , 39.205
17.7033 , 39.1025
17.5658 , 39.0275
17.4308 , 38.955
17.3558 , 38.8875
17.3321 , 38.8447
17.2866 , 38.7495
17.239 , 38.6585
17.1893 , 38.5736
17.1334 , 38.4805
17.0445 , 38.4143
16.9266 , 38.3502
16.8314 , 38.3171
16.7804 , 38.2817
16.7137 , 38.21
16.6337 , 38.15
16.5504 , 38.0767
16.4537 , 37.9767
16.4192 , 37.9392
16.3617 , 37.8667
16.2792 , 37.7592
16.1567 , 37.6317
16.0517 , 37.5342
15.9492 , 37.4442
15.8517 , 37.3417
15.7217 , 37.2342
15.6217 , 37.1417
15.4967 , 37.0692
15.3967 , 37.0367
15.3167 , 37.0392
15.2692 , 37.0542
 1             178 
 1 
 -9999.0  ,   -9998.0
 23 
20. , 39.2904
19.9542 , 39.325
19.8758 , 39.3867
19.7408 , 39.485
19.6558 , 39.5633
19.5208 , 39.6367
19.4175 , 39.72
19.3508 , 39.8033
19.3042 , 39.8867
19.2625 , 39.965
19.2392 , 40.
19.1542 , 40.
19.1842 , 39.9467
19.2442 , 39.8467
19.3075 , 39.7617
19.3692 , 39.6867
19.4892 , 39.595
19.6158 , 39.5267
19.7042 , 39.4433
19.8508 , 39.3383
19.9192 , 39.2767
19.9608 , 39.23
20. , 39.1973
 1             179 
 1 
 -9999.0  ,   -9998.0
 24 
15. , 38.3317
15.055 , 38.3433
15.14 , 38.3717
15.2183 , 38.4117
15.3067 , 38.45
15.3933 , 38.4983
15.4767 , 38.54
15.6317 , 38.6267
15.7367 , 38.665
15.8217 , 38.68
15.9 , 38.6833
15.9233 , 38.6433
15.915 , 38.5933
15.83 , 38.58
15.7417 , 38.57
15.655 , 38.5467
15.5967 , 38.52
15.5183 , 38.4783
15.425 , 38.4317
15.3383 , 38.395
15.2433 , 38.355
15.1567 , 38.2967
15.0717 , 38.2633
15. , 38.2464
 1             180 
 1 
 -9999.0  ,   -9998.0
 17 
15.8942 , 38.6858
15.9392 , 38.6883
15.9742 , 38.6892
16.025 , 38.7058
16.0792 , 38.72
16.1083 , 38.72
16.1358 , 38.7042
16.1483 , 38.6675
16.1442 , 38.6392
16.1067 , 38.6183
16.0608 , 38.6125
16.0125 , 38.6125
15.9667 , 38.6017
15.9108 , 38.5942
15.8717 , 38.6117
15.8633 , 38.6575
15.8792 , 38.675
 1             181 
 1 
 -9999.0  ,   -9998.0
 65 
15.2892 , 37.0892
15.3642 , 37.1117
15.4492 , 37.1392
15.5842 , 37.2292
15.6717 , 37.2967
15.7942 , 37.3892
15.8867 , 37.4817
15.9992 , 37.5792
16.0967 , 37.6842
16.2117 , 37.7967
16.3017 , 37.9067
16.3742 , 37.9842
16.402 , 38.0384
16.4887 , 38.1167
16.5804 , 38.2034
16.642 , 38.26
16.6987 , 38.3167
16.761 , 38.375
16.8603 , 38.406
16.97 , 38.4516
17.0507 , 38.5157
17.1024 , 38.5922
17.1686 , 38.6874
17.2059 , 38.766
17.2576 , 38.8633
17.2576 , 38.944
17.2576 , 39.0164
17.2369 , 39.0516
17.1831 , 39.0722
17.1355 , 39.0516
17.0797 , 39.0598
17.0797 , 39.1012
17.0817 , 39.126
17.1293 , 39.1405
17.1955 , 39.1467
17.2659 , 39.1178
17.2928 , 39.0722
17.3197 , 39.0205
17.3321 , 38.9398
17.3321 , 38.8447
17.2866 , 38.7495
17.239 , 38.6585
17.1893 , 38.5736
17.1334 , 38.4805
17.0445 , 38.4143
16.9266 , 38.3502
16.8314 , 38.3171
16.7804 , 38.2817
16.7137 , 38.21
16.6337 , 38.15
16.5504 , 38.0767
16.4537 , 37.9767
16.4192 , 37.9392
16.3617 , 37.8667
16.2792 , 37.7592
16.1567 , 37.6317
16.0517 , 37.5342
15.9492 , 37.4442
15.8517 , 37.3417
15.7217 , 37.2342
15.6217 , 37.1417
15.4967 , 37.0692
15.3967 , 37.0367
15.3167 , 37.0392
15.2692 , 37.0542
 1             182 
 1 
 -9999.0  ,   -9998.0
 25 
20. , 39.4594
19.9966 , 39.4597
19.9888 , 39.4597
19.9753 , 39.4606
19.9624 , 39.463
19.9523 , 39.4687
19.9406 , 39.4722
19.9328 , 39.4761
19.9256 , 39.4851
19.9163 , 39.4908
19.9061 , 39.4914
19.8986 , 39.4839
19.8983 , 39.4761
19.9022 , 39.4666
19.9082 , 39.46
19.9166 , 39.4561
19.9274 , 39.4519
19.9328 , 39.4453
19.9412 , 39.4375
19.9502 , 39.4327
19.963 , 39.4318
19.9726 , 39.4291
19.9837 , 39.421
19.9942 , 39.4117
20. , 39.4048
 1             183 
 1 
 -9999.0  ,   -9998.0
 38 
19.9267 , 39.4817
19.9117 , 39.5067
19.9083 , 39.545
19.9008 , 39.57
19.9017 , 39.5825
19.8817 , 39.5983
19.885 , 39.6225
19.865 , 39.6367
19.8367 , 39.6525
19.8283 , 39.6833
19.8283 , 39.7108
19.8575 , 39.7292
19.9167 , 39.7483
19.9333 , 39.775
19.885 , 39.7875
19.8508 , 39.8117
19.8067 , 39.7858
19.7667 , 39.7858
19.7217 , 39.7867
19.6883 , 39.7917
19.6675 , 39.7783
19.6592 , 39.7567
19.6642 , 39.74
19.6883 , 39.7375
19.7017 , 39.7192
19.695 , 39.7
19.7233 , 39.6875
19.7408 , 39.6658
19.7617 , 39.6433
19.7833 , 39.6283
19.8217 , 39.6042
19.845 , 39.5808
19.8592 , 39.5567
19.8642 , 39.5142
19.875 , 39.4817
19.8958 , 39.4667
19.9208 , 39.4667
19.9275 , 39.48
 1             184 
 1 
 -9999.0  ,   -9998.0
 20 
19.8925 , 39.6258
19.8825 , 39.63
19.865 , 39.6225
19.8483 , 39.6017
19.8458 , 39.585
19.8475 , 39.5717
19.8542 , 39.5542
19.8567 , 39.5358
19.8592 , 39.5125
19.8725 , 39.4983
19.8908 , 39.495
19.905 , 39.5
19.915 , 39.5142
19.9142 , 39.5342
19.9075 , 39.5525
19.9042 , 39.5658
19.9083 , 39.585
19.9183 , 39.5975
19.915 , 39.615
19.9008 , 39.6225
 1             185 
 1 
 -9999.0  ,   -9998.0
 28 
15.3147 , 37.1085
15.3813 , 37.146
15.573 , 37.246
15.7147 , 37.346
15.8397 , 37.4918
15.973 , 37.6127
16.0813 , 37.7502
16.248 , 37.9085
16.3272 , 38.0668
16.3897 , 38.1752
16.4313 , 38.2918
16.448 , 38.3293
16.4938 , 38.3585
16.5522 , 38.3752
16.6147 , 38.3502
16.6147 , 38.3043
16.5938 , 38.246
16.523 , 38.121
16.4563 , 38.0293
16.373 , 37.8418
16.2022 , 37.6752
16.098 , 37.521
15.9438 , 37.4127
15.7897 , 37.246
15.6063 , 37.1335
15.4772 , 37.0585
15.3647 , 37.0293
15.3105 , 37.0668
 1             186 
 1 
 -9999.0  ,   -9998.0
 15 
16.5188 , 38.3635
16.5405 , 38.3752
16.568 , 38.3685
16.5947 , 38.361
16.613 , 38.351
16.6222 , 38.326
16.623 , 38.2902
16.6055 , 38.2652
16.558 , 38.2468
16.5072 , 38.2418
16.4663 , 38.2485
16.4388 , 38.2835
16.4413 , 38.3077
16.458 , 38.3293
16.493 , 38.3468
 1             187 
 1 
 -9999.0  ,   -9998.0
 46 
18.598 , 37.5987
18.5009 , 37.5634
18.2539 , 37.4708
18.1083 , 37.387
17.9186 , 37.3076
17.6759 , 37.184
17.4465 , 37.0914
17.248 , 37.034
17.0053 , 36.9855
16.7583 , 36.9061
16.5642 , 36.8576
16.2818 , 36.8002
16.0392 , 36.7517
15.8539 , 36.734
15.6245 , 36.712
15.4259 , 36.6987
15.2892 , 36.6987
15.1965 , 36.6987
15.1656 , 36.6899
15.1436 , 36.6634
15.0818 , 36.637
15.0421 , 36.637
15. , 36.632
15. , 36.5575
15.0421 , 36.5576
15.0995 , 36.562
15.17 , 36.5929
15.2583 , 36.6105
15.4303 , 36.6017
15.6421 , 36.6149
15.8715 , 36.6458
16.07 , 36.6634
16.3215 , 36.7032
16.6039 , 36.7782
16.8024 , 36.8179
17.0627 , 36.9017
17.2833 , 36.9458
17.5127 , 37.012
17.7333 , 37.1046
17.9539 , 37.2237
18.1745 , 37.3208
18.3156 , 37.409
18.5539 , 37.5017
18.6289 , 37.537
18.6642 , 37.5811
18.6421 , 37.5987
 1             188 
 1 
 -9999.0  ,   -9998.0
 36 
15. , 36.885
15.0333 , 36.89
15.0583 , 36.9033
15.0717 , 36.935
15.0833 , 36.9783
15.0833 , 37.0033
15.09 , 37.0333
15.1017 , 37.0567
15.125 , 37.065
15.161 , 37.0861
15.1936 , 37.093
15.2224 , 37.1011
15.2482 , 37.1053
15.2671 , 37.1074
15.28 , 37.1068
15.2925 , 37.1023
15.2985 , 37.0948
15.3009 , 37.0837
15.2958 , 37.0726
15.2865 , 37.0666
15.277 , 37.0642
15.2704 , 37.054
15.2551 , 37.0462
15.2335 , 37.0453
15.2122 , 37.0438
15.1885 , 37.0399
15.1767 , 37.0333
15.17 , 37.01
15.155 , 36.9717
15.15 , 36.93
15.14 , 36.905
15.1283 , 36.8783
15.0983 , 36.8483
15.09 , 36.825
15.05 , 36.8117
15. , 36.8067
 1             189 
 2 
 -9998.0  ,   -9997.0
  -356.5  ,    -1.0
 20 
16.0335	39.34203
16.0462 , 39.3625
16.092 , 39.3917
16.1295 , 39.4375
16.1712 , 39.4875
16.2212 , 39.5292
16.2754 , 39.5584
16.3295 , 39.5375
16.3879 , 39.5209
16.4545 , 39.4917
16.5129 , 39.4584
16.5795 , 39.4417
16.6504 , 39.4125
16.692 , 39.3875
16.7295 , 39.3667
16.767 , 39.3709
16.8129 , 39.3875
16.8629 , 39.4334
16.8962 , 39.4834
16.95356	39.5002
 1             190 
 1 
 -9999.0  ,   -9998.0
 29 
15.2775 , 37.0646
15.285 , 37.0609
15.2895 , 37.0584
15.2945 , 37.0546
15.3016 , 37.0559
15.3058 , 37.0654
15.3066 , 37.0759
15.31 , 37.0879
15.31 , 37.0954
15.3137 , 37.1059
15.3241 , 37.1117
15.3366 , 37.1121
15.3491 , 37.1042
15.3558 , 37.0892
15.3654 , 37.0692
15.3662 , 37.0488
15.3675 , 37.0379
15.3645 , 37.028
15.3545 , 37.0275
15.3404 , 37.0355
15.3279 , 37.0396
15.3166 , 37.0438
15.3075 , 37.0463
15.2991 , 37.0434
15.2916 , 37.0409
15.2845 , 37.045
15.2812 , 37.0509
15.2733 , 37.0525
15.2733 , 37.0604
 1             191 
 1 
 -9999.0  ,   -9998.0
 23 
15.6604 , 38.1775
15.6354 , 38.1875
15.6287 , 38.2092
15.6337 , 38.2409
15.6487 , 38.2559
15.6587 , 38.2659
15.6354 , 38.2875
15.597 , 38.3125
15.562 , 38.3025
15.5404 , 38.2825
15.5187 , 38.2625
15.537 , 38.2375
15.567 , 38.2359
15.5887 , 38.2225
15.6037 , 38.1942
15.6154 , 38.1642
15.6154 , 38.1325
15.617 , 38.0925
15.637 , 38.0625
15.6704 , 38.0609
15.6937 , 38.0925
15.697 , 38.1259
15.6854 , 38.1575
 1             192 
 1 
 -9999.0  ,   -9998.0
 49 
15.2775 , 37.0646
15.285 , 37.0609
15.2895 , 37.0584
15.2945 , 37.0546
15.3016 , 37.0559
15.3058 , 37.0654
15.3066 , 37.0759
15.31 , 37.0879
15.31 , 37.0954
15.2858 , 37.22
15.2483 , 37.3125
15.1683 , 37.39
15.1658 , 37.495
15.2033 , 37.565
15.2508 , 37.68
15.3133 , 37.7925
15.3708 , 37.91
15.4683 , 37.9925
15.5208 , 38.05
15.5283 , 38.1
15.5183 , 38.1325
15.5233 , 38.1625
15.5533 , 38.17
15.5733 , 38.155
15.5733 , 38.105
15.5683 , 38.0375
15.5258 , 37.965
15.4208 , 37.885
15.3633 , 37.775
15.3058 , 37.665
15.2633 , 37.55
15.2233 , 37.485
15.2183 , 37.4075
15.2933 , 37.345
15.3433 , 37.25
15.3491 , 37.1042
15.3479 , 37.0951
15.3464 , 37.0837
15.3449 , 37.0696
15.3371 , 37.0586
15.3266 , 37.0514
15.3144 , 37.0478
15.3075 , 37.0463
15.2991 , 37.0434
15.2916 , 37.0409
15.2845 , 37.045
15.2812 , 37.0509
15.2733 , 37.0525
15.2733 , 37.0604
 1             193 
 1 
 -9999.0  ,   -9998.0
 40 
15.5533 , 38.17
15.5733 , 38.155
15.5733 , 38.105
15.5683 , 38.0375
15.5258 , 37.965
15.4208 , 37.885
15.3633 , 37.775
15.3058 , 37.665
15.2633 , 37.55
15.2233 , 37.485
15.2183 , 37.4075
15.2933 , 37.345
15.3433 , 37.25
15.3537 , 37.2375
15.3734 , 37.2085
15.394 , 37.1806
15.4127 , 37.1558
15.4251 , 37.131
15.4344 , 37.1123
15.4437 , 37.0844
15.423 , 37.0668
15.3827 , 37.0544
15.3589 , 37.0668
15.3578 , 37.1051
15.3454 , 37.1485
15.3154 , 37.1837
15.2968 , 37.2044
15.2858 , 37.22
15.2483 , 37.3125
15.1683 , 37.39
15.1658 , 37.495
15.2033 , 37.565
15.2508 , 37.68
15.3133 , 37.7925
15.3708 , 37.91
15.4683 , 37.9925
15.5208 , 38.05
15.5283 , 38.1
15.5183 , 38.1325
15.5233 , 38.1625
 1             194 
 1 
 -9999.0  ,   -9998.0
 19 
15.0717 , 37.2683
15.0945 , 37.2362
15.1317 , 37.1959
15.1607 , 37.1659
15.1907 , 37.139
15.2238 , 37.1183
15.2507 , 37.1048
15.2776 , 37.1038
15.2931 , 37.0914
15.2797 , 37.0728
15.2652 , 37.0583
15.2331 , 37.0469
15.1917 , 37.0728
15.1503 , 37.1048
15.1017 , 37.1421
15.0614 , 37.1835
15.0272 , 37.2341
15.0314 , 37.261
15.049 , 37.2724
 1             195 
 1 
 -9999.0  ,   -9998.0
 78 
16.2142 , 38.2569
16.1988 , 38.2286
16.2194 , 38.1926
16.2271 , 38.167
16.2091 , 38.1182
16.1834 , 38.0642
16.1731 , 38.
16.1269 , 37.9461
16.019 , 37.8999
15.9112 , 37.8947
15.8136 , 37.8999
15.7339 , 37.9127
15.6897 , 37.9259
15.6276 , 37.9983
15.6069 , 38.0914
15.6172 , 38.1793
15.6224 , 38.231
15.6483 , 38.2569
15.7 , 38.2672
15.7207 , 38.35
15.7414 , 38.4845
15.7466 , 38.6086
15.7517 , 38.7431
15.7414 , 38.8569
15.7 , 39.0121
15.6379 , 39.1672
15.5655 , 39.281
15.4828 , 39.3638
15.4707 , 39.3828
15.4241 , 39.4552
15.3724 , 39.5638
15.3155 , 39.6724
15.2793 , 39.7707
15.2586 , 39.8897
15.2172 , 40.
15.1034 , 40.
15.1241 , 39.9362
15.1655 , 39.8793
15.2017 , 39.7655
15.2379 , 39.6569
15.269 , 39.5483
15.3155 , 39.4759
15.3466 , 39.3983
15.3983 , 39.3414
15.4259 , 39.3121
15.4776 , 39.2655
15.519 , 39.2035
15.5603 , 39.1414
15.6069 , 39.069
15.6276 , 38.9759
15.6534 , 38.8724
15.6483 , 38.7535
15.6534 , 38.619
15.6586 , 38.5052
15.6586 , 38.4172
15.6586 , 38.3293
15.669 , 38.2879
15.6586 , 38.2672
15.5966 , 38.2362
15.581 , 38.1845
15.5552 , 38.0966
15.55 , 37.9983
15.6069 , 37.9052
15.6261 , 37.8844
15.7057 , 37.8511
15.793 , 37.8433
15.9086 , 37.8331
16.0242 , 37.8382
16.1064 , 37.8536
16.1886 , 37.9153
16.2348 , 37.9872
16.2553 , 38.0617
16.2861 , 38.1207
16.3016 , 38.1875
16.3016 , 38.2235
16.3016 , 38.2492
16.2656 , 38.2748
16.2322 , 38.2851
 1             196 
 1 
 -9999.0  ,   -9998.0
 17 
15.2841 , 37.1011
15.2417 , 37.1155
15.222 , 37.1373
15.1993 , 37.159
15.163 , 37.1817
15.1279 , 37.22
15.0958 , 37.249
15.0751 , 37.249
15.0627 , 37.2314
15.0689 , 37.2159
15.0968 , 37.1942
15.1051 , 37.1673
15.1403 , 37.1321
15.1734 , 37.1021
15.2065 , 37.0783
15.2334 , 37.068
15.2562 , 37.0773
 1             197 
 1 
 -9999.0  ,   -9998.0
 24 
15.0834 , 37.2635
15.1093 , 37.2438
15.1362 , 37.2148
15.1589 , 37.1921
15.1879 , 37.1724
15.2034 , 37.1621
15.2158 , 37.1445
15.2282 , 37.1228
15.2458 , 37.1104
15.2655 , 37.1031
15.2903 , 37.098
15.2996 , 37.0917
15.2996 , 37.0762
15.2872 , 37.068
15.2613 , 37.0586
15.2355 , 37.0711
15.1962 , 37.0876
15.1517 , 37.1145
15.1196 , 37.1404
15.0906 , 37.1735
15.0648 , 37.2035
15.0379 , 37.2335
15.0379 , 37.2542
15.0575 , 37.2676
 1             198 
 1 
 -9999.0  ,   -9998.0
 70
16.7917 , 40.
16.7875 , 39.9458
16.7667 , 39.8458
16.7208 , 39.7708
16.7958 , 39.75
16.9292 , 39.7
17.0417 , 39.6583
17.1583 , 39.5833
17.2625 , 39.5042
17.2875 , 39.3917
17.2833 , 39.2667
17.2542 , 39.1625
17.2549 , 39.12
17.3174 , 39.0408
17.3007 , 38.945
17.1382 , 38.8325
16.9507 , 38.7825
16.759 , 38.7408
16.684 , 38.6533
16.684 , 38.5241
16.684 , 38.37
16.634 , 38.2575
16.459 , 38.1658
16.334 , 38.1241
16.2507 , 37.9616
16.1049 , 37.8533
15.9215 , 37.8408
15.7257 , 37.8283
15.5924 , 37.9075
15.584 , 37.9575
15.6215 , 38.0866
15.6259 , 38.1455
15.6579 , 38.1497
15.6786 , 38.1103
15.6757 , 38.0575
15.6924 , 37.9866
15.7257 , 37.9325
15.9257 , 37.92
16.1007 , 37.9241
16.1507 , 38.0158
16.2424 , 38.1783
16.3757 , 38.2491
16.5174 , 38.3158
16.5757 , 38.3908
16.6007 , 38.4658
16.6007 , 38.5491
16.5924 , 38.6741
16.634 , 38.7991
16.759 , 38.8491
16.9007 , 38.8825
17.0507 , 38.9075
17.1215 , 38.8908
17.2049 , 38.9575
17.234 , 39.0408
17.234 , 39.0408
17.1674 , 39.1158
17.159 , 39.1908
17.1875 , 39.2458
17.2042 , 39.3875
17.1667 , 39.4667
17.1042 , 39.525
16.9917 , 39.5875
16.9042 , 39.625
16.8 , 39.6708
16.6625 , 39.6833
16.6172 , 39.7286
16.625 , 39.775
16.6792 , 39.8458
16.7083 , 39.9458
16.7 , 40.
 1             199 
 1 
 -9999.0  ,   -9998.0
 33
15. , 38.2464
15.2258 , 38.3483
15.2733 , 38.3475
15.3367 , 38.3533
15.4067 , 38.3517
15.4708 , 38.3533
15.5275 , 38.3467
15.5775 , 38.3292
15.6167 , 38.3158
15.6417 , 38.3108
15.6608 , 38.3017
15.669 , 38.2879
15.6586 , 38.2672
15.5966 , 38.2362
15.581 , 38.1845
15.5552 , 38.0966
15.6069 , 38.0914
15.6172 , 38.1793
15.6224 , 38.231
15.6710 , 38.2455
15.7 , 38.2672
15.7033 , 38.2825
15.6983 , 38.3067
15.6617 , 38.3317
15.6058 , 38.3642
15.565 , 38.3833
15.52 , 38.4025
15.46 , 38.4158
15.4017 , 38.4183
15.3367 , 38.4192
15.2825 , 38.4175
15.2258 , 38.4108
15. , 38.3317
 1             200 
 1 
 -9999.0  ,   -9998.0
 28 
15.6655 , 38.1386
15.6438 , 38.1386
15.6179 , 38.1272
15.6138 , 38.1035
15.6097 , 38.0786
15.5879 , 38.0383
15.531 , 38.0083
15.4917 , 37.9783
15.44 , 37.9524
15.3934 , 37.9235
15.3552 , 37.8883
15.3262 , 37.881
15.2993 , 37.8831
15.2734 , 37.8769
15.2621 , 37.8572
15.2683 , 37.8335
15.2972 , 37.8252
15.3376 , 37.8324
15.3841 , 37.8552
15.4307 , 37.8883
15.4752 , 37.9266
15.5176 , 37.939
15.5683 , 37.9783
15.6252 , 38.0228
15.6448 , 38.0693
15.6614 , 38.089
15.6707 , 38.1117
15.6624 , 38.1366
 1             201 
 1 
 -9999.0  ,   -9998.0
 14 
15.2993 , 37.8821
15.2517 , 37.9048
15.1917 , 37.9276
15.14 , 37.9441
15.0717 , 37.9566
15.0262 , 37.9648
15. , 37.9692
15. , 37.8708
15.02 , 37.8841
15.0966 , 37.8862
15.1628 , 37.8717
15.2145 , 37.8552
15.2579 , 37.8324
15.2869 , 37.8635
 1             202 
 2 
 -9998.0  ,   -9997.0
  -344.4  ,    -343.3
 5
 15.30078	37.06406 
 15.29864      37.05633 
 15.29686      37.0555 
 15.29317      37.06067 
 15.30078	37.06406 
 1             203 
 1 
 -9999.0  ,   -9998.0
 44 
15.0862 , 37.4872
15.0997 , 37.4738
15.111 , 37.4541
15.1255 , 37.4324
15.1369 , 37.4003
15.1462 , 37.3786
15.1617 , 37.361
15.1866 , 37.331
15.2072 , 37.3145
15.23 , 37.2938
15.2486 , 37.2824
15.2631 , 37.2628
15.2807 , 37.2359
15.3003 , 37.1986
15.3034 , 37.1686
15.3107 , 37.1355
15.3097 , 37.1086
15.3107 , 37.0879
15.3066 , 37.0755
15.3034 , 37.0662
15.2962 , 37.0641
15.2983 , 37.06
15.3034 , 37.06
15.3138 , 37.0662
15.319 , 37.0745
15.3231 , 37.091
15.3252 , 37.1117
15.3221 , 37.1417
15.3179 , 37.1717
15.3117 , 37.2017
15.2952 , 37.24
15.2755 , 37.27
15.2569 , 37.2917
15.2424 , 37.3031
15.2155 , 37.3217
15.199 , 37.3393
15.1741 , 37.3683
15.1597 , 37.3848
15.1493 , 37.4055
15.139 , 37.4376
15.1255 , 37.4583
15.11 , 37.4779
15.1059 , 37.4914
15.0934 , 37.4976
 1             204 
 1 
 -9999.0  ,   -9998.0
 84
16.1007 , 37.9241
16.1507 , 38.0158
16.2424 , 38.1783
16.3757 , 38.2491
16.5174 , 38.3158
16.5757 , 38.3908
16.6007 , 38.4658
16.6007 , 38.5491
16.5924 , 38.6741
16.634 , 38.7991
16.759 , 38.8491
16.9007 , 38.8825
17.0507 , 38.9075
17.1215 , 38.8908
17.2049 , 38.9575
17.234 , 39.0408
17.234 , 39.0408
17.1674 , 39.1158
17.159 , 39.1908
17.1875 , 39.2458
17.2042 , 39.3875
17.1667 , 39.4667
17.1042 , 39.525
16.9917 , 39.5875
16.9042 , 39.625
16.8 , 39.6708
16.6625 , 39.6833
16.6262 , 39.7058
16.6076 , 39.7316
16.6076 , 39.7647
16.6407 , 39.7844
16.6883 , 39.7823
16.7208 , 39.7708
16.7958 , 39.75
16.9292 , 39.7
17.0417 , 39.6583
17.1583 , 39.5833
17.2625 , 39.5042
17.2875 , 39.3917
17.2833 , 39.2667
17.2542 , 39.1625
17.2549 , 39.12
17.3174 , 39.0408
17.3007 , 38.945
17.1382 , 38.8325
16.9507 , 38.7825
16.759 , 38.7408
16.684 , 38.6533
16.684 , 38.5241
16.684 , 38.37
16.634 , 38.2575
16.459 , 38.1658
16.334 , 38.1241
16.2507 , 37.9616
16.2242 , 37.9247
16.1828 , 37.8689
16.1124 , 37.8027
16.0338 , 37.7323
15.9614 , 37.6433
15.8911 , 37.5709
15.8228 , 37.4985
15.7524 , 37.424
15.6842 , 37.362
15.618 , 37.2895
15.5538 , 37.2316
15.5062 , 37.1695
15.4545 , 37.1364
15.4131 , 37.1054
15.3821 , 37.0661
15.3386 , 37.0578
15.3386 , 37.0889
15.3469 , 37.1199
15.3945 , 37.1737
15.4586 , 37.2358
15.498 , 37.2937
15.5745 , 37.3558
15.6221 , 37.4302
15.7028 , 37.484
15.7669 , 37.5502
15.8393 , 37.6289
15.9035 , 37.7054
15.9697 , 37.7861
16.0566 , 37.8461
16.0876 , 37.8999
 1             205 
 1 
 -9999.0  ,   -9998.0
 49 
20. , 38.6983
19.9062 , 38.7338
19.7717 , 38.7907
19.6062 , 38.8735
19.4407 , 38.951
19.2028 , 39.0648
18.97 , 39.1476
18.7269 , 39.251
18.4424 , 39.3597
18.189 , 39.4786
17.9562 , 39.5873
17.7079 , 39.6959
17.4752 , 39.789
17.2217 , 39.8459
16.989 , 39.8562
16.9107 , 39.8599
16.8259 , 39.8713
16.7338 , 39.8795
16.6666 , 39.8723
16.5807 , 39.8537
16.5404 , 39.8082
16.5062 , 39.7647
16.469 , 39.7409
16.4597 , 39.7006
16.4959 , 39.6923
16.5197 , 39.7089
16.5455 , 39.7389
16.5766 , 39.7895
16.6097 , 39.8227
16.6686 , 39.8299
16.7369 , 39.833
16.8186 , 39.8227
16.9004 , 39.7947
16.9579 , 39.7786
17.1338 , 39.7683
17.3096 , 39.7528
17.4441 , 39.7217
17.6614 , 39.6235
17.92 , 39.5097
18.1372 , 39.4166
18.401 , 39.2873
18.7062 , 39.1786
18.9545 , 39.0804
19.1665 , 39.0028
19.4148 , 38.8786
19.5855 , 38.8062
19.7407 , 38.7286
19.8959 , 38.6717
20. , 38.6155
 1             206 
 1 
 -9999.0  ,   -9998.0
 4
 15.29703      37.06833 
 15.30078      37.06406 
 15.29317      37.06067 
 15.28333      37.06378 
 1             207 
 1 
 -9999.0  ,   -9998.0
 57 
16.4325 , 39.775
16.4067 , 39.7181
16.3239 , 39.6664
16.2722 , 39.6147
16.2153 , 39.5423
16.2049 , 39.4388
16.2205 , 39.3405
16.236 , 39.2319
16.267 , 39.1543
16.298 , 39.0819
16.3549 , 39.0043
16.3963 , 38.9371
16.3912 , 38.8647
16.3343 , 38.7871
16.2567 , 38.7302
16.1636 , 38.6681
16.0808 , 38.5854
16.0446 , 38.4974
15.9877 , 38.4302
15.9256 , 38.3888
15.8636 , 38.3009
15.8015 , 38.2388
15.7239 , 38.1664
15.6515 , 38.1561
15.5998 , 38.1923
15.5791 , 38.2543
15.5118 , 38.244
15.4394 , 38.1871
15.336 , 38.1043
15.2843 , 38.0319
15.336 , 37.9854
15.4084 , 38.0319
15.486 , 38.1095
15.5274 , 38.1561
15.5687 , 38.1198
15.6205 , 38.0681
15.7032 , 38.0785
15.8118 , 38.1302
15.9049 , 38.1819
15.967 , 38.2492
16.0446 , 38.3474
16.1015 , 38.4147
16.1946 , 38.5181
16.2412 , 38.606
16.3549 , 38.6785
16.4377 , 38.7871
16.4687 , 38.875
16.4687 , 38.875
16.4739 , 38.9474
16.4325 , 39.0561
16.3705 , 39.1957
16.3549 , 39.356
16.3394 , 39.4285
16.3601 , 39.5267
16.4429 , 39.594
16.5049 , 39.6767
16.5049 , 39.7336
 1             208 
 1 
 -9999.0  ,   -9998.0
 12 
15.3884 , 37.9968
15.4339 , 38.0464
15.4732 , 38.0816
15.5063 , 38.123
15.5084 , 38.1561
15.4815 , 38.183
15.4277 , 38.1747
15.3822 , 38.1209
15.3449 , 38.0774
15.3056 , 38.0485
15.3035 , 38.0071
15.3387 , 37.9802
 1             209 
 1 
 -9999.0  ,   -9998.0
 23 
15.0677 , 37.7257
15.0739 , 37.7899
15.0925 , 37.8788
15.1359 , 37.9533
15.1794 , 38.0133
15.2125 , 38.0526
15.2518 , 38.1023
15.2973 , 38.1436
15.3449 , 38.1581
15.3904 , 38.1788
15.4401 , 38.1912
15.4877 , 38.1912
15.5084 , 38.1788
15.5208 , 38.1581
15.5104 , 38.1354
15.4608 , 38.1209
15.3925 , 38.1105
15.3325 , 38.0795
15.2725 , 38.0195
15.2725 , 38.0195
15.2166 , 37.9492
15.1339 , 37.6947
15.0842 , 37.6988
 1             210 
 1 
 -9999.0  ,   -9998.0
 14 
15.0465 , 37.2824
15.0755 , 37.2534
15.1065 , 37.2307
15.1272 , 37.1914
15.1396 , 37.15
15.1438 , 37.121
15.1334 , 37.1024
15.0962 , 37.1065
15.0755 , 37.1314
15.061 , 37.1728
15.0445 , 37.2059
15.0134 , 37.2307
15.0093 , 37.27
15.0258 , 37.2886
 1             211 
 1 
 -9999.0  ,   -9998.0
 11 
15.1541 , 37.09
15.1458 , 37.1479
15.1355 , 37.2059
15.1231 , 37.2328
15.0962 , 37.241
15.0631 , 37.2286
15.0569 , 37.1997
15.0548 , 37.1645
15.0569 , 37.1293
15.0776 , 37.0879
15.1148 , 37.0776
 1             212 
 1 
 -9999.0  ,   -9998.0
 31
16.3224 , 40.
16.2967 , 39.9628
16.2625 , 39.9038
16.2377 , 39.8169
16.2253 , 39.7176
16.2439 , 39.6493
16.2687 , 39.55
16.2905 , 39.4538
16.2905 , 39.3762
16.2998 , 39.3048
16.2998 , 39.1993
16.2843 , 39.1279
16.2812 , 39.0596
16.2749 , 39.0007
16.2718 , 38.9417
16.2563 , 38.9138
16.2253 , 38.9169
16.2098 , 38.9417
16.1943 , 39.0441
16.1943 , 39.1403
16.1943 , 39.221
16.1943 , 39.3048
16.1911 , 39.37
16.188 , 39.4538
16.1818 , 39.5562
16.1663 , 39.6555
16.1539 , 39.7455
16.1353 , 39.8355
16.1632 , 39.9348
16.1943 , 39.9845
16.2086 , 40.
 1             213 
 1 
 -9999.0  ,   -9998.0
 20
16.1943 , 39.3048
16.1911 , 39.37
16.188 , 39.4538
16.1818 , 39.5562
16.1663 , 39.6555
16.1539 , 39.7455
16.1353 , 39.8355
16.1632 , 39.9348
16.1943 , 39.9845
16.2086 , 40.
16.3224 , 40.
16.2967 , 39.9628
16.2625 , 39.9038
16.2377 , 39.8169
16.2253 , 39.7176
16.2439 , 39.6493
16.2687 , 39.55
16.2905 , 39.4538
16.2905 , 39.3762
16.2998 , 39.3048
 1             214 
 1 
 -9999.0  ,   -9998.0
 14 
16.8097 , 39.0952
16.8821 , 39.091
16.9607 , 39.1159
17.0207 , 39.1283
17.0641 , 39.1241
17.0972 , 39.0931
17.1034 , 39.0621
17.0683 , 39.0083
17.0207 , 39.
16.9503 , 39.0041
16.8262 , 39.0041
16.7207 , 39.0104
16.6876 , 39.0766
16.7393 , 39.12
 1             215 
 1 
 -9999.0  ,   -9998.0
 9 
17.0817 , 39.1283
17.0538 , 39.1138
17.0352 , 39.0952
17.0352 , 39.0662
17.0631 , 39.0528
17.0859 , 39.0559
17.1055 , 39.06
17.1055 , 39.0931
17.1003 , 39.119
 1             216 
 1 
 -9999.0  ,   -9998.0
 11 
16.9421 , 39.1331
16.9814 , 39.1393
17.0393 , 39.1393
17.0807 , 39.1331
17.0993 , 39.1145
17.0993 , 39.0772
17.1055 , 39.0504
17.0434 , 39.0172
16.9772 , 39.0214
16.9317 , 39.0607
16.9276 , 39.1145
 1             217 
 1 
 -9999.0  ,   -9998.0
 31 
16.2042 , 38.253
16.1763 , 38.222
16.1473 , 38.1848
16.0987 , 38.1651
16.0438 , 38.1217
15.9766 , 38.0896
15.9187 , 38.0668
15.8576 , 38.0679
15.808 , 38.0679
15.7625 , 38.0782
15.7325 , 38.0824
15.6994 , 38.0896
15.6756 , 38.0906
15.6652 , 38.071
15.6776 , 38.0524
15.7025 , 38.0441
15.7345 , 38.042
15.7707 , 38.042
15.8121 , 38.0348
15.8732 , 38.0286
15.9301 , 38.0317
15.9714 , 38.0441
16.0138 , 38.0689
16.0676 , 38.0886
16.1163 , 38.1227
16.1463 , 38.1475
16.1825 , 38.162
16.2114 , 38.1899
16.2342 , 38.2065
16.2425 , 38.2406
16.2259 , 38.252
 1             218 
 1 
 -9999.0  ,   -9998.0
 11
15. , 37.1024
15.0479 , 37.1004
15.11 , 37.0941
15.1576 , 37.09
15.201 , 37.0879
15.2238 , 37.0755
15.2176 , 37.0383
15.1762 , 37.0259
15.1121 , 37.03
15.0459 , 37.0341
15. , 37.0424
 1             219 
 1 
 -9999.0  ,   -9998.0
 6
15. , 37.3459
15.0286 , 37.3335
15.0493 , 37.3086
15.0472 , 37.2879
15.0307 , 37.259
15. , 37.2445
 1             220 
 1 
 -9999.0  ,   -9998.0
 19 
15.0007 , 37.2455
15.0245 , 37.2217
15.0597 , 37.1948
15.0917 , 37.17
15.1217 , 37.1503
15.1476 , 37.1235
15.1641 , 37.1038
15.1859 , 37.0976
15.2055 , 37.0976
15.2231 , 37.1121
15.2179 , 37.1369
15.2003 , 37.1524
15.1662 , 37.1783
15.1259 , 37.2135
15.0907 , 37.2579
15.0721 , 37.2879
15.0483 , 37.3097
15.0307 , 37.2952
15.0121 , 37.2621
 1             221 
 1 
 -9999.0  ,   -9998.0
 6
16.0728 , 40.
16.0728 , 39.9641
16.0479 , 39.9207
16.0076 , 39.9269
15.989 , 39.9548
15.9952 , 40.
 1             222 
 1 
 -9999.0  ,   -9998.0
 20 
15. , 37.3459
15.0283 , 37.3304
15.0541 , 37.3055
15.0872 , 37.2693
15.1152 , 37.2259
15.1462 , 37.1948
15.1721 , 37.1586
15.2062 , 37.1276
15.2403 , 37.1069
15.2631 , 37.1059
15.2848 , 37.0986
15.289 , 37.08
15.2703 , 37.0583
15.2362 , 37.0521
15.1886 , 37.0748
15.1607 , 37.1079
15.1141 , 37.1514
15.0707 , 37.2
15.0303 , 37.2321
15. , 37.2445
 1             223 
 1 
 -9999.0  ,   -9998.0
 80
17.1959 , 40.
17.1942 , 39.9683
17.1992 , 39.8933
17.2192 , 39.8008
17.2417 , 39.7033
17.2467 , 39.6058
17.2567 , 39.5008
17.2592 , 39.3858
17.2617 , 39.2808
17.2642 , 39.1858
17.2617 , 39.1058
17.2617 , 39.0008
17.2049 , 38.9575
17.1215 , 38.8908
17.0507 , 38.9075
16.9007 , 38.8825
16.759 , 38.8491
16.634 , 38.7991
16.5924 , 38.6741
16.6007 , 38.5491
16.6007 , 38.4658
16.5757 , 38.3908
16.5174 , 38.3158
16.3757 , 38.2491
16.2424 , 38.1783
16.1507 , 38.0158
16.1007 , 37.9241
16.0876 , 37.8999
16.0566 , 37.8461
15.9697 , 37.7861
15.9035 , 37.7054
15.8393 , 37.6289
15.7669 , 37.5502
15.7028 , 37.484
15.6221 , 37.4302
15.5745 , 37.3558
15.498 , 37.2937
15.4586 , 37.2358
15.3945 , 37.1737
15.3469 , 37.1199
15.3386 , 37.0889
15.3386 , 37.0578
15.3821 , 37.0661
15.4131 , 37.1054
15.4545 , 37.1364
15.5062 , 37.1695
15.5538 , 37.2316
15.618 , 37.2895
15.6842 , 37.362
15.7524 , 37.424
15.8228 , 37.4985
15.8911 , 37.5709
15.9614 , 37.6433
16.0338 , 37.7323
16.1124 , 37.8027
16.1828 , 37.8689
16.2242 , 37.9247
16.2507 , 37.9616
16.334 , 38.1241
16.459 , 38.1658
16.634 , 38.2575
16.684 , 38.37
16.684 , 38.5241
16.684 , 38.6533
16.759 , 38.7408
16.9507 , 38.7825
17.1382 , 38.8325
17.3007 , 38.945
17.3467 , 39.0158
17.3592 , 39.0933
17.3542 , 39.1883
17.3542 , 39.2833
17.3467 , 39.3933
17.3467 , 39.4908
17.3392 , 39.6083
17.3342 , 39.7183
17.3217 , 39.8158
17.3142 , 39.9008
17.3117 , 39.9758
17.3117 , 40.
 1             224 
 1 
 -9999.0  ,   -9998.0
 41 
15. , 37.2445
15.04 , 37.2767
15.0711 , 37.3189
15.08 , 37.3611
15.0778 , 37.4278
15.0778 , 37.4767
15.0911 , 37.4945
15.1089 , 37.5434
15.1378 , 37.5789
15.16 , 37.6523
15.1911 , 37.7056
15.2022 , 37.7656
15.2422 , 37.8189
15.28 , 37.8456
15.3066 , 37.8811
15.3378 , 37.9278
15.3822 , 37.9856
15.4355 , 38.0389
15.4666 , 38.09
15.5044 , 38.1323
15.5378 , 38.17
15.5555 , 38.1789
15.5622 , 38.2189
15.5378 , 38.2367
15.4889 , 38.2389
15.4489 , 38.1923
15.4044 , 38.1678
15.3622 , 38.0811
15.3022 , 38.0189
15.26 , 37.9567
15.22 , 37.9034
15.1911 , 37.8589
15.1333 , 37.7989
15.1111 , 37.7256
15.0955 , 37.69
15.0755 , 37.6189
15.0378 , 37.5656
15.0178 , 37.5034
15.0133 , 37.4323
15.0133 , 37.3745
15. , 37.3459
 1             225 
 1 
 -9999.0  ,   -9998.0
 60 
15.3034 , 37.06
15.3138 , 37.0662
15.319 , 37.0745
15.3231 , 37.091
15.3252 , 37.1117
15.3221 , 37.1417
15.3179 , 37.1717
15.3117 , 37.2017
15.2952 , 37.24
15.2755 , 37.27
15.2569 , 37.2917
15.2533 , 37.3133
15.2433 , 37.345
15.24 , 37.3917
15.24 , 37.4267
15.2533 , 37.4767
15.27 , 37.54
15.29 , 37.59
15.3217 , 37.6583
15.35 , 37.71
15.385 , 37.7533
15.4167 , 37.7967
15.4483 , 37.8383
15.49 , 37.8833
15.535 , 37.955
15.5667 , 38.0067
15.5917 , 38.0567
15.6083 , 38.0917
15.5933 , 38.1117
15.5767 , 38.1117
15.5533 , 38.1
15.545 , 38.0717
15.5233 , 38.0217
15.4967 , 37.97
15.4517 , 37.9033
15.4033 , 37.86
15.375 , 37.8233
15.345 , 37.765
15.3133 , 37.7167
15.2783 , 37.6717
15.2533 , 37.5983
15.2333 , 37.5467
15.215 , 37.48
15.21 , 37.4267
15.205 , 37.3867
15.2133 , 37.345
15.225 , 37.31
15.23 , 37.2938
15.2486 , 37.2824
15.2631 , 37.2628
15.2807 , 37.2359
15.3003 , 37.1986
15.3034 , 37.1686
15.3107 , 37.1355
15.3097 , 37.1086
15.3107 , 37.0879
15.3066 , 37.0755
15.3034 , 37.0662
15.2962 , 37.0641
15.2983 , 37.06
 1             226 
 1 
 -9999.0  ,   -9998.0
 19 
15.2117 , 37.1525
15.22 , 37.1383
15.2325 , 37.125
15.2442 , 37.1142
15.255 , 37.1125
15.2525 , 37.1042
15.2358 , 37.0967
15.2258 , 37.0875
15.2175 , 37.0817
15.2017 , 37.0708
15.18 , 37.0758
15.1517 , 37.0883
15.1258 , 37.1108
15.0933 , 37.1333
15.0667 , 37.1508
15.0583 , 37.17
15.0908 , 37.1808
15.1417 , 37.1808
15.1842 , 37.1683
 1             227 
 1 
 -9999.0  ,   -9998.0
 12 
15.2617 , 37.1077
15.2713 , 37.1065
15.2808 , 37.1062
15.2877 , 37.1062
15.2937 , 37.1032
15.2964 , 37.0972
15.2952 , 37.0937
15.2862 , 37.0952
15.2781 , 37.0963
15.268 , 37.0943
15.2551 , 37.0972
15.2575 , 37.1047
 1             228 
 1 
 -9999.0  ,   -9998.0
 8 
15.2294 , 37.0922
15.2311 , 37.0806
15.2402 , 37.0714
15.2369 , 37.0639
15.2052 , 37.0606
15.1952 , 37.0722
15.1961 , 37.0872
15.2119 , 37.0981
 1             229 
 1 
 -9999.0  ,   -9998.0
 11 
15.2486 , 37.0956
15.2344 , 37.0931
15.2219 , 37.0931
15.2044 , 37.0881
15.1986 , 37.0797
15.1927 , 37.0639
15.2161 , 37.0547
15.2344 , 37.0556
15.2527 , 37.0614
15.2561 , 37.0781
15.2552 , 37.0897
 1             230 
 1 
 -9999.0  ,   -9998.0
 31  
15.444 , 37.0072
15.4442 , 37.0308
15.4433 , 37.06
15.4325 , 37.0925
15.41 , 37.1092
15.3792 , 37.1117
15.3442 , 37.1117
15.3317 , 37.1030
15.3273 , 37.0941
15.3243 , 37.0797
15.3191 , 37.0663
15.3057 , 37.0583
15.2978 , 37.0543
15.2921 , 37.0561
15.2879 , 37.0585
15.2801 , 37.0519
15.2864 , 37.0453
15.2939 , 37.0411
15.3044 , 37.0453
15.323 , 37.048
15.338 , 37.0474
15.3492 , 37.0442
15.365 , 37.035
15.3675 , 37.0225
15.3667 , 37.0072
15.37 , 37.
15.3829 , 36.9925
15.402 , 36.991
15.4173 , 36.9919
15.4311 , 36.9925
15.4404 , 36.9967
 1             231 
 1 
 -9999.0  ,   -9998.0
 17 
15.2983 , 37.06
15.3034 , 37.06
15.3138 , 37.0662
15.319 , 37.0745
15.3231 , 37.091
15.3252 , 37.1117
15.3221 , 37.1417
15.3179 , 37.1717
15.3117 , 37.2017
15.3003 , 37.1986
15.3034 , 37.1686
15.3107 , 37.1355
15.3097 , 37.1086
15.3107 , 37.0879
15.3066 , 37.0755
15.3034 , 37.0662
15.2962 , 37.0641
 1             232 
 1 
 -9999.0  ,   -9998.0
 18 
15.3823 , 37.1116
15.374 , 37.1282
15.3715 , 37.1541
15.3656 , 37.1807
15.3523 , 37.2041
15.334 , 37.2149
15.3148 , 37.2149
15.2998 , 37.2141
15.2881 , 37.2024
15.289 , 37.1866
15.309 , 37.1791
15.329 , 37.169
15.3356 , 37.1391
15.3348 , 37.1124
15.329 , 37.1024
15.3373 , 37.0966
15.3598 , 37.0957
15.3781 , 37.1041
 1             233 
 1 
 -9999.0  ,   -9998.0
 65
15.5035 , 38.0499
15.4185 , 37.8799
15.3235 , 37.7549
15.2485 , 37.5949
15.1658 , 37.495
15.1683 , 37.39
15.2483 , 37.3125
15.2858 , 37.22
15.2708 , 37.1375
15.2508 , 37.1
15.2333 , 37.065
15.2583 , 37.04
15.3208 , 37.0775
15.3533 , 37.135
15.3433 , 37.25
15.2933 , 37.345
15.2183 , 37.4075
15.2233 , 37.485
15.3485 , 37.5649
15.4185 , 37.6949
15.5035 , 37.8299
15.5535 , 37.9349
15.6069 , 38.0914
15.6172 , 38.1793
15.6224 , 38.231
15.6710 , 38.2455
15.7 , 38.2672
15.7033 , 38.2825
15.6983 , 38.3067
15.6617 , 38.3317
15.6058 , 38.3642
15.565 , 38.3833
15.52 , 38.4025
15.46 , 38.4158
15.4017 , 38.4183
15.3367 , 38.4192
15.2825 , 38.4175
15.2258 , 38.4108
15.1867 , 38.4197
15.1308 , 38.4306
15.0892 , 38.4514
15.0575 , 38.4764
15.0267 , 38.4872
15. , 38.4939
15. , 38.4322
15.0183 , 38.4164
15.0525 , 38.3847
15.1092 , 38.3647
15.1608 , 38.3547
15.1975 , 38.3522
15.2258 , 38.3483
15.2733 , 38.3475
15.3367 , 38.3533
15.4067 , 38.3517
15.4708 , 38.3533
15.5275 , 38.3467
15.5775 , 38.3292
15.6167 , 38.3158
15.6417 , 38.3108
15.6608 , 38.3017
15.669 , 38.2879
15.6586 , 38.2672
15.5966 , 38.2362
15.581 , 38.1845
15.5552 , 38.0966
 1             234 
 1 
 -9999.0  ,   -9998.0
 26 
15.2903 , 37.0691
15.2944 , 37.0617
15.297 , 37.0564
15.2999 , 37.0557
15.3074 , 37.0639
15.3122 , 37.0758
15.3174 , 37.0903
15.3271 , 37.1056
15.3368 , 37.1156
15.3468 , 37.1201
15.3658 , 37.1219
15.3844 , 37.1123
15.39 , 37.0918
15.3889 , 37.0784
15.3818 , 37.0661
15.3621 , 37.052
15.3476 , 37.0464
15.3293 , 37.0442
15.313 , 37.0449
15.3033 , 37.046
15.2918 , 37.0427
15.2843 , 37.0479
15.278 , 37.055
15.2709 , 37.062
15.2713 , 37.0698
15.2817 , 37.0736
 1             235 
 1 
 -9999.0  ,   -9998.0
 20
16.3224 , 40.
16.2967 , 39.9628
16.2625 , 39.9038
16.2377 , 39.8169
16.2253 , 39.7176
16.2439 , 39.6493
16.2687 , 39.55
16.2905 , 39.4538
16.2905 , 39.3762
16.2998 , 39.3048
16.1943 , 39.3048
16.1911 , 39.37
16.188 , 39.4538
16.1818 , 39.5562
16.1663 , 39.6555
16.1539 , 39.7455
16.1353 , 39.8355
16.1632 , 39.9348
16.1943 , 39.9845
16.2086 , 40.
 1             236 
 1 
 -9999.0  ,   -9998.0
 59
20. , 39.6571
19.9757 , 39.6806
19.9744 , 39.7385
19.9716 , 39.7771
19.9757 , 39.8158
19.9675 , 39.853
19.9233 , 39.8654
19.842 , 39.8847
19.7813 , 39.8861
19.6971 , 39.8806
19.6254 , 39.8516
19.5826 , 39.8075
19.5675 , 39.762
19.5813 , 39.7054
19.6199 , 39.6461
19.6654 , 39.5951
19.7344 , 39.533
19.7633 , 39.4668
19.8157 , 39.4227
19.8889 , 39.3937
19.9468 , 39.3661
20. , 39.3551
20. , 39.5633
19.9826 , 39.6089
19.9509 , 39.6171
19.933 , 39.5951
19.9192 , 39.5537
19.9385 , 39.5109
19.9592 , 39.493
20. , 39.4806
20. , 39.4006
19.9564 , 39.4144
19.9026 , 39.4337
19.8502 , 39.4558
19.8254 , 39.5233
19.7992 , 39.5647
19.7551 , 39.5978
19.7192 , 39.6227
19.6723 , 39.6751
19.6364 , 39.7151
19.6157 , 39.7606
19.6433 , 39.7882
19.6806 , 39.824
19.733 , 39.8282
19.784 , 39.8392
19.8433 , 39.8433
19.8916 , 39.8309
19.9316 , 39.8171
19.9523 , 39.7923
19.9523 , 39.7716
19.944 , 39.7495
19.9082 , 39.7151
19.8737 , 39.7137
19.8544 , 39.6985
19.8668 , 39.6668
19.8999 , 39.642
19.9495 , 39.6185
19.9813 , 39.6089
20. , 39.5964
 1             237 
 1 
 -9999.0  ,   -9998.0
 12 
16.3052 , 39.2193
16.3207 , 39.2607
16.3279 , 39.3135
16.299 , 39.3548
16.2597 , 39.3848
16.2203 , 39.3817
16.1997 , 39.361
16.1821 , 39.3383
16.1676 , 39.2917
16.1831 , 39.2514
16.209 , 39.2193
16.2597 , 39.2121
 1             238 
 1 
 -9999.0  ,   -9998.0
 56 
15.9755 , 37.3457
16.2205 , 37.4057
16.5005 , 37.5157
16.7905 , 37.6057
17.1305 , 37.7357
17.4305 , 37.8557
17.7005 , 37.9557
17.9955 , 38.0657
18.3305 , 38.1907
18.6105 , 38.3457
18.9005 , 38.5107
19.2255 , 38.7407
19.4755 , 38.8607
19.6555 , 38.9957
19.9005 , 39.1507
20. , 39.1973
20. , 39.2904
19.8955 , 39.2507
19.7405 , 39.1057
19.6205 , 39.0707
19.4405 , 38.9357
19.1805 , 38.8257
18.8655 , 38.6007
18.5505 , 38.4307
18.2755 , 38.2907
17.9455 , 38.1407
17.6705 , 38.0557
17.3955 , 37.9457
17.0805 , 37.8057
16.7555 , 37.6957
16.4955 , 37.5857
16.1955 , 37.4857
15.9705 , 37.4107
15.908 , 37.4021
15.8232 , 37.3732
15.7425 , 37.3421
15.6659 , 37.2987
15.5749 , 37.2387
15.5066 , 37.1849
15.4239 , 37.1311
15.3535 , 37.0939
15.3183 , 37.0835
15.2935 , 37.0897
15.2728 , 37.0959
15.2521 , 37.069
15.2728 , 37.0421
15.2935 , 37.0463
15.3142 , 37.0545
15.3742 , 37.0566
15.4673 , 37.0814
15.5501 , 37.1394
15.6101 , 37.1973
15.7052 , 37.2594
15.7756 , 37.2987
15.8439 , 37.3235
15.9204 , 37.3401
 1             239 
 1 
 -9999.0  ,   -9998.0
 34
20. , 39.2904
19.8535 , 39.3349
19.5935 , 39.3299
19.2585 , 39.3149
18.9635 , 39.3249
18.6535 , 39.3149
18.4835 , 39.3149
18.1935 , 39.3149
17.8985 , 39.2549
17.6035 , 39.2149
17.3335 , 39.1549
17.1985 , 39.1149
17.1511 , 39.1221
17.119 , 39.1201
17.0932 , 39.1066
17.0849 , 39.0859
17.0963 , 39.0559
17.1283 , 39.0383
17.1614 , 39.0352
17.1873 , 39.0404
17.2142 , 39.0404
17.2628 , 39.0394
17.3166 , 39.0373
17.3785 , 39.0449
17.6335 , 39.1049
17.9135 , 39.1449
18.2135 , 39.2099
18.4785 , 39.2099
18.6835 , 39.1999
18.9735 , 39.2249
19.2685 , 39.2099
19.6135 , 39.2399
19.8535 , 39.2349
20. , 39.1973
 1             240 
 1 
 -9999.0  ,   -9998.0
 32 
15.5491 , 38.2243
15.5739 , 38.2264
15.5873 , 38.2326
15.6029 , 38.243
15.6142 , 38.2502
15.637 , 38.2554
15.6504 , 38.2585
15.6567 , 38.2647
15.6701 , 38.2843
15.6846 , 38.2999
15.7011 , 38.3195
15.7311 , 38.3268
15.757 , 38.3268
15.7777 , 38.3216
15.8015 , 38.303
15.8118 , 38.2823
15.7922 , 38.2523
15.7663 , 38.2471
15.7342 , 38.2523
15.7177 , 38.2626
15.7073 , 38.2626
15.6835 , 38.2595
15.667 , 38.2502
15.6473 , 38.245
15.6308 , 38.2347
15.6277 , 38.2212
15.6122 , 38.2006
15.5894 , 38.1778
15.5635 , 38.1643
15.5356 , 38.1643
15.517 , 38.1871
15.5211 , 38.2171
 1             241 
 1 
 -9999.0  ,   -9998.0
 42 
15.7829 , 38.305
15.8015 , 38.3381
15.8242 , 38.394
15.8573 , 38.4312
15.8842 , 38.4561
15.9194 , 38.4561
15.9339 , 38.485
15.9194 , 38.5099
15.8842 , 38.5326
15.8511 , 38.5761
15.8056 , 38.6257
15.8139 , 38.6795
15.8615 , 38.7085
15.9153 , 38.7064
15.9546 , 38.7106
15.996 , 38.7064
16.0146 , 38.7209
16.0353 , 38.7519
16.0353 , 38.7561
16.0415 , 38.7892
16.0663 , 38.8306
16.056 , 38.8699
15.998 , 38.8864
15.9711 , 38.8512
15.9629 , 38.8202
15.9463 , 38.7871
15.9132 , 38.7768
15.8553 , 38.783
15.8015 , 38.7685
15.7477 , 38.7395
15.7229 , 38.6795
15.7208 , 38.6216
15.7498 , 38.5699
15.7891 , 38.5388
15.7911 , 38.4995
15.7725 , 38.4768
15.7684 , 38.4312
15.7415 , 38.4023
15.7187 , 38.365
15.7001 , 38.3237
15.7104 , 38.3009
15.7498 , 38.2906
 1             242 
 1 
 -9999.0  ,   -9998.0
 31 
15.8397 , 38.3211
15.873 , 38.3845
15.903 , 38.4428
15.9363 , 38.4961
15.9647 , 38.5545
16.0047 , 38.6028
16.0263 , 38.6611
16.0697 , 38.7045
16.1113 , 38.7061
16.1413 , 38.6811
16.1297 , 38.6261
16.0813 , 38.5595
16.048 , 38.5028
16.008 , 38.4345
15.9547 , 38.3511
15.9097 , 38.2645
15.8613 , 38.2195
15.8453 , 38.2151
15.8223 , 38.2092
15.8003 , 38.2077
15.7772 , 38.2077
15.762 , 38.2159
15.7467 , 38.2293
15.7374 , 38.2419
15.7326 , 38.2531
15.7523 , 38.2613
15.7776 , 38.2691
15.7925 , 38.2769
15.8115 , 38.2836
15.8234 , 38.2966
15.8319 , 38.3104
 1             243 
 2 
 -9998.0  ,   -9997.0
  -430.5  ,    -1.0
 4 
 16.4675	38.7433
16.4708 , 38.6175
16.4708 , 38.5442
16.4408	38.4942
 1             244 
 2 
 -9998.0  ,   -9997.0
  -293.2  ,    -289.5
 11 
 16.4675	38.7433
16.446 , 38.7406
16.4242 , 38.7406
16.3932 , 38.7447
16.3642 , 38.7488
16.3425 , 38.7509
16.3115 , 38.7602
16.2867 , 38.7633
16.2598 , 38.7726
16.2318 , 38.784
  16.2078	38.7941
  1           245
1
 -9999.0  ,  -9998.0
 12 
15.1597 , 37.1562
15.1472 , 37.1821
15.1286 , 37.2162
15.111 , 37.2307
15.0893 , 37.2348
15.0717 , 37.2255
15.0676 , 37.21
15.0759 , 37.1945
15.0821 , 37.1707
15.0976 , 37.1407
15.1245 , 37.121
15.17 , 37.1303
  1           246
1
 -9999.0  ,  -9998.0
 26 
16.3991 , 39.8072
16.4147 , 39.8005
16.4384 , 39.7922
16.4597 , 39.7819
16.4814 , 39.77
16.4897 , 39.7524
16.4902 , 39.7426
16.4809 , 39.7395
16.4669 , 39.7322
16.4617 , 39.7183
16.4695 , 39.7012
16.4814 , 39.6904
16.4964 , 39.6898
16.5072 , 39.6966
16.5124 , 39.71
16.5191 , 39.7141
16.5248 , 39.7048
16.5233 , 39.6867
16.5041 , 39.6536
16.4772 , 39.6391
16.4431 , 39.6226
16.4028 , 39.6169
16.3753 , 39.6428
16.366 , 39.6769
16.3676 , 39.7193
16.3852 , 39.7674
 1             247 
 1 
 -9999.0  ,   -9998.0
 57
16.7917 , 40.
16.7875 , 39.9458
16.7667 , 39.8458
16.7208 , 39.7708
16.7958 , 39.75
16.9292 , 39.7
17.0417 , 39.6583
17.1583 , 39.5833
17.2625 , 39.5042
17.2875 , 39.3917
17.2833 , 39.2667
17.2542 , 39.1625
17.2549 , 39.12
17.3174 , 39.0408
17.3007 , 38.945
17.1382 , 38.8325
16.9507 , 38.7825
16.759 , 38.7408
16.684 , 38.6533
16.684 , 38.5241
16.684 , 38.37
16.634 , 38.2575
16.459 , 38.1658
16.2817 , 38.1245
16.2424 , 38.1783
16.3757 , 38.2491
16.5174 , 38.3158
16.5757 , 38.3908
16.6007 , 38.4658
16.6007 , 38.5491
16.5924 , 38.6741
16.634 , 38.7991
16.759 , 38.8491
16.9007 , 38.8825
17.0507 , 38.9075
17.1215 , 38.8908
17.2049 , 38.9575
17.234 , 39.0408
17.234 , 39.0408
17.1674 , 39.1158
17.159 , 39.1908
17.1875 , 39.2458
17.2042 , 39.3875
17.1667 , 39.4667
17.1042 , 39.525
16.9917 , 39.5875
16.9042 , 39.625
16.8 , 39.6708
16.6625 , 39.6833
16.475 , 39.675
16.4417 , 39.7167
16.4625 , 39.775
16.5292 , 39.775
16.625 , 39.775
16.6792 , 39.8458
16.7083 , 39.9458
16.7 , 40.
 1             248 
 1 
 -9999.0  ,   -9998.0
 21
15. , 37.0046
15.0254 , 37.0219
15.0668 , 37.0343
15.1164 , 37.0508
15.1474 , 37.0705
15.1723 , 37.0788
15.2033 , 37.0922
15.2354 , 37.0984
15.253 , 37.1036
15.2747 , 37.1025
15.2902 , 37.1005
15.2995 , 37.0777
15.2943 , 37.0694
15.2726 , 37.0663
15.2488 , 37.057
15.2074 , 37.0539
15.1723 , 37.0281
15.1268 , 37.0043
15.075 , 36.9877
15.0357 , 36.9546
15. , 36.9305
 1             249 
 1 
 -9999.0  ,   -9998.0
 14 
15.6524 , 38.1233
15.6573 , 38.1274
15.6621 , 38.133
15.6707 , 38.136
15.6822 , 38.136
15.6867 , 38.1256
15.6878 , 38.1159
15.6822 , 38.1081
15.6748 , 38.1025
15.6673 , 38.1047
15.6584 , 38.1073
15.6584 , 38.1073
15.6539 , 38.1151
15.6521 , 38.1185
 1             250 
 1 
 -9999.0  ,   -9998.0
 55 
15.2858 , 37.22
15.2483 , 37.3125
15.1683 , 37.39
15.1658 , 37.495
15.2033 , 37.565
15.2508 , 37.68
15.3133 , 37.7925
15.3708 , 37.91
15.4683 , 37.9925
15.5208 , 38.05
15.5283 , 38.1
15.5183 , 38.1325
15.5233 , 38.1625
15.5337 , 38.1877
15.5471 , 38.2026
15.5649 , 38.2078
15.5798 , 38.2063
15.5962 , 38.1978
15.607 , 38.1855
15.6193 , 38.1691
15.6315 , 38.1553
15.6446 , 38.1416
15.6479 , 38.1312
15.6442 , 38.1196
15.6326 , 38.1114
15.6215 , 38.1137
15.61 , 38.1308
15.604 , 38.1483
15.5951 , 38.1565
15.5839 , 38.165
15.575 , 38.1639
15.5733 , 38.155
15.5733 , 38.105
15.5683 , 38.0375
15.5258 , 37.965
15.4208 , 37.885
15.3633 , 37.775
15.3058 , 37.665
15.2633 , 37.55
15.2233 , 37.485
15.2183 , 37.4075
15.2933 , 37.345
15.3433 , 37.25
15.3509 , 37.2318
15.3633 , 37.1894
15.3685 , 37.148
15.3654 , 37.0911
15.3509 , 37.0611
15.3343 , 37.0529
15.3178 , 37.0498
15.3074 , 37.057
15.3095 , 37.088
15.3157 , 37.1222
15.3074 , 37.1791
15.2909 , 37.207
 1             251 
 1 
 -9999.0  ,   -9998.0
 24
15. , 37.1024
15.0479 , 37.1004
15.11 , 37.0941
15.1576 , 37.09
15.201 , 37.0879
15.2184 , 37.0904
15.2433 , 37.0934
15.2623 , 37.0942
15.2824 , 37.0927
15.2961 , 37.0893
15.2984 , 37.0789
15.2954 , 37.0741
15.2872 , 37.0681
15.2794 , 37.0663
15.2735 , 37.0555
15.2731 , 37.0406
15.2604 , 37.0294
15.2411 , 37.0238
15.2206 , 37.0194
15.195 , 37.0246
15.1762 , 37.0259
15.1121 , 37.03
15.0459 , 37.0341
15. , 37.0424
 1             252 
 1 
 -9999.0  ,   -9998.0
 63 
16.2103 , 38.2283
16.2186 , 38.1952
16.2331 , 38.1786
16.229 , 38.1248
16.2186 , 38.0835
16.2083 , 38.0255
16.1793 , 37.9635
16.1317 , 37.92
16.0759 , 37.889
16.02 , 37.8828
15.9434 , 37.8745
15.8421 , 37.8745
15.7614 , 37.8828
15.6807 , 37.8828
15.5938 , 37.8828
15.5172 , 37.8828
15.4593 , 37.8828
15.4014 , 37.8807
15.3331 , 37.8869
15.3083 , 37.8952
15.2752 , 37.8952
15.2503 , 37.8662
15.2566 , 37.8372
15.269 , 37.8
15.2772 , 37.7524
15.271 , 37.6883
15.2545 , 37.6303
15.2338 , 37.5766
15.1821 , 37.5331
15.1428 , 37.5207
15.1097 , 37.5372
15.0869 , 37.5414
15.0538 , 37.5269
15.0476 , 37.4938
15.0703 , 37.4586
15.1138 , 37.4462
15.1634 , 37.4545
15.211 , 37.4876
15.2855 , 37.5476
15.3207 , 37.62
15.331 , 37.6841
15.3331 , 37.7524
15.3331 , 37.8062
15.3497 , 37.8331
15.391 , 37.8331
15.4552 , 37.8207
15.5255 , 37.829
15.6062 , 37.829
15.689 , 37.8228
15.7717 , 37.831
15.84 , 37.8186
15.9455 , 37.8186
16.0407 , 37.8248
16.111 , 37.8331
16.1793 , 37.8766
16.2393 , 37.9324
16.2766 , 38.0131
16.2828 , 38.0876
16.2993 , 38.1497
16.2993 , 38.1993
16.2848 , 38.2407
16.2662 , 38.2593
16.229 , 38.2614
 1             253 
 1 
 -9999.0  ,   -9998.0
 27
16.0728 , 40.
16.0934 , 39.8907
16.1555 , 39.7955
16.2838 , 39.6714
16.3831 , 39.5928
16.5155 , 39.5017
16.6603 , 39.4024
16.7969 , 39.3114
16.921 , 39.2245
17.0162 , 39.1707
17.0824 , 39.1335
17.1155 , 39.1086
17.1238 , 39.0714
17.0659 , 39.0548
16.979 , 39.0714
16.8755 , 39.1335
16.7555 , 39.2204
16.6521 , 39.2824
16.5693 , 39.3404
16.4659 , 39.3859
16.3376 , 39.4935
16.2672 , 39.5638
16.1886 , 39.6424
16.0769 , 39.721
16.0272 , 39.8204
16.0065 , 39.9155
15.9952 , 40.
 1             254 
 1 
 -9999.0  ,   -9998.0
 42 
17.1134 , 39.1004
17.0803 , 39.1107
17.039 , 39.1066
16.9645 , 39.0859
16.9065 , 39.0735
16.8238 , 39.0486
16.7555 , 39.0321
16.6645 , 39.0135
16.5797 , 38.9928
16.4969 , 38.9659
16.4328 , 38.9121
16.3955 , 38.8645
16.3645 , 38.8128
16.2921 , 38.7404
16.2217 , 38.6783
16.1328 , 38.5997
16.0603 , 38.5231
16.0128 , 38.4776
15.9941 , 38.4238
15.9776 , 38.37
15.9921 , 38.3204
16.0334 , 38.3059
16.0769 , 38.3224
16.079 , 38.3679
16.079 , 38.4197
16.1141 , 38.4673
16.1638 , 38.5107
16.2155 , 38.5521
16.2838 , 38.6141
16.3665 , 38.6928
16.441 , 38.7776
16.4824 , 38.8335
16.5403 , 38.8935
16.6065 , 38.9245
16.6831 , 38.9328
16.7865 , 38.9576
16.859 , 38.9679
16.9376 , 38.9886
17.0121 , 39.0197
17.0762 , 39.0342
17.1176 , 39.0486
17.1279 , 39.0776
 1             255 
 1 
 -9999.0  ,   -9998.0
 28
15.9605, 40.
16.007 , 39.9484
16.0691 , 39.8584
16.1156 , 39.7498
16.1436 , 39.6505
16.2025 , 39.5822
16.2801 , 39.5077
16.3639 , 39.4394
16.4105 , 39.3929
16.4725 , 39.3339
16.5222 , 39.2812
16.5594 , 39.216
16.5563 , 39.1601
16.5222 , 39.1322
16.4601 , 39.1446
16.4446 , 39.1974
16.4415 , 39.2501
16.4043 , 39.2874
16.3484 , 39.3401
16.2925 , 39.3991
16.1994 , 39.4705
16.1249 , 39.5356
16.0505 , 39.6008
16.007 , 39.7094
15.9605 , 39.8274
15.8891 , 39.8956
15.8612 , 39.9546
15.8301 , 40.
 1             256 
 1 
 -9999.0  ,   -9998.0
 50 
15.6894 , 38.1494
15.7515 , 38.1898
15.826 , 38.2612
15.8694 , 38.2984
15.9067 , 38.3232
15.9905 , 38.3791
16.0743 , 38.4163
16.1549 , 38.4349
16.2387 , 38.4443
16.3163 , 38.4412
16.3784 , 38.4412
16.4156 , 38.4722
16.4436 , 38.5529
16.4529 , 38.6553
16.4529 , 38.7763
16.4994 , 38.857
16.5739 , 38.9284
16.6701 , 38.9812
16.7663 , 39.0091
16.8656 , 39.0494
16.937 , 39.0836
16.9991 , 39.1115
17.0487 , 39.1239
17.0984 , 39.1146
17.1232 , 39.0805
17.1015 , 39.037
17.0456 , 39.006
16.9587 , 38.9781
16.8905 , 38.9594
16.7912 , 38.9346
16.6825 , 38.8849
16.6298 , 38.8353
16.5739 , 38.7887
16.5429 , 38.6615
16.5522 , 38.6025
16.5522 , 38.5218
16.5087 , 38.4629
16.4901 , 38.407
16.4187 , 38.3512
16.3505 , 38.3543
16.2543 , 38.3543
16.1332 , 38.3356
16.0339 , 38.2922
15.9377 , 38.2146
15.8756 , 38.1649
15.8198 , 38.1184
15.7484 , 38.078
15.7484 , 38.078
15.6863 , 38.0843
15.6739 , 38.1339
 1             257 
 1 
 -9999.0  ,   -9998.0
 44 
15.3031 , 37.0358
15.3608 , 37.0581
15.3831 , 37.0981
15.3875 , 37.1603
15.3853 , 37.2225
15.3475 , 37.2803
15.3053 , 37.3558
15.2897 , 37.4314
15.3319 , 37.5247
15.3853 , 37.5958
15.4497 , 37.6669
15.4964 , 37.7403
15.5631 , 37.8047
15.6008 , 37.8603
15.6297 , 37.9269
15.6297 , 37.9847
15.6309 , 38.0123
15.632 , 38.0506
15.632 , 38.0765
15.6185 , 38.0889
15.5937 , 38.091
15.5709 , 38.0765
15.5647 , 38.0589
15.5625 , 38.0394
15.5583 , 38.0128
15.5519 , 37.9803
15.5475 , 37.9292
15.5231 , 37.8692
15.4475 , 37.7892
15.3831 , 37.7292
15.3186 , 37.6625
15.2653 , 37.6047
15.2142 , 37.5247
15.1942 , 37.4581
15.1942 , 37.3914
15.2119 , 37.3381
15.2431 , 37.2936
15.2697 , 37.2558
15.2919 , 37.2003
15.3097 , 37.1514
15.3031 , 37.1136
15.2697 , 37.1047
15.2364 , 37.0558
15.2608 , 37.0269
 1             258 
 1 
 -9999.0  ,   -9998.0
 43
15. , 38.2464
15.2258 , 38.3483
15.2733 , 38.3475
15.3367 , 38.3533
15.4067 , 38.3517
15.4708 , 38.3533
15.5275 , 38.3467
15.5775 , 38.3292
15.6167 , 38.3158
15.6417 , 38.3108
15.6608 , 38.3017
15.669 , 38.2879
15.6586 , 38.2672
15.5966 , 38.2362
15.581 , 38.1845
15.5552 , 38.0966
15.5537 , 38.0892
15.5568 , 38.0696
15.5651 , 38.051
15.5827 , 38.0396
15.6106 , 38.0365
15.6323 , 38.0499
15.6375 , 38.0675
15.6292 , 38.0861
15.623 , 38.0996
15.6189 , 38.1151
15.6158 , 38.1348
15.6172 , 38.1793
15.6224 , 38.231
15.6710 , 38.2455
15.7 , 38.2672
15.7033 , 38.2825
15.6983 , 38.3067
15.6617 , 38.3317
15.6058 , 38.3642
15.565 , 38.3833
15.52 , 38.4025
15.46 , 38.4158
15.4017 , 38.4183
15.3367 , 38.4192
15.2825 , 38.4175
15.2258 , 38.4108
15. , 38.3317
 1             259 
 1 
 -9999.0  ,   -9998.0
 37 
16.23 , 38.2058
16.2475 , 38.1533
16.2375 , 38.0783
16.205 , 38.0133
16.16 , 37.9333
16.065 , 37.8983
15.9475 , 37.8883
15.84 , 37.8783
15.71 , 37.8958
15.6824 , 37.9052
15.6566 , 37.931
15.639 , 37.9672
15.6255 , 37.9952
15.611 , 37.9859
15.5976 , 37.9776
15.5759 , 37.9859
15.5872 , 37.9621
15.6017 , 37.9279
15.639 , 37.8762
15.6845 , 37.8545
15.7145 , 37.8359
15.745 , 37.8158
15.845 , 37.8108
15.96 , 37.8208
16.0975 , 37.8358
16.17 , 37.8533
16.235 , 37.9158
16.265 , 38.0008
16.3025 , 38.0683
16.32 , 38.1458
16.3225 , 38.2183
16.29 , 38.2658
16.2748 , 38.271
16.2479 , 38.271
16.2283 , 38.2628
16.2148 , 38.2421
16.2138 , 38.2203
 1             260 
 1 
 -9999.0  ,   -9998.0
 34 
15.557 , 38.2083
15.5671 , 38.2109
15.5779 , 38.2098
15.5916 , 38.2016
15.6035 , 38.1909
15.6102 , 38.1745
15.6151 , 38.1563
15.6147 , 38.1373
15.6147 , 38.1191
15.6195 , 38.1042
15.6307 , 38.093
15.6437 , 38.0867
15.6653 , 38.0908
15.6761 , 38.0934
15.6898 , 38.0911
15.6969 , 38.0818
15.6991 , 38.0703
15.6965 , 38.0584
15.6891 , 38.0521
15.6772 , 38.0484
15.6631 , 38.051
15.6407 , 38.0536
15.6214 , 38.0655
15.6061 , 38.0815
15.5961 , 38.1012
15.592 , 38.1194
15.5901 , 38.1399
15.5901 , 38.1577
15.5886 , 38.1704
15.5805 , 38.1763
15.5689 , 38.1752
15.5567 , 38.1771
15.5459 , 38.186
15.5421 , 38.1979
 1             261 
 1 
 -9999.0  ,   -9998.0
 47 
17.0817 , 39.126
17.1293 , 39.1405
17.1955 , 39.1467
17.2659 , 39.1178
17.2928 , 39.0722
17.3197 , 39.0205
17.3321 , 38.9398
17.3321 , 38.8447
17.2866 , 38.7495
17.239 , 38.6585
17.1893 , 38.5736
17.1334 , 38.4805
17.0445 , 38.4143
16.9266 , 38.3502
16.8314 , 38.3171
16.79 , 38.3021
16.7341 , 38.2793
16.6555 , 38.2462
16.5583 , 38.2255
16.4879 , 38.2048
16.3866 , 38.1924
16.2976 , 38.1924
16.2314 , 38.1924
16.2086 , 38.2255
16.2169 , 38.2545
16.2583 , 38.271
16.2955 , 38.269
16.3679 , 38.2669
16.4859 , 38.2835
16.5728 , 38.3062
16.6493 , 38.329
16.7238 , 38.36
16.761 , 38.375
16.8603 , 38.406
16.97 , 38.4516
17.0507 , 38.5157
17.1024 , 38.5922
17.1686 , 38.6874
17.2059 , 38.766
17.2576 , 38.8633
17.2576 , 38.944
17.2576 , 39.0164
17.2369 , 39.0516
17.1831 , 39.0722
17.1355 , 39.0516
17.0797 , 39.0598
17.0797 , 39.1012
 1             262 
 1 
 -9999.0  ,   -9998.0
 31
17.1959 , 40.
17.1942 , 39.9683
17.1992 , 39.8933
17.2192 , 39.8008
17.2417 , 39.7033
17.2467 , 39.6058
17.2567 , 39.5008
17.2592 , 39.3858
17.2617 , 39.2808
17.2545 , 39.2524
17.2483 , 39.2069
17.2234 , 39.1614
17.18 , 39.1345
17.1407 , 39.1221
17.1014 , 39.1117
17.0952 , 39.0807
17.1221 , 39.0517
17.1655 , 39.0579
17.2193 , 39.0828
17.2731 , 39.1159
17.3248 , 39.18
17.3455 , 39.2421
17.3542 , 39.2833
17.3467 , 39.3933
17.3467 , 39.4908
17.3392 , 39.6083
17.3342 , 39.7183
17.3217 , 39.8158
17.3142 , 39.9008
17.3117 , 39.9758
17.3117 , 40.
 1             263 
 1 
 -9999.0  ,   -9998.0
 56 
16.5253 , 39.1899
16.5584 , 39.1692
16.5522 , 39.1258
16.5481 , 39.0617
16.5481 , 39.012
16.5481 , 38.9417
16.5564 , 38.8858
16.5647 , 38.8341
16.5739 , 38.7887
16.5429 , 38.6615
16.5522 , 38.6025
16.5522 , 38.5218
16.5087 , 38.4629
16.4901 , 38.407
16.4187 , 38.3512
16.3505 , 38.3543
16.2543 , 38.3543
16.1332 , 38.3356
16.0339 , 38.2922
15.9377 , 38.2146
15.8756 , 38.1649
15.8198 , 38.1184
15.7484 , 38.078
15.7297 , 38.0751
15.7026 , 38.0744
15.6732 , 38.0721
15.6579 , 38.0755
15.646 , 38.0803
15.6378 , 38.0908
15.6386 , 38.1068
15.6494 , 38.1205
15.6572 , 38.1335
15.6747 , 38.144
15.6894 , 38.1494
15.7515 , 38.1898
15.826 , 38.2612
15.8694 , 38.2984
15.9067 , 38.3232
15.9905 , 38.3791
16.0743 , 38.4163
16.1549 , 38.4349
16.2387 , 38.4443
16.3163 , 38.4412
16.3784 , 38.4412
16.4156 , 38.4722
16.4436 , 38.5529
16.4529 , 38.6553
16.4529 , 38.7763
16.4529 , 38.7989
16.4529 , 38.8423
16.4529 , 38.9044
16.4612 , 38.981
16.4633 , 39.0513
16.4633 , 39.103
16.4591 , 39.1444
16.4798 , 39.1796
