 285 
 1 
 1             1             
1
 -9999.0   ,   9990.0
   7
 44 
-116.1175      44.90657
-116.1261      44.91601
-116.1289      44.92472
-116.1275      44.93067
-116.1216      44.93634
-116.1158      44.93813
-116.1017      44.95427
-116.0952      44.95674
-116.0925      44.9645
-116.0794      44.97653
-116.0758      44.98245
-116.077       44.98886
-116.0737      44.99319
-116.0695      44.99224
-116.0637      44.98785
-116.0559      44.97109
-116.0592      44.96722
-116.0522      44.95916
-116.0555      44.95529
-116.0566      44.94958
-116.0621      44.94436
-116.0619      44.94116
-116.0549      44.93515
-116.0556      44.93149
-116.063       44.92812
-116.0655      44.92907
-116.0762      44.93326
-116.0687      44.93915
-116.0718      44.94375
-116.0691      44.95151
-116.0736      44.95589
-116.0757      44.96346
-116.0848      44.96238
-116.088       44.95944
-116.0833      44.95482
-116.0818      44.9452
-116.0832      44.93766
-116.0869      44.93059
-116.093       44.9256
-116.0941      44.91806
-116.0893      44.91505
-116.0994      44.90826
-116.1078      44.90947
-116.1175      44.90657
 1 
 1             2             
1
 -9999.0   ,   9990.0
   7
 11 
-116.4568      44.95611
-116.4655      44.95958
-116.468       44.96303
-116.4738      44.96488
-116.4744      44.97289
-116.4712      44.97379
-116.4673      44.97103
-116.4602      44.96917
-116.4516      44.96044
-116.4516      44.95655
-116.4568      44.95611
 1 
 1             3             
1
 -9999.0   ,   9990.0
   7
 10 
-116.0434      44.90623
-116.0514      44.90675
-116.0555      44.91273
-116.0525      44.92095
-116.0364      44.92962
-116.038       44.91992
-116.0278      44.91481
-116.0304      44.91162
-116.0375      44.91213
-116.0434      44.90623
 1 
 1             4             
1
 -9999.0   ,   9990.0
   7
 6 
-119.9743      44.88842
-119.9787      44.89197
-119.9734      44.90035
-119.9701      44.90021
-119.9677      44.89707
-119.9743      44.88842
 1 
 1             5             
1
 -9999.0   ,   9990.0
   7
 108 
-116.913       44.83317
-116.9104      44.82974
-116.9237      44.81029
-116.9243      44.80434
-116.9182      44.79404
-116.9178      44.78724
-116.9285      44.79519
-116.9381      44.78536
-116.951       44.77712
-117.0008      44.75635
-117.013       44.75125
-117.0362      44.74322
-117.0471      44.73612
-117.0541      44.71781
-117.073       44.69514
-117.074       44.69033
-117.0714      44.68461
-117.0836      44.67156
-117.0921      44.65781
-117.096       44.65141
-117.0992      44.64088
-117.1101      44.62302
-117.1234      44.58433
-117.1382      44.57423
-117.1401      44.5692
-117.1378      44.56165
-117.148       44.54166
-117.1505      44.53668
-117.1617      44.52659
-117.1707      44.5236
-117.1796      44.5229
-117.1834      44.51992
-117.1952      44.4979
-117.2053      44.4882
-117.2159      44.48415
-117.2178      44.48094
-117.2079      44.46884
-117.205       44.45969
-117.2081      44.44939
-117.2052      44.44138
-117.2068      44.43405
-117.2112      44.42895
-117.2191      44.412
-117.2299      44.3999
-117.2267      44.38526
-117.2173      44.36789
-117.2229      44.36538
-117.2275      44.37393
-117.2321      44.38228
-117.236       44.39394
-117.2351      44.40149
-117.2316      44.40859
-117.2209      44.41989
-117.2122      44.44091
-117.2158      44.45188
-117.2126      44.46105
-117.222       44.4759
-117.2236      44.48368
-117.2139      44.48992
-117.2062      44.49484
-117.1945      44.51266
-117.1892      44.52586
-117.1829      44.53182
-117.1681      44.53231
-117.164       44.53506
-117.1509      44.55041
-117.1468      44.56163
-117.1481      44.56895
-117.1468      44.57399
-117.1359      44.58247
-117.1312      44.59026
-117.1311      44.59119
-117.1283      44.61658
-117.1258      44.62482
-117.1153      44.6356
-117.1089      44.6459
-117.1019      44.66674
-117.0907      44.67727
-117.0862      44.68414
-117.0827      44.70108
-117.0754      44.70741
-117.0705      44.71162
-117.0593      44.74938
-117.0597      44.75716
-117.0658      44.76517
-117.0796      44.77225
-117.0915      44.77566
-117.097       44.77131
-117.1066      44.77107
-117.1384      44.74997
-117.1381      44.75547
-117.1339      44.76211
-117.1105      44.77701
-117.1041      44.77679
-117.0964      44.78093
-117.08        44.77865
-117.052       44.76747
-117.0468      44.7574
-117.0426      44.75466
-117.0411      44.75497
-117.0346      44.75627
-117.0156      44.76543
-117.0031      44.76452
-116.9796      44.77894
-116.9616      44.78581
-116.9475      44.79565
-116.9233      44.82585
-116.913       44.83317
 1 
 1             6             
1
 -9999.0   ,   9990.0
   7
 9 
-117.1384      44.74997
-117.1487      44.74652
-117.1596      44.74719
-117.1664      44.74993
-117.1516      44.7646
-117.1388      44.76462
-117.1339      44.76211
-117.1381      44.75547
-117.1384      44.74997
 1 
 1             7             
1
 -9999.0   ,   9990.0
   7
 87 
-116.0975      44.75127
-116.094       44.72791
-116.0997      44.71376
-116.0981      44.71009
-116.0913      44.7153
-116.0868      44.71504
-116.0868      44.71138
-116.0977      44.69178
-116.0959      44.68467
-116.0879      44.68392
-116.0792      44.68706
-116.0701      44.695
-116.0636      44.69724
-116.0581      44.69789
-116.0553      44.69649
-116.0739      44.67489
-116.0804      44.67082
-116.0897      44.66815
-116.093       44.66451
-116.0877      44.65578
-116.0874      44.64845
-116.076       44.64058
-116.0668      44.63708
-116.0636      44.6311
-116.0538      44.62622
-116.0563      44.60816
-116.0678      44.60779
-116.0707      44.60576
-116.0715      44.60289
-116.0718      44.60188
-116.0692      44.59888
-116.0603      44.59835
-116.0565      44.59329
-116.0569      44.58917
-116.0621      44.58349
-116.0612      44.57754
-116.0667      44.573
-116.0682      44.5602
-116.0636      44.54918
-116.0654      44.53615
-116.0632      44.53041
-116.054       44.52553
-116.0592      44.52283
-116.0671      44.50961
-116.0665      44.50457
-116.0602      44.49629
-116.0622      44.49241
-116.066       44.49427
-116.0756      44.49229
-116.0807      44.49576
-116.1064      44.53395
-116.1092      44.53808
-116.1232      44.54871
-116.1286      44.55012
-116.1372      44.55567
-116.1458      44.57793
-116.146       44.59121
-116.1414      44.59896
-116.1373      44.61449
-116.1321      44.61995
-116.1205      44.62558
-116.1142      44.63812
-116.1133      44.64183
-116.1077      44.6653
-116.1089      44.67653
-116.1142      44.68801
-116.1357      44.71288
-116.1462      44.73858
-116.1455      44.74796
-116.1369      44.7598
-116.1354      44.75727
-116.1306      44.75586
-116.1274      44.75172
-116.1297      44.74487
-116.1346      44.74399
-116.1385      44.74105
-116.1264      44.72975
-116.1326      44.72499
-116.133       44.72224
-116.1295      44.71833
-116.1218      44.71575
-116.1183      44.71207
-116.1165      44.7045
-116.1053      44.72135
-116.1027      44.74605
-116.1014      44.75062
-116.0975      44.75127
 1 
 1             8             
1
 -9999.0   ,   9990.0
   7
 22 
-118.098       44.68773
-118.094       44.69372
-118.0885      44.69355
-118.0782      44.68999
-118.0753      44.69027
-118.0731      44.69049
-118.0632      44.69677
-118.0492      44.68752
-118.0412      44.68737
-118.0339      44.69155
-118.0296      44.68701
-118.0223      44.688
-118.012       44.68695
-117.9893      44.67846
-118.0115      44.67848
-118.0244      44.68386
-118.0347      44.68079
-118.0696      44.67977
-118.083       44.67484
-118.0853      44.67871
-118.0924      44.68373
-118.098       44.68773
 1 
 1             9             
1
 -9999.0   ,   9990.0
   7
 7 
-115.6602      44.65383
-115.6602      44.65039
-115.6669      44.63948
-115.6723      44.64413
-115.6759      44.65377
-115.6749      44.65719
-115.6602      44.65383
 1 
 1             10            
1
 -9999.0   ,   9990.0
   7
 15 
-118.2073      44.52732
-118.201       44.51594
-118.1912      44.50804
-118.1835      44.5056
-118.1873      44.50304
-118.1897      44.49592
-118.1925      44.49452
-118.197       44.49516
-118.1982      44.50316
-118.2097      44.50372
-118.2159      44.50754
-118.2134      44.51008
-118.206       44.51222
-118.2152      44.52014
-118.2073      44.52732
 1 
 1             11            
1
 -9999.0   ,   9990.0
   7
 5 
-118.2396      44.44892
-118.2426      44.44157
-118.2531      44.43846
-118.2503      44.44376
-118.2396      44.44892
 1 
 1             12            
1
 -9999.0   ,   9990.0
   7
 6 
-117.697       44.36741
-117.7159      44.37117
-117.715       44.37415
-117.7125      44.37669
-117.7096      44.37625
-117.697       44.36741
 1 
 1             13            
1
 -9999.0   ,   9990.0
   7
 17 
-116.6211      44.36175
-116.6211      44.36609
-116.6169      44.36997
-116.6118      44.37042
-116.607       44.3688
-116.5993      44.36969
-116.5942      44.36716
-116.5773      44.37351
-116.5623      44.37415
-116.5745      44.36229
-116.5802      44.36002
-116.5783      44.35367
-116.5924      44.3548
-116.5988      44.35688
-116.6084      44.35622
-116.6128      44.35943
-116.6211      44.36175
 1 
 1             14            
1
 -9999.0   ,   9990.0
   7
 6 
-117.6726      44.35772
-117.6774      44.35632
-117.6886      44.35853
-117.6912      44.3631
-117.6804      44.36362
-117.6726      44.35772
 1 
 1             15            
1
 -9999.0   ,   9990.0
   7
 24 
-115.6575      44.34051
-115.6531      44.33539
-115.6476      44.32091
-115.6449      44.29982
-115.6425      44.2943
-115.6508      44.29439
-115.6624      44.28651
-115.6658      44.29365
-115.6712      44.29417
-115.6783      44.29013
-115.6844      44.30026
-115.6825      44.30345
-115.677       44.30499
-115.6779      44.30775
-115.6746      44.31137
-115.6778      44.31346
-115.6771      44.31712
-115.6798      44.32402
-115.6778      44.32629
-115.6727      44.32714
-115.6712      44.32072
-115.6681      44.31931
-115.6665      44.32043
-115.6575      44.34051
 1 
 1             16            
1
 -9999.0   ,   9990.0
   7
 51 
-117.1939      44.33751
-117.1957      44.32354
-117.2021      44.31483
-117.2113      44.30726
-117.2135      44.30291
-117.1869      44.27619
-117.1777      44.2698
-117.1451      44.26528
-117.1391      44.2662
-117.1344      44.26937
-117.1261      44.28024
-117.1251      44.2816
-117.1132      44.2853
-117.103       44.28227
-117.097       44.27802
-117.089       44.27131
-117.081       44.26102
-117.0743      44.25553
-117.059       44.24868
-117.0552      44.2409
-117.051       44.23908
-117.0389      44.25076
-117.0332      44.25236
-117.0214      44.2526
-117.0004      44.24872
-117.0096      44.24574
-117.0284      44.24504
-117.038       44.24366
-117.0481      44.23199
-117.0564      44.23152
-117.0603      44.23335
-117.0628      44.24021
-117.0695      44.24592
-117.0765      44.24752
-117.0861      44.25392
-117.097       44.2697
-117.1098      44.2792
-117.1166      44.27918
-117.125       44.27367
-117.1326      44.26205
-117.1397      44.25911
-117.1451      44.25861
-117.1524      44.25794
-117.1885      44.26771
-117.2051      44.28347
-117.2183      44.2958
-117.2215      44.30289
-117.2215      44.30861
-117.2177      44.31365
-117.2085      44.31688
-117.1939      44.33751
 1 
 1             17            
1
 -9999.0   ,   9990.0
   7
 5 
-116.1769      44.33396
-116.1911      44.32398
-116.1965      44.32563
-116.1871      44.3338
-116.1769      44.33396
 1 
 1             18            
1
 -9999.0   ,   9990.0
   7
 16 
-116.6002      44.21408
-116.6082      44.21936
-116.6062      44.22554
-116.609       44.24179
-116.6109      44.24775
-116.6159      44.25463
-116.6143      44.25737
-116.6095      44.25873
-116.6048      44.2562
-116.6001      44.24588
-116.6043      44.23996
-116.5982      44.2326
-116.5989      44.22826
-116.5938      44.22298
-116.5935      44.22046
-116.6002      44.21408
 1 
 1             19            
1
 -9999.0   ,   9990.0
   7
 6 
-116.9744      44.22458
-116.9727      44.22031
-116.9753      44.21359
-116.9804      44.21786
-116.9812      44.22274
-116.9744      44.22458
 1 
 1             20            
1
 -9999.0   ,   9990.0
   7
 317 
-116.9736      44.20505
-116.9683      44.20032
-116.9591      44.19653
-116.9285      44.19596
-116.9209      44.19353
-116.9014      44.18134
-116.8963      44.17647
-116.892       44.17097
-116.8903      44.16366
-116.8928      44.15633
-116.9038      44.13923
-116.9106      44.12092
-116.9216      44.10443
-116.9394      44.09403
-116.9494      44.09012
-116.9622      44.08667
-116.9648      44.06836
-116.9613      44.05555
-116.9554      44.05007
-116.9342      44.03789
-116.93        44.03301
-116.9392      44.00004
-116.9375      43.99028
-116.9476      43.98539
-116.9544      43.97561
-116.9745      43.96662
-116.9745      43.96403
-116.9645      43.95939
-116.9616      43.95629
-116.9659      43.9454
-116.9658      43.93867
-116.9622      43.93039
-116.9579      43.92678
-116.9636      43.91536
-116.9701      43.91018
-116.9808      43.89307
-116.9858      43.87182
-116.9893      43.86716
-116.9958      43.86456
-117.0001      43.86558
-117.0122      43.86194
-117.0165      43.8583
-117.0115      43.85106
-117.0107      43.84537
-117.0136      43.83604
-117.0183      43.82851
-117.019       43.82786
-117.0221      43.82463
-117.0252      43.81698
-117.0278      43.81063
-117.0271      43.80442
-117.0314      43.80026
-117.0292      43.7982
-117.032       43.78939
-117.0277      43.77075
-117.0291      43.7609
-117.0462      43.74637
-117.0631      43.73784
-117.0697      43.72731
-117.0729      43.71769
-117.0782      43.71403
-117.0811      43.70898
-117.0843      43.69496
-117.0834      43.68775
-117.0784      43.68235
-117.0701      43.68297
-117.0478      43.69324
-117.0394      43.69202
-117.0252      43.68666
-117.0079      43.6801
-116.9897      43.68014
-116.9772      43.67835
-116.9688      43.67551
-116.9642      43.67174
-116.9541      43.64451
-116.9471      43.63946
-116.9223      43.6274
-116.9148      43.62036
-116.9083      43.61429
-116.8973      43.60742
-116.885       43.60306
-116.8507      43.60212
-116.8399      43.59936
-116.827       43.59339
-116.8176      43.58606
-116.7946      43.54799
-116.7933      43.54656
-116.7784      43.5312
-116.7793      43.5256
-116.7853      43.51813
-116.781       43.50445
-116.7801      43.49201
-116.7759      43.48392
-116.7639      43.47085
-116.7451      43.45965
-116.7217      43.44239
-116.7095      43.42955
-116.705       43.4264
-116.6803      43.40911
-116.6656      43.39282
-116.66        43.38938
-116.6484      43.38957
-116.6292      43.38117
-116.6155      43.3712
-116.6045      43.36123
-116.5912      43.33885
-116.5901      43.33695
-116.5663      43.30953
-116.5544      43.30453
-116.5346      43.30466
-116.5182      43.30223
-116.506       43.29682
-116.5008      43.29134
-116.4925      43.2899
-116.4859      43.29466
-116.4547      43.29495
-116.4524      43.29563
-116.4402      43.29926
-116.4283      43.29984
-116.4164      43.29669
-116.4079      43.29045
-116.3999      43.28153
-116.3953      43.26739
-116.3894      43.25928
-116.3743      43.24914
-116.3734      43.23247
-116.3789      43.21562
-116.3775      43.20958
-116.3751      43.19978
-116.3772      43.195
-116.3467      43.16857
-116.3368      43.16721
-116.3314      43.16388
-116.3288      43.15461
-116.3243      43.14997
-116.3135      43.14596
-116.3046      43.13006
-116.2974      43.12341
-116.2782      43.12228
-116.2731      43.12198
-116.265       43.11864
-116.2605      43.11531
-116.2587      43.10869
-116.2453      43.10069
-116.2354      43.098
-116.2281      43.09995
-116.2191      43.0999
-116.1993      43.09451
-116.1903      43.0905
-116.1877      43.08387
-116.1895      43.07859
-116.1968      43.07334
-116.2014      43.06411
-116.2006      43.05617
-116.1924      43.04774
-116.2052      43.05091
-116.2069      43.06083
-116.204       43.07007
-116.1949      43.08259
-116.1958      43.0859
-116.2029      43.09056
-116.2164      43.0946
-116.2381      43.09405
-116.2597      43.10341
-116.2669      43.10807
-116.2713      43.11734
-116.2867      43.11609
-116.3011      43.12012
-116.3118      43.12876
-116.319       43.14202
-116.3324      43.15066
-116.3351      43.1586
-116.3405      43.16325
-116.3513      43.16726
-116.3746      43.18586
-116.3845      43.19647
-116.3845      43.22069
-116.3811      43.2269
-116.3784      43.24058
-116.3809      43.24867
-116.3996      43.2618
-116.4054      43.27675
-116.4113      43.28548
-116.4198      43.29235
-116.4275      43.29549
-116.4343      43.2955
-116.4539      43.29121
-116.4795      43.29004
-116.494       43.28386
-116.5101      43.29275
-116.5178      43.29698
-116.5263      43.29887
-116.5561      43.3008
-116.574       43.30892
-116.5901      43.32513
-116.5995      43.33634
-116.6028      43.34816
-116.619       43.36872
-116.6258      43.37246
-116.6334      43.37807
-116.642       43.3787
-116.6435      43.38006
-116.6459      43.38224
-116.6521      43.38478
-116.6613      43.38389
-116.6666      43.3855
-116.675       43.39148
-116.6835      43.40294
-116.7198      43.43072
-116.7545      43.46089
-116.7631      43.46525
-116.7725      43.4721
-116.781       43.48268
-116.7878      43.51253
-116.7929      43.52311
-116.7887      43.52747
-116.7912      43.53928
-116.8006      43.54613
-116.8058      43.56105
-116.8131      43.57278
-116.8252      43.58401
-116.8406      43.5941
-116.8481      43.59708
-116.8784      43.59527
-116.8863      43.59963
-116.8939      43.60136
-116.8973      43.60215
-116.9096      43.60605
-116.9194      43.61246
-116.9266      43.62345
-116.9349      43.62911
-116.9498      43.63451
-116.9626      43.64611
-116.9654      43.65063
-116.9705      43.65893
-116.9732      43.66907
-116.9822      43.67474
-116.9922      43.67652
-117.0121      43.67709
-117.0252      43.68289
-117.027       43.68366
-117.0428      43.68844
-117.0511      43.68843
-117.0602      43.68239
-117.0759      43.67755
-117.0817      43.67813
-117.0875      43.68353
-117.0892      43.69314
-117.089       43.69586
-117.0874      43.7115
-117.0702      43.73926
-117.0626      43.74633
-117.0462      43.75258
-117.0355      43.76556
-117.0341      43.77125
-117.0385      43.7816
-117.0385      43.78886
-117.0356      43.79456
-117.0371      43.80129
-117.0405      43.8063
-117.0343      43.81113
-117.03        43.8215
-117.0336      43.83289
-117.0336      43.83859
-117.0308      43.84222
-117.0186      43.8469
-117.0167      43.84905
-117.0208      43.85882
-117.018       43.86296
-117.0159      43.86399
-117.0015      43.87128
-116.9965      43.87077
-116.9908      43.87285
-116.9815      43.90602
-116.9866      43.91222
-116.9837      43.91637
-116.9672      43.92469
-116.9658      43.92728
-116.9709      43.93452
-116.9723      43.94229
-116.968       43.95679
-116.9716      43.95886
-116.9774      43.95885
-116.9812      43.96126
-116.9831      43.96247
-116.9817      43.96713
-116.9569      43.98105
-116.9527      43.98904
-116.9451      43.99088
-116.9434      43.99515
-116.9443      44.00553
-116.9359      44.03361
-116.9418      44.03788
-116.9622      44.04639
-116.9681      44.05188
-116.9694      44.0606
-116.9724      44.0836
-116.9649      44.08901
-116.9589      44.09339
-116.9453      44.09707
-116.9402      44.10074
-116.9263      44.12094
-116.925       44.12273
-116.9157      44.1319
-116.9157      44.13861
-116.9132      44.14227
-116.9089      44.1435
-116.8993      44.15308
-116.8971      44.16243
-116.8979      44.17036
-116.9039      44.17768
-116.9149      44.18378
-116.9294      44.18925
-116.9413      44.19106
-116.9557      44.19104
-116.965       44.19408
-116.9736      44.20505
 1 
 1             21            
1
 -9999.0   ,   9990.0
   7
 11 
-114.9567      44.10057
-114.943       44.10857
-114.9374      44.11465
-114.93        44.13535
-114.9238      44.14189
-114.9148      44.1431
-114.9134      44.13895
-114.9186      44.13378
-114.9314      44.10539
-114.9537      44.09433
-114.9567      44.10057
 1 
 1             22            
1
 -9999.0   ,   9990.0
   7
 6 
-115.9503      44.07252
-115.9569      44.07225
-115.9638      44.07529
-115.9781      44.08801
-115.9628      44.08123
-115.9503      44.07252
 1 
 1             23            
1
 -9999.0   ,   9990.0
   7
 15 
-117.4492      44.03391
-117.4455      44.0369
-117.4344      44.03947
-117.4274      44.03972
-117.4213      44.03769
-117.4108      44.03842
-117.4054      44.03317
-117.4044      44.02814
-117.4         44.02564
-117.3964      44.01902
-117.4116      44.01781
-117.4136      44.02834
-117.4235      44.0315
-117.4473      44.03208
-117.4492      44.03391
 1 
 1             24            
1
 -9999.0   ,   9990.0
   7
 8 
-114.8715      43.99832
-114.8807      43.99894
-114.8856      44.00315
-114.8839      44.00541
-114.8794      44.00785
-114.8706      44.00677
-114.8676      44.00213
-114.8715      43.99832
 1 
 1             25            
1
 -9999.0   ,   9990.0
   7
 8 
-119.9686      43.98745
-119.9645      43.98471
-119.9574      43.98548
-119.9547      43.97871
-119.9584      43.97462
-119.9649      43.97729
-119.9715      43.98281
-119.9686      43.98745
 1 
 1             26            
1
 -9999.0   ,   9990.0
   7
 8 
-114.8856      43.97545
-114.8884      43.97733
-114.8877      43.97983
-114.8829      43.98112
-114.8709      43.97999
-114.8657      43.98287
-114.8615      43.97615
-114.8856      43.97545
 1 
 1             27            
1
 -9999.0   ,   9990.0
   7
 9 
-119.9976      43.96725
-119.9891      43.97262
-119.9843      43.97104
-119.9841      43.96762
-119.9885      43.96123
-119.9868      43.95729
-119.9906      43.95603
-119.9963      43.95758
-119.9976      43.96725
 1 
 1             28            
1
 -9999.0   ,   9990.0
   7
 13 
-118.1351      43.9442
-118.1421      43.93452
-118.1482      43.91889
-118.1525      43.91564
-118.1595      43.91534
-118.1653      43.92031
-118.1678      43.93333
-118.166       43.93999
-118.1684      43.94683
-118.1676      43.95302
-118.1615      43.95103
-118.1499      43.9429
-118.1351      43.9442
 1 
 1             29            
1
 -9999.0   ,   9990.0
   7
 8 
-114.8415      43.92289
-114.8453      43.91289
-114.8502      43.90863
-114.8688      43.90256
-114.8742      43.90335
-114.8649      43.91394
-114.8503      43.92261
-114.8415      43.92289
 1 
 1             30            
1
 -9999.0   ,   9990.0
   7
 43 
-118.2075      43.59115
-118.2201      43.59193
-118.2267      43.58979
-118.2306      43.58335
-118.2362      43.58028
-118.2314      43.5957
-118.2345      43.59641
-118.2442      43.59217
-118.2468      43.59401
-118.2385      43.59818
-118.238       43.60409
-118.2425      43.60747
-118.2503      43.60143
-118.2547      43.60206
-118.2567      43.60456
-118.2531      43.61399
-118.2487      43.61564
-118.2497      43.61952
-118.247       43.62367
-118.2492      43.62616
-118.2487      43.62915
-118.2419      43.63701
-118.2449      43.64201
-118.249       43.64219
-118.2535      43.64484
-118.2635      43.64248
-118.2691      43.64315
-118.2677      43.64541
-118.2561      43.64798
-118.2554      43.64945
-118.26        43.65488
-118.2594      43.65718
-118.2516      43.6623
-118.2467      43.65229
-118.239       43.6478
-118.2366      43.64141
-118.228       43.63442
-118.2256      43.6262
-118.2152      43.61075
-118.2147      43.6016
-118.2086      43.59892
-118.2066      43.59574
-118.2075      43.59115
 1 
 1             31            
1
 -9999.0   ,   9990.0
   7
 61 
-115.7771      43.6538
-115.778       43.65296
-115.7889      43.64352
-115.7931      43.63472
-115.8005      43.63124
-115.8055      43.6248
-115.8161      43.62077
-115.8252      43.612
-115.8391      43.60858
-115.8408      43.60506
-115.8255      43.59196
-115.8167      43.58776
-115.8087      43.58061
-115.8063      43.57529
-115.8105      43.5712
-115.8114      43.55945
-115.8162      43.56653
-115.8153      43.57302
-115.8128      43.57534
-115.816       43.58009
-115.8208      43.58249
-115.8224      43.58545
-115.8384      43.59856
-115.8457      43.60215
-115.8514      43.59984
-115.8587      43.60167
-115.8669      43.59584
-115.8742      43.59295
-115.8847      43.60011
-115.8928      43.60076
-115.9018      43.59376
-115.9019      43.58905
-115.906       43.58495
-115.9092      43.58615
-115.9083      43.59204
-115.9099      43.59382
-115.9148      43.59386
-115.9245      43.59806
-115.9269      43.60103
-115.9196      43.60097
-115.9115      43.59737
-115.9025      43.60497
-115.9021      43.60576
-115.9008      43.60849
-115.8862      43.60602
-115.8813      43.60716
-115.8749      43.59885
-115.8701      43.59881
-115.8627      43.60229
-115.861       43.60876
-115.8544      43.61165
-115.8471      43.6116
-115.8292      43.61793
-115.8234      43.62437
-115.8176      43.62786
-115.8144      43.62547
-115.8087      43.62896
-115.7963      43.64123
-115.7929      43.64709
-115.7806      43.65347
-115.7771      43.6538
 1 
 1             32            
1
 -9999.0   ,   9990.0
   7
 133 
-117.2377      43.64668
-117.2317      43.64646
-117.2292      43.6364
-117.2376      43.62631
-117.243       43.62606
-117.2515      43.62101
-117.2537      43.61482
-117.2628      43.61411
-117.2799      43.61933
-117.2871      43.61817
-117.2934      43.61105
-117.2963      43.60898
-117.3019      43.60507
-117.3126      43.60779
-117.3135      43.60435
-117.3107      43.60001
-117.314       43.59793
-117.3248      43.59788
-117.328       43.58825
-117.3346      43.58642
-117.3371      43.58219
-117.3337      43.5768
-117.3392      43.57474
-117.3439      43.56969
-117.3388      43.56559
-117.346       43.56259
-117.3476      43.55549
-117.3447      43.55023
-117.354       43.53521
-117.3523      43.53161
-117.3424      43.53286
-117.3468      43.52963
-117.3474      43.52923
-117.3432      43.52083
-117.3439      43.51482
-117.3356      43.50825
-117.3389      43.50342
-117.3354      43.489
-117.3437      43.48537
-117.3453      43.48234
-117.3346      43.4812
-117.3329      43.4758
-117.3254      43.46862
-117.3262      43.4662
-117.3303      43.46378
-117.3385      43.46434
-117.3426      43.46192
-117.3466      43.44266
-117.3358      43.4379
-117.3354      43.43411
-117.335       43.43069
-117.3292      43.42892
-117.3307      43.41929
-117.3099      43.39834
-117.3082      43.39294
-117.3106      43.37669
-117.3047      43.36349
-117.3055      43.35567
-117.3161      43.34661
-117.3185      43.33697
-117.3267      43.32972
-117.3299      43.32249
-117.3341      43.32969
-117.3317      43.33451
-117.321       43.33997
-117.3202      43.34298
-117.3235      43.34717
-117.3203      43.35861
-117.3154      43.36224
-117.3188      43.37726
-117.314       43.39291
-117.3273      43.40848
-117.3348      43.41446
-117.3389      43.41263
-117.3431      43.41321
-117.3498      43.4234
-117.3469      43.42579
-117.344       43.42824
-117.3449      43.43064
-117.3473      43.43183
-117.3531      43.4306
-117.3614      43.43477
-117.3631      43.44137
-117.359       43.44801
-117.3508      43.45045
-117.3492      43.45347
-117.3509      43.46428
-117.3419      43.47154
-117.3502      43.47992
-117.3503      43.48472
-117.3429      43.49438
-117.348       43.50518
-117.3529      43.50636
-117.353       43.51297
-117.3498      43.5226
-117.3518      43.52628
-117.3531      43.5286
-117.359       43.53158
-117.3672      43.53033
-117.3673      43.53755
-117.3615      43.53878
-117.3561      43.54532
-117.3558      43.55706
-117.3584      43.56621
-117.3612      43.56803
-117.3694      43.56685
-117.3785      43.56316
-117.3879      43.56221
-117.3952      43.56378
-117.3763      43.57163
-117.3615      43.5726
-117.3543      43.57103
-117.3493      43.57664
-117.3483      43.57769
-117.3446      43.57839
-117.3429      43.58517
-117.3388      43.59
-117.333       43.59123
-117.3306      43.60086
-117.3205      43.60433
-117.3192      43.60914
-117.3167      43.61098
-117.3082      43.61329
-117.3041      43.61148
-117.2903      43.62319
-117.2865      43.62389
-117.2698      43.62119
-117.261       43.63129
-117.2497      43.63612
-117.2409      43.63797
-117.238       43.6405
-117.2399      43.64576
-117.2377      43.64668
 1 
 1             33            
1
 -9999.0   ,   9990.0
   7
 41 
-115.9438      43.61177
-115.9544      43.59282
-115.9626      43.59082
-115.9767      43.58738
-115.9777      43.57992
-115.9863      43.57439
-115.9933      43.5651
-116.001       43.56267
-116.0054      43.55835
-116.0011      43.55458
-116.0037      43.55212
-116.0022      43.54299
-115.9984      43.54044
-115.9988      43.53769
-116.0066      43.53913
-116.0101      43.53824
-116.0124      43.53506
-116.0184      43.53442
-116.0235      43.5292
-116.0358      43.52747
-116.0428      43.52249
-116.0503      43.52324
-116.0577      43.53017
-116.0528      43.53254
-116.0519      43.53129
-116.0459      43.53561
-116.0408      43.52997
-116.0278      43.53771
-116.0123      43.54307
-116.0114      43.55342
-116.013       43.56089
-115.988       43.57751
-115.9835      43.58769
-115.9875      43.59299
-115.9786      43.5968
-115.9682      43.59717
-115.9595      43.59534
-115.9543      43.59967
-115.955       43.60402
-115.9511      43.61005
-115.9438      43.61177
 1 
 1             34            
1
 -9999.0   ,   9990.0
   7
 6 
-116.1619      43.58692
-116.1742      43.59054
-116.1782      43.59469
-116.1781      43.60002
-116.1709      43.59716
-116.1619      43.58692
 1 
 1             35            
1
 -9999.0   ,   9990.0
   7
 31 
-116.7303      43.58935
-116.7198      43.5962
-116.7107      43.59526
-116.6877      43.58857
-116.6925      43.57096
-116.6906      43.56707
-116.6866      43.56431
-116.6711      43.56221
-116.662       43.56631
-116.6475      43.56467
-116.6456      43.55871
-116.6419      43.55504
-116.6271      43.55065
-116.6145      43.54443
-116.6054      43.54531
-116.6007      43.54324
-116.5994      43.5366
-116.5859      43.52044
-116.5979      43.52424
-116.6027      43.52059
-116.6263      43.52638
-116.6486      43.53881
-116.6703      43.54252
-116.6819      43.54667
-116.6901      43.5515
-116.696       43.56044
-116.701       43.56366
-116.7146      43.56689
-116.7347      43.57471
-116.7404      43.5793
-116.7303      43.58935
 1 
 1             36            
1
 -9999.0   ,   9990.0
   7
 7 
-119.7511      43.57758
-119.7571      43.57789
-119.7639      43.58322
-119.7607      43.58903
-119.7462      43.58137
-119.7467      43.57929
-119.7511      43.57758
 1 
 1             37            
1
 -9999.0   ,   9990.0
   7
 9 
-118.8304      43.56769
-118.8334      43.5682
-118.839       43.56915
-118.8468      43.57818
-118.8463      43.58002
-118.8445      43.5805
-118.8419      43.58124
-118.8331      43.57382
-118.8304      43.56769
 1 
 1             38            
1
 -9999.0   ,   9990.0
   7
 10 
-119.608       43.55194
-119.6124      43.55207
-119.641       43.57063
-119.6595      43.57591
-119.6581      43.57915
-119.6382      43.57871
-119.6267      43.57578
-119.6116      43.56124
-119.6076      43.55584
-119.608       43.55194
 1 
 1             39            
1
 -9999.0   ,   9990.0
   7
 7 
-118.0026      43.55591
-118.0073      43.55679
-118.0086      43.5593
-118.0059      43.56504
-118.0018      43.56623
-117.9983      43.56397
-118.0026      43.55591
 1 
 1             40            
1
 -9999.0   ,   9990.0
   7
 7 
-118.0104      43.53227
-118.0094      43.5483
-118.0044      43.54949
-118.0018      43.54722
-118.0001      43.53786
-118.005       43.533
-118.0104      43.53227
 1 
 1             41            
1
 -9999.0   ,   9990.0
   7
 5 
-119.5672      43.48304
-119.5742      43.48609
-119.5652      43.495
-119.5609      43.48937
-119.5672      43.48304
 1 
 1             42            
1
 -9999.0   ,   9990.0
   7
 67 
-115.4186      43.3596
-115.4257      43.36932
-115.4314      43.36742
-115.4363      43.36077
-115.442       43.35833
-115.4511      43.35822
-115.4346      43.36982
-115.4306      43.37506
-115.4336      43.38019
-115.4329      43.3827
-115.4266      43.38147
-115.4243      43.38556
-115.4212      43.38621
-115.4186      43.39029
-115.4141      43.39274
-115.4117      43.39958
-115.4085      43.4016
-115.4042      43.39833
-115.3976      43.39916
-115.3946      43.40439
-115.3892      43.40911
-115.3919      43.41327
-115.3867      43.42029
-115.3821      43.41268
-115.3861      43.40564
-115.3849      43.40173
-115.3816      43.40147
-115.3748      43.40092
-115.3461      43.4085
-115.3426      43.41166
-115.3369      43.41067
-115.3292      43.41651
-115.3217      43.41912
-115.3144      43.41961
-115.307       43.42305
-115.3015      43.42961
-115.3043      43.44316
-115.3105      43.45676
-115.3054      43.47134
-115.3068      43.47639
-115.3054      43.48484
-115.2964      43.47945
-115.2959      43.47394
-115.2993      43.46644
-115.2958      43.45608
-115.2893      43.44935
-115.2895      43.4315
-115.2947      43.42608
-115.2916      43.42344
-115.2835      43.4251
-115.2827      43.42332
-115.295       43.41936
-115.303       43.42064
-115.3048      43.41973
-115.3121      43.41604
-115.3226      43.41382
-115.3298      43.40645
-115.3256      43.40135
-115.3322      43.40098
-115.3401      43.39789
-115.3602      43.39909
-115.3662      43.39665
-115.3826      43.39689
-115.4037      43.39306
-115.4127      43.387
-115.4202      43.37497
-115.4186      43.3596
 1 
 1             43            
1
 -9999.0   ,   9990.0
   7
 6 
-119.7843      43.47325
-119.7884      43.47337
-119.7917      43.47695
-119.79        43.48089
-119.7777      43.4796
-119.7843      43.47325
 1 
 1             44            
1
 -9999.0   ,   9990.0
   7
 10 
-118.8853      43.47199
-118.8884      43.46965
-118.8876      43.46554
-118.8913      43.46112
-118.8942      43.46565
-118.8943      43.46687
-118.8944      43.47096
-118.8945      43.47298
-118.8892      43.4765
-118.8853      43.47199
 1 
 1             45            
1
 -9999.0   ,   9990.0
   7
 14 
-114.028       43.43037
-114.0314      43.43114
-114.0387      43.43706
-114.0402      43.44511
-114.0477      43.45331
-114.0489      43.46045
-114.053       43.46719
-114.0529      43.46948
-114.048       43.47371
-114.0449      43.47225
-114.0439      43.46696
-114.0329      43.45248
-114.0261      43.43696
-114.028       43.43037
 1 
 1             46            
1
 -9999.0   ,   9990.0
   7
 21 
-119.4358      43.46607
-119.4319      43.46983
-119.4244      43.47045
-119.423       43.46704
-119.426       43.45759
-119.4246      43.45235
-119.4257      43.44958
-119.4193      43.4326
-119.4118      43.42891
-119.4068      43.42082
-119.3924      43.40957
-119.4004      43.41035
-119.4099      43.41592
-119.4153      43.41628
-119.4176      43.42443
-119.421       43.42773
-119.4227      43.43542
-119.434       43.451
-119.431       43.4561
-119.4398      43.4621
-119.4358      43.46607
 5 
 1             47            
1
 -9999.0   ,   9990.0
   7
 229 
-118.8306      43.44269
-118.8221      43.44466
-118.8165      43.44338
-118.8121      43.44437
-118.7978      43.45009
-118.7828      43.44324
-118.7768      43.44311
-118.77        43.44596
-118.7585      43.44134
-118.7378      43.44258
-118.7304      43.43835
-118.7262      43.43292
-118.7183      43.43053
-118.715       43.42691
-118.7115      43.42651
-118.7091      43.42884
-118.7086      43.4332
-118.7131      43.44663
-118.7119      43.45032
-118.7065      43.44948
-118.7007      43.44453
-118.6976      43.44618
-118.6886      43.46006
-118.6811      43.46223
-118.6809      43.45491
-118.683       43.45248
-118.7001      43.4331
-118.6984      43.43014
-118.6947      43.43043
-118.6882      43.43603
-118.6838      43.43609
-118.6821      43.43085
-118.6799      43.42974
-118.6717      43.43032
-118.671       43.42736
-118.674       43.42319
-118.6884      43.41977
-118.6911      43.41721
-118.6869      43.41384
-118.6775      43.41329
-118.6689      43.41984
-118.6614      43.42018
-118.6484      43.40847
-118.6419      43.39958
-118.6282      43.38084
-118.6233      43.38687
-118.6175      43.38169
-118.6189      43.37388
-118.6174      43.36703
-118.625       43.35662
-118.6264      43.35179
-118.6196      43.3329
-118.6077      43.32025
-118.6031      43.31322
-118.6023      43.30728
-118.6069      43.30538
-118.6167      43.30524
-118.6197      43.30313
-118.623       43.29621
-118.6193      43.28826
-118.6205      43.28412
-118.6251      43.28314
-118.6355      43.28459
-118.6504      43.28917
-118.6782      43.30775
-118.6877      43.31012
-118.6993      43.31086
-118.7078      43.30844
-118.7229      43.30065
-118.7366      43.29814
-118.7397      43.29466
-118.7401      43.29305
-118.7437      43.28132
-118.7494      43.2755
-118.7541      43.27383
-118.7641      43.262
-118.7721      43.25659
-118.7786      43.2558
-118.7946      43.26608
-118.8158      43.26184
-118.8196      43.26315
-118.8322      43.27439
-118.8415      43.27126
-118.8503      43.27157
-118.8549      43.2676
-118.8539      43.26464
-118.8559      43.26003
-118.8653      43.25849
-118.8829      43.25957
-118.9264      43.28583
-118.9456      43.28733
-118.9526      43.28285
-118.9575      43.26971
-118.9603      43.26715
-118.968       43.26449
-118.9769      43.25907
-118.9948      43.25806
-119.0016      43.25473
-119.0046      43.2517
-119.0075      43.24258
-119.0077      43.2418
-119.0135      43.23712
-119.0179      43.22788
-119.024       43.22273
-119.0335      43.21775
-119.0413      43.21691
-119.0511      43.20895
-119.0688      43.18801
-119.0857      43.18586
-119.1114      43.18835
-119.1257      43.1922
-119.1349      43.19945
-119.1382      43.20203
-119.1446      43.20465
-119.1518      43.20474
-119.1571      43.20258
-119.1693      43.20371
-119.1763      43.20632
-119.1901      43.21521
-119.2051      43.22246
-119.2084      43.22584
-119.2113      43.23654
-119.2164      43.23918
-119.2207      43.24551
-119.2284      43.25016
-119.2304      43.2527
-119.233       43.25602
-119.229       43.2648
-119.2304      43.27669
-119.2298      43.27921
-119.2282      43.28001
-119.2208      43.2835
-119.2147      43.28638
-119.2066      43.28747
-119.1977      43.29245
-119.1877      43.29379
-119.1791      43.29785
-119.1718      43.30395
-119.1679      43.31044
-119.17        43.3152
-119.1641      43.31646
-119.1526      43.31234
-119.1373      43.31309
-119.1302      43.30911
-119.1236      43.29985
-119.1168      43.29494
-119.1016      43.29111
-119.0662      43.27506
-119.0546      43.26429
-119.049       43.25707
-119.046       43.25323
-119.0431      43.23245
-119.0389      43.22795
-119.0365      43.24127
-119.0376      43.25316
-119.0403      43.25906
-119.047       43.26328
-119.0498      43.27125
-119.0583      43.28185
-119.0525      43.28654
-119.0372      43.28728
-119.0268      43.29457
-119.0212      43.29604
-119.0155      43.29557
-118.9922      43.29359
-118.9854      43.29738
-118.9837      43.30199
-118.9865      43.30973
-118.99        43.31218
-118.9944      43.31187
-119.0031      43.30828
-119.0159      43.30736
-119.0266      43.30899
-119.034       43.31367
-119.0406      43.32247
-119.0477      43.32738
-119.0509      43.33854
-119.0505      43.34542
-119.0418      43.34901
-119.0346      43.35557
-119.033       43.35696
-119.0287      43.35841
-119.0239      43.35735
-119.0244      43.35414
-119.0353      43.34226
-119.0376      43.33604
-119.0344      43.33243
-119.031       43.33388
-119.0258      43.34015
-119.0189      43.34004
-118.9738      43.35139
-118.9384      43.35545
-118.9222      43.35979
-118.9119      43.36255
-118.8996      43.36872
-118.8871      43.37282
-118.8831      43.3729
-118.8656      43.36815
-118.8658      43.37296
-118.879       43.38281
-118.8919      43.38236
-118.9064      43.37638
-118.9177      43.37642
-118.9257      43.37879
-118.9334      43.38439
-118.9502      43.39027
-118.9561      43.38994
-118.9675      43.38928
-118.9762      43.3953
-118.9773      43.40124
-118.976       43.40836
-118.9784      43.41519
-118.9773      43.41887
-118.9691      43.41787
-118.9639      43.42277
-118.9557      43.42154
-118.948       43.42557
-118.9408      43.43577
-118.9314      43.43822
-118.9267      43.42823
-118.919       43.42401
-118.9036      43.42428
-118.8954      43.43473
-118.8868      43.43922
-118.8824      43.43976
-118.8591      43.44084
-118.856       43.44226
-118.8381      43.44073
-118.8306      43.44269
 1             47            2 
1
 -9999.0   ,   9990.0
   7
 8 
-118.8123      43.40018
-118.8066      43.4005
-118.8045      43.40237
-118.8018      43.40584
-118.8041      43.40855
-118.8106      43.40776
-118.8146      43.40357
-118.8123      43.40018
 1             47            3 
1
 -9999.0   ,   9990.0
   7
 10 
-118.7123      43.39948
-118.7023      43.40216
-118.6962      43.40889
-118.6999      43.41616
-118.7057      43.4195
-118.7113      43.42033
-118.716       43.4182
-118.7205      43.41195
-118.7204      43.40897
-118.7123      43.39948
 1             47            4 
1
 -9999.0   ,   9990.0
   7
 13 
-118.7868      43.39945
-118.7731      43.40379
-118.7596      43.40561
-118.7528      43.40846
-118.7504      43.41193
-118.7526      43.4135
-118.7605      43.41406
-118.7812      43.41282
-118.7869      43.41387
-118.7909      43.41106
-118.7951      43.4032
-118.7925      43.40004
-118.7868      43.39945
 1             47            5 
1
 -9999.0   ,   9990.0
   7
 5 
-119.0295      43.32269
-119.0203      43.32628
-119.0152      43.33118
-119.0205      43.33269
-119.0295      43.32269
 1 
 1             48            
1
 -9999.0   ,   9990.0
   7
 10 
-119.1499      43.45922
-119.1414      43.45438
-119.1352      43.45451
-119.1336      43.44703
-119.1348      43.44349
-119.1382      43.44192
-119.1404      43.44438
-119.1391      43.44792
-119.1504      43.4552
-119.1499      43.45922
 1 
 1             49            
1
 -9999.0   ,   9990.0
   7
 9 
-119.2596      43.44735
-119.2604      43.45084
-119.2563      43.45093
-119.2471      43.44412
-119.2422      43.44372
-119.2441      43.43967
-119.2503      43.43953
-119.2519      43.44401
-119.2596      43.44735
 1 
 1             50            
1
 -9999.0   ,   9990.0
   7
 9 
-119.6907      43.43461
-119.6923      43.43857
-119.6888      43.43917
-119.6803      43.43287
-119.672       43.43308
-119.6698      43.43013
-119.6717      43.42607
-119.6779      43.42541
-119.6907      43.43461
 1 
 1             51            
1
 -9999.0   ,   9990.0
   7
 7 
-119.1427      43.41626
-119.1358      43.4144
-119.1376      43.40985
-119.1445      43.40971
-119.1508      43.41308
-119.1489      43.41613
-119.1427      43.41626
 1 
 1             52            
1
 -9999.0   ,   9990.0
   7
 16 
-119.3051      43.38162
-119.3115      43.38492
-119.3132      43.38947
-119.3191      43.3937
-119.3305      43.3962
-119.3334      43.39958
-119.3292      43.40356
-119.3249      43.40548
-119.3179      43.40563
-119.3149      43.39905
-119.3097      43.39549
-119.304       43.39584
-119.2951      43.39236
-119.2933      43.38713
-119.2966      43.3834
-119.3051      43.38162
 1 
 1             53            
1
 -9999.0   ,   9990.0
   7
 15 
-119.5318      43.38539
-119.5285      43.38157
-119.5293      43.37857
-119.537       43.37474
-119.5583      43.38111
-119.5632      43.38718
-119.5687      43.38704
-119.573       43.38994
-119.5724      43.39196
-119.5638      43.38967
-119.5652      43.39492
-119.5624      43.4014
-119.5535      43.40023
-119.5489      43.39438
-119.5318      43.38539
 1 
 1             54            
1
 -9999.0   ,   9990.0
   7
 51 
-119.3764      43.37317
-119.378       43.36329
-119.3784      43.36048
-119.381       43.35641
-119.3892      43.35422
-119.3953      43.35258
-119.414       43.35665
-119.4145      43.35163
-119.3993      43.35048
-119.3957      43.34605
-119.4036      43.33734
-119.4006      43.33291
-119.4061      43.33227
-119.4104      43.33545
-119.4217      43.34395
-119.4258      43.34334
-119.427       43.3383
-119.4241      43.33486
-119.4171      43.33302
-119.4008      43.32137
-119.3937      43.31552
-119.3915      43.31156
-119.3942      43.3105
-119.4032      43.31279
-119.4147      43.30852
-119.4189      43.30892
-119.4227      43.31785
-119.4284      43.32323
-119.4383      43.32902
-119.4445      43.33037
-119.4495      43.33327
-119.4475      43.33682
-119.4376      43.33815
-119.4339      43.33864
-119.4314      43.34522
-119.4364      43.35011
-119.4504      43.3558
-119.4512      43.35829
-119.4478      43.35937
-119.4387      43.35407
-119.4346      43.35517
-119.4347      43.35817
-119.4419      43.36402
-119.4441      43.36798
-119.4408      43.37107
-119.4197      43.37707
-119.3968      43.38713
-119.3858      43.38788
-119.3802      43.386
-119.3752      43.38061
-119.3764      43.37317
 1 
 1             55            
1
 -9999.0   ,   9990.0
   7
 6 
-119.5879      43.36005
-119.5929      43.36016
-119.6         43.36962
-119.5966      43.37908
-119.5859      43.36445
-119.5879      43.36005
 1 
 1             56            
1
 -9999.0   ,   9990.0
   7
 18 
-115.3833      43.31953
-115.3898      43.32236
-115.3907      43.32466
-115.387       43.334
-115.3888      43.33768
-115.3855      43.34428
-115.3894      43.35051
-115.3905      43.35739
-115.3803      43.34924
-115.3689      43.35435
-115.3605      43.35475
-115.3565      43.35176
-115.3684      43.34953
-115.3726      43.34593
-115.3752      43.3407
-115.3739      43.32992
-115.3784      43.3277
-115.3833      43.31953
 1 
 1             57            
1
 -9999.0   ,   9990.0
   7
 24 
-119.17        43.3152
-119.1679      43.31044
-119.1718      43.30395
-119.1791      43.29785
-119.1877      43.29379
-119.1977      43.29245
-119.2067      43.29685
-119.2167      43.29619
-119.2269      43.29186
-119.2295      43.29193
-119.2316      43.29198
-119.2514      43.30259
-119.2606      43.32049
-119.272       43.33193
-119.2722      43.33583
-119.2617      43.34108
-119.256       43.34073
-119.2538      43.33895
-119.2292      43.33715
-119.2256      43.33425
-119.218       43.33329
-119.2146      43.33286
-119.1852      43.31101
-119.17        43.3152
 1 
 1             58            
1
 -9999.0   ,   9990.0
   7
 14 
-119.3689      43.32962
-119.3691      43.33513
-119.3664      43.3367
-119.3616      43.3353
-119.36        43.3286
-119.3591      43.32484
-119.3534      43.32095
-119.3527      43.31726
-119.3525      43.31646
-119.3534      43.31672
-119.3623      43.31925
-119.368       43.32363
-119.3682      43.32514
-119.3689      43.32962
 1 
 1             59            
1
 -9999.0   ,   9990.0
   7
 34 
-114.4247      43.33343
-114.4142      43.3346
-114.3933      43.32998
-114.3868      43.32705
-114.3905      43.31735
-114.3852      43.30829
-114.3773      43.30354
-114.3652      43.29112
-114.3625      43.29037
-114.3567      43.27009
-114.3493      43.26053
-114.3593      43.25343
-114.3635      43.25055
-114.3741      43.2524
-114.3781      43.25455
-114.3778      43.25583
-114.377       43.2591
-114.3882      43.26165
-114.3778      43.26874
-114.3811      43.2718
-114.3858      43.2719
-114.3934      43.28627
-114.4074      43.28915
-114.4073      43.29263
-114.4025      43.29114
-114.3976      43.29452
-114.392       43.2944
-114.3904      43.29651
-114.3972      43.30743
-114.3967      43.31108
-114.4068      43.32887
-114.4164      43.32698
-114.4239      43.33062
-114.4247      43.33343
 1 
 1             60            
1
 -9999.0   ,   9990.0
   7
 18 
-117.3908      43.30655
-117.3974      43.30952
-117.4065      43.31068
-117.4147      43.30883
-117.4204      43.30519
-117.4311      43.30633
-117.4616      43.33004
-117.4537      43.33265
-117.4487      43.33148
-117.447       43.32307
-117.432       43.31234
-117.4197      43.3118
-117.4082      43.31788
-117.4057      43.31789
-117.4016      43.31551
-117.3966      43.31554
-117.3916      43.31136
-117.3908      43.30655
 1 
 1             61            
1
 -9999.0   ,   9990.0
   7
 12 
-117.3389      43.31523
-117.3422      43.3074
-117.3487      43.30557
-117.357       43.30673
-117.3644      43.30368
-117.3784      43.30181
-117.3817      43.3066
-117.3743      43.30544
-117.3587      43.31032
-117.3512      43.30856
-117.3471      43.30918
-117.3389      43.31523
 1 
 1             62            
1
 -9999.0   ,   9990.0
   7
 9 
-115.5851      43.2878
-115.5858      43.29194
-115.5898      43.29493
-115.5889      43.29787
-115.5817      43.29484
-115.5776      43.29656
-115.5746      43.28651
-115.5779      43.28478
-115.5851      43.2878
 1 
 1             63            
1
 -9999.0   ,   9990.0
   7
 40 
-114.8327      43.24924
-114.8334      43.25552
-114.8362      43.25975
-114.8351      43.26182
-114.8284      43.2631
-114.8293      43.2659
-114.8341      43.26599
-114.8408      43.26332
-114.8504      43.26209
-114.8541      43.26564
-114.8531      43.26702
-114.8445      43.26686
-114.8453      43.27176
-114.8414      43.27517
-114.8291      43.27148
-114.8262      43.27282
-114.8205      43.27132
-114.8099      43.27393
-114.8039      43.28149
-114.7953      43.28343
-114.7926      43.28047
-114.7888      43.27634
-114.788       43.27145
-114.7843      43.26929
-114.7884      43.2624
-114.7977      43.26814
-114.8062      43.26968
-114.8207      43.26506
-114.8277      43.25751
-114.818       43.26013
-114.8105      43.25721
-114.8038      43.25849
-114.8029      43.25499
-114.8059      43.25156
-114.8117      43.24957
-114.8147      43.24474
-114.8112      43.23562
-114.8179      43.23643
-114.8301      43.24153
-114.8327      43.24924
 1 
 1             64            
1
 -9999.0   ,   9990.0
   7
 10 
-119.8137      43.20616
-119.8235      43.20706
-119.8277      43.21016
-119.8276      43.21383
-119.8249      43.21687
-119.8185      43.22024
-119.8128      43.21969
-119.8069      43.21504
-119.8109      43.20669
-119.8137      43.20616
 1 
 1             65            
1
 -9999.0   ,   9990.0
   7
 20 
-118.6418      43.13843
-118.6455      43.13815
-118.6484      43.14017
-118.6479      43.1473
-118.6424      43.15032
-118.6462      43.15256
-118.6454      43.15532
-118.648       43.15963
-118.6546      43.16045
-118.6614      43.16767
-118.6608      43.17037
-118.6584      43.17175
-118.651       43.16919
-118.6431      43.17111
-118.6363      43.1653
-118.6281      43.16428
-118.6252      43.1602
-118.6356      43.15386
-118.6372      43.14171
-118.6418      43.13843
 1 
 1             66            
1
 -9999.0   ,   9990.0
   7
 7 
-115.6551      43.16092
-115.6591      43.16234
-115.6587      43.16485
-115.6536      43.1696
-115.6483      43.17091
-115.6465      43.16677
-115.6551      43.16092
 1 
 1             67            
1
 -9999.0   ,   9990.0
   7
 11 
-115.8723      43.1624
-115.8669      43.16302
-115.8623      43.16629
-115.8587      43.16493
-115.8663      43.14185
-115.8726      43.14125
-115.8771      43.14657
-115.8816      43.14661
-115.8779      43.15187
-115.8777      43.16244
-115.8723      43.1624
 1 
 1             68            
1
 -9999.0   ,   9990.0
   7
 14 
-119.1372      43.1487
-119.1417      43.15068
-119.1434      43.15385
-119.1401      43.15803
-119.1366      43.1581
-119.1342      43.16021
-119.1266      43.15852
-119.1189      43.15203
-119.1182      43.14953
-119.1197      43.14767
-119.1275      43.14683
-119.1306      43.14791
-119.1337      43.14694
-119.1372      43.1487
 1 
 1             69            
1
 -9999.0   ,   9990.0
   7
 16 
-118.111       43.10324
-118.1135      43.09948
-118.114       43.09863
-118.1129      43.08949
-118.1178      43.0844
-118.1244      43.08616
-118.1314      43.09089
-118.1392      43.09173
-118.1424      43.09513
-118.1306      43.11288
-118.1329      43.11995
-118.1318      43.12431
-118.1148      43.13891
-118.1096      43.12546
-118.1077      43.10785
-118.111       43.10324
 1 
 1             70            
1
 -9999.0   ,   9990.0
   7
 11 
-118.8979      43.12195
-118.8973      43.12146
-118.8943      43.11903
-118.8932      43.11355
-118.8978      43.11164
-118.9027      43.11505
-118.9078      43.11857
-118.9162      43.12895
-118.915       43.13058
-118.91        43.13089
-118.8979      43.12195
 1 
 1             71            
1
 -9999.0   ,   9990.0
   7
 10 
-119.9636      43.12306
-119.9573      43.12008
-119.957       43.1147
-119.9533      43.1139
-119.9543      43.10892
-119.9628      43.10868
-119.9655      43.1131
-119.9639      43.11765
-119.9666      43.12207
-119.9636      43.12306
 1 
 1             72            
1
 -9999.0   ,   9990.0
   7
 7 
-115.545       43.12234
-115.5426      43.11943
-115.5475      43.11487
-115.5546      43.11437
-115.5545      43.11956
-115.552       43.12242
-115.545       43.12234
 1 
 1             73            
1
 -9999.0   ,   9990.0
   7
 35 
-117.3485      43.0778
-117.3551      43.08465
-117.3501      43.08856
-117.3545      43.09144
-117.3567      43.09289
-117.3552      43.09417
-117.3517      43.09725
-117.3439      43.09682
-117.3389      43.10187
-117.334       43.10715
-117.3312      43.10762
-117.3255      43.10581
-117.3196      43.10674
-117.3156      43.11316
-117.3115      43.10929
-117.3014      43.10703
-117.2998      43.10086
-117.2964      43.09766
-117.3029      43.09283
-117.3089      43.0935
-117.313       43.09852
-117.3252      43.10123
-117.3311      43.09915
-117.3264      43.09345
-117.3182      43.09279
-117.3154      43.08913
-117.3157      43.0857
-117.3186      43.08396
-117.3221      43.08593
-117.3247      43.08499
-117.3181      43.07791
-117.3263      43.07514
-117.331       43.07901
-117.3357      43.08037
-117.3485      43.0778
 1 
 1             74            
1
 -9999.0   ,   9990.0
   7
 7 
-119.4638      43.09015
-119.4597      43.08773
-119.4639      43.08351
-119.4714      43.08426
-119.4759      43.08805
-119.4706      43.09481
-119.4638      43.09015
 1 
 1             75            
1
 -9999.0   ,   9990.0
   7
 9 
-119.3998      43.07759
-119.3924      43.08645
-119.3867      43.08452
-119.3853      43.08248
-119.3889      43.06386
-119.3967      43.06232
-119.4012      43.06565
-119.4034      43.07362
-119.3998      43.07759
 1 
 1             76            
1
 -9999.0   ,   9990.0
   7
 8 
-120           43.0599
-120           43.0736
-119.9885      43.06806
-119.9836      43.06385
-119.9812      43.05933
-119.9827      43.057
-119.9891      43.05522
-120           43.0599
 1 
 1             77            
1
 -9999.0   ,   9990.0
   7
 29 
-118.1674      43.06236
-118.1657      43.06833
-118.1604      43.06885
-118.1587      43.06451
-118.1622      43.05372
-118.1596      43.04848
-118.1605      43.04573
-118.1673      43.0429
-118.1731      43.0362
-118.1791      43.02332
-118.1945      43.01331
-118.1983      43.01304
-118.2121      43.01906
-118.2268      43.03103
-118.2334      43.03531
-118.2394      43.03661
-118.2422      43.03932
-118.24        43.04336
-118.2374      43.04808
-118.2297      43.05343
-118.2082      43.05573
-118.2038      43.05349
-118.2007      43.04117
-118.1941      43.03575
-118.1869      43.03605
-118.1856      43.05186
-118.1792      43.05651
-118.1717      43.05865
-118.1674      43.06236
 1 
 1             78            
1
 -9999.0   ,   9990.0
   7
 17 
-119.4886      43.03189
-119.5016      43.03618
-119.51        43.03622
-119.5111      43.03894
-119.51        43.04263
-119.5062      43.04294
-119.5033      43.04713
-119.5044      43.05123
-119.5028      43.0579
-119.4967      43.06148
-119.4855      43.06264
-119.4791      43.05798
-119.477       43.05322
-119.4774      43.0484
-119.4807      43.03825
-119.4858      43.03264
-119.4886      43.03189
 1 
 1             79            
1
 -9999.0   ,   9990.0
   7
 7 
-116.1362      43.01576
-116.1297      43.01942
-116.1171      43.01803
-116.1117      43.01535
-116.1082      43.00673
-116.1154      43.01206
-116.1362      43.01576
 1 
 1             80            
1
 -9999.0   ,   9990.0
   7
 17 
-119.239       42.97679
-119.2439      42.97486
-119.2496      42.97497
-119.2691      42.98854
-119.275       42.9946
-119.2777      43.00004
-119.2766      43.00441
-119.2706      43.0098
-119.2653      43.01197
-119.2604      43.01185
-119.2549      43.00875
-119.249       43.00933
-119.2429      43.00579
-119.2406      43.00057
-119.2404      42.98936
-119.2366      42.97959
-119.239       42.97679
 1 
 1             81            
1
 -9999.0   ,   9990.0
   7
 7 
-119.2995      42.99821
-119.3021      43.00183
-119.3001      43.00645
-119.2958      43.00814
-119.2896      43.00208
-119.292       42.99929
-119.2995      42.99821
 1 
 1             82            
1
 -9999.0   ,   9990.0
   7
 69 
-115.9633      42.99308
-115.9343      43.00489
-115.9271      43.00483
-115.919       43.0008
-115.9147      42.9882
-115.9102      42.98883
-115.9003      42.98479
-115.8795      42.99123
-115.8714      42.98918
-115.8572      42.97518
-115.8319      42.97467
-115.8402      42.97107
-115.8573      42.97188
-115.8609      42.97032
-115.8618      42.96993
-115.8697      42.98388
-115.8769      42.98724
-115.8832      42.98663
-115.8932      42.98275
-115.9139      42.98027
-115.9166      42.98359
-115.9202      42.98494
-115.9191      42.99353
-115.9245      42.99886
-115.9325      43.00024
-115.9515      42.99206
-115.9632      42.9782
-115.9621      42.97246
-115.9561      42.96459
-115.9548      42.96279
-115.9536      42.95774
-115.9483      42.95655
-115.9437      42.95216
-115.9456      42.94783
-115.9003      42.92793
-115.8912      42.92757
-115.8728      42.92357
-115.8594      42.92298
-115.8535      42.9188
-115.8432      42.90542
-115.836       42.90467
-115.8345      42.90031
-115.8371      42.8969
-115.8453      42.89217
-115.8499      42.89451
-115.8542      42.90119
-115.8622      42.90447
-115.8656      42.9045
-115.8666      42.90291
-115.8725      42.90389
-115.8761      42.90987
-115.8861      42.91419
-115.8956      42.9183
-115.8995      42.92396
-115.9075      42.92601
-115.9245      42.93539
-115.937       42.93946
-115.9486      42.94144
-115.9617      42.93881
-115.9784      42.94704
-115.9843      42.94535
-116.0048      42.95093
-115.9963      42.95377
-115.9792      42.95101
-115.9696      42.9533
-115.9661      42.95716
-115.9654      42.96173
-115.9717      42.97392
-115.9633      42.99308
 1 
 1             83            
1
 -9999.0   ,   9990.0
   7
 6 
-115.0476      42.98306
-115.0636      42.98517
-115.0708      42.99514
-115.0654      42.99711
-115.06        42.99061
-115.0476      42.98306
 1 
 1             84            
1
 -9999.0   ,   9990.0
   7
 8 
-119.224       42.98374
-119.2285      42.98708
-119.2283      42.98983
-119.221       42.99662
-119.2159      42.99397
-119.2142      42.98897
-119.215       42.98667
-119.224       42.98374
 1 
 1             85            
1
 -9999.0   ,   9990.0
   7
 8 
-116.0701      42.98671
-116.0598      42.9899
-116.0517      42.98919
-116.0418      42.98251
-116.0312      42.96657
-116.0393      42.96994
-116.049       42.98521
-116.0701      42.98671
 1 
 1             86            
1
 -9999.0   ,   9990.0
   7
 10 
-118.2665      42.96191
-118.2573      42.97025
-118.251       42.96918
-118.2443      42.96216
-118.2439      42.95896
-118.2569      42.95309
-118.2647      42.95254
-118.2697      42.95363
-118.2707      42.95751
-118.2665      42.96191
 1 
 1             87            
1
 -9999.0   ,   9990.0
   7
 16 
-115.7855      42.96916
-115.7803      42.96429
-115.7872      42.95872
-115.7889      42.95412
-115.7842      42.95185
-115.7622      42.94946
-115.7545      42.94365
-115.732       42.94707
-115.7274      42.94267
-115.7358      42.94276
-115.749       42.93833
-115.7734      42.93607
-115.7799      42.93911
-115.7944      42.95071
-115.7914      42.96059
-115.7855      42.96916
 1 
 1             88            
1
 -9999.0   ,   9990.0
   7
 8 
-118.7944      42.94771
-118.7966      42.95149
-118.807       42.95613
-118.8088      42.96434
-118.8017      42.96423
-118.7956      42.9586
-118.7916      42.95272
-118.7944      42.94771
 1 
 1             89            
1
 -9999.0   ,   9990.0
   7
 7 
-119.2346      42.9517
-119.239       42.95229
-119.2383      42.95872
-119.2344      42.96063
-119.226       42.95484
-119.2312      42.95108
-119.2346      42.9517
 1 
 1             90            
1
 -9999.0   ,   9990.0
   7
 5 
-115.6766      42.94363
-115.6427      42.95906
-115.6333      42.95781
-115.6649      42.94546
-115.6766      42.94363
 1 
 1             91            
1
 -9999.0   ,   9990.0
   7
 32 
-115.5104      42.93572
-115.4884      42.93778
-115.4798      42.9348
-115.461       42.93342
-115.4484      42.93673
-115.442       42.94127
-115.4301      42.94458
-115.4105      42.94607
-115.3875      42.95328
-115.3536      42.95862
-115.3505      42.958
-115.3492      42.95583
-115.3467      42.95161
-115.3382      42.94516
-115.3304      42.94333
-115.3163      42.94315
-115.299       42.947
-115.3038      42.94068
-115.3253      42.93938
-115.3274      42.93926
-115.3345      42.93762
-115.3414      42.94347
-115.3507      42.94821
-115.3545      42.95402
-115.3631      42.95413
-115.375       42.94967
-115.3884      42.9481
-115.4461      42.93151
-115.4799      42.93076
-115.4894      42.92856
-115.5027      42.93045
-115.5104      42.93572
 1 
 1             92            
1
 -9999.0   ,   9990.0
   7
 7 
-115.6129      42.95357
-115.5936      42.94068
-115.5857      42.94002
-115.5944      42.93723
-115.6022      42.93904
-115.6138      42.94839
-115.6129      42.95357
 1 
 1             93            
1
 -9999.0   ,   9990.0
   7
 9 
-118.2643      42.93446
-118.2709      42.9369
-118.2748      42.94144
-118.2745      42.94579
-118.2706      42.94904
-118.2674      42.94839
-118.2582      42.9414
-118.2566      42.93822
-118.2643      42.93446
 1 
 1             94            
1
 -9999.0   ,   9990.0
   7
 6 
-115.5599      42.93685
-115.5535      42.94371
-115.5393      42.94585
-115.5322      42.94347
-115.5472      42.94248
-115.5599      42.93685
 1 
 1             95            
1
 -9999.0   ,   9990.0
   7
 34 
-117.2215      42.92895
-117.2106      42.93104
-117.2072      42.9283
-117.2087      42.92486
-117.2159      42.92073
-117.2196      42.91637
-117.2168      42.91226
-117.2068      42.91159
-117.203       42.90908
-117.2049      42.90336
-117.203       42.89466
-117.2058      42.88939
-117.2042      42.88253
-117.2079      42.87382
-117.2141      42.87129
-117.2231      42.87219
-117.2297      42.87057
-117.2443      42.87213
-117.2477      42.87533
-117.245       42.87969
-117.2347      42.88475
-117.2298      42.89231
-117.2329      42.89528
-117.2369      42.89298
-117.2413      42.89297
-117.2472      42.89822
-117.2451      42.90234
-117.2395      42.90053
-117.2345      42.90146
-117.2323      42.90467
-117.2342      42.90878
-117.2376      42.91014
-117.2333      42.92389
-117.2215      42.92895
 1 
 1             96            
1
 -9999.0   ,   9990.0
   7
 10 
-118.8617      42.91812
-118.8589      42.9303
-118.8501      42.92916
-118.848       42.92889
-118.8354      42.91445
-118.8409      42.91115
-118.8481      42.91286
-118.8545      42.91756
-118.8555      42.91764
-118.8617      42.91812
 1 
 1             97            
1
 -9999.0   ,   9990.0
   7
 7 
-119.8092      42.901
-119.8175      42.90399
-119.814       42.91004
-119.81        42.91106
-119.8075      42.90997
-119.8038      42.90457
-119.8092      42.901
 1 
 1             98            
1
 -9999.0   ,   9990.0
   7
 7 
-118.3616      42.87973
-118.3663      42.88103
-118.3693      42.88855
-118.3608      42.8985
-118.3577      42.89946
-118.3558      42.89696
-118.3616      42.87973
 1 
 1             99            
1
 -9999.0   ,   9990.0
   7
 20 
-114.9026      42.84404
-114.9065      42.83048
-114.918       42.82618
-114.9322      42.81681
-114.9293      42.80535
-114.9332      42.80295
-114.9359      42.79591
-114.9377      42.78976
-114.937       42.78241
-114.9283      42.77171
-114.9288      42.76902
-114.9312      42.76936
-114.9421      42.77862
-114.9432      42.7926
-114.9345      42.80694
-114.9366      42.81958
-114.9245      42.82808
-114.9146      42.83182
-114.9086      42.83983
-114.9026      42.84404
 1 
 1             100           
1
 -9999.0   ,   9990.0
   7
 10 
-114.9282      42.79689
-114.9238      42.79896
-114.9173      42.79854
-114.9132      42.81018
-114.9039      42.81789
-114.903       42.81181
-114.9076      42.80679
-114.9129      42.79547
-114.9231      42.79414
-114.9282      42.79689
 1 
 1             101           
1
 -9999.0   ,   9990.0
   7
 7 
-118.4427      42.76972
-118.447       42.76989
-118.4483      42.77193
-118.4467      42.77951
-118.4393      42.78213
-118.4379      42.77619
-118.4427      42.76972
 1 
 1             102           
1
 -9999.0   ,   9990.0
   7
 13 
-114.9128      42.76897
-114.9181      42.77124
-114.9188      42.77426
-114.9176      42.77574
-114.9135      42.77537
-114.9034      42.7716
-114.886       42.7689
-114.88        42.7661
-114.8796      42.76412
-114.8841      42.76347
-114.9008      42.76585
-114.9088      42.76988
-114.9128      42.76897
 1 
 1             103           
1
 -9999.0   ,   9990.0
   7
 9 
-119.4518      42.7465
-119.4565      42.74822
-119.452       42.7529
-119.457       42.75966
-119.4497      42.76326
-119.4465      42.76127
-119.4457      42.75671
-119.4464      42.75234
-119.4518      42.7465
 1 
 1             104           
1
 -9999.0   ,   9990.0
   7
 48 
-114.8494      42.71634
-114.8485      42.73073
-114.8458      42.73729
-114.8523      42.75151
-114.8578      42.75611
-114.8764      42.76016
-114.8735      42.76299
-114.863       42.7622
-114.8481      42.75594
-114.8403      42.745
-114.8402      42.73419
-114.8447      42.72136
-114.8412      42.7168
-114.8278      42.71416
-114.8234      42.71199
-114.8189      42.68999
-114.8133      42.67428
-114.8044      42.67083
-114.7991      42.67313
-114.7849      42.67168
-114.7775      42.67244
-114.7631      42.67699
-114.7459      42.67908
-114.7042      42.6732
-114.6905      42.66904
-114.6567      42.669
-114.6392      42.66374
-114.6354      42.66259
-114.6236      42.65615
-114.6573      42.66361
-114.6817      42.66347
-114.6971      42.66586
-114.7064      42.66934
-114.7255      42.67029
-114.7461      42.67457
-114.7596      42.67332
-114.7789      42.66706
-114.7885      42.66776
-114.7956      42.66827
-114.8009      42.66656
-114.8091      42.6664
-114.8226      42.67655
-114.8236      42.68257
-114.8275      42.68804
-114.8262      42.70273
-114.8284      42.70817
-114.8361      42.7098
-114.8494      42.71634
 1 
 1             105           
1
 -9999.0   ,   9990.0
   7
 7 
-119.7819      42.75032
-119.8059      42.75635
-119.806       42.7591
-119.7888      42.75748
-119.7818      42.75513
-119.7789      42.752
-119.7819      42.75032
 1 
 1             106           
1
 -9999.0   ,   9990.0
   7
 30 
-119.6123      42.74507
-119.5997      42.736
-119.5951      42.73244
-119.5926      42.72312
-119.5957      42.70862
-119.608       42.69321
-119.6411      42.65968
-119.6436      42.65641
-119.6475      42.65151
-119.6484      42.65246
-119.6505      42.65487
-119.6445      42.66784
-119.6542      42.69578
-119.6538      42.70265
-119.6485      42.70782
-119.6462      42.71268
-119.6384      42.71791
-119.6237      42.72398
-119.6248      42.72853
-119.6376      42.73029
-119.641       42.73456
-119.6377      42.73785
-119.6315      42.73913
-119.6282      42.74219
-119.6313      42.74433
-119.6353      42.74707
-119.6329      42.75009
-119.6296      42.75109
-119.6157      42.74753
-119.6123      42.74507
 1 
 1             107           
1
 -9999.0   ,   9990.0
   7
 12 
-117.1904      42.71786
-117.1887      42.71758
-117.1873      42.71631
-117.1828      42.71632
-117.1776      42.71329
-117.1775      42.71158
-117.1839      42.70941
-117.1905      42.71002
-117.1925      42.71117
-117.1961      42.71332
-117.1957      42.71569
-117.1904      42.71786
 1 
 1             108           
1
 -9999.0   ,   9990.0
   7
 8 
-118.373       42.65716
-118.3689      42.67568
-118.3632      42.67987
-118.3545      42.68021
-118.3528      42.6752
-118.3551      42.66762
-118.359       42.66321
-118.373       42.65716
 1 
 1             109           
1
 -9999.0   ,   9990.0
   7
 18 
-119.6814      42.67736
-119.6773      42.67618
-119.676       42.67279
-119.6792      42.66756
-119.6761      42.66335
-119.6714      42.66304
-119.6708      42.66135
-119.6764      42.65777
-119.6738      42.65226
-119.6791      42.65298
-119.6804      42.65681
-119.6806      42.66024
-119.6877      42.66176
-119.6872      42.66435
-119.6849      42.66527
-119.6845      42.66956
-119.6813      42.67565
-119.6814      42.67736
 1 
 1             110           
1
 -9999.0   ,   9990.0
   7
 12 
-118.451       42.64165
-118.4611      42.63373
-118.4634      42.62569
-118.4674      42.62495
-118.4736      42.62715
-118.4779      42.63694
-118.4746      42.6395
-118.4714      42.63909
-118.4635      42.64263
-118.448       42.65611
-118.4425      42.64772
-118.451       42.64165
 1 
 1             111           
1
 -9999.0   ,   9990.0
   7
 6 
-119.7305      42.63917
-119.7359      42.6482
-119.7342      42.65236
-119.7315      42.65335
-119.7278      42.64886
-119.7305      42.63917
 1 
 1             112           
1
 -9999.0   ,   9990.0
   7
 22 
-119.7152      42.64528
-119.7163      42.64846
-119.7134      42.65265
-119.7003      42.64337
-119.6996      42.64291
-119.696       42.63842
-119.6708      42.62438
-119.6679      42.62033
-119.6687      42.61802
-119.6758      42.61762
-119.6785      42.61458
-119.6832      42.61344
-119.6849      42.61305
-119.6871      42.61391
-119.6854      42.61784
-119.6887      42.6212
-119.6956      42.6224
-119.7051      42.62721
-119.7025      42.63139
-119.7029      42.6394
-119.708       42.64339
-119.7152      42.64528
 1 
 1             113           
1
 -9999.0   ,   9990.0
   7
 6 
-119.7515      42.63042
-119.7599      42.62997
-119.7627      42.63654
-119.7611      42.64253
-119.757       42.63554
-119.7515      42.63042
 1 
 1             114           
1
 -9999.0   ,   9990.0
   7
 6 
-119.3185      42.62988
-119.3259      42.63842
-119.3242      42.6412
-119.3173      42.64043
-119.3147      42.63705
-119.3185      42.62988
 1 
 1             115           
1
 -9999.0   ,   9990.0
   7
 6 
-119.7329      42.63018
-119.7349      42.62716
-119.7408      42.62632
-119.7442      42.62884
-119.7431      42.63726
-119.7329      42.63018
 1 
 1             116           
1
 -9999.0   ,   9990.0
   7
 10 
-114.1585      42.62574
-114.1536      42.62379
-114.1285      42.62247
-114.1251      42.62153
-114.1221      42.6207
-114.1201      42.61698
-114.1458      42.61763
-114.1548      42.61786
-114.1593      42.62163
-114.1585      42.62574
 1 
 1             117           
1
 -9999.0   ,   9990.0
   7
 15 
-119.7258      42.59098
-119.731       42.59662
-119.7323      42.59814
-119.7358      42.60493
-119.737       42.61222
-119.7417      42.61852
-119.7406      42.62175
-119.7278      42.62115
-119.7153      42.61825
-119.7041      42.61257
-119.6922      42.60234
-119.6939      42.59955
-119.7051      42.59355
-119.7195      42.58976
-119.7258      42.59098
 1 
 1             118           
1
 -9999.0   ,   9990.0
   7
 16 
-114.4874      42.61779
-114.4816      42.61808
-114.4736      42.61492
-114.4664      42.60967
-114.456       42.60866
-114.4506      42.60814
-114.4418      42.60465
-114.4234      42.60756
-114.4109      42.6035
-114.4248      42.60399
-114.4346      42.6021
-114.4472      42.60206
-114.4532      42.60399
-114.4634      42.6042
-114.4838      42.61423
-114.4874      42.61779
 1 
 1             119           
1
 -9999.0   ,   9990.0
   7
 10 
-118.4908      42.59304
-118.4952      42.59505
-118.4921      42.60882
-118.4894      42.61275
-118.4833      42.61581
-118.4783      42.61542
-118.4764      42.61315
-118.4848      42.60091
-118.4852      42.59358
-118.4908      42.59304
 1 
 1             120           
1
 -9999.0   ,   9990.0
   7
 51 
-118.423       42.60624
-118.41        42.6112
-118.4053      42.61296
-118.4031      42.61093
-118.4021      42.60705
-118.4072      42.59828
-118.4064      42.59371
-118.3979      42.58879
-118.3956      42.58241
-118.3972      42.57255
-118.4016      42.5718
-118.4086      42.566
-118.4065      42.54473
-118.4087      42.51953
-118.4171      42.50137
-118.4243      42.4859
-118.4274      42.48495
-118.4318      42.49015
-118.4352      42.50132
-118.4418      42.50764
-118.4502      42.497
-118.451       42.49173
-118.4653      42.48055
-118.4739      42.47792
-118.4799      42.47783
-118.4829      42.47779
-118.4973      42.47347
-118.5022      42.4702
-118.5174      42.47159
-118.5221      42.47381
-118.5243      42.4763
-118.5243      42.4817
-118.5242      42.49438
-118.5284      42.51424
-118.522       42.54248
-118.517       42.55354
-118.5125      42.55749
-118.5066      42.57062
-118.5027      42.57571
-118.4954      42.58062
-118.4885      42.57568
-118.4829      42.57599
-118.4746      42.57999
-118.4663      42.58225
-118.4593      42.58419
-118.4586      42.58437
-118.4394      42.58664
-118.4248      42.59576
-118.4268      42.60051
-118.4241      42.60606
-118.423       42.60624
 1 
 1             121           
1
 -9999.0   ,   9990.0
   7
 18 
-119.8022      42.56937
-119.8056      42.57153
-119.8119      42.57552
-119.8246      42.58642
-119.8264      42.59233
-119.8234      42.60202
-119.8196      42.60624
-119.8168      42.607
-119.7994      42.6061
-119.796       42.60593
-119.7814      42.59874
-119.7668      42.5856
-119.7651      42.58106
-119.7677      42.57779
-119.7875      42.57706
-119.7958      42.56906
-119.8004      42.56826
-119.8022      42.56937
 1 
 1             122           
1
 -9999.0   ,   9990.0
   7
 20 
-118.0975      42.59043
-118.089       42.58548
-118.0886      42.58432
-118.0854      42.57614
-118.088       42.56558
-118.0917      42.56372
-118.0949      42.56435
-118.1004      42.56546
-118.109       42.56171
-118.1187      42.56275
-118.119       42.5632
-118.1247      42.57138
-118.1227      42.58033
-118.1244      42.58512
-118.1303      42.58987
-118.1286      42.59515
-118.1148      42.60216
-118.1086      42.60268
-118.1042      42.60112
-118.0975      42.59043
 1 
 1             123           
1
 -9999.0   ,   9990.0
   7
 15 
-119.7258      42.59098
-119.7315      42.58671
-119.7332      42.58369
-119.7327      42.57867
-119.7372      42.57603
-119.7374      42.57237
-119.7433      42.57245
-119.7508      42.58188
-119.7576      42.5872
-119.7553      42.59184
-119.7557      42.59244
-119.758       42.59635
-119.7563      42.59915
-119.7381      42.59331
-119.7258      42.59098
 1 
 1             124           
1
 -9999.0   ,   9990.0
   7
 5 
-114.359       42.59563
-114.345       42.59416
-114.3344      42.58583
-114.3366      42.58251
-114.359       42.59563
 1 
 1             125           
1
 -9999.0   ,   9990.0
   7
 10 
-119.5343      42.58091
-119.5373      42.58679
-119.5366      42.59048
-119.5323      42.59263
-119.5255      42.5921
-119.5182      42.58861
-119.5154      42.58295
-119.5201      42.5746
-119.5269      42.57398
-119.5343      42.58091
 1 
 1             126           
1
 -9999.0   ,   9990.0
   7
 11 
-119.8242      42.56674
-119.8313      42.56472
-119.8483      42.54985
-119.8529      42.55041
-119.852       42.55686
-119.845       42.56688
-119.842       42.57475
-119.8365      42.57718
-119.8203      42.57394
-119.8169      42.56967
-119.8242      42.56674
 1 
 1             127           
1
 -9999.0   ,   9990.0
   7
 5 
-119.8167      42.56349
-119.8156      42.56072
-119.8186      42.55681
-119.8246      42.54886
-119.8242      42.56674
 1 
 1             128           
1
 -9999.0   ,   9990.0
   7
 11 
-119.8337      42.53076
-119.8363      42.53917
-119.836       42.54605
-119.8255      42.54279
-119.8155      42.53971
-119.8142      42.53012
-119.8196      42.52815
-119.8234      42.52347
-119.8274      42.522
-119.8315      42.52395
-119.8337      42.53076
 1 
 1             129           
1
 -9999.0   ,   9990.0
   7
 6 
-114           42.53647
-114           42.5334
-114.0091      42.5315
-114.011       42.53209
-114.0109      42.53435
-114           42.53647
 1 
 1             130           
1
 -9999.0   ,   9990.0
   7
 10 
-119.8388      42.52366
-119.8354      42.51974
-119.8413      42.51522
-119.8439      42.51081
-119.8496      42.51601
-119.8507      42.51704
-119.8542      42.52588
-119.8485      42.52947
-119.8445      42.52934
-119.8388      42.52366
 1 
 1             131           
1
 -9999.0   ,   9990.0
   7
 9 
-119.8211      42.50018
-119.8234      42.50859
-119.8227      42.52052
-119.8133      42.51206
-119.8042      42.51045
-119.8016      42.50709
-119.8085      42.50233
-119.8159      42.50237
-119.8211      42.50018
 1 
 1             132           
1
 -9999.0   ,   9990.0
   7
 11 
-119.8592      42.50372
-119.8558      42.50042
-119.855       42.49655
-119.8582      42.49389
-119.8598      42.49253
-119.8645      42.49333
-119.8694      42.49847
-119.8702      42.50348
-119.865       42.50522
-119.8597      42.50421
-119.8592      42.50372
 1 
 1             133           
1
 -9999.0   ,   9990.0
   7
 16 
-114.1554      42.47087
-114.147       42.46974
-114.135       42.47494
-114.1272      42.46947
-114.1262      42.46555
-114.1276      42.46192
-114.1309      42.46429
-114.1371      42.46491
-114.1399      42.46269
-114.1519      42.4646
-114.1582      42.46247
-114.1618      42.46485
-114.1721      42.46441
-114.1685      42.47349
-114.1648      42.47385
-114.1554      42.47087
 1 
 1             134           
1
 -9999.0   ,   9990.0
   7
 37 
-119.8683      42.41194
-119.8648      42.41569
-119.8612      42.42563
-119.8632      42.44024
-119.8608      42.44831
-119.8581      42.45113
-119.8458      42.4526
-119.8383      42.45027
-119.8296      42.45141
-119.8221      42.44794
-119.8239      42.44149
-119.8204      42.43333
-119.8247      42.42589
-119.8232      42.41998
-119.8274      42.41117
-119.8253      42.40458
-119.8282      42.40199
-119.835       42.4009
-119.8373      42.40254
-119.844       42.40731
-119.8483      42.40673
-119.8495      42.39983
-119.8578      42.39847
-119.8613      42.39517
-119.8593      42.39202
-119.8423      42.38513
-119.8388      42.37607
-119.8439      42.36105
-119.8487      42.35749
-119.8588      42.36089
-119.8615      42.36586
-119.8786      42.38167
-119.878       42.38764
-119.8809      42.38962
-119.8801      42.39377
-119.8699      42.40731
-119.8683      42.41194
 1 
 1             135           
1
 -9999.0   ,   9990.0
   7
 11 
-118.9819      42.42268
-118.9886      42.42691
-118.9933      42.43987
-118.9935      42.44581
-118.989       42.44842
-118.9846      42.44804
-118.9792      42.44424
-118.9729      42.4304
-118.9734      42.42604
-118.977       42.42322
-118.9819      42.42268
 1 
 1             136           
1
 -9999.0   ,   9990.0
   7
 5 
-114.4314      42.40972
-114.428       42.41853
-114.4218      42.42065
-114.4209      42.41298
-114.4314      42.40972
 1 
 1             137           
1
 -9999.0   ,   9990.0
   7
 16 
-118.5861      42.36852
-118.5948      42.35832
-118.6019      42.35616
-118.6176      42.35638
-118.6209      42.36412
-118.6215      42.37441
-118.6261      42.38464
-118.6253      42.38763
-118.6174      42.39278
-118.6132      42.39971
-118.6132      42.40795
-118.6068      42.41239
-118.6046      42.41242
-118.5924      42.40642
-118.5849      42.3928
-118.5861      42.36852
 1 
 1             138           
1
 -9999.0   ,   9990.0
   7
 10 
-119.6456      42.40541
-119.6436      42.40821
-119.6353      42.40359
-119.6278      42.39319
-119.6346      42.392
-119.6376      42.3865
-119.6429      42.39265
-119.6501      42.39408
-119.6515      42.3984
-119.6456      42.40541
 1 
 1             139           
1
 -9999.0   ,   9990.0
   7
 11 
-119.5421      42.37077
-119.5557      42.37091
-119.5595      42.37311
-119.5638      42.38011
-119.5588      42.39213
-119.5544      42.39178
-119.55        42.38936
-119.5394      42.37976
-119.5361      42.37458
-119.5378      42.37156
-119.5421      42.37077
 1 
 1             140           
1
 -9999.0   ,   9990.0
   7
 19 
-119.6339      42.35623
-119.6043      42.34435
-119.5982      42.339
-119.6024      42.33707
-119.6159      42.34018
-119.6228      42.3446
-119.6256      42.34384
-119.6338      42.34845
-119.6397      42.34877
-119.6507      42.35216
-119.6508      42.35534
-119.6417      42.35788
-119.642       42.3637
-119.6528      42.36951
-119.6483      42.372
-119.6321      42.3652
-119.6304      42.36296
-119.632       42.35981
-119.6339      42.35623
 1 
 1             141           
1
 -9999.0   ,   9990.0
   7
 12 
-118.9495      42.35163
-118.9393      42.35779
-118.9444      42.35968
-118.9466      42.36228
-118.9446      42.36342
-118.9353      42.3614
-118.9234      42.3614
-118.9229      42.35678
-118.9281      42.35139
-118.9449      42.34798
-118.95        42.3492
-118.9495      42.35163
 1 
 1             142           
1
 -9999.0   ,   9990.0
   7
 10 
-119.5186      42.35666
-119.5155      42.36292
-119.508       42.36217
-119.5038      42.35036
-119.506       42.34413
-119.5137      42.33594
-119.5174      42.33631
-119.5244      42.3405
-119.5265      42.34687
-119.5186      42.35666
 1 
 1             143           
1
 -9999.0   ,   9990.0
   7
 12 
-119.5837      42.35331
-119.5795      42.34906
-119.5691      42.34759
-119.564       42.34458
-119.5696      42.34012
-119.5729      42.34072
-119.5763      42.34504
-119.5797      42.34597
-119.5836      42.34461
-119.5909      42.34833
-119.5908      42.35247
-119.5837      42.35331
 1 
 1             144           
1
 -9999.0   ,   9990.0
   7
 8 
-118.935       42.33626
-118.9415      42.33546
-118.9477      42.34329
-118.9392      42.3461
-118.9317      42.34448
-118.9261      42.33576
-118.9283      42.33263
-118.935       42.33626
 1 
 1             145           
1
 -9999.0   ,   9990.0
   7
 38 
-119.8597      42.24208
-119.8625      42.24132
-119.8647      42.2407
-119.8698      42.24268
-119.8728      42.24672
-119.8715      42.27194
-119.8652      42.27509
-119.8602      42.2743
-119.8446      42.25752
-119.8424      42.25893
-119.8432      42.26602
-119.8517      42.27325
-119.8477      42.27829
-119.8577      42.28765
-119.8607      42.29742
-119.8596      42.30111
-119.8486      42.30908
-119.8336      42.31987
-119.8332      42.31339
-119.8304      42.31245
-119.8274      42.32609
-119.8198      42.32137
-119.8178      42.33814
-119.8158      42.34025
-119.8145      42.34059
-119.813       42.34102
-119.8052      42.33824
-119.8017      42.32986
-119.8046      42.2936
-119.8124      42.28836
-119.8197      42.2726
-119.8319      42.25924
-119.8332      42.25783
-119.8418      42.25097
-119.8444      42.24655
-119.8445      42.24174
-119.8544      42.24354
-119.8597      42.24208
 1 
 1             146           
1
 -9999.0   ,   9990.0
   7
 8 
-119.1         42.34066
-119.0946      42.33816
-119.0939      42.33451
-119.0984      42.33099
-119.103       42.33044
-119.1076      42.33699
-119.1055      42.33909
-119.1         42.34066
 1 
 1             147           
1
 -9999.0   ,   9990.0
   7
 8 
-119.7189      42.32988
-119.7218      42.3337
-119.7192      42.33766
-119.7095      42.33447
-119.707       42.32629
-119.7108      42.3223
-119.7149      42.32449
-119.7189      42.32988
 1 
 1             148           
1
 -9999.0   ,   9990.0
   7
 10 
-118.908       42.33082
-118.9108      42.32591
-118.9217      42.31996
-118.9299      42.31848
-118.9321      42.31998
-118.9306      42.322
-118.9248      42.32432
-118.9222      42.33473
-118.9139      42.33688
-118.908       42.33082
 1 
 1             149           
1
 -9999.0   ,   9990.0
   7
 7 
-118.9323      42.3266
-118.9384      42.32295
-118.9462      42.32522
-118.9508      42.32889
-118.9518      42.33283
-118.9415      42.33348
-118.9323      42.3266
 1 
 1             150           
1
 -9999.0   ,   9990.0
   7
 9 
-119.7437      42.31186
-119.7479      42.31679
-119.7465      42.31912
-119.7415      42.31833
-119.7278      42.30059
-119.7292      42.29849
-119.7326      42.2984
-119.739       42.30328
-119.7437      42.31186
 1 
 1             151           
1
 -9999.0   ,   9990.0
   7
 13 
-119.1819      42.27532
-119.1902      42.26691
-119.1898      42.25433
-119.1979      42.2489
-119.2025      42.24904
-119.2057      42.25149
-119.213       42.26393
-119.2134      42.26805
-119.2099      42.27361
-119.2001      42.27495
-119.1902      42.28294
-119.1842      42.27939
-119.1819      42.27532
 1 
 1             152           
1
 -9999.0   ,   9990.0
   7
 11 
-119.6201      42.2611
-119.6244      42.25962
-119.6316      42.2615
-119.6404      42.26678
-119.6437      42.27151
-119.6417      42.27499
-119.638       42.27417
-119.6353      42.26874
-119.628       42.26479
-119.6259      42.2653
-119.6201      42.2611
 1 
 1             153           
1
 -9999.0   ,   9990.0
   7
 5 
-119.8119      42.27129
-119.805       42.27012
-119.8064      42.25875
-119.8091      42.25754
-119.8119      42.27129
 1 
 1             154           
1
 -9999.0   ,   9990.0
   7
 6 
-115.2055      42.25016
-115.2077      42.26027
-115.2045      42.26411
-115.1971      42.26559
-115.1944      42.26326
-115.2055      42.25016
 1 
 1             155           
1
 -9999.0   ,   9990.0
   7
 6 
-119.7619      42.23859
-119.7675      42.24532
-119.7666      42.25244
-119.7633      42.25344
-119.76        42.24299
-119.7619      42.23859
 1 
 1             156           
1
 -9999.0   ,   9990.0
   7
 9 
-116.7498      42.23793
-116.7449      42.23105
-116.7641      42.22308
-116.776       42.23592
-116.7754      42.2469
-116.7662      42.24505
-116.7603      42.24619
-116.7566      42.24504
-116.7498      42.23793
 1 
 1             157           
1
 -9999.0   ,   9990.0
   7
 7 
-119.5003      42.22933
-119.5035      42.23063
-119.5104      42.24283
-119.5056      42.24546
-119.5009      42.2442
-119.4924      42.23112
-119.5003      42.22933
 1 
 1             158           
1
 -9999.0   ,   9990.0
   7
 9 
-119.6608      42.23263
-119.6746      42.2442
-119.6716      42.24519
-119.6619      42.24245
-119.6558      42.23665
-119.6453      42.22362
-119.6473      42.21922
-119.6536      42.22388
-119.6608      42.23263
 1 
 1             159           
1
 -9999.0   ,   9990.0
   7
 10 
-119.6244      42.22339
-119.6234      42.23101
-119.6302      42.23951
-119.6285      42.2426
-119.6204      42.23842
-119.6157      42.24425
-119.6142      42.23902
-119.6157      42.22961
-119.6207      42.22213
-119.6244      42.22339
 1 
 1             160           
1
 -9999.0   ,   9990.0
   7
 8 
-119.5641      42.2148
-119.5715      42.22767
-119.5695      42.23162
-119.5658      42.23307
-119.559       42.23094
-119.5521      42.22195
-119.5581      42.21677
-119.5641      42.2148
 1 
 1             161           
1
 -9999.0   ,   9990.0
   7
 5 
-116.7795      42.21166
-116.7829      42.21808
-116.7779      42.22562
-116.7718      42.21486
-116.7795      42.21166
 1 
 1             162           
1
 -9999.0   ,   9990.0
   7
 6 
-114.8862      42.22544
-114.8819      42.21734
-114.8733      42.21278
-114.9042      42.20791
-114.8951      42.21896
-114.8862      42.22544
 1 
 1             163           
1
 -9999.0   ,   9990.0
   7
 13 
-119.8701      42.22056
-119.871       42.21559
-119.8719      42.21069
-119.8755      42.2119
-119.8765      42.21226
-119.8764      42.20927
-119.8763      42.20718
-119.8774      42.20626
-119.8779      42.20591
-119.8797      42.20441
-119.8845      42.2084
-119.8787      42.21543
-119.8701      42.22056
 1 
 1             164           
1
 -9999.0   ,   9990.0
   7
 19 
-114.7359      42.21392
-114.7363      42.20283
-114.7443      42.18378
-114.7319      42.14393
-114.7464      42.10874
-114.7584      42.0942
-114.7657      42.08541
-114.7558      42.11374
-114.7507      42.11798
-114.7497      42.12964
-114.7426      42.13514
-114.7377      42.14611
-114.7418      42.15077
-114.7526      42.19379
-114.7509      42.19788
-114.7445      42.19848
-114.7441      42.20006
-114.7421      42.20834
-114.7359      42.21392
 1 
 1             165           
1
 -9999.0   ,   9990.0
   7
 18 
-119.519       42.21081
-119.5148      42.20513
-119.5144      42.20451
-119.5129      42.19791
-119.5133      42.17958
-119.5098      42.17691
-119.5054      42.16626
-119.5086      42.15382
-119.5137      42.1505
-119.5205      42.15309
-119.5203      42.15561
-119.5242      42.15987
-119.5255      42.16831
-119.5242      42.17315
-119.5286      42.18266
-119.5272      42.20238
-119.5259      42.20631
-119.519       42.21081
 1 
 1             166           
1
 -9999.0   ,   9990.0
   7
 17 
-119.804       42.15418
-119.8055      42.13867
-119.8197      42.13998
-119.8246      42.14729
-119.8292      42.14852
-119.8335      42.144
-119.845       42.14254
-119.8514      42.14173
-119.8415      42.15275
-119.8337      42.15754
-119.828       42.16144
-119.8122      42.17228
-119.8133      42.17523
-119.8108      42.18357
-119.8059      42.1854
-119.798       42.17127
-119.804       42.15418
 1 
 1             167           
1
 -9999.0   ,   9990.0
   7
 8 
-116.3203      42.17097
-116.3143      42.16876
-116.3036      42.16091
-116.297       42.14646
-116.2989      42.14281
-116.3057      42.14262
-116.3172      42.16054
-116.3203      42.17097
 1 
 1             168           
1
 -9999.0   ,   9990.0
   7
 8 
-118.5735      42.14037
-118.5761      42.13664
-118.5781      42.13368
-118.5858      42.134
-118.5887      42.15116
-118.5755      42.14741
-118.5718      42.14349
-118.5735      42.14037
 1 
 1             169           
1
 -9999.0   ,   9990.0
   7
 18 
-119.8335      42.144
-119.8292      42.14852
-119.8246      42.14729
-119.8197      42.13998
-119.8055      42.13867
-119.7931      42.12538
-119.7897      42.11883
-119.7908      42.11559
-119.7941      42.11368
-119.802       42.11828
-119.8029      42.12535
-119.8067      42.1335
-119.8101      42.13319
-119.8141      42.12712
-119.8203      42.12834
-119.8232      42.13697
-119.828       42.14212
-119.8335      42.144
 1 
 1             170           
1
 -9999.0   ,   9990.0
   7
 9 
-119.6411      42.1342
-119.637       42.1327
-119.6357      42.13021
-119.6358      42.12586
-119.6389      42.12579
-119.6468      42.13773
-119.6436      42.14533
-119.6415      42.1429
-119.6411      42.1342
 1 
 1             171           
1
 -9999.0   ,   9990.0
   7
 7 
-119.6054      42.11684
-119.608       42.1247
-119.6053      42.13209
-119.602       42.13469
-119.5983      42.13478
-119.5964      42.13253
-119.6054      42.11684
 1 
 1             172           
1
 -9999.0   ,   9990.0
   7
 10 
-117.153       42.12262
-117.1459      42.1208
-117.1382      42.12081
-117.137       42.11647
-117.1504      42.09791
-117.1541      42.10157
-117.1545      42.10889
-117.1607      42.11803
-117.1579      42.12582
-117.153       42.12262
 1 
 1             173           
1
 -9999.0   ,   9990.0
   7
 8 
-119.5615      42.07384
-119.5732      42.08088
-119.5724      42.08342
-119.5638      42.08317
-119.5578      42.08079
-119.5558      42.07763
-119.5566      42.07487
-119.5615      42.07384
 1 
 1             174           
1
 -9999.0   ,   9990.0
   7
 11 
-119.8122      42.05437
-119.828       42.05533
-119.8336      42.06274
-119.8356      42.07277
-119.8333      42.07809
-119.8278      42.07847
-119.8197      42.07524
-119.7983      42.05862
-119.7959      42.05364
-119.7998      42.05194
-119.8122      42.05437
 1 
 1             175           
1
 -9999.0   ,   9990.0
   7
 12 
-116.4769      42.03712
-116.4774      42.04128
-116.4696      42.0453
-116.4674      42.05284
-116.4611      42.06105
-116.4574      42.06309
-116.4501      42.05779
-116.4494      42.05142
-116.4569      42.05439
-116.4673      42.03482
-116.4713      42.03976
-116.4769      42.03712
 1 
 1             176           
1
 -9999.0   ,   9990.0
   7
 12 
-116.147       42.03402
-116.1552      42.04164
-116.1604      42.04281
-116.1604      42.04739
-116.165       42.04834
-116.1668      42.0511
-116.1652      42.05864
-116.1621      42.05862
-116.1578      42.05562
-116.1539      42.04941
-116.1481      42.04662
-116.147       42.03402
 1 
 1             177           
1
 -9999.0   ,   9990.0
   7
 14 
-116.2938      42.05803
-116.2908      42.05575
-116.2898      42.04459
-116.2804      42.01557
-116.285       42.01256
-116.2952      42.01791
-116.3002      42.02512
-116.2992      42.02931
-116.304       42.03712
-116.3056      42.04446
-116.3015      42.0452
-116.297       42.04328
-116.2974      42.05767
-116.2938      42.05803
 1 
 1             178           
1
 -9999.0   ,   9990.0
   7
 29 
-119.1295      42.00138
-119.1258      41.99099
-119.1288      41.98933
-119.1432      41.99615
-119.148       42.00085
-119.1475      42.00229
-119.1452      42.01007
-119.1414      42.01358
-119.1356      42.01484
-119.1245      42.01368
-119.1173      42.01954
-119.1214      42.02221
-119.13        42.02249
-119.1361      42.02924
-119.1301      42.03417
-119.1256      42.04433
-119.1228      42.04507
-119.1153      42.04155
-119.1111      42.03454
-119.1069      42.02203
-119.1084      42.01493
-119.1052      42.00833
-119.1057      42.00283
-119.1068      42.0012
-119.1123      42.00033
-119.1319      42.00575
-119.1336      42.00365
-119.1323      42.00155
-119.1295      42.00138
 1 
 1             179           
1
 -9999.0   ,   9990.0
   7
 26 
-118.7351      41.88239
-118.7313      41.88955
-118.7338      41.90141
-118.7316      41.91083
-118.726       41.92007
-118.6874      41.94357
-118.6845      41.94714
-118.6797      41.95285
-118.6591      41.96347
-118.6327      41.98401
-118.6253      41.98412
-118.6235      41.9862
-118.6124      41.98755
-118.6438      41.96279
-118.6673      41.95027
-118.6686      41.94959
-118.6803      41.9398
-118.6885      41.92845
-118.7067      41.91878
-118.7096      41.90408
-118.7061      41.88744
-118.7107      41.87867
-118.7074      41.86957
-118.7088      41.86519
-118.714       41.86557
-118.7351      41.88239
 1 
 1             180           
1
 -9999.0   ,   9990.0
   7
 9 
-119.6155      41.97869
-119.6147      41.981
-119.612       41.98175
-119.6106      41.97949
-119.6126      41.97486
-119.6193      41.97265
-119.6216      41.97648
-119.6205      41.97971
-119.6155      41.97869
 1 
 1             181           
1
 -9999.0   ,   9990.0
   7
 6 
-119.4606      41.96148
-119.469       41.9622
-119.469       41.97113
-119.466       41.97257
-119.4564      41.96363
-119.4606      41.96148
 1 
 1             182           
1
 -9999.0   ,   9990.0
   7
 9 
-119.6405      41.95199
-119.6495      41.95406
-119.6542      41.95738
-119.6477      41.96348
-119.6381      41.96921
-119.6328      41.96751
-119.6287      41.96417
-119.635       41.95258
-119.6405      41.95199
 1 
 1             183           
1
 -9999.0   ,   9990.0
   7
 8 
-119.1591      41.93403
-119.1714      41.93378
-119.177       41.93596
-119.1792      41.93957
-119.1766      41.94443
-119.1736      41.94518
-119.1691      41.94046
-119.1591      41.93403
 1 
 1             184           
1
 -9999.0   ,   9990.0
   7
 4 
-120           41.88323
-119.9983      41.88066
-120           41.87573
-120           41.88323
 1 
 1             185           
1
 -9999.0   ,   9990.0
   7
 7 
-119.2126      41.86107
-119.216       41.86261
-119.2199      41.86894
-119.2191      41.87147
-119.2113      41.86865
-119.209       41.86458
-119.2126      41.86107
 1 
 1             186           
1
 -9999.0   ,   9990.0
   7
 10 
-116.259       41.85494
-116.2654      41.85727
-116.2666      41.86185
-116.2653      41.86756
-116.2595      41.87119
-116.2549      41.87116
-116.2537      41.86863
-116.2553      41.86247
-116.2529      41.85994
-116.259       41.85494
 1 
 1             187           
1
 -9999.0   ,   9990.0
   7
 11 
-119.677       41.83457
-119.6903      41.8363
-119.6968      41.85193
-119.6978      41.86061
-119.6943      41.86504
-119.6873      41.86705
-119.6785      41.862
-119.671       41.8512
-119.6749      41.84195
-119.674       41.83556
-119.677       41.83457
 1 
 1             188           
1
 -9999.0   ,   9990.0
   7
 10 
-119.4862      41.84324
-119.4861      41.82012
-119.4924      41.81608
-119.4971      41.82604
-119.4963      41.84277
-119.5009      41.85159
-119.4978      41.85808
-119.493       41.86093
-119.4881      41.86036
-119.4862      41.84324
 1 
 1             189           
1
 -9999.0   ,   9990.0
   7
 14 
-119.8186      41.84393
-119.8262      41.84258
-119.8268      41.84038
-119.834       41.83745
-119.8399      41.8389
-119.847       41.84604
-119.8455      41.84768
-119.8384      41.84649
-119.8369      41.85317
-119.834       41.85531
-119.8278      41.85501
-119.8196      41.85087
-119.8226      41.84669
-119.8186      41.84393
 1 
 1             190           
1
 -9999.0   ,   9990.0
   7
 8 
-119.6816      41.81339
-119.6866      41.81671
-119.688       41.82056
-119.6845      41.82431
-119.6774      41.82334
-119.6752      41.82065
-119.6759      41.8172
-119.6816      41.81339
 1 
 1             191           
1
 -9999.0   ,   9990.0
   7
 14 
-119.9533      41.72232
-119.9513      41.74618
-119.9538      41.76031
-119.9427      41.79037
-119.94        41.79136
-119.9366      41.77749
-119.9318      41.76823
-119.934       41.76359
-119.9413      41.76088
-119.9439      41.75325
-119.943       41.74641
-119.9441      41.74201
-119.9473      41.72843
-119.9533      41.72232
 1 
 1             192           
1
 -9999.0   ,   9990.0
   7
 14 
-119.7032      41.77692
-119.698       41.78918
-119.6921      41.7875
-119.6892      41.77727
-119.7041      41.76867
-119.7172      41.75414
-119.7279      41.74688
-119.7311      41.75051
-119.7285      41.75293
-119.7329      41.76358
-119.7298      41.76801
-119.7262      41.76284
-119.7231      41.76314
-119.7032      41.77692
 1 
 1             193           
1
 -9999.0   ,   9990.0
   7
 9 
-119.8972      41.7671
-119.9011      41.76677
-119.9122      41.7738
-119.9055      41.7813
-119.8961      41.78315
-119.8901      41.77897
-119.8889      41.77396
-119.8932      41.76789
-119.8972      41.7671
 1 
 1             194           
1
 -9999.0   ,   9990.0
   7
 9 
-118.8738      41.72949
-118.8687      41.74262
-118.8588      41.74836
-118.8551      41.75471
-118.847       41.76173
-118.8444      41.75434
-118.8564      41.74611
-118.8602      41.73659
-118.8738      41.72949
 1 
 1             195           
1
 -9999.0   ,   9990.0
   7
 8 
-119.0677      41.74837
-119.0709      41.75128
-119.071       41.75517
-119.0662      41.75778
-119.0609      41.75696
-119.059       41.75334
-119.0595      41.74967
-119.0677      41.74837
 1 
 1             196           
1
 -9999.0   ,   9990.0
   7
 18 
-119.8128      41.66974
-119.824       41.66808
-119.8457      41.67484
-119.8498      41.68366
-119.8499      41.70563
-119.8551      41.719
-119.8536      41.73232
-119.8588      41.73836
-119.8612      41.74471
-119.8607      41.74724
-119.8559      41.74965
-119.851       41.74772
-119.8416      41.73721
-119.8408      41.73374
-119.8393      41.7272
-119.8329      41.71409
-119.808       41.67285
-119.8128      41.66974
 1 
 1             197           
1
 -9999.0   ,   9990.0
   7
 6 
-119.7977      41.73641
-119.7964      41.7333
-119.8122      41.72715
-119.8127      41.72999
-119.8024      41.73829
-119.7977      41.73641
 1 
 1             198           
1
 -9999.0   ,   9990.0
   7
 7 
-116.7515      41.7377
-116.7417      41.73065
-116.7405      41.72691
-116.742       41.72557
-116.7467      41.72595
-116.7521      41.73116
-116.7515      41.7377
 1 
 1             199           
1
 -9999.0   ,   9990.0
   7
 7 
-116.7863      41.72154
-116.7783      41.725
-116.7729      41.72192
-116.7768      41.71653
-116.7835      41.71538
-116.7883      41.71672
-116.7863      41.72154
 1 
 1             200           
1
 -9999.0   ,   9990.0
   7
 9 
-119.7908      41.68977
-119.8027      41.69037
-119.8047      41.6933
-119.7955      41.71231
-119.7974      41.71478
-119.7949      41.71988
-119.779       41.71251
-119.7814      41.70535
-119.7908      41.68977
 1 
 1             201           
1
 -9999.0   ,   9990.0
   7
 14 
-116.5501      41.71523
-116.5361      41.69985
-116.5392      41.69666
-116.5435      41.6969
-116.561       41.67935
-116.5686      41.67801
-116.5708      41.68007
-116.5704      41.68327
-116.5621      41.69103
-116.563       41.69515
-116.5593      41.70085
-116.555       41.70244
-116.5553      41.70519
-116.5501      41.71523
 1 
 1             202           
1
 -9999.0   ,   9990.0
   7
 7 
-116.804       41.71268
-116.7973      41.71441
-116.7871      41.71364
-116.7811      41.70767
-116.7889      41.70652
-116.8043      41.71037
-116.804       41.71268
 1 
 1             203           
1
 -9999.0   ,   9990.0
   7
 40 
-115.8352      41.69311
-115.8321      41.69605
-115.8221      41.69022
-115.8168      41.69406
-115.8044      41.68821
-115.8022      41.69162
-115.8072      41.70495
-115.8065      41.70951
-115.8046      41.71178
-115.7997      41.71356
-115.796       41.71237
-115.7949      41.70733
-115.7984      41.69867
-115.7952      41.69132
-115.7974      41.68585
-115.804       41.67837
-115.7977      41.67281
-115.7913      41.67229
-115.7869      41.67888
-115.7791      41.68406
-115.7739      41.68583
-115.7718      41.68237
-115.775       41.67692
-115.7865      41.66629
-115.7841      41.66214
-115.7864      41.65668
-115.7788      41.64996
-115.7786      41.6479
-115.7853      41.64637
-115.79        41.64184
-115.8096      41.65509
-115.812       41.65878
-115.8082      41.66446
-115.8094      41.66721
-115.8127      41.66977
-115.8176      41.66845
-115.8206      41.66939
-115.8268      41.68501
-115.8395      41.68903
-115.8352      41.69311
 1 
 1             204           
1
 -9999.0   ,   9990.0
   7
 7 
-119.925       41.6927
-119.9185      41.69664
-119.916       41.69546
-119.9165      41.69043
-119.9286      41.6807
-119.9337      41.68181
-119.925       41.6927
 1 
 1             205           
1
 -9999.0   ,   9990.0
   7
 12 
-116.324       41.67161
-116.3332      41.67166
-116.3337      41.6783
-116.3425      41.68201
-116.3449      41.68706
-116.3437      41.68911
-116.3394      41.69069
-116.322       41.69242
-116.3174      41.69079
-116.3168      41.6869
-116.3208      41.68349
-116.324       41.67161
 1 
 1             206           
1
 -9999.0   ,   9990.0
   7
 9 
-117.0076      41.68532
-117.0021      41.68646
-116.9975      41.68395
-116.9951      41.68029
-117           41.67273
-117.0049      41.67388
-117.0097      41.67227
-117.0159      41.67616
-117.0076      41.68532
 1 
 1             207           
1
 -9999.0   ,   9990.0
   7
 8 
-116.7148      41.68527
-116.7047      41.68526
-116.704       41.67712
-116.6993      41.66898
-116.7024      41.66665
-116.7048      41.66666
-116.714       41.67713
-116.7148      41.68527
 1 
 1             208           
1
 -9999.0   ,   9990.0
   7
 14 
-119.5893      41.6474
-119.5913      41.64392
-119.5997      41.64143
-119.6031      41.64203
-119.608       41.64946
-119.6102      41.66338
-119.6092      41.66912
-119.6045      41.6816
-119.5961      41.68477
-119.5903      41.68491
-119.5847      41.68276
-119.576       41.67267
-119.5765      41.66922
-119.5893      41.6474
 1 
 1             209           
1
 -9999.0   ,   9990.0
   7
 8 
-116.6659      41.68232
-116.6636      41.67592
-116.666       41.66953
-116.6714      41.66488
-116.6791      41.66779
-116.683       41.6742
-116.6745      41.68117
-116.6659      41.68232
 1 
 1             210           
1
 -9999.0   ,   9990.0
   7
 6 
-116.7575      41.67599
-116.7552      41.67192
-116.7583      41.66785
-116.7668      41.6725
-116.7668      41.67599
-116.7575      41.67599
 1 
 1             211           
1
 -9999.0   ,   9990.0
   7
 8 
-119.6238      41.65275
-119.6253      41.64722
-119.6334      41.64358
-119.638       41.65034
-119.6316      41.65691
-119.6246      41.65914
-119.6227      41.65666
-119.6238      41.65275
 1 
 1             212           
1
 -9999.0   ,   9990.0
   7
 11 
-119.0266      41.63701
-119.0306      41.63785
-119.0345      41.64419
-119.0394      41.64546
-119.0416      41.64771
-119.0453      41.65657
-119.0386      41.65738
-119.0337      41.65587
-119.0274      41.65027
-119.0237      41.64164
-119.0266      41.63701
 1 
 1             213           
1
 -9999.0   ,   9990.0
   7
 7 
-117.1315      41.65464
-117.1216      41.64788
-117.1209      41.64562
-117.1314      41.64559
-117.136       41.64727
-117.1367      41.65123
-117.1315      41.65464
 1 
 1             214           
1
 -9999.0   ,   9990.0
   7
 10 
-119.6208      41.64568
-119.6175      41.64992
-119.6141      41.64749
-119.6103      41.63774
-119.6111      41.62948
-119.6141      41.62689
-119.6266      41.62636
-119.6246      41.62961
-119.6253      41.63989
-119.6208      41.64568
 1 
 1             215           
1
 -9999.0   ,   9990.0
   7
 6 
-116.1364      41.62988
-116.1413      41.62991
-116.154       41.63618
-116.146       41.64184
-116.1366      41.634
-116.1364      41.62988
 1 
 1             216           
1
 -9999.0   ,   9990.0
   7
 5 
-119.1468      41.63356
-119.144       41.64142
-119.1382      41.64155
-119.1364      41.63301
-119.1468      41.63356
 1 
 1             217           
1
 -9999.0   ,   9990.0
   7
 20 
-119.6773      41.62076
-119.6802      41.62412
-119.6782      41.62715
-119.6731      41.62774
-119.6677      41.62307
-119.6641      41.62635
-119.6578      41.62674
-119.6533      41.63074
-119.6407      41.6354
-119.6351      41.63302
-119.6338      41.62984
-119.6387      41.62469
-119.637       41.61924
-119.638       41.61441
-119.6448      41.60966
-119.6515      41.60881
-119.6549      41.61147
-119.654       41.61813
-119.6709      41.61223
-119.6773      41.62076
 1 
 1             218           
1
 -9999.0   ,   9990.0
   7
 29 
-116.7615      41.54517
-116.7693      41.55215
-116.7739      41.56095
-116.7765      41.56415
-116.7955      41.58752
-116.8391      41.61572
-116.8452      41.61733
-116.8464      41.61504
-116.8519      41.61413
-116.8684      41.60225
-116.8806      41.59768
-116.8934      41.5954
-116.8995      41.59083
-116.9017      41.59518
-116.8959      41.60066
-116.8879      41.60455
-116.8696      41.60751
-116.8675      41.60907
-116.8623      41.61277
-116.8589      41.61734
-116.8498      41.62145
-116.8446      41.62236
-116.8388      41.62075
-116.8302      41.61726
-116.8204      41.60934
-116.7922      41.59347
-116.7754      41.57056
-116.7691      41.56461
-116.7615      41.54517
 1 
 1             219           
1
 -9999.0   ,   9990.0
   7
 6 
-116.7656      41.59113
-116.7684      41.59343
-116.7601      41.60256
-116.758       41.59593
-116.7617      41.59205
-116.7656      41.59113
 1 
 1             220           
1
 -9999.0   ,   9990.0
   7
 7 
-119.8226      41.56534
-119.8271      41.57117
-119.8273      41.57437
-119.8229      41.58547
-119.8139      41.57495
-119.8166      41.56915
-119.8226      41.56534
 1 
 1             221           
1
 -9999.0   ,   9990.0
   7
 28 
-118.127       41.57042
-118.1241      41.55833
-118.1318      41.53056
-118.1325      41.52209
-118.1179      41.50509
-118.1202      41.49866
-118.1235      41.49931
-118.1285      41.50269
-118.131       41.50701
-118.1424      41.51375
-118.151       41.5164
-118.1613      41.51629
-118.1709      41.50818
-118.1755      41.50698
-118.1795      41.50968
-118.1748      41.51957
-118.1709      41.5203
-118.1664      41.52401
-118.1647      41.53227
-118.1605      41.53505
-118.1509      41.52853
-118.1442      41.52814
-118.1388      41.533
-118.1359      41.53853
-118.1371      41.53874
-118.1361      41.55134
-118.1336      41.56486
-118.127       41.57042
 1 
 1             222           
1
 -9999.0   ,   9990.0
   7
 12 
-114.3595      41.53426
-114.3624      41.53188
-114.368       41.53254
-114.3722      41.53584
-114.3779      41.53489
-114.3785      41.53758
-114.3756      41.54288
-114.371       41.54254
-114.366       41.53967
-114.3605      41.53977
-114.3585      41.53629
-114.3595      41.53426
 1 
 1             223           
1
 -9999.0   ,   9990.0
   7
 9 
-118.4751      41.53665
-118.4749      41.53002
-118.481       41.51803
-118.4879      41.51222
-118.4932      41.50299
-118.5001      41.50129
-118.4887      41.51907
-118.4874      41.52847
-118.4751      41.53665
 1 
 1             224           
1
 -9999.0   ,   9990.0
   7
 19 
-119.0539      41.50583
-119.0628      41.50749
-119.0614      41.51072
-119.0658      41.51407
-119.0686      41.5266
-119.0668      41.5351
-119.0644      41.53607
-119.0625      41.53427
-119.0613      41.52514
-119.0547      41.52824
-119.0495      41.52719
-119.0524      41.52416
-119.0566      41.52317
-119.0553      41.51862
-119.0581      41.51353
-119.0556      41.5106
-119.0523      41.51181
-119.0515      41.5077
-119.0539      41.50583
 1 
 1             225           
1
 -9999.0   ,   9990.0
   7
 7 
-119.823       41.50147
-119.8285      41.50315
-119.8324      41.50717
-119.8323      41.51198
-119.819       41.51416
-119.8167      41.51147
-119.823       41.50147
 1 
 1             226           
1
 -9999.0   ,   9990.0
   7
 35 
-117.1218      41.45187
-117.1318      41.43721
-117.1312      41.43332
-117.1342      41.42851
-117.1467      41.42072
-117.1522      41.41384
-117.1655      41.41084
-117.167       41.40421
-117.1728      41.40443
-117.178       41.40144
-117.1834      41.40555
-117.1798      41.41174
-117.1793      41.42363
-117.1796      41.43163
-117.1823      41.43551
-117.1802      41.43987
-117.172       41.44125
-117.1626      41.44791
-117.1584      41.45478
-117.1581      41.46027
-117.1532      41.46256
-117.1471      41.45617
-117.1529      41.45227
-117.1623      41.4399
-117.1696      41.43691
-117.1714      41.43417
-117.1702      41.43005
-117.1723      41.42135
-117.1692      41.41839
-117.1655      41.41816
-117.157       41.42276
-117.1461      41.4317
-117.1349      41.4475
-117.1285      41.45163
-117.1218      41.45187
 1 
 1             227           
1
 -9999.0   ,   9990.0
   7
 8 
-118.5314      41.38966
-118.5309      41.39378
-118.5244      41.39936
-118.5192      41.40012
-118.5178      41.39351
-118.5192      41.38937
-118.528       41.38719
-118.5314      41.38966
 1 
 1             228           
1
 -9999.0   ,   9990.0
   7
 6 
-114.0768      41.36902
-114.0764      41.36582
-114.0813      41.35886
-114.0873      41.36039
-114.0843      41.36626
-114.0768      41.36902
 1 
 1             229           
1
 -9999.0   ,   9990.0
   7
 10 
-117.8752      41.33468
-117.8798      41.33396
-117.8832      41.33576
-117.8851      41.34031
-117.8858      41.34946
-117.8791      41.35158
-117.8708      41.34181
-117.8673      41.33178
-117.8676      41.32555
-117.8752      41.33468
 1 
 1             230           
1
 -9999.0   ,   9990.0
   7
 29 
-114.1628      41.29598
-114.1584      41.29953
-114.1508      41.3007
-114.1492      41.30867
-114.1441      41.31312
-114.1247      41.31284
-114.1083      41.31891
-114.0966      41.3164
-114.1005      41.3115
-114.1057      41.31107
-114.108       41.30835
-114.1037      41.30435
-114.1046      41.3016
-114.1126      41.29765
-114.1196      41.29051
-114.1308      41.28531
-114.1444      41.27285
-114.1451      41.27265
-114.1503      41.27117
-114.1516      41.26937
-114.1555      41.26924
-114.1566      41.27202
-114.1539      41.27927
-114.1552      41.28251
-114.162       41.28085
-114.1677      41.28145
-114.1718      41.28659
-114.1691      41.29201
-114.1628      41.29598
 1 
 1             231           
1
 -9999.0   ,   9990.0
   7
 11 
-119.2747      41.30665
-119.2738      41.29111
-119.2685      41.28665
-119.2696      41.28433
-119.2732      41.28402
-119.2791      41.28596
-119.2889      41.29627
-119.2878      41.30111
-119.2868      41.30502
-119.282       41.30764
-119.2747      41.30665
 1 
 1             232           
1
 -9999.0   ,   9990.0
   7
 8 
-114.9117      41.26194
-114.8996      41.27152
-114.8902      41.27312
-114.88        41.27295
-114.8785      41.27174
-114.8989      41.2674
-114.9037      41.26336
-114.9117      41.26194
 1 
 1             233           
1
 -9999.0   ,   9990.0
   7
 5 
-116.5117      41.22418
-116.522       41.22194
-116.534       41.23136
-116.5252      41.23224
-116.5117      41.22418
 1 
 1             234           
1
 -9999.0   ,   9990.0
   7
 4 
-120           41.22171
-119.9979      41.21591
-120           41.21219
-120           41.22171
 1 
 1             235           
1
 -9999.0   ,   9990.0
   7
 8 
-118.3211      41.13604
-118.3166      41.13748
-118.3099      41.13482
-118.3063      41.12479
-118.3081      41.12203
-118.3151      41.12286
-118.3228      41.13191
-118.3211      41.13604
 1 
 1             236           
1
 -9999.0   ,   9990.0
   7
 7 
-119.0823      41.09138
-119.0856      41.09933
-119.082       41.10076
-119.0785      41.10495
-119.0758      41.10478
-119.0753      41.09884
-119.0823      41.09138
 1 
 1             237           
1
 -9999.0   ,   9990.0
   7
 15 
-119.8946      41.08508
-119.8938      41.0803
-119.8992      41.06991
-119.9018      41.06498
-119.8979      41.0525
-119.9007      41.04717
-119.9045      41.04523
-119.9294      41.04707
-119.9371      41.05647
-119.9408      41.07056
-119.9315      41.09141
-119.9232      41.09484
-119.9049      41.09236
-119.8984      41.0891
-119.8946      41.08508
 1 
 1             238           
1
 -9999.0   ,   9990.0
   7
 29 
-118.2403      41.02015
-118.2313      41.02552
-118.2263      41.03244
-118.2178      41.03163
-118.2131      41.02436
-118.214       41.02137
-118.2192      41.02337
-118.2231      41.02287
-118.2194      41.01765
-118.2244      41.01462
-118.232       41.0127
-118.2328      41.00858
-118.2372      41.00372
-118.2397      40.99157
-118.237       40.98108
-118.2402      40.9735
-118.2453      40.97046
-118.2511      40.97429
-118.2531      40.98112
-118.2536      40.98979
-118.254       40.99598
-118.2478      41.00337
-118.2533      41.00628
-118.264       40.99746
-118.2685      40.99855
-118.2695      41.00151
-118.266       41.00704
-118.2504      41.01386
-118.2403      41.02015
 1 
 1             239           
1
 -9999.0   ,   9990.0
   7
 25 
-118.3231      41.01869
-118.3104      41.01816
-118.3079      41.01522
-118.3084      41.01178
-118.312       41.00831
-118.3273      41.00469
-118.3291      40.99094
-118.3351      40.98629
-118.3407      40.98416
-118.3465      40.98523
-118.3488      40.99183
-118.353       40.99109
-118.3597      40.99489
-118.3648      40.99209
-118.3715      40.99268
-118.3764      40.99628
-118.3699      41.00414
-118.3618      41.00584
-118.3588      41.00977
-118.3505      41.014
-118.35        41.0178
-118.3489      41.02591
-118.3371      41.02492
-118.3313      41.01951
-118.3231      41.01869
 1 
 1             240           
1
 -9999.0   ,   9990.0
   7
 10 
-118.8545      40.97893
-118.8519      40.99109
-118.845       41.00379
-118.8388      41.00825
-118.8353      41.00213
-118.8358      40.99869
-118.8396      40.99268
-118.8449      40.9903
-118.8472      40.98477
-118.8545      40.97893
 1 
 1             241           
1
 -9999.0   ,   9990.0
   7
 14 
-118.3626      40.94729
-118.3697      40.94422
-118.3711      40.96547
-118.3778      40.97865
-118.3769      40.98095
-118.3673      40.98382
-118.3534      40.98171
-118.3499      40.97307
-118.3456      40.97083
-118.3485      40.96462
-118.3455      40.95505
-118.3471      40.94314
-118.3504      40.9415
-118.3626      40.94729
 1 
 1             242           
1
 -9999.0   ,   9990.0
   7
 8 
-119.8997      40.92523
-119.9058      40.92575
-119.9102      40.92906
-119.9128      40.9338
-119.9065      40.94014
-119.9012      40.9364
-119.8984      40.92915
-119.8997      40.92523
 1 
 1             243           
1
 -9999.0   ,   9990.0
   7
 7 
-119.9461      40.92831
-119.9561      40.92895
-119.9574      40.9312
-119.955       40.93791
-119.9479      40.93421
-119.9443      40.92996
-119.9461      40.92831
 1 
 1             244           
1
 -9999.0   ,   9990.0
   7
 24 
-118.3755      40.87827
-118.3806      40.87958
-118.3859      40.88615
-118.3848      40.88891
-118.3879      40.8939
-118.3839      40.90355
-118.3913      40.90941
-118.3901      40.91194
-118.3805      40.91275
-118.3761      40.91669
-118.3722      40.93321
-118.3705      40.93643
-118.3666      40.93694
-118.3586      40.93339
-118.3561      40.92953
-118.3595      40.91942
-118.368       40.90559
-118.3672      40.9008
-118.3705      40.89618
-118.3696      40.89445
-118.3667      40.88846
-118.3689      40.8802
-118.37        40.87721
-118.3755      40.87827
 1 
 1             245           
1
 -9999.0   ,   9990.0
   7
 11 
-119.0559      40.88373
-119.0602      40.88684
-119.0692      40.88484
-119.0741      40.88795
-119.0713      40.89212
-119.0469      40.91158
-119.0335      40.91664
-119.0265      40.91608
-119.0259      40.90855
-119.03        40.90299
-119.0559      40.88373
 1 
 1             246           
1
 -9999.0   ,   9990.0
   7
 7 
-119.8911      40.88908
-119.8921      40.89798
-119.8853      40.91303
-119.878       40.90591
-119.8812      40.89804
-119.8878      40.88986
-119.8911      40.88908
 1 
 1             247           
1
 -9999.0   ,   9990.0
   7
 7 
-115.3968      40.88183
-115.3862      40.88351
-115.3806      40.8784
-115.3834      40.87433
-115.388       40.87393
-115.394       40.87584
-115.3968      40.88183
 1 
 1             248           
1
 -9999.0   ,   9990.0
   7
 15 
-118.8007      40.80283
-118.8098      40.80564
-118.8139      40.81266
-118.8149      40.82477
-118.8067      40.84503
-118.8069      40.8512
-118.8107      40.85663
-118.8099      40.85938
-118.8008      40.85977
-118.7979      40.85273
-118.8091      40.82189
-118.8062      40.81805
-118.8058      40.81371
-118.8002      40.80604
-118.8007      40.80283
 1 
 1             249           
1
 -9999.0   ,   9990.0
   7
 22 
-119.2803      40.85743
-119.2739      40.85665
-119.2689      40.85081
-119.2563      40.84421
-119.2543      40.84083
-119.2574      40.83481
-119.2608      40.83433
-119.2721      40.83267
-119.2832      40.82305
-119.2855      40.8182
-119.2845      40.80884
-119.2862      40.80652
-119.2901      40.80621
-119.2936      40.8107
-119.3129      40.81852
-119.3169      40.82164
-119.3216      40.83229
-119.3185      40.83899
-119.319       40.84424
-119.315       40.85027
-119.3082      40.85317
-119.2803      40.85743
 1 
 1             250           
1
 -9999.0   ,   9990.0
   7
 12 
-114.742       40.82722
-114.7461      40.82959
-114.7493      40.83492
-114.7502      40.84157
-114.7482      40.84908
-114.7444      40.85335
-114.7387      40.85323
-114.7363      40.85112
-114.7335      40.84557
-114.7323      40.83686
-114.7375      40.82759
-114.742       40.82722
 1 
 1             251           
1
 -9999.0   ,   9990.0
   7
 35 
-114.715       40.71482
-114.7201      40.71515
-114.7227      40.71841
-114.7216      40.72205
-114.7242      40.72553
-114.726       40.73586
-114.7248      40.74224
-114.7285      40.74987
-114.7284      40.75102
-114.7283      40.75375
-114.724       40.75709
-114.7182      40.75789
-114.7102      40.75498
-114.705       40.75761
-114.7034      40.76009
-114.701       40.76897
-114.7019      40.77607
-114.7149      40.78321
-114.7195      40.78948
-114.7176      40.79196
-114.7068      40.79059
-114.701       40.79253
-114.6975      40.79772
-114.6985      40.81329
-114.6955      40.82123
-114.6883      40.82749
-114.6824      40.82622
-114.6783      40.82293
-114.678       40.8221
-114.6761      40.81511
-114.6785      40.76758
-114.6751      40.74373
-114.6886      40.71976
-114.6947      40.71692
-114.715       40.71482
 1 
 1             252           
1
 -9999.0   ,   9990.0
   7
 11 
-114.7385      40.79879
-114.7439      40.79958
-114.7474      40.80332
-114.7476      40.80652
-114.7452      40.81471
-114.7402      40.81941
-114.7353      40.81976
-114.7315      40.81763
-114.7296      40.8105
-114.7319      40.80483
-114.7385      40.79879
 1 
 1             253           
1
 -9999.0   ,   9990.0
   7
 33 
-115           40.78824
-115.0006      40.78805
-115.0076      40.7884
-115.0141      40.79241
-115.0157      40.79689
-115.0168      40.80023
-115.012       40.80907
-115.0048      40.80985
-115           40.80744
-114.9992      40.80701
-114.9903      40.80936
-114.9705      40.79802
-114.9626      40.78965
-114.9561      40.78587
-114.9489      40.78573
-114.9404      40.79701
-114.9336      40.79208
-114.928       40.79038
-114.9335      40.78727
-114.924       40.78207
-114.9242      40.77544
-114.9264      40.77434
-114.9326      40.77902
-114.9356      40.77702
-114.9406      40.76294
-114.9487      40.76263
-114.9562      40.77306
-114.964       40.7748
-114.9678      40.77786
-114.9745      40.78919
-114.9798      40.79166
-114.9867      40.79214
-115           40.78824
 1 
 1             254           
1
 -9999.0   ,   9990.0
   7
 16 
-114           40.714
-114.007       40.70586
-114.0127      40.69298
-114.0144      40.6761
-114.0125      40.66483
-114.0064      40.65437
-114           40.6504
-114           40.63229
-114.0061      40.63714
-114.0103      40.64052
-114.0221      40.65274
-114.0337      40.67433
-114.0249      40.68232
-114.0136      40.71176
-114           40.72474
-114           40.714
 1 
 1             255           
1
 -9999.0   ,   9990.0
   7
 14 
-114           40.69719
-114.0014      40.69564
-114.0067      40.68663
-114.0079      40.67317
-114.0006      40.66131
-114           40.66068
-114           40.6504
-114.0064      40.65437
-114.0125      40.66483
-114.0144      40.6761
-114.0127      40.69298
-114.007       40.70586
-114           40.714
-114           40.69719
 1 
 1             256           
1
 -9999.0   ,   9990.0
   7
 80 
-118.2188      40.69253
-118.2165      40.68908
-118.219       40.68607
-118.2243      40.68212
-118.2375      40.67663
-118.2504      40.67999
-118.2581      40.68721
-118.269       40.69096
-118.2791      40.68787
-118.2796      40.69541
-118.2841      40.69558
-118.2865      40.69349
-118.2895      40.68065
-118.2973      40.6785
-118.3048      40.66606
-118.3117      40.64956
-118.312       40.64882
-118.3188      40.64394
-118.316       40.64031
-118.3168      40.63778
-118.3252      40.63722
-118.3305      40.64333
-118.3325      40.63827
-118.3307      40.62504
-118.3275      40.61707
-118.3241      40.6114
-118.3147      40.60969
-118.3074      40.60566
-118.3019      40.61152
-118.2987      40.61019
-118.2982      40.60711
-118.3038      40.60274
-118.3046      40.59861
-118.3014      40.58996
-118.2909      40.57797
-118.2893      40.575
-118.2872      40.57116
-118.296       40.56236
-118.2973      40.5548
-118.2961      40.54225
-118.299       40.53512
-118.2982      40.5253
-118.3002      40.5207
-118.3069      40.51376
-118.3092      40.50801
-118.3019      40.48776
-118.3049      40.47584
-118.3147      40.48532
-118.3167      40.49398
-118.303       40.56639
-118.3029      40.57714
-118.3087      40.58141
-118.3156      40.58018
-118.3173      40.5895
-118.3176      40.59113
-118.3211      40.59772
-118.3259      40.60017
-118.3328      40.601
-118.3366      40.60735
-118.3414      40.60753
-118.3463      40.62324
-118.3477      40.64928
-118.336       40.67413
-118.3303      40.6758
-118.3242      40.68479
-118.3191      40.68852
-118.3133      40.6847
-118.3114      40.68609
-118.3042      40.69122
-118.2987      40.70226
-118.2925      40.70623
-118.2856      40.70723
-118.2787      40.71029
-118.2712      40.70946
-118.258       40.70001
-118.2549      40.69479
-118.244       40.68829
-118.2281      40.69145
-118.2245      40.69035
-118.2188      40.69253
 1 
 1             257           
1
 -9999.0   ,   9990.0
   7
 7 
-114           40.66068
-114.0006      40.66131
-114.0079      40.67317
-114.0067      40.68663
-114.0014      40.69564
-114           40.69719
-114           40.66068
 1 
 1             258           
1
 -9999.0   ,   9990.0
   7
 26 
-118.2702      40.6414
-118.2791      40.64283
-118.2822      40.64668
-118.2894      40.64701
-118.29        40.64703
-118.2974      40.65701
-118.2936      40.66071
-118.2884      40.65849
-118.2814      40.66386
-118.2761      40.66335
-118.2685      40.66635
-118.2686      40.66925
-118.2709      40.6698
-118.2769      40.66682
-118.2823      40.66906
-118.2831      40.67079
-118.2763      40.6732
-118.262       40.67252
-118.2592      40.6673
-118.2609      40.66271
-118.2587      40.66045
-118.2479      40.66218
-118.2449      40.65993
-118.2604      40.65426
-118.263       40.64805
-118.2702      40.6414
 1 
 1             259           
1
 -9999.0   ,   9990.0
   7
 5 
-116.8771      40.64836
-116.8876      40.64654
-116.8932      40.64812
-116.8822      40.65042
-116.8771      40.64836
 1 
 1             260           
1
 -9999.0   ,   9990.0
   7
 23 
-118.2706      40.63767
-118.261       40.63825
-118.2584      40.64491
-118.2539      40.6461
-118.2477      40.63909
-118.2494      40.63738
-118.2525      40.63423
-118.2508      40.62876
-118.2593      40.61677
-118.2709      40.61069
-118.2814      40.60873
-118.2846      40.60549
-118.2851      40.60205
-118.2817      40.59432
-118.2846      40.592
-118.2897      40.59125
-118.2937      40.60835
-118.3001      40.6136
-118.3008      40.61718
-118.297       40.62294
-118.283       40.62974
-118.2758      40.63075
-118.2706      40.63767
 1 
 1             261           
1
 -9999.0   ,   9990.0
   7
 8 
-116.536       40.61122
-116.5294      40.62011
-116.5251      40.62055
-116.5231      40.60866
-116.5255      40.60546
-116.5391      40.60574
-116.5408      40.60781
-116.536       40.61122
 1 
 1             262           
1
 -9999.0   ,   9990.0
   7
 36 
-117.2153      40.4732
-117.2138      40.46909
-117.2153      40.462
-117.22        40.45741
-117.2299      40.45122
-117.2433      40.44616
-117.2643      40.43535
-117.2756      40.42572
-117.2833      40.41655
-117.2935      40.40898
-117.3075      40.40299
-117.3185      40.3849
-117.3291      40.36727
-117.3405      40.36105
-117.3479      40.36057
-117.3515      40.36307
-117.3534      40.36855
-117.3591      40.37447
-117.3711      40.3806
-117.3768      40.38309
-117.3934      40.40268
-117.3977      40.41318
-117.3941      40.42164
-117.3652      40.44211
-117.3614      40.44692
-117.3542      40.45563
-117.3411      40.46322
-117.3109      40.46858
-117.298       40.47319
-117.2902      40.47596
-117.2764      40.47624
-117.2561      40.47972
-117.2369      40.48092
-117.227       40.4798
-117.218       40.47593
-117.2153      40.4732
 1 
 1             263           
1
 -9999.0   ,   9990.0
   7
 11 
-116.5075      40.47897
-116.504       40.47279
-116.5052      40.46753
-116.5121      40.46116
-116.5157      40.46027
-116.5226      40.46121
-116.5253      40.46373
-116.525       40.46624
-116.5171      40.47696
-116.5144      40.479
-116.5075      40.47897
 1 
 1             264           
1
 -9999.0   ,   9990.0
   7
 10 
-115.0732      40.45776
-115.0692      40.45906
-115.063       40.45826
-115.0594      40.45592
-115.0587      40.45248
-115.0624      40.4482
-115.0681      40.44624
-115.0723      40.44814
-115.0745      40.45527
-115.0732      40.45776
 1 
 1             265           
1
 -9999.0   ,   9990.0
   7
 8 
-116.1206      40.43598
-116.119       40.42134
-116.1205      40.41724
-116.1173      40.41036
-116.1192      40.39952
-116.1248      40.41156
-116.1271      40.42163
-116.1206      40.43598
 1 
 1             266           
1
 -9999.0   ,   9990.0
   7
 24 
-119.0821      40.40434
-119.0741      40.40701
-119.0653      40.40535
-119.0588      40.40594
-119.0523      40.40926
-119.0404      40.41041
-119.0295      40.41794
-119.0255      40.4235
-119.0214      40.41786
-119.0216      40.41443
-119.028       40.40859
-119.0448      40.39981
-119.0527      40.38502
-119.0629      40.37705
-119.0715      40.36545
-119.0724      40.36476
-119.0773      40.36099
-119.0859      40.35968
-119.1011      40.36418
-119.1115      40.37083
-119.1172      40.38238
-119.1165      40.38559
-119.1101      40.39121
-119.0821      40.40434
 1 
 1             267           
1
 -9999.0   ,   9990.0
   7
 20 
-115.3963      40.38197
-115.3892      40.37686
-115.3899      40.36018
-115.403       40.34894
-115.405       40.34393
-115.4114      40.33648
-115.4154      40.33403
-115.4222      40.33389
-115.4297      40.33697
-115.43        40.33938
-115.4302      40.34064
-115.423       40.35288
-115.4193      40.3558
-115.4098      40.35475
-115.4077      40.35632
-115.4113      40.36757
-115.4081      40.37507
-115.404       40.37295
-115.4001      40.37335
-115.3963      40.38197
 1 
 1             268           
1
 -9999.0   ,   9990.0
   7
 45 
-118.0351      40.12322
-118.0453      40.12929
-118.0567      40.13122
-118.0621      40.13414
-118.064       40.14121
-118.0605      40.15998
-118.0552      40.16735
-118.0469      40.16994
-118.0399      40.17482
-118.0386      40.17611
-118.0308      40.18451
-118.0138      40.23678
-118.0068      40.24988
-117.9916      40.26831
-117.9902      40.2761
-117.9941      40.29229
-117.9934      40.29342
-117.9894      40.30011
-117.9915      40.3138
-117.9886      40.31977
-117.9829      40.32028
-117.9863      40.3271
-117.9825      40.33422
-117.9755      40.34207
-117.9745      40.35419
-117.9767      40.36217
-117.9681      40.36385
-117.9644      40.36205
-117.9564      40.34773
-117.9599      40.34015
-117.9582      40.32897
-117.9561      40.32527
-117.9545      40.3226
-117.9398      40.31474
-117.921       40.29936
-117.914       40.29006
-117.9104      40.27386
-117.9118      40.26699
-117.9252      40.24265
-117.9345      40.21613
-117.9429      40.19198
-117.9572      40.17288
-118.0094      40.13421
-118.0217      40.12632
-118.0351      40.12322
 1 
 1             269           
1
 -9999.0   ,   9990.0
   7
 18 
-116.553       40.32942
-116.5428      40.32773
-116.5392      40.33162
-116.537       40.33161
-116.5319      40.3277
-116.5297      40.31933
-116.5327      40.316
-116.532       40.30875
-116.5364      40.30262
-116.5392      40.3149
-116.537       40.31767
-116.537       40.32325
-116.5399      40.32493
-116.5429      40.32048
-116.5501      40.32328
-116.5553      40.31939
-116.5574      40.32274
-116.553       40.32942
 1 
 1             270           
1
 -9999.0   ,   9990.0
   7
 26 
-118.9247      40.26489
-118.9133      40.25253
-118.9035      40.22825
-118.9036      40.22184
-118.9091      40.20688
-118.9152      40.20038
-118.9208      40.19753
-118.9287      40.1935
-118.946       40.19272
-118.9511      40.19331
-118.9562      40.19436
-118.9629      40.19927
-118.9659      40.20403
-118.9777      40.22276
-118.9826      40.23662
-118.9789      40.25177
-118.9736      40.26125
-118.9701      40.27503
-118.9734      40.29326
-118.9721      40.30014
-118.9596      40.30906
-118.9501      40.31152
-118.9467      40.3077
-118.9414      40.30185
-118.9296      40.26915
-118.9247      40.26489
 1 
 1             271           
1
 -9999.0   ,   9990.0
   7
 72 
-119.3736      40
-119.3581      40.01285
-119.3663      40.03256
-119.3689      40.04622
-119.3634      40.04908
-119.3606      40.05325
-119.3635      40.06005
-119.362       40.06877
-119.3637      40.07399
-119.3674      40.07642
-119.3697      40.08323
-119.3621      40.09369
-119.3643      40.09684
-119.3619      40.10431
-119.3614      40.10605
-119.3627      40.11676
-119.359       40.12073
-119.3614      40.13096
-119.359       40.13856
-119.3492      40.14587
-119.3488      40.15068
-119.3555      40.16264
-119.3545      40.16907
-119.348       40.17813
-119.3497      40.1829
-119.3598      40.18975
-119.3639      40.19538
-119.3572      40.2065
-119.3558      40.21731
-119.3549      40.22439
-119.3524      40.23061
-119.3528      40.24889
-119.3558      40.25683
-119.3531      40.27267
-119.3541      40.28362
-119.3502      40.29011
-119.3413      40.29922
-119.3354      40.30256
-119.3099      40.29854
-119.2989      40.29329
-119.2949      40.29109
-119.2908      40.28455
-119.2928      40.27331
-119.3019      40.24659
-119.3084      40.23639
-119.3095      40.22585
-119.3018      40.21115
-119.2887      40.20366
-119.2837      40.19714
-119.282       40.18529
-119.2837      40.17951
-119.2842      40.17793
-119.2887      40.1728
-119.2968      40.16554
-119.3123      40.15743
-119.325       40.13635
-119.3193      40.12733
-119.3149      40.11553
-119.3126      40.10141
-119.3129      40.09226
-119.3156      40.08603
-119.3215      40.0827
-119.3237      40.07945
-119.3225      40.07742
-119.3241      40.07419
-119.3217      40.07123
-119.3176      40.0661
-119.319       40.05007
-119.3148      40.04056
-119.3074      40.03386
-119.3043      40
-119.3736      40
 1 
 1             272           
1
 -9999.0   ,   9990.0
   7
 13 
-115.4195      40.26345
-115.423       40.26373
-115.426       40.26583
-115.4247      40.28135
-115.43        40.286
-115.4314      40.29105
-115.4298      40.29492
-115.4253      40.29622
-115.4184      40.29429
-115.4102      40.28755
-115.4074      40.28111
-115.4143      40.26658
-115.4195      40.26345
 2 
 1             273           
1
 -9999.0   ,   9990.0
   7
 38 
-115.5038      40.07629
-115.5132      40.07985
-115.5176      40.08425
-115.5218      40.09642
-115.5239      40.11039
-115.5227      40.12134
-115.5174      40.13498
-115.5007      40.14732
-115.4816      40.1691
-115.4811      40.16969
-115.4764      40.17877
-115.4769      40.18448
-115.4846      40.19785
-115.4839      40.20173
-115.4772      40.21032
-115.4752      40.21715
-115.4804      40.22659
-115.4785      40.22977
-115.4734      40.23061
-115.4675      40.22847
-115.4635      40.22019
-115.4674      40.20835
-115.459       40.18378
-115.4597      40.17904
-115.4604      40.17443
-115.4783      40.13354
-115.4758      40.12619
-115.4777      40.12119
-115.4891      40.11974
-115.4922      40.11567
-115.491       40.11292
-115.4817      40.10593
-115.4794      40.10247
-115.4834      40.09361
-115.4883      40.08797
-115.4985      40.08468
-115.5005      40.07762
-115.5038      40.07629
 1             273           2 
1
 -9999.0   ,   9990.0
   7
 8 
-115.4916      40.12618
-115.4856      40.13089
-115.4875      40.13778
-115.4928      40.13991
-115.4967      40.13905
-115.498       40.13472
-115.4943      40.12758
-115.4916      40.12618
 1 
 1             274           
1
 -9999.0   ,   9990.0
   7
 41 
-114.68        40.13611
-114.6773      40.12547
-114.6798      40.11569
-114.6827      40.1126
-114.6832      40.1121
-114.6867      40.11218
-114.6924      40.116
-114.6962      40.11375
-114.6979      40.10898
-114.6943      40.10114
-114.6905      40.0974
-114.6892      40.09303
-114.6914      40.08965
-114.6969      40.08748
-114.7006      40.08984
-114.7089      40.10007
-114.7139      40.10201
-114.7213      40.09553
-114.7279      40.09594
-114.7328      40.0992
-114.7341      40.1038
-114.7309      40.11105
-114.7281      40.11356
-114.7207      40.12012
-114.7137      40.12646
-114.7124      40.12872
-114.7135      40.13622
-114.7114      40.13726
-114.702       40.13444
-114.7068      40.16038
-114.6999      40.17872
-114.6976      40.1851
-114.6998      40.1984
-114.7069      40.21071
-114.7068      40.21494
-114.6929      40.19722
-114.6804      40.19045
-114.6793      40.18655
-114.6858      40.15559
-114.6836      40.14274
-114.68        40.13611
 1 
 1             275           
1
 -9999.0   ,   9990.0
   7
 60 
-119.4883      40
-119.6198      40
-119.6147      40.00657
-119.6155      40.01204
-119.6199      40.01696
-119.6208      40.02425
-119.6265      40.02617
-119.6332      40.0356
-119.642       40.04041
-119.6499      40.04981
-119.6607      40.05137
-119.6699      40.058
-119.6773      40.07175
-119.6808      40.07516
-119.6848      40.07911
-119.6856      40.0848
-119.68        40.10003
-119.6938      40.11409
-119.6986      40.12837
-119.6968      40.1371
-119.6907      40.14686
-119.6861      40.14972
-119.6815      40.14869
-119.6771      40.1495
-119.6689      40.1529
-119.6648      40.16855
-119.6558      40.17877
-119.6474      40.1882
-119.6376      40.19462
-119.6319      40.19612
-119.6235      40.19382
-119.6178      40.19419
-119.5899      40.20517
-119.5819      40.20582
-119.571       40.2006
-119.5606      40.20177
-119.5402      40.19929
-119.5172      40.18635
-119.5152      40.18403
-119.5135      40.18209
-119.5097      40.17624
-119.5131      40.1645
-119.5096      40.16069
-119.5079      40.15456
-119.5023      40.14852
-119.5059      40.13448
-119.5004      40.1177
-119.5016      40.10899
-119.5001      40.10285
-119.4899      40.09349
-119.483       40.0836
-119.4819      40.06722
-119.4813      40.05734
-119.4831      40.05067
-119.4927      40.03558
-119.489       40.02699
-119.49        40.02056
-119.4884      40.01009
-119.4913      40.00087
-119.4883      40
 1 
 1             276           
1
 -9999.0   ,   9990.0
   7
 36 
-114.2971      40.14164
-114.2961      40.14482
-114.3049      40.16973
-114.3085      40.17531
-114.3078      40.17894
-114.2972      40.18211
-114.2868      40.14002
-114.2783      40.13637
-114.2778      40.13384
-114.2849      40.13379
-114.2877      40.13203
-114.2822      40.12047
-114.2838      40.11799
-114.2834      40.11625
-114.283       40.115
-114.2809      40.11233
-114.2771      40.11123
-114.2547      40.12037
-114.254       40.11613
-114.2832      40.10403
-114.2851      40.10065
-114.2826      40.08915
-114.285       40.07572
-114.2879      40.08426
-114.2921      40.0903
-114.2933      40.09787
-114.3005      40.09691
-114.3137      40.09226
-114.3162      40.09136
-114.3187      40.10217
-114.3064      40.10506
-114.3038      40.10385
-114.2963      40.10504
-114.2922      40.11065
-114.3001      40.12754
-114.2971      40.14164
 1 
 1             277           
1
 -9999.0   ,   9990.0
   7
 17 
-118.9103      40.08961
-118.9193      40.11161
-118.9354      40.12983
-118.9486      40.15107
-118.9521      40.15901
-118.9514      40.16519
-118.9465      40.17008
-118.9383      40.16681
-118.9343      40.16253
-118.9312      40.14979
-118.9178      40.12901
-118.8959      40.10632
-118.893       40.09929
-118.8943      40.09446
-118.8973      40.09395
-118.9057      40.09609
-118.9103      40.08961
 1 
 1             278           
1
 -9999.0   ,   9990.0
   7
 22 
-119.8928      40.1054
-119.8961      40.10645
-119.9122      40.1051
-119.9249      40.11023
-119.928       40.11289
-119.9401      40.11621
-119.9442      40.12067
-119.9426      40.12484
-119.9327      40.13082
-119.9111      40.152
-119.9053      40.15582
-119.8982      40.15693
-119.8719      40.14964
-119.8627      40.14509
-119.8577      40.1402
-119.8659      40.13036
-119.8659      40.12259
-119.8705      40.11904
-119.8779      40.1177
-119.8818      40.11919
-119.8865      40.11814
-119.8928      40.1054
 1 
 1             279           
1
 -9999.0   ,   9990.0
   7
 14 
-115.9567      40.11529
-115.9651      40.11651
-115.9668      40.11836
-115.9671      40.12224
-115.9637      40.12541
-115.949       40.13099
-115.9436      40.13733
-115.9187      40.14784
-115.91        40.14592
-115.9074      40.14224
-115.9108      40.1377
-115.9323      40.13494
-115.9537      40.11572
-115.9567      40.11529
 1 
 1             280           
1
 -9999.0   ,   9990.0
   7
 37 
-115.9192      40
-116.0101      40
-116.0111      40.00655
-115.9865      40.05615
-115.9894      40.06555
-115.9878      40.07033
-115.9845      40.07487
-115.9788      40.07665
-115.9767      40.07914
-115.9815      40.09221
-115.9787      40.09881
-115.9733      40.105
-115.9705      40.10811
-115.9643      40.11033
-115.9571      40.10981
-115.9521      40.10702
-115.9461      40.10719
-115.934       40.11896
-115.9259      40.12323
-115.9076      40.12876
-115.9048      40.11776
-115.898       40.11519
-115.8849      40.13128
-115.8819      40.13285
-115.8784      40.12916
-115.8776      40.12435
-115.8841      40.11322
-115.8833      40.10949
-115.8813      40.10016
-115.8933      40.07423
-115.8938      40.06715
-115.9076      40.03827
-115.9055      40.025
-115.9079      40.01976
-115.9167      40.01344
-115.9176      40.01049
-115.9192      40
 1 
 1             281           
1
 -9999.0   ,   9990.0
   7
 12 
-115.1996      40.093
-115.1955      40.08927
-115.2079      40.07119
-115.2195      40.06178
-115.2241      40.05477
-115.2417      40.02146
-115.249       40.00446
-115.2557      40.00273
-115.2306      40.05853
-115.2196      40.06864
-115.206       40.08762
-115.1996      40.093
 1 
 1             282           
1
 -9999.0   ,   9990.0
   7
 22 
-118.6668      40
-118.6651      40.0106
-118.6609      40.02277
-118.6467      40.04631
-118.6389      40.0558
-118.6225      40.06606
-118.6116      40.07291
-118.6084      40.07319
-118.6005      40.0692
-118.5978      40.06233
-118.598       40.06175
-118.5988      40.05848
-118.6032      40.0559
-118.6157      40.05462
-118.6216      40.05402
-118.6312      40.04656
-118.6407      40.03544
-118.6433      40.03049
-118.6475      40.0223
-118.651       40.00876
-118.652       40
-118.6668      40
 1 
 1             283           
1
 -9999.0   ,   9990.0
   7
 23 
-116.6273      40
-116.6166      40.02207
-116.6157      40.02595
-116.6091      40.03255
-116.6133      40.03463
-116.6174      40.03327
-116.621       40.0351
-116.6206      40.0495
-116.6242      40.05545
-116.6227      40.05842
-116.6143      40.05885
-116.6093      40.057
-116.6015      40.05698
-116.5944      40.05353
-116.59        40.04871
-116.5847      40.03589
-116.583       40.02356
-116.5878      40.01558
-116.5952      40.01446
-116.5961      40.01172
-116.5926      40.00302
-116.5972      40
-116.6273      40
 1 
 1             284           
1
 -9999.0   ,   9990.0
   7
 15 
-118.6274      40.02604
-118.6258      40.0327
-118.6226      40.0364
-118.6175      40.03511
-118.6156      40.02864
-118.5992      40.00628
-118.5934      40.01286
-118.5883      40.01248
-118.5844      40.00934
-118.5829      40.00481
-118.5814      40
-118.5839      40
-118.598       40
-118.6405      40
-118.6274      40.02604
 1 
 1             285           
1
 -9999.0   ,   9990.0
   7
 8 
-118.6376      40.02522
-118.636       40.02682
-118.6274      40.02604
-118.6405      40
-118.6497      40
-118.645       40.00794
-118.6395      40.02334
-118.6376      40.02522
