 294 
 1 
 1             1             
1
 -9999.0   ,   9990.0
   7
 6 
-104.1537      44.98765
-104.1634      44.99242
-104.1581      44.99669
-104.1542      44.99634
-104.1472      44.9922
-104.1537      44.98765
 1 
 1             2             
1
 -9999.0   ,   9990.0
   7
 7 
-102.5297      44.91791
-102.5339      44.919
-102.5398      44.92325
-102.538       44.92535
-102.5325      44.92565
-102.5246      44.92211
-102.5297      44.91791
 1 
 1             3             
1
 -9999.0   ,   9990.0
   7
 7 
-102.4199      44.90967
-102.427       44.91072
-102.4289      44.91938
-102.4263      44.92172
-102.4218      44.92132
-102.4178      44.9152
-102.4199      44.90967
 1 
 1             4             
1
 -9999.0   ,   9990.0
   7
 6 
-102.4858      44.89522
-102.489       44.90342
-102.4872      44.90779
-102.4826      44.90672
-102.4759      44.8988
-102.4858      44.89522
 1 
 1             5             
1
 -9999.0   ,   9990.0
   7
 7 
-102.4284      44.90188
-102.4256      44.90016
-102.4254      44.89758
-102.4259      44.89685
-102.4305      44.89886
-102.4315      44.90133
-102.4284      44.90188
 1 
 1             6             
1
 -9999.0   ,   9990.0
   7
 10 
-104.8433      44.88817
-104.8592      44.8757
-104.8642      44.87461
-104.8682      44.87584
-104.8706      44.87828
-104.8709      44.88193
-104.8679      44.88524
-104.8573      44.89111
-104.851       44.89271
-104.8433      44.88817
 1 
 1             7             
1
 -9999.0   ,   9990.0
   7
 5 
-104.7892      44.84813
-104.7958      44.84447
-104.7979      44.84829
-104.7977      44.85379
-104.7892      44.84813
 1 
 1             8             
1
 -9999.0   ,   9990.0
   7
 7 
-103.389       44.83427
-103.3966      44.838
-103.3996      44.84227
-103.3978      44.8446
-103.3904      44.84431
-103.3837      44.83828
-103.389       44.83427
 1 
 1             9             
1
 -9999.0   ,   9990.0
   7
 7 
-103.7561      44.83184
-103.7585      44.83476
-103.7538      44.84221
-103.7502      44.8423
-103.7446      44.83992
-103.7523      44.8324
-103.7561      44.83184
 1 
 1             10            
1
 -9999.0   ,   9990.0
   7
 14 
-103.1336      44.82646
-103.1344      44.82771
-103.132       44.83003
-103.1271      44.83302
-103.125       44.83168
-103.123       44.82995
-103.1218      44.82708
-103.1222      44.8248
-103.1238      44.82049
-103.128       44.81864
-103.1323      44.82032
-103.1331      44.82194
-103.1321      44.82473
-103.1336      44.82646
 1 
 1             11            
1
 -9999.0   ,   9990.0
   7
 7 
-104.1759      44.8084
-104.1817      44.80892
-104.1832      44.81826
-104.1805      44.82613
-104.1753      44.82147
-104.1709      44.81107
-104.1759      44.8084
 1 
 1             12            
1
 -9999.0   ,   9990.0
   7
 7 
-102.49        44.79813
-102.4982      44.80259
-102.4935      44.80563
-102.4849      44.80782
-102.4828      44.8051
-102.4853      44.80095
-102.49        44.79813
 1 
 1             13            
1
 -9999.0   ,   9990.0
   7
 59 
-103.6752      44.73911
-103.6784      44.73812
-103.6823      44.73275
-103.6911      44.72886
-103.6922      44.72541
-103.689       44.71907
-103.6787      44.71063
-103.6758      44.70544
-103.6772      44.69991
-103.6855      44.70062
-103.6844      44.69629
-103.6861      44.69282
-103.702       44.69562
-103.7132      44.69443
-103.7164      44.70053
-103.7159      44.70465
-103.7108      44.7041
-103.7019      44.7128
-103.6987      44.72066
-103.6996      44.7243
-103.7039      44.72786
-103.7087      44.72705
-103.7119      44.72096
-103.7134      44.718
-103.7173      44.71836
-103.7218      44.72466
-103.7213      44.72856
-103.7163      44.73167
-103.7168      44.73394
-103.723       44.73608
-103.7106      44.73982
-103.7022      44.7382
-103.6983      44.74311
-103.7008      44.74832
-103.7205      44.74461
-103.7235      44.74705
-103.7296      44.74689
-103.7342      44.74839
-103.739       44.76062
-103.7552      44.76982
-103.7594      44.7704
-103.7612      44.77424
-103.7703      44.78157
-103.7594      44.78231
-103.7593      44.77933
-103.7528      44.77217
-103.7429      44.77449
-103.7378      44.77416
-103.7401      44.76952
-103.7371      44.76708
-103.7162      44.76761
-103.7145      44.76468
-103.7203      44.75881
-103.7163      44.7573
-103.701       44.75975
-103.6959      44.7592
-103.69        44.7511
-103.6795      44.74679
-103.6752      44.73911
 1 
 1             14            
1
 -9999.0   ,   9990.0
   7
 6 
-102.986       44.73116
-102.9953      44.73099
-103.0013      44.73751
-103.0008      44.74073
-102.9982      44.74077
-102.986       44.73116
 1 
 1             15            
1
 -9999.0   ,   9990.0
   7
 7 
-104.006       44.72853
-104.0173      44.72959
-104.0201      44.73249
-104.018       44.7353
-104.0039      44.73638
-104.0039      44.73065
-104.006       44.72853
 1 
 1             16            
1
 -9999.0   ,   9990.0
   7
 8 
-102.2464      44.6518
-102.2551      44.65192
-102.2558      44.6542
-102.2485      44.65521
-102.2344      44.65722
-102.2321      44.65381
-102.2416      44.65095
-102.2464      44.6518
 1 
 1             17            
1
 -9999.0   ,   9990.0
   7
 8 
-102.0191      44.6247
-102.0233      44.62512
-102.0305      44.63397
-102.0309      44.63899
-102.0265      44.6395
-102.0209      44.63315
-102.0166      44.62679
-102.0191      44.6247
 1 
 1             18            
1
 -9999.0   ,   9990.0
   7
 5 
-102.8239      44.58926
-102.8335      44.59
-102.83        44.59762
-102.8252      44.59839
-102.8239      44.58926
 1 
 1             19            
1
 -9999.0   ,   9990.0
   7
 25 
-102           44.51039
-102.0064      44.50813
-102.0392      44.50297
-102.0632      44.48737
-102.0768      44.46868
-102.0812      44.46474
-102.0887      44.45802
-102.0912      44.45547
-102.0992      44.45241
-102.1095      44.44359
-102.1251      44.43907
-102.1363      44.43939
-102.1474      44.43949
-102.1523      44.44287
-102.1434      44.44571
-102.1227      44.44871
-102.098       44.45746
-102.0901      44.46327
-102.0758      44.48128
-102.0511      44.50376
-102.0406      44.50913
-102.0166      44.51191
-102.0144      44.51216
-102           44.51817
-102           44.51039
 1 
 1             20            
1
 -9999.0   ,   9990.0
   7
 16 
-106.772       44.49956
-106.7446      44.48263
-106.7518      44.48065
-106.7534      44.47782
-106.7441      44.47463
-106.7389      44.46457
-106.7312      44.46084
-106.7312      44.45832
-106.7355      44.45603
-106.7435      44.45653
-106.7511      44.46187
-106.758       44.47253
-106.7656      44.47534
-106.7671      44.4833
-106.7746      44.49071
-106.772       44.49956
 1 
 1             21            
1
 -9999.0   ,   9990.0
   7
 8 
-106.6923      44.46308
-106.6894      44.45726
-106.6887      44.4495
-106.6914      44.44775
-106.6973      44.45249
-106.6989      44.45838
-106.6933      44.4605
-106.6923      44.46308
 1 
 1             22            
1
 -9999.0   ,   9990.0
   7
 8 
-103.4487      44.45174
-103.4577      44.45359
-103.4572      44.4568
-103.4517      44.46083
-103.4444      44.46191
-103.4423      44.45921
-103.4444      44.45481
-103.4487      44.45174
 1 
 1             23            
1
 -9999.0   ,   9990.0
   7
 77 
-104.7826      44.38515
-104.7723      44.38
-104.7693      44.37232
-104.7804      44.36345
-104.7783      44.36009
-104.772       44.35619
-104.7695      44.34321
-104.774       44.3339
-104.779       44.3328
-104.7777      44.32231
-104.7821      44.3217
-104.7855      44.32525
-104.7845      44.33743
-104.7854      44.34193
-104.7859      44.34425
-104.798       44.35345
-104.7982      44.35688
-104.7934      44.36117
-104.7938      44.36299
-104.7949      44.36868
-104.8024      44.36658
-104.8055      44.36258
-104.8068      44.36093
-104.8081      44.3625
-104.8128      44.36851
-104.8173      44.36858
-104.8243      44.37292
-104.8287      44.37299
-104.8326      44.36919
-104.8377      44.36832
-104.8403      44.36457
-104.8377      44.36147
-104.8368      44.36033
-104.8329      44.34947
-104.8336      44.34624
-104.843       44.34385
-104.844       44.33992
-104.8422      44.33586
-104.8416      44.32305
-104.8477      44.32306
-104.8547      44.32785
-104.8615      44.33425
-104.8686      44.34454
-104.8725      44.34532
-104.8765      44.34312
-104.8784      44.33297
-104.8852      44.33502
-104.9139      44.33399
-104.9097      44.3366
-104.9005      44.34363
-104.9009      44.35393
-104.8966      44.35638
-104.8796      44.36
-104.8794      44.37074
-104.8727      44.37052
-104.8638      44.37565
-104.8561      44.37111
-104.8553      44.37755
-104.8568      44.38116
-104.8605      44.38379
-104.87        44.38207
-104.8745      44.38695
-104.8744      44.39131
-104.8723      44.39321
-104.8666      44.3941
-104.8563      44.38806
-104.8485      44.38604
-104.8395      44.37559
-104.8304      44.37912
-104.7978      44.37911
-104.7964      44.38169
-104.8007      44.38795
-104.7999      44.39073
-104.7954      44.38974
-104.7908      44.38303
-104.7868      44.38179
-104.7826      44.38515
 1 
 1             24            
1
 -9999.0   ,   9990.0
   7
 8 
-102.0457      44.22689
-102.0505      44.22821
-102.0531      44.23276
-102.0522      44.23597
-102.0494      44.23692
-102.0417      44.23471
-102.0391      44.23062
-102.0457      44.22689
 1 
 1             25            
1
 -9999.0   ,   9990.0
   7
 7 
-106.5044      44.20236
-106.5107      44.20847
-106.51        44.2108
-106.4996      44.20902
-106.4971      44.20662
-106.4985      44.2038
-106.5044      44.20236
 1 
 1             26            
1
 -9999.0   ,   9990.0
   7
 7 
-102.2302      44.16749
-102.2388      44.16944
-102.2434      44.1751
-102.2425      44.1774
-102.239       44.17814
-102.2293      44.17139
-102.2302      44.16749
 1 
 1             27            
1
 -9999.0   ,   9990.0
   7
 5 
-107.2219      44.17065
-107.22        44.16249
-107.2299      44.16492
-107.2256      44.16998
-107.2219      44.17065
 1 
 1             28            
1
 -9999.0   ,   9990.0
   7
 7 
-102.0549      44.12288
-102.0577      44.12147
-102.0685      44.12158
-102.0733      44.12359
-102.0744      44.12838
-102.0616      44.12807
-102.0549      44.12288
 1 
 1             29            
1
 -9999.0   ,   9990.0
   7
 5 
-103.5188      44.07779
-103.5505      44.08138
-103.5587      44.08668
-103.5239      44.08453
-103.5188      44.07779
 1 
 1             30            
1
 -9999.0   ,   9990.0
   7
 10 
-103.4932      44.08
-103.4947      44.07722
-103.4896      44.07024
-103.4907      44.06678
-103.4974      44.06662
-103.5031      44.0745
-103.5188      44.07779
-103.5105      44.08257
-103.5039      44.08341
-103.4932      44.08
 1 
 1             31            
1
 -9999.0   ,   9990.0
   7
 13 
-103.7781      44.03282
-103.7816      44.02655
-103.7913      44.02354
-103.7901      44.01853
-103.792       44.01253
-103.7951      44.01176
-103.8011      44.0171
-103.8117      44.01819
-103.8084      44.02194
-103.8034      44.02368
-103.8001      44.0288
-103.7847      44.03768
-103.7781      44.03282
 1 
 1             32            
1
 -9999.0   ,   9990.0
   7
 5 
-103.8117      44.01819
-103.8178      44.01322
-103.8234      44.01261
-103.8261      44.01483
-103.8117      44.01819
 1 
 1             33            
1
 -9999.0   ,   9990.0
   7
 7 
-102.1986      43.97928
-102.2066      43.98513
-102.2064      43.98903
-102.1971      43.9864
-102.192       43.98234
-102.1945      43.98002
-102.1986      43.97928
 1 
 1             34            
1
 -9999.0   ,   9990.0
   7
 15 
-103.4824      43.96874
-103.4851      43.97303
-103.4799      43.97682
-103.4774      43.98398
-103.4714      43.98458
-103.4629      43.97905
-103.449       43.98029
-103.4523      43.97656
-103.4573      43.97483
-103.4605      43.96834
-103.4639      43.96712
-103.4683      43.97366
-103.4719      43.97518
-103.476       43.97531
-103.4824      43.96874
 1 
 1             35            
1
 -9999.0   ,   9990.0
   7
 8 
-102.1112      43.97186
-102.1144      43.97434
-102.1138      43.97641
-102.1104      43.97897
-102.1031      43.97928
-102.0999      43.97657
-102.1036      43.97241
-102.1112      43.97186
 1 
 1             36            
1
 -9999.0   ,   9990.0
   7
 8 
-102.0832      43.95387
-102.0892      43.95426
-102.0941      43.9581
-102.0922      43.96155
-102.0869      43.9623
-102.0833      43.96073
-102.081       43.95665
-102.0832      43.95387
 1 
 1             37            
1
 -9999.0   ,   9990.0
   7
 7 
-105.3547      43.87744
-105.3599      43.87883
-105.3615      43.88771
-105.3584      43.88806
-105.3547      43.88592
-105.3518      43.88099
-105.3547      43.87744
 1 
 1             38            
1
 -9999.0   ,   9990.0
   7
 7 
-105.3615      43.88771
-105.3599      43.87883
-105.3547      43.87744
-105.358       43.87478
-105.365       43.87542
-105.3659      43.8873
-105.3615      43.88771
 1 
 1             39            
1
 -9999.0   ,   9990.0
   7
 9 
-105.2595      43.76731
-105.2592      43.76365
-105.2649      43.7632
-105.2691      43.76899
-105.2669      43.77343
-105.2635      43.77448
-105.2606      43.77368
-105.2584      43.76918
-105.2595      43.76731
 1 
 1             40            
1
 -9999.0   ,   9990.0
   7
 6 
-103.5181      43.7744
-103.511       43.77045
-103.5132      43.7649
-103.5218      43.76424
-103.5241      43.77312
-103.5181      43.7744
 1 
 1             41            
1
 -9999.0   ,   9990.0
   7
 61 
-103.4375      43.34399
-103.4357      43.33945
-103.43        43.33776
-103.427       43.34126
-103.4235      43.34133
-103.419       43.33732
-103.4185      43.33435
-103.4215      43.33085
-103.4179      43.32773
-103.4136      43.31432
-103.4061      43.30923
-103.4049      43.30376
-103.3868      43.29067
-103.3773      43.2815
-103.3887      43.28422
-103.3905      43.2883
-103.4128      43.30518
-103.4179      43.30529
-103.4188      43.29862
-103.4174      43.295
-103.4189      43.29267
-103.4462      43.29249
-103.4475      43.28811
-103.4398      43.28234
-103.4432      43.2763
-103.4454      43.27602
-103.4498      43.2821
-103.4631      43.28591
-103.4677      43.28924
-103.4811      43.28745
-103.4948      43.28561
-103.5135      43.27737
-103.5292      43.27676
-103.538       43.27838
-103.5464      43.28344
-103.5564      43.28251
-103.5613      43.28697
-103.5438      43.2874
-103.5385      43.28272
-103.5338      43.28123
-103.5193      43.28112
-103.4975      43.2899
-103.4885      43.29195
-103.4672      43.29269
-103.4622      43.29417
-103.4574      43.29795
-103.4391      43.30319
-103.4367      43.30577
-103.4368      43.30874
-103.4422      43.31663
-103.4411      43.31963
-103.4428      43.32326
-103.4369      43.32846
-103.4353      43.32984
-103.4357      43.3319
-103.4404      43.33201
-103.4468      43.32865
-103.4487      43.33457
-103.4526      43.33768
-103.4487      43.34144
-103.4375      43.34399
 1 
 1             42            
1
 -9999.0   ,   9990.0
   7
 8 
-102.7114      43.16664
-102.7257      43.17326
-102.7423      43.17275
-102.748       43.17654
-102.7444      43.17981
-102.7357      43.18133
-102.7117      43.17442
-102.7114      43.16664
 1 
 1             43            
1
 -9999.0   ,   9990.0
   7
 6 
-106.6074      43.07798
-106.6169      43.07864
-106.6194      43.08195
-106.619       43.08748
-106.6151      43.08561
-106.6074      43.07798
 1 
 1             44            
1
 -9999.0   ,   9990.0
   7
 9 
-102.1011      43.00422
-102.1064      43.00461
-102.1087      43.00665
-102.1081      43.00986
-102.0964      43.01869
-102.0917      43.01806
-102.0892      43.01489
-102.0916      43.01097
-102.1011      43.00422
 1 
 1             45            
1
 -9999.0   ,   9990.0
   7
 10 
-102.5697      42.99202
-102.5773      42.99511
-102.5783      42.99692
-102.5781      42.9988
-102.5776      43.00357
-102.5689      43.0044
-102.5665      43.00009
-102.5666      42.99871
-102.5666      42.99276
-102.5697      42.99202
 1 
 1             46            
1
 -9999.0   ,   9990.0
   7
 9 
-102.1253      42.98219
-102.1281      42.98398
-102.1291      42.98741
-102.1233      42.99205
-102.1171      42.99259
-102.1145      42.98918
-102.1157      42.98711
-102.1194      42.98294
-102.1253      42.98219
 1 
 1             47            
1
 -9999.0   ,   9990.0
   7
 7 
-102.0579      42.98297
-102.0626      42.98315
-102.0687      42.98949
-102.0678      42.99224
-102.0577      42.98938
-102.0555      42.98598
-102.0579      42.98297
 1 
 1             48            
1
 -9999.0   ,   9990.0
   7
 7 
-102.1045      42.97351
-102.1079      42.97347
-102.113       42.97776
-102.1112      42.98122
-102.1019      42.98498
-102.1006      42.98271
-102.1045      42.97351
 1 
 1             49            
1
 -9999.0   ,   9990.0
   7
 13 
-102.0666      42.94992
-102.0703      42.9501
-102.0832      42.95544
-102.0876      42.95516
-102.0915      42.95214
-102.0956      42.95141
-102.0978      42.9539
-102.0957      42.95759
-102.0895      42.96063
-102.0811      42.96096
-102.0676      42.95631
-102.0635      42.95247
-102.0666      42.94992
 1 
 1             50            
1
 -9999.0   ,   9990.0
   7
 6 
-103.8264      42.93775
-103.8165      42.93801
-103.8146      42.93097
-103.8225      42.92732
-103.8248      42.92909
-103.8264      42.93775
 1 
 1             51            
1
 -9999.0   ,   9990.0
   7
 6 
-102           42.90547
-102.0067      42.90663
-102.0118      42.91047
-102.0106      42.91369
-102           42.9165
-102           42.90547
 1 
 1             52            
1
 -9999.0   ,   9990.0
   7
 568 
-106.0388      42.8689
-106.0823      42.86708
-106.0971      42.86133
-106.1162      42.85927
-106.1181      42.85935
-106.1265      42.8597
-106.1365      42.86244
-106.1437      42.86645
-106.1564      42.86538
-106.1662      42.85665
-106.1816      42.85431
-106.1849      42.84979
-106.1902      42.84931
-106.2233      42.86459
-106.2346      42.86598
-106.243       42.86461
-106.2541      42.86503
-106.2702      42.86812
-106.2781      42.86965
-106.2851      42.8669
-106.2941      42.85781
-106.3131      42.85784
-106.3458      42.84535
-106.3559      42.83682
-106.3662      42.83332
-106.3693      42.82652
-106.3754      42.82162
-106.3812      42.8211
-106.3901      42.82272
-106.4012      42.82873
-106.4105      42.82675
-106.4089      42.82994
-106.4028      42.8342
-106.395       42.83142
-106.3841      42.82463
-106.3791      42.82511
-106.3753      42.82714
-106.3699      42.83635
-106.3543      42.84332
-106.3476      42.84824
-106.3134      42.86167
-106.2965      42.86298
-106.2843      42.87271
-106.2746      42.87415
-106.2713      42.8743
-106.2551      42.86883
-106.2376      42.87064
-106.2197      42.86814
-106.2021      42.85965
-106.1896      42.85369
-106.1823      42.8584
-106.1705      42.85966
-106.163       42.86621
-106.157       42.86879
-106.1443      42.86963
-106.1247      42.86369
-106.1055      42.86506
-106.0777      42.87234
-106.0523      42.874
-106.0444      42.87344
-106.0426      42.87331
-106.0388      42.87601
-106.0362      42.87295
-106.0146      42.86682
-106.0039      42.85906
-105.996       42.86081
-105.9844      42.85676
-105.978       42.86553
-105.962       42.86813
-105.9534      42.87334
-105.9428      42.87314
-105.9262      42.86863
-105.904       42.86895
-105.8934      42.8717
-105.8857      42.87369
-105.8475      42.87221
-105.8386      42.86918
-105.817       42.85741
-105.8126      42.84971
-105.8075      42.84489
-105.796       42.84174
-105.789       42.83541
-105.7671      42.83799
-105.7457      42.84399
-105.7141      42.85364
-105.6885      42.85361
-105.6833      42.85774
-105.6758      42.85829
-105.662       42.85271
-105.656       42.85274
-105.6451      42.85573
-105.6233      42.85691
-105.6083      42.85251
-105.5935      42.85361
-105.5871      42.85159
-105.5841      42.85172
-105.5762      42.85206
-105.5723      42.8483
-105.567       42.84804
-105.5559      42.85155
-105.5422      42.84579
-105.541       42.8453
-105.5234      42.84284
-105.5008      42.85274
-105.4807      42.85015
-105.4768      42.85214
-105.468       42.85205
-105.4557      42.84248
-105.4239      42.8422
-105.4204      42.84028
-105.4197      42.83573
-105.4253      42.8316
-105.4353      42.8282
-105.4353      42.82453
-105.4288      42.82217
-105.4273      42.82166
-105.4083      42.82084
-105.4066      42.81564
-105.4124      42.80509
-105.4223      42.8026
-105.4238      42.78716
-105.418       42.77868
-105.4016      42.77023
-105.3965      42.74867
-105.4         42.74164
-105.3989      42.7367
-105.3956      42.73302
-105.3939      42.72544
-105.3926      42.71968
-105.3885      42.71744
-105.3882      42.71361
-105.3931      42.70755
-105.3897      42.696
-105.3926      42.67319
-105.391       42.66822
-105.3852      42.66524
-105.3714      42.66329
-105.3568      42.66321
-105.3361      42.65282
-105.3256      42.65348
-105.3167      42.65888
-105.3108      42.65988
-105.3096      42.66009
-105.2995      42.65843
-105.2963      42.6565
-105.2995      42.64995
-105.2981      42.64817
-105.2872      42.6477
-105.2731      42.64987
-105.2664      42.64784
-105.2597      42.65002
-105.2504      42.64847
-105.2361      42.64855
-105.2264      42.6444
-105.2183      42.64404
-105.2114      42.64638
-105.1947      42.64772
-105.1797      42.64694
-105.1737      42.64902
-105.1662      42.65733
-105.1567      42.65518
-105.1429      42.64908
-105.135       42.63758
-105.1247      42.63741
-105.1165      42.632
-105.1035      42.62769
-105.0915      42.61991
-105.0857      42.61278
-105.0761      42.6057
-105.0478      42.59569
-105.0447      42.59054
-105.0478      42.58221
-105.0483      42.5808
-105.043       42.57043
-105.0384      42.56916
-105.0323      42.57075
-105.0317      42.5782
-105.0288      42.5806
-105.0204      42.58024
-105.0133      42.58165
-105.0051      42.57944
-105           42.58013
-104.9981      42.58039
-104.9921      42.57925
-104.9809      42.57532
-104.9773      42.57155
-104.9723      42.57655
-104.969       42.57714
-104.9645      42.58464
-104.9604      42.588
-104.9528      42.57179
-104.9481      42.56692
-104.9615      42.56756
-104.9701      42.56129
-104.9701      42.55784
-104.9643      42.55004
-104.9724      42.54149
-104.9694      42.53794
-104.9606      42.54056
-104.9569      42.53703
-104.9384      42.53796
-104.9375      42.53478
-104.9413      42.52616
-104.9363      42.52176
-104.9355      42.51881
-104.9421      42.51536
-104.9461      42.50995
-104.9491      42.50937
-104.9517      42.50148
-104.9569      42.49625
-104.9555      42.49158
-104.9549      42.48945
-104.9594      42.48401
-104.9551      42.48325
-104.9506      42.48663
-104.9444      42.48617
-104.9393      42.48384
-104.9369      42.48027
-104.9366      42.47639
-104.9401      42.47187
-104.9496      42.46769
-104.9495      42.45664
-104.9619      42.44753
-104.9594      42.43994
-104.9547      42.43722
-104.941       42.43677
-104.9377      42.43545
-104.9374      42.43114
-104.9491      42.42157
-104.9402      42.41086
-104.9328      42.40199
-104.9103      42.38915
-104.9058      42.38267
-104.9044      42.3754
-104.9083      42.36471
-104.9041      42.35731
-104.8865      42.34925
-104.8702      42.33152
-104.8664      42.33097
-104.8636      42.33406
-104.863       42.33958
-104.8673      42.35086
-104.866       42.35391
-104.8611      42.35729
-104.8547      42.35844
-104.8487      42.35729
-104.8285      42.3413
-104.8186      42.34541
-104.8041      42.336
-104.8033      42.33374
-104.8158      42.33557
-104.823       42.32844
-104.8208      42.32234
-104.8172      42.31949
-104.8071      42.32513
-104.793       42.32678
-104.7872      42.32622
-104.7861      42.32611
-104.7775      42.32252
-104.7742      42.3192
-104.7756      42.31206
-104.7708      42.30879
-104.7618      42.28094
-104.7562      42.26991
-104.7455      42.26205
-104.7224      42.25371
-104.7095      42.25348
-104.7022      42.25534
-104.6937      42.25358
-104.6896      42.25624
-104.683       42.25533
-104.6765      42.25441
-104.668       42.24515
-104.6633      42.24244
-104.6589      42.24355
-104.6513      42.25048
-104.6448      42.25071
-104.6305      42.24846
-104.6255      42.24267
-104.6138      42.24354
-104.5984      42.24219
-104.5709      42.23405
-104.5482      42.2228
-104.5327      42.21178
-104.4917      42.19681
-104.4817      42.19185
-104.4745      42.18651
-104.4736      42.18587
-104.4701      42.1807
-104.4698      42.17639
-104.4481      42.16941
-104.4326      42.15849
-104.4164      42.15559
-104.405       42.15069
-104.396       42.14389
-104.3891      42.14136
-104.3693      42.12964
-104.3612      42.12275
-104.3444      42.11284
-104.2868      42.09453
-104.2661      42.0853
-104.2454      42.07862
-104.2355      42.07251
-104.2162      42.0547
-104.2002      42.05564
-104.1876      42.05637
-104.1783      42.05437
-104.1475      42.03813
-104.1173      42.02943
-104.1066      42.02494
-104.0933      42.01275
-104.0843      42.00082
-104.0681      41.98968
-104.0654      41.98998
-104.0541      41.99121
-104.0422      41.99251
-104.0386      41.98941
-104.0541      41.98505
-104.055       41.98481
-104.0632      41.98434
-104.0726      41.98749
-104.0834      41.99475
-104.1023      42.01454
-104.111       42.02115
-104.1292      42.02884
-104.1435      42.03184
-104.178       42.04888
-104.1926      42.05255
-104.2192      42.05028
-104.2247      42.05254
-104.2281      42.05419
-104.2428      42.07022
-104.2434      42.0706
-104.2498      42.07504
-104.2882      42.0902
-104.3371      42.10523
-104.3643      42.11733
-104.3732      42.12791
-104.3856      42.13479
-104.3923      42.13851
-104.4167      42.14985
-104.433       42.15481
-104.4538      42.16873
-104.463       42.16988
-104.4722      42.17295
-104.4821      42.18751
-104.508       42.19819
-104.5223      42.20278
-104.5297      42.20516
-104.5487      42.21942
-104.5806      42.2342
-104.608       42.24007
-104.6258      42.2374
-104.6392      42.24495
-104.6466      42.24492
-104.6514      42.24315
-104.6573      42.23813
-104.6606      42.23801
-104.6819      42.24835
-104.6826      42.2487
-104.697       42.24705
-104.7117      42.25065
-104.7178      42.24883
-104.7255      42.24924
-104.7423      42.25552
-104.7622      42.26786
-104.7744      42.30271
-104.7811      42.31094
-104.7805      42.31623
-104.7851      42.3195
-104.7896      42.32038
-104.791       42.32066
-104.7943      42.31894
-104.7961      42.31406
-104.7991      42.31167
-104.8201      42.31274
-104.8282      42.31771
-104.8334      42.31706
-104.837       42.31968
-104.8405      42.32597
-104.8399      42.33195
-104.8335      42.33791
-104.8458      42.35006
-104.8548      42.35477
-104.8594      42.35437
-104.8625      42.35076
-104.8558      42.33824
-104.857       42.33338
-104.864       42.32648
-104.8692      42.32652
-104.8773      42.33149
-104.8907      42.34697
-104.907       42.35589
-104.9096      42.35733
-104.9131      42.36338
-104.9088      42.37661
-104.9101      42.38297
-104.92        42.39177
-104.9407      42.40314
-104.9458      42.4116
-104.9513      42.41524
-104.9542      42.41994
-104.9531      42.42335
-104.9426      42.43142
-104.9453      42.43276
-104.9511      42.43207
-104.9583      42.43325
-104.9644      42.43687
-104.9677      42.45033
-104.9553      42.4569
-104.9544      42.46271
-104.9569      42.46982
-104.9423      42.47778
-104.9432      42.48118
-104.9472      42.48149
-104.9675      42.475
-104.9703      42.47925
-104.9823      42.47834
-104.9901      42.48331
-104.9905      42.48536
-104.977       42.49183
-104.9678      42.49767
-104.9656      42.50119
-104.9694      42.50701
-104.9678      42.5105
-104.9687      42.51506
-104.9706      42.51696
-104.9734      42.51969
-104.9833      42.51955
-104.9837      42.52503
-104.9875      42.52672
-104.994       42.52624
-105           42.51554
-105.0047      42.51575
-105.0068      42.51889
-105.0123      42.54021
-105.0116      42.54276
-105           42.54601
-104.9918      42.54832
-104.9859      42.56161
-104.9881      42.57046
-104.9907      42.57265
-104.999       42.576
-105           42.57585
-105.0067      42.5748
-105.0115      42.57714
-105.0253      42.57546
-105.0294      42.56775
-105.0348      42.56497
-105.0441      42.56702
-105.0489      42.5702
-105.0512      42.57588
-105.0524      42.58353
-105.0496      42.59035
-105.0526      42.59299
-105.0819      42.60501
-105.0895      42.6099
-105.092       42.61484
-105.1076      42.62455
-105.1181      42.62736
-105.1231      42.63144
-105.1243      42.63238
-105.1354      42.6342
-105.1425      42.64258
-105.1544      42.64863
-105.1687      42.64508
-105.1823      42.64363
-105.2043      42.64368
-105.2201      42.6387
-105.2251      42.63896
-105.2351      42.64426
-105.2481      42.64327
-105.2542      42.64687
-105.2582      42.6472
-105.2671      42.64369
-105.2737      42.64572
-105.2756      42.64485
-105.2785      42.64346
-105.3022      42.64389
-105.3045      42.64654
-105.3023      42.65373
-105.3047      42.6573
-105.3121      42.65563
-105.3237      42.64874
-105.3426      42.64866
-105.3528      42.65713
-105.357       42.65769
-105.3767      42.65964
-105.3905      42.66136
-105.3957      42.66458
-105.3983      42.67364
-105.3977      42.67769
-105.3951      42.69692
-105.3996      42.70797
-105.3967      42.71374
-105.4008      42.72463
-105.399       42.72711
-105.4053      42.74211
-105.4061      42.76776
-105.4182      42.77184
-105.4241      42.77703
-105.4275      42.78461
-105.4276      42.79338
-105.4276      42.80335
-105.4243      42.80643
-105.4173      42.80809
-105.4154      42.81619
-105.4307      42.81739
-105.4395      42.82161
-105.4428      42.82766
-105.4405      42.83119
-105.4322      42.83291
-105.429       42.83511
-105.4289      42.8381
-105.4388      42.83943
-105.4551      42.83861
-105.4631      42.8408
-105.4713      42.84985
-105.4785      42.84657
-105.4863      42.84647
-105.4954      42.85044
-105.5249      42.83797
-105.5326      42.84085
-105.5413      42.84071
-105.5482      42.84455
-105.562       42.84648
-105.5686      42.84268
-105.5747      42.84158
-105.5803      42.84844
-105.5908      42.84731
-105.5956      42.84939
-105.6108      42.84851
-105.6223      42.85145
-105.6394      42.85185
-105.6501      42.85078
-105.6633      42.84944
-105.6761      42.85416
-105.6827      42.8541
-105.6843      42.8515
-105.6989      42.85086
-105.7107      42.85057
-105.7225      42.8466
-105.7468      42.83843
-105.7879      42.82973
-105.793       42.83133
-105.8005      42.83902
-105.8071      42.8401
-105.8141      42.8446
-105.8228      42.85619
-105.8478      42.86807
-105.8672      42.86902
-105.8833      42.87036
-105.8908      42.86823
-105.8988      42.86598
-105.9264      42.86403
-105.9336      42.86507
-105.9421      42.86927
-105.9506      42.87025
-105.9617      42.8647
-105.9721      42.86377
-105.9762      42.85984
-105.9802      42.85169
-105.9839      42.85128
-105.9924      42.85593
-106.0023      42.85478
-106.0064      42.85574
-106.0271      42.86695
-106.0388      42.8689
 1 
 1             53            
1
 -9999.0   ,   9990.0
   7
 5 
-107.9549      42.85245
-107.9509      42.84834
-107.9538      42.84378
-107.9592      42.84712
-107.9549      42.85245
 1 
 1             54            
1
 -9999.0   ,   9990.0
   7
 7 
-107.9517      42.82325
-107.9473      42.81779
-107.9491      42.81423
-107.9526      42.81262
-107.9584      42.81661
-107.9569      42.8197
-107.9517      42.82325
 1 
 1             55            
1
 -9999.0   ,   9990.0
   7
 13 
-103.3158      42.79245
-103.3048      42.78881
-103.2977      42.79125
-103.2905      42.78935
-103.284       42.78263
-103.2883      42.78116
-103.2937      42.78447
-103.2999      42.78456
-103.3111      42.77813
-103.3164      42.77847
-103.3278      42.78874
-103.3245      42.79156
-103.3158      42.79245
 1 
 1             56            
1
 -9999.0   ,   9990.0
   7
 12 
-105.6247      42.69523
-105.6159      42.70203
-105.617       42.70382
-105.6214      42.70431
-105.6228      42.70655
-105.6209      42.71007
-105.615       42.71376
-105.6105      42.71212
-105.6071      42.70058
-105.609       42.69751
-105.6215      42.694
-105.6247      42.69523
 1 
 1             57            
1
 -9999.0   ,   9990.0
   7
 9 
-104.9441      42.58472
-104.9317      42.56341
-104.9396      42.56013
-104.9481      42.56692
-104.9528      42.57179
-104.9604      42.588
-104.9549      42.59302
-104.9511      42.59293
-104.9441      42.58472
 1 
 1             58            
1
 -9999.0   ,   9990.0
   7
 27 
-106.7395      42.55273
-106.7296      42.54936
-106.7207      42.55052
-106.7208      42.54569
-106.7114      42.53816
-106.7175      42.53738
-106.7213      42.53443
-106.7192      42.52903
-106.7267      42.5291
-106.7373      42.53311
-106.7477      42.52865
-106.7491      42.52376
-106.7563      42.52475
-106.7588      42.52141
-106.7528      42.51438
-106.7541      42.51133
-106.7651      42.51326
-106.7736      42.51883
-106.7764      42.52344
-106.7742      42.5332
-106.77        42.53388
-106.7623      42.532
-106.7597      42.53696
-106.7553      42.53995
-106.7415      42.54138
-106.7421      42.55075
-106.7395      42.55273
 1 
 1             59            
1
 -9999.0   ,   9990.0
   7
 8 
-107.6825      42.53269
-107.6866      42.53381
-107.6899      42.53797
-107.6891      42.5417
-107.6831      42.54368
-107.6783      42.54282
-107.6819      42.53869
-107.6825      42.53269
 1 
 1             60            
1
 -9999.0   ,   9990.0
   7
 9 
-107.7112      42.5339
-107.7166      42.53493
-107.7159      42.53704
-107.7067      42.54106
-107.6997      42.54241
-107.6963      42.53918
-107.6969      42.53662
-107.6996      42.53553
-107.7112      42.5339
 1 
 1             61            
1
 -9999.0   ,   9990.0
   7
 169 
-107.0322      42.51809
-107.0294      42.51848
-107.0249      42.5224
-107.0111      42.5273
-107.0007      42.52904
-106.9986      42.53535
-107.0004      42.53823
-106.9923      42.53776
-106.9866      42.53395
-106.9733      42.53446
-106.9705      42.53737
-106.9668      42.53689
-106.95        42.52818
-106.9458      42.52015
-106.9365      42.51424
-106.9276      42.51474
-106.9202      42.51262
-106.9123      42.50525
-106.9052      42.50541
-106.9041      42.50341
-106.9062      42.50008
-106.8994      42.50045
-106.8981      42.4964
-106.9066      42.47574
-106.9059      42.4745
-106.9043      42.47173
-106.9073      42.46812
-106.904       42.46601
-106.906       42.46361
-106.9023      42.46083
-106.8908      42.461
-106.8848      42.46615
-106.8801      42.46526
-106.8803      42.47098
-106.8756      42.4733
-106.8735      42.4709
-106.8643      42.47186
-106.8617      42.47017
-106.854       42.47128
-106.8463      42.46849
-106.8504      42.46345
-106.864       42.45949
-106.8772      42.4583
-106.8763      42.4556
-106.8547      42.44669
-106.8522      42.44361
-106.8827      42.44515
-106.8855      42.44179
-106.8925      42.44094
-106.8939      42.43926
-106.8935      42.43894
-106.8875      42.43456
-106.8886      42.41775
-106.8869      42.41257
-106.8822      42.41236
-106.8768      42.41427
-106.8765      42.41062
-106.886       42.40046
-106.8852      42.39867
-106.8793      42.39853
-106.8784      42.39606
-106.8838      42.39392
-106.8841      42.3845
-106.8905      42.38346
-106.9003      42.37329
-106.8979      42.3562
-106.9004      42.34942
-106.9025      42.3493
-106.9048      42.3533
-106.9072      42.35317
-106.9083      42.35191
-106.9108      42.34907
-106.9143      42.34957
-106.9166      42.34186
-106.9202      42.34098
-106.9224      42.34682
-106.9277      42.34492
-106.9288      42.3428
-106.9264      42.33169
-106.9302      42.32597
-106.9265      42.31447
-106.9269      42.3055
-106.8955      42.27373
-106.9003      42.26934
-106.9018      42.26536
-106.8988      42.25681
-106.8941      42.24742
-106.9011      42.24337
-106.904       42.24435
-106.9142      42.28073
-106.9201      42.2811
-106.9263      42.28488
-106.9375      42.30353
-106.9473      42.3062
-106.9511      42.30944
-106.9498      42.318
-106.9471      42.31861
-106.9434      42.31353
-106.9417      42.315
-106.9406      42.32494
-106.9339      42.33517
-106.933       42.3483
-106.9259      42.35466
-106.9139      42.36106
-106.9073      42.36647
-106.9102      42.37067
-106.9179      42.37047
-106.9191      42.37271
-106.9159      42.37816
-106.9037      42.3887
-106.8957      42.39258
-106.8942      42.39611
-106.8949      42.4002
-106.9008      42.4001
-106.9041      42.40222
-106.9024      42.4069
-106.9053      42.40834
-106.9081      42.40774
-106.9193      42.39334
-106.9394      42.37456
-106.9438      42.37478
-106.9398      42.38097
-106.9447      42.38047
-106.9553      42.37506
-106.9563      42.37673
-106.9562      42.38143
-106.9587      42.38175
-106.964       42.38766
-106.9664      42.399
-106.9441      42.41813
-106.9573      42.41694
-106.9594      42.42188
-106.9568      42.42386
-106.9458      42.42538
-106.9342      42.4336
-106.936       42.44153
-106.9344      42.44713
-106.9269      42.45327
-106.9215      42.45426
-106.9267      42.45972
-106.9329      42.45868
-106.9453      42.45662
-106.9486      42.45873
-106.9475      42.46062
-106.9403      42.46309
-106.9355      42.46703
-106.9216      42.47146
-106.9195      42.47479
-106.9148      42.47712
-106.9155      42.48144
-106.9109      42.49431
-106.9261      42.50289
-106.9301      42.50312
-106.9367      42.50092
-106.9384      42.50519
-106.9443      42.50555
-106.9545      42.51141
-106.9596      42.51182
-106.9694      42.49888
-106.9742      42.49746
-106.9753      42.49879
-106.9688      42.51108
-106.9744      42.51421
-106.9799      42.51321
-106.9925      42.51549
-107.001       42.51318
-107.0238      42.51213
-107.0296      42.51388
-107.0322      42.51809
 1 
 1             62            
1
 -9999.0   ,   9990.0
   7
 10 
-107.1097      42.50246
-107.1131      42.50181
-107.1227      42.50218
-107.1254      42.50386
-107.1248      42.50711
-107.1199      42.51037
-107.1128      42.51147
-107.1096      42.51027
-107.1071      42.5072
-107.1097      42.50246
 1 
 1             63            
1
 -9999.0   ,   9990.0
   7
 8 
-107.1996      42.49547
-107.203       42.49826
-107.2031      42.50193
-107.1999      42.50694
-107.1966      42.5085
-107.194       42.50154
-107.1957      42.49639
-107.1996      42.49547
 1 
 1             64            
1
 -9999.0   ,   9990.0
   7
 19 
-106.2133      42.49316
-106.2097      42.49036
-106.1954      42.48738
-106.1946      42.4849
-106.1981      42.48266
-106.2022      42.47949
-106.2044      42.48351
-106.2092      42.48579
-106.2145      42.48577
-106.2174      42.4831
-106.2124      42.4799
-106.2116      42.47697
-106.2163      42.47765
-106.22        42.47471
-106.2235      42.47867
-106.2227      42.48331
-106.2265      42.48862
-106.2215      42.49161
-106.2133      42.49316
 1 
 1             65            
1
 -9999.0   ,   9990.0
   7
 6 
-107.4093      42.46596
-107.4135      42.47581
-107.4061      42.47671
-107.3922      42.47111
-107.394       42.46801
-107.4093      42.46596
 1 
 1             66            
1
 -9999.0   ,   9990.0
   7
 18 
-103.0786      42.46309
-103.0934      42.45225
-103.1019      42.45597
-103.1046      42.45317
-103.1137      42.45664
-103.1413      42.45995
-103.1483      42.4566
-103.1549      42.45806
-103.1519      42.46041
-103.152       42.46339
-103.1409      42.46477
-103.1328      42.46356
-103.1264      42.46622
-103.1189      42.46523
-103.115       42.46691
-103.0986      42.46771
-103.0846      42.46571
-103.0786      42.46309
 1 
 1             67            
1
 -9999.0   ,   9990.0
   7
 8 
-107.3798      42.45716
-107.3884      42.45917
-107.3921      42.4617
-107.3904      42.46387
-107.3778      42.46462
-107.3766      42.46194
-107.378       42.45772
-107.3798      42.45716
 1 
 1             68            
1
 -9999.0   ,   9990.0
   7
 8 
-102.0956      42.44262
-102.1018      42.44369
-102.1078      42.44934
-102.1066      42.45072
-102.084       42.45282
-102.0831      42.45009
-102.0848      42.44618
-102.0956      42.44262
 1 
 1             69            
1
 -9999.0   ,   9990.0
   7
 8 
-102.1188      42.44211
-102.1333      42.44308
-102.1349      42.44535
-102.1325      42.44767
-102.1272      42.44865
-102.1186      42.44715
-102.1157      42.44467
-102.1188      42.44211
 1 
 1             70            
1
 -9999.0   ,   9990.0
   7
 8 
-102.1575      42.43294
-102.1662      42.43421
-102.1731      42.43733
-102.1725      42.43962
-102.1567      42.44005
-102.152       42.43645
-102.1541      42.4339
-102.1575      42.43294
 1 
 1             71            
1
 -9999.0   ,   9990.0
   7
 9 
-102.1829      42.42233
-102.1919      42.42451
-102.1963      42.42788
-102.1939      42.43135
-102.1884      42.43188
-102.1858      42.42802
-102.1793      42.42878
-102.1777      42.42651
-102.1829      42.42233
 1 
 1             72            
1
 -9999.0   ,   9990.0
   7
 6 
-102.09        42.41453
-102.0974      42.4149
-102.1018      42.41851
-102.0877      42.42234
-102.0861      42.41962
-102.09        42.41453
 1 
 1             73            
1
 -9999.0   ,   9990.0
   7
 8 
-102.1192      42.40663
-102.1252      42.41068
-102.1231      42.41368
-102.1182      42.41511
-102.1126      42.41403
-102.1116      42.41153
-102.1137      42.40739
-102.1192      42.40663
 1 
 1             74            
1
 -9999.0   ,   9990.0
   7
 9 
-102.454       42.40325
-102.4581      42.40342
-102.4631      42.40655
-102.4647      42.4095
-102.463       42.41411
-102.4599      42.41392
-102.4539      42.41012
-102.4526      42.4074
-102.454       42.40325
 1 
 1             75            
1
 -9999.0   ,   9990.0
   7
 9 
-102.0992      42.3984
-102.1045      42.39972
-102.1052      42.40245
-102.1022      42.40523
-102.0957      42.40622
-102.091       42.40468
-102.0891      42.40241
-102.09        42.39989
-102.0992      42.3984
 1 
 1             76            
1
 -9999.0   ,   9990.0
   7
 7 
-102.0613      42.3707
-102.0653      42.37065
-102.0681      42.37428
-102.0642      42.37959
-102.0584      42.38011
-102.0565      42.37693
-102.0613      42.3707
 1 
 1             77            
1
 -9999.0   ,   9990.0
   7
 8 
-102.0622      42.35398
-102.0662      42.35622
-102.0647      42.35784
-102.0571      42.36159
-102.0512      42.36235
-102.0493      42.35984
-102.0535      42.35454
-102.0622      42.35398
 1 
 1             78            
1
 -9999.0   ,   9990.0
   7
 8 
-102.4506      42.3557
-102.4599      42.34732
-102.4694      42.34626
-102.4729      42.34735
-102.4699      42.35015
-102.4649      42.35114
-102.4617      42.3553
-102.4506      42.3557
 1 
 1             79            
1
 -9999.0   ,   9990.0
   7
 8 
-102.4912      42.32876
-102.4956      42.33213
-102.4966      42.33578
-102.4926      42.33744
-102.4809      42.33671
-102.4771      42.33356
-102.481       42.32984
-102.4912      42.32876
 1 
 1             80            
1
 -9999.0   ,   9990.0
   7
 16 
-102.4777      42.30128
-102.4802      42.30215
-102.4845      42.31101
-102.4833      42.314
-102.4779      42.31661
-102.4764      42.32006
-102.4818      42.32548
-102.4779      42.32782
-102.4711      42.32884
-102.4674      42.32706
-102.4648      42.32275
-102.4677      42.31882
-102.4684      42.3108
-102.4718      42.30846
-102.4723      42.30456
-102.4777      42.30128
 1 
 1             81            
1
 -9999.0   ,   9990.0
   7
 9 
-102.0416      42.29952
-102.0505      42.30148
-102.0544      42.30624
-102.052       42.3097
-102.047       42.31044
-102.0424      42.30935
-102.0367      42.30484
-102.0388      42.30092
-102.0416      42.29952
 1 
 1             82            
1
 -9999.0   ,   9990.0
   7
 8 
-102.495       42.29117
-102.5047      42.29423
-102.5094      42.29735
-102.5088      42.29943
-102.4927      42.29693
-102.489       42.29424
-102.4904      42.29215
-102.495       42.29117
 1 
 1             83            
1
 -9999.0   ,   9990.0
   7
 7 
-102.4857      42.27804
-102.4874      42.2819
-102.4861      42.29085
-102.4799      42.29095
-102.4754      42.28438
-102.4775      42.28045
-102.4857      42.27804
 1 
 1             84            
1
 -9999.0   ,   9990.0
   7
 9 
-102.2449      42.25217
-102.249       42.25464
-102.2554      42.25455
-102.2567      42.25637
-102.2543      42.25823
-102.2479      42.25923
-102.2404      42.25498
-102.2421      42.25267
-102.2449      42.25217
 1 
 1             85            
1
 -9999.0   ,   9990.0
   7
 10 
-102.6052      42.24067
-102.6099      42.24402
-102.6164      42.24575
-102.625       42.25339
-102.6238      42.25432
-102.6061      42.25141
-102.5986      42.24855
-102.5957      42.24425
-102.5978      42.2417
-102.6052      42.24067
 1 
 1             86            
1
 -9999.0   ,   9990.0
   7
 11 
-102.64        42.25153
-102.6383      42.24699
-102.6403      42.24192
-102.6513      42.23624
-102.6558      42.23525
-102.6593      42.23611
-102.6621      42.2388
-102.6606      42.2402
-102.652       42.24195
-102.6451      42.24573
-102.64        42.25153
 1 
 1             87            
1
 -9999.0   ,   9990.0
   7
 10 
-102.4824      42.21469
-102.4929      42.21659
-102.4936      42.21955
-102.4903      42.22212
-102.4841      42.22153
-102.4754      42.22762
-102.4711      42.22814
-102.4698      42.2261
-102.471       42.22402
-102.4824      42.21469
 1 
 1             88            
1
 -9999.0   ,   9990.0
   7
 9 
-102.6434      42.22035
-102.6484      42.2221
-102.6545      42.22062
-102.657       42.2231
-102.6549      42.22611
-102.6476      42.22714
-102.6426      42.22563
-102.6407      42.22314
-102.6434      42.22035
 1 
 1             89            
1
 -9999.0   ,   9990.0
   7
 7 
-102.6066      42.21684
-102.6112      42.22478
-102.6087      42.22619
-102.6001      42.22542
-102.5975      42.22248
-102.6021      42.22172
-102.6066      42.21684
 1 
 1             90            
1
 -9999.0   ,   9990.0
   7
 8 
-102.6189      42.20634
-102.6207      42.2031
-102.6314      42.2027
-102.6339      42.20426
-102.634       42.20723
-102.6305      42.21209
-102.6271      42.21261
-102.6189      42.20634
 1 
 1             91            
1
 -9999.0   ,   9990.0
   7
 9 
-102.5832      42.19548
-102.5946      42.19575
-102.5968      42.19755
-102.5966      42.2003
-102.5907      42.20154
-102.5881      42.20616
-102.5829      42.20876
-102.5813      42.20352
-102.5832      42.19548
 1 
 1             92            
1
 -9999.0   ,   9990.0
   7
 8 
-102.7726      42.18744
-102.7757      42.1883
-102.7808      42.19347
-102.7775      42.1965
-102.7682      42.19484
-102.7669      42.19235
-102.7681      42.19026
-102.7726      42.18744
 1 
 1             93            
1
 -9999.0   ,   9990.0
   7
 8 
-102.4274      42.18691
-102.4297      42.19192
-102.4276      42.19469
-102.4225      42.19637
-102.4181      42.19506
-102.4162      42.19234
-102.4173      42.18935
-102.4274      42.18691
 1 
 1             94            
1
 -9999.0   ,   9990.0
   7
 10 
-102.246       42.17
-102.2584      42.17304
-102.2606      42.17598
-102.2585      42.17876
-102.2511      42.17749
-102.245       42.17986
-102.2422      42.17921
-102.2409      42.17533
-102.2426      42.1705
-102.246       42.17
 1 
 1             95            
1
 -9999.0   ,   9990.0
   7
 9 
-102.3485      42.17135
-102.3596      42.17142
-102.3658      42.17408
-102.365       42.17661
-102.3604      42.17896
-102.3563      42.1749
-102.3472      42.17869
-102.3459      42.17596
-102.3485      42.17135
 1 
 1             96            
1
 -9999.0   ,   9990.0
   7
 8 
-107.4587      42.16524
-107.4613      42.16578
-107.4639      42.16975
-107.4623      42.17535
-107.4552      42.17533
-107.4527      42.17249
-107.4527      42.16927
-107.4587      42.16524
 1 
 1             97            
1
 -9999.0   ,   9990.0
   7
 23 
-104.8156      42.1239
-104.809       42.13124
-104.7993      42.1371
-104.7939      42.1453
-104.7861      42.15292
-104.7828      42.15418
-104.7662      42.15364
-104.7564      42.16521
-104.7537      42.16577
-104.7377      42.16176
-104.732       42.16311
-104.7193      42.17272
-104.7096      42.16918
-104.7067      42.16721
-104.7142      42.15504
-104.7221      42.14834
-104.7444      42.14136
-104.7665      42.13943
-104.7731      42.1369
-104.788       42.12559
-104.7986      42.12681
-104.8092      42.12368
-104.8156      42.1239
 1 
 1             98            
1
 -9999.0   ,   9990.0
   7
 8 
-107.3855      42.16183
-107.3906      42.16313
-107.3957      42.16765
-107.3933      42.17124
-107.3879      42.17271
-107.3839      42.16995
-107.3826      42.16614
-107.3855      42.16183
 1 
 1             99            
1
 -9999.0   ,   9990.0
   7
 8 
-107.4608      42.14698
-107.4665      42.15122
-107.4666      42.16109
-107.4593      42.15924
-107.453       42.15526
-107.4517      42.15143
-107.4531      42.1479
-107.4608      42.14698
 1 
 1             100           
1
 -9999.0   ,   9990.0
   7
 6 
-102.2704      42.14748
-102.2735      42.15064
-102.2714      42.15341
-102.2598      42.15517
-102.2642      42.14802
-102.2704      42.14748
 1 
 1             101           
1
 -9999.0   ,   9990.0
   7
 7 
-102.3504      42.137
-102.3578      42.14993
-102.3567      42.15361
-102.3539      42.15274
-102.3516      42.14934
-102.348       42.13817
-102.3504      42.137
 1 
 1             102           
1
 -9999.0   ,   9990.0
   7
 201 
-106.8908      42.1462
-106.8767      42.14399
-106.8758      42.14129
-106.8782      42.13748
-106.8701      42.13402
-106.8738      42.13039
-106.8711      42.12847
-106.8588      42.12868
-106.8525      42.12399
-106.8389      42.12702
-106.8377      42.12433
-106.8453      42.12025
-106.8408      42.11797
-106.839       42.10958
-106.833       42.10486
-106.8287      42.1051
-106.8272      42.1022
-106.8129      42.10114
-106.8106      42.09966
-106.8138      42.09811
-106.8328      42.09661
-106.835       42.0949
-106.8357      42.09439
-106.8698      42.09045
-106.8518      42.0802
-106.8346      42.08091
-106.832       42.07945
-106.8325      42.07782
-106.8432      42.07678
-106.8392      42.07148
-106.8444      42.06753
-106.8369      42.06634
-106.8348      42.06117
-106.8178      42.06302
-106.8046      42.05778
-106.8068      42.05535
-106.8135      42.05453
-106.8159      42.05203
-106.813       42.0486
-106.8083      42.0484
-106.7973      42.05244
-106.7872      42.04955
-106.7813      42.04941
-106.7681      42.05632
-106.767       42.05431
-106.7714      42.04903
-106.769       42.04663
-106.7754      42.0394
-106.7743      42.03763
-106.7693      42.03675
-106.7621      42.03255
-106.7465      42.03385
-106.7468      42.03041
-106.7394      42.02369
-106.7323      42.02361
-106.7274      42.02663
-106.7227      42.02597
-106.7201      42.02152
-106.7235      42.01216
-106.7224      42.00992
-106.7177      42.00994
-106.7111      42.01398
-106.7071      42.01442
-106.7008      42.00925
-106.7074      42.0082
-106.7162      42.00315
-106.7211      42.00357
-106.7272      42.00645
-106.7289      42.02022
-106.729       42.02104
-106.7354      42.0145
-106.7387      42.01684
-106.7446      42.01744
-106.7499      42.02128
-106.7582      42.0245
-106.7689      42.02324
-106.7706      42.03072
-106.779       42.0321
-106.7874      42.03646
-106.7946      42.03744
-106.8034      42.03582
-106.8095      42.03227
-106.8179      42.03319
-106.819       42.03818
-106.8317      42.04849
-106.8369      42.05073
-106.842       42.04954
-106.8429      42.0465
-106.839       42.0349
-106.8368      42.02848
-106.8387      42.02585
-106.8472      42.02402
-106.85        42.02202
-106.8492      42.02023
-106.8403      42.01958
-106.8346      42.01576
-106.8323      42.01039
-106.8396      41.9852
-106.8435      41.98086
-106.8473      41.97927
-106.8545      41.9798
-106.8582      41.97752
-106.8453      41.97135
-106.8409      41.96678
-106.837       41.95828
-106.8287      41.95597
-106.8319      41.95098
-106.8281      41.94638
-106.8325      41.9443
-106.8385      41.95245
-106.8406      41.95165
-106.8415      41.94472
-106.8446      41.93927
-106.8501      41.93553
-106.8635      41.93112
-106.874       41.92274
-106.8944      41.91748
-106.9013      41.9132
-106.9033      41.9179
-106.8973      41.92466
-106.8689      41.93587
-106.8607      41.93701
-106.848       41.94275
-106.8463      41.94744
-106.8488      41.95232
-106.8498      41.95436
-106.8435      41.96228
-106.8457      41.96605
-106.8635      41.97471
-106.8653      41.97736
-106.8649      41.98221
-106.8617      41.98468
-106.8508      41.98574
-106.8464      41.98827
-106.8396      42.00975
-106.8423      42.01534
-106.846       42.01582
-106.8451      42.00968
-106.8475      42.00587
-106.8547      42.00342
-106.8549      42.01212
-106.8588      42.0142
-106.8666      42.01469
-106.8702      42.01702
-106.8687      42.01892
-106.8653      42.02348
-106.8761      42.02403
-106.8742      42.02666
-106.8661      42.02848
-106.858       42.03741
-106.8614      42.04044
-106.867       42.04059
-106.8613      42.05513
-106.8542      42.0608
-106.8557      42.06989
-106.8587      42.06927
-106.8656      42.06384
-106.8713      42.0626
-106.8778      42.06615
-106.8827      42.06519
-106.8882      42.05892
-106.8928      42.05844
-106.9007      42.05135
-106.9043      42.05092
-106.9052      42.05339
-106.9037      42.05606
-106.901       42.06097
-106.9032      42.0613
-106.9291      42.05229
-106.9469      42.05107
-106.9421      42.05615
-106.9224      42.05886
-106.9058      42.06944
-106.9043      42.06942
-106.8924      42.07315
-106.881       42.07331
-106.8788      42.07596
-106.8832      42.08857
-106.8796      42.09267
-106.8781      42.09963
-106.876       42.09975
-106.868       42.09445
-106.8618      42.10305
-106.8627      42.10576
-106.8777      42.10447
-106.8789      42.11037
-106.8674      42.11122
-106.8553      42.11213
-106.8556      42.11532
-106.8664      42.11496
-106.8659      42.11957
-106.8716      42.12133
-106.8871      42.12208
-106.8868      42.1253
-106.8927      42.12865
-106.89        42.13247
-106.8909      42.13495
-106.8985      42.13452
-106.889       42.14079
-106.8914      42.1434
-106.8908      42.1462
 1 
 1             103           
1
 -9999.0   ,   9990.0
   7
 8 
-102.5832      42.13323
-102.589       42.13428
-102.591       42.13653
-102.5911      42.14065
-102.5884      42.14367
-102.5835      42.14284
-102.5815      42.13761
-102.5832      42.13323
 1 
 1             104           
1
 -9999.0   ,   9990.0
   7
 7 
-102.3092      42.12728
-102.3087      42.13231
-102.3043      42.13901
-102.2991      42.13977
-102.2972      42.1375
-102.3034      42.12849
-102.3092      42.12728
 1 
 1             105           
1
 -9999.0   ,   9990.0
   7
 8 
-105.0044      42.13725
-105           42.13742
-104.9924      42.13771
-104.9901      42.13528
-104.992       42.13222
-104.9982      42.13222
-105           42.1337
-105.0044      42.13725
 1 
 1             106           
1
 -9999.0   ,   9990.0
   7
 15 
-107.4794      42.12611
-107.4674      42.12316
-107.4661      42.11705
-107.4715      42.11259
-107.4758      42.1121
-107.4787      42.1133
-107.4795      42.1183
-107.4829      42.12062
-107.487       42.12174
-107.4915      42.12079
-107.492       42.12489
-107.4872      42.12908
-107.4842      42.12973
-107.482       42.12665
-107.4794      42.12611
 1 
 1             107           
1
 -9999.0   ,   9990.0
   7
 15 
-107.405       42.11776
-107.4056      42.11931
-107.4015      42.12438
-107.3976      42.12553
-107.3967      42.12237
-107.3934      42.1205
-107.3891      42.12099
-107.3871      42.12008
-107.3797      42.11673
-107.3767      42.11209
-107.3779      42.1088
-107.3813      42.10883
-107.3914      42.11351
-107.4039      42.11505
-107.405       42.11776
 1 
 1             108           
1
 -9999.0   ,   9990.0
   7
 9 
-102.3514      42.10265
-102.3541      42.1033
-102.3539      42.10628
-102.3442      42.11282
-102.3429      42.12062
-102.3346      42.11891
-102.3314      42.11529
-102.3358      42.10905
-102.3514      42.10265
 1 
 1             109           
1
 -9999.0   ,   9990.0
   7
 6 
-102.6439      42.10751
-102.6601      42.11502
-102.6427      42.11966
-102.6411      42.11602
-102.6415      42.10778
-102.6439      42.10751
 1 
 1             110           
1
 -9999.0   ,   9990.0
   7
 8 
-102.2621      42.10022
-102.2656      42.10155
-102.2544      42.10993
-102.2482      42.11093
-102.247       42.10797
-102.2487      42.10566
-102.2564      42.10396
-102.2621      42.10022
 1 
 1             111           
1
 -9999.0   ,   9990.0
   7
 7 
-107.3274      42.10354
-107.3342      42.1036
-107.3401      42.10715
-107.337       42.11008
-107.3293      42.11008
-107.3258      42.10616
-107.3274      42.10354
 1 
 1             112           
1
 -9999.0   ,   9990.0
   7
 7 
-107.3618      42.10242
-107.3543      42.10103
-107.3526      42.09424
-107.3599      42.09357
-107.3644      42.09537
-107.3658      42.0992
-107.3618      42.10242
 1 
 1             113           
1
 -9999.0   ,   9990.0
   7
 7 
-102.4861      42.09471
-102.4905      42.09762
-102.4866      42.10043
-102.478       42.10056
-102.4736      42.0988
-102.4772      42.09531
-102.4861      42.09471
 1 
 1             114           
1
 -9999.0   ,   9990.0
   7
 7 
-103.2929      42.08715
-103.2985      42.08839
-103.3032      42.09241
-103.304       42.09582
-103.3009      42.09589
-103.2965      42.09347
-103.2929      42.08715
 1 
 1             115           
1
 -9999.0   ,   9990.0
   7
 7 
-102.2725      42.08315
-102.2765      42.08584
-102.276       42.08882
-102.2616      42.08924
-102.26        42.08789
-102.2648      42.08462
-102.2725      42.08315
 1 
 1             116           
1
 -9999.0   ,   9990.0
   7
 7 
-102.4245      42.08076
-102.4289      42.0807
-102.4342      42.08406
-102.434       42.08772
-102.4213      42.08699
-102.4198      42.08587
-102.4245      42.08076
 1 
 1             117           
1
 -9999.0   ,   9990.0
   7
 8 
-102.1685      42.07832
-102.1737      42.07848
-102.1849      42.08245
-102.1837      42.08476
-102.1757      42.08646
-102.1689      42.08541
-102.1664      42.08155
-102.1685      42.07832
 1 
 1             118           
1
 -9999.0   ,   9990.0
   7
 8 
-105.9834      42.07104
-105.9895      42.07442
-105.9907      42.07735
-105.9877      42.08161
-105.9818      42.08212
-105.9748      42.0758
-105.9788      42.07171
-105.9834      42.07104
 1 
 1             119           
1
 -9999.0   ,   9990.0
   7
 7 
-102.1681      42.06391
-102.1694      42.06595
-102.1683      42.06917
-102.1566      42.0716
-102.1557      42.06909
-102.1572      42.0677
-102.1681      42.06391
 1 
 1             120           
1
 -9999.0   ,   9990.0
   7
 8 
-102.7684      42.04882
-102.7727      42.05011
-102.7734      42.05262
-102.7674      42.05753
-102.7628      42.05784
-102.7615      42.05398
-102.7632      42.0496
-102.7684      42.04882
 1 
 1             121           
1
 -9999.0   ,   9990.0
   7
 7 
-102.7215      42.02287
-102.7265      42.0253
-102.7226      42.02857
-102.7115      42.02922
-102.7099      42.02742
-102.7141      42.02346
-102.7215      42.02287
 1 
 1             122           
1
 -9999.0   ,   9990.0
   7
 10 
-102.4477      42.01634
-102.4524      42.01948
-102.4473      42.02505
-102.4446      42.02577
-102.4239      42.02357
-102.422       42.02153
-102.4253      42.01874
-102.4352      42.01928
-102.4406      42.01691
-102.4477      42.01634
 1 
 1             123           
1
 -9999.0   ,   9990.0
   7
 7 
-102.4722      42.0162
-102.4818      42.0172
-102.4868      42.02261
-102.4832      42.02404
-102.4736      42.0203
-102.4704      42.01737
-102.4722      42.0162
 1 
 1             124           
1
 -9999.0   ,   9990.0
   7
 9 
-102.5882      42.0027
-102.5987      42.0039
-102.6027      42.00567
-102.6022      42.00773
-102.5976      42.00964
-102.5924      42.00949
-102.5856      42.00686
-102.5836      42.00415
-102.5882      42.0027
 1 
 1             125           
1
 -9999.0   ,   9990.0
   7
 10 
-105.0517      42.00003
-105.048       42.00293
-105.0404      42.00505
-105.034       42.00484
-105.0316      42.00218
-105.0323      41.99895
-105.0349      41.99702
-105.0475      41.99585
-105.0503      41.99688
-105.0517      42.00003
 1 
 1             126           
1
 -9999.0   ,   9990.0
   7
 8 
-107.2489      41.99134
-107.2644      41.99227
-107.2717      41.99459
-107.2717      41.99689
-107.2586      42.0011
-107.2536      42.0007
-107.248       41.99415
-107.2489      41.99134
 1 
 1             127           
1
 -9999.0   ,   9990.0
   7
 7 
-103.6392      41.9897
-103.6221      41.99861
-103.599       41.98432
-103.6045      41.98303
-103.6122      41.98535
-103.6329      41.9862
-103.6392      41.9897
 1 
 1             128           
1
 -9999.0   ,   9990.0
   7
 9 
-107.9536      41.99278
-107.9547      41.98696
-107.9588      41.98486
-107.9629      41.98551
-107.966       41.98852
-107.9657      41.99107
-107.9609      41.9946
-107.9562      41.99444
-107.9536      41.99278
 1 
 1             129           
1
 -9999.0   ,   9990.0
   7
 8 
-102.6728      41.98892
-102.6793      41.99041
-102.6803      41.99177
-102.6779      41.99365
-102.6649      41.99272
-102.663       41.99069
-102.6651      41.98929
-102.6728      41.98892
 1 
 1             130           
1
 -9999.0   ,   9990.0
   7
 7 
-102.4198      41.98751
-102.4132      41.99169
-102.395       41.986
-102.3934      41.98442
-102.3989      41.98297
-102.409       41.98374
-102.4198      41.98751
 1 
 1             131           
1
 -9999.0   ,   9990.0
   7
 7 
-102.2468      41.97685
-102.2521      41.97815
-102.2578      41.9838
-102.2578      41.98746
-102.2486      41.98621
-102.2454      41.97985
-102.2468      41.97685
 1 
 1             132           
1
 -9999.0   ,   9990.0
   7
 9 
-102.4111      41.98279
-102.4113      41.98138
-102.4138      41.97983
-102.4242      41.9816
-102.4285      41.98325
-102.4287      41.98527
-102.4244      41.98675
-102.4209      41.98649
-102.4111      41.98279
 1 
 1             133           
1
 -9999.0   ,   9990.0
   7
 10 
-102.4771      41.9715
-102.4855      41.97389
-102.4893      41.9775
-102.4893      41.98024
-102.4846      41.98535
-102.4803      41.9861
-102.471       41.98441
-102.4666      41.97967
-102.4719      41.97181
-102.4771      41.9715
 1 
 1             134           
1
 -9999.0   ,   9990.0
   7
 10 
-102.2181      41.96853
-102.2215      41.96849
-102.2246      41.97097
-102.23        41.97982
-102.2273      41.98237
-102.2234      41.98219
-102.2215      41.98062
-102.222       41.97535
-102.2163      41.96947
-102.2181      41.96853
 1 
 1             135           
1
 -9999.0   ,   9990.0
   7
 7 
-102.6683      41.9739
-102.6733      41.97404
-102.6817      41.97825
-102.6802      41.98102
-102.671       41.97912
-102.6669      41.97553
-102.6683      41.9739
 1 
 1             136           
1
 -9999.0   ,   9990.0
   7
 7 
-103.5868      41.97959
-103.576       41.97254
-103.5726      41.96507
-103.5762      41.96269
-103.582       41.96804
-103.5863      41.97526
-103.5868      41.97959
 1 
 1             137           
1
 -9999.0   ,   9990.0
   7
 10 
-102.5539      41.96298
-102.5595      41.96563
-102.569       41.96571
-102.5743      41.9686
-102.5738      41.97089
-102.5661      41.9717
-102.5516      41.96873
-102.5497      41.96625
-102.5512      41.96371
-102.5539      41.96298
 1 
 1             138           
1
 -9999.0   ,   9990.0
   7
 10 
-107.2311      41.96301
-107.2255      41.95324
-107.2267      41.95041
-107.231       41.94971
-107.237       41.95693
-107.238       41.96353
-107.2362      41.96707
-107.2316      41.9701
-107.2295      41.96815
-107.2311      41.96301
 1 
 1             139           
1
 -9999.0   ,   9990.0
   7
 7 
-102.0897      41.95914
-102.1035      41.96172
-102.1076      41.96374
-102.1046      41.96651
-102.0889      41.96533
-102.0861      41.9617
-102.0897      41.95914
 1 
 1             140           
1
 -9999.0   ,   9990.0
   7
 9 
-102.7051      41.95381
-102.7101      41.9551
-102.7129      41.9578
-102.7137      41.9619
-102.7073      41.96384
-102.7039      41.96184
-102.6997      41.95688
-102.7015      41.95456
-102.7051      41.95381
 1 
 1             141           
1
 -9999.0   ,   9990.0
   7
 8 
-103.5287      41.95129
-103.5342      41.95711
-103.5341      41.96077
-103.5314      41.9629
-103.5283      41.96252
-103.5243      41.95529
-103.5245      41.95185
-103.5287      41.95129
 1 
 1             142           
1
 -9999.0   ,   9990.0
   7
 8 
-102.6346      41.9525
-102.6389      41.95357
-102.6315      41.96194
-102.6259      41.96157
-102.6237      41.9584
-102.6245      41.95587
-102.6294      41.95556
-102.6346      41.9525
 1 
 1             143           
1
 -9999.0   ,   9990.0
   7
 9 
-102.4531      41.94715
-102.4579      41.95189
-102.4516      41.95678
-102.4458      41.95802
-102.4399      41.95491
-102.4373      41.95151
-102.4415      41.94756
-102.448       41.94929
-102.4531      41.94715
 1 
 1             144           
1
 -9999.0   ,   9990.0
   7
 7 
-102.1437      41.94819
-102.1459      41.95091
-102.1442      41.95368
-102.1264      41.95344
-102.123       41.95211
-102.126       41.94932
-102.1437      41.94819
 1 
 1             145           
1
 -9999.0   ,   9990.0
   7
 10 
-102.5523      41.93989
-102.5588      41.94115
-102.5632      41.94475
-102.5626      41.94728
-102.559       41.94939
-102.5532      41.9504
-102.5485      41.94795
-102.5466      41.94387
-102.5486      41.94018
-102.5523      41.93989
 1 
 1             146           
1
 -9999.0   ,   9990.0
   7
 16 
-103.4954      41.91869
-103.5072      41.92206
-103.5166      41.93374
-103.5158      41.9365
-103.5079      41.93189
-103.5062      41.93353
-103.508       41.9399
-103.5035      41.94207
-103.5058      41.94499
-103.5019      41.94806
-103.4864      41.94524
-103.4823      41.9419
-103.4813      41.93277
-103.4845      41.92994
-103.4873      41.9237
-103.4954      41.91869
 1 
 1             147           
1
 -9999.0   ,   9990.0
   7
 7 
-104.6602      41.93545
-104.6608      41.93955
-104.658       41.944
-104.6494      41.94475
-104.6477      41.94253
-104.6489      41.94088
-104.6602      41.93545
 1 
 1             148           
1
 -9999.0   ,   9990.0
   7
 9 
-102.6902      41.93782
-102.6958      41.94047
-102.7029      41.93943
-102.7033      41.94354
-102.6987      41.94432
-102.6854      41.94179
-102.6835      41.93977
-102.685       41.93837
-102.6902      41.93782
 1 
 1             149           
1
 -9999.0   ,   9990.0
   7
 7 
-102.4471      41.91681
-102.4493      41.91723
-102.4531      41.92312
-102.4539      41.92884
-102.4502      41.92935
-102.4444      41.92051
-102.4471      41.91681
 1 
 1             150           
1
 -9999.0   ,   9990.0
   7
 9 
-102.352       41.91385
-102.3569      41.91493
-102.357       41.91904
-102.3609      41.92471
-102.3578      41.92635
-102.3492      41.92465
-102.347       41.92056
-102.349       41.91595
-102.352       41.91385
 1 
 1             151           
1
 -9999.0   ,   9990.0
   7
 9 
-102.0621      41.9153
-102.0643      41.91848
-102.0701      41.9191
-102.0735      41.92157
-102.0733      41.92432
-102.0703      41.9255
-102.0577      41.92565
-102.0572      41.9181
-102.0621      41.9153
 1 
 1             152           
1
 -9999.0   ,   9990.0
   7
 10 
-102.4318      41.90834
-102.4347      41.91104
-102.4336      41.91472
-102.43        41.91797
-102.4242      41.91967
-102.4221      41.92244
-102.4169      41.92344
-102.4138      41.91936
-102.4158      41.91659
-102.4318      41.90834
 1 
 1             153           
1
 -9999.0   ,   9990.0
   7
 10 
-102.5056      41.91545
-102.5102      41.91675
-102.5194      41.91638
-102.5219      41.91771
-102.522       41.92091
-102.519       41.92279
-102.5129      41.92335
-102.5067      41.92184
-102.5029      41.91869
-102.5056      41.91545
 1 
 1             154           
1
 -9999.0   ,   9990.0
   7
 9 
-102.5787      41.91017
-102.5815      41.91219
-102.5813      41.91562
-102.5784      41.91887
-102.5732      41.92101
-102.5637      41.92208
-102.5603      41.91916
-102.5741      41.91047
-102.5787      41.91017
 1 
 1             155           
1
 -9999.0   ,   9990.0
   7
 22 
-105.6725      41.85626
-105.6763      41.85792
-105.6822      41.87026
-105.6829      41.87561
-105.684       41.88485
-105.677       41.89685
-105.6761      41.9017
-105.6683      41.90388
-105.6599      41.91434
-105.6497      41.91685
-105.6447      41.91501
-105.6511      41.90717
-105.6516      41.89798
-105.6582      41.89242
-105.6601      41.88591
-105.6595      41.87723
-105.6659      41.87305
-105.6668      41.86957
-105.6641      41.86672
-105.6647      41.8621
-105.6686      41.85735
-105.6725      41.85626
 1 
 1             156           
1
 -9999.0   ,   9990.0
   7
 11 
-106.0908      41.89398
-106.0931      41.89547
-106.0855      41.9073
-106.0738      41.9136
-106.0671      41.91461
-106.0654      41.91194
-106.0667      41.90935
-106.0794      41.90072
-106.0783      41.89779
-106.0799      41.89611
-106.0908      41.89398
 1 
 1             157           
1
 -9999.0   ,   9990.0
   7
 10 
-102.7036      41.89457
-102.7097      41.90384
-102.716       41.90831
-102.7164      41.91242
-102.7146      41.91359
-102.71        41.91276
-102.7077      41.90754
-102.7027      41.90442
-102.7001      41.90012
-102.7036      41.89457
 1 
 1             158           
1
 -9999.0   ,   9990.0
   7
 7 
-102.8183      41.89755
-102.8197      41.90141
-102.818       41.90808
-102.8159      41.90926
-102.8095      41.90068
-102.8113      41.8979
-102.8183      41.89755
 1 
 1             159           
1
 -9999.0   ,   9990.0
   7
 7 
-102.7298      41.89868
-102.7337      41.89861
-102.7382      41.90334
-102.7367      41.90611
-102.7267      41.90835
-102.7256      41.90288
-102.7298      41.89868
 1 
 1             160           
1
 -9999.0   ,   9990.0
   7
 9 
-102.228       41.89541
-102.2336      41.89671
-102.2358      41.89965
-102.2353      41.90354
-102.2289      41.90752
-102.2261      41.90642
-102.2279      41.90318
-102.2247      41.89774
-102.228       41.89541
 1 
 1             161           
1
 -9999.0   ,   9990.0
   7
 49 
-105.6494      41.82749
-105.6403      41.84049
-105.6351      41.84072
-105.6312      41.84983
-105.6237      41.8591
-105.6157      41.85944
-105.6058      41.87386
-105.6048      41.88124
-105.596       41.89721
-105.5893      41.90163
-105.5832      41.90212
-105.581       41.89832
-105.5821      41.89278
-105.5761      41.88983
-105.5775      41.88518
-105.5805      41.88322
-105.5768      41.87948
-105.5796      41.87615
-105.5838      41.87505
-105.5839      41.87184
-105.5812      41.86898
-105.589       41.86314
-105.5878      41.86005
-105.586       41.85548
-105.5936      41.85148
-105.6007      41.85163
-105.6048      41.85007
-105.6069      41.8454
-105.6057      41.84133
-105.6082      41.83869
-105.6134      41.83778
-105.6157      41.83149
-105.631       41.82784
-105.6345      41.82218
-105.6351      41.81047
-105.6406      41.80542
-105.641       41.79142
-105.6455      41.78641
-105.6548      41.78348
-105.6584      41.77965
-105.67        41.77845
-105.6738      41.77667
-105.6757      41.77751
-105.6732      41.78014
-105.6648      41.78235
-105.6627      41.78702
-105.6534      41.78972
-105.6538      41.81721
-105.6494      41.82749
 1 
 1             162           
1
 -9999.0   ,   9990.0
   7
 7 
-102.5005      41.88784
-102.5022      41.89285
-102.4996      41.89907
-102.496       41.90027
-102.4936      41.89161
-102.4954      41.88952
-102.5005      41.88784
 1 
 1             163           
1
 -9999.0   ,   9990.0
   7
 7 
-102.3653      41.89399
-102.3717      41.89457
-102.3761      41.89772
-102.3762      41.90023
-102.3627      41.89997
-102.3611      41.8977
-102.3653      41.89399
 1 
 1             164           
1
 -9999.0   ,   9990.0
   7
 9 
-102.5143      41.88717
-102.5196      41.88938
-102.5229      41.88703
-102.525       41.88791
-102.5281      41.89679
-102.5269      41.89933
-102.5154      41.89516
-102.5122      41.88995
-102.5143      41.88717
 1 
 1             165           
1
 -9999.0   ,   9990.0
   7
 8 
-104.2898      41.89791
-104.2858      41.89758
-104.277       41.88939
-104.2778      41.88593
-104.2819      41.8835
-104.288       41.88239
-104.2916      41.8919
-104.2898      41.89791
 1 
 1             166           
1
 -9999.0   ,   9990.0
   7
 8 
-102.4645      41.88153
-102.468       41.88423
-102.4782      41.88773
-102.4792      41.89046
-102.4759      41.89372
-102.461       41.88868
-102.46        41.88618
-102.4645      41.88153
 1 
 1             167           
1
 -9999.0   ,   9990.0
   7
 10 
-104.5416      41.88825
-104.5394      41.89198
-104.5333      41.89311
-104.5277      41.89169
-104.5241      41.88747
-104.5263      41.88327
-104.5301      41.88131
-104.5351      41.88205
-104.5402      41.88509
-104.5416      41.88825
 1 
 1             168           
1
 -9999.0   ,   9990.0
   7
 9 
-102.4492      41.88222
-102.4524      41.88835
-102.4504      41.89204
-102.4452      41.89304
-102.4378      41.89086
-102.4346      41.88702
-102.4367      41.88378
-102.4413      41.8844
-102.4492      41.88222
 1 
 1             169           
1
 -9999.0   ,   9990.0
   7
 7 
-102.3236      41.88313
-102.3338      41.88527
-102.3372      41.8882
-102.3339      41.89122
-102.3225      41.88886
-102.3185      41.88549
-102.3236      41.88313
 1 
 1             170           
1
 -9999.0   ,   9990.0
   7
 7 
-106.2179      41.86967
-106.2299      41.87688
-106.2266      41.88117
-106.2221      41.88207
-106.2195      41.88037
-106.2154      41.87209
-106.2179      41.86967
 1 
 1             171           
1
 -9999.0   ,   9990.0
   7
 5 
-102.5652      41.86782
-102.5798      41.87399
-102.579       41.87721
-102.5631      41.87015
-102.5652      41.86782
 1 
 1             172           
1
 -9999.0   ,   9990.0
   7
 10 
-104.3197      41.85367
-104.329       41.86002
-104.3285      41.86187
-104.3243      41.8636
-104.3188      41.86905
-104.3139      41.86989
-104.3108      41.86862
-104.3088      41.86548
-104.3155      41.8545
-104.3197      41.85367
 1 
 1             173           
1
 -9999.0   ,   9990.0
   7
 7 
-102.489       41.85987
-102.4915      41.86167
-102.49        41.86352
-102.481       41.86869
-102.4755      41.86855
-102.4781      41.86439
-102.489       41.85987
 1 
 1             174           
1
 -9999.0   ,   9990.0
   7
 10 
-102.9339      41.8553
-102.9376      41.85775
-102.9487      41.8589
-102.9503      41.86025
-102.9498      41.86346
-102.9465      41.8649
-102.9397      41.86389
-102.9341      41.86079
-102.9327      41.85716
-102.9339      41.8553
 1 
 1             175           
1
 -9999.0   ,   9990.0
   7
 7 
-102.7409      41.8534
-102.7458      41.85468
-102.7499      41.85919
-102.7491      41.86287
-102.7435      41.85839
-102.737       41.8569
-102.7409      41.8534
 1 
 1             176           
1
 -9999.0   ,   9990.0
   7
 8 
-105.7244      41.84546
-105.7279      41.84759
-105.7279      41.85035
-105.723       41.85469
-105.7166      41.85544
-105.7165      41.85085
-105.7196      41.84728
-105.7244      41.84546
 1 
 1             177           
1
 -9999.0   ,   9990.0
   7
 7 
-102.4676      41.8499
-102.4726      41.8512
-102.4726      41.85303
-102.4684      41.85447
-102.4576      41.85372
-102.4551      41.85078
-102.4676      41.8499
 1 
 1             178           
1
 -9999.0   ,   9990.0
   7
 7 
-102.4435      41.83104
-102.4562      41.83681
-102.4563      41.83978
-102.4521      41.84213
-102.4463      41.84314
-102.4438      41.84203
-102.4435      41.83104
 1 
 1             179           
1
 -9999.0   ,   9990.0
   7
 6 
-102.5008      41.82285
-102.5145      41.82881
-102.5127      41.83159
-102.5004      41.82926
-102.4988      41.82609
-102.5008      41.82285
 1 
 1             180           
1
 -9999.0   ,   9990.0
   7
 9 
-102.5979      41.81534
-102.6087      41.81791
-102.6116      41.82015
-102.6114      41.82428
-102.6093      41.82546
-102.6034      41.82509
-102.5969      41.82085
-102.594       41.81747
-102.5979      41.81534
 1 
 1             181           
1
 -9999.0   ,   9990.0
   7
 5 
-105.5046      41.80262
-105.5084      41.80865
-105.5063      41.81263
-105.5002      41.81312
-105.5046      41.80262
 1 
 1             182           
1
 -9999.0   ,   9990.0
   7
 9 
-102.3524      41.79966
-102.3577      41.80119
-102.3611      41.80571
-102.3603      41.80893
-102.3576      41.81057
-102.3508      41.81021
-102.3483      41.80452
-102.35        41.80061
-102.3524      41.79966
 1 
 1             183           
1
 -9999.0   ,   9990.0
   7
 7 
-104.3621      41.80216
-104.3647      41.80574
-104.3634      41.80921
-104.3616      41.80996
-104.3526      41.8075
-104.3581      41.80274
-104.3621      41.80216
 1 
 1             184           
1
 -9999.0   ,   9990.0
   7
 8 
-102.5268      41.78743
-102.5307      41.78783
-102.532       41.79857
-102.5287      41.80136
-102.525       41.80164
-102.5224      41.79619
-102.5241      41.78953
-102.5268      41.78743
 1 
 1             185           
1
 -9999.0   ,   9990.0
   7
 8 
-102.3539      41.78774
-102.3638      41.78943
-102.3673      41.79419
-102.3637      41.79859
-102.3602      41.79406
-102.3547      41.79231
-102.3521      41.78937
-102.3539      41.78774
 1 
 1             186           
1
 -9999.0   ,   9990.0
   7
 8 
-107.0539      41.78874
-107.0836      41.78751
-107.0904      41.78804
-107.0924      41.78999
-107.0817      41.7929
-107.0688      41.7934
-107.0531      41.79247
-107.0539      41.78874
 1 
 1             187           
1
 -9999.0   ,   9990.0
   7
 6 
-102.6738      41.78341
-102.6795      41.79017
-102.6771      41.7925
-102.6685      41.79196
-102.6687      41.78578
-102.6738      41.78341
 1 
 1             188           
1
 -9999.0   ,   9990.0
   7
 9 
-102.4484      41.77377
-102.4524      41.77485
-102.4538      41.78353
-102.4601      41.78687
-102.4604      41.78915
-102.45        41.78976
-102.4485      41.78819
-102.4452      41.78068
-102.4484      41.77377
 1 
 1             189           
1
 -9999.0   ,   9990.0
   7
 7 
-102.5362      41.76554
-102.5463      41.77591
-102.5458      41.77843
-102.5384      41.77878
-102.5335      41.77634
-102.5324      41.76995
-102.5362      41.76554
 1 
 1             190           
1
 -9999.0   ,   9990.0
   7
 8 
-102.3078      41.75475
-102.3241      41.75727
-102.3255      41.7632
-102.3218      41.76486
-102.3147      41.75924
-102.3082      41.75841
-102.3057      41.75615
-102.3078      41.75475
 1 
 1             191           
1
 -9999.0   ,   9990.0
   7
 8 
-107.3182      41.74949
-107.3221      41.75133
-107.3238      41.7588
-107.3203      41.76061
-107.3105      41.75844
-107.3088      41.75602
-107.3134      41.75115
-107.3182      41.74949
 1 
 1             192           
1
 -9999.0   ,   9990.0
   7
 6 
-107.0413      41.74633
-107.0429      41.75014
-107.037       41.75805
-107.0336      41.75159
-107.0353      41.74759
-107.0413      41.74633
 1 
 1             193           
1
 -9999.0   ,   9990.0
   7
 11 
-102.4001      41.72804
-102.4082      41.73387
-102.4098      41.73728
-102.4087      41.74119
-102.4044      41.7417
-102.3972      41.74753
-102.3896      41.74719
-102.3877      41.74492
-102.3928      41.7405
-102.3976      41.7283
-102.4001      41.72804
 1 
 1             194           
1
 -9999.0   ,   9990.0
   7
 6 
-102.4338      41.72205
-102.4447      41.72921
-102.4467      41.73467
-102.4446      41.73744
-102.4336      41.73624
-102.4338      41.72205
 1 
 1             195           
1
 -9999.0   ,   9990.0
   7
 12 
-102.4883      41.7155
-102.4994      41.71784
-102.5131      41.71557
-102.5219      41.72344
-102.5201      41.7269
-102.5162      41.72765
-102.5084      41.72273
-102.5012      41.72697
-102.4947      41.72272
-102.4873      41.721
-102.485       41.71806
-102.4883      41.7155
 1 
 1             196           
1
 -9999.0   ,   9990.0
   7
 12 
-104.1878      41.72365
-104.1835      41.72424
-104.1796      41.71933
-104.1786      41.70654
-104.1726      41.69802
-104.1752      41.69565
-104.1959      41.6989
-104.1992      41.7043
-104.1943      41.70834
-104.197       41.71444
-104.1948      41.71863
-104.1878      41.72365
 1 
 1             197           
1
 -9999.0   ,   9990.0
   7
 13 
-102.4026      41.69597
-102.4128      41.68941
-102.4177      41.68934
-102.4212      41.70828
-102.4205      41.71309
-102.4157      41.7198
-102.4121      41.72077
-102.4003      41.71522
-102.4009      41.7127
-102.4058      41.71217
-102.4072      41.70963
-102.4015      41.70262
-102.4026      41.69597
 1 
 1             198           
1
 -9999.0   ,   9990.0
   7
 10 
-102.4305      41.70151
-102.4355      41.70578
-102.4484      41.70902
-102.4507      41.7131
-102.449       41.71724
-102.4426      41.7178
-102.4363      41.71171
-102.4314      41.70996
-102.4291      41.70679
-102.4305      41.70151
 1 
 1             199           
1
 -9999.0   ,   9990.0
   7
 8 
-106.4935      41.70437
-106.4981      41.70482
-106.4985      41.71191
-106.495       41.7137
-106.4846      41.71103
-106.4832      41.70904
-106.4843      41.70715
-106.4935      41.70437
 1 
 1             200           
1
 -9999.0   ,   9990.0
   7
 7 
-105.6848      41.70331
-105.6744      41.69621
-105.6782      41.69283
-105.6822      41.69311
-105.6873      41.69586
-105.6887      41.69878
-105.6848      41.70331
 1 
 1             201           
1
 -9999.0   ,   9990.0
   7
 9 
-106.0961      41.68189
-106.099       41.68382
-106.0936      41.69188
-106.0877      41.69491
-106.0795      41.69531
-106.0778      41.69356
-106.0808      41.68928
-106.0895      41.68359
-106.0961      41.68189
 2 
 1             202           
1
 -9999.0   ,   9990.0
   7
 16 
-105.6778      41.6846
-105.6793      41.67628
-105.6852      41.66961
-105.6898      41.65817
-105.688       41.6516
-105.6898      41.64739
-105.6931      41.64243
-105.7008      41.64324
-105.7038      41.64608
-105.7076      41.65622
-105.7081      41.66514
-105.7029      41.6766
-105.6966      41.68307
-105.6861      41.68904
-105.6819      41.68969
-105.6778      41.6846
 1             202           2 
1
 -9999.0   ,   9990.0
   7
 14 
-105.6833      41.68399
-105.6873      41.68298
-105.6936      41.67836
-105.6973      41.67281
-105.6988      41.67005
-105.7008      41.66043
-105.699       41.65223
-105.6967      41.65026
-105.6938      41.65204
-105.6915      41.65898
-105.6873      41.67221
-105.6867      41.67431
-105.6806      41.68142
-105.6833      41.68399
 1 
 1             203           
1
 -9999.0   ,   9990.0
   7
 13 
-105.6806      41.68142
-105.6867      41.67431
-105.6873      41.67221
-105.6915      41.65898
-105.6938      41.65204
-105.6967      41.65026
-105.699       41.65223
-105.7008      41.66043
-105.6988      41.67005
-105.6973      41.67281
-105.6936      41.67836
-105.6873      41.68298
-105.6833      41.68399
 1 
 1             204           
1
 -9999.0   ,   9990.0
   7
 8 
-107.7564      41.67066
-107.7642      41.67499
-107.7636      41.67755
-107.7599      41.68008
-107.7549      41.67902
-107.7526      41.67504
-107.7537      41.67152
-107.7564      41.67066
 1 
 1             205           
1
 -9999.0   ,   9990.0
   7
 8 
-107.6648      41.66818
-107.6701      41.67198
-107.668       41.6751
-107.6612      41.67759
-107.6562      41.67629
-107.6543      41.6732
-107.656       41.66942
-107.6648      41.66818
 1 
 1             206           
1
 -9999.0   ,   9990.0
   7
 16 
-105.8239      41.59021
-105.8271      41.588
-105.8375      41.58798
-105.8524      41.59463
-105.8549      41.59864
-105.8549      41.60666
-105.8452      41.61857
-105.8437      41.62666
-105.8368      41.63225
-105.8299      41.63761
-105.8193      41.64153
-105.8128      41.6416
-105.8113      41.63388
-105.8144      41.60853
-105.8192      41.59547
-105.8239      41.59021
 1 
 1             207           
1
 -9999.0   ,   9990.0
   7
 7 
-105.9361      41.62396
-105.9415      41.62967
-105.9417      41.6331
-105.94        41.63364
-105.9299      41.627
-105.9319      41.62462
-105.9361      41.62396
 1 
 1             208           
1
 -9999.0   ,   9990.0
   7
 8 
-106.0895      41.60588
-106.0944      41.6061
-106.0959      41.60878
-106.0947      41.61343
-106.0916      41.61632
-106.0891      41.61553
-106.0859      41.61041
-106.0895      41.60588
 1 
 1             209           
1
 -9999.0   ,   9990.0
   7
 9 
-106.0634      41.59705
-106.0689      41.59702
-106.0776      41.60302
-106.0797      41.60544
-106.0791      41.60891
-106.0769      41.60924
-106.0662      41.60471
-106.0631      41.60051
-106.0634      41.59705
 1 
 1             210           
1
 -9999.0   ,   9990.0
   7
 7 
-107.9054      41.52884
-107.9087      41.53137
-107.9069      41.53953
-107.9012      41.5376
-107.8992      41.53383
-107.9006      41.52984
-107.9054      41.52884
 1 
 1             211           
1
 -9999.0   ,   9990.0
   7
 8 
-105.7832      41.51003
-105.7862      41.5131
-105.7852      41.51567
-105.7801      41.52026
-105.7746      41.52097
-105.7739      41.51917
-105.7793      41.51067
-105.7832      41.51003
 1 
 1             212           
1
 -9999.0   ,   9990.0
   7
 6 
-107.9042      41.50251
-107.9103      41.5051
-107.917       41.51292
-107.9167      41.51616
-107.9039      41.50574
-107.9042      41.50251
 1 
 1             213           
1
 -9999.0   ,   9990.0
   7
 5 
-105.8047      41.50493
-105.8041      41.51595
-105.7995      41.51158
-105.7998      41.50813
-105.8047      41.50493
 1 
 1             214           
1
 -9999.0   ,   9990.0
   7
 12 
-105.8851      41.47738
-105.884       41.47514
-105.8861      41.46679
-105.8901      41.45996
-105.8973      41.45916
-105.9074      41.46648
-105.909       41.47122
-105.9062      41.48189
-105.9022      41.48506
-105.8962      41.4858
-105.8864      41.48121
-105.8851      41.47738
 1 
 1             215           
1
 -9999.0   ,   9990.0
   7
 8 
-106.7888      41.45858
-106.792       41.45978
-106.7873      41.46761
-106.7925      41.47466
-106.7878      41.47584
-106.7772      41.46747
-106.7849      41.45925
-106.7888      41.45858
 1 
 1             216           
1
 -9999.0   ,   9990.0
   7
 6 
-106.7447      41.42155
-106.7421      41.42605
-106.737       41.42679
-106.7313      41.4248
-106.7353      41.41931
-106.7447      41.42155
 1 
 1             217           
1
 -9999.0   ,   9990.0
   7
 14 
-105.7478      41.38515
-105.7501      41.38643
-105.7506      41.38983
-105.7439      41.39335
-105.7438      41.39542
-105.7493      41.39563
-105.7507      41.39785
-105.7476      41.40143
-105.7392      41.40273
-105.7305      41.40129
-105.7272      41.39777
-105.7298      41.39238
-105.738       41.38743
-105.7478      41.38515
 1 
 1             218           
1
 -9999.0   ,   9990.0
   7
 9 
-105.7736      41.36863
-105.7794      41.36859
-105.7822      41.37029
-105.7807      41.3738
-105.7778      41.37554
-105.7674      41.37487
-105.7647      41.37178
-105.7661      41.37011
-105.7736      41.36863
 1 
 1             219           
1
 -9999.0   ,   9990.0
   7
 9 
-106.3239      41.3412
-106.3265      41.3429
-106.3279      41.3481
-106.3254      41.35167
-106.3203      41.35193
-106.3234      41.34604
-106.32        41.34575
-106.319       41.3442
-106.3239      41.3412
 1 
 1             220           
1
 -9999.0   ,   9990.0
   7
 10 
-102.0331      41.2993
-102.021       41.30378
-102.0157      41.30934
-102.0099      41.31009
-102           41.30775
-102           41.28551
-102.013       41.28238
-102.0198      41.28642
-102.0248      41.29482
-102.0331      41.2993
 1 
 1             221           
1
 -9999.0   ,   9990.0
   7
 16 
-105.953       41.23609
-105.9587      41.23856
-105.9589      41.24452
-105.9541      41.2491
-105.9475      41.2501
-105.9394      41.24773
-105.9303      41.24838
-105.9199      41.25483
-105.914       41.25626
-105.909       41.25535
-105.8974      41.24741
-105.8981      41.2444
-105.9018      41.24148
-105.9404      41.23828
-105.9465      41.2341
-105.953       41.23609
 1 
 1             222           
1
 -9999.0   ,   9990.0
   7
 26 
-105.9573      41.22901
-105.9586      41.22276
-105.9628      41.21935
-105.9685      41.21839
-105.9729      41.22001
-105.9748      41.22469
-105.974       41.22791
-105.9699      41.22749
-105.9634      41.23284
-105.967       41.23679
-105.97        41.23642
-105.9751      41.23549
-105.977       41.23265
-105.974       41.22791
-105.9748      41.22469
-105.9729      41.22001
-105.9798      41.22289
-105.9862      41.23382
-105.9856      41.24072
-105.9819      41.24754
-105.9785      41.25001
-105.9746      41.25042
-105.9677      41.24455
-105.9589      41.24452
-105.9587      41.23856
-105.953       41.23609
 1 
 1             223           
1
 -9999.0   ,   9990.0
   7
 9 
-105.8529      41.24193
-105.852       41.23784
-105.8543      41.23591
-105.8604      41.23585
-105.8733      41.23823
-105.8765      41.24037
-105.8767      41.24243
-105.8728      41.24329
-105.8529      41.24193
 1 
 1             224           
1
 -9999.0   ,   9990.0
   7
 8 
-105.974       41.22791
-105.977       41.23265
-105.9751      41.23549
-105.97        41.23642
-105.967       41.23679
-105.9634      41.23284
-105.9699      41.22749
-105.974       41.22791
 1 
 1             225           
1
 -9999.0   ,   9990.0
   7
 8 
-103.8104      41.22677
-103.8184      41.22243
-103.8266      41.22289
-103.8329      41.22912
-103.8325      41.23256
-103.8235      41.23374
-103.8173      41.2323
-103.8104      41.22677
 1 
 1             226           
1
 -9999.0   ,   9990.0
   7
 6 
-105.6755      41.22528
-105.6671      41.23093
-105.665       41.22667
-105.6684      41.22033
-105.6727      41.22128
-105.6755      41.22528
 1 
 1             227           
1
 -9999.0   ,   9990.0
   7
 8 
-105.8209      41.21385
-105.827       41.21815
-105.8275      41.22065
-105.8243      41.22217
-105.8185      41.22198
-105.8145      41.21781
-105.8156      41.21593
-105.8209      41.21385
 1 
 1             228           
1
 -9999.0   ,   9990.0
   7
 14 
-106.256       41.19609
-106.2549      41.19775
-106.2596      41.206
-106.2589      41.20833
-106.2534      41.20791
-106.2436      41.21482
-106.2378      41.21694
-106.2363      41.21427
-106.2401      41.2056
-106.2377      41.20205
-106.2376      41.19838
-106.2439      41.19761
-106.2493      41.19299
-106.256       41.19609
 1 
 1             229           
1
 -9999.0   ,   9990.0
   7
 12 
-105.713       41.16976
-105.7159      41.1726
-105.7202      41.17309
-105.7248      41.17769
-105.7306      41.17812
-105.7304      41.18294
-105.7262      41.18336
-105.7163      41.17785
-105.7075      41.17802
-105.7052      41.17515
-105.7068      41.17186
-105.713       41.16976
 1 
 1             230           
1
 -9999.0   ,   9990.0
   7
 8 
-105.2427      41.17603
-105.2445      41.17985
-105.2434      41.1815
-105.2349      41.18208
-105.2269      41.18011
-105.2229      41.17455
-105.2388      41.17665
-105.2427      41.17603
 1 
 1             231           
1
 -9999.0   ,   9990.0
   7
 7 
-105.2091      41.16389
-105.1995      41.16153
-105.1981      41.1593
-105.1994      41.15535
-105.2064      41.15553
-105.2096      41.15906
-105.2091      41.16389
 1 
 1             232           
1
 -9999.0   ,   9990.0
   7
 7 
-104.7351      41.11936
-104.738       41.11674
-104.7437      41.11607
-104.7505      41.11835
-104.7459      41.12149
-104.7401      41.12147
-104.7351      41.11936
 1 
 1             233           
1
 -9999.0   ,   9990.0
   7
 7 
-106.4686      41.07105
-106.4755      41.07115
-106.4804      41.078
-106.4779      41.08042
-106.4708      41.07942
-106.4673      41.07433
-106.4686      41.07105
 1 
 1             234           
1
 -9999.0   ,   9990.0
   7
 12 
-105.2618      41.0296
-105.2661      41.034
-105.2654      41.03747
-105.2603      41.04225
-105.257       41.04262
-105.252       41.03961
-105.2471      41.04302
-105.2429      41.04365
-105.2412      41.04212
-105.2465      41.03457
-105.2546      41.03034
-105.2618      41.0296
 1 
 1             235           
1
 -9999.0   ,   9990.0
   7
 13 
-102.6815      40.92146
-102.6793      40.92928
-102.67        40.93104
-102.6606      40.93898
-102.6445      40.94406
-102.6363      40.93391
-102.6458      40.92735
-102.6485      40.91838
-102.6564      40.91984
-102.6633      40.9172
-102.6669      40.91943
-102.6742      40.91862
-102.6815      40.92146
 1 
 1             236           
1
 -9999.0   ,   9990.0
   7
 9 
-106.6144      40.93634
-106.6111      40.93376
-106.6081      40.92773
-106.6098      40.92237
-106.6121      40.9211
-106.6164      40.92248
-106.6191      40.93127
-106.617       40.93527
-106.6144      40.93634
 1 
 1             237           
1
 -9999.0   ,   9990.0
   7
 7 
-105.3617      40.88597
-105.3526      40.88635
-105.3425      40.87968
-105.341       40.87585
-105.3461      40.87495
-105.3618      40.88344
-105.3617      40.88597
 1 
 1             238           
1
 -9999.0   ,   9990.0
   7
 6 
-106.5292      40.85516
-106.5346      40.8645
-106.5327      40.86758
-106.5282      40.8646
-106.5267      40.85827
-106.5292      40.85516
 1 
 1             239           
1
 -9999.0   ,   9990.0
   7
 7 
-105.1546      40.84344
-105.166       40.84619
-105.1698      40.84901
-105.1686      40.85296
-105.1657      40.85468
-105.1487      40.84963
-105.1546      40.84344
 1 
 1             240           
1
 -9999.0   ,   9990.0
   7
 26 
-106.9375      40.78391
-106.9428      40.78338
-106.9611      40.78829
-106.9717      40.78815
-106.9844      40.78513
-106.989       40.78647
-106.9902      40.78893
-106.9859      40.79399
-106.9881      40.79799
-106.9859      40.80018
-106.9795      40.80306
-106.9726      40.80323
-106.9703      40.80473
-106.9859      40.81531
-106.9892      40.81902
-106.9883      40.82182
-106.9705      40.81252
-106.9615      40.81579
-106.9549      40.81387
-106.9519      40.81121
-106.9513      40.81064
-106.9571      40.80228
-106.9548      40.80034
-106.9402      40.79637
-106.935       40.78932
-106.9375      40.78391
 1 
 1             241           
1
 -9999.0   ,   9990.0
   7
 7 
-106.8876      40.78031
-106.8946      40.78634
-106.8863      40.80377
-106.8817      40.80655
-106.8784      40.80284
-106.8813      40.78617
-106.8876      40.78031
 1 
 1             242           
1
 -9999.0   ,   9990.0
   7
 27 
-103.2694      40.78266
-103.2742      40.77523
-103.2827      40.76977
-103.2835      40.76678
-103.2805      40.76045
-103.2822      40.7572
-103.2864      40.75665
-103.2919      40.75218
-103.298       40.7605
-103.3088      40.76025
-103.3092      40.76962
-103.3156      40.77152
-103.3192      40.78036
-103.3029      40.77845
-103.2963      40.77037
-103.2929      40.77731
-103.2842      40.77797
-103.2822      40.78031
-103.2926      40.78464
-103.2954      40.79235
-103.3051      40.80311
-103.3034      40.80612
-103.298       40.80555
-103.2884      40.79891
-103.2811      40.7904
-103.272       40.78877
-103.2694      40.78266
 1 
 1             243           
1
 -9999.0   ,   9990.0
   7
 11 
-106.4722      40.78712
-106.466       40.78515
-106.4626      40.78074
-106.4597      40.77242
-106.4631      40.76674
-106.4703      40.7659
-106.4725      40.76762
-106.4805      40.78554
-106.4797      40.78947
-106.4747      40.79088
-106.4722      40.78712
 1 
 1             244           
1
 -9999.0   ,   9990.0
   7
 8 
-105.1255      40.77593
-105.1277      40.77836
-105.1281      40.78292
-105.1238      40.79065
-105.1202      40.79079
-105.1195      40.78052
-105.1205      40.77773
-105.1255      40.77593
 1 
 1             245           
1
 -9999.0   ,   9990.0
   7
 6 
-104.9582      40.75297
-104.9515      40.74773
-104.9532      40.74492
-104.9567      40.74387
-104.9619      40.74505
-104.9582      40.75297
 1 
 1             246           
1
 -9999.0   ,   9990.0
   7
 12 
-106.3064      40.72672
-106.3258      40.72825
-106.3281      40.73364
-106.3329      40.73705
-106.3331      40.73956
-106.3303      40.74154
-106.3287      40.7469
-106.326       40.74772
-106.3216      40.73534
-106.3147      40.73181
-106.307       40.73082
-106.3064      40.72672
 1 
 1             247           
1
 -9999.0   ,   9990.0
   7
 7 
-104.3297      40.72593
-104.3247      40.72815
-104.3192      40.72101
-104.3204      40.71434
-104.33        40.71471
-104.3266      40.71894
-104.3297      40.72593
 1 
 1             248           
1
 -9999.0   ,   9990.0
   7
 7 
-105.087       40.70741
-105.0821      40.70165
-105.0806      40.6937
-105.0819      40.69068
-105.0872      40.69687
-105.0888      40.70299
-105.087       40.70741
 1 
 1             249           
1
 -9999.0   ,   9990.0
   7
 9 
-105.0445      40.6846
-105.0439      40.68851
-105.049       40.6938
-105.0586      40.69732
-105.0561      40.70085
-105.0451      40.69808
-105.0399      40.69256
-105.0391      40.68916
-105.0445      40.6846
 1 
 1             250           
1
 -9999.0   ,   9990.0
   7
 8 
-105.0287      40.67423
-105.033       40.66994
-105.0404      40.67743
-105.0487      40.68054
-105.0551      40.6851
-105.0543      40.68719
-105.0501      40.68735
-105.0445      40.6846
 1 
 1             251           
1
 -9999.0   ,   9990.0
   7
 9 
-106.6483      40.67517
-106.6519      40.67262
-106.6545      40.67017
-106.6578      40.66951
-106.6593      40.67028
-106.659       40.67178
-106.6552      40.67431
-106.6532      40.67504
-106.6483      40.67517
 1 
 1             252           
1
 -9999.0   ,   9990.0
   7
 6 
-105.0934      40.66984
-105.0884      40.65859
-105.0891      40.65582
-105.0933      40.65885
-105.0971      40.6658
-105.0934      40.66984
 1 
 1             253           
1
 -9999.0   ,   9990.0
   7
 8 
-105.0557      40.65508
-105.0588      40.65634
-105.0613      40.66264
-105.0585      40.66459
-105.0495      40.66151
-105.0466      40.65842
-105.0489      40.65604
-105.0557      40.65508
 1 
 1             254           
1
 -9999.0   ,   9990.0
   7
 8 
-104.9698      40.63028
-104.9736      40.63243
-104.9763      40.64537
-104.9742      40.65072
-104.9706      40.65017
-104.9631      40.64588
-104.9628      40.63308
-104.9698      40.63028
 1 
 1             255           
1
 -9999.0   ,   9990.0
   7
 8 
-105.0842      40.6187
-105.0869      40.62386
-105.0927      40.62935
-105.0903      40.63311
-105.0801      40.63397
-105.079       40.62234
-105.08        40.61978
-105.0842      40.6187
 1 
 1             256           
1
 -9999.0   ,   9990.0
   7
 7 
-105.0523      40.61813
-105.0646      40.62314
-105.0642      40.62568
-105.0606      40.62605
-105.0505      40.62233
-105.0482      40.61968
-105.0523      40.61813
 1 
 1             257           
1
 -9999.0   ,   9990.0
   7
 6 
-106.6407      40.62311
-106.6388      40.62183
-106.6415      40.61974
-106.6445      40.62041
-106.6447      40.62235
-106.6407      40.62311
 1 
 1             258           
1
 -9999.0   ,   9990.0
   7
 6 
-106.6351      40.6212
-106.6322      40.62108
-106.6327      40.61883
-106.6348      40.61817
-106.6361      40.61976
-106.6351      40.6212
 1 
 1             259           
1
 -9999.0   ,   9990.0
   7
 7 
-104.6176      40.62092
-104.613       40.61948
-104.6094      40.6148
-104.611       40.61154
-104.6153      40.61299
-104.6183      40.61678
-104.6176      40.62092
 1 
 1             260           
1
 -9999.0   ,   9990.0
   7
 11 
-104.8724      40.61067
-104.8758      40.60734
-104.8739      40.6026
-104.8769      40.6018
-104.8875      40.6078
-104.8911      40.61202
-104.8892      40.61552
-104.886       40.61657
-104.8812      40.61308
-104.8743      40.61288
-104.8724      40.61067
 1 
 1             261           
1
 -9999.0   ,   9990.0
   7
 7 
-105.8575      40.61264
-105.8447      40.60339
-105.85        40.59788
-105.8557      40.59716
-105.8588      40.60296
-105.8569      40.60855
-105.8575      40.61264
 1 
 1             262           
1
 -9999.0   ,   9990.0
   7
 6 
-107.4703      40.58992
-107.4748      40.5933
-107.473       40.60718
-107.4703      40.61239
-107.4663      40.59543
-107.4703      40.58992
 1 
 1             263           
1
 -9999.0   ,   9990.0
   7
 16 
-105.1729      40.59842
-105.1686      40.59745
-105.1587      40.56329
-105.1542      40.55586
-105.1513      40.551
-105.1487      40.54401
-105.1482      40.53213
-105.1428      40.52868
-105.1514      40.51918
-105.1574      40.52214
-105.156       40.5325
-105.1583      40.54041
-105.1615      40.5428
-105.1705      40.57655
-105.1742      40.58258
-105.1729      40.59842
 1 
 1             264           
1
 -9999.0   ,   9990.0
   7
 16 
-107.3843      40.55163
-107.3875      40.55557
-107.3843      40.55989
-107.383       40.56754
-107.3731      40.58236
-107.3635      40.58524
-107.3558      40.58961
-107.3509      40.59083
-107.3471      40.58945
-107.3518      40.58504
-107.3595      40.58182
-107.362       40.57662
-107.3681      40.57487
-107.3734      40.57042
-107.3745      40.56393
-107.3843      40.55163
 1 
 1             265           
1
 -9999.0   ,   9990.0
   7
 6 
-105.6474      40.58291
-105.66        40.58189
-105.6626      40.58407
-105.6616      40.58709
-105.6504      40.58553
-105.6474      40.58291
 1 
 1             266           
1
 -9999.0   ,   9990.0
   7
 8 
-104.9611      40.54044
-104.9671      40.54067
-104.9716      40.54461
-104.9683      40.55367
-104.9657      40.55468
-104.9596      40.55377
-104.9556      40.54706
-104.9611      40.54044
 1 
 1             267           
1
 -9999.0   ,   9990.0
   7
 7 
-106.2873      40.5412
-106.2968      40.54392
-106.2997      40.54859
-106.2995      40.55318
-106.2967      40.55286
-106.2867      40.54421
-106.2873      40.5412
 1 
 1             268           
1
 -9999.0   ,   9990.0
   7
 12 
-104.8896      40.52556
-104.8971      40.52573
-104.9002      40.53065
-104.8957      40.54089
-104.8976      40.54586
-104.894       40.54714
-104.885       40.54221
-104.8844      40.53812
-104.8793      40.53763
-104.8771      40.53565
-104.8834      40.53198
-104.8896      40.52556
 1 
 1             269           
1
 -9999.0   ,   9990.0
   7
 8 
-105.773       40.50322
-105.7769      40.4996
-105.784       40.49768
-105.7897      40.49397
-105.7953      40.49257
-105.7992      40.4933
-105.7897      40.50199
-105.773       40.50322
 1 
 1             270           
1
 -9999.0   ,   9990.0
   7
 13 
-105           40.49156
-105.008       40.48346
-105.0316      40.48642
-105.0317      40.49283
-105.0286      40.49478
-105.0182      40.49222
-105.0142      40.4958
-105.0067      40.49518
-105.0036      40.4976
-105           40.49809
-104.9991      40.49822
-104.9981      40.49666
-105           40.49156
 1 
 1             271           
1
 -9999.0   ,   9990.0
   7
 26 
-105.0319      40.41523
-105.0379      40.41546
-105.0429      40.41846
-105.0443      40.42207
-105.0409      40.43296
-105.0417      40.43704
-105.0432      40.43738
-105.046       40.43802
-105.054       40.43176
-105.0559      40.43786
-105.0581      40.43914
-105.0619      40.43464
-105.0661      40.43448
-105.0675      40.43694
-105.067       40.44657
-105.0638      40.44853
-105.0545      40.44867
-105.0479      40.44435
-105.0443      40.44426
-105.0397      40.45955
-105.0358      40.45971
-105.0314      40.45256
-105.0331      40.43784
-105.0273      40.42365
-105.0273      40.4193
-105.0319      40.41523
 1 
 1             272           
1
 -9999.0   ,   9990.0
   7
 20 
-103.3648      40.41404
-103.3732      40.41475
-103.3828      40.40652
-103.3851      40.40578
-103.3859      40.40142
-103.3928      40.40262
-103.404       40.39846
-103.4109      40.39806
-103.4106      40.40539
-103.4027      40.41107
-103.4002      40.41616
-103.3859      40.43022
-103.3798      40.429
-103.3754      40.43002
-103.3663      40.43596
-103.3612      40.43585
-103.3539      40.43191
-103.3537      40.42712
-103.3648      40.41953
-103.3648      40.41404
 1 
 1             273           
1
 -9999.0   ,   9990.0
   7
 7 
-105.0865      40.40757
-105.0943      40.40886
-105.0975      40.41538
-105.0896      40.41844
-105.085       40.41679
-105.0837      40.41089
-105.0865      40.40757
 1 
 1             274           
1
 -9999.0   ,   9990.0
   7
 18 
-104.0802      40.37304
-104.0911      40.37385
-104.0958      40.37943
-104.0953      40.38653
-104.0997      40.3912
-104.1003      40.39576
-104.0974      40.40408
-104.0928      40.40766
-104.0853      40.40742
-104.0776      40.40217
-104.0682      40.40086
-104.0619      40.39487
-104.0543      40.39145
-104.0553      40.38844
-104.0632      40.38386
-104.0776      40.37907
-104.0812      40.37507
-104.0802      40.37304
 1 
 1             275           
1
 -9999.0   ,   9990.0
   7
 22 
-104.3         40.33247
-104.2956      40.3333
-104.2789      40.33041
-104.2768      40.33482
-104.2782      40.33912
-104.2737      40.35414
-104.2758      40.35979
-104.2728      40.36424
-104.2667      40.3626
-104.266       40.36826
-104.2644      40.36875
-104.2614      40.36506
-104.2535      40.3573
-104.2531      40.34931
-104.2507      40.34459
-104.2408      40.33873
-104.24        40.33487
-104.2891      40.31864
-104.2866      40.32284
-104.288       40.32714
-104.2974      40.32957
-104.3         40.33247
 1 
 1             276           
1
 -9999.0   ,   9990.0
   7
 11 
-106.807       40.36104
-106.8053      40.35609
-106.8063      40.35054
-106.8029      40.34385
-106.8051      40.3412
-106.8097      40.3398
-106.8126      40.34445
-106.8202      40.34265
-106.8244      40.34883
-106.813       40.3584
-106.807       40.36104
 1 
 1             277           
1
 -9999.0   ,   9990.0
   7
 10 
-104.6388      40.3362
-104.6421      40.33608
-104.6483      40.33952
-104.6518      40.34305
-104.651       40.34583
-104.6423      40.34889
-104.6369      40.35365
-104.6298      40.35551
-104.6288      40.34388
-104.6388      40.3362
 1 
 1             278           
1
 -9999.0   ,   9990.0
   7
 8 
-105.2186      40.32829
-105.2264      40.3282
-105.2268      40.34191
-105.2247      40.35001
-105.2202      40.35455
-105.215       40.35293
-105.2126      40.34868
-105.2186      40.32829
 1 
 1             279           
1
 -9999.0   ,   9990.0
   7
 7 
-105.1348      40.33102
-105.1391      40.33337
-105.1244      40.34586
-105.1218      40.3423
-105.1235      40.33766
-105.13        40.33168
-105.1348      40.33102
 1 
 1             280           
1
 -9999.0   ,   9990.0
   7
 10 
-103.9733      40.27677
-103.9773      40.27894
-103.9802      40.28823
-103.9879      40.29326
-103.9874      40.29534
-103.9811      40.29575
-103.9715      40.28872
-103.967       40.28199
-103.9691      40.27713
-103.9733      40.27677
 1 
 1             281           
1
 -9999.0   ,   9990.0
   7
 21 
-104.2036      40.27061
-104.201       40.27162
-104.1976      40.27012
-104.1905      40.27103
-104.1811      40.27498
-104.1743      40.28092
-104.158       40.278
-104.148       40.25818
-104.1643      40.25585
-104.1669      40.25416
-104.1677      40.25208
-104.1627      40.24354
-104.1653      40.24231
-104.1687      40.2445
-104.1718      40.25149
-104.1788      40.25973
-104.184       40.25682
-104.1903      40.2628
-104.1939      40.26269
-104.2004      40.2666
-104.2036      40.27061
 1 
 1             282           
1
 -9999.0   ,   9990.0
   7
 19 
-105.8392      40.21231
-105.8482      40.21578
-105.8512      40.22022
-105.8458      40.23421
-105.8391      40.24346
-105.8393      40.24963
-105.8359      40.25254
-105.83        40.2535
-105.8242      40.25171
-105.8174      40.24493
-105.8212      40.24086
-105.8278      40.24124
-105.8304      40.23974
-105.8335      40.2341
-105.8282      40.22748
-105.8282      40.22405
-105.8345      40.21688
-105.8331      40.2142
-105.8392      40.21231
 1 
 1             283           
1
 -9999.0   ,   9990.0
   7
 15 
-104.6451      40.20625
-104.652       40.21081
-104.6578      40.20809
-104.6608      40.21301
-104.6594      40.22427
-104.6608      40.23794
-104.6556      40.23997
-104.6502      40.23512
-104.646       40.24054
-104.634       40.23823
-104.6315      40.23717
-104.6294      40.23267
-104.6296      40.22534
-104.6395      40.20737
-104.6451      40.20625
 1 
 1             284           
1
 -9999.0   ,   9990.0
   7
 11 
-105.128       40.22511
-105.1306      40.22775
-105.1303      40.23234
-105.126       40.2387
-105.1212      40.23935
-105.117       40.23403
-105.112       40.23148
-105.1137      40.22935
-105.1199      40.22933
-105.123       40.22577
-105.128       40.22511
 1 
 1             285           
1
 -9999.0   ,   9990.0
   7
 9 
-106.5749      40.18111
-106.5806      40.18836
-106.5858      40.20892
-106.5819      40.20868
-106.577       40.19749
-106.5767      40.19155
-106.5724      40.18651
-106.5717      40.18288
-106.5749      40.18111
 1 
 1             286           
1
 -9999.0   ,   9990.0
   7
 48 
-105.8198      40.17865
-105.8133      40.18285
-105.8121      40.17902
-105.819       40.16885
-105.8289      40.1622
-105.8291      40.1567
-105.8178      40.15791
-105.8131      40.1547
-105.8077      40.15473
-105.8016      40.15227
-105.7928      40.1513
-105.7861      40.14498
-105.7766      40.14267
-105.7725      40.13943
-105.7735      40.13664
-105.7813      40.13765
-105.7869      40.1367
-105.794       40.13957
-105.8053      40.13904
-105.8318      40.14169
-105.8464      40.14513
-105.8517      40.15152
-105.8605      40.15291
-105.8605      40.15728
-105.8629      40.16084
-105.8662      40.1609
-105.8748      40.14974
-105.8792      40.14884
-105.8819      40.15085
-105.8824      40.1512
-105.8798      40.15568
-105.8801      40.16024
-105.8871      40.16495
-105.8864      40.17162
-105.8904      40.17624
-105.8898      40.18039
-105.8847      40.18659
-105.8787      40.18709
-105.8738      40.19969
-105.8692      40.19899
-105.8669      40.19201
-105.8643      40.18984
-105.8558      40.1923
-105.8521      40.1824
-105.8433      40.17343
-105.8367      40.16917
-105.8312      40.16782
-105.8198      40.17865
 1 
 1             287           
1
 -9999.0   ,   9990.0
   7
 12 
-105.0478      40.17455
-105.0506      40.1765
-105.0505      40.17902
-105.0493      40.18686
-105.0466      40.19153
-105.0443      40.19254
-105.0398      40.18814
-105.0321      40.18868
-105.0304      40.18668
-105.0315      40.18458
-105.041       40.17505
-105.0478      40.17455
 1 
 1             288           
1
 -9999.0   ,   9990.0
   7
 9 
-104.6076      40.15864
-104.6057      40.15619
-104.6083      40.1497
-104.6139      40.14492
-104.6181      40.14546
-104.6194      40.14724
-104.6147      40.15816
-104.6119      40.15986
-104.6076      40.15864
 1 
 1             289           
1
 -9999.0   ,   9990.0
   7
 9 
-105.9434      40.14943
-105.9516      40.14698
-105.9659      40.1472
-105.9733      40.14982
-105.9786      40.15576
-105.9638      40.15074
-105.9494      40.15281
-105.9442      40.15169
-105.9434      40.14943
 1 
 1             290           
1
 -9999.0   ,   9990.0
   7
 7 
-105.7495      40.1128
-105.7456      40.11275
-105.74        40.11003
-105.7383      40.10622
-105.743       40.10578
-105.7505      40.11023
-105.7495      40.1128
 1 
 1             291           
1
 -9999.0   ,   9990.0
   7
 7 
-105.0857      40.09158
-105.0911      40.09251
-105.0929      40.09656
-105.0915      40.10142
-105.0873      40.10204
-105.0782      40.0944
-105.0857      40.09158
 1 
 1             292           
1
 -9999.0   ,   9990.0
   7
 7 
-105.2265      40.06411
-105.2294      40.0665
-105.2355      40.06831
-105.2316      40.07259
-105.2205      40.0671
-105.2222      40.0652
-105.2265      40.06411
 1 
 1             293           
1
 -9999.0   ,   9990.0
   7
 23 
-106.219       40
-106.221       40.00704
-106.2291      40.00777
-106.2341      40.01072
-106.2366      40.01517
-106.2368      40.02478
-106.2354      40.02618
-106.233       40.02841
-106.2229      40.0319
-106.2182      40.03672
-106.2125      40.03586
-106.217       40.02602
-106.2129      40.02371
-106.2084      40.0237
-106.2054      40.01996
-106.2058      40.01376
-106.1958      40.00809
-106.1865      40.00718
-106.1839      40.00502
-106.1846      40.00293
-106.2081      40.00586
-106.2094      40
-106.219       40
 1 
 1             294           
1
 -9999.0   ,   9990.0
   7
 6 
-104.5087      40.01505
-104.5111      40.0106
-104.524       40.01154
-104.5242      40.01451
-104.5125      40.02361
-104.5087      40.01505
