 47 
 1             1 
1
 -9999.0   ,   9990.0 
 671 
 138.2656      53.51409 
 138.2579      53.53023 
 138.2621      53.53692 
 138.2725      53.54036 
 138.2661      53.54772 
 138.2662      53.55459 
 138.2628      53.55908 
 138.2651      53.56175 
 138.2701      53.56222 
 138.2781      53.558 
 138.3003      53.56072 
 138.3077      53.56817 
 138.3128      53.56889 
 138.3202      53.57567 
 138.3382      53.582 
 138.3474      53.58756 
 138.3517      53.59572 
 138.3528      53.59786 
 138.3604      53.60006 
 138.3619      53.60298 
 138.353       53.61525 
 138.3445      53.61767 
 138.3356      53.61806 
 138.3348      53.62106 
 138.3483      53.63675 
 138.4195      53.69303 
 138.4404      53.7095 
 138.4545      53.71759 
 138.465       53.72103 
 138.4827      53.73947 
 138.5207      53.75934 
 138.531       53.77081 
 138.5446      53.78372 
 138.5529      53.78831 
 138.5587      53.79156 
 138.5715      53.80747 
 138.5787      53.8335 
 138.5777      53.84384 
 138.5882      53.86261 
 138.5769      53.8835 
 138.575       53.89595 
 138.5769      53.90822 
 138.5711      53.93253 
 138.5746      53.94498 
 138.5902      53.96739 
 138.5897      53.972 
 138.5862      53.97558 
 138.5856      53.98317 
 138.5812      53.9875 
 138.5753      53.99006 
 138.5675      53.98995 
 138.5545      53.98548 
 138.5434      53.97817 
 138.5198      53.97203 
 138.5178      53.9715 
 138.511       53.96723 
 138.5058      53.9592 
 138.4967      53.95481 
 138.4703      53.94586 
 138.427       53.92806 
 138.4045      53.9155 
 138.3904      53.91131 
 138.3701      53.9005 
 138.3637      53.89184 
 138.3635      53.89117 
 138.3536      53.86342 
 138.3343      53.82806 
 138.3312      53.81836 
 138.3344      53.78709 
 138.3268      53.76873 
 138.3262      53.76728 
 138.3072      53.74084 
 138.302       53.72983 
 138.2829      53.7215 
 138.2707      53.71284 
 138.2581      53.70764 
 138.2077      53.69556 
 138.2019      53.68892 
 138.1946      53.68648 
 138.1907      53.68222 
 138.1814      53.67214 
 138.1711      53.66639 
 138.1356      53.65639 
 138.1181      53.65414 
 138.103       53.64995 
 138.0968      53.647 
 138.0883      53.63589 
 138.0744      53.63278 
 138.0311      53.62723 
 138.0244      53.62586 
 138.0177      53.62197 
 138.0145      53.62009 
 138.0067      53.61972 
 138.0006      53.61675 
 137.9975      53.60909 
 137.9927      53.60792 
 137.9814      53.59622 
 137.971       53.58931 
 137.9641      53.57906 
 137.9556      53.57481 
 137.9364      53.5717 
 137.9101      53.57064 
 137.853       53.56339 
 137.8287      53.56031 
 137.7837      53.55997 
 137.7377      53.5537 
 137.6998      53.54414 
 137.6471      53.54289 
 137.5774      53.5457 
 137.5344      53.54153 
 137.4999      53.54275 
 137.4724      53.54031 
 137.4382      53.53542 
 137.4199      53.53278 
 137.39        53.52559 
 137.3724      53.52597 
 137.3604      53.5287 
 137.3388      53.52806 
 137.3189      53.52875 
 137.31        53.53134 
 137.302       53.53642 
 137.2913      53.53723 
 137.2835      53.54414 
 137.2658      53.55184 
 137.2392      53.55456 
 137.2371      53.55692 
 137.2407      53.56228 
 137.2339      53.57167 
 137.2198      53.58106 
 137.221       53.58581 
 137.2535      53.60348 
 137.2614      53.61009 
 137.2699      53.62717 
 137.275       53.63137 
 137.2833      53.6345 
 137.3115      53.63881 
 137.3382      53.653 
 137.348       53.65617 
 137.3835      53.66767 
 137.4011      53.67003 
 137.4787      53.67164 
 137.4941      53.66789 
 137.5006      53.66378 
 137.4961      53.6532 
 137.4993      53.65056 
 137.5032      53.65134 
 137.5073      53.65439 
 137.5108      53.66225 
 137.5107      53.66284 
 137.5058      53.68442 
 137.5118      53.6945 
 137.5193      53.69972 
 137.5442      53.70981 
 137.5485      53.71422 
 137.5481      53.722 
 137.565       53.72895 
 137.5723      53.74403 
 137.5706      53.761 
 137.5761      53.76928 
 137.5783      53.77042 
 137.583       53.77292 
 137.5977      53.76895 
 137.6036      53.76967 
 137.6073      53.7725 
 137.6103      53.77881 
 137.6075      53.81503 
 137.6094      53.82275 
 137.6147      53.82873 
 137.6383      53.83978 
 137.65        53.84781 
 137.6639      53.86539 
 137.666       53.86803 
 137.6723      53.86939 
 137.6774      53.86259 
 137.685       53.86139 
 137.6894      53.86306 
 137.7056      53.87642 
 137.7168      53.88056 
 137.7342      53.88336 
 137.7452      53.88889 
 137.7552      53.89147 
 137.7655      53.8975 
 137.7806      53.89739 
 137.7928      53.90264 
 137.8103      53.90381 
 137.8169      53.91134 
 137.8206      53.91936 
 137.8302      53.94058 
 137.8411      53.95139 
 137.8613      53.96548 
 137.8596      53.96806 
 137.8492      53.96847 
 137.8133      53.95931 
 137.7738      53.95692 
 137.7446      53.958 
 137.741       53.95814 
 137.7213      53.96231 
 137.6672      53.96453 
 137.6311      53.96359 
 137.6133      53.95322 
 137.6055      53.95239 
 137.5932      53.9535 
 137.5725      53.95997 
 137.5494      53.97056 
 137.5351      53.97709 
 137.4957      54.00206 
 137.4773      54.01164 
 137.4481      54.03417 
 137.4406      54.03625 
 137.4288      54.03506 
 137.421       54.0312 
 137.4086      54.03506 
 137.3961      54.04436 
 137.3934      54.04634 
 137.3813      54.06164 
 137.3751      54.06206 
 137.3754      54.05703 
 137.384       54.04942 
 137.3886      54.04056 
 137.387       54.03628 
 137.3821      54.03417 
 137.3547      54.03556 
 137.3321      54.03953 
 137.3189      54.04339 
 137.305       54.05189 
 137.3027      54.05653 
 137.3095      54.07181 
 137.3276      54.11286 
 137.345       54.12736 
 137.3761      54.13453 
 137.4018      54.13434 
 137.4524      54.1422 
 137.4675      54.14167 
 137.4738      54.13822 
 137.4767      54.13264 
 137.4765      54.12867 
 137.4763      54.12442 
 137.4636      54.0947 
 137.459       54.08845 
 137.4517      54.08459 
 137.427       54.07903 
 137.4208      54.07536 
 137.4229      54.073 
 137.4307      54.07342 
 137.4753      54.08742 
 137.4804      54.09181 
 137.4845      54.1067 
 137.4872      54.11672 
 137.4943      54.12539 
 137.5048      54.13347 
 137.5292      54.1427 
 137.5325      54.14531 
 137.536       54.1557 
 137.5552      54.16439 
 137.5598      54.17178 
 137.5723      54.17911 
 137.5872      54.19139 
 137.5966      54.19631 
 137.6001      54.2035 
 137.6036      54.20464 
 137.6139      54.20803 
 137.6187      54.21359 
 137.6261      54.21653 
 137.6311      54.22389 
 137.6332      54.2325 
 137.6424      54.24153 
 137.6683      54.25408 
 137.6782      54.26675 
 137.7053      54.28225 
 137.7363      54.29458 
 137.7388      54.29642 
 137.7418      54.29872 
 137.7435      54.30736 
 137.7405      54.3157 
 137.7376      54.31786 
 137.7333      54.31711 
 137.7252      54.3117 
 137.7137      54.31006 
 137.7082      54.31667 
 137.6802      54.31495 
 137.6715      54.31047 
 137.6621      54.30258 
 137.637       54.29389 
 137.6292      54.29486 
 137.6189      54.30047 
 137.61        54.3015 
 137.6045      54.30078 
 137.5951      54.2962 
 137.5871      54.29225 
 137.5703      54.29195 
 137.5587      54.28939 
 137.523       54.29567 
 137.5147      54.29872 
 137.5048      54.305 
 137.496       54.30645 
 137.4809      54.304 
 137.4724      54.305 
 137.4621      54.31131 
 137.455       54.31109 
 137.4414      54.29989 
 137.4334      54.29789 
 137.4125      54.30434 
 137.4105      54.30439 
 137.4063      54.30456 
 137.3936      54.29881 
 137.39        54.29458 
 137.3998      54.28281 
 137.3958      54.27836 
 137.3514      54.2632 
 137.3235      54.26939 
 137.321       54.26767 
 137.3236      54.26253 
 137.3198      54.2597 
 137.3072      54.25897 
 137.279       54.24506 
 137.2775      54.24211 
 137.2808      54.24042 
 137.2976      54.24056 
 137.3007      54.23542 
 137.3002      54.23042 
 137.2966      54.22595 
 137.2762      54.2127 
 137.2642      54.20898 
 137.2509      54.2092 
 137.2375      54.21192 
 137.2262      54.21961 
 137.2196      54.22028 
 137.2116      54.21759 
 137.2052      54.21228 
 137.1976      54.21047 
 137.1962      54.20825 
 137.2049      54.20064 
 137.1967      54.18798 
 137.1786      54.18231 
 137.1667      54.17628 
 137.1346      54.17047 
 137.1269      54.16728 
 137.1153      54.1592 
 137.1095      54.15206 
 137.1184      54.14264 
 137.1159      54.14089 
 137.0999      54.14072 
 137.0943      54.13839 
 137.0904      54.13072 
 137.0919      54.12564 
 137.0951      54.12258 
 137.1214      54.12036 
 137.1239      54.11931 
 137.1266      54.11814 
 137.1316      54.11295 
 137.1323      54.10811 
 137.1259      54.09323 
 137.1188      54.08845 
 137.1353      54.08172 
 137.1435      54.07392 
 137.1568      54.06661 
 137.1613      54.06122 
 137.1616      54.0555 
 137.1555      54.04447 
 137.1565      54.03873 
 137.1608      54.03517 
 137.1665      54.03314 
 137.1781      54.033 
 137.1888      54.03517 
 137.2033      54.03448 
 137.2043      54.03442 
 137.2216      54.04139 
 137.2359      54.04389 
 137.2448      54.04384 
 137.258       54.05231 
 137.276       54.05378 
 137.2951      54.0465 
 137.3047      54.03678 
 137.3085      54.02798 
 137.3082      54.02159 
 137.3043      54.01303 
 137.3005      54.01406 
 137.298       54.01986 
 137.2942      54.02022 
 137.2833      54.00478 
 137.2699      53.98559 
 137.2589      53.96081 
 137.2376      53.93156 
 137.2313      53.9262 
 137.2245      53.92034 
 137.2227      53.90964 
 137.2212      53.90839 
 137.2155      53.90372 
 137.2143      53.89506 
 137.208       53.88909 
 137.205       53.8862 
 137.2045      53.8812 
 137.2093      53.87028 
 137.2051      53.85442 
 137.1954      53.84192 
 137.1731      53.82689 
 137.1418      53.81053 
 137.1256      53.80559 
 137.1146      53.80386 
 137.1027      53.80448 
 137.0925      53.80767 
 137.088       53.80908 
 137.0825      53.81589 
 137.0802      53.82923 
 137.0755      53.83256 
 137.0734      53.83906 
 137.069       53.8417 
 137.0033      53.84195 
 136.9817      53.84675 
 136.9699      53.84506 
 136.9597      53.84698 
 136.9515      53.85089 
 136.9454      53.85131 
 136.9424      53.84775 
 136.943       53.84223 
 136.9413      53.84103 
 136.9336      53.83567 
 136.9181      53.8357 
 136.9002      53.83006 
 136.8859      53.82981 
 136.8655      53.82539 
 136.8598      53.82214 
 136.8661      53.80617 
 136.8619      53.79831 
 136.8513      53.79053 
 136.8343      53.77811 
 136.8277      53.77692 
 136.8203      53.77556 
 136.8146      53.77275 
 136.8115      53.76758 
 136.8128      53.76592 
 136.813       53.76589 
 136.8132      53.7657 
 136.8039      53.76117 
 136.796       53.76142 
 136.7925      53.76153 
 136.7897      53.76161 
 136.788       53.75936 
 136.7805      53.76164 
 136.7764      53.76795 
 136.7687      53.77342 
 136.7518      53.77895 
 136.7362      53.78125 
 136.7308      53.78261 
 136.7289      53.78309 
 136.715       53.79183 
 136.7128      53.79634 
 136.7142      53.80292 
 136.7146      53.80498 
 136.713       53.81278 
 136.7023      53.82339 
 136.7022      53.83664 
 136.6943      53.84923 
 136.7023      53.86089 
 136.7         53.86667 
 136.6907      53.87059 
 136.6873      53.89059 
 136.6892      53.89533 
 136.696       53.89764 
 136.6936      53.9007 
 136.6939      53.90525 
 136.6926      53.90848 
 136.6801      53.91595 
 136.6783      53.91806 
 136.6841      53.93159 
 136.6822      53.94195 
 136.6913      53.96225 
 136.6908      53.96592 
 136.6991      53.97734 
 136.6987      53.98214 
 136.6904      53.98881 
 136.6981      53.99292 
 136.702       53.99784 
 136.6991      54.01003 
 136.7018      54.01498 
 136.7247      54.02922 
 136.7284      54.03158 
 136.7458      54.03953 
 136.7645      54.04517 
 136.7711      54.04564 
 136.7695      54.0537 
 136.7888      54.057 
 136.7946      54.06072 
 136.7932      54.06306 
 136.779       54.06898 
 136.7758      54.07317 
 136.7762      54.07772 
 136.7903      54.09308 
 136.7994      54.09945 
 136.8036      54.10664 
 136.7974      54.11253 
 136.7879      54.11467 
 136.7761      54.11728 
 136.7713      54.12017 
 136.7718      54.12245 
 136.7778      54.12409 
 136.7863      54.12339 
 136.7996      54.12825 
 136.8093      54.13275 
 136.816       54.14286 
 136.8138      54.14953 
 136.8092      54.15425 
 136.8134      54.1667 
 136.809       54.17436 
 136.8038      54.17728 
 136.7953      54.17911 
 136.7854      54.18992 
 136.7664      54.19186 
 136.7643      54.20131 
 136.7633      54.20567 
 136.7484      54.21409 
 136.7558      54.21753 
 136.7815      54.21725 
 136.7894      54.21862 
 136.7975      54.2225 
 136.8005      54.23061 
 136.8079      54.23475 
 136.8066      54.24259 
 136.804       54.25772 
 136.7997      54.25761 
 136.7927      54.25347 
 136.7873      54.25408 
 136.7772      54.25872 
 136.7685      54.27178 
 136.7568      54.28036 
 136.7551      54.28795 
 136.7768      54.296 
 136.7882      54.29681 
 136.7943      54.29434 
 136.802       54.29367 
 136.8085      54.29623 
 136.8131      54.2995 
 136.819       54.3135 
 136.8174      54.31811 
 136.8168      54.31998 
 136.8093      54.32361 
 136.7918      54.32506 
 136.7576      54.34525 
 136.7524      54.35295 
 136.7526      54.35614 
 136.7662      54.377 
 136.7661      54.38545 
 136.7498      54.40603 
 136.7515      54.41147 
 136.7588      54.4147 
 136.7619      54.41764 
 136.7673      54.42289 
 136.7745      54.42498 
 136.7856      54.42578 
 136.7906      54.4245 
 136.7944      54.40061 
 136.7988      54.39753 
 136.8264      54.41706 
 136.8321      54.42442 
 136.8313      54.429 
 136.8116      54.45061 
 136.8084      54.45848 
 136.8109      54.4607 
 136.8166      54.46258 
 136.8279      54.46636 
 136.8318      54.47106 
 136.8288      54.47639 
 136.833       54.47992 
 136.8543      54.48089 
 136.8564      54.48311 
 136.8534      54.48481 
 136.8352      54.4865 
 136.8272      54.49039 
 136.8149      54.50217 
 136.82        54.51984 
 136.8359      54.52256 
 136.84        54.52861 
 136.8353      54.53814 
 136.8395      54.5412 
 136.8513      54.54014 
 136.8543      54.53986 
 136.856       54.54095 
 136.8545      54.546 
 136.8605      54.5527 
 136.8687      54.55633 
 136.8864      54.55603 
 136.8874      54.5585 
 136.8711      54.57842 
 136.8599      54.58561 
 136.8532      54.58559 
 136.8369      54.57923 
 136.8315      54.57962 
 136.8248      54.58895 
 136.8159      54.59056 
 136.8106      54.59325 
 136.81        54.59531 
 136.8231      54.60522 
 136.8238      54.60909 
 136.8208      54.61087 
 136.8167      54.61339 
 136.8147      54.61733 
 136.8187      54.62317 
 136.8312      54.63125 
 136.8385      54.63833 
 136.8388      54.64153 
 136.8306      54.64178 
 136.8191      54.63617 
 136.809       54.6335 
 136.774       54.63384 
 136.7675      54.63175 
 136.7663      54.62653 
 136.7699      54.61886 
 136.7593      54.61417 
 136.7546      54.60928 
 136.7379      54.60289 
 136.7266      54.6025 
 136.7162      54.60214 
 136.7058      54.59536 
 136.6879      54.60295 
 136.6633      54.60981 
 136.6513      54.61609 
 136.652       54.62475 
 136.6628      54.63656 
 136.6601      54.64234 
 136.671       54.65506 
 136.6696      54.66195 
 136.6761      54.67364 
 136.6748      54.67689 
 136.6656      54.67464 
 136.6646      54.67303 
 136.6517      54.65059 
 136.623       54.63653 
 136.6234      54.62692 
 136.6192      54.61859 
 136.6116      54.61217 
 136.5751      54.59833 
 136.5293      54.58747 
 136.505       54.58287 
 136.4813      54.58167 
 136.4468      54.58261 
 136.4216      54.58692 
 136.4092      54.58667 
 136.407       54.58662 
 136.3917      54.582 
 136.384       54.5847 
 136.3805      54.59028 
 136.376       54.592 
 136.3661      54.59133 
 136.3466      54.58406 
 136.3361      54.58478 
 136.3314      54.59039 
 136.3039      54.59681 
 136.2936      54.59547 
 136.2705      54.586 
 136.2646      54.58658 
 136.2548      54.59164 
 136.2377      54.59367 
 136.2331      54.59606 
 136.2336      54.59981 
 136.2341      54.60425 
 136.23        54.60664 
 136.1967      54.60311 
 136.1924      54.59867 
 136.155       54.59225 
 136.1444      54.59228 
 136.1382      54.59425 
 136.1229      54.59417 
 136.1118      54.59239 
 136.1053      54.59003 
 136.099       54.584 
 136.0904      54.57986 
 136.0662      54.58225 
 136.054       54.58117 
 136.0472      54.57809 
 136.0276      54.56922 
 136           54.56381 
 1             2 
1
 -9999.0   ,   9990.0 
 15 
 136.5262      54.93659 
 136.5379      54.94403 
 136.5485      54.9435 
 136.5526      54.94522 
 136.5711      54.94289 
 136.5711      54.94747 
 136.5674      54.95145 
 136.5604      54.9537 
 136.5433      54.95256 
 136.5126      54.95545 
 136.5016      54.95231 
 136.5002      54.9487 
 136.5031      54.9452 
 136.5207      54.93695 
 136.5262      54.93659 
 1             3 
1
 -9999.0   ,   9990.0 
 72 
 137.077       55 
 137.0598      54.97275 
 137.0611      54.96631 
 137.0668      54.9595 
 137.0784      54.95278 
 137.0875      54.94745 
 137.0921      54.94158 
 137.0868      54.93581 
 137.0888      54.93117 
 137.0761      54.92333 
 137.0654      54.90998 
 137.0576      54.90725 
 137.0404      54.90573 
 137.0303      54.90786 
 137.0171      54.90645 
 136.9857      54.9097 
 136.9473      54.91064 
 136.9397      54.91325 
 136.935       54.91489 
 136.9312      54.9255 
 136.9346      54.92745 
 136.9445      54.92739 
 136.9478      54.93278 
 136.945       54.93764 
 136.9341      54.94392 
 136.9172      54.9497 
 136.9032      54.95375 
 136.8958      54.95009 
 136.8859      54.95039 
 136.8791      54.94533 
 136.8598      54.94317 
 136.8639      54.93939 
 136.8732      54.93706 
 136.8869      54.93961 
 136.8907      54.93745 
 136.883       54.9315 
 136.8777      54.93031 
 136.8359      54.9377 
 136.8303      54.9365 
 136.8208      54.92831 
 136.8271      54.91878 
 136.8169      54.91609 
 136.8154      54.9157 
 136.7912      54.92484 
 136.7811      54.9272 
 136.7666      54.92417 
 136.7638      54.91992 
 136.7666      54.9107 
 136.7832      54.88784 
 136.7815      54.88539 
 136.7636      54.87995 
 136.7536      54.87522 
 136.7447      54.87684 
 136.7159      54.88725 
 136.7096      54.88833 
 136.7051      54.88606 
 136.6993      54.88317 
 136.6938      54.88353 
 136.6881      54.89147 
 136.6766      54.89111 
 136.676       54.90734 
 136.6904      54.92314 
 136.6919      54.92745 
 136.6889      54.93828 
 136.6939      54.94589 
 136.7041      54.95384 
 136.7157      54.96011 
 136.7485      54.97245 
 136.7529      54.97481 
 136.7723      54.98545 
 136.7828      54.992 
 136.7916      55 
 1             4 
1
 -9999.0   ,   9990.0 
 7 
 136.9263      54.89323 
 136.9327      54.89347 
 136.9385      54.90039 
 136.9361      54.90456 
 136.9311      54.90608 
 136.9223      54.89653 
 136.9263      54.89323 
 1             5 
1
 -9999.0   ,   9990.0 
 123 
 137.4374      55 
 137.4274      54.99575 
 137.4123      54.99192 
 137.3966      54.97806 
 137.3982      54.96659 
 137.3902      54.95909 
 137.3787      54.95242 
 137.3431      54.93186 
 137.3352      54.92414 
 137.3288      54.912 
 137.3103      54.89753 
 137.2974      54.87556 
 137.2797      54.85192 
 137.2768      54.8442 
 137.2716      54.82981 
 137.2705      54.80653 
 137.2626      54.78692 
 137.2554      54.778 
 137.2544      54.77209 
 137.241       54.7595 
 137.2462      54.75614 
 137.2553      54.75653 
 137.2629      54.75353 
 137.2745      54.75886 
 137.2838      54.75695 
 137.2907      54.76314 
 137.2988      54.76514 
 137.3023      54.76892 
 137.3097      54.7712 
 137.3085      54.78356 
 137.3168      54.78739 
 137.3259      54.78734 
 137.3445      54.79881 
 137.3638      54.80639 
 137.3769      54.80686 
 137.3793      54.81547 
 137.3858      54.82028 
 137.3973      54.82447 
 137.4049      54.8377 
 137.4168      54.85012 
 137.4187      54.85209 
 137.4264      54.85411 
 137.4517      54.85392 
 137.4695      54.86109 
 137.4763      54.86153 
 137.4904      54.8567 
 137.5179      54.83906 
 137.5352      54.82339 
 137.5469      54.80606 
 137.5572      54.76889 
 137.5628      54.76525 
 137.5823      54.75978 
 137.5901      54.7547 
 137.5913      54.75206 
 137.5943      54.74564 
 137.6009      54.7335 
 137.6179      54.72606 
 137.6356      54.6925 
 137.648       54.67856 
 137.6505      54.66956 
 137.6614      54.66092 
 137.664       54.6485 
 137.6714      54.64 
 137.6812      54.63459 
 137.6829      54.63364 
 137.6959      54.62928 
 137.7001      54.62453 
 137.7038      54.61161 
 137.7086      54.6087 
 137.7161      54.60864 
 137.7264      54.61328 
 137.7267      54.62334 
 137.736       54.63236 
 137.7347      54.63883 
 137.7452      54.64484 
 137.7515      54.65217 
 137.7681      54.65956 
 137.7753      54.67506 
 137.7792      54.67767 
 137.786       54.679 
 137.7885      54.67897 
 137.8077      54.67864 
 137.8132      54.68964 
 137.8202      54.69214 
 137.8379      54.69492 
 137.8509      54.70242 
 137.8563      54.70381 
 137.882       54.74309 
 137.889       54.749 
 137.9008      54.75197 
 137.9143      54.75261 
 137.93        54.75161 
 137.9323      54.75147 
 137.9461      54.7475 
 137.9533      54.74792 
 137.9669      54.75975 
 137.9812      54.764 
 138.0032      54.77984 
 138.0111      54.7905 
 138.0151      54.80384 
 138.0134      54.81673 
 138.0017      54.84511 
 137.9988      54.85203 
 137.9974      54.86375 
 138.0006      54.88078 
 137.9997      54.90047 
 137.9957      54.91048 
 137.9996      54.91625 
 138.0077      54.92145 
 138.0226      54.92703 
 138.0363      54.93861 
 138.046       54.93687 
 138.0522      54.93892 
 138.0553      54.95092 
 138.0565      54.95545 
 138.064       54.96498 
 138.1121      54.99214 
 138.1261      54.99639 
 138.1365      54.99689 
 138.156       54.99039 
 138.1782      54.9895 
 138.1855      54.99081 
 138.1939      55 
 1             6 
1
 -9999.0   ,   9990.0 
 14 
 138.2091      54.69303 
 138.2374      54.70217 
 138.245       54.70597 
 138.2483      54.71042 
 138.2459      54.71395 
 138.2403      54.71622 
 138.2221      54.71628 
 138.2137      54.71823 
 138.1823      54.71375 
 138.1792      54.71045 
 138.1827      54.70392 
 138.1991      54.69867 
 138.2044      54.69367 
 138.2091      54.69303 
 1             7 
1
 -9999.0   ,   9990.0 
 40 
 136.4583      54.61975 
 136.4627      54.62034 
 136.4713      54.63517 
 136.4651      54.64014 
 136.4623      54.64548 
 136.4588      54.64578 
 136.4526      54.63728 
 136.4397      54.63372 
 136.4211      54.63195 
 136.4038      54.6317 
 136.3723      54.63778 
 136.357       54.64297 
 136.3434      54.65084 
 136.3336      54.66161 
 136.334       54.6637 
 136.335       54.66956 
 136.3491      54.66897 
 136.3549      54.67203 
 136.3422      54.68103 
 136.3387      54.68775 
 136.3338      54.68947 
 136.3063      54.68559 
 136.2941      54.68659 
 136.2819      54.69214 
 136.276       54.69184 
 136.271       54.68831 
 136.266       54.6745 
 136.2693      54.671 
 136.2815      54.6652 
 136.2854      54.65917 
 136.2857      54.65322 
 136.2907      54.64945 
 136.2973      54.64448 
 136.3154      54.64517 
 136.3469      54.64003 
 136.3802      54.62775 
 136.3915      54.62609 
 136.4145      54.62731 
 136.4516      54.62381 
 136.4583      54.61975 
 1             8 
1
 -9999.0   ,   9990.0 
 10 
 137.0799      54.58756 
 137.0903      54.60209 
 137.0994      54.60706 
 137.0977      54.60961 
 137.0759      54.60781 
 137.0648      54.6022 
 137.0637      54.59859 
 137.0677      54.59159 
 137.0756      54.58792 
 137.0799      54.58756 
 1             9 
1
 -9999.0   ,   9990.0 
 12 
 139.2149      54.5722 
 139.2321      54.57159 
 139.2617      54.58525 
 139.2739      54.60161 
 139.2716      54.60723 
 139.2657      54.60453 
 139.2556      54.5945 
 139.2433      54.58867 
 139.2159      54.58453 
 139.2087      54.5812 
 139.2078      54.57759 
 139.2149      54.5722 
 1             10 
1
 -9999.0   ,   9990.0 
 58 
 137.6563      54.37734 
 137.6617      54.38034 
 137.6611      54.38517 
 137.6559      54.39153 
 137.6428      54.40139 
 137.6374      54.40959 
 137.6189      54.42031 
 137.6176      54.42609 
 137.6203      54.43628 
 137.6302      54.45214 
 137.6389      54.45642 
 137.6473      54.45839 
 137.6489      54.46267 
 137.6426      54.4732 
 137.6462      54.47742 
 137.657       54.48181 
 137.6622      54.48392 
 137.6645      54.48681 
 137.659       54.49456 
 137.665       54.50281 
 137.6582      54.50578 
 137.6451      54.50809 
 137.6396      54.51173 
 137.6393      54.52684 
 137.6274      54.54098 
 137.6269      54.55448 
 137.6226      54.55533 
 137.6153      54.55284 
 137.6098      54.54503 
 137.5956      54.54189 
 137.5931      54.53236 
 137.585       54.53131 
 137.5807      54.53075 
 137.5766      54.52495 
 137.5748      54.51564 
 137.5624      54.50603 
 137.5646      54.50045 
 137.5766      54.49889 
 137.5769      54.49431 
 137.5701      54.48539 
 137.575       54.46442 
 137.5823      54.45959 
 137.5946      54.46097 
 137.5973      54.45631 
 137.5858      54.42881 
 137.5836      54.42364 
 137.5779      54.41745 
 137.5526      54.40759 
 137.5462      54.40256 
 137.5498      54.39581 
 137.5669      54.39061 
 137.5787      54.38425 
 137.6076      54.38322 
 137.6164      54.38495 
 137.618       54.39267 
 137.6316      54.39128 
 137.641       54.3882 
 137.6563      54.37734 
 1             11 
1
 -9999.0   ,   9990.0 
 44 
 137.7249      54.35242 
 137.7438      54.3602 
 137.7617      54.36272 
 137.7733      54.36936 
 137.8293      54.37939 
 137.8364      54.3837 
 137.8422      54.39011 
 137.8451      54.40192 
 137.8574      54.41403 
 137.8547      54.42464 
 137.8594      54.43178 
 137.8682      54.43739 
 137.8796      54.44039 
 137.9002      54.44281 
 137.9185      54.4485 
 137.9318      54.45167 
 137.9485      54.45331 
 137.9542      54.45561 
 137.9574      54.45892 
 137.9547      54.46314 
 137.9461      54.47034 
 137.9414      54.47714 
 137.9283      54.48611 
 137.9254      54.49217 
 137.9149      54.49303 
 137.8933      54.48609 
 137.8915      54.48614 
 137.8659      54.48689 
 137.849       54.4832 
 137.8456      54.48103 
 137.8375      54.46142 
 137.8274      54.44764 
 137.8328      54.43281 
 137.8282      54.42678 
 137.7937      54.40886 
 137.7809      54.39784 
 137.7764      54.39397 
 137.7575      54.38964 
 137.7465      54.38159 
 137.72        54.37595 
 137.7165      54.37261 
 137.7137      54.35764 
 137.7187      54.35311 
 137.7249      54.35242 
 1             12 
1
 -9999.0   ,   9990.0 
 14 
 139.7675      54.33114 
 139.7828      54.33836 
 139.7969      54.34125 
 139.805       54.34795 
 139.8036      54.351 
 139.7834      54.34978 
 139.7748      54.3555 
 139.7713      54.35525 
 139.7662      54.35 
 139.755       54.34672 
 139.75        54.34217 
 139.7516      54.33497 
 139.7582      54.33164 
 139.7675      54.33114 
 1             13 
1
 -9999.0   ,   9990.0 
 11 
 142.5635      54.28409 
 142.5747      54.2867 
 142.5815      54.28645 
 142.5847      54.28967 
 142.5746      54.29728 
 142.5724      54.30448 
 142.5618      54.30056 
 142.5533      54.30136 
 142.5267      54.29289 
 142.5455      54.29139 
 142.5635      54.28409 
 1             14 
1
 -9999.0   ,   9990.0 
 14 
 140.7415      53.13214 
 140.7576      53.13664 
 140.7748      53.1367 
 140.7807      53.136 
 140.8174      53.1317 
 140.8243      53.12842 
 140.8297      53.12583 
 140.834       53.11984 
 140.8433      53.11809 
 140.8542      53.11095 
 140.8595      53.09545 
 140.8661      53.08745 
 140.8676      53.08092 
 140.8756      53.08161 
 1             15 
1
 -9999.0   ,   9990.0 
 158 
 141.675       51.74445 
 141.6823      51.73761 
 141.688       51.73417 
 141.6913      51.73214 
 141.736       51.71389 
 141.7621      51.70137 
 141.8035      51.67803 
 141.8281      51.65573 
 141.8341      51.64942 
 141.8557      51.6267 
 141.8818      51.60656 
 141.8912      51.6015 
 141.8987      51.60075 
 141.9009      51.60053 
 141.9164      51.62487 
 141.918       51.62731 
 141.9251      51.63531 
 141.934       51.64109 
 141.9374      51.63392 
 141.9362      51.62756 
 141.9371      51.62464 
 141.9385      51.62047 
 141.9353      51.61336 
 141.9373      51.61045 
 141.9583      51.60631 
 141.9629      51.60158 
 141.9597      51.60228 
 141.9517      51.59897 
 141.948       51.59156 
 141.949       51.58789 
 141.9524      51.57431 
 141.9497      51.57381 
 141.949       51.57434 
 141.9461      51.57639 
 141.9433      51.58042 
 141.9392      51.58634 
 141.9237      51.58039 
 141.9235      51.57742 
 141.9274      51.57114 
 141.9432      51.55912 
 141.9783      51.53895 
 141.9954      51.5245 
 141.9991      51.51786 
 141.9995      51.51706 
 142           51.51658 
 142.0115      51.51461 
 142.0576      51.48595 
 142.0767      51.47148 
 142.0828      51.46064 
 142.0853      51.44956 
 142.084       51.43931 
 142.0812      51.43495 
 142.0624      51.42889 
 142.0759      51.41578 
 142.0802      51.41159 
 142.0811      51.39942 
 142.1229      51.35464 
 142.1303      51.34114 
 142.166       51.31825 
 142.1724      51.3095 
 142.174       51.2915 
 142.1747      51.28225 
 142.1644      51.27686 
 142.1624      51.27211 
 142.1682      51.26242 
 142.1693      51.257 
 142.1694      51.2565 
 142.1829      51.23792 
 142.1837      51.22784 
 142.1892      51.21812 
 142.2342      51.1747 
 142.2494      51.14659 
 142.2483      51.12736 
 142.2484      51.12645 
 142.2519      51.09859 
 142.249       51.0622 
 142.2436      51.03437 
 142.2352      51.01136 
 142.2298      51.00223 
 142.2145      50.97614 
 142.1798      50.93389 
 142.169       50.92361 
 142.1594      50.91664 
 142.137       50.90042 
 142.1328      50.89825 
 142.1281      50.89581 
 142.1188      50.89303 
 142.116       50.8905 
 142.1154      50.86881 
 142.1101      50.84903 
 142.1076      50.84547 
 142.0979      50.83125 
 142.0871      50.82262 
 142.0864      50.817 
 142.0897      50.80975 
 142.0934      50.80164 
 142.0934      50.79195 
 142.0894      50.77667 
 142.0918      50.77178 
 142.0904      50.76036 
 142.0934      50.75 
 142.0862      50.74206 
 142.0923      50.73147 
 142.0915      50.7222 
 142.0876      50.71406 
 142.0769      50.70748 
 142.073       50.69028 
 142.0694      50.67461 
 142.0637      50.66308 
 142.0486      50.60753 
 142.0476      50.58047 
 142.0504      50.57009 
 142.0482      50.56645 
 142.0402      50.55153 
 142.0461      50.52434 
 142.0444      50.5182 
 142.0575      50.50447 
 142.0736      50.4677 
 142.0847      50.44678 
 142.0926      50.43184 
 142.1007      50.42 
 142.1183      50.405 
 142.1204      50.39595 
 142.1373      50.38111 
 142.1457      50.36309 
 142.1458      50.34145 
 142.1489      50.33125 
 142.1496      50.32928 
 142.1509      50.31233 
 142.1464      50.30392 
 142.1386      50.29778 
 142.1319      50.29725 
 142.1229      50.29909 
 142.1209      50.29456 
 142.1322      50.28762 
 142.1361      50.28214 
 142.1379      50.27306 
 142.1486      50.26559 
 142.1523      50.25964 
 142.1502      50.24773 
 142.154       50.23881 
 142.1533      50.22909 
 142.1526      50.22703 
 142.1487      50.21537 
 142.152       50.19073 
 142.1603      50.18031 
 142.1565      50.17239 
 142.1579      50.16817 
 142.1669      50.14139 
 142.1676      50.073 
 142.1649      50.05489 
 142.1632      50.04342 
 142.1631      50.04317 
 142.1571      50.03117 
 142.148       50.02286 
 142.1464      50.01767 
 142.1551      50.00589 
 142.1543      50 
 1             16 
1
 -9999.0   ,   9990.0 
 125 
 138.276       53.50817 
 138.2911      53.51234 
 138.3182      53.50478 
 138.3424      53.50122 
 138.3584      53.50031 
 138.382       53.50181 
 138.4106      53.50675 
 138.4603      53.52061 
 138.4728      53.52534 
 138.4772      53.52698 
 138.4928      53.53431 
 138.5148      53.54778 
 138.5224      53.56003 
 138.5393      53.56845 
 138.5449      53.57689 
 138.555       53.58356 
 138.5671      53.60064 
 138.5895      53.61889 
 138.5951      53.62461 
 138.6213      53.65136 
 138.626       53.65848 
 138.6265      53.66809 
 138.6417      53.68159 
 138.6605      53.708 
 138.6661      53.72745 
 138.6631      53.74008 
 138.6705      53.75267 
 138.6732      53.77087 
 138.6874      53.80045 
 138.6944      53.82189 
 138.7098      53.85075 
 138.7066      53.86175 
 138.7034      53.87278 
 138.7072      53.87858 
 138.7033      53.88998 
 138.7141      53.89864 
 138.7084      53.90256 
 138.7098      53.90434 
 138.721       53.90681 
 138.7132      53.91014 
 138.7221      53.91614 
 138.7188      53.91997 
 138.7308      53.92606 
 138.7321      53.92989 
 138.7402      53.9357 
 138.7373      53.9402 
 138.7538      53.95914 
 138.7571      53.96564 
 138.7668      53.98464 
 138.7659      53.99567 
 138.7688      54.00586 
 138.7643      54.027 
 138.7611      54.04192 
 138.7676      54.06497 
 138.7748      54.0752 
 138.7738      54.07958 
 138.7643      54.08392 
 138.7629      54.08581 
 138.7603      54.08936 
 138.7532      54.08581 
 138.7423      54.08561 
 138.7304      54.0747 
 138.7258      54.07262 
 138.7127      54.0732 
 138.6828      54.05875 
 138.6827      54.05533 
 138.6979      54.04936 
 138.7145      54.04564 
 138.7151      54.04378 
 138.7065      54.04325 
 138.6955      54.04558 
 138.6768      54.05192 
 138.6579      54.05575 
 138.6571      54.05875 
 138.6577      54.0595 
 138.6692      54.07378 
 138.6871      54.08948 
 138.7225      54.13939 
 138.7264      54.15181 
 138.7263      54.169 
 138.7233      54.17573 
 138.7218      54.17903 
 138.7198      54.19609 
 138.7279      54.21378 
 138.7277      54.22114 
 138.7332      54.23303 
 138.7326      54.25273 
 138.7283      54.25842 
 138.7199      54.2627 
 138.6943      54.26453 
 138.6831      54.26892 
 138.6693      54.27725 
 138.665       54.27981 
 138.6566      54.28108 
 138.6587      54.28511 
 138.6724      54.28564 
 138.6856      54.28439 
 138.6924      54.28592 
 138.699       54.2975 
 138.7089      54.29822 
 138.7242      54.30509 
 138.7337      54.30258 
 138.7448      54.30347 
 138.7505      54.29634 
 138.7588      54.29117 
 138.7828      54.2832 
 138.8134      54.2755 
 138.8373      54.26948 
 138.8493      54.2632 
 138.9209      54.2402 
 138.9434      54.23617 
 138.9587      54.23086 
 138.9869      54.22586 
 139.0051      54.22134 
 139.0142      54.21908 
 139.0275      54.21411 
 139.071       54.20792 
 139.0812      54.20464 
 139.1378      54.1937 
 139.1744      54.18767 
 139.2086      54.18458 
 139.2572      54.1802 
 139.2569      54.17814 
 139.2515      54.17678 
 139.2031      54.18089 
 1             17 
1
 -9999.0   ,   9990.0 
 22 
 142.4127      53.56434 
 142.4217      53.56706 
 142.4266      53.56992 
 142.4372      53.57111 
 142.4388      53.57081 
 142.4581      53.56703 
 142.4628      53.57036 
 142.4579      53.57395 
 142.4438      53.5785 
 142.4187      53.59011 
 142.4051      53.59053 
 142.3619      53.57992 
 142.3362      53.56937 
 142.319       53.56653 
 142.3024      53.56156 
 142.288       53.55722 
 142.2823      53.54506 
 142.2812      53.5155 
 142.2814      53.5152 
 142.2818      53.5147 
 142.2851      53.50978 
 142.2946      53.51023 
 1             18 
1
 -9999.0   ,   9990.0 
 9 
 141.0618      53.43228 
 141.072       53.43967 
 141.0783      53.44039 
 141.0796      53.44353 
 141.077       53.44622 
 141.0696      53.44533 
 141.0592      53.43703 
 141.0584      53.43481 
 141.0618      53.43228 
 1             19 
1
 -9999.0   ,   9990.0 
 8 
 143.1441      53.39775 
 143.1471      53.40025 
 143.1367      53.41131 
 143.13        53.40972 
 143.1247      53.40503 
 143.1258      53.40117 
 143.1336      53.40261 
 143.1441      53.39775 
 1             20 
1
 -9999.0   ,   9990.0 
 21 
 141.7011      53.37659 
 141.7041      53.37823 
 141.7039      53.38306 
 141.7103      53.38837 
 141.7256      53.3937 
 141.7688      53.4042 
 141.8053      53.40528 
 141.8157      53.40775 
 141.8198      53.41092 
 141.8176      53.41522 
 141.8078      53.41822 
 141.7956      53.41864 
 141.7756      53.41683 
 141.7593      53.41325 
 141.7378      53.40848 
 141.7127      53.40592 
 141.7004      53.40261 
 141.6891      53.39583 
 141.6841      53.3902 
 141.6856      53.38595 
 141.7011      53.37659 
 1             21 
1
 -9999.0   ,   9990.0 
 39 
 141.3204      53.37189 
 141.3209      53.37439 
 141.3118      53.38098 
 141.1976      53.42425 
 141.1731      53.43506 
 141.1585      53.4397 
 141.1492      53.44097 
 141.145       53.44153 
 141.1276      53.44106 
 141.1029      53.4462 
 141.1008      53.44475 
 141.1183      53.43822 
 141.1387      53.43664 
 141.147       53.43358 
 141.159       53.43186 
 141.1762      53.42498 
 141.1786      53.41722 
 141.1839      53.41481 
 141.1871      53.41528 
 141.189       53.41931 
 141.1965      53.41445 
 141.202       53.41683 
 141.2094      53.41128 
 141.2231      53.40706 
 141.2236      53.407 
 141.2323      53.40608 
 141.2495      53.39734 
 141.2592      53.3875 
 141.2705      53.38397 
 141.2741      53.38098 
 141.2808      53.38006 
 141.2974      53.37389 
 141.2997      53.37495 
 141.2878      53.38406 
 141.2894      53.38639 
 141.2995      53.38339 
 141.3076      53.37297 
 141.3119      53.37567 
 141.3204      53.37189 
 1             22 
1
 -9999.0   ,   9990.0 
 36 
 141.3598      53.33839 
 141.3748      53.32014 
 141.3813      53.31995 
 141.3863      53.32211 
 141.3924      53.32009 
 141.3995      53.32122 
 141.4068      53.31681 
 141.4164      53.315 
 141.4314      53.30709 
 141.4369      53.30578 
 141.4416      53.30845 
 141.4526      53.3017 
 141.4544      53.29536 
 141.4709      53.29286 
 141.4732      53.29478 
 141.4716      53.29856 
 141.4568      53.31175 
 141.4518      53.31325 
 141.4517      53.31695 
 141.4482      53.31786 
 141.4221      53.32472 
 141.3941      53.33789 
 141.3833      53.34136 
 141.3903      53.34312 
 141.3661      53.3497 
 141.3462      53.34989 
 141.3182      53.34606 
 141.3117      53.34211 
 141.3124      53.33978 
 141.3225      53.33634 
 141.3169      53.32889 
 141.3193      53.32714 
 141.3278      53.32711 
 141.3473      53.32706 
 141.3478      53.33209 
 141.3598      53.33839 
 1             23 
1
 -9999.0   ,   9990.0 
 8 
 143.2228      53.08806 
 143.2259      53.09195 
 143.2262      53.10117 
 143.2244      53.10242 
 143.2185      53.10158 
 143.2173      53.09531 
 143.2199      53.0895 
 143.2228      53.08806 
 1             24 
1
 -9999.0   ,   9990.0 
 11 
 140.8477      53.06747 
 140.8492      53.06945 
 140.8458      53.07381 
 140.847       53.07672 
 140.8433      53.07947 
 140.846       53.08139 
 140.8452      53.0835 
 140.8233      53.08489 
 140.8217      53.08248 
 140.8315      53.07498 
 140.8477      53.06747 
 1             25 
1
 -9999.0   ,   9990.0 
 9 
 140.8756      53.08161 
 140.9208      53.07311 
 140.9314      53.06256 
 140.9312      53.05912 
 140.9168      53.0635 
 140.9145      53.06778 
 140.8885      53.07406 
 140.8768      53.07873 
 140.8756      53.08161 
 1             26 
1
 -9999.0   ,   9990.0 
 15 
 141.0671      52.96934 
 141.0704      52.97072 
 141.0631      52.9765 
 141.066       52.97814 
 141.0728      52.97792 
 141.0843      52.97187 
 141.0859      52.97681 
 141.0847      52.98034 
 141.0733      52.98478 
 141.0621      52.98575 
 141.0537      52.98356 
 141.0491      52.97903 
 141.0519      52.97356 
 141.0596      52.97028 
 141.0671      52.96934 
 1             27 
1
 -9999.0   ,   9990.0 
 9 
 141.2345      52.80642 
 141.2284      52.8082 
 141.2163      52.81661 
 141.2129      52.82281 
 141.2223      52.82861 
 141.2258      52.827 
 141.2283      52.81603 
 141.2352      52.80797 
 141.2345      52.80642 
 1             28 
1
 -9999.0   ,   9990.0 
 77 
 140.6491      50.95625 
 140.6427      50.95067 
 140.6349      50.9475 
 140.6037      50.94311 
 140.5796      50.93367 
 140.5646      50.92609 
 140.561       50.92431 
 140.5263      50.8985 
 140.5253      50.89422 
 140.5343      50.89409 
 140.5361      50.89167 
 140.5211      50.88667 
 140.5146      50.87745 
 140.5022      50.86606 
 140.5015      50.86106 
 140.5076      50.84964 
 140.5193      50.83647 
 140.5194      50.8305 
 140.5174      50.82728 
 140.5111      50.81703 
 140.5115      50.80873 
 140.5039      50.80164 
 140.4925      50.78217 
 140.4834      50.77331 
 140.467       50.76359 
 140.4614      50.7575 
 140.4575      50.75134 
 140.4508      50.72534 
 140.4409      50.72183 
 140.4379      50.7172 
 140.4351      50.71278 
 140.4369      50.70809 
 140.4471      50.69961 
 140.4521      50.69011 
 140.4704      50.66873 
 140.4716      50.66475 
 140.4726      50.66192 
 140.4712      50.65122 
 140.4789      50.63809 
 140.491       50.62583 
 140.4868      50.62011 
 140.46        50.60762 
 140.4359      50.57173 
 140.4275      50.5555 
 140.4219      50.54462 
 140.4214      50.53706 
 140.4277      50.52883 
 140.4356      50.50353 
 140.4448      50.49328 
 140.4791      50.46672 
 140.4842      50.4602 
 140.4844      50.45467 
 140.478       50.44614 
 140.4782      50.44289 
 140.4847      50.42939 
 140.4984      50.37797 
 140.5145      50.35281 
 140.5253      50.34175 
 140.5266      50.338 
 140.5111      50.32625 
 140.5074      50.32339 
 140.4994      50.30923 
 140.4965      50.29539 
 140.4957      50.26998 
 140.4933      50.26645 
 140.4976      50.25675 
 140.5059      50.24839 
 140.507       50.23753 
 140.5027      50.21714 
 140.4979      50.20667 
 140.498       50.20539 
 140.499       50.19533 
 140.5054      50.17953 
 140.5075      50.15895 
 140.5111      50.14814 
 140.5184      50.13756 
 140.5445      50.11595 
 1             29 
1
 -9999.0   ,   9990.0 
 7 
 143.2481      52.54856 
 143.2754      52.57653 
 143.2779      52.58131 
 143.2753      52.58367 
 143.2548      52.57567 
 143.2436      52.5485 
 143.2481      52.54856 
 1             30 
1
 -9999.0   ,   9990.0 
 21 
 143.1797      52.39386 
 143.1845      52.41559 
 143.1846      52.43175 
 143.1846      52.43447 
 143.1881      52.43839 
 143.1906      52.43936 
 143.1966      52.4417 
 143.2054      52.44917 
 143.2227      52.45581 
 143.2362      52.45645 
 143.2416      52.46208 
 143.2467      52.46081 
 143.2502      52.45345 
 143.2492      52.45061 
 143.2359      52.44514 
 143.2193      52.43523 
 143.2144      52.43225 
 143.2113      52.42609 
 143.1936      52.40906 
 143.1883      52.39834 
 143.1797      52.39386 
 1             31 
1
 -9999.0   ,   9990.0 
 8 
 143.1198      52.13059 
 143.1124      52.13883 
 143.1056      52.13887 
 143.105       52.13192 
 143.1009      52.12934 
 143.1109      52.12814 
 143.1158      52.12548 
 143.1198      52.13059 
 1             32 
1
 -9999.0   ,   9990.0 
 21 
 143.1375      52.08456 
 143.1399      52.07506 
 143.1383      52.06506 
 143.1416      52.05653 
 143.1399      52.04492 
 143.1422      52.03195 
 143.1396      52.02325 
 143.1444      52.02081 
 143.1529      52.00664 
 143.1528      51.99881 
 143.1564      51.99259 
 143.1574      51.98506 
 143.1608      51.98 
 143.1639      51.9795 
 143.1701      51.98223 
 143.1668      51.99267 
 143.1558      52.02639 
 143.1512      52.05278 
 143.1449      52.06573 
 143.1447      52.07767 
 143.1375      52.08456 
 1             33 
1
 -9999.0   ,   9990.0 
 7 
 143.1812      51.85086 
 143.188       51.86534 
 143.1796      51.86434 
 143.1761      51.86525 
 143.1732      51.86275 
 143.1753      51.853 
 143.1812      51.85086 
 1             34 
1
 -9999.0   ,   9990.0 
 7 
 143.3317      51.67403 
 143.323       51.68406 
 143.3139      51.68531 
 143.311       51.68259 
 143.3196      51.67992 
 143.3248      51.67567 
 143.3317      51.67403 
 1             35 
1
 -9999.0   ,   9990.0 
 10 
 143.2855      51.6692 
 143.2885      51.67584 
 143.2867      51.68836 
 143.2802      51.69647 
 143.2722      51.69756 
 143.2722      51.69342 
 143.2816      51.68806 
 143.2837      51.68428 
 143.2823      51.67084 
 143.2855      51.6692 
 1             36 
1
 -9999.0   ,   9990.0 
 10 
 143.3477      51.65989 
 143.3509      51.66103 
 143.3503      51.66442 
 143.3426      51.67314 
 143.333       51.69692 
 143.3205      51.71681 
 143.3151      51.71784 
 143.3402      51.66722 
 143.347       51.66061 
 143.3477      51.65989 
 1             37 
1
 -9999.0   ,   9990.0 
 8 
 143.2681      51.65839 
 143.271       51.65881 
 143.2725      51.66328 
 143.2669      51.6742 
 143.2624      51.67712 
 143.2595      51.66981 
 143.2649      51.66003 
 143.2681      51.65839 
 1             38 
1
 -9999.0   ,   9990.0 
 6 
 143.331       51.65606 
 143.334       51.66223 
 143.3306      51.66522 
 143.3222      51.66239 
 143.3205      51.6572 
 143.331       51.65606 
 1             39 
1
 -9999.0   ,   9990.0 
 7 
 143.3085      51.64675 
 143.3135      51.64778 
 143.3164      51.6505 
 143.3129      51.65809 
 143.3087      51.6592 
 143.3038      51.65728 
 143.3085      51.64675 
 1             40 
1
 -9999.0   ,   9990.0 
 22 
 140.5498      50.11508 
 140.5547      50.11659 
 140.5633      50.11464 
 140.5735      50.10914 
 140.5908      50.10339 
 140.6089      50.10014 
 140.6653      50.09339 
 140.6797      50.09678 
 140.6841      50.09556 
 140.6872      50.09217 
 140.6863      50.08878 
 140.6683      50.07459 
 140.6631      50.06772 
 140.656       50.05839 
 140.6378      50.05136 
 140.6279      50.04306 
 140.6125      50.04039 
 140.5839      50.02875 
 140.5389      50.01725 
 140.5138      50.0065 
 140.5038      50.00103 
 140.5018      50 
 1             41 
1
 -9999.0   ,   9990.0 
 292 
 140.8756      53.08161 
 140.8781      53.08414 
 140.8846      53.0842 
 140.8977      53.08058 
 140.9213      53.07836 
 140.9349      53.07106 
 140.9556      53.06764 
 140.9807      53.04992 
 140.9842      53.04872 
 140.9882      53.04736 
 141.0034      53.0365 
 141.0172      53.03511 
 141.0236      53.02597 
 141.0423      53.02358 
 141.0549      53.0177 
 141.0666      53.01486 
 141.0837      53.01281 
 141.0919      53.00122 
 141.0979      52.99856 
 141.1091      52.99964 
 141.1154      52.99853 
 141.1238      52.99039 
 141.1388      52.98892 
 141.1456      52.99053 
 141.1539      52.99253 
 141.1626      52.99631 
 141.1867      52.997 
 141.197       53.00297 
 141.1934      53.01056 
 141.2033      53.0145 
 141.2005      53.0202 
 141.2141      53.02136 
 141.2289      53.0252 
 141.2413      53.03675 
 141.2482      53.03884 
 141.2492      53.04245 
 141.2393      53.04447 
 141.2364      53.05136 
 141.2303      53.05567 
 141.2203      53.05912 
 141.2192      53.06064 
 141.2179      53.06242 
 141.2151      53.06634 
 141.2166      53.06809 
 141.2429      53.08011 
 141.2523      53.07947 
 141.2674      53.08306 
 141.2943      53.08353 
 141.3161      53.08228 
 141.3039      53.08884 
 141.33        53.08064 
 141.3422      53.07681 
 141.3632      53.08089 
 141.3636      53.08478 
 141.3615      53.08573 
 141.347       53.09211 
 141.3397      53.10206 
 141.3435      53.10984 
 141.3593      53.11473 
 141.3624      53.11728 
 141.3536      53.13122 
 141.3578      53.13531 
 141.376       53.13845 
 141.3897      53.14645 
 141.3933      53.143 
 141.4046      53.14245 
 141.4133      53.14967 
 141.428       53.15464 
 141.4324      53.15983 
 141.438       53.16114 
 141.4416      53.16197 
 141.4403      53.16506 
 141.4297      53.16761 
 141.4078      53.18728 
 141.4052      53.19206 
 141.4078      53.19947 
 141.4055      53.21158 
 141.4119      53.22081 
 141.3978      53.22339 
 141.3952      53.22295 
 141.3622      53.21753 
 141.3368      53.21881 
 141.3242      53.22289 
 141.3388      53.23156 
 141.3472      53.23306 
 141.3544      53.23878 
 141.3649      53.24172 
 141.3605      53.24503 
 141.3636      53.24734 
 141.3713      53.2475 
 141.3762      53.25209 
 141.3821      53.25781 
 141.3807      53.2602 
 141.3867      53.27175 
 141.4119      53.28934 
 141.4075      53.29675 
 141.4028      53.29984 
 141.396       53.30053 
 141.3784      53.29689 
 141.37        53.29725 
 141.3614      53.3022 
 141.3572      53.30225 
 141.3535      53.29906 
 141.3392      53.29636 
 141.3256      53.29567 
 141.3169      53.29647 
 141.2976      53.30181 
 141.286       53.305 
 141.2765      53.30978 
 141.2711      53.30992 
 141.2543      53.30208 
 141.2418      53.30086 
 141.2256      53.30217 
 141.1964      53.31034 
 141.1876      53.31045 
 141.1318      53.34909 
 141.1296      53.34986 
 141.0972      53.36125 
 141.0879      53.36714 
 141.0789      53.36636 
 141.0729      53.36928 
 141.0805      53.3727 
 141.0893      53.38336 
 141.0962      53.38706 
 141.0996      53.38475 
 141.1048      53.38833 
 141.1065      53.39075 
 141.1028      53.39375 
 141.0925      53.39856 
 141.0869      53.39917 
 141.0747      53.39537 
 141.0331      53.40131 
 141.0284      53.40167 
 141.0016      53.40381 
 140.9878      53.40836 
 140.9817      53.40831 
 140.9797      53.41028 
 140.9843      53.41459 
 140.9824      53.42712 
 140.9902      53.44062 
 140.9891      53.44275 
 140.9706      53.44303 
 140.9592      53.43917 
 140.9468      53.42872 
 140.9438      53.42614 
 140.9346      53.42422 
 140.9078      53.425 
 140.9044      53.42753 
 140.9037      53.42808 
 140.9017      53.42956 
 140.9013      53.4337 
 140.9045      53.439 
 140.9035      53.44389 
 140.9072      53.44964 
 140.906       53.45339 
 140.8953      53.46234 
 140.9093      53.46537 
 140.9159      53.47895 
 140.9238      53.48417 
 140.9267      53.49159 
 140.9346      53.49267 
 140.9393      53.49536 
 140.9474      53.49531 
 141.0191      53.47664 
 141.0244      53.474 
 141.0294      53.46795 
 141.0371      53.46767 
 141.0423      53.46917 
 141.0525      53.46759 
 141.0635      53.46067 
 141.0844      53.45953 
 141.1072      53.44989 
 141.1166      53.44592 
 141.1223      53.446 
 141.0967      53.461 
 141.0855      53.46498 
 141.0683      53.46792 
 140.9586      53.49573 
 140.9513      53.4955 
 140.9486      53.49775 
 140.9079      53.50909 
 140.8921      53.51125 
 140.8548      53.5205 
 140.7657      53.54822 
 140.7651      53.54839 
 140.73        53.56189 
 140.7216      53.56597 
 140.7213      53.56612 
 140.6959      53.57836 
 140.6689      53.58959 
 140.6281      53.6015 
 140.6072      53.61014 
 140.5922      53.61931 
 140.5529      53.64031 
 140.5466      53.6437 
 140.5088      53.66892 
 140.5043      53.67656 
 140.5046      53.68273 
 140.517       53.70539 
 140.5132      53.71045 
 140.5024      53.71753 
 140.4993      53.71875 
 140.4625      53.73323 
 140.4258      53.74231 
 140.3972      53.75159 
 140.3554      53.77037 
 140.3329      53.78134 
 140.3038      53.80483 
 140.2991      53.81384 
 140.2812      53.82978 
 140.248       53.8705 
 140.2487      53.87917 
 140.2537      53.89289 
 140.2544      53.89489 
 140.2826      53.92172 
 140.301       53.92731 
 140.3072      53.93198 
 140.3122      53.94108 
 140.3187      53.94736 
 140.3139      53.9557 
 140.3057      53.96028 
 140.2735      53.96973 
 140.258       53.97039 
 140.2428      53.97692 
 140.2228      53.98553 
 140.206       53.9945 
 140.2009      54.00375 
 140.2086      54.01708 
 140.2085      54.02397 
 140.1968      54.04711 
 140.1879      54.05289 
 140.1701      54.06011 
 140.1579      54.06172 
 140.1448      54.06775 
 140.1369      54.06986 
 140.122       54.07386 
 140.112       54.07925 
 140.0951      54.07859 
 140.0351      54.0932 
 140           54.10364 
 139.999       54.10392 
 139.9707      54.11489 
 139.95        54.12553 
 139.9231      54.13931 
 139.9045      54.15478 
 139.8944      54.16014 
 139.8805      54.16367 
 139.8714      54.17287 
 139.8685      54.17922 
 139.8827      54.18967 
 139.8793      54.19306 
 139.8737      54.19498 
 139.8529      54.18189 
 139.8456      54.18045 
 139.8328      54.18345 
 139.8147      54.18764 
 139.7955      54.19692 
 139.7848      54.20392 
 139.7789      54.21064 
 139.7781      54.21873 
 139.7849      54.2367 
 139.7903      54.26161 
 139.7839      54.28808 
 139.7814      54.28961 
 139.7777      54.28961 
 139.7622      54.28972 
 139.7307      54.29345 
 139.7069      54.28395 
 139.6813      54.27798 
 139.6717      54.27367 
 139.6465      54.25506 
 139.6195      54.24203 
 139.5978      54.23775 
 139.5799      54.23422 
 139.5575      54.22556 
 139.5178      54.21911 
 139.48        54.20412 
 139.4556      54.19756 
 139.443       54.19156 
 139.4383      54.19431 
 139.4291      54.19503 
 139.4199      54.19089 
 139.4088      54.19089 
 139.3898      54.19084 
 139.3742      54.18795 
 139.3638      54.18917 
 139.3423      54.18358 
 139.3257      54.17686 
 139.2775      54.17584 
 139.2463      54.17348 
 139.2179      54.17442 
 139.2021      54.17675 
 1             42 
1
 -9999.0   ,   9990.0 
 1482 
 143.9921      50 
 143.9931      50.00356 
 143.9943      50.00764 
 143.9955      50.0122 
 143.9407      50.08575 
 143.9269      50.10428 
 143.9068      50.12603 
 143.8827      50.15834 
 143.8297      50.23917 
 143.7874      50.31883 
 143.7798      50.33561 
 143.7669      50.37273 
 143.7187      50.49456 
 143.7133      50.51261 
 143.7127      50.52406 
 143.6956      50.58047 
 143.6988      50.60139 
 143.6887      50.63386 
 143.6885      50.64234 
 143.6955      50.65314 
 143.6919      50.66442 
 143.6896      50.67645 
 143.6689      50.73242 
 143.6664      50.74375 
 143.6659      50.77203 
 143.6591      50.78789 
 143.6585      50.78925 
 143.6591      50.80448 
 143.6508      50.81775 
 143.6417      50.85006 
 143.6331      50.86792 
 143.6267      50.88981 
 143.6215      50.92239 
 143.6142      50.941 
 143.6145      50.94609 
 143.6074      50.97692 
 143.5926      51.01509 
 143.5856      51.04064 
 143.5761      51.05912 
 143.5756      51.06645 
 143.5606      51.10298 
 143.5536      51.14234 
 143.534       51.19561 
 143.5257      51.22431 
 143.5246      51.22656 
 143.4833      51.30947 
 143.4786      51.31125 
 143.4785      51.30317 
 143.4883      51.27895 
 143.4884      51.27648 
 143.4886      51.26817 
 143.5         51.25186 
 143.5106      51.23184 
 143.5086      51.22389 
 143.5053      51.22139 
 143.5014      51.2232 
 143.4933      51.219 
 143.4774      51.21545 
 143.4622      51.21678 
 143.4619      51.22275 
 143.4641      51.22495 
 143.4715      51.2245 
 143.4735      51.22809 
 143.4715      51.23142 
 143.4749      51.23278 
 143.4854      51.23114 
 143.4923      51.2385 
 143.4845      51.24145 
 143.4819      51.24612 
 143.4716      51.24889 
 143.4696      51.25197 
 143.4749      51.25992 
 143.4816      51.26128 
 143.4779      51.2707 
 143.4658      51.26625 
 143.463       51.26789 
 143.4619      51.2702 
 143.4612      51.2717 
 143.4631      51.27412 
 143.4702      51.27528 
 143.4651      51.28184 
 143.4632      51.29322 
 143.4604      51.29695 
 143.4537      51.3002 
 143.4256      51.30598 
 143.4202      51.30495 
 143.4114      51.29608 
 143.4082      51.29567 
 143.4066      51.29831 
 143.4097      51.3045 
 143.4087      51.30834 
 143.4135      51.30797 
 143.415       51.31014 
 143.411       51.31678 
 143.4078      51.31817 
 143.4118      51.32281 
 143.4184      51.32486 
 143.4146      51.32806 
 143.4056      51.32725 
 143.3957      51.33167 
 143.3886      51.33189 
 143.3774      51.32886 
 143.3735      51.33023 
 143.372       51.33245 
 143.3775      51.33922 
 143.3709      51.348 
 143.3728      51.35228 
 143.3853      51.35422 
 143.3947      51.35278 
 143.4012      51.35387 
 143.4157      51.36378 
 143.4285      51.36875 
 143.4342      51.36934 
 143.4407      51.36792 
 143.4522      51.36083 
 143.4598      51.34109 
 143.4628      51.33853 
 143.467       51.33764 
 143.4696      51.34195 
 143.4662      51.35139 
 143.4665      51.35439 
 143.467       51.36203 
 143.4546      51.41114 
 143.4527      51.4292 
 143.4503      51.43614 
 143.4283      51.49961 
 143.424       51.51225 
 143.4032      51.55839 
 143.4024      51.56011 
 143.3969      51.5662 
 143.3946      51.56511 
 143.3945      51.55892 
 143.4027      51.54286 
 143.4009      51.52942 
 143.4044      51.51928 
 143.4146      51.51073 
 143.4134      51.49822 
 143.4323      51.45503 
 143.4288      51.44931 
 143.426       51.45303 
 143.4164      51.47795 
 143.4109      51.48428 
 143.407       51.49875 
 143.4027      51.50467 
 143.4009      51.51561 
 143.3966      51.51925 
 143.3912      51.532 
 143.3925      51.54406 
 143.3838      51.56328 
 143.383       51.56422 
 143.3791      51.56898 
 143.3825      51.57978 
 143.3706      51.59833 
 143.3544      51.61131 
 143.3556      51.62153 
 143.3516      51.63022 
 143.3538      51.6345 
 143.3584      51.63389 
 143.3666      51.62245 
 143.3663      51.61508 
 143.3683      51.61198 
 143.3747      51.60917 
 143.3709      51.62503 
 143.3697      51.62714 
 143.3579      51.64767 
 143.3551      51.64681 
 143.3492      51.63811 
 143.337       51.63137 
 143.3284      51.6232 
 143.3257      51.61475 
 143.3261      51.60395 
 143.3313      51.60131 
 143.327       51.581 
 143.3299      51.57428 
 143.3395      51.56342 
 143.3429      51.55442 
 143.3454      51.54792 
 143.3469      51.52339 
 143.3442      51.51975 
 143.3355      51.51459 
 143.3354      51.50423 
 143.3333      51.50317 
 143.3281      51.50789 
 143.3189      51.50775 
 143.3034      51.50353 
 143.2998      51.50536 
 143.2954      51.51153 
 143.2928      51.51664 
 143.2834      51.51742 
 143.2772      51.52161 
 143.2694      51.52178 
 143.2582      51.516 
 143.2521      51.51514 
 143.2433      51.51892 
 143.2346      51.51859 
 143.2277      51.51536 
 143.2263      51.51275 
 143.2358      51.50692 
 143.2311      51.50431 
 143.2244      51.50203 
 143.222       51.50347 
 143.2217      51.50761 
 143.2172      51.50984 
 143.2029      51.51142 
 143.207       51.546 
 143.2087      51.54942 
 143.2117      51.55572 
 143.2316      51.57545 
 143.2347      51.58303 
 143.2284      51.58998 
 143.2235      51.60784 
 143.217       51.61317 
 143.2173      51.61595 
 143.2204      51.61959 
 143.2264      51.617 
 143.2323      51.61647 
 143.2405      51.62275 
 143.2431      51.62914 
 143.2393      51.64731 
 143.2445      51.65364 
 143.2481      51.66514 
 143.243       51.68231 
 143.2433      51.68309 
 143.2451      51.68728 
 143.2649      51.70186 
 143.2681      51.7042 
 143.2756      51.71398 
 143.2773      51.71606 
 143.2802      51.71642 
 143.2939      51.71808 
 143.3003      51.71572 
 143.3059      51.71081 
 143.3108      51.69939 
 143.3085      51.69556 
 143.3102      51.69197 
 143.3145      51.69247 
 143.3168      51.69678 
 143.3154      51.70267 
 143.3143      51.7047 
 143.2982      51.73445 
 143.2968      51.75139 
 143.2857      51.77323 
 143.249       51.82278 
 143.2468      51.8257 
 143.2397      51.83903 
 143.2371      51.84992 
 143.2316      51.856 
 143.2085      51.89792 
 143.2065      51.89622 
 143.2115      51.88645 
 143.2101      51.87736 
 143.2161      51.87234 
 143.2175      51.87117 
 143.2162      51.8635 
 143.2117      51.857 
 143.2084      51.85611 
 143.1993      51.85364 
 143.2011      51.8575 
 143.2018      51.85886 
 143.1995      51.86125 
 143.1953      51.86214 
 143.1927      51.85464 
 143.1896      51.84542 
 143.1949      51.83608 
 143.1941      51.83214 
 143.1859      51.82583 
 143.1799      51.82637 
 143.1728      51.83095 
 143.1686      51.82264 
 143.1643      51.81981 
 143.1469      51.81545 
 143.1449      51.81542 
 143.1401      51.81536 
 143.1346      51.81531 
 143.1317      51.81625 
 143.1287      51.81723 
 143.1218      51.81653 
 143.0847      51.79497 
 143.083       51.79025 
 143.0884      51.78208 
 143.088       51.774 
 143.0839      51.76753 
 143.0691      51.75664 
 143.0688      51.75581 
 143.0657      51.74859 
 143.0615      51.74531 
 143.0447      51.73934 
 143.0349      51.73156 
 143.0299      51.72453 
 143.0262      51.72658 
 143.0353      51.74031 
 143.0599      51.75439 
 143.0637      51.76203 
 143.0819      51.77267 
 143.0835      51.77853 
 143.079       51.78536 
 143.0761      51.78886 
 143.0772      51.79331 
 143.0945      51.80897 
 143.1172      51.81967 
 143.1279      51.822 
 143.1331      51.82147 
 143.1403      51.82075 
 143.1487      51.81992 
 143.1573      51.82373 
 143.1632      51.82411 
 143.1648      51.83389 
 143.169       51.83553 
 143.1863      51.83 
 143.1881      51.83658 
 143.17        51.85173 
 143.1664      51.8547 
 143.166       51.86573 
 143.1616      51.86772 
 143.1552      51.868 
 143.1501      51.87331 
 143.1485      51.87492 
 143.144       51.87531 
 143.1417      51.87564 
 143.1393      51.88075 
 143.1407      51.8857 
 143.1374      51.88939 
 143.1472      51.90592 
 143.1467      51.90864 
 143.1419      51.9127 
 143.1166      51.92139 
 143.1014      51.92981 
 143.103       51.93981 
 143.1246      51.95711 
 143.1119      51.9655 
 143.1114      51.97536 
 143.1018      51.97989 
 143.1012      51.9802 
 143.1015      51.98134 
 143.1021      51.98373 
 143.1129      51.98145 
 143.1222      51.97745 
 143.1309      51.96561 
 143.1427      51.97697 
 143.1381      51.98447 
 143.1381      51.98664 
 143.1383      51.99003 
 143.1335      51.99634 
 143.1325      51.9977 
 143.1321      52.00159 
 143.1373      52.00859 
 143.1363      52.01428 
 143.1321      52.01909 
 143.1232      52.02286 
 143.1186      52.03475 
 143.1203      52.0397 
 143.1287      52.03659 
 143.1301      52.04978 
 143.1189      52.0587 
 143.1152      52.06492 
 143.1169      52.06986 
 143.1226      52.06747 
 143.1203      52.08895 
 143.1209      52.09853 
 143.1214      52.10653 
 143.1191      52.11075 
 143.113       52.11195 
 143.1087      52.10661 
 143.1051      52.09072 
 143.1013      52.08909 
 143.0927      52.09312 
 143.0897      52.08695 
 143.0868      52.08628 
 143.083       52.09131 
 143.0906      52.09689 
 143.0885      52.1002 
 143.0837      52.10173 
 143.0816      52.10528 
 143.0824      52.10947 
 143.087       52.10861 
 143.0905      52.10978 
 143.0906      52.11347 
 143.0952      52.11928 
 143.0927      52.12073 
 143.0894      52.1357 
 143.0901      52.15278 
 143.0952      52.15795 
 143.0985      52.15172 
 143.1019      52.14964 
 143.1104      52.14356 
 143.1174      52.14217 
 143.1245      52.13137 
 143.1228      52.12642 
 143.134       52.10275 
 143.1341      52.09539 
 143.1357      52.09297 
 143.1385      52.09384 
 143.1396      52.10934 
 143.1341      52.12162 
 143.1342      52.15331 
 143.1343      52.16122 
 143.1394      52.21978 
 143.1465      52.26306 
 143.152       52.27842 
 143.1551      52.28711 
 143.1685      52.30709 
 143.1797      52.31378 
 143.1795      52.31723 
 143.1692      52.32209 
 143.1648      52.34114 
 143.1641      52.34545 
 143.1701      52.35389 
 143.1644      52.35836 
 143.1609      52.3572 
 143.1606      52.35006 
 143.1552      52.34464 
 143.1534      52.33784 
 143.1434      52.32822 
 143.1404      52.32159 
 143.1378      52.31956 
 143.1302      52.32022 
 143.1253      52.3222 
 143.1173      52.32075 
 143.1158      52.32273 
 143.1155      52.3287 
 143.1137      52.33708 
 143.1164      52.3582 
 143.1292      52.36872 
 143.1376      52.38078 
 143.1414      52.39553 
 143.1418      52.39592 
 143.15        52.40459 
 143.1525      52.41189 
 143.1558      52.4142 
 143.1607      52.4145 
 143.1695      52.41258 
 143.1696      52.41256 
 143.1732      52.416 
 143.1726      52.41642 
 143.1583      52.42586 
 143.165       52.42859 
 143.1747      52.43814 
 143.1811      52.44437 
 143.183       52.45025 
 143.1787      52.458 
 143.1699      52.46067 
 143.1702      52.46553 
 143.1801      52.47145 
 143.1786      52.47389 
 143.1668      52.47842 
 143.173       52.48203 
 143.1946      52.48092 
 143.1966      52.48725 
 143.2158      52.49378 
 143.224       52.49845 
 143.2311      52.50973 
 143.2332      52.51723 
 143.2316      52.51989 
 143.2246      52.5155 
 143.22        52.5127 
 143.216       52.51197 
 143.2139      52.513 
 143.2149      52.51606 
 143.2093      52.52006 
 143.2117      52.52181 
 143.2181      52.52384 
 143.22        52.52811 
 143.2266      52.53153 
 143.2244      52.54359 
 143.2162      52.54581 
 143.2179      52.54848 
 143.2237      52.5525 
 143.2348      52.55392 
 143.2367      52.55586 
 143.234       52.56053 
 143.2244      52.56798 
 143.2269      52.57067 
 143.2383      52.56795 
 143.2437      52.56989 
 143.2439      52.57039 
 143.2472      52.57772 
 143.2516      52.581 
 143.2489      52.58359 
 143.2456      52.58311 
 143.2374      52.58192 
 143.2241      52.58911 
 143.2252      52.59381 
 143.2412      52.59328 
 143.2468      52.59312 
 143.2514      52.59403 
 143.2567      52.59511 
 143.2621      52.60075 
 143.2702      52.61778 
 143.2815      52.64158 
 143.2854      52.6455 
 143.288       52.64492 
 143.2893      52.64461 
 143.2786      52.62345 
 143.2802      52.61872 
 143.2635      52.59281 
 143.2668      52.59117 
 143.2769      52.5962 
 143.2838      52.59756 
 143.2921      52.59347 
 143.2958      52.5875 
 143.294       52.58256 
 143.2807      52.57411 
 143.2642      52.55142 
 143.2744      52.54289 
 143.2715      52.53786 
 143.2615      52.53239 
 143.2432      52.50497 
 143.2425      52.49828 
 143.2385      52.49317 
 143.2382      52.49206 
 143.2364      52.48545 
 143.222       52.47508 
 143.2198      52.47081 
 143.2232      52.46847 
 143.2373      52.474 
 143.2461      52.4755 
 143.2613      52.47256 
 143.2667      52.46278 
 143.2669      52.45475 
 143.2616      52.44659 
 143.2558      52.44275 
 143.2267      52.43259 
 143.2231      52.42983 
 143.2156      52.41453 
 143.2148      52.41273 
 143.1932      52.39636 
 143.1913      52.38336 
 143.1761      52.36336 
 143.1757      52.36278 
 143.1769      52.35825 
 143.1854      52.35445 
 143.1861      52.35034 
 143.1747      52.32934 
 143.1797      52.32875 
 143.1927      52.33834 
 143.2049      52.35053 
 143.2475      52.3932 
 143.2512      52.39895 
 143.2522      52.40059 
 143.2662      52.42225 
 143.273       52.44089 
 143.2776      52.45381 
 143.2833      52.46553 
 143.2896      52.4785 
 143.3085      52.54597 
 143.3108      52.57211 
 143.3146      52.58959 
 143.3169      52.60036 
 143.3134      52.64545 
 143.3187      52.71514 
 143.3203      52.737 
 143.3178      52.76236 
 143.3215      52.77412 
 143.3231      52.79145 
 143.3204      52.81567 
 143.3263      52.83881 
 143.3258      52.84025 
 143.3247      52.84356 
 143.3236      52.84556 
 143.3142      52.83623 
 143.3103      52.82583 
 143.3143      52.80953 
 143.31        52.78084 
 143.3068      52.77789 
 143.3092      52.81059 
 143.305       52.82159 
 143.3045      52.82745 
 143.3043      52.83011 
 143.3041      52.8335 
 143.3065      52.83953 
 143.3096      52.84742 
 143.305       52.86139 
 143.2979      52.86922 
 143.2915      52.88631 
 143.2907      52.89775 
 143.2929      52.90642 
 143.288       52.91323 
 143.2828      52.932 
 143.2846      52.94131 
 143.2806      52.94681 
 143.2764      52.94731 
 143.2729      52.9477 
 143.2702      52.9457 
 143.2713      52.93059 
 143.2686      52.92189 
 143.2693      52.91781 
 143.2739      52.91511 
 143.2761      52.91134 
 143.2743      52.90431 
 143.2581      52.89247 
 143.2518      52.88495 
 143.2504      52.87795 
 143.2523      52.87139 
 143.2568      52.86742 
 143.2604      52.86431 
 143.2538      52.85653 
 143.2483      52.85734 
 143.2441      52.85314 
 143.248       52.84811 
 143.2356      52.84273 
 143.2286      52.84825 
 143.2322      52.85147 
 143.233       52.85381 
 143.2345      52.85806 
 143.2297      52.86167 
 143.2293      52.86625 
 143.2196      52.86953 
 143.2132      52.87556 
 143.2106      52.88183 
 143.2116      52.8865 
 143.22        52.89095 
 143.2209      52.89675 
 143.2166      52.90156 
 143.2116      52.9017 
 143.2078      52.90445 
 143.2013      52.90447 
 143.1952      52.90248 
 143.1937      52.90631 
 143.1954      52.91217 
 143.1928      52.91614 
 143.1893      52.91845 
 143.181       52.92045 
 143.1758      52.92403 
 143.1731      52.92867 
 143.1698      52.92983 
 143.165       52.92931 
 143.1628      52.931 
 143.1637      52.93428 
 143.1596      52.93861 
 143.1571      52.94123 
 143.1591      52.94548 
 143.1661      52.951 
 143.1668      52.95542 
 143.1725      52.95992 
 143.169       52.96453 
 143.1598      52.96923 
 143.1558      52.9745 
 143.1549      52.97972 
 143.1615      52.98981 
 143.1551      52.99378 
 143.1103      53.00975 
 143.1078      53.0112 
 143.1081      53.01353 
 143.1144      53.0167 
 143.117       53.01708 
 143.1168      53.02053 
 143.1075      53.02339 
 143.1097      53.02606 
 143.1079      53.02778 
 143.0957      53.03181 
 143.0908      53.03817 
 143.0926      53.04289 
 143.1119      53.05656 
 143.1156      53.06142 
 143.1057      53.06975 
 143.1046      53.07611 
 143.0978      53.07981 
 143.0908      53.10236 
 143.0808      53.10886 
 143.0785      53.11767 
 143.079       53.12064 
 143.0811      53.13281 
 143.0835      53.141 
 143.0896      53.14947 
 143.0855      53.15311 
 143.0765      53.15667 
 143.0742      53.17539 
 143.0675      53.18739 
 143.075       53.20328 
 143.0703      53.2055 
 143.0578      53.20492 
 143.0538      53.20789 
 143.0497      53.22237 
 143.047       53.2247 
 143.0572      53.24045 
 143.0554      53.24389 
 143.0282      53.24581 
 143.0234      53.25122 
 143.0285      53.261 
 143.0364      53.2682 
 143.0445      53.27239 
 143.0584      53.274 
 143.0629      53.27886 
 143.0697      53.30095 
 143.0813      53.31528 
 143.0805      53.31753 
 143.0718      53.32317 
 143.0769      53.33456 
 143.0792      53.33975 
 143.0895      53.34661 
 143.1352      53.36381 
 143.1472      53.36323 
 143.1487      53.361 
 143.143       53.35673 
 143.1455      53.35345 
 143.154       53.34914 
 143.15        53.34545 
 143.154       53.34456 
 143.1542      53.34111 
 143.1718      53.33925 
 143.1648      53.33559 
 143.1696      53.33267 
 143.166       53.32897 
 143.1765      53.32598 
 143.1776      53.3242 
 143.1702      53.32258 
 143.1719      53.31781 
 143.1741      53.31156 
 143.1726      53.30295 
 143.1677      53.29367 
 143.1693      53.28478 
 143.1638      53.27686 
 143.1465      53.28103 
 143.1352      53.27986 
 143.1199      53.27311 
 143.1164      53.26945 
 143.1296      53.26147 
 143.1399      53.24681 
 143.1433      53.23645 
 143.1411      53.22756 
 143.139       53.22475 
 143.1312      53.2145 
 143.1305      53.20984 
 143.1388      53.20164 
 143.1339      53.19281 
 143.1359      53.19017 
 143.1425      53.18739 
 143.1461      53.18025 
 143.161       53.17797 
 143.1685      53.17456 
 143.1793      53.17433 
 143.1851      53.16548 
 143.1915      53.16358 
 143.2066      53.1542 
 143.2161      53.14583 
 143.2189      53.14486 
 143.226       53.14809 
 143.231       53.14772 
 143.2398      53.14323 
 143.2495      53.13831 
 143.2536      53.13233 
 143.2469      53.10731 
 143.2417      53.10422 
 143.2361      53.09259 
 143.2348      53.08261 
 143.2373      53.07703 
 143.2442      53.07492 
 143.2459      53.08056 
 143.2608      53.08472 
 143.262       53.08206 
 143.2541      53.07464 
 143.2677      53.07414 
 143.2678      53.07397 
 143.2625      53.07033 
 143.2486      53.06753 
 143.2426      53.06631 
 143.2383      53.06031 
 143.2376      53.05359 
 143.2444      53.04756 
 143.2449      53.04048 
 143.2533      53.03778 
 143.2629      53.0292 
 143.2675      53.02211 
 143.2654      53.0167 
 143.2583      53.0135 
 143.259       53.00961 
 143.272       53.00722 
 143.2733      53.00408 
 143.2658      52.99695 
 143.2687      52.99136 
 143.2664      52.98709 
 143.2718      52.98236 
 143.2709      52.97887 
 143.2874      52.96703 
 143.2878      52.96625 
 143.2927      52.95609 
 143.291       52.94609 
 143.2957      52.93672 
 143.2965      52.92089 
 143.3013      52.91086 
 143.2987      52.90195 
 143.3019      52.89456 
 143.3005      52.88045 
 143.3119      52.86067 
 143.3142      52.85186 
 143.3191      52.85195 
 143.3208      52.85723 
 143.3175      52.86795 
 143.3176      52.87433 
 143.3177      52.87992 
 143.3124      52.89522 
 143.3139      52.90867 
 143.3059      52.93386 
 143.305       52.93836 
 143.2963      52.98164 
 143.296       52.98345 
 143.2877      53.00247 
 143.2854      53.03108 
 143.2787      53.05181 
 143.268       53.10592 
 143.2563      53.16495 
 143.2507      53.17289 
 143.247       53.18553 
 143.2482      53.19158 
 143.2433      53.2 
 143.2429      53.20872 
 143.2341      53.22914 
 143.2027      53.30164 
 143.2005      53.31209 
 143.1928      53.32286 
 143.1788      53.3502 
 143.1722      53.36297 
 143.1631      53.37528 
 143.1606      53.38292 
 143.1585      53.38372 
 143.1474      53.37725 
 143.1416      53.37759 
 143.1308      53.38195 
 143.126       53.38095 
 143.1094      53.37067 
 143.091       53.36997 
 143.0816      53.36475 
 143.0638      53.36359 
 143.0611      53.36342 
 143.0634      53.36495 
 143.0666      53.367 
 143.0762      53.369 
 143.0703      53.376 
 143.0713      53.37786 
 143.0726      53.3805 
 143.0654      53.38442 
 143.0646      53.39495 
 143.0759      53.392 
 143.0793      53.39428 
 143.0858      53.39286 
 143.098       53.39778 
 143.1         53.40136 
 143.0929      53.40898 
 143.0927      53.41195 
 143.0998      53.41953 
 143.1088      53.42539 
 143.1241      53.4257 
 143.1326      53.42117 
 143.1367      53.41981 
 143.1381      53.42058 
 143.1375      53.424 
 143.1234      53.44036 
 143.1205      53.44134 
 143.1164      53.44084 
 143.1141      53.43609 
 143.1082      53.43295 
 143.0837      53.42561 
 143.0692      53.42492 
 143.0617      53.42606 
 143.0471      53.43453 
 143.0426      53.44208 
 143.0431      53.44992 
 143.062       53.47139 
 143.0662      53.47328 
 143.0743      53.47333 
 143.0842      53.46958 
 143.0943      53.46934 
 143.1028      53.46525 
 143.106       53.46847 
 143.1013      53.47581 
 143.0985      53.48017 
 143.0813      53.50506 
 143.0629      53.54275 
 143.0546      53.55236 
 143.0493      53.55178 
 143.0478      53.54731 
 143.0588      53.53536 
 143.0527      53.529 
 143.0379      53.5255 
 143.0214      53.52489 
 143.0203      53.52495 
 142.9875      53.52661 
 142.9755      53.54172 
 142.959       53.54939 
 142.9591      53.55284 
 142.9664      53.56159 
 142.9733      53.56181 
 142.9786      53.55847 
 142.9876      53.55953 
 142.9938      53.56384 
 142.995       53.56597 
 142.9926      53.57045 
 143.0006      53.57761 
 143.0086      53.58206 
 143.0157      53.58367 
 143.0228      53.58298 
 143.0296      53.57928 
 143.0355      53.57256 
 143.0389      53.56859 
 143.0427      53.55825 
 143.0452      53.55728 
 143.0468      53.56542 
 143.0047      53.63931 
 142.988       53.65964 
 142.9832      53.67036 
 142.9612      53.70322 
 142.9524      53.72403 
 142.9405      53.73361 
 142.9196      53.77297 
 142.9178      53.77753 
 142.8963      53.8315 
 142.8906      53.83895 
 142.8884      53.85745 
 142.8856      53.86209 
 142.8837      53.86381 
 142.8781      53.8625 
 142.8632      53.85073 
 142.861       53.85381 
 142.8682      53.86142 
 142.8648      53.86281 
 142.8585      53.862 
 142.8371      53.85936 
 142.8254      53.85539 
 142.8206      53.85597 
 142.8153      53.85909 
 142.8166      53.86261 
 142.8093      53.86836 
 142.8089      53.87684 
 142.812       53.87867 
 142.8219      53.88 
 142.8306      53.87528 
 142.8368      53.87522 
 142.841       53.87781 
 142.8494      53.89492 
 142.8415      53.90406 
 142.8443      53.90586 
 142.8579      53.89525 
 142.8658      53.89692 
 142.8683      53.89614 
 142.8655      53.89228 
 142.8564      53.88917 
 142.8525      53.88086 
 142.8557      53.87831 
 142.8793      53.88331 
 142.8829      53.88859 
 142.883       53.90086 
 142.8831      53.92289 
 142.8873      53.95284 
 142.9017      53.98392 
 142.9089      53.99128 
 142.9347      54.00997 
 142.9462      54.01561 
 142.9633      54.024 
 142.9753      54.03697 
 142.9804      54.05386 
 142.9866      54.06314 
 142.9905      54.06898 
 142.9934      54.07884 
 142.9847      54.09828 
 142.9851      54.10842 
 142.981       54.11806 
 142.9709      54.1305 
 142.9654      54.1412 
 142.9628      54.143 
 142.9347      54.16292 
 142.9238      54.17531 
 142.9119      54.1817 
 142.8898      54.20186 
 142.8792      54.21845 
 142.8477      54.24606 
 142.846       54.2472 
 142.8274      54.2597 
 142.7836      54.298 
 142.7697      54.33367 
 142.7612      54.34506 
 142.7619      54.34973 
 142.7546      54.35797 
 142.7528      54.35992 
 142.7281      54.37764 
 142.7236      54.38492 
 142.726       54.39498 
 142.7155      54.40211 
 142.716       54.40789 
 142.7131      54.41092 
 142.7046      54.41358 
 142.6802      54.41586 
 142.6754      54.41003 
 142.6569      54.40192 
 142.654       54.3985 
 142.6616      54.37875 
 142.662       54.37764 
 142.6695      54.37536 
 142.6693      54.36017 
 142.6621      54.35095 
 142.6271      54.32656 
 142.6109      54.32086 
 142.6116      54.31906 
 142.6241      54.31553 
 142.6031      54.31667 
 142.5996      54.31228 
 142.6048      54.3055 
 142.6132      54.30308 
 142.6179      54.29717 
 142.6259      54.298 
 142.6441      54.29984 
 142.6481      54.29759 
 142.6208      54.29231 
 142.6188      54.29034 
 142.6276      54.28378 
 142.631       54.2762 
 142.6358      54.27353 
 142.6463      54.27445 
 142.6577      54.27014 
 142.6676      54.26967 
 142.6713      54.26506 
 142.6761      54.26425 
 142.6789      54.26189 
 142.6868      54.26403 
 142.6894      54.25845 
 142.705       54.24914 
 142.7006      54.24723 
 142.6767      54.25509 
 142.6599      54.26317 
 142.6598      54.25764 
 142.6505      54.263 
 142.6482      54.26053 
 142.6529      54.25259 
 142.6465      54.25306 
 142.6393      54.25973 
 142.6391      54.26684 
 142.626       54.27172 
 142.6178      54.27139 
 142.6118      54.27375 
 142.5993      54.26739 
 142.6086      54.26389 
 142.6049      54.25903 
 142.5977      54.2535 
 142.5923      54.25114 
 142.5872      54.24886 
 142.5931      54.24697 
 142.5977      54.22956 
 142.5945      54.22798 
 142.5819      54.22781 
 142.5758      54.21292 
 142.5675      54.20959 
 142.5716      54.21631 
 142.5711      54.22081 
 142.5704      54.22681 
 142.5733      54.23367 
 142.5825      54.24281 
 142.5773      54.25373 
 142.5775      54.25859 
 142.5844      54.26134 
 142.5697      54.27417 
 142.559       54.27872 
 142.5467      54.2795 
 142.5446      54.27775 
 142.5453      54.27045 
 142.552       54.26217 
 142.5533      54.25142 
 142.5641      54.24686 
 142.5648      54.24117 
 142.5615      54.23389 
 142.5607      54.23214 
 142.5527      54.227 
 142.5412      54.22531 
 142.52        54.22939 
 142.5024      54.24867 
 142.4994      54.25423 
 142.5049      54.25828 
 142.5035      54.2612 
 142.5082      54.27117 
 142.5069      54.27384 
 142.4999      54.27728 
 142.4864      54.28003 
 142.4368      54.27458 
 142.4332      54.27275 
 142.4356      54.27153 
 142.4376      54.2705 
 142.4337      54.26839 
 142.4266      54.26839 
 142.4189      54.27153 
 142.3895      54.26975 
 142.3719      54.27083 
 142.3647      54.27334 
 142.3313      54.27953 
 142.3003      54.29281 
 142.292       54.29456 
 142.2806      54.30042 
 142.273       54.30128 
 142.2618      54.30003 
 142.2594      54.29825 
 142.2568      54.29373 
 142.2597      54.29067 
 142.2738      54.28753 
 142.3352      54.25978 
 142.3521      54.23861 
 142.3745      54.2305 
 142.3913      54.20473 
 142.3944      54.20011 
 142.4049      54.18864 
 142.4047      54.17595 
 142.4193      54.14589 
 142.4256      54.13803 
 142.4471      54.11856 
 142.4935      54.09386 
 142.5061      54.08714 
 142.5113      54.07853 
 142.5186      54.0735 
 142.5228      54.06595 
 142.5317      54.06059 
 142.5331      54.05537 
 142.5407      54.05245 
 142.545       54.04837 
 142.5558      54.04495 
 142.5697      54.03784 
 142.5687      54.03317 
 142.574       54.02617 
 142.5938      54.01275 
 142.6198      53.98897 
 142.6452      53.97272 
 142.6494      53.9652 
 142.6568      53.9615 
 142.6835      53.94814 
 142.6888      53.93698 
 142.6908      53.92609 
 142.689       53.90961 
 142.6899      53.87792 
 142.6776      53.84445 
 142.6731      53.83214 
 142.6623      53.81303 
 142.6515      53.80286 
 142.6469      53.79403 
 142.5938      53.72961 
 142.5906      53.72578 
 142.5836      53.71173 
 142.5807      53.69472 
 142.5829      53.69142 
 142.5881      53.68831 
 142.6053      53.68764 
 142.6112      53.69128 
 142.6158      53.69964 
 142.6238      53.70064 
 142.6385      53.70875 
 142.6644      53.71925 
 142.6667      53.72356 
 142.6684      53.74134 
 142.6712      53.77081 
 142.6777      53.78158 
 142.6835      53.79972 
 142.6899      53.84386 
 142.6989      53.84148 
 142.7009      53.8347 
 142.716       53.83217 
 142.7363      53.82878 
 142.7374      53.82059 
 142.7535      53.80575 
 142.7521      53.799 
 142.7555      53.78703 
 142.764       53.77722 
 142.7639      53.76939 
 142.7681      53.76117 
 142.7688      53.75386 
 142.7763      53.74906 
 142.7772      53.74198 
 142.7876      53.73025 
 142.786       53.7235 
 142.7857      53.72183 
 142.7923      53.71145 
 142.7896      53.70278 
 142.7575      53.67623 
 142.7536      53.66586 
 142.7451      53.65975 
 142.7359      53.64717 
 142.7388      53.64186 
 142.7353      53.64 
 142.7316      53.63309 
 142.7178      53.62595 
 142.7114      53.62897 
 142.6984      53.62834 
 142.6817      53.62467 
 142.6806      53.62231 
 142.683       53.61787 
 142.697       53.60753 
 142.6932      53.6052 
 142.6818      53.60767 
 142.6747      53.6067 
 142.6686      53.604 
 142.6624      53.61003 
 142.6526      53.61303 
 142.6577      53.61639 
 142.655       53.62264 
 142.6645      53.62375 
 142.6652      53.62609 
 142.6553      53.63303 
 142.6423      53.65264 
 142.6402      53.65961 
 142.6404      53.66506 
 142.6408      53.67256 
 142.6313      53.68159 
 142.6241      53.68292 
 142.6115      53.68161 
 142.5875      53.67378 
 142.5671      53.66525 
 142.5577      53.66367 
 142.5455      53.65639 
 142.5272      53.65884 
 142.5265      53.66039 
 142.5379      53.66373 
 142.5408      53.66667 
 142.5348      53.67156 
 142.5287      53.67114 
 142.5131      53.66592 
 142.5077      53.66308 
 142.5025      53.66036 
 142.4868      53.65767 
 142.4826      53.65509 
 142.4782      53.64603 
 142.4822      53.63156 
 142.4903      53.6197 
 142.4945      53.58222 
 142.492       53.56584 
 142.491       53.55895 
 142.4976      53.54922 
 142.4996      53.5462 
 142.505       53.54611 
 142.51        53.54048 
 142.5235      53.55039 
 142.5372      53.5557 
 142.5419      53.55923 
 142.5383      53.56697 
 142.5359      53.57217 
 142.5367      53.57984 
 142.5484      53.5857 
 142.554       53.5907 
 142.5618      53.59053 
 142.5751      53.57164 
 142.5879      53.56514 
 142.5903      53.55864 
 142.6017      53.55456 
 142.6048      53.55342 
 142.6087      53.54931 
 142.6279      53.54025 
 142.6491      53.54606 
 142.6518      53.54809 
 142.6586      53.54095 
 142.6586      53.52484 
 142.6645      53.52039 
 142.6648      53.51281 
 142.6715      53.50959 
 142.6693      53.49287 
 142.6655      53.48686 
 142.6602      53.49639 
 142.6533      53.498 
 142.6552      53.50228 
 142.6521      53.50436 
 142.6413      53.50639 
 142.6119      53.52075 
 142.6         53.52017 
 142.5823      53.51411 
 142.5736      53.50709 
 142.5648      53.50278 
 142.5353      53.47589 
 142.5312      53.46856 
 142.5181      53.445 
 142.5092      53.43911 
 142.4911      53.41553 
 142.4863      53.40459 
 142.4827      53.39906 
 142.4716      53.39506 
 142.4585      53.38722 
 142.4619      53.37734 
 142.4579      53.37223 
 142.4427      53.36748 
 142.3994      53.36261 
 142.3916      53.36297 
 142.3863      53.36445 
 142.3711      53.37353 
 142.3418      53.37745 
 142.328       53.37717 
 142.3261      53.37634 
 142.3255      53.37606 
 142.324       53.3702 
 142.3106      53.36581 
 142.3044      53.36006 
 142.2963      53.3565 
 142.2796      53.35509 
 142.2692      53.35712 
 142.2592      53.36122 
 142.2436      53.37739 
 142.2352      53.37334 
 142.2309      53.37533 
 142.2322      53.3805 
 142.2349      53.38275 
 142.2359      53.38353 
 142.2255      53.40467 
 142.2246      53.41081 
 142.2373      53.43592 
 142.2313      53.44286 
 142.2264      53.46923 
 142.2209      53.47183 
 142.2345      53.48292 
 142.2388      53.49428 
 142.2351      53.49886 
 142.2333      53.49961 
 142.2213      53.50436 
 142.2202      53.51 
 142.214       53.51839 
 142.2138      53.51878 
 142.2165      53.52081 
 142.2235      53.522 
 142.2377      53.52009 
 142.2414      53.51959 
 142.2483      53.52253 
 142.2493      53.52292 
 142.2631      53.5232 
 142.2618      53.52772 
 142.2569      53.53084 
 142.2459      53.53211 
 142.2247      53.52992 
 142.2028      53.52514 
 142.1805      53.52284 
 142.162       53.51853 
 142.1584      53.51742 
 142.0889      53.4962 
 142.0715      53.49448 
 142.0371      53.48161 
 142.0089      53.47425 
 142           53.47306 
 141.9494      53.45725 
 141.9251      53.44795 
 141.9105      53.44625 
 141.8839      53.43875 
 141.86        53.42872 
 141.8455      53.41967 
 141.8112      53.39842 
 141.7649      53.37873 
 141.7572      53.37284 
 141.7533      53.36645 
 141.7559      53.35453 
 141.7654      53.33845 
 141.7695      53.33606 
 141.784       53.33711 
 141.7886      53.33539 
 141.7917      53.33253 
 141.7938      53.33064 
 141.7978      53.32209 
 141.7956      53.31486 
 141.7848      53.29725 
 141.7808      53.28281 
 141.7835      53.258 
 141.7915      53.242 
 141.8125      53.21267 
 141.829       53.18431 
 141.8329      53.16931 
 141.8273      53.1605 
 141.8302      53.15386 
 141.8417      53.13625 
 141.8797      53.09692 
 141.8888      53.08747 
 141.9199      53.05186 
 141.9079      53.04767 
 141.9121      53.0455 
 141.9066      53.04109 
 141.9148      53.03406 
 141.9162      53.02611 
 141.9087      53.00464 
 141.9012      52.9835 
 141.8825      52.95103 
 141.883       52.919 
 141.8582      52.88445 
 141.8455      52.84347 
 141.8482      52.82072 
 141.8509      52.80167 
 141.8488      52.78709 
 141.8318      52.75106 
 141.8133      52.72109 
 141.8128      52.71631 
 141.8155      52.71472 
 141.8289      52.71537 
 141.8358      52.7095 
 141.8363      52.70906 
 141.838       52.70595 
 141.8356      52.69392 
 141.8311      52.6922 
 141.8165      52.66586 
 141.8072      52.65711 
 141.8088      52.65378 
 141.8183      52.65217 
 141.8195      52.65645 
 141.8242      52.65517 
 141.8296      52.64995 
 141.8314      52.64197 
 141.8296      52.63636 
 141.8121      52.61486 
 141.7961      52.593 
 141.7987      52.58684 
 141.8038      52.586 
 141.8071      52.58739 
 141.8029      52.59114 
 141.8046      52.594 
 141.8133      52.59406 
 141.8208      52.59189 
 141.8265      52.58642 
 141.8276      52.57622 
 141.8214      52.55459 
 141.8115      52.5385 
 141.7991      52.52353 
 141.7972      52.51192 
 141.7918      52.5015 
 141.7689      52.47512 
 141.7615      52.46206 
 141.7362      52.44178 
 141.6897      52.40445 
 141.6823      52.40131 
 141.6728      52.40036 
 141.6631      52.39923 
 141.6534      52.39556 
 141.6482      52.38995 
 141.6509      52.36881 
 141.6418      52.3605 
 141.632       52.33084 
 141.6234      52.31925 
 141.6307      52.31023 
 141.6314      52.30625 
 141.6475      52.29406 
 141.6487      52.29186 
 141.6551      52.28131 
 141.6594      52.26028 
 141.6588      52.25364 
 141.6537      52.24459 
 141.6378      52.22803 
 141.6368      52.22464 
 141.6392      52.22125 
 141.6454      52.21092 
 141.6649      52.19731 
 141.6798      52.17942 
 141.6853      52.16522 
 141.6857      52.15714 
 141.6687      52.12317 
 141.6596      52.11667 
 141.6475      52.1105 
 141.6294      52.10114 
 141.6286      52.09706 
 141.6319      52.09083 
 141.6255      52.08073 
 141.627       52.07095 
 141.6437      52.04672 
 141.6457      52.02589 
 141.6574      52.00753 
 141.6694      51.994 
 141.6807      51.96925 
 141.6706      51.92972 
 141.6605      51.90422 
 141.6303      51.8917 
 141.6261      51.88739 
 141.6292      51.88211 
 141.6375      51.87711 
 141.6513      51.87336 
 141.6694      51.87089 
 141.6885      51.86145 
 141.7249      51.85603 
 141.7347      51.85461 
 141.7434      51.85167 
 141.7582      51.84345 
 141.7707      51.83147 
 141.7903      51.81736 
 141.7935      51.80906 
 141.8176      51.79322 
 141.8243      51.78398 
 141.825       51.77611 
 141.8183      51.76278 
 141.8242      51.74117 
 141.8187      51.73192 
 141.8203      51.7265 
 141.8131      51.72406 
 141.7999      51.72456 
 141.7803      51.71728 
 141.767       51.71528 
 141.754       51.71714 
 141.7378      51.72181 
 141.7209      51.73409 
 141.7006      51.7365 
 141.6797      51.74909 
 141.6754      51.74987 
 141.6713      51.74809 
 141.675       51.74445 
 1             43 
1
 -9999.0   ,   9990.0 
 19 
 142.2946      53.51023 
 142.2974      53.51159 
 142.2981      53.51289 
 142.3023      53.52045 
 142.308       53.52453 
 142.3003      53.52814 
 142.2986      53.53103 
 142.3004      53.53575 
 142.3074      53.54109 
 142.3474      53.55381 
 142.3571      53.55256 
 142.3581      53.55242 
 142.3613      53.552 
 142.3624      53.55212 
 142.3673      53.55267 
 142.3707      53.55506 
 142.3779      53.56008 
 142.3947      53.55895 
 142.4125      53.56428 
 1             44 
1
 -9999.0   ,   9990.0 
 2 
 142.4125      53.56428 
 142.4127      53.56434 
 1             45 
1
 -9999.0   ,   9990.0 
 219 
 140.7344      53.10639 
 140.7538      53.10217 
 140.7641      53.09534 
 140.7779      53.08917 
 140.7748      53.08431 
 140.7829      53.07828 
 140.8011      53.07161 
 140.81        53.06348 
 140.8135      53.05542 
 140.8211      53.05311 
 140.8246      53.04875 
 140.8353      53.04462 
 140.8446      53.04539 
 140.8534      53.04345 
 140.8824      53.03217 
 140.8937      53.02778 
 140.921       53.03381 
 140.9224      53.03097 
 140.917       53.02167 
 140.9224      53.0142 
 140.9238      53.00467 
 140.9386      52.99545 
 140.9463      52.95978 
 140.9543      52.9397 
 140.9549      52.93809 
 140.9712      52.92645 
 140.9849      52.92486 
 140.9954      52.92647 
 141.0199      52.92486 
 141.0351      52.92042 
 141.0449      52.91425 
 141.0496      52.90867 
 141.0507      52.89778 
 141.068       52.88792 
 141.0755      52.88581 
 141.0945      52.8857 
 141.1094      52.8817 
 141.1121      52.88017 
 141.1256      52.87258 
 141.1502      52.86198 
 141.1678      52.85642 
 141.1857      52.85475 
 141.1932      52.85631 
 141.212       52.86748 
 141.2219      52.86795 
 141.2325      52.86561 
 141.2346      52.8625 
 141.2276      52.85745 
 141.2058      52.8502 
 141.1911      52.8385 
 141.1871      52.83536 
 141.1799      52.82733 
 141.183       52.81725 
 141.1684      52.80995 
 141.1653      52.80303 
 141.1729      52.78481 
 141.1799      52.77928 
 141.2003      52.77078 
 141.2365      52.73892 
 141.2448      52.73075 
 141.2473      52.72392 
 141.249       52.69953 
 141.2497      52.68925 
 141.2558      52.67712 
 141.2652      52.66889 
 141.2799      52.66445 
 141.2844      52.65814 
 141.2799      52.65409 
 141.275       52.6542 
 141.2641      52.65059 
 141.2568      52.64578 
 141.2536      52.63887 
 141.2644      52.59261 
 141.2642      52.58964 
 141.2539      52.57884 
 141.2411      52.55212 
 141.2307      52.5365 
 141.2241      52.51695 
 141.2187      52.51203 
 141.2063      52.50806 
 141.1991      52.50722 
 141.1925      52.50645 
 141.1528      52.50592 
 141.1387      52.50273 
 141.1275      52.49728 
 141.1122      52.48314 
 141.1017      52.45647 
 141.0998      52.44145 
 141.1041      52.42161 
 141.1225      52.39186 
 141.1283      52.38711 
 141.154       52.37548 
 141.1663      52.35995 
 141.1726      52.35559 
 141.1963      52.34984 
 141.2009      52.34609 
 141.2086      52.34486 
 141.2141      52.33206 
 141.2216      52.32789 
 141.2294      52.31723 
 141.237       52.31556 
 141.2449      52.31778 
 141.2485      52.31706 
 141.2464      52.30734 
 141.2476      52.30173 
 141.2526      52.29403 
 141.2609      52.28839 
 141.2713      52.284 
 141.2902      52.28123 
 141.2918      52.28097 
 141.3113      52.281 
 141.3171      52.27806 
 141.3271      52.27139 
 141.3388      52.2492 
 141.3483      52.24209 
 141.3704      52.23206 
 141.3968      52.21642 
 141.4112      52.2117 
 141.4215      52.21075 
 141.4324      52.21297 
 141.4373      52.21492 
 141.4482      52.21923 
 141.475       52.21664 
 141.4874      52.21278 
 141.5033      52.2135 
 141.5081      52.21914 
 141.5035      52.23072 
 141.5058      52.23286 
 141.5124      52.23422 
 141.5179      52.23361 
 141.5251      52.23011 
 141.5253      52.22734 
 141.5165      52.216 
 141.5172      52.21228 
 141.5333      52.204 
 141.5412      52.20206 
 141.5347      52.19142 
 141.5292      52.18242 
 141.5306      52.17567 
 141.5463      52.15198 
 141.541       52.15167 
 141.5284      52.15625 
 141.5132      52.15895 
 141.4917      52.15956 
 141.4659      52.15747 
 141.4366      52.15103 
 141.4276      52.14706 
 141.4217      52.14703 
 141.4184      52.14498 
 141.3759      52.11759 
 141.3538      52.10509 
 141.3387      52.10039 
 141.336       52.09795 
 141.3333      52.09547 
 141.3494      52.08333 
 141.3474      52.07864 
 141.3302      52.072 
 141.3241      52.05747 
 141.323       52.04536 
 141.3277      52.02389 
 141.34        52.00578 
 141.3416      51.99228 
 141.3431      51.98809 
 141.3505      51.98389 
 141.3669      51.98181 
 141.3889      51.96578 
 141.3977      51.96514 
 141.4044      51.96697 
 141.409       51.96598 
 141.411       51.95639 
 141.4182      51.95128 
 141.4041      51.94514 
 141.3962      51.93859 
 141.3876      51.91847 
 141.3664      51.91606 
 141.3639      51.91631 
 141.3488      51.91775 
 141.3411      51.916 
 141.3192      51.90398 
 141.3118      51.90195 
 141.2957      51.89134 
 141.2894      51.89134 
 141.28        51.88692 
 141.2652      51.88703 
 141.2529      51.88283 
 141.2421      51.87667 
 141.2367      51.87106 
 141.2409      51.8595 
 141.2363      51.85684 
 141.2288      51.85597 
 141.2174      51.85156 
 141.2132      51.84992 
 141.1916      51.84728 
 141.1813      51.84362 
 141.1729      51.83614 
 141.1657      51.82514 
 141.1577      51.80522 
 141.1583      51.79828 
 141.161       51.79464 
 141.1718      51.78886 
 141.1709      51.7857 
 141.159       51.77939 
 141.1526      51.76856 
 141.1446      51.76267 
 141.1436      51.757 
 141.1411      51.75506 
 141.1336      51.74917 
 141.1306      51.74225 
 141.1168      51.72917 
 141.1038      51.725 
 141.1003      51.7195 
 141.0996      51.71125 
 141.1031      51.7062 
 141.112       51.70214 
 141.1139      51.69831 
 141.1128      51.68989 
 141.1106      51.6882 
 141.1052      51.6865 
 141.1011      51.68284 
 1             46 
1
 -9999.0   ,   9990.0 
 138 
 140.6512      50.96711 
 140.6451      50.97673 
 140.6298      50.99198 
 140.6305      51.00086 
 140.6381      51.01428 
 140.6403      51.01817 
 140.6299      51.02367 
 140.6107      51.02859 
 140.6102      51.03 
 140.6107      51.03112 
 140.6243      51.02978 
 140.6474      51.02367 
 140.6582      51.02961 
 140.6671      51.03064 
 140.6717      51.03425 
 140.6786      51.05378 
 140.6775      51.06261 
 140.6695      51.08675 
 140.6651      51.10017 
 140.6519      51.10861 
 140.6449      51.11737 
 140.6355      51.11567 
 140.6299      51.11695 
 140.6294      51.11859 
 140.6388      51.12028 
 140.6446      51.12472 
 140.6484      51.12517 
 140.6588      51.15092 
 140.6611      51.16042 
 140.659       51.16514 
 140.6683      51.17303 
 140.6605      51.18567 
 140.6559      51.19314 
 140.6569      51.197 
 140.6471      51.20384 
 140.6473      51.20772 
 140.6548      51.2155 
 140.6531      51.21836 
 140.6262      51.2307 
 140.6337      51.23389 
 140.6475      51.2355 
 140.6654      51.24422 
 140.6732      51.24464 
 140.6789      51.24795 
 140.6933      51.247 
 140.6917      51.25492 
 140.6836      51.26992 
 140.6782      51.27386 
 140.6689      51.28053 
 140.665       51.28561 
 140.6656      51.29409 
 140.6704      51.29881 
 140.6687      51.31731 
 140.6704      51.32317 
 140.6761      51.3267 
 140.684       51.32733 
 140.7161      51.33742 
 140.7349      51.33825 
 140.7484      51.34242 
 140.7608      51.34161 
 140.7725      51.33281 
 140.7778      51.33175 
 140.7983      51.33592 
 140.8312      51.36292 
 140.8428      51.36903 
 140.8524      51.36934 
 140.8502      51.37567 
 140.8571      51.39039 
 140.8576      51.3977 
 140.8491      51.4107 
 140.853       51.41572 
 140.8658      51.42197 
 140.883       51.42359 
 140.8812      51.42625 
 140.8751      51.42712 
 140.8669      51.435 
 140.8621      51.43717 
 140.8588      51.43695 
 140.8677      51.42875 
 140.859       51.42128 
 140.8418      51.41967 
 140.8355      51.42147 
 140.8223      51.41892 
 140.8084      51.42625 
 140.8018      51.42623 
 140.7918      51.42114 
 140.7862      51.42084 
 140.7817      51.4225 
 140.7785      51.4342 
 140.7828      51.44886 
 140.7773      51.45336 
 140.758       51.45647 
 140.7522      51.45972 
 140.7506      51.46064 
 140.748       51.46472 
 140.7707      51.4662 
 140.7876      51.47245 
 140.7887      51.47525 
 140.7932      51.48656 
 140.7979      51.48831 
 140.8004      51.48828 
 140.8064      51.48823 
 140.8187      51.49775 
 140.8226      51.49725 
 140.8245      51.4907 
 140.828       51.48978 
 140.837       51.49056 
 140.8622      51.48772 
 140.8791      51.49189 
 140.8827      51.49556 
 140.8838      51.50464 
 140.8846      51.51061 
 140.8931      51.51945 
 140.8934      51.52358 
 140.8892      51.542 
 140.8734      51.58742 
 140.8729      51.59572 
 140.8766      51.60858 
 140.8742      51.62445 
 140.874       51.62578 
 140.8762      51.62664 
 140.8848      51.63011 
 140.8854      51.63006 
 140.8975      51.62903 
 140.9266      51.64386 
 140.9476      51.65006 
 140.9564      51.66025 
 140.9678      51.66822 
 140.9761      51.66928 
 140.9894      51.67553 
 141.0013      51.67586 
 141.0162      51.68106 
 141.0223      51.68181 
 141.0356      51.67998 
 141.0437      51.6815 
 141.0616      51.68486 
 141.0999      51.68181 
 141.1011      51.68284 
 1             47 
1
 -9999.0   ,   9990.0 
 3 
 140.6491      50.95625 
 140.6519      50.9625 
 140.6512      50.96711 
