 169 
 1             1 
1
 -9999.0   ,   9990.0 
 3 
-78.48478      55 
-78.48873      54.9994 
-78.49064      55 
 1             2 
1
 -9999.0   ,   9990.0 
 21 
-79.4614       54.81492 
-79.45165      54.81634 
-79.44134      54.8203 
-79.4412       54.82328 
-79.44477      54.8234 
-79.45528      54.8263 
-79.46585      54.82508 
-79.47448      54.82894 
-79.48378      54.82706 
-79.49063      54.82412 
-79.49747      54.82552 
-79.50371      54.82465 
-79.50715      54.8234 
-79.51186      54.81869 
-79.51127      54.81642 
-79.50814      54.81675 
-79.49743      54.81615 
-79.49133      54.81861 
-79.48001      54.82009 
-79.47208      54.81964 
-79.4614       54.81492 
 1             3 
1
 -9999.0   ,   9990.0 
 9 
-79.47802      54.80643 
-79.4721       54.81095 
-79.47113      54.81327 
-79.47868      54.81396 
-79.48929      54.81342 
-79.49413      54.81007 
-79.48875      54.80726 
-79.48125      54.80726 
-79.47802      54.80643 
 1             4 
1
 -9999.0   ,   9990.0 
 11 
-79.61203      54.80015 
-79.60582      54.80125 
-79.60018      54.80439 
-79.59728      54.80722 
-79.59552      54.80957 
-79.59761      54.81087 
-79.60346      54.81001 
-79.6102       54.80592 
-79.61477      54.80418 
-79.6149       54.8012 
-79.61203      54.80015 
 1             5 
1
 -9999.0   ,   9990.0 
 13 
-79.53263      54.79911 
-79.53975      54.79935 
-79.53457      54.80773 
-79.53005      54.81016 
-79.52771      54.81045 
-79.5241       54.80965 
-79.52198      54.80811 
-79.51532      54.80876 
-79.50336      54.81185 
-79.50229      54.80869 
-79.5064       54.80606 
-79.51807      54.80411 
-79.53263      54.79911 
 1             6 
1
 -9999.0   ,   9990.0 
 9 
-79.50086      54.79251 
-79.49333      54.79661 
-79.4867       54.79749 
-79.48568      54.79935 
-79.48742      54.80113 
-79.49782      54.79831 
-79.502        54.79635 
-79.50332      54.79357 
-79.50086      54.79251 
 1             7 
1
 -9999.0   ,   9990.0 
 9 
-79.42958      54.77584 
-79.43322      54.77688 
-79.43135      54.78242 
-79.41871      54.7869 
-79.41606      54.78812 
-79.41203      54.78732 
-79.41251      54.78365 
-79.41986      54.7775 
-79.42958      54.77584 
 1             8 
1
 -9999.0   ,   9990.0 
 25 
-79.46128      54.79084 
-79.45945      54.78823 
-79.46628      54.78506 
-79.47305      54.78578 
-79.47663      54.78613 
-79.48307      54.7832 
-79.48425      54.77859 
-79.48873      54.77572 
-79.49457      54.77486 
-79.50141      54.77649 
-79.50802      54.77537 
-79.51329      54.77705 
-79.51767      54.77304 
-79.52185      54.77131 
-79.52478      54.77305 
-79.52234      54.77678 
-79.51262      54.78279 
-79.50478      54.7789 
-79.50006      54.77904 
-79.49511      54.78102 
-79.49008      54.78665 
-79.48371      54.79027 
-79.4691       54.79024 
-79.46479      54.79059 
-79.46128      54.79084 
 1             9 
1
 -9999.0   ,   9990.0 
 13 
-79.53553      54.77868 
-79.54122      54.77622 
-79.5429       54.77274 
-79.55033      54.76772 
-79.54616      54.76533 
-79.54106      54.76548 
-79.53228      54.76871 
-79.53073      54.77356 
-79.5307       54.77431 
-79.53104      54.7756 
-79.53183      54.77693 
-79.53297      54.77763 
-79.53553      54.77868 
 1             10 
1
 -9999.0   ,   9990.0 
 25 
-79.6293       54.76899 
-79.62192      54.77448 
-79.61718      54.77439 
-79.60869      54.77648 
-79.59457      54.7817 
-79.58148      54.7853 
-79.56852      54.79026 
-79.56193      54.7916 
-79.5578       54.79378 
-79.55811      54.79743 
-79.55977      54.7983 
-79.58266      54.78961 
-79.59651      54.78576 
-79.62006      54.78002 
-79.64673      54.76982 
-79.64824      54.7691 
-79.65846      54.76444 
-79.65971      54.76097 
-79.65574      54.76063 
-79.65021      54.76058 
-79.64813      54.76067 
-79.64475      54.76163 
-79.64049      54.76325 
-79.63512      54.76573 
-79.6293       54.76899 
 1             11 
1
 -9999.0   ,   9990.0 
 217 
-79.01455      54.92685 
-79.02         54.92549 
-79.02631      54.9203 
-79.03278      54.91694 
-79.04267      54.91692 
-79.05853      54.91239 
-79.07271      54.90654 
-79.08643      54.90504 
-79.10098      54.90397 
-79.11924      54.89984 
-79.13436      54.89601 
-79.16009      54.89144 
-79.1856       54.88916 
-79.20413      54.88363 
-79.21613      54.88056 
-79.22248      54.88085 
-79.22755      54.88002 
-79.23707      54.87565 
-79.24599      54.87358 
-79.25376      54.87199 
-79.26525      54.86733 
-79.27278      54.86758 
-79.26295      54.87311 
-79.24258      54.88007 
-79.22895      54.8873 
-79.2271       54.88895 
-79.22885      54.89096 
-79.23533      54.89284 
-79.24434      54.8919 
-79.26395      54.8852 
-79.27735      54.8798 
-79.28291      54.87553 
-79.28785      54.86831 
-79.29278      54.86589 
-79.30007      54.87277 
-79.30804      54.87346 
-79.31451      54.87054 
-79.31966      54.86605 
-79.32383      54.85931 
-79.32766      54.85783 
-79.33         54.85273 
-79.33993      54.8488 
-79.3701       54.84132 
-79.38559      54.83768 
-79.39831      54.82954 
-79.40688      54.82815 
-79.41511      54.82289 
-79.4222       54.82268 
-79.4271       54.82437 
-79.40583      54.83413 
-79.40478      54.83576 
-79.41246      54.83782 
-79.40885      54.84181 
-79.41183      54.84424 
-79.418        54.84246 
-79.4289       54.8362 
-79.43747      54.83481 
-79.4431       54.83122 
-79.45496      54.83156 
-79.4586       54.8326 
-79.45993      54.83416 
-79.45386      54.83708 
-79.45305      54.84122 
-79.4605       54.84077 
-79.47033      54.83568 
-79.48669      54.83315 
-79.50356      54.83197 
-79.51536      54.83139 
-79.53195      54.82701 
-79.55185      54.82436 
-79.56665      54.82209 
-79.57685      54.82133 
-79.58321      54.82182 
-79.60039      54.81536 
-79.6133       54.81406 
-79.62152      54.81335 
-79.62956      54.81059 
-79.6314       54.80893 
-79.63615      54.8049 
-79.63758      54.80326 
-79.64844      54.79698 
-79.65855      54.7953 
-79.66635      54.79003 
-79.67109      54.79011 
-79.67243      54.7919 
-79.67066      54.79401 
-79.67437      54.79573 
-79.68488      54.78991 
-79.68889      54.78636 
-79.69803      54.78287 
-79.71384      54.77895 
-79.73344      54.76919 
-79.745        54.76632 
-79.75141      54.75903 
-79.75685      54.75817 
-79.76348      54.76162 
-79.7685       54.76055 
-79.77027      54.76255 
-79.76293      54.76827 
-79.76137      54.77266 
-79.75611      54.77535 
-79.75265      54.77637 
-79.74979      54.77531 
-79.74465      54.77524 
-79.74185      54.77899 
-79.73665      54.78235 
-79.72875      54.78237 
-79.7136       54.78902 
-79.70337      54.78934 
-79.7          54.79127 
-79.70095      54.79285 
-79.70371      54.79299 
-79.70865      54.79512 
-79.70569      54.79727 
-79.693        54.79652 
-79.68637      54.80176 
-79.68328      54.80231 
-79.67721      54.80089 
-79.67401      54.80031 
-79.67254      54.8015 
-79.67408      54.80533 
-79.67776      54.80682 
-79.68566      54.80681 
-79.70108      54.8029 
-79.71633      54.80128 
-79.72252      54.79583 
-79.72696      54.79683 
-79.73293      54.79322 
-79.73686      54.79309 
-79.7382       54.79465 
-79.73462      54.80277 
-79.72905      54.80226 
-79.72626      54.80623 
-79.71485      54.81504 
-79.7055       54.82059 
-79.69763      54.82084 
-79.69667      54.81903 
-79.70499      54.81512 
-79.70366      54.81356 
-79.69894      54.81371 
-79.68846      54.81998 
-79.68332      54.82837 
-79.65996      54.84052 
-79.64615      54.84071 
-79.63903      54.84482 
-79.62484      54.84525 
-79.61535      54.84942 
-79.6091       54.85007 
-79.59538      54.85574 
-79.58326      54.85725 
-79.56978      54.85674 
-79.55659      54.85942 
-79.54961      54.861 
-79.53776      54.86112 
-79.52912      54.86161 
-79.51656      54.86267 
-79.50239      54.86766 
-79.48465      54.86818 
-79.47422      54.871 
-79.46274      54.87522 
-79.4476       54.88298 
-79.43857      54.88369 
-79.43084      54.88117 
-79.41236      54.88239 
-79.4059       54.88075 
-79.38182      54.88121 
-79.36653      54.88256 
-79.35495      54.88586 
-79.34403      54.88776 
-79.32885      54.89048 
-79.3178       54.89558 
-79.30825      54.89951 
-79.28731      54.89986 
-79.27118      54.90076 
-79.25094      54.90475 
-79.2397       54.90757 
-79.20281      54.91588 
-79.17918      54.91721 
-79.16079      54.91976 
-79.14502      54.92543 
-79.13724      54.927 
-79.13125      54.92625 
-79.12925      54.92608 
-79.12725      54.92567 
-79.11968      54.92519 
-79.10551      54.92625 
-79.09215      54.93231 
-79.08351      54.93322 
-79.07763      54.93383 
-79.07611      54.93455 
-79.06638      54.93686 
-79.05693      54.93734 
-79.05433      54.93847 
-79.05375      54.93894 
-79.05273      54.9396 
-79.05089      54.93983 
-79.04917      54.93936 
-79.04822      54.93733 
-79.05078      54.93453 
-79.04584      54.93214 
-79.05106      54.92812 
-79.0569       54.92683 
-79.06875      54.91647 
-79.06395      54.91591 
-79.05706      54.91883 
-79.05133      54.92149 
-79.03685      54.92346 
-79.02819      54.92916 
-79.0234       54.92996 
-79.02063      54.93032 
-79.01819      54.93075 
-79.01602      54.93082 
-79.01396      54.93035 
-79.0131       54.92948 
-79.01328      54.92813 
-79.01369      54.9275 
-79.01455      54.92685 
 1             12 
1
 -9999.0   ,   9990.0 
 13 
-79.49499      54.7529 
-79.48911      54.75331 
-79.48729      54.75496 
-79.47708      54.75526 
-79.46679      54.75945 
-79.46112      54.7667 
-79.46523      54.76863 
-79.46865      54.76716 
-79.47246      54.76111 
-79.48292      54.76354 
-79.48903      54.76131 
-79.49592      54.75448 
-79.49499      54.7529 
 1             13 
1
 -9999.0   ,   9990.0 
 16 
-79.62432      54.74903 
-79.61901      54.75124 
-79.60723      54.75183 
-79.59586      54.75675 
-79.5906       54.75965 
-79.58126      54.76107 
-79.5791       54.76319 
-79.58259      54.76698 
-79.59035      54.7656 
-79.59603      54.76292 
-79.60312      54.76292 
-79.61713      54.75656 
-79.62836      54.75439 
-79.63233      54.75038 
-79.63025      54.74907 
-79.62432      54.74903 
 1             14 
1
 -9999.0   ,   9990.0 
 8 
-79.48165      54.74461 
-79.47697      54.74521 
-79.46876      54.75047 
-79.46653      54.75191 
-79.47176      54.75313 
-79.48435      54.74842 
-79.48611      54.74608 
-79.48165      54.74461 
 1             15 
1
 -9999.0   ,   9990.0 
 17 
-79.77589      54.7594 
-79.77295      54.75743 
-79.77347      54.75467 
-79.77227      54.75037 
-79.78122      54.74505 
-79.78868      54.74459 
-79.7898       54.74409 
-79.79601      54.74298 
-79.79703      54.74546 
-79.79566      54.75168 
-79.79435      54.75292 
-79.79128      54.75424 
-79.78865      54.75564 
-79.78556      54.75672 
-79.78245      54.75757 
-79.77936      54.75857 
-79.77589      54.7594 
 1             16 
1
 -9999.0   ,   9990.0 
 12 
-79.53087      54.73973 
-79.52513      54.74172 
-79.5196       54.746 
-79.51221      54.74713 
-79.51073      54.7481 
-79.50963      54.74904 
-79.51456      54.75141 
-79.52258      54.74843 
-79.52896      54.74481 
-79.53862      54.74269 
-79.54076      54.74011 
-79.53087      54.73973 
 1             17 
1
 -9999.0   ,   9990.0 
 24 
-79.67586      54.7607 
-79.69217      54.75379 
-79.7023       54.75257 
-79.71212      54.74792 
-79.7249       54.74546 
-79.73078      54.74093 
-79.73001      54.73684 
-79.72684      54.73671 
-79.72176      54.74144 
-79.71711      54.74227 
-79.71071      54.74544 
-79.69218      54.74968 
-79.68151      54.75367 
-79.67185      54.75579 
-79.66628      54.7594 
-79.66568      54.75996 
-79.66628      54.76105 
-79.66674      54.76207 
-79.6679       54.76266 
-79.66967      54.76253 
-79.67163      54.76182 
-79.67268      54.76158 
-79.6741       54.76139 
-79.67586      54.7607 
 1             18 
1
 -9999.0   ,   9990.0 
 11 
-79.50601      54.73498 
-79.50066      54.73673 
-79.4953       54.74284 
-79.49136      54.74752 
-79.48991      54.74894 
-79.49245      54.75092 
-79.50022      54.7452 
-79.50411      54.74006 
-79.51369      54.73704 
-79.51473      54.7354 
-79.50601      54.73498 
 1             19 
1
 -9999.0   ,   9990.0 
 30 
-79.5856       54.73488 
-79.57625      54.73608 
-79.55922      54.74391 
-79.5471       54.74496 
-79.53714      54.74822 
-79.5214       54.75281 
-79.51648      54.75524 
-79.51541      54.75642 
-79.51908      54.75768 
-79.53073      54.75139 
-79.53511      54.75194 
-79.53447      54.75356 
-79.52832      54.75535 
-79.52457      54.75695 
-79.52423      54.75777 
-79.52493      54.75836 
-79.52587      54.75885 
-79.53212      54.7582 
-79.54025      54.75659 
-79.54734      54.75204 
-79.55531      54.75294 
-79.56175      54.75458 
-79.5731       54.75355 
-79.57691      54.75206 
-79.57825      54.74951 
-79.57478      54.74595 
-79.57695      54.74383 
-79.5831       54.74205 
-79.5881       54.7364 
-79.5856       54.73488 
 1             20 
1
 -9999.0   ,   9990.0 
 13 
-79.81517      54.72088 
-79.81157      54.72031 
-79.80703      54.72228 
-79.79678      54.72627 
-79.79895      54.72825 
-79.8071       54.72708 
-79.80921      54.72626 
-79.81154      54.72534 
-79.81378      54.72411 
-79.81533      54.72272 
-79.81583      54.72193 
-79.81568      54.72122 
-79.81517      54.72088 
 1             21 
1
 -9999.0   ,   9990.0 
 15 
-79.58231      54.7247 
-79.58023      54.72773 
-79.58322      54.73038 
-79.58985      54.7295 
-79.59805      54.72445 
-79.60768      54.7221 
-79.60845      54.7175 
-79.60776      54.71432 
-79.6113       54.70988 
-79.60995      54.70808 
-79.60078      54.7111 
-79.59743      54.71326 
-79.58925      54.7142 
-79.5847       54.72051 
-79.58231      54.7247 
 1             22 
1
 -9999.0   ,   9990.0 
 9 
-79.66696      54.61328 
-79.66402      54.61543 
-79.66818      54.62216 
-79.68032      54.62178 
-79.68281      54.61896 
-79.68809      54.61651 
-79.68515      54.61455 
-79.67655      54.61504 
-79.66696      54.61328 
 1             23 
1
 -9999.0   ,   9990.0 
 9 
-79.58705      54.61138 
-79.58198      54.61199 
-79.57825      54.61416 
-79.5782       54.61805 
-79.58237      54.62067 
-79.58945      54.62068 
-79.59381      54.61667 
-79.58755      54.61274 
-79.58705      54.61138 
 1             24 
1
 -9999.0   ,   9990.0 
 10 
-79.5644       54.59995 
-79.56836      54.60029 
-79.57506      54.60054 
-79.57638      54.6021 
-79.57105      54.60409 
-79.5683       54.60395 
-79.56375      54.60569 
-79.55875      54.60698 
-79.55807      54.6038 
-79.5644       54.59995 
 1             25 
1
 -9999.0   ,   9990.0 
 10 
-79.77797      54.59882 
-79.77061      54.59997 
-79.7635       54.59951 
-79.76133      54.6014 
-79.76504      54.60334 
-79.77461      54.60487 
-79.77842      54.60772 
-79.78271      54.60736 
-79.7825       54.60096 
-79.77797      54.59882 
 1             26 
1
 -9999.0   ,   9990.0 
 8 
-79.5358       54.56537 
-79.54525      54.56578 
-79.55188      54.56534 
-79.55355      54.56644 
-79.54915      54.56977 
-79.53979      54.57051 
-79.5336       54.56704 
-79.5358       54.56537 
 1             27 
1
 -9999.0   ,   9990.0 
 30 
-79.60385      54.57155 
-79.59558      54.57546 
-79.58255      54.57905 
-79.58014      54.57974 
-79.57341      54.5796 
-79.56785      54.57785 
-79.56675      54.57691 
-79.56706      54.57358 
-79.57252      54.57436 
-79.57553      54.57425 
-79.5804       54.57271 
-79.58297      54.57163 
-79.59126      54.57124 
-79.6018       54.56612 
-79.60993      54.56496 
-79.61677      54.56246 
-79.62345      54.56249 
-79.62723      54.56534 
-79.62297      54.57028 
-79.61756      54.57113 
-79.60546      54.58064 
-79.60062      54.58788 
-79.59385      54.59106 
-79.58574      54.59268 
-79.57941      54.59218 
-79.5781       54.59062 
-79.58216      54.58611 
-79.58912      54.58229 
-79.60523      54.57379 
-79.60385      54.57155 
 1             28 
1
 -9999.0   ,   9990.0 
 8 
-79.56886      54.52276 
-79.58218      54.52259 
-79.58333      54.52667 
-79.58186      54.52786 
-79.569        54.5287 
-79.56296      54.52683 
-79.56193      54.52412 
-79.56886      54.52276 
 1             29 
1
 -9999.0   ,   9990.0 
 10 
-79.53071      54.48596 
-79.53527      54.48879 
-79.53195      54.49118 
-79.52528      54.49092 
-79.51601      54.49257 
-79.5111       54.48997 
-79.5129       54.48831 
-79.5215       54.48806 
-79.52487      54.48636 
-79.53071      54.48596 
 1             30 
1
 -9999.0   ,   9990.0 
 10 
-79.54341      54.47003 
-79.5372       54.47067 
-79.53153      54.47313 
-79.52972      54.47478 
-79.53305      54.47696 
-79.54563      54.4775 
-79.5538       54.47703 
-79.55973      54.47319 
-79.5524       54.46998 
-79.54341      54.47003 
 1             31 
1
 -9999.0   ,   9990.0 
 13 
-79.57203      54.4575 
-79.57511      54.46129 
-79.5791       54.46209 
-79.58937      54.46314 
-79.59112      54.46515 
-79.58621      54.46713 
-79.57478      54.46633 
-79.5708       54.46554 
-79.56676      54.46429 
-79.55524      54.46235 
-79.55188      54.45971 
-79.56426      54.45819 
-79.57203      54.4575 
 1             32 
1
 -9999.0   ,   9990.0 
 332 
-78.50286      55 
-78.51035      54.99688 
-78.52035      54.99209 
-78.53161      54.98865 
-78.53833      54.98851 
-78.54256      54.98659 
-78.54318      54.99 
-78.54837      54.99057 
-78.5497       54.98667 
-78.54576      54.98081 
-78.55822      54.9778 
-78.5627       54.97359 
-78.56183      54.97246 
-78.56267      54.96719 
-78.57454      54.96122 
-78.58187      54.95832 
-78.58549      54.95915 
-78.58887      54.96228 
-78.59832      54.96161 
-78.61006      54.95358 
-78.62629      54.95368 
-78.63089      54.95152 
-78.63454      54.94687 
-78.65094      54.94375 
-78.66449      54.93933 
-78.67716      54.93379 
-78.6874       54.93288 
-78.69896      54.93421 
-78.71196      54.93345 
-78.72674      54.9242 
-78.73326      54.92131 
-78.74481      54.9167 
-78.7566       54.91573 
-78.7628       54.91399 
-78.76345      54.91192 
-78.75898      54.91019 
-78.75187      54.91036 
-78.749        54.90883 
-78.7516       54.90649 
-78.75678      54.90705 
-78.77011      54.90559 
-78.78388      54.90458 
-78.8029       54.90504 
-78.81795      54.90537 
-78.82505      54.90497 
-78.83075      54.90734 
-78.83826      54.90739 
-78.84921      54.90027 
-78.85605      54.89645 
-78.86478      54.89693 
-78.87428      54.89715 
-78.8784       54.89408 
-78.87998      54.88856 
-78.88469      54.88821 
-78.88855      54.89223 
-78.89091      54.89217 
-78.89332      54.88732 
-78.89228      54.88391 
-78.89518      54.88042 
-78.90187      54.88002 
-78.90721      54.88263 
-78.91576      54.88082 
-78.92685      54.87575 
-78.93536      54.87348 
-78.942        54.8724 
-78.94615      54.86978 
-78.93214      54.86739 
-78.93373      54.86233 
-78.94051      54.85782 
-78.94128      54.85231 
-78.94897      54.84961 
-78.95976      54.84088 
-78.97177      54.83784 
-78.98843      54.82851 
-78.9924       54.82863 
-79.00286      54.83111 
-79.0091       54.83552 
-79.01507      54.83605 
-79.02781      54.82727 
-79.03992      54.82559 
-79.05183      54.82139 
-79.06441      54.82084 
-79.07326      54.81787 
-79.0933       54.81665 
-79.10743      54.81583 
-79.12466      54.8092 
-79.14952      54.8042 
-79.18125      54.7965 
-79.19093      54.79418 
-79.20345      54.79293 
-79.22432      54.79259 
-79.23641      54.79088 
-79.24563      54.78789 
-79.26702      54.77953 
-79.27669      54.77721 
-79.2798       54.78123 
-79.28299      54.78183 
-79.29008      54.77226 
-79.29684      54.76819 
-79.31731      54.76327 
-79.32408      54.76399 
-79.33425      54.75822 
-79.3412       54.75666 
-79.35655      54.75645 
-79.36428      54.75463 
-79.37578      54.75545 
-79.38205      54.75504 
-79.38671      54.75879 
-79.38768      54.76082 
-79.39233      54.76 
-79.41545      54.74928 
-79.4264       54.7437 
-79.43086      54.7406 
-79.43695      54.73814 
-79.44304      54.73568 
-79.45565      54.73554 
-79.45973      54.73725 
-79.46046      54.74112 
-79.45516      54.74813 
-79.45262      54.75072 
-79.45393      54.75205 
-79.4563       54.75221 
-79.46498      54.74761 
-79.47277      54.73778 
-79.47988      54.73346 
-79.50031      54.72829 
-79.5265       54.71722 
-79.53541      54.71559 
-79.5429       54.71559 
-79.56036      54.72147 
-79.56545      54.72109 
-79.57696      54.71343 
-79.58183      54.7062 
-79.59588      54.70051 
-79.6007       54.69716 
-79.61034      54.69504 
-79.61625      54.69509 
-79.61863      54.69959 
-79.6249       54.69482 
-79.62461      54.69163 
-79.62735      54.6872 
-79.64097      54.6813 
-79.65421      54.67975 
-79.66111      54.67359 
-79.66289      54.67148 
-79.67308      54.66682 
-79.6767       54.65916 
-79.68473      54.65663 
-79.69338      54.65659 
-79.70263      54.65036 
-79.71319      54.6498 
-79.7183       54.64552 
-79.72352      54.63827 
-79.73054      54.63347 
-79.73481      54.63288 
-79.74345      54.63695 
-79.74481      54.63897 
-79.74209      54.6434 
-79.74531      54.64421 
-79.75098      54.64175 
-79.75373      54.63343 
-79.7594       54.63096 
-79.76414      54.63127 
-79.76543      54.62826 
-79.76127      54.62587 
-79.76385      54.61985 
-79.76023      54.61905 
-79.75688      54.62098 
-79.75485      54.62448 
-79.74841      54.62697 
-79.73378      54.62606 
-79.72253      54.6319 
-79.71475      54.63283 
-79.70355      54.63066 
-79.68946      54.63133 
-79.67621      54.62831 
-79.67031      54.62827 
-79.65433      54.63402 
-79.64723      54.63378 
-79.64582      54.63131 
-79.65215      54.62746 
-79.65905      54.62541 
-79.65896      54.6245 
-79.65211      54.62266 
-79.65145      54.6197 
-79.6567       54.61703 
-79.66034      54.6096 
-79.64453      54.61283 
-79.63772      54.61143 
-79.62702      54.61474 
-79.6211       54.61446 
-79.62097      54.61309 
-79.62898      54.61033 
-79.62648      54.60881 
-79.62102      54.60921 
-79.61273      54.61312 
-79.60724      54.61328 
-79.6011       54.61919 
-79.6033       54.62186 
-79.60966      54.62258 
-79.61275      54.62203 
-79.61531      54.62424 
-79.61125      54.62711 
-79.59571      54.62918 
-79.59382      54.62993 
-79.58692      54.63196 
-79.58263      54.62798 
-79.57589      54.62727 
-79.56746      54.62089 
-79.56305      54.61988 
-79.56208      54.61785 
-79.56953      54.61328 
-79.57796      54.61097 
-79.57746      54.60984 
-79.56886      54.61033 
-79.55808      54.61272 
-79.54958      54.61434 
-79.54808      54.61507 
-79.5407       54.61598 
-79.53744      54.61471 
-79.5334       54.60911 
-79.5379       54.60669 
-79.54733      54.60664 
-79.5515       54.60491 
-79.55168      54.60262 
-79.55403      54.59364 
-79.55563      54.5897 
-79.55476      54.58881 
-79.5502       54.59032 
-79.54745      54.5904 
-79.54491      54.58842 
-79.53958      54.58584 
-79.52771      54.58481 
-79.5196       54.5862 
-79.5139       54.58843 
-79.51         54.58978 
-79.50702      54.58612 
-79.5092       54.584 
-79.51966      54.5782 
-79.52338      54.5758 
-79.51832      54.57184 
-79.51398      54.56717 
-79.51677      54.5632 
-79.527        54.56335 
-79.53581      54.56103 
-79.5437       54.55279 
-79.5471       54.55131 
-79.5503       54.55191 
-79.55515      54.55793 
-79.56116      54.55501 
-79.56703      54.55483 
-79.57718      54.55864 
-79.58386      54.55432 
-79.58439      54.55156 
-79.58283      54.55161 
-79.57543      54.54795 
-79.568        54.54817 
-79.56088      54.54747 
-79.55388      54.5438 
-79.5522       54.53813 
-79.54643      54.53945 
-79.53374      54.53777 
-79.52219      54.54017 
-79.51848      54.53823 
-79.52145      54.53631 
-79.53146      54.52983 
-79.52888      54.52717 
-79.5199       54.52767 
-79.51563      54.52367 
-79.51456      54.5213 
-79.51518      54.51922 
-79.51783      54.51572 
-79.51987      54.51281 
-79.52146      54.50978 
-79.51583      54.51269 
-79.51071      54.51239 
-79.50644      54.5084 
-79.50885      54.50444 
-79.51366      54.50133 
-79.51598      54.50103 
-79.51985      54.50046 
-79.5333       54.50188 
-79.53951      54.50124 
-79.54083      54.49846 
-79.53573      54.49838 
-79.52775      54.49679 
-79.51963      54.49795 
-79.51093      54.49707 
-79.49607      54.49293 
-79.49231      54.4903 
-79.49866      54.48668 
-79.5037       54.48608 
-79.50481      54.48536 
-79.52126      54.48532 
-79.52303      54.48321 
-79.52171      54.48165 
-79.51746      54.48224 
-79.5116       54.48241 
-79.50774      54.47864 
-79.50773      54.47407 
-79.50176      54.46853 
-79.49671      54.46456 
-79.49703      54.46364 
-79.5027       54.46141 
-79.50998      54.45959 
-79.51684      54.46191 
-79.53478      54.46114 
-79.53533      54.45861 
-79.52988      54.459 
-79.52428      54.45757 
-79.51286      54.45676 
-79.5029       54.45912 
-79.49551      54.4598 
-79.48404      54.45396 
-79.48676      54.44474 
-79.47915      54.44268 
-79.47701      54.44068 
-79.481        54.43256 
-79.48158      54.43025 
-79.48036      54.42526 
-79.4806       54.42342 
-79.4836       54.42196 
-79.49368      54.42098 
-79.49875      54.42083 
-79.50132      54.41892 
-79.48995      54.41857 
-79.48715      54.41797 
-79.48427      54.41623 
-79.47504      54.41353 
-79.47301      54.41267 
-79.46368      54.41341 
-79.45649      54.41156 
 1             33 
1
 -9999.0   ,   9990.0 
 14 
-79.53473      54.40763 
-79.52203      54.40984 
-79.52016      54.41081 
-79.52233      54.41326 
-79.52941      54.41374 
-79.53025      54.4144 
-79.53648      54.41421 
-79.54047      54.41501 
-79.54722      54.41617 
-79.55151      54.41605 
-79.5513       54.41354 
-79.54646      54.41208 
-79.53914      54.40887 
-79.53473      54.40763 
 1             34 
1
 -9999.0   ,   9990.0 
 16 
-79.41426      54.25181 
-79.41485      54.25408 
-79.42029      54.26307 
-79.41611      54.26434 
-79.4095       54.2643 
-79.40097      54.26501 
-79.39561      54.2615 
-79.38941      54.26191 
-79.38601      54.26315 
-79.38238      54.26166 
-79.38244      54.25777 
-79.38603      54.25423 
-79.39857      54.25502 
-79.40543      54.25321 
-79.40655      54.25272 
-79.41426      54.25181 
 1             35 
1
 -9999.0   ,   9990.0 
 10 
-79.34841      54.23748 
-79.35368      54.24007 
-79.35878      54.24039 
-79.35734      54.2418 
-79.34648      54.24234 
-79.34347      54.24357 
-79.33843      54.24394 
-79.33708      54.24169 
-79.34306      54.23878 
-79.34841      54.23748 
 1             36 
1
 -9999.0   ,   9990.0 
 16 
-79.45417      54.23578 
-79.45848      54.23611 
-79.45856      54.23702 
-79.45596      54.23847 
-79.44741      54.23872 
-79.4452       54.24016 
-79.44542      54.24267 
-79.43895      54.24446 
-79.43561      54.24638 
-79.42656      54.24528 
-79.41846      54.2462 
-79.4166       54.24717 
-79.41298      54.24591 
-79.41738      54.24258 
-79.43566      54.23769 
-79.45417      54.23578 
 1             37 
1
 -9999.0   ,   9990.0 
 10 
-79.34594      54.22658 
-79.34838      54.22788 
-79.34325      54.23168 
-79.34251      54.23216 
-79.3349       54.23421 
-79.32441      54.23451 
-79.32218      54.23114 
-79.33226      54.23062 
-79.34182      54.22852 
-79.34594      54.22658 
 1             38 
1
 -9999.0   ,   9990.0 
 10 
-79.41818      54.21557 
-79.41005      54.21603 
-79.40593      54.21798 
-79.40698      54.22115 
-79.41214      54.22237 
-79.41516      54.22572 
-79.42253      54.2255 
-79.42726      54.22148 
-79.42301      54.21748 
-79.41818      54.21557 
 1             39 
1
 -9999.0   ,   9990.0 
 12 
-79.50045      54.19049 
-79.50006      54.1922 
-79.49955      54.19366 
-79.49673      54.19481 
-79.49343      54.19597 
-79.47453      54.19675 
-79.47242      54.19476 
-79.4769       54.19256 
-79.48618      54.19206 
-79.48843      54.19107 
-79.49838      54.18918 
-79.50045      54.19049 
 1             40 
1
 -9999.0   ,   9990.0 
 14 
-79.23708      54.16585 
-79.23705      54.1702 
-79.24058      54.17055 
-79.2478       54.17332 
-79.25879      54.17462 
-79.26193      54.17499 
-79.26767      54.17391 
-79.26791      54.17208 
-79.26261      54.16902 
-79.26085      54.16656 
-79.25381      54.16607 
-79.24775      54.16784 
-79.23864      54.1658 
-79.23708      54.16585 
 1             41 
1
 -9999.0   ,   9990.0 
 33 
-79.50163      54.17742 
-79.50271      54.17709 
-79.5034       54.17592 
-79.50295      54.17464 
-79.50062      54.1747 
-79.49811      54.17272 
-79.51317      54.16701 
-79.51185      54.16521 
-79.50754      54.16489 
-79.50031      54.16213 
-79.49516      54.16549 
-79.49089      54.16562 
-79.48999      54.16427 
-79.49816      54.15968 
-79.4972       54.15765 
-79.485        54.16053 
-79.47131      54.16849 
-79.46978      54.16876 
-79.46761      54.17523 
-79.46201      54.17791 
-79.44885      54.17853 
-79.43318      54.17716 
-79.43023      54.17908 
-79.43679      54.183 
-79.44616      54.18341 
-79.45334      54.18549 
-79.46305      54.1852 
-79.47211      54.18218 
-79.47916      54.17832 
-79.48265      54.18256 
-79.48731      54.18265 
-79.49334      54.18041 
-79.50163      54.17742 
 1             42 
1
 -9999.0   ,   9990.0 
 9 
-79.28225      54.15727 
-79.28771      54.15757 
-79.29025      54.16001 
-79.28386      54.16271 
-79.27986      54.16602 
-79.2769       54.16771 
-79.27068      54.16788 
-79.26818      54.1659 
-79.28225      54.15727 
 1             43 
1
 -9999.0   ,   9990.0 
 10 
-79.29865      54.1488 
-79.2968       54.15 
-79.2957       54.15529 
-79.2993       54.15656 
-79.30623      54.1559 
-79.31285      54.15617 
-79.31612      54.15333 
-79.3136       54.15112 
-79.30545      54.15112 
-79.29865      54.1488 
 1             44 
1
 -9999.0   ,   9990.0 
 10 
-79.10657      54.14677 
-79.09661      54.14841 
-79.09255      54.15126 
-79.09148      54.15266 
-79.0951       54.15417 
-79.10306      54.15167 
-79.10673      54.15386 
-79.11078      54.151 
-79.1098       54.14829 
-79.10657      54.14677 
 1             45 
1
 -9999.0   ,   9990.0 
 10 
-79.47133      54.14173 
-79.46529      54.14374 
-79.46391      54.14583 
-79.4676       54.14801 
-79.4777       54.14794 
-79.48763      54.14604 
-79.48895      54.14326 
-79.48179      54.14142 
-79.47455      54.143 
-79.47133      54.14173 
 1             46 
1
 -9999.0   ,   9990.0 
 12 
-79.19978      54.12709 
-79.20535      54.12876 
-79.20431      54.1304 
-79.20005      54.13051 
-79.19788      54.1324 
-79.18944      54.13378 
-79.177        54.13366 
-79.17379      54.13238 
-79.17598      54.13049 
-79.18843      54.13084 
-79.19445      54.12838 
-79.19978      54.12709 
 1             47 
1
 -9999.0   ,   9990.0 
 13 
-79.13481      54.10554 
-79.13504      54.10874 
-79.12981      54.11619 
-79.12479      54.11656 
-79.12141      54.11299 
-79.1155       54.11201 
-79.10881      54.11081 
-79.10675      54.10904 
-79.11443      54.10815 
-79.1191       54.10825 
-79.12339      54.10859 
-79.13018      54.10612 
-79.13481      54.10554 
 1             48 
1
 -9999.0   ,   9990.0 
 10 
-79.46716      54.10251 
-79.45955      54.10411 
-79.45561      54.10354 
-79.45379      54.10497 
-79.45321      54.10727 
-79.45766      54.10943 
-79.4635       54.10948 
-79.47016      54.1102 
-79.47588      54.10454 
-79.46716      54.10251 
 1             49 
1
 -9999.0   ,   9990.0 
 12 
-79.19193      54.0969 
-79.18423      54.09756 
-79.18236      54.09853 
-79.18413      54.10123 
-79.18926      54.10223 
-79.19196      54.10696 
-79.19731      54.10589 
-79.20101      54.10373 
-79.20806      54.10445 
-79.20981      54.10211 
-79.20161      54.10143 
-79.19193      54.0969 
 1             50 
1
 -9999.0   ,   9990.0 
 12 
-79.27043      54.08877 
-79.26548      54.08982 
-79.26328      54.09148 
-79.26815      54.09409 
-79.2716       54.09354 
-79.2769       54.09659 
-79.28996      54.09507 
-79.29462      54.09517 
-79.29567      54.09377 
-79.28568      54.09016 
-79.276        54.09043 
-79.27043      54.08877 
 1             51 
1
 -9999.0   ,   9990.0 
 44 
-79.24184      54.08065 
-79.24268      54.08068 
-79.24361      54.08189 
-79.2441       54.0835 
-79.24485      54.08422 
-79.24755      54.08415 
-79.25236      54.08127 
-79.25771      54.0802 
-79.264        54.08117 
-79.27553      54.07993 
-79.28592      54.07895 
-79.28536      54.07817 
-79.28466      54.07784 
-79.27361      54.07541 
-79.2603       54.07395 
-79.24616      54.07184 
-79.23341      54.07242 
-79.2259       54.07057 
-79.2031       54.07166 
-79.20285      54.07327 
-79.21185      54.07439 
-79.21923      54.07441 
-79.22245      54.07593 
-79.21869      54.0774 
-79.20778      54.07679 
-79.19796      54.07523 
-79.18938      54.07455 
-79.18033      54.07297 
-79.17493      54.07335 
-79.17633      54.07629 
-79.18343      54.07792 
-79.18712      54.08033 
-79.19294      54.0804 
-79.20061      54.08408 
-79.20291      54.08378 
-79.2022       54.07969 
-79.21705      54.08111 
-79.22731      54.07854 
-79.23075      54.07775 
-79.23244      54.07954 
-79.2299       54.08167 
-79.23161      54.08368 
-79.23767      54.08191 
-79.24184      54.08065 
 1             52 
1
 -9999.0   ,   9990.0 
 10 
-79.13171      54.05623 
-79.12635      54.05706 
-79.13129      54.06082 
-79.14154      54.06305 
-79.14696      54.06291 
-79.1499       54.06077 
-79.14816      54.05853 
-79.14083      54.05873 
-79.13651      54.05816 
-79.13171      54.05623 
 1             53 
1
 -9999.0   ,   9990.0 
 11 
-79.16965      54.04582 
-79.16656      54.04614 
-79.16559      54.04845 
-79.16765      54.04999 
-79.17848      54.0497 
-79.18598      54.05132 
-79.1913       54.05003 
-79.19306      54.04793 
-79.18824      54.04577 
-79.17787      54.04697 
-79.16965      54.04582 
 1             54 
1
 -9999.0   ,   9990.0 
 10 
-79.12781      54.04124 
-79.12596      54.04221 
-79.12847      54.04465 
-79.13943      54.04596 
-79.14336      54.04677 
-79.14755      54.04574 
-79.1493       54.04341 
-79.14682      54.04141 
-79.13559      54.04149 
-79.12781      54.04124 
 1             55 
1
 -9999.0   ,   9990.0 
 9 
-79.19383      54.02343 
-79.18805      54.02382 
-79.18657      54.02478 
-79.18515      54.02619 
-79.19038      54.02879 
-79.21225      54.03093 
-79.21357      54.02815 
-79.19913      54.02672 
-79.19383      54.02343 
 1             56 
1
 -9999.0   ,   9990.0 
 10 
-79.49781      54.022 
-79.49183      54.02447 
-79.48563      54.02442 
-79.48379      54.02562 
-79.482        54.02728 
-79.48371      54.02906 
-79.49599      54.02777 
-79.50046      54.02581 
-79.50058      54.0226 
-79.49781      54.022 
 1             57 
1
 -9999.0   ,   9990.0 
 17 
-79.83886      53.90008 
-79.83942      53.90601 
-79.84362      53.91365 
-79.85112      53.91936 
-79.86025      53.9218 
-79.87445      53.92065 
-79.8899       53.9286 
-79.89775      53.93383 
-79.90559      53.93494 
-79.90877      53.93186 
-79.89923      53.92096 
-79.89737      53.91782 
-79.89008      53.9144 
-79.86588      53.90789 
-79.85419      53.90278 
-79.8416       53.90045 
-79.83886      53.90008 
 1             58 
1
 -9999.0   ,   9990.0 
 9 
-79.1289       53.89645 
-79.11975      53.89807 
-79.11397      53.89823 
-79.11187      53.90103 
-79.11478      53.90369 
-79.12425      53.90618 
-79.12752      53.90358 
-79.12937      53.89758 
-79.1289       53.89645 
 1             59 
1
 -9999.0   ,   9990.0 
 489 
-79.45974      54.40849 
-79.46581      54.40626 
-79.46595      54.40328 
-79.46888      54.40113 
-79.47564      54.40253 
-79.48812      54.40216 
-79.49963      54.4041 
-79.50266      54.4031 
-79.50286      54.40081 
-79.49771      54.40005 
-79.49189      54.39611 
-79.4908       54.39248 
-79.50031      54.38968 
-79.50053      54.38761 
-79.49614      54.38661 
-79.49472      54.37933 
-79.49273      54.37893 
-79.49363      54.37417 
-79.49916      54.37073 
-79.50304      54.3702 
-79.50848      54.36905 
-79.51061      54.36745 
-79.5094       54.36519 
-79.50481      54.36517 
-79.49963      54.36573 
-79.49468      54.36534 
-79.48911      54.36534 
-79.48385      54.36515 
-79.48198      54.36292 
-79.48134      54.35988 
-79.48141      54.35739 
-79.48345      54.35503 
-79.48216      54.35202 
-79.47992      54.35148 
-79.47511      54.35035 
-79.47149      54.3501 
-79.46568      54.35088 
-79.46098      54.34971 
-79.45907      54.34709 
-79.46175      54.34451 
-79.45929      54.34288 
-79.45721      54.34181 
-79.45768      54.33988 
-79.46053      54.33901 
-79.46609      54.339 
-79.47092      54.33826 
-79.47943      54.33814 
-79.48133      54.33769 
-79.48075      54.33523 
-79.47991      54.33495 
-79.47902      54.33487 
-79.47166      54.33428 
-79.46636      54.33169 
-79.46121      54.3307 
-79.45246      54.33325 
-79.44159      54.33402 
-79.43933      54.335 
-79.41504      54.33846 
-79.40776      54.34004 
-79.40601      54.3378 
-79.41126      54.33537 
-79.42399      54.33362 
-79.4373       54.32957 
-79.45053      54.32896 
-79.45665      54.32764 
-79.46098      54.32362 
-79.46098      54.31904 
-79.46796      54.31861 
-79.47093      54.31235 
-79.47449      54.31293 
-79.48233      54.3126 
-79.48458      54.30783 
-79.48445      54.30646 
-79.48043      54.30498 
-79.47224      54.305 
-79.46893      54.3028 
-79.46589      54.29923 
-79.46045      54.2994 
-79.45285      54.30168 
-79.43689      54.30215 
-79.4264       54.30245 
-79.42462      54.29999 
-79.42761      54.29867 
-79.42808      54.29693 
-79.42662      54.29605 
-79.42199      54.29664 
-79.41638      54.29932 
-79.41091      54.29924 
-79.40871      54.29634 
-79.41338      54.29163 
-79.41114      54.28826 
-79.41413      54.282 
-79.42681      54.27546 
-79.42873      54.2706 
-79.42418      54.26753 
-79.41793      54.26726 
-79.41662      54.27027 
-79.41763      54.27298 
-79.41278      54.27541 
-79.40523      54.2738 
-79.39955      54.27122 
-79.39095      54.27078 
-79.38694      54.26953 
-79.38068      54.27383 
-79.38233      54.28407 
-79.38023      54.28687 
-79.3714       54.2885 
-79.36728      54.28588 
-79.36748      54.28358 
-79.37223      54.27979 
-79.36799      54.27579 
-79.37383      54.27105 
-79.36844      54.26732 
-79.37459      54.26165 
-79.37518      54.25478 
-79.36885      54.25359 
-79.36318      54.25101 
-79.3535       54.24694 
-79.34763      54.24688 
-79.34661      54.24851 
-79.35328      54.25381 
-79.35026      54.25503 
-79.33625      54.2504 
-79.33001      54.25035 
-79.32328      54.24895 
-79.32148      54.24602 
-79.31054      54.24565 
-79.29718      54.2394 
-79.29397      54.23834 
-79.29141      54.23567 
-79.29269      54.23221 
-79.2935       54.22784 
-79.28915      54.22705 
-79.28619      54.22416 
-79.2872       54.2223 
-79.29211      54.22056 
-79.30652      54.22061 
-79.31993      54.21794 
-79.32553      54.21504 
-79.32646      54.21227 
-79.31869      54.21249 
-79.31417      54.20964 
-79.33075      54.203 
-79.33224      54.20227 
-79.34406      54.19942 
-79.34578      54.20143 
-79.3413       54.20361 
-79.33718      54.20556 
-79.33733      54.20738 
-79.3409       54.2082 
-79.35043      54.20587 
-79.35705      54.2059 
-79.36145      54.20257 
-79.35702      54.20087 
-79.35736      54.1956 
-79.36104      54.19321 
-79.36698      54.19441 
-79.36948      54.19182 
-79.37393      54.18918 
-79.38293      54.18983 
-79.38583      54.18746 
-79.3844       54.1843 
-79.39427      54.18151 
-79.39678      54.17891 
-79.39356      54.17764 
-79.3866       54.17806 
-79.3814       54.17639 
-79.3768       54.17698 
-79.37349      54.17936 
-79.3761       54.18272 
-79.37285      54.18555 
-79.36861      54.18613 
-79.35631      54.18328 
-79.34196      54.1837 
-79.3374       54.18017 
-79.33422      54.17477 
-79.3182       54.17843 
-79.31295      54.18064 
-79.30786      54.18032 
-79.30808      54.17826 
-79.31703      54.17366 
-79.31808      54.17226 
-79.31146      54.17222 
-79.30127      54.17594 
-79.29195      54.17597 
-79.2837       54.17964 
-79.2713       54.18021 
-79.26646      54.18286 
-79.26127      54.18598 
-79.25435      54.18686 
-79.24492      54.18575 
-79.23545      54.18396 
-79.23335      54.18219 
-79.23651      54.17775 
-79.2348       54.17597 
-79.2286       54.17615 
-79.22198      54.1713 
-79.22325      54.16783 
-79.23343      54.16389 
-79.24333      54.16133 
-79.2432       54.15973 
-79.23541      54.15949 
-79.23326      54.15704 
-79.2377       54.15417 
-79.24443      54.15581 
-79.26271      54.15599 
-79.2669       54.15495 
-79.26596      54.15292 
-79.25226      54.15171 
-79.25173      54.14989 
-79.25588      54.1484 
-79.25761      54.14583 
-79.25425      54.14273 
-79.2482       54.14473 
-79.23856      54.14569 
-79.2267       54.14304 
-79.21933      54.14324 
-79.21857      54.1483 
-79.20941      54.15038 
-79.20923      54.1529 
-79.21436      54.1539 
-79.21576      54.15524 
-79.21454      54.15605 
-79.21209      54.15766 
-79.21046      54.15858 
-79.20621      54.15893 
-79.19982      54.16162 
-79.19467      54.16039 
-79.18355      54.1671 
-79.16566      54.1669 
-79.16008      54.16522 
-79.15423      54.16492 
-79.13545      54.16337 
-79.12604      54.16225 
-79.1164       54.1632 
-79.10092      54.16407 
-79.0906       54.16618 
-79.08781      54.16534 
-79.08419      54.16383 
-79.07682      54.16403 
-79.07425      54.16089 
-79.07488      54.15905 
-79.08014      54.15662 
-79.08345      54.15402 
-79.0772       54.1487 
-79.07936      54.14659 
-79.08912      54.14724 
-79.09536      54.1425 
-79.10035      54.14168 
-79.10672      54.1438 
-79.11626      54.14148 
-79.11875      54.13867 
-79.1153       54.13419 
-79.11582      54.13098 
-79.11223      54.1297 
-79.10788      54.1337 
-79.10242      54.13339 
-79.09333      54.13638 
-79.0875       54.13631 
-79.08351      54.13481 
-79.08166      54.1312 
-79.08486      54.12723 
-79.08989      54.1271 
-79.09481      54.1304 
-79.09872      54.13075 
-79.10171      54.1293 
-79.10263      54.12607 
-79.09741      54.12392 
-79.09486      54.12102 
-79.08875      54.11729 
-79.08091      54.11636 
-79.07352      54.11107 
-79.06538      54.11128 
-79.05976      54.10869 
-79.0641       54.10469 
-79.06243      54.10313 
-79.05645      54.101 
-79.05259      54.0963 
-79.0553       54.09623 
-79.05888      54.09225 
-79.06355      54.09258 
-79.06595      54.09343 
-79.07066      54.09423 
-79.07825      54.09196 
-79.08443      54.09157 
-79.09406      54.09566 
-79.09986      54.09527 
-79.10622      54.09236 
-79.11515      54.09258 
-79.12123      54.09082 
-79.13056      54.09102 
-79.13568      54.08699 
-79.14186      54.08683 
-79.15081      54.09207 
-79.16285      54.0922 
-79.16608      54.09394 
-79.1643       54.09582 
-79.15578      54.09605 
-79.15432      54.09724 
-79.15922      54.10031 
-79.16967      54.10002 
-79.17371      54.09717 
-79.17376      54.09282 
-79.16877      54.08861 
-79.17495      54.08341 
-79.16893      54.08083 
-79.15821      54.08249 
-79.14817      54.08322 
-79.1416       54.0786 
-79.13303      54.07815 
-79.13365      54.07607 
-79.12905      54.07185 
-79.1374       54.06956 
-79.1415       54.07242 
-79.14641      54.0707 
-79.14423      54.06755 
-79.13633      54.06571 
-79.13089      54.06563 
-79.12451      54.06328 
-79.11843      54.06483 
-79.10136      54.06482 
-79.08821      54.06517 
-79.08117      54.06445 
-79.08103      54.06262 
-79.08721      54.06223 
-79.1097       54.06231 
-79.11219      54.0595 
-79.10968      54.05706 
-79.09621      54.05833 
-79.07772      54.05493 
-79.07871      54.05262 
-79.0853       54.05268 
-79.10015      54.05411 
-79.1077       54.05162 
-79.11536      54.04547 
-79.109        54.04335 
-79.10211      54.04445 
-79.09936      54.04909 
-79.08892      54.04938 
-79.08276      54.04497 
-79.08152      54.04386 
-79.07945      54.04208 
-79.08423      54.03876 
-79.09178      54.03627 
-79.09785      54.0345 
-79.09693      54.0327 
-79.10099      54.03007 
-79.10141      54.02549 
-79.08972      54.02466 
-79.08224      54.02303 
-79.07802      54.0236 
-79.07813      54.02497 
-79.08329      54.02666 
-79.0831       54.02918 
-79.07525      54.03282 
-79.07205      54.03153 
-79.05581      54.03196 
-79.0479       54.03491 
-79.03005      54.03973 
-79.0239       54.04035 
-79.01718      54.03847 
-79.01665      54.03665 
-79.0193       54.03589 
-79.03433      54.03482 
-79.03651      54.03293 
-79.03156      54.02894 
-79.03573      54.02769 
-79.04011      54.02414 
-79.03833      54.02122 
-79.03015      54.01526 
-79.02428      54.01473 
-79.01645      54.01356 
-79.00442      54.01319 
-78.99773      54.01176 
-78.98286      54.0046 
-78.97201      54.00442 
-78.96682      54.00227 
-78.96468      53.99958 
-78.96632      53.99542 
-78.95798      53.99266 
-78.95545      53.98975 
-78.9598       53.98575 
-78.96401      53.98519 
-78.97467      53.98812 
-78.98389      53.98719 
-78.99769      53.98546 
-79.00872      53.99319 
-79.01625      53.9955 
-79.0252       53.99618 
-79.0343       53.99365 
-79.04159      53.99278 
-79.0485       53.9919 
-79.06266      53.99496 
-79.0716       53.99541 
-79.07225      53.9938 
-79.07083      53.9904 
-79.06716      53.98799 
-79.05886      53.98569 
-79.05748      53.98298 
-79.06403      53.98258 
-79.0634       53.9794 
-79.0559       53.9773 
-79.05498      53.9755 
-79.06645      53.97383 
-79.07451      53.97293 
-79.08429      53.97426 
-79.0905       53.97433 
-79.09608      53.97166 
-79.10106      53.97107 
-79.10622      53.96773 
-79.10298      53.96576 
-79.09534      53.96711 
-79.0795       53.9673 
-79.07209      53.96659 
-79.05763      53.96972 
-79.05005      53.96672 
-79.04431      53.96755 
-79.0374       53.96819 
-79.03419      53.96667 
-79.03891      53.96266 
-79.03793      53.95994 
-79.04004      53.95714 
-79.03564      53.9552 
-79.03148      53.95645 
-79.02623      53.95865 
-79.01822      53.95497 
-79.00963      53.95382 
-79.00278      53.95012 
-79.0011       53.94833 
-79.00333      53.94713 
-79.0109       53.9451 
-79.02243      53.94914 
-79.03025      53.95031 
-79.05265      53.94995 
-79.06187      53.94925 
-79.07518      53.95141 
-79.08491      53.95229 
-79.1054       53.9522 
-79.10643      53.95035 
-79.09939      53.94939 
-79.09093      53.94504 
-79.08363      53.9457 
-79.07658      53.94452 
-79.06778      53.94063 
-79.0539       53.941 
-79.0455       53.93733 
-79.04217      53.93422 
-79.04486      53.93392 
-79.05584      53.93614 
-79.07103      53.93757 
-79.09258      53.94134 
-79.10293      53.94518 
-79.11471      53.94761 
-79.12791      53.94816 
-79.13376      53.94389 
-79.13091      53.94213 
-79.11229      53.94127 
-79.0961       53.9369 
-79.09398      53.93444 
-79.09596      53.93004 
-79.09466      53.92825 
-79.09071      53.92721 
-79.08223      53.92744 
-79.07598      53.92646 
-79.06921      53.9239 
-79.05897      53.92142 
-79.0416       53.92166 
-79.03301      53.92052 
-79.02227      53.91645 
-79.01448      53.91551 
-79.01012      53.91928 
-79.0155       53.92395 
-79.01496      53.92716 
-79.0161       53.93193 
-79.01339      53.93703 
-79.00713      53.93606 
-79.00606      53.92694 
-79.0008       53.92364 
-78.99693      53.91848 
-78.99744      53.91504 
-79.00035      53.91267 
-79.0095       53.91106 
-79.01271      53.90755 
-79.01095      53.90462 
-79.00391      53.90344 
-78.9999       53.90126 
-78.9944       53.90002 
-78.98445      53.89617 
-78.97664      53.88996 
 1             60 
1
 -9999.0   ,   9990.0 
 9 
-79.06893      53.87496 
-79.06836      53.8775 
-79.07321      53.88034 
-79.08645      53.88182 
-79.09415      53.88161 
-79.09628      53.87926 
-79.0907       53.8769 
-79.07951      53.87697 
-79.06893      53.87496 
 1             61 
1
 -9999.0   ,   9990.0 
 12 
-79.11003      53.86723 
-79.10855      53.86796 
-79.1067       53.86915 
-79.11311      53.87218 
-79.13916      53.87467 
-79.1511       53.87412 
-79.15356      53.87131 
-79.15036      53.8698 
-79.13958      53.87009 
-79.13327      53.86843 
-79.11865      53.86906 
-79.11003      53.86723 
 1             62 
1
 -9999.0   ,   9990.0 
 9 
-78.95872      53.83029 
-78.95803      53.83145 
-78.96675      53.83465 
-78.97528      53.83534 
-78.97793      53.83459 
-78.97778      53.83253 
-78.97116      53.83179 
-78.96301      53.83109 
-78.95872      53.83029 
 1             63 
1
 -9999.0   ,   9990.0 
 56 
-78.97664      53.88996 
-78.98241      53.88455 
-78.98851      53.88348 
-78.99496      53.8872 
-79.01352      53.8874 
-79.02576      53.89097 
-79.0316       53.8915 
-79.04125      53.89171 
-79.04048      53.89676 
-79.04336      53.8992 
-79.05346      53.89985 
-79.05895      53.89581 
-79.06513      53.89588 
-79.07236      53.89454 
-79.07961      53.89343 
-79.08852      53.89365 
-79.09715      53.89548 
-79.10046      53.89836 
-79.10358      53.89873 
-79.10751      53.89451 
-79.10541      53.89252 
-79.09793      53.89043 
-79.09098      53.88558 
-79.08517      53.88528 
-79.06725      53.88324 
-79.06268      53.87902 
-79.06018      53.87154 
-79.06083      53.86992 
-79.06869      53.87176 
-79.07253      53.87144 
-79.07358      53.87004 
-79.06771      53.86379 
-79.06485      53.86181 
-79.07055      53.85571 
-79.07771      53.85849 
-79.08051      53.85476 
-79.07132      53.85066 
-79.06915      53.84248 
-79.06396      53.84011 
-79.05864      53.84116 
-79.05456      53.84333 
-79.04605      53.84287 
-79.04008      53.84051 
-79.0283       53.84288 
-79.02305      53.84485 
-79.01687      53.84478 
-79.00902      53.84293 
-79.00475      53.84258 
-79.0025       53.84355 
-78.99506      53.84192 
-78.98186      53.84089 
-78.969        53.83894 
-78.95548      53.8386 
-78.9461       53.83701 
-78.93777      53.8338 
-78.94016      53.82962 
 1             64 
1
 -9999.0   ,   9990.0 
 9 
-78.9469       53.82167 
-78.96311      53.82194 
-78.96898      53.82316 
-78.97463      53.82644 
-78.97245      53.82833 
-78.9636       53.82855 
-78.95456      53.82627 
-78.9442       53.82677 
-78.9422       53.82591 
 1             65 
1
 -9999.0   ,   9990.0 
 26 
-78.95953      53.80991 
-78.95803      53.81063 
-78.95705      53.81295 
-78.96036      53.81606 
-78.97333      53.81938 
-78.98285      53.82303 
-78.99343      53.83053 
-79.00214      53.8335 
-79.01446      53.83317 
-79.03086      53.83092 
-79.04003      53.82954 
-79.05366      53.82643 
-79.05741      53.82496 
-79.05943      53.82124 
-79.05482      53.81633 
-79.04597      53.81657 
-79.03955      53.81811 
-79.02295      53.81786 
-79.01163      53.8161 
-79.00006      53.81595 
-78.99325      53.81772 
-78.98801      53.81992 
-78.98253      53.81869 
-78.9768       53.81427 
-78.96453      53.80978 
-78.95953      53.80991 
 1             66 
1
 -9999.0   ,   9990.0 
 11 
-79.1743       53.80624 
-79.1756       53.81307 
-79.17734      53.81554 
-79.18355      53.81605 
-79.18678      53.81802 
-79.19256      53.81786 
-79.19791      53.81245 
-79.19431      53.81072 
-79.18888      53.81041 
-79.18281      53.80669 
-79.1743       53.80624 
 1             67 
1
 -9999.0   ,   9990.0 
 11 
-79.15863      53.72936 
-79.14876      53.73123 
-79.14426      53.73273 
-79.14247      53.73437 
-79.14691      53.737 
-79.16064      53.74028 
-79.16292      53.73999 
-79.16265      53.73633 
-79.16279      53.73336 
-79.1642       53.73172 
-79.15863      53.72936 
 1             68 
1
 -9999.0   ,   9990.0 
 10 
-79.09051      53.72915 
-79.08873      53.7308 
-79.09396      53.73386 
-79.09708      53.73447 
-79.0993       53.7383 
-79.10319      53.73887 
-79.10609      53.73651 
-79.10231      53.73249 
-79.09666      53.72899 
-79.09051      53.72915 
 1             69 
1
 -9999.0   ,   9990.0 
 10 
-79.10118      53.66779 
-79.09751      53.66995 
-79.09661      53.67318 
-79.09373      53.67577 
-79.09775      53.67818 
-79.1056       53.67522 
-79.11256      53.67595 
-79.11502      53.67291 
-79.10626      53.6688 
-79.10118      53.66779 
 1             70 
1
 -9999.0   ,   9990.0 
 17 
-79.10761      53.58665 
-79.10281      53.58906 
-79.10066      53.59095 
-79.10605      53.59629 
-79.1135       53.59838 
-79.1195       53.60165 
-79.12517      53.60058 
-79.1307       53.60248 
-79.13361      53.6056 
-79.14305      53.60352 
-79.14601      53.60206 
-79.14313      53.59963 
-79.1441       53.59731 
-79.13402      53.59599 
-79.12458      53.59281 
-79.118        53.59208 
-79.10761      53.58665 
 1             71 
1
 -9999.0   ,   9990.0 
 16 
-79.04815      53.5354 
-79.04366      53.53689 
-79.04269      53.53921 
-79.04768      53.54456 
-79.05105      53.54333 
-79.05123      53.54058 
-79.05973      53.54172 
-79.06949      53.5442 
-79.08516      53.54379 
-79.09196      53.54246 
-79.0937       53.54013 
-79.09041      53.53724 
-79.08213      53.53907 
-79.07799      53.54009 
-79.06067      53.53896 
-79.04815      53.5354 
 1             72 
1
 -9999.0   ,   9990.0 
 13 
-79.22958      53.50526 
-79.22245      53.50706 
-79.22066      53.50871 
-79.22428      53.51067 
-79.23271      53.51089 
-79.24121      53.51179 
-79.24949      53.51018 
-79.25965      53.50807 
-79.25791      53.50537 
-79.25138      53.5051 
-79.24238      53.50741 
-79.23398      53.50765 
-79.22958      53.50526 
 1             73 
1
 -9999.0   ,   9990.0 
 15 
-79.7149       53.48762 
-79.70697      53.48879 
-79.69757      53.4907 
-79.69615      53.49189 
-79.69443      53.49401 
-79.70499      53.50076 
-79.70882      53.50498 
-79.72771      53.5149 
-79.73223      53.51384 
-79.734        53.50807 
-79.7408       53.50716 
-79.74015      53.5042 
-79.72555      53.49529 
-79.7212       53.48948 
-79.7149       53.48762 
 1             74 
1
 -9999.0   ,   9990.0 
 11 
-79.13585      53.4811 
-79.13172      53.48213 
-79.13074      53.48421 
-79.13362      53.48688 
-79.14228      53.49007 
-79.14685      53.48972 
-79.15045      53.48687 
-79.14727      53.48536 
-79.14315      53.48639 
-79.13796      53.48356 
-79.13585      53.4811 
 1             75 
1
 -9999.0   ,   9990.0 
 8 
-79.14248      53.4482 
-79.14039      53.45077 
-79.14412      53.45456 
-79.15133      53.45391 
-79.15982      53.45001 
-79.15473      53.44832 
-79.15026      53.44982 
-79.14248      53.4482 
 1             76 
1
 -9999.0   ,   9990.0 
 18 
-79.1241       53.42766 
-79.11695      53.42923 
-79.11523      53.43179 
-79.12311      53.43981 
-79.12418      53.4439 
-79.13334      53.44365 
-79.13755      53.44353 
-79.1489       53.43727 
-79.15967      53.43332 
-79.16105      53.43144 
-79.15666      53.42905 
-79.14671      53.42887 
-79.15003      53.43221 
-79.13998      53.43569 
-79.12696      53.43513 
-79.12487      53.4329 
-79.128        53.42892 
-79.1241       53.42766 
 1             77 
1
 -9999.0   ,   9990.0 
 12 
-79.08676      53.41907 
-79.08381      53.42052 
-79.08246      53.42284 
-79.08757      53.42979 
-79.09186      53.43105 
-79.09556      53.43439 
-79.09787      53.43455 
-79.09905      53.42994 
-79.09616      53.42705 
-79.09176      53.42465 
-79.08948      53.41968 
-79.08676      53.41907 
 1             78 
1
 -9999.0   ,   9990.0 
 9 
-79.07858      53.4019 
-79.09347      53.40196 
-79.09692      53.40209 
-79.09893      53.40341 
-79.09613      53.40669 
-79.08279      53.40705 
-79.08057      53.40802 
-79.07728      53.40491 
-79.07858      53.4019 
 1             79 
1
 -9999.0   ,   9990.0 
 16 
-78.99838      53.39649 
-78.99675      53.40019 
-78.99813      53.40336 
-79.00713      53.40633 
-79.00695      53.40908 
-79.00293      53.41147 
-79.00419      53.41304 
-79.0122       53.41283 
-79.02596      53.40789 
-79.03651      53.406 
-79.0391       53.40479 
-79.03968      53.40249 
-79.03502      53.40147 
-79.01829      53.40237 
-79.0053       53.397 
-78.99838      53.39649 
 1             80 
1
 -9999.0   ,   9990.0 
 11 
-78.94736      53.39302 
-78.93673      53.39376 
-78.9125       53.39644 
-78.90031      53.39698 
-78.89813      53.39841 
-78.89979      53.4002 
-78.91725      53.39883 
-78.94887      53.39802 
-78.95482      53.3958 
-78.95543      53.39373 
-78.94736      53.39302 
 1             81 
1
 -9999.0   ,   9990.0 
 8 
-79.08351      53.39125 
-79.07863      53.39252 
-79.07768      53.39506 
-79.07927      53.39593 
-79.09181      53.39514 
-79.097        53.39294 
-79.09804      53.39176 
-79.08351      53.39125 
 1             82 
1
 -9999.0   ,   9990.0 
 9 
-79.03941      53.38877 
-79.03493      53.39003 
-79.03038      53.39038 
-79.02821      53.39205 
-79.033        53.39489 
-79.04208      53.39373 
-79.04727      53.39176 
-79.04783      53.38901 
-79.03941      53.38877 
 1             83 
1
 -9999.0   ,   9990.0 
 400 
-78.9498       53.80994 
-78.94981      53.80879 
-78.9526       53.80483 
-78.97407      53.80862 
-78.9905       53.81688 
-78.99735      53.81076 
-79.00928      53.81045 
-79.01487      53.81304 
-79.03972      53.81033 
-79.0487       53.80666 
-79.05321      53.80037 
-79.06661      53.79406 
-79.06918      53.7924 
-79.08115      53.79276 
-79.07944      53.79052 
-79.06102      53.78644 
-79.0471       53.78566 
-79.04318      53.78485 
-79.0391       53.78175 
-79.04456      53.77772 
-79.04644      53.77196 
-79.04587      53.76946 
-79.048        53.76711 
-79.05556      53.76531 
-79.06143      53.75646 
-79.0718       53.75595 
-79.07755      53.76084 
-79.08438      53.75951 
-79.08953      53.7564 
-79.08006      53.74842 
-79.0767       53.73959 
-79.07231      53.73742 
-79.06531      53.73669 
-79.06324      53.73469 
-79.06433      53.73374 
-79.07087      53.7338 
-79.07792      53.73544 
-79.07928      53.73311 
-79.07246      53.72941 
-79.06317      53.72874 
-79.05439      53.72966 
-79.04525      53.72556 
-79.03368      53.72541 
-79.02176      53.72023 
-79.03022      53.71521 
-79.03635      53.71482 
-79.04233      53.71763 
-79.04856      53.71861 
-79.05266      53.7169 
-79.05683      53.7161 
-79.06309      53.71754 
-79.06504      53.71291 
-79.07315      53.71315 
-79.07601      53.71559 
-79.07983      53.71526 
-79.08477      53.70941 
-79.07656      53.70757 
-79.06576      53.70717 
-79.05899      53.70918 
-79.0547       53.70838 
-79.05401      53.70428 
-79.04716      53.70013 
-79.05379      53.69628 
-79.0568       53.69552 
-79.0685       53.70275 
-79.0877       53.70224 
-79.08988      53.70081 
-79.08891      53.69808 
-79.0736       53.68889 
-79.0738       53.6866 
-79.07989      53.68575 
-79.08327      53.68978 
-79.09861      53.6944 
-79.09546      53.69837 
-79.09953      53.70123 
-79.10778      53.70352 
-79.11869      53.70552 
-79.1286       53.70914 
-79.1332       53.70901 
-79.13298      53.70627 
-79.12456      53.70193 
-79.13056      53.69993 
-79.13447      53.70074 
-79.13848      53.70269 
-79.14833      53.70105 
-79.15488      53.70109 
-79.15583      53.69855 
-79.15286      53.69498 
-79.15621      53.68871 
-79.15004      53.68842 
-79.13516      53.69478 
-79.12358      53.69395 
-79.11542      53.69302 
-79.10996      53.69203 
-79.11386      53.68781 
-79.11061      53.68538 
-79.10665      53.68389 
-79.09126      53.68362 
-79.08341      53.68154 
-79.07895      53.67846 
-79.06479      53.67929 
-79.06713      53.68472 
-79.06495      53.68638 
-79.05832      53.68518 
-79.05073      53.68127 
-79.04376      53.68054 
-79.03815      53.67749 
-79.02591      53.67827 
-79.0193       53.68233 
-79.01053      53.68325 
-79.00803      53.6808 
-79.01108      53.67523 
-79.00361      53.67291 
-79.00142      53.66931 
-79.00056      53.66818 
-79.00886      53.66613 
-79.01216      53.66399 
-79.02403      53.65842 
-79.03062      53.65916 
-79.0494       53.65866 
-79.05152      53.65632 
-79.04975      53.65316 
-79.04376      53.65012 
-79.02946      53.6489 
-79.02853      53.64663 
-79.0295       53.64432 
-79.03948      53.64429 
-79.04785      53.64315 
-79.05486      53.64456 
-79.05815      53.64219 
-79.06348      53.64181 
-79.06521      53.63925 
-79.05756      53.63969 
-79.05375      53.63499 
-79.04051      53.63763 
-79.03435      53.63734 
-79.02188      53.63491 
-79.00815      53.63596 
-79.00345      53.63471 
-79.00174      53.63248 
-79.00385      53.6299 
-79.00946      53.62792 
-79.01629      53.62683 
-79.01421      53.62459 
-79.01628      53.62134 
-79.01587      53.61609 
-79.01842      53.6142 
-79.02649      53.61444 
-79.02717      53.61328 
-79.02582      53.61056 
-79.02761      53.60869 
-79.03371      53.60852 
-79.04561      53.60341 
-79.04881      53.60515 
-79.05109      53.60989 
-79.0487       53.61384 
-79.04323      53.61765 
-79.03861      53.61754 
-79.0295       53.6187 
-79.02659      53.62084 
-79.03218      53.62366 
-79.03928      53.62119 
-79.05341      53.62539 
-79.05677      53.61409 
-79.06236      53.61188 
-79.06498      53.60586 
-79.06363      53.60338 
-79.05811      53.59621 
-79.05935      53.59229 
-79.06122      53.59178 
-79.06983      53.59407 
-79.07216      53.58943 
-79.06837      53.58496 
-79.06414      53.58484 
-79.05434      53.58693 
-79.04454      53.58422 
-79.03716      53.58282 
-79.03275      53.58544 
-79.02894      53.58578 
-79.01601      53.5923 
-79.01663      53.59548 
-79.02068      53.59332 
-79.03243      53.59141 
-79.03255      53.593 
-79.02827      53.59724 
-79.0196       53.59929 
-79.01936      53.60113 
-79.01808      53.60459 
-79.00855      53.61056 
-79.00516      53.61134 
-79.00456      53.60838 
-79.00796      53.60257 
-79.00467      53.59968 
-78.99776      53.59963 
-78.99226      53.60298 
-78.98627      53.59971 
-78.98575      53.5979 
-78.98659      53.59376 
-78.98366      53.5904 
-78.97073      53.59188 
-78.96458      53.59159 
-78.96138      53.58983 
-78.95846      53.58671 
-78.96918      53.58117 
-78.96475      53.57831 
-78.96055      53.57842 
-78.95957      53.5757 
-78.96287      53.57356 
-78.9722       53.57011 
-78.97356      53.56779 
-78.96401      53.56827 
-78.95555      53.5678 
-78.94831      53.56822 
-78.94345      53.56491 
-78.94556      53.56234 
-78.93875      53.55817 
-78.9349       53.55781 
-78.93073      53.56386 
-78.92658      53.56466 
-78.91909      53.56188 
-78.90975      53.55983 
-78.90052      53.55938 
-78.89838      53.55508 
-78.89695      53.55215 
-78.89599      53.54966 
-78.8924       53.54769 
-78.9066       53.54276 
-78.92468      53.53863 
-78.93671      53.53558 
-78.94282      53.53519 
-78.95099      53.53178 
-78.95406      53.53193 
-78.95501      53.53442 
-78.95061      53.53705 
-78.95262      53.53837 
-78.96088      53.5361 
-78.96573      53.5291 
-78.97037      53.52967 
-78.9759       53.53204 
-78.98206      53.53257 
-78.98291      53.53369 
-78.98204      53.53738 
-78.98379      53.5403 
-79.00326      53.54986 
-79.01162      53.54895 
-79.01575      53.55132 
-79.01963      53.55355 
-79.02848      53.55399 
-79.04486      53.55287 
-79.04742      53.5512 
-79.04601      53.55033 
-79.03577      53.54397 
-79.02647      53.54262 
-79.03176      53.53652 
-79.02803      53.53273 
-79.01224      53.53155 
-79.00511      53.52831 
-79.0057       53.526 
-79.01356      53.52351 
-79.01794      53.52065 
-79.02379      53.52209 
-79.03443      53.52112 
-79.04332      53.52226 
-79.05793      53.52302 
-79.0651       53.52168 
-79.06838      53.51953 
-79.07603      53.5143 
-79.08411      53.51499 
-79.09259      53.51568 
-79.09928      53.51298 
-79.10988      53.51155 
-79.11391      53.50915 
-79.11111      53.50762 
-79.1054       53.50801 
-79.09978      53.50954 
-79.09666      53.50893 
-79.09496      53.50669 
-79.10189      53.50216 
-79.11116      53.50328 
-79.11529      53.50225 
-79.11869      53.49667 
-79.12233      53.49428 
-79.12271      53.48924 
-79.1249       53.4878 
-79.11832      53.48684 
-79.11221      53.48197 
-79.10311      53.48314 
-79.09704      53.47872 
-79.09447      53.47513 
-79.09782      53.4739 
-79.10736      53.47844 
-79.10956      53.47747 
-79.10903      53.47542 
-79.09478      53.46918 
-79.0923       53.46673 
-79.0948       53.46438 
-79.10288      53.46507 
-79.10716      53.4661 
-79.10857      53.46446 
-79.09898      53.45923 
-79.09762      53.45629 
-79.0996       53.45212 
-79.09798      53.45102 
-79.08885      53.45149 
-79.08555      53.45845 
-79.07991      53.45974 
-79.07408      53.45853 
-79.0571       53.45121 
-79.06178      53.44742 
-79.07148      53.44419 
-79.08171      53.44322 
-79.08553      53.44312 
-79.08913      53.44028 
-79.0822       53.43452 
-79.07755      53.43373 
-79.0762       53.43102 
-79.07791      53.42823 
-79.07631      53.42736 
-79.06804      53.42918 
-79.06548      53.43062 
-79.04909      53.44136 
-79.0472       53.44667 
-79.04499      53.44787 
-79.027        53.44218 
-79.01401      53.44229 
-79.00923      53.43967 
-78.99925      53.43902 
-78.99265      53.43782 
-78.9843       53.4385 
-78.98223      53.43626 
-78.98286      53.43442 
-78.98929      53.43356 
-78.9935       53.43368 
-78.9988       53.42782 
-79.0048       53.42629 
-79.01         53.42432 
-79.0189       53.42592 
-79.03028      53.4247 
-79.03795      53.42518 
-79.04193      53.4221 
-79.04573      53.41697 
-79.0506       53.41569 
-79.05303      53.41746 
-79.0503       53.42165 
-79.05266      53.42273 
-79.05487      53.42679 
-79.05833      53.42715 
-79.06122      53.41976 
-79.06565      53.41758 
-79.07165      53.41627 
-79.07308      53.41509 
-79.06993      53.41357 
-79.06195      53.41424 
-79.05831      53.4116 
-79.06538      53.40912 
-79.0641       53.40732 
-79.04868      53.41048 
-79.04206      53.41386 
-79.03288      53.41365 
-79.01784      53.4168 
-79.00869      53.41704 
-79.00238      53.41949 
-78.9963       53.41989 
-78.9896       53.41709 
-78.98506      53.41766 
-78.97892      53.4121 
-78.97768      53.41076 
-78.97791      53.40367 
-78.98196      53.4015 
-78.98625      53.40276 
-78.98726      53.4009 
-78.98581      53.39682 
-78.98099      53.39352 
-78.9764       53.39341 
-78.96888      53.39498 
-78.95704      53.40009 
-78.94725      53.40195 
-78.94068      53.40074 
-78.93111      53.40053 
-78.90653      53.40369 
-78.898        53.40184 
-78.89086      53.39814 
-78.90048      53.394 
-78.91571      53.39338 
-78.92316      53.3909 
-78.93191      53.39045 
-78.94508      53.38782 
-78.95157      53.38788 
-78.95526      53.38618 
-78.95758      53.38132 
-78.95552      53.37931 
-78.95015      53.37877 
-78.94918      53.37605 
-78.95482      53.36446 
-78.95845      53.36186 
-78.95293      53.35948 
-78.9479       53.35847 
-78.94376      53.354 
-78.9448       53.3526 
-78.94773      53.35092 
 1             84 
1
 -9999.0   ,   9990.0 
 2 
-78.94955      53.34973 
-78.94773      53.35092 
 1             85 
1
 -9999.0   ,   9990.0 
 8 
-78.94773      53.35092 
-78.95109      53.35518 
-78.95457      53.35578 
-78.96122      53.35286 
-78.96299      53.35098 
-78.96064      53.35013 
-78.9542       53.35075 
-78.94955      53.34973 
 1             86 
1
 -9999.0   ,   9990.0 
 11 
-79.01754      53.34108 
-79.01035      53.34173 
-79.01285      53.34464 
-79.02518      53.3514 
-79.02911      53.35313 
-79.03648      53.35979 
-79.04386      53.36143 
-79.04667      53.35838 
-79.03805      53.34511 
-79.02611      53.3436 
-79.01754      53.34108 
 1             87 
1
 -9999.0   ,   9990.0 
 12 
-78.97688      53.3012 
-78.96976      53.30299 
-78.97         53.30596 
-78.97404      53.30929 
-78.98703      53.30986 
-78.99828      53.30751 
-79.00667      53.30751 
-79.0081       53.30633 
-79.0026       53.30396 
-78.99163      53.30494 
-78.98475      53.30466 
-78.97688      53.3012 
 1             88 
1
 -9999.0   ,   9990.0 
 16 
-79.68213      53.2978 
-79.67199      53.2995 
-79.66555      53.2997 
-79.66171      53.2996 
-79.65766      53.3011 
-79.6562       53.30183 
-79.65795      53.30429 
-79.66701      53.30767 
-79.67479      53.30948 
-79.68158      53.30857 
-79.69083      53.30988 
-79.69645      53.30878 
-79.69961      53.3057 
-79.69891      53.30229 
-79.69093      53.29821 
-79.68213      53.2978 
 1             89 
1
 -9999.0   ,   9990.0 
 15 
-79.02486      53.28575 
-79.01615      53.28621 
-79.00616      53.29037 
-79.00435      53.29156 
-79.00676      53.29332 
-79.01511      53.29287 
-79.02109      53.29134 
-79.02648      53.29211 
-79.03319      53.29536 
-79.04653      53.29547 
-79.05216      53.2944 
-79.05348      53.29162 
-79.04663      53.28654 
-79.03451      53.28755 
-79.02486      53.28575 
 1             90 
1
 -9999.0   ,   9990.0 
 14 
-78.99934      53.27019 
-78.98905      53.27526 
-78.97788      53.27853 
-78.97611      53.28041 
-78.98306      53.28182 
-78.98295      53.28525 
-78.98532      53.28657 
-78.99698      53.28466 
-79.00676      53.28303 
-79.0134       53.28011 
-79.0067       53.27708 
-79.01345      53.2705 
-79.00505      53.27004 
-78.99934      53.27019 
 1             91 
1
 -9999.0   ,   9990.0 
 27 
-80            53.38379 
-79.99827      53.38271 
-79.98985      53.37865 
-79.98504      53.38019 
-79.96569      53.38154 
-79.95395      53.37851 
-79.92818      53.36451 
-79.9148       53.35627 
-79.91368      53.35242 
-79.91638      53.34889 
-79.92685      53.34258 
-79.94657      53.33344 
-79.95625      53.32693 
-79.9636       53.32003 
-79.96771      53.30341 
-79.96344      53.29463 
-79.95701      53.29119 
-79.94213      53.29101 
-79.9372       53.28729 
-79.93833      53.27512 
-79.93788      53.26643 
-79.94081      53.26107 
-79.95079      53.25408 
-79.96734      53.24802 
-79.97837      53.24787 
-79.98703      53.24299 
-80            53.23981 
 1             92 
1
 -9999.0   ,   9990.0 
 11 
-78.96933      53.20852 
-78.96373      53.20981 
-78.96077      53.21103 
-78.95233      53.20988 
-78.95085      53.21038 
-78.94909      53.21248 
-78.95571      53.21459 
-78.96219      53.21488 
-78.9711       53.21191 
-78.97207      53.20959 
-78.96933      53.20852 
 1             93 
1
 -9999.0   ,   9990.0 
 9 
-78.9618       53.14694 
-78.95375      53.15081 
-78.95161      53.15293 
-78.95285      53.15427 
-78.96375      53.15284 
-78.9668       53.15299 
-78.97065      53.14831 
-78.969        53.14675 
-78.9618       53.14694 
 1             94 
1
 -9999.0   ,   9990.0 
 56 
-79.83304      53.085 
-79.83638      53.0842 
-79.8443       53.08371 
-79.85856      53.08209 
-79.87292      53.07748 
-79.88531      53.07614 
-79.89183      53.07295 
-79.89518      53.06826 
-79.90242      53.06869 
-79.90791      53.07469 
-79.91321      53.07451 
-79.9154       53.06962 
-79.91718      53.06842 
-79.92512      53.06815 
-79.92827      53.06941 
-79.93351      53.07267 
-79.92631      53.08482 
-79.92605      53.08987 
-79.93121      53.10045 
-79.93007      53.11239 
-79.93508      53.12115 
-79.9326       53.12696 
-79.92015      53.13586 
-79.91925      53.13841 
-79.9225       53.14448 
-79.92131      53.14818 
-79.91498      53.15343 
-79.90316      53.15704 
-79.89133      53.16454 
-79.88243      53.17491 
-79.87352      53.17316 
-79.86336      53.17419 
-79.85693      53.17051 
-79.83815      53.16862 
-79.82491      53.16929 
-79.82021      53.16785 
-79.81596      53.15059 
-79.81665      53.14576 
-79.82105      53.13989 
-79.83187      53.1338 
-79.83521      53.12889 
-79.83142      53.11665 
-79.82895      53.11444 
-79.8231       53.11281 
-79.80718      53.11311 
-79.80096      53.11148 
-79.7955       53.10572 
-79.78828      53.10137 
-79.78623      53.09549 
-79.78858      53.09221 
-79.79251      53.08956 
-79.80106      53.08767 
-79.80711      53.08747 
-79.82223      53.08697 
-79.82971      53.0858 
-79.83304      53.085 
 1             95 
1
 -9999.0   ,   9990.0 
 11 
-79.01733      53.02535 
-79.01175      53.02665 
-79.01081      53.02919 
-79.01519      53.03227 
-79.01584      53.03592 
-79.02955      53.03692 
-79.03302      53.03797 
-79.03751      53.03716 
-79.03688      53.03375 
-79.03094      53.03025 
-79.01733      53.02535 
 1             96 
1
 -9999.0   ,   9990.0 
 11 
-78.91876      52.97029 
-78.91338      52.97432 
-78.9112       52.97552 
-78.9121       52.97756 
-78.91628      52.9779 
-78.9301       52.97548 
-78.94655      52.97803 
-78.94935      52.97498 
-78.94359      52.97376 
-78.93888      52.97136 
-78.91876      52.97029 
 1             97 
1
 -9999.0   ,   9990.0 
 10 
-78.94643      52.96087 
-78.94308      52.96142 
-78.93876      52.96451 
-78.93701      52.96638 
-78.93903      52.96816 
-78.94463      52.96733 
-78.94897      52.96447 
-78.95305      52.96345 
-78.95402      52.96113 
-78.94643      52.96087 
 1             98 
1
 -9999.0   ,   9990.0 
 15 
-78.90442      52.95465 
-78.89651      52.95507 
-78.87753      52.959 
-78.86211      52.96008 
-78.85167      52.96218 
-78.84617      52.9646 
-78.84449      52.96762 
-78.84776      52.9712 
-78.85708      52.97462 
-78.86873      52.97364 
-78.88316      52.96915 
-78.89941      52.96393 
-78.90783      52.96005 
-78.9095       52.9568 
-78.90442      52.95465 
 1             99 
1
 -9999.0   ,   9990.0 
 9 
-78.99478      52.93466 
-78.9877       52.93576 
-78.98085      52.94029 
-78.97967      52.9449 
-78.984        52.9473 
-78.99142      52.9455 
-78.99835      52.94211 
-78.99884      52.93844 
-78.99478      52.93466 
 1             100 
1
 -9999.0   ,   9990.0 
 9 
-78.9441       52.92844 
-78.93812      52.92929 
-78.92731      52.93666 
-78.92245      52.94251 
-78.92035      52.94485 
-78.92282      52.94776 
-78.92861      52.94418 
-78.94318      52.93144 
-78.9441       52.92844 
 1             101 
1
 -9999.0   ,   9990.0 
 8 
-79.04446      52.92715 
-79.03778      52.9287 
-79.03491      52.93083 
-79.0328       52.93272 
-79.03714      52.93535 
-79.0442       52.93379 
-79.05065      52.92904 
-79.04446      52.92715 
 1             102 
1
 -9999.0   ,   9990.0 
 8 
-78.96619      52.91528 
-78.95768      52.91779 
-78.95516      52.91946 
-78.95275      52.9225 
-78.95555      52.92471 
-78.96861      52.9175 
-78.96888      52.91589 
-78.96619      52.91528 
 1             103 
1
 -9999.0   ,   9990.0 
 15 
-78.98767      52.90967 
-78.98161      52.91464 
-78.9629       52.92726 
-78.9589       52.93446 
-78.95336      52.93644 
-78.95166      52.939 
-78.95366      52.94055 
-78.95814      52.93975 
-78.96602      52.93382 
-78.97052      52.92821 
-78.97892      52.92432 
-78.9831       52.91941 
-78.99618      52.91242 
-78.99334      52.90975 
-78.98767      52.90967 
 1             104 
1
 -9999.0   ,   9990.0 
 9 
-79.02558      52.90157 
-79.02231      52.90326 
-79.01754      52.91025 
-79.01625      52.91326 
-79.01842      52.91709 
-79.02289      52.91629 
-79.03054      52.90739 
-79.03035      52.90487 
-79.02558      52.90157 
 1             105 
1
 -9999.0   ,   9990.0 
 9 
-79.26441      52.86698 
-79.25809      52.86808 
-79.2501       52.87197 
-79.24904      52.87292 
-79.25148      52.87514 
-79.26113      52.87303 
-79.26845      52.8703 
-79.26906      52.86845 
-79.26441      52.86698 
 1             106 
1
 -9999.0   ,   9990.0 
 10 
-78.8544       52.86051 
-78.85076      52.86267 
-78.84865      52.86478 
-78.8519       52.86813 
-78.85838      52.86911 
-78.86211      52.86856 
-78.87113      52.86261 
-78.87065      52.86102 
-78.86273      52.86122 
-78.8544       52.86051 
 1             107 
1
 -9999.0   ,   9990.0 
 15 
-79.252        52.8147 
-79.24526      52.81536 
-79.23783      52.81649 
-79.23275      52.81915 
-79.23296      52.82189 
-79.23334      52.82668 
-79.23535      52.82823 
-79.2479       52.8297 
-79.2525       52.83071 
-79.25733      52.82988 
-79.25998      52.82523 
-79.2605       52.82224 
-79.264        52.8187 
-79.26116      52.81627 
-79.252        52.8147 
 1             108 
1
 -9999.0   ,   9990.0 
 12 
-79.16318      52.81105 
-79.1536       52.81384 
-79.14833      52.81376 
-79.14436      52.81616 
-79.14266      52.8185 
-79.14505      52.82506 
-79.14706      52.82684 
-79.15297      52.8253 
-79.15808      52.81806 
-79.1659       52.81693 
-79.17129      52.81357 
-79.16318      52.81105 
 1             109 
1
 -9999.0   ,   9990.0 
 12 
-78.84625      52.80856 
-78.8407       52.81007 
-78.83429      52.81 
-78.82991      52.81195 
-78.8277       52.81269 
-78.83016      52.8156 
-78.84106      52.81533 
-78.84551      52.81429 
-78.8483       52.81102 
-78.85353      52.8102 
-78.85266      52.80862 
-78.84625      52.80856 
 1             110 
1
 -9999.0   ,   9990.0 
 9 
-78.9178       52.76095 
-78.91109      52.76181 
-78.90866      52.76462 
-78.91023      52.76572 
-78.917        52.76555 
-78.92181      52.76977 
-78.9278       52.76938 
-78.92793      52.76595 
-78.9178       52.76095 
 1             111 
1
 -9999.0   ,   9990.0 
 12 
-78.78983      52.7601 
-78.78319      52.76187 
-78.77791      52.76177 
-78.77583      52.76434 
-78.78206      52.76738 
-78.78506      52.7728 
-78.79196      52.77469 
-78.79432      52.77623 
-78.79944      52.77405 
-78.79953      52.7697 
-78.79705      52.76084 
-78.78983      52.7601 
 1             112 
1
 -9999.0   ,   9990.0 
 9 
-78.8766       52.75286 
-78.86362      52.75548 
-78.85848      52.75722 
-78.85533      52.7605 
-78.86075      52.76288 
-78.87148      52.76032 
-78.87787      52.76015 
-78.88022      52.7562 
-78.8766       52.75286 
 1             113 
1
 -9999.0   ,   9990.0 
 13 
-79.17234      52.73916 
-79.16172      52.7429 
-79.15241      52.74911 
-79.15003      52.75238 
-79.1513       52.75417 
-79.15882      52.75419 
-79.16561      52.75445 
-79.17546      52.75029 
-79.18215      52.74941 
-79.18484      52.74522 
-79.18236      52.74231 
-79.17686      52.73926 
-79.17234      52.73916 
 1             114 
1
 -9999.0   ,   9990.0 
 10 
-79.20438      52.65288 
-79.19575      52.65771 
-79.19366      52.65983 
-79.20351      52.66092 
-79.20741      52.66287 
-79.21151      52.66252 
-79.21395      52.65993 
-79.20843      52.65666 
-79.20781      52.65347 
-79.20438      52.65288 
 1             115 
1
 -9999.0   ,   9990.0 
 10 
-78.7669       52.64901 
-78.76156      52.65327 
-78.76008      52.65925 
-78.75611      52.66164 
-78.7536       52.6633 
-78.75711      52.66527 
-78.76325      52.66168 
-78.77086      52.65212 
-78.7722       52.64979 
-78.7669       52.64901 
 1             116 
1
 -9999.0   ,   9990.0 
 9 
-78.87902      52.63198 
-78.87298      52.63672 
-78.87268      52.63787 
-78.87162      52.63881 
-78.87558      52.64168 
-78.88126      52.64245 
-78.88578      52.6373 
-78.88109      52.63467 
-78.87902      52.63198 
 1             117 
1
 -9999.0   ,   9990.0 
 10 
-79.21381      52.62927 
-79.20613      52.63178 
-79.19826      52.63681 
-79.19815      52.64002 
-79.20238      52.6415 
-79.20566      52.64026 
-79.20765      52.63677 
-79.219        52.63324 
-79.2191       52.62958 
-79.21381      52.62927 
 1             118 
1
 -9999.0   ,   9990.0 
 11 
-79.13433      52.61504 
-79.1329       52.616 
-79.13158      52.61832 
-79.13408      52.62168 
-79.14087      52.62218 
-79.14608      52.62158 
-79.1536       52.62182 
-79.15633      52.61832 
-79.15124      52.61548 
-79.13958      52.61512 
-79.13433      52.61504 
 1             119 
1
 -9999.0   ,   9990.0 
 499 
-78.94955      53.34973 
-78.9547       53.34708 
-78.96845      53.34741 
-78.9755       53.34471 
-78.98195      53.34431 
-78.98401      53.34128 
-78.9808       53.33908 
-78.9713       53.33956 
-78.96753      53.34011 
-78.96585      53.33787 
-78.97345      53.3324 
-78.97656      53.32295 
-78.98206      53.32006 
-78.97737      53.31835 
-78.9671       53.31862 
-78.96135      53.31808 
-78.95266      53.31396 
-78.958        53.30879 
-78.95395      53.30546 
-78.94664      53.30451 
-78.94535      53.30226 
-78.95058      53.29571 
-78.94854      53.28868 
-78.95143      53.28654 
-78.96062      53.28722 
-78.96536      53.28435 
-78.96768      53.27971 
-78.96833      53.27809 
-78.97378      53.27452 
-78.96854      53.27054 
-78.9581       53.27356 
-78.94523      53.26932 
-78.93843      53.26995 
-78.93235      53.27011 
-78.92451      53.26711 
-78.93339      53.26345 
-78.93211      53.26165 
-78.92221      53.26145 
-78.91298      53.26008 
-78.91009      53.25696 
-78.92109      53.25118 
-78.93148      53.24222 
-78.94047      53.24039 
-78.94715      53.23815 
-78.95111      53.23485 
-78.9439       53.23503 
-78.94014      53.23582 
-78.93638      53.23637 
-78.92923      53.23221 
-78.92315      53.23214 
-78.91876      53.23477 
-78.91259      53.23356 
-78.90825      53.23115 
-78.90293      53.2258 
-78.903        53.22145 
-78.90507      53.21339 
-78.90988      53.21166 
-78.92554      53.21789 
-78.93007      53.21754 
-78.93208      53.21384 
-78.93227      53.21108 
-78.94091      53.20972 
-78.94263      53.20716 
-78.93871      53.20566 
-78.92087      53.20589 
-78.91388      53.20378 
-78.90975      53.19908 
-78.90946      53.1952 
-78.9142       53.19211 
-78.93013      53.19192 
-78.94168      53.18362 
-78.95164      53.17946 
-78.9618       53.17806 
-78.9664       53.17863 
-78.96703      53.177 
-78.96147      53.17372 
-78.9682       53.17217 
-78.97291      53.16907 
-78.9705       53.1673 
-78.9558       53.16883 
-78.94286      53.16848 
-78.93926      53.16584 
-78.93876      53.16425 
-78.93384      53.16437 
-78.93133      53.16123 
-78.93418      53.15842 
-78.94383      53.15565 
-78.94713      53.15396 
-78.94542      53.15126 
-78.94971      53.14772 
-78.94691      53.14573 
-78.94201      53.14609 
-78.94291      53.14286 
-78.9398       53.13653 
-78.9457       53.13409 
-78.95373      53.12977 
-78.9598       53.12458 
-78.95441      53.12357 
-78.94956      53.11935 
-78.9559       53.11781 
-78.95891      53.1175 
-78.96461      53.11255 
-78.95772      53.11159 
-78.95367      53.1133 
-78.95388      53.111 
-78.96893      53.09368 
-78.96686      53.09144 
-78.96398      53.08809 
-78.97071      53.0815 
-78.98249      53.07181 
-78.99002      53.07115 
-78.99189      53.06561 
-78.99123      53.06174 
-78.98248      53.06129 
-78.97345      53.06198 
-78.96946      53.0646 
-78.9731       53.06771 
-78.96285      53.07256 
-78.95948      53.0731 
-78.95526      53.06726 
-78.94369      53.06963 
-78.94027      53.06422 
-78.93335      53.0628 
-78.92917      53.05742 
-78.92803      53.05196 
-78.92896      53.04919 
-78.93408      53.04677 
-78.94117      53.04521 
-78.94372      53.04377 
-78.94284      53.04219 
-78.93476      53.04034 
-78.9394       53.03633 
-78.94089      53.03607 
-78.94853      53.03701 
-78.95875      53.03697 
-78.96545      53.03542 
-78.97432      53.03771 
-78.9822       53.03658 
-78.98403      53.03585 
-78.98278      53.03428 
-78.96203      53.03002 
-78.95689      53.02696 
-78.96263      53.02246 
-78.97508      53.02213 
-78.98265      53.02215 
-78.9917       53.01642 
-78.99019      53.01143 
-78.97948      53.00462 
-78.97698      53.00148 
-78.97208      53.00161 
-78.96775      52.99395 
-78.96573      52.9924 
-78.95495      52.99497 
-78.94799      52.99813 
-78.94545      52.99957 
-78.94128      52.99945 
-78.94103      52.99602 
-78.94563      52.99155 
-78.95763      52.99032 
-78.95786      52.98826 
-78.94951      52.98779 
-78.94134      52.98984 
-78.9322       52.98894 
-78.9226       52.99216 
-78.91718      52.99573 
-78.91335      52.99514 
-78.91493      52.99075 
-78.92232      52.98827 
-78.9281       52.98446 
-78.93221      52.9839 
-78.93435      52.98201 
-78.93351      52.98089 
-78.92706      52.9806 
-78.91372      52.98438 
-78.90131      52.98538 
-78.89602      52.98529 
-78.889        52.98227 
-78.88815      52.98092 
-78.8798       52.98044 
-78.86733      52.98603 
-78.86746      52.98786 
-78.87289      52.98978 
-78.88113      52.98865 
-78.88351      52.99019 
-78.87958      52.99349 
-78.86971      52.99306 
-78.86402      52.99275 
-78.86         52.99468 
-78.85975      52.99652 
-78.86253      52.99851 
-78.87583      52.99932 
-78.8861       52.9947 
-78.89163      52.99273 
-78.89405      52.99472 
-78.87905      53.00197 
-78.87331      53.00647 
-78.8724       53.00969 
-78.86183      53.00996 
-78.85527      53.01356 
-78.84965      53.01439 
-78.84753      53.01102 
-78.84948      53.00639 
-78.8452       52.9994 
-78.8461       52.99595 
-78.84171      52.99286 
-78.83377      52.99283 
-78.82572      52.99669 
-78.82003      52.99638 
-78.81306      52.99404 
-78.81776      52.99094 
-78.84186      52.98942 
-78.85391      52.98866 
-78.85824      52.9858 
-78.84942      52.98397 
-78.84752      52.97853 
-78.84261      52.97865 
-78.83649      52.98292 
-78.81081      52.98334 
-78.80167      52.98242 
-78.82333      52.97319 
-78.83283      52.97386 
-78.83981      52.97094 
-78.83541      52.9619 
-78.8203       52.96205 
-78.81123      52.96205 
-78.80103      52.96208 
-78.78487      52.9634 
-78.78041      52.95344 
-78.77838      52.95143 
-78.77988      52.95117 
-78.78513      52.95058 
-78.79122      52.95134 
-78.8012       52.94812 
-78.80655      52.9489 
-78.81631      52.95369 
-78.8272       52.9525 
-78.84175      52.94435 
-78.85288      52.94155 
-78.8653       52.94101 
-78.87195      52.93878 
-78.87576      52.93387 
-78.87201      52.92894 
-78.87555      52.92564 
-78.88965      52.92208 
-78.90308      52.9144 
-78.91476      52.91411 
-78.91798      52.91173 
-78.91222      52.91028 
-78.91061      52.90369 
-78.90076      52.90303 
-78.89218      52.90439 
-78.88634      52.90729 
-78.88143      52.90719 
-78.87985      52.90631 
-78.88376      52.90278 
-78.8768       52.90022 
-78.87586      52.89772 
-78.88538      52.88832 
-78.8893       52.88502 
-78.88943      52.88159 
-78.88554      52.87985 
-78.88047      52.88296 
-78.87708      52.88305 
-78.87717      52.87893 
-78.87968      52.87703 
-78.87766      52.87525 
-78.87279      52.87561 
-78.87015      52.87018 
-78.86035      52.8757 
-78.85398      52.87609 
-78.8395       52.86868 
-78.84113      52.8652 
-78.83987      52.86318 
-78.83532      52.86283 
-78.8311       52.8618 
-78.83166      52.85903 
-78.8264       52.85391 
-78.82132      52.85129 
-78.80748      52.85278 
-78.80361      52.85128 
-78.79305      52.85131 
-78.78315      52.84973 
-78.77298      52.84998 
-78.76784      52.85194 
-78.76632      52.85175 
-78.74755      52.85267 
-78.73761      52.85086 
-78.73136      52.84735 
-78.74129      52.8439 
-78.74642      52.84172 
-78.74515      52.83969 
-78.7323       52.83909 
-78.72985      52.83617 
-78.73342      52.83334 
-78.74195      52.83108 
-78.75728      52.82955 
-78.76266      52.82553 
-78.76453      52.81976 
-78.77766      52.81349 
-78.78247      52.81222 
-78.7919       52.81222 
-78.79398      52.80988 
-78.78821      52.80796 
-78.78398      52.80646 
-78.77916      52.80223 
-78.77466      52.80258 
-78.76993      52.80498 
-78.76353      52.80491 
-78.75806      52.80757 
-78.74565      52.80788 
-78.74381      52.80861 
-78.74895      52.81214 
-78.74575      52.82045 
-78.74513      52.82253 
-78.74221      52.82397 
-78.72826      52.82386 
-78.72203      52.8208 
-78.72135      52.81625 
-78.72428      52.8148 
-78.73126      52.81234 
-78.7346       52.80586 
-78.73117      52.79977 
-78.73245      52.7963 
-78.74463      52.79829 
-78.75077      52.79447 
-78.75029      52.79289 
-78.74041      52.79153 
-78.73373      52.78734 
-78.72802      52.78634 
-78.72638      52.78432 
-78.7442       52.77519 
-78.74369      52.77314 
-78.73841      52.77281 
-78.73005      52.77737 
-78.72366      52.77753 
-78.7146       52.77706 
-78.70939      52.77787 
-78.71421      52.77112 
-78.70328      52.76521 
-78.70692      52.76329 
-78.71143      52.76318 
-78.71996      52.76709 
-78.72598      52.76717 
-78.73674      52.76485 
-78.7395       52.76112 
-78.74247      52.76059 
-78.74771      52.76572 
-78.75396      52.76923 
-78.76295      52.76855 
-78.76631      52.76824 
-78.76663      52.76731 
-78.76488      52.76369 
-78.76038      52.76404 
-78.7573       52.76297 
-78.76445      52.7573 
-78.76968      52.75694 
-78.77295      52.75503 
-78.7831       52.74951 
-78.78996      52.75094 
-78.80005      52.74978 
-78.8029       52.75314 
-78.80908      52.7555 
-78.81839      52.75412 
-78.82344      52.75651 
-78.82022      52.75888 
-78.8124       52.75999 
-78.80583      52.75741 
-78.80058      52.75778 
-78.80234      52.76139 
-78.82045      52.77306 
-78.82535      52.77317 
-78.8351       52.7672 
-78.84541      52.76419 
-78.84415      52.76216 
-78.83701      52.76234 
-78.83155      52.76477 
-78.82795      52.76189 
-78.82855      52.75959 
-78.83213      52.75698 
-78.84003      52.757 
-78.84766      52.75315 
-78.85546      52.75157 
-78.86045      52.74779 
-78.86542      52.74354 
-78.87524      52.73871 
-78.87655      52.73593 
-78.87383      52.73486 
-78.86791      52.73616 
-78.85955      52.74026 
-78.85239      52.73999 
-78.84417      52.73539 
-78.8365       52.72231 
-78.83083      52.72177 
-78.82363      52.72653 
-78.82021      52.72593 
-78.81786      52.72462 
-78.81676      52.71961 
-78.81341      52.71992 
-78.80873      52.72302 
-78.80342      52.73322 
-78.79791      52.73519 
-78.79341      52.73507 
-78.7863       52.73022 
-78.77531      52.72889 
-78.77155      52.72898 
-78.76395      52.72208 
-78.76793      52.71992 
-78.77322      52.72024 
-78.77726      52.72449 
-78.79348      52.72523 
-78.79563      52.7238 
-78.78503      52.7172 
-78.77961      52.71482 
-78.77238      52.7134 
-78.76795      52.70893 
-78.77437      52.69848 
-78.77939      52.69492 
-78.78425      52.69457 
-78.79001      52.69649 
-78.79834      52.69193 
-78.81191      52.6925 
-78.81921      52.69506 
-78.82748      52.69508 
-78.83052      52.6902 
-78.82802      52.6866 
-78.81958      52.68384 
-78.81507      52.67847 
-78.80345      52.67876 
-78.79506      52.6824 
-78.78686      52.6778 
-78.77385      52.67973 
-78.7526       52.68186 
-78.74022      52.68217 
-78.73588      52.68457 
-78.73245      52.68373 
-78.73046      52.68195 
-78.72371      52.67662 
-78.72116      52.67211 
-78.71606      52.6688 
-78.72211      52.66385 
-78.72708      52.65961 
-78.73238      52.65467 
-78.74308      52.65189 
-78.75283      52.64616 
-78.76882      52.64416 
-78.77978      52.63977 
-78.78691      52.63982 
-78.79446      52.64054 
-78.79805      52.63794 
-78.80351      52.64123 
-78.8088       52.63629 
-78.81665      52.63587 
-78.81801      52.63377 
-78.81143      52.63074 
-78.80825      52.62807 
-78.8045       52.62816 
-78.8003       52.63262 
-78.79408      52.63483 
-78.78052      52.63403 
-78.76785      52.64098 
-78.76197      52.64273 
-78.75667      52.64194 
-78.75388      52.63949 
-78.75888      52.63571 
-78.7678       52.63457 
-78.76898      52.62974 
-78.76846      52.62769 
-78.77289      52.62667 
-78.77911      52.62995 
-78.78194      52.62736 
-78.7786       52.6224 
-78.77903      52.61759 
-78.77445      52.61633 
-78.76722      52.6204 
-78.75526      52.62093 
-78.74515      52.62118 
-78.73976      52.62474 
-78.73728      52.63259 
-78.73687      52.63763 
-78.73056      52.6387 
-78.72229      52.63845 
-78.72268      52.63294 
-78.72481      52.62557 
-78.72906      52.62181 
-78.73886      52.61676 
-78.73762      52.61519 
-78.73315      52.61553 
-78.72985      52.61652 
-78.72515      52.61367 
-78.71703      52.61569 
-78.7096       52.61107 
-78.71682      52.60678 
-78.71403      52.60433 
-78.7051       52.60523 
-78.69745      52.6029 
-78.69025      52.6017 
-78.68473      52.60321 
-78.67691      52.60408 
-78.67122      52.60308 
 1             120 
1
 -9999.0   ,   9990.0 
 10 
-79.19878      52.56584 
-79.19261      52.5683 
-79.19086      52.56995 
-79.19286      52.57173 
-79.19876      52.57019 
-79.20403      52.57073 
-79.21136      52.57349 
-79.21225      52.57026 
-79.20628      52.56586 
-79.19878      52.56584 
 1             121 
1
 -9999.0   ,   9990.0 
 10 
-79.11138      52.56418 
-79.1017       52.56492 
-79.0992       52.56658 
-79.09751      52.56892 
-79.10101      52.57088 
-79.10538      52.56916 
-79.1223       52.56983 
-79.1236       52.56728 
-79.12154      52.56482 
-79.11138      52.56418 
 1             122 
1
 -9999.0   ,   9990.0 
 14 
-79.15363      52.55819 
-79.1471       52.56113 
-79.14401      52.56488 
-79.1425       52.56949 
-79.1457       52.57215 
-79.16632      52.57249 
-79.17727      52.57355 
-79.18053      52.57208 
-79.18107      52.56932 
-79.17789      52.56689 
-79.17752      52.5621 
-79.17361      52.55992 
-79.16133      52.56095 
-79.15363      52.55819 
 1             123 
1
 -9999.0   ,   9990.0 
 11 
-78.76961      52.53362 
-78.76666      52.53438 
-78.76478      52.53969 
-78.7567       52.54195 
-78.75349      52.54432 
-78.7559       52.54677 
-78.76065      52.54505 
-78.76926      52.54507 
-78.77314      52.54154 
-78.77365      52.5381 
-78.76961      52.53362 
 1             124 
1
 -9999.0   ,   9990.0 
 40 
-79.65515      52.52743 
-79.6576       52.52964 
-79.65525      52.53292 
-79.63288      52.53823 
-79.62426      52.54262 
-79.61795      52.54763 
-79.61526      52.5555 
-79.61776      52.5584 
-79.6213       52.56035 
-79.62408      52.56644 
-79.62932      52.57062 
-79.62794      52.57204 
-79.6182       52.57212 
-79.61315      52.57434 
-79.59446      52.57494 
-79.5893       52.57603 
-79.58425      52.57389 
-79.58595      52.57178 
-79.59101      52.56956 
-79.598        52.55949 
-79.59518      52.55729 
-79.59381      52.55413 
-79.59416      52.54977 
-79.58576      52.54775 
-79.57478      52.54214 
-79.56906      52.54095 
-79.56425      52.54156 
-79.5577       52.54383 
-79.55276      52.54307 
-79.55206      52.5392 
-79.55417      52.53753 
-79.5619       52.53591 
-79.57391      52.53622 
-79.59213      52.53037 
-79.60741      52.52965 
-79.61465      52.53103 
-79.62569      52.53319 
-79.63865      52.5314 
-79.6492       52.52785 
-79.65515      52.52743 
 1             125 
1
 -9999.0   ,   9990.0 
 18 
-79.17225      52.51761 
-79.16826      52.51933 
-79.16448      52.52859 
-79.1559       52.5389 
-79.15583      52.5428 
-79.15926      52.54866 
-79.16648      52.55486 
-79.16696      52.55622 
-79.17295      52.55605 
-79.18373      52.55025 
-79.18855      52.54966 
-79.18996      52.54847 
-79.18488      52.54587 
-79.18031      52.54485 
-79.17806      52.53988 
-79.1784       52.52476 
-79.17659      52.5207 
-79.17225      52.51761 
 1             126 
1
 -9999.0   ,   9990.0 
 16 
-78.70136      52.52592 
-78.7014       52.53187 
-78.71558      52.53152 
-78.72155      52.53115 
-78.72915      52.5273 
-78.72971      52.52454 
-78.72771      52.52253 
-78.71973      52.52639 
-78.71326      52.52472 
-78.71238      52.52268 
-78.71996      52.5186 
-78.71978      52.51586 
-78.7171       52.51478 
-78.7064       52.5171 
-78.70196      52.5179 
-78.70136      52.52592 
 1             127 
1
 -9999.0   ,   9990.0 
 9 
-79.00723      52.51257 
-79.0058       52.51329 
-79.00523      52.51583 
-79.01514      52.51831 
-79.02254      52.5172 
-79.02648      52.51479 
-79.02561      52.51322 
-79.02105      52.5122 
-79.00723      52.51257 
 1             128 
1
 -9999.0   ,   9990.0 
 10 
-78.66573      52.50734 
-78.6613       52.50813 
-78.65775      52.51119 
-78.65028      52.51137 
-78.64812      52.51257 
-78.65206      52.51568 
-78.65886      52.51666 
-78.66968      52.51617 
-78.67023      52.51318 
-78.66573      52.50734 
 1             129 
1
 -9999.0   ,   9990.0 
 8 
-78.56821      52.47304 
-78.56458      52.47473 
-78.56288      52.47729 
-78.57007      52.48467 
-78.5727       52.48484 
-78.57644      52.47903 
-78.57476      52.47609 
-78.56821      52.47304 
 1             130 
1
 -9999.0   ,   9990.0 
 9 
-78.64925      52.44893 
-78.64188      52.45048 
-78.63861      52.45193 
-78.63262      52.45185 
-78.63125      52.45371 
-78.63626      52.45588 
-78.64969      52.45579 
-78.65169      52.45207 
-78.64925      52.44893 
 1             131 
1
 -9999.0   ,   9990.0 
 9 
-78.71828      52.44794 
-78.7116       52.44856 
-78.70108      52.45339 
-78.69894      52.45482 
-78.70246      52.45725 
-78.71098      52.45613 
-78.71769      52.45596 
-78.7211       52.45085 
-78.71828      52.44794 
 1             132 
1
 -9999.0   ,   9990.0 
 10 
-79.12268      52.44577 
-79.11544      52.44895 
-79.11368      52.45037 
-79.1116       52.45249 
-79.11478      52.45515 
-79.1238       52.45077 
-79.12939      52.45062 
-79.13255      52.44801 
-79.12903      52.44582 
-79.12268      52.44577 
 1             133 
1
 -9999.0   ,   9990.0 
 10 
-78.5784       52.41492 
-78.57368      52.41732 
-78.57055      52.42082 
-78.56835      52.42751 
-78.57098      52.43385 
-78.5752       52.43558 
-78.57772      52.43415 
-78.58175      52.42102 
-78.58516      52.4159 
-78.5784       52.41492 
 1             134 
1
 -9999.0   ,   9990.0 
 71 
-78.76238      52.3981 
-78.75755      52.39846 
-78.74811      52.40235 
-78.74036      52.40369 
-78.7329       52.40364 
-78.72348      52.408 
-78.71537      52.40956 
-78.7189       52.412 
-78.73048      52.4124 
-78.73925      52.41493 
-78.75553      52.41292 
-78.76075      52.41279 
-78.76351      52.41501 
-78.75967      52.419 
-78.75035      52.41923 
-78.74473      52.41891 
-78.73928      52.42111 
-78.73214      52.42609 
-78.7267       52.434 
-78.71582      52.43335 
-78.71081      52.43669 
-78.70571      52.43841 
-78.70372      52.44235 
-78.70508      52.44597 
-78.71091      52.44377 
-78.7152       52.44092 
-78.72425      52.44207 
-78.73331      52.43819 
-78.74381      52.44433 
-78.75972      52.4476 
-78.7656       52.4463 
-78.77468      52.44242 
-78.78063      52.44204 
-78.78641      52.43915 
-78.78945      52.43427 
-78.80327      52.43438 
-78.80656      52.43338 
-78.81335      52.42886 
-78.82243      52.43069 
-78.8291       52.42983 
-78.83638      52.42713 
-78.84098      52.41808 
-78.84092      52.41717 
-78.83811      52.41427 
-78.8336       52.41392 
-78.82807      52.41498 
-78.81948      52.41474 
-78.8122       52.41744 
-78.80935      52.42484 
-78.80393      52.42773 
-78.79936      52.42624 
-78.80451      52.4197 
-78.8013       52.41635 
-78.80251      52.4122 
-78.80558      52.408 
-78.80282      52.40578 
-78.7985       52.40818 
-78.79508      52.41284 
-78.7926       52.40925 
-78.7939       52.40624 
-78.79268      52.40489 
-78.78936      52.40544 
-78.78585      52.40873 
-78.78131      52.4077 
-78.77646      52.40233 
-78.7721       52.40404 
-78.76978      52.40845 
-78.76348      52.40884 
-78.76211      52.40544 
-78.76436      52.39988 
-78.76238      52.3981 
 1             135 
1
 -9999.0   ,   9990.0 
 10 
-78.57893      52.38813 
-78.56973      52.38995 
-78.55963      52.3895 
-78.55818      52.39022 
-78.55572      52.39257 
-78.55811      52.39503 
-78.57634      52.39438 
-78.57933      52.3943 
-78.58356      52.39054 
-78.57893      52.38813 
 1             136 
1
 -9999.0   ,   9990.0 
 8 
-79.2248       52.33185 
-79.21873      52.33523 
-79.20867      52.3353 
-79.2142       52.33925 
-79.22415      52.33782 
-79.22957      52.3356 
-79.22971      52.33263 
-79.2248       52.33185 
 1             137 
1
 -9999.0   ,   9990.0 
 10 
-79.13541      52.30763 
-79.1349       52.31084 
-79.13849      52.31395 
-79.14421      52.31562 
-79.14975      52.315 
-79.1536       52.31169 
-79.15376      52.30894 
-79.15102      52.30718 
-79.1459       52.30847 
-79.13541      52.30763 
 1             138 
1
 -9999.0   ,   9990.0 
 14 
-79.04963      52.29582 
-79.0438       52.29735 
-79.0315       52.29724 
-79.02518      52.29741 
-79.02341      52.29883 
-79.0277       52.30146 
-79.03928      52.30183 
-79.05449      52.30622 
-79.0627       52.30645 
-79.06593      52.30476 
-79.06316      52.30255 
-79.05823      52.30131 
-79.05607      52.29725 
-79.04963      52.29582 
 1             139 
1
 -9999.0   ,   9990.0 
 179 
-78.67122      52.60308 
-78.67483      52.60093 
-78.68895      52.59899 
-78.69975      52.59232 
-78.70217      52.58929 
-78.69376      52.58674 
-78.68703      52.58691 
-78.68695      52.58554 
-78.68643      52.58349 
-78.69111      52.58063 
-78.69823      52.58069 
-78.70472      52.57687 
-78.71556      52.58186 
-78.72782      52.57493 
-78.73181      52.573 
-78.73548      52.56055 
-78.74115      52.56133 
-78.74433      52.56399 
-78.75801      52.56159 
-78.75806      52.55679 
-78.76663      52.55612 
-78.77016      52.55283 
-78.76778      52.55083 
-78.75968      52.55286 
-78.75021      52.55127 
-78.74426      52.55187 
-78.73455      52.55783 
-78.72286      52.55675 
-78.71423      52.55627 
-78.70616      52.55899 
-78.70035      52.56164 
-78.69361      52.56158 
-78.70763      52.55277 
-78.71386      52.55079 
-78.7203       52.55178 
-78.72421      52.5487 
-78.73101      52.54968 
-78.74035      52.54373 
-78.74403      52.54296 
-78.7443       52.54111 
-78.73812      52.53852 
-78.72965      52.54056 
-78.71912      52.5454 
-78.71536      52.54526 
-78.70778      52.53812 
-78.70133      52.53668 
-78.6959       52.53384 
-78.68903      52.53744 
-78.68448      52.53663 
-78.67245      52.53006 
-78.65535      52.53184 
-78.64888      52.53017 
-78.64117      52.53241 
-78.6365       52.52955 
-78.63994      52.52489 
-78.64551      52.52429 
-78.65495      52.52568 
-78.65851      52.52284 
-78.65381      52.51952 
-78.63945      52.51735 
-78.63862      52.51028 
-78.63277      52.50653 
-78.62715      52.50643 
-78.62741      52.51032 
-78.62942      52.51256 
-78.6284       52.51419 
-78.61865      52.51373 
-78.61573      52.52066 
-78.60961      52.52447 
-78.60291      52.52508 
-78.59483      52.52161 
-78.58701      52.52202 
-78.58485      52.5175 
-78.58615      52.51449 
-78.58451      52.51224 
-78.57606      52.51473 
-78.57231      52.51436 
-78.56877      52.5117 
-78.56685      52.51082 
-78.56425      52.50517 
-78.56053      52.49953 
-78.54049      52.48993 
-78.53049      52.48536 
-78.53073      52.48329 
-78.54034      52.48147 
-78.54978      52.47713 
-78.55079      52.47528 
-78.54583      52.47356 
-78.54138      52.47412 
-78.53665      52.47629 
-78.53101      52.47573 
-78.52717      52.47399 
-78.52758      52.46849 
-78.52596      52.46647 
-78.52016      52.46958 
-78.51746      52.47422 
-78.51179      52.47915 
-78.50946      52.48378 
-78.50658      52.48568 
-78.50451      52.48229 
-78.5096       52.47394 
-78.51386      52.47018 
-78.5118       52.46725 
-78.5176       52.46414 
-78.51954      52.4593 
-78.51036      52.45584 
-78.50983      52.45334 
-78.51143      52.44896 
-78.50846      52.44308 
-78.51057      52.44097 
-78.51404      52.43677 
-78.53088      52.4373 
-78.53562      52.43559 
-78.54571      52.43558 
-78.54815      52.43278 
-78.54376      52.42831 
-78.55091      52.41716 
-78.55         52.41466 
-78.54391      52.41275 
-78.5323       52.4121 
-78.52095      52.40938 
-78.51619      52.40492 
-78.51533      52.39693 
-78.51628      52.39416 
-78.52428      52.39101 
-78.52817      52.38748 
-78.52336      52.38187 
-78.5225       52.37411 
-78.52441      52.36881 
-78.53415      52.3695 
-78.54364      52.37225 
-78.54611      52.36991 
-78.54528      52.36856 
-78.53618      52.36625 
-78.52722      52.36005 
-78.51256      52.3581 
-78.50216      52.35856 
-78.47921      52.36114 
-78.46511      52.36215 
-78.47076      52.35699 
-78.48849      52.3543 
-78.49741      52.35409 
-78.50223      52.35353 
-78.50508      52.3514 
-78.50293      52.34047 
-78.50968      52.32315 
-78.5155       52.31478 
-78.52327      52.30797 
-78.53041      52.303 
-78.53479      52.30153 
-78.54         52.29545 
-78.55038      52.29475 
-78.55898      52.28952 
-78.56486      52.28824 
-78.56833      52.28427 
-78.56295      52.27547 
-78.55973      52.27166 
-78.55845      52.26299 
-78.56128      52.26064 
-78.56759      52.2605 
-78.56951      52.26136 
-78.57343      52.25875 
-78.56876      52.25543 
-78.57165      52.25399 
-78.57685      52.25386 
-78.58038      52.25104 
-78.57347      52.24754 
-78.56534      52.24819 
-78.55951      52.25016 
-78.54248      52.25124 
-78.5334       52.25488 
-78.52256      52.25399 
-78.51416      52.25647 
-78.50631      52.25573 
-78.49984      52.25336 
-78.4805       52.25312 
-78.46796      52.255 
-78.46022      52.25609 
-78.45495      52.25507 
 1             140 
1
 -9999.0   ,   9990.0 
 5 
-78.45951      52.25039 
-78.4635       52.2487 
-78.46718      52.24816 
-78.46933      52.24674 
-78.46389      52.24296 
 1             141 
1
 -9999.0   ,   9990.0 
 27 
-79.50262      52.23122 
-79.49105      52.23525 
-79.45765      52.23606 
-79.44891      52.23839 
-79.42801      52.23743 
-79.41158      52.23656 
-79.40593      52.23582 
-79.39113      52.23672 
-79.37728      52.24012 
-79.37313      52.24414 
-79.37443      52.25097 
-79.38738      52.25012 
-79.40393      52.25694 
-79.41306      52.25941 
-79.42121      52.26351 
-79.43761      52.26392 
-79.4477       52.2643 
-79.45697      52.25943 
-79.46121      52.25679 
-79.46971      52.25606 
-79.47721      52.25674 
-79.48483      52.25444 
-79.49225      52.24963 
-79.50035      52.24846 
-79.49841      52.24326 
-79.50613      52.23317 
-79.50262      52.23122 
 1             142 
1
 -9999.0   ,   9990.0 
 8 
-79.05529      52.20045 
-79.04032      52.20407 
-79.03883      52.20411 
-79.03826      52.20619 
-79.04876      52.20773 
-79.05531      52.20572 
-79.05766      52.20245 
-79.05529      52.20045 
 1             143 
1
 -9999.0   ,   9990.0 
 11 
-79.10008      52.1532 
-79.0987       52.15965 
-79.09345      52.15888 
-79.09166      52.15985 
-79.09486      52.16296 
-79.09866      52.16423 
-79.10342      52.16318 
-79.10646      52.1592 
-79.10581      52.15533 
-79.10415      52.15309 
-79.10008      52.1532 
 1             144 
1
 -9999.0   ,   9990.0 
 14 
-78.95478      52.16084 
-78.94831      52.16399 
-78.9466       52.16083 
-78.95111      52.1511 
-78.95195      52.15123 
-78.95808      52.14473 
-78.96315      52.14299 
-78.96953      52.14397 
-78.97525      52.14611 
-78.97746      52.15108 
-78.97591      52.15547 
-78.9627       52.16269 
-78.95676      52.16285 
-78.95478      52.16084 
 1             145 
1
 -9999.0   ,   9990.0 
 9 
-79.11962      52.13663 
-79.11446      52.137 
-79.11236      52.13867 
-79.1155       52.1411 
-79.1235       52.14384 
-79.12956      52.14551 
-79.1325       52.14496 
-79.1323       52.14245 
-79.11962      52.13663 
 1             146 
1
 -9999.0   ,   9990.0 
 28 
-79.01946      52.09043 
-79.0037       52.09795 
-78.99821      52.09902 
-78.99525      52.0991 
-78.99137      52.10195 
-78.98928      52.10384 
-78.99125      52.10539 
-79.00665      52.10817 
-79.01683      52.11041 
-79.02896      52.10893 
-79.04047      52.11435 
-79.0463       52.11304 
-79.05202      52.11013 
-79.0689       52.1076 
-79.07978      52.10432 
-79.08531      52.10395 
-79.09134      52.10538 
-79.09501      52.10482 
-79.10197      52.09867 
-79.10736      52.09646 
-79.10976      52.09387 
-79.10363      52.09107 
-79.08463      52.08977 
-79.06616      52.09051 
-79.0589       52.09255 
-79.04378      52.09365 
-79.03026      52.09128 
-79.01946      52.09043 
 1             147 
1
 -9999.0   ,   9990.0 
 21 
-78.95788      52.06875 
-78.95205      52.07005 
-78.9442       52.07438 
-78.94168      52.07537 
-78.94483      52.07803 
-78.94954      52.07653 
-78.95026      52.08154 
-78.9467       52.08873 
-78.94897      52.09462 
-78.95935      52.1051 
-78.96733      52.10786 
-78.97628      52.10854 
-78.98175      52.10221 
-78.98402      52.09757 
-78.98999      52.09306 
-78.99018      52.09031 
-78.9851       52.08679 
-78.97225      52.08324 
-78.96795      52.08015 
-78.96402      52.07179 
-78.95788      52.06875 
 1             148 
1
 -9999.0   ,   9990.0 
 18 
-79.20921      51.99352 
-79.20275      51.996 
-79.1929       52.00292 
-79.19041      52.00413 
-79.18903      52.00555 
-79.19332      52.0084 
-79.20033      52.0082 
-79.20531      52.01034 
-79.20496      52.01539 
-79.20258      52.01821 
-79.20581      52.02177 
-79.21308      52.01996 
-79.22625      52.01317 
-79.23674      52.00531 
-79.2417       51.99761 
-79.23821      51.99565 
-79.22697      51.99369 
-79.20921      51.99352 
 1             149 
1
 -9999.0   ,   9990.0 
 16 
-78.88393      51.94964 
-78.88608      51.95187 
-78.8766       51.95899 
-78.86995      51.95893 
-78.86678      51.95604 
-78.85873      51.95167 
-78.85581      51.953 
-78.85368      51.95279 
-78.85205      51.95209 
-78.85208      51.95105 
-78.86511      51.94784 
-78.87636      51.9448 
-78.88441      51.94391 
-78.88605      51.94615 
-78.8833       51.94897 
-78.88393      51.94964 
 1             150 
1
 -9999.0   ,   9990.0 
 26 
-79.3081       51.93887 
-79.29313      51.94115 
-79.27303      51.94403 
-79.25647      51.94956 
-79.24723      51.9496 
-79.24295      51.95156 
-79.23793      51.96315 
-79.23653      51.96411 
-79.2341       51.96624 
-79.23686      51.96845 
-79.24485      51.96662 
-79.25228      51.96708 
-79.25588      51.96583 
-79.2631       51.96836 
-79.26718      51.96847 
-79.2716       51.96834 
-79.28028      51.9706 
-79.28596      51.97249 
-79.29615      51.97013 
-79.30691      51.96615 
-79.31949      51.95684 
-79.32103      51.9529 
-79.31615      51.94733 
-79.32163      51.9419 
-79.31738      51.93951 
-79.3081       51.93887 
 1             151 
1
 -9999.0   ,   9990.0 
 10 
-78.95034      51.91492 
-78.94792      51.91727 
-78.95026      51.91904 
-78.95707      51.92137 
-78.9636       51.9196 
-78.97114      51.92191 
-78.97578      51.91973 
-78.96809      51.91535 
-78.95966      51.91627 
-78.95034      51.91492 
 1             152 
1
 -9999.0   ,   9990.0 
 9 
-79.01331      51.91275 
-79.00636      51.91363 
-78.99883      51.91681 
-78.9971       51.91846 
-78.99426      51.91991 
-78.99668      51.92282 
-79.00619      51.92164 
-79.01606      51.9152 
-79.01331      51.91275 
 1             153 
1
 -9999.0   ,   9990.0 
 99 
-79.28487      52.05792 
-79.29238      52.05449 
-79.29523      52.05303 
-79.32177      52.03736 
-79.33108      52.03342 
-79.3396       52.03339 
-79.35225      52.03896 
-79.3657       52.04038 
-79.37371      52.03877 
-79.37263      52.03445 
-79.3635       52.02671 
-79.35005      52.02048 
-79.338        52.01329 
-79.32882      52.00487 
-79.32225      52.00117 
-79.31771      51.99536 
-79.31485      51.98697 
-79.31555      51.97734 
-79.31941      51.96989 
-79.3322       51.96333 
-79.34698      51.95396 
-79.35391      51.94825 
-79.36715      51.93823 
-79.37255      51.93646 
-79.38026      51.93577 
-79.39806      51.9366 
-79.42015      51.9357 
-79.43767      51.93767 
-79.46052      51.94154 
-79.46975      51.94148 
-79.48206      51.93835 
-79.49401      51.9398 
-79.50026      51.9396 
-79.50885      51.93613 
-79.51638      51.93337 
-79.52791      51.93438 
-79.53756      51.93499 
-79.55076      51.9293 
-79.55551      51.92869 
-79.56538      51.93181 
-79.57133      51.9323 
-79.58432      51.92868 
-79.60421      51.91498 
-79.61312      51.91126 
-79.6157       51.91118 
-79.62325      51.91299 
-79.62873      51.91671 
-79.63111      51.92374 
-79.63219      51.92689 
-79.6343       51.93415 
-79.64194      51.94146 
-79.6428       51.94716 
-79.64591      51.95759 
-79.65034      51.96179 
-79.6499       51.96524 
-79.6534       51.97154 
-79.64983      51.97738 
-79.65204      51.98578 
-79.64753      51.99349 
-79.65083      51.9975 
-79.65321      52.0036 
-79.65297      52.00521 
-79.64933      52.01014 
-79.64397      52.01238 
-79.63208      52.01185 
-79.60743      52.00487 
-79.5998       52.01084 
-79.58161      52.01463 
-79.55434      52.02031 
-79.5301       52.02704 
-79.52375      52.03068 
-79.52243      52.03713 
-79.51845      52.04275 
-79.51153      52.04411 
-79.50493      52.04936 
-79.49762      52.05508 
-79.4919       52.05755 
-79.47809      52.06073 
-79.46817      52.06631 
-79.45352      52.06837 
-79.43383      52.07218 
-79.40965      52.08025 
-79.38281      52.09206 
-79.35771      52.10267 
-79.3481       52.10296 
-79.34487      52.09985 
-79.34068      52.09837 
-79.32572      52.09676 
-79.31921      52.09421 
-79.30893      52.09062 
-79.2855       52.08491 
-79.27431      52.07929 
-79.2676       52.07399 
-79.2588       52.07036 
-79.25598      52.06747 
-79.2605       52.06367 
-79.27009      52.06316 
-79.28271      52.05866 
-79.28487      52.05792 
 1             154 
1
 -9999.0   ,   9990.0 
 8 
-78.94711      51.89006 
-78.94138      51.8925 
-78.93008      51.8944 
-78.9288       51.89718 
-78.93851      51.89899 
-78.94143      51.89845 
-78.95196      51.89084 
-78.94711      51.89006 
 1             155 
1
 -9999.0   ,   9990.0 
 21 
-79.11478      51.81264 
-79.10725      51.81537 
-79.10101      51.81578 
-79.09851      51.81676 
-79.09811      51.82135 
-79.09858      51.82271 
-79.09931      51.82773 
-79.10428      51.83011 
-79.1094       51.8295 
-79.1102       51.82537 
-79.11756      51.82515 
-79.12743      51.82923 
-79.12945      51.82664 
-79.1233       51.82316 
-79.1294       51.82092 
-79.13223      51.81948 
-79.13593      51.81959 
-79.13534      51.81663 
-79.12853      51.81431 
-79.12265      51.81448 
-79.11478      51.81264 
 1             156 
1
 -9999.0   ,   9990.0 
 24 
-79.28105      51.74806 
-79.2727       51.74945 
-79.25875      51.75468 
-79.25273      51.7576 
-79.24363      51.75901 
-79.23611      51.76175 
-79.22108      51.77204 
-79.21064      51.77509 
-79.20513      51.77524 
-79.19316      51.77262 
-79.18801      51.77277 
-79.18712      51.77555 
-79.19327      51.77903 
-79.20775      51.78067 
-79.22664      51.78218 
-79.23106      51.78227 
-79.24904      51.77671 
-79.26443      51.77099 
-79.2752       51.76746 
-79.28036      51.76296 
-79.29381      51.75615 
-79.29335      51.74998 
-79.29028      51.74847 
-79.28105      51.74806 
 1             157 
1
 -9999.0   ,   9990.0 
 12 
-79.07623      51.648 
-79.06426      51.65497 
-79.05353      51.65894 
-79.05113      51.6613 
-79.05316      51.66398 
-79.0615       51.66764 
-79.07356      51.66685 
-79.08272      51.66659 
-79.08473      51.65898 
-79.09261      51.6512 
-79.08993      51.64968 
-79.07623      51.648 
 1             158 
1
 -9999.0   ,   9990.0 
 176 
-78.4684       52.23737 
-78.47891      52.2392 
-78.48922      52.24377 
-78.4982       52.24471 
-78.50926      52.24308 
-78.52565      52.23744 
-78.54106      52.23434 
-78.55126      52.23113 
-78.5579       52.23028 
-78.56187      52.22836 
-78.56         52.22223 
-78.5637       52.21596 
-78.56196      52.21189 
-78.55961      52.20988 
-78.55136      52.2087 
-78.54345      52.20088 
-78.54037      52.19912 
-78.53646      52.19578 
-78.53589      52.19282 
-78.54571      52.17749 
-78.54533      52.17132 
-78.5498       52.16549 
-78.55067      52.15563 
-78.55375      52.15144 
-78.56357      52.14229 
-78.57353      52.13542 
-78.56713      52.12802 
-78.57045      52.12176 
-78.57827      52.11631 
-78.57893      52.1092 
-78.58186      52.10273 
-78.58497      52.09899 
-78.59213      52.09494 
-78.59991      52.09498 
-78.60346      52.0926 
-78.60536      52.08729 
-78.61194      52.08599 
-78.6164       52.08612 
-78.61871      52.08171 
-78.62516      52.07836 
-78.62633      52.07924 
-78.63833      52.08147 
-78.6446       52.08086 
-78.64956      52.07754 
-78.65623      52.0776 
-78.65756      52.07529 
-78.64346      52.06899 
-78.6371       52.06228 
-78.64228      52.05643 
-78.64173      52.05347 
-78.65026      52.048 
-78.66161      52.04612 
-78.67028      52.04271 
-78.68366      52.04352 
-78.6892       52.04316 
-78.70231      52.04581 
-78.70461      52.0469 
-78.70814      52.04429 
-78.7043       52.0421 
-78.70735      52.03791 
-78.69913      52.03674 
-78.69483      52.03318 
-78.68926      52.02142 
-78.68331      52.01516 
-78.687        52.00934 
-78.69141      52.00901 
-78.69887      52.00997 
-78.70358      52.0142 
-78.70813      52.01592 
-78.71406      52.016 
-78.7158       52.01436 
-78.71485      52.01118 
-78.7052       52.00478 
-78.69966      51.99919 
-78.70233      51.99501 
-78.70628      51.99308 
-78.71219      51.98744 
-78.72105      51.9815 
-78.72788      51.97858 
-78.73116      51.97782 
-78.74238      51.97433 
-78.7576       51.9696 
-78.76597      51.96779 
-78.77301      51.96807 
-78.77868      51.96998 
-78.78278      51.97606 
-78.7923       51.97467 
-78.79726      51.97157 
-78.78703      51.96771 
-78.789        51.964 
-78.80214      51.9616 
-78.81363      51.95673 
-78.82741      51.95294 
-78.83873      51.95105 
-78.84268      51.94934 
-78.85284      51.94656 
-78.86365      51.94262 
-78.87146      51.93807 
-78.87411      51.93365 
-78.87053      51.92985 
-78.8655       51.92655 
-78.87045      51.92345 
-78.88551      51.92236 
-78.89135      51.92129 
-78.89741      51.91816 
-78.89746      51.91335 
-78.89178      51.91144 
-78.88326      51.91098 
-78.87466      51.90937 
-78.86896      51.90701 
-78.86522      51.90092 
-78.86373      51.89525 
-78.86088      51.89142 
-78.85703      51.88901 
-78.84918      51.88761 
-78.84353      51.88043 
-78.84663      51.87715 
-78.83821      51.87256 
-78.83378      51.86718 
-78.83442      51.8603 
-78.83291      51.85439 
-78.83538      51.84724 
-78.8423       51.84041 
-78.85775      51.82948 
-78.87684      51.81777 
-78.88597      51.81661 
-78.90191      51.80749 
-78.91635      51.80322 
-78.92751      51.79972 
-78.93508      51.79722 
-78.94473      51.79834 
-78.95372      51.80062 
-78.96316      51.80402 
-78.97128      51.80426 
-78.97823      51.80361 
-78.99406      51.79838 
-79.01414      51.78569 
-79.03001      51.7761 
-79.03913      51.7699 
-79.04461      51.76929 
-79.04138      51.76526 
-79.03633      51.76174 
-79.03308      51.75725 
-79.03666      51.75097 
-79.01529      51.75041 
-79.00388      51.74523 
-78.99943      51.7394 
-78.99464      51.72901 
-78.998        51.72434 
-78.9917       51.71856 
-78.99088      51.7124 
-78.98966      51.7106 
-78.97781      51.70932 
-78.97143      51.70743 
-78.96833      51.70523 
-78.96768      51.70113 
-78.9583       51.70367 
-78.95168      51.70362 
-78.9432       51.6979 
-78.94083      51.69018 
-78.94314      51.68119 
-78.9477       51.67283 
-78.9321       51.65448 
-78.92563      51.65122 
-78.90736      51.6524 
-78.89885      51.65125 
-78.88548      51.6436 
-78.87171      51.63549 
-78.85638      51.62582 
-78.84931      51.61891 
-78.84735      51.61164 
-78.84893      51.60794 
-78.84433      51.60485 
-78.8356       51.60599 
-78.82833      51.60664 
-78.82366      51.60709 
 1             159 
1
 -9999.0   ,   9990.0 
 23 
-78.68146      51.48997 
-78.69166      51.49935 
-78.69658      51.50197 
-78.71073      51.50597 
-78.71955      51.50643 
-78.7275       51.50486 
-78.74689      51.49956 
-78.75841      51.49676 
-78.767        51.49951 
-78.77707      51.49697 
-78.78845      51.49759 
-78.80786      51.50326 
-78.82715      51.51284 
-78.83037      51.51733 
-78.82772      51.52152 
-78.82166      51.52923 
-78.81613      51.53968 
-78.81758      51.55016 
-78.82636      51.57213 
-78.82726      51.58012 
-78.81821      51.58722 
-78.81533      51.59875 
-78.81448      51.59941 
 1             160 
1
 -9999.0   ,   9990.0 
 33 
-78.68746      51.48403 
-78.69811      51.48592 
-78.70389      51.49058 
-78.70877      51.49252 
-78.71934      51.49202 
-78.7343       51.49142 
-78.75824      51.49425 
-78.76754      51.49103 
-78.78846      51.47562 
-78.7986       51.46323 
-78.80486      51.45849 
-78.81116      51.45443 
-78.81686      51.45223 
-78.82963      51.44091 
-78.83676      51.43294 
-78.84466      51.42564 
-78.85868      51.4168 
-78.8676       51.41382 
-78.87302      51.41299 
-78.88776      51.40435 
-78.89274      51.40239 
-78.89952      51.39488 
-78.90336      51.387 
-78.90377      51.38241 
-78.89508      51.37257 
-78.88588      51.36595 
-78.87179      51.36266 
-78.85893      51.36117 
-78.85011      51.36026 
-78.84302      51.3577 
-78.83575      51.35263 
-78.83241      51.34631 
-78.82626      51.34167 
 1             161 
1
 -9999.0   ,   9990.0 
 12 
-78.91095      51.31699 
-78.90516      51.3176 
-78.89623      51.32539 
-78.8882       51.33064 
-78.88568      51.3362 
-78.88806      51.33935 
-78.89713      51.33864 
-78.90818      51.33491 
-78.9133       51.32997 
-78.91328      51.32448 
-78.91326      51.31875 
-78.91095      51.31699 
 1             162 
1
 -9999.0   ,   9990.0 
 9 
-78.92803      51.28998 
-78.92488      51.29166 
-78.92378      51.29696 
-78.92946      51.3055 
-78.9328       51.30633 
-78.93487      51.30467 
-78.9356       51.29938 
-78.93473      51.29735 
-78.92803      51.28998 
 1             163 
1
 -9999.0   ,   9990.0 
 11 
-78.9478       51.24103 
-78.94505      51.24028 
-78.94356      51.2361 
-78.94422      51.23058 
-78.94596      51.2246 
-78.9484       51.22424 
-78.9503       51.22826 
-78.95185      51.23582 
-78.95053      51.23883 
-78.94888      51.24057 
-78.9478       51.24103 
 1             164 
1
 -9999.0   ,   9990.0 
 113 
-79.75726      51.18189 
-79.75947      51.1864 
-79.75796      51.18988 
-79.75383      51.19667 
-79.75119      51.2082 
-79.73311      51.23035 
-79.7266       51.23492 
-79.72339      51.23572 
-79.71789      51.23522 
-79.71799      51.23636 
-79.7183       51.24002 
-79.71288      51.2489 
-79.70905      51.25086 
-79.70267      51.25291 
-79.69261      51.25875 
-79.68253      51.26 
-79.67187      51.25875 
-79.66146      51.25613 
-79.64149      51.25244 
-79.6249       51.24979 
-79.62124      51.2504 
-79.61806      51.25093 
-79.62369      51.2528 
-79.6319       51.25528 
-79.64709      51.25844 
-79.65731      51.25878 
-79.66621      51.26078 
-79.6839       51.26316 
-79.69076      51.26682 
-79.69774      51.27598 
-79.69591      51.28016 
-79.68682      51.28459 
-79.68833      51.28522 
-79.6958       51.28726 
-79.69818      51.28947 
-79.69622      51.29228 
-79.69091      51.29407 
-79.69183      51.29633 
-79.69484      51.29737 
-79.69847      51.29725 
-79.70893      51.29598 
-79.71734      51.29638 
-79.7235       51.3003 
-79.73013      51.30946 
-79.73936      51.3151 
-79.74303      51.32368 
-79.75114      51.33302 
-79.74573      51.34214 
-79.74575      51.35061 
-79.7442       51.35799 
-79.73904      51.3616 
-79.73431      51.36176 
-79.73271      51.36433 
-79.74055      51.37483 
-79.7386       51.37765 
-79.73009      51.38045 
-79.72011      51.38743 
-79.71613      51.3878 
-79.71411      51.38557 
-79.71791      51.37881 
-79.71662      51.37244 
-79.71799      51.36712 
-79.72338      51.36625 
-79.72681      51.3595 
-79.72576      51.35564 
-79.71775      51.35179 
-79.71388      51.35764 
-79.70862      51.36423 
-79.70436      51.36552 
-79.69905      51.36318 
-79.69043      51.35637 
-79.68004      51.35008 
-79.67826      51.3506 
-79.6764       51.35432 
-79.67715      51.35888 
-79.68758      51.36997 
-79.69196      51.38265 
-79.6883       51.39514 
-79.68063      51.39952 
-79.68225      51.4013 
-79.68711      51.40274 
-79.68838      51.40476 
-79.68373      51.41018 
-79.67612      51.40655 
-79.67038      51.40765 
-79.6662       51.41008 
-79.65996      51.40983 
-79.65405      51.40476 
-79.65023      51.40695 
-79.64306      51.40856 
-79.63893      51.41145 
-79.63766      51.41813 
-79.63531      51.4205 
-79.62942      51.42 
-79.62535      51.41945 
-79.61606      51.42182 
-79.61084      51.42497 
-79.6056       51.43636 
-79.60237      51.43715 
-79.59861      51.4359 
-79.59447      51.43878 
-79.59134      51.44072 
-79.58584      51.44479 
-79.58145      51.45341 
-79.57397      51.46464 
-79.57836      51.46908 
-79.57675      51.47165 
-79.57013      51.47118 
-79.56472      51.46769 
-79.55607      51.46477 
-79.54501      51.46375 
-79.52972      51.46447 
-79.52401      51.46569 
 1             165 
1
 -9999.0   ,   9990.0 
 11 
-78.89021      51.18388 
-78.88706      51.1803 
-78.88845      51.17935 
-78.89257      51.1758 
-78.88915      51.17361 
-78.87538      51.17398 
-78.87138      51.17935 
-78.8734       51.18227 
-78.88038      51.18346 
-78.88443      51.18426 
-78.89021      51.18388 
 1             166 
1
 -9999.0   ,   9990.0 
 11 
-79.78789      51.17129 
-79.79155      51.17557 
-79.79378      51.1787 
-79.794        51.18071 
-79.79156      51.18201 
-79.78582      51.18225 
-79.78323      51.18196 
-79.77413      51.18072 
-79.77026      51.18047 
-79.76791      51.17901 
-79.76493      51.17819 
 1             167 
1
 -9999.0   ,   9990.0 
 28 
-78.86336      51.16812 
-78.85776      51.17124 
-78.85852      51.17717 
-78.86152      51.17846 
-78.86836      51.18309 
-78.86921      51.19016 
-78.87438      51.19689 
-78.8869       51.20457 
-78.89508      51.20732 
-78.90553      51.21139 
-78.91843      51.21928 
-78.92216      51.22605 
-78.92871      51.24693 
-78.92846      51.25403 
-78.91483      51.27797 
-78.90991      51.30191 
-78.90698      51.30703 
-78.9018       51.31105 
-78.88486      51.32432 
-78.87566      51.33372 
-78.87261      51.3425 
-78.87304      51.3489 
-78.86741      51.35179 
-78.85588      51.35393 
-78.84393      51.34967 
-78.83902      51.34705 
-78.83501      51.34166 
-78.83476      51.33911 
 1             168 
1
 -9999.0   ,   9990.0 
 141 
-79.52401      51.46569 
-79.51966      51.46662 
-79.50848      51.47293 
-79.50156      51.47338 
-79.49845      51.47555 
-79.5          51.47641 
-79.50637      51.4785 
-79.5075       51.48328 
-79.51059      51.48981 
-79.51978      51.49914 
-79.51838      51.50445 
-79.51847      51.50994 
-79.52263      51.51599 
-79.52266      51.5208 
-79.52755      51.53117 
-79.53996      51.54405 
-79.54535      51.55601 
-79.54408      51.55834 
-79.54023      51.56053 
-79.53177      51.56011 
-79.5244       51.56402 
-79.52011      51.56095 
-79.51242      51.56097 
-79.50415      51.56283 
-79.49755      51.56716 
-79.49113      51.56943 
-79.49006      51.57427 
-79.48092      51.57456 
-79.4778       51.57672 
-79.47721      51.5875 
-79.47296      51.58924 
-79.46577      51.58649 
-79.46036      51.58757 
-79.46015      51.59399 
-79.45675      51.5973 
-79.45133      51.59839 
-79.44291      51.603 
-79.43232      51.60356 
-79.43033      51.60614 
-79.42376      51.61116 
-79.42205      51.61716 
-79.41716      51.62029 
-79.42183      51.62358 
-79.41495      51.62471 
-79.40608      51.62383 
-79.39696      51.62916 
-79.38818      51.63401 
-79.37926      51.63725 
-79.37688      51.63962 
-79.3768       51.64306 
-79.3823       51.6477 
-79.37966      51.65144 
-79.36843      51.64881 
-79.36281      51.65196 
-79.36095      51.66094 
-79.35505      51.66524 
-79.34637      51.66688 
-79.33743      51.6699 
-79.33339      51.67002 
-79.33231      51.67028 
-79.31538      51.66988 
-79.3155       51.66186 
-79.30394      51.65488 
-79.29293      51.65018 
-79.28356      51.64771 
-79.26415      51.64829 
-79.25181      51.64522 
-79.24706      51.64559 
-79.23712      51.65 
-79.23086      51.64973 
-79.22882      51.64704 
-79.22966      51.63397 
-79.23297      51.62449 
-79.24443      51.61591 
-79.25494      51.59522 
-79.2614       51.58862 
-79.27516      51.57218 
-79.28297      51.56898 
-79.2873       51.56816 
-79.2874       51.55991 
-79.28185      51.54978 
-79.28041      51.54043 
-79.27423      51.53169 
-79.28041      51.52 
-79.27351      51.51752 
-79.2721       51.51344 
-79.26745      51.51015 
-79.25936      51.50947 
-79.25075      51.51179 
-79.24291      51.51454 
-79.23673      51.51518 
-79.22606      51.51916 
-79.21681      51.52264 
-79.19525      51.52304 
-79.1864       51.52215 
-79.17733      51.52333 
-79.16498      51.5246 
-79.14724      51.52717 
-79.13695      51.53159 
-79.13016      51.53385 
-79.10795      51.5354 
-79.09876      51.53497 
-79.0838       51.52556 
-79.06195      51.51175 
-79.04318      51.50518 
-79.02517      51.49377 
-78.99672      51.47418 
-78.98766      51.46506 
-78.98461      51.45804 
-78.98334      51.4503 
-78.98303      51.44596 
-78.98261      51.43475 
-78.98009      51.41971 
-78.9756       51.4077 
-78.9709       51.39799 
-78.96575      51.37662 
-78.9574       51.35098 
-78.95348      51.33667 
-78.95326      51.3282 
-78.95658      51.31827 
-78.95545      51.31258 
-78.95295      51.3028 
-78.95201      51.29962 
-78.95015      51.29395 
-78.93921      51.28326 
-78.93878      51.27709 
-78.94386      51.27146 
-78.9468       51.26154 
-78.95438      51.25539 
-78.95743      51.2521 
-78.95946      51.24472 
-78.95865      51.23307 
-78.95966      51.22663 
-78.95281      51.20668 
-78.94961      51.20241 
-78.93978      51.19169 
-78.9273       51.18448 
-78.91877      51.18196 
-78.89736      51.17156 
-78.88278      51.1708 
-78.86868      51.16614 
 1             169 
1
 -9999.0   ,   9990.0 
 23 
-79.79851      51.16741 
-79.80606      51.16646 
-79.81095      51.16423 
-79.81531      51.16431 
-79.81666      51.16312 
-79.82992      51.16518 
-79.84091      51.16617 
-79.84817      51.16614 
-79.85776      51.16786 
-79.86846      51.16955 
-79.87691      51.17062 
-79.89175      51.17399 
-79.90345      51.17884 
-79.93138      51.19434 
-79.93834      51.19889 
-79.94515      51.20576 
-79.95463      51.20999 
-79.95862      51.21787 
-79.96837      51.22629 
-79.97008      51.22776 
-79.9834       51.23805 
-79.99319      51.24158 
-80            51.24249 
