 580 
 31 
 1             1             
1
 -9999.0   ,   9990.0
   7
 2937 
-92.60761      35
-92.59638      35
-92.58884      34.98257
-92.57545      34.96904
-92.56346      34.9633
-92.54421      34.95687
-92.53306      34.95458
-92.51632      34.95434
-92.49095      34.95708
-92.48618      34.95438
-92.48203      34.95202
-92.4578       34.92585
-92.45308      34.91736
-92.45087      34.90405
-92.45115      34.899
-92.45521      34.88859
-92.45562      34.88754
-92.46232      34.88043
-92.46427      34.87562
-92.46512      34.87103
-92.46262      34.86461
-92.45454      34.85795
-92.44536      34.85449
-92.43229      34.84232
-92.42868      34.83452
-92.4234       34.83084
-92.39696      34.82484
-92.38139      34.81541
-92.37613      34.80279
-92.37113      34.7991
-92.35444      34.7938
-92.31492      34.7928
-92.3091       34.78866
-92.30302      34.77488
-92.28887      34.76177
-92.2836       34.75878
-92.26009      34.75233
-92.24973      34.75066
-92.24727      34.75026
-92.21368      34.74862
-92.19662      34.7415
-92.19362      34.73393
-92.18144      34.72834
-92.1729       34.7273
-92.16128      34.72876
-92.14422      34.72163
-92.13816      34.71656
-92.13759      34.71052
-92.14253      34.70298
-92.14935      34.69927
-92.14989      34.69898
-92.15358      34.69497
-92.1539       34.6625
-92.16622      34.64259
-92.1668       34.63708
-92.14999      34.61156
-92.14779      34.60582
-92.14782      34.5994
-92.15766      34.58253
-92.15931      34.57971
-92.15932      34.57696
-92.15549      34.56754
-92.15024      34.56293
-92.12942      34.56308
-92.12281      34.56132
-92.11674      34.55777
-92.11314      34.5512
-92.1126       34.54398
-92.11487      34.5355
-92.13384      34.51539
-92.14256      34.51068
-92.14653      34.50199
-92.14448      34.49428
-92.14412      34.49393
-92.1409       34.49078
-92.11186      34.47548
-92.08221      34.46315
-92.07444      34.45814
-92.0724       34.45017
-92.07364      34.44471
-92.0815       34.43977
-92.09231      34.43958
-92.1076       34.44314
-92.11663      34.44069
-92.121        34.4358
-92.12238      34.43426
-92.11913      34.42679
-92.10776      34.41689
-92.07515      34.40413
-92.07046      34.40067
-92.06395      34.37863
-92.06428      34.37083
-92.06878      34.35823
-92.06744      34.35043
-92.06526      34.34537
-92.05672      34.33743
-92.03802      34.32002
-92.02535      34.31217
-92.00161      34.30448
-91.99639      34.3001
-91.99151      34.28562
-91.97856      34.27914
-91.97         34.2768
-91.95866      34.27697
-91.94978      34.28151
-91.94694      34.29067
-91.94136      34.29798
-91.93832      34.29819
-91.93585      34.2952
-91.92314      34.29375
-91.91516      34.28889
-91.91161      34.28382
-91.91094      34.26272
-91.90581      34.24801
-91.90061      34.24133
-91.89373      34.23739
-91.85347      34.2266
-91.83312      34.21523
-91.81326      34.21281
-91.80548      34.21712
-91.7994       34.21708
-91.79528      34.21407
-91.78243      34.19976
-91.77758      34.18803
-91.77418      34.16783
-91.76508      34.16547
-91.75981      34.16841
-91.75036      34.16921
-91.74228      34.16989
-91.72465      34.17711
-91.70311      34.17672
-91.69238      34.17366
-91.68001      34.16783
-91.63671      34.13859
-91.62929      34.13509
-91.61799      34.13363
-91.61732      34.13283
-91.60847      34.12231
-91.60599      34.1216
-91.59351      34.12677
-91.58683      34.1313
-91.58346      34.13632
-91.58151      34.13722
-91.57905      34.13605
-91.5861       34.1235
-91.59278      34.11874
-91.60169      34.11193
-91.60368      34.10736
-91.60373      34.10254
-91.59995      34.09563
-91.59776      34.0947
-91.59087      34.09418
-91.58283      34.09664
-91.57501      34.1042
-91.5739       34.10528
-91.54424      34.10805
-91.54239      34.10822
-91.5336       34.10584
-91.52648      34.10142
-91.50794      34.08451
-91.50132      34.08422
-91.47837      34.08859
-91.46015      34.08911
-91.45382      34.08767
-91.44535      34.08186
-91.44266      34.07656
-91.43381      34.05731
-91.43249      34.05444
-91.43529      34.04357
-91.43504      34.03246
-91.43127      34.02596
-91.42103      34.0194
-91.41338      34.01215
-91.40394      34.00989
-91.3993       34.00411
-91.39598      33.99582
-91.3928       33.97653
-91.38894      33.97603
-91.38479      33.97782
-91.36401      33.99252
-91.34803      34.00382
-91.34882      34.00612
-91.35703      34.01033
-91.35858      34.01723
-91.36076      34.01954
-91.36902      34.02009
-91.37146      34.02241
-91.36808      34.02765
-91.36119      34.02735
-91.35731      34.02868
-91.34971      34.03961
-91.34443      34.04231
-91.33978      34.03928
-91.3471       34.02972
-91.35052      34.02219
-91.35031      34.01737
-91.34133      34.00971
-91.33559      34.00689
-91.32982      34.00477
-91.31865      33.99685
-91.30077      33.97693
-91.29586      33.97367
-91.2799       33.97281
-91.2706       33.96835
-91.26699      33.96351
-91.26439      33.96002
-91.26055      33.95929
-91.25778      33.9604
-91.25107      33.96675
-91.23799      33.97463
-91.23022      33.97821
-91.22442      33.97906
-91.21402      33.97412
-91.21106      33.97019
-91.20879      33.96135
-91.2054       33.95844
-91.19938      33.95801
-91.18891      33.96098
-91.16828      33.95913
-91.16529      33.95657
-91.15942      33.94572
-91.15176      33.94219
-91.1464       33.93409
-91.13689      33.92664
-91.13223      33.92521
-91.12984      33.92036
-91.13105      33.91418
-91.13617      33.90484
-91.14375      33.89622
-91.143        33.89208
-91.13944      33.89135
-91.13114      33.89331
-91.12537      33.89301
-91.12238      33.89068
-91.12191      33.88609
-91.13554      33.86241
-91.13588      33.85851
-91.12855      33.85314
-91.12421      33.85188
-91.12116      33.85099
-91.11656      33.84657
-91.11828      33.84247
-91.1222       33.83885
-91.13909      33.83217
-91.14303      33.82718
-91.14431      33.82261
-91.14288      33.81961
-91.13873      33.82139
-91.13475      33.82868
-91.1306       33.83024
-91.11881      33.82803
-91.1098       33.82447
-91.10129      33.82391
-91.09942      33.81999
-91.10579      33.8024
-91.10616      33.79691
-91.10482      33.79528
-91.10016      33.79477
-91.0968       33.79711
-91.09403      33.79905
-91.08669      33.8095
-91.08171      33.81127
-91.06991      33.8102
-91.05984      33.80457
-91.05589      33.79511
-91.05763      33.79032
-91.06436      33.78307
-91.05499      33.78433
-91.05115      33.78578
-91.04669      33.79485
-91.04526      33.80416
-91.04759      33.81144
-91.05593      33.82918
-91.05985      33.83332
-91.06141      33.83496
-91.06754      33.83867
-91.07296      33.84755
-91.07279      33.85636
-91.07218      33.8588
-91.06908      33.87114
-91.06806      33.8728
-91.06534      33.87964
-91.06061      33.88256
-91.05341      33.88675
-91.04558      33.89131
-91.03798      33.89964
-91.03259      33.90556
-91.02331      33.91877
-91.02011      33.93388
-91.02376      33.93873
-91.03684      33.94624
-91.05391      33.94692
-91.06133      33.94771
-91.08279      33.94936
-91.0918       33.95489
-91.09804      33.95873
-91.10207      33.96451
-91.10382      33.97416
-91.10139      33.98652
-91.09496      33.99217
-91.08137      33.99682
-91.07913      33.99885
-91.07029      34.00012
-91.06838      33.99894
-91.069        33.99528
-91.07489      33.98962
-91.07134      33.98751
-91.04621      33.99063
-91.03705      33.99441
-91.00888      34.01074
-90.99412      34.0193
-90.98608      34.02194
-90.97036      34.02218
-90.96352      34.01934
-90.9514       34.01894
-90.93696      34.02447
-90.9241       34.03324
-90.90393      34.03525
-90.89442      34.04153
-90.89066      34.04686
-90.8896       34.04834
-90.88999      34.04893
-90.89281      34.0532
-90.90002      34.05667
-90.9051       34.05912
-90.91214      34.06541
-90.92106      34.07471
-90.93061      34.09343
-90.95184      34.1084
-90.95689      34.1181
-90.96666      34.12673
-90.973        34.14103
-90.96584      34.15424
-90.96243      34.15412
-90.96162      34.15194
-90.96412      34.13681
-90.91449      34.16729
-90.91385      34.17187
-90.90861      34.17133
-90.90609      34.17314
-90.90128      34.17834
-90.9012       34.1827
-90.9151       34.19161
-90.9289       34.20603
-90.93616      34.21599
-90.93925      34.22751
-90.93962      34.23669
-90.93674      34.24238
-90.93113      34.24643
-90.92156      34.24764
-90.91478      34.2485
-90.90463      34.24445
-90.90329      34.24237
-90.90752      34.2383
-90.91464      34.24184
-90.92596      34.24246
-90.93049      34.23702
-90.93229      34.22947
-90.92903      34.21337
-90.91927      34.20429
-90.89475      34.18719
-90.88979      34.18643
-90.87974      34.19134
-90.87774      34.19475
-90.86574      34.19538
-90.86059      34.19565
-90.85581      34.20016
-90.84839      34.21106
-90.84185      34.22617
-90.84482      34.22732
-90.84677      34.22556
-90.85025      34.22244
-90.85358      34.22194
-90.84936      34.23058
-90.83596      34.26272
-90.83292      34.27553
-90.82899      34.27822
-90.82498      34.28481
-90.81684      34.2902
-90.81048      34.29033
-90.80746      34.28891
-90.80259      34.28425
-90.80404      34.28083
-90.80053      34.2771
-90.77631      34.27215
-90.76679      34.27751
-90.76192      34.28454
-90.75764      34.2909
-90.75207      34.30481
-90.75077      34.31328
-90.75331      34.32364
-90.75891      34.33336
-90.7706       34.34249
-90.77356      34.34643
-90.77399      34.35195
-90.76335      34.36968
-90.76111      34.37102
-90.75114      34.3711
-90.73407      34.36693
-90.71422      34.3634
-90.69335      34.36766
-90.68356      34.37209
-90.67463      34.37493
-90.65719      34.38658
-90.61319      34.39663
-90.59416      34.40457
-90.58756      34.40836
-90.58582      34.41705
-90.58754      34.4375
-90.59642      34.48238
-90.59628      34.48881
-90.58616      34.51685
-90.57591      34.52746
-90.57558      34.52981
-90.57324      34.546
-90.56679      34.55989
-90.56768      34.56885
-90.56643      34.57456
-90.58299      34.60123
-90.59193      34.62134
-90.59578      34.62301
-90.60389      34.62085
-90.62075      34.62412
-90.62411      34.62675
-90.62702      34.62904
-90.63262      34.63877
-90.62307      34.63173
-90.61642      34.6307
-90.6104       34.62739
-90.59789      34.62787
-90.59054      34.63302
-90.58814      34.65179
-90.5866       34.65773
-90.58264      34.66042
-90.57717      34.66836
-90.57416      34.67794
-90.57488      34.69333
-90.57244      34.72472
-90.56741      34.73725
-90.55606      34.74624
-90.55317      34.75032
-90.54874      34.74978
-90.54633      34.74561
-90.54076      34.74597
-90.53532      34.74106
-90.50874      34.73647
-90.49498      34.73072
-90.48568      34.72928
-90.48334      34.72891
-90.47525      34.72968
-90.45756      34.73625
-90.45216      34.74074
-90.44978      34.74667
-90.45126      34.75027
-90.45291      34.75429
-90.46122      34.76615
-90.47239      34.79016
-90.47467      34.79506
-90.47588      34.8022
-90.47459      34.80906
-90.46909      34.81699
-90.46229      34.82169
-90.45558      34.82272
-90.42758      34.82841
-90.42218      34.8329
-90.41335      34.83985
-90.39853      34.8421
-90.38868      34.84605
-90.37846      34.8532
-90.35236      34.85983
-90.33969      34.86464
-90.31341      34.87829
-90.31206      34.87711
-90.31359      34.87256
-90.30716      34.87228
-90.29929      34.87488
-90.29445      34.87846
-90.28004      34.89493
-90.27791      34.89634
-90.26941      34.90194
-90.25902      34.90921
-90.24969      34.9119
-90.24861      34.91222
-90.24781      34.91434
-90.24499      34.92178
-90.24819      34.93828
-90.25191      34.9428
-90.26261      34.94943
-90.27064      34.9512
-90.27302      34.95583
-90.29407      34.97115
-90.30214      34.98142
-90.31239      34.99445
-90.31225      34.99927
-90.31194      35
-90.30362      35
-90.30261      35
-90.28828      35
-90.28404      35
-90.29309      34.99569
-90.29662      34.98933
-90.29619      34.98451
-90.28452      34.97326
-90.27312      34.97059
-90.27066      34.97001
-90.26047      34.96568
-90.25059      34.95975
-90.24462      34.9539
-90.2409       34.94763
-90.23704      34.91704
-90.23849      34.90559
-90.24286      34.89902
-90.24964      34.89594
-90.25452      34.89099
-90.26246      34.88633
-90.27569      34.88154
-90.28121      34.87558
-90.28259      34.8741
-90.29158      34.87152
-90.30434      34.8635
-90.31692      34.86214
-90.32536      34.85932
-90.3319       34.85439
-90.35519      34.84795
-90.37002      34.84548
-90.37791      34.84241
-90.38844      34.83434
-90.3939       34.82779
-90.41572      34.82429
-90.43259      34.81794
-90.44111      34.81167
-90.45564      34.80964
-90.46361      34.8029
-90.46516      34.79696
-90.46203      34.78887
-90.45229      34.77815
-90.44316      34.76559
-90.44044      34.75246
-90.44757      34.73515
-90.45351      34.73136
-90.47628      34.72259
-90.49578      34.72087
-90.51075      34.72274
-90.52476      34.72941
-90.53195      34.73114
-90.54632      34.73528
-90.55496      34.73452
-90.55805      34.73296
-90.56211      34.72661
-90.56516      34.71587
-90.56322      34.68189
-90.56503      34.67572
-90.57914      34.64476
-90.57638      34.62131
-90.56194      34.5878
-90.54594      34.55035
-90.53958      34.5491
-90.53588      34.54215
-90.55902      34.52603
-90.5755       34.51048
-90.58414      34.49755
-90.58424      34.49342
-90.58789      34.48018
-90.58254      34.46058
-90.56776      34.44448
-90.56342      34.438
-90.56332      34.43066
-90.57092      34.41473
-90.58252      34.40483
-90.60636      34.39308
-90.62171      34.38806
-90.63967      34.3778
-90.66329      34.37452
-90.6695       34.37159
-90.70528      34.35477
-90.71606      34.3554
-90.74524      34.36274
-90.75796      34.36317
-90.76159      34.36208
-90.76622      34.35298
-90.76494      34.34791
-90.76224      34.34511
-90.74446      34.33612
-90.74046      34.32872
-90.72912      34.31638
-90.72352      34.30734
-90.72104      34.28253
-90.72426      34.27455
-90.74112      34.2622
-90.74669      34.26091
-90.75301      34.26284
-90.77234      34.26383
-90.79849      34.268
-90.80099      34.2684
-90.81866      34.27004
-90.82422      34.26851
-90.83018      34.26172
-90.83186      34.23468
-90.83519      34.22119
-90.84471      34.20207
-90.85458      34.19235
-90.87224      34.18045
-90.87517      34.1789
-90.89709      34.16727
-90.89852      34.16477
-90.89748      34.162
-90.8865       34.15886
-90.87704      34.14886
-90.86695      34.14252
-90.85296      34.13842
-90.83694      34.13864
-90.82748      34.1424
-90.81904      34.14938
-90.81421      34.15573
-90.81005      34.1692
-90.81181      34.17749
-90.822        34.19163
-90.82004      34.19321
-90.817        34.19294
-90.80889      34.18479
-90.80464      34.17669
-90.80261      34.1684
-90.80388      34.16085
-90.81699      34.14224
-90.82539      34.13663
-90.83954      34.13294
-90.85059      34.13265
-90.86101      34.13582
-90.87117      34.13891
-90.88782      34.1481
-90.90114      34.15815
-90.90636      34.15938
-90.91198      34.15487
-90.92336      34.15181
-90.93909      34.1385
-90.94471      34.13399
-90.95038      34.1265
-90.95077      34.12055
-90.93604      34.10894
-90.92499      34.09839
-90.91458      34.0948
-90.91333      34.09474
-90.89584      34.09385
-90.8776       34.09496
-90.87355      34.091
-90.87093      34.08386
-90.87622      34.06833
-90.88171      34.04318
-90.88779      34.02928
-90.89483      34.02181
-90.90595      34.01715
-90.91478      34.01751
-90.91332      34.0207
-90.90169      34.02329
-90.89722      34.02666
-90.89965      34.02876
-90.90476      34.02834
-90.91649      34.02739
-90.92428      34.02429
-90.92734      34.01832
-90.93304      34.01387
-90.96072      34.00806
-90.97368      34.00778
-90.98189      34.01041
-90.99317      34.01148
-91.00067      34.0086
-91.01694      33.99867
-91.03614      33.98385
-91.04668      33.98008
-91.07542      33.97541
-91.08208      33.97297
-91.08628      33.96913
-91.08859      33.96365
-91.08674      33.95927
-91.08075      33.95506
-91.0739       33.95314
-91.03999      33.955
-91.03231      33.95306
-91.03131      33.95223
-91.01902      33.9421
-91.01258      33.93307
-91.00998      33.92524
-91.01458      33.91498
-91.03595      33.89118
-91.06219      33.87088
-91.06706      33.86302
-91.06718      33.85681
-91.06432      33.84967
-91.06008      33.83909
-91.03843      33.81736
-91.02624      33.8078
-91.02333      33.80157
-91.02789      33.79337
-91.04738      33.77987
-91.08681      33.77304
-91.08816      33.77107
-91.09129      33.77059
-91.09634      33.76599
-91.10451      33.76684
-91.10892      33.76552
-91.12061      33.75787
-91.12729      33.75222
-91.13322      33.74335
-91.13249      33.73829
-91.13415      33.73763
-91.13566      33.72962
-91.14078      33.71959
-91.14664      33.71416
-91.16495      33.7036
-91.17408      33.69959
-91.18841      33.69655
-91.20709      33.69539
-91.21342      33.695
-91.22151      33.68707
-91.22305      33.67677
-91.21801      33.66617
-91.21393      33.66382
-91.2093       33.66194
-91.19258      33.66082
-91.18435      33.66049
-91.17753      33.65766
-91.17088      33.65176
-91.16942      33.65045
-91.15962      33.64598
-91.13602      33.62986
-91.13067      33.62246
-91.12714      33.60522
-91.12808      33.59858
-91.13143      33.59472
-91.13666      33.59387
-91.14136      33.59118
-91.14594      33.58022
-91.15321      33.57229
-91.16178      33.56804
-91.16977      33.56561
-91.17651      33.56581
-91.20922      33.56677
-91.21939      33.56528
-91.22604      33.56123
-91.22774      33.55736
-91.22218      33.54559
-91.21114      33.53423
-91.20084      33.52677
-91.19186      33.52368
-91.17409      33.52049
-91.15781      33.51029
-91.14943      33.50506
-91.12164      33.49646
-91.1165       33.49272
-91.10987      33.46512
-91.10896      33.40825
-91.10734      33.40708
-91.1101       33.40597
-91.11182      33.40186
-91.1173       33.36983
-91.11746      33.36135
-91.15241      33.33244
-91.16179      33.32682
-91.16378      33.32272
-91.16479      33.31104
-91.16361      33.3007
-91.15586      33.29029
-91.14535      33.28214
-91.13262      33.27533
-91.11998      33.2703
-91.1017       33.26302
-91.09524      33.25744
-91.08323      33.21189
-91.08382      33.19447
-91.08261      33.18597
-91.07893      33.1779
-91.0802       33.15791
-91.08122      33.14171
-91.08517      33.13465
-91.09034      33.12942
-91.10989      33.12963
-91.11931      33.13165
-91.12778      33.13084
-91.13329      33.12724
-91.13696      33.11995
-91.13703      33.11582
-91.14626      33.10241
-91.15169      33.0878
-91.15265      33.07956
-91.15038      33.06432
-91.14898      33.05499
-91.15286      33.05137
-91.15541      33.04544
-91.15425      33.03374
-91.14732      33.00935
-91.14766      33.00523
-91.15681      32.99526
-91.15798      32.99115
-91.15572      32.9792
-91.15131      32.96723
-91.15065      32.96666
-91.14674      32.96327
-91.12649      32.95929
-91.10444      32.95495
-91.08559      32.94294
-91.07727      32.93764
-91.07079      32.93178
-91.06731      32.92631
-91.06061      32.90328
-91.06118      32.89502
-91.06735      32.88456
-91.08307      32.86908
-91.08894      32.86329
-91.10148      32.84581
-91.11354      32.83222
-91.12942      32.81728
-91.13308      32.80999
-91.13522      32.79581
-91.14559      32.77691
-91.149        32.76598
-91.15099      32.7596
-91.15221      32.75568
-91.15017      32.74741
-91.13951      32.73673
-91.13466      32.73438
-91.12436      32.73333
-91.10776      32.7361
-91.09519      32.74075
-91.08652      32.74041
-91.08005      32.73804
-91.07164      32.73747
-91.06602      32.7353
-91.05628      32.73154
-91.05012      32.72733
-91.04728      32.71927
-91.04792      32.71401
-91.05098      32.70958
-91.06714      32.68607
-91.08962      32.67262
-91.09349      32.67169
-91.10515      32.66892
-91.12684      32.65338
-91.14344      32.63388
-91.14906      32.62204
-91.14874      32.62097
-91.14573      32.61076
-91.13968      32.60015
-91.13168      32.59272
-91.12279      32.59009
-91.11582      32.58564
-91.10054      32.56139
-91.09772      32.55445
-91.09587      32.54987
-91.09374      32.53266
-91.10302      32.51284
-91.10429      32.5104
-91.11086      32.49782
-91.11262      32.49028
-91.11038      32.47879
-91.10251      32.46494
-91.07795      32.44676
-91.06937      32.44298
-91.02227      32.43089
-91.01285      32.4287
-90.99732      32.42024
-90.99097      32.41351
-90.98766      32.4027
-90.98637      32.39947
-90.98866      32.39286
-90.99977      32.37674
-91.00336      32.37244
-91.00564      32.36628
-91.00557      32.36366
-91.00548      32.36033
-90.99938      32.35429
-90.97436      32.3489
-90.93526      32.3456
-90.9043       32.3408
-90.90002      32.33822
-90.89615      32.32945
-90.90547      32.31223
-90.91017      32.30354
-90.95191      32.26726
-90.96584      32.25874
-90.97         32.25239
-90.97296      32.2445
-90.97683      32.23416
-90.97863      32.22392
-90.97831      32.22263
-90.97514      32.20985
-90.99034      32.18968
-90.99094      32.18841
-90.99792      32.17375
-91            32.16346
-90.99928      32.15433
-91.00121      32.14881
-90.99651      32.13455
-90.99983      32.12956
-91.01632      32.11882
-91.03235      32.11566
-91.03641      32.1162
-91.04666      32.1176
-91.06188      32.12467
-91.06834      32.12521
-91.07281      32.13123
-91.07872      32.13176
-91.09062      32.12917
-91.09658      32.12742
-91.10041      32.12403
-91.09459      32.11823
-91.09575      32.11366
-91.0914       32.10055
-91.08504      32.09451
-91.08388      32.09174
-91.08195      32.08714
-91.06789      32.07527
-91.06052      32.06579
-91.05879      32.05706
-91.06194      32.04703
-91.06467      32.02965
-91.07301      32.01487
-91.08028      32
-91.08909      31.9933
-91.10814      31.98442
-91.11062      31.98327
-91.12945      31.97942
-91.14046      31.98058
-91.14746      31.9783
-91.16037      31.97741
-91.16817      31.97307
-91.17436      31.96415
-91.18111      31.94882
-91.1857       31.92914
-91.1946       31.90488
-91.21532      31.88018
-91.21558      31.87743
-91.22069      31.87332
-91.22985      31.86921
-91.23036      31.86898
-91.24408      31.85777
-91.25428      31.8532
-91.25536      31.84862
-91.26072      31.84771
-91.26771      31.85115
-91.26985      31.84818
-91.27308      31.84772
-91.2865       31.85506
-91.29885      31.85461
-91.30392      31.85245
-91.31604      31.8473
-91.33511      31.83494
-91.34289      31.818
-91.34718      31.80128
-91.34798      31.78846
-91.35442      31.76945
-91.35655      31.75273
-91.35924      31.74472
-91.37908      31.71747
-91.38818      31.70235
-91.39112      31.68953
-91.38306      31.64715
-91.38572      31.6373
-91.38696      31.63478
-91.39696      31.61417
-91.39988      31.56996
-91.40362      31.56194
-91.41058      31.5553
-91.43099      31.54266
-91.43155      31.54231
-91.45018      31.53078
-91.45714      31.52711
-91.47541      31.52095
-91.48844      31.51656
-91.50048      31.50876
-91.50581      31.50119
-91.5082       31.49249
-91.50924      31.47141
-91.49768      31.44072
-91.48535      31.42583
-91.47786      31.42125
-91.47611      31.41773
-91.46793      31.40133
-91.46044      31.39491
-91.45564      31.39652
-91.45509      31.39102
-91.48684      31.35182
-91.50204      31.32821
-91.50308      31.31378
-91.50091      31.2998
-91.50596      31.28169
-91.51155      31.27206
-91.51449      31.27137
-91.52089      31.26587
-91.53689      31.26058
-91.55506      31.2585
-91.60207      31.25979
-91.60311      31.25981
-91.62421      31.2623
-91.63115      31.2584
-91.63565      31.24739
-91.63536      31.23937
-91.63295      31.23685
-91.62627      31.23388
-91.59631      31.21124
-91.58852      31.19223
-91.59065      31.17643
-91.59167      31.16885
-91.60389      31.14981
-91.6148       31.14063
-91.61878      31.13283
-91.61608      31.12091
-91.60778      31.11015
-91.58588      31.09277
-91.58266      31.08635
-91.56771      31.07468
-91.5613       31.07056
-91.55541      31.06163
-91.55379      31.04811
-91.55542      31.04213
-91.55617      31.0394
-91.56201      31.03228
-91.57877      31.01874
-91.58649      31.01667
-91.62118      30.9995
-91.62506      30.99758
-91.65081      30.97255
-91.65158      30.96178
-91.65022      30.95664
-91.64673      30.94345
-91.63071      30.92605
-91.62724      30.92422
-91.61206      30.91943
-91.60461      30.91853
-91.57266      30.91788
-91.54978      30.92089
-91.54232      30.91631
-91.53381      30.90803
-91.52232      30.89685
-91.51137      30.87164
-91.52084      30.81431
-91.52428      30.80514
-91.53284      30.79016
-91.5362       30.78426
-91.54362      30.77761
-91.5585       30.77323
-91.57631      30.77161
-91.58348      30.76793
-91.58584      30.76151
-91.58475      30.74661
-91.58075      30.74248
-91.56719      30.73379
-91.5608       30.73104
-91.55256      30.72991
-91.54619      30.73221
-91.53636      30.73245
-91.53133      30.73409
-91.50476      30.74279
-91.49042      30.74349
-91.47181      30.73984
-91.45826      30.73525
-91.42559      30.74375
-91.39451      30.75865
-91.38096      30.75934
-91.37059      30.7559
-91.36448      30.75177
-91.36089      30.74501
-91.35039      30.72517
-91.33711      30.68343
-91.33072      30.67174
-91.30842      30.652
-91.3002       30.65085
-91.29569      30.64698
-91.29191      30.63988
-91.29171      30.62998
-91.29542      30.61829
-91.29446      30.61675
-91.28853      30.60727
-91.27898      30.59786
-91.25804      30.57124
-91.24134      30.55678
-91.23737      30.54921
-91.23818      30.53774
-91.24136      30.53064
-91.24719      30.52559
-91.26207      30.51671
-91.27133      30.51117
-91.27558      30.50613
-91.27239      30.50292
-91.26498      30.50268
-91.24641      30.50702
-91.21221      30.51936
-91.20319      30.52027
-91.19736      30.51888
-91.19471      30.51521
-91.19261      30.49411
-91.19318      30.48192
-91.19376      30.46981
-91.1916       30.462
-91.18978      30.43287
-91.19511      30.40856
-91.22909      30.36562
-91.2301       30.36434
-91.23462      30.35127
-91.23382      30.34875
-91.22615      30.34301
-91.22112      30.34185
-91.21318      30.3423
-91.19968      30.3471
-91.17374      30.34569
-91.16448      30.34384
-91.14305      30.336
-91.13777      30.33003
-91.13567      30.32337
-91.14124      30.31443
-91.14732      30.311
-91.15448      30.30941
-91.18754      30.31061
-91.21242      30.30537
-91.21772      30.30331
-91.22301      30.2985
-91.22302      30.29575
-91.21641      30.29001
-91.19579      30.27874
-91.18362      30.27941
-91.177        30.28169
-91.17457      30.28184
-91.15504      30.28303
-91.14552      30.2821
-91.10985      30.26483
-91.10642      30.25885
-91.10353      30.2483
-91.10566      30.24371
-91.12155      30.22998
-91.13372      30.22267
-91.14122      30.21421
-91.14591      30.20892
-91.14698      30.20273
-91.15096      30.19769
-91.15255      30.19013
-91.1515       30.18645
-91.14675      30.18209
-91.14014      30.18322
-91.13088      30.18733
-91.11129      30.20289
-91.08034      30.2143
-91.07029      30.21496
-91.05459      30.21294
-91.04307      30.21146
-91.04176      30.20916
-91.03516      30.20501
-91.02882      30.20454
-91.02116      30.20016
-91.01456      30.19486
-91.00931      30.18361
-91.00298      30.17854
-90.99485      30.16109
-90.99381      30.15374
-90.99595      30.14526
-91.00523      30.13313
-91.01027      30.12901
-91.02046      30.12428
-91.02402      30.12262
-91.0206       30.11803
-91.01559      30.11572
-90.98786      30.11426
-90.97202      30.11238
-90.96305      30.10983
-90.95248      30.11003
-90.94877      30.11392
-90.94609      30.12446
-90.94157      30.13362
-90.93654      30.13728
-90.93099      30.13749
-90.92149      30.1331
-90.91491      30.12849
-90.91328      30.12492
-90.91177      30.12159
-90.90161      30.08485
-90.89716      30.07589
-90.88689      30.06713
-90.85444      30.06311
-90.84733      30.06033
-90.8418       30.05618
-90.83735      30.04836
-90.83439      30.03644
-90.83035      30.02011
-90.82822      30
-90.835        30
-90.83504      30
-90.83462      30.00843
-90.84108      30.04241
-90.84683      30.0523
-90.85288      30.0576
-90.88744      30.06186
-90.89641      30.06533
-90.90586      30.07753
-90.90832      30.08729
-90.91444      30.11151
-90.91942      30.12231
-90.92521      30.12967
-90.9289       30.13106
-90.93498      30.13062
-90.93842      30.12673
-90.94166      30.10999
-90.94695      30.10611
-90.96756      30.10365
-90.99712      30.1081
-91.01297      30.10837
-91.02459      30.11074
-91.02774      30.11392
-91.03036      30.12195
-91.0293       30.12608
-91.02215      30.13088
-91.01448      30.13384
-91.00601      30.14047
-91.00281      30.1462
-91.00226      30.15744
-91.00408      30.16731
-91.01989      30.18203
-91.02224      30.19098
-91.03148      30.19743
-91.04844      30.2062
-91.05022      30.20711
-91.05735      30.20851
-91.08776      30.20422
-91.09808      30.20103
-91.14121      30.17496
-91.14755      30.17498
-91.15732      30.17866
-91.16419      30.18624
-91.16814      30.19749
-91.16707      30.20299
-91.16044      30.2117
-91.15301      30.21832
-91.14218      30.22796
-91.12286      30.23778
-91.11676      30.24397
-91.11411      30.24924
-91.11621      30.25475
-91.13364      30.26625
-91.14475      30.26994
-91.16406      30.27273
-91.17834      30.2716
-91.19448      30.27254
-91.19537      30.27279
-91.20372      30.27508
-91.22435      30.28681
-91.23122      30.29461
-91.23254      30.29874
-91.22936      30.30585
-91.22194      30.31249
-91.20527      30.32004
-91.2005       30.32026
-91.1751       30.31518
-91.14851      30.31711
-91.14732      30.3172
-91.14599      30.31972
-91.14651      30.32683
-91.15073      30.3328
-91.15629      30.33533
-91.17454      30.33605
-91.19148      30.34135
-91.20657      30.33908
-91.21769      30.33428
-91.2251       30.33452
-91.23278      30.33728
-91.23753      30.34118
-91.2415       30.34761
-91.24256      30.35587
-91.24096      30.3655
-91.23907      30.36757
-91.21976      30.38864
-91.2041       30.41179
-91.20198      30.41729
-91.20081      30.42984
-91.19704      30.46999
-91.19806      30.48369
-91.19923      30.49962
-91.20188      30.50605
-91.20585      30.50949
-91.21168      30.51156
-91.21937      30.51112
-91.23741      30.50357
-91.27717      30.49604
-91.28168      30.49742
-91.2838       30.5043
-91.283        30.50797
-91.27689      30.51714
-91.26879      30.52144
-91.25966      30.5263
-91.2517       30.53271
-91.24878      30.53936
-91.24877      30.54463
-91.25725      30.55817
-91.26786      30.56185
-91.28191      30.56255
-91.2912       30.56462
-91.31029      30.56464
-91.31454      30.56601
-91.31852      30.57221
-91.31985      30.58069
-91.31852      30.58872
-91.3163       30.59347
-91.31294      30.60064
-91.30179      30.63801
-91.30286      30.64145
-91.31533      30.64628
-91.33418      30.64789
-91.33763      30.65041
-91.34081      30.65798
-91.34056      30.66486
-91.34374      30.68023
-91.34838      30.69322
-91.35118      30.70109
-91.35623      30.72219
-91.35996      30.72815
-91.37909      30.7449
-91.38654      30.74902
-91.39398      30.74925
-91.44124      30.72815
-91.44801      30.72665
-91.45054      30.72609
-91.49916      30.72858
-91.51325      30.73292
-91.51856      30.732
-91.51908      30.72788
-91.54962      30.72303
-91.55946      30.72348
-91.57754      30.73446
-91.58365      30.73239
-91.59137      30.73949
-91.59566      30.75393
-91.59382      30.76241
-91.5888       30.77136
-91.58349      30.77504
-91.55772      30.77874
-91.54497      30.78426
-91.53993      30.78976
-91.52776      30.81935
-91.52732      30.82308
-91.52514      30.84136
-91.5196       30.86361
-91.52336      30.88194
-91.52923      30.89019
-91.53909      30.89821
-91.55934      30.91056
-91.56706      30.91033
-91.57689      30.90687
-91.58593      30.90706
-91.58754      30.90709
-91.64532      30.91617
-91.64959      30.92098
-91.6566       30.95008
-91.67294      30.97824
-91.66924      30.98429
-91.66313      30.99431
-91.6765       31.00826
-91.68317      31.01077
-91.69808      31.01051
-91.71671      31.00543
-91.72204      31.0061
-91.73164      31.01112
-91.74151      31.01339
-91.74897      31.01292
-91.75801      31.00946
-91.76358      31.0044
-91.76729      30.99843
-91.76925      30.98963
-91.76964      30.98788
-91.77494      30.98259
-91.79274      30.97269
-91.79644      30.96649
-91.79804      30.9587
-91.79548      30.93073
-91.79909      30.90481
-91.79539      30.87497
-91.79439      30.867
-91.79597      30.86126
-91.80074      30.85781
-91.80845      30.85664
-91.81216      30.85319
-91.80894      30.84885
-91.79856      30.84566
-91.79481      30.84132
-91.79185      30.83193
-91.79288      30.8239
-91.79736      30.81449
-91.79601      30.81151
-91.76693      30.78706
-91.76185      30.7795
-91.7562       30.76485
-91.75481      30.7472
-91.75157      30.73711
-91.72966      30.70346
-91.7267       30.69407
-91.73223      30.68213
-91.73403      30.66699
-91.73912      30.66229
-91.74276      30.65894
-91.74347      30.6367
-91.75028      30.61398
-91.74838      30.60412
-91.75311      30.59356
-91.75252      30.57889
-91.75884      30.56718
-91.75936      30.5619
-91.75163      30.54427
-91.74975      30.54207
-91.73161      30.52092
-91.7268       30.51061
-91.72942      30.50464
-91.73392      30.50142
-91.74532      30.503
-91.74902      30.49978
-91.7498       30.49634
-91.74496      30.47961
-91.73268      30.45418
-91.73108      30.45281
-91.72154      30.45214
-91.71805      30.44929
-91.71622      30.4478
-91.69756      30.41664
-91.69012      30.40725
-91.68694      30.40634
-91.68454      30.40222
-91.6771       30.39673
-91.65111      30.38394
-91.64076      30.37363
-91.63223      30.35736
-91.61702      30.31266
-91.61256      30.3045
-91.60851      30.29707
-91.59181      30.28127
-91.58518      30.27738
-91.58385      30.27325
-91.58436      30.26522
-91.58143      30.2572
-91.57215      30.24849
-91.55282      30.23957
-91.55995      30.23474
-91.55517      30.22489
-91.56364      30.23038
-91.56816      30.23864
-91.57842      30.24774
-91.58804      30.25627
-91.59016      30.25948
-91.59204      30.2721
-91.59549      30.27668
-91.60316      30.27735
-91.61004      30.27574
-91.61109      30.27298
-91.60101      30.26199
-91.58109      30.226
-91.57844      30.22348
-91.56785      30.21891
-91.56043      30.21272
-91.56968      30.2118
-91.57657      30.21683
-91.58556      30.22026
-91.58478      30.22256
-91.58824      30.23173
-91.60656      30.26129
-91.61955      30.27159
-91.62248      30.27847
-91.62817      30.28515
-91.64156      30.28899
-91.65928      30.28712
-91.67698      30.27998
-91.67801      30.27218
-91.67003      30.25797
-91.67081      30.25476
-91.67398      30.25429
-91.6793       30.2614
-91.68303      30.27079
-91.68494      30.28891
-91.68884      30.30371
-91.69165      30.31436
-91.68982      30.32422
-91.69461      30.32834
-91.70918      30.33267
-91.71316      30.33679
-91.71504      30.34229
-91.71506      30.3494
-91.70954      30.35882
-91.69793      30.36871
-91.69161      30.37881
-91.68422      30.38571
-91.68398      30.39259
-91.69538      30.39899
-91.69704      30.40227
-91.70419      30.4164
-91.72417      30.44594
-91.73556      30.44706
-91.73876      30.45003
-91.75055      30.48418
-91.75695      30.49379
-91.75803      30.50044
-91.75356      30.50573
-91.75094      30.50674
-91.74879      30.50758
-91.74322      30.50805
-91.73632      30.50577
-91.73421      30.50761
-91.73396      30.51105
-91.75051      30.53899
-91.75983      30.55066
-91.76466      30.56441
-91.76416      30.57015
-91.7602       30.5752
-91.75604      30.59539
-91.75589      30.60989
-91.75585      30.61374
-91.74799      30.63852
-91.74911      30.65182
-91.74806      30.65687
-91.74332      30.66651
-91.73803      30.67134
-91.73887      30.6812
-91.73651      30.68969
-91.73708      30.70138
-91.75121      30.72951
-91.75905      30.74512
-91.76044      30.76094
-91.76609      30.77835
-91.78345      30.79596
-91.79409      30.79868
-91.79864      30.80416
-91.80611      30.80919
-91.80749      30.82317
-91.80194      30.82984
-91.8001       30.83511
-91.80119      30.83947
-91.80412      30.84175
-91.81238      30.8431
-91.81584      30.84562
-91.82068      30.85523
-91.81512      30.86212
-91.80635      30.86352
-91.8029       30.86606
-91.80107      30.87225
-91.80224      30.89632
-91.80469      30.90869
-91.80338      30.91724
-91.79981      30.9405
-91.79994      30.94177
-91.80229      30.96464
-91.80046      30.97221
-91.77762      30.98694
-91.77078      31.00438
-91.76653      31.00966
-91.76096      31.01357
-91.75244      31.01635
-91.74766      31.02071
-91.74158      31.02967
-91.73281      31.03679
-91.72936      31.04106
-91.72221      31.04988
-91.71478      31.06182
-91.71164      31.07627
-91.71861      31.08565
-91.71862      31.09069
-91.70959      31.09896
-91.70616      31.10677
-91.70965      31.11409
-91.7198       31.12072
-91.72223      31.12644
-91.71299      31.15144
-91.70875      31.16016
-91.7045       31.16429
-91.69596      31.16431
-91.68743      31.16639
-91.68297      31.1868
-91.68405      31.19115
-91.69289      31.19961
-91.70064      31.20349
-91.70784      31.20371
-91.71903      31.19933
-91.72624      31.19839
-91.73265      31.20159
-91.74066      31.20294
-91.74256      31.20798
-91.74577      31.21095
-91.74939      31.21289
-91.75512      31.21597
-91.78744      31.21841
-91.81341      31.23758
-91.81719      31.24582
-91.8338       31.25769
-91.84022      31.26133
-91.8445       31.26155
-91.84823      31.25993
-91.85223      31.26061
-91.86704      31.2736
-91.86913      31.27545
-91.87825      31.28138
-91.90154      31.29138
-91.91278      31.29409
-91.92371      31.29244
-91.93785      31.27813
-91.93939      31.2732
-91.94011      31.26511
-91.93494      31.2484
-91.93008      31.23971
-91.92015      31.23012
-91.92387      31.22576
-91.93294      31.22595
-91.93746      31.22319
-91.94466      31.22247
-91.94922      31.22497
-91.95246      31.2316
-91.95725      31.22998
-91.96257      31.22561
-91.97881      31.21936
-91.9975       31.21951
-92.00715      31.22611
-92.01088      31.22541
-92.01593      31.22287
-92.02228      31.21321
-92.02945      31.20906
-92.03036      31.20576
-92.03284      31.19666
-92.04027      31.1909
-92.04959      31.18788
-92.05531      31.19706
-92.06699      31.19536
-92.06914      31.19787
-92.07529      31.2006
-92.08496      31.2088
-92.08821      31.21359
-92.0992       31.2211
-92.11388      31.22034
-92.11759      31.2178
-92.1202       31.21023
-92.12418      31.207
-92.126        31.20708
-92.13346      31.19916
-92.14955      31.19363
-92.15631      31.18643
-92.16322      31.18204
-92.16765      31.16941
-92.18015      31.16499
-92.18572      31.16106
-92.19278      31.14314
-92.19137      31.1349
-92.19265      31.12871
-92.19902      31.12523
-92.21118      31.1121
-92.21847      31.11206
-92.22211      31.11203
-92.22721      31.11498
-92.23126      31.12046
-92.23346      31.12893
-92.22771      31.14203
-92.22908      31.14637
-92.23653      31.14541
-92.24581      31.13802
-92.26342      31.13998
-92.26594      31.15326
-92.26445      31.16518
-92.27471      31.17887
-92.28569      31.17701
-92.29576      31.1753
-92.29925      31.17757
-92.29957      31.18307
-92.30298      31.18807
-92.32906      31.19824
-92.35589      31.21364
-92.36183      31.22002
-92.36296      31.22551
-92.35956      31.23264
-92.35082      31.24072
-92.3679       31.25004
-92.37901      31.25611
-92.39521      31.27364
-92.39639      31.28395
-92.39857      31.28828
-92.41195      31.29117
-92.42778      31.29816
-92.43801      31.30473
-92.44867      31.3278
-92.45036      31.33603
-92.45388      31.33967
-92.45537      31.33972
-92.46537      31.34005
-92.47169      31.33221
-92.47597      31.33149
-92.48212      31.33304
-92.48915      31.33986
-92.49326      31.34854
-92.49568      31.34967
-92.51144      31.35
-92.54874      31.36231
-92.56609      31.38279
-92.56985      31.38436
-92.57112      31.38404
-92.57358      31.38341
-92.57696      31.37514
-92.58014      31.37374
-92.58789      31.37321
-92.60691      31.37672
-92.61408      31.37231
-92.61968      31.37157
-92.62586      31.37404
-92.63422      31.38015
-92.63292      31.38291
-92.6351       31.38633
-92.64128      31.3888
-92.65809      31.38682
-92.66402      31.38974
-92.6676       31.39842
-92.67081      31.39816
-92.67396      31.39423
-92.67796      31.39282
-92.68575      31.39596
-92.69034      31.3989
-92.69172      31.40232
-92.6891       31.4067
-92.67852      31.41367
-92.67879      31.41619
-92.68257      31.41805
-92.68929      31.42136
-92.69041      31.42456
-92.68787      31.43467
-92.68336      31.43837
-92.68447      31.44088
-92.68689      31.44178
-92.70191      31.44508
-92.70411      31.44941
-92.70614      31.46153
-92.70592      31.46497
-92.69553      31.46896
-92.69291      31.47242
-92.69374      31.47471
-92.70049      31.47991
-92.70089      31.4893
-92.7093       31.4977
-92.71992      31.51227
-92.76053      31.54534
-92.763        31.54989
-92.76119      31.55403
-92.76256      31.55677
-92.7704       31.56196
-92.78236      31.57422
-92.80486      31.59324
-92.82042      31.59783
-92.82288      31.59856
-92.85136      31.604
-92.86159      31.60779
-92.87349      31.61523
-92.88821      31.61438
-92.89928      31.62
-92.90342      31.62751
-92.90736      31.6403
-92.90116      31.65548
-92.90418      31.66049
-92.91562      31.66093
-92.91813      31.66103
-92.92381      31.66395
-92.93225      31.67279
-92.94779      31.67216
-92.95291      31.67371
-92.96104      31.67981
-92.96352      31.68367
-92.96271      31.70017
-92.96416      31.70703
-92.96989      31.71361
-92.97158      31.7184
-92.96872      31.74134
-92.96938      31.74935
-92.97339      31.74839
-92.97633      31.74552
-92.97739      31.74449
-92.97871      31.73883
-92.97652      31.72567
-92.97861      31.72245
-92.98344      31.72216
-92.98589      31.7242
-92.99358      31.73534
-92.99762      31.73666
-93.00884      31.73402
-93.01422      31.7351
-93.01833      31.739
-93.02049      31.74543
-93.01571      31.7635
-93.01841      31.77238
-93.02733      31.78167
-93.03882      31.78832
-93.04395      31.79729
-93.04004      31.80443
-93.04119      31.809
-93.04498      31.81079
-93.05305      31.81138
-93.06402      31.8092
-93.07101      31.8098
-93.0883       31.81692
-93.09106      31.82147
-93.08978      31.82424
-93.08028      31.82867
-93.08137      31.83556
-93.09762      31.84384
-93.10547      31.84741
-93.11328      31.84846
-93.11799      31.84199
-93.12365      31.84261
-93.12799      31.84988
-93.12864      31.86123
-93.11732      31.86536
-93.11498      31.86928
-93.1194       31.87656
-93.12677      31.88311
-93.13572      31.88804
-93.14261      31.88246
-93.15723      31.87426
-93.16288      31.87442
-93.16751      31.8778
-93.17093      31.88225
-93.18236      31.89708
-93.19037      31.89409
-93.19469      31.88112
-93.19707      31.87858
-93.20241      31.87668
-93.20701      31.87868
-93.21416      31.88821
-93.21989      31.89271
-93.23179      31.89714
-93.24161      31.90549
-93.25594      31.92431
-93.26166      31.92836
-93.26729      31.92682
-93.26781      31.92667
-93.2851       31.91729
-93.28779      31.91748
-93.29003      31.92226
-93.28489      31.93515
-93.28631      31.93857
-93.29252      31.94055
-93.29946      31.93725
-93.30994      31.93734
-93.31377      31.94095
-93.31574      31.94527
-93.31235      31.95238
-93.31357      31.95869
-93.31643      31.96147
-93.31766      31.96174
-93.32812      31.96022
-93.34089      31.96715
-93.3431       31.97032
-93.34208      31.97308
-93.33258      31.98191
-93.33076      31.98606
-93.33164      31.98902
-93.33949      31.98896
-93.33654      31.99262
-93.33064      31.99316
-93.32712      31.99183
-93.32543      31.98842
-93.33062      31.97874
-93.33747      31.97131
-93.33634      31.96835
-93.33199      31.96612
-93.31748      31.96609
-93.31314      31.96431
-93.30879      31.95985
-93.30811      31.95453
-93.31064      31.9458
-93.30869      31.94262
-93.30357      31.94154
-93.29502      31.94463
-93.28964      31.94448
-93.28531      31.94247
-93.28111      31.93383
-93.28152      31.9327
-93.28469      31.92393
-93.28066      31.92376
-93.27379      31.93026
-93.26202      31.93316
-93.25824      31.93252
-93.24172      31.91121
-93.227        31.89949
-93.21318      31.89257
-93.20332      31.88262
-93.19985      31.88381
-93.1944       31.89441
-93.18838      31.89867
-93.18484      31.90117
-93.18137      31.90167
-93.17811      31.90011
-93.17313      31.89216
-93.16166      31.88154
-93.15574      31.88069
-93.13764      31.89053
-93.13229      31.89151
-93.11759      31.88047
-93.11148      31.86863
-93.11484      31.86172
-93.12366      31.85926
-93.12494      31.85747
-93.1223       31.84789
-93.12105      31.84745
-93.11626      31.85207
-93.11576      31.85255
-93.1112       31.85238
-93.09609      31.84798
-93.0782       31.8388
-93.07518      31.83449
-93.07584      31.82893
-93.08527      31.8216
-93.08134      31.81792
-93.07378      31.81503
-93.0437       31.8147
-93.03854      31.81109
-93.03605      31.80608
-93.03885      31.79712
-93.03021      31.78985
-93.01844      31.77994
-93.01265      31.77042
-93.01279      31.75818
-93.01604      31.74502
-93.01266      31.73787
-93.00489      31.73841
-93.00038      31.74144
-92.99475      31.74173
-92.98355      31.72903
-92.98147      31.72995
-92.98238      31.74148
-92.9796       31.75084
-92.97828      31.752
-92.96914      31.75141
-92.96866      31.75416
-92.96342      31.74575
-92.96375      31.73999
-92.96511      31.71641
-92.95824      31.70618
-92.95734      31.69978
-92.95906      31.68968
-92.95655      31.68375
-92.94894      31.67742
-92.94356      31.67633
-92.93557      31.6794
-92.9302       31.67877
-92.92016      31.67063
-92.91313      31.66727
-92.90402      31.66736
-92.89809      31.66491
-92.89587      31.65966
-92.89658      31.65573
-92.90031      31.6351
-92.89914      31.62801
-92.89425      31.62348
-92.88669      31.61967
-92.87435      31.61911
-92.85252      31.6104
-92.80493      31.59874
-92.79493      31.59219
-92.79017      31.5874
-92.76994      31.56701
-92.75805      31.55933
-92.75414      31.54769
-92.74814      31.53973
-92.73542      31.52977
-92.72571      31.52436
-92.69822      31.49172
-92.69661      31.4898
-92.69518      31.48271
-92.68999      31.47497
-92.68887      31.47017
-92.69122      31.46671
-92.70108      31.46341
-92.70312      31.4595
-92.70164      31.45429
-92.69605      31.44696
-92.6813       31.44389
-92.67882      31.4391
-92.67985      31.43497
-92.68488      31.43171
-92.68561      31.42552
-92.67589      31.41874
-92.67367      31.41234
-92.68691      31.40283
-92.68474      31.39987
-92.68327      31.39942
-92.67883      31.39809
-92.66929      31.40482
-92.66499      31.40302
-92.66089      31.39618
-92.65468      31.3912
-92.6341       31.39207
-92.63059      31.38935
-92.62756      31.38181
-92.62351      31.37864
-92.616        31.37641
-92.60458      31.3827
-92.59707      31.38047
-92.58502      31.37942
-92.58183      31.38083
-92.57552      31.3889
-92.57018      31.38963
-92.56486      31.38797
-92.56374      31.38762
-92.55017      31.37055
-92.54262      31.36511
-92.52569      31.35768
-92.49386      31.35495
-92.47951      31.33811
-92.47389      31.33769
-92.46756      31.34461
-92.45955      31.34582
-92.44749      31.34316
-92.44494      31.32897
-92.44169      31.32556
-92.43865      31.3155
-92.4327       31.30821
-92.42963      31.30603
-92.42085      31.29981
-92.39674      31.29219
-92.39296      31.28878
-92.39101      31.28077
-92.37209      31.25845
-92.36271      31.25485
-92.35758      31.24892
-92.34872      31.24394
-92.34391      31.24305
-92.34148      31.23986
-92.35552      31.22991
-92.35786      31.22562
-92.35814      31.22508
-92.3557       31.22052
-92.32829      31.20099
-92.30694      31.19388
-92.29829      31.18904
-92.29314      31.18036
-92.28462      31.18317
-92.27502      31.18391
-92.26939      31.1812
-92.26428      31.17573
-92.2591       31.16338
-92.25998      31.15365
-92.26007      31.15261
-92.25759      31.14345
-92.25304      31.14188
-92.24745      31.14306
-92.23686      31.1516
-92.23234      31.15346
-92.22377      31.1503
-92.22078      31.14367
-92.22628      31.13057
-92.22513      31.12141
-92.22109      31.11685
-92.21734      31.11596
-92.21284      31.11874
-92.20624      31.12771
-92.1975       31.13487
-92.19891      31.14425
-92.19603      31.15091
-92.19054      31.16356
-92.18498      31.16886
-92.17645      31.17005
-92.17194      31.1726
-92.16881      31.18247
-92.14627      31.19909
-92.12766      31.20789
-92.11843      31.22284
-92.09949      31.22546
-92.09316      31.22305
-92.09174      31.22251
-92.0791       31.2102
-92.06624      31.20247
-92.06009      31.20181
-92.05718      31.20435
-92.05158      31.2046
-92.04923      31.19463
-92.04481      31.19157
-92.03658      31.19825
-92.03242      31.21363
-92.0271       31.21617
-92.01836      31.22675
-92.00825      31.23161
-92.00398      31.23208
-91.99862      31.22821
-91.99569      31.22914
-91.99327      31.22663
-91.97404      31.2251
-91.96259      31.22996
-91.95116      31.23711
-91.94688      31.23621
-91.94044      31.22982
-91.9303       31.23078
-91.92951      31.23307
-91.93542      31.23809
-91.94082      31.24953
-91.94544      31.26372
-91.94444      31.27357
-91.94207      31.2778
-91.93594      31.28667
-91.93543      31.28707
-91.92399      31.29611
-91.91066      31.29868
-91.90371      31.29733
-91.87426      31.28437
-91.86112      31.27456
-91.84506      31.26751
-91.83438      31.26731
-91.82905      31.26962
-91.8256       31.27375
-91.82456      31.2788
-91.82752      31.28544
-91.83221      31.28722
-91.83528      31.28839
-91.84918      31.28995
-91.86633      31.30158
-91.87121      31.31417
-91.87178      31.3215
-91.85964      31.35894
-91.85439      31.36784
-91.8464       31.37382
-91.83946      31.3766
-91.83102      31.3765
-91.82342      31.37642
-91.8087       31.37371
-91.79079      31.37445
-91.78442      31.3834
-91.78523      31.38592
-91.78952      31.38751
-91.8069       31.38838
-91.82992      31.3945
-91.83984      31.39859
-91.85353      31.41069
-91.85786      31.42007
-91.85818      31.42221
-91.86422      31.46221
-91.86162      31.47642
-91.85315      31.4934
-91.84728      31.49686
-91.83391      31.49942
-91.82881      31.4976
-91.82048      31.48938
-91.81271      31.48894
-91.79833      31.49211
-91.79267      31.49335
-91.78626      31.49795
-91.78309      31.50644
-91.78206      31.51538
-91.78398      31.52682
-91.80119      31.54304
-91.82456      31.55878
-91.83074      31.56449
-91.82633      31.59291
-91.82608      31.59343
-91.81598      31.61355
-91.81012      31.62021
-91.80935      31.62732
-91.81448      31.63578
-91.81111      31.63816
-91.80623      31.64693
-91.81028      31.65457
-91.80255      31.6649
-91.80258      31.66902
-91.805        31.67314
-91.81197      31.6722
-91.81386      31.67563
-91.81227      31.68045
-91.80801      31.68527
-91.80118      31.71621
-91.80901      31.72787
-91.80742      31.73108
-91.79322      31.73616
-91.7928       31.73677
-91.79082      31.7396
-91.79809      31.74576
-91.80588      31.74574
-91.81552      31.74342
-91.81774      31.75922
-91.81326      31.77549
-91.80736      31.7778
-91.79556      31.77714
-91.791        31.77922
-91.78672      31.78427
-91.78598      31.79641
-91.78738      31.80854
-91.79414      31.82135
-91.79526      31.83188
-91.79421      31.83509
-91.79179      31.83578
-91.78936      31.8319
-91.78878      31.82045
-91.78662      31.81931
-91.78093      31.80741
-91.77982      31.79963
-91.78094      31.78448
-91.78669      31.77557
-91.79231      31.7728
-91.80921      31.77115
-91.81268      31.76794
-91.81127      31.75237
-91.80589      31.75009
-91.79758      31.75035
-91.7871       31.74671
-91.78385      31.74031
-91.78571      31.73526
-91.79856      31.72996
-91.80096      31.72674
-91.79581      31.71393
-91.79899      31.70591
-91.79962      31.70239
-91.80369      31.67979
-91.79747      31.66766
-91.80279      31.6578
-91.80357      31.65299
-91.8022       31.64749
-91.80389      31.64252
-91.80964      31.63488
-91.80588      31.63031
-91.80424      31.62481
-91.82044      31.59384
-91.82489      31.57207
-91.82366      31.56574
-91.82324      31.56359
-91.78141      31.5314
-91.77538      31.51791
-91.78011      31.49866
-91.78224      31.49544
-91.78571      31.492
-91.80039      31.48509
-91.80271      31.48094
-91.79902      31.47323
-91.79363      31.46929
-91.78185      31.4675
-91.76687      31.46708
-91.75428      31.46505
-91.73074      31.46579
-91.72484      31.46306
-91.7184       31.45482
-91.71622      31.44521
-91.7186       31.43787
-91.72152      31.43465
-91.7266       31.43166
-91.73195      31.43119
-91.74529      31.42584
-91.75449      31.4252
-91.75891      31.42697
-91.77825      31.43476
-91.80088      31.43414
-91.80548      31.43578
-91.81009      31.44267
-91.81012      31.45046
-91.82197      31.48466
-91.82368      31.48662
-91.82796      31.48592
-91.82905      31.49119
-91.83576      31.49483
-91.84405      31.49389
-91.84805      31.49181
-91.85006      31.48921
-91.85124      31.48768
-91.85883      31.45444
-91.85441      31.42535
-91.84819      31.413
-91.83879      31.40455
-91.82378      31.39772
-91.80479      31.39297
-91.79977      31.3927
-91.78847      31.3921
-91.78418      31.38959
-91.77979      31.38378
-91.77906      31.38021
-91.78064      31.37402
-91.78544      31.37171
-91.79559      31.37008
-91.83462      31.37272
-91.83943      31.37179
-91.84663      31.36764
-91.85569      31.35826
-91.86108      31.34478
-91.86299      31.33517
-91.86668      31.31671
-91.86262      31.30595
-91.85859      31.30253
-91.84974      31.29682
-91.82622      31.29117
-91.82084      31.28568
-91.81788      31.27951
-91.8184       31.27492
-91.82609      31.26619
-91.82848      31.26091
-91.82739      31.25679
-91.81882      31.252
-91.80853      31.24302
-91.79791      31.23373
-91.77998      31.22393
-91.75862      31.22215
-91.74713      31.21851
-91.7375       31.21326
-91.72759      31.20412
-91.71959      31.2046
-91.70974      31.21081
-91.68221      31.19964
-91.67873      31.19643
-91.67469      31.18636
-91.67945      31.1726
-91.68075      31.16297
-91.68314      31.16021
-91.70022      31.16018
-91.70421      31.15742
-91.71108      31.14228
-91.7145       31.12921
-91.71369      31.12646
-91.70621      31.12029
-91.70004      31.10953
-91.69921      31.1038
-91.70132      31.09898
-91.71276      31.08956
-91.70659      31.08155
-91.70734      31.06504
-91.6138       31.06774
-91.60822      31.07126
-91.60688      31.07211
-91.5997       31.07991
-91.60052      31.0838
-91.61068      31.09342
-91.61923      31.10464
-91.62863      31.12731
-91.6308       31.13854
-91.62841      31.14496
-91.61963      31.15139
-91.61512      31.15965
-91.609        31.16585
-91.6029       31.17708
-91.60254      31.17961
-91.60054      31.19428
-91.60216      31.20069
-91.61205      31.20938
-91.62169      31.2222
-91.64924      31.23889
-91.65219      31.24301
-91.65169      31.25538
-91.64479      31.26639
-91.62562      31.27512
-91.60129      31.27586
-91.57429      31.26742
-91.55694      31.26629
-91.53346      31.27319
-91.52412      31.27916
-91.51905      31.28443
-91.51294      31.2991
-91.51176      31.30905
-91.51155      31.31086
-91.50978      31.32592
-91.50712      31.336
-91.49194      31.36213
-91.48904      31.36598
-91.47967      31.37841
-91.47594      31.38757
-91.48211      31.4004
-91.48452      31.41048
-91.48748      31.41437
-91.49951      31.41689
-91.50179      31.41893
-91.51639      31.432
-91.52149      31.44574
-91.52205      31.4549
-91.51861      31.47392
-91.51785      31.50027
-91.5162       31.50349
-91.51172      31.51219
-91.50642      31.51751
-91.50564      31.51765
-91.49541      31.52365
-91.48756      31.52702
-91.47722      31.53145
-91.45233      31.53834
-91.43708      31.54888
-91.42558      31.55392
-91.41942      31.55942
-91.41488      31.56744
-91.40391      31.59172
-91.40607      31.60423
-91.40629      31.6055
-91.40688      31.6089
-91.40599      31.61479
-91.40594      31.61611
-91.40562      31.61651
-91.39779      31.63845
-91.39862      31.68151
-91.39634      31.69864
-91.39341      31.72067
-91.39222      31.72961
-91.38892      31.73899
-91.38044      31.76304
-91.374        31.77152
-91.36542      31.77907
-91.36166      31.78709
-91.35925      31.80793
-91.35309      31.82579
-91.34799      31.8338
-91.33072      31.85133
-91.32974      31.85234
-91.32114      31.85692
-91.31012      31.85989
-91.30046      31.86538
-91.26984      31.8736
-91.25856      31.87359
-91.26448      31.86672
-91.26072      31.86328
-91.25561      31.86419
-91.24862      31.86968
-91.23439      31.87333
-91.2195       31.88978
-91.21219      31.89784
-91.21094      31.90097
-91.19674      31.91358
-91.18996      31.96097
-91.18511      31.96989
-91.16788      31.99024
-91.16169      31.99298
-91.15711      31.9932
-91.1566       31.99079
-91.16036      31.9868
-91.15256      31.98724
-91.1426       31.98997
-91.11786      31.99176
-91.10252      31.99653
-91.09703      32
-91.09046      32.00237
-91.08009      32.01546
-91.07723      32.01906
-91.07599      32.0282
-91.07857      32.03597
-91.08394      32.05216
-91.08428      32.06152
-91.09357      32.08454
-91.10039      32.09425
-91.10748      32.12023
-91.10798      32.12275
-91.10378      32.13163
-91.09641      32.13703
-91.08746      32.14012
-91.07668      32.14067
-91.0457       32.12583
-91.03282      32.12391
-91.0311       32.12365
-91.01982      32.12686
-91.01156      32.13637
-91.00979      32.14172
-91.00871      32.14503
-91.00791      32.15957
-91.00827      32.16046
-91.00801      32.1699
-91.00789      32.17388
-91.0037       32.18207
-91.00062      32.18775
-90.99209      32.1968
-90.98761      32.20554
-90.98375      32.21306
-90.98636      32.22948
-90.98207      32.2505
-90.97951      32.26306
-90.97794      32.2659
-90.9756       32.27011
-90.96985      32.27438
-90.95026      32.28235
-90.92648      32.29998
-90.91134      32.3112
-90.90756      32.31762
-90.90546      32.32651
-90.92281      32.3335
-90.92794      32.33312
-90.93328      32.33898
-90.94233      32.34035
-90.94862      32.33914
-90.95437      32.3351
-90.99748      32.34899
-91.00093      32.3501
-91.00187      32.3505
-91.0125       32.36088
-91.01474      32.36596
-91.01534      32.36733
-91.01057      32.37735
-91.00126      32.38428
-90.99878      32.38612
-90.99749      32.3915
-90.99555      32.3996
-90.99702      32.4038
-90.99768      32.40569
-91.00506      32.41141
-91.00663      32.41441
-91.01362      32.41611
-91.01601      32.4189
-91.03429      32.42418
-91.06346      32.43489
-91.07851      32.44041
-91.10006      32.45551
-91.11542      32.469
-91.11854      32.47638
-91.12124      32.49245
-91.12054      32.50138
-91.11134      32.5173
-91.10534      32.53487
-91.10526      32.53548
-91.10409      32.54448
-91.10791      32.55827
-91.11895      32.5772
-91.1248       32.58323
-91.13878      32.58983
-91.1476       32.59658
-91.15418      32.60812
-91.16538      32.64434
-91.16599      32.64631
-91.16659      32.6596
-91.16476      32.67081
-91.15925      32.67647
-91.15379      32.67893
-91.14375      32.67857
-91.12188      32.67326
-91.10761      32.67648
-91.08731      32.68107
-91.08072      32.68511
-91.07352      32.69327
-91.06891      32.70439
-91.06672      32.70968
-91.06151      32.71259
-91.05842      32.71827
-91.06025      32.72242
-91.06209      32.72335
-91.06778      32.72619
-91.07971      32.7268
-91.09348      32.73065
-91.14344      32.72876
-91.15262      32.73139
-91.16392      32.73703
-91.17008      32.74169
-91.17079      32.74789
-91.16479      32.74919
-91.15473      32.76671
-91.15182      32.77768
-91.14655      32.78426
-91.14282      32.7959
-91.14322      32.81997
-91.13538      32.83408
-91.12241      32.84538
-91.11962      32.84947
-91.11267      32.85856
-91.10447      32.86606
-91.08297      32.87789
-91.07051      32.89079
-91.06932      32.89605
-91.06831      32.90703
-91.07028      32.92152
-91.07514      32.92883
-91.08498      32.93559
-91.09326      32.94128
-91.09733      32.94202
-91.13167      32.95414
-91.14795      32.95641
-91.15986      32.94418
-91.16836      32.94061
-91.18576      32.94106
-91.19089      32.94364
-91.20081      32.95224
-91.20289      32.95753
-91.19949      32.96575
-91.18981      32.97308
-91.18847      32.9741
-91.19714      32.96022
-91.19667      32.95585
-91.19076      32.95097
-91.18292      32.94813
-91.17504      32.94757
-91.16794      32.94886
-91.16294      32.95242
-91.15748      32.9563
-91.16092      32.97058
-91.16238      32.97662
-91.16612      32.99216
-91.16626      33.00019
-91.16262      33.0119
-91.16193      33.01412
-91.16634      33.04397
-91.1632       33.05196
-91.16633      33.06048
-91.16773      33.07402
-91.15748      33.10003
-91.15339      33.11556
-91.1409       33.12871
-91.12594      33.14228
-91.11829      33.14287
-91.11197      33.14577
-91.10212      33.14702
-91.09438      33.15357
-91.08958      33.16222
-91.08652      33.18052
-91.0904       33.18943
-91.10016      33.21187
-91.11508      33.2327
-91.12376      33.25092
-91.13046      33.25857
-91.13856      33.26348
-91.14876      33.2737
-91.16299      33.29073
-91.16448      33.29251
-91.16814      33.29524
-91.18395      33.30966
-91.1858       33.31335
-91.18494      33.31563
-91.18163      33.3172
-91.17921      33.31511
-91.17621      33.31484
-91.16908      33.33218
-91.15791      33.34649
-91.15407      33.34713
-91.14851      33.35188
-91.14609      33.34932
-91.14071      33.35099
-91.13396      33.3556
-91.13219      33.35804
-91.12836      33.36332
-91.12388      33.38459
-91.11831      33.42071
-91.11794      33.42315
-91.11647      33.43265
-91.1173       33.4403
-91.11906      33.45653
-91.12317      33.47194
-91.12774      33.47635
-91.15224      33.48468
-91.16065      33.48983
-91.16152      33.4907
-91.16576      33.49494
-91.18232      33.50362
-91.20983      33.52197
-91.21592      33.52603
-91.22698      33.53739
-91.2381       33.56114
-91.23525      33.56776
-91.23054      33.57068
-91.21734      33.57329
-91.20391      33.57359
-91.19214      33.57207
-91.185        33.57313
-91.17726      33.57648
-91.17737      33.58634
-91.17049      33.59654
-91.16893      33.59885
-91.16476      33.61783
-91.1657       33.62725
-91.16179      33.63156
-91.19294      33.65555
-91.20141      33.65749
-91.20748      33.65595
-91.21405      33.65672
-91.22436      33.6644
-91.22625      33.6658
-91.22867      33.66904
-91.22911      33.67243
-91.23046      33.68279
-91.23055      33.68357
-91.23098      33.68685
-91.22981      33.69284
-91.22842      33.69572
-91.22293      33.70062
-91.21436      33.70419
-91.21072      33.70458
-91.20088      33.70564
-91.17864      33.70537
-91.16956      33.70687
-91.16207      33.71114
-91.15225      33.72317
-91.14443      33.74624
-91.13461      33.75827
-91.12373      33.76731
-91.1053       33.77675
-91.09489      33.78209
-91.07702      33.78209
-91.07288      33.78341
-91.06416      33.79431
-91.06622      33.80121
-91.07194      33.80404
-91.07744      33.80411
-91.09832      33.78947
-91.10358      33.7877
-91.11068      33.79054
-91.11363      33.79448
-91.11438      33.7993
-91.11024      33.81531
-91.11376      33.81879
-91.11643      33.81984
-91.11922      33.82092
-91.12663      33.82124
-91.14191      33.81249
-91.14792      33.81462
-91.14814      33.83389
-91.14005      33.84022
-91.12624      33.84326
-91.12838      33.84695
-91.14636      33.85749
-91.14654      33.86277
-91.13453      33.87271
-91.13278      33.8782
-91.12801      33.88341
-91.12881      33.88549
-91.14666      33.88731
-91.14938      33.88941
-91.1501       33.89515
-91.13908      33.91153
-91.14006      33.91865
-91.14304      33.92144
-91.15016      33.92405
-91.17707      33.92804
-91.17807      33.93402
-91.17606      33.93881
-91.17074      33.9438
-91.17119      33.9493
-91.17499      33.95325
-91.18238      33.95563
-91.19218      33.95488
-91.20247      33.9541
-91.21016      33.95707
-91.21562      33.96107
-91.21988      33.97029
-91.22369      33.97332
-91.22974      33.97384
-91.2339       33.97206
-91.26014      33.95034
-91.26513      33.94125
-91.27336      33.93849
-91.28021      33.94108
-91.28658      33.94581
-91.29369      33.95773
-91.29321      33.96059
-91.29019      33.96056
-91.28985      33.9597
-91.28772      33.95443
-91.28096      33.94682
-91.27414      33.94315
-91.26937      33.94489
-91.26538      33.95017
-91.26559      33.95407
-91.28406      33.97102
-91.29041      33.97017
-91.30798      33.95591
-91.31602      33.95256
-91.32374      33.95149
-91.35621      33.95435
-91.35923      33.95462
-91.36496      33.95858
-91.3673       33.96778
-91.3628       33.97438
-91.35809      33.97617
-91.33626      33.98007
-91.3227       33.98428
-91.31969      33.98287
-91.32001      33.98035
-91.32391      33.97719
-91.34383      33.9712
-91.35459      33.9704
-91.3593       33.96861
-91.36017      33.96564
-91.35693      33.96102
-91.34184      33.95742
-91.33815      33.95707
-91.33111      33.95639
-91.31647      33.95944
-91.30788      33.96256
-91.30117      33.96868
-91.31524      33.98512
-91.3332       34.00045
-91.34258      34.00009
-91.35286      33.99423
-91.37127      33.97929
-91.38071      33.97411
-91.38183      33.97383
-91.38956      33.97191
-91.39451      33.97241
-91.39722      33.97497
-91.39924      33.98044
-91.40365      34.00165
-91.40789      34.00563
-91.42671      34.01444
-91.43856      34.02783
-91.4442       34.06534
-91.4477       34.07156
-91.45835      34.07946
-91.47292      34.0835
-91.47871      34.08378
-91.51273      34.07676
-91.51714      34.07749
-91.52261      34.08097
-91.52749      34.08744
-91.53922      34.09786
-91.55461      34.10304
-91.55876      34.10216
-91.57706      34.09117
-91.58322      34.08746
-91.58848      34.08613
-91.59454      34.08664
-91.60031      34.08899
-91.60686      34.09409
-91.60979      34.10374
-91.61951      34.12217
-91.62826      34.12889
-91.64366      34.13521
-91.66143      34.15003
-91.68313      34.16296
-91.68365      34.16327
-91.70126      34.16983
-91.71039      34.16783
-91.7297       34.1698
-91.75434      34.16287
-91.77092      34.16115
-91.77808      34.1635
-91.78301      34.16766
-91.78693      34.19154
-91.79162      34.19248
-91.80085      34.19849
-91.80836      34.20337
-91.82739      34.20831
-91.84008      34.20954
-91.85356      34.21765
-91.87228      34.22442
-91.88941      34.22635
-91.89432      34.23235
-91.90451      34.23722
-91.90891      34.24115
-91.91354      34.24874
-91.91622      34.25931
-91.91613      34.26355
-91.91579      34.2788
-91.91769      34.28294
-91.92346      34.28779
-91.93922      34.28902
-91.94089      34.28766
-91.94428      34.27758
-91.94404      34.25862
-91.9598       34.23592
-91.96816      34.22725
-91.97783      34.22661
-91.9872       34.2301
-91.98804      34.23115
-91.98939      34.23286
-91.98936      34.23699
-91.98182      34.24796
-91.98148      34.2569
-91.98474      34.26518
-91.99789      34.28267
-92.00112      34.2953
-92.00662      34.29992
-92.01768      34.30135
-92.02789      34.30461
-92.04991      34.32145
-92.05637      34.32506
-92.05901      34.32654
-92.07519      34.35069
-92.07569      34.35941
-92.07201      34.37476
-92.07274      34.38899
-92.07795      34.39864
-92.08348      34.40234
-92.10586      34.40862
-92.11442      34.41439
-92.1239       34.42354
-92.12575      34.42532
-92.12802      34.44323
-92.12591      34.44521
-92.12139      34.44619
-92.11653      34.45313
-92.11378      34.46057
-92.11494      34.4658
-92.12089      34.47254
-92.12749      34.47555
-92.14393      34.48756
-92.14809      34.49305
-92.14786      34.48385
-92.15208      34.48139
-92.15538      34.48314
-92.15622      34.4906
-92.15462      34.50526
-92.14916      34.51344
-92.13102      34.52841
-92.12738      34.53142
-92.1243       34.53577
-92.12676      34.54312
-92.13392      34.55255
-92.15636      34.55837
-92.16687      34.56597
-92.16907      34.57126
-92.16848      34.57676
-92.15841      34.5937
-92.15587      34.60241
-92.15667      34.60792
-92.17129      34.627
-92.17791      34.63758
-92.17454      34.64537
-92.16531      34.65703
-92.16099      34.68913
-92.15721      34.69851
-92.15107      34.70403
-92.14798      34.70955
-92.14916      34.7146
-92.15464      34.71714
-92.16563      34.71719
-92.18539      34.7216
-92.18637      34.72181
-92.19185      34.72436
-92.19556      34.72825
-92.20153      34.738
-92.207        34.74205
-92.21309      34.74409
-92.21982      34.74311
-92.24914      34.74473
-92.26622      34.74731
-92.28278      34.75533
-92.28918      34.75535
-92.29751      34.75812
-92.29948      34.76027
-92.30555      34.76686
-92.31745      34.78753
-92.33471      34.78527
-92.3464       34.78599
-92.37671      34.79407
-92.38309      34.79913
-92.38891      34.81428
-92.39725      34.81888
-92.41228      34.82096
-92.41299      34.82121
-92.42313      34.82465
-92.43426      34.83177
-92.44565      34.84922
-92.45484      34.84762
-92.4668       34.86025
-92.47124      34.87241
-92.4598       34.89144
-92.45894      34.90521
-92.46172      34.91186
-92.4664       34.91792
-92.48177      34.9378
-92.48873      34.94148
-92.51354      34.94402
-92.55592      34.95321
-92.56931      34.95825
-92.59441      34.97569
-92.59665      34.9828
-92.60726      34.99748
-92.60761      35
 1             1             2 
1
 -9999.0   ,   9990.0
   7
 6 
-92.48817      34.94607
-92.48789      34.94882
-92.49179      34.95157
-92.49959      34.95181
-92.50657      34.9486
-92.48817      34.94607
 1             1             3 
1
 -9999.0   ,   9990.0
   7
 8 
-90.25526      34.89445
-90.24809      34.90119
-90.24912      34.9042
-90.25836      34.90277
-90.26983      34.89508
-90.27208      34.89087
-90.26708      34.89032
-90.25526      34.89445
 1             1             4 
1
 -9999.0   ,   9990.0
   7
 8 
-92.11928      34.54468
-92.11803      34.5477
-92.11982      34.55375
-92.12466      34.55831
-92.13077      34.55733
-92.13201      34.55431
-92.12778      34.54875
-92.11928      34.54468
 1             1             5 
1
 -9999.0   ,   9990.0
   7
 9 
-90.56831      34.53684
-90.56808      34.53008
-90.56422      34.52887
-90.55089      34.54057
-90.55054      34.54355
-90.56212      34.55797
-90.56472      34.5503
-90.56841      34.53949
-90.56831      34.53684
 1             1             6 
1
 -9999.0   ,   9990.0
   7
 8 
-92.10592      34.46526
-92.10637      34.44736
-92.10038      34.4446
-92.08264      34.4465
-92.07961      34.4512
-92.08076      34.45618
-92.09873      34.46398
-92.10592      34.46526
 1             1             7 
1
 -9999.0   ,   9990.0
   7
 8 
-90.57837      34.41601
-90.57118      34.42666
-90.57211      34.43402
-90.57504      34.43912
-90.58031      34.44039
-90.58175      34.42501
-90.57982      34.41986
-90.57837      34.41601
 1             1             8 
1
 -9999.0   ,   9990.0
   7
 12 
-90.75471      34.2681
-90.74961      34.26623
-90.74351      34.26728
-90.73339      34.27446
-90.73078      34.2797
-90.72652      34.28468
-90.72587      34.28903
-90.72784      34.29984
-90.73666      34.31306
-90.74025      34.31357
-90.75522      34.27527
-90.75471      34.2681
 1             1             9 
1
 -9999.0   ,   9990.0
   7
 14 
-91.98506      34.27511
-91.97421      34.25464
-91.97374      34.25005
-91.98086      34.23927
-91.97992      34.23343
-91.97541      34.23216
-91.96736      34.23461
-91.95723      34.24496
-91.94798      34.2678
-91.94941      34.27573
-91.95546      34.27285
-91.96501      34.27166
-91.9776       34.27383
-91.98506      34.27511
 1             1             10 
1
 -9999.0   ,   9990.0
   7
 9 
-91.79961      34.20224
-91.79363      34.19803
-91.79062      34.19759
-91.79059      34.2005
-91.79919      34.20951
-91.8025       34.21045
-91.80611      34.2091
-91.80608      34.20603
-91.79961      34.20224
 1             1             11 
1
 -9999.0   ,   9990.0
   7
 16 
-90.88045      34.07757
-90.87922      34.08329
-90.88106      34.08813
-90.88489      34.08956
-90.88932      34.08871
-90.89631      34.08422
-90.89799      34.08287
-90.90682      34.08277
-90.90742      34.08071
-90.90729      34.07969
-90.90576      34.06761
-90.90034      34.06272
-90.89371      34.06308
-90.89276      34.06363
-90.88478      34.06823
-90.88045      34.07757
 1             1             12 
1
 -9999.0   ,   9990.0
   7
 10 
-91.09675      33.96892
-91.09651      33.96719
-91.0932       33.96738
-91.08909      33.97635
-91.08517      33.98494
-91.08788      33.98704
-91.09203      33.98617
-91.09622      33.98301
-91.09797      33.97799
-91.09675      33.96892
 1             1             13 
1
 -9999.0   ,   9990.0
   7
 8 
-91.15291      33.93375
-91.15351      33.9367
-91.15897      33.93998
-91.16528      33.94098
-91.17006      33.93553
-91.16873      33.93253
-91.15387      33.93189
-91.15291      33.93375
 1             1             14 
1
 -9999.0   ,   9990.0
   7
 10 
-91.04064      33.80632
-91.04214      33.80463
-91.04154      33.79934
-91.04056      33.79062
-91.03747      33.79006
-91.03492      33.79261
-91.03282      33.8045
-91.03463      33.80711
-91.03896      33.80821
-91.04064      33.80632
 1             1             15 
1
 -9999.0   ,   9990.0
   7
 18 
-91.14982      33.62522
-91.15396      33.62412
-91.15532      33.62193
-91.15819      33.6173
-91.15818      33.60193
-91.16058      33.58958
-91.16522      33.58053
-91.16534      33.57461
-91.16074      33.57798
-91.15991      33.57984
-91.15176      33.59268
-91.14513      33.59535
-91.1363       33.59845
-91.13461      33.60118
-91.13386      33.61287
-91.13721      33.6246
-91.14239      33.62719
-91.14982      33.62522
 1             1             16 
1
 -9999.0   ,   9990.0
   7
 8 
-91.18305      33.51006
-91.16479      33.5041
-91.16229      33.5059
-91.1707       33.51105
-91.1783       33.51527
-91.18649      33.51651
-91.18682      33.5133
-91.18305      33.51006
 1             1             17 
1
 -9999.0   ,   9990.0
   7
 10 
-91.15425      33.49777
-91.15534      33.49619
-91.15187      33.49064
-91.13142      33.48534
-91.13265      33.48917
-91.1335       33.49179
-91.137        33.4955
-91.14216      33.49809
-91.15393      33.49823
-91.15425      33.49777
 1             1             18 
1
 -9999.0   ,   9990.0
   7
 9 
-91.0903       33.21203
-91.09092      33.22482
-91.10371      33.258
-91.11842      33.25979
-91.11904      33.25544
-91.11167      33.23999
-91.09803      33.22119
-91.09389      33.21269
-91.0903       33.21203
 1             1             19 
1
 -9999.0   ,   9990.0
   7
 8 
-91.1062       33.1324
-91.10101      33.13325
-91.09248      33.13727
-91.0897       33.14044
-91.09047      33.1432
-91.10908      33.13954
-91.11134      33.13498
-91.1062       33.1324
 1             1             20 
1
 -9999.0   ,   9990.0
   7
 8 
-91.11049      32.84183
-91.10824      32.84391
-91.11148      32.84533
-91.1206       32.83605
-91.1256       32.82969
-91.12458      32.82601
-91.11566      32.83346
-91.11049      32.84183
 1             1             21 
1
 -9999.0   ,   9990.0
   7
 10 
-91.12805      32.66165
-91.12444      32.66665
-91.12762      32.67058
-91.1463       32.67265
-91.15119      32.67179
-91.15979      32.66067
-91.15818      32.64346
-91.15369      32.63653
-91.14576      32.64079
-91.12805      32.66165
 1             1             22 
1
 -9999.0   ,   9990.0
   7
 8 
-91.07093      32.06598
-91.07583      32.06759
-91.0757       32.05545
-91.07563      32.04881
-91.07131      32.03389
-91.0691       32.03602
-91.06536      32.05142
-91.07093      32.06598
 1             1             23 
1
 -9999.0   ,   9990.0
   7
 8 
-91.20687      31.89785
-91.20748      31.89796
-91.21098      31.89381
-91.21634      31.88743
-91.22054      31.87952
-91.21847      31.87995
-91.2049       31.8975
-91.20687      31.89785
 1             1             24 
1
 -9999.0   ,   9990.0
   7
 7 
-91.27576      31.86009
-91.27199      31.86444
-91.27441      31.86719
-91.28193      31.86559
-91.2865       31.86239
-91.28516      31.8601
-91.27576      31.86009
 1             1             25 
1
 -9999.0   ,   9990.0
   7
 10 
-91.36661      31.75083
-91.36407      31.7509
-91.36031      31.75892
-91.35951      31.7651
-91.3622       31.77106
-91.36542      31.77083
-91.36756      31.76877
-91.36917      31.76304
-91.36971      31.75709
-91.36661      31.75083
 1             1             26 
1
 -9999.0   ,   9990.0
   7
 10 
-91.37936      31.75182
-91.38338      31.73808
-91.38258      31.73682
-91.38149      31.7351
-91.37748      31.73556
-91.37479      31.73922
-91.37158      31.75068
-91.37452      31.75371
-91.3763       31.75553
-91.37936      31.75182
 1             1             27 
1
 -9999.0   ,   9990.0
   7
 24 
-91.79194      31.46595
-91.80262      31.47059
-91.80622      31.475
-91.80776      31.48162
-91.81084      31.48338
-91.81548      31.48251
-91.81702      31.47986
-91.81549      31.47369
-91.80424      31.45094
-91.80446      31.43948
-91.80234      31.43808
-91.77862      31.43936
-91.75602      31.43013
-91.75142      31.43012
-91.74811      31.43072
-91.73121      31.43375
-91.72476      31.43923
-91.72264      31.44542
-91.72292      31.45023
-91.72724      31.45984
-91.73099      31.46213
-91.75668      31.46069
-91.78129      31.46314
-91.79194      31.46595
 1             1             28 
1
 -9999.0   ,   9990.0
   7
 27 
-91.65196      30.99937
-91.64239      31.00741
-91.63468      31.00995
-91.61817      31.01112
-91.60939      31.01411
-91.59848      31.01825
-91.58438      31.02813
-91.57215      31.03869
-91.56604      31.04626
-91.56259      31.0536
-91.565        31.05979
-91.57249      31.06734
-91.58188      31.07233
-91.59143      31.0774
-91.59409      31.07625
-91.60233      31.06638
-91.60792      31.06317
-91.70892      31.06023
-91.71366      31.05223
-91.71924      31.04279
-91.74206      31.01981
-91.72099      31.01069
-91.71619      31.01001
-91.69251      31.0158
-91.68424      31.01558
-91.65649      31.00005
-91.65196      30.99937
 1             1             29 
1
 -9999.0   ,   9990.0
   7
 8 
-91.32091      30.65247
-91.32011      30.65476
-91.32382      30.65935
-91.32967      30.66142
-91.33232      30.65866
-91.32993      30.65568
-91.32542      30.65293
-91.32091      30.65247
 1             1             30 
1
 -9999.0   ,   9990.0
   7
 15 
-91.2752       30.58758
-91.28429      30.59466
-91.28933      30.60315
-91.29357      30.60682
-91.29729      30.60705
-91.30181      30.60407
-91.30738      30.59697
-91.31029      30.58734
-91.31002      30.58183
-91.30684      30.57587
-91.29995      30.57036
-91.26732      30.57033
-91.26626      30.57332
-91.26811      30.57791
-91.2752       30.58758
 1             1             31 
1
 -9999.0   ,   9990.0
   7
 41 
-91.66722      30.28986
-91.67173      30.29398
-91.67468      30.30613
-91.67232      30.31004
-91.66834      30.30959
-91.66065      30.3041
-91.65561      30.29768
-91.66061      30.29217
-91.64289      30.29312
-91.63363      30.29199
-91.62489      30.28856
-91.61534      30.27986
-91.60001      30.28172
-91.60212      30.28516
-91.613        30.29386
-91.61379      30.29526
-91.62231      30.31036
-91.63832      30.35735
-91.6495       30.37614
-91.65826      30.38209
-91.67018      30.38528
-91.67759      30.38434
-91.68182      30.38067
-91.68569      30.37444
-91.69182      30.36459
-91.6971       30.35976
-91.7045       30.35631
-91.7074       30.35286
-91.70844      30.34781
-91.70657      30.34277
-91.69966      30.33636
-91.67951      30.32333
-91.67764      30.31943
-91.67896      30.31736
-91.68505      30.31896
-91.68636      30.31414
-91.68128      30.30039
-91.67966      30.28938
-91.67726      30.28663
-91.67462      30.28618
-91.66722      30.28986
 1 
 1             2             
1
 -9999.0   ,   9990.0
   7
 35 
-92.40968      35
-92.3778       35
-92.3704       34.9941
-92.37152      34.98974
-92.37498      34.99065
-92.37849      34.99159
-92.38629      34.99687
-92.38801      34.97738
-92.38578      34.97439
-92.37854      34.96933
-92.35429      34.96562
-92.34956      34.96171
-92.35319      34.95896
-92.37103      34.96106
-92.37883      34.96475
-92.38831      34.96591
-92.39778      34.97097
-92.4003       34.96937
-92.40198      34.96386
-92.40812      34.95997
-92.41091      34.96365
-92.41146      34.96778
-92.41074      34.9683
-92.40866      34.96984
-92.40866      34.97305
-92.41229      34.97351
-92.41927      34.9671
-92.42009      34.97307
-92.41756      34.98453
-92.41449      34.98705
-92.41143      34.98246
-92.40725      34.9797
-92.40446      34.98015
-92.4011       34.98565
-92.40968      35
 1 
 1             3             
1
 -9999.0   ,   9990.0
   7
 6 
-90.19501      34.99032
-90.21162      34.99524
-90.21066      34.99912
-90.20291      34.99736
-90.19383      34.99259
-90.19501      34.99032
 1 
 1             4             
1
 -9999.0   ,   9990.0
   7
 15 
-90.18104      34.98177
-90.18928      34.9863
-90.18947      34.98929
-90.18719      34.99062
-90.17202      34.98457
-90.16479      34.98397
-90.15958      34.98111
-90.15481      34.98193
-90.14742      34.98614
-90.14055      34.99219
-90.13932      34.9862
-90.14572      34.97784
-90.15304      34.9757
-90.15918      34.97559
-90.18104      34.98177
 1 
 1             5             
1
 -9999.0   ,   9990.0
   7
 14 
-92.76956      34.96612
-92.77459      34.97231
-92.78436      34.97321
-92.78799      34.97504
-92.78855      34.97756
-92.77991      34.98148
-92.77827      34.98974
-92.76292      34.99068
-92.76179      34.9838
-92.75312      34.97555
-92.75087      34.96661
-92.75421      34.96637
-92.76064      34.96981
-92.76956      34.96612
 1 
 1             6             
1
 -9999.0   ,   9990.0
   7
 9 
-91.07841      34.96095
-91.09692      34.97014
-91.10021      34.97408
-91.09648      34.97908
-91.09143      34.98085
-91.08929      34.97601
-91.07719      34.96622
-91.07448      34.96205
-91.07841      34.96095
 1 
 1             7             
1
 -9999.0   ,   9990.0
   7
 7 
-90.23658      34.97923
-90.23375      34.98032
-90.23387      34.97632
-90.24031      34.96804
-90.24456      34.96583
-90.24558      34.96906
-90.23658      34.97923
 1 
 1             8             
1
 -9999.0   ,   9990.0
   7
 6 
-91.61098      34.96357
-91.61648      34.96995
-91.61641      34.97512
-91.61219      34.97681
-91.60814      34.96642
-91.61098      34.96357
 1 
 1             9             
1
 -9999.0   ,   9990.0
   7
 19 
-93.31104      34.94571
-93.32454      34.95229
-93.33421      34.95962
-93.33745      34.96434
-93.33878      34.97065
-93.33557      34.97067
-93.32912      34.96386
-93.32856      34.97493
-93.32408      34.97495
-93.32214      34.96823
-93.31568      34.96551
-93.32008      34.95495
-93.3079       34.95344
-93.30535      34.95503
-93.29892      34.9519
-93.29761      34.94717
-93.30036      34.94318
-93.30529      34.94435
-93.31104      34.94571
 1 
 1             10            
1
 -9999.0   ,   9990.0
   7
 14 
-91.46585      34.95737
-91.46674      34.9609
-91.45377      34.9713
-91.45094      34.9701
-91.4487       34.96149
-91.45311      34.95256
-91.45791      34.94948
-91.46643      34.95035
-91.4683       34.95232
-91.46779      34.95466
-91.45736      34.95416
-91.45299      34.96075
-91.45579      34.96312
-91.46585      34.95737
 1 
 1             11            
1
 -9999.0   ,   9990.0
   7
 33 
-93.161        34.95107
-93.1727       34.94917
-93.18218      34.94867
-93.18971      34.95
-93.19361      34.94746
-93.19667      34.9479
-93.20006      34.95408
-93.20616      34.94854
-93.21644      34.94527
-93.22119      34.94594
-93.22428      34.94798
-93.22873      34.94727
-93.23956      34.94148
-93.24959      34.94211
-93.25882      34.94481
-93.26023      34.94663
-93.26469      34.94436
-93.26116      34.95683
-93.255        34.95377
-93.25198      34.9593
-93.24809      34.96116
-93.24167      34.9605
-93.2366       34.95525
-93.23213      34.95413
-93.21264      34.95677
-93.20904      34.95976
-93.20516      34.963
-93.19846      34.96326
-93.19286      34.96031
-93.18729      34.95988
-93.18419      34.95599
-93.16549      34.95471
-93.161        34.95107
 1 
 1             12            
1
 -9999.0   ,   9990.0
   7
 10 
-92.37248      34.94019
-92.39561      34.94068
-92.40286      34.94299
-92.40479      34.95056
-92.40199      34.95767
-92.3953       34.9572
-92.36884      34.94752
-92.36716      34.94454
-92.36857      34.94179
-92.37248      34.94019
 1 
 1             13            
1
 -9999.0   ,   9990.0
   7
 11 
-91.44801      34.95587
-91.44216      34.95605
-91.43744      34.95394
-91.43526      34.95048
-91.43614      34.94704
-91.44116      34.94709
-91.44512      34.943
-91.4493       34.94304
-91.45372      34.94652
-91.4478       34.95105
-91.44801      34.95587
 1 
 1             14            
1
 -9999.0   ,   9990.0
   7
 21 
-90.26619      34.94101
-90.27064      34.9512
-90.26261      34.94943
-90.25191      34.9428
-90.24819      34.93828
-90.24499      34.92178
-90.24781      34.91434
-90.24861      34.91222
-90.24969      34.9119
-90.25902      34.90921
-90.26941      34.90194
-90.27077      34.90835
-90.26715      34.91286
-90.26366      34.91336
-90.26147      34.91675
-90.25588      34.91721
-90.25241      34.91714
-90.25096      34.91882
-90.25363      34.92047
-90.25577      34.92521
-90.26619      34.94101
 1 
 1             15            
1
 -9999.0   ,   9990.0
   7
 27 
-94.71272      34.94444
-94.71219      34.93528
-94.71528      34.93568
-94.7202       34.93215
-94.73303      34.93237
-94.74467      34.92941
-94.75637      34.92919
-94.76272      34.91668
-94.76616      34.92006
-94.77679      34.9217
-94.78209      34.92137
-94.7895       34.9171
-94.79426      34.91793
-94.79868      34.92657
-94.78332      34.92571
-94.78197      34.92711
-94.78288      34.92985
-94.78824      34.9325
-94.78914      34.93478
-94.78096      34.94113
-94.7706       34.93971
-94.76511      34.94257
-94.73754      34.94422
-94.7254       34.94926
-94.71706      34.95033
-94.71309      34.94788
-94.71272      34.94444
 2 
 1             16            
1
 -9999.0   ,   9990.0
   7
 22 
-90.31197      34.91964
-90.30404      34.90389
-90.30496      34.90138
-90.30801      34.90189
-90.31233      34.90657
-90.31761      34.91722
-90.32121      34.92007
-90.32743      34.92498
-90.3324       34.92691
-90.33799      34.92633
-90.35031      34.91463
-90.35782      34.9049
-90.36184      34.91072
-90.36439      34.91926
-90.36424      34.92499
-90.35928      34.93293
-90.35216      34.93807
-90.34456      34.94091
-90.33366      34.94162
-90.32759      34.93921
-90.3208       34.93289
-90.31197      34.91964
 1             16            2 
1
 -9999.0   ,   9990.0
   7
 6 
-90.35761      34.91295
-90.34266      34.92894
-90.34794      34.92927
-90.35444      34.92641
-90.35788      34.9228
-90.35761      34.91295
 1 
 1             17            
1
 -9999.0   ,   9990.0
   7
 6 
-90.26619      34.94101
-90.25577      34.92521
-90.26109      34.92417
-90.26567      34.92999
-90.26715      34.93667
-90.26619      34.94101
 1 
 1             18            
1
 -9999.0   ,   9990.0
   7
 8 
-90.52634      34.92034
-90.53392      34.92896
-90.54083      34.93183
-90.53739      34.93544
-90.53069      34.93601
-90.52359      34.92993
-90.52001      34.91724
-90.52634      34.92034
 1 
 1             19            
1
 -9999.0   ,   9990.0
   7
 9 
-91.45553      34.91979
-91.44881      34.9248
-91.45016      34.92872
-91.44729      34.93025
-91.44304      34.92942
-91.44023      34.92705
-91.44031      34.92198
-91.44322      34.9181
-91.45553      34.91979
 1 
 1             20            
1
 -9999.0   ,   9990.0
   7
 8 
-92.07154      34.91131
-92.07291      34.91498
-92.07093      34.92048
-92.06451      34.92114
-92.06201      34.91998
-92.06091      34.91722
-92.06456      34.9138
-92.07154      34.91131
 1 
 1             21            
1
 -9999.0   ,   9990.0
   7
 6 
-90.25363      34.92047
-90.25096      34.91882
-90.25241      34.91714
-90.25588      34.91721
-90.2558       34.92007
-90.25363      34.92047
 1 
 1             22            
1
 -9999.0   ,   9990.0
   7
 62 
-92.65036      34.87656
-92.6448       34.8823
-92.64843      34.8901
-92.64564      34.89354
-92.63979      34.88873
-92.63478      34.88873
-92.63673      34.89423
-92.63601      34.89602
-92.63506      34.89837
-92.59995      34.89746
-92.59494      34.90159
-92.59103      34.90182
-92.58825      34.89998
-92.58296      34.90412
-92.57766      34.90595
-92.57459      34.90595
-92.57125      34.9009
-92.56651      34.9009
-92.56568      34.90939
-92.55983      34.91857
-92.55147      34.91742
-92.55537      34.90709
-92.55036      34.89953
-92.55147      34.89654
-92.55759      34.89287
-92.55207      34.89032
-92.54818      34.88852
-92.53642      34.88667
-92.52918      34.88942
-92.51134      34.88804
-92.50801      34.8846
-92.5133       34.88001
-92.51275      34.87749
-92.50829      34.87588
-92.503        34.87037
-92.49353      34.87037
-92.49047      34.86669
-92.4966       34.86578
-92.49827      34.86326
-92.48964      34.85568
-92.48909      34.84582
-92.49633      34.84536
-92.50246      34.84789
-92.50412      34.85133
-92.50357      34.85569
-92.50691      34.85707
-92.51117      34.856
-92.51331      34.85547
-92.51888      34.85868
-92.55008      34.8658
-92.55509      34.86603
-92.56149      34.86282
-92.56568      34.86328
-92.56986      34.86627
-92.57124      34.87039
-92.57738      34.87406
-92.5849       34.87291
-92.60496      34.88025
-92.61359      34.88163
-92.63142      34.88116
-92.64452      34.87588
-92.65036      34.87656
 1 
 1             23            
1
 -9999.0   ,   9990.0
   7
 6 
-90.26147      34.91675
-90.26366      34.91336
-90.26715      34.91286
-90.26562      34.91741
-90.26349      34.91851
-90.26147      34.91675
 1 
 1             24            
1
 -9999.0   ,   9990.0
   7
 8 
-90.31786      34.89269
-90.31996      34.89216
-90.32778      34.90227
-90.33992      34.90663
-90.34426      34.91131
-90.34303      34.91518
-90.32408      34.90519
-90.31786      34.89269
 1 
 1             25            
1
 -9999.0   ,   9990.0
   7
 8 
-90.28214      34.90056
-90.28012      34.89823
-90.28371      34.8943
-90.28801      34.89037
-90.29434      34.88821
-90.29418      34.89336
-90.28563      34.90006
-90.28214      34.90056
 1 
 1             26            
1
 -9999.0   ,   9990.0
   7
 13 
-90.41523      34.87385
-90.41471      34.88324
-90.42312      34.89166
-90.42727      34.89265
-90.43121      34.89134
-90.43395      34.89277
-90.43024      34.89637
-90.42438      34.89673
-90.41995      34.89527
-90.40906      34.88543
-90.40752      34.88059
-90.41017      34.87536
-90.41523      34.87385
 1 
 1             27            
1
 -9999.0   ,   9990.0
   7
 6 
-92.03325      34.88544
-92.03822      34.89303
-92.03736      34.8967
-92.02622      34.89481
-92.02457      34.89228
-92.03325      34.88544
 1 
 1             28            
1
 -9999.0   ,   9990.0
   7
 5 
-90.38854      34.87805
-90.40915      34.89278
-90.40518      34.89523
-90.38709      34.88031
-90.38854      34.87805
 1 
 1             29            
1
 -9999.0   ,   9990.0
   7
 8 
-90.6368       34.87031
-90.62842      34.87801
-90.62266      34.89025
-90.62064      34.8891
-90.62093      34.87789
-90.62929      34.87074
-90.63481      34.86859
-90.6368       34.87031
 1 
 1             30            
1
 -9999.0   ,   9990.0
   7
 8 
-90.33119      34.88008
-90.34282      34.88237
-90.34552      34.88586
-90.34459      34.88905
-90.33901      34.88963
-90.32628      34.88618
-90.32414      34.88316
-90.33119      34.88008
 1 
 1             31            
1
 -9999.0   ,   9990.0
   7
 14 
-90.4831       34.87927
-90.48054      34.87121
-90.47747      34.86801
-90.47428      34.87166
-90.47249      34.86845
-90.4677       34.84909
-90.46226      34.84417
-90.46289      34.8412
-90.46707      34.84105
-90.47118      34.84388
-90.47872      34.85365
-90.48561      34.86731
-90.48548      34.87376
-90.4831       34.87927
 1 
 1             32            
1
 -9999.0   ,   9990.0
   7
 7 
-92.15429      34.86093
-92.15626      34.85658
-92.16046      34.85499
-92.16351      34.85545
-92.16656      34.8596
-92.16374      34.86601
-92.15429      34.86093
 1 
 1             33            
1
 -9999.0   ,   9990.0
   7
 10 
-90.42218      34.8329
-90.42758      34.82841
-90.45558      34.82272
-90.45491      34.82707
-90.45026      34.83433
-90.44544      34.83791
-90.44041      34.83805
-90.43159      34.83468
-90.42571      34.83572
-90.42218      34.8329
 1 
 1             34            
1
 -9999.0   ,   9990.0
   7
 7 
-91.94407      34.82763
-91.94964      34.82766
-91.95211      34.83203
-91.94874      34.8366
-91.94372      34.83703
-91.94264      34.83312
-91.94407      34.82763
 1 
 1             35            
1
 -9999.0   ,   9990.0
   7
 7 
-92.05907      34.811
-92.06464      34.81125
-92.06711      34.81585
-92.06596      34.8225
-92.059        34.82224
-92.05791      34.81719
-92.05907      34.811
 1 
 1             36            
1
 -9999.0   ,   9990.0
   7
 11 
-91.44119      34.80722
-91.43919      34.81306
-91.44057      34.81619
-91.44727      34.81197
-91.4477       34.81471
-91.44432      34.81857
-91.43859      34.82125
-91.43578      34.81926
-91.43489      34.81574
-91.43882      34.80681
-91.44119      34.80722
 1 
 1             37            
1
 -9999.0   ,   9990.0
   7
 19 
-92.84452      34.79439
-92.84981      34.79483
-92.85679      34.80055
-92.86708      34.79961
-92.87322      34.80395
-92.88158      34.80485
-92.88326      34.80943
-92.88633      34.81149
-92.89411      34.80573
-92.90884      34.80431
-92.91137      34.80866
-92.90916      34.81326
-92.90109      34.81214
-92.88135      34.81724
-92.87354      34.81267
-92.85264      34.81019
-92.84428      34.80494
-92.84231      34.79944
-92.84452      34.79439
 1 
 1             38            
1
 -9999.0   ,   9990.0
   7
 9 
-90.45229      34.77815
-90.46203      34.78887
-90.46516      34.79696
-90.46361      34.8029
-90.45564      34.80964
-90.44111      34.81167
-90.45061      34.78913
-90.45051      34.78247
-90.45229      34.77815
 1 
 1             39            
1
 -9999.0   ,   9990.0
   7
 17 
-90.53973      34.76477
-90.54359      34.76644
-90.54916      34.77709
-90.54948      34.78697
-90.54625      34.79357
-90.53918      34.79803
-90.52542      34.80261
-90.51203      34.80353
-90.51016      34.80074
-90.51216      34.79894
-90.5233       34.79844
-90.53201      34.79538
-90.53879      34.79114
-90.54232      34.78363
-90.54219      34.77789
-90.53856      34.76727
-90.53973      34.76477
 1 
 1             40            
1
 -9999.0   ,   9990.0
   7
 6 
-90.4336       34.7902
-90.43694      34.79026
-90.43809      34.79969
-90.43523      34.80216
-90.43211      34.7943
-90.4336       34.7902
 1 
 1             41            
1
 -9999.0   ,   9990.0
   7
 53 
-90.11119      34.80181
-90.10769      34.7992
-90.10249      34.80036
-90.10048      34.79862
-90.10413      34.78675
-90.09561      34.76546
-90.09223      34.76653
-90.08529      34.77488
-90.08166      34.77526
-90.0793       34.77062
-90.08686      34.76408
-90.09302      34.75875
-90.09666      34.75791
-90.10326      34.7608
-90.10719      34.7595
-90.10841      34.75632
-90.09936      34.75342
-90.07623      34.75292
-90.07355      34.75285
-90.07256      34.75156
-90.07782      34.74869
-90.09849      34.74872
-90.08293      34.73421
-90.07452      34.7361
-90.06579      34.73087
-90.05908      34.73164
-90.05079      34.7249
-90.0491       34.72179
-90.05346      34.7196
-90.05906      34.72228
-90.06066      34.72061
-90.05387      34.71583
-90.05006      34.71313
-90.04666      34.70667
-90.07282      34.71908
-90.09194      34.72155
-90.10441      34.73214
-90.11031      34.73043
-90.11412      34.7328
-90.11372      34.73715
-90.11698      34.73951
-90.1177       34.74136
-90.11905      34.74484
-90.12559      34.7491
-90.12603      34.76242
-90.12541      34.76447
-90.11801      34.77006
-90.11102      34.77083
-90.10844      34.7733
-90.1107       34.78138
-90.11149      34.78282
-90.11756      34.79391
-90.11119      34.80181
 1 
 1             42            
1
 -9999.0   ,   9990.0
   7
 14 
-90.43011      34.7374
-90.42865      34.73966
-90.41676      34.74287
-90.41098      34.75078
-90.40792      34.76045
-90.41166      34.77541
-90.4102       34.77768
-90.40422      34.7684
-90.40247      34.75691
-90.40405      34.75007
-90.40844      34.74214
-90.41829      34.73775
-90.42807      34.73564
-90.43011      34.7374
 1 
 1             43            
1
 -9999.0   ,   9990.0
   7
 10 
-92.17458      34.74997
-92.17272      34.75299
-92.14393      34.76395
-92.13476      34.76491
-92.12806      34.76135
-92.1269       34.75329
-92.12997      34.75078
-92.13541      34.75937
-92.17214      34.74845
-92.17458      34.74997
 1 
 1             44            
1
 -9999.0   ,   9990.0
   7
 7 
-90.41967      34.7624
-90.41977      34.75896
-90.43121      34.74716
-90.43542      34.74552
-90.43602      34.74897
-90.42387      34.76133
-90.41967      34.7624
 1 
 1             45            
1
 -9999.0   ,   9990.0
   7
 7 
-91.82081      34.7487
-91.82637      34.74873
-91.82884      34.75311
-91.82546      34.75768
-91.82044      34.7581
-91.81937      34.7542
-91.82081      34.7487
 1 
 1             46            
1
 -9999.0   ,   9990.0
   7
 7 
-91.69076      34.73702
-91.69577      34.73728
-91.69796      34.74005
-91.69725      34.75473
-91.69254      34.75309
-91.68932      34.74136
-91.69076      34.73702
 1 
 1             47            
1
 -9999.0   ,   9990.0
   7
 10 
-91.41117      34.74354
-91.42061      34.74478
-91.42416      34.74894
-91.4244       34.75193
-91.42215      34.75397
-91.41784      34.75461
-91.41555      34.74863
-91.40971      34.74811
-91.40836      34.74558
-91.41117      34.74354
 1 
 1             48            
1
 -9999.0   ,   9990.0
   7
 21 
-90.45291      34.75429
-90.45126      34.75027
-90.44978      34.74667
-90.45216      34.74074
-90.45756      34.73625
-90.47525      34.72968
-90.48334      34.72891
-90.48568      34.72928
-90.49498      34.73072
-90.50874      34.73647
-90.53532      34.74106
-90.54076      34.74597
-90.54633      34.74561
-90.54874      34.74978
-90.54421      34.75246
-90.53503      34.75253
-90.51794      34.7465
-90.51266      34.74595
-90.48361      34.73612
-90.47382      34.73823
-90.45291      34.75429
 1 
 1             49            
1
 -9999.0   ,   9990.0
   7
 13 
-92.6499       34.72035
-92.65269      34.72172
-92.65994      34.73915
-92.658        34.74557
-92.65411      34.74925
-92.65132      34.74512
-92.65159      34.73502
-92.64909      34.73273
-92.64687      34.73755
-92.64298      34.7371
-92.64129      34.73343
-92.64295      34.7215
-92.6499       34.72035
 1 
 1             50            
1
 -9999.0   ,   9990.0
   7
 8 
-90.66655      34.72031
-90.66936      34.71875
-90.67568      34.73423
-90.67329      34.74107
-90.67049      34.74217
-90.66619      34.73545
-90.66965      34.73046
-90.66655      34.72031
 1 
 1             51            
1
 -9999.0   ,   9990.0
   7
 12 
-90.69182      34.70948
-90.69544      34.70953
-90.70092      34.71261
-90.70469      34.71794
-90.70475      34.72781
-90.71068      34.73593
-90.71004      34.73959
-90.70751      34.7407
-90.6999       34.73324
-90.69466      34.71893
-90.68805      34.7163
-90.69182      34.70948
 1 
 1             52            
1
 -9999.0   ,   9990.0
   7
 20 
-90.54796      34.69172
-90.55027      34.68832
-90.54604      34.6793
-90.55271      34.66863
-90.55794      34.67032
-90.56503      34.67572
-90.56322      34.68189
-90.56516      34.71587
-90.56211      34.72661
-90.55805      34.73296
-90.55496      34.73452
-90.54632      34.73528
-90.53195      34.73114
-90.53057      34.71987
-90.53259      34.71692
-90.54818      34.7165
-90.55129      34.71426
-90.55335      34.70948
-90.55286      34.69616
-90.54796      34.69172
 1 
 1             53            
1
 -9999.0   ,   9990.0
   7
 9 
-91.08612      34.72268
-91.09193      34.72436
-91.09437      34.72806
-91.09293      34.73057
-91.08344      34.73274
-91.08012      34.73132
-91.07824      34.72809
-91.08081      34.72422
-91.08612      34.72268
 1 
 1             54            
1
 -9999.0   ,   9990.0
   7
 16 
-92.08196      34.7183
-92.08131      34.72334
-92.06842      34.73184
-92.05988      34.73028
-92.05382      34.72421
-92.05387      34.71816
-92.06184      34.71367
-92.07592      34.70921
-92.07591      34.71172
-92.07221      34.71574
-92.06426      34.71771
-92.05994      34.72273
-92.06236      34.72627
-92.06723      34.7273
-92.07891      34.71879
-92.08196      34.7183
 1 
 1             55            
1
 -9999.0   ,   9990.0
   7
 12 
-92.13626      34.72613
-92.13198      34.72711
-92.12589      34.72406
-92.12105      34.7185
-92.12109      34.71195
-92.12786      34.70644
-92.13213      34.70495
-92.13334      34.70697
-92.12659      34.71198
-92.12534      34.7165
-92.12956      34.72257
-92.13626      34.72613
 1 
 1             56            
1
 -9999.0   ,   9990.0
   7
 10 
-91.6103       34.72102
-91.61121      34.7146
-91.60305      34.69939
-91.60565      34.69093
-91.60871      34.69095
-91.61313      34.69305
-91.62297      34.70736
-91.62055      34.72385
-91.61279      34.72287
-91.6103       34.72102
 1 
 1             57            
1
 -9999.0   ,   9990.0
   7
 8 
-92.66476      34.70216
-92.66295      34.70359
-92.65489      34.7036
-92.64851      34.70979
-92.64267      34.71071
-92.64072      34.70728
-92.64259      34.69954
-92.66476      34.70216
 1 
 1             58            
1
 -9999.0   ,   9990.0
   7
 61 
-91.48776      34.65251
-91.48516      34.64562
-91.49457      34.64133
-91.50733      34.64282
-91.52099      34.63927
-91.51228      34.64676
-91.51582      34.65162
-91.52881      34.6577
-91.53577      34.65638
-91.54292      34.66195
-91.54808      34.6714
-91.5551       34.67333
-91.56752      34.67674
-91.56956      34.68079
-91.56676      34.68191
-91.5403       34.67179
-91.53398      34.666
-91.52981      34.66642
-91.5254       34.6634
-91.52231      34.66636
-91.52476      34.67005
-91.52469      34.67486
-91.52996      34.67606
-91.53104      34.67836
-91.52961      34.68156
-91.53035      34.68937
-91.53255      34.69099
-91.54088      34.69175
-91.55251      34.69552
-91.55533      34.70136
-91.56364      34.70489
-91.56429      34.70834
-91.55455      34.70653
-91.53999      34.69587
-91.52969      34.69739
-91.5174       34.6803
-91.51242      34.67865
-91.50849      34.68137
-91.50049      34.67648
-91.49601      34.67659
-91.49354      34.67665
-91.48907      34.67913
-91.48704      34.68508
-91.48779      34.69151
-91.49406      34.69616
-91.49124      34.69843
-91.4833       34.69513
-91.48139      34.69191
-91.48095      34.68387
-91.48158      34.67769
-91.48469      34.67359
-91.49361      34.6716
-91.50694      34.6731
-91.51622      34.66401
-91.51514      34.66193
-91.51072      34.65983
-91.50858      34.65316
-91.49862      34.65054
-91.49354      34.65577
-91.48882      34.65596
-91.48776      34.65251
 1 
 1             59            
1
 -9999.0   ,   9990.0
   7
 45 
-90.55271      34.66863
-90.54604      34.6793
-90.55027      34.68832
-90.54796      34.69172
-90.54628      34.69261
-90.54296      34.6914
-90.53838      34.68559
-90.53691      34.67799
-90.53985      34.67162
-90.54002      34.66474
-90.54421      34.66389
-90.5513       34.64704
-90.55039      34.63899
-90.54446      34.63132
-90.53592      34.62865
-90.52647      34.62894
-90.51776      34.63292
-90.5095       34.64103
-90.46973      34.67452
-90.46595      34.68088
-90.46525      34.6866
-90.46707      34.69145
-90.47169      34.6952
-90.48082      34.69697
-90.49224      34.69648
-90.49524      34.6986
-90.49266      34.70154
-90.48152      34.70226
-90.47584      34.70675
-90.4692       34.70571
-90.46457      34.70196
-90.46152      34.69731
-90.45789      34.69174
-90.45748      34.686
-90.46346      34.66982
-90.47007      34.66145
-90.51736      34.62695
-90.52607      34.62274
-90.53998      34.62184
-90.54411      34.62328
-90.54874      34.6268
-90.55271      34.63218
-90.55815      34.63958
-90.55769      34.65839
-90.55271      34.66863
 1 
 1             60            
1
 -9999.0   ,   9990.0
   7
 6 
-91.02151      34.69868
-91.02731      34.70082
-91.02419      34.70422
-91.01448      34.70317
-91.01231      34.69993
-91.02151      34.69868
 1 
 1             61            
1
 -9999.0   ,   9990.0
   7
 8 
-91.09926      34.68866
-91.10249      34.69398
-91.10072      34.69969
-91.09791      34.70172
-91.09598      34.70055
-91.09468      34.69618
-91.09452      34.68929
-91.09926      34.68866
 1 
 1             62            
1
 -9999.0   ,   9990.0
   7
 10 
-92.11877      34.69632
-92.11446      34.70033
-92.10775      34.69979
-92.10105      34.69724
-92.09683      34.69067
-92.09928      34.69018
-92.10412      34.69574
-92.11204      34.69679
-92.11756      34.6943
-92.11877      34.69632
 1 
 1             63            
1
 -9999.0   ,   9990.0
   7
 329 
-93.56904      34.64782
-93.56825      34.65149
-93.56522      34.65313
-93.56077      34.65316
-93.55656      34.64976
-93.55088      34.63994
-93.54642      34.63883
-93.54451      34.64114
-93.53865      34.6616
-93.53397      34.66508
-93.51868      34.66452
-93.51418      34.65997
-93.51719      34.65627
-93.52994      34.65457
-93.53184      34.65065
-93.53014      34.64791
-93.52512      34.64634
-93.5153       34.63702
-93.51029      34.63614
-93.50816      34.641
-93.50758      34.64235
-93.49599      34.64933
-93.48492      34.65217
-93.47932      34.649
-93.47161      34.6541
-93.47017      34.64493
-93.46725      34.64414
-93.46632      34.64896
-93.46131      34.65304
-93.45574      34.65216
-93.45206      34.64622
-93.44731      34.64327
-93.44303      34.65845
-93.44083      34.66076
-93.43695      34.66102
-93.42836      34.63768
-93.42466      34.63415
-93.42359      34.63313
-93.39987      34.62228
-93.39851      34.6255
-93.40106      34.63053
-93.40805      34.63415
-93.40919      34.6369
-93.40811      34.63943
-93.40339      34.63992
-93.40148      34.64361
-93.40346      34.64772
-93.41938      34.65495
-93.43714      34.67891
-93.43411      34.68076
-93.42713      34.67783
-93.41571      34.66479
-93.40996      34.65823
-93.40691      34.65825
-93.40362      34.66286
-93.39672      34.66681
-93.40234      34.67296
-93.40098      34.67527
-93.38433      34.67767
-93.37512      34.6743
-93.37019      34.68144
-93.37079      34.68557
-93.37779      34.69103
-93.37867      34.69492
-93.37593      34.69861
-93.37148      34.69818
-93.36224      34.69159
-93.35993      34.6838
-93.35602      34.68131
-93.34101      34.68003
-93.34098      34.67728
-93.34427      34.6729
-93.36482      34.6723
-93.36668      34.6678
-93.36442      34.6606
-93.36574      34.65349
-93.37408      34.65343
-93.37604      34.65479
-93.38113      34.66439
-93.38586      34.66482
-93.38749      34.66091
-93.38744      34.65563
-93.38059      34.63802
-93.37778      34.63482
-93.36467      34.62918
-93.36408      34.62597
-93.36791      34.62021
-93.3676       34.61654
-93.36591      34.61495
-93.35729      34.61386
-93.35263      34.61916
-93.34627      34.62196
-93.33574      34.62236
-93.33183      34.62251
-93.32908      34.62528
-93.33105      34.62756
-93.34444      34.63367
-93.33642      34.63693
-93.33451      34.64107
-93.33871      34.64449
-93.34013      34.64792
-93.33794      34.65069
-93.31709      34.64898
-93.30959      34.65018
-93.30464      34.65503
-93.30075      34.65459
-93.29542      34.64958
-93.29014      34.64892
-93.28964      34.65512
-93.29418      34.6661
-93.29118      34.67231
-93.28337      34.66869
-93.27846      34.6693
-93.27366      34.6699
-93.27169      34.66738
-93.27915      34.66321
-93.28295      34.65333
-93.28209      34.65057
-93.27624      34.64855
-93.27568      34.64649
-93.28141      34.63636
-93.28919      34.63562
-93.29164      34.63056
-93.28325      34.62465
-93.25972      34.63328
-93.25538      34.64523
-93.23354      34.65728
-93.23048      34.65972
-93.22746      34.66213
-93.23613      34.66805
-93.23726      34.67056
-93.23535      34.67494
-93.23034      34.67404
-93.22536      34.67705
-93.21617      34.67367
-93.19346      34.68342
-93.19122      34.68205
-93.19314      34.67929
-93.21612      34.66747
-93.21831      34.66425
-93.21824      34.65553
-93.22712      34.65342
-93.22932      34.65042
-93.22846      34.64768
-93.22262      34.64679
-93.21366      34.6503
-93.18939      34.65981
-93.18159      34.65894
-93.18047      34.65665
-93.20562      34.64184
-93.23718      34.62698
-93.24213      34.62259
-93.24403      34.61776
-93.24288      34.61295
-93.23788      34.61229
-93.22679      34.61465
-93.21878      34.61883
-93.2164       34.61946
-93.19855      34.62421
-93.19159      34.62264
-93.19074      34.62012
-93.20012      34.61273
-93.20009      34.60975
-93.19704      34.60931
-93.19289      34.61139
-93.18456      34.61212
-93.18288      34.60938
-93.18425      34.60731
-93.19285      34.60589
-93.20391      34.60101
-93.21385      34.59385
-93.21853      34.58854
-93.21739      34.58534
-93.20879      34.58676
-93.20626      34.58196
-93.19988      34.58199
-93.19926      34.57489
-93.19534      34.56963
-93.20032      34.56846
-93.20535      34.57233
-93.20868      34.57254
-93.21673      34.56978
-93.21868      34.57217
-93.21316      34.57711
-93.21651      34.57984
-93.22758      34.57519
-93.23286      34.57562
-93.23371      34.57837
-93.22795      34.58666
-93.22662      34.59286
-93.2198       34.59662
-93.22031      34.60023
-93.2391       34.5921
-93.24826      34.59182
-93.26181      34.58601
-93.26518      34.59081
-93.26568      34.59059
-93.28288      34.5829
-93.2848       34.58037
-93.27921      34.57558
-93.27694      34.57101
-93.30138      34.57338
-93.30939      34.56806
-93.31382      34.56711
-93.3191       34.56846
-93.32304      34.57417
-93.32972      34.57665
-93.33314      34.58534
-93.34032      34.58162
-93.35544      34.5673
-93.35734      34.56247
-93.35386      34.55795
-93.35031      34.55334
-93.35029      34.55059
-93.35249      34.54851
-93.35637      34.54849
-93.36167      34.55143
-93.37748      34.54972
-93.38165      34.55153
-93.37946      34.55407
-93.38033      34.55888
-93.37427      34.56259
-93.37404      34.56764
-93.36579      34.57503
-93.36804      34.57823
-93.36808      34.5819
-93.35536      34.58657
-93.35373      34.59048
-93.35598      34.59253
-93.36677      34.58925
-93.37969      34.577
-93.38527      34.58017
-93.38902      34.58072
-93.40196      34.58258
-93.40916      34.5823
-93.41335      34.58434
-93.41513      34.59534
-93.42123      34.59438
-93.42694      34.58355
-93.43409      34.57731
-93.44075      34.57703
-93.44999      34.58384
-93.45212      34.57671
-93.45599      34.57439
-93.45787      34.5691
-93.45727      34.56452
-93.4597       34.55922
-93.46441      34.55827
-93.46693      34.56101
-93.46758      34.56811
-93.47232      34.5706
-93.47318      34.57721
-93.47353      34.58
-93.47588      34.58194
-93.48186      34.57993
-93.48292      34.57533
-93.48112      34.56388
-93.4849       34.55444
-93.48932      34.55326
-93.49188      34.55737
-93.49631      34.55688
-93.50068      34.55111
-93.50847      34.55311
-93.51622      34.55122
-93.51921      34.54591
-93.52254      34.54635
-93.52592      34.55114
-93.52953      34.55088
-93.53289      34.55315
-93.53099      34.5566
-93.53159      34.56004
-93.54547      34.56084
-93.55355      34.56353
-93.56306      34.56964
-93.55728      34.57336
-93.55062      34.57365
-93.53088      34.57037
-93.52339      34.57089
-93.51581      34.56384
-93.50833      34.56504
-93.50257      34.57082
-93.49651      34.57385
-93.50158      34.58046
-93.50217      34.58367
-93.49861      34.58806
-93.50416      34.598
-93.50246      34.6
-93.49938      34.59974
-93.4764       34.58515
-93.46878      34.58409
-93.46814      34.584
-93.46641      34.58831
-93.45945      34.58652
-93.45951      34.59088
-93.46506      34.59742
-93.46476      34.60196
-93.46272      34.60452
-93.45691      34.60654
-93.43747      34.60664
-93.43331      34.60782
-93.43086      34.61197
-93.43426      34.61814
-93.44098      34.62291
-93.44959      34.6233
-93.45454      34.61959
-93.45816      34.62003
-93.46015      34.62391
-93.45801      34.63173
-93.4589       34.63631
-93.46278      34.63559
-93.46691      34.63143
-93.46996      34.63164
-93.47714      34.63662
-93.47976      34.63844
-93.48309      34.63819
-93.48799      34.62966
-93.49161      34.63055
-93.49639      34.63556
-93.50168      34.63644
-93.50822      34.62606
-93.51266      34.62626
-93.52697      34.63807
-93.53612      34.63685
-93.54881      34.62963
-93.55408      34.62844
-93.55744      34.63094
-93.55928      34.64469
-93.56153      34.64742
-93.56904      34.64782
 1 
 1             64            
1
 -9999.0   ,   9990.0
   7
 14 
-91.84504      34.6708
-91.84049      34.66257
-91.85216      34.66241
-91.85686      34.66497
-91.87935      34.66739
-91.88377      34.67063
-91.88566      34.67753
-91.88439      34.69541
-91.88188      34.69677
-91.87661      34.69536
-91.87343      34.67768
-91.87011      34.67537
-91.86245      34.67589
-91.84504      34.6708
 1 
 1             65            
1
 -9999.0   ,   9990.0
   7
 11 
-90.58814      34.65179
-90.5921       34.65989
-90.59076      34.6695
-90.59209      34.67159
-90.58287      34.6852
-90.57488      34.69333
-90.57416      34.67794
-90.57717      34.66836
-90.58264      34.66042
-90.5866       34.65773
-90.58814      34.65179
 1 
 1             66            
1
 -9999.0   ,   9990.0
   7
 9 
-92.94885      34.67504
-92.95164      34.67733
-92.95278      34.68283
-92.95058      34.68582
-92.94499      34.68125
-92.93805      34.68219
-92.93609      34.67898
-92.93913      34.67599
-92.94885      34.67504
 1 
 1             67            
1
 -9999.0   ,   9990.0
   7
 6 
-91.056        34.66815
-91.06501      34.67653
-91.06216      34.68016
-91.05608      34.67848
-91.05232      34.67155
-91.056        34.66815
 1 
 1             68            
1
 -9999.0   ,   9990.0
   7
 23 
-92.13118      34.66816
-92.12871      34.67269
-92.11465      34.67615
-92.10672      34.67309
-92.10066      34.66802
-92.10134      34.65946
-92.10631      34.64739
-92.11127      34.63785
-92.11863      34.63234
-92.11966      34.63234
-92.12412      34.63236
-92.13385      34.63695
-92.14354      34.64656
-92.14956      34.65868
-92.14651      34.65867
-92.13016      34.63995
-92.12408      34.63841
-92.11798      34.63888
-92.11241      34.64792
-92.10557      34.66502
-92.11286      34.67009
-92.12814      34.66715
-92.13118      34.66816
 1 
 1             69            
1
 -9999.0   ,   9990.0
   7
 12 
-92.97871      34.64673
-92.98317      34.64809
-92.97876      34.6543
-92.97072      34.65891
-92.96381      34.66605
-92.96076      34.66721
-92.95214      34.66494
-92.94933      34.65922
-92.96043      34.65688
-92.96374      34.65275
-92.97124      34.65272
-92.97871      34.64673
 1 
 1             70            
1
 -9999.0   ,   9990.0
   7
 14 
-90.5095       34.64103
-90.51776      34.63292
-90.52647      34.62894
-90.53592      34.62865
-90.54446      34.63132
-90.55039      34.63899
-90.5513       34.64704
-90.54421      34.66389
-90.54002      34.66474
-90.54191      34.65582
-90.54051      34.64502
-90.53425      34.64009
-90.52844      34.63907
-90.5095       34.64103
 1 
 1             71            
1
 -9999.0   ,   9990.0
   7
 11 
-92.07633      34.65782
-92.07266      34.66032
-92.06536      34.65626
-92.06421      34.64768
-92.07954      34.63769
-92.08442      34.63872
-92.08133      34.64324
-92.07582      34.64522
-92.0709       34.65024
-92.07148      34.65477
-92.07633      34.65782
 1 
 1             72            
1
 -9999.0   ,   9990.0
   7
 10 
-91.83026      34.64583
-91.82592      34.64459
-91.8243       34.63999
-91.82015      34.63813
-91.81714      34.63329
-91.81829      34.62917
-91.83132      34.63223
-91.83846      34.641
-91.83564      34.64557
-91.83026      34.64583
 1 
 1             73            
1
 -9999.0   ,   9990.0
   7
 7 
-90.46879      34.6355
-90.4704       34.63805
-90.46868      34.64031
-90.45692      34.64377
-90.45306      34.64256
-90.45674      34.63964
-90.46879      34.6355
 1 
 1             74            
1
 -9999.0   ,   9990.0
   7
 7 
-90.41296      34.6088
-90.41492      34.61284
-90.39972      34.63195
-90.39532      34.64058
-90.39267      34.63595
-90.39449      34.63025
-90.41296      34.6088
 1 
 1             75            
1
 -9999.0   ,   9990.0
   7
 11 
-92.53344      34.61736
-92.53771      34.61605
-92.5426       34.62127
-92.55121      34.63572
-92.55038      34.64008
-92.5401       34.62998
-92.53427      34.62723
-92.53038      34.63205
-92.52649      34.63204
-92.52566      34.62952
-92.53344      34.61736
 1 
 1             76            
1
 -9999.0   ,   9990.0
   7
 10 
-92.14378      34.61281
-92.14374      34.61784
-92.13759      34.62436
-92.13758      34.62638
-92.14244      34.62943
-92.14364      34.63246
-92.13388      34.63342
-92.13091      34.62131
-92.1389       34.61279
-92.14378      34.61281
 1 
 1             77            
1
 -9999.0   ,   9990.0
   7
 14 
-90.62413      34.58769
-90.62572      34.59093
-90.62369      34.59411
-90.62414      34.59871
-90.63089      34.60662
-90.63243      34.61192
-90.637        34.61819
-90.63472      34.62068
-90.63088      34.61901
-90.6166       34.60042
-90.61109      34.59849
-90.60976      34.5964
-90.6126       34.59347
-90.62413      34.58769
 1 
 1             78            
1
 -9999.0   ,   9990.0
   7
 8 
-94.36376      34.59347
-94.36711      34.59388
-94.37303      34.59815
-94.37068      34.60483
-94.36058      34.61233
-94.35881      34.60777
-94.36081      34.59787
-94.36376      34.59347
 1 
 1             79            
1
 -9999.0   ,   9990.0
   7
 13 
-90.49488      34.6043
-90.50497      34.60058
-90.52801      34.60098
-90.52927      34.60627
-90.53276      34.6107
-90.53078      34.61227
-90.52718      34.61175
-90.51961      34.60381
-90.51458      34.6051
-90.50182      34.60442
-90.49223      34.60999
-90.49066      34.60629
-90.49488      34.6043
 1 
 1             80            
1
 -9999.0   ,   9990.0
   7
 10 
-91.49942      34.56819
-91.51466      34.57017
-91.51589      34.58257
-91.52864      34.58383
-91.52969      34.58843
-91.52851      34.59415
-91.50909      34.59329
-91.50779      34.58639
-91.49976      34.58449
-91.49942      34.56819
 1 
 1             81            
1
 -9999.0   ,   9990.0
   7
 6 
-90.57728      34.57337
-90.58898      34.58344
-90.58913      34.58803
-90.58661      34.58936
-90.57874      34.57866
-90.57728      34.57337
 1 
 1             82            
1
 -9999.0   ,   9990.0
   7
 11 
-92.21549      34.5526
-92.22156      34.55904
-92.22071      34.56408
-92.22346      34.57005
-92.23451      34.58385
-92.23061      34.58865
-92.22172      34.58863
-92.21591      34.58379
-92.21018      34.56176
-92.21243      34.55351
-92.21549      34.5526
 1 
 1             83            
1
 -9999.0   ,   9990.0
   7
 12 
-90.53588      34.54215
-90.53958      34.5491
-90.54594      34.55035
-90.56194      34.5878
-90.54901      34.58276
-90.53834      34.57638
-90.52358      34.56717
-90.52037      34.56253
-90.5208       34.5568
-90.52399      34.55135
-90.53111      34.54413
-90.53588      34.54215
 1 
 1             84            
1
 -9999.0   ,   9990.0
   7
 7 
-93.0954       34.56553
-93.09901      34.56551
-93.10208      34.56802
-93.09935      34.57469
-93.0952       34.57677
-93.0902       34.5761
-93.0954       34.56553
 1 
 1             85            
1
 -9999.0   ,   9990.0
   7
 7 
-93.17727      34.56629
-93.17951      34.56857
-93.17624      34.57593
-93.16874      34.5755
-93.16762      34.57367
-93.17036      34.5693
-93.17727      34.56629
 1 
 1             86            
1
 -9999.0   ,   9990.0
   7
 6 
-92.47712      34.56687
-92.47545      34.57214
-92.47045      34.57168
-92.46658      34.56915
-92.47213      34.56388
-92.47712      34.56687
 1 
 1             87            
1
 -9999.0   ,   9990.0
   7
 13 
-91.67758      34.54423
-91.68478      34.54474
-91.68781      34.54706
-91.69738      34.56089
-91.69651      34.56363
-91.69262      34.56452
-91.68681      34.5631
-91.68205      34.56674
-91.67318      34.56598
-91.67071      34.56321
-91.67856      34.5557
-91.67588      34.54811
-91.67758      34.54423
 1 
 1             88            
1
 -9999.0   ,   9990.0
   7
 7 
-90.43789      34.5606
-90.43847      34.55281
-90.44486      34.54214
-90.44413      34.538
-90.45032      34.53736
-90.45234      34.53912
-90.43789      34.5606
 1 
 1             89            
1
 -9999.0   ,   9990.0
   7
 13 
-92.29481      34.53733
-92.29071      34.54409
-92.28957      34.55464
-92.28429      34.55531
-92.28126      34.55026
-92.2677       34.53921
-92.26411      34.53416
-92.26552      34.52774
-92.27578      34.52983
-92.28076      34.53443
-92.28691      34.53378
-92.28689      34.53932
-92.29481      34.53733
 1 
 1             90            
1
 -9999.0   ,   9990.0
   7
 122 
-93.18746      34.55476
-93.18981      34.53617
-93.17869      34.49838
-93.17229      34.49566
-93.16518      34.48795
-93.16111      34.48356
-93.15332      34.48016
-93.14668      34.48087
-93.14146      34.48687
-93.13728      34.48528
-93.13312      34.48553
-93.12931      34.49495
-93.12488      34.4952
-93.1262       34.48602
-93.12472      34.47226
-93.12079      34.46586
-93.10891      34.47073
-93.10115      34.47191
-93.09669      34.46826
-93.11156      34.46221
-93.11522      34.45916
-93.11236      34.45715
-93.10644      34.45962
-93.10504      34.46021
-93.10374      34.44575
-93.09652      34.44166
-93.08626      34.44193
-93.07272      34.44566
-93.06966      34.44475
-93.06741      34.43972
-93.06214      34.43905
-93.05856      34.44182
-93.06385      34.44661
-93.06111      34.45007
-93.05389      34.44918
-93.0503       34.45103
-93.04784      34.45654
-93.04479      34.45701
-93.04341      34.45564
-93.04392      34.45059
-93.05026      34.44483
-93.04831      34.44255
-93.03114      34.44353
-93.02442      34.44142
-93.03523      34.43388
-93.04077      34.43318
-93.05326      34.43725
-93.05463      34.43427
-93.05101      34.43084
-93.05043      34.42671
-93.04488      34.42444
-93.04402      34.421
-93.05162      34.41917
-93.05371      34.41867
-93.06258      34.41978
-93.06644      34.41839
-93.06781      34.4154
-93.06639      34.4099
-93.06803      34.40622
-93.07301      34.40621
-93.07886      34.41077
-93.08325      34.4041
-93.08629      34.40317
-93.08908      34.40522
-93.08992      34.40843
-93.08553      34.4151
-93.09001      34.42081
-93.08672      34.42725
-93.10057      34.42627
-93.10281      34.43085
-93.10778      34.42738
-93.11196      34.43012
-93.10452      34.43726
-93.10731      34.43954
-93.11839      34.44018
-93.12198      34.43787
-93.11891      34.4333
-93.12082      34.43031
-93.13328      34.42887
-93.14292      34.42149
-93.14958      34.42214
-93.15152      34.4242
-93.15071      34.42581
-93.14518      34.42698
-93.13718      34.43229
-93.12529      34.43602
-93.12781      34.43922
-93.13619      34.43828
-93.14321      34.43748
-93.14118      34.44019
-93.13007      34.44471
-93.11476      34.44737
-93.11477      34.4504
-93.12942      34.45068
-93.13106      34.4527
-93.12497      34.45508
-93.12417      34.4571
-93.13232      34.45876
-93.13077      34.46581
-93.13635      34.47152
-93.13333      34.47498
-93.13724      34.47932
-93.14304      34.47654
-93.15301      34.47465
-93.15933      34.46751
-93.16431      34.46588
-93.16792      34.46747
-93.16464      34.47368
-93.16357      34.47781
-93.17306      34.4874
-93.17862      34.48921
-93.1845       34.49629
-93.19282      34.49762
-93.20201      34.50101
-93.20479      34.50375
-93.20288      34.50536
-93.1865       34.50453
-93.18626      34.50889
-93.19334      34.52789
-93.19509      34.53843
-93.19431      34.5444
-93.18746      34.55476
 1 
 1             91            
1
 -9999.0   ,   9990.0
   7
 9 
-91.48382      34.53135
-91.48596      34.53733
-91.48477      34.5426
-91.47866      34.54346
-91.47332      34.54868
-91.46584      34.54815
-91.46491      34.53507
-91.46689      34.53165
-91.48382      34.53135
 1 
 1             92            
1
 -9999.0   ,   9990.0
   7
 6 
-91.44854      34.53446
-91.45118      34.54526
-91.44974      34.54777
-91.43951      34.54561
-91.43937      34.53552
-91.44854      34.53446
 1 
 1             93            
1
 -9999.0   ,   9990.0
   7
 10 
-92.03955      34.53218
-92.02979      34.53415
-92.02433      34.53109
-92.02006      34.52431
-92.02036      34.5211
-92.02483      34.517
-92.02953      34.51908
-92.02984      34.52709
-92.03838      34.52613
-92.03955      34.53218
 1 
 1             94            
1
 -9999.0   ,   9990.0
   7
 6 
-92.10868      34.49677
-92.11696      34.50776
-92.11401      34.51494
-92.10943      34.51484
-92.10754      34.50611
-92.10868      34.49677
 1 
 1             95            
1
 -9999.0   ,   9990.0
   7
 10 
-91.40617      34.47119
-91.40976      34.47191
-91.41327      34.4786
-91.41362      34.49237
-91.41079      34.49693
-91.40527      34.49572
-91.40118      34.49087
-91.39959      34.48512
-91.40199      34.47321
-91.40617      34.47119
 1 
 1             96            
1
 -9999.0   ,   9990.0
   7
 7 
-90.56776      34.44448
-90.58254      34.46058
-90.58789      34.48018
-90.58424      34.49342
-90.57545      34.46735
-90.57014      34.45762
-90.56776      34.44448
 1 
 1             97            
1
 -9999.0   ,   9990.0
   7
 7 
-91.15033      34.46998
-91.15672      34.48496
-91.15472      34.48815
-91.15092      34.48398
-91.14829      34.47546
-91.14837      34.4711
-91.15033      34.46998
 1 
 1             98            
1
 -9999.0   ,   9990.0
   7
 11 
-90.35446      34.47875
-90.35272      34.47138
-90.34341      34.46707
-90.34195      34.45993
-90.34421      34.44827
-90.34808      34.44858
-90.34822      34.46349
-90.35866      34.46713
-90.35998      34.46968
-90.35847      34.47424
-90.35446      34.47875
 1 
 1             99            
1
 -9999.0   ,   9990.0
   7
 9 
-91.7847       34.45438
-91.79606      34.45492
-91.79853      34.457
-91.80232      34.46643
-91.80174      34.47009
-91.79398      34.46958
-91.7846       34.46425
-91.77719      34.45686
-91.7847       34.45438
 2 
 1             100           
1
 -9999.0   ,   9990.0
   7
 28 
-90.49631      34.44005
-90.49778      34.43125
-90.49952      34.42267
-90.50511      34.40992
-90.51162      34.40407
-90.51948      34.40031
-90.5235       34.40014
-90.5314       34.39983
-90.55291      34.40364
-90.5614       34.40769
-90.55939      34.41017
-90.55162      34.41073
-90.54464      34.41313
-90.52274      34.42491
-90.51828      34.42575
-90.51281      34.42313
-90.50862      34.42421
-90.50518      34.42874
-90.50161      34.43854
-90.50315      34.44338
-90.51071      34.45131
-90.52142      34.45494
-90.51997      34.45767
-90.5155       34.45897
-90.51136      34.45844
-90.50644      34.4556
-90.50021      34.44975
-90.49631      34.44005
 1             100           2 
1
 -9999.0   ,   9990.0
   7
 8 
-90.53373      34.40629
-90.52319      34.4068
-90.51244      34.41556
-90.51598      34.41814
-90.52456      34.41852
-90.54194      34.41033
-90.53786      34.40728
-90.53373      34.40629
 1 
 1             101           
1
 -9999.0   ,   9990.0
   7
 24 
-92.89346      34.42511
-92.90192      34.42332
-92.90664      34.42376
-92.91358      34.42811
-92.91529      34.43796
-92.91918      34.44071
-92.93333      34.44571
-92.94165      34.44637
-92.94361      34.44889
-92.9403       34.45394
-92.93612      34.45097
-92.92727      34.45215
-92.92337      34.44849
-92.91727      34.44667
-92.91312      34.44737
-92.90926      34.45151
-92.90872      34.45679
-92.90513      34.45841
-92.90425      34.44809
-92.90784      34.44418
-92.90837      34.43913
-92.90361      34.42882
-92.89444      34.4291
-92.89346      34.42511
 1 
 1             102           
1
 -9999.0   ,   9990.0
   7
 7 
-90.55638      34.43053
-90.55904      34.44688
-90.55696      34.45303
-90.55319      34.44838
-90.55142      34.44147
-90.5521       34.43643
-90.55638      34.43053
 1 
 1             103           
1
 -9999.0   ,   9990.0
   7
 10 
-91.39732      34.43073
-91.39914      34.43969
-91.39826      34.44335
-91.39352      34.44468
-91.38902      34.44922
-91.38456      34.45125
-91.38351      34.44734
-91.38944      34.43937
-91.39092      34.43273
-91.39732      34.43073
 1 
 1             104           
1
 -9999.0   ,   9990.0
   7
 7 
-91.24229      34.44008
-91.24446      34.44309
-91.24134      34.44764
-91.23521      34.44964
-91.2339       34.44481
-91.23813      34.4405
-91.24229      34.44008
 1 
 1             105           
1
 -9999.0   ,   9990.0
   7
 11 
-91.75451      34.42482
-91.76004      34.42554
-91.76764      34.44119
-91.76649      34.44577
-91.76232      34.44712
-91.75874      34.44503
-91.75437      34.43835
-91.74251      34.43322
-91.74089      34.42931
-91.7423       34.42656
-91.75451      34.42482
 1 
 1             106           
1
 -9999.0   ,   9990.0
   7
 8 
-90.57837      34.41601
-90.57982      34.41986
-90.58175      34.42501
-90.58031      34.44039
-90.57504      34.43912
-90.57211      34.43402
-90.57118      34.42666
-90.57837      34.41601
 1 
 1             107           
1
 -9999.0   ,   9990.0
   7
 15 
-92.10259      34.43044
-92.09808      34.43017
-92.08822      34.4234
-92.08132      34.42362
-92.07859      34.42708
-92.08306      34.43282
-92.08333      34.43581
-92.08152      34.43679
-92.07526      34.43104
-92.07533      34.4216
-92.08106      34.41914
-92.08797      34.41843
-92.09246      34.41994
-92.10351      34.42795
-92.10259      34.43044
 1 
 1             108           
1
 -9999.0   ,   9990.0
   7
 7 
-90.73955      34.40647
-90.74616      34.40795
-90.72087      34.42384
-90.71871      34.42128
-90.72185      34.41744
-90.72974      34.41137
-90.73955      34.40647
 1 
 1             109           
1
 -9999.0   ,   9990.0
   7
 6 
-90.59686      34.41637
-90.59558      34.41234
-90.60268      34.40747
-90.6071       34.408
-90.60622      34.41005
-90.59686      34.41637
 1 
 1             110           
1
 -9999.0   ,   9990.0
   7
 23 
-90.82143      34.39832
-90.81772      34.40461
-90.80859      34.41077
-90.79538      34.41399
-90.78433      34.41324
-90.7823       34.41149
-90.7844       34.41038
-90.79756      34.40945
-90.80872      34.40562
-90.81439      34.39998
-90.81589      34.39485
-90.81467      34.38796
-90.80725      34.37983
-90.79491      34.37562
-90.77908      34.37308
-90.77983      34.37023
-90.78405      34.36743
-90.78616      34.36779
-90.79919      34.36997
-90.80807      34.37469
-90.81486      34.37938
-90.82087      34.38863
-90.82143      34.39832
 1 
 1             111           
1
 -9999.0   ,   9990.0
   7
 8 
-91.78444      34.39359
-91.78914      34.39546
-91.78926      34.41152
-91.77763      34.41121
-91.77072      34.40956
-91.76966      34.40565
-91.77252      34.39558
-91.78444      34.39359
 1 
 1             112           
1
 -9999.0   ,   9990.0
   7
 6 
-90.63269      34.39467
-90.63261      34.39753
-90.62546      34.40463
-90.61929      34.40775
-90.61798      34.40474
-90.63269      34.39467
 1 
 1             113           
1
 -9999.0   ,   9990.0
   7
 8 
-91.93584      34.40288
-91.93749      34.39085
-91.93602      34.38387
-91.93909      34.38325
-91.94212      34.38644
-91.94281      34.39341
-91.93968      34.40163
-91.93584      34.40288
 1 
 1             114           
1
 -9999.0   ,   9990.0
   7
 9 
-91.3841       34.39133
-91.38412      34.39018
-91.38825      34.39253
-91.39924      34.39336
-91.40086      34.39704
-91.39528      34.39997
-91.39056      34.39992
-91.38679      34.39712
-91.3841       34.39133
 1 
 1             115           
1
 -9999.0   ,   9990.0
   7
 8 
-90.20389      34.365
-90.20452      34.37189
-90.20942      34.37474
-90.20959      34.37865
-90.20081      34.37572
-90.19846      34.37085
-90.20109      34.36586
-90.20389      34.365
 1 
 1             116           
1
 -9999.0   ,   9990.0
   7
 10 
-90.68356      34.37209
-90.69335      34.36766
-90.71422      34.3634
-90.73407      34.36693
-90.72789      34.37073
-90.72041      34.37107
-90.71704      34.37308
-90.70621      34.37452
-90.68931      34.37471
-90.68356      34.37209
 1 
 1             117           
1
 -9999.0   ,   9990.0
   7
 6 
-90.73532      34.33953
-90.73777      34.34841
-90.73693      34.35557
-90.73234      34.35218
-90.73184      34.3461
-90.73532      34.33953
 1 
 1             118           
1
 -9999.0   ,   9990.0
   7
 9 
-92.03907      34.32989
-92.04016      34.33288
-92.03848      34.33562
-92.03984      34.33861
-92.03844      34.34136
-92.03374      34.34156
-92.03239      34.33674
-92.03408      34.33216
-92.03907      34.32989
 1 
 1             119           
1
 -9999.0   ,   9990.0
   7
 13 
-90.69093      34.32862
-90.68808      34.32055
-90.67934      34.31536
-90.67269      34.31571
-90.66084      34.32538
-90.65958      34.32054
-90.66836      34.31151
-90.67503      34.31024
-90.68442      34.31108
-90.6942       34.31904
-90.69586      34.33076
-90.69331      34.33347
-90.69093      34.32862
 1 
 1             120           
1
 -9999.0   ,   9990.0
   7
 11 
-90.81284      34.30941
-90.82127      34.31596
-90.82734      34.31651
-90.83988      34.31256
-90.84261      34.31467
-90.83892      34.31874
-90.82834      34.32157
-90.82089      34.32077
-90.80972      34.31234
-90.81061      34.3096
-90.81284      34.30941
 1 
 1             121           
1
 -9999.0   ,   9990.0
   7
 11 
-90.73078      34.2797
-90.74024      34.27755
-90.75001      34.27289
-90.75471      34.2681
-90.75522      34.27527
-90.74025      34.31357
-90.73666      34.31306
-90.72784      34.29984
-90.72587      34.28903
-90.72652      34.28468
-90.73078      34.2797
 1 
 1             122           
1
 -9999.0   ,   9990.0
   7
 7 
-91.22541      34.30478
-91.22546      34.30959
-91.2213       34.31017
-91.22104      34.30106
-91.22723      34.29471
-91.23218      34.29683
-91.22541      34.30478
 1 
 1             123           
1
 -9999.0   ,   9990.0
   7
 127 
-93.32271      34.26861
-93.32317      34.27381
-93.32086      34.2777
-93.31759      34.27888
-93.30354      34.27624
-93.29652      34.27628
-93.29         34.27942
-93.27244      34.28202
-93.27862      34.29299
-93.28808      34.29936
-93.28971      34.30385
-93.27314      34.29876
-93.27144      34.29418
-93.26589      34.29284
-93.26148      34.2947
-93.2554       34.29473
-93.25179      34.29223
-93.25867      34.28898
-93.25452      34.28689
-93.25145      34.28535
-93.24893      34.28216
-93.25778      34.28142
-93.25886      34.27842
-93.25717      34.27591
-93.24302      34.27095
-93.24056      34.27395
-93.23642      34.2742
-93.22667      34.26485
-93.22218      34.2573
-93.21941      34.25617
-93.21833      34.25985
-93.22372      34.27725
-93.21912      34.28966
-93.21444      34.29106
-93.21238      34.27617
-93.21316      34.27089
-93.21176      34.26814
-93.21108      34.26784
-93.20704      34.2661
-93.19295      34.2664
-93.18766      34.26185
-93.19454      34.25791
-93.2056       34.25785
-93.20724      34.25532
-93.20584      34.25349
-93.19199      34.24921
-93.18586      34.24374
-93.17857      34.24351
-93.18087      34.24075
-93.18549      34.23881
-93.18382      34.23607
-93.16867      34.23694
-93.1654       34.24292
-93.16264      34.24363
-93.1557       34.23976
-93.15548      34.24687
-93.14691      34.24714
-93.14386      34.24532
-93.14441      34.24463
-93.1455       34.24325
-93.14382      34.24051
-93.12697      34.24105
-93.12114      34.23832
-93.11806      34.23123
-93.11305      34.22689
-93.10562      34.19069
-93.10742      34.17734
-93.10668      34.1761
-93.11516      34.17252
-93.12091      34.16516
-93.12368      34.1656
-93.1248       34.16904
-93.12153      34.17479
-93.12265      34.17753
-93.12928      34.17613
-93.13205      34.17841
-93.12437      34.18578
-93.11784      34.20026
-93.12181      34.21423
-93.12624      34.21628
-93.12824      34.2259
-93.13294      34.22634
-93.14231      34.22217
-93.14646      34.22352
-93.16304      34.22367
-93.16804      34.22594
-93.18159      34.22701
-93.18626      34.22424
-93.19147      34.21825
-93.19645      34.22006
-93.1979       34.22854
-93.20644      34.22528
-93.21261      34.22632
-93.21834      34.22728
-93.22827      34.22539
-93.23853      34.22969
-93.25539      34.22982
-93.26146      34.22795
-93.26506      34.22908
-93.26591      34.2316
-93.25657      34.23784
-93.21921      34.23324
-93.21162      34.23403
-93.21117      34.23674
-93.21771      34.2371
-93.21819      34.23865
-93.21349      34.24267
-93.21572      34.24473
-93.23046      34.24486
-93.24287      34.25214
-93.23654      34.25562
-93.24099      34.25834
-93.2584       34.25779
-93.25871      34.26077
-93.24986      34.26151
-93.24962      34.26678
-93.26241      34.27359
-93.27292      34.27398
-93.28095      34.276
-93.29201      34.2757
-93.30256      34.27004
-93.30537      34.27002
-93.31336      34.27619
-93.31569      34.2754
-93.31845      34.26879
-93.31989      34.2698
-93.32271      34.26861
 1 
 1             124           
1
 -9999.0   ,   9990.0
   7
 17 
-91.54189      34.28092
-91.54943      34.27525
-91.55254      34.26978
-91.56251      34.26849
-91.56582      34.26966
-91.56606      34.29535
-91.55994      34.2976
-91.54309      34.29561
-91.53589      34.29624
-91.53458      34.29027
-91.53131      34.28771
-91.53195      34.28015
-91.5298       34.27508
-91.53121      34.27303
-91.53425      34.27329
-91.53859      34.28021
-91.54189      34.28092
 1 
 1             125           
1
 -9999.0   ,   9990.0
   7
 126 
-94.69459      34.28467
-94.69011      34.28246
-94.68571      34.28323
-94.68358      34.28671
-94.67976      34.28861
-94.66647      34.28793
-94.65442      34.29273
-94.65292      34.2884
-94.65503      34.28446
-94.66717      34.2831
-94.67977      34.27852
-94.68713      34.27448
-94.69006      34.26984
-94.68751      34.26782
-94.67678      34.26962
-94.66502      34.2641
-94.66994      34.26217
-94.67209      34.25961
-94.6698       34.2569
-94.6617       34.25642
-94.66094      34.25637
-94.65809      34.25321
-94.65929      34.24585
-94.65622      34.24521
-94.65462      34.24708
-94.65158      34.24736
-94.64793      34.24513
-94.63355      34.24492
-94.62981      34.23948
-94.6345       34.23871
-94.64864      34.24053
-94.65431      34.23515
-94.6673       34.23492
-94.67191      34.23163
-94.67103      34.22981
-94.66459      34.22694
-94.67103      34.21903
-94.65876      34.21489
-94.64969      34.21711
-94.64822      34.2137
-94.65102      34.20835
-94.66215      34.20702
-94.66456      34.20423
-94.66447      34.20056
-94.65972      34.19881
-94.65771      34.19586
-94.65875      34.19355
-94.66758      34.19293
-94.66829      34.18833
-94.66431      34.18427
-94.66502      34.17967
-94.65554      34.17594
-94.6518       34.17027
-94.64488      34.16948
-94.64035      34.16543
-94.63916      34.16224
-94.64021      34.1597
-94.64543      34.15892
-94.65061      34.15607
-94.65936      34.16372
-94.66339      34.15929
-94.66945      34.15849
-94.67343      34.15246
-94.68229      34.15367
-94.69695      34.15432
-94.70598      34.16127
-94.72256      34.16166
-94.72758      34.1634
-94.72934      34.1675
-94.72608      34.16962
-94.71222      34.16758
-94.70706      34.17112
-94.70906      34.1736
-94.72342      34.17334
-94.73009      34.17505
-94.73244      34.17983
-94.72558      34.18156
-94.72342      34.1839
-94.72379      34.18687
-94.73752      34.19227
-94.73831      34.19257
-94.74338      34.19637
-94.73636      34.20247
-94.73251      34.203
-94.72466      34.19879
-94.72109      34.19977
-94.71921      34.2021
-94.71888      34.21013
-94.71646      34.21247
-94.71149      34.21302
-94.70341      34.21018
-94.70182      34.21296
-94.70478      34.22048
-94.70214      34.22512
-94.69156      34.2221
-94.69051      34.22441
-94.69197      34.22737
-94.69946      34.22815
-94.71619      34.23381
-94.71932      34.23696
-94.71966      34.23971
-94.71636      34.24023
-94.70994      34.23782
-94.70513      34.23808
-94.70332      34.23817
-94.69821      34.24331
-94.68899      34.24027
-94.68125      34.24018
-94.67829      34.24321
-94.67948      34.2464
-94.68611      34.24582
-94.68871      34.25014
-94.68851      34.25335
-94.68338      34.25804
-94.684        34.26055
-94.68764      34.26209
-94.69871      34.2628
-94.71237      34.26692
-94.72136      34.2718
-94.72003      34.27389
-94.70097      34.27469
-94.69909      34.27679
-94.6997       34.27908
-94.70533      34.28287
-94.70402      34.28565
-94.69459      34.28467
 1 
 1             126           
1
 -9999.0   ,   9990.0
   7
 12 
-90.76192      34.28454
-90.76679      34.27751
-90.77631      34.27215
-90.80053      34.2771
-90.80404      34.28083
-90.80259      34.28425
-90.80746      34.28891
-90.80159      34.29203
-90.79218      34.29235
-90.77889      34.28022
-90.77078      34.28445
-90.76192      34.28454
 1 
 1             127           
1
 -9999.0   ,   9990.0
   7
 8 
-91.08766      34.28218
-91.08741      34.27593
-91.09008      34.27471
-91.09268      34.27631
-91.09289      34.28444
-91.09209      34.28661
-91.08947      34.28595
-91.08766      34.28218
 1 
 1             128           
1
 -9999.0   ,   9990.0
   7
 8 
-91.33379      34.27226
-91.33678      34.27527
-91.32978      34.28139
-91.3245       34.28294
-91.32234      34.27947
-91.32404      34.27674
-91.32879      34.27312
-91.33379      34.27226
 1 
 1             129           
1
 -9999.0   ,   9990.0
   7
 8 
-90.73078      34.2797
-90.73339      34.27446
-90.74351      34.26728
-90.74961      34.26623
-90.75471      34.2681
-90.75001      34.27289
-90.74024      34.27755
-90.73078      34.2797
 1 
 1             130           
1
 -9999.0   ,   9990.0
   7
 7 
-91.41514      34.2685
-91.41844      34.26968
-91.42061      34.27245
-91.41805      34.27725
-91.41416      34.27904
-91.4092       34.27739
-91.41514      34.2685
 1 
 1             131           
1
 -9999.0   ,   9990.0
   7
 7 
-91.51162      34.26964
-91.52157      34.26996
-91.5232       34.2725
-91.52178      34.27524
-91.51209      34.27584
-91.51047      34.27307
-91.51162      34.26964
 1 
 1             132           
1
 -9999.0   ,   9990.0
   7
 6 
-90.81976      34.24688
-90.81971      34.24912
-90.80728      34.2607
-90.80118      34.26116
-90.81572      34.24625
-90.81976      34.24688
 1 
 1             133           
1
 -9999.0   ,   9990.0
   7
 7 
-90.79794      34.25494
-90.79663      34.25324
-90.79874      34.24991
-90.80838      34.24221
-90.80969      34.24447
-90.80336      34.25447
-90.79794      34.25494
 1 
 1             134           
1
 -9999.0   ,   9990.0
   7
 91 
-93.71266      34.14393
-93.72158      34.15004
-93.7236       34.15598
-93.736        34.15449
-93.74047      34.15788
-93.73031      34.16188
-93.72622      34.16513
-93.72764      34.16787
-93.73538      34.16802
-93.73789      34.17052
-93.72644      34.1805
-93.72594      34.1844
-93.73409      34.19372
-93.73721      34.19382
-93.73962      34.1939
-93.74372      34.19111
-93.75255      34.19033
-93.75668      34.19006
-93.75837      34.19165
-93.7516       34.20112
-93.74439      34.1989
-93.73832      34.20033
-93.73536      34.20541
-93.73708      34.20998
-93.74462      34.21518
-93.75183      34.21694
-93.75605      34.22195
-93.75992      34.22214
-93.76919      34.22707
-93.78041      34.22774
-93.80196      34.23181
-93.81782      34.23071
-93.80623      34.23565
-93.79688      34.23535
-93.77949      34.23254
-93.76736      34.23058
-93.76089      34.23107
-93.75761      34.23386
-93.75876      34.2366
-93.76572      34.24043
-93.76355      34.24297
-93.75774      34.2428
-93.7513       34.23668
-93.74852      34.23647
-93.74281      34.24204
-93.73922      34.24299
-93.73668      34.23911
-93.74706      34.23075
-93.7473       34.228
-93.7445       34.2255
-93.73426      34.22492
-93.73127      34.22276
-93.73731      34.22038
-93.73776      34.21844
-93.71506      34.21524
-93.70718      34.21745
-93.70405      34.21833
-93.69749      34.22321
-93.68889      34.22146
-93.67983      34.2259
-93.67109      34.23309
-93.66859      34.23266
-93.66355      34.22743
-93.66544      34.22397
-93.67814      34.22316
-93.68882      34.21618
-93.70119      34.21171
-93.70893      34.21186
-93.71241      34.20403
-93.72314      34.20071
-93.72502      34.19703
-93.72106      34.19064
-93.71273      34.18751
-93.71192      34.1867
-93.71049      34.18524
-93.71761      34.17672
-93.7171       34.17324
-93.71429      34.17249
-93.70738      34.17992
-93.69997      34.18351
-93.69797      34.17894
-93.70856      34.16645
-93.70689      34.16509
-93.69804      34.16449
-93.69064      34.16892
-93.67906      34.16994
-93.67792      34.16743
-93.68911      34.15769
-93.70731      34.15591
-93.71031      34.15382
-93.71266      34.14393
 1 
 1             135           
1
 -9999.0   ,   9990.0
   7
 18 
-94.23047      34.20451
-94.23479      34.21317
-94.23961      34.2186
-94.23803      34.22252
-94.24069      34.23052
-94.23504      34.23817
-94.23201      34.2389
-94.22145      34.2363
-94.22358      34.23213
-94.23022      34.2325
-94.23254      34.22444
-94.23216      34.21962
-94.22798      34.21739
-94.21968      34.21705
-94.21824      34.21432
-94.22289      34.21173
-94.22472      34.20665
-94.23047      34.20451
 1 
 1             136           
1
 -9999.0   ,   9990.0
   7
 7 
-91.44451      34.22429
-91.44669      34.22637
-91.44638      34.22844
-91.44381      34.23437
-91.44048      34.23549
-91.43802      34.23271
-91.44451      34.22429
 1 
 1             137           
1
 -9999.0   ,   9990.0
   7
 8 
-90.88704      34.21277
-90.89498      34.21633
-90.90224      34.22584
-90.90998      34.23257
-90.90924      34.23536
-90.8891       34.22014
-90.88453      34.21412
-90.88704      34.21277
 1 
 1             138           
1
 -9999.0   ,   9990.0
   7
 16 
-90.88453      34.21412
-90.84936      34.23058
-90.85358      34.22194
-90.85025      34.22244
-90.84677      34.22556
-90.84482      34.22732
-90.84185      34.22617
-90.84839      34.21106
-90.85581      34.20016
-90.86059      34.19565
-90.86574      34.19538
-90.87774      34.19475
-90.87092      34.20382
-90.87198      34.20613
-90.88704      34.21277
-90.88453      34.21412
 1 
 1             139           
1
 -9999.0   ,   9990.0
   7
 10 
-91.08185      34.21585
-91.07943      34.22363
-91.07752      34.22485
-91.07642      34.22358
-91.07736      34.21454
-91.07567      34.20482
-91.07685      34.20203
-91.07948      34.20207
-91.08093      34.2049
-91.08185      34.21585
 1 
 1             140           
1
 -9999.0   ,   9990.0
   7
 13 
-91.68799      34.19565
-91.69099      34.20026
-91.68839      34.20987
-91.68946      34.21355
-91.69714      34.21911
-91.70156      34.2196
-91.70264      34.2219
-91.70012      34.22372
-91.69158      34.22251
-91.68446      34.21672
-91.68314      34.20983
-91.68575      34.19861
-91.68799      34.19565
 1 
 1             141           
1
 -9999.0   ,   9990.0
   7
 6 
-90.1834       34.20467
-90.18515      34.21113
-90.18255      34.21497
-90.17748      34.20868
-90.17921      34.20619
-90.1834       34.20467
 1 
 1             142           
1
 -9999.0   ,   9990.0
   7
 8 
-91.3822       34.19454
-91.38355      34.19662
-91.38294      34.2012
-91.37621      34.20801
-91.37458      34.20547
-91.37773      34.19817
-91.37943      34.19497
-91.3822       34.19454
 1 
 1             143           
1
 -9999.0   ,   9990.0
   7
 7 
-91.48692      34.20495
-91.46608      34.20247
-91.45566      34.19641
-91.46071      34.1905
-91.46808      34.19722
-91.48239      34.20148
-91.48692      34.20495
 1 
 1             144           
1
 -9999.0   ,   9990.0
   7
 31 
-94.09856      34.18382
-94.09565      34.18402
-94.09181      34.1924
-94.08619      34.18719
-94.07485      34.18665
-94.07258      34.18324
-94.075        34.17954
-94.09204      34.17542
-94.09782      34.15997
-94.09612      34.15747
-94.08923      34.15825
-94.08778      34.15437
-94.09369      34.14581
-94.09417      34.14167
-94.09723      34.13978
-94.10581      34.14427
-94.11932      34.14317
-94.12406      34.14518
-94.12136      34.14842
-94.10486      34.15208
-94.10161      34.15556
-94.10302      34.15761
-94.11488      34.15677
-94.1144       34.16044
-94.10698      34.16215
-94.10318      34.16518
-94.10059      34.17462
-94.11091      34.17976
-94.10903      34.18276
-94.10184      34.18217
-94.09856      34.18382
 1 
 1             145           
1
 -9999.0   ,   9990.0
   7
 11 
-90.86318      34.17755
-90.85091      34.18169
-90.84481      34.18196
-90.8431       34.18049
-90.84448      34.17762
-90.85014      34.17735
-90.85761      34.17385
-90.86984      34.17151
-90.87156      34.17262
-90.86932      34.17548
-90.86318      34.17755
 1 
 1             146           
1
 -9999.0   ,   9990.0
   7
 11 
-92.63022      34.15999
-92.6316       34.16343
-92.62746      34.17215
-92.62858      34.17766
-92.62692      34.18155
-92.62222      34.1772
-92.61559      34.17835
-92.61366      34.17514
-92.61504      34.17147
-92.62056      34.1655
-92.63022      34.15999
 1 
 1             147           
1
 -9999.0   ,   9990.0
   7
 14 
-91.84946      34.17859
-91.84602      34.17759
-91.8436       34.17008
-91.83632      34.16571
-91.83135      34.1666
-91.82633      34.1723
-91.82329      34.17274
-91.82221      34.16929
-91.82474      34.16495
-91.83278      34.16179
-91.84243      34.163
-91.84572      34.166
-91.84951      34.17479
-91.84946      34.17859
 1 
 1             148           
1
 -9999.0   ,   9990.0
   7
 12 
-91.62631      34.15479
-91.62907      34.15527
-91.63014      34.15849
-91.62402      34.16189
-91.62454      34.16533
-91.63308      34.16632
-91.64105      34.16959
-91.64157      34.17258
-91.62009      34.16759
-91.61737      34.16367
-91.62019      34.15819
-91.62631      34.15479
 1 
 1             149           
1
 -9999.0   ,   9990.0
   7
 8 
-90.91385      34.17187
-90.91449      34.16729
-90.96412      34.13681
-90.96162      34.15194
-90.94184      34.16676
-90.92326      34.17063
-90.92102      34.17243
-90.91385      34.17187
 1 
 1             150           
1
 -9999.0   ,   9990.0
   7
 13 
-91.45159      34.16088
-91.45496      34.16667
-91.45215      34.16951
-91.44798      34.17062
-91.43765      34.16648
-91.43563      34.16301
-91.43652      34.15037
-91.43862      34.14924
-91.44341      34.15332
-91.44611      34.1568
-91.44468      34.16023
-91.44742      34.16198
-91.45159      34.16088
 1 
 1             151           
1
 -9999.0   ,   9990.0
   7
 15 
-90.86262      34.14467
-90.85911      34.14791
-90.85104      34.15054
-90.85402      34.15334
-90.86309      34.15577
-90.86964      34.15954
-90.86929      34.1632
-90.86708      34.1634
-90.86272      34.16035
-90.847        34.15897
-90.84459      34.1555
-90.84531      34.14794
-90.84925      34.1441
-90.85659      34.14241
-90.86262      34.14467
 1 
 1             152           
1
 -9999.0   ,   9990.0
   7
 28 
-94.40521      34.16108
-94.40189      34.16044
-94.39551      34.14724
-94.39043      34.1425
-94.38576      34.1311
-94.37529      34.13195
-94.37188      34.12787
-94.38056      34.12063
-94.38119      34.11191
-94.37449      34.10903
-94.37304      34.10561
-94.37677      34.09982
-94.37641      34.09569
-94.38078      34.09379
-94.38308      34.09765
-94.39688      34.09813
-94.39972      34.10198
-94.38924      34.11408
-94.39121      34.11565
-94.39754      34.11509
-94.40171      34.1164
-94.40511      34.12048
-94.40381      34.12371
-94.39917      34.12608
-94.39758      34.12908
-94.40826      34.1491
-94.40921      34.15482
-94.40521      34.16108
 1 
 1             153           
1
 -9999.0   ,   9990.0
   7
 11 
-93.0344       34.15223
-93.02891      34.15775
-93.02312      34.15823
-93.02227      34.15548
-93.02418      34.15066
-93.03736      34.13891
-93.04261      34.13935
-93.04511      34.14278
-93.04486      34.14691
-93.04017      34.14716
-93.0344       34.15223
 1 
 1             154           
1
 -9999.0   ,   9990.0
   7
 8 
-91.68505      34.15045
-91.6949       34.14409
-91.70291      34.14438
-91.70619      34.1467
-91.70616      34.14991
-91.69477      34.14823
-91.68781      34.15162
-91.68505      34.15045
 1 
 1             155           
1
 -9999.0   ,   9990.0
   7
 6 
-90.93604      34.10894
-90.95077      34.12055
-90.95038      34.1265
-90.94471      34.13399
-90.93909      34.1385
-90.93604      34.10894
 1 
 1             156           
1
 -9999.0   ,   9990.0
   7
 12 
-91.42579      34.11928
-91.42713      34.12251
-91.42511      34.12868
-91.42004      34.13643
-91.41531      34.13845
-91.41369      34.13614
-91.41458      34.13248
-91.40895      34.12682
-91.41521      34.12652
-91.41854      34.12495
-91.4222       34.11994
-91.42579      34.11928
 1 
 1             157           
1
 -9999.0   ,   9990.0
   7
 7 
-91.64848      34.1224
-91.65756      34.12592
-91.66055      34.12915
-91.65969      34.13258
-91.64871      34.12768
-91.64571      34.12422
-91.64848      34.1224
 1 
 1             158           
1
 -9999.0   ,   9990.0
   7
 12 
-91.16523      34.12057
-91.16611      34.1176
-91.16182      34.1064
-91.16322      34.10455
-91.16818      34.10959
-91.17084      34.11536
-91.171        34.12224
-91.17484      34.12344
-91.17008      34.12774
-91.16676      34.12838
-91.16461      34.12492
-91.16523      34.12057
 1 
 1             159           
1
 -9999.0   ,   9990.0
   7
 12 
-91.55883      34.11845
-91.55675      34.11823
-91.55055      34.11587
-91.54646      34.11238
-91.54802      34.1111
-91.54996      34.10954
-91.55819      34.11422
-91.57001      34.10973
-91.57136      34.11262
-91.57062      34.11606
-91.56296      34.11887
-91.55883      34.11845
 1 
 1             160           
1
 -9999.0   ,   9990.0
   7
 7 
-91.4826       34.10262
-91.49658      34.11009
-91.49184      34.11326
-91.48716      34.11207
-91.48251      34.10928
-91.47927      34.10374
-91.4826       34.10262
 1 
 1             161           
1
 -9999.0   ,   9990.0
   7
 11 
-90.13147      34.08407
-90.13668      34.08509
-90.13602      34.08898
-90.13969      34.10442
-90.13815      34.1099
-90.13398      34.11096
-90.12795      34.10946
-90.12961      34.10032
-90.1277       34.09018
-90.12896      34.08493
-90.13147      34.08407
 1 
 1             162           
1
 -9999.0   ,   9990.0
   7
 7 
-90.88045      34.07757
-90.89631      34.08422
-90.88932      34.08871
-90.88489      34.08956
-90.88106      34.08813
-90.87922      34.08329
-90.88045      34.07757
 1 
 1             163           
1
 -9999.0   ,   9990.0
   7
 7 
-91.09368      34.07217
-91.09621      34.07546
-91.09576      34.08508
-91.09219      34.0848
-91.0914       34.0825
-91.0914       34.0772
-91.09368      34.07217
 1 
 1             164           
1
 -9999.0   ,   9990.0
   7
 13 
-91.55606      34.06992
-91.55652      34.05994
-91.55406      34.05877
-91.5395       34.07608
-91.53481      34.07649
-91.53319      34.0735
-91.54042      34.06806
-91.55112      34.05118
-91.55748      34.04963
-91.56046      34.05333
-91.56228      34.06275
-91.55954      34.06823
-91.55606      34.06992
 1 
 1             165           
1
 -9999.0   ,   9990.0
   7
 9 
-90.96851      34.07438
-90.96377      34.07251
-90.95361      34.06072
-90.95094      34.05632
-90.95237      34.05382
-90.95566      34.05455
-90.96816      34.07004
-90.96985      34.07259
-90.96851      34.07438
 1 
 1             166           
1
 -9999.0   ,   9990.0
   7
 20 
-91.28772      34.0183
-91.28848      34.02267
-91.28501      34.03295
-91.27889      34.03656
-91.27799      34.04159
-91.28219      34.05471
-91.28443      34.06988
-91.27995      34.07395
-91.27638      34.073
-91.27149      34.06836
-91.2706       34.05504
-91.26816      34.05249
-91.25848      34.05399
-91.2569       34.04984
-91.26445      34.04328
-91.26872      34.03438
-91.26657      34.02635
-91.26508      34.02081
-91.26842      34.01924
-91.28772      34.0183
 1 
 1             167           
1
 -9999.0   ,   9990.0
   7
 15 
-91.48047      34.0549
-91.48625      34.05541
-91.49064      34.05774
-91.49306      34.06213
-91.49218      34.06602
-91.48996      34.0676
-91.48397      34.06135
-91.47543      34.06059
-91.46852      34.0619
-91.46406      34.06484
-91.45941      34.07322
-91.45741      34.06821
-91.46081      34.06068
-91.4672       34.05753
-91.48047      34.0549
 1 
 1             168           
1
 -9999.0   ,   9990.0
   7
 7 
-91.17218      34.05623
-91.16628      34.04677
-91.16854      34.04174
-91.1707       34.04249
-91.17363      34.04794
-91.17436      34.05518
-91.17218      34.05623
 1 
 1             169           
1
 -9999.0   ,   9990.0
   7
 8 
-91.00892      34.0533
-91.00554      34.04855
-91.00312      34.03949
-91.00409      34.03517
-91.00712      34.03557
-91.00917      34.04138
-91.01074      34.04971
-91.00892      34.0533
 1 
 1             170           
1
 -9999.0   ,   9990.0
   7
 5 
-91.03007      34.03879
-91.03769      34.04809
-91.03708      34.05152
-91.03321      34.05216
-91.03007      34.03879
 1 
 1             171           
1
 -9999.0   ,   9990.0
   7
 9 
-91.46509      34.0403
-91.46306      34.03203
-91.45711      34.02623
-91.45811      34.01593
-91.46169      34.00943
-91.46221      34.01895
-91.46821      34.03352
-91.46857      34.03854
-91.46509      34.0403
 1 
 1             172           
1
 -9999.0   ,   9990.0
   7
 10 
-90.19779      34.01477
-90.20282      34.02176
-90.20688      34.03377
-90.20458      34.03716
-90.19933      34.03729
-90.19481      34.03169
-90.19444      34.02884
-90.19826      34.02932
-90.19575      34.0184
-90.19779      34.01477
 1 
 1             173           
1
 -9999.0   ,   9990.0
   7
 8 
-91.16522      34.03375
-91.15748      34.02968
-91.15539      34.02568
-91.15588      34.02243
-91.16108      34.02322
-91.16188      34.02721
-91.16612      34.03196
-91.16522      34.03375
 1 
 1             174           
1
 -9999.0   ,   9990.0
   7
 6 
-91.45144      34.03119
-91.43999      34.01888
-91.44216      34.01783
-91.4456       34.01859
-91.45327      34.0244
-91.45144      34.03119
 1 
 1             175           
1
 -9999.0   ,   9990.0
   7
 15 
-91.40469      34.01707
-91.40207      34.01919
-91.39691      34.01842
-91.3917       34.02051
-91.38993      34.02372
-91.39076      34.02552
-91.40282      34.02637
-91.40192      34.02815
-91.39025      34.03018
-91.38599      34.0269
-91.3852       34.02295
-91.38916      34.01798
-91.39481      34.01517
-91.40384      34.01563
-91.40469      34.01707
 1 
 1             176           
1
 -9999.0   ,   9990.0
   7
 9 
-90.17143      34.02795
-90.16762      34.02792
-90.16666      34.02286
-90.16869      34.01946
-90.18088      34.01787
-90.18273      34.02043
-90.18128      34.02269
-90.17441      34.02442
-90.17143      34.02795
 1 
 1             177           
1
 -9999.0   ,   9990.0
   7
 17 
-91.0813       34.01608
-91.07279      34.01391
-91.06234      34.01388
-91.05915      34.01534
-91.05162      34.01042
-91.03705      33.99441
-91.04621      33.99063
-91.07134      33.98751
-91.07489      33.98962
-91.069        33.99528
-91.06838      33.99894
-91.07029      34.00012
-91.07913      33.99885
-91.08137      33.99682
-91.09496      33.99217
-91.09516      33.99653
-91.0813       34.01608
 1 
 1             178           
1
 -9999.0   ,   9990.0
   7
 8 
-91.43695      33.99304
-91.43694      33.99447
-91.42789      33.99402
-91.42226      33.99575
-91.41972      33.99321
-91.42148      33.99108
-91.43441      33.9905
-91.43695      33.99304
 1 
 1             179           
1
 -9999.0   ,   9990.0
   7
 8 
-90.26494      33.97001
-90.26739      33.9712
-90.26649      33.97348
-90.23644      33.99376
-90.23376      33.9905
-90.23866      33.98325
-90.24544      33.97719
-90.26494      33.97001
 1 
 1             180           
1
 -9999.0   ,   9990.0
   7
 7 
-90.22266      33.98385
-90.21898      33.98721
-90.21096      33.9882
-90.21021      33.98566
-90.21252      33.98158
-90.21834      33.98055
-90.22266      33.98385
 1 
 1             181           
1
 -9999.0   ,   9990.0
   7
 16 
-90.97986      33.95924
-90.99078      33.96144
-91.00181      33.96366
-91.00832      33.9688
-91.01202      33.9771
-91.01141      33.98053
-91.0056       33.98137
-90.99594      33.96794
-90.97944      33.96657
-90.9733       33.97085
-90.96501      33.98587
-90.96172      33.98536
-90.96121      33.9693
-90.9635       33.96429
-90.97103      33.9598
-90.97986      33.95924
 1 
 1             182           
1
 -9999.0   ,   9990.0
   7
 11 
-91.27731      33.98299
-91.26791      33.97893
-91.26156      33.9724
-91.26287      33.97134
-91.26802      33.97248
-91.2744       33.97722
-91.2895       33.97561
-91.29118      33.97778
-91.29069      33.98136
-91.28375      33.98378
-91.27731      33.98299
 1 
 1             183           
1
 -9999.0   ,   9990.0
   7
 15 
-91.42508      33.98108
-91.42425      33.97928
-91.42916      33.96822
-91.42444      33.96745
-91.41294      33.97443
-91.40714      33.97552
-91.40303      33.97387
-91.40306      33.97135
-91.40833      33.96911
-91.41451      33.96914
-91.42794      33.96391
-91.43352      33.96504
-91.43472      33.97079
-91.43075      33.97684
-91.42508      33.98108
 1 
 1             184           
1
 -9999.0   ,   9990.0
   7
 12 
-91.38542      33.95663
-91.38197      33.95767
-91.38019      33.96052
-91.38181      33.96663
-91.37666      33.96621
-91.37597      33.95581
-91.37945      33.95369
-91.38388      33.94622
-91.38731      33.94626
-91.38813      33.94913
-91.38761      33.95522
-91.38542      33.95663
 1 
 1             185           
1
 -9999.0   ,   9990.0
   7
 6 
-91.00477      33.93847
-91.00886      33.94059
-91.01259      33.94706
-91.00923      33.95023
-91.00387      33.94236
-91.00477      33.93847
 1 
 1             186           
1
 -9999.0   ,   9990.0
   7
 10 
-91.31032      33.94215
-91.30809      33.94679
-91.30552      33.94568
-91.29904      33.94704
-91.29604      33.94629
-91.29481      33.94304
-91.29571      33.9409
-91.30389      33.94028
-91.31078      33.94072
-91.31032      33.94215
 1 
 1             187           
1
 -9999.0   ,   9990.0
   7
 10 
-91.05391      33.94692
-91.03684      33.94624
-91.02376      33.93873
-91.02011      33.93388
-91.02331      33.91877
-91.03259      33.90556
-91.03529      33.92672
-91.03954      33.9348
-91.04709      33.94339
-91.05391      33.94692
 1 
 1             188           
1
 -9999.0   ,   9990.0
   7
 69 
-95            33.85629
-95            33.86355
-94.99811      33.86254
-94.99322      33.85838
-94.99233      33.85657
-94.9917       33.85529
-94.99088      33.85362
-94.98552      33.84914
-94.98046      33.85475
-94.97812      33.86254
-94.97469      33.8645
-94.97033      33.8644
-94.96983      33.86424
-94.96666      33.8626
-94.96136      33.85124
-94.96205      33.83723
-94.95713      33.83273
-94.94622      33.83205
-94.93834      33.82602
-94.93675      33.81871
-94.94013      33.81199
-94.93944      33.80741
-94.93692      33.80586
-94.93281      33.80617
-94.92503      33.80887
-94.92437      33.80909
-94.91846      33.81029
-94.91146      33.80947
-94.91063      33.80937
-94.90525      33.80397
-94.90484      33.79962
-94.90977      33.78897
-94.9098       33.78071
-94.8917       33.77282
-94.88481      33.77181
-94.87594      33.76241
-94.8738       33.75175
-94.89903      33.76969
-94.91462      33.77649
-94.91676      33.78378
-94.91499      33.78887
-94.91382      33.79216
-94.91092      33.80042
-94.91133      33.80417
-94.91195      33.80431
-94.9151       33.80499
-94.92008      33.80345
-94.9329       33.79975
-94.94308      33.8
-94.94677      33.80382
-94.94942      33.80996
-94.94642      33.81094
-94.94411      33.81627
-94.94563      33.82151
-94.94486      33.8229
-94.94801      33.82583
-94.95765      33.82792
-94.96352      33.83124
-94.96723      33.83552
-94.967        33.84683
-94.96689      33.85204
-94.96809      33.85354
-94.97032      33.85633
-94.97498      33.85578
-94.97915      33.84789
-94.98345      33.84436
-94.99035      33.84514
-94.99382      33.85103
-95            33.85629
 1 
 1             189           
1
 -9999.0   ,   9990.0
   7
 10 
-90.22427      33.83413
-90.23196      33.84144
-90.23531      33.83986
-90.23741      33.83605
-90.23871      33.83663
-90.23981      33.84381
-90.23447      33.8459
-90.22598      33.84297
-90.22354      33.83631
-90.22427      33.83413
 1 
 1             190           
1
 -9999.0   ,   9990.0
   7
 75 
-93.93646      33.78077
-93.93201      33.77784
-93.9265       33.77722
-93.91751      33.78145
-93.90619      33.77928
-93.8999       33.78119
-93.88608      33.79304
-93.87907      33.80138
-93.87869      33.79496
-93.88403      33.78527
-93.88999      33.77993
-93.90089      33.77453
-93.91491      33.77437
-93.92173      33.77131
-93.92681      33.77067
-93.92776      33.77055
-93.94593      33.77217
-93.96315      33.76669
-93.96636      33.76207
-93.96547      33.75818
-93.95912      33.75619
-93.95089      33.75721
-93.94262      33.7557
-93.93294      33.75145
-93.92836      33.74096
-93.92802      33.73684
-93.93524      33.72551
-93.93123      33.71524
-93.932        33.71225
-93.94026      33.71307
-93.94508      33.70659
-93.94752      33.70473
-93.96257      33.70157
-93.97342      33.6941
-93.97641      33.69223
-93.98244      33.69147
-93.98466      33.69259
-93.99533      33.70645
-94.00099      33.71555
-93.99678      33.7257
-94.00044      33.7307
-94.00619      33.7304
-94.01542      33.72386
-94.02444      33.72123
-94.03651      33.72062
-94.05115      33.72502
-94.03489      33.73715
-94.02967      33.73745
-94.02166      33.73502
-94.01793      33.74149
-94.01836      33.76557
-94.01631      33.77316
-94.01307      33.77664
-93.99313      33.78422
-93.98773      33.78956
-93.98726      33.79392
-93.99477      33.81424
-93.99617      33.81595
-94.01894      33.84353
-94.01815      33.84561
-94.01126      33.84432
-94.00652      33.84162
-94.00001      33.83115
-93.98718      33.82099
-93.97918      33.81902
-93.97389      33.81519
-93.95558      33.78972
-93.95224      33.78792
-93.9493       33.79254
-93.94904      33.79469
-93.94809      33.80242
-93.94646      33.80336
-93.94252      33.79859
-93.94062      33.78347
-93.93646      33.78077
 1 
 1             191           
1
 -9999.0   ,   9990.0
   7
 11 
-90.27481      33.82142
-90.27087      33.82079
-90.2652       33.81187
-90.25972      33.81836
-90.25574      33.81938
-90.25512      33.81771
-90.26202      33.80795
-90.26534      33.80747
-90.26924      33.8092
-90.27489      33.81867
-90.27481      33.82142
 1 
 1             192           
1
 -9999.0   ,   9990.0
   7
 10 
-91.04064      33.80632
-91.03896      33.80821
-91.03463      33.80711
-91.03282      33.8045
-91.03492      33.79261
-91.03747      33.79006
-91.04056      33.79062
-91.04154      33.79934
-91.04214      33.80463
-91.04064      33.80632
 1 
 1             193           
1
 -9999.0   ,   9990.0
   7
 15 
-94.85822      33.7837
-94.85958      33.78816
-94.85811      33.79508
-94.86063      33.79676
-94.86598      33.79562
-94.87081      33.79105
-94.87372      33.79168
-94.87503      33.79407
-94.87061      33.79864
-94.86325      33.80188
-94.85871      33.80197
-94.85449      33.7986
-94.85309      33.79276
-94.85619      33.78477
-94.85822      33.7837
 1 
 1             194           
1
 -9999.0   ,   9990.0
   7
 19 
-91.00436      33.79839
-90.99326      33.79461
-90.98968      33.78782
-90.98919      33.78159
-90.99122      33.77385
-91.00369      33.76484
-91.01557      33.76133
-91.02684      33.76125
-91.03613      33.76464
-91.04161      33.7699
-91.0385       33.77038
-91.03051      33.76612
-91.01995      33.76597
-91.00582      33.76831
-90.99804      33.77446
-90.99288      33.7832
-90.99766      33.79208
-91.0038       33.79579
-91.00436      33.79839
 1 
 1             195           
1
 -9999.0   ,   9990.0
   7
 11 
-94.8096       33.7758
-94.81246      33.77987
-94.81042      33.78564
-94.81381      33.78879
-94.82181      33.79001
-94.82138      33.79415
-94.81285      33.79408
-94.80343      33.79128
-94.80054      33.78606
-94.80235      33.78213
-94.8096       33.7758
 1 
 1             196           
1
 -9999.0   ,   9990.0
   7
 10 
-94.88455      33.78237
-94.88786      33.78253
-94.89126      33.7859
-94.89594      33.78604
-94.9004       33.78824
-94.89962      33.79032
-94.89719      33.79152
-94.88728      33.79125
-94.88411      33.78604
-94.88455      33.78237
 1 
 1             197           
1
 -9999.0   ,   9990.0
   7
 7 
-94.16347      33.7795
-94.16727      33.77716
-94.17168      33.77779
-94.17369      33.78257
-94.17269      33.7874
-94.16859      33.78838
-94.16347      33.7795
 1 
 1             198           
1
 -9999.0   ,   9990.0
   7
 8 
-91.12763      33.78559
-91.11715      33.78182
-91.11411      33.77815
-91.11539      33.7761
-91.12958      33.78147
-91.13828      33.78106
-91.13325      33.78463
-91.12763      33.78559
 1 
 1             199           
1
 -9999.0   ,   9990.0
   7
 7 
-94.78558      33.76631
-94.79702      33.77414
-94.79706      33.77548
-94.79441      33.77642
-94.78463      33.77079
-94.7835       33.76858
-94.78558      33.76631
 1 
 1             200           
1
 -9999.0   ,   9990.0
   7
 13 
-91.13249      33.73829
-91.13322      33.74335
-91.12729      33.75222
-91.12061      33.75787
-91.10892      33.76552
-91.10451      33.76684
-91.09634      33.76599
-91.09129      33.77059
-91.08816      33.77107
-91.09202      33.76438
-91.11552      33.75001
-91.12389      33.74254
-91.13249      33.73829
 1 
 1             201           
1
 -9999.0   ,   9990.0
   7
 23 
-94.76176      33.75985
-94.75715      33.75752
-94.75362      33.74864
-94.75516      33.74471
-94.76109      33.74048
-94.7742       33.74026
-94.77738      33.74361
-94.77662      33.74569
-94.77226      33.74714
-94.76318      33.74663
-94.76081      33.75057
-94.76261      33.75581
-94.76589      33.75625
-94.76867      33.75662
-94.77182      33.7544
-94.77821      33.74991
-94.78195      33.74984
-94.78183      33.75129
-94.78153      33.75477
-94.77752      33.75897
-94.77154      33.76115
-94.76328      33.76062
-94.76176      33.75985
 1 
 1             202           
1
 -9999.0   ,   9990.0
   7
 6 
-91.04588      33.71296
-91.0718       33.72057
-91.07484      33.72321
-91.06059      33.72249
-91.05197      33.71874
-91.04588      33.71296
 1 
 1             203           
1
 -9999.0   ,   9990.0
   7
 10 
-94.70413      33.70869
-94.70768      33.71096
-94.70569      33.71167
-94.70503      33.7119
-94.70019      33.71065
-94.69626      33.70312
-94.69728      33.70087
-94.69997      33.70171
-94.70225      33.70748
-94.70413      33.70869
 1 
 1             204           
1
 -9999.0   ,   9990.0
   7
 9 
-90.2097       33.68882
-90.21345      33.69211
-90.20509      33.6963
-90.19374      33.70868
-90.18762      33.71131
-90.18604      33.70899
-90.19625      33.69795
-90.20144      33.68934
-90.2097       33.68882
 1 
 1             205           
1
 -9999.0   ,   9990.0
   7
 33 
-93.09219      33.70547
-93.07876      33.70851
-93.07546      33.70669
-93.06447      33.70628
-93.06226      33.70377
-93.06196      33.70056
-93.06606      33.69687
-93.07213      33.70143
-93.07622      33.69843
-93.07772      33.67481
-93.08289      33.6686
-93.08068      33.66471
-93.0675       33.66362
-93.06472      33.65996
-93.06773      33.65743
-93.07751      33.65642
-93.08638      33.65551
-93.09075      33.65297
-93.09727      33.64193
-93.10028      33.64169
-93.10222      33.64466
-93.10036      33.65362
-93.09792      33.65753
-93.09217      33.65961
-93.09061      33.672
-93.08625      33.67753
-93.08881      33.69242
-93.09241      33.69676
-93.10942      33.69416
-93.11245      33.69621
-93.10562      33.70175
-93.09739      33.70247
-93.09219      33.70547
 1 
 1             206           
1
 -9999.0   ,   9990.0
   7
 13 
-91.28352      33.70727
-91.27229      33.70531
-91.25336      33.70418
-91.25258      33.70119
-91.25795      33.69162
-91.26429      33.68985
-91.26949      33.69083
-91.27459      33.69869
-91.28051      33.68866
-91.29149      33.68833
-91.29279      33.69338
-91.28851      33.70343
-91.28352      33.70727
 1 
 1             207           
1
 -9999.0   ,   9990.0
   7
 28 
-91.03268      33.68404
-91.03772      33.67883
-91.05022      33.67097
-91.05388      33.66597
-91.07819      33.65735
-91.08699      33.65631
-91.09441      33.65617
-91.11924      33.66406
-91.13691      33.67391
-91.15313      33.6881
-91.15928      33.69803
-91.15838      33.70215
-91.15319      33.70048
-91.14472      33.69228
-91.13807      33.68585
-91.10809      33.67332
-91.09658      33.67294
-91.09468      33.67177
-91.09628      33.66776
-91.10835      33.66615
-91.10343      33.66431
-91.08877      33.66413
-91.07198      33.66689
-91.04701      33.68102
-91.04196      33.68691
-91.03928      33.70198
-91.03257      33.69
-91.03268      33.68404
 1 
 1             208           
1
 -9999.0   ,   9990.0
   7
 12 
-91.23274      33.69288
-91.23555      33.68349
-91.23379      33.66113
-91.22386      33.65135
-91.21458      33.6452
-91.21248      33.64155
-91.22393      33.64713
-91.23461      33.65571
-91.23956      33.66181
-91.24047      33.6914
-91.23532      33.69616
-91.23274      33.69288
 1 
 1             209           
1
 -9999.0   ,   9990.0
   7
 8 
-94.61461      33.68798
-94.61674      33.68794
-94.61898      33.69193
-94.63393      33.69123
-94.63452      33.69345
-94.61639      33.69554
-94.61419      33.6929
-94.61461      33.68798
 1 
 1             210           
1
 -9999.0   ,   9990.0
   7
 12 
-91.19258      33.66082
-91.2093       33.66194
-91.21393      33.66382
-91.21801      33.66617
-91.22305      33.67677
-91.22151      33.68707
-91.21342      33.695
-91.20709      33.69539
-91.20864      33.68486
-91.20763      33.67935
-91.2004       33.66871
-91.19258      33.66082
 1 
 1             211           
1
 -9999.0   ,   9990.0
   7
 8 
-94.50046      33.67686
-94.50159      33.67952
-94.50004      33.68178
-94.49532      33.68632
-94.49212      33.68682
-94.4936       33.68099
-94.49726      33.67692
-94.50046      33.67686
 1 
 1             212           
1
 -9999.0   ,   9990.0
   7
 11 
-90.17375      33.65047
-90.19902      33.66865
-90.20216      33.67399
-90.20258      33.67859
-90.20114      33.68085
-90.19701      33.68145
-90.19458      33.6798
-90.19397      33.67245
-90.16708      33.65309
-90.16633      33.65078
-90.17375      33.65047
 1 
 1             213           
1
 -9999.0   ,   9990.0
   7
 10 
-90.16226      33.65849
-90.1704       33.66164
-90.17712      33.6666
-90.17376      33.66882
-90.1697       33.6669
-90.15737      33.66619
-90.14359      33.66797
-90.1373       33.66715
-90.13495      33.6632
-90.16226      33.65849
 1 
 1             214           
1
 -9999.0   ,   9990.0
   7
 7 
-94.52926      33.64961
-94.53689      33.65619
-94.54121      33.65791
-94.5407       33.65926
-94.53481      33.65846
-94.52879      33.6523
-94.52926      33.64961
 1 
 1             215           
1
 -9999.0   ,   9990.0
   7
 7 
-91.19184      33.62252
-91.19342      33.62643
-91.19058      33.63213
-91.18616      33.6346
-91.18484      33.63092
-91.18629      33.62658
-91.19184      33.62252
 1 
 1             216           
1
 -9999.0   ,   9990.0
   7
 22 
-94.52354      33.62658
-94.52271      33.63094
-94.52061      33.63154
-94.51752      33.63241
-94.51517      33.62557
-94.50737      33.62088
-94.5037       33.62805
-94.50014      33.62857
-94.49923      33.62468
-94.50189      33.62097
-94.50978      33.61809
-94.51892      33.62206
-94.52077      33.61882
-94.52474      33.61279
-94.52994      33.6127
-94.53522      33.6156
-94.54059      33.62216
-94.53376      33.62296
-94.52762      33.61894
-94.52465      33.62082
-94.52376      33.62546
-94.52354      33.62658
 1 
 1             217           
1
 -9999.0   ,   9990.0
   7
 12 
-91.14982      33.62522
-91.14239      33.62719
-91.13721      33.6246
-91.13386      33.61287
-91.13461      33.60118
-91.1363       33.59845
-91.14513      33.59535
-91.14059      33.60424
-91.14269      33.60931
-91.14042      33.6141
-91.14199      33.61825
-91.14982      33.62522
 1 
 1             218           
1
 -9999.0   ,   9990.0
   7
 10 
-91.08666      33.59852
-91.08881      33.60084
-91.06968      33.61229
-91.06572      33.61866
-91.05462      33.62608
-91.05383      33.62378
-91.05949      33.61491
-91.06952      33.60563
-91.07896      33.59979
-91.08666      33.59852
 1 
 1             219           
1
 -9999.0   ,   9990.0
   7
 17 
-91.14982      33.62522
-91.14199      33.61825
-91.14042      33.6141
-91.14269      33.60931
-91.14059      33.60424
-91.14513      33.59535
-91.15176      33.59268
-91.15991      33.57984
-91.16074      33.57798
-91.16534      33.57461
-91.16522      33.58053
-91.16058      33.58958
-91.15818      33.60193
-91.15819      33.6173
-91.15532      33.62193
-91.15396      33.62412
-91.14982      33.62522
 1 
 1             220           
1
 -9999.0   ,   9990.0
   7
 721 
-93.83669      33.60669
-93.83151      33.60789
-93.82228      33.61464
-93.81735      33.61492
-93.81403      33.61335
-93.80918      33.59808
-93.80963      33.59182
-93.81341      33.58676
-93.82169      33.57563
-93.82272      33.57205
-93.82217      33.57071
-93.80772      33.56907
-93.80182      33.56689
-93.79965      33.56423
-93.79852      33.55934
-93.80586      33.54899
-93.80474      33.54543
-93.80205      33.54367
-93.79886      33.5446
-93.78768      33.55722
-93.78275      33.55796
-93.77797      33.54975
-93.79343      33.53795
-93.78839      33.53199
-93.7802       33.53167
-93.77908      33.53163
-93.7698       33.53425
-93.76276      33.54051
-93.75536      33.5399
-93.75198      33.53374
-93.75039      33.51931
-93.74842      33.5152
-93.73983      33.50864
-93.73618      33.50226
-93.71811      33.48363
-93.72072      33.47512
-93.72909      33.46656
-93.73308      33.45849
-93.72848      33.45261
-93.72472      33.4478
-93.72599      33.44137
-93.73725      33.44158
-93.73991      33.44021
-93.73932      33.43665
-93.73607      33.43221
-93.73286      33.43134
-93.72704      33.43408
-93.72497      33.43945
-93.71484      33.4391
-93.71106      33.43511
-93.71099      33.42976
-93.71414      33.42616
-93.71999      33.42476
-93.72474      33.42071
-93.72362      33.4167
-93.71222      33.40028
-93.69772      33.38969
-93.69127      33.38884
-93.68491      33.38801
-93.67202      33.37964
-93.67091      33.37518
-93.67353      33.37159
-93.68631      33.37148
-93.69478      33.36649
-93.69943      33.35529
-93.70468      33.34855
-93.70464      33.34587
-93.70036      33.34367
-93.68383      33.34203
-93.67313      33.33766
-93.66831      33.33502
-93.66719      33.33012
-93.66921      33.32028
-93.67557      33.31799
-93.67855      33.31784
-93.68567      33.31746
-93.68485      33.29291
-93.68888      33.27413
-93.69205      33.27187
-93.69629      33.27138
-93.71233      33.27749
-93.7155       33.28052
-93.72231      33.27884
-93.72526      33.27515
-93.72521      33.27125
-93.72242      33.26761
-93.70618      33.2586
-93.70422      33.25472
-93.70469      33.25013
-93.70976      33.24489
-93.72569      33.22838
-93.72401      33.22541
-93.70851      33.23038
-93.70113      33.22999
-93.69805      33.22429
-93.70152      33.2183
-93.71319      33.21406
-93.71636      33.20623
-93.7212       33.20114
-93.72473      33.19996
-93.73708      33.20465
-93.73869      33.20257
-93.73834      33.19776
-93.72608      33.17931
-93.73036      33.17377
-93.73552      33.17257
-93.75306      33.17743
-93.75307      33.15933
-93.75546      33.15518
-93.76219      33.14937
-93.76871      33.1477
-93.778        33.14852
-93.79939      33.15655
-93.80539      33.15603
-93.81133      33.15253
-93.81319      33.14884
-93.81115      33.14061
-93.81218      33.13579
-93.81602      33.12974
-93.81643      33.12909
-93.82052      33.12928
-93.83486      33.13898
-93.83977      33.13938
-93.846        33.13702
-93.84706      33.13472
-93.84656      33.12074
-93.85219      33.11426
-93.85283      33.10302
-93.85952      33.09538
-93.85946      33.09126
-93.83818      33.07246
-93.83764      33.05551
-93.83486      33.0521
-93.81682      33.04817
-93.81378      33.04499
-93.81455      33.04223
-93.82101      33.03735
-93.82201      33.03138
-93.81051      33.02772
-93.80669      33.0265
-93.80172      33.02265
-93.8025       33.01967
-93.80734      33.01526
-93.81923      33.00986
-93.82082      33.00664
-93.82021      33.00229
-93.81214      32.99137
-93.81126      32.98702
-93.81446      32.98286
-93.82526      32.97702
-93.82684      32.97379
-93.82506      32.96806
-93.82296      32.96128
-93.82082      32.95391
-93.82509      32.94882
-93.82584      32.94469
-93.81901      32.94224
-93.81524      32.94481
-93.81062      32.94554
-93.80649      32.94169
-93.79856      32.93925
-93.79716      32.93697
-93.79821      32.93421
-93.81147      32.92949
-93.81492      32.92395
-93.80872      32.90935
-93.81055      32.90474
-93.81942      32.89823
-93.81783      32.88335
-93.81501      32.87628
-93.81058      32.87311
-93.80237      32.86724
-93.79705      32.85698
-93.79401      32.85426
-93.78944      32.85729
-93.78554      32.85092
-93.78378      32.84177
-93.78864      32.82132
-93.80319      32.79595
-93.79961      32.79255
-93.79011      32.79311
-93.78764      32.79108
-93.7851       32.78492
-93.78655      32.77539
-93.78906      32.75898
-93.79655      32.75179
-93.82526      32.73063
-93.82764      32.72648
-93.82509      32.71963
-93.81822      32.71352
-93.81496      32.71355
-93.81282      32.71541
-93.81134      32.72505
-93.80844      32.73058
-93.80202      32.73661
-93.79905      32.73733
-93.79086      32.73444
-93.78534      32.72772
-93.78451      32.72671
-93.78274      32.71733
-93.78924      32.66894
-93.78309      32.65882
-93.75904      32.63669
-93.75241      32.62805
-93.74986      32.62028
-93.75059      32.61477
-93.75126      32.61368
-93.76197      32.5961
-93.76086      32.59382
-93.75622      32.59157
-93.74809      32.5912
-93.74675      32.59258
-93.7471       32.59785
-93.74281      32.60064
-93.74002      32.5954
-93.74102      32.58989
-93.73794      32.58214
-93.73809      32.57388
-93.7423       32.56582
-93.74793      32.56187
-93.76384      32.55712
-93.76486      32.55276
-93.7632       32.55026
-93.75802      32.54802
-93.74854      32.54788
-93.74469      32.54884
-93.73694      32.55075
-93.73122      32.5476
-93.72815      32.54168
-93.72753      32.53618
-93.72909      32.53158
-93.74633      32.52591
-93.7517       32.52265
-93.74265      32.51472
-93.73906      32.50926
-93.73256      32.50887
-93.72691      32.51144
-93.71986      32.51083
-93.68998      32.48248
-93.68794      32.47987
-93.68199      32.47225
-93.68022      32.46103
-93.68374      32.44222
-93.68289      32.43879
-93.66389      32.4337
-93.66032      32.42938
-93.65999      32.42503
-93.67284      32.41574
-93.68004      32.40834
-93.6837       32.39868
-93.68122      32.39573
-93.66956      32.39195
-93.65991      32.39245
-93.65362      32.39279
-93.6343       32.4035
-93.62916      32.40286
-93.6256       32.39969
-93.62555      32.39511
-93.62901      32.38494
-93.62655      32.36784
-93.62377      32.36213
-93.61912      32.35759
-93.61125      32.35492
-93.585        32.35057
-93.57874      32.34696
-93.57121      32.33751
-93.5675       32.33285
-93.55086      32.31948
-93.5455       32.30028
-93.54142      32.29711
-93.52139      32.29292
-93.51811      32.28929
-93.51616      32.28335
-93.51874      32.27393
-93.51653      32.26937
-93.50659      32.27334
-93.49986      32.27409
-93.49631      32.27022
-93.49192      32.25713
-93.48988      32.25103
-93.48109      32.23621
-93.47515      32.2358
-93.46222      32.23796
-93.45759      32.23387
-93.45042      32.2195
-93.45495      32.21374
-93.46404      32.20702
-93.46614      32.20151
-93.46338      32.19581
-93.4563       32.18922
-93.44801      32.18072
-93.44676      32.17944
-93.44264      32.17123
-93.44031      32.15544
-93.43378      32.1493
-93.43184      32.1452
-93.43556      32.13921
-93.44308      32.13733
-93.45494      32.13815
-93.45671      32.12783
-93.45499      32.11776
-93.44759      32.10591
-93.4434       32.09152
-93.43962      32.09063
-93.43051      32.09528
-93.42826      32.09484
-93.42484      32.09417
-93.42239      32.09121
-93.42739      32.08019
-93.42327      32.0722
-93.41839      32.06926
-93.41409      32.06906
-93.40794      32.07369
-93.40175      32.07327
-93.39388      32.06646
-93.38975      32.05779
-93.38888      32.05138
-93.3971       32.0401
-93.39492      32.03691
-93.39194      32.03578
-93.37609      32.03727
-93.36933      32.03411
-93.36715      32.03115
-93.36601      32.02474
-93.36356      32.02328
-93.36222      32.02248
-93.35711      32.02206
-93.35385      32.01887
-93.35214      32.0095
-93.35004      32
-93.33949      31.98896
-93.34612      31.98745
-93.35021      31.99015
-93.35466      31.99899
-93.35479      32
-93.35592      32.01107
-93.35703      32.01473
-93.36191      32.01813
-93.37079      32.01922
-93.37271      32.02218
-93.37195      32.02677
-93.37873      32.03244
-93.39702      32.03208
-93.40194      32.03938
-93.40198      32.04281
-93.39654      32.05227
-93.39536      32.05431
-93.39651      32.06186
-93.40034      32.06664
-93.40573      32.06798
-93.41295      32.06334
-93.42455      32.06601
-93.42835      32.06941
-93.43221      32.07809
-93.43071      32.08817
-93.43606      32.08516
-93.44655      32.08416
-93.45323      32.10473
-93.46168      32.11382
-93.46239      32.12916
-93.46228      32.12986
-93.46036      32.14132
-93.45849      32.14316
-93.45474      32.1448
-93.44044      32.14284
-93.43859      32.14606
-93.44653      32.15837
-93.45133      32.17826
-93.46714      32.19417
-93.47097      32.19941
-93.47158      32.20536
-93.46974      32.20996
-93.45775      32.22288
-93.45899      32.22658
-93.45998      32.2295
-93.46379      32.23337
-93.48399      32.23092
-93.48945      32.23637
-93.50141      32.26812
-93.50412      32.26901
-93.51836      32.26431
-93.52352      32.26702
-93.52438      32.27091
-93.52156      32.28376
-93.52295      32.28741
-93.52702      32.28967
-93.54328      32.294
-93.54706      32.295
-93.55115      32.2984
-93.55432      32.31532
-93.55736      32.32103
-93.57069      32.32962
-93.58493      32.34484
-93.61961      32.35347
-93.62641      32.35684
-93.6308       32.36253
-93.63393      32.37487
-93.63338      32.37879
-93.63071      32.39781
-93.63532      32.39845
-93.63882      32.39728
-93.64844      32.38894
-93.65812      32.38564
-93.66703      32.3851
-93.68358      32.38975
-93.69041      32.39518
-93.69155      32.39975
-93.69028      32.40549
-93.68577      32.41172
-93.66866      32.42632
-93.66979      32.42929
-93.67829      32.43086
-93.68279      32.43168
-93.68852      32.4353
-93.69106      32.4426
-93.68571      32.46671
-93.68822      32.47218
-93.72681      32.50388
-93.73196      32.50452
-93.73732      32.50103
-93.74354      32.50142
-93.75404      32.51598
-93.75598      32.51871
-93.7593       32.52417
-93.75719      32.52763
-93.7367       32.53403
-93.7338       32.53933
-93.73574      32.54252
-93.74308      32.54359
-93.76093      32.54318
-93.76719      32.54517
-93.77106      32.55063
-93.76949      32.555
-93.76511      32.55949
-93.75099      32.56734
-93.74618      32.57174
-93.74409      32.57726
-93.74471      32.58184
-93.74744      32.5841
-93.75938      32.58612
-93.76021      32.58626
-93.76729      32.58894
-93.76843      32.59305
-93.76689      32.59902
-93.7558       32.61862
-93.7564       32.62274
-93.77896      32.64925
-93.78775      32.65652
-93.79319      32.66325
-93.79151      32.69452
-93.79096      32.70487
-93.78738      32.7198
-93.78855      32.72506
-93.79626      32.73277
-93.80113      32.73158
-93.80484      32.72558
-93.80869      32.7111
-93.8151       32.70461
-93.82083      32.70707
-93.83241      32.71887
-93.83633      32.72707
-93.83451      32.73145
-93.82968      32.73562
-93.81934      32.74156
-93.81219      32.74567
-93.79988      32.75634
-93.79403      32.76465
-93.79106      32.78394
-93.79274      32.78758
-93.80469      32.78792
-93.81022      32.79405
-93.79727      32.81779
-93.79025      32.844
-93.79007      32.84468
-93.79203      32.84856
-93.79502      32.84876
-93.80064      32.84319
-93.80235      32.84845
-93.80168      32.85762
-93.81986      32.87393
-93.82562      32.89496
-93.8257       32.9
-93.81682      32.90559
-93.81553      32.91042
-93.82092      32.92526
-93.81936      32.92986
-93.80967      32.93661
-93.81164      32.93839
-93.81243      32.9391
-93.82439      32.93829
-93.83994      32.94133
-93.84381      32.94472
-93.84466      32.94769
-93.84281      32.95069
-93.82924      32.95336
-93.82767      32.95682
-93.83421      32.97554
-93.83294      32.98129
-93.82919      32.98477
-93.82186      32.98576
-93.81944      32.98831
-93.82819      33.0077
-93.82608      33.01208
-93.82015      33.0165
-93.81652      33.01748
-93.8131       33.01841
-93.81015      33.02142
-93.81291      33.02345
-93.82732      33.0276
-93.82904      33.02809
-93.83073      33.03197
-93.82969      33.03473
-93.82431      33.03914
-93.82491      33.04303
-93.84028      33.04997
-93.8439       33.05521
-93.84389      33.07217
-93.86014      33.08276
-93.86541      33.08867
-93.86767      33.0943
-93.85834      33.10663
-93.85793      33.11534
-93.85232      33.1232
-93.85362      33.13625
-93.84346      33.14897
-93.83392      33.14908
-93.82201      33.13774
-93.81963      33.14258
-93.82107      33.14996
-93.82141      33.15173
-93.82011      33.15587
-93.81171      33.15963
-93.79645      33.16002
-93.78246      33.15444
-93.76824      33.15275
-93.76471      33.15347
-93.76041      33.15741
-93.75986      33.17622
-93.75696      33.18313
-93.75235      33.18478
-93.73673      33.18035
-93.73566      33.1822
-93.74434      33.1977
-93.74449      33.19997
-93.74471      33.20342
-93.74177      33.20781
-93.73796      33.20877
-93.73028      33.20609
-93.72756      33.20658
-93.72542      33.2105
-93.72664      33.2192
-93.7311       33.22534
-93.73089      33.23039
-93.72904      33.23385
-93.71879      33.24289
-93.71373      33.25188
-93.71543      33.25644
-93.7292       33.26433
-93.73396      33.27185
-93.73185      33.2776
-93.72486      33.28547
-93.72079      33.28734
-93.71419      33.2842
-93.70438      33.27979
-93.69532      33.27854
-93.69414      33.27894
-93.69268      33.27945
-93.69109      33.28125
-93.69136      33.30357
-93.69528      33.31961
-93.68255      33.32329
-93.67297      33.32338
-93.67143      33.32875
-93.67362      33.33364
-93.67897      33.33627
-93.70511      33.34006
-93.70834      33.34316
-93.70634      33.35389
-93.70112      33.36431
-93.69802      33.37048
-93.69114      33.37457
-93.67998      33.37645
-93.67841      33.37869
-93.68699      33.38353
-93.69447      33.38525
-93.7051       33.38337
-93.70992      33.38556
-93.70676      33.38827
-93.7068       33.39184
-93.71322      33.39446
-93.71976      33.40557
-93.73111      33.41886
-93.73009      33.42289
-93.7174       33.43104
-93.71744      33.43461
-93.72172      33.43546
-93.72504      33.432
-93.73119      33.42556
-93.73597      33.42417
-93.74029      33.4286
-93.74235      33.43685
-93.74678      33.4407
-93.74686      33.44574
-93.74469      33.44714
-93.73184      33.44864
-93.74019      33.45842
-93.73674      33.46556
-93.72436      33.48013
-93.72496      33.48402
-93.73662      33.49514
-93.74408      33.49943
-93.74664      33.50605
-93.75108      33.50944
-93.75635      33.51397
-93.75806      33.51854
-93.75678      33.52498
-93.75795      33.53001
-93.76101      33.53296
-93.77108      33.52827
-93.77405      33.52526
-93.77426      33.52067
-93.76546      33.50036
-93.76108      33.50063
-93.75954      33.50729
-93.75544      33.50848
-93.75425      33.50207
-93.75528      33.49725
-93.76456      33.49509
-93.77033      33.49687
-93.77676      33.50551
-93.77628      33.50964
-93.78279      33.52402
-93.79326      33.52735
-93.79965      33.5337
-93.78448      33.54696
-93.78401      33.55188
-93.78721      33.55185
-93.79828      33.54103
-93.80306      33.5392
-93.80893      33.53914
-93.8122       33.54447
-93.81176      33.55161
-93.80649      33.55702
-93.80548      33.56061
-93.80764      33.56282
-93.81993      33.56359
-93.82236      33.56485
-93.82584      33.56666
-93.82857      33.57065
-93.82866      33.5769
-93.82502      33.58453
-93.81973      33.58816
-93.81502      33.59579
-93.8146       33.60383
-93.81778      33.60712
-93.82215      33.60639
-93.82864      33.60035
-93.83986      33.59863
-93.8462       33.60062
-93.85506      33.60626
-93.86272      33.60526
-93.86844      33.60244
-93.87566      33.59089
-93.88214      33.58486
-93.8873       33.58136
-93.88961      33.58124
-93.89278      33.58107
-93.90166      33.56678
-93.90643      33.5645
-93.91018      33.56535
-93.92314      33.57504
-93.93009      33.57586
-93.93485      33.57268
-93.93952      33.5637
-93.94254      33.55116
-93.94566      33.54577
-93.95151      33.54481
-93.95689      33.54743
-93.96516      33.56431
-93.96895      33.56784
-93.97376      33.56823
-93.97799      33.56551
-93.97875      33.56186
-93.97948      33.55835
-93.97194      33.55397
-93.97179      33.54414
-93.98226      33.53063
-93.99242      33.5323
-94.00179      33.54424
-94.00326      33.54973
-93.99769      33.56057
-93.99351      33.55627
-93.99606      33.545
-93.99522      33.54031
-93.98558      33.53819
-93.98134      33.54091
-93.98038      33.54717
-93.98648      33.56184
-93.986        33.56587
-93.97808      33.57087
-93.97224      33.57316
-93.96476      33.57325
-93.96149      33.56926
-93.95541      33.55504
-93.95164      33.5533
-93.94691      33.55826
-93.94662      33.55911
-93.94128      33.5744
-93.93656      33.57981
-93.92965      33.58167
-93.92269      33.58085
-93.91244      33.57381
-93.90818      33.57386
-93.90449      33.57792
-93.88658      33.58802
-93.87721      33.60166
-93.87207      33.60653
-93.85904      33.61098
-93.85184      33.61019
-93.84217      33.60617
-93.83669      33.60669
 1 
 1             221           
1
 -9999.0   ,   9990.0
   7
 17 
-91.57179      33.55303
-91.57732      33.54918
-91.58116      33.54898
-91.58739      33.55477
-91.59411      33.56606
-91.59914      33.58124
-91.59745      33.58443
-91.59149      33.57865
-91.58621      33.58434
-91.57362      33.6051
-91.56893      33.60781
-91.57012      33.59979
-91.56634      33.59449
-91.57639      33.58059
-91.57675      33.57302
-91.5668       33.55711
-91.57179      33.55303
 1 
 1             222           
1
 -9999.0   ,   9990.0
   7
 15 
-93.89962      33.59705
-93.89566      33.58998
-93.89672      33.58745
-93.90028      33.58695
-93.90937      33.58983
-93.91834      33.58468
-93.92031      33.58832
-93.91872      33.59178
-93.91194      33.59599
-93.90235      33.59656
-93.89781      33.60394
-93.89398      33.60445
-93.8912       33.60196
-93.89307      33.59873
-93.89962      33.59705
 1 
 1             223           
1
 -9999.0   ,   9990.0
   7
 6 
-93.80487      33.58799
-93.80146      33.59812
-93.79559      33.59107
-93.79882      33.58714
-93.80374      33.58594
-93.80487      33.58799
 1 
 1             224           
1
 -9999.0   ,   9990.0
   7
 12 
-93.86034      33.5929
-93.85428      33.59136
-93.85121      33.58819
-93.85253      33.58519
-93.85742      33.58193
-93.86394      33.58012
-93.86768      33.58053
-93.8704       33.58363
-93.86406      33.58861
-93.86732      33.59215
-93.86736      33.59482
-93.86034      33.5929
 1 
 1             225           
1
 -9999.0   ,   9990.0
   7
 8 
-94.1354       33.59089
-94.13382      33.59269
-94.12903      33.5932
-94.12419      33.59147
-94.12201      33.58882
-94.12304      33.58658
-94.13215      33.58825
-94.1354       33.59089
 1 
 1             226           
1
 -9999.0   ,   9990.0
   7
 12 
-94.35087      33.57329
-94.35615      33.57274
-94.35461      33.57633
-94.34932      33.57864
-94.34292      33.57873
-94.33481      33.57393
-94.33148      33.56773
-94.33366      33.56548
-94.3341       33.56502
-94.33677      33.56498
-94.34122      33.57429
-94.35087      33.57329
 1 
 1             227           
1
 -9999.0   ,   9990.0
   7
 8 
-94.45556      33.57707
-94.45018      33.57536
-94.44432      33.5759
-94.44372      33.57278
-94.44635      33.57096
-94.45384      33.57174
-94.45658      33.57482
-94.45556      33.57707
 1 
 1             228           
1
 -9999.0   ,   9990.0
   7
 7 
-93.83822      33.57413
-93.82958      33.56617
-93.82791      33.56173
-93.83109      33.55946
-93.83759      33.56699
-93.83926      33.57144
-93.83822      33.57413
 1 
 1             229           
1
 -9999.0   ,   9990.0
   7
 7 
-93.69769      33.55056
-93.7059       33.55071
-93.71026      33.56763
-93.70782      33.56995
-93.69517      33.56663
-93.69334      33.55358
-93.69769      33.55056
 1 
 1             230           
1
 -9999.0   ,   9990.0
   7
 9 
-94.26292      33.55663
-94.25911      33.55221
-94.25321      33.5505
-94.25156      33.5483
-94.2526       33.54694
-94.25902      33.54775
-94.26335      33.55081
-94.26504      33.55526
-94.26292      33.55663
 1 
 1             231           
1
 -9999.0   ,   9990.0
   7
 7 
-94.34429      33.54075
-94.33321      33.54716
-94.32947      33.54677
-94.33045      33.54274
-94.33679      33.53952
-94.34266      33.53899
-94.34429      33.54075
 1 
 1             232           
1
 -9999.0   ,   9990.0
   7
 17 
-94.18201      33.53983
-94.18186      33.53135
-94.18868      33.52456
-94.19769      33.52132
-94.20361      33.52392
-94.20476      33.52882
-94.20271      33.53332
-94.20059      33.53379
-94.19941      33.528
-94.18929      33.52858
-94.18479      33.54605
-94.17998      33.54522
-94.17512      33.54216
-94.16873      33.54313
-94.16387      33.54007
-94.17504      33.53814
-94.18201      33.53983
 1 
 1             233           
1
 -9999.0   ,   9990.0
   7
 7 
-94.54656      33.52895
-94.55672      33.53015
-94.56062      33.53283
-94.5596       33.5356
-94.545        33.54365
-94.5427       33.53956
-94.54656      33.52895
 1 
 1             234           
1
 -9999.0   ,   9990.0
   7
 7 
-94.22289      33.52813
-94.21663      33.53581
-94.20391      33.54044
-94.20384      33.53687
-94.21014      33.53143
-94.21596      33.52823
-94.22289      33.52813
 1 
 1             235           
1
 -9999.0   ,   9990.0
   7
 11 
-93.71302      33.50922
-93.71311      33.51636
-93.71689      33.52035
-93.72277      33.52074
-93.72546      33.52295
-93.72389      33.5243
-93.71909      33.52524
-93.71159      33.52218
-93.70834      33.51864
-93.70776      33.51507
-93.71302      33.50922
 1 
 1             236           
1
 -9999.0   ,   9990.0
   7
 8 
-91.18305      33.51006
-91.18682      33.5133
-91.18649      33.51651
-91.1783       33.51527
-91.1707       33.51105
-91.16229      33.5059
-91.16479      33.5041
-91.18305      33.51006
 1 
 1             237           
1
 -9999.0   ,   9990.0
   7
 6 
-94.10944      33.4977
-94.1136       33.50062
-94.11102      33.50891
-94.10381      33.50442
-94.10589      33.49866
-94.10944      33.4977
 1 
 1             238           
1
 -9999.0   ,   9990.0
   7
 9 
-93.70994      33.48669
-93.71107      33.48943
-93.71015      33.50182
-93.70826      33.50391
-93.70606      33.50278
-93.70352      33.49799
-93.70347      33.49409
-93.70666      33.48741
-93.70994      33.48669
 1 
 1             239           
1
 -9999.0   ,   9990.0
   7
 10 
-91.15425      33.49777
-91.15393      33.49823
-91.14216      33.49809
-91.137        33.4955
-91.1335       33.49179
-91.13265      33.48917
-91.13142      33.48534
-91.15187      33.49064
-91.15534      33.49619
-91.15425      33.49777
 1 
 1             240           
1
 -9999.0   ,   9990.0
   7
 8 
-93.74889      33.47255
-93.75277      33.47572
-93.75437      33.49152
-93.74889      33.49089
-93.74653      33.47945
-93.73909      33.47632
-93.7426       33.47307
-93.74889      33.47255
 1 
 1             241           
1
 -9999.0   ,   9990.0
   7
 6 
-90.13052      33.4709
-90.13854      33.47726
-90.13707      33.4809
-90.13006      33.47709
-90.1277       33.4736
-90.13052      33.4709
 1 
 1             242           
1
 -9999.0   ,   9990.0
   7
 12 
-93.70876      33.46594
-93.70934      33.46906
-93.7146       33.46366
-93.71813      33.46621
-93.71444      33.4761
-93.70982      33.47798
-93.70569      33.47756
-93.70044      33.47349
-93.6998       33.46684
-93.70355      33.46108
-93.70848      33.46057
-93.70876      33.46594
 1 
 1             243           
1
 -9999.0   ,   9990.0
   7
 22 
-91.09091      33.39288
-91.09305      33.39567
-91.08746      33.40247
-91.07079      33.41647
-91.06602      33.42237
-91.06229      33.43241
-91.06186      33.44066
-91.06502      33.44758
-91.07205      33.45203
-91.08871      33.45454
-91.09058      33.45708
-91.07958      33.45947
-91.07028      33.45934
-91.06105      33.4551
-91.05702      33.45069
-91.05573      33.4456
-91.05371      33.43757
-91.05409      33.43116
-91.06119      33.41749
-91.07374      33.4039
-91.08403      33.39532
-91.09091      33.39288
 1 
 1             244           
1
 -9999.0   ,   9990.0
   7
 19 
-91.2344       33.45149
-91.22576      33.44405
-91.22141      33.44171
-91.21622      33.44119
-91.20528      33.44129
-91.19264      33.44436
-91.18378      33.45021
-91.18037      33.45774
-91.17352      33.45743
-91.17034      33.45142
-91.17403      33.44344
-91.17987      33.43847
-91.18731      33.43512
-91.20707      33.43191
-91.22428      33.43418
-91.23241      33.43863
-91.23944      33.44399
-91.24102      33.44767
-91.2344       33.45149
 1 
 1             245           
1
 -9999.0   ,   9990.0
   7
 8 
-90.20083      33.43544
-90.20215      33.43707
-90.20086      33.44392
-90.19662      33.44842
-90.19482      33.44426
-90.19634      33.43947
-90.19834      33.4363
-90.20083      33.43544
 1 
 1             246           
1
 -9999.0   ,   9990.0
   7
 6 
-90.15849      33.44144
-90.15838      33.44557
-90.15393      33.44777
-90.14544      33.44759
-90.14387      33.4455
-90.15849      33.44144
 1 
 1             247           
1
 -9999.0   ,   9990.0
   7
 14 
-93.70411      33.43339
-93.70766      33.44154
-93.70716      33.44545
-93.70444      33.44616
-93.69887      33.43957
-93.70039      33.43521
-93.69334      33.41531
-93.69519      33.4114
-93.70258      33.41156
-93.71034      33.41994
-93.70931      33.42263
-93.70521      33.423
-93.70182      33.42091
-93.70411      33.43339
 1 
 1             248           
1
 -9999.0   ,   9990.0
   7
 13 
-92.63477      33.42619
-92.63996      33.42733
-92.63997      33.43009
-92.63312      33.431
-92.62984      33.43376
-92.63067      33.43628
-92.6397       33.43879
-92.63642      33.44338
-92.63095      33.44407
-92.62383      33.44087
-92.62246      33.43582
-92.62328      33.42964
-92.63477      33.42619
 1 
 1             249           
1
 -9999.0   ,   9990.0
   7
 8 
-91.09525      33.41014
-91.09955      33.41478
-91.09869      33.4322
-91.09668      33.43767
-91.09261      33.43556
-91.09061      33.42475
-91.09213      33.41606
-91.09525      33.41014
 1 
 1             250           
1
 -9999.0   ,   9990.0
   7
 10 
-91.17828      33.41896
-91.17779      33.41529
-91.18091      33.4089
-91.18619      33.40392
-91.19351      33.39209
-91.20462      33.39772
-91.20731      33.40119
-91.20806      33.40556
-91.20163      33.41351
-91.17828      33.41896
 1 
 1             251           
1
 -9999.0   ,   9990.0
   7
 9 
-94.32566      33.40132
-94.32878      33.40654
-94.3286       33.41067
-94.32588      33.41163
-94.32146      33.40941
-94.31849      33.41128
-94.31439      33.41134
-94.31156      33.40726
-94.32566      33.40132
 1 
 1             252           
1
 -9999.0   ,   9990.0
   7
 8 
-91.1173       33.36983
-91.11182      33.40186
-91.1101       33.40597
-91.10734      33.40708
-91.10224      33.40151
-91.10377      33.39282
-91.11068      33.37342
-91.1173       33.36983
 1 
 1             253           
1
 -9999.0   ,   9990.0
   7
 8 
-92.53858      33.399
-92.54693      33.398
-92.54912      33.38883
-92.5524       33.38975
-92.55459      33.3925
-92.55378      33.39915
-92.5472       33.40603
-92.53858      33.399
 1 
 1             254           
1
 -9999.0   ,   9990.0
   7
 7 
-90.16095      33.39146
-90.15273      33.40486
-90.14997      33.40572
-90.14896      33.40294
-90.15183      33.39819
-90.15901      33.39032
-90.16095      33.39146
 1 
 1             255           
1
 -9999.0   ,   9990.0
   7
 7 
-91.40299      33.39554
-91.41387      33.4
-91.41246      33.40297
-91.40723      33.40521
-91.40288      33.40379
-91.40101      33.4001
-91.40299      33.39554
 1 
 1             256           
1
 -9999.0   ,   9990.0
   7
 9 
-92.65653      33.39953
-92.65387      33.39282
-92.64266      33.39147
-92.64319      33.39013
-92.65014      33.38789
-92.65921      33.38745
-92.66027      33.39282
-92.65867      33.39819
-92.65653      33.39953
 1 
 1             257           
1
 -9999.0   ,   9990.0
   7
 10 
-94.25647      33.3762
-94.26321      33.37443
-94.26866      33.38061
-94.27472      33.39169
-94.27213      33.39574
-94.26732      33.39491
-94.26513      33.39137
-94.26514      33.38542
-94.25714      33.37904
-94.25647      33.3762
 1 
 1             258           
1
 -9999.0   ,   9990.0
   7
 14 
-93.71848      33.38861
-93.71896      33.38369
-93.71676      33.3788
-93.71408      33.37704
-93.70768      33.37576
-93.70451      33.37891
-93.69866      33.37941
-93.69808      33.37584
-93.70124      33.37269
-93.7124       33.37081
-93.71831      33.37433
-93.72479      33.38141
-93.72379      33.38722
-93.71848      33.38861
 1 
 1             259           
1
 -9999.0   ,   9990.0
   7
 26 
-90.26997      33.35175
-90.27814      33.35306
-90.27852      33.35436
-90.28063      33.36159
-90.27888      33.36568
-90.27376      33.3626
-90.26996      33.36184
-90.26909      33.36365
-90.27938      33.37739
-90.27953      33.38129
-90.27678      33.38215
-90.27119      33.37654
-90.26847      33.37579
-90.26645      33.37966
-90.26103      33.37771
-90.26112      33.38413
-90.25994      33.38732
-90.25774      33.38774
-90.25426      33.38537
-90.253        33.38145
-90.25767      33.371
-90.25329      33.36128
-90.2556       33.35697
-90.26402      33.35897
-90.26636      33.35374
-90.26997      33.35175
 1 
 1             260           
1
 -9999.0   ,   9990.0
   7
 41 
-91.22366      33.27115
-91.23757      33.27178
-91.24982      33.27467
-91.2666       33.28449
-91.28106      33.30345
-91.28549      33.31801
-91.28651      33.32139
-91.28449      33.32916
-91.27129      33.35125
-91.26349      33.36034
-91.24826      33.37232
-91.23749      33.37861
-91.21588      33.37928
-91.20391      33.37524
-91.19688      33.36966
-91.19245      33.35699
-91.19521      33.35519
-91.20433      33.36585
-91.21003      33.36867
-91.23381      33.36963
-91.24368      33.36791
-91.24921      33.3643
-91.26513      33.34316
-91.2702       33.33336
-91.27374      33.31689
-91.27153      33.30105
-91.27036      33.29956
-91.26591      33.29388
-91.25103      33.28431
-91.24559      33.2831
-91.24071      33.28006
-91.23392      33.27815
-91.22382      33.2778
-91.21178      33.27858
-91.20354      33.28169
-91.19341      33.28295
-91.18141      33.28235
-91.17899      33.27934
-91.18452      33.27574
-91.19494      33.27311
-91.22366      33.27115
 1 
 1             261           
1
 -9999.0   ,   9990.0
   7
 12 
-93.65527      33.3313
-93.65856      33.33242
-93.66231      33.34752
-93.66508      33.34955
-93.67771      33.35287
-93.67774      33.35562
-93.6745       33.35841
-93.66793      33.35824
-93.65829      33.35306
-93.65522      33.34827
-93.65374      33.34003
-93.65527      33.3313
 4 
 1             262           
1
 -9999.0   ,   9990.0
   7
 286 
-94.21231      33.35688
-94.19971      33.35568
-94.19747      33.35296
-94.19739      33.34929
-94.19188      33.34685
-94.1878       33.34782
-94.18519      33.35405
-94.18301      33.35454
-94.17657      33.34683
-94.16932      33.33959
-94.16714      33.33417
-94.16511      33.33461
-94.16149      33.33099
-94.16551      33.32658
-94.16489      33.32315
-94.16674      33.31968
-94.15991      33.30556
-94.15798      33.3049
-94.16035      33.30051
-94.16466      33.2977
-94.17555      33.29549
-94.17496      33.29297
-94.16997      33.28937
-94.17641      33.28355
-94.17003      33.27775
-94.16946      33.27723
-94.16534      33.2766
-94.1634       33.27479
-94.16414      33.27088
-94.17236      33.27192
-94.17395      33.268
-94.17716      33.26885
-94.17598      33.26178
-94.18329      33.25869
-94.18229      33.26375
-94.18456      33.26716
-94.18975      33.26755
-94.19339      33.25832
-94.19302      33.25374
-94.19761      33.2507
-94.20578      33.24921
-94.21005      33.24479
-94.21981      33.24144
-94.22059      33.23937
-94.21889      33.23618
-94.22124      33.23134
-94.22809      33.23292
-94.22743      33.22689
-94.23117      33.22271
-94.23328      33.2276
-94.23432      33.23
-94.24226      33.23104
-94.24836      33.2353
-94.25244      33.23479
-94.25722      33.2283
-94.26136      33.2303
-94.26432      33.2282
-94.26613      33.22336
-94.26967      33.22284
-94.2723       33.21845
-94.27814      33.22341
-94.28249      33.22242
-94.29154      33.22458
-94.29381      33.21561
-94.29678      33.21419
-94.3012       33.21852
-94.30371      33.2189
-94.31108      33.20595
-94.31654      33.20633
-94.31264      33.21556
-94.31546      33.21964
-94.3136       33.22196
-94.30896      33.22203
-94.29866      33.22481
-94.29559      33.2311
-94.29641      33.23305
-94.29229      33.2342
-94.28872      33.23298
-94.28713      33.23543
-94.29051      33.23996
-94.29691      33.24448
-94.30219      33.24217
-94.31211      33.24148
-94.31534      33.23959
-94.31784      33.24162
-94.32436      33.24014
-94.32885      33.24558
-94.3332       33.24437
-94.33571      33.24708
-94.34576      33.24486
-94.35781      33.24605
-94.36066      33.24045
-94.36654      33.24259
-94.36667      33.23927
-94.3612       33.22651
-94.35621      33.22292
-94.35914      33.21944
-94.36213      33.21916
-94.36799      33.21288
-94.37497      33.21211
-94.38391      33.20707
-94.39034      33.2101
-94.38882      33.21324
-94.37821      33.21429
-94.36521      33.22278
-94.37506      33.23593
-94.37946      33.23747
-94.38294      33.2342
-94.39022      33.23465
-94.39444      33.22834
-94.39761      33.22696
-94.39923      33.22872
-94.39932      33.23318
-94.39301      33.2364
-94.39199      33.24804
-94.39644      33.2521
-94.39974      33.25274
-94.40351      33.24993
-94.41374      33.24767
-94.41645      33.24284
-94.43721      33.23931
-94.43729      33.24288
-94.43522      33.24604
-94.43098      33.24655
-94.42969      33.24906
-94.43116      33.25316
-94.43045      33.25821
-94.43891      33.25785
-94.44121      33.26286
-94.44396      33.26373
-94.44589      33.27239
-94.4461       33.27332
-94.45211      33.27345
-94.45848      33.27679
-94.4653       33.27668
-94.46378      33.28198
-94.47465      33.27928
-94.48216      33.27342
-94.49308      33.27302
-94.49668      33.27525
-94.49841      33.27912
-94.49322      33.2792
-94.49056      33.28223
-94.48207      33.28122
-94.47969      33.2847
-94.47484      33.28753
-94.47129      33.28759
-94.46917      33.29038
-94.46508      33.29044
-94.45974      33.28434
-94.44812      33.27857
-94.44213      33.27912
-94.43812      33.28308
-94.43541      33.28381
-94.43173      33.28226
-94.42861      33.28588
-94.43612      33.28889
-94.43729      33.29334
-94.42876      33.29149
-94.4275       33.29609
-94.42189      33.30192
-94.41412      33.30869
-94.41238      33.30436
-94.41827      33.29876
-94.41736      33.29488
-94.4092       33.29684
-94.40878      33.29561
-94.40686      33.29
-94.40852      33.27851
-94.40735      33.27532
-94.40918      33.27116
-94.40774      33.2682
-94.40469      33.26642
-94.39895      33.26605
-94.39772      33.2591
-94.38866      33.26988
-94.38329      33.26194
-94.37946      33.26154
-94.3641       33.27118
-94.35918      33.27125
-94.35641      33.26969
-94.35632      33.26557
-94.35184      33.26059
-94.34798      33.25836
-94.34226      33.25913
-94.33698      33.2677
-94.33791      33.27295
-94.33968      33.27889
-94.33155      33.282
-94.32844      33.28961
-94.32255      33.28236
-94.30707      33.27388
-94.30297      33.27394
-94.29926      33.2795
-94.29819      33.27912
-94.29431      33.27774
-94.28924      33.2707
-94.28319      33.26873
-94.28398      33.26689
-94.28938      33.26428
-94.28742      33.26202
-94.27618      33.26035
-94.27162      33.25688
-94.27204      33.25107
-94.26168      33.25873
-94.25725      33.25604
-94.25069      33.25591
-94.24765      33.25389
-94.24508      33.25947
-94.24186      33.25818
-94.23872      33.27144
-94.24108      33.27292
-94.24584      33.27197
-94.24328      33.27736
-94.24491      33.27868
-94.25426      33.26961
-94.25919      33.26773
-94.26515      33.26808
-94.26306      33.27223
-94.25305      33.27743
-94.25662      33.27829
-94.26024      33.28145
-94.26566      33.27931
-94.26871      33.28155
-94.26584      33.28824
-94.26058      33.28465
-94.25626      33.28724
-94.25292      33.2843
-94.2466       33.28233
-94.24062      33.28402
-94.23541      33.28295
-94.23172      33.28555
-94.22428      33.28565
-94.22486      33.28832
-94.2302       33.28914
-94.23314      33.29239
-94.23264      33.29468
-94.22721      33.29614
-94.21326      33.30872
-94.20969      33.30854
-94.2059       33.30472
-94.19898      33.30571
-94.1924       33.30443
-94.18476      33.30522
-94.18316      33.30684
-94.18374      33.3089
-94.19178      33.31406
-94.20412      33.31687
-94.20953      33.31381
-94.2202       33.31435
-94.22559      33.31038
-94.22926      33.31606
-94.23541      33.30932
-94.23866      33.30858
-94.2475       33.31281
-94.25037      33.31919
-94.2615       33.31582
-94.26268      33.32016
-94.27277      33.31887
-94.28079      33.32333
-94.27702      33.32637
-94.27573      33.33006
-94.26958      33.33611
-94.26291      33.33116
-94.25388      33.33061
-94.24613      33.32613
-94.23026      33.32475
-94.23256      33.33068
-94.23125      33.33322
-94.22271      33.33037
-94.22033      33.33407
-94.21679      33.33481
-94.20893      33.3246
-94.20537      33.32419
-94.20247      33.3295
-94.19808      33.32911
-94.19609      33.32501
-94.19362      33.32481
-94.18692      33.3311
-94.1868       33.3389
-94.19529      33.33969
-94.19735      33.34236
-94.1995       33.34514
-94.20718      33.34618
-94.20728      33.35145
-94.21231      33.35688
 1             262           2 
1
 -9999.0   ,   9990.0
   7
 6 
-94.19392      33.27093
-94.19318      33.27529
-94.19499      33.28352
-94.20205      33.28159
-94.19722      33.27249
-94.19392      33.27093
 1             262           3 
1
 -9999.0   ,   9990.0
   7
 11 
-94.42381      33.26657
-94.41787      33.26919
-94.41441      33.27337
-94.41414      33.28599
-94.41696      33.28938
-94.42074      33.28772
-94.42306      33.28126
-94.43384      33.27512
-94.43535      33.26914
-94.43201      33.26644
-94.42381      33.26657
 1             262           4 
1
 -9999.0   ,   9990.0
   7
 8 
-94.3136       33.27286
-94.31768      33.27276
-94.31998      33.26474
-94.31637      33.26182
-94.31119      33.26235
-94.30337      33.26706
-94.30451      33.26956
-94.3136       33.27286
 1 
 1             263           
1
 -9999.0   ,   9990.0
   7
 7 
-91.22014      33.33554
-91.22258      33.3374
-91.22144      33.34014
-91.21208      33.34416
-91.20718      33.34295
-91.21301      33.33683
-91.22014      33.33554
 1 
 1             264           
1
 -9999.0   ,   9990.0
   7
 9 
-91.22448      33.3013
-91.23233      33.30502
-91.23798      33.31052
-91.24061      33.32443
-91.23984      33.32744
-91.23698      33.3262
-91.23012      33.30801
-91.223        33.30369
-91.22448      33.3013
 1 
 1             265           
1
 -9999.0   ,   9990.0
   7
 9 
-92.54066      33.30676
-92.54311      33.30905
-92.53957      33.31455
-92.54066      33.31868
-92.53902      33.32166
-92.53191      33.32234
-92.52973      33.30859
-92.53574      33.30974
-92.54066      33.30676
 1 
 1             266           
1
 -9999.0   ,   9990.0
   7
 8 
-93.70167      33.31955
-93.70798      33.31325
-93.70523      33.30613
-93.70682      33.30612
-93.71164      33.30831
-93.7112       33.31545
-93.70646      33.31996
-93.70167      33.31955
 1 
 1             267           
1
 -9999.0   ,   9990.0
   7
 13 
-90.20818      33.27506
-90.21031      33.27717
-90.20969      33.27945
-90.20274      33.28389
-90.21481      33.29147
-90.21851      33.29591
-90.2205       33.30306
-90.21997      33.31176
-90.21802      33.31287
-90.21409      33.29742
-90.2023       33.28961
-90.19492      33.28006
-90.20818      33.27506
 1 
 1             268           
1
 -9999.0   ,   9990.0
   7
 9 
-92.28241      33.29239
-92.27389      33.28879
-92.26753      33.2825
-92.26542      33.27847
-92.26651      33.27534
-92.2697       33.27669
-92.27181      33.28072
-92.28296      33.28926
-92.28241      33.29239
 1 
 1             269           
1
 -9999.0   ,   9990.0
   7
 10 
-90.48215      33.28851
-90.49451      33.28513
-90.5021       33.27701
-90.50567      33.26538
-90.51029      33.26615
-90.51155      33.2703
-90.50999      33.27807
-90.49906      33.28911
-90.49466      33.29018
-90.48215      33.28851
 1 
 1             270           
1
 -9999.0   ,   9990.0
   7
 24 
-91.06544      33.22954
-91.06676      33.23185
-91.05939      33.24688
-91.05017      33.25823
-91.04729      33.26644
-91.04854      33.27265
-91.05199      33.27774
-91.05821      33.28149
-91.06723      33.28138
-91.07034      33.2799
-91.08459      33.27312
-91.08896      33.27295
-91.09139      33.27481
-91.09052      33.27709
-91.08058      33.28361
-91.07177      33.28717
-91.06081      33.28863
-91.05456      33.28718
-91.04298      33.27785
-91.04049      33.26452
-91.04317      33.25286
-91.05355      33.23764
-91.06134      33.22994
-91.06544      33.22954
 1 
 1             271           
1
 -9999.0   ,   9990.0
   7
 13 
-94.05485      33.27171
-94.05618      33.26727
-94.07498      33.26496
-94.07995      33.26742
-94.08624      33.26803
-94.0896       33.27257
-94.08251      33.27312
-94.08066      33.27635
-94.08127      33.27978
-94.07806      33.28349
-94.07046      33.28611
-94.06471      33.28573
-94.05485      33.27171
 1 
 1             272           
1
 -9999.0   ,   9990.0
   7
 6 
-94.34479      33.27193
-94.34857      33.27455
-94.34918      33.27856
-94.34708      33.27949
-94.34492      33.27818
-94.34479      33.27193
 1 
 1             273           
1
 -9999.0   ,   9990.0
   7
 37 
-90.24121      33.23418
-90.25064      33.23235
-90.26291      33.23305
-90.26832      33.23477
-90.27471      33.24085
-90.28521      33.25597
-90.29403      33.26302
-90.30115      33.26247
-90.30345      33.25816
-90.30199      33.2529
-90.29898      33.24202
-90.29356      33.23068
-90.28214      33.21899
-90.27506      33.21839
-90.26656      33.21982
-90.25189      33.22664
-90.23846      33.22843
-90.23661      33.22633
-90.23746      33.22497
-90.24541      33.22422
-90.26536      33.21384
-90.27822      33.21272
-90.28659      33.21586
-90.29352      33.22219
-90.29981      33.23149
-90.30924      33.25621
-90.30855      33.26147
-90.30515      33.26576
-90.30156      33.26729
-90.2928       33.26781
-90.28767      33.26587
-90.28367      33.26236
-90.27502      33.24888
-90.26251      33.23763
-90.24768      33.23707
-90.24246      33.23586
-90.24121      33.23418
 1 
 1             274           
1
 -9999.0   ,   9990.0
   7
 9 
-91.0903       33.21203
-91.09389      33.21269
-91.09803      33.22119
-91.11167      33.23999
-91.11904      33.25544
-91.11842      33.25979
-91.10371      33.258
-91.09092      33.22482
-91.0903       33.21203
 1 
 1             275           
1
 -9999.0   ,   9990.0
   7
 7 
-91.13901      33.23804
-91.14201      33.23853
-91.14809      33.24939
-91.14448      33.25347
-91.14127      33.24953
-91.13814      33.24101
-91.13901      33.23804
 1 
 1             276           
1
 -9999.0   ,   9990.0
   7
 10 
-92.04889      33.25238
-92.04398      33.25236
-92.02412      33.24035
-92.02361      33.23599
-92.02692      33.23119
-92.04061      33.22461
-92.0447       33.22485
-92.05551      33.24255
-92.05275      33.24736
-92.04889      33.25238
 1 
 1             277           
1
 -9999.0   ,   9990.0
   7
 9 
-92.23798      33.2314
-92.24278      33.23097
-92.24703      33.23278
-92.24592      33.24127
-92.24004      33.24349
-92.23898      33.24259
-92.24434      33.23679
-92.23797      33.23498
-92.23798      33.2314
 1 
 1             278           
1
 -9999.0   ,   9990.0
   7
 12 
-92.20554      33.22367
-92.20553      33.22635
-92.20071      33.22902
-92.20462      33.23327
-92.21402      33.23086
-92.21506      33.23355
-92.2117       33.23765
-92.20215      33.23716
-92.19616      33.23279
-92.19646      33.22721
-92.19914      33.22454
-92.20554      33.22367
 1 
 1             279           
1
 -9999.0   ,   9990.0
   7
 11 
-91.52561      33.2202
-91.52566      33.21598
-91.5286       33.21179
-91.53436      33.21124
-91.53793      33.21248
-91.52926      33.21602
-91.53859      33.21671
-91.54071      33.21915
-91.53709      33.22152
-91.53275      33.22269
-91.52561      33.2202
 1 
 1             280           
1
 -9999.0   ,   9990.0
   7
 8 
-93.75228      33.19766
-93.75875      33.20474
-93.75881      33.20876
-93.75673      33.2128
-93.75462      33.21371
-93.75452      33.20702
-93.75071      33.19946
-93.75228      33.19766
 1 
 1             281           
1
 -9999.0   ,   9990.0
   7
 6 
-94.97698      33.18305
-94.98241      33.18248
-94.98576      33.18516
-94.98652      33.19249
-94.98239      33.19097
-94.97698      33.18305
 1 
 1             282           
1
 -9999.0   ,   9990.0
   7
 12 
-91.56849      33.18502
-91.56705      33.18561
-91.56912      33.19167
-91.56696      33.19225
-91.56344      33.18678
-91.56281      33.18075
-91.56498      33.18016
-91.57283      33.18325
-91.57563      33.18811
-91.57489      33.18991
-91.57201      33.18988
-91.56849      33.18502
 1 
 1             283           
1
 -9999.0   ,   9990.0
   7
 15 
-93.73656      33.16866
-93.7322       33.16871
-93.72886      33.16416
-93.73015      33.15887
-93.73689      33.15307
-93.74642      33.15275
-93.74809      33.15502
-93.7457       33.15894
-93.73564      33.16134
-93.73651      33.16454
-93.74522      33.16399
-93.74742      33.16511
-93.74772      33.1674
-93.74638      33.16856
-93.73656      33.16866
 1 
 1             284           
1
 -9999.0   ,   9990.0
   7
 39 
-93.57659      33.15938
-93.56512      33.15765
-93.56236      33.15584
-93.55926      33.14738
-93.55181      33.14057
-93.54861      33.12432
-93.54988      33.11559
-93.5468       33.10898
-93.54812      33.10598
-93.55248      33.10503
-93.55164      33.1032
-93.52374      33.09564
-93.51816      33.10806
-93.51462      33.10855
-93.51238      33.1033
-93.51437      33.0961
-93.52049      33.07389
-93.51937      33.07115
-93.51227      33.06983
-93.50868      33.06619
-93.51029      33.06343
-93.51652      33.0604
-93.51755      33.05535
-93.51558      33.05009
-93.52559      33.0452
-93.53498      33.05475
-93.53559      33.06093
-93.52946      33.07244
-93.52924      33.07634
-93.53338      33.08112
-93.56279      33.1015
-93.57579      33.11698
-93.57364      33.11906
-93.5638       33.11685
-93.56009      33.12651
-93.56236      33.13891
-93.56273      33.14093
-93.57461      33.15367
-93.57659      33.15938
 1 
 1             285           
1
 -9999.0   ,   9990.0
   7
 12 
-91.11376      33.1514
-91.11452      33.1496
-91.12677      33.14736
-91.15524      33.15135
-91.16671      33.15034
-91.18122      33.14685
-91.18366      33.1478
-91.1836       33.15123
-91.17893      33.15347
-91.16006      33.15622
-91.13244      33.15105
-91.11376      33.1514
 1 
 1             286           
1
 -9999.0   ,   9990.0
   7
 8 
-90.36146      33.13202
-90.36415      33.13345
-90.36267      33.13778
-90.3576       33.14387
-90.34816      33.15011
-90.34268      33.15115
-90.34111      33.14837
-90.36146      33.13202
 1 
 1             287           
1
 -9999.0   ,   9990.0
   7
 61 
-92.16681      33.14787
-92.16163      33.14716
-92.15919      33.1444
-92.14966      33.14162
-92.13992      33.12668
-92.13502      33.12529
-92.13309      33.1278
-92.13389      33.13353
-92.13223      33.1372
-92.12758      33.14108
-92.12323      33.14144
-92.11562      33.13232
-92.1173       33.12476
-92.11975      33.12477
-92.12879      33.11747
-92.13401      33.10901
-92.13651      33.10031
-92.1319       33.09616
-92.12538      33.09316
-92.12047      33.09337
-92.11061      33.10135
-92.10894      33.10799
-92.10454      33.11393
-92.10861      33.11968
-92.10367      33.12447
-92.10173      33.13043
-92.10331      33.14121
-92.10098      33.14275
-92.0992       33.14394
-92.09539      33.14324
-92.09322      33.14094
-92.09245      33.13131
-92.08757      33.1267
-92.08516      33.11958
-92.08574      33.11294
-92.09234      33.10196
-92.10603      33.09148
-92.10796      33.08782
-92.10527      33.08116
-92.10065      33.08022
-92.10094      33.07587
-92.10479      33.07015
-92.10401      33.06488
-92.11463      33.06355
-92.13045      33.06155
-92.13398      33.06477
-92.13692      33.07418
-92.14044      33.07763
-92.15649      33.08479
-92.15918      33.09008
-92.15829      33.10474
-92.16208      33.11117
-92.15632      33.1162
-92.15468      33.11986
-92.15602      33.12353
-92.16091      33.1279
-92.16635      33.12976
-92.17122      33.13734
-92.17312      33.13987
-92.17064      33.14398
-92.16681      33.14787
 2 
 1             288           
1
 -9999.0   ,   9990.0
   7
 15 
-91.1409       33.12871
-91.15339      33.11556
-91.15748      33.10003
-91.16773      33.07402
-91.17494      33.08282
-91.18099      33.09619
-91.19426      33.10093
-91.20419      33.11022
-91.20464      33.11595
-91.20206      33.12372
-91.19566      33.13167
-91.18462      33.13956
-91.17886      33.14178
-91.16576      33.14162
-91.1409       33.12871
 1             288           2 
1
 -9999.0   ,   9990.0
   7
 11 
-91.15763      33.12272
-91.16106      33.1301
-91.16401      33.13266
-91.17109      33.13343
-91.17632      33.13006
-91.18042      33.12942
-91.18771      33.11781
-91.18297      33.1079
-91.17754      33.10646
-91.17142      33.11349
-91.15763      33.12272
 1 
 1             289           
1
 -9999.0   ,   9990.0
   7
 19 
-91.42184      33.0821
-91.43137      33.08334
-91.43675      33.08798
-91.43778      33.0928
-91.43558      33.09416
-91.43019      33.08929
-91.42449      33.08809
-91.41766      33.08917
-91.41571      33.0919
-91.41677      33.09443
-91.42272      33.0977
-91.42816      33.09867
-91.42976      33.10098
-91.42782      33.10371
-91.42156      33.1025
-91.40861      33.09343
-91.40894      33.08954
-91.41171      33.08635
-91.42184      33.0821
 1 
 1             290           
1
 -9999.0   ,   9990.0
   7
 22 
-91.04402      33.01491
-91.04531      33.01928
-91.04223      33.03827
-91.0506       33.07185
-91.04968      33.07757
-91.04516      33.08622
-91.05207      33.09548
-91.06871      33.09478
-91.07522      33.0967
-91.08397      33.0952
-91.07428      33.10356
-91.07081      33.10344
-91.05221      33.10281
-91.04383      33.09881
-91.03935      33.09073
-91.03866      33.08407
-91.04386      33.06786
-91.04262      33.0612
-91.03261      33.04273
-91.03194      33.03469
-91.03625      33.02306
-91.04402      33.01491
 1 
 1             291           
1
 -9999.0   ,   9990.0
   7
 30 
-90.33217      33.08606
-90.33659      33.08597
-90.3414       33.07782
-90.34741      33.07354
-90.3618       33.07328
-90.36176      33.07493
-90.34525      33.08009
-90.34192      33.08223
-90.33915      33.08767
-90.3352       33.08869
-90.32864      33.08553
-90.32546      33.08226
-90.32528      33.06873
-90.32874      33.04152
-90.34026      33.03523
-90.34091      33.03488
-90.3469       33.03476
-90.3523       33.03647
-90.35817      33.04139
-90.36294      33.05639
-90.36636      33.06127
-90.36548      33.06355
-90.36014      33.05932
-90.35271      33.04175
-90.3487       33.03892
-90.34188      33.03925
-90.33632      33.0435
-90.33101      33.05853
-90.32892      33.07499
-90.33217      33.08606
 1 
 1             292           
1
 -9999.0   ,   9990.0
   7
 11 
-91.19575      33.0441
-91.20703      33.05386
-91.21232      33.06286
-91.21446      33.0826
-91.21248      33.0867
-91.20921      33.08689
-91.20272      33.06733
-91.19762      33.06292
-91.18887      33.0486
-91.19166      33.04428
-91.19575      33.0441
 1 
 1             293           
1
 -9999.0   ,   9990.0
   7
 21 
-91.10639      33.04483
-91.10799      33.04646
-91.10768      33.0492
-91.09835      33.05213
-91.09151      33.05427
-91.08681      33.05834
-91.08399      33.06403
-91.08712      33.07118
-91.09143      33.07398
-91.11022      33.07491
-91.11317      33.0777
-91.1123       33.0809
-91.09051      33.0797
-91.08401      33.07733
-91.08002      33.07246
-91.07876      33.06648
-91.07891      33.05846
-91.08116      33.05414
-91.08394      33.05096
-91.09984      33.04543
-91.10639      33.04483
 1 
 1             294           
1
 -9999.0   ,   9990.0
   7
 7 
-94.83513      33.04811
-94.84282      33.06974
-94.84216      33.07525
-94.84026      33.07598
-94.83259      33.06444
-94.82894      33.05098
-94.83513      33.04811
 1 
 1             295           
1
 -9999.0   ,   9990.0
   7
 4 
-94.99928      33.07092
-95            33.07062
-95            33.07228
-94.99928      33.07092
 1 
 1             296           
1
 -9999.0   ,   9990.0
   7
 8 
-90.97791      33.05436
-90.97919      33.0585
-90.97552      33.06533
-90.97138      33.0678
-90.96841      33.06638
-90.96791      33.06431
-90.97102      33.05816
-90.97791      33.05436
 1 
 1             297           
1
 -9999.0   ,   9990.0
   7
 8 
-92.06443      33.03056
-92.07502      33.03473
-92.08017      33.0398
-92.07906      33.04277
-92.06928      33.03906
-92.06305      33.03399
-92.06252      33.03124
-92.06443      33.03056
 1 
 1             298           
1
 -9999.0   ,   9990.0
   7
 7 
-90.65863      33.01811
-90.66299      33.01818
-90.66428      33.02118
-90.66253      33.02619
-90.65568      33.02815
-90.65611      33.02104
-90.65863      33.01811
 1 
 1             299           
1
 -9999.0   ,   9990.0
   7
 7 
-94.40638      33.01466
-94.40913      33.01599
-94.41031      33.01987
-94.41018      33.02606
-94.40774      33.02701
-94.40543      33.02109
-94.40638      33.01466
 1 
 1             300           
1
 -9999.0   ,   9990.0
   7
 12 
-90.52035      32.98267
-90.50857      32.98567
-90.49585      32.99347
-90.48769      32.99309
-90.46902      32.98839
-90.46822      32.98628
-90.47684      32.98593
-90.48965      32.99032
-90.49521      32.98938
-90.51391      32.98041
-90.51882      32.9805
-90.52035      32.98267
 1 
 1             301           
1
 -9999.0   ,   9990.0
   7
 12 
-93.48424      32.97722
-93.49098      32.97052
-93.49805      32.96978
-93.50241      32.97066
-93.50816      32.97428
-93.51041      32.97976
-93.50856      32.98528
-93.50345      32.99014
-93.50019      32.99085
-93.48326      32.98548
-93.48159      32.98274
-93.48424      32.97722
 1 
 1             302           
1
 -9999.0   ,   9990.0
   7
 6 
-93.47879      32.97589
-93.47474      32.97959
-93.46953      32.97482
-93.47272      32.96837
-93.47929      32.97153
-93.47879      32.97589
 1 
 1             303           
1
 -9999.0   ,   9990.0
   7
 25 
-94.72282      32.9629
-94.72352      32.96931
-94.72148      32.97416
-94.71878      32.97467
-94.71729      32.97011
-94.7195       32.9609
-94.7134       32.95689
-94.72082      32.94919
-94.7223       32.94343
-94.71921      32.93958
-94.72224      32.93105
-94.72135      32.92808
-94.71026      32.93035
-94.70937      32.92739
-94.72501      32.92206
-94.72778      32.91398
-94.73351      32.91479
-94.73959      32.91834
-94.74398      32.92995
-94.74135      32.93321
-94.73758      32.92457
-94.73541      32.92438
-94.72658      32.94059
-94.72791      32.94951
-94.72282      32.9629
 1 
 1             304           
1
 -9999.0   ,   9990.0
   7
 7 
-91.0884       32.96944
-91.08853      32.97065
-91.08306      32.96272
-91.08186      32.95064
-91.08334      32.94885
-91.08474      32.95007
-91.0884       32.96944
 1 
 1             305           
1
 -9999.0   ,   9990.0
   7
 13 
-93.49449      32.94505
-93.49809      32.94938
-93.49544      32.95628
-93.49026      32.95494
-93.48812      32.95886
-93.48954      32.96412
-93.48794      32.96734
-93.48469      32.96851
-93.48301      32.96417
-93.47529      32.95483
-93.47608      32.9523
-93.48181      32.95318
-93.49449      32.94505
 1 
 1             306           
1
 -9999.0   ,   9990.0
   7
 9 
-91.20749      32.93541
-91.21049      32.92822
-91.21263      32.92824
-91.21259      32.93065
-91.20955      32.94027
-91.20513      32.94685
-91.20299      32.94622
-91.20305      32.9432
-91.20749      32.93541
 1 
 1             307           
1
 -9999.0   ,   9990.0
   7
 10 
-91.13755      32.91296
-91.1402       32.91689
-91.13887      32.93063
-91.14215      32.94557
-91.14078      32.94647
-91.13806      32.94597
-91.1341       32.93928
-91.13338      32.934
-91.13534      32.91477
-91.13755      32.91296
 1 
 1             308           
1
 -9999.0   ,   9990.0
   7
 21 
-91.08945      32.92633
-91.09399      32.93029
-91.09577      32.93742
-91.099        32.93952
-91.09733      32.94202
-91.09326      32.94128
-91.08498      32.93559
-91.07514      32.92883
-91.07028      32.92152
-91.06831      32.90703
-91.06932      32.89605
-91.07051      32.89079
-91.08297      32.87789
-91.10447      32.86606
-91.10107      32.86918
-91.08925      32.89149
-91.08769      32.9027
-91.08244      32.90745
-91.08012      32.91544
-91.08591      32.92606
-91.08945      32.92633
 1 
 1             309           
1
 -9999.0   ,   9990.0
   7
 16 
-92.73043      32.89988
-92.73351      32.89795
-92.74712      32.90894
-92.76918      32.91853
-92.77164      32.92677
-92.77818      32.93134
-92.78036      32.93547
-92.77956      32.93959
-92.77276      32.93823
-92.76376      32.92885
-92.75778      32.92748
-92.74744      32.92864
-92.73164      32.91354
-92.72918      32.90942
-92.72726      32.90186
-92.73043      32.89988
 1 
 1             310           
1
 -9999.0   ,   9990.0
   7
 7 
-94.69252      32.92839
-94.6921       32.93298
-94.68808      32.93535
-94.68184      32.93592
-94.68042      32.93365
-94.68522      32.93012
-94.69252      32.92839
 1 
 1             311           
1
 -9999.0   ,   9990.0
   7
 6 
-91.08769      32.9027
-91.08945      32.92633
-91.08591      32.92606
-91.08012      32.91544
-91.08244      32.90745
-91.08769      32.9027
 1 
 1             312           
1
 -9999.0   ,   9990.0
   7
 8 
-90.68981      32.90492
-90.70594      32.91297
-90.70282      32.91842
-90.69819      32.91881
-90.69505      32.91326
-90.68936      32.9127
-90.68619      32.9083
-90.68981      32.90492
 1 
 1             313           
1
 -9999.0   ,   9990.0
   7
 12 
-91.19026      32.899
-91.18666      32.90016
-91.16308      32.89804
-91.15229      32.90091
-91.14287      32.90682
-91.14072      32.90679
-91.14076      32.90498
-91.14658      32.89963
-91.15956      32.89498
-91.17461      32.89397
-91.18673      32.89654
-91.19026      32.899
 1 
 1             314           
1
 -9999.0   ,   9990.0
   7
 7 
-90.56537      32.89073
-90.55865      32.89831
-90.55652      32.90487
-90.55452      32.90593
-90.5534       32.89931
-90.55611      32.89551
-90.56537      32.89073
 1 
 1             315           
1
 -9999.0   ,   9990.0
   7
 20 
-93.90091      32.87647
-93.90612      32.88007
-93.91511      32.88043
-93.91814      32.88268
-93.91984      32.88702
-93.92396      32.88972
-93.93571      32.89325
-93.94251      32.8934
-93.95984      32.8893
-93.96235      32.89271
-93.9581       32.89871
-93.95324      32.90084
-93.94401      32.9014
-93.93563      32.90471
-93.92882      32.90433
-93.92136      32.8964
-93.91044      32.89401
-93.90735      32.88808
-93.89552      32.87974
-93.90091      32.87647
 1 
 1             316           
1
 -9999.0   ,   9990.0
   7
 12 
-94.61455      32.88876
-94.61082      32.89203
-94.61191      32.89201
-94.61175      32.8966
-94.60684      32.896
-94.60562      32.90152
-94.6027       32.90432
-94.60103      32.90298
-94.60086      32.8961
-94.59531      32.89139
-94.61066      32.88538
-94.61455      32.88876
 1 
 1             317           
1
 -9999.0   ,   9990.0
   7
 104 
-94.71088      32.87829
-94.70734      32.89166
-94.70303      32.89335
-94.68961      32.87892
-94.6822       32.86576
-94.68321      32.86299
-94.6937       32.85845
-94.6947       32.85522
-94.69356      32.85318
-94.68806      32.85076
-94.67372      32.85331
-94.67014      32.85154
-94.66451      32.84339
-94.66146      32.83061
-94.65869      32.8286
-94.64649      32.82996
-94.64235      32.82706
-94.62481      32.82118
-94.61682      32.81674
-94.60926      32.80419
-94.60548      32.79791
-94.59022      32.79589
-94.587        32.79732
-94.58491      32.80057
-94.58804      32.80647
-94.58843      32.81128
-94.58529      32.81592
-94.57682      32.81446
-94.57459      32.81197
-94.57524      32.80509
-94.57372      32.79847
-94.56382      32.79337
-94.55441      32.7862
-94.54839      32.78446
-94.54685      32.78816
-94.54876      32.79958
-94.54455      32.81639
-94.54254      32.8233
-94.54038      32.82403
-94.53763      32.82247
-94.53506      32.81701
-94.53544      32.81082
-94.53782      32.80402
-94.54054      32.79629
-94.53713      32.79062
-94.53359      32.77853
-94.52945      32.77585
-94.52621      32.77636
-94.51915      32.78794
-94.51618      32.78868
-94.51155      32.77684
-94.51992      32.77509
-94.52001      32.76707
-94.51694      32.76391
-94.50985      32.7622
-94.50705      32.75858
-94.50332      32.76207
-94.4982       32.76331
-94.49728      32.75897
-94.50314      32.75429
-94.49979      32.74999
-94.5056       32.74325
-94.51461      32.74561
-94.51825      32.75013
-94.52289      32.75143
-94.52748      32.75021
-94.52838      32.74263
-94.53098      32.738
-94.53958      32.73396
-94.54445      32.73342
-94.55321      32.73648
-94.55549      32.74148
-94.55071      32.75692
-94.5506       32.76334
-94.55948      32.77144
-94.57152      32.77535
-94.58128      32.77473
-94.59191      32.76497
-94.59934      32.75814
-94.61579      32.76473
-94.61612      32.76747
-94.60859      32.77012
-94.60598      32.7743
-94.60772      32.77862
-94.62706      32.7918
-94.6407       32.80508
-94.64588      32.80591
-94.65584      32.80229
-94.65728      32.80547
-94.65304      32.80945
-94.65472      32.81125
-94.66452      32.81268
-94.67624      32.81708
-94.68894      32.82186
-94.69146      32.82456
-94.69016      32.82688
-94.68286      32.82816
-94.68184      32.8307
-94.68958      32.83583
-94.69329      32.84287
-94.70312      32.84452
-94.70676      32.84835
-94.71184      32.86614
-94.71088      32.87829
 1 
 1             318           
1
 -9999.0   ,   9990.0
   7
 12 
-91.9152       32.8678
-91.9187       32.86045
-91.91684      32.85516
-91.91986      32.85266
-91.92993      32.84882
-91.9354       32.84404
-91.94274      32.84431
-91.94408      32.84752
-91.93025      32.87839
-91.92618      32.87745
-91.9159       32.87143
-91.9152       32.8678
 1 
 1             319           
1
 -9999.0   ,   9990.0
   7
 17 
-94.54906      32.83465
-94.55626      32.84003
-94.56522      32.85088
-94.57432      32.85622
-94.57561      32.86445
-94.56572      32.8605
-94.56422      32.86533
-94.56044      32.86655
-94.56149      32.85392
-94.55893      32.84915
-94.55396      32.84603
-94.55093      32.85571
-94.54691      32.85761
-94.54546      32.8542
-94.54827      32.84681
-94.54707      32.84202
-94.54906      32.83465
 1 
 1             320           
1
 -9999.0   ,   9990.0
   7
 21 
-91.17828      32.80298
-91.18046      32.80301
-91.18744      32.80768
-91.20122      32.81151
-91.20822      32.81561
-91.2136       32.81876
-91.21868      32.82455
-91.22231      32.83422
-91.22328      32.84202
-91.21408      32.85658
-91.2108       32.85723
-91.20783      32.85582
-91.21451      32.84651
-91.21681      32.83874
-91.21529      32.8323
-91.20731      32.82121
-91.20194      32.81748
-91.18814      32.81456
-91.17926      32.80964
-91.17634      32.80571
-91.17828      32.80298
 1 
 1             321           
1
 -9999.0   ,   9990.0
   7
 22 
-91.17079      32.74789
-91.17546      32.76078
-91.17505      32.76925
-91.16702      32.7781
-91.15885      32.81168
-91.16009      32.81881
-91.15732      32.82175
-91.15215      32.82237
-91.15104      32.82374
-91.1484       32.83516
-91.14065      32.84355
-91.13379      32.84713
-91.11962      32.84947
-91.12241      32.84538
-91.13538      32.83408
-91.14322      32.81997
-91.14282      32.7959
-91.14655      32.78426
-91.15182      32.77768
-91.15473      32.76671
-91.16479      32.74919
-91.17079      32.74789
 1 
 1             322           
1
 -9999.0   ,   9990.0
   7
 103 
-92.51006      32.81989
-92.50626      32.82631
-92.50354      32.82791
-92.48616      32.82584
-92.47992      32.81346
-92.46824      32.8084
-92.46499      32.81069
-92.46091      32.81115
-92.45278      32.80679
-92.44761      32.8077
-92.44164      32.80678
-92.43704      32.79806
-92.43759      32.78546
-92.4357       32.78339
-92.43326      32.78247
-92.42782      32.78453
-92.42267      32.78131
-92.41426      32.7813
-92.41426      32.77832
-92.41794      32.77546
-92.41915      32.7726
-92.40399      32.75058
-92.40019      32.75012
-92.39231      32.75652
-92.38716      32.75766
-92.38011      32.7526
-92.37331      32.76061
-92.3695       32.76129
-92.36761      32.759
-92.36844      32.74823
-92.36384      32.74226
-92.35246      32.73858
-92.34761      32.72321
-92.34301      32.71862
-92.34249      32.71197
-92.34412      32.70831
-92.34305      32.70464
-92.35578      32.7104
-92.36121      32.70972
-92.36964      32.70034
-92.37234      32.70561
-92.36498      32.72027
-92.3666       32.72577
-92.37337      32.7322
-92.39072      32.73979
-92.39561      32.73842
-92.40186      32.73293
-92.40811      32.7224
-92.41354      32.71851
-92.42208      32.71638
-92.42359      32.716
-92.43417      32.71647
-92.43525      32.71854
-92.43335      32.72037
-92.42656      32.72242
-92.41707      32.72264
-92.41134      32.73638
-92.41296      32.73959
-92.42571      32.74946
-92.43221      32.75108
-92.4466       32.75063
-92.45692      32.74698
-92.46343      32.74767
-92.47481      32.75845
-92.47835      32.75639
-92.48161      32.74929
-92.48593      32.74489
-92.48813      32.74265
-92.4941       32.74243
-92.50062      32.73556
-92.50985      32.72181
-92.51582      32.71723
-92.53074      32.71724
-92.53779      32.71999
-92.53562      32.72297
-92.52993      32.72572
-92.5226       32.72503
-92.51988      32.73121
-92.51392      32.73167
-92.51174      32.7335
-92.50495      32.74908
-92.4987       32.75503
-92.48649      32.75388
-92.48513      32.75778
-92.48892      32.76786
-92.48295      32.77358
-92.47616      32.7745
-92.4672       32.77289
-92.46285      32.76882
-92.45446      32.76095
-92.44333      32.76048
-92.43653      32.77079
-92.45091      32.78226
-92.45144      32.78685
-92.44844      32.79487
-92.4498       32.79807
-92.45631      32.80129
-92.46147      32.80152
-92.46744      32.79694
-92.47505      32.79787
-92.48482      32.80223
-92.50029      32.81439
-92.51006      32.81989
 2 
 1             323           
1
 -9999.0   ,   9990.0
   7
 130 
-94.12846      32.73565
-94.12174      32.73849
-94.11596      32.73444
-94.10754      32.73456
-94.09745      32.73171
-94.09454      32.73518
-94.09762      32.74111
-94.11482      32.74615
-94.12897      32.74779
-94.15336      32.74608
-94.15821      32.74395
-94.15816      32.74166
-94.15459      32.73988
-94.15346      32.73737
-94.15581      32.73276
-94.16123      32.732
-94.16914      32.71997
-94.17111      32.71903
-94.17209      32.71855
-94.17547      32.72469
-94.16891      32.73602
-94.16935      32.74495
-94.17272      32.75063
-94.17369      32.75841
-94.1653       32.7599
-94.15237      32.76489
-94.14287      32.76479
-94.13358      32.76171
-94.12678      32.76111
-94.1324       32.77112
-94.1325       32.77639
-94.13114      32.77641
-94.12621      32.77442
-94.11296      32.75907
-94.09687      32.75853
-94.08891      32.75359
-94.08482      32.73829
-94.08524      32.7172
-94.07861      32.71087
-94.06202      32.70834
-94.05104      32.71627
-94.04318      32.71614
-94.04183      32.71731
-94.04459      32.73423
-94.04252      32.74022
-94.04286      32.74094
-94.04619      32.74796
-94.04116      32.74959
-94.03627      32.75496
-94.03368      32.74862
-94.03156      32.74955
-94.02528      32.76243
-94.01937      32.76618
-94.00179      32.76983
-93.99751      32.7731
-94.00138      32.77717
-94.00118      32.78176
-94.0078       32.78718
-94.00817      32.7929
-94.00584      32.79935
-94.00778      32.80161
-94.01674      32.80196
-94.00976      32.80618
-94.00134      32.80651
-93.99913      32.80401
-93.99638      32.7864
-93.99021      32.77479
-93.99121      32.77019
-93.99629      32.76555
-94.00006      32.76367
-94.01442      32.76257
-94.01952      32.75907
-94.0207       32.7492
-94.02282      32.74665
-94.02931      32.74497
-94.03089      32.74265
-94.02506      32.73539
-94.02386      32.72853
-94.02029      32.72629
-94.01569      32.72703
-94.01497      32.72752
-94.00738      32.73264
-93.99977      32.73227
-93.98504      32.72787
-93.97625      32.72156
-93.97316      32.71518
-93.97619      32.70277
-93.96671      32.70288
-93.96231      32.69927
-93.95612      32.70209
-93.94822      32.70104
-93.93156      32.70995
-93.92694      32.70931
-93.92304      32.70271
-93.93086      32.70079
-93.93514      32.69661
-93.94162      32.69562
-93.9459       32.69145
-93.94661      32.68548
-93.94981      32.68177
-93.95529      32.68537
-93.95918      32.6906
-93.96324      32.69078
-93.97021      32.68588
-93.97484      32.6872
-93.97891      32.69065
-93.99164      32.70143
-93.99544      32.70184
-94.01044      32.69112
-94.02968      32.68973
-94.04162      32.68501
-94.06979      32.67386
-94.08826      32.675
-94.09758      32.67991
-94.11172      32.68271
-94.11501      32.68404
-94.11587      32.68678
-94.10845      32.69627
-94.11097      32.70013
-94.12534      32.69948
-94.12781      32.70151
-94.12815      32.70495
-94.12656      32.70703
-94.12196      32.70755
-94.11324      32.70514
-94.11165      32.70746
-94.126        32.72033
-94.12746      32.72604
-94.1262       32.73064
-94.12846      32.73565
 1             323           2 
1
 -9999.0   ,   9990.0
   7
 8 
-94.04761      32.69134
-94.04033      32.69372
-94.04068      32.69807
-94.04261      32.69988
-94.04641      32.70029
-94.05154      32.69862
-94.05231      32.69677
-94.04761      32.69134
 1 
 1             324           
1
 -9999.0   ,   9990.0
   7
 15 
-93.81641      32.79929
-93.81504      32.79704
-93.82168      32.79245
-93.82343      32.78772
-93.82229      32.78406
-93.81688      32.78572
-93.81416      32.78507
-93.81358      32.78301
-93.81948      32.77767
-93.82571      32.77715
-93.82874      32.77987
-93.82942      32.7888
-93.82761      32.79455
-93.8211       32.79868
-93.81641      32.79929
 1 
 1             325           
1
 -9999.0   ,   9990.0
   7
 69 
-92.91141      32.73303
-92.91357      32.72752
-92.92306      32.72749
-92.92986      32.73068
-92.93744      32.72836
-92.94071      32.72996
-92.94722      32.72948
-92.95424      32.72235
-92.95966      32.7221
-92.96129      32.72393
-92.96104      32.72737
-92.95592      32.73266
-92.96298      32.7347
-92.9798       32.73327
-92.98524      32.73576
-92.98335      32.73921
-92.97821      32.74152
-92.95659      32.74026
-92.95596      32.74022
-92.95461      32.74252
-92.95734      32.74709
-92.96442      32.75142
-92.97394      32.75483
-92.98262      32.75457
-92.99887      32.74901
-93.00268      32.74968
-93.00514      32.75242
-93.00244      32.75633
-92.99459      32.76025
-92.99406      32.76278
-93.00466      32.76343
-93.01638      32.77346
-93.02374      32.77779
-93.0376       32.78071
-93.03978      32.78322
-93.03547      32.78874
-93.03549      32.79241
-93.03713      32.79378
-93.03498      32.79677
-93.02494      32.79887
-93.02276      32.79819
-93.01674      32.79134
-93.00803      32.7861
-92.99997      32.77432
-92.99846      32.77884
-93.00561      32.79
-93.00481      32.79367
-92.99046      32.79923
-92.98556      32.79855
-92.98281      32.791
-92.97845      32.78827
-92.96941      32.7734
-92.96618      32.7706
-92.96151      32.76656
-92.95471      32.76429
-92.95391      32.76704
-92.95697      32.78193
-92.9551       32.78949
-92.9524       32.79202
-92.94778      32.79066
-92.94287      32.78655
-92.93624      32.7616
-92.93049      32.75245
-92.92614      32.74902
-92.92098      32.74789
-92.91312      32.75113
-92.90797      32.75022
-92.90686      32.74587
-92.91141      32.73303
 1 
 1             326           
1
 -9999.0   ,   9990.0
   7
 5 
-93.17394      32.78719
-93.18479      32.78645
-93.18211      32.79104
-93.17859      32.79244
-93.17394      32.78719
 1 
 1             327           
1
 -9999.0   ,   9990.0
   7
 15 
-91.05502      32.75479
-91.05079      32.75172
-91.05302      32.74813
-91.04808      32.74504
-91.04819      32.73901
-91.04255      32.73592
-91.04055      32.72865
-91.04133      32.72564
-91.05248      32.73907
-91.05165      32.74509
-91.05947      32.74701
-91.05868      32.75062
-91.06507      32.75252
-91.05859      32.75545
-91.05502      32.75479
 1 
 1             328           
1
 -9999.0   ,   9990.0
   7
 6 
-93.95131      32.73882
-93.96678      32.73909
-93.96902      32.74273
-93.96799      32.74641
-93.962        32.74511
-93.95131      32.73882
 1 
 1             329           
1
 -9999.0   ,   9990.0
   7
 26 
-93.69148      32.71023
-93.68632      32.71005
-93.67131      32.70309
-93.65408      32.6918
-93.65208      32.68425
-93.65444      32.67896
-93.66251      32.67384
-93.66517      32.66969
-93.66458      32.66626
-93.66293      32.6649
-93.65808      32.66678
-93.65586      32.66245
-93.64831      32.66688
-93.64554      32.66209
-93.64954      32.65724
-93.65979      32.65279
-93.66084      32.6498
-93.66572      32.6509
-93.67642      32.65996
-93.67951      32.66773
-93.67931      32.67323
-93.67349      32.68382
-93.6725       32.69048
-93.67557      32.69664
-93.68425      32.69724
-93.69148      32.71023
 1 
 1             330           
1
 -9999.0   ,   9990.0
   7
 9 
-93.76136      32.6841
-93.76597      32.68405
-93.77282      32.68925
-93.78147      32.68824
-93.78216      32.6905
-93.77374      32.69566
-93.76886      32.69594
-93.76583      32.69322
-93.76136      32.6841
 1 
 1             331           
1
 -9999.0   ,   9990.0
   7
 13 
-91.03508      32.66044
-91.03695      32.66161
-91.03744      32.66483
-91.02887      32.67319
-91.02659      32.67935
-91.03149      32.69271
-91.02818      32.69564
-91.02386      32.69513
-91.0199       32.68911
-91.01878      32.67672
-91.02163      32.66897
-91.02659      32.66469
-91.03508      32.66044
 1 
 1             332           
1
 -9999.0   ,   9990.0
   7
 8 
-93.29281      32.66643
-93.29349      32.66869
-93.29084      32.67209
-93.28685      32.67551
-93.28351      32.67552
-93.28282      32.6727
-93.28614      32.66929
-93.29281      32.66643
 1 
 1             333           
1
 -9999.0   ,   9990.0
   7
 10 
-91.12805      32.66165
-91.14576      32.64079
-91.15369      32.63653
-91.15818      32.64346
-91.15979      32.66067
-91.15119      32.67179
-91.1463       32.67265
-91.12762      32.67058
-91.12444      32.66665
-91.12805      32.66165
 1 
 1             334           
1
 -9999.0   ,   9990.0
   7
 15 
-90.60372      32.63645
-90.61152      32.63888
-90.6225       32.64479
-90.62483      32.64942
-90.62123      32.65279
-90.61086      32.64414
-90.60762      32.64339
-90.60326      32.64446
-90.60158      32.64673
-90.60364      32.65112
-90.60301      32.65523
-90.59628      32.65305
-90.59576      32.6409
-90.59775      32.63704
-90.60372      32.63645
 1 
 1             335           
1
 -9999.0   ,   9990.0
   7
 9 
-93.78492      32.64467
-93.77142      32.63462
-93.77069      32.63067
-93.77268      32.62952
-93.79083      32.6367
-93.79356      32.64119
-93.79228      32.6446
-93.78828      32.64577
-93.78492      32.64467
 1 
 1             336           
1
 -9999.0   ,   9990.0
   7
 21 
-91.04761      32.6296
-91.05104      32.63224
-91.04208      32.64034
-91.03457      32.64371
-91.02506      32.64496
-91.01724      32.64301
-91.00869      32.63603
-91.00481      32.62658
-91.00124      32.61415
-91.00324      32.60891
-91.01404      32.59599
-91.01926      32.5924
-91.02166      32.59472
-91.01023      32.61198
-91.00896      32.62205
-91.01362      32.63334
-91.01875      32.63649
-91.02354      32.63943
-91.02813      32.64018
-91.03467      32.63844
-91.04761      32.6296
 1 
 1             337           
1
 -9999.0   ,   9990.0
   7
 5 
-92.84538      32.62734
-92.85761      32.63532
-92.85599      32.63854
-92.84948      32.63649
-92.84538      32.62734
 1 
 1             338           
1
 -9999.0   ,   9990.0
   7
 6 
-90.91489      32.62303
-90.92546      32.63693
-90.92029      32.638
-90.91551      32.63334
-90.91108      32.62412
-90.91489      32.62303
 1 
 1             339           
1
 -9999.0   ,   9990.0
   7
 13 
-91.07771      32.6115
-91.085        32.61297
-91.09464      32.61952
-91.10872      32.62015
-91.11272      32.62341
-91.11051      32.62613
-91.10642      32.62723
-91.09209      32.62544
-91.08783      32.62126
-91.07166      32.61647
-91.07007      32.61416
-91.07201      32.61166
-91.07771      32.6115
 1 
 1             340           
1
 -9999.0   ,   9990.0
   7
 11 
-90.92356      32.59657
-90.92594      32.59912
-90.91249      32.60786
-90.90694      32.6142
-90.9043       32.62447
-90.90074      32.62603
-90.89838      32.62233
-90.9033       32.60681
-90.90773      32.60207
-90.91534      32.60057
-90.92356      32.59657
 1 
 1             341           
1
 -9999.0   ,   9990.0
   7
 20 
-92.04856      32.60354
-92.04181      32.60007
-92.03748      32.60028
-92.03221      32.61836
-92.02704      32.62177
-92.02216      32.62335
-92.01999      32.62242
-92.01921      32.61921
-92.02549      32.61099
-92.02202      32.60135
-92.02154      32.59241
-92.02318      32.59082
-92.03321      32.58995
-92.03594      32.58721
-92.04135      32.58746
-92.04378      32.58885
-92.0451       32.59504
-92.04941      32.59713
-92.05075      32.60011
-92.04856      32.60354
 1 
 1             342           
1
 -9999.0   ,   9990.0
   7
 24 
-91.92899      32.61714
-91.9252       32.6162
-91.92116      32.61274
-91.91823      32.60722
-91.92371      32.59969
-91.9254       32.59054
-91.92466      32.58068
-91.9288       32.57062
-91.93526      32.57616
-91.93197      32.58095
-91.93331      32.58325
-91.94411      32.58651
-91.9487       32.58998
-91.95083      32.59457
-91.95053      32.59824
-91.94808      32.60074
-91.94483      32.60027
-91.94192      32.59155
-91.93759      32.58992
-91.93487      32.59242
-91.93616      32.59999
-91.92909      32.60362
-91.93037      32.61371
-91.92899      32.61714
 1 
 1             343           
1
 -9999.0   ,   9990.0
   7
 23 
-91.07858      32.56368
-91.07667      32.56508
-91.06879      32.56679
-91.05512      32.57262
-91.03786      32.58022
-91.03508      32.58249
-91.03351      32.58378
-91.02982      32.58975
-91.02971      32.59518
-91.03672      32.60071
-91.04521      32.60445
-91.04372      32.60745
-91.04087      32.6074
-91.02816      32.60119
-91.0254       32.59693
-91.02625      32.5897
-91.03071      32.58132
-91.05016      32.57135
-91.07854      32.56088
-91.08544      32.55375
-91.08758      32.55378
-91.0839       32.55976
-91.07858      32.56368
 1 
 1             344           
1
 -9999.0   ,   9990.0
   7
 10 
-91.05378      32.60397
-91.06796      32.60084
-91.07576      32.59911
-91.09977      32.58979
-91.10547      32.58895
-91.10788      32.59081
-91.10594      32.59285
-91.07134      32.60386
-91.06628      32.60389
-91.05378      32.60397
 1 
 1             345           
1
 -9999.0   ,   9990.0
   7
 9 
-92.13101      32.58532
-92.13315      32.59244
-92.138        32.59589
-92.13637      32.59795
-92.12986      32.59907
-92.12418      32.59744
-92.12311      32.59332
-92.12749      32.58577
-92.13101      32.58532
 1 
 1             346           
1
 -9999.0   ,   9990.0
   7
 8 
-93.68981      32.58788
-93.69147      32.59062
-93.69069      32.59406
-93.68398      32.59756
-93.67797      32.59464
-93.67494      32.59031
-93.68388      32.59046
-93.68981      32.58788
 1 
 1             347           
1
 -9999.0   ,   9990.0
   7
 13 
-94.9599       32.55435
-94.96064      32.5533
-94.96612      32.55399
-94.96554      32.58082
-94.96326      32.58591
-94.96561      32.59251
-94.96461      32.59505
-94.96245      32.59533
-94.95903      32.58967
-94.95777      32.58373
-94.9607       32.57267
-94.95919      32.56743
-94.9599       32.55435
 1 
 1             348           
1
 -9999.0   ,   9990.0
   7
 7 
-90.76488      32.57997
-90.76755      32.58162
-90.76639      32.58481
-90.76198      32.58886
-90.75404      32.5924
-90.75168      32.58916
-90.76488      32.57997
 1 
 1             349           
1
 -9999.0   ,   9990.0
   7
 66 
-93.81084      32.51332
-93.80072      32.50724
-93.79495      32.50112
-93.80574      32.49848
-93.80948      32.49523
-93.81098      32.48743
-93.8134       32.48626
-93.81572      32.49723
-93.82084      32.4958
-93.82471      32.50034
-93.82716      32.501
-93.82895      32.49479
-93.83737      32.49676
-93.84478      32.48614
-93.84802      32.48588
-93.85079      32.48974
-93.85814      32.49287
-93.86411      32.49326
-93.87179      32.5005
-93.87613      32.50091
-93.87721      32.50052
-93.88258      32.49855
-93.88854      32.49894
-93.89057      32.50717
-93.89738      32.50961
-93.90468      32.50952
-93.92329      32.50518
-93.92556      32.5118
-93.93044      32.5122
-93.93142      32.52273
-93.92078      32.53362
-93.9178       32.53366
-93.91393      32.52889
-93.91095      32.5287
-93.90937      32.53124
-93.90505      32.5322
-93.90303      32.52444
-93.89761      32.52404
-93.89304      32.52547
-93.88569      32.52395
-93.88379      32.52282
-93.88364      32.52232
-93.88206      32.51666
-93.87799      32.51602
-93.87589      32.5197
-93.87755      32.52559
-93.86996      32.52184
-93.86784      32.52415
-93.87309      32.53119
-93.87213      32.539
-93.86865      32.54133
-93.8667       32.53768
-93.86715      32.53195
-93.86276      32.52856
-93.85995      32.52149
-93.86232      32.51734
-93.85928      32.51348
-93.85384      32.51148
-93.84462      32.51066
-93.84201      32.51665
-93.83764      32.51463
-93.83252      32.51606
-93.82573      32.51384
-93.81981      32.5162
-93.81428      32.51442
-93.81084      32.51332
 1 
 1             350           
1
 -9999.0   ,   9990.0
   7
 33 
-91.06901      32.51974
-91.06714      32.52295
-91.04135      32.49622
-91.03278      32.49107
-91.02565      32.48895
-91.02471      32.48867
-91.01742      32.48765
-91.0074       32.48866
-91.00082      32.4927
-90.99859      32.49633
-91.00014      32.50002
-91.00937      32.49877
-91.01232      32.50019
-91.02022      32.51221
-91.03471      32.51882
-91.04549      32.52171
-91.04814      32.52427
-91.0486       32.52886
-91.04539      32.52912
-91.03884      32.52965
-91.02512      32.52488
-91.00706      32.51437
-90.98604      32.50212
-90.9834       32.49864
-90.98898      32.48956
-90.99586      32.48324
-91.00159      32.48057
-91.01056      32.47885
-91.02028      32.4799
-91.02727      32.48206
-91.051        32.49416
-91.06216      32.50638
-91.06901      32.51974
 1 
 1             351           
1
 -9999.0   ,   9990.0
   7
 7 
-93.58524      32.50109
-93.58797      32.50221
-93.59102      32.5086
-93.59054      32.51364
-93.58563      32.51048
-93.58286      32.50478
-93.58524      32.50109
 1 
 1             352           
1
 -9999.0   ,   9990.0
   7
 100 
-93.34405      32.5037
-93.34309      32.50342
-93.34497      32.50112
-93.35011      32.50062
-93.35198      32.49809
-93.3514       32.49512
-93.34514      32.49035
-93.34699      32.48621
-93.34479      32.48187
-93.34789      32.46673
-93.34755      32.45963
-93.33889      32.45877
-93.33697      32.45558
-93.34016      32.4512
-93.3472       32.45093
-93.35522      32.44125
-93.35302      32.43829
-93.35214      32.43027
-93.34749      32.42573
-93.34664      32.42115
-93.35279      32.41377
-93.35002      32.40692
-93.35161      32.40347
-93.36051      32.40135
-93.37078      32.40151
-93.37803      32.39687
-93.37908      32.39343
-93.38741      32.38902
-93.39712      32.38712
-93.40169      32.39058
-93.40583      32.3937
-93.41637      32.39362
-93.42362      32.38945
-93.4217       32.38671
-93.41032      32.38427
-93.40488      32.38088
-93.40294      32.37631
-93.39259      32.36653
-93.38791      32.35809
-93.38896      32.35487
-93.39621      32.35116
-93.39882      32.34221
-93.40313      32.3408
-93.40607      32.33757
-93.40522      32.33529
-93.40116      32.3328
-93.40136      32.32661
-93.40671      32.32107
-93.41021      32.32082
-93.41401      32.32262
-93.41858      32.32076
-93.43322      32.32638
-93.43812      32.33069
-93.43546      32.33369
-93.42632      32.33834
-93.41953      32.35993
-93.42229      32.36586
-93.431        32.37152
-93.44158      32.37579
-93.44377      32.37853
-93.43733      32.3827
-93.44011      32.38978
-93.43826      32.39323
-93.43288      32.39671
-93.43062      32.41299
-93.42525      32.41555
-93.42038      32.41582
-93.41434      32.40716
-93.40999      32.40421
-93.40161      32.40381
-93.39938      32.39787
-93.3937       32.397
-93.39003      32.40802
-93.38384      32.41081
-93.37656      32.41178
-93.37289      32.42349
-93.37646      32.42919
-93.38         32.43192
-93.39316      32.43242
-93.39514      32.4325
-93.40684      32.4402
-93.4047       32.44205
-93.39249      32.43824
-93.38114      32.43809
-93.37224      32.43999
-93.37009      32.44183
-93.36826      32.44826
-93.36235      32.4522
-93.35888      32.45657
-93.35869      32.46528
-93.36089      32.46893
-93.35958      32.47352
-93.3637       32.47991
-93.36106      32.48589
-93.36984      32.49935
-93.36936      32.50096
-93.36801      32.50554
-93.36348      32.5113
-93.36019      32.50835
-93.34405      32.5037
 1 
 1             353           
1
 -9999.0   ,   9990.0
   7
 10 
-91.26174      32.47031
-91.26711      32.47289
-91.26886      32.48185
-91.28411      32.49348
-91.28728      32.49832
-91.28589      32.50083
-91.27275      32.49289
-91.26019      32.48267
-91.25758      32.47714
-91.26174      32.47031
 1 
 1             354           
1
 -9999.0   ,   9990.0
   7
 30 
-90            32.42739
-90.00166      32.42586
-90.00768      32.42347
-90.0146       32.41836
-90.01556      32.41334
-90.01275      32.40823
-90            32.40681
-90            32.38328
-90.00399      32.38535
-90.00584      32.37806
-90.00934      32.37836
-90.01302      32.38188
-90.02116      32.38092
-90.02493      32.38994
-90.03498      32.38879
-90.04724      32.38516
-90.06702      32.40141
-90.08517      32.41853
-90.07209      32.43085
-90.06864      32.44636
-90.05765      32.45231
-90.05182      32.45722
-90.04811      32.46356
-90.03571      32.47085
-90.02679      32.47913
-90.01968      32.49043
-90.01274      32.49624
-90.01222      32.49642
-90            32.5008
-90            32.42739
 1 
 1             355           
1
 -9999.0   ,   9990.0
   7
 8 
-90.21811      32.47886
-90.22404      32.47944
-90.22669      32.48155
-90.22739      32.48546
-90.22241      32.48972
-90.21536      32.4898
-90.21354      32.48701
-90.21811      32.47886
 1 
 1             356           
1
 -9999.0   ,   9990.0
   7
 33 
-92.19119      32.45334
-92.19739      32.45634
-92.20334      32.4559
-92.21171      32.46074
-92.22743      32.45208
-92.23798      32.45028
-92.24153      32.44182
-92.24478      32.44159
-92.25206      32.44666
-92.26263      32.43729
-92.26641      32.44005
-92.26396      32.44371
-92.25957      32.44816
-92.25582      32.45194
-92.24906      32.45375
-92.24498      32.45924
-92.23713      32.46059
-92.23361      32.46378
-92.22656      32.4656
-92.22059      32.46901
-92.22269      32.48667
-92.21944      32.48872
-92.21594      32.48458
-92.21435      32.47679
-92.21111      32.47426
-92.19542      32.47329
-92.19112      32.468
-92.18598      32.46845
-92.18382      32.46684
-92.17979      32.4604
-92.18144      32.45698
-92.18713      32.4531
-92.19119      32.45334
 1 
 1             357           
1
 -9999.0   ,   9990.0
   7
 9 
-90.20733      32.46787
-90.21321      32.47028
-90.21501      32.47375
-90.21212      32.48011
-90.20824      32.48347
-90.20501      32.48271
-90.20326      32.47786
-90.20428      32.47055
-90.20733      32.46787
 1 
 1             358           
1
 -9999.0   ,   9990.0
   7
 9 
-94.02231      32.47373
-94.01926      32.46988
-94.02976      32.46676
-94.03147      32.47156
-94.03831      32.47605
-94.03971      32.47855
-94.03594      32.47975
-94.02638      32.47437
-94.02231      32.47373
 1 
 1             359           
1
 -9999.0   ,   9990.0
   7
 21 
-91.04578      32.461
-91.05655      32.46389
-91.06118      32.46212
-91.07848      32.46257
-91.08894      32.46729
-91.09479      32.47286
-91.09285      32.47605
-91.08566      32.47
-91.07732      32.46737
-91.06436      32.46605
-91.05919      32.46759
-91.04517      32.46573
-91.03689      32.45881
-91.02695      32.4557
-91.01182      32.45458
-91.01097      32.45417
-91.00405      32.45081
-91.02001      32.45057
-91.02918      32.45207
-91.03912      32.45564
-91.04578      32.461
 1 
 1             360           
1
 -9999.0   ,   9990.0
   7
 8 
-92.13921      32.4676
-92.13299      32.46413
-92.12893      32.46503
-92.12305      32.45218
-92.12334      32.44737
-92.12902      32.44785
-92.13413      32.45222
-92.13921      32.4676
 1 
 1             361           
1
 -9999.0   ,   9990.0
   7
 7 
-91.00446      32.45792
-91.0131       32.45849
-91.01954      32.46087
-91.01868      32.46407
-91.00841      32.46301
-91.00414      32.46066
-91.00446      32.45792
 1 
 1             362           
1
 -9999.0   ,   9990.0
   7
 11 
-94.69613      32.42935
-94.7044       32.43539
-94.69836      32.44215
-94.70059      32.44508
-94.69794      32.44697
-94.69321      32.44178
-94.69742      32.43758
-94.69628      32.43485
-94.69278      32.43538
-94.68976      32.43383
-94.69613      32.42935
 1 
 1             363           
1
 -9999.0   ,   9990.0
   7
 17 
-91.0205       32.38069
-91.01518      32.39047
-91.01266      32.40991
-91.01362      32.41611
-91.00663      32.41441
-91.00506      32.41141
-90.99768      32.40569
-90.99702      32.4038
-90.99555      32.3996
-90.99749      32.3915
-90.99878      32.38612
-91.00126      32.38428
-91.01057      32.37735
-91.01534      32.36733
-91.02223      32.37453
-91.01918      32.37907
-91.0205       32.38069
 1 
 1             364           
1
 -9999.0   ,   9990.0
   7
 8 
-91.87852      32.39483
-91.88361      32.40036
-91.88436      32.40815
-91.88244      32.41181
-91.87948      32.41018
-91.87899      32.40354
-91.87527      32.39641
-91.87852      32.39483
 1 
 1             365           
1
 -9999.0   ,   9990.0
   7
 7 
-91.28799      32.38125
-91.29176      32.3829
-91.29306      32.38589
-91.28974      32.40808
-91.28618      32.41147
-91.28169      32.40501
-91.28799      32.38125
 1 
 1             366           
1
 -9999.0   ,   9990.0
   7
 9 
-90.89186      32.40844
-90.8892       32.40634
-90.88848      32.4022
-90.89156      32.39629
-90.90052      32.3939
-90.90587      32.39718
-90.90527      32.40038
-90.89549      32.40253
-90.89186      32.40844
 1 
 1             367           
1
 -9999.0   ,   9990.0
   7
 7 
-93.65532      32.39872
-93.66641      32.39954
-93.66942      32.40249
-93.6673       32.40526
-93.65188      32.4038
-93.64969      32.40199
-93.65532      32.39872
 1 
 1             368           
1
 -9999.0   ,   9990.0
   7
 10 
-91.0205       32.38069
-91.01918      32.37907
-91.02223      32.37453
-91.02675      32.37872
-91.03106      32.39435
-91.02631      32.40277
-91.02112      32.40499
-91.01988      32.3997
-91.02466      32.38968
-91.0205       32.38069
 1 
 1             369           
1
 -9999.0   ,   9990.0
   7
 7 
-90.16696      32.3859
-90.1774       32.38933
-90.17035      32.39949
-90.16686      32.3985
-90.16808      32.39349
-90.16554      32.38839
-90.16696      32.3859
 1 
 1             370           
1
 -9999.0   ,   9990.0
   7
 11 
-91.14631      32.37133
-91.14772      32.36768
-91.15121      32.3691
-91.15411      32.37349
-91.15296      32.37783
-91.14889      32.37801
-91.13948      32.37401
-91.13806      32.37214
-91.13955      32.37031
-91.14533      32.37224
-91.14631      32.37133
 1 
 1             371           
1
 -9999.0   ,   9990.0
   7
 9 
-93.61059      32.36638
-93.61329      32.36658
-93.6144       32.36909
-93.61178      32.37484
-93.6053       32.37559
-93.60311      32.37286
-93.60551      32.371
-93.60821      32.37121
-93.61059      32.36638
 1 
 1             372           
1
 -9999.0   ,   9990.0
   7
 12 
-90.8958       32.3739
-90.88064      32.37551
-90.87614      32.37086
-90.87844      32.36379
-90.88242      32.36751
-90.88727      32.36804
-90.89463      32.35143
-90.90041      32.34578
-90.90285      32.34582
-90.9036       32.34835
-90.89509      32.36907
-90.8958       32.3739
 1 
 1             373           
1
 -9999.0   ,   9990.0
   7
 53 
-94.61034      32.36102
-94.60941      32.35645
-94.61369      32.35431
-94.61683      32.35037
-94.61751      32.34508
-94.61574      32.33939
-94.61974      32.33748
-94.62181      32.34455
-94.62652      32.34905
-94.62392      32.35299
-94.6377       32.36397
-94.65283      32.36392
-94.66196      32.36192
-94.66809      32.35861
-94.67081      32.35924
-94.67258      32.36494
-94.6771       32.36211
-94.68786      32.34977
-94.69618      32.34778
-94.69629      32.34709
-94.69688      32.34341
-94.69514      32.33886
-94.69722      32.33608
-94.70631      32.33201
-94.70706      32.32971
-94.70401      32.32678
-94.70692      32.32467
-94.7107       32.32437
-94.71561      32.31603
-94.71911      32.3155
-94.72162      32.31889
-94.72121      32.32348
-94.72493      32.32135
-94.73043      32.3146
-94.73424      32.31568
-94.73563      32.31749
-94.73359      32.32211
-94.72854      32.32495
-94.72549      32.33234
-94.71255      32.33304
-94.70671      32.33727
-94.70412      32.34145
-94.70329      32.35108
-94.69769      32.35394
-94.69536      32.35788
-94.68841      32.36075
-94.68298      32.37025
-94.65297      32.36942
-94.64166      32.371
-94.63028      32.36937
-94.62369      32.36559
-94.61263      32.36648
-94.61034      32.36102
 1 
 1             374           
1
 -9999.0   ,   9990.0
   7
 18 
-93.68922      32.34823
-93.6969       32.3564
-93.7037       32.35977
-93.70699      32.36318
-93.70353      32.3671
-93.7003       32.36805
-93.69731      32.36625
-93.69695      32.36052
-93.69264      32.36057
-93.69018      32.35876
-93.69066      32.35463
-93.68687      32.35375
-93.67906      32.35589
-93.67496      32.35272
-93.67575      32.35088
-93.68117      32.35151
-93.68491      32.34896
-93.68922      32.34823
 1 
 1             375           
1
 -9999.0   ,   9990.0
   7
 10 
-91.91806      32.34879
-91.92372      32.35042
-91.93017      32.35481
-91.93256      32.36055
-91.9301       32.36443
-91.92553      32.36143
-91.91178      32.35768
-91.90992      32.35447
-91.91238      32.35081
-91.91806      32.34879
 1 
 1             376           
1
 -9999.0   ,   9990.0
   7
 8 
-91.42753      32.35341
-91.42809      32.35135
-91.4308       32.35092
-91.44583      32.3584
-91.44606      32.36092
-91.44389      32.36136
-91.43502      32.35784
-91.42753      32.35341
 1 
 1             377           
1
 -9999.0   ,   9990.0
   7
 11 
-93.11931      32.34158
-93.12444      32.34224
-93.12824      32.34566
-93.12935      32.34909
-93.12721      32.353
-93.11912      32.35349
-93.11051      32.35858
-93.10781      32.35813
-93.10263      32.35243
-93.10503      32.34783
-93.11931      32.34158
 1 
 1             378           
1
 -9999.0   ,   9990.0
   7
 5 
-91.07938      32.33703
-91.09306      32.34202
-91.09354      32.34546
-91.08303      32.34418
-91.07938      32.33703
 1 
 1             379           
1
 -9999.0   ,   9990.0
   7
 39 
-93.75528      32.34001
-93.7499       32.34167
-93.73566      32.32807
-93.73079      32.32743
-93.72636      32.33824
-93.72358      32.33323
-93.72434      32.3291
-93.72264      32.32408
-93.71402      32.32576
-93.71204      32.31868
-93.70372      32.32243
-93.6975       32.3218
-93.68746      32.33794
-93.68754      32.34389
-93.68351      32.34508
-93.68159      32.34281
-93.68174      32.3341
-93.68343      32.32937
-93.68512      32.32467
-93.68372      32.32125
-93.67726      32.322
-93.66959      32.31428
-93.67742      32.31444
-93.69247      32.30925
-93.69659      32.31425
-93.70086      32.31054
-93.70516      32.30982
-93.70815      32.31139
-93.71108      32.30792
-93.71812      32.30991
-93.72754      32.30822
-93.73108      32.30979
-93.72767      32.31646
-93.72799      32.32081
-93.73608      32.31981
-93.73908      32.32139
-93.74159      32.32709
-93.74839      32.33091
-93.75528      32.34001
 1 
 1             380           
1
 -9999.0   ,   9990.0
   7
 13 
-93.13721      32.31538
-93.14914      32.32197
-93.14358      32.33711
-93.13984      32.344
-93.13742      32.34493
-93.13174      32.3429
-93.12873      32.33787
-93.12925      32.3342
-93.13489      32.33143
-93.12811      32.32573
-93.12456      32.32002
-93.12698      32.31772
-93.13721      32.31538
 1 
 1             381           
1
 -9999.0   ,   9990.0
   7
 7 
-90.95437      32.3351
-90.94862      32.33914
-90.94233      32.34035
-90.93328      32.33898
-90.92794      32.33312
-90.93986      32.331
-90.95437      32.3351
 1 
 1             382           
1
 -9999.0   ,   9990.0
   7
 8 
-92.44359      32.32274
-92.44151      32.32035
-92.44368      32.31691
-92.45799      32.3167
-92.46122      32.31968
-92.46094      32.32335
-92.45474      32.32426
-92.44359      32.32274
 1 
 1             383           
1
 -9999.0   ,   9990.0
   7
 6 
-91.05324      32.32132
-91.05698      32.31644
-91.06536      32.31532
-91.06603      32.31811
-91.06419      32.31931
-91.05324      32.32132
 1 
 1             384           
1
 -9999.0   ,   9990.0
   7
 7 
-93.53982      32.30949
-93.54169      32.31066
-93.54032      32.31264
-93.53333      32.31112
-93.52668      32.30571
-93.52746      32.30364
-93.53982      32.30949
 1 
 1             385           
1
 -9999.0   ,   9990.0
   7
 41 
-94.54852      32.27343
-94.5463       32.27095
-94.54724      32.2652
-94.541        32.25225
-94.54172      32.2488
-94.54576      32.24805
-94.55079      32.25575
-94.55582      32.25154
-94.57439      32.21616
-94.59262      32.20095
-94.59731      32.19423
-94.6061       32.19018
-94.60627      32.19682
-94.59939      32.20244
-94.59391      32.20964
-94.5921       32.22387
-94.59621      32.22609
-94.6092       32.22815
-94.61439      32.23058
-94.61526      32.23285
-94.6118       32.23498
-94.5934       32.23256
-94.58886      32.2347
-94.58884      32.23563
-94.58871      32.23951
-94.57136      32.24738
-94.56449      32.25322
-94.55776      32.26502
-94.55839      32.26868
-94.56082      32.26864
-94.56499      32.26238
-94.58874      32.26288
-94.59175      32.26443
-94.59157      32.26787
-94.58513      32.26959
-94.58442      32.2735
-94.58281      32.27398
-94.57381      32.27001
-94.56443      32.27293
-94.5578       32.27762
-94.54852      32.27343
 1 
 1             386           
1
 -9999.0   ,   9990.0
   7
 7 
-92.73486      32.26351
-92.73782      32.26419
-92.74215      32.26853
-92.74297      32.27174
-92.73946      32.27495
-92.73351      32.26557
-92.73486      32.26351
 1 
 1             387           
1
 -9999.0   ,   9990.0
   7
 9 
-93.46851      32.24056
-93.48748      32.25288
-93.48426      32.25474
-93.47777      32.25296
-93.47232      32.24865
-93.46477      32.24848
-93.46231      32.24529
-93.46362      32.24253
-93.46851      32.24056
 1 
 1             388           
1
 -9999.0   ,   9990.0
   7
 8 
-93.51553      32.2497
-93.51648      32.24119
-93.51939      32.23613
-93.52267      32.23977
-93.52216      32.24252
-93.51966      32.24375
-93.51696      32.25363
-93.51553      32.2497
 1 
 1             389           
1
 -9999.0   ,   9990.0
   7
 13 
-91.19838      32.22787
-91.2016       32.22882
-91.20314      32.23365
-91.20252      32.23845
-91.19978      32.24117
-91.18702      32.2456
-91.16701      32.24879
-91.16086      32.24574
-91.15878      32.24136
-91.16288      32.2382
-91.16829      32.23644
-91.18775      32.23438
-91.19838      32.22787
 1 
 1             390           
1
 -9999.0   ,   9990.0
   7
 11 
-91.55656      32.20366
-91.56031      32.2053
-91.56778      32.2127
-91.57198      32.22189
-91.57246      32.22717
-91.56946      32.22989
-91.56571      32.22757
-91.56314      32.21678
-91.55513      32.21007
-91.55196      32.20477
-91.55656      32.20366
 1 
 1             391           
1
 -9999.0   ,   9990.0
   7
 13 
-91.96648      32.18641
-91.96971      32.18781
-91.96916      32.1901
-91.96482      32.19282
-91.97314      32.19859
-91.97608      32.20319
-91.97551      32.20685
-91.97066      32.20591
-91.96505      32.19855
-91.95592      32.19392
-91.95379      32.19001
-91.95436      32.18658
-91.96648      32.18641
 1 
 1             392           
1
 -9999.0   ,   9990.0
   7
 6 
-91.46706      32.18268
-91.47068      32.1858
-91.47325      32.19749
-91.47164      32.20311
-91.46651      32.18867
-91.46706      32.18268
 1 
 1             393           
1
 -9999.0   ,   9990.0
   7
 8 
-91.07339      32.18873
-91.09324      32.19426
-91.10126      32.19871
-91.10149      32.20101
-91.09609      32.20094
-91.07893      32.19545
-91.07228      32.19124
-91.07339      32.18873
 1 
 1             394           
1
 -9999.0   ,   9990.0
   7
 11 
-91.22018      32.18048
-91.22175      32.18348
-91.21841      32.18939
-91.21274      32.19047
-91.20442      32.18808
-91.19901      32.18939
-91.19551      32.18889
-91.19368      32.18612
-91.19559      32.18431
-91.2134       32.18292
-91.22018      32.18048
 1 
 1             395           
1
 -9999.0   ,   9990.0
   7
 22 
-93.62526      32.18459
-93.62094      32.18394
-93.61302      32.17599
-93.58448      32.13433
-93.56361      32.12444
-93.56249      32.12078
-93.56479      32.11091
-93.57632      32.10715
-93.58901      32.10864
-93.59498      32.11271
-93.59554      32.11416
-93.59692      32.11773
-93.59628      32.13056
-93.59794      32.13467
-93.60368      32.14103
-93.62994      32.14996
-93.6335       32.15496
-93.63165      32.15773
-93.62199      32.16057
-93.61908      32.16517
-93.62682      32.17976
-93.62526      32.18459
 1 
 1             396           
1
 -9999.0   ,   9990.0
   7
 18 
-93.02695      32.15141
-93.03318      32.15688
-93.03347      32.16123
-93.03159      32.16284
-93.02164      32.16494
-93.02032      32.17204
-93.01521      32.17344
-93.00905      32.17965
-93.00474      32.18104
-92.99689      32.17328
-93.00146      32.17097
-93.00357      32.16272
-93.00758      32.15767
-93.01138      32.16108
-93.01569      32.16221
-93.01781      32.15625
-93.02157      32.1528
-93.02695      32.15141
 1 
 1             397           
1
 -9999.0   ,   9990.0
   7
 9 
-90.17378      32.15852
-90.17834      32.15953
-90.18008      32.16461
-90.17276      32.17522
-90.16871      32.17559
-90.16606      32.17416
-90.16834      32.16986
-90.16438      32.16657
-90.17378      32.15852
 1 
 1             398           
1
 -9999.0   ,   9990.0
   7
 9 
-91.47875      32.17408
-91.47881      32.1695
-91.4873       32.15996
-91.49007      32.15403
-91.49493      32.15248
-91.48803      32.1657
-91.48339      32.16978
-91.48172      32.17343
-91.47875      32.17408
 1 
 1             399           
1
 -9999.0   ,   9990.0
   7
 10 
-91.12569      32.15802
-91.13102      32.16107
-91.13126      32.16313
-91.12531      32.16397
-91.10966      32.15957
-91.10654      32.15869
-91.10258      32.15429
-91.11255      32.15396
-91.11736      32.15677
-91.12569      32.15802
 1 
 1             400           
1
 -9999.0   ,   9990.0
   7
 10 
-91.33131      32.13868
-91.33372      32.13939
-91.33424      32.14146
-91.33121      32.14555
-91.31738      32.15158
-91.30874      32.15217
-91.30477      32.14801
-91.30804      32.1453
-91.31938      32.14427
-91.33131      32.13868
 1 
 1             401           
1
 -9999.0   ,   9990.0
   7
 10 
-91.09459      32.11823
-91.10041      32.12403
-91.09658      32.12742
-91.09062      32.12917
-91.07872      32.13176
-91.07281      32.13123
-91.06834      32.12521
-91.08399      32.12359
-91.09157      32.12139
-91.09459      32.11823
 1 
 1             402           
1
 -9999.0   ,   9990.0
   7
 26 
-91.23454      32.08293
-91.22883      32.09515
-91.22124      32.09758
-91.21941      32.09503
-91.22825      32.08071
-91.22279      32.05156
-91.21198      32.03769
-91.19341      32.02166
-91.17976      32.01714
-91.17328      32.01804
-91.15092      32.02114
-91.14931      32.0202
-91.15179      32.01749
-91.16558      32.01285
-91.17716      32.01253
-91.18386      32.01376
-91.20386      32.02408
-91.22292      32.04354
-91.23598      32.06922
-91.24015      32.07741
-91.24153      32.09209
-91.24004      32.10123
-91.23865      32.10396
-91.23621      32.10462
-91.23669      32.08389
-91.23454      32.08293
 1 
 1             403           
1
 -9999.0   ,   9990.0
   7
 11 
-91.05287      32.09903
-91.05134      32.09659
-91.05192      32.0943
-91.05918      32.09509
-91.0603       32.09614
-91.06289      32.09857
-91.06339      32.10064
-91.06066      32.10267
-91.05748      32.1001
-91.05422      32.10121
-91.05287      32.09903
 1 
 1             404           
1
 -9999.0   ,   9990.0
   7
 7 
-93.47428      32.08808
-93.47283      32.09976
-93.46772      32.10049
-93.46581      32.09776
-93.46979      32.09474
-93.47038      32.08866
-93.47428      32.08808
 1 
 1             405           
1
 -9999.0   ,   9990.0
   7
 37 
-91.12544      32.07057
-91.13062      32.07471
-91.13358      32.07391
-91.13328      32.07082
-91.13555      32.06996
-91.14684      32.07102
-91.15279      32.06972
-91.15685      32.06771
-91.1606       32.06348
-91.16181      32.05641
-91.15956      32.05125
-91.14727      32.04537
-91.13684      32.04181
-91.12154      32.04045
-91.11165      32.03817
-91.10036      32.03558
-91.09419      32.03416
-91.08808      32.0295
-91.08872      32.02846
-91.08947      32.02723
-91.09458      32.02707
-91.1074       32.0325
-91.14764      32.03965
-91.15671      32.04389
-91.16199      32.04902
-91.16551      32.05245
-91.16473      32.06043
-91.164        32.06801
-91.15944      32.07085
-91.14916      32.07678
-91.13792      32.08031
-91.13725      32.08052
-91.13548      32.07971
-91.12966      32.07704
-91.1239       32.0744
-91.12348      32.07192
-91.12544      32.07057
 1 
 1             406           
1
 -9999.0   ,   9990.0
   7
 10 
-91.19622      32.06315
-91.20449      32.06829
-91.20258      32.0701
-91.1972       32.0698
-91.19496      32.07527
-91.19225      32.0757
-91.19041      32.07316
-91.19054      32.0656
-91.19219      32.06379
-91.19622      32.06315
 1 
 1             407           
1
 -9999.0   ,   9990.0
   7
 62 
-91.77219      31.89652
-91.76799      31.92034
-91.77179      31.92949
-91.77226      31.93486
-91.77349      31.94895
-91.76763      31.96224
-91.76819      31.96659
-91.77522      31.97733
-91.77417      31.98214
-91.76615      31.9943
-91.76854      32
-91.77027      32.01481
-91.76944      32.01709
-91.76432      32.01774
-91.76005      32.0145
-91.75746      32.0051
-91.75828      32
-91.75889      31.99226
-91.76504      31.98652
-91.76664      31.98059
-91.76769      31.97666
-91.76418      31.97301
-91.75826      31.97211
-91.74806      31.97626
-91.74488      31.98749
-91.74512      32
-91.74667      32.00777
-91.73838      32.03061
-91.7391       32.03909
-91.73549      32.04937
-91.72357      32.05729
-91.72136      32.06346
-91.71785      32.06435
-91.7133       32.06203
-91.71278      32.0595
-91.71745      32.05084
-91.72669      32.04197
-91.72808      32.03809
-91.72679      32.03167
-91.73119      32.02162
-91.73069      32.01841
-91.727        32.01655
-91.72239      32.01423
-91.71973      32.01124
-91.72109      32.00964
-91.73048      32.012
-91.73454      32.01066
-91.73594      32.00471
-91.73333      32
-91.73417      31.99827
-91.73413      31.98865
-91.73652      31.98086
-91.74374      31.97123
-91.75179      31.96801
-91.75528      31.96433
-91.76134      31.93844
-91.76024      31.93249
-91.75456      31.92266
-91.75347      31.9174
-91.75775      31.91281
-91.76226      31.89952
-91.77219      31.89652
 1 
 1             408           
1
 -9999.0   ,   9990.0
   7
 7 
-91.19919      32.04693
-91.20391      32.05431
-91.20385      32.0582
-91.19079      32.05026
-91.19137      32.04775
-91.19566      32.04894
-91.19919      32.04693
 1 
 1             409           
1
 -9999.0   ,   9990.0
   7
 36 
-94.41168      32.03174
-94.41217      32.03115
-94.42399      32.01711
-94.42958      32.01381
-94.43601      32.02516
-94.44434      32.02457
-94.44611      32.03141
-94.45184      32.03452
-94.45772      32.03305
-94.45999      32.03828
-94.46377      32.03868
-94.47162      32.02939
-94.47484      32.02842
-94.48032      32.03268
-94.48679      32.03348
-94.49982      32.03808
-94.51152      32.03215
-94.51883      32.03409
-94.51539      32.03903
-94.51414      32.04081
-94.50324      32.04649
-94.49627      32.04753
-94.49347      32.04276
-94.4768       32.0435
-94.47338      32.04654
-94.47349      32.05203
-94.47057      32.05345
-94.45813      32.05091
-94.45445      32.05486
-94.45069      32.05515
-94.44829      32.04466
-94.43819      32.03818
-94.43645      32.04416
-94.42964      32.04084
-94.42053      32.04282
-94.41168      32.03174
 1 
 1             410           
1
 -9999.0   ,   9990.0
   7
 25 
-91.42613      32.02103
-91.43312      32.02133
-91.43659      32.02411
-91.43936      32.03163
-91.44099      32.03607
-91.44662      32.03841
-91.44873      32.04118
-91.44789      32.04346
-91.44518      32.04481
-91.43311      32.04194
-91.43101      32.03803
-91.43242      32.03392
-91.43085      32.03024
-91.4263       32.02859
-91.41706      32.03537
-91.41165      32.03714
-91.40007      32.03794
-91.39229      32.03603
-91.38621      32.02841
-91.39242      32.02733
-91.40124      32.03131
-91.40985      32.03117
-91.41715      32.0285
-91.42126      32.0235
-91.42613      32.02103
 1 
 1             411           
1
 -9999.0   ,   9990.0
   7
 33 
-94.14064      32.02798
-94.13468      32.02554
-94.12802      32.01533
-94.12366      32.01218
-94.11799      32.01157
-94.10862      32.01422
-94.1036       32.01841
-94.10011      32.01914
-94.09631      32.01736
-94.09202      32.01833
-94.08058      32.02512
-94.07572      32.02405
-94.07135      32.02021
-94.05522      32.0211
-94.04825      32.01862
-94.03294      32.00902
-94.03066      32
-94.04781      32
-94.05111      32
-94.05518      32.00393
-94.06703      32.00492
-94.07127      32.00097
-94.07477      32.00115
-94.08318      32.00562
-94.08799      32.0035
-94.0931       32.00366
-94.09964      32.00815
-94.12024      32.00215
-94.1259       32.00276
-94.13216      32.0068
-94.14183      32.01995
-94.14301      32.0252
-94.14064      32.02798
 1 
 1             412           
1
 -9999.0   ,   9990.0
   7
 11 
-93.38088      32.00517
-93.38332      32.0063
-93.38442      32.0095
-93.38313      32.01523
-93.37968      32.01892
-93.37618      32.01918
-93.37691      32.01116
-93.37154      32.01302
-93.36803      32.01145
-93.37659      32.00566
-93.38088      32.00517
 1 
 1             413           
1
 -9999.0   ,   9990.0
   7
 36 
-93.15721      32.01844
-93.15289      32.01663
-93.14774      32.01162
-93.14182      32.01165
-93.14312      32.0066
-93.13691      32.00137
-93.13271      32
-93.13141      31.99571
-93.11611      31.98193
-93.10924      31.97354
-93.09406      31.96616
-93.08332      31.96698
-93.06731      31.95755
-93.05897      31.95742
-93.05469      31.9593
-93.04743      31.9587
-93.04727      31.94908
-93.05182      31.94811
-93.05429      31.9458
-93.05552      31.94463
-93.06812      31.9422
-93.07296      31.94237
-93.0773       31.94484
-93.08442      31.95254
-93.09512      31.94898
-93.10458      31.95207
-93.11493      31.96019
-93.12184      31.9711
-93.13135      31.97648
-93.14581      31.98867
-93.15186      31.99661
-93.15192      32
-93.156        32.00104
-93.15898      32.00401
-93.15981      32.00629
-93.15721      32.01844
 1 
 1             414           
1
 -9999.0   ,   9990.0
   7
 9 
-91.56572      32.00105
-91.57055      32.00247
-91.56998      32.00521
-91.56346      32.01042
-91.56341      32.01431
-91.56095      32.01772
-91.55404      32.01056
-91.55436      32.00713
-91.56572      32.00105
 1 
 1             415           
1
 -9999.0   ,   9990.0
   7
 33 
-91.20389      32
-91.22756      32
-91.23428      31.99674
-91.24154      31.98874
-91.24317      31.98256
-91.24183      31.97546
-91.21899      31.95551
-91.21283      31.94452
-91.21551      31.94086
-91.22035      31.94132
-91.22707      31.9514
-91.24184      31.96401
-91.25016      31.98256
-91.25015      31.98737
-91.23993      31.99927
-91.23878      32
-91.23596      32.00201
-91.22677      32.00511
-91.21682      32.00431
-91.19618      32
-91.19341      31.99829
-91.18939      31.99233
-91.18671      31.98409
-91.19829      31.96327
-91.20208      31.94817
-91.20611      31.94588
-91.20825      31.94978
-91.20744      31.95962
-91.20238      31.97196
-91.19665      31.98593
-91.19665      31.98983
-91.20067      31.99785
-91.20389      32
 1 
 1             416           
1
 -9999.0   ,   9990.0
   7
 23 
-94.05111      32
-94.04781      32
-94.03066      32
-94.02835      32
-94.02039      32
-94.00675      31.99342
-94.00052      31.98094
-94.00403      31.98141
-94.00646      31.98174
-94.01618      31.98317
-94.02358      31.98899
-94.02814      31.98845
-94.02966      31.98475
-94.02851      31.98157
-94.03059      31.97901
-94.03595      31.97846
-94.04552      31.98424
-94.05883      31.98948
-94.06688      31.98864
-94.07294      31.99426
-94.08262      31.99408
-94.08904      32
-94.05111      32
 1 
 1             417           
1
 -9999.0   ,   9990.0
   7
 21 
-91.974        32
-91.97248      32
-91.97109      31.99958
-91.96667      31.98059
-91.95504      31.96965
-91.95151      31.96346
-91.93992      31.95917
-91.93975      31.95544
-91.94269      31.95243
-91.93681      31.94641
-91.93446      31.9409
-91.93235      31.9317
-91.93096      31.9259
-91.94152      31.94591
-91.94563      31.94993
-91.94681      31.95494
-91.95505      31.96045
-91.95681      31.96596
-91.96273      31.97353
-91.97178      31.9808
-91.974        32
 1 
 1             418           
1
 -9999.0   ,   9990.0
   7
 6 
-92.90842      31.99229
-92.89891      31.98575
-92.90127      31.9816
-92.90503      31.98133
-92.90999      31.98952
-92.90842      31.99229
 1 
 1             419           
1
 -9999.0   ,   9990.0
   7
 21 
-94.97687      31.93693
-94.98191      31.93497
-94.98572      31.93625
-94.98617      31.94151
-94.99168      31.94526
-94.99322      31.95072
-94.99129      31.95696
-94.99699      31.96598
-94.99912      31.97325
-94.99793      31.97763
-94.99195      31.98351
-94.99073      31.98698
-94.98369      31.98555
-94.98222      31.98215
-94.98469      31.9759
-94.98136      31.97278
-94.98078      31.96386
-94.97626      31.95779
-94.97779      31.9479
-94.97077      31.93937
-94.97687      31.93693
 1 
 1             420           
1
 -9999.0   ,   9990.0
   7
 671 
-94.00646      31.98174
-94.00403      31.98141
-94.00052      31.98094
-93.99862      31.98074
-93.99057      31.96005
-93.98469      31.95099
-93.97895      31.94721
-93.97302      31.94663
-93.9639       31.94725
-93.96408      31.94381
-93.97179      31.94046
-93.97356      31.93608
-93.97156      31.93131
-93.96688      31.92727
-93.9354       31.91523
-93.92712      31.91721
-93.92334      31.9166
-93.9151       31.90941
-93.90811      31.90908
-93.89958      31.91174
-93.89471      31.91091
-93.89453      31.89259
-93.89108      31.88349
-93.89308      31.87751
-93.89032      31.8748
-93.88151      31.87656
-93.87403      31.86753
-93.87311      31.86297
-93.87537      31.85606
-93.87286      31.85243
-93.86024      31.85243
-93.85402      31.86215
-93.85111      31.86357
-93.84809      31.86111
-93.84634      31.85564
-93.84364      31.85477
-93.84399      31.84743
-93.85622      31.83096
-93.85642      31.82821
-93.85532      31.82686
-93.84542      31.82863
-93.84054      31.82642
-93.82293      31.80886
-93.82308      31.80382
-93.82861      31.78815
-93.82774      31.78541
-93.81224      31.78842
-93.80909      31.79146
-93.79973      31.79276
-93.79908      31.78819
-93.8005       31.7847
-93.80162      31.78196
-93.79656      31.77265
-93.79249      31.77066
-93.789        31.77072
-93.78837      31.76638
-93.78988      31.76223
-93.78741      31.75975
-93.78254      31.75823
-93.7811       31.7539
-93.782        31.74655
-93.77624      31.71871
-93.77188      31.7158
-93.77125      31.71169
-93.77479      31.70269
-93.77532      31.67977
-93.77641      31.67187
-93.77761      31.66301
-93.77541      31.64885
-93.77039      31.64091
-93.76606      31.63892
-93.76368      31.64034
-93.75563      31.6517
-93.74641      31.65826
-93.73813      31.67123
-93.73178      31.675
-93.72578      31.68265
-93.72501      31.69573
-93.72044      31.69488
-93.72175      31.69372
-93.72122      31.68227
-93.72425      31.67421
-93.74477      31.64546
-93.75574      31.63337
-93.76244      31.62157
-93.76464      31.61283
-93.76419      31.60482
-93.75749      31.58156
-93.75801      31.58021
-93.76178      31.57049
-93.76084      31.56478
-93.75453      31.55824
-93.74728      31.54576
-93.74237      31.54217
-93.73698      31.54088
-93.736        31.54457
-93.73753      31.55302
-93.73512      31.55283
-93.72774      31.54654
-93.72646      31.54885
-93.72671      31.55961
-93.72106      31.55879
-93.71874      31.56249
-93.72088      31.57414
-93.70913      31.59109
-93.69806      31.60705
-93.69432      31.60757
-93.68961      31.61291
-93.68563      31.61435
-93.68533      31.62512
-93.683        31.62837
-93.68006      31.62864
-93.67163      31.62351
-93.66851      31.62768
-93.66561      31.6417
-93.66051      31.64133
-93.65529      31.63568
-93.66038      31.62369
-93.66002      31.61934
-93.65756      31.61755
-93.64629      31.61681
-93.64072      31.61919
-93.63447      31.61516
-93.63659      31.61426
-93.63951      31.61302
-93.66387      31.61218
-93.67215      31.61067
-93.67876      31.60667
-93.68153      31.59929
-93.68687      31.59807
-93.69027      31.59434
-93.68966      31.59114
-93.68524      31.58526
-93.7023       31.56986
-93.70393      31.5593
-93.71488      31.53414
-93.71657      31.53271
-93.72643      31.52433
-93.72953      31.51947
-93.7294       31.51807
-93.72917      31.51558
-93.72481      31.51199
-93.7201       31.51223
-93.71839      31.51232
-93.70621      31.51825
-93.69768      31.51953
-93.69614      31.52276
-93.69814      31.528
-93.69686      31.53077
-93.69311      31.5306
-93.68681      31.52475
-93.68254      31.52527
-93.68023      31.52944
-93.68202      31.53765
-93.68106      31.54248
-93.67812      31.54253
-93.67377      31.53668
-93.67173      31.53635
-93.66896      31.54091
-93.66694      31.54163
-93.67224      31.53163
-93.67194      31.53105
-93.66497      31.51776
-93.66067      31.51668
-93.65152      31.52669
-93.64674      31.54028
-93.64156      31.54861
-93.63758      31.54982
-93.63671      31.54708
-93.64121      31.53235
-93.63894      31.52734
-93.63406      31.52421
-93.62391      31.52506
-93.61249      31.52936
-93.60729      31.5244
-93.59514      31.53205
-93.59461      31.53239
-93.58491      31.5291
-93.57646      31.5345
-93.57428      31.53316
-93.58324      31.5266
-93.6117       31.51792
-93.62351      31.51911
-93.64524      31.50937
-93.66078      31.50981
-93.67088      31.50667
-93.68264      31.5058
-93.68864      31.50757
-93.69072      31.50819
-93.6958       31.50765
-93.70021      31.50162
-93.69908      31.49889
-93.68079      31.49529
-93.67994      31.49278
-93.68308      31.48998
-93.68733      31.48854
-93.69804      31.48859
-93.70915      31.4946
-93.71341      31.49339
-93.71784      31.48804
-93.70826      31.4788
-93.69279      31.45774
-93.68528      31.45695
-93.6864       31.44829
-93.68666      31.44638
-93.69691      31.4272
-93.69442      31.42312
-93.69039      31.42249
-93.68538      31.42578
-93.67489      31.41128
-93.66739      31.41095
-93.6593       31.40764
-93.65449      31.40794
-93.65402      31.41093
-93.65882      31.42231
-93.65837      31.42598
-93.65135      31.42312
-93.64842      31.41148
-93.64308      31.41202
-93.63799      31.42379
-93.64354      31.44455
-93.64195      31.44549
-93.62968      31.42277
-93.62276      31.42425
-93.62086      31.42337
-93.61971      31.41903
-93.62612      31.40679
-93.63292      31.3998
-93.64381      31.39688
-93.64616      31.39432
-93.64425      31.39206
-93.63215      31.38905
-93.62425      31.38275
-93.61641      31.3839
-93.61546      31.38404
-93.61063      31.38342
-93.60926      31.38184
-93.61108      31.37929
-93.62062      31.37548
-93.63531      31.36264
-93.63786      31.3571
-93.63592      31.35415
-93.63079      31.35171
-93.62476      31.35731
-93.61608      31.35103
-93.61124      31.35041
-93.60063      31.35402
-93.60005      31.35196
-93.60188      31.34964
-93.61327      31.34488
-93.61879      31.3409
-93.61895      31.33609
-93.61543      31.33408
-93.60804      31.33809
-93.60198      31.33965
-93.59953      31.34028
-93.59433      31.33441
-93.58928      31.33563
-93.58788      31.33267
-93.58994      31.3292
-93.59979      31.32767
-93.60216      31.32581
-93.60285      31.32075
-93.60758      31.31678
-93.60504      31.31109
-93.60631      31.30764
-93.61051      31.30413
-93.60986      31.29933
-93.61266      31.28026
-93.61018      31.27686
-93.6075       31.27668
-93.60094      31.28182
-93.59433      31.28513
-93.58901      31.2859
-93.58428      31.28987
-93.58056      31.29061
-93.57678      31.28907
-93.57561      31.28427
-93.57639      31.28306
-93.58207      31.27409
-93.57841      31.26544
-93.57915      31.26244
-93.58599      31.25776
-93.59014      31.25196
-93.59033      31.24852
-93.58594      31.24332
-93.58009      31.23149
-93.5763       31.22926
-93.57518      31.22652
-93.57792      31.21777
-93.58128      31.21291
-93.58762      31.2096
-93.58431      31.20415
-93.57514      31.20016
-93.56962      31.19154
-93.56427      31.17856
-93.56312      31.17445
-93.56759      31.1714
-93.57298      31.17384
-93.57287      31.16902
-93.5811       31.16088
-93.5879       31.16196
-93.59714      31.15627
-93.59948      31.16314
-93.60266      31.16444
-93.60501      31.16211
-93.60468      31.15959
-93.59944      31.15165
-93.60021      31.14981
-93.60578      31.1488
-93.61552      31.14292
-93.61758      31.13945
-93.61641      31.13465
-93.61758      31.1273
-93.62628      31.13473
-93.62822      31.13814
-93.62406      31.14302
-93.62286      31.14922
-93.61611      31.15712
-93.61697      31.15986
-93.61991      31.16027
-93.62754      31.15557
-93.6326       31.15503
-93.63424      31.15684
-93.63326      31.16052
-93.62086      31.1698
-93.61856      31.17153
-93.61571      31.17547
-93.61551      31.17891
-93.62101      31.18616
-93.61978      31.19122
-93.6228       31.19484
-93.62991      31.19014
-93.63631      31.19004
-93.64206      31.18468
-93.64554      31.18531
-93.64808      31.19146
-93.65124      31.18958
-93.66099      31.172
-93.66812      31.16868
-93.67056      31.17047
-93.67092      31.17459
-93.66678      31.18039
-93.66738      31.1829
-93.67781      31.18434
-93.67893      31.18684
-93.66942      31.19112
-93.66836      31.1916
-93.66321      31.1997
-93.64364      31.20804
-93.63866      31.21224
-93.64574      31.21854
-93.66322      31.21208
-93.66459      31.21366
-93.65856      31.21834
-93.6594       31.22062
-93.68208      31.2198
-93.69004      31.21784
-93.6904       31.22173
-93.67991      31.23015
-93.68051      31.23312
-93.68425      31.23329
-93.68887      31.22948
-93.69473      31.22464
-93.70621      31.22445
-93.71095      31.22163
-93.71948      31.20911
-93.74094      31.20233
-93.74741      31.20498
-93.75059      31.20447
-93.75198      31.20628
-93.75094      31.20813
-93.74728      31.21117
-93.73561      31.21411
-93.72927      31.2172
-93.71955      31.22423
-93.71701      31.22978
-93.71978      31.23408
-93.73616      31.23402
-93.7382       31.23401
-93.74224      31.23578
-93.74638      31.24144
-93.75092      31.2416
-93.75881      31.23619
-93.77132      31.23461
-93.78174      31.23512
-93.78888      31.23202
-93.8054       31.2306
-93.80649      31.23172
-93.80391      31.23521
-93.77607      31.2437
-93.77082      31.24745
-93.76991      31.25434
-93.76728      31.25576
-93.76246      31.25538
-93.75249      31.25104
-93.74574      31.2481
-93.74012      31.24796
-93.73482      31.24965
-93.7338       31.25196
-93.7377       31.25877
-93.73564      31.26202
-93.73217      31.2623
-93.70678      31.24943
-93.7009       31.24929
-93.69814      31.25713
-93.68552      31.25389
-93.67895      31.25881
-93.67855      31.26501
-93.68154      31.26725
-93.71017      31.27616
-93.71643      31.27448
-93.72901      31.27565
-93.74742      31.27512
-93.764        31.28722
-93.80499      31.29249
-93.80931      31.29402
-93.81154      31.29834
-93.81055      31.3011
-93.80736      31.30184
-93.79159      31.30211
-93.78509      31.2981
-93.7808       31.29725
-93.77994      31.29765
-93.77313      31.30082
-93.76722      31.29931
-93.74906      31.29961
-93.7481       31.30444
-93.75558      31.31555
-93.75291      31.31605
-93.74831      31.31338
-93.74123      31.29608
-93.73538      31.29686
-93.73309      31.29048
-93.72652      31.29517
-93.71796      31.29508
-93.71124      31.29267
-93.71021      31.29498
-93.71409      31.30065
-93.71502      31.30682
-93.71872      31.31348
-93.72032      31.31636
-93.71041      31.31492
-93.70658      31.31108
-93.70292      31.30335
-93.70051      31.3027
-93.69961      31.31005
-93.69078      31.30927
-93.68691      31.31598
-93.68727      31.3201
-93.69422      31.32022
-93.69801      31.32245
-93.68985      31.33931
-93.67344      31.34645
-93.67456      31.34895
-93.67939      31.34956
-93.68104      31.35183
-93.67631      31.35557
-93.67771      31.35784
-93.68968      31.35536
-93.69586      31.35663
-93.69379      31.3601
-93.68583      31.36253
-93.68642      31.36504
-93.697        31.37197
-93.69812      31.37447
-93.69251      31.37456
-93.6933       31.38555
-93.70305      31.37921
-93.70579      31.37091
-93.70953      31.37039
-93.71229      31.37424
-93.70965      31.38735
-93.70758      31.39013
-93.6958       31.38963
-93.69451      31.39172
-93.69512      31.39538
-93.7009       31.40239
-93.70793      31.40571
-93.70984      31.40517
-93.71138      31.40473
-93.71636      31.39984
-93.72011      31.40047
-93.73074      31.409
-93.73473      31.40825
-93.73597      31.40387
-93.73946      31.40451
-93.74903      31.41374
-93.75305      31.41413
-93.75963      31.40944
-93.77006      31.39827
-93.77251      31.3996
-93.77478      31.40552
-93.79054      31.40457
-93.81444      31.38629
-93.81925      31.38621
-93.79919      31.40953
-93.79766      31.41133
-93.78629      31.41725
-93.76141      31.41698
-93.7564       31.43172
-93.76244      31.44996
-93.76695      31.44805
-93.77151      31.44889
-93.77485      31.4541
-93.77355      31.45573
-93.75919      31.45941
-93.75816      31.46148
-93.76242      31.48318
-93.76576      31.48507
-93.77815      31.49209
-93.78161      31.49134
-93.78675      31.48232
-93.79238      31.48245
-93.79405      31.4854
-93.79365      31.49114
-93.79558      31.4934
-93.80738      31.49412
-93.80292      31.49854
-93.80379      31.50105
-93.81184      31.5016
-93.81216      31.50389
-93.80565      31.51156
-93.80651      31.51429
-93.80896      31.51586
-93.82536      31.51856
-93.85138      31.53186
-93.85172      31.53236
-93.85416      31.53593
-93.85569      31.54393
-93.85471      31.54807
-93.84426      31.53611
-93.83568      31.53602
-93.82613      31.52885
-93.80736      31.52734
-93.7968       31.52248
-93.77913      31.51086
-93.77269      31.51051
-93.77308      31.51554
-93.77472      31.51712
-93.79332      31.52598
-93.79611      31.5273
-93.80564      31.53378
-93.81635      31.54506
-93.82355      31.55502
-93.82812      31.56686
-93.8378       31.57952
-93.84222      31.57417
-93.8476       31.57523
-93.84884      31.58231
-93.85661      31.58172
-93.86589      31.58912
-93.86569      31.59187
-93.85569      31.58838
-93.84986      31.591
-93.84718      31.59081
-93.84437      31.58884
-93.84146      31.58679
-93.84019      31.59002
-93.83766      31.60679
-93.84042      31.61018
-93.84959      31.61323
-93.85399      31.61773
-93.85301      31.62142
-93.84624      31.61832
-93.84009      31.61912
-93.83361      31.61694
-93.83162      31.62384
-93.83493      31.62745
-93.84499      31.63324
-93.84968      31.63865
-93.84868      31.64165
-93.83733      31.63818
-93.83479      31.64372
-93.82384      31.63299
-93.82216      31.63134
-93.82166      31.63272
-93.82108      31.64189
-93.82694      31.65187
-93.82984      31.67198
-93.82786      31.67912
-93.83233      31.69737
-93.83244      31.70241
-93.82706      31.71258
-93.82929      31.71575
-93.83854      31.72178
-93.84312      31.72261
-93.85758      31.71022
-93.85898      31.706
-93.86033      31.70193
-93.86452      31.69796
-93.86722      31.6986
-93.86771      31.70753
-93.87039      31.70771
-93.87672      31.70348
-93.89199      31.71352
-93.88966      31.71654
-93.88671      31.71682
-93.87967      31.71419
-93.87349      31.71384
-93.85766      31.72443
-93.86287      31.72915
-93.86106      31.73216
-93.85128      31.72683
-93.83036      31.72718
-93.82878      31.72836
-93.82939      31.73155
-93.83071      31.73266
-93.8387       31.73941
-93.83747      31.74401
-93.83996      31.74695
-93.84291      31.7469
-93.84714      31.74431
-93.84798      31.74612
-93.8473       31.75072
-93.8504       31.75708
-93.84939      31.75961
-93.84238      31.75836
-93.83946      31.75979
-93.83797      31.76439
-93.84022      31.76894
-93.85038      31.76693
-93.86124      31.77247
-93.87162      31.76885
-93.87707      31.77219
-93.86843      31.78128
-93.87169      31.79382
-93.87548      31.79962
-93.88619      31.81601
-93.89198      31.82187
-93.89714      31.8243
-93.90516      31.82278
-93.91029      31.82429
-93.92398      31.83459
-93.96062      31.83943
-93.96433      31.83731
-93.9691       31.82416
-93.98852      31.81694
-93.98834      31.82038
-93.97666      31.83617
-93.9754       31.83985
-93.9768       31.84189
-93.98915      31.84167
-93.99624      31.84612
-94.00511      31.84619
-94.01609      31.84484
-94.01898      31.84227
-94.02272      31.84197
-94.04634      31.85161
-94.04694      31.85389
-94.03463      31.85549
-94.0155       31.85356
-94.01411      31.85379
-93.99036      31.85768
-93.98284      31.85759
-93.96595      31.84827
-93.92779      31.84758
-93.91842      31.84866
-93.91659      31.85075
-93.91969      31.85665
-93.92734      31.86133
-93.9471       31.86739
-93.95119      31.87029
-93.95146      31.87185
-93.9531       31.88194
-93.95779      31.8869
-93.97052      31.89102
-93.97904      31.89819
-93.98299      31.90523
-93.98648      31.93654
-94.00646      31.98174
 1 
 1             421           
1
 -9999.0   ,   9990.0
   7
 65 
-92.88676      31.96504
-92.88001      31.96236
-92.87856      31.95574
-92.86606      31.94648
-92.87294      31.93931
-92.87933      31.93535
-92.88036      31.9319
-92.87619      31.92302
-92.88118      31.91472
-92.88212      31.90578
-92.87984      31.89756
-92.88246      31.89272
-92.88752      31.89015
-92.89042      31.886
-92.89003      31.87845
-92.89187      31.87545
-92.88966      31.87158
-92.89069      31.86859
-92.89522      31.86649
-92.89733      31.86372
-92.89637      31.86232
-92.89513      31.86053
-92.88975      31.85944
-92.88836      31.85648
-92.88993      31.85372
-92.89446      31.85138
-92.90172      31.85199
-92.90151      31.85566
-92.90449      31.85746
-92.91759      31.85411
-92.92087      31.85706
-92.92919      31.85719
-92.94511      31.86229
-92.949        31.86981
-92.94961      31.87484
-92.94613      31.87533
-92.93906      31.87037
-92.92454      31.86915
-92.91238      31.8647
-92.91161      31.86677
-92.91413      31.87339
-92.90693      31.87644
-92.90642      31.87896
-92.90853      31.88071
-92.91105      31.88281
-92.91054      31.88464
-92.90574      31.88721
-92.9104       31.89266
-92.91851      31.89601
-92.91374      31.90064
-92.90838      31.90115
-92.9027       31.89893
-92.90113      31.90146
-92.90819      31.90665
-92.90321      31.91495
-92.90406      31.91769
-92.90866      31.91993
-92.90631      31.92408
-92.89691      31.9244
-92.89264      31.92697
-92.89221      31.93361
-92.88648      31.94535
-92.88948      31.94852
-92.89174      31.95583
-92.88676      31.96504
 1 
 1             422           
1
 -9999.0   ,   9990.0
   7
 45 
-93.04743      31.9587
-93.04179      31.95876
-93.03806      31.96109
-93.03483      31.9609
-93.03266      31.95932
-93.03064      31.9511
-93.02462      31.94545
-93.01276      31.94261
-93.00598      31.93902
-93.00239      31.93356
-93.00312      31.92875
-93.00024      31.91595
-92.98814      31.89892
-92.98694      31.89137
-92.98109      31.87838
-92.9783       31.87177
-92.97503      31.86838
-92.97072      31.86774
-92.97034      31.8611
-92.96267      31.85133
-92.968        31.84876
-92.97606      31.84913
-92.98146      31.8509
-92.98784      31.84693
-92.9975       31.84614
-93.00183      31.84838
-93.00432      31.85339
-93.0037       31.85753
-93.0036       31.85821
-92.99827      31.86079
-92.99814      31.86949
-92.99368      31.87618
-92.99754      31.88233
-93.00566      31.88612
-93.01012      31.89569
-93.01475      31.89976
-93.01949      31.91024
-93.019        31.913
-93.01399      31.91923
-93.01512      31.92266
-93.02491      31.92964
-93.03086      31.9321
-93.04343      31.94455
-93.04621      31.94978
-93.04743      31.9587
 1 
 1             423           
1
 -9999.0   ,   9990.0
   7
 9 
-91.22038      31.92415
-91.22144      31.92712
-91.21795      31.93307
-91.21311      31.93696
-91.20746      31.93764
-91.20585      31.93489
-91.208        31.9326
-91.21526      31.9262
-91.22038      31.92415
 1 
 1             424           
1
 -9999.0   ,   9990.0
   7
 11 
-92.7168       31.92
-92.71898      31.92249
-92.71498      31.92505
-92.71236      31.92965
-92.71076      31.93081
-92.70538      31.93041
-92.70346      31.92722
-92.70557      31.92422
-92.70932      31.9235
-92.71116      31.92028
-92.7168       31.92
 1 
 1             425           
1
 -9999.0   ,   9990.0
   7
 5 
-91.23033      31.9079
-91.23221      31.91065
-91.22602      31.92164
-91.22145      31.91751
-91.23033      31.9079
 1 
 1             426           
1
 -9999.0   ,   9990.0
   7
 7 
-91.24889      31.87747
-91.25023      31.88068
-91.24889      31.88365
-91.24271      31.88914
-91.24029      31.88937
-91.23894      31.88822
-91.24889      31.87747
 1 
 1             427           
1
 -9999.0   ,   9990.0
   7
 8 
-91.21912      31.83919
-91.22314      31.84126
-91.22797      31.84837
-91.21399      31.85888
-91.21211      31.85682
-91.21159      31.84697
-91.21266      31.84445
-91.21912      31.83919
 1 
 1             428           
1
 -9999.0   ,   9990.0
   7
 7 
-92.28845      31.84569
-92.28344      31.84113
-92.2746       31.84256
-92.27056      31.84121
-92.27455      31.83798
-92.28207      31.83725
-92.28845      31.84569
 1 
 1             429           
1
 -9999.0   ,   9990.0
   7
 17 
-91.26558      31.81016
-91.27176      31.81219
-91.27256      31.81246
-91.27792      31.81613
-91.29027      31.83468
-91.29134      31.84041
-91.28758      31.84499
-91.28409      31.84338
-91.27469      31.82551
-91.26719      31.81841
-91.25349      31.81679
-91.24437      31.82067
-91.23873      31.82136
-91.23739      31.81952
-91.239        31.81746
-91.24894      31.81289
-91.26558      31.81016
 1 
 1             430           
1
 -9999.0   ,   9990.0
   7
 19 
-91.67567      31.79506
-91.67756      31.79781
-91.67382      31.80354
-91.66739      31.80974
-91.65721      31.81273
-91.65024      31.81847
-91.64758      31.82512
-91.64142      31.82902
-91.63928      31.83269
-91.64279      31.83817
-91.642        31.84138
-91.63662      31.843
-91.63338      31.83178
-91.63818      31.82284
-91.64247      31.821
-91.64781      31.81321
-91.65398      31.80862
-91.66041      31.80677
-91.67567      31.79506
 1 
 1             431           
1
 -9999.0   ,   9990.0
   7
 10 
-91.30689      31.81802
-91.31551      31.81341
-91.32705      31.81135
-91.33376      31.8125
-91.33483      31.81479
-91.30624      31.82219
-91.29778      31.82942
-91.2951       31.82873
-91.29591      31.82187
-91.30689      31.81802
 1 
 1             432           
1
 -9999.0   ,   9990.0
   7
 23 
-93.14551      31.74111
-93.15282      31.74492
-93.16223      31.74663
-93.16417      31.74982
-93.16316      31.75326
-93.16218      31.75309
-93.14836      31.7507
-93.13879      31.75608
-93.12808      31.7569
-93.12489      31.75946
-93.12575      31.7622
-93.12957      31.76604
-93.13441      31.76621
-93.13712      31.76801
-93.13636      31.77077
-93.12296      31.77139
-93.10941      31.76354
-93.1097       31.74979
-93.11398      31.7486
-93.1333       31.74905
-93.13811      31.74762
-93.1415       31.74254
-93.14551      31.74111
 1 
 1             433           
1
 -9999.0   ,   9990.0
   7
 10 
-91.64896      31.7484
-91.66079      31.75845
-91.66534      31.75707
-91.66158      31.75387
-91.66264      31.75112
-91.67178      31.75614
-91.66617      31.76119
-91.65785      31.76235
-91.64789      31.75069
-91.64896      31.7484
 1 
 1             434           
1
 -9999.0   ,   9990.0
   7
 8 
-91.48077      31.75592
-91.48157      31.75363
-91.49283      31.74698
-91.50597      31.74377
-91.50945      31.74582
-91.50463      31.74903
-91.48479      31.75615
-91.48077      31.75592
 1 
 1             435           
1
 -9999.0   ,   9990.0
   7
 21 
-91.42408      31.67304
-91.43856      31.6767
-91.44286      31.67967
-91.44956      31.687
-91.45683      31.7083
-91.45441      31.71931
-91.45257      31.72777
-91.44668      31.73693
-91.43782      31.74426
-91.43032      31.74472
-91.42898      31.7406
-91.43782      31.73304
-91.44559      31.7225
-91.44906      31.7099
-91.44878      31.7028
-91.44689      31.69547
-91.44259      31.68929
-91.43589      31.68403
-91.42302      31.68036
-91.42114      31.67716
-91.42408      31.67304
 1 
 1             436           
1
 -9999.0   ,   9990.0
   7
 7 
-91.81529      31.69464
-91.82039      31.69508
-91.82228      31.69805
-91.81909      31.70425
-91.81292      31.70472
-91.81184      31.70198
-91.81529      31.69464
 1 
 1             437           
1
 -9999.0   ,   9990.0
   7
 11 
-91.78226      31.68191
-91.79117      31.697
-91.79118      31.69952
-91.78824      31.70227
-91.78422      31.70183
-91.77858      31.69887
-91.77776      31.69681
-91.77936      31.6952
-91.77775      31.69314
-91.78041      31.6897
-91.78226      31.68191
 1 
 1             438           
1
 -9999.0   ,   9990.0
   7
 8 
-92.93514      31.6865
-92.94082      31.68988
-92.94617      31.68844
-92.95022      31.69
-92.94597      31.6928
-92.93847      31.69334
-92.93276      31.68836
-92.93514      31.6865
 1 
 1             439           
1
 -9999.0   ,   9990.0
   7
 7 
-91.81948      31.67424
-91.82349      31.67263
-91.82614      31.66552
-91.82966      31.67215
-91.82432      31.67698
-91.82058      31.67768
-91.81948      31.67424
 1 
 1             440           
1
 -9999.0   ,   9990.0
   7
 6 
-91.40639      31.66662
-91.41014      31.6712
-91.41068      31.67716
-91.40479      31.67739
-91.40398      31.6735
-91.40639      31.66662
 1 
 1             441           
1
 -9999.0   ,   9990.0
   7
 17 
-91.50989      31.66215
-91.50182      31.66842
-91.47931      31.67713
-91.47339      31.66729
-91.47528      31.66431
-91.47929      31.66614
-91.48279      31.67072
-91.48841      31.67049
-91.50319      31.66256
-91.51652      31.65123
-91.52133      31.64481
-91.53124      31.63724
-91.53658      31.62968
-91.53926      31.62922
-91.53719      31.63471
-91.5358       31.63838
-91.50989      31.66215
 1 
 1             442           
1
 -9999.0   ,   9990.0
   7
 44 
-92.65878      31.54513
-92.65912      31.55131
-92.66161      31.55724
-92.66972      31.56221
-92.67274      31.57045
-92.67332      31.57203
-92.66862      31.58146
-92.66922      31.5865
-92.67084      31.58763
-92.68309      31.58157
-92.68608      31.58498
-92.69332      31.58605
-92.69554      31.59199
-92.6951       31.59864
-92.69171      31.60554
-92.68742      31.60604
-92.68424      31.60836
-92.6878       31.61405
-92.68677      31.6175
-92.68141      31.61709
-92.67741      31.61918
-92.67064      31.6339
-92.66036      31.64705
-92.65688      31.64777
-92.65311      31.6462
-92.65035      31.64004
-92.66086      31.62645
-92.66195      31.62505
-92.66082      31.62093
-92.64961      31.62447
-92.64879      31.62265
-92.6567       31.61295
-92.65822      31.60607
-92.64893      31.59195
-92.64571      31.59152
-92.63745      31.5948
-92.63609      31.59298
-92.63975      31.58584
-92.63584      31.57328
-92.63819      31.56868
-92.64352      31.56634
-92.6437       31.55924
-92.65049      31.54543
-92.65878      31.54513
 1 
 1             443           
1
 -9999.0   ,   9990.0
   7
 7 
-91.94254      31.63031
-91.94442      31.63213
-91.94311      31.63763
-91.93779      31.64407
-91.93431      31.64293
-91.93777      31.63971
-91.94254      31.63031
 1 
 1             444           
1
 -9999.0   ,   9990.0
   7
 21 
-94.82758      31.58341
-94.82532      31.5963
-94.82668      31.60475
-94.82442      31.61717
-94.81879      31.62533
-94.82516      31.63114
-94.82312      31.63462
-94.81835      31.63611
-94.81119      31.63032
-94.79179      31.64339
-94.78214      31.64362
-94.78516      31.63782
-94.79559      31.62863
-94.80171      31.62101
-94.80254      31.61999
-94.80992      31.61638
-94.81322      31.60301
-94.81756      31.59626
-94.81712      31.59123
-94.82359      31.5842
-94.82758      31.58341
 1 
 1             445           
1
 -9999.0   ,   9990.0
   7
 11 
-93.07188      31.6222
-93.0787       31.62922
-93.08599      31.63257
-93.08552      31.63624
-93.08151      31.63651
-93.0794       31.63883
-93.07619      31.63933
-93.07582      31.63337
-93.07259      31.63227
-93.06928      31.62658
-93.07188      31.6222
 1 
 1             446           
1
 -9999.0   ,   9990.0
   7
 13 
-92.78347      31.61567
-92.7883       31.61585
-92.79289      31.61833
-92.79768      31.61668
-92.80118      31.61756
-92.80418      31.62165
-92.80956      31.62275
-92.81799      31.63091
-92.81806      31.63641
-92.80639      31.62644
-92.79858      31.62354
-92.79108      31.62293
-92.78347      31.61567
 1 
 1             447           
1
 -9999.0   ,   9990.0
   7
 27 
-91.50719      31.61228
-91.50546      31.60703
-91.49928      31.60062
-91.49418      31.59169
-91.48641      31.58734
-91.47542      31.58437
-91.46149      31.58369
-91.43311      31.59034
-91.42641      31.59103
-91.42641      31.58783
-91.45568      31.58099
-91.46176      31.57957
-91.47113      31.57979
-91.48506      31.58276
-91.49686      31.58779
-91.51001      31.60748
-91.51012      31.61145
-91.50308      31.62375
-91.49665      31.62742
-91.49022      31.62811
-91.48432      31.62674
-91.48164      31.62422
-91.48298      31.62193
-91.49182      31.62307
-91.49638      31.62215
-91.50146      31.61894
-91.50719      31.61228
 1 
 1             448           
1
 -9999.0   ,   9990.0
   7
 9 
-91.61476      31.60828
-91.61718      31.6101
-91.61531      31.6124
-91.60513      31.61493
-91.59042      31.62183
-91.5864       31.62161
-91.58881      31.61862
-91.60754      31.60966
-91.61476      31.60828
 1 
 1             449           
1
 -9999.0   ,   9990.0
   7
 8 
-91.42322      31.60867
-91.42616      31.60615
-91.43528      31.60684
-91.47092      31.61827
-91.46931      31.62079
-91.46636      31.62148
-91.43474      31.6105
-91.42322      31.60867
 1 
 1             450           
1
 -9999.0   ,   9990.0
   7
 80 
-92.04014      31.60104
-92.03928      31.59302
-92.03656      31.58731
-92.0384       31.58112
-92.04266      31.5772
-92.05413      31.57211
-92.05839      31.56728
-92.05594      31.56362
-92.04556      31.57123
-92.03994      31.57217
-92.03509      31.56899
-92.03508      31.56578
-92.03851      31.55958
-92.04518      31.5552
-92.04781      31.54923
-92.05095      31.5373
-92.04851      31.53411
-92.04901      31.52746
-92.05139      31.52424
-92.05622      31.5256
-92.06209      31.52442
-92.06529      31.52189
-92.065        31.51914
-92.08554      31.50828
-92.09138      31.50206
-92.10921      31.48891
-92.11051      31.4866
-92.11397      31.48041
-92.1213       31.45999
-92.13752      31.44845
-92.14234      31.44819
-92.14987      31.45319
-92.15576      31.45316
-92.16537      31.45059
-92.17361      31.44504
-92.17684      31.44755
-92.18539      31.44613
-92.19879      31.4488
-92.20304      31.44534
-92.20732      31.44555
-92.21297      31.44895
-92.21543      31.45581
-92.21497      31.46337
-92.21789      31.46175
-92.22165      31.46265
-92.22273      31.46493
-92.22062      31.46792
-92.21608      31.46795
-92.21584      31.47276
-92.21294      31.47667
-92.19331      31.46487
-92.18661      31.46445
-92.17942      31.46838
-92.16164      31.48681
-92.15286      31.49144
-92.14923      31.50749
-92.14685      31.51117
-92.14308      31.50776
-92.13773      31.50847
-92.13322      31.51376
-92.1293       31.52593
-92.12451      31.52916
-92.11868      31.53721
-92.11765      31.5434
-92.11311      31.54388
-92.10961      31.54114
-92.10318      31.54118
-92.09918      31.54395
-92.09704      31.549
-92.09655      31.55014
-92.09552      31.55519
-92.08111      31.5619
-92.07579      31.56743
-92.06776      31.56792
-92.05976      31.5714
-92.05498      31.57737
-92.04698      31.58199
-92.04379      31.5859
-92.04279      31.59805
-92.04014      31.60104
 1 
 1             451           
1
 -9999.0   ,   9990.0
   7
 9 
-91.72662      31.57553
-91.73332      31.5785
-91.74112      31.58558
-91.74087      31.58879
-91.73685      31.58811
-91.72771      31.58286
-91.72396      31.57852
-91.72448      31.57577
-91.72662      31.57553
 1 
 1             452           
1
 -9999.0   ,   9990.0
   7
 7 
-91.78794      31.57469
-91.79118      31.57858
-91.78879      31.58408
-91.78506      31.58776
-91.78291      31.58753
-91.78129      31.58364
-91.78794      31.57469
 1 
 1             453           
1
 -9999.0   ,   9990.0
   7
 11 
-92.25636      31.51491
-92.25986      31.51763
-92.26351      31.53548
-92.26221      31.54007
-92.25954      31.54215
-92.25446      31.54172
-92.24746      31.53787
-92.23558      31.52648
-92.24062      31.52096
-92.25101      31.51563
-92.25636      31.51491
 1 
 1             454           
1
 -9999.0   ,   9990.0
   7
 8 
-91.79752      31.5009
-91.80157      31.50776
-91.80456      31.52058
-91.80406      31.5254
-91.8006       31.53022
-91.79684      31.52954
-91.79432      31.50412
-91.79752      31.5009
 1 
 1             455           
1
 -9999.0   ,   9990.0
   7
 19 
-91.70572      31.49998
-91.70517      31.49563
-91.70809      31.49058
-91.72037      31.48025
-91.72331      31.47933
-91.72759      31.48206
-91.71346      31.49264
-91.70974      31.50158
-91.71082      31.50547
-91.71832      31.50545
-91.72366      31.50178
-91.73218      31.49007
-91.73167      31.49741
-91.72315      31.50888
-91.72021      31.51095
-91.71058      31.51189
-91.70682      31.50983
-91.70661      31.50781
-91.70572      31.49998
 1 
 1             456           
1
 -9999.0   ,   9990.0
   7
 7 
-91.50124      31.49203
-91.48789      31.5106
-91.48414      31.51152
-91.48227      31.50877
-91.48734      31.50006
-91.49563      31.49272
-91.50124      31.49203
 1 
 1             457           
1
 -9999.0   ,   9990.0
   7
 11 
-91.93931      31.49264
-91.94308      31.49629
-91.94418      31.50179
-91.94715      31.5059
-91.94342      31.5105
-91.93671      31.5064
-91.92976      31.50597
-91.92787      31.50368
-91.92972      31.50092
-91.9356       31.4993
-91.93931      31.49264
 1 
 1             458           
1
 -9999.0   ,   9990.0
   7
 7 
-92.79125      31.48318
-92.79984      31.48424
-92.79933      31.48654
-92.78872      31.49397
-92.78413      31.49058
-92.78674      31.48528
-92.79125      31.48318
 1 
 1             459           
1
 -9999.0   ,   9990.0
   7
 9 
-91.54584      31.4503
-91.54421      31.45561
-91.53881      31.46315
-91.53419      31.46806
-91.53035      31.46805
-91.55081      31.43657
-91.55427      31.43461
-91.55694      31.4356
-91.54584      31.4503
 1 
 1             460           
1
 -9999.0   ,   9990.0
   7
 531 
-94.51164      31.433
-94.50863      31.42184
-94.49179      31.40479
-94.49046      31.41376
-94.48753      31.41428
-94.48396      31.41092
-94.48217      31.405
-94.48353      31.39672
-94.48147      31.39057
-94.47793      31.38859
-94.47228      31.39605
-94.46986      31.39587
-94.46754      31.38125
-94.46298      31.3739
-94.45968      31.36858
-94.45768      31.3551
-94.4531       31.35429
-94.44665      31.37093
-94.44302      31.37467
-94.44036      31.37496
-94.44188      31.36347
-94.43979      31.35594
-94.44009      31.34815
-94.43677      31.34432
-94.42667      31.34614
-94.42259      31.34371
-94.41753      31.32662
-94.41343      31.32327
-94.40186      31.32082
-94.38788      31.31785
-94.37783      31.31233
-94.37368      31.31632
-94.37046      31.31616
-94.36729      31.30843
-94.3725       31.29434
-94.36857      31.27883
-94.35598      31.26809
-94.35277      31.26816
-94.34862      31.27237
-94.34459      31.28117
-94.34302      31.29151
-94.34375      31.29815
-94.34126      31.30421
-94.34101      31.30485
-94.33574      31.30794
-94.32776      31.30879
-94.32625      31.31203
-94.32793      31.31498
-94.33923      31.31749
-94.34251      31.31995
-94.34044      31.32251
-94.33268      31.32198
-94.32901      31.32458
-94.32724      31.32806
-94.33035      31.33418
-94.33641      31.34024
-94.33446      31.3467
-94.33719      31.36727
-94.33655      31.37279
-94.33446      31.37466
-94.32833      31.37548
-94.32473      31.38953
-94.32027      31.3926
-94.3166       31.3858
-94.31748      31.37914
-94.3128       31.37442
-94.31249      31.35449
-94.30426      31.34686
-94.29889      31.33689
-94.28904      31.32861
-94.29084      31.32628
-94.3015       31.32515
-94.3057       31.32254
-94.30922      31.3149
-94.31115      31.2979
-94.31568      31.2879
-94.31743      31.28402
-94.31746      31.27577
-94.32292      31.27061
-94.31582      31.25586
-94.31059      31.25046
-94.3128       31.24354
-94.30681      31.23931
-94.29957      31.23831
-94.29781      31.24202
-94.29929      31.24749
-94.29399      31.24897
-94.28482      31.24572
-94.27336      31.24641
-94.26977      31.25176
-94.26833      31.25751
-94.26413      31.26012
-94.26311      31.27433
-94.26298      31.27619
-94.25014      31.28516
-94.24612      31.28455
-94.24601      31.28089
-94.25156      31.26908
-94.25014      31.2659
-94.24267      31.26628
-94.23685      31.26823
-94.2341       31.26554
-94.23772      31.26111
-94.24717      31.25519
-94.25194      31.24455
-94.25872      31.23868
-94.26074      31.23429
-94.26154      31.2251
-94.26754      31.21994
-94.26782      31.21099
-94.26432      31.21015
-94.26206      31.21226
-94.25731      31.21671
-94.25332      31.21747
-94.25218      31.21452
-94.25549      31.20895
-94.25271      31.20511
-94.24734      31.2043
-94.24409      31.21216
-94.24142      31.21198
-94.23801      31.20426
-94.23504      31.20317
-94.22975      31.20511
-94.22222      31.21259
-94.21878      31.21335
-94.21789      31.21039
-94.22612      31.19922
-94.22784      31.19368
-94.222        31.18532
-94.21658      31.18245
-94.21206      31.183
-94.20913      31.19291
-94.20571      31.19458
-94.20157      31.19405
-94.19954      31.19379
-94.19486      31.19824
-94.18518      31.19522
-94.1834       31.19892
-94.18464      31.20531
-94.18258      31.20788
-94.17044      31.2033
-94.16379      31.20412
-94.16103      31.20096
-94.16514      31.19492
-94.16448      31.19012
-94.17315      31.18514
-94.16981      31.17993
-94.17664      31.1759
-94.1804       31.17674
-94.18411      31.17575
-94.18567      31.17435
-94.1865       31.16562
-94.19144      31.16071
-94.18097      31.14627
-94.18062      31.14579
-94.17768      31.14539
-94.17631      31.1539
-94.17202      31.15329
-94.16487      31.16513
-94.16222      31.16587
-94.16154      31.16061
-94.16324      31.15415
-94.15888      31.1508
-94.153        31.15046
-94.14837      31.14688
-94.1407       31.14955
-94.13908      31.15875
-94.13562      31.15905
-94.13414      31.15357
-94.13643      31.13932
-94.13478      31.13728
-94.13237      31.1371
-94.12831      31.14474
-94.12296      31.14439
-94.11805      31.14036
-94.11608      31.13597
-94.11549      31.13468
-94.12399      31.12305
-94.12154      31.12149
-94.1154       31.12115
-94.11034      31.11116
-94.10706      31.10801
-94.09966      31.11091
-94.10482      31.11447
-94.09299      31.12112
-94.08953      31.12118
-94.08626      31.11873
-94.08308      31.11924
-94.08102      31.12204
-94.08674      31.12651
-94.08392      31.13115
-94.08588      31.13432
-94.09984      31.13795
-94.10071      31.14023
-94.09522      31.14492
-94.10441      31.1491
-94.10019      31.15141
-94.09704      31.15314
-94.09528      31.1573
-94.10462      31.17729
-94.11224      31.18288
-94.1038       31.18648
-94.10204      31.19064
-94.10292      31.19383
-94.1062       31.19652
-94.11101      31.19712
-94.11659      31.19563
-94.12444      31.18998
-94.12792      31.19037
-94.12956      31.19194
-94.11726      31.20112
-94.11372      31.20806
-94.11459      31.2108
-94.12134      31.21411
-94.13485      31.20995
-94.13719      31.21004
-94.13886      31.2101
-94.13972      31.21261
-94.13291      31.2171
-94.13064      31.22195
-94.13338      31.23451
-94.13157      31.23683
-94.12727      31.23577
-94.12391      31.23011
-94.12096      31.2297
-94.12006      31.23591
-94.12296      31.24457
-94.13158      31.25746
-94.12901      31.26095
-94.12368      31.26151
-94.12071      31.27005
-94.12238      31.28262
-94.11966      31.29093
-94.11692      31.28846
-94.11376      31.26973
-94.10934      31.26477
-94.11074      31.25695
-94.10854      31.25424
-94.10291      31.25389
-94.1004       31.24981
-94.10084      31.24039
-94.0973       31.23337
-94.10132      31.22389
-94.10045      31.22139
-94.0954       31.22217
-94.09217      31.21122
-94.08898      31.21129
-94.08301      31.21805
-94.08007      31.21787
-94.07641      31.21061
-94.07952      31.19702
-94.07411      31.18406
-94.07091      31.18435
-94.05964      31.20267
-94.04954      31.20378
-94.04861      31.19898
-94.04999      31.19559
-94.05589      31.1812
-94.0533       31.17414
-94.05775      31.16053
-94.05463      31.15371
-94.05936      31.14055
-94.05849      31.13805
-94.05531      31.13834
-94.05009      31.14325
-94.0441       31.15872
-94.03419      31.16785
-94.03018      31.17755
-94.02618      31.16777
-94.02152      31.17312
-94.01294      31.18199
-94.01172      31.1866
-94.01431      31.19343
-94.01102      31.2006
-94.01251      31.20676
-94.01101      31.21091
-94.00864      31.21187
-94.00575      31.19313
-94.00328      31.19019
-93.99822      31.19075
-93.99551      31.19312
-93.98778      31.19988
-93.98302      31.20203
-93.98213      31.19838
-93.98801      31.18818
-93.98426      31.18756
-93.97953      31.1904
-93.97605      31.19023
-93.97619      31.18542
-93.98593      31.16919
-93.98452      31.1667
-93.97393      31.16964
-93.97301      31.16507
-93.97531      31.16045
-93.97951      31.15808
-93.99477      31.15986
-94.00031      31.15747
-94.00524      31.15233
-94.00216      31.14643
-94.00422      31.14226
-94.00444      31.1418
-94.01066      31.14513
-94.01162      31.14098
-94.00736      31.13052
-94.01047      31.12702
-94.01449      31.12809
-94.01754      31.14294
-94.02101      31.14264
-94.04098      31.11041
-94.03851      31.10793
-94.01922      31.11517
-94.01414      31.11434
-94.01057      31.11028
-94.01342      31.10725
-94.0196       31.10874
-94.01982      31.10773
-94.02151      31.10022
-94.02334      31.09904
-94.02954      31.10145
-94.03126      31.09592
-94.03688      31.09604
-94.04231      31.08952
-94.04604      31.08968
-94.05257      31.08451
-94.05412      31.08265
-94.05192      31.08017
-94.04476      31.08145
-94.04041      31.07832
-94.04666      31.0727
-94.06648      31.076
-94.07153      31.07567
-94.07547      31.07308
-94.07433      31.07058
-94.06578      31.06959
-94.06464      31.06663
-94.06962      31.06379
-94.08398      31.06214
-94.11297      31.05976
-94.11653      31.06554
-94.12022      31.07154
-94.12971      31.07778
-94.14602      31.07929
-94.15496      31.08462
-94.16243      31.08494
-94.17311      31.09527
-94.18173      31.09854
-94.20232      31.1002
-94.2142       31.10592
-94.21871      31.10492
-94.22574      31.09905
-94.23182      31.09663
-94.23507      31.09863
-94.23518      31.1023
-94.2338       31.10437
-94.23133      31.1081
-94.23526      31.11513
-94.23879      31.11713
-94.24708      31.11811
-94.25064      31.12147
-94.25209      31.12557
-94.25554      31.12504
-94.26235      31.12055
-94.26792      31.11929
-94.2725       31.1208
-94.27339      31.12422
-94.27139      31.12862
-94.25369      31.13517
-94.25539      31.13857
-94.26131      31.14029
-94.26243      31.14233
-94.2609       31.14511
-94.24996      31.14464
-94.24631      31.14793
-94.24717      31.14997
-94.25469      31.15188
-94.24818      31.15752
-94.24906      31.16025
-94.25125      31.16004
-94.25518      31.15967
-94.25976      31.16141
-94.26426      31.16017
-94.26759      31.15529
-94.27181      31.15337
-94.27274      31.15794
-94.27101      31.16301
-94.27512      31.16683
-94.28509      31.17006
-94.28701      31.17186
-94.28882      31.17939
-94.29531      31.18201
-94.30624      31.18201
-94.31419      31.18001
-94.31822      31.18085
-94.3199       31.18356
-94.31779      31.1937
-94.31418      31.19813
-94.31048      31.19958
-94.30562      31.19784
-94.29946      31.20622
-94.30167      31.20893
-94.30582      31.20737
-94.3088       31.20626
-94.31602      31.20657
-94.32558      31.19537
-94.33166      31.19364
-94.34077      31.1852
-94.34356      31.18949
-94.3392       31.19578
-94.32776      31.20633
-94.32525      31.21188
-94.32691      31.21391
-94.33252      31.21425
-94.33608      31.21739
-94.33979      31.21639
-94.34632      31.21144
-94.35035      31.20288
-94.35574      31.2046
-94.36847      31.19179
-94.37156      31.18868
-94.37449      31.18885
-94.37499      31.19663
-94.40273      31.19605
-94.40652      31.1978
-94.40339      31.20016
-94.39671      31.20007
-94.39331      31.20244
-94.39118      31.21142
-94.38799      31.21195
-94.38054      31.20385
-94.37762      31.20437
-94.37383      31.21179
-94.36865      31.2174
-94.36668      31.22317
-94.36759      31.22682
-94.37198      31.23062
-94.3768       31.23121
-94.38215      31.24073
-94.38338      31.24052
-94.38693      31.23994
-94.39344      31.23407
-94.39838      31.23855
-94.39761      31.24865
-94.40233      31.25497
-94.40242      31.25818
-94.39136      31.27239
-94.38962      31.27702
-94.39105      31.28019
-94.39432      31.28219
-94.40016      31.28092
-94.40434      31.27785
-94.41202      31.26646
-94.41345      31.26986
-94.41052      31.27932
-94.41676      31.29157
-94.41973      31.29242
-94.42253      31.2864
-94.42337      31.27997
-94.42641      31.27463
-94.43039      31.2734
-94.43256      31.2745
-94.43491      31.28201
-94.4395       31.28352
-94.44062      31.28533
-94.43576      31.29254
-94.43853      31.29569
-94.45109      31.29611
-94.45438      31.29879
-94.44622      31.30309
-94.44931      31.30784
-94.46         31.31678
-94.46516      31.31942
-94.47021      31.31839
-94.47856      31.31202
-94.48206      31.31286
-94.47835      31.32257
-94.48271      31.32945
-94.48537      31.33365
-94.49249      31.33945
-94.49072      31.34293
-94.48332      31.34561
-94.48078      31.34979
-94.48261      31.35754
-94.47965      31.36586
-94.48026      31.36837
-94.48713      31.37441
-94.49624      31.3749
-94.50326      31.37726
-94.51506      31.38709
-94.5237       31.38965
-94.53518      31.38917
-94.54414      31.38485
-94.54687      31.38662
-94.54799      31.39736
-94.54865      31.39841
-94.55476      31.40822
-94.55862      31.42074
-94.57052      31.42528
-94.57911      31.42601
-94.59001      31.42347
-94.60421      31.43301
-94.61621      31.43159
-94.63952      31.43267
-94.66018      31.44297
-94.66328      31.44771
-94.66291      31.44963
-94.65833      31.45218
-94.65087      31.45304
-94.64516      31.45019
-94.63075      31.45166
-94.61788      31.45058
-94.61418      31.45204
-94.60928      31.45811
-94.60114      31.4631
-94.59555      31.46392
-94.59223      31.46055
-94.59243      31.45525
-94.59252      31.45276
-94.58861      31.44734
-94.58148      31.44177
-94.57495      31.43848
-94.55261      31.43416
-94.54934      31.43217
-94.54352      31.42566
-94.54186      31.41492
-94.53577      31.3997
-94.53388      31.39928
-94.52812      31.40331
-94.52071      31.40599
-94.51767      31.41133
-94.51557      31.43017
-94.51164      31.433
 1 
 1             461           
1
 -9999.0   ,   9990.0
   7
 13 
-94.68778      31.45264
-94.68419      31.44929
-94.67441      31.4447
-94.67326      31.44198
-94.67651      31.4348
-94.67969      31.43381
-94.68098      31.44065
-94.68624      31.43801
-94.69237      31.43718
-94.70077      31.44043
-94.70315      31.44771
-94.70143      31.45263
-94.68778      31.45264
 1 
 1             462           
1
 -9999.0   ,   9990.0
   7
 35 
-91.5501       31.42515
-91.55508      31.42278
-91.56024      31.4182
-91.56393      31.41492
-91.56786      31.40943
-91.57284      31.38997
-91.56744      31.37554
-91.56336      31.36463
-91.55156      31.34455
-91.54469      31.33862
-91.54321      31.33833
-91.53779      31.33728
-91.52595      31.33067
-91.52213      31.32573
-91.52191      31.32381
-91.52761      31.3272
-91.52966      31.32843
-91.55579      31.34095
-91.56114      31.34982
-91.56492      31.35609
-91.57478      31.38439
-91.57626      31.40016
-91.57482      31.40305
-91.57201      31.4087
-91.56122      31.42247
-91.55698      31.42607
-91.54931      31.42867
-91.54163      31.42832
-91.53667      31.42371
-91.53516      31.41845
-91.53556      31.41801
-91.5367       31.41681
-91.53861      31.41714
-91.54434      31.42406
-91.5501       31.42515
 1 
 1             463           
1
 -9999.0   ,   9990.0
   7
 13 
-91.52669      31.39846
-91.52354      31.3967
-91.51254      31.3738
-91.50867      31.36886
-91.50184      31.36785
-91.49918      31.36512
-91.50103      31.3635
-91.50851      31.36464
-91.51466      31.36853
-91.52056      31.37563
-91.52889      31.3951
-91.52889      31.39968
-91.52669      31.39846
 1 
 1             464           
1
 -9999.0   ,   9990.0
   7
 31 
-91.94896      31.36109
-91.94855      31.36142
-91.94311      31.3657
-91.93754      31.37282
-91.92368      31.38089
-91.913        31.38345
-91.89374      31.381
-91.88033      31.3728
-91.87496      31.36801
-91.87409      31.35472
-91.87729      31.35379
-91.88109      31.36432
-91.89746      31.37595
-91.90248      31.37554
-91.90334      31.37547
-91.89232      31.36565
-91.88531      31.35422
-91.8869       31.35078
-91.89147      31.3558
-91.90005      31.36081
-91.90571      31.36881
-91.90973      31.37132
-91.91722      31.37198
-91.92362      31.37058
-91.93454      31.36321
-91.93579      31.34831
-91.93816      31.34349
-91.94192      31.34554
-91.94462      31.34965
-91.94413      31.35767
-91.94896      31.36109
 1 
 1             465           
1
 -9999.0   ,   9990.0
   7
 8 
-93.40249      31.37666
-93.40998      31.37701
-93.41109      31.37906
-93.40929      31.38229
-93.40605      31.38119
-93.39726      31.38246
-93.3964       31.37972
-93.40249      31.37666
 1 
 1             466           
1
 -9999.0   ,   9990.0
   7
 57 
-91.99934      31.3398
-92.00226      31.33705
-92.0084       31.33633
-92.00892      31.33404
-92.00114      31.3288
-92.00004      31.32468
-92.00292      31.31573
-92.01688      31.32667
-92.02149      31.33673
-92.03032      31.33898
-92.03246      31.3376
-92.03374      31.33003
-92.0364       31.32819
-92.04469      31.32975
-92.0495       31.32927
-92.05296      31.32697
-92.05559      31.32145
-92.05879      31.31915
-92.06036      31.31502
-92.06619      31.30834
-92.06934      31.30122
-92.07285      31.30694
-92.06494      31.32141
-92.0655       31.32393
-92.07362      31.31966
-92.07827      31.31722
-92.08689      31.3268
-92.09458      31.31898
-92.10948      31.30997
-92.11401      31.3088
-92.12017      31.31129
-92.10078      31.32559
-92.09817      31.33431
-92.09259      31.33892
-92.08592      31.34079
-92.08328      31.34492
-92.0858       31.36072
-92.08476      31.36348
-92.07966      31.36144
-92.07422      31.34932
-92.07868      31.33693
-92.07705      31.33281
-92.07222      31.33054
-92.06635      31.33149
-92.06184      31.33609
-92.06009      31.34382
-92.05119      31.34233
-92.03814      31.34834
-92.03709      31.35064
-92.04248      31.35634
-92.04494      31.36504
-92.04363      31.36986
-92.03854      31.3669
-92.03042      31.35319
-92.00604      31.34321
-92.00174      31.3398
-91.99934      31.3398
 1 
 1             467           
1
 -9999.0   ,   9990.0
   7
 7 
-91.72254      31.34965
-91.7116       31.3538
-91.69958      31.35496
-91.69742      31.35154
-91.71319      31.34921
-91.72146      31.34621
-91.72254      31.34965
 1 
 1             468           
1
 -9999.0   ,   9990.0
   7
 29 
-92.72294      31.33719
-92.72659      31.33097
-92.72546      31.32594
-92.7294       31.32109
-92.72898      31.30894
-92.73189      31.30754
-92.73443      31.29743
-92.73869      31.29694
-92.74233      31.29344
-92.74713      31.28884
-92.74592      31.29778
-92.74194      31.30034
-92.74016      31.30632
-92.73918      31.31343
-92.74164      31.31708
-92.74586      31.3136
-92.752        31.31308
-92.75888      31.30752
-92.76821      31.30674
-92.77038      31.30878
-92.76908      31.31108
-92.75978      31.31484
-92.75584      31.31969
-92.74598      31.32185
-92.74284      31.32669
-92.74583      31.33079
-92.73499      31.33914
-92.72912      31.33965
-92.72294      31.33719
 1 
 1             469           
1
 -9999.0   ,   9990.0
   7
 10 
-94.92891      31.30543
-94.93347      31.306
-94.93015      31.31045
-94.93006      31.31572
-94.92633      31.31604
-94.92408      31.32045
-94.92062      31.32077
-94.91945      31.31782
-94.92342      31.30923
-94.92891      31.30543
 1 
 1             470           
1
 -9999.0   ,   9990.0
   7
 8 
-94.89488      31.27922
-94.89926      31.28232
-94.90404      31.28175
-94.90518      31.28378
-94.90234      31.2866
-94.89566      31.28654
-94.89311      31.28225
-94.89488      31.27922
 1 
 1             471           
1
 -9999.0   ,   9990.0
   7
 6 
-91.84565      31.27782
-91.83393      31.28427
-91.83204      31.28084
-91.8339       31.27831
-91.83949      31.27577
-91.84565      31.27782
 1 
 1             472           
1
 -9999.0   ,   9990.0
   7
 42 
-92.61124      31.25065
-92.6155       31.24969
-92.61618      31.2396
-92.61803      31.23844
-92.62152      31.24002
-92.62132      31.24529
-92.62431      31.24939
-92.62722      31.24776
-92.63444      31.24815
-92.63993      31.23871
-92.64522      31.23545
-92.64847      31.2384
-92.64169      31.2513
-92.63983      31.252
-92.63906      31.25476
-92.63807      31.25515
-92.62949      31.25851
-92.63168      31.26193
-92.63916      31.26278
-92.64768      31.26042
-92.64851      31.26316
-92.64562      31.26662
-92.64997      31.27277
-92.64839      31.27439
-92.64357      31.27374
-92.63631      31.26968
-92.62802      31.26884
-92.63026      31.27638
-92.62041      31.27967
-92.61614      31.27925
-92.61316      31.2763
-92.61256      31.27103
-92.60854      31.27015
-92.60662      31.26581
-92.60844      31.26121
-92.61217      31.26095
-92.61348      31.25911
-92.61213      31.25728
-92.60678      31.25687
-92.60515      31.25413
-92.60724      31.2516
-92.61124      31.25065
 1 
 1             473           
1
 -9999.0   ,   9990.0
   7
 8 
-91.89789      31.26068
-91.89951      31.2632
-91.89744      31.27558
-91.89532      31.27765
-91.89397      31.27513
-91.89446      31.26757
-91.89629      31.26115
-91.89789      31.26068
 1 
 1             474           
1
 -9999.0   ,   9990.0
   7
 73 
-93.32564      31.24434
-93.32711      31.23768
-93.32471      31.23019
-93.32456      31.22969
-93.32981      31.22549
-93.33128      31.21836
-93.33752      31.20957
-93.34259      31.2095
-93.34998      31.20527
-93.35506      31.20566
-93.35927      31.2024
-93.35573      31.19901
-93.35772      31.19142
-93.35577      31.18709
-93.34912      31.18856
-93.33329      31.19794
-93.33029      31.19477
-93.33315      31.19061
-93.33901      31.18984
-93.34794      31.18238
-93.34837      31.17688
-93.35323      31.16672
-93.36656      31.16562
-93.36798      31.16973
-93.37146      31.17083
-93.3799       31.16589
-93.38337      31.16607
-93.38529      31.16834
-93.38029      31.17253
-93.37853      31.1776
-93.37943      31.18263
-93.38212      31.1842
-93.38443      31.19288
-93.3869       31.19628
-93.38617      31.19973
-93.38862      31.20268
-93.38606      31.20775
-93.38796      31.2091
-93.39914      31.2078
-93.40106      31.21006
-93.39869      31.21193
-93.38299      31.2149
-93.37369      31.20311
-93.37154      31.20245
-93.37006      31.20821
-93.3721       31.21735
-93.37458      31.22075
-93.37808      31.22254
-93.39225      31.22394
-93.39689      31.22915
-93.39508      31.23169
-93.3835       31.22681
-93.38201      31.24586
-93.3849       31.2575
-93.38389      31.2605
-93.38046      31.26238
-93.37607      31.25648
-93.37749      31.2473
-93.37261      31.24301
-93.36009      31.21751
-93.35768      31.21663
-93.35543      31.22491
-93.35305      31.22586
-93.34993      31.21651
-93.34753      31.21677
-93.34518      31.21978
-93.34402      31.22828
-93.34165      31.23037
-93.33942      31.22513
-93.33672      31.22379
-93.33359      31.24171
-93.33176      31.24357
-93.32564      31.24434
 1 
 1             475           
1
 -9999.0   ,   9990.0
   7
 41 
-91.52773      31.21407
-91.52819      31.17649
-91.53031      31.16869
-91.53402      31.16158
-91.54201      31.15424
-91.55828      31.14987
-91.56602      31.15353
-91.57024      31.15731
-91.57163      31.15856
-91.57111      31.16063
-91.56871      31.16109
-91.55962      31.15605
-91.55162      31.15607
-91.5431       31.16066
-91.53698      31.16914
-91.53358      31.20077
-91.53732      31.2065
-91.54721      31.21199
-91.56029      31.21656
-91.55736      31.21863
-91.54909      31.21932
-91.53948      31.21681
-91.53601      31.2175
-91.53574      31.21933
-91.5364       31.21987
-91.54216      31.2246
-91.53576      31.22484
-91.53416      31.22759
-91.53658      31.23217
-91.54192      31.2356
-91.55019      31.23628
-91.55632      31.23398
-91.57098      31.22319
-91.57526      31.2241
-91.55928      31.23673
-91.55261      31.23971
-91.54246      31.24018
-91.53712      31.23835
-91.5307       31.23355
-91.52669      31.22828
-91.52773      31.21407
 1 
 1             476           
1
 -9999.0   ,   9990.0
   7
 10 
-91.85438      31.20881
-91.85919      31.21017
-91.86376      31.21566
-91.86697      31.21679
-91.86699      31.2216
-91.85791      31.22094
-91.85602      31.2182
-91.85309      31.21752
-91.85121      31.21524
-91.85438      31.20881
 1 
 1             477           
1
 -9999.0   ,   9990.0
   7
 10 
-91.88219      31.21834
-91.87574      31.2108
-91.87759      31.20805
-91.88159      31.20735
-91.88694      31.2087
-91.89418      31.21464
-91.89339      31.21716
-91.89072      31.21717
-91.88429      31.21169
-91.88219      31.21834
 1 
 1             478           
1
 -9999.0   ,   9990.0
   7
 8 
-91.95658      31.20546
-91.95979      31.2082
-91.96406      31.2075
-91.96622      31.21299
-91.96491      31.21506
-91.95474      31.21143
-91.95125      31.20778
-91.95658      31.20546
 1 
 1             479           
1
 -9999.0   ,   9990.0
   7
 5 
-91.84628      31.1889
-91.84606      31.19967
-91.8418       31.20083
-91.84098      31.19648
-91.84628      31.1889
 1 
 1             480           
1
 -9999.0   ,   9990.0
   7
 7 
-92.20258      31.19993
-92.19909      31.19788
-92.19366      31.18646
-92.19871      31.18276
-92.20325      31.18342
-92.20441      31.19556
-92.20258      31.19993
 1 
 1             481           
1
 -9999.0   ,   9990.0
   7
 10 
-94.83149      31.1815
-94.83604      31.18185
-94.8375       31.18571
-94.83516      31.1954
-94.83231      31.19776
-94.82853      31.1967
-94.82328      31.19133
-94.81818      31.19053
-94.81705      31.1885
-94.83149      31.1815
 1 
 1             482           
1
 -9999.0   ,   9990.0
   7
 12 
-90.52855      31.17091
-90.53172      31.17391
-90.53276      31.17873
-90.52575      31.18762
-90.52438      31.19289
-90.52062      31.19538
-90.51718      31.19261
-90.51535      31.18756
-90.51698      31.18253
-90.52342      31.17821
-90.524        31.17203
-90.52855      31.17091
 1 
 1             483           
1
 -9999.0   ,   9990.0
   7
 10 
-92.51621      31.18221
-92.51916      31.18311
-92.51627      31.18703
-92.52029      31.18906
-92.51818      31.19114
-92.51822      31.19412
-92.51128      31.19394
-92.51258      31.19026
-92.51037      31.18409
-92.51621      31.18221
 1 
 1             484           
1
 -9999.0   ,   9990.0
   7
 7 
-91.56501      31.17713
-91.56634      31.17919
-91.56291      31.18928
-91.5605       31.1902
-91.55809      31.18677
-91.55941      31.17943
-91.56501      31.17713
 1 
 1             485           
1
 -9999.0   ,   9990.0
   7
 5 
-91.71922      31.17756
-91.71952      31.18649
-91.71685      31.18696
-91.71631      31.18467
-91.71922      31.17756
 1 
 1             486           
1
 -9999.0   ,   9990.0
   7
 7 
-91.7136       31.1723
-91.71521      31.17573
-91.71151      31.18468
-91.70858      31.18583
-91.70748      31.17506
-91.71067      31.17505
-91.7136       31.1723
 1 
 1             487           
1
 -9999.0   ,   9990.0
   7
 8 
-91.71922      31.17756
-91.72134      31.17274
-91.72507      31.1725
-91.72615      31.17616
-91.73096      31.17959
-91.72991      31.18303
-91.72484      31.1835
-91.71922      31.17756
 1 
 1             488           
1
 -9999.0   ,   9990.0
   7
 10 
-91.69428      31.13933
-91.70444      31.14711
-91.70285      31.15055
-91.69859      31.1517
-91.69539      31.15446
-91.68979      31.15378
-91.6847       31.14761
-91.68763      31.14645
-91.68948      31.14141
-91.69428      31.13933
 1 
 1             489           
1
 -9999.0   ,   9990.0
   7
 13 
-91.73399      31.13398
-91.73559      31.1358
-91.73507      31.1381
-91.72975      31.14201
-91.7295       31.14453
-91.73324      31.1475
-91.73192      31.14956
-91.72819      31.15026
-91.72391      31.14867
-91.72229      31.14248
-91.72414      31.1395
-91.73079      31.13467
-91.73399      31.13398
 1 
 1             490           
1
 -9999.0   ,   9990.0
   7
 28 
-92.48928      31.11092
-92.48521      31.10567
-92.48148      31.10502
-92.47697      31.10688
-92.46904      31.11382
-92.4667       31.11911
-92.46675      31.12369
-92.47269      31.13075
-92.47882      31.13025
-92.48291      31.13801
-92.48188      31.14077
-92.47358      31.14413
-92.47151      31.14497
-92.46588      31.14226
-92.45336      31.11875
-92.45439      31.11553
-92.46179      31.10906
-92.46336      31.10561
-92.46199      31.10287
-92.45022      31.09906
-92.46001      31.09234
-92.46348      31.09232
-92.46836      31.09961
-92.47292      31.10302
-92.47974      31.09334
-92.48614      31.09329
-92.48856      31.09511
-92.48928      31.11092
 1 
 1             491           
1
 -9999.0   ,   9990.0
   7
 8 
-91.69956      31.12649
-91.70223      31.12855
-91.70278      31.13313
-91.70519      31.13633
-91.70388      31.13817
-91.69853      31.13658
-91.69584      31.13108
-91.69956      31.12649
 1 
 1             492           
1
 -9999.0   ,   9990.0
   7
 6 
-91.59879      31.13652
-91.59744      31.13148
-91.59928      31.12231
-91.60171      31.13285
-91.60066      31.13583
-91.59879      31.13652
 1 
 1             493           
1
 -9999.0   ,   9990.0
   7
 15 
-93.3514       31.12709
-93.35183      31.12136
-93.35736      31.11738
-93.35916      31.11415
-93.35827      31.10958
-93.36211      31.1015
-93.37683      31.09075
-93.37766      31.09235
-93.38731      31.09496
-93.37302      31.11442
-93.36411      31.12188
-93.35924      31.13249
-93.35578      31.13276
-93.35388      31.13118
-93.3514       31.12709
 1 
 1             494           
1
 -9999.0   ,   9990.0
   7
 13 
-92.01916      31.12605
-92.01748      31.1243
-92.01916      31.11734
-92.01849      31.11009
-92.01516      31.10575
-92.00552      31.09961
-91.99779      31.09872
-91.99163      31.09531
-92.00149      31.09435
-92.01621      31.10231
-92.02084      31.10834
-92.02186      31.11821
-92.01916      31.12605
 1 
 1             495           
1
 -9999.0   ,   9990.0
   7
 19 
-92.01471      31.11836
-92.00613      31.11152
-91.99627      31.11179
-91.99122      31.11525
-91.98702      31.12513
-91.98329      31.12583
-91.97927      31.12218
-91.97789      31.11485
-91.97281      31.11281
-91.97332      31.10914
-91.97892      31.11049
-91.98215      31.11369
-91.98616      31.11482
-91.99302      31.10424
-91.99621      31.1024
-91.99916      31.10513
-92.00851      31.10762
-92.01576      31.11446
-92.01471      31.11836
 1 
 1             496           
1
 -9999.0   ,   9990.0
   7
 7 
-91.78536      31.11138
-91.78938      31.11458
-91.791        31.12076
-91.78942      31.12581
-91.78329      31.12514
-91.78299      31.11735
-91.78536      31.11138
 1 
 1             497           
1
 -9999.0   ,   9990.0
   7
 9 
-91.90138      31.09412
-91.89363      31.08976
-91.88336      31.08724
-91.87243      31.08774
-91.87268      31.08361
-91.87773      31.08245
-91.89599      31.08599
-91.90172      31.08947
-91.90138      31.09412
 1 
 1             498           
1
 -9999.0   ,   9990.0
   7
 8 
-91.69536      31.0692
-91.6975       31.07171
-91.69651      31.09303
-91.69438      31.0935
-91.6901       31.08984
-91.69248      31.08204
-91.69271      31.07287
-91.69536      31.0692
 1 
 1             499           
1
 -9999.0   ,   9990.0
   7
 16 
-91.85315      31.07638
-91.85796      31.07335
-91.86089      31.07402
-91.86466      31.07928
-91.86334      31.0825
-91.85985      31.07815
-91.85727      31.07747
-91.85112      31.08363
-91.8455       31.08599
-91.83483      31.08557
-91.81986      31.07805
-91.81932      31.07507
-91.82466      31.0762
-91.83641      31.08235
-91.85045      31.07957
-91.85315      31.07638
 1 
 1             500           
1
 -9999.0   ,   9990.0
   7
 10 
-91.88399      31.05767
-91.88588      31.06042
-91.88934      31.06132
-91.88884      31.0666
-91.88592      31.0689
-91.88298      31.06684
-91.87365      31.06756
-91.87124      31.06459
-91.87309      31.06206
-91.88399      31.05767
 1 
 1             501           
1
 -9999.0   ,   9990.0
   7
 10 
-91.81974      31.05123
-91.82854      31.05327
-91.82882      31.05556
-91.82376      31.05695
-91.82084      31.06063
-91.8166       31.06247
-91.81391      31.05767
-91.81842      31.05536
-91.81841      31.05169
-91.81974      31.05123
 1 
 1             502           
1
 -9999.0   ,   9990.0
   7
 14 
-91.68698      31.0369
-91.67579      31.03623
-91.67605      31.03394
-91.69576      31.03229
-91.6987       31.03458
-91.69924      31.03779
-91.69739      31.03962
-91.70353      31.0442
-91.70248      31.04718
-91.69286      31.04307
-91.68461      31.04286
-91.68221      31.04103
-91.68646      31.03896
-91.68698      31.0369
 1 
 1             503           
1
 -9999.0   ,   9990.0
   7
 8 
-91.85775      31.03255
-91.86069      31.03437
-91.86709      31.03527
-91.86978      31.03915
-91.86953      31.04305
-91.85405      31.03898
-91.85352      31.03737
-91.85775      31.03255
 1 
 1             504           
1
 -9999.0   ,   9990.0
   7
 12 
-92.12197      31.02204
-92.12386      31.02409
-92.12228      31.02708
-92.10661      31.03358
-92.09649      31.03409
-92.08661      31.03162
-92.08152      31.02843
-92.08418      31.02636
-92.09725      31.0295
-92.10578      31.02923
-92.11452      31.02368
-92.12197      31.02204
 1 
 1             505           
1
 -9999.0   ,   9990.0
   7
 6 
-91.91126      31.02503
-91.91341      31.02823
-91.90811      31.03352
-91.90118      31.03332
-91.90594      31.0278
-91.91126      31.02503
 1 
 1             506           
1
 -9999.0   ,   9990.0
   7
 9 
-91.89606      31.02164
-91.89288      31.02417
-91.88647      31.02099
-91.87791      31.01552
-91.87576      31.01323
-91.87655      31.01071
-91.88242      31.01137
-91.88911      31.01823
-91.89606      31.02164
 1 
 1             507           
1
 -9999.0   ,   9990.0
   7
 57 
-92.4974       30.97928
-92.49506      30.98365
-92.49134      30.98506
-92.4852       30.98396
-92.48012      30.9817
-92.46426      30.96807
-92.46051      30.96603
-92.45385      30.96585
-92.45147      30.96771
-92.45826      30.97958
-92.45565      30.98464
-92.45139      30.98513
-92.44329      30.97464
-92.43928      30.97307
-92.43662      30.97378
-92.43936      30.97972
-92.43832      30.98225
-92.4354       30.9841
-92.42982      30.98483
-92.4256       30.98899
-92.4294       30.99561
-92.42537      30.99867
-92.42332      31.00024
-92.43006      31.00798
-92.42692      31.01282
-92.42348      31.01491
-92.41948      31.01516
-92.41654      31.01335
-92.41056      31.00285
-92.40414      30.99946
-92.38975      30.9991
-92.38627      30.99775
-92.38519      30.99546
-92.38676      30.9927
-92.40076      30.98252
-92.41051      30.97144
-92.42055      30.96449
-92.42982      30.9603
-92.43859      30.9584
-92.44625      30.95285
-92.45761      30.94872
-92.46879      30.94465
-92.47379      30.93842
-92.47287      30.92766
-92.47465      30.91985
-92.47702      30.91868
-92.48079      30.92255
-92.48219      30.92827
-92.48101      30.94158
-92.48347      30.94729
-92.49396      30.95707
-92.49292      30.96028
-92.48119      30.95854
-92.47829      30.96017
-92.47778      30.96292
-92.49392      30.97839
-92.4974       30.97928
 1 
 1             508           
1
 -9999.0   ,   9990.0
   7
 89 
-93.55359      30.92723
-93.54704      30.93215
-93.53932      30.93226
-93.53226      30.93856
-93.5356       30.94516
-93.53598      30.9502
-93.53976      30.95289
-93.54698      30.95462
-93.54996      30.95732
-93.55359      30.96529
-93.56469      30.97338
-93.57144      30.99024
-93.56769      30.98915
-93.56049      30.97642
-93.54805      30.96721
-93.54334      30.95848
-93.54278      30.95743
-93.5324       30.95759
-93.52968      30.95488
-93.53041      30.95143
-93.52719      30.93772
-93.52948      30.93241
-93.53346      30.93212
-93.53737      30.92816
-93.54456      30.92783
-93.55532      30.92101
-93.55551      30.91711
-93.55279      30.91463
-93.55161      30.90915
-93.55278      30.90111
-93.56849      30.88986
-93.57056      30.88639
-93.56495      30.87295
-93.55902      30.8696
-93.5597       30.86385
-93.55738      30.85472
-93.55862      30.85057
-93.56507      30.84153
-93.5626       30.83767
-93.56392      30.82481
-93.55861      30.81274
-93.55887      30.81142
-93.56077      30.8017
-93.56651      30.79679
-93.57667      30.7963
-93.58054      30.78998
-93.5792       30.78078
-93.58144      30.7734
-93.5864       30.76966
-93.58814      30.76367
-93.59599      30.75781
-93.60048      30.75683
-93.60333      30.75357
-93.60188      30.74786
-93.60339      30.74394
-93.60866      30.74156
-93.60965      30.73834
-93.60631      30.73128
-93.61135      30.71882
-93.61452      30.71831
-93.61847      30.71402
-93.6137       30.7291
-93.61602      30.73824
-93.61431      30.74469
-93.60829      30.74937
-93.61087      30.75781
-93.59348      30.76519
-93.59078      30.77509
-93.58581      30.77884
-93.58249      30.79585
-93.57668      30.79962
-93.56794      30.80136
-93.56402      30.80463
-93.56309      30.81061
-93.56776      30.8181
-93.56854      30.82955
-93.57141      30.83937
-93.56914      30.84537
-93.56403      30.84896
-93.56295      30.85417
-93.56453      30.86607
-93.57001      30.87356
-93.57513      30.88907
-93.5731       30.89346
-93.55836      30.90148
-93.55724      30.91067
-93.56211      30.91426
-93.56142      30.91955
-93.55359      30.92723
 1 
 1             509           
1
 -9999.0   ,   9990.0
   7
 14 
-92.38539      30.96291
-92.38648      30.96496
-92.38288      30.97851
-92.37922      30.98496
-92.37392      30.98798
-92.37045      30.98754
-92.36694      30.98206
-92.36133      30.98004
-92.3597       30.97707
-92.3626       30.97407
-92.3706       30.97493
-92.37483      30.97261
-92.38246      30.96316
-92.38539      30.96291
 1 
 1             510           
1
 -9999.0   ,   9990.0
   7
 8 
-91.57809      30.95891
-91.59355      30.96875
-91.59756      30.97333
-91.59517      30.97608
-91.58851      30.97471
-91.57651      30.96533
-91.57463      30.96167
-91.57809      30.95891
 1 
 1             511           
1
 -9999.0   ,   9990.0
   7
 8 
-91.62866      30.95242
-91.63852      30.96043
-91.64174      30.96477
-91.64094      30.96753
-91.63855      30.96776
-91.63534      30.96525
-91.62787      30.95609
-91.62866      30.95242
 1 
 1             512           
1
 -9999.0   ,   9990.0
   7
 22 
-94.19098      30.90989
-94.19219      30.91491
-94.18711      30.92418
-94.18725      30.9249
-94.18836      30.93058
-94.18466      30.94143
-94.18894      30.95212
-94.19196      30.9555
-94.19425      30.95179
-94.19796      30.95102
-94.19884      30.95376
-94.19636      30.96046
-94.18336      30.96255
-94.17899      30.95828
-94.17574      30.94642
-94.17139      30.94306
-94.16993      30.93851
-94.17326      30.93363
-94.17459      30.92374
-94.17783      30.91588
-94.18489      30.91116
-94.19098      30.90989
 1 
 1             513           
1
 -9999.0   ,   9990.0
   7
 8 
-92.12941      30.95002
-92.13264      30.95414
-92.13212      30.95643
-92.12895      30.95897
-92.12309      30.95923
-92.12041      30.95649
-92.12463      30.95165
-92.12941      30.95002
 1 
 1             514           
1
 -9999.0   ,   9990.0
   7
 23 
-91.3968       30.85831
-91.40017      30.86251
-91.40017      30.86779
-91.39698      30.87192
-91.39139      30.87398
-91.38848      30.87879
-91.39034      30.88383
-91.38901      30.88979
-91.39194      30.89805
-91.39142      30.91043
-91.39781      30.92327
-91.39702      30.92808
-91.40076      30.93885
-91.39384      30.94527
-91.38557      30.90951
-91.38716      30.89644
-91.38316      30.88979
-91.38661      30.882
-91.38448      30.87627
-91.38581      30.87214
-91.38847      30.86916
-91.39326      30.86756
-91.3968       30.85831
 1 
 1             515           
1
 -9999.0   ,   9990.0
   7
 6 
-91.60729      30.92861
-91.60144      30.93114
-91.59133      30.93184
-91.58653      30.92887
-91.59318      30.92611
-91.60729      30.92861
 1 
 1             516           
1
 -9999.0   ,   9990.0
   7
 48 
-94.19601      30.88938
-94.18406      30.8903
-94.18066      30.89243
-94.17792      30.88974
-94.18414      30.88319
-94.18222      30.8814
-94.17952      30.88007
-94.17318      30.88157
-94.17049      30.88071
-94.1658       30.88424
-94.16252      30.8811
-94.16486      30.87876
-94.16704      30.87092
-94.17039      30.86718
-94.17188      30.85339
-94.17026      30.84242
-94.17207      30.84055
-94.15954      30.82979
-94.15362      30.82715
-94.15648      30.82457
-94.16152      30.82424
-94.16433      30.82006
-94.16994      30.82064
-94.17074      30.81099
-94.16987      30.80849
-94.16443      30.80401
-94.17572      30.79851
-94.18096      30.79588
-94.19244      30.80712
-94.2037       30.8202
-94.20899      30.82881
-94.21255      30.84227
-94.22149      30.84805
-94.22662      30.86034
-94.23423      30.86637
-94.23486      30.8698
-94.23261      30.87512
-94.23769      30.88557
-94.23604      30.89317
-94.23271      30.89759
-94.23159      30.89746
-94.22789      30.897
-94.22218      30.89253
-94.21872      30.89237
-94.21169      30.89801
-94.20248      30.89223
-94.19754      30.88683
-94.19601      30.88938
 1 
 1             517           
1
 -9999.0   ,   9990.0
   7
 42 
-91.57589      30.81999
-91.57776      30.82273
-91.573        30.83329
-91.57567      30.83787
-91.57762      30.83866
-91.58019      30.8397
-91.58737      30.84038
-91.60439      30.83806
-91.61395      30.83529
-91.62831      30.83458
-91.6472       30.83776
-91.65652      30.84118
-91.66722      30.85996
-91.66857      30.86684
-91.66598      30.88725
-91.66332      30.88817
-91.66301      30.88294
-91.6622       30.86937
-91.65789      30.85333
-91.65282      30.84784
-91.64776      30.84532
-91.62886      30.84077
-91.61663      30.84102
-91.60706      30.8431
-91.60176      30.84586
-91.59589      30.84541
-91.58712      30.84725
-91.56078      30.84041
-91.55892      30.84156
-91.55893      30.84454
-91.55921      30.84564
-91.56322      30.86127
-91.56378      30.87502
-91.56275      30.8874
-91.55982      30.88695
-91.55368      30.8771
-91.54882      30.84272
-91.55067      30.83698
-91.5557       30.83056
-91.56393      30.82436
-91.56979      30.82504
-91.57589      30.81999
 1 
 1             518           
1
 -9999.0   ,   9990.0
   7
 15 
-92.47994      30.82054
-92.48752      30.83332
-92.48651      30.83699
-92.47532      30.83547
-92.47348      30.83778
-92.47384      30.84603
-92.47203      30.85109
-92.46043      30.86104
-92.4569       30.85372
-92.46079      30.84361
-92.45672      30.83676
-92.46516      30.83074
-92.46591      30.82614
-92.46905      30.82131
-92.47994      30.82054
 1 
 1             519           
1
 -9999.0   ,   9990.0
   7
 5 
-91.3968       30.85831
-91.39484      30.85586
-91.39829      30.85013
-91.40202      30.85059
-91.3968       30.85831
 1 
 1             520           
1
 -9999.0   ,   9990.0
   7
 6 
-91.49374      30.83038
-91.49642      30.83909
-91.49589      30.84345
-91.4935       30.84391
-91.49136      30.8313
-91.49374      30.83038
 1 
 1             521           
1
 -9999.0   ,   9990.0
   7
 50 
-92.26204      30.80713
-92.26069      30.80462
-92.26489      30.79726
-92.26407      30.79543
-92.25954      30.79431
-92.25766      30.79157
-92.25895      30.78766
-92.25573      30.78378
-92.25622      30.77943
-92.25302      30.7783
-92.253        30.77532
-92.25985      30.76886
-92.25822      30.76451
-92.26138      30.76128
-92.26617      30.76217
-92.27011      30.75756
-92.27516      30.75799
-92.27859      30.75498
-92.2847       30.75472
-92.28631      30.75585
-92.2808       30.76391
-92.27309      30.7635
-92.26572      30.77088
-92.26389      30.77525
-92.26694      30.78899
-92.26762      30.78942
-92.27015      30.79103
-92.27127      30.79814
-92.27316      30.80019
-92.27634      30.79994
-92.28188      30.79509
-92.28612      30.7946
-92.28934      30.79711
-92.28619      30.80171
-92.27824      30.80382
-92.27348      30.80729
-92.27751      30.81117
-92.28256      30.81205
-92.28738      30.81592
-92.28423      30.81961
-92.27836      30.81689
-92.2749       30.8176
-92.27655      30.82309
-92.27418      30.82517
-92.27638      30.83295
-92.27479      30.83434
-92.27185      30.83298
-92.26538      30.82179
-92.26745      30.8165
-92.26204      30.80713
 1 
 1             522           
1
 -9999.0   ,   9990.0
   7
 6 
-90.49564      30.81035
-90.50013      30.81473
-90.49869      30.82894
-90.49446      30.82616
-90.49294      30.81698
-90.49564      30.81035
 1 
 1             523           
1
 -9999.0   ,   9990.0
   7
 8 
-92.53865      30.81572
-92.54238      30.81546
-92.54879      30.81884
-92.54696      30.82115
-92.54083      30.82029
-92.53689      30.82421
-92.53578      30.8201
-92.53865      30.81572
 1 
 1             524           
1
 -9999.0   ,   9990.0
   7
 8 
-92.2425       30.79097
-92.24489      30.79142
-92.24571      30.79325
-92.24441      30.79601
-92.23807      30.80132
-92.23409      30.80157
-92.23327      30.79928
-92.2425       30.79097
 1 
 1             525           
1
 -9999.0   ,   9990.0
   7
 5 
-91.54979      30.79869
-91.54953      30.80145
-91.54314      30.801
-91.545        30.79847
-91.54979      30.79869
 1 
 1             526           
1
 -9999.0   ,   9990.0
   7
 6 
-91.4554       30.78547
-91.46682      30.78776
-91.46976      30.79027
-91.46976      30.79326
-91.46631      30.79693
-91.4554       30.78547
 1 
 1             527           
1
 -9999.0   ,   9990.0
   7
 16 
-93.09571      30.73605
-93.10436      30.72976
-93.10719      30.74004
-93.11153      30.74503
-93.1206       30.74676
-93.12677      30.75058
-93.11965      30.75365
-93.12778      30.76249
-93.13108      30.7691
-93.1309       30.77415
-93.12531      30.7733
-93.1056       30.75565
-93.09491      30.75189
-93.09193      30.74917
-93.09206      30.74022
-93.09571      30.73605
 1 
 1             528           
1
 -9999.0   ,   9990.0
   7
 21 
-92.37138      30.75942
-92.36452      30.76405
-92.36106      30.7643
-92.35729      30.75883
-92.34506      30.75845
-92.33866      30.75666
-92.32672      30.75812
-92.32616      30.75491
-92.32824      30.75008
-92.33089      30.74914
-92.33428      30.74202
-92.33421      30.73513
-92.33736      30.73168
-92.35035      30.72861
-92.35648      30.7304
-92.3599       30.72717
-92.3639       30.72851
-92.36661      30.73469
-92.36489      30.74869
-92.3705       30.7514
-92.37138      30.75942
 1 
 1             529           
1
 -9999.0   ,   9990.0
   7
 6 
-92.08124      30.69302
-92.08704      30.68772
-92.09209      30.68747
-92.09343      30.68998
-92.09243      30.69778
-92.08124      30.69302
 1 
 1             530           
1
 -9999.0   ,   9990.0
   7
 32 
-91.41802      30.60021
-91.41988      30.59699
-91.43076      30.60364
-91.44323      30.60547
-91.47058      30.61624
-91.47722      30.62243
-91.48122      30.63022
-91.48282      30.63939
-91.47991      30.64948
-91.47409      30.66072
-91.45367      30.67724
-91.45268      30.67772
-91.43616      30.68573
-91.41969      30.68619
-91.41491      30.68528
-91.41224      30.68207
-91.41729      30.67748
-91.42632      30.67702
-91.4311       30.67954
-91.43933      30.67908
-91.45021      30.67426
-91.46215      30.66531
-91.46931      30.65522
-91.47539      30.63917
-91.47565      30.63366
-91.47432      30.63112
-91.47218      30.62702
-91.46156      30.61831
-91.44988      30.61396
-91.42546      30.60823
-91.41988      30.60387
-91.41802      30.60021
 1 
 1             531           
1
 -9999.0   ,   9990.0
   7
 7 
-92.41222      30.6736
-92.41491      30.67725
-92.40964      30.68233
-92.40356      30.68467
-92.40037      30.68332
-92.40692      30.67502
-92.41222      30.6736
 1 
 1             532           
1
 -9999.0   ,   9990.0
   7
 7 
-91.34453      30.65684
-91.34825      30.65707
-91.35197      30.6628
-91.35329      30.67312
-91.35171      30.68069
-91.34879      30.67954
-91.34453      30.65684
 1 
 1             533           
1
 -9999.0   ,   9990.0
   7
 6 
-93.24524      30.60162
-93.25253      30.60864
-93.25205      30.61139
-93.24572      30.61377
-93.24298      30.60853
-93.24524      30.60162
 1 
 1             534           
1
 -9999.0   ,   9990.0
   7
 10 
-92.96686      30.56693
-92.97149      30.5749
-92.96836      30.5786
-92.96433      30.57544
-92.96282      30.58073
-92.95807      30.5817
-92.95764      30.57161
-92.95941      30.56586
-92.96257      30.56445
-92.96686      30.56693
 1 
 1             535           
1
 -9999.0   ,   9990.0
   7
 8 
-92.54901      30.51752
-92.55487      30.52
-92.55649      30.52228
-92.55441      30.52551
-92.55046      30.5276
-92.54774      30.52281
-92.54161      30.51965
-92.54901      30.51752
 1 
 1             536           
1
 -9999.0   ,   9990.0
   7
 8 
-91.69937      30.50751
-91.6931       30.5038
-91.68515      30.50313
-91.68222      30.49924
-91.6968       30.50036
-91.70472      30.50657
-91.70572      30.50961
-91.69937      30.50751
 1 
 1             537           
1
 -9999.0   ,   9990.0
   7
 12 
-92.56441      30.49721
-92.56761      30.49856
-92.57663      30.49872
-92.57481      30.50263
-92.56423      30.50433
-92.55838      30.50277
-92.55256      30.50351
-92.54362      30.50954
-92.54252      30.50749
-92.54592      30.50287
-92.55304      30.49914
-92.56441      30.49721
 1 
 1             538           
1
 -9999.0   ,   9990.0
   7
 15 
-91.1575       30.40415
-91.15962      30.40186
-91.16333      30.40209
-91.16677      30.40554
-91.16623      30.41013
-91.16888      30.41472
-91.16701      30.41907
-91.16834      30.42366
-91.167        30.42641
-91.16356      30.42503
-91.15934      30.41516
-91.15589      30.4147
-91.15564      30.41103
-91.15908      30.40897
-91.1575       30.40415
 1 
 1             539           
1
 -9999.0   ,   9990.0
   7
 7 
-90.19943      30.38962
-90.21159      30.39087
-90.21236      30.39317
-90.21143      30.40624
-90.20397      30.41099
-90.19716      30.40406
-90.19943      30.38962
 1 
 1             540           
1
 -9999.0   ,   9990.0
   7
 7 
-94.12538      30.36527
-94.12901      30.37278
-94.12944      30.37896
-94.12601      30.37926
-94.12411      30.37769
-94.12208      30.37107
-94.12538      30.36527
 1 
 1             541           
1
 -9999.0   ,   9990.0
   7
 41 
-91.7851       30.32491
-91.78591      30.3272
-91.77984      30.33249
-91.7706       30.33757
-91.76774      30.34881
-91.77465      30.35545
-91.776        30.3621
-91.77972      30.36598
-91.77789      30.36874
-91.76888      30.36785
-91.76544      30.36923
-91.75912      30.37613
-91.74658      30.35208
-91.74522      30.34612
-91.75077      30.34175
-91.75208      30.33853
-91.75148      30.3271
-91.75122      30.32225
-91.74616      30.31263
-91.74218      30.31103
-91.74112      30.31264
-91.74649      30.33029
-91.74386      30.33419
-91.74121      30.33374
-91.73424      30.31174
-91.72467      30.30052
-91.72041      30.2909
-91.72224      30.28837
-91.72436      30.28905
-91.7297       30.29982
-91.73552      30.30233
-91.73947      30.2959
-91.74184      30.29846
-91.75196      30.3094
-91.75732      30.32544
-91.7597       30.32521
-91.76127      30.32108
-91.75965      30.31305
-91.76069      30.30961
-91.77658      30.31255
-91.7851       30.32491
 1 
 1             542           
1
 -9999.0   ,   9990.0
   7
 10 
-91.74084      30.37296
-91.73633      30.37183
-91.73445      30.36656
-91.73469      30.35968
-91.73068      30.34914
-91.73305      30.34477
-91.73622      30.34476
-91.73756      30.34683
-91.74479      30.36837
-91.74084      30.37296
 1 
 1             543           
1
 -9999.0   ,   9990.0
   7
 92 
-90.48359      30.35459
-90.4812       30.35573
-90.47459      30.35522
-90.47169      30.35222
-90.46813      30.33522
-90.46181      30.33151
-90.4428       30.32519
-90.41459      30.31284
-90.40849      30.31509
-90.40373      30.31391
-90.40164      30.31092
-90.40299      30.30748
-90.40539      30.30567
-90.41518      30.30596
-90.42104      30.30142
-90.42239      30.29776
-90.42031      30.2943
-90.41829      30.29295
-90.41583      30.29129
-90.40213      30.28523
-90.37569      30.28412
-90.36959      30.28522
-90.34831      30.29745
-90.32608      30.29775
-90.32128      30.30161
-90.3181       30.30227
-90.31128      30.29625
-90.30258      30.29412
-90.30868      30.29165
-90.31081      30.29097
-90.31502      30.29238
-90.34811      30.29011
-90.37178      30.27744
-90.3903       30.27735
-90.39799      30.27309
-90.40545      30.26896
-90.4185       30.25781
-90.4252       30.24754
-90.43421      30.21434
-90.44831      30.20319
-90.45263      30.19244
-90.4561       30.1881
-90.47467      30.17928
-90.48014      30.17746
-90.50303      30.16983
-90.52099      30.1704
-90.53661      30.16729
-90.55114      30.1676
-90.56591      30.1709
-90.57882      30.17671
-90.5867       30.18364
-90.59341      30.20708
-90.59207      30.20982
-90.57884      30.21181
-90.57512      30.21363
-90.57271      30.21866
-90.57241      30.22348
-90.57659      30.23038
-90.58238      30.23592
-90.58497      30.24305
-90.58438      30.25107
-90.58137      30.26574
-90.57361      30.27876
-90.56668      30.28515
-90.55898      30.28946
-90.55924      30.29107
-90.56131      30.29705
-90.55971      30.2991
-90.54887      30.29789
-90.54249      30.3006
-90.53159      30.30834
-90.51845      30.32133
-90.51452      30.3252
-90.49273      30.33699
-90.48052      30.34104
-90.47598      30.34721
-90.47701      30.35019
-90.49559      30.34366
-90.50328      30.34256
-90.51699      30.34884
-90.51749      30.35367
-90.52431      30.36174
-90.53222      30.36591
-90.54307      30.36667
-90.55046      30.36969
-90.54302      30.3724
-90.52741      30.37116
-90.51504      30.36076
-90.51193      30.35294
-90.50216      30.34967
-90.49077      30.3512
-90.48359      30.35459
 1 
 1             544           
1
 -9999.0   ,   9990.0
   7
 6 
-94.04272      30.33313
-94.05519      30.33427
-94.0552       30.34482
-94.04272      30.34391
-94.04133      30.34096
-94.04272      30.33313
 1 
 1             545           
1
 -9999.0   ,   9990.0
   7
 7 
-93.32401      30.33312
-93.33228      30.33621
-93.32736      30.34248
-93.31889      30.34282
-93.31752      30.34009
-93.32059      30.33431
-93.32401      30.33312
 1 
 1             546           
1
 -9999.0   ,   9990.0
   7
 7 
-94.13332      30.32543
-94.13868      30.32762
-94.14224      30.3326
-94.14126      30.33537
-94.13676      30.33569
-94.13341      30.3291
-94.13332      30.32543
 1 
 1             547           
1
 -9999.0   ,   9990.0
   7
 9 
-91.71169      30.29734
-91.71594      30.29825
-91.71781      30.30283
-91.7205       30.3159
-91.72449      30.32346
-91.72426      30.33011
-91.71468      30.31821
-91.71118      30.30216
-91.71169      30.29734
 1 
 1             548           
1
 -9999.0   ,   9990.0
   7
 8 
-91.02462      30.28573
-91.02939      30.28368
-91.03785      30.28508
-91.04075      30.28898
-91.04047      30.29609
-91.03623      30.29654
-91.03228      30.29103
-91.02462      30.28573
 1 
 1             549           
1
 -9999.0   ,   9990.0
   7
 6 
-91.56693      30.27924
-91.56906      30.28382
-91.56512      30.29461
-91.56247      30.29576
-91.56167      30.29232
-91.56693      30.27924
 1 
 1             550           
1
 -9999.0   ,   9990.0
   7
 18 
-93.17574      30.28575
-93.17996      30.285
-93.17961      30.27996
-93.19114      30.27385
-93.19318      30.2697
-93.19047      30.26583
-93.19332      30.26235
-93.19751      30.26001
-93.20994      30.26007
-93.19946      30.26572
-93.19669      30.27355
-93.1886       30.27962
-93.19012      30.29061
-93.18833      30.29453
-93.18411      30.29528
-93.18118      30.29417
-93.17661      30.2901
-93.17574      30.28575
 1 
 1             551           
1
 -9999.0   ,   9990.0
   7
 5 
-94.80862      30.28404
-94.80846      30.28703
-94.80162      30.2888
-94.79752      30.28431
-94.80862      30.28404
 1 
 1             552           
1
 -9999.0   ,   9990.0
   7
 8 
-91.63149      30.28488
-91.62644      30.27709
-91.62696      30.27365
-91.63252      30.2741
-91.64391      30.27798
-91.64736      30.28141
-91.64287      30.2844
-91.63149      30.28488
 1 
 1             553           
1
 -9999.0   ,   9990.0
   7
 8 
-91.45233      30.23414
-91.47378      30.25157
-91.47669      30.25592
-91.47325      30.25684
-91.45949      30.24974
-91.45658      30.24263
-91.44784      30.23529
-91.45233      30.23414
 1 
 1             554           
1
 -9999.0   ,   9990.0
   7
 12 
-93.22598      30.25413
-93.21488      30.25519
-93.21032      30.25158
-93.20808      30.24473
-93.21276      30.24031
-93.22488      30.2374
-93.22702      30.23943
-93.22495      30.24176
-93.22552      30.24381
-93.23031      30.24536
-93.23194      30.24763
-93.22598      30.25413
 3 
 1             555           
1
 -9999.0   ,   9990.0
   7
 86 
-93.24476      30.25175
-93.24716      30.24078
-93.24359      30.23371
-93.23879      30.23171
-93.23111      30.23112
-93.22628      30.22706
-93.22543      30.22431
-93.22878      30.21922
-93.23978      30.21334
-93.25294      30.20973
-93.26074      30.20229
-93.26838      30.20126
-93.27098      30.19871
-93.27158      30.18815
-93.27603      30.18602
-93.28008      30.17587
-93.28973      30.16955
-93.29166      30.16883
-93.30442      30.16407
-93.30892      30.16378
-93.31412      30.17335
-93.31776      30.17008
-93.32104      30.15761
-93.33096      30.14642
-93.33047      30.14329
-93.31672      30.14302
-93.31478      30.13823
-93.31576      30.13386
-93.31969      30.13197
-93.33161      30.11965
-93.33282      30.11435
-93.33166      30.10863
-93.32714      30.09694
-93.32611      30.09425
-93.32414      30.09357
-93.30858      30.10321
-93.30645      30.10232
-93.29958      30.08796
-93.3028       30.07667
-93.30827      30.07247
-93.31564      30.07145
-93.31956      30.06933
-93.32259      30.06195
-93.31959      30.05694
-93.32423      30.05114
-93.33039      30.05542
-93.33244      30.0664
-93.32921      30.07677
-93.33065      30.08318
-93.32938      30.08572
-93.33332      30.09851
-93.34428      30.11947
-93.34379      30.12177
-93.3367       30.12371
-93.33282      30.12812
-93.32458      30.1317
-93.31976      30.1361
-93.32061      30.13884
-93.33199      30.1396
-93.33466      30.1414
-93.33633      30.1462
-93.33411      30.15043
-93.32377      30.15893
-93.32152      30.17301
-93.31631      30.17767
-93.29123      30.19316
-93.28284      30.19671
-93.28029      30.20202
-93.28128      30.20375
-93.28329      30.20726
-93.28151      30.21073
-93.27599      30.21286
-93.26923      30.20469
-93.26712      30.20518
-93.26196      30.21122
-93.26999      30.2173
-93.26954      30.22121
-93.26306      30.22818
-93.25986      30.2273
-93.25389      30.21867
-93.24754      30.21852
-93.24653      30.22106
-93.25181      30.23475
-93.25218      30.24094
-93.2494       30.24786
-93.24476      30.25175
 1             555           2 
1
 -9999.0   ,   9990.0
   7
 5 
-93.30064      30.17353
-93.28989      30.17826
-93.29059      30.1872
-93.30676      30.17505
-93.30064      30.17353
 1             555           3 
1
 -9999.0   ,   9990.0
   7
 11 
-93.31982      30.09208
-93.32388      30.08786
-93.32511      30.08371
-93.32468      30.075
-93.32228      30.07365
-93.31811      30.07624
-93.30758      30.07799
-93.30476      30.08239
-93.30625      30.09177
-93.31004      30.09631
-93.31982      30.09208
 1 
 1             556           
1
 -9999.0   ,   9990.0
   7
 6 
-91.90359      30.21374
-91.91288      30.22013
-91.91237      30.2238
-91.9047       30.2236
-91.90149      30.2165
-91.90359      30.21374
 1 
 1             557           
1
 -9999.0   ,   9990.0
   7
 35 
-91.53263      30.18958
-91.53609      30.20289
-91.53239      30.20358
-91.52312      30.19028
-91.52125      30.18225
-91.52015      30.16046
-91.51538      30.1529
-91.50056      30.13616
-91.47596      30.11346
-91.46692      30.07424
-91.46797      30.06781
-91.48432      30.0545
-91.48666      30.03385
-91.48295      30.02008
-91.47608      30.00999
-91.47031      30
-91.47405      30
-91.48293      30.0109
-91.48928      30.02168
-91.49273      30.03361
-91.48907      30.05289
-91.48565      30.06092
-91.47352      30.06942
-91.47289      30.07069
-91.47114      30.07423
-91.47513      30.08915
-91.47989      30.0974
-91.48123      30.10704
-91.48573      30.11552
-91.49683      30.12148
-91.52358      30.15587
-91.5265       30.16344
-91.52807      30.18129
-91.52839      30.185
-91.53263      30.18958
 1 
 1             558           
1
 -9999.0   ,   9990.0
   7
 11 
-93.97079      30.18808
-93.97269      30.19034
-93.97224      30.19356
-93.96596      30.19597
-93.95844      30.20184
-93.95187      30.20334
-93.94808      30.19997
-93.95246      30.1953
-93.96298      30.19327
-93.96657      30.18862
-93.97079      30.18808
 1 
 1             559           
1
 -9999.0   ,   9990.0
   7
 7 
-91.46095      30.15408
-91.46228      30.15591
-91.45542      30.1667
-91.45172      30.16349
-91.45198      30.15867
-91.45568      30.15454
-91.46095      30.15408
 1 
 1             560           
1
 -9999.0   ,   9990.0
   7
 7 
-91.43902      30.14583
-91.44853      30.14972
-91.44484      30.15408
-91.43929      30.15477
-91.43559      30.15019
-91.43637      30.14629
-91.43902      30.14583
 1 
 1             561           
1
 -9999.0   ,   9990.0
   7
 11 
-91.46989      30.12333
-91.47624      30.1247
-91.48232      30.13227
-91.48419      30.14603
-91.48261      30.14971
-91.48024      30.1504
-91.46886      30.13939
-91.46066      30.13504
-91.45987      30.13022
-91.46172      30.12769
-91.46989      30.12333
 1 
 1             562           
1
 -9999.0   ,   9990.0
   7
 39 
-91.65345      30.11508
-91.65002      30.11669
-91.64394      30.11533
-91.63071      30.10388
-91.62592      30.09517
-91.62218      30.07729
-91.61635      30.06927
-91.61106      30.06698
-91.60788      30.06331
-91.60708      30.05758
-91.61035      30.05042
-91.61075      30.04954
-91.61681      30.04494
-91.6191       30.01626
-91.63278      30.00293
-91.63365      30
-91.65306      30
-91.65338      30.00611
-91.65684      30.01551
-91.655        30.01987
-91.64342      30.02999
-91.63682      30.03046
-91.63048      30.02588
-91.62838      30.0307
-91.63157      30.03804
-91.62897      30.05158
-91.62589      30.05469
-91.62239      30.05824
-91.62556      30.06237
-91.63482      30.06602
-91.64859      30.08068
-91.65524      30.09742
-91.65526      30.10224
-91.65024      30.10087
-91.63329      30.08392
-91.63092      30.08691
-91.63119      30.09035
-91.63571      30.10066
-91.65345      30.11508
 1 
 1             563           
1
 -9999.0   ,   9990.0
   7
 47 
-93.7012       30.06037
-93.70735      30.06486
-93.71581      30.06541
-93.71702      30.06034
-93.71406      30.05809
-93.70744      30.05705
-93.71029      30.05471
-93.71978      30.05387
-93.7322       30.04265
-93.73724      30.032
-93.7371       30.02604
-93.74225      30.02022
-93.74707      30.01816
-93.75401      30.0152
-93.75917      30.01054
-93.76007      30.01003
-93.76655      30
-93.7724       30
-93.77008      30.00441
-93.76936      30.00577
-93.76114      30.01577
-93.75052      30.02444
-93.74271      30.02468
-93.73995      30.03517
-93.73773      30.04209
-93.72538      30.05584
-93.7217       30.06875
-93.72582      30.0758
-93.73361      30.08163
-93.73718      30.08754
-93.73618      30.09008
-93.72612      30.08887
-93.7242       30.09739
-93.71779      30.10622
-93.71434      30.10822
-93.71391      30.10707
-93.71301      30.10469
-93.72366      30.08525
-93.72493      30.08292
-93.72301      30.08143
-93.72116      30.08
-93.71865      30.074
-93.71684      30.07291
-93.71249      30.07028
-93.70426      30.06835
-93.70129      30.06542
-93.7012       30.06037
 1 
 1             564           
1
 -9999.0   ,   9990.0
   7
 9 
-91.49546      30.08661
-91.49942      30.08844
-91.50101      30.09096
-91.50128      30.09647
-91.49944      30.09762
-91.49707      30.10358
-91.49522      30.10313
-91.49204      30.09716
-91.49546      30.08661
 1 
 1             565           
1
 -9999.0   ,   9990.0
   7
 16 
-93.59282      30.08058
-93.59914      30.09138
-93.59927      30.09734
-93.5959       30.10061
-93.59011      30.10116
-93.58708      30.0957
-93.58399      30.09942
-93.58082      30.0997
-93.58         30.0981
-93.58248      30.09026
-93.57923      30.08687
-93.58388      30.08175
-93.58599      30.08195
-93.58965      30.09245
-93.59392      30.09467
-93.59282      30.08058
 1 
 1             566           
1
 -9999.0   ,   9990.0
   7
 13 
-91.51686      30.08889
-91.5121       30.09118
-91.51024      30.08614
-91.50151      30.07421
-91.4957       30.0694
-91.49569      30.06504
-91.49859      30.06183
-91.50439      30.06228
-91.50862      30.06457
-91.51234      30.07466
-91.52186      30.08475
-91.52239      30.08865
-91.51686      30.08889
 1 
 1             567           
1
 -9999.0   ,   9990.0
   7
 48 
-94.08845      30.08743
-94.08499      30.08658
-94.07767      30.07915
-94.07261      30.07741
-94.06152      30.07762
-94.06004      30.07737
-94.05064      30.07576
-94.04636      30.07355
-94.03985      30.06656
-94.02668      30.06772
-94.02391      30.06296
-94.02586      30.05672
-94.02496      30.05261
-94.02877      30.04657
-94.03348      30.04465
-94.03441      30.03981
-94.03133      30.03321
-94.02562      30.02644
-94.01251      30.01934
-93.99896      30.01591
-93.98988      30.02192
-93.98512      30.02061
-93.98243      30.01591
-93.98039      30.01236
-93.97386      30.015
-93.96569      30.01538
-93.9606       30.01249
-93.95454      30.00228
-93.95001      30
-93.96143      30
-93.96766      30.00961
-93.98371      30.00794
-93.99966      30.01246
-94.01525      30.01309
-94.01789      30.01444
-94.03209      30.02172
-94.03622      30.0283
-94.03995      30.0397
-94.03944      30.05073
-94.03177      30.05019
-94.03103      30.05226
-94.03437      30.05886
-94.06007      30.07237
-94.07542      30.07414
-94.08781      30.07299
-94.08864      30.07481
-94.0869       30.07851
-94.08845      30.08743
 1 
 1             568           
1
 -9999.0   ,   9990.0
   7
 14 
-93.47518      30.06092
-93.48319      30.06493
-93.48407      30.06951
-93.47377      30.08274
-93.45871      30.08227
-93.44779      30.07784
-93.44746      30.07418
-93.45829      30.07448
-93.45904      30.07217
-93.45046      30.06587
-93.45224      30.0624
-93.45808      30.06392
-93.46758      30.06355
-93.47518      30.06092
 1 
 1             569           
1
 -9999.0   ,   9990.0
   7
 54 
-92.63574      30.07176
-92.66706      30.06368
-92.67198      30.05584
-92.67538      30.05328
-92.69331      30.05174
-92.69958      30.04686
-92.70268      30.04133
-92.7074       30.03876
-92.72112      30.03932
-92.73023      30.02937
-92.7334       30.02911
-92.73846      30.0325
-92.74582      30.03128
-92.75079      30.02688
-92.75581      30.02729
-92.75654      30.02664
-92.75946      30.02404
-92.75623      30.01971
-92.74959      30.01656
-92.74743      30.01268
-92.74788      30.00671
-92.74727      30.00098
-92.74789      30
-92.75549      30
-92.75342      30.00735
-92.75479      30.01101
-92.76278      30.01598
-92.7698       30.02761
-92.76593      30.0343
-92.77019      30.03747
-92.76894      30.04161
-92.77134      30.04366
-92.76821      30.04644
-92.76425      30.04671
-92.75974      30.04492
-92.75936      30.04561
-92.75691      30.04999
-92.75235      30.04499
-92.74709      30.04665
-92.74467      30.04277
-92.73677      30.04491
-92.72999      30.05071
-92.72445      30.05122
-92.71923      30.05563
-92.71184      30.05638
-92.70635      30.06011
-92.70213      30.06061
-92.69636      30.06387
-92.68949      30.06279
-92.67691      30.07025
-92.66397      30.07013
-92.65557      30.07365
-92.63841      30.07403
-92.63574      30.07176
 1 
 1             570           
1
 -9999.0   ,   9990.0
   7
 8 
-91.24173      30.05696
-91.24727      30.05628
-91.25729      30.06501
-91.26653      30.06938
-91.26548      30.0719
-91.25914      30.07258
-91.24779      30.065
-91.24173      30.05696
 1 
 1             571           
1
 -9999.0   ,   9990.0
   7
 11 
-91.85491      30.04987
-91.85731      30.05331
-91.85653      30.05606
-91.85841      30.06386
-91.86159      30.06591
-91.86187      30.06821
-91.86055      30.06867
-91.84972      30.0671
-91.84756      30.05632
-91.84964      30.05058
-91.85491      30.04987
 1 
 1             572           
1
 -9999.0   ,   9990.0
   7
 61 
-90.79982      30
-90.78077      30.01462
-90.77205      30.01665
-90.74331      30.01545
-90.72905      30.01485
-90.72403      30.01597
-90.69544      30.03258
-90.67765      30.04832
-90.66522      30.0517
-90.65019      30.05139
-90.63886      30.04582
-90.62971      30.03384
-90.62655      30.03245
-90.62206      30.03311
-90.60641      30.04312
-90.57758      30.05305
-90.56517      30.05298
-90.54092      30.04755
-90.52957      30.04771
-90.501        30.05648
-90.48805      30.05754
-90.48556      30.05644
-90.48332      30.05545
-90.47572      30.04897
-90.46898      30.03356
-90.46786      30.00739
-90.46473      30.0037
-90.45342      30
-90.46941      30
-90.47292      30.00238
-90.47708      30.01158
-90.4749       30.01937
-90.47624      30.02471
-90.48103      30.04373
-90.48418      30.04742
-90.49206      30.05069
-90.50342      30.04984
-90.53014      30.0429
-90.56522      30.04678
-90.58924      30.046
-90.59506      30.0442
-90.59821      30.04226
-90.62316      30.02692
-90.62818      30.02649
-90.63371      30.02698
-90.63844      30.02999
-90.64312      30.04103
-90.64732      30.04426
-90.65469      30.04728
-90.66393      30.04687
-90.67002      30.04507
-90.68938      30.03308
-90.71083      30.01683
-90.71328      30.01547
-90.71903      30.01228
-90.72908      30.00865
-90.73859      30.00778
-90.76232      30.01018
-90.77104      30.00839
-90.78622      30
-90.79982      30
 1 
 1             573           
1
 -9999.0   ,   9990.0
   7
 6 
-91.21561      30.04431
-91.21878      30.04386
-91.22932      30.05305
-91.22799      30.05603
-91.22034      30.0551
-91.21561      30.04431
 1 
 1             574           
1
 -9999.0   ,   9990.0
   7
 31 
-93.49262      30
-93.49405      30.00258
-93.49254      30.00581
-93.48574      30.0089
-93.47968      30.00968
-93.47375      30.01619
-93.4754       30.01984
-93.48479      30.02727
-93.48728      30.03251
-93.48421      30.03761
-93.47452      30.04119
-93.46627      30.04163
-93.46264      30.04183
-93.45129      30.04108
-93.42954      30.03589
-93.41554      30.03586
-93.38886      30.0484
-93.36278      30.05106
-93.35824      30.04884
-93.35655      30.04289
-93.36024      30.02862
-93.36718      30.02537
-93.36782      30.02506
-93.38391      30.02438
-93.38648      30.0209
-93.38265      30.01384
-93.38391      30.01038
-93.38728      30.00781
-93.40198      30.00347
-93.40542      30
-93.49262      30
 1 
 1             575           
1
 -9999.0   ,   9990.0
   7
 8 
-90.02379      30
-90.02542      30.00262
-90.02686      30.01479
-90.03019      30.02308
-90.01953      30.00967
-90.01725      30.00208
-90.01769      30
-90.02379      30
 1 
 1             576           
1
 -9999.0   ,   9990.0
   7
 9 
-91.56994      30
-91.61055      30
-91.60615      30.00642
-91.59866      30.01281
-91.59403      30.01676
-91.58559      30.01746
-91.5811       30.0154
-91.57343      30.00692
-91.56994      30
 1 
 1             577           
1
 -9999.0   ,   9990.0
   7
 6 
-91.55418      30.01566
-91.54784      30.01177
-91.53937      30.0024
-91.5372       30
-91.54202      30
-91.55418      30.01566
 1 
 1             578           
1
 -9999.0   ,   9990.0
   7
 5 
-91.49528      30
-91.50094      30
-91.50192      30.00676
-91.49902      30.00699
-91.49528      30
 1 
 1             579           
1
 -9999.0   ,   9990.0
   7
 5 
-92.77006      30
-92.78099      30
-92.77869      30.00205
-92.77184      30.00258
-92.77006      30
 1 
 1             580           
1
 -9999.0   ,   9990.0
   7
 4 
-91.44299      30
-91.44684      30
-91.44519      30.00175
-91.44299      30
