Search Term,Date From,Date To,Center Lat,Center Lon,WHE 1,WHE 2,Wiki 1,Wiki 2
europe,,,53.0,10.0,https://www.worldhistory.org/europe/,,https://en.wikipedia.org/wiki/Europe,
mediterranean sea,-1000,,38.0,15.0,,,,
black sea,-1000,,44.0,34.5,,,,
red sea,-2400,,21.0,38.0,,,,
mesopotamia,-2400,-539,33.5,44.0,https://www.worldhistory.org/Mesopotamia/,,https://en.wikipedia.org/wiki/Mesopotamia,
fertile crescent,-2400,-539,33.5,42.5,https://www.worldhistory.org/Fertile_Crescent/,,https://en.wikipedia.org/wiki/Fertile_Crescent,
sumer,-2400,-2004,31.0,45.5,https://www.worldhistory.org/sumer/,,https://en.wikipedia.org/wiki/Sumer,
akkad,,,34.0,44.5,https://www.worldhistory.org/Akkad/,,https://en.wikipedia.org/wiki/Akkad_(region),
babylon,,,32.5,44.5,https://www.worldhistory.org/babylon/,,https://en.wikipedia.org/wiki/Babylon,
assyria,,,36.0,43.0,https://www.worldhistory.org/assyria/,,https://en.wikipedia.org/wiki/Assyria,
nineveh,,,36.5,43.5,https://www.worldhistory.org/nineveh/,,https://en.wikipedia.org/wiki/Nineveh,
nile valley,-2400,-261,22.0,32.5,https://www.worldhistory.org/Nile_Valley/,,https://en.wikipedia.org/wiki/Nile,
nubia,-2400,-261,17.5,32.5,https://www.worldhistory.org/Nubia/,,https://en.wikipedia.org/wiki/Nubia,
carthage (city),,,36.5,10.0,,,https://en.wikipedia.org/wiki/Carthage,
north africa,,,26.5,9.5,https://www.worldhistory.org/North_Africa/,,https://en.wikipedia.org/wiki/North_Africa,
sub-saharan africa,,,-7.5,17.0,,,https://en.wikipedia.org/wiki/Sub-Saharan_Africa,
horn of africa,,,10.0,45.0,https://www.worldhistory.org/Horn_Of_Africa/,,https://en.wikipedia.org/wiki/Horn_of_Africa,
levant,-2400,-200,32.5,35.5,https://www.worldhistory.org/levant/,,https://en.wikipedia.org/wiki/Levant,
canaan,-2000,-900,31.5,35.0,https://www.worldhistory.org/canaan/,,https://en.wikipedia.org/wiki/Canaan,
persia (ancient),-2000,-261,32.5,54.5,,,https://en.wikipedia.org/wiki/Persia,
near east,-2400,-261,33.5,45.0,https://www.worldhistory.org/Near_East/,,https://en.wikipedia.org/wiki/Near_East,
middle east,-2400,-261,28.5,45.0,https://www.worldhistory.org/Middle_East/,,https://en.wikipedia.org/wiki/Middle_East,
arabia (ancient),-2000,-261,21.0,46.0,,,https://en.wikipedia.org/wiki/Arabian_Peninsula,
arabian peninsula,-2000,-261,21.0,46.0,,,https://en.wikipedia.org/wiki/Arabian_Peninsula,
anatolia,-2400,-261,39.0,35.5,https://www.worldhistory.org/Anatolia/,,https://en.wikipedia.org/wiki/Anatolia,
asia minor,-2400,-261,39.0,35.5,https://www.worldhistory.org/Asia_Minor/,,https://en.wikipedia.org/wiki/Anatolia,
gaul,-600,-261,47.0,2.5,https://www.worldhistory.org/gaul/,,https://en.wikipedia.org/wiki/Gaul,
britannia,-600,-261,55.5,-2.5,https://www.worldhistory.org/Britannia/,,https://en.wikipedia.org/wiki/Roman_Britain,
iberia (ancient),-800,-261,40.0,-2.5,,,https://en.wikipedia.org/wiki/Iberian_Peninsula,
germania,-800,-261,52.5,15.0,https://www.worldhistory.org/Germania/,,https://en.wikipedia.org/wiki/Germania,
pontic steppe,-1500,-261,48.0,41.5,,,https://en.wikipedia.org/wiki/Pontic–Caspian_steppe,
steppe,-1500,-261,51.5,75.0,https://www.worldhistory.org/Steppe/,,https://en.wikipedia.org/wiki/Eurasian_Steppe,
indus valley,,,29.0,72.0,https://www.worldhistory.org/Indus_Valley/,,https://en.wikipedia.org/wiki/Indus_Valley_Civilisation,
caucasus,,,41.0,44.0,https://www.worldhistory.org/Caucasus/,,https://en.wikipedia.org/wiki/Caucasus,
central asia,,,45.0,67.5,https://www.worldhistory.org/Central_Asia/,,https://en.wikipedia.org/wiki/Central_Asia,
france,1990,1990,46.5,2.5,https://www.worldhistory.org/France/,,https://en.wikipedia.org/wiki/France,
germany,1990,1990,51.5,10.5,https://www.worldhistory.org/Germany/,,https://en.wikipedia.org/wiki/Germany,
united kingdom,1990,1990,55.0,-3.0,https://www.worldhistory.org/United_Kingdom/,,https://en.wikipedia.org/wiki/United_Kingdom,
great britain,1990,1990,55.0,-3.0,https://www.worldhistory.org/Great_Britain/,,https://en.wikipedia.org/wiki/Great_Britain,
uk,1990,1990,55.0,-3.0,,,,
britain,1990,1990,55.0,-3.0,,,,
england,1990,1990,53.0,-2.0,https://www.worldhistory.org/England/,,https://en.wikipedia.org/wiki/England,
scotland,1990,1990,57.5,-4.5,https://www.worldhistory.org/Scotland/,,https://en.wikipedia.org/wiki/Scotland,
wales,1990,1990,52.5,-4.0,https://www.worldhistory.org/Wales/,,https://en.wikipedia.org/wiki/Wales,
ireland,1990,1990,53.5,-8.0,https://www.worldhistory.org/Ancient_Ireland/,,https://en.wikipedia.org/wiki/Ireland,
spain,1990,1990,40.0,-2.5,https://www.worldhistory.org/Spain/,,https://en.wikipedia.org/wiki/Spain,
portugal,1990,1990,39.0,-8.0,https://www.worldhistory.org/Portugal/,,https://en.wikipedia.org/wiki/Portugal,
italy,1990,1990,42.0,12.5,https://www.worldhistory.org/italy/,,https://en.wikipedia.org/wiki/Italy,
greece,1990,1990,38.5,23.5,https://www.worldhistory.org/greece/,,https://en.wikipedia.org/wiki/Greece,
turkey,1990,1990,39.0,35.5,https://www.worldhistory.org/Turkey/,,https://en.wikipedia.org/wiki/Turkey,
ukraine,1990,1990,48.5,31.0,https://www.worldhistory.org/Ukraine/,,https://en.wikipedia.org/wiki/Ukraine,
russia,1990,1990,60.0,105.0,https://www.worldhistory.org/Russia/,,https://en.wikipedia.org/wiki/Russia,
poland,1990,1990,52.0,19.0,https://www.worldhistory.org/Poland/,,https://en.wikipedia.org/wiki/Poland,
sweden,1990,1990,62.0,17.5,https://www.worldhistory.org/Sweden/,,https://en.wikipedia.org/wiki/Sweden,
norway,1990,1990,64.0,17.5,https://www.worldhistory.org/Norway/,,https://en.wikipedia.org/wiki/Norway,
finland,1990,1990,64.5,26.0,,,https://en.wikipedia.org/wiki/Finland,
denmark,1990,1990,56.0,11.5,https://www.worldhistory.org/Denmark/,,https://en.wikipedia.org/wiki/Denmark,
netherlands,1990,1990,52.0,5.5,https://www.worldhistory.org/Netherlands/,,https://en.wikipedia.org/wiki/Netherlands,
belgium,1990,1990,50.5,4.5,https://www.worldhistory.org/Belgium/,,https://en.wikipedia.org/wiki/Belgium,
switzerland,1990,1990,46.5,8.5,https://www.worldhistory.org/Switzerland/,,https://en.wikipedia.org/wiki/Switzerland,
austria,1990,1990,47.5,13.5,https://www.worldhistory.org/Austria/,,https://en.wikipedia.org/wiki/Austria,
hungary,1990,1990,47.0,19.5,https://www.worldhistory.org/Hungary/,,https://en.wikipedia.org/wiki/Hungary,
romania,1990,1990,46.0,26.0,,,https://en.wikipedia.org/wiki/Romania,
bulgaria,1990,1990,42.5,25.5,https://www.worldhistory.org/Bulgaria/,,https://en.wikipedia.org/wiki/Bulgaria,
serbia,1990,1990,44.0,21.0,https://www.worldhistory.org/Serbia/,,https://en.wikipedia.org/wiki/Serbia,
croatia,1990,1990,44.5,16.5,https://www.worldhistory.org/Croatia/,,https://en.wikipedia.org/wiki/Croatia,
czech republic,1990,1990,50.0,15.5,https://www.worldhistory.org/Czech_Republic/,,https://en.wikipedia.org/wiki/Czech_Republic,
slovakia,1990,1990,48.5,19.5,https://www.worldhistory.org/Slovakia/,,https://en.wikipedia.org/wiki/Slovakia,
albania,1990,1990,41.0,20.0,https://www.worldhistory.org/Albania/,,https://en.wikipedia.org/wiki/Albania,
north macedonia,1990,1990,41.5,21.5,,,https://en.wikipedia.org/wiki/North_Macedonia,
bosnia,1990,1990,44.0,17.5,https://www.worldhistory.org/Bosnia/,,https://en.wikipedia.org/wiki/Bosnia_and_Herzegovina,
slovenia,1990,1990,46.0,15.0,https://www.worldhistory.org/Slovenia/,,https://en.wikipedia.org/wiki/Slovenia,
latvia,1990,1990,56.5,24.5,https://www.worldhistory.org/Latvia/,,https://en.wikipedia.org/wiki/Latvia,
lithuania,1990,1990,55.0,24.0,https://www.worldhistory.org/Lithuania/,,https://en.wikipedia.org/wiki/Lithuania,
estonia,1990,1990,58.5,24.5,https://www.worldhistory.org/Estonia/,,https://en.wikipedia.org/wiki/Estonia,
belarus,1990,1990,53.5,28.0,https://www.worldhistory.org/Belarus/,,https://en.wikipedia.org/wiki/Belarus,
moldova,1990,1990,47.0,29.0,,,https://en.wikipedia.org/wiki/Moldova,
iceland,1990,1990,65.0,-19.0,https://www.worldhistory.org/Iceland/,,https://en.wikipedia.org/wiki/Iceland,
luxembourg,1990,1990,50.0,6.0,,,https://en.wikipedia.org/wiki/Luxembourg,
egypt,1990,1990,27.0,31.0,https://www.worldhistory.org/egypt/,,https://en.wikipedia.org/wiki/Egypt,
israel,1990,1990,31.5,35.0,https://www.worldhistory.org/Israel/,,https://en.wikipedia.org/wiki/Israel,
palestine,1990,1990,31.5,35.0,https://www.worldhistory.org/palestine/,,https://en.wikipedia.org/wiki/State_of_Palestine,
jordan,1990,1990,31.5,37.5,https://www.worldhistory.org/Jordan/,,https://en.wikipedia.org/wiki/Jordan,
syria,1990,1990,35.0,39.5,https://www.worldhistory.org/syria/,,https://en.wikipedia.org/wiki/Syria,
lebanon,1990,1990,34.0,36.0,https://www.worldhistory.org/Lebanon/,,https://en.wikipedia.org/wiki/Lebanon,
iraq,1990,1990,33.5,43.5,https://www.worldhistory.org/Iraq/,,https://en.wikipedia.org/wiki/Iraq,
iran,1990,1990,32.5,54.0,https://www.worldhistory.org/Iran/,,https://en.wikipedia.org/wiki/Iran,
saudi arabia,1990,1990,24.0,46.0,https://www.worldhistory.org/Saudi_Arabia/,,https://en.wikipedia.org/wiki/Saudi_Arabia,
yemen,1990,1990,15.5,49.0,https://www.worldhistory.org/Yemen/,,https://en.wikipedia.org/wiki/Yemen,
oman,1990,1990,20.5,56.0,https://www.worldhistory.org/Oman/,,https://en.wikipedia.org/wiki/Oman,
uae,1990,1990,24.5,53.5,,,https://en.wikipedia.org/wiki/United_Arab_Emirates,
kuwait,1990,1990,29.5,48.0,,,https://en.wikipedia.org/wiki/Kuwait,
qatar,1990,1990,25.5,51.0,,,https://en.wikipedia.org/wiki/Qatar,
bahrain,1990,1990,26.0,50.5,,,https://en.wikipedia.org/wiki/Bahrain,
afghanistan,1990,1990,34.0,68.0,https://www.worldhistory.org/Ancient_Afghanistan/,,https://en.wikipedia.org/wiki/Afghanistan,
pakistan,1990,1990,30.0,69.5,https://www.worldhistory.org/Pakistan/,,https://en.wikipedia.org/wiki/Pakistan,
morocco,1990,1990,31.5,-6.0,https://www.worldhistory.org/Morocco/,,https://en.wikipedia.org/wiki/Morocco,
algeria,1990,1990,28.0,1.5,https://www.worldhistory.org/Algeria/,,https://en.wikipedia.org/wiki/Algeria,
libya,1990,1990,26.5,17.5,https://www.worldhistory.org/Libya/,,https://en.wikipedia.org/wiki/Libya,
tunisia,1990,1990,34.0,9.5,https://www.worldhistory.org/Tunisia/,,https://en.wikipedia.org/wiki/Tunisia,
sudan,1990,1990,15.5,31.0,https://www.worldhistory.org/Sudan/,,https://en.wikipedia.org/wiki/Sudan,
ethiopia,1990,1990,10.5,40.5,https://www.worldhistory.org/Ethiopia/,,https://en.wikipedia.org/wiki/Ethiopia,
somalia,1990,1990,5.0,46.5,https://www.worldhistory.org/Somalia/,,https://en.wikipedia.org/wiki/Somalia,
kenya,1990,1990,0.0,38.0,https://www.worldhistory.org/Kenya/,,https://en.wikipedia.org/wiki/Kenya,
tanzania,1990,1990,-6.5,35.0,https://www.worldhistory.org/Tanzania/,,https://en.wikipedia.org/wiki/Tanzania,
nigeria,1990,1990,9.0,8.5,https://www.worldhistory.org/Nigeria/,,https://en.wikipedia.org/wiki/Nigeria,
ghana,1990,1990,8.0,-1.0,https://www.worldhistory.org/Ghana/,,https://en.wikipedia.org/wiki/Ghana,
mali,1990,1990,17.5,0.0,https://www.worldhistory.org/Mali/,,https://en.wikipedia.org/wiki/Mali,
south africa,1990,1990,-28.5,24.5,https://www.worldhistory.org/South_Africa/,,https://en.wikipedia.org/wiki/South_Africa,
madagascar,1990,1990,-19.0,47.5,https://www.worldhistory.org/Madagascar/,,https://en.wikipedia.org/wiki/Madagascar,
congo,1990,1990,0.0,21.5,https://www.worldhistory.org/Congo/,,https://en.wikipedia.org/wiki/Democratic_Republic_of_the_Congo,
angola,1990,1990,-11.5,18.0,https://www.worldhistory.org/Angola/,,https://en.wikipedia.org/wiki/Angola,
mozambique,1990,1990,-18.5,36.5,https://www.worldhistory.org/Mozambique/,,https://en.wikipedia.org/wiki/Mozambique,
zambia,1990,1990,-13.0,27.5,https://www.worldhistory.org/Zambia/,,https://en.wikipedia.org/wiki/Zambia,
zimbabwe,1990,1990,-19.0,29.5,https://www.worldhistory.org/Zimbabwe/,,https://en.wikipedia.org/wiki/Zimbabwe,
india,1990,1990,22.5,83.0,https://www.worldhistory.org/india/,,https://en.wikipedia.org/wiki/India,
china,1990,1990,36.0,104.0,https://www.worldhistory.org/china/,,https://en.wikipedia.org/wiki/China,
japan,1990,1990,38.0,137.5,https://www.worldhistory.org/Ancient_Japan/,,https://en.wikipedia.org/wiki/Japan,
korea,1990,1990,38.0,128.0,https://www.worldhistory.org/Korea/,,https://en.wikipedia.org/wiki/Korea,
north korea,1990,1990,40.0,127.5,https://www.worldhistory.org/North_Korea/,,https://en.wikipedia.org/wiki/North_Korea,
south korea,1990,1990,36.5,127.5,https://www.worldhistory.org/South_Korea/,,https://en.wikipedia.org/wiki/South_Korea,
mongolia,1990,1990,46.5,103.5,https://www.worldhistory.org/Mongolia/,,https://en.wikipedia.org/wiki/Mongolia,
vietnam,1990,1990,16.0,106.0,https://www.worldhistory.org/Vietnam/,,https://en.wikipedia.org/wiki/Vietnam,
thailand,1990,1990,13.0,101.5,https://www.worldhistory.org/Thailand/,,https://en.wikipedia.org/wiki/Thailand,
myanmar,1990,1990,19.5,97.0,,,https://en.wikipedia.org/wiki/Myanmar,
burma,1990,1990,19.5,97.0,,,,
cambodia,1990,1990,12.5,105.0,https://www.worldhistory.org/Cambodia/,,https://en.wikipedia.org/wiki/Cambodia,
laos,1990,1990,18.0,104.0,https://www.worldhistory.org/Laos/,,https://en.wikipedia.org/wiki/Laos,
indonesia,1990,1990,-2.5,118.0,https://www.worldhistory.org/Indonesia/,,https://en.wikipedia.org/wiki/Indonesia,
malaysia,1990,1990,4.0,110.0,https://www.worldhistory.org/Malaysia/,,https://en.wikipedia.org/wiki/Malaysia,
philippines,1990,1990,12.5,121.5,https://www.worldhistory.org/Philippines/,,https://en.wikipedia.org/wiki/Philippines,
uzbekistan,1990,1990,41.5,65.0,https://www.worldhistory.org/Uzbekistan/,,https://en.wikipedia.org/wiki/Uzbekistan,
kazakhstan,1990,1990,48.0,68.5,https://www.worldhistory.org/Kazakhstan/,,https://en.wikipedia.org/wiki/Kazakhstan,
georgia,1990,1990,42.5,43.5,https://www.worldhistory.org/Georgia/,,https://en.wikipedia.org/wiki/Georgia_(country),
armenia,1990,1990,40.0,45.0,https://www.worldhistory.org/armenia/,,https://en.wikipedia.org/wiki/Armenia,
azerbaijan,1990,1990,40.0,47.5,https://www.worldhistory.org/Azerbaijan/,,https://en.wikipedia.org/wiki/Azerbaijan,
nepal,1990,1990,28.5,84.5,https://www.worldhistory.org/Nepal/,,https://en.wikipedia.org/wiki/Nepal,
bangladesh,1990,1990,23.5,90.5,https://www.worldhistory.org/Bangladesh/,,https://en.wikipedia.org/wiki/Bangladesh,
sri lanka,1990,1990,8.0,81.0,https://www.worldhistory.org/Sri_Lanka/,,https://en.wikipedia.org/wiki/Sri_Lanka,
ceylon,1990,1990,8.0,81.0,,,,
usa,1990,1990,37.0,-96.0,,,,
united states,1990,1990,37.0,-96.0,https://www.worldhistory.org/United_States/,,https://en.wikipedia.org/wiki/United_States,
us,1990,1990,37.0,-96.0,,,,
america,1990,1990,37.0,-96.0,,,,
canada,1990,1990,62.5,-96.5,https://www.worldhistory.org/Canada/,,https://en.wikipedia.org/wiki/Canada,
mexico,1990,1990,23.5,-102.5,https://www.worldhistory.org/Mexico/,,https://en.wikipedia.org/wiki/Mexico,
brazil,1990,1990,-14.0,-54.5,https://www.worldhistory.org/Brazil/,,https://en.wikipedia.org/wiki/Brazil,
argentina,1990,1990,-38.5,-63.5,https://www.worldhistory.org/Argentina/,,https://en.wikipedia.org/wiki/Argentina,
chile,1990,1990,-36.5,-71.0,https://www.worldhistory.org/Chile/,,https://en.wikipedia.org/wiki/Chile,
peru,1990,1990,-9.5,-75.0,https://www.worldhistory.org/Peru/,,https://en.wikipedia.org/wiki/Peru,
colombia,1990,1990,4.0,-72.5,https://www.worldhistory.org/Colombia/,,https://en.wikipedia.org/wiki/Colombia,
venezuela,1990,1990,6.5,-66.5,https://www.worldhistory.org/Venezuela/,,https://en.wikipedia.org/wiki/Venezuela,
cuba,1990,1990,21.5,-79.5,https://www.worldhistory.org/Cuba/,,https://en.wikipedia.org/wiki/Cuba,
(marhashi),-2286,-2006,28.0,55.5,,,https://en.wikipedia.org/wiki/Marhashi,
abhiras,-610,-318,27.5,72.5,,,https://en.wikipedia.org/wiki/Abhiras,
abilianikhi,-880,-592,42.5,45.0,,,https://en.wikipedia.org/wiki/Abilianikhi,
abisara,-338,-326,32.5,75.0,,,https://en.wikipedia.org/wiki/Abisara,
aboriginal peoples,-2400,-1,-12.8,128.4,,,https://en.wikipedia.org/wiki/Aboriginal_Peoples,
acarnania,-696,-1,37.5,22.5,,,https://en.wikipedia.org/wiki/Acarnania,
achaea,-720,-280,38.5,19.1,https://www.worldhistory.org/Achaea/,,https://en.wikipedia.org/wiki/Achaea,
achaean league,-280,-1,37.5,22.5,https://www.worldhistory.org/Achaean_League/,,https://en.wikipedia.org/wiki/Achaean_League,
achaeans,-1100,-720,39.3,22.0,,,https://en.wikipedia.org/wiki/Achaeans,
adena culture,-800,-1,39.1,-82.7,https://www.worldhistory.org/Adena_Culture/,,https://en.wikipedia.org/wiki/Adena_Culture,
aegina,-520,-338,37.5,22.5,https://www.worldhistory.org/Aegina/,,https://en.wikipedia.org/wiki/Aegina,
aeniania,-696,-274,37.5,22.5,,,https://en.wikipedia.org/wiki/Aeniania,
aeolian league,-696,-544,37.5,27.5,,,https://en.wikipedia.org/wiki/Aeolian_League,
aeolians,-1224,-696,39.4,26.4,,,https://en.wikipedia.org/wiki/Aeolians,
aequi,-800,-304,42.5,15.0,,,https://en.wikipedia.org/wiki/Aequi,
aetolia,-696,371,37.5,22.5,https://www.worldhistory.org/Aetolia/,,https://en.wikipedia.org/wiki/Aetolia,
aetolian league,-310,-1,37.5,22.5,https://www.worldhistory.org/Aetolian_League/,,https://en.wikipedia.org/wiki/Aetolian_League,
agathoclid ally,-308,-290,39.0,14.0,,,https://en.wikipedia.org/wiki/Agathoclid_Ally,
ahhiya,-1430,-1202,37.4,28.6,,,https://en.wikipedia.org/wiki/Ahhiya,
ainu,-2400,-1,47.4,145.3,,,https://en.wikipedia.org/wiki/Ainu,
aitna,-466,-462,37.5,15.0,,,https://en.wikipedia.org/wiki/Aitna,
akkadian empire,-2279,-2193,33.0,45.8,https://www.worldhistory.org/Akkadian_Empire/,,https://en.wikipedia.org/wiki/Akkadian_Empire,
akkadian tributary,-2298,-2220,28.3,54.3,,,https://en.wikipedia.org/wiki/Akkadian_Tributary,
akraephia,-386,-379,37.5,22.5,,,https://en.wikipedia.org/wiki/Akraephia,
akragas,-500,-268,37.5,12.7,https://www.worldhistory.org/Akragas/,,https://en.wikipedia.org/wiki/Akragas,
alasiya,-1876,-1201,34.9,32.5,,,https://en.wikipedia.org/wiki/Alasiya,
alavi,-610,-468,27.5,82.5,,,https://en.wikipedia.org/wiki/Alavi,
albanians,-612,-1,39.6,47.1,,,https://en.wikipedia.org/wiki/Albanians,
aleuts,-2400,-1,60.8,-159.7,,,https://en.wikipedia.org/wiki/Aleuts,
alfaterni,-438,-1,42.5,15.0,,,https://en.wikipedia.org/wiki/Alfaterni,
allabria,-860,-717,37.5,47.5,,,https://en.wikipedia.org/wiki/Allabria,
allakappa,-610,-468,27.5,82.5,,,https://en.wikipedia.org/wiki/Allakappa,
allied armies of the eastern satraps,-318,-317,34.9,56.2,,,https://en.wikipedia.org/wiki/Allied_Armies_Of_The_Eastern_Satraps,
alshe,-1368,-1240,37.5,42.5,,,https://en.wikipedia.org/wiki/Alshe,
alzi,-931,-804,37.5,42.5,,,https://en.wikipedia.org/wiki/Alzi,
amazonian peoples,-2400,-1,-4.4,-60.6,,,https://en.wikipedia.org/wiki/Amazonian_Peoples,
ambashthas,-610,-400,32.5,72.5,,,https://en.wikipedia.org/wiki/Ambashthas,
ambracia,-366,-295,37.5,22.5,,,https://en.wikipedia.org/wiki/Ambracia,
ammonites,-1280,-587,32.5,37.5,,,https://en.wikipedia.org/wiki/Ammonites,
amorite ebla,-1900,-1826,34.9,37.5,,,https://en.wikipedia.org/wiki/Amorite_Ebla,
amorite mari,-2100,-1761,35.8,39.5,,,https://en.wikipedia.org/wiki/Amorite_Mari,
amorite tuttul,-1900,-1826,37.5,40.0,,,https://en.wikipedia.org/wiki/Amorite_Tuttul,
amorites,-2200,-1280,33.6,40.8,https://www.worldhistory.org/amorite/,,https://en.wikipedia.org/wiki/Amorites,
amurru,-1728,-968,33.9,37.3,https://www.worldhistory.org/Amurru/,,https://en.wikipedia.org/wiki/Amurru,
anarta,-610,-318,22.5,72.5,,,https://en.wikipedia.org/wiki/Anarta,
andean peoples,-2400,-1,-15.4,-73.1,,,https://en.wikipedia.org/wiki/Andean_Peoples,
andhra,-610,-300,17.5,82.5,,,https://en.wikipedia.org/wiki/Andhra,
andorra,1990,,42.5,3.0,,,https://en.wikipedia.org/wiki/Andorra,
anga,-775,-530,25.4,87.5,,,https://en.wikipedia.org/wiki/Anga,
anshan,-2348,-653,28.7,52.3,,,https://en.wikipedia.org/wiki/Anshan,
antandros,-478,-428,37.5,27.5,,,https://en.wikipedia.org/wiki/Antandros,
antarctica,1990,,-75.0,32.5,https://www.worldhistory.org/Antarctica/,,https://en.wikipedia.org/wiki/Antarctica,
anti macedon alliance,-268,-262,37.5,23.3,,,https://en.wikipedia.org/wiki/Anti_Macedon_Alliance,
anti roman alliance,-341,-338,42.5,15.0,,,https://en.wikipedia.org/wiki/Anti_Roman_Alliance,
anti spartan alliance,-395,-386,38.5,25.3,,,https://en.wikipedia.org/wiki/Anti_Spartan_Alliance,
antigonid ally,-313,-290,37.6,23.5,,,https://en.wikipedia.org/wiki/Antigonid_Ally,
antigonid kingdom,-306,-1,38.1,26.7,https://www.worldhistory.org/Antigonid_Kingdom/,,https://en.wikipedia.org/wiki/Antigonid_Kingdom,
antigua and barbuda,1990,,17.5,-62.5,,,https://en.wikipedia.org/wiki/Antigua_And_Barbuda,
antipatrid ally,-310,-306,41.0,27.2,,,https://en.wikipedia.org/wiki/Antipatrid_Ally,
anupa,-610,-348,22.5,77.5,,,https://en.wikipedia.org/wiki/Anupa,
anuradhapura,-326,-1,7.5,78.7,,,https://en.wikipedia.org/wiki/Anuradhapura,
aparytae,-610,-544,32.5,72.5,,,https://en.wikipedia.org/wiki/Aparytae,
apollonia,-490,-283,42.5,21.0,https://www.worldhistory.org/Apollonia/,,https://en.wikipedia.org/wiki/Apollonia,
arabs,-1000,-1,25.5,45.4,,,https://en.wikipedia.org/wiki/Arabs,
aram damascus,-1146,-606,33.0,37.4,,,https://en.wikipedia.org/wiki/Aram_Damascus,
aram-naharim,-1146,-1106,37.5,37.5,,,https://en.wikipedia.org/wiki/Aram-Naharim,
aram-zobah,-1146,-750,32.5,37.5,,,https://en.wikipedia.org/wiki/Aram-Zobah,
aramaeans,-1280,-1,33.8,40.6,,,https://en.wikipedia.org/wiki/Aramaeans,
arcadia,-742,-446,37.5,22.5,https://www.worldhistory.org/Arcadia/,,https://en.wikipedia.org/wiki/Arcadia,
arcadian league,-363,-1,37.5,22.5,https://www.worldhistory.org/Arcadian_League/,,https://en.wikipedia.org/wiki/Arcadian_League,
arctic marine mammal hunters,-2400,-1,69.5,150.4,,,https://en.wikipedia.org/wiki/Arctic_Marine_Mammal_Hunters,
arctic peoples,-2400,-1,66.3,-100.8,,,https://en.wikipedia.org/wiki/Arctic_Peoples,
ardiaei,-346,-1,42.5,21.0,https://www.worldhistory.org/Ardiaei/,,https://en.wikipedia.org/wiki/Ardiaei,
argaric culture,-2200,-1500,37.5,-2.5,,,https://en.wikipedia.org/wiki/Argaric_Culture,
argos,-494,-272,37.5,22.5,https://www.worldhistory.org/argos/,,https://en.wikipedia.org/wiki/Argos,
aryan people,-2050,-532,31.8,70.3,,,https://en.wikipedia.org/wiki/Aryan_People,
arzawa,-1776,-1202,37.7,29.3,https://www.worldhistory.org/Arzawa/,,https://en.wikipedia.org/wiki/Arzawa,
asinia,-780,-758,37.5,22.5,,,https://en.wikipedia.org/wiki/Asinia,
assaka,-725,-300,17.5,80.0,,,https://en.wikipedia.org/wiki/Assaka,
assakenoi,-610,-516,34.9,72.5,,,https://en.wikipedia.org/wiki/Assakenoi,
assyrian kingdoms,-2218,-1920,35.6,43.1,,,https://en.wikipedia.org/wiki/Assyrian_Kingdoms,
assyrian revolt,,,35.0,42.5,,,https://en.wikipedia.org/wiki/Assyrian_Revolt,
asvaka,-610,-516,34.1,72.5,,,https://en.wikipedia.org/wiki/Asvaka,
athamania,-431,-1,37.5,22.5,,,https://en.wikipedia.org/wiki/Athamania,
athenian ally,-384,-379,37.5,27.5,,,https://en.wikipedia.org/wiki/Athenian_Ally,
athens,-900,268,38.6,24.4,https://www.worldhistory.org/Athens/,,https://en.wikipedia.org/wiki/Athens,
atropatene,-320,-1,39.3,47.1,,,https://en.wikipedia.org/wiki/Atropatene,
atuna,-827,-680,37.5,33.8,,,https://en.wikipedia.org/wiki/Atuna,
audumbaras,-600,-323,32.5,75.8,,,https://en.wikipedia.org/wiki/Audumbaras,
aurunci,-800,-334,42.5,15.0,,,https://en.wikipedia.org/wiki/Aurunci,
australia,1990,,-30.0,121.0,https://www.worldhistory.org/Australia/,,https://en.wikipedia.org/wiki/Australia_(continent),
austro-asiatic peoples,-2400,-1,18.6,102.6,,,https://en.wikipedia.org/wiki/Austro-Asiatic_Peoples,
austronesians,-2400,-1,4.1,117.9,,,https://en.wikipedia.org/wiki/Austronesians,
avanti,-850,-400,24.4,75.5,,,https://en.wikipedia.org/wiki/Avanti,
azzi-hayasa,-1506,-1200,38.9,39.1,,,https://en.wikipedia.org/wiki/Azzi-Hayasa,
ba,-1075,-316,30.8,108.4,https://www.worldhistory.org/Ba/,,https://en.wikipedia.org/wiki/Ba,
babylonia,-978,-732,32.4,45.3,https://www.worldhistory.org/Babylonia/,,https://en.wikipedia.org/wiki/Babylonia,
babylonia (chaldaeans),-780,-616,32.3,45.4,,,https://en.wikipedia.org/wiki/Babylonia_(chaldaeans),
babylonia (isin dynasty),-1158,-978,32.6,45.9,,,https://en.wikipedia.org/wiki/Babylonia_(isin_Dynasty),
babylonian revolt,-852,-648,32.2,44.9,,,https://en.wikipedia.org/wiki/Babylonian_Revolt,
babylonian tributary,-1764,-1702,34.8,43.1,,,https://en.wikipedia.org/wiki/Babylonian_Tributary,
bactrians,-1700,-546,36.8,65.0,,,https://en.wikipedia.org/wiki/Bactrians,
bahamas,1990,,25.0,-77.5,https://www.worldhistory.org/Bahamas/,,https://en.wikipedia.org/wiki/Bahamas,
baipu,-770,-524,29.1,110.8,,,https://en.wikipedia.org/wiki/Baipu,
balts,-2050,-1,54.2,26.2,,,https://en.wikipedia.org/wiki/Balts,
bantu peoples,-2000,-1,-1.0,18.7,,,https://en.wikipedia.org/wiki/Bantu_Peoples,
bao,-771,-500,32.5,107.5,,,https://en.wikipedia.org/wiki/Bao,
bao clan,-500,-482,37.5,117.5,,,https://en.wikipedia.org/wiki/Bao_Clan,
barbados,1990,,12.5,-57.5,,,https://en.wikipedia.org/wiki/Barbados,
bedouins,-1990,-843,30.6,34.7,,,https://en.wikipedia.org/wiki/Bedouins,
belize,1990,,17.5,-87.5,https://www.worldhistory.org/Belize/,,https://en.wikipedia.org/wiki/Belize,
bell beaker peoples,-2400,-2050,52.9,12.4,,,https://en.wikipedia.org/wiki/Bell_Beaker_Peoples,
benin,1990,,10.0,2.5,https://www.worldhistory.org/Benin/,,https://en.wikipedia.org/wiki/Benin,
berbers,-2400,-1,33.8,-0.9,https://www.worldhistory.org/Berbers/,,https://en.wikipedia.org/wiki/Berbers,
bessaei,-470,-342,42.5,24.0,,,https://en.wikipedia.org/wiki/Bessaei,
bhagga,-610,-560,27.5,82.5,,,https://en.wikipedia.org/wiki/Bhagga,
bhojas,-322,-302,22.5,77.5,,,https://en.wikipedia.org/wiki/Bhojas,
bhutan,1990,,27.5,90.0,https://www.worldhistory.org/Bhutan/,,https://en.wikipedia.org/wiki/Bhutan,
bit agusi,-900,-606,37.5,37.5,,,https://en.wikipedia.org/wiki/Bit_Agusi,
bit-adini,-1076,-859,37.5,37.5,,,https://en.wikipedia.org/wiki/Bit-Adini,
bit-bahiani,-1076,-896,37.5,40.0,,,https://en.wikipedia.org/wiki/Bit-Bahiani,
bit-halupe,-1076,-894,37.5,40.0,,,https://en.wikipedia.org/wiki/Bit-Halupe,
bit-zamani,-1026,-882,37.5,40.0,,,https://en.wikipedia.org/wiki/Bit-Zamani,
bithynia,-323,-1,42.5,30.3,https://www.worldhistory.org/Bithynia/,,https://en.wikipedia.org/wiki/Bithynia,
bithynians,-696,-552,42.5,29.6,,,https://en.wikipedia.org/wiki/Bithynians,
biyang,-770,-564,32.5,117.5,,,https://en.wikipedia.org/wiki/Biyang,
bo,-770,-640,32.5,112.5,https://www.worldhistory.org/Bo/,,https://en.wikipedia.org/wiki/Bo,
boeotia,-730,-338,37.5,22.5,https://www.worldhistory.org/Boeotia/,,https://en.wikipedia.org/wiki/Boeotia,
bolivia,1990,,-15.0,-62.5,https://www.worldhistory.org/Bolivia/,,https://en.wikipedia.org/wiki/Bolivia,
bosnia and herzegovina,1990,,45.0,18.0,,,https://en.wikipedia.org/wiki/Bosnia_And_Herzegovina,
bosporan kingdom,-480,-1,46.7,37.3,https://www.worldhistory.org/Bosporan_Kingdom/,,https://en.wikipedia.org/wiki/Bosporan_Kingdom,
botswana,1990,,-22.5,22.5,,,https://en.wikipedia.org/wiki/Botswana,
bottiaeans,-650,-492,42.5,21.0,,,https://en.wikipedia.org/wiki/Bottiaeans,
brahmana,-610,-468,27.5,82.5,,,https://en.wikipedia.org/wiki/Brahmana,
brunei,1990,,5.0,115.0,,,https://en.wikipedia.org/wiki/Brunei,
bruttian league,-356,-268,38.4,17.0,,,https://en.wikipedia.org/wiki/Bruttian_League,
bruttians,-450,-400,37.5,17.5,,,https://en.wikipedia.org/wiki/Bruttians,
bruttii,-500,-436,37.5,17.5,,,https://en.wikipedia.org/wiki/Bruttii,
bu geng,-770,-534,32.5,112.5,,,https://en.wikipedia.org/wiki/Bu_Geng,
burkina faso,1990,,12.5,-2.5,,,https://en.wikipedia.org/wiki/Burkina_Faso,
burundi,1990,,-2.5,30.0,,,https://en.wikipedia.org/wiki/Burundi,
byzantium,-356,-1,42.5,27.0,https://www.worldhistory.org/Byzantium/,,https://en.wikipedia.org/wiki/Byzantium,
cai,-770,-448,32.5,114.8,https://www.worldhistory.org/Cai/,,https://en.wikipedia.org/wiki/Cai,
california peoples,-2400,-1,37.0,-120.6,,,https://en.wikipedia.org/wiki/California_Peoples,
callatis,-360,-1,42.5,27.0,,,https://en.wikipedia.org/wiki/Callatis,
cameroon,1990,,7.5,12.5,,,https://en.wikipedia.org/wiki/Cameroon,
campania,-438,-343,42.5,15.0,https://www.worldhistory.org/Campania/,,https://en.wikipedia.org/wiki/Campania,
campanians,-370,-345,37.5,12.5,,,https://en.wikipedia.org/wiki/Campanians,
canaanites,-1850,-1146,32.5,35.9,,,https://en.wikipedia.org/wiki/Canaanites,
cao,-770,-488,35.1,116.6,https://www.worldhistory.org/Cao/,,https://en.wikipedia.org/wiki/Cao,
cape verde,1990,,15.0,-25.0,https://www.worldhistory.org/Cape_Verde/,,https://en.wikipedia.org/wiki/Cape_Verde,
carduchii,-386,-384,37.5,42.5,,,https://en.wikipedia.org/wiki/Carduchii,
carians,-1202,-544,37.5,27.5,,,https://en.wikipedia.org/wiki/Carians,
caribbean peoples,-2400,-1,16.4,-72.5,,,https://en.wikipedia.org/wiki/Caribbean_Peoples,
carthage,-602,-1,37.2,12.1,https://www.worldhistory.org/carthage/,,https://en.wikipedia.org/wiki/Carthage,
carthaginian ally,-500,-277,35.2,6.4,,,https://en.wikipedia.org/wiki/Carthaginian_Ally,
carthaginian tributary,-405,-376,37.5,12.5,,,https://en.wikipedia.org/wiki/Carthaginian_Tributary,
carystus,-386,-294,37.5,22.5,https://www.worldhistory.org/Carystus/,,https://en.wikipedia.org/wiki/Carystus,
catane,-462,-270,37.5,14.6,,,https://en.wikipedia.org/wiki/Catane,
caucasians,-2400,-690,39.9,42.1,,,https://en.wikipedia.org/wiki/Caucasians,
cedi,-825,-320,25.2,80.3,,,https://en.wikipedia.org/wiki/Cedi,
celtic mercenaries,,,40.0,26.5,,,https://en.wikipedia.org/wiki/Celtic_Mercenaries,
celto-ligurians,-2050,-1,49.1,5.2,,,https://en.wikipedia.org/wiki/Celto-Ligurians,
celts,-1250,-1,44.4,17.1,https://www.worldhistory.org/celt/,,https://en.wikipedia.org/wiki/Celts,
central african peoples,-2400,-1,2.7,22.2,,,https://en.wikipedia.org/wiki/Central_African_Peoples,
central african republic,1990,,7.5,20.0,,,https://en.wikipedia.org/wiki/Central_African_Republic,
chad,1990,,15.0,17.5,,,https://en.wikipedia.org/wiki/Chad,
chadian people,-2250,-1,13.9,12.3,,,https://en.wikipedia.org/wiki/Chadian_People,
chalcidian league,-418,-353,41.9,24.1,https://www.worldhistory.org/Chalcidian_League/,,https://en.wikipedia.org/wiki/Chalcidian_League,
chalcis,-710,-294,37.5,22.5,https://www.worldhistory.org/Chalcis/,,https://en.wikipedia.org/wiki/Chalcis,
chaldaea,-800,-790,31.5,46.5,,,https://en.wikipedia.org/wiki/Chaldaea,
changdi,-770,-608,37.5,117.5,,,https://en.wikipedia.org/wiki/Changdi,
chao,-992,-602,32.5,117.5,,,https://en.wikipedia.org/wiki/Chao,
chaonia,-431,-350,38.3,20.0,,,https://en.wikipedia.org/wiki/Chaonia,
chaonians,-500,-431,42.5,21.0,,,https://en.wikipedia.org/wiki/Chaonians,
chavin culture,-900,-1,-11.0,-76.5,,,https://en.wikipedia.org/wiki/Chavin_Culture,
chen,-770,-480,32.5,114.6,https://www.worldhistory.org/Chen/,,https://en.wikipedia.org/wiki/Chen,
cheng,-770,-408,37.5,115.8,,,https://en.wikipedia.org/wiki/Cheng,
chera,-326,-1,10.0,77.5,,,https://en.wikipedia.org/wiki/Chera,
chinchorro culture,-2400,-1,-18.5,-69.5,,,https://en.wikipedia.org/wiki/Chinchorro_Culture,
chios,-386,-1,37.5,27.5,https://www.worldhistory.org/Chios/,,https://en.wikipedia.org/wiki/Chios,
chola,-326,-1,12.5,80.0,https://www.worldhistory.org/Chola/,,https://en.wikipedia.org/wiki/Chola,
chorrera culture,-1300,-1,-2.5,-80.8,,,https://en.wikipedia.org/wiki/Chorrera_Culture,
chu,-1075,-1,31.5,116.8,https://www.worldhistory.org/Chu/,,https://en.wikipedia.org/wiki/Chu,
cilicia,-588,-539,37.5,34.4,https://www.worldhistory.org/Cilicia/,,https://en.wikipedia.org/wiki/Cilicia,
cimmerian kingdom,-654,-638,38.5,32.7,,,https://en.wikipedia.org/wiki/Cimmerian_Kingdom,
cimmerians,-1450,-1,44.0,35.5,https://www.worldhistory.org/Cimmerians/,,https://en.wikipedia.org/wiki/Cimmerians,
civil war,-464,-314,37.5,82.5,https://www.worldhistory.org/Civil_War/,,https://en.wikipedia.org/wiki/Civil_War,
clan warfare,,,37.5,117.5,,,https://en.wikipedia.org/wiki/Clan_Warfare,
colchis,-1250,-1,42.5,41.6,https://www.worldhistory.org/Colchis/,,https://en.wikipedia.org/wiki/Colchis,
comoros,1990,,-12.5,45.0,,,https://en.wikipedia.org/wiki/Comoros,
cong,-770,-600,32.5,107.5,,,https://en.wikipedia.org/wiki/Cong,
corcyra,-666,-300,38.8,20.0,https://www.worldhistory.org/corcyra/,,https://en.wikipedia.org/wiki/Corcyra,
corinthia,-748,-339,38.3,20.3,https://www.worldhistory.org/Corinthia/,,https://en.wikipedia.org/wiki/Corinthia,
coronea,-386,-379,37.5,22.5,,,https://en.wikipedia.org/wiki/Coronea,
cossaeans,-330,-324,32.5,47.5,,,https://en.wikipedia.org/wiki/Cossaeans,
costa rica,1990,,10.0,-85.0,https://www.worldhistory.org/Costa_Rica/,,https://en.wikipedia.org/wiki/Costa_Rica,
cretan city states,-500,-1,36.6,25.2,,,https://en.wikipedia.org/wiki/Cretan_City_States,
croton,-550,-430,37.5,17.5,https://www.worldhistory.org/Croton/,,https://en.wikipedia.org/wiki/Croton,
cushitic people,-1000,-1,6.0,43.9,,,https://en.wikipedia.org/wiki/Cushitic_People,
cypriot kingdoms,-1180,-1050,34.9,32.5,,,https://en.wikipedia.org/wiki/Cypriot_Kingdoms,
cyprus,1990,,35.0,32.5,https://www.worldhistory.org/cyprus/,,https://en.wikipedia.org/wiki/Cyprus,
cyzicus,-323,-280,42.5,27.0,https://www.worldhistory.org/Cyzicus/,,https://en.wikipedia.org/wiki/Cyzicus,
côte d'ivoire,1990,,7.5,-5.0,,,https://en.wikipedia.org/wiki/Côte_D'ivoire,
d'mt,-980,-1,17.3,40.9,,,https://en.wikipedia.org/wiki/D'mt,
dai,-770,-458,41.0,113.5,https://www.worldhistory.org/Dai/,,https://en.wikipedia.org/wiki/Dai,
dai(2),-770,-714,32.5,115.0,,,https://en.wikipedia.org/wiki/Dai(2),
dali,-550,-272,37.5,107.5,,,https://en.wikipedia.org/wiki/Dali,
dan,-770,-670,29.9,107.5,https://www.worldhistory.org/Dan/,,https://en.wikipedia.org/wiki/Dan,
dao,-770,-638,32.5,112.5,https://www.worldhistory.org/Dao/,,https://en.wikipedia.org/wiki/Dao,
daoi,-330,-1,41.6,54.0,,,https://en.wikipedia.org/wiki/Daoi,
dapeng,-1350,-1208,32.5,117.5,,,https://en.wikipedia.org/wiki/Dapeng,
daradas,-610,-1,37.5,72.5,,,https://en.wikipedia.org/wiki/Daradas,
dardani,-800,-1,42.5,21.0,,,https://en.wikipedia.org/wiki/Dardani,
dasarnas,-610,-350,22.5,77.5,,,https://en.wikipedia.org/wiki/Dasarnas,
dassaretis,-500,-400,42.5,21.0,,,https://en.wikipedia.org/wiki/Dassaretis,
daunians,-800,-324,42.5,15.0,,,https://en.wikipedia.org/wiki/Daunians,
dayenu,,,37.5,42.5,,,https://en.wikipedia.org/wiki/Dayenu,
delian league,-478,-405,38.4,24.5,https://www.worldhistory.org/Delian_League/,,https://en.wikipedia.org/wiki/Delian_League,
delphi,,,37.5,22.5,https://www.worldhistory.org/delphi/,,https://en.wikipedia.org/wiki/Delphi,
deng,-772,-678,32.5,112.5,,,https://en.wikipedia.org/wiki/Deng,
desert cultures,-2400,-1,32.4,-108.6,,,https://en.wikipedia.org/wiki/Desert_Cultures,
di,-771,-408,37.2,113.1,https://www.worldhistory.org/Di/,,https://en.wikipedia.org/wiki/Di,
di(2),-771,-362,32.5,105.0,https://www.worldhistory.org/Di(2)/,,https://en.wikipedia.org/wiki/Di(2),
diauekhi,-931,-592,41.0,42.1,,,https://en.wikipedia.org/wiki/Diauekhi,
dilmun,-2400,-1550,27.2,50.7,https://www.worldhistory.org/Dilmun/,,https://en.wikipedia.org/wiki/Dilmun,
djibouti,1990,,12.5,42.5,,,https://en.wikipedia.org/wiki/Djibouti,
dolopia,-696,-339,37.5,22.5,,,https://en.wikipedia.org/wiki/Dolopia,
domain of amphimakhos,-320,-317,35.5,41.3,,,https://en.wikipedia.org/wiki/Domain_Of_Amphimakhos,
domain of antigenes,-320,-317,30.8,49.1,,,https://en.wikipedia.org/wiki/Domain_Of_Antigenes,
domain of antigonus,-319,-306,36.5,34.7,,,https://en.wikipedia.org/wiki/Domain_Of_Antigonus,
domain of asandros,-320,-315,37.5,27.6,,,https://en.wikipedia.org/wiki/Domain_Of_Asandros,
domain of cassander,-320,-306,38.5,23.1,,,https://en.wikipedia.org/wiki/Domain_Of_Cassander,
domain of eudemus,-320,-316,31.4,73.2,,,https://en.wikipedia.org/wiki/Domain_Of_Eudemus,
domain of eumenes,-317,-316,33.8,52.8,,,https://en.wikipedia.org/wiki/Domain_Of_Eumenes,
domain of lysimakhos,-314,-306,42.9,26.5,,,https://en.wikipedia.org/wiki/Domain_Of_Lysimakhos,
domain of mithridates,-301,-281,41.6,33.8,,,https://en.wikipedia.org/wiki/Domain_Of_Mithridates,
domain of oxyartes,-320,-308,34.1,70.8,,,https://en.wikipedia.org/wiki/Domain_Of_Oxyartes,
domain of peithon,-320,-317,35.2,53.9,,,https://en.wikipedia.org/wiki/Domain_Of_Peithon,
domain of peithon (son of agenor),-320,-316,23.9,67.7,,,https://en.wikipedia.org/wiki/Domain_Of_Peithon_(son_Of_Agenor),
domain of peukestas,-320,-316,28.6,53.0,,,https://en.wikipedia.org/wiki/Domain_Of_Peukestas,
domain of philip,-320,-318,34.9,57.5,,,https://en.wikipedia.org/wiki/Domain_Of_Philip,
domain of philoxenos,,,37.5,35.0,,,https://en.wikipedia.org/wiki/Domain_Of_Philoxenos,
domain of polyperchon,-317,-315,37.5,22.9,,,https://en.wikipedia.org/wiki/Domain_Of_Polyperchon,
domain of ptolemy,-320,-306,32.7,31.6,,,https://en.wikipedia.org/wiki/Domain_Of_Ptolemy,
domain of seleucus,-320,-306,31.4,55.2,,,https://en.wikipedia.org/wiki/Domain_Of_Seleucus,
domain of sibyrtios,-320,-306,29.6,65.3,,,https://en.wikipedia.org/wiki/Domain_Of_Sibyrtios,
domain of stasandros,-320,-316,33.1,61.8,,,https://en.wikipedia.org/wiki/Domain_Of_Stasandros,
domain of stasanor,-320,-306,36.8,64.6,,,https://en.wikipedia.org/wiki/Domain_Of_Stasanor,
domain of tlepolemos,-320,-316,30.8,58.4,,,https://en.wikipedia.org/wiki/Domain_Of_Tlepolemos,
dominica,1990,,17.5,-62.5,,,https://en.wikipedia.org/wiki/Dominica,
dominican republic,1990,,17.5,-70.0,,,https://en.wikipedia.org/wiki/Dominican_Republic,
donghu,-770,-1,44.9,120.0,,,https://en.wikipedia.org/wiki/Donghu,
dongyi peoples,-1500,-1080,37.5,121.5,,,https://en.wikipedia.org/wiki/Dongyi_Peoples,
dorians,-1224,-1,37.4,25.2,,,https://en.wikipedia.org/wiki/Dorians,
doris,-696,-268,37.5,22.5,https://www.worldhistory.org/Doris/,,https://en.wikipedia.org/wiki/Doris,
dravidians,-2400,-1,20.4,80.1,,,https://en.wikipedia.org/wiki/Dravidians,
du,-771,-688,32.5,107.5,https://www.worldhistory.org/Du/,,https://en.wikipedia.org/wiki/Du,
duan,-744,-722,33.3,112.5,,,https://en.wikipedia.org/wiki/Duan,
duchy of jin,-678,-350,36.0,113.0,,,https://en.wikipedia.org/wiki/Duchy_Of_Jin,
dun,-770,-496,32.5,115.0,https://www.worldhistory.org/Dun/,,https://en.wikipedia.org/wiki/Dun,
dvaraka,-610,-318,22.5,69.5,,,https://en.wikipedia.org/wiki/Dvaraka,
e,-770,-700,30.8,114.6,https://www.worldhistory.org/E/,,https://en.wikipedia.org/wiki/E,
east african peoples,-2400,-1,6.1,44.0,,,https://en.wikipedia.org/wiki/East_African_Peoples,
eastern guo,-772,-768,32.5,112.5,,,https://en.wikipedia.org/wiki/Eastern_Guo,
eastern woodland peoples,-2400,-1,41.2,-80.5,,,https://en.wikipedia.org/wiki/Eastern_Woodland_Peoples,
ecuador,1990,,0.0,-85.0,https://www.worldhistory.org/Ecuador/,,https://en.wikipedia.org/wiki/Ecuador,
edomites,-1280,-526,30.4,35.4,,,https://en.wikipedia.org/wiki/Edomites,
egypt: (herakleopolis),-756,-726,27.5,32.5,,,https://en.wikipedia.org/wiki/Egypt:_(herakleopolis),
egypt: (hermopolis),-756,-726,27.5,32.5,,,https://en.wikipedia.org/wiki/Egypt:_(hermopolis),
egypt: areas of unrest,-1992,-1990,30.8,32.5,,,https://en.wikipedia.org/wiki/Egypt:_Areas_Of_Unrest,
egypt: heracleopolitans,-2160,-2160,30.8,32.5,,,https://en.wikipedia.org/wiki/Egypt:_Heracleopolitans,
egypt: hyksos,-1720,-1566,30.9,32.4,,,https://en.wikipedia.org/wiki/Egypt:_Hyksos,
egypt: middle kingdom,-2003,-1662,29.8,31.9,,,https://en.wikipedia.org/wiki/Egypt:_Middle_Kingdom,
egypt: new kingdom,-1568,-1086,30.7,34.2,,,https://en.wikipedia.org/wiki/Egypt:_New_Kingdom,
egypt: old kdm,-2400,-9998,30.8,32.5,,,https://en.wikipedia.org/wiki/Egypt:_Old_Kdm,
egypt: rebellion of pedubast,-830,-828,26.6,32.5,,,https://en.wikipedia.org/wiki/Egypt:_Rebellion_Of_Pedubast,
egypt: revolt of amasis,,,32.5,27.5,,,https://en.wikipedia.org/wiki/Egypt:_Revolt_Of_Amasis,
egypt: tanites,-1086,-945,32.3,32.5,,,https://en.wikipedia.org/wiki/Egypt:_Tanites,
egypt: thebans,-1568,-1568,28.9,32.4,,,https://en.wikipedia.org/wiki/Egypt:_Thebans,
egypt: thirtieth dynasty,-380,-342,31.2,32.4,,,https://en.wikipedia.org/wiki/Egypt:_Thirtieth_Dynasty,
egypt: twenty eighth dynasty,-402,-399,30.7,32.3,,,https://en.wikipedia.org/wiki/Egypt:_Twenty_Eighth_Dynasty,
egypt: twenty fourth dynasty,-716,-714,32.2,32.4,,,https://en.wikipedia.org/wiki/Egypt:_Twenty_Fourth_Dynasty,
egypt: twenty ninth dynasty,-399,-380,30.7,32.3,,,https://en.wikipedia.org/wiki/Egypt:_Twenty_Ninth_Dynasty,
egypt: twenty second dynasty,-946,-726,30.5,32.6,,,https://en.wikipedia.org/wiki/Egypt:_Twenty_Second_Dynasty,
egypt: twenty sixth dynasty,-652,-526,31.1,32.8,,,https://en.wikipedia.org/wiki/Egypt:_Twenty_Sixth_Dynasty,
egypt: twenty sixth dynasty tributary,-610,-606,32.5,35.6,,,https://en.wikipedia.org/wiki/Egypt:_Twenty_Sixth_Dynasty_Tributary,
egypt: twenty third dynasty,-880,-756,26.9,32.5,,,https://en.wikipedia.org/wiki/Egypt:_Twenty_Third_Dynasty,
el paraiso culture,-2000,-900,-10.6,-76.3,,,https://en.wikipedia.org/wiki/El_Paraiso_Culture,
el salvador,1990,,12.5,-90.0,,,https://en.wikipedia.org/wiki/El_Salvador,
elam,-2348,-539,31.4,48.7,https://www.worldhistory.org/elam/,,https://en.wikipedia.org/wiki/Elam,
elamite tributary,-1770,-708,34.2,44.6,,,https://en.wikipedia.org/wiki/Elamite_Tributary,
elimiotis,-540,-358,42.5,21.0,,,https://en.wikipedia.org/wiki/Elimiotis,
elis,-726,-1,37.5,22.5,https://www.worldhistory.org/Elis/,,https://en.wikipedia.org/wiki/Elis,
ellipi,-970,-703,32.5,47.5,,,https://en.wikipedia.org/wiki/Ellipi,
elymians,-1150,-500,37.5,12.5,,,https://en.wikipedia.org/wiki/Elymians,
enchele,-650,-500,42.5,21.0,,,https://en.wikipedia.org/wiki/Enchele,
enzite,-931,-802,37.5,40.0,,,https://en.wikipedia.org/wiki/Enzite,
eordaia,-540,-476,42.5,21.0,,,https://en.wikipedia.org/wiki/Eordaia,
epicnemidian locris,-696,-264,38.6,22.2,,,https://en.wikipedia.org/wiki/Epicnemidian_Locris,
epidauria,-780,-670,37.5,22.5,,,https://en.wikipedia.org/wiki/Epidauria,
epirote ally,-292,275,39.6,16.6,,,https://en.wikipedia.org/wiki/Epirote_Ally,
equatorial guinea,1990,,0.0,10.0,,,https://en.wikipedia.org/wiki/Equatorial_Guinea,
er,-770,-700,32.5,112.5,https://www.worldhistory.org/Er/,,https://en.wikipedia.org/wiki/Er,
eretria,-710,-294,37.5,22.7,https://www.worldhistory.org/Eretria/,,https://en.wikipedia.org/wiki/Eretria,
eriakhi,-880,-704,42.5,45.0,,,https://en.wikipedia.org/wiki/Eriakhi,
erikuakhi,-880,-706,40.1,43.8,,,https://en.wikipedia.org/wiki/Erikuakhi,
eritrea,1990,,15.0,40.0,https://www.worldhistory.org/Eritrea/,,https://en.wikipedia.org/wiki/Eritrea,
erligang culture,-1600,-1400,37.1,109.6,,,https://en.wikipedia.org/wiki/Erligang_Culture,
erlitou culture,-1900,-1600,37.2,110.1,,,https://en.wikipedia.org/wiki/Erlitou_Culture,
etiukhi,-931,-710,40.1,43.8,,,https://en.wikipedia.org/wiki/Etiukhi,
etiuni,-880,-704,42.5,45.0,,,https://en.wikipedia.org/wiki/Etiuni,
etruria,-760,-266,42.5,13.2,https://www.worldhistory.org/Etruria/,,https://en.wikipedia.org/wiki/Etruria,
etruscans,-1725,-516,42.7,11.0,https://www.worldhistory.org/Etruscans/,,https://en.wikipedia.org/wiki/Etruscans,
euboea,-348,-310,37.5,22.5,https://www.worldhistory.org/Euboea/,,https://en.wikipedia.org/wiki/Euboea,
fan,-770,-504,32.5,117.5,https://www.worldhistory.org/Fan/,,https://en.wikipedia.org/wiki/Fan,
fan clan,-500,-491,37.5,112.5,,,https://en.wikipedia.org/wiki/Fan_Clan,
fan(2),-770,-660,37.5,112.5,https://www.worldhistory.org/Fan(2)/,,https://en.wikipedia.org/wiki/Fan(2),
fang,-770,-638,32.5,112.5,,,https://en.wikipedia.org/wiki/Fang,
fei,-770,-530,37.5,115.0,,,https://en.wikipedia.org/wiki/Fei,
feng,-771,-550,32.5,107.5,,,https://en.wikipedia.org/wiki/Feng,
fiji,1990,,-17.5,180.0,https://www.worldhistory.org/Fiji/,,https://en.wikipedia.org/wiki/Fiji,
finns,-2400,-1,58.1,43.9,,,https://en.wikipedia.org/wiki/Finns,
gabon,1990,,0.0,10.0,,,https://en.wikipedia.org/wiki/Gabon,
gambia,1990,,12.5,-15.0,,,https://en.wikipedia.org/wiki/Gambia,
gandhara,-975,-518,33.1,73.1,https://www.worldhistory.org/Gandhara/,,https://en.wikipedia.org/wiki/Gandhara,
gao,-770,-722,32.5,117.5,https://www.worldhistory.org/Gao/,,https://en.wikipedia.org/wiki/Gao,
gao clan,-500,-490,37.5,117.5,,,https://en.wikipedia.org/wiki/Gao_Clan,
gaoluo,-770,-660,37.5,112.5,,,https://en.wikipedia.org/wiki/Gaoluo,
garamantes,-500,-1,27.5,20.0,,,https://en.wikipedia.org/wiki/Garamantes,
ge,-1750,-594,32.5,117.5,https://www.worldhistory.org/Ge/,,https://en.wikipedia.org/wiki/Ge,
gedrosia,-330,-325,29.4,61.5,,,https://en.wikipedia.org/wiki/Gedrosia,
gela,-506,-405,37.5,15.1,https://www.worldhistory.org/Gela/,,https://en.wikipedia.org/wiki/Gela,
geng,-770,-662,37.5,112.5,https://www.worldhistory.org/Geng/,,https://en.wikipedia.org/wiki/Geng,
genmou,-770,-600,37.5,117.5,,,https://en.wikipedia.org/wiki/Genmou,
geshur,-1152,-988,32.5,37.5,,,https://en.wikipedia.org/wiki/Geshur,
getae,-470,-1,44.0,27.0,,,https://en.wikipedia.org/wiki/Getae,
gilead,-1152,-740,32.5,37.5,https://www.worldhistory.org/Gilead/,,https://en.wikipedia.org/wiki/Gilead,
gilzanu,-864,-724,37.5,42.5,https://www.worldhistory.org/Gilzanu/,,https://en.wikipedia.org/wiki/Gilzanu,
gojoseon,-770,-280,39.3,122.7,https://www.worldhistory.org/Gojoseon/,,https://en.wikipedia.org/wiki/Gojoseon,
gong,-770,-280,32.2,109.9,,,https://en.wikipedia.org/wiki/Gong,
gong(2),-770,-670,27.5,107.5,,,https://en.wikipedia.org/wiki/Gong(2),
great chiefs of the meshwesh,-746,-726,32.5,32.5,,,https://en.wikipedia.org/wiki/Great_Chiefs_Of_The_Meshwesh,
greek alliance,-481,-478,37.6,25.5,,,https://en.wikipedia.org/wiki/Greek_Alliance,
greek mercenaries,,,35.0,32.5,,,https://en.wikipedia.org/wiki/Greek_Mercenaries,
greeks,-630,-402,38.9,33.5,https://www.worldhistory.org/Greeks/,,https://en.wikipedia.org/wiki/Greeks,
grenada,1990,,12.5,-62.5,,,https://en.wikipedia.org/wiki/Grenada,
gu,-1750,-700,34.9,114.9,https://www.worldhistory.org/Gu/,,https://en.wikipedia.org/wiki/Gu,
gu(2),-770,-520,37.5,117.5,https://www.worldhistory.org/Gu(2)/,,https://en.wikipedia.org/wiki/Gu(2),
guang,-770,-650,32.5,115.0,,,https://en.wikipedia.org/wiki/Guang,
guatemala,1990,,15.0,-90.0,https://www.worldhistory.org/Guatemala/,,https://en.wikipedia.org/wiki/Guatemala,
gui,-771,-688,32.5,107.5,https://www.worldhistory.org/Gui/,,https://en.wikipedia.org/wiki/Gui,
guifang,-1400,-1,40.4,103.6,,,https://en.wikipedia.org/wiki/Guifang,
guinea,1990,,10.0,-12.5,,,https://en.wikipedia.org/wiki/Guinea,
guinea bissau,1990,,12.5,-15.0,,,https://en.wikipedia.org/wiki/Guinea_Bissau,
guo,-770,-670,37.5,117.5,,,https://en.wikipedia.org/wiki/Guo,
guo clan,-500,-490,37.5,117.5,,,https://en.wikipedia.org/wiki/Guo_Clan,
gurgum,-1190,-605,37.5,37.5,,,https://en.wikipedia.org/wiki/Gurgum,
guti,-2348,-2120,34.5,46.2,https://www.worldhistory.org/Guti/,,https://en.wikipedia.org/wiki/Guti,
guti tributary,-2193,-2120,32.5,46.1,,,https://en.wikipedia.org/wiki/Guti_Tributary,
guyana,1990,,5.0,-60.0,,,https://en.wikipedia.org/wiki/Guyana,
guzanu,-810,-758,37.5,40.0,,,https://en.wikipedia.org/wiki/Guzanu,
guzhu,-770,-662,40.1,117.2,,,https://en.wikipedia.org/wiki/Guzhu,
haihayas,-610,-550,22.5,75.0,,,https://en.wikipedia.org/wiki/Haihayas,
haiti,1990,,20.0,-72.5,https://www.worldhistory.org/Haiti/,,https://en.wikipedia.org/wiki/Haiti,
haliartos,-386,-379,37.5,22.5,,,https://en.wikipedia.org/wiki/Haliartos,
hamaranu,-812,-746,32.5,44.2,,,https://en.wikipedia.org/wiki/Hamaranu,
han,-770,-616,32.5,117.5,https://www.worldhistory.org/Han/,,https://en.wikipedia.org/wiki/Han,
han(2),-770,-758,37.5,112.5,https://www.worldhistory.org/Han(2)/,,https://en.wikipedia.org/wiki/Han(2),
hann,-453,-1,33.4,113.0,https://www.worldhistory.org/Hann/,,https://en.wikipedia.org/wiki/Hann,
hann clan,-500,-453,34.9,112.5,,,https://en.wikipedia.org/wiki/Hann_Clan,
hapalla,-1396,-1386,37.5,32.5,,,https://en.wikipedia.org/wiki/Hapalla,
harhar,-970,-737,32.5,46.2,,,https://en.wikipedia.org/wiki/Harhar,
harshi,-1986,-1600,34.9,45.0,,,https://en.wikipedia.org/wiki/Harshi,
hattians,-2199,-1862,38.2,34.7,,,https://en.wikipedia.org/wiki/Hattians,
hellenic league,-323,-322,37.8,23.1,,,https://en.wikipedia.org/wiki/Hellenic_League,
helmand and jiroft cultures,-2400,-1750,30.3,62.4,,,https://en.wikipedia.org/wiki/Helmand_And_Jiroft_Cultures,
helot revolt,-466,-457,37.5,22.5,,,https://en.wikipedia.org/wiki/Helot_Revolt,
heraklea pontica,-274,-1,42.5,33.0,,,https://en.wikipedia.org/wiki/Heraklea_Pontica,
hermionis,-780,-670,37.5,22.5,,,https://en.wikipedia.org/wiki/Hermionis,
hernici,-600,-359,42.5,15.0,,,https://en.wikipedia.org/wiki/Hernici,
hilakku,-836,-636,37.5,32.5,,,https://en.wikipedia.org/wiki/Hilakku,
himera,-472,-409,37.5,13.5,https://www.worldhistory.org/Himera/,,https://en.wikipedia.org/wiki/Himera,
hindanu,-1120,-612,34.2,40.8,,,https://en.wikipedia.org/wiki/Hindanu,
hittites,-2050,-1180,38.6,33.1,https://www.worldhistory.org/hittite/,,https://en.wikipedia.org/wiki/Hittites,
honduras,1990,,15.0,-85.0,,,https://en.wikipedia.org/wiki/Honduras,
hu,-770,-496,32.5,117.5,https://www.worldhistory.org/Hu/,,https://en.wikipedia.org/wiki/Hu,
hu(2),-770,-764,32.5,112.5,,,https://en.wikipedia.org/wiki/Hu(2),
hu(3),-770,-764,32.5,112.5,,,https://en.wikipedia.org/wiki/Hu(3),
hua,-770,-627,32.5,112.5,https://www.worldhistory.org/Hua/,,https://en.wikipedia.org/wiki/Hua,
huaiyi,-770,-512,34.1,119.2,,,https://en.wikipedia.org/wiki/Huaiyi,
huaiyi peoples,-1500,-584,32.5,119.4,,,https://en.wikipedia.org/wiki/Huaiyi_Peoples,
huang,-770,-648,32.5,114.2,,,https://en.wikipedia.org/wiki/Huang,
hubushkia,-864,-698,37.5,42.5,,,https://en.wikipedia.org/wiki/Hubushkia,
huo,-770,-662,37.5,112.5,,,https://en.wikipedia.org/wiki/Huo,
hupis(h)na,-827,-738,37.5,32.5,,,https://en.wikipedia.org/wiki/Hupis(h)na,
hurrian kingdom,-1616,-1346,37.5,40.4,,,https://en.wikipedia.org/wiki/Hurrian_Kingdom,
hurrian kingdoms,-2218,-1826,37.5,41.7,,,https://en.wikipedia.org/wiki/Hurrian_Kingdoms,
hurrians,-2400,-864,37.4,41.4,https://www.worldhistory.org/Hurrians/,,https://en.wikipedia.org/wiki/Hurrians,
iapygii,-500,-318,42.5,15.0,,,https://en.wikipedia.org/wiki/Iapygii,
iberians,-1725,-1,41.2,1.6,,,https://en.wikipedia.org/wiki/Iberians,
idamaraz,-1742,-1616,35.4,42.5,,,https://en.wikipedia.org/wiki/Idamaraz,
ikshvakus,-364,-362,27.5,82.5,,,https://en.wikipedia.org/wiki/Ikshvakus,
illyrian kingdom,-279,-1,42.0,21.1,,,https://en.wikipedia.org/wiki/Illyrian_Kingdom,
illyrian tributary,-372,-370,42.5,21.0,,,https://en.wikipedia.org/wiki/Illyrian_Tributary,
illyrians,-1725,-1,42.7,18.6,,,https://en.wikipedia.org/wiki/Illyrians,
illyrioi,-500,-1,42.5,15.0,,,https://en.wikipedia.org/wiki/Illyrioi,
imbros,-282,-1,42.5,27.0,,,https://en.wikipedia.org/wiki/Imbros,
indo-aryans,-1500,-300,25.8,75.8,,,https://en.wikipedia.org/wiki/Indo-Aryans,
indus valley civilization,-2400,-1750,23.4,69.0,https://www.worldhistory.org/Indus_Valley_Civilization/,,https://en.wikipedia.org/wiki/Indus_Valley_Civilization,
indus valley peoples,-1750,-775,25.2,69.7,,,https://en.wikipedia.org/wiki/Indus_Valley_Peoples,
ionian league,-690,-478,38.3,27.5,https://www.worldhistory.org/Ionian_League/,,https://en.wikipedia.org/wiki/Ionian_League,
ionians,-1202,-1,39.6,24.9,,,https://en.wikipedia.org/wiki/Ionians,
iranians,-2400,-532,39.7,62.6,,,https://en.wikipedia.org/wiki/Iranians,
ishtu(a)nda,-827,-738,37.5,37.5,,,https://en.wikipedia.org/wiki/Ishtu(a)nda,
israel/samaria,-932,-720,32.5,36.9,,,https://en.wikipedia.org/wiki/Israel/samaria,
israelites,-1230,-1036,32.4,36.7,,,https://en.wikipedia.org/wiki/Israelites,
istros,-360,-314,44.1,27.0,,,https://en.wikipedia.org/wiki/Istros,
isuwa,-1506,-1460,37.5,40.0,,,https://en.wikipedia.org/wiki/Isuwa,
itabalhum,-1850,-1600,37.5,45.0,,,https://en.wikipedia.org/wiki/Itabalhum,
italics,-2050,-450,42.1,14.5,,,https://en.wikipedia.org/wiki/Italics,
italiote league,-430,-280,40.2,16.4,,,https://en.wikipedia.org/wiki/Italiote_League,
jamaica,1990,,17.5,-77.5,,,https://en.wikipedia.org/wiki/Jamaica,
ji,-770,-658,37.5,112.5,,,https://en.wikipedia.org/wiki/Ji,
ji(2),-770,-690,37.5,117.5,,,https://en.wikipedia.org/wiki/Ji(2),
ji(3),-770,-722,34.9,117.5,,,https://en.wikipedia.org/wiki/Ji(3),
ji(4),-770,-750,32.5,112.5,,,https://en.wikipedia.org/wiki/Ji(4),
ji(5),,,40.0,117.0,,,https://en.wikipedia.org/wiki/Ji(5),
ji(6),-771,-688,32.5,107.5,https://www.worldhistory.org/Ji(6)/,,https://en.wikipedia.org/wiki/Ji(6),
jia,-770,-678,37.5,112.5,https://www.worldhistory.org/Jia/,,https://en.wikipedia.org/wiki/Jia,
jiang,-770,-624,32.5,112.5,,,https://en.wikipedia.org/wiki/Jiang,
jiang qi,-481,-386,37.5,117.5,,,https://en.wikipedia.org/wiki/Jiang_Qi,
jiang(2),-770,-618,32.5,117.5,,,https://en.wikipedia.org/wiki/Jiang(2),
jiao,-770,-700,32.5,112.5,,,https://en.wikipedia.org/wiki/Jiao,
jie,-770,-600,37.5,117.5,,,https://en.wikipedia.org/wiki/Jie,
jin,-770,-678,36.0,112.5,https://www.worldhistory.org/Jin/,,https://en.wikipedia.org/wiki/Jin,
jomon culture,-2400,-1,35.9,137.3,,,https://en.wikipedia.org/wiki/Jomon_Culture,
ju,-770,-432,36.8,117.8,https://www.worldhistory.org/Ju/,,https://en.wikipedia.org/wiki/Ju,
ju(2),-771,-550,32.5,107.5,,,https://en.wikipedia.org/wiki/Ju(2),
judah,-932,-587,32.2,35.6,https://www.worldhistory.org/Judah/,,https://en.wikipedia.org/wiki/Judah,
judah tributary,-794,-736,30.4,35.5,,,https://en.wikipedia.org/wiki/Judah_Tributary,
jun,-770,-612,32.5,110.8,https://www.worldhistory.org/Jun/,,https://en.wikipedia.org/wiki/Jun,
kaccha,-610,-318,22.5,70.0,,,https://en.wikipedia.org/wiki/Kaccha,
kadmuhu,-1136,-1112,37.5,40.0,,,https://en.wikipedia.org/wiki/Kadmuhu,
kalama,-610,-518,27.5,82.5,,,https://en.wikipedia.org/wiki/Kalama,
kalasma,-1324,-1322,37.5,37.5,,,https://en.wikipedia.org/wiki/Kalasma,
kalaurian amphictiony,-670,-494,37.5,22.5,,,https://en.wikipedia.org/wiki/Kalaurian_Amphictiony,
kalinga,-700,262,19.5,83.8,,,https://en.wikipedia.org/wiki/Kalinga,
kamarina,-466,-405,37.5,12.5,,,https://en.wikipedia.org/wiki/Kamarina,
kamboja,-700,-536,34.6,70.3,,,https://en.wikipedia.org/wiki/Kamboja,
kappadokia,-330,-1,38.9,35.9,,,https://en.wikipedia.org/wiki/Kappadokia,
karakhar,-2072,-1168,32.5,47.5,,,https://en.wikipedia.org/wiki/Karakhar,
karalla,-718,-706,37.5,47.5,,,https://en.wikipedia.org/wiki/Karalla,
karmania,-330,-325,30.4,56.5,,,https://en.wikipedia.org/wiki/Karmania,
karusha,-610,-302,22.5,82.5,,,https://en.wikipedia.org/wiki/Karusha,
kasheyas,-364,-364,24.9,82.5,,,https://en.wikipedia.org/wiki/Kasheyas,
kasi,-850,-600,25.8,82.5,,,https://en.wikipedia.org/wiki/Kasi,
kaskas,-1600,-712,41.4,35.5,,,https://en.wikipedia.org/wiki/Kaskas,
kasmira,-500,-1,34.9,75.0,,,https://en.wikipedia.org/wiki/Kasmira,
kassites,-2100,-1618,33.5,46.1,https://www.worldhistory.org/Kassites/,,https://en.wikipedia.org/wiki/Kassites,
kekaya,-950,-516,32.5,72.5,,,https://en.wikipedia.org/wiki/Kekaya,
khoisan peoples,-2400,-1,-16.8,27.1,,,https://en.wikipedia.org/wiki/Khoisan_Peoples,
khorasmia,-330,-1,40.6,59.4,,,https://en.wikipedia.org/wiki/Khorasmia,
kimash,-1752,-1600,32.5,47.5,,,https://en.wikipedia.org/wiki/Kimash,
kingdom of adab,-2354,-2253,31.9,47.0,,,https://en.wikipedia.org/wiki/Kingdom_Of_Adab,
kingdom of adanaya,-1850,-1518,37.5,35.0,,,https://en.wikipedia.org/wiki/Kingdom_Of_Adanaya,
kingdom of akshak,-2372,-2284,33.3,43.0,,,https://en.wikipedia.org/wiki/Kingdom_Of_Akshak,
kingdom of alakhtum,-2218,-2200,37.5,37.5,,,https://en.wikipedia.org/wiki/Kingdom_Of_Alakhtum,
kingdom of andarig,-1826,-1726,37.5,42.5,,,https://en.wikipedia.org/wiki/Kingdom_Of_Andarig,
kingdom of argos,-780,-494,37.5,22.5,,,https://en.wikipedia.org/wiki/Kingdom_Of_Argos,
kingdom of armenia,-323,-1,38.9,41.1,,,https://en.wikipedia.org/wiki/Kingdom_Of_Armenia,
kingdom of arrapha,-1726,-760,37.5,44.5,,,https://en.wikipedia.org/wiki/Kingdom_Of_Arrapha,
kingdom of assyria,-1920,-906,36.4,42.4,,,https://en.wikipedia.org/wiki/Kingdom_Of_Assyria,
kingdom of awan,-2286,-1170,31.1,50.6,,,https://en.wikipedia.org/wiki/Kingdom_Of_Awan,
kingdom of babylon,-1898,-1596,32.8,44.8,,,https://en.wikipedia.org/wiki/Kingdom_Of_Babylon,
kingdom of carchemish,-1190,-606,37.5,37.5,,,https://en.wikipedia.org/wiki/Kingdom_Of_Carchemish,
kingdom of cyrene,-632,-1,33.1,20.7,https://www.worldhistory.org/Kingdom_Of_Cyrene/,,https://en.wikipedia.org/wiki/Kingdom_Of_Cyrene,
kingdom of der,-2019,-1228,32.5,46.1,,,https://en.wikipedia.org/wiki/Kingdom_Of_Der,
kingdom of ebla,-2380,-2000,35.6,38.6,,,https://en.wikipedia.org/wiki/Kingdom_Of_Ebla,
kingdom of epirus,-330,-1,39.4,19.5,,,https://en.wikipedia.org/wiki/Kingdom_Of_Epirus,
kingdom of eshnunna,-2026,-1730,34.0,43.8,,,https://en.wikipedia.org/wiki/Kingdom_Of_Eshnunna,
kingdom of hamath,-1180,-606,35.3,37.5,,,https://en.wikipedia.org/wiki/Kingdom_Of_Hamath,
kingdom of illyria,-400,-1,41.6,20.9,,,https://en.wikipedia.org/wiki/Kingdom_Of_Illyria,
kingdom of irqata,-2279,-2198,34.9,37.5,,,https://en.wikipedia.org/wiki/Kingdom_Of_Irqata,
kingdom of isin,-2018,-1795,32.7,46.7,,,https://en.wikipedia.org/wiki/Kingdom_Of_Isin,
kingdom of israel,-1036,-932,32.2,36.2,https://www.worldhistory.org/Kingdom_of_Israel/,,https://en.wikipedia.org/wiki/Kingdom_Of_Israel,
kingdom of judah,-1004,-1004,32.5,36.5,,,https://en.wikipedia.org/wiki/Kingdom_Of_Judah,
kingdom of kanesh,-1850,-1648,38.2,36.3,,,https://en.wikipedia.org/wiki/Kingdom_Of_Kanesh,
kingdom of kazallu,-2020,-1790,32.5,44.5,,,https://en.wikipedia.org/wiki/Kingdom_Of_Kazallu,
kingdom of kish,-2380,-1839,33.0,43.9,,,https://en.wikipedia.org/wiki/Kingdom_Of_Kish,
kingdom of kisurra,-2138,-2112,32.5,47.5,,,https://en.wikipedia.org/wiki/Kingdom_Of_Kisurra,
kingdom of kummuh,-1190,-607,37.5,37.5,,,https://en.wikipedia.org/wiki/Kingdom_Of_Kummuh,
kingdom of kush,-1776,-1,29.0,32.3,https://www.worldhistory.org/Kush/,,https://en.wikipedia.org/wiki/Kingdom_Of_Kush,
kingdom of kussara,-1800,-1676,38.3,36.1,,,https://en.wikipedia.org/wiki/Kingdom_Of_Kussara,
kingdom of lagash,-2340,-1920,32.5,48.2,,,https://en.wikipedia.org/wiki/Kingdom_Of_Lagash,
kingdom of larsa,-2270,-1736,32.5,46.4,,,https://en.wikipedia.org/wiki/Kingdom_Of_Larsa,
kingdom of lysimakhos,-306,-281,40.0,26.3,,,https://en.wikipedia.org/wiki/Kingdom_Of_Lysimakhos,
kingdom of macedon,-650,-301,36.1,34.5,https://www.worldhistory.org/Kingdom_Of_Macedon/,,https://en.wikipedia.org/wiki/Kingdom_Of_Macedon,
kingdom of macedonia,-277,-1,39.5,22.8,,,https://en.wikipedia.org/wiki/Kingdom_Of_Macedonia,
kingdom of malgium,-1936,-1846,32.5,45.0,,,https://en.wikipedia.org/wiki/Kingdom_Of_Malgium,
kingdom of mari,-2311,-2190,34.3,41.7,,,https://en.wikipedia.org/wiki/Kingdom_Of_Mari,
kingdom of melid,-1190,-626,37.5,37.5,,,https://en.wikipedia.org/wiki/Kingdom_Of_Melid,
kingdom of mitanni,-1586,-1344,37.2,38.5,,,https://en.wikipedia.org/wiki/Kingdom_Of_Mitanni,
kingdom of purushanda,-1776,-1627,37.5,35.0,,,https://en.wikipedia.org/wiki/Kingdom_Of_Purushanda,
kingdom of qadesh,-1362,-1336,34.9,37.5,,,https://en.wikipedia.org/wiki/Kingdom_Of_Qadesh,
kingdom of qatna,-1930,-1444,34.9,37.5,,,https://en.wikipedia.org/wiki/Kingdom_Of_Qatna,
kingdom of rome,-725,-510,42.5,15.0,,,https://en.wikipedia.org/wiki/Kingdom_Of_Rome,
kingdom of sam'al,-920,-605,37.5,37.5,,,https://en.wikipedia.org/wiki/Kingdom_Of_Sam'al,
kingdom of sindica,-480,-380,46.2,39.0,,,https://en.wikipedia.org/wiki/Kingdom_Of_Sindica,
kingdom of sparta,-778,-1,37.1,22.9,,,https://en.wikipedia.org/wiki/Kingdom_Of_Sparta,
kingdom of syracuse,-304,-263,38.0,15.9,,,https://en.wikipedia.org/wiki/Kingdom_Of_Syracuse,
kingdom of terqa,-1742,-1512,34.9,40.0,,,https://en.wikipedia.org/wiki/Kingdom_Of_Terqa,
kingdom of the grabaei,-429,-296,42.5,21.0,,,https://en.wikipedia.org/wiki/Kingdom_Of_The_Grabaei,
kingdom of tuttul,-2380,-2196,37.5,40.0,,,https://en.wikipedia.org/wiki/Kingdom_Of_Tuttul,
kingdom of tylis,-277,-1,42.5,27.0,,,https://en.wikipedia.org/wiki/Kingdom_Of_Tylis,
kingdom of ugarit,-2348,-2200,37.5,37.5,,,https://en.wikipedia.org/wiki/Kingdom_Of_Ugarit,
kingdom of ur,-2280,-2006,34.0,46.2,,,https://en.wikipedia.org/wiki/Kingdom_Of_Ur,
kingdom of uruk,-2334,-1810,33.1,44.5,,,https://en.wikipedia.org/wiki/Kingdom_Of_Uruk,
kingdom of zalpa,-1950,-1676,41.0,35.9,,,https://en.wikipedia.org/wiki/Kingdom_Of_Zalpa,
kios,-274,-1,42.5,27.0,https://www.worldhistory.org/Kios/,,https://en.wikipedia.org/wiki/Kios,
kirati,-610,-1,27.5,85.0,,,https://en.wikipedia.org/wiki/Kirati,
kiribati,1990,,-5.0,2.5,,,https://en.wikipedia.org/wiki/Kiribati,
kirruru,-735,-708,37.5,45.0,,,https://en.wikipedia.org/wiki/Kirruru,
kizzuwatna,-1511,-1420,37.5,35.0,,,https://en.wikipedia.org/wiki/Kizzuwatna,
koliya,-610,-480,27.5,82.5,,,https://en.wikipedia.org/wiki/Koliya,
konkana,-610,-1,17.5,72.5,,,https://en.wikipedia.org/wiki/Konkana,
kopai,-386,-379,37.5,22.5,,,https://en.wikipedia.org/wiki/Kopai,
koreans,-2400,-1,37.1,127.5,,,https://en.wikipedia.org/wiki/Koreans,
kosala,-950,-466,27.1,82.5,,,https://en.wikipedia.org/wiki/Kosala,
kotosh culture,-2300,-1199,-9.5,-77.5,,,https://en.wikipedia.org/wiki/Kotosh_Culture,
ksudrakas,-610,-326,32.5,72.5,,,https://en.wikipedia.org/wiki/Ksudrakas,
kuai,,,32.5,112.5,,,https://en.wikipedia.org/wiki/Kuai,
kui,-770,-634,32.5,112.5,https://www.worldhistory.org/Kui/,,https://en.wikipedia.org/wiki/Kui,
kuninda,-450,-322,32.5,77.5,,,https://en.wikipedia.org/wiki/Kuninda,
kuntala,-600,-300,17.5,77.5,,,https://en.wikipedia.org/wiki/Kuntala,
kunti,-610,-536,27.5,77.5,,,https://en.wikipedia.org/wiki/Kunti,
kunwu,-1750,-1604,37.5,112.5,,,https://en.wikipedia.org/wiki/Kunwu,
kuru,-1150,-500,29.9,76.1,,,https://en.wikipedia.org/wiki/Kuru,
kush tributary,-726,-680,32.1,32.4,,,https://en.wikipedia.org/wiki/Kush_Tributary,
kyme,-500,-422,42.5,15.0,,,https://en.wikipedia.org/wiki/Kyme,
kyrgyzstan,1990,,40.0,74.5,,,https://en.wikipedia.org/wiki/Kyrgyzstan,
lagash,-2397,-2352,32.5,46.7,https://www.worldhistory.org/Lagash/,,https://en.wikipedia.org/wiki/Lagash,
lai,-1040,-568,37.5,119.5,,,https://en.wikipedia.org/wiki/Lai,
lai(2),-770,-640,32.5,112.5,,,https://en.wikipedia.org/wiki/Lai(2),
laiyi,-770,-500,37.5,120.0,,,https://en.wikipedia.org/wiki/Laiyi,
land of bel-harran-beli-user,-754,-745,37.5,40.0,,,https://en.wikipedia.org/wiki/Land_Of_Bel-Harran-Beli-User,
land of shamash-resha-user,-754,-745,34.4,40.5,,,https://en.wikipedia.org/wiki/Land_Of_Shamash-Resha-User,
land of tartanu shamshi-ilu,-754,-745,37.5,37.5,,,https://en.wikipedia.org/wiki/Land_Of_Tartanu_Shamshi-Ilu,
laqe,-1080,-608,35.4,40.5,,,https://en.wikipedia.org/wiki/Laqe,
larak,-2395,-2284,32.5,44.5,,,https://en.wikipedia.org/wiki/Larak,
larissa,-406,-375,37.5,22.5,,,https://en.wikipedia.org/wiki/Larissa,
latin league,-730,-534,42.5,15.0,,,https://en.wikipedia.org/wiki/Latin_League,
latins,-800,-730,42.5,15.0,,,https://en.wikipedia.org/wiki/Latins,
lauhitya,-610,-1,27.5,92.5,,,https://en.wikipedia.org/wiki/Lauhitya,
league of argos,-422,-418,39.4,23.8,,,https://en.wikipedia.org/wiki/League_Of_Argos,
lebadeia,-386,-379,37.5,22.5,,,https://en.wikipedia.org/wiki/Lebadeia,
leichtenstein,1990,,47.5,9.0,,,https://en.wikipedia.org/wiki/Leichtenstein,
leontini,-466,-270,37.5,15.0,,,https://en.wikipedia.org/wiki/Leontini,
lesbos,-386,-1,37.5,27.5,https://www.worldhistory.org/lesbos/,,https://en.wikipedia.org/wiki/Lesbos,
lesotho,1990,,-30.0,27.5,,,https://en.wikipedia.org/wiki/Lesotho,
li,-770,-538,32.5,117.5,https://www.worldhistory.org/Li/,,https://en.wikipedia.org/wiki/Li,
li rong,-770,-672,37.5,112.5,,,https://en.wikipedia.org/wiki/Li_Rong,
li(2),-770,-664,37.5,112.5,https://www.worldhistory.org/Li(2)/,,https://en.wikipedia.org/wiki/Li(2),
li(3),-698,-680,32.5,112.5,https://www.worldhistory.org/Li(3)/,,https://en.wikipedia.org/wiki/Li(3),
liang,-771,-642,35.8,110.0,https://www.worldhistory.org/Liang/,,https://en.wikipedia.org/wiki/Liang,
liao,-770,-622,32.5,117.5,https://www.worldhistory.org/Liao/,,https://en.wikipedia.org/wiki/Liao,
liao(2),-770,-700,32.5,112.5,https://www.worldhistory.org/Liao(2)/,,https://en.wikipedia.org/wiki/Liao(2),
liberia,1990,,5.0,-10.0,,,https://en.wikipedia.org/wiki/Liberia,
liburnians,-1000,-1,42.5,15.1,,,https://en.wikipedia.org/wiki/Liburnians,
libyans,-2400,-1,31.6,23.8,,,https://en.wikipedia.org/wiki/Libyans,
libyphoenices,-500,-1,32.5,17.5,,,https://en.wikipedia.org/wiki/Libyphoenices,
ligurians,-800,-1,44.1,8.3,,,https://en.wikipedia.org/wiki/Ligurians,
lingzhi,-770,-662,40.1,117.2,,,https://en.wikipedia.org/wiki/Lingzhi,
linhu,-770,-1,40.1,109.0,,,https://en.wikipedia.org/wiki/Linhu,
little guo,-771,-688,32.5,107.5,,,https://en.wikipedia.org/wiki/Little_Guo,
liu,-770,-622,32.5,117.5,https://www.worldhistory.org/Liu/,,https://en.wikipedia.org/wiki/Liu,
locri,-346,-274,37.5,17.5,,,https://en.wikipedia.org/wiki/Locri,
longshan culture,-2400,-1900,36.7,112.5,https://www.worldhistory.org/Longshan_Culture/,,https://en.wikipedia.org/wiki/Longshan_Culture,
loufan,-770,-308,38.3,112.3,,,https://en.wikipedia.org/wiki/Loufan,
lower macedon,-454,-432,42.5,21.0,,,https://en.wikipedia.org/wiki/Lower_Macedon,
lu,-808,-562,35.7,117.5,https://www.worldhistory.org/Lu/,,https://en.wikipedia.org/wiki/Lu,
lu(2),-770,-688,32.5,112.5,https://www.worldhistory.org/Lu(2)/,,https://en.wikipedia.org/wiki/Lu(2),
lu(3),-770,-690,32.5,112.5,https://www.worldhistory.org/Lu(3)/,,https://en.wikipedia.org/wiki/Lu(3),
lucani,-500,-436,42.5,15.0,,,https://en.wikipedia.org/wiki/Lucani,
lucanians,-450,-268,39.3,16.6,,,https://en.wikipedia.org/wiki/Lucanians,
luhun rong,-771,-526,32.5,111.2,,,https://en.wikipedia.org/wiki/Luhun_Rong,
lukka,-1536,-1236,37.5,28.6,https://www.worldhistory.org/Lukka/,,https://en.wikipedia.org/wiki/Lukka,
lullubi,,,37.5,45.0,,,https://en.wikipedia.org/wiki/Lullubi,
lullubum,-2054,-2051,37.5,45.0,,,https://en.wikipedia.org/wiki/Lullubum,
luo,-770,-690,32.5,112.5,https://www.worldhistory.org/Luo/,,https://en.wikipedia.org/wiki/Luo,
luwians,-2023,-1000,38.6,30.1,,,https://en.wikipedia.org/wiki/Luwians,
lycians,-1000,-362,37.5,29.4,,,https://en.wikipedia.org/wiki/Lycians,
lydia,-850,-547,38.7,29.2,https://www.worldhistory.org/lydia/,,https://en.wikipedia.org/wiki/Lydia,
lydians,-1000,-850,37.5,27.5,,,https://en.wikipedia.org/wiki/Lydians,
lynkestis,-540,-392,42.5,21.0,https://www.worldhistory.org/Lynkestis/,,https://en.wikipedia.org/wiki/Lynkestis,
macedon,-281,-277,39.9,23.0,https://www.worldhistory.org/macedon/,,https://en.wikipedia.org/wiki/Macedon,
macedonia,1990,,42.5,21.0,https://www.worldhistory.org/Macedonia/,,https://en.wikipedia.org/wiki/Macedonia,
macedonian ally,-338,-322,37.9,26.3,,,https://en.wikipedia.org/wiki/Macedonian_Ally,
madra,-950,-326,32.5,75.0,,,https://en.wikipedia.org/wiki/Madra,
maeotians,-380,-326,44.9,39.0,,,https://en.wikipedia.org/wiki/Maeotians,
magadha,-775,-355,26.2,82.5,https://www.worldhistory.org/Magadha/,,https://en.wikipedia.org/wiki/Magadha,
magan,-2400,-1550,26.9,57.2,,,https://en.wikipedia.org/wiki/Magan,
magnesia,-650,-580,37.5,22.5,https://www.worldhistory.org/Magnesia/,,https://en.wikipedia.org/wiki/Magnesia,
malavas,-610,-326,32.5,72.5,,,https://en.wikipedia.org/wiki/Malavas,
malawi,1990,,-12.5,35.0,,,https://en.wikipedia.org/wiki/Malawi,
maldives,1990,,2.5,72.5,,,https://en.wikipedia.org/wiki/Maldives,
malis,-696,-371,37.5,22.5,,,https://en.wikipedia.org/wiki/Malis,
malla,-750,-364,27.5,84.2,https://www.worldhistory.org/Malla/,,https://en.wikipedia.org/wiki/Malla,
malta,1990,,37.5,12.5,https://www.worldhistory.org/Malta/,,https://en.wikipedia.org/wiki/Malta,
mama,-1850,-1644,37.5,37.5,,,https://en.wikipedia.org/wiki/Mama,
mamertine mercenaries,-289,-288,37.5,17.5,,,https://en.wikipedia.org/wiki/Mamertine_Mercenaries,
mamertines,-288,-263,37.5,16.1,,,https://en.wikipedia.org/wiki/Mamertines,
manchurian peoples,-2400,-1,47.1,127.5,,,https://en.wikipedia.org/wiki/Manchurian_Peoples,
mannaea,-843,-608,37.5,46.5,,,https://en.wikipedia.org/wiki/Mannaea,
manshi,-770,-492,32.5,112.5,,,https://en.wikipedia.org/wiki/Manshi,
mantineia,-418,-268,37.5,22.5,,,https://en.wikipedia.org/wiki/Mantineia,
mao,-771,-688,32.5,107.5,https://www.worldhistory.org/Mao/,,https://en.wikipedia.org/wiki/Mao,
mao(2),-770,-560,34.9,117.5,https://www.worldhistory.org/Mao(2)/,,https://en.wikipedia.org/wiki/Mao(2),
margiana,-330,-328,34.9,65.0,https://www.worldhistory.org/Margiana/,,https://en.wikipedia.org/wiki/Margiana,
marrucini,-438,-304,42.5,15.0,,,https://en.wikipedia.org/wiki/Marrucini,
marshall islands,1990,,7.5,167.5,,,https://en.wikipedia.org/wiki/Marshall_Islands,
marsi,-492,-304,42.5,15.0,https://www.worldhistory.org/Marsi/,,https://en.wikipedia.org/wiki/Marsi,
masa,-1536,-1228,39.0,31.0,https://www.worldhistory.org/Masa/,,https://en.wikipedia.org/wiki/Masa,
massagetai,-330,-1,42.5,62.9,,,https://en.wikipedia.org/wiki/Massagetai,
matsya,-925,-318,27.5,75.5,,,https://en.wikipedia.org/wiki/Matsya,
mauritania,1990,,20.0,-10.0,,,https://en.wikipedia.org/wiki/Mauritania,
mauritius,1990,,-17.5,60.0,https://www.worldhistory.org/Mauritius/,,https://en.wikipedia.org/wiki/Mauritius,
maurya,-324,-322,31.1,75.2,https://www.worldhistory.org/Maurya/,,https://en.wikipedia.org/wiki/Maurya,
maurya empire,-322,-1,23.7,81.4,https://www.worldhistory.org/Maurya_Empire/,,https://en.wikipedia.org/wiki/Maurya_Empire,
maya,-1000,-1,17.5,-89.7,https://www.worldhistory.org/Maya/,,https://en.wikipedia.org/wiki/Maya,
medes,-800,-674,35.2,50.1,https://www.worldhistory.org/Medes/,,https://en.wikipedia.org/wiki/Medes,
media,-713,-550,37.1,45.7,https://www.worldhistory.org/Media/,,https://en.wikipedia.org/wiki/Media,
median vassal,-586,-550,29.5,53.0,,,https://en.wikipedia.org/wiki/Median_Vassal,
megalopolis,-300,-272,37.5,22.5,https://www.worldhistory.org/Megalopolis/,,https://en.wikipedia.org/wiki/Megalopolis,
megaris,-744,-268,39.5,23.6,,,https://en.wikipedia.org/wiki/Megaris,
mercenaries of bithynia,,,42.5,30.0,,,https://en.wikipedia.org/wiki/Mercenaries_Of_Bithynia,
mercenaries under agathocles,-320,-316,37.5,15.3,,,https://en.wikipedia.org/wiki/Mercenaries_Under_Agathocles,
mercenaries under amyntas,,,30.0,35.0,,,https://en.wikipedia.org/wiki/Mercenaries_Under_Amyntas,
mercenaries under cleonymus,-303,-302,40.9,17.4,,,https://en.wikipedia.org/wiki/Mercenaries_Under_Cleonymus,
mercenaries under harpalus,,,37.5,27.5,,,https://en.wikipedia.org/wiki/Mercenaries_Under_Harpalus,
mercenaries under leosthenes,,,37.5,22.5,,,https://en.wikipedia.org/wiki/Mercenaries_Under_Leosthenes,
mercenaries under phalaecus,,,37.5,25.0,,,https://en.wikipedia.org/wiki/Mercenaries_Under_Phalaecus,
mercenaries under thibron,,,35.0,22.5,,,https://en.wikipedia.org/wiki/Mercenaries_Under_Thibron,
mesoamerican peoples,-2400,-1,14.8,-88.0,,,https://en.wikipedia.org/wiki/Mesoamerican_Peoples,
messapians,-800,-268,42.0,16.7,,,https://en.wikipedia.org/wiki/Messapians,
messapii,-500,280,41.0,17.9,,,https://en.wikipedia.org/wiki/Messapii,
messenia,-770,-1,37.5,21.4,,,https://en.wikipedia.org/wiki/Messenia,
mianzhu,-771,-362,32.5,107.5,,,https://en.wikipedia.org/wiki/Mianzhu,
micronesia,1990,,10.0,150.0,https://www.worldhistory.org/Micronesia/,,https://en.wikipedia.org/wiki/Micronesia,
middle assyrian empire,-1346,-1076,35.2,42.0,https://www.worldhistory.org/Middle_Assyrian_Empire/,,https://en.wikipedia.org/wiki/Middle_Assyrian_Empire,
minoans,-2000,-1488,36.0,25.2,,,https://en.wikipedia.org/wiki/Minoans,
mithila,-364,-364,27.5,85.0,,,https://en.wikipedia.org/wiki/Mithila,
mixtecs,-1500,-1,17.5,-97.5,,,https://en.wikipedia.org/wiki/Mixtecs,
moabites,-1280,-587,32.5,37.5,,,https://en.wikipedia.org/wiki/Moabites,
molossis,-431,-350,40.4,21.6,,,https://en.wikipedia.org/wiki/Molossis,
moriya,-610,-468,27.5,82.5,,,https://en.wikipedia.org/wiki/Moriya,
mou,-770,-650,37.5,117.5,https://www.worldhistory.org/Mou/,,https://en.wikipedia.org/wiki/Mou,
mulaka,-610,-302,17.5,75.0,,,https://en.wikipedia.org/wiki/Mulaka,
musasir,-735,-724,37.5,45.0,,,https://en.wikipedia.org/wiki/Musasir,
musicanus,-338,-325,27.5,67.5,,,https://en.wikipedia.org/wiki/Musicanus,
musri,-900,-859,37.5,37.5,https://www.worldhistory.org/Musri/,,https://en.wikipedia.org/wiki/Musri,
mutibas,-610,-600,17.5,80.0,,,https://en.wikipedia.org/wiki/Mutibas,
mutinous troops,,,42.5,15.0,,,https://en.wikipedia.org/wiki/Mutinous_Troops,
mycenaean kingdoms,-1220,-1210,37.5,23.8,,,https://en.wikipedia.org/wiki/Mycenaean_Kingdoms,
mycenaeans,-1506,-1100,37.3,24.9,,,https://en.wikipedia.org/wiki/Mycenaeans,
mysians,-1000,-542,38.9,27.4,,,https://en.wikipedia.org/wiki/Mysians,
nabataean kingdom,-331,-1,29.9,35.3,,,https://en.wikipedia.org/wiki/Nabataean_Kingdom,
nabataeans,-843,-526,28.3,37.5,,,https://en.wikipedia.org/wiki/Nabataeans,
nairi,,,37.5,42.5,,,https://en.wikipedia.org/wiki/Nairi,
namibia,1990,,-22.5,20.0,,,https://en.wikipedia.org/wiki/Namibia,
namri,-852,-738,34.4,47.0,,,https://en.wikipedia.org/wiki/Namri,
nanda empire,-356,-322,24.9,81.0,,,https://en.wikipedia.org/wiki/Nanda_Empire,
nanyan,-770,-640,37.5,112.5,,,https://en.wikipedia.org/wiki/Nanyan,
nauru,1990,,-2.5,167.5,,,https://en.wikipedia.org/wiki/Nauru,
naxos,-466,-404,37.5,17.5,https://www.worldhistory.org/Naxos/,,https://en.wikipedia.org/wiki/Naxos,
neo assyrian empire,-843,-608,34.0,39.6,https://www.worldhistory.org/Neo_Assyrian_Empire/,,https://en.wikipedia.org/wiki/Neo_Assyrian_Empire,
neo assyrian revolt,-828,-762,34.1,44.2,,,https://en.wikipedia.org/wiki/Neo_Assyrian_Revolt,
neo assyrian tributary,-896,-612,33.2,38.4,,,https://en.wikipedia.org/wiki/Neo_Assyrian_Tributary,
neo babylonian empire,-616,-574,33.5,38.5,,,https://en.wikipedia.org/wiki/Neo_Babylonian_Empire,
neo babylonian empire tributary,-606,-554,32.1,36.2,,,https://en.wikipedia.org/wiki/Neo_Babylonian_Empire_Tributary,
neo-assyrian empire,-906,-608,35.9,42.5,https://www.worldhistory.org/Neo-Assyrian_Empire/,,https://en.wikipedia.org/wiki/Neo-Assyrian_Empire,
neo-babylonian empire,-616,-539,33.3,39.9,https://www.worldhistory.org/Neo-Babylonian_Empire/,,https://en.wikipedia.org/wiki/Neo-Babylonian_Empire,
new hittite kingdom,-1439,-1190,38.2,34.2,,,https://en.wikipedia.org/wiki/New_Hittite_Kingdom,
new zealand,1990,,-30.0,8.0,,,https://en.wikipedia.org/wiki/New_Zealand,
ni,-770,-335,34.9,117.5,,,https://en.wikipedia.org/wiki/Ni,
nicaragua,1990,,15.0,-85.0,,,https://en.wikipedia.org/wiki/Nicaragua,
niger,1990,,17.5,10.0,,,https://en.wikipedia.org/wiki/Niger,
nilotic peoples,-1000,-1,9.3,30.7,,,https://en.wikipedia.org/wiki/Nilotic_Peoples,
nok people,-1500,-1,10.7,6.6,,,https://en.wikipedia.org/wiki/Nok_People,
norte chico civilization,-2400,-1800,-8.7,-77.5,,,https://en.wikipedia.org/wiki/Norte_Chico_Civilization,
north arabian semites,-500,-1,29.9,42.5,,,https://en.wikipedia.org/wiki/North_Arabian_Semites,
northern league,-282,-274,42.5,27.9,,,https://en.wikipedia.org/wiki/Northern_League,
northern zone peoples,-1400,-1000,36.8,109.4,,,https://en.wikipedia.org/wiki/Northern_Zone_Peoples,
northwest coast peoples,-2400,-1,55.3,-131.7,,,https://en.wikipedia.org/wiki/Northwest_Coast_Peoples,
nu,-770,-600,29.9,107.5,,,https://en.wikipedia.org/wiki/Nu,
nubians,-2400,-1,19.6,33.6,,,https://en.wikipedia.org/wiki/Nubians,
nuhashshi,-1338,-1336,37.5,37.5,,,https://en.wikipedia.org/wiki/Nuhashshi,
numidians,-1000,-1,34.3,3.5,,,https://en.wikipedia.org/wiki/Numidians,
odra,-610,-344,22.5,85.0,,,https://en.wikipedia.org/wiki/Odra,
odrysia,-360,-1,42.5,26.4,,,https://en.wikipedia.org/wiki/Odrysia,
odrysian kingdom,-476,-342,42.0,25.8,,,https://en.wikipedia.org/wiki/Odrysian_Kingdom,
oetaea,-696,-274,37.5,22.5,,,https://en.wikipedia.org/wiki/Oetaea,
old hittite kingdom,-1760,-1438,38.1,35.8,,,https://en.wikipedia.org/wiki/Old_Hittite_Kingdom,
olmecs,-1250,-1,17.5,-95.0,,,https://en.wikipedia.org/wiki/Olmecs,
opuntian locris,-696,-272,37.5,22.5,,,https://en.wikipedia.org/wiki/Opuntian_Locris,
oreitai,-330,-325,26.9,67.5,,,https://en.wikipedia.org/wiki/Oreitai,
orestis,-540,-476,42.5,21.0,,,https://en.wikipedia.org/wiki/Orestis,
oxycanus,-338,-325,27.5,70.0,,,https://en.wikipedia.org/wiki/Oxycanus,
ozolian locris,-696,-379,37.5,18.8,,,https://en.wikipedia.org/wiki/Ozolian_Locris,
paeligni,-438,-304,42.5,15.0,,,https://en.wikipedia.org/wiki/Paeligni,
paeonia,-352,-260,42.5,21.0,,,https://en.wikipedia.org/wiki/Paeonia,
paeonians,-850,-340,42.5,21.0,,,https://en.wikipedia.org/wiki/Paeonians,
paiones,-500,-356,42.5,21.0,,,https://en.wikipedia.org/wiki/Paiones,
pala,-1536,-1382,42.5,33.0,,,https://en.wikipedia.org/wiki/Pala,
palau,1990,,5.0,132.5,,,https://en.wikipedia.org/wiki/Palau,
paleosiberians,-2400,-1,63.6,112.9,,,https://en.wikipedia.org/wiki/Paleosiberians,
pampas cultures,-2400,-1,-37.9,-64.6,,,https://en.wikipedia.org/wiki/Pampas_Cultures,
pamphylians,-1000,-558,37.5,32.5,,,https://en.wikipedia.org/wiki/Pamphylians,
panama,1990,,7.5,-80.0,,,https://en.wikipedia.org/wiki/Panama,
panchala,-826,-610,27.9,79.2,,,https://en.wikipedia.org/wiki/Panchala,
pandya,-326,-1,10.0,77.5,,,https://en.wikipedia.org/wiki/Pandya,
paphlagonia,-323,-1,40.6,32.8,,,https://en.wikipedia.org/wiki/Paphlagonia,
papua new guinea,1990,,-7.5,150.0,,,https://en.wikipedia.org/wiki/Papua_New_Guinea,
papuans,-1600,-1,-4.9,140.6,,,https://en.wikipedia.org/wiki/Papuans,
paraguay,1990,,-22.5,-57.5,,,https://en.wikipedia.org/wiki/Paraguay,
parauaea,-431,-350,42.5,21.0,,,https://en.wikipedia.org/wiki/Parauaea,
pardabathra,-338,-325,22.9,67.5,,,https://en.wikipedia.org/wiki/Pardabathra,
parsua,-860,-744,34.9,45.0,,,https://en.wikipedia.org/wiki/Parsua,
parthia,,,35.0,57.5,https://www.worldhistory.org/Parthia/,,https://en.wikipedia.org/wiki/Parthia,
pashime,-2348,-1346,28.2,52.1,,,https://en.wikipedia.org/wiki/Pashime,
patagonian peoples,-2400,-1,-49.5,-72.0,,,https://en.wikipedia.org/wiki/Patagonian_Peoples,
patin (unqi),-1190,-605,37.5,37.5,,,https://en.wikipedia.org/wiki/Patin_(unqi),
paurava,-338,-326,32.5,72.5,,,https://en.wikipedia.org/wiki/Paurava,
pelagonia,-540,-476,42.5,21.0,,,https://en.wikipedia.org/wiki/Pelagonia,
pelasgians,-2400,-1506,37.5,23.2,,,https://en.wikipedia.org/wiki/Pelasgians,
peloponnesian league,-426,-366,38.3,24.3,https://www.worldhistory.org/Peloponnesian_League/,,https://en.wikipedia.org/wiki/Peloponnesian_League,
peng,-770,-650,32.5,115.0,,,https://en.wikipedia.org/wiki/Peng,
pengzhi,-771,-698,32.5,110.0,,,https://en.wikipedia.org/wiki/Pengzhi,
pergamon,-274,-1,37.5,27.5,https://www.worldhistory.org/pergamon/,,https://en.wikipedia.org/wiki/Pergamon,
persia,-653,-550,29.2,53.0,https://www.worldhistory.org/Persia/,,https://en.wikipedia.org/wiki/Persia,
persian empire,-550,-1,35.2,36.7,https://www.worldhistory.org/Persian_Empire/,,https://en.wikipedia.org/wiki/Persian_Empire,
persian revolt,,,30.0,57.5,,,https://en.wikipedia.org/wiki/Persian_Revolt,
persian vassal,-492,-410,37.7,23.0,,,https://en.wikipedia.org/wiki/Persian_Vassal,
peucetians,-800,-268,42.5,15.0,,,https://en.wikipedia.org/wiki/Peucetians,
pharsalos,-406,-375,37.5,22.5,,,https://en.wikipedia.org/wiki/Pharsalos,
pherae,-406,-352,37.7,22.4,,,https://en.wikipedia.org/wiki/Pherae,
philistia,-1020,-604,32.5,34.7,,,https://en.wikipedia.org/wiki/Philistia,
philistines,-1180,-1020,32.5,36.6,https://www.worldhistory.org/Philistines/,,https://en.wikipedia.org/wiki/Philistines,
phlius,-656,-338,37.5,22.5,,,https://en.wikipedia.org/wiki/Phlius,
phocis,-696,-1,37.5,22.5,,,https://en.wikipedia.org/wiki/Phocis,
phoenicians,-1146,-602,34.3,22.8,https://www.worldhistory.org/Phoenicians/,,https://en.wikipedia.org/wiki/Phoenicians,
phrygian kingdom,-1120,-654,39.8,31.4,,,https://en.wikipedia.org/wiki/Phrygian_Kingdom,
phrygians,-1224,-586,40.3,31.2,,,https://en.wikipedia.org/wiki/Phrygians,
pi,-770,-416,32.5,117.5,https://www.worldhistory.org/Pi/,,https://en.wikipedia.org/wiki/Pi,
piceni,-500,-438,42.5,15.0,,,https://en.wikipedia.org/wiki/Piceni,
picentes,-800,-438,42.5,15.0,,,https://en.wikipedia.org/wiki/Picentes,
picenum,-438,-269,42.5,15.0,https://www.worldhistory.org/Picenum/,,https://en.wikipedia.org/wiki/Picenum,
ping zhou,-771,-550,32.5,107.5,,,https://en.wikipedia.org/wiki/Ping_Zhou,
pirate mercenaries,,,40.0,29.0,,,https://en.wikipedia.org/wiki/Pirate_Mercenaries,
pirates,,,37.5,25.0,https://www.worldhistory.org/Pirates/,,https://en.wikipedia.org/wiki/Pirates,
pisatis,-684,-572,37.5,22.5,,,https://en.wikipedia.org/wiki/Pisatis,
pisidians,-558,-1,37.5,32.5,,,https://en.wikipedia.org/wiki/Pisidians,
pitassa,-1546,-1438,37.5,32.5,,,https://en.wikipedia.org/wiki/Pitassa,
plains peoples,-2400,-1,44.1,-102.3,,,https://en.wikipedia.org/wiki/Plains_Peoples,
plateau peoples,-2400,-1,47.3,-117.0,,,https://en.wikipedia.org/wiki/Plateau_Peoples,
plebian secession,,,42.5,15.0,,,https://en.wikipedia.org/wiki/Plebian_Secession,
pontians,-612,-514,42.5,39.0,,,https://en.wikipedia.org/wiki/Pontians,
pontus,-281,-1,41.6,35.0,https://www.worldhistory.org/Pontus/,,https://en.wikipedia.org/wiki/Pontus,
poverty point culture,-2200,-1,32.5,-90.4,https://www.worldhistory.org/Poverty_Point_Culture/,,https://en.wikipedia.org/wiki/Poverty_Point_Culture,
praeneste,-360,-341,42.5,15.0,,,https://en.wikipedia.org/wiki/Praeneste,
proto-burmese,-2400,-1,29.0,96.6,,,https://en.wikipedia.org/wiki/Proto-Burmese,
proto-canaanites,-2300,-1850,32.5,35.8,,,https://en.wikipedia.org/wiki/Proto-Canaanites,
proto-ethiopians,-2400,-1,10.4,38.2,,,https://en.wikipedia.org/wiki/Proto-Ethiopians,
proto-greeks,-1950,-1224,39.4,21.9,,,https://en.wikipedia.org/wiki/Proto-Greeks,
proto-mongol peoples,-2400,-1,50.3,107.9,,,https://en.wikipedia.org/wiki/Proto-Mongol_Peoples,
proto-tibetans,-2400,-1,32.4,85.1,,,https://en.wikipedia.org/wiki/Proto-Tibetans,
proto-turkic peoples,-2400,-1,40.9,97.5,,,https://en.wikipedia.org/wiki/Proto-Turkic_Peoples,
ptolemaic ally,-315,-313,37.5,27.2,,,https://en.wikipedia.org/wiki/Ptolemaic_Ally,
ptolemaic kingdom,-290,-1,34.5,29.7,https://www.worldhistory.org/Ptolemaic_Kingdom/,,https://en.wikipedia.org/wiki/Ptolemaic_Kingdom,
pu,-770,-678,37.5,112.5,https://www.worldhistory.org/Pu/,,https://en.wikipedia.org/wiki/Pu,
pugu,-1036,-1026,37.5,117.5,,,https://en.wikipedia.org/wiki/Pugu,
pulinda,-610,-320,22.5,80.0,,,https://en.wikipedia.org/wiki/Pulinda,
pundra,-610,-312,24.9,87.5,,,https://en.wikipedia.org/wiki/Pundra,
punt,-2400,-1100,16.2,41.8,https://www.worldhistory.org/punt/,,https://en.wikipedia.org/wiki/Punt,
qedarite confederation,-870,-550,31.1,41.2,,,https://en.wikipedia.org/wiki/Qedarite_Confederation,
qedarites,-925,-1,32.1,38.8,,,https://en.wikipedia.org/wiki/Qedarites,
qi,-770,-1,36.7,117.0,https://www.worldhistory.org/Qi/,,https://en.wikipedia.org/wiki/Qi,
qi(2),-770,-446,37.5,117.5,https://www.worldhistory.org/Qi(2)/,,https://en.wikipedia.org/wiki/Qi(2),
qi(3),-770,-706,37.5,117.5,https://www.worldhistory.org/Qi(3)/,,https://en.wikipedia.org/wiki/Qi(3),
qiang,-771,-1,37.5,100.0,,,https://en.wikipedia.org/wiki/Qiang,
qin,-771,-1,33.9,110.2,https://www.worldhistory.org/Qin/,,https://en.wikipedia.org/wiki/Qin,
qiuyou,-770,-458,37.5,112.5,,,https://en.wikipedia.org/wiki/Qiuyou,
qu,-770,-678,37.5,112.5,https://www.worldhistory.org/Qu/,,https://en.wikipedia.org/wiki/Qu,
quaman,-770,-612,32.5,110.8,,,https://en.wikipedia.org/wiki/Quaman,
quan,-770,-704,32.5,112.5,https://www.worldhistory.org/Quan/,,https://en.wikipedia.org/wiki/Quan,
quanrong,-1000,-1,35.2,105.5,,,https://en.wikipedia.org/wiki/Quanrong,
que,-1180,-588,37.5,35.2,https://www.worldhistory.org/Que/,,https://en.wikipedia.org/wiki/Que,
quwo,-746,-678,37.1,112.5,,,https://en.wikipedia.org/wiki/Quwo,
rang,-770,-670,29.9,107.5,,,https://en.wikipedia.org/wiki/Rang,
rathikas,-322,-300,20.0,72.5,,,https://en.wikipedia.org/wiki/Rathikas,
rebel aranzik,-1696,-1690,37.5,37.5,,,https://en.wikipedia.org/wiki/Rebel_Aranzik,
rebel irridu,-1718,-1710,37.5,40.0,,,https://en.wikipedia.org/wiki/Rebel_Irridu,
rebel israelites,-1098,-1096,32.5,37.5,,,https://en.wikipedia.org/wiki/Rebel_Israelites,
red di,-770,-594,37.5,112.5,,,https://en.wikipedia.org/wiki/Red_Di,
ren,-770,-336,37.5,117.5,https://www.worldhistory.org/Ren/,,https://en.wikipedia.org/wiki/Ren,
revolt,-519,-1,37.2,33.7,https://www.worldhistory.org/Revolt/,,https://en.wikipedia.org/wiki/Revolt,
revolt of antigonus,,,37.5,30.0,,,https://en.wikipedia.org/wiki/Revolt_Of_Antigonus,
revolt of antipater,,,40.0,24.0,,,https://en.wikipedia.org/wiki/Revolt_Of_Antipater,
revolt of ariobarzanes,-367,-362,40.7,27.5,,,https://en.wikipedia.org/wiki/Revolt_Of_Ariobarzanes,
revolt of artabazus,-356,-353,40.5,27.5,,,https://en.wikipedia.org/wiki/Revolt_Of_Artabazus,
revolt of autophradates,-364,-360,37.5,27.9,,,https://en.wikipedia.org/wiki/Revolt_Of_Autophradates,
revolt of cyrus the younger,,,35.0,35.0,,,https://en.wikipedia.org/wiki/Revolt_Of_Cyrus_The_Younger,
revolt of datames,-372,-360,39.5,34.7,,,https://en.wikipedia.org/wiki/Revolt_Of_Datames,
revolt of eumenes,-321,-320,37.0,35.1,,,https://en.wikipedia.org/wiki/Revolt_Of_Eumenes,
revolt of hermias,-346,-342,37.5,27.5,,,https://en.wikipedia.org/wiki/Revolt_Of_Hermias,
revolt of hua clan,-522,-520,32.5,117.5,,,https://en.wikipedia.org/wiki/Revolt_Of_Hua_Clan,
revolt of inaros,-462,-450,31.5,31.5,,,https://en.wikipedia.org/wiki/Revolt_Of_Inaros,
revolt of khababash,-336,-336,32.5,32.5,,,https://en.wikipedia.org/wiki/Revolt_Of_Khababash,
revolt of luan,,,37.5,112.5,,,https://en.wikipedia.org/wiki/Revolt_Of_Luan,
revolt of lysimachus,,,42.5,24.0,,,https://en.wikipedia.org/wiki/Revolt_Of_Lysimachus,
revolt of mausolus,-364,-360,37.5,27.5,,,https://en.wikipedia.org/wiki/Revolt_Of_Mausolus,
revolt of orontes,-364,-360,40.1,42.0,,,https://en.wikipedia.org/wiki/Revolt_Of_Orontes,
revolt of pissuthnes,-420,-416,37.5,28.1,,,https://en.wikipedia.org/wiki/Revolt_Of_Pissuthnes,
revolt of ptolemy,,,30.0,27.5,,,https://en.wikipedia.org/wiki/Revolt_Of_Ptolemy,
revolt of wangzi tui,-676,-674,34.6,112.5,,,https://en.wikipedia.org/wiki/Revolt_Of_Wangzi_Tui,
revolt of wangzi zhao,-520,-516,33.7,112.5,,,https://en.wikipedia.org/wiki/Revolt_Of_Wangzi_Zhao,
rhegion,-622,-1,38.3,17.1,https://www.worldhistory.org/Rhegion/,,https://en.wikipedia.org/wiki/Rhegion,
rhodos,-320,-1,37.5,27.5,,,https://en.wikipedia.org/wiki/Rhodos,
roman ally,-306,-1,41.3,14.3,,,https://en.wikipedia.org/wiki/Roman_Ally,
roman latin colony,-496,-1,42.5,14.8,,,https://en.wikipedia.org/wiki/Roman_Latin_Colony,
roman republic,-509,-1,42.1,14.9,https://www.worldhistory.org/Roman_Republic/,,https://en.wikipedia.org/wiki/Roman_Republic,
rong,-770,-594,34.4,115.5,,,https://en.wikipedia.org/wiki/Rong,
rui,-771,-642,33.7,110.0,https://www.worldhistory.org/Rui/,,https://en.wikipedia.org/wiki/Rui,
ruo,-770,-622,32.5,112.5,,,https://en.wikipedia.org/wiki/Ruo,
ruo'ao revolt,-606,-604,32.5,112.5,,,https://en.wikipedia.org/wiki/Ruo'ao_Revolt,
rwanda,1990,,-2.5,30.0,,,https://en.wikipedia.org/wiki/Rwanda,
saba,-1100,-1,14.5,44.5,https://www.worldhistory.org/Saba/,,https://en.wikipedia.org/wiki/Saba,
sabines,-800,-438,42.5,15.0,,,https://en.wikipedia.org/wiki/Sabines,
sabini,-438,-290,42.5,15.0,,,https://en.wikipedia.org/wiki/Sabini,
saharan peoples,-2400,-1,22.9,8.1,,,https://en.wikipedia.org/wiki/Saharan_Peoples,
sakas,-750,-1,47.3,72.5,https://www.worldhistory.org/Sakas/,,https://en.wikipedia.org/wiki/Sakas,
sakya,-750,-480,27.5,82.5,,,https://en.wikipedia.org/wiki/Sakya,
salamis,-411,-380,34.8,32.9,https://www.worldhistory.org/Salamis/,,https://en.wikipedia.org/wiki/Salamis,
salva,-610,-600,27.5,77.5,,,https://en.wikipedia.org/wiki/Salva,
salwa,-610,-322,27.5,72.5,,,https://en.wikipedia.org/wiki/Salwa,
sambus,-330,-325,23.2,67.7,,,https://en.wikipedia.org/wiki/Sambus,
samian thalassocracy,-542,-522,37.5,27.1,,,https://en.wikipedia.org/wiki/Samian_Thalassocracy,
samnite ally,-326,-304,42.5,15.8,,,https://en.wikipedia.org/wiki/Samnite_Ally,
samnite confederation,-438,-268,42.5,15.0,,,https://en.wikipedia.org/wiki/Samnite_Confederation,
samnites,-800,-438,42.5,15.0,https://www.worldhistory.org/Samnites/,,https://en.wikipedia.org/wiki/Samnites,
samnium,-500,-438,42.5,15.0,https://www.worldhistory.org/Samnium/,,https://en.wikipedia.org/wiki/Samnium,
samoa,1990,,-12.5,-172.5,https://www.worldhistory.org/Samoa/,,https://en.wikipedia.org/wiki/Samoa,
samos,-386,-338,37.5,27.5,https://www.worldhistory.org/samos/,,https://en.wikipedia.org/wiki/Samos,
san marino,1990,,42.5,15.0,,,https://en.wikipedia.org/wiki/San_Marino,
sanxingdui culture,-1700,-1000,31.3,103.6,,,https://en.wikipedia.org/wiki/Sanxingdui_Culture,
sardinians,-1250,-510,40.1,8.3,,,https://en.wikipedia.org/wiki/Sardinians,
sattagydia,-610,-516,32.5,70.0,,,https://en.wikipedia.org/wiki/Sattagydia,
sattyaputas,-326,-1,12.5,75.0,,,https://en.wikipedia.org/wiki/Sattyaputas,
saurashtra,-610,-318,22.5,70.0,,,https://en.wikipedia.org/wiki/Saurashtra,
sauromatians,-550,-1,46.3,46.7,,,https://en.wikipedia.org/wiki/Sauromatians,
sauvira,-610,-516,27.5,67.5,,,https://en.wikipedia.org/wiki/Sauvira,
savanna peoples,-2400,-1,-20.0,-51.4,,,https://en.wikipedia.org/wiki/Savanna_Peoples,
savaras,-610,-430,17.5,82.5,,,https://en.wikipedia.org/wiki/Savaras,
scythia,-678,-1,41.9,39.4,https://www.worldhistory.org/Scythia/,,https://en.wikipedia.org/wiki/Scythia,
scythians,-1201,-1,46.6,58.0,https://www.worldhistory.org/Scythians/,,https://en.wikipedia.org/wiki/Scythians,
sea peoples,-1205,-1180,35.4,31.4,https://www.worldhistory.org/Sea_Peoples/,,https://en.wikipedia.org/wiki/Sea_Peoples,
sealand,-1734,-1440,32.5,45.6,,,https://en.wikipedia.org/wiki/Sealand,
second athenian league,-376,-338,39.1,24.4,,,https://en.wikipedia.org/wiki/Second_Athenian_League,
seleucid ally,-282,-1,38.5,27.8,,,https://en.wikipedia.org/wiki/Seleucid_Ally,
seleucid kingdom,-306,-1,35.6,42.6,,,https://en.wikipedia.org/wiki/Seleucid_Kingdom,
semitic nomads,-2400,-1000,24.2,47.1,,,https://en.wikipedia.org/wiki/Semitic_Nomads,
senegal,1990,,15.0,-15.0,,,https://en.wikipedia.org/wiki/Senegal,
seychelles,1990,,-7.5,52.5,,,https://en.wikipedia.org/wiki/Seychelles,
shang,-1750,-1104,34.6,114.3,https://www.worldhistory.org/Shang/,,https://en.wikipedia.org/wiki/Shang,
shang dynasty,-1600,-1044,35.8,113.4,https://www.worldhistory.org/Shang_Dynasty/,,https://en.wikipedia.org/wiki/Shang_Dynasty,
shanrong,-770,-282,40.1,117.2,,,https://en.wikipedia.org/wiki/Shanrong,
shao,-771,-688,32.5,107.5,,,https://en.wikipedia.org/wiki/Shao,
shen,-772,-688,33.2,109.7,https://www.worldhistory.org/Shen/,,https://en.wikipedia.org/wiki/Shen,
shen(2),-770,-507,32.5,115.0,https://www.worldhistory.org/Shen(2)/,,https://en.wikipedia.org/wiki/Shen(2),
shi,-770,-560,34.9,117.5,https://www.worldhistory.org/Shi/,,https://en.wikipedia.org/wiki/Shi,
shimashki,-2214,-1970,29.9,53.0,,,https://en.wikipedia.org/wiki/Shimashki,
shinuhtu,-827,-718,37.5,35.0,,,https://en.wikipedia.org/wiki/Shinuhtu,
shu,-1075,-316,30.4,105.7,https://www.worldhistory.org/Shu/,,https://en.wikipedia.org/wiki/Shu,
shu bao,-770,-602,32.5,117.5,,,https://en.wikipedia.org/wiki/Shu_Bao,
shu jiu,-770,-602,32.5,117.5,,,https://en.wikipedia.org/wiki/Shu_Jiu,
shu long,-770,-602,32.5,117.5,,,https://en.wikipedia.org/wiki/Shu_Long,
shu yong,-770,-602,32.5,117.5,,,https://en.wikipedia.org/wiki/Shu_Yong,
shu(2),-770,-616,32.5,117.5,https://www.worldhistory.org/Shu(2)/,,https://en.wikipedia.org/wiki/Shu(2),
shubria,-735,-674,37.5,42.5,,,https://en.wikipedia.org/wiki/Shubria,
shurparaka,-610,-302,18.5,72.5,,,https://en.wikipedia.org/wiki/Shurparaka,
sicans,-1450,-409,37.5,13.1,,,https://en.wikipedia.org/wiki/Sicans,
sicelia,-461,-392,37.5,13.4,,,https://en.wikipedia.org/wiki/Sicelia,
sicels,-1000,-409,37.5,14.2,,,https://en.wikipedia.org/wiki/Sicels,
sicyon,-656,-446,37.5,22.5,https://www.worldhistory.org/Sicyon/,,https://en.wikipedia.org/wiki/Sicyon,
sidicini,-438,-334,42.5,15.0,,,https://en.wikipedia.org/wiki/Sidicini,
sierra leone,1990,,10.0,-12.5,,,https://en.wikipedia.org/wiki/Sierra_Leone,
sikanoi,-500,-405,37.5,12.5,,,https://en.wikipedia.org/wiki/Sikanoi,
sikeloi,-500,-440,37.5,15.0,,,https://en.wikipedia.org/wiki/Sikeloi,
simurrum,-2053,-1600,34.9,47.5,https://www.worldhistory.org/Simurrum/,,https://en.wikipedia.org/wiki/Simurrum,
sindhu,-610,-516,27.5,70.0,,,https://en.wikipedia.org/wiki/Sindhu,
singapore,1990,,2.5,102.5,https://www.worldhistory.org/Singapore/,,https://en.wikipedia.org/wiki/Singapore,
sinope,-323,-1,42.5,33.0,https://www.worldhistory.org/Sinope/,,https://en.wikipedia.org/wiki/Sinope,
sivi,-610,-544,27.5,67.5,,,https://en.wikipedia.org/wiki/Sivi,
slavs,-2050,-1,52.3,26.6,https://www.worldhistory.org/Slavs/,,https://en.wikipedia.org/wiki/Slavs,
sogdians,-1700,-532,38.3,68.9,https://www.worldhistory.org/Sogdians/,,https://en.wikipedia.org/wiki/Sogdians,
solomon islands,1990,,-10.0,162.5,,,https://en.wikipedia.org/wiki/Solomon_Islands,
song,-770,-286,33.8,116.1,https://www.worldhistory.org/Song/,,https://en.wikipedia.org/wiki/Song,
south china peoples,-2400,-1,30.2,112.8,,,https://en.wikipedia.org/wiki/South_China_Peoples,
spratly islands,1990,,10.0,115.0,,,https://en.wikipedia.org/wiki/Spratly_Islands,
st. kitts and nevis,1990,,17.5,-62.5,,,https://en.wikipedia.org/wiki/St._Kitts_And_Nevis,
st. lucia,1990,,12.5,-62.5,,,https://en.wikipedia.org/wiki/St._Lucia,
st. vincent and the grenadines,1990,,12.5,-62.5,,,https://en.wikipedia.org/wiki/St._Vincent_And_The_Grenadines,
stasis,-587,264,37.7,22.2,,,https://en.wikipedia.org/wiki/Stasis,
su,-770,-684,37.5,117.5,https://www.worldhistory.org/Su/,,https://en.wikipedia.org/wiki/Su,
subarctic peoples,-2400,-1,59.2,-110.3,,,https://en.wikipedia.org/wiki/Subarctic_Peoples,
subartum,-1742,-1616,37.5,42.5,,,https://en.wikipedia.org/wiki/Subartum,
succession struggle,-786,-352,36.3,88.3,,,https://en.wikipedia.org/wiki/Succession_Struggle,
suhma,-610,-346,22.5,87.5,,,https://en.wikipedia.org/wiki/Suhma,
suhne,-931,-864,37.5,42.5,,,https://en.wikipedia.org/wiki/Suhne,
suhu,-1120,-612,32.5,42.5,,,https://en.wikipedia.org/wiki/Suhu,
sui,-770,-640,32.5,112.5,https://www.worldhistory.org/Sui/,,https://en.wikipedia.org/wiki/Sui,
sui(2),-770,-682,37.5,117.5,https://www.worldhistory.org/Sui(2)/,,https://en.wikipedia.org/wiki/Sui(2),
surasena,-900,-360,27.5,77.5,,,https://en.wikipedia.org/wiki/Surasena,
suriname,1990,,5.0,-55.0,,,https://en.wikipedia.org/wiki/Suriname,
swaziland,1990,,-27.5,32.5,,,https://en.wikipedia.org/wiki/Swaziland,
syracuse,-716,-266,37.9,15.0,https://www.worldhistory.org/syracuse/,,https://en.wikipedia.org/wiki/Syracuse,
syracuse exiles,-316,-306,37.5,13.4,,,https://en.wikipedia.org/wiki/Syracuse_Exiles,
são tomé and príncipe,1990,,0.0,7.5,,,https://en.wikipedia.org/wiki/São_Tomé_And_Príncipe,
tabal,-1190,-678,37.5,35.8,,,https://en.wikipedia.org/wiki/Tabal,
taiwan,1990,,25.0,120.0,https://www.worldhistory.org/Taiwan/,,https://en.wikipedia.org/wiki/Taiwan,
tajikistan,1990,,40.0,72.5,,,https://en.wikipedia.org/wiki/Tajikistan,
tan,-770,-473,34.1,117.5,https://www.worldhistory.org/Tan/,,https://en.wikipedia.org/wiki/Tan,
tan(2),-770,-684,37.5,117.5,https://www.worldhistory.org/Tan(2)/,,https://en.wikipedia.org/wiki/Tan(2),
tanagra,-386,-382,37.5,22.5,https://www.worldhistory.org/Tanagra/,,https://en.wikipedia.org/wiki/Tanagra,
tang,-770,-505,32.5,112.5,https://www.worldhistory.org/Tang/,,https://en.wikipedia.org/wiki/Tang,
taras,-500,-380,42.5,15.9,https://www.worldhistory.org/Taras/,,https://en.wikipedia.org/wiki/Taras,
tarhuntassa,-1536,-1200,37.5,32.5,https://www.worldhistory.org/Tarhuntassa/,,https://en.wikipedia.org/wiki/Tarhuntassa,
tartessos,-1000,-1,37.5,-7.5,https://www.worldhistory.org/tartessos/,,https://en.wikipedia.org/wiki/Tartessos,
taulanti,-800,-279,41.3,20.9,,,https://en.wikipedia.org/wiki/Taulanti,
tauromenion,-288,-268,37.5,17.5,,,https://en.wikipedia.org/wiki/Tauromenion,
taxila,-338,-326,33.9,72.5,https://www.worldhistory.org/taxila/,,https://en.wikipedia.org/wiki/Taxila,
tegea,-300,-1,37.5,22.5,https://www.worldhistory.org/Tegea/,,https://en.wikipedia.org/wiki/Tegea,
teng,-770,-298,35.4,117.5,https://www.worldhistory.org/Teng/,,https://en.wikipedia.org/wiki/Teng,
terramare culture,-1550,-1250,45.7,9.0,https://www.worldhistory.org/Terramare_Culture/,,https://en.wikipedia.org/wiki/Terramare_Culture,
teutons,-2050,-1,56.0,11.7,,,https://en.wikipedia.org/wiki/Teutons,
thai peoples,-2400,-1,28.2,102.4,,,https://en.wikipedia.org/wiki/Thai_Peoples,
the netherlands,1990,,32.5,-33.5,https://www.worldhistory.org/The_Netherlands/,,https://en.wikipedia.org/wiki/The_Netherlands,
theban ally,-371,-338,38.0,22.4,,,https://en.wikipedia.org/wiki/Theban_Ally,
thebes,-386,-268,38.2,23.4,https://www.worldhistory.org/Thebes/,,https://en.wikipedia.org/wiki/Thebes,
thespiae,-386,-379,37.5,22.5,,,https://en.wikipedia.org/wiki/Thespiae,
thesprotia,-396,-350,37.5,22.5,,,https://en.wikipedia.org/wiki/Thesprotia,
thesprotians,-500,-431,37.5,22.5,,,https://en.wikipedia.org/wiki/Thesprotians,
thessaly,-650,-335,38.0,22.3,https://www.worldhistory.org/Thessaly/,,https://en.wikipedia.org/wiki/Thessaly,
thrace,-277,-1,42.5,26.0,https://www.worldhistory.org/Thrace/,,https://en.wikipedia.org/wiki/Thrace,
thracians,-1450,-1,43.6,25.4,,,https://en.wikipedia.org/wiki/Thracians,
thraco cimmerians,-2400,-1450,45.8,31.7,,,https://en.wikipedia.org/wiki/Thraco_Cimmerians,
thraikes,-500,-1,42.5,24.0,,,https://en.wikipedia.org/wiki/Thraikes,
three guards rebellion,-1042,-1040,35.1,116.4,,,https://en.wikipedia.org/wiki/Three_Guards_Rebellion,
three yi tribes,-770,-1,27.5,120.0,,,https://en.wikipedia.org/wiki/Three_Yi_Tribes,
thyni,-470,-400,42.5,27.0,,,https://en.wikipedia.org/wiki/Thyni,
tian clan,-500,-481,37.5,117.5,,,https://en.wikipedia.org/wiki/Tian_Clan,
tian qi,-481,-1,36.2,117.7,,,https://en.wikipedia.org/wiki/Tian_Qi,
tibur,-388,-341,42.5,15.0,https://www.worldhistory.org/Tibur/,,https://en.wikipedia.org/wiki/Tibur,
togo,1990,,10.0,0.0,,,https://en.wikipedia.org/wiki/Togo,
tong,-770,-616,32.5,117.5,https://www.worldhistory.org/Tong/,,https://en.wikipedia.org/wiki/Tong,
tonga,1990,,-20.0,5.0,,,https://en.wikipedia.org/wiki/Tonga,
triballi,-446,-1,42.5,25.3,https://www.worldhistory.org/Triballi/,,https://en.wikipedia.org/wiki/Triballi,
trigarta,-950,-323,32.5,75.3,,,https://en.wikipedia.org/wiki/Trigarta,
trinidad and tobago,1990,,12.5,-62.5,,,https://en.wikipedia.org/wiki/Trinidad_And_Tobago,
triphylia,-726,-1,37.5,22.5,,,https://en.wikipedia.org/wiki/Triphylia,
troezen,-494,-1,37.5,22.5,,,https://en.wikipedia.org/wiki/Troezen,
tuhe,-770,-308,42.5,119.0,,,https://en.wikipedia.org/wiki/Tuhe,
tummanna,-1536,-1326,40.3,32.8,,,https://en.wikipedia.org/wiki/Tummanna,
turkmenistan,1990,,40.0,59.0,,,https://en.wikipedia.org/wiki/Turkmenistan,
turks and caicos islands,1990,,22.5,-72.5,,,https://en.wikipedia.org/wiki/Turks_And_Caicos_Islands,
tuvalu,1990,,-7.5,177.5,,,https://en.wikipedia.org/wiki/Tuvalu,
tuwana,-827,-636,37.5,35.0,,,https://en.wikipedia.org/wiki/Tuwana,
tymphaea,-431,-368,40.1,21.7,,,https://en.wikipedia.org/wiki/Tymphaea,
tyranny of syracuse,-478,-278,37.4,14.1,,,https://en.wikipedia.org/wiki/Tyranny_Of_Syracuse,
uelikukhi,-880,-706,39.9,45.0,,,https://en.wikipedia.org/wiki/Uelikukhi,
uganda,1990,,0.0,32.5,,,https://en.wikipedia.org/wiki/Uganda,
ugrians,-750,-1,62.4,59.7,,,https://en.wikipedia.org/wiki/Ugrians,
umbri,-800,-438,42.5,15.0,,,https://en.wikipedia.org/wiki/Umbri,
umbria,-438,-290,42.5,14.0,https://www.worldhistory.org/Umbria/,,https://en.wikipedia.org/wiki/Umbria,
umbrii,-500,-438,42.5,15.0,,,https://en.wikipedia.org/wiki/Umbrii,
umma,-2395,-2310,32.5,47.5,https://www.worldhistory.org/Umma/,,https://en.wikipedia.org/wiki/Umma,
united arab emirates,1990,,25.0,55.0,https://www.worldhistory.org/United_Arab_Emirates/,,https://en.wikipedia.org/wiki/United_Arab_Emirates,
ur iii tributary,-2108,-2019,33.2,47.8,,,https://en.wikipedia.org/wiki/Ur_Iii_Tributary,
urartu,-935,-592,38.9,44.0,https://www.worldhistory.org/Urartu/,,https://en.wikipedia.org/wiki/Urartu,
urartu tributary,-802,-715,39.9,42.3,,,https://en.wikipedia.org/wiki/Urartu_Tributary,
uruguay,1990,,-35.0,-55.0,,,https://en.wikipedia.org/wiki/Uruguay,
usinara,-610,-354,29.4,77.5,,,https://en.wikipedia.org/wiki/Usinara,
utica,-950,-948,37.5,10.0,https://www.worldhistory.org/Utica/,,https://en.wikipedia.org/wiki/Utica,
utkala,-610,-346,21.2,87.5,,,https://en.wikipedia.org/wiki/Utkala,
vajjika league,-610,-468,27.5,85.4,,,https://en.wikipedia.org/wiki/Vajjika_League,
valdivia culture,-2400,-1700,-2.5,-82.5,,,https://en.wikipedia.org/wiki/Valdivia_Culture,
vanga,-675,-312,22.5,91.2,,,https://en.wikipedia.org/wiki/Vanga,
vanuatu,1990,,-17.5,170.0,,,https://en.wikipedia.org/wiki/Vanuatu,
vatsa,-875,-492,26.5,81.5,,,https://en.wikipedia.org/wiki/Vatsa,
vemaka,-450,-1,32.5,77.5,,,https://en.wikipedia.org/wiki/Vemaka,
veneti,-800,-1,47.5,12.0,https://www.worldhistory.org/Veneti/,,https://en.wikipedia.org/wiki/Veneti,
vestini,-438,-302,42.5,15.0,https://www.worldhistory.org/Vestini/,,https://en.wikipedia.org/wiki/Vestini,
vidarbha,-700,-302,21.0,78.9,,,https://en.wikipedia.org/wiki/Vidarbha,
videha,-800,-610,27.5,85.0,,,https://en.wikipedia.org/wiki/Videha,
vitihotras,-400,-350,22.5,73.5,,,https://en.wikipedia.org/wiki/Vitihotras,
volga battle axe culture,-2050,-1250,56.2,44.1,,,https://en.wikipedia.org/wiki/Volga_Battle_Axe_Culture,
volsci,-800,-341,42.5,15.0,https://www.worldhistory.org/Volsci/,,https://en.wikipedia.org/wiki/Volsci,
vriji,-700,-610,27.5,85.0,,,https://en.wikipedia.org/wiki/Vriji,
wahsusana,-1776,-1626,37.5,32.5,,,https://en.wikipedia.org/wiki/Wahsusana,
wei,-1750,-1,35.4,113.6,https://www.worldhistory.org/Wei/,,https://en.wikipedia.org/wiki/Wei,
wei clan,-500,-453,37.5,112.5,,,https://en.wikipedia.org/wiki/Wei_Clan,
wen,-1750,-1606,32.5,112.5,https://www.worldhistory.org/Wen/,,https://en.wikipedia.org/wiki/Wen,
west african peoples,-2400,-1,11.4,-1.2,,,https://en.wikipedia.org/wiki/West_African_Peoples,
western guo,-772,-656,34.3,112.5,,,https://en.wikipedia.org/wiki/Western_Guo,
western mediterraneans,-2400,-1,44.1,2.8,,,https://en.wikipedia.org/wiki/Western_Mediterraneans,
western odrysia,-360,-352,42.5,24.0,,,https://en.wikipedia.org/wiki/Western_Odrysia,
western rong,-771,-362,34.9,105.0,,,https://en.wikipedia.org/wiki/Western_Rong,
wey,-770,-1,36.4,114.9,,,https://en.wikipedia.org/wiki/Wey,
white di,-770,-408,37.5,110.0,,,https://en.wikipedia.org/wiki/White_Di,
wilusa,-1536,-1206,39.9,27.3,,,https://en.wikipedia.org/wiki/Wilusa,
wu,-1200,-470,32.0,119.2,https://www.worldhistory.org/Wu/,,https://en.wikipedia.org/wiki/Wu,
wucheng culture,-1450,-958,30.7,115.1,,,https://en.wikipedia.org/wiki/Wucheng_Culture,
wushi rong,-771,-314,37.5,107.5,,,https://en.wikipedia.org/wiki/Wushi_Rong,
wuzhong,-770,-456,38.9,116.2,,,https://en.wikipedia.org/wiki/Wuzhong,
xi,-770,-680,32.5,114.5,https://www.worldhistory.org/Xi/,,https://en.wikipedia.org/wiki/Xi,
xia dynasty,-2035,-1600,34.9,112.5,https://www.worldhistory.org/Xia_Dynasty/,,https://en.wikipedia.org/wiki/Xia_Dynasty,
xian,-770,-656,32.5,112.5,,,https://en.wikipedia.org/wiki/Xian,
xian peoples,-1424,-1414,32.5,107.5,,,https://en.wikipedia.org/wiki/Xian_Peoples,
xiang,-770,-722,37.5,117.5,,,https://en.wikipedia.org/wiki/Xiang,
xiang(2),-770,-644,32.5,117.5,,,https://en.wikipedia.org/wiki/Xiang(2),
xianyu,-770,-506,37.5,113.6,,,https://en.wikipedia.org/wiki/Xianyu,
xiao,-500,-496,32.5,117.5,,,https://en.wikipedia.org/wiki/Xiao,
xing,-770,-636,37.5,115.4,,,https://en.wikipedia.org/wiki/Xing,
xirong,-770,-690,32.5,112.5,,,https://en.wikipedia.org/wiki/Xirong,
xu,-946,-512,31.5,115.7,https://www.worldhistory.org/Xu/,,https://en.wikipedia.org/wiki/Xu,
xu(2),-770,-372,32.5,112.5,https://www.worldhistory.org/Xu(2)/,,https://en.wikipedia.org/wiki/Xu(2),
xue,-1750,-336,35.9,118.4,,,https://en.wikipedia.org/wiki/Xue,
xun,-770,-684,37.5,112.5,https://www.worldhistory.org/Xun/,,https://en.wikipedia.org/wiki/Xun,
xuqu,-770,-620,37.5,117.5,,,https://en.wikipedia.org/wiki/Xuqu,
yaminites,-1770,-1768,37.5,42.5,,,https://en.wikipedia.org/wiki/Yaminites,
yamkhad,-2004,-1544,37.0,39.0,,,https://en.wikipedia.org/wiki/Yamkhad,
yan,-770,-1,38.5,120.7,https://www.worldhistory.org/Yan/,,https://en.wikipedia.org/wiki/Yan,
yan(2),-770,-764,32.5,112.5,https://www.worldhistory.org/Yan(2)/,,https://en.wikipedia.org/wiki/Yan(2),
yan(3),-770,-680,32.5,120.0,https://www.worldhistory.org/Yan(3)/,,https://en.wikipedia.org/wiki/Yan(3),
yang,-770,-678,37.5,112.5,https://www.worldhistory.org/Yang/,,https://en.wikipedia.org/wiki/Yang,
yang(2),-770,-660,37.5,117.5,https://www.worldhistory.org/Yang(2)/,,https://en.wikipedia.org/wiki/Yang(2),
yangyue,-770,-500,27.5,115.0,,,https://en.wikipedia.org/wiki/Yangyue,
yaudheya,-550,-322,29.1,75.0,,,https://en.wikipedia.org/wiki/Yaudheya,
yi,-770,-660,37.5,122.5,https://www.worldhistory.org/Yi/,,https://en.wikipedia.org/wiki/Yi,
yi-luo rong,-770,-588,32.5,112.5,,,https://en.wikipedia.org/wiki/Yi-Luo_Rong,
yihu,-770,-492,32.5,117.5,,,https://en.wikipedia.org/wiki/Yihu,
ying,-770,-678,32.5,112.5,,,https://en.wikipedia.org/wiki/Ying,
yingshi,-770,-646,32.5,117.5,,,https://en.wikipedia.org/wiki/Yingshi,
yiqu,-771,-272,35.8,107.5,,,https://en.wikipedia.org/wiki/Yiqu,
yong,-770,-612,32.5,110.0,https://www.worldhistory.org/Yong/,,https://en.wikipedia.org/wiki/Yong,
yu,-770,-656,34.9,112.5,https://www.worldhistory.org/Yu/,,https://en.wikipedia.org/wiki/Yu,
yu(2),-770,-612,32.5,110.0,https://www.worldhistory.org/Yu(2)/,,https://en.wikipedia.org/wiki/Yu(2),
yu(3),-770,-524,37.5,117.5,https://www.worldhistory.org/Yu(3)/,,https://en.wikipedia.org/wiki/Yu(3),
yue,-770,-306,30.7,121.9,https://www.worldhistory.org/Yue/,,https://en.wikipedia.org/wiki/Yue,
yue peoples,-1200,-504,27.9,118.8,,,https://en.wikipedia.org/wiki/Yue_Peoples,
yueshi culture,-1900,-1500,36.8,119.6,,,https://en.wikipedia.org/wiki/Yueshi_Culture,
yuezhi,-1235,-1,42.5,82.9,https://www.worldhistory.org/Yuezhi/,,https://en.wikipedia.org/wiki/Yuezhi,
yugoslavia,1990,,45.0,21.0,https://www.worldhistory.org/Yugoslavia/,,https://en.wikipedia.org/wiki/Yugoslavia,
yun,-770,-700,32.5,112.5,,,https://en.wikipedia.org/wiki/Yun,
yuqui,-770,-692,32.5,117.5,,,https://en.wikipedia.org/wiki/Yuqui,
zabakhi,-880,-592,42.5,45.0,,,https://en.wikipedia.org/wiki/Zabakhi,
zahara,,,30.0,52.5,,,https://en.wikipedia.org/wiki/Zahara,
zaire,1990,,-2.5,22.5,,,https://en.wikipedia.org/wiki/Zaire,
zalmaqum,-1778,-1616,37.5,40.0,,,https://en.wikipedia.org/wiki/Zalmaqum,
zamua,-882,-880,37.5,44.2,,,https://en.wikipedia.org/wiki/Zamua,
zapotecs,-1400,-1,17.5,-97.5,,,https://en.wikipedia.org/wiki/Zapotecs,
zeng,-772,-678,32.5,112.5,https://www.worldhistory.org/Zeng/,,https://en.wikipedia.org/wiki/Zeng,
zeng(2),-770,-568,34.9,117.5,https://www.worldhistory.org/Zeng(2)/,,https://en.wikipedia.org/wiki/Zeng(2),
zhang,-770,-664,37.5,117.5,,,https://en.wikipedia.org/wiki/Zhang,
zhangzhung,-500,-1,33.2,81.7,,,https://en.wikipedia.org/wiki/Zhangzhung,
zhao,-453,-1,38.3,114.1,https://www.worldhistory.org/Zhao/,,https://en.wikipedia.org/wiki/Zhao,
zhao clan,-500,-453,37.5,112.5,,,https://en.wikipedia.org/wiki/Zhao_Clan,
zhen,-770,-700,32.5,112.5,https://www.worldhistory.org/Zhen/,,https://en.wikipedia.org/wiki/Zhen,
zheng,-770,-376,33.0,113.0,https://www.worldhistory.org/Zheng/,,https://en.wikipedia.org/wiki/Zheng,
zhi clan,-500,-454,37.5,112.5,,,https://en.wikipedia.org/wiki/Zhi_Clan,
zhonghang clan,-500,-491,37.5,113.5,,,https://en.wikipedia.org/wiki/Zhonghang_Clan,
zhongli,-770,-560,32.5,117.5,,,https://en.wikipedia.org/wiki/Zhongli,
zhongshan,-506,-296,37.5,113.5,,,https://en.wikipedia.org/wiki/Zhongshan,
zhongwu,-770,-512,32.5,117.5,,,https://en.wikipedia.org/wiki/Zhongwu,
zhou,-1126,-1046,34.7,110.0,https://www.worldhistory.org/Zhou/,,https://en.wikipedia.org/wiki/Zhou,
zhou dynasty,-1046,-1,34.2,113.2,https://www.worldhistory.org/Zhou_Dynasty/,,https://en.wikipedia.org/wiki/Zhou_Dynasty,
zhou(2),-770,-700,29.9,112.5,https://www.worldhistory.org/Zhou(2)/,,https://en.wikipedia.org/wiki/Zhou(2),
zhou(3),-770,-706,37.5,117.5,https://www.worldhistory.org/Zhou(3)/,,https://en.wikipedia.org/wiki/Zhou(3),
zhoulai,-770,-600,32.5,117.5,,,https://en.wikipedia.org/wiki/Zhoulai,
zhu,-770,-1,36.8,117.5,,,https://en.wikipedia.org/wiki/Zhu,
zhu(2),-770,-518,37.5,117.5,,,https://en.wikipedia.org/wiki/Zhu(2),
zhu(3),-770,-768,37.5,117.5,,,https://en.wikipedia.org/wiki/Zhu(3),
zhuan,-770,-586,32.5,117.5,,,https://en.wikipedia.org/wiki/Zhuan,
zhuanyu,-770,-484,37.5,117.5,,,https://en.wikipedia.org/wiki/Zhuanyu,
zippasla,-1416,-1396,37.0,31.1,,,https://en.wikipedia.org/wiki/Zippasla,
zong,-770,-616,32.5,117.5,,,https://en.wikipedia.org/wiki/Zong,
zuo,-770,-750,34.9,112.5,,,https://en.wikipedia.org/wiki/Zuo,
